  0
SECTION
  2
HEADER
  9
$ACADVER
  1
AC1032
  9
$ACADMAINTVER
 90
       55
  9
$DWGCODEPAGE
  3
ANSI_1252
  9
$LASTSAVEDBY
  1
desig_0aqrnus
  9
$REQUIREDVERSIONS
160
                 0
  9
$INSBASE
 10
0.0
 20
0.0
 30
0.0
  9
$EXTMIN
 10
-13.88125
 20
-6.12528
 30
0.0
  9
$EXTMAX
 10
-5.35405
 20
6.12371
 30
0.0
  9
$LIMMIN
 10
0.0
 20
0.0
  9
$LIMMAX
 10
12.0
 20
9.0
  9
$ORTHOMODE
 70
     0
  9
$REGENMODE
 70
     1
  9
$FILLMODE
 70
     1
  9
$QTEXTMODE
 70
     0
  9
$MIRRTEXT
 70
     1
  9
$LTSCALE
 40
1.0
  9
$ATTMODE
 70
     1
  9
$TEXTSIZE
 40
0.2
  9
$TRACEWID
 40
0.05
  9
$TEXTSTYLE
  7
Standard
  9
$CLAYER
  8
0
  9
$CELTYPE
  6
ByLayer
  9
$CECOLOR
 62
   256
  9
$CELTSCALE
 40
1.0
  9
$DISPSILH
 70
     0
  9
$DIMSCALE
 40
1.0
  9
$DIMASZ
 40
0.18
  9
$DIMEXO
 40
0.0625
  9
$DIMDLI
 40
0.38
  9
$DIMRND
 40
0.0
  9
$DIMDLE
 40
0.0
  9
$DIMEXE
 40
0.18
  9
$DIMTP
 40
0.0
  9
$DIMTM
 40
0.0
  9
$DIMTXT
 40
0.18
  9
$DIMCEN
 40
0.09
  9
$DIMTSZ
 40
0.0
  9
$DIMTOL
 70
     0
  9
$DIMLIM
 70
     0
  9
$DIMTIH
 70
     1
  9
$DIMTOH
 70
     1
  9
$DIMSE1
 70
     0
  9
$DIMSE2
 70
     0
  9
$DIMTAD
 70
     0
  9
$DIMZIN
 70
     0
  9
$DIMBLK
  1

  9
$DIMASO
 70
     1
  9
$DIMSHO
 70
     1
  9
$DIMPOST
  1

  9
$DIMAPOST
  1

  9
$DIMALT
 70
     0
  9
$DIMALTD
 70
     2
  9
$DIMALTF
 40
25.4
  9
$DIMLFAC
 40
1.0
  9
$DIMTOFL
 70
     0
  9
$DIMTVP
 40
0.0
  9
$DIMTIX
 70
     0
  9
$DIMSOXD
 70
     0
  9
$DIMSAH
 70
     0
  9
$DIMBLK1
  1

  9
$DIMBLK2
  1

  9
$DIMSTYLE
  2
Standard
  9
$DIMCLRD
 70
     0
  9
$DIMCLRE
 70
     0
  9
$DIMCLRT
 70
     0
  9
$DIMTFAC
 40
1.0
  9
$DIMGAP
 40
0.09
  9
$DIMJUST
 70
     0
  9
$DIMSD1
 70
     0
  9
$DIMSD2
 70
     0
  9
$DIMTOLJ
 70
     1
  9
$DIMTZIN
 70
     0
  9
$DIMALTZ
 70
     0
  9
$DIMALTTZ
 70
     0
  9
$DIMUPT
 70
     0
  9
$DIMDEC
 70
     4
  9
$DIMTDEC
 70
     4
  9
$DIMALTU
 70
     2
  9
$DIMALTTD
 70
     2
  9
$DIMTXSTY
  7
Standard
  9
$DIMAUNIT
 70
     0
  9
$DIMADEC
 70
     0
  9
$DIMALTRND
 40
0.0
  9
$DIMAZIN
 70
     0
  9
$DIMDSEP
 70
    46
  9
$DIMATFIT
 70
     3
  9
$DIMFRAC
 70
     0
  9
$DIMLDRBLK
  1

  9
$DIMLUNIT
 70
     2
  9
$DIMLWD
 70
    -2
  9
$DIMLWE
 70
    -2
  9
$DIMTMOVE
 70
     0
  9
$DIMFXL
 40
1.0
  9
$DIMFXLON
 70
     0
  9
$DIMJOGANG
 40
0.7853981633974483
  9
$DIMTFILL
 70
     0
  9
$DIMTFILLCLR
 70
     0
  9
$DIMARCSYM
 70
     0
  9
$DIMLTYPE
  6

  9
$DIMLTEX1
  6

  9
$DIMLTEX2
  6

  9
$DIMTXTDIRECTION
 70
     0
  9
$LUNITS
 70
     2
  9
$LUPREC
 70
     4
  9
$SKETCHINC
 40
0.1
  9
$FILLETRAD
 40
0.5
  9
$AUNITS
 70
     0
  9
$AUPREC
 70
     0
  9
$MENU
  1
.
  9
$ELEVATION
 40
0.0
  9
$PELEVATION
 40
0.0
  9
$THICKNESS
 40
0.0
  9
$LIMCHECK
 70
     0
  9
$CHAMFERA
 40
0.0
  9
$CHAMFERB
 40
0.0
  9
$CHAMFERC
 40
0.0
  9
$CHAMFERD
 40
0.0
  9
$SKPOLY
 70
     0
  9
$TDCREATE
 40
2460853.430489908
  9
$TDUCREATE
 40
2460853.555489908
  9
$TDUPDATE
 40
2461222.394106922
  9
$TDUUPDATE
 40
2461222.519106922
  9
$TDINDWG
 40
0.0000000116
  9
$TDUSRTIMER
 40
0.0000000116
  9
$USRTIMER
 70
     1
  9
$ANGBASE
 50
0.0
  9
$ANGDIR
 70
     0
  9
$PDMODE
 70
     0
  9
$PDSIZE
 40
0.0
  9
$PLINEWID
 40
0.0
  9
$SPLFRAME
 70
     0
  9
$SPLINETYPE
 70
     6
  9
$SPLINESEGS
 70
     8
  9
$HANDSEED
  5
2AC
  9
$SURFTAB1
 70
     6
  9
$SURFTAB2
 70
     6
  9
$SURFTYPE
 70
     6
  9
$SURFU
 70
     6
  9
$SURFV
 70
     6
  9
$UCSBASE
  2

  9
$UCSNAME
  2

  9
$UCSORG
 10
0.0
 20
0.0
 30
0.0
  9
$UCSXDIR
 10
1.0
 20
0.0
 30
0.0
  9
$UCSYDIR
 10
0.0
 20
1.0
 30
0.0
  9
$UCSORTHOREF
  2

  9
$UCSORTHOVIEW
 70
     0
  9
$UCSORGTOP
 10
0.0
 20
0.0
 30
0.0
  9
$UCSORGBOTTOM
 10
0.0
 20
0.0
 30
0.0
  9
$UCSORGLEFT
 10
0.0
 20
0.0
 30
0.0
  9
$UCSORGRIGHT
 10
0.0
 20
0.0
 30
0.0
  9
$UCSORGFRONT
 10
0.0
 20
0.0
 30
0.0
  9
$UCSORGBACK
 10
0.0
 20
0.0
 30
0.0
  9
$PUCSBASE
  2

  9
$PUCSNAME
  2

  9
$PUCSORG
 10
0.0
 20
0.0
 30
0.0
  9
$PUCSXDIR
 10
1.0
 20
0.0
 30
0.0
  9
$PUCSYDIR
 10
0.0
 20
1.0
 30
0.0
  9
$PUCSORTHOREF
  2

  9
$PUCSORTHOVIEW
 70
     0
  9
$PUCSORGTOP
 10
0.0
 20
0.0
 30
0.0
  9
$PUCSORGBOTTOM
 10
0.0
 20
0.0
 30
0.0
  9
$PUCSORGLEFT
 10
0.0
 20
0.0
 30
0.0
  9
$PUCSORGRIGHT
 10
0.0
 20
0.0
 30
0.0
  9
$PUCSORGFRONT
 10
0.0
 20
0.0
 30
0.0
  9
$PUCSORGBACK
 10
0.0
 20
0.0
 30
0.0
  9
$USERI1
 70
     0
  9
$USERI2
 70
     0
  9
$USERI3
 70
     0
  9
$USERI4
 70
     0
  9
$USERI5
 70
     0
  9
$USERR1
 40
0.0
  9
$USERR2
 40
0.0
  9
$USERR3
 40
0.0
  9
$USERR4
 40
0.0
  9
$USERR5
 40
0.0
  9
$WORLDVIEW
 70
     1
  9
$SHADEDGE
 70
     3
  9
$SHADEDIF
 70
    70
  9
$TILEMODE
 70
     1
  9
$MAXACTVP
 70
    64
  9
$PINSBASE
 10
0.0
 20
0.0
 30
0.0
  9
$PLIMCHECK
 70
     0
  9
$PEXTMIN
 10
1.000000000000000E+20
 20
1.000000000000000E+20
 30
1.000000000000000E+20
  9
$PEXTMAX
 10
-1.000000000000000E+20
 20
-1.000000000000000E+20
 30
-1.000000000000000E+20
  9
$PLIMMIN
 10
0.0
 20
0.0
  9
$PLIMMAX
 10
12.0
 20
9.0
  9
$UNITMODE
 70
     0
  9
$VISRETAIN
 70
     1
  9
$PLINEGEN
 70
     0
  9
$PSLTSCALE
 70
     1
  9
$TREEDEPTH
 70
  3020
  9
$CMLSTYLE
  2
Standard
  9
$CMLJUST
 70
     0
  9
$CMLSCALE
 40
1.0
  9
$PROXYGRAPHICS
 70
     1
  9
$MEASUREMENT
 70
     0
  9
$CELWEIGHT
370
    -1
  9
$ENDCAPS
280
     0
  9
$JOINSTYLE
280
     0
  9
$LWDISPLAY
290
     0
  9
$INSUNITS
 70
     5
  9
$HYPERLINKBASE
  1

  9
$STYLESHEET
  1

  9
$XEDIT
290
     1
  9
$CEPSNTYPE
380
     0
  9
$PSTYLEMODE
290
     1
  9
$FINGERPRINTGUID
  2
{4fb8719e-3d4a-4df6-bb13-656b50d5f9d9}
  9
$VERSIONGUID
  2
{FAEB1C32-E019-11D5-929B-00C0DF256EC4}
  9
$EXTNAMES
290
     1
  9
$PSVPSCALE
 40
0.0
  9
$OLESTARTUP
290
     0
  9
$SORTENTS
280
   127
  9
$INDEXCTL
280
     0
  9
$HIDETEXT
280
     1
  9
$XCLIPFRAME
280
     2
  9
$HALOGAP
280
     0
  9
$OBSCOLOR
 70
   257
  9
$OBSLTYPE
280
     0
  9
$INTERSECTIONDISPLAY
280
     0
  9
$INTERSECTIONCOLOR
 70
   257
  9
$DIMASSOC
280
     2
  9
$PROJECTNAME
  1

  9
$CAMERADISPLAY
290
     0
  9
$LENSLENGTH
 40
50.0
  9
$CAMERAHEIGHT
 40
0.0
  9
$STEPSPERSEC
 40
2.0
  9
$STEPSIZE
 40
6.0
  9
$3DDWFPREC
 40
2.0
  9
$PSOLWIDTH
 40
0.25
  9
$PSOLHEIGHT
 40
4.0
  9
$LOFTANG1
 40
1.570796326794897
  9
$LOFTANG2
 40
1.570796326794897
  9
$LOFTMAG1
 40
0.0
  9
$LOFTMAG2
 40
0.0
  9
$LOFTPARAM
 70
     7
  9
$LOFTNORMALS
280
     1
  9
$LATITUDE
 40
37.795
  9
$LONGITUDE
 40
-122.394
  9
$NORTHDIRECTION
 40
0.0
  9
$TIMEZONE
 70
 -8000
  9
$LIGHTGLYPHDISPLAY
280
     1
  9
$TILEMODELIGHTSYNCH
280
     1
  9
$CMATERIAL
347
44
  9
$SOLIDHIST
280
     0
  9
$SHOWHIST
280
     1
  9
$DWFFRAME
280
     2
  9
$DGNFRAME
280
     2
  9
$REALWORLDSCALE
290
     1
  9
$INTERFERECOLOR
 62
   256
  9
$CSHADOW
280
     0
  9
$SHADOWPLANELOCATION
 40
0.0
  0
ENDSEC
  0
SECTION
  2
CLASSES
  0
CLASS
  1
ACDBDICTIONARYWDFLT
  2
AcDbDictionaryWithDefault
  3
ObjectDBX Classes
 90
        0
 91
        3
280
     0
281
     0
  0
CLASS
  1
VISUALSTYLE
  2
AcDbVisualStyle
  3
ObjectDBX Classes
 90
     4095
 91
        3
280
     0
281
     0
  0
CLASS
  1
MATERIAL
  2
AcDbMaterial
  3
ObjectDBX Classes
 90
     1153
 91
        3
280
     0
281
     0
  0
CLASS
  1
SCALE
  2
AcDbScale
  3
ObjectDBX Classes
 90
     1153
 91
        3
280
     0
281
     0
  0
CLASS
  1
TABLESTYLE
  2
AcDbTableStyle
  3
ObjectDBX Classes
 90
     4095
 91
        3
280
     0
281
     0
  0
CLASS
  1
MLEADERSTYLE
  2
AcDbMLeaderStyle
  3
ACDB_MLEADERSTYLE_CLASS
 90
     4095
 91
        3
280
     0
281
     0
  0
CLASS
  1
SUN
  2
AcDbSun
  3
SCENEOE
 90
     1153
 91
        3
280
     0
281
     0
  0
CLASS
  1
DICTIONARYVAR
  2
AcDbDictionaryVar
  3
ObjectDBX Classes
 90
        0
 91
        3
280
     0
281
     0
  0
CLASS
  1
CELLSTYLEMAP
  2
AcDbCellStyleMap
  3
ObjectDBX Classes
 90
     1152
 91
        3
280
     0
281
     0
  0
CLASS
  1
ACDBDETAILVIEWSTYLE
  2
AcDbDetailViewStyle
  3
ObjectDBX Classes
 90
     1025
 91
        3
280
     0
281
     0
  0
CLASS
  1
ACDBSECTIONVIEWSTYLE
  2
AcDbSectionViewStyle
  3
ObjectDBX Classes
 90
     1025
 91
        3
280
     0
281
     0
  0
ENDSEC
  0
SECTION
  2
TABLES
  0
TABLE
  2
VPORT
  5
8
330
0
100
AcDbSymbolTable
 70
     1
  0
VPORT
  5
29
330
8
100
AcDbSymbolTableRecord
100
AcDbViewportTableRecord
  2
*Active
 70
     0
 10
0.0
 20
0.0
 11
1.0
 21
1.0
 12
10.42990654205607
 22
4.5
 13
0.0
 23
0.0
 14
0.5
 24
0.5
 15
0.5
 25
0.5
 16
0.0
 26
0.0
 36
1.0
 17
0.0
 27
0.0
 37
0.0
 40
9.0
 41
1.972972972850329
 42
50.0
 43
0.0
 44
0.0
 50
0.0
 51
0.0
 71
     0
 72
   100
 73
     1
 74
     3
 75
     0
 76
     0
 77
     0
 78
     0
281
     0
 65
     1
110
0.0
120
0.0
130
0.0
111
1.0
121
0.0
131
0.0
112
0.0
122
1.0
132
0.0
 79
     0
146
0.0
348
2F
 60
     3
 61
     5
292
     1
282
     1
141
0.0
142
0.0
 63
   250
361
6D
  0
ENDTAB
  0
TABLE
  2
LTYPE
  5
5
330
0
100
AcDbSymbolTable
 70
     1
  0
LTYPE
  5
14
330
5
100
AcDbSymbolTableRecord
100
AcDbLinetypeTableRecord
  2
ByBlock
 70
     0
  3

 72
    65
 73
     0
 40
0.0
  0
LTYPE
  5
15
330
5
100
AcDbSymbolTableRecord
100
AcDbLinetypeTableRecord
  2
ByLayer
 70
     0
  3

 72
    65
 73
     0
 40
0.0
  0
LTYPE
  5
16
330
5
100
AcDbSymbolTableRecord
100
AcDbLinetypeTableRecord
  2
Continuous
 70
     0
  3
Solid line
 72
    65
 73
     0
 40
0.0
  0
ENDTAB
  0
TABLE
  2
LAYER
  5
2
330
0
100
AcDbSymbolTable
 70
     2
  0
LAYER
  5
10
330
2
100
AcDbSymbolTableRecord
100
AcDbLayerTableRecord
  2
0
 70
     0
 62
     7
  6
Continuous
370
    -3
390
F
347
46
348
0
  0
LAYER
  5
6F
330
2
100
AcDbSymbolTableRecord
100
AcDbLayerTableRecord
  2
Camada 1
 70
     0
 62
     7
  6
Continuous
370
    -3
390
F
347
46
348
0
  0
ENDTAB
  0
TABLE
  2
STYLE
  5
3
330
0
100
AcDbSymbolTable
 70
     1
  0
STYLE
  5
11
330
3
100
AcDbSymbolTableRecord
100
AcDbTextStyleTableRecord
  2
Standard
 70
     0
 40
0.0
 41
1.0
 50
0.0
 71
     0
 42
0.2
  3
txt
  4

  0
ENDTAB
  0
TABLE
  2
VIEW
  5
6
330
0
100
AcDbSymbolTable
 70
     0
  0
ENDTAB
  0
TABLE
  2
UCS
  5
7
330
0
100
AcDbSymbolTable
 70
     0
  0
ENDTAB
  0
TABLE
  2
APPID
  5
9
330
0
100
AcDbSymbolTable
 70
     3
  0
APPID
  5
12
330
9
100
AcDbSymbolTableRecord
100
AcDbRegAppTableRecord
  2
ACAD
 70
     0
  0
APPID
  5
6E
330
9
100
AcDbSymbolTableRecord
100
AcDbRegAppTableRecord
  2
ODA
 70
     0
  0
APPID
  5
29D
330
9
100
AcDbSymbolTableRecord
100
AcDbRegAppTableRecord
  2
ACAD_MLEADERVER
 70
     0
  0
ENDTAB
  0
TABLE
  2
DIMSTYLE
  5
A
330
0
100
AcDbSymbolTable
 70
     1
100
AcDbDimStyleTable
  0
DIMSTYLE
105
27
330
A
100
AcDbSymbolTableRecord
100
AcDbDimStyleTableRecord
  2
Standard
 70
     0
178
     0
340
11
  0
ENDTAB
  0
TABLE
  2
BLOCK_RECORD
  5
1
330
0
100
AcDbSymbolTable
 70
     1
  0
BLOCK_RECORD
  5
1F
330
1
100
AcDbSymbolTableRecord
100
AcDbBlockTableRecord
  2
*Model_Space
340
22
 70
     0
280
     1
281
     0
  0
BLOCK_RECORD
  5
1B
330
1
100
AcDbSymbolTableRecord
100
AcDbBlockTableRecord
  2
*Paper_Space
340
1E
 70
     0
280
     1
281
     0
  0
BLOCK_RECORD
  5
23
330
1
100
AcDbSymbolTableRecord
100
AcDbBlockTableRecord
  2
*Paper_Space0
340
26
 70
     0
280
     1
281
     0
  0
ENDTAB
  0
ENDSEC
  0
SECTION
  2
BLOCKS
  0
BLOCK
  5
20
330
1F
100
AcDbEntity
  8
0
100
AcDbBlockBegin
  2
*Model_Space
 70
     0
 10
0.0
 20
0.0
 30
0.0
  3
*Model_Space
  1

  0
ENDBLK
  5
21
330
1F
100
AcDbEntity
  8
0
100
AcDbBlockEnd
  0
BLOCK
  5
1C
330
1B
100
AcDbEntity
 67
     1
  8
0
100
AcDbBlockBegin
  2
*Paper_Space
 70
     0
 10
0.0
 20
0.0
 30
0.0
  3
*Paper_Space
  1

  0
ENDBLK
  5
1D
330
1B
100
AcDbEntity
 67
     1
  8
0
100
AcDbBlockEnd
  0
BLOCK
  5
24
330
23
100
AcDbEntity
  8
0
100
AcDbBlockBegin
  2
*Paper_Space0
 70
     0
 10
0.0
 20
0.0
 30
0.0
  3
*Paper_Space0
  1

  0
ENDBLK
  5
25
330
23
100
AcDbEntity
  8
0
100
AcDbBlockEnd
  0
ENDSEC
  0
SECTION
  2
ENTITIES
  0
SPLINE
  5
70
330
1F
100
AcDbEntity
  8
Camada 1
 62
   251
370
     9
100
AcDbSpline
210
0.0
220
0.0
230
1.0
 70
    24
 71
     3
 72
     8
 73
     4
 74
     0
 42
0.0000000001
 43
0.0000000001
 40
0.0
 40
0.0
 40
0.0
 40
0.0
 40
1.0
 40
1.0
 40
1.0
 40
1.0
 10
-6.2398
 20
-5.46532
 30
0.0
 10
-6.2398
 20
-5.46532
 30
0.0
 10
-6.24333
 20
-5.46532
 30
0.0
 10
-6.24333
 20
-5.46532
 30
0.0
  0
SPLINE
  5
71
330
1F
100
AcDbEntity
  8
Camada 1
 62
   251
370
     9
100
AcDbSpline
210
0.0
220
0.0
230
1.0
 70
     8
 71
     3
 72
    20
 73
    16
 74
     0
 42
0.0000000001
 43
0.0000000001
 40
0.0
 40
0.0
 40
0.0
 40
0.0
 40
0.2
 40
0.2
 40
0.2
 40
0.4
 40
0.4
 40
0.4
 40
0.6000000000000001
 40
0.6000000000000001
 40
0.6000000000000001
 40
0.8
 40
0.8
 40
0.8
 40
1.0
 40
1.0
 40
1.0
 40
1.0
 10
-6.28919
 20
-5.51471
 30
0.0
 10
-6.28919
 20
-5.51471
 30
0.0
 10
-6.27155
 20
-5.51118
 30
0.0
 10
-6.27155
 20
-5.51118
 30
0.0
 10
-6.27155
 20
-5.51118
 30
0.0
 10
-6.25744
 20
-5.50412
 30
0.0
 10
-6.25744
 20
-5.50412
 30
0.0
 10
-6.25744
 20
-5.50412
 30
0.0
 10
-6.24686
 20
-5.49001
 30
0.0
 10
-6.24686
 20
-5.49001
 30
0.0
 10
-6.24686
 20
-5.49001
 30
0.0
 10
-6.2398
 20
-5.4759
 30
0.0
 10
-6.2398
 20
-5.4759
 30
0.0
 10
-6.2398
 20
-5.4759
 30
0.0
 10
-6.2398
 20
-5.46532
 30
0.0
 10
-6.2398
 20
-5.46532
 30
0.0
  0
SPLINE
  5
72
330
1F
100
AcDbEntity
  8
Camada 1
 62
   251
370
     9
100
AcDbSpline
210
0.0
220
0.0
230
1.0
 70
    24
 71
     3
 72
     8
 73
     4
 74
     0
 42
0.0000000001
 43
0.0000000001
 40
0.0
 40
0.0
 40
0.0
 40
0.0
 40
1.0
 40
1.0
 40
1.0
 40
1.0
 10
-6.28919
 20
-5.51471
 30
0.0
 10
-6.28919
 20
-5.51471
 30
0.0
 10
-6.28919
 20
-5.51118
 30
0.0
 10
-6.28919
 20
-5.51118
 30
0.0
  0
SPLINE
  5
73
330
1F
100
AcDbEntity
  8
Camada 1
 62
   251
370
     9
100
AcDbSpline
210
0.0
220
0.0
230
1.0
 70
     8
 71
     3
 72
    20
 73
    16
 74
     0
 42
0.0000000001
 43
0.0000000001
 40
0.0
 40
0.0
 40
0.0
 40
0.0
 40
0.2
 40
0.2
 40
0.2
 40
0.4
 40
0.4
 40
0.4
 40
0.6000000000000001
 40
0.6000000000000001
 40
0.6000000000000001
 40
0.8
 40
0.8
 40
0.8
 40
1.0
 40
1.0
 40
1.0
 40
1.0
 10
-6.28919
 20
-5.51118
 30
0.0
 10
-6.28919
 20
-5.51118
 30
0.0
 10
-6.27508
 20
-5.50765
 30
0.0
 10
-6.27508
 20
-5.50765
 30
0.0
 10
-6.27508
 20
-5.50765
 30
0.0
 10
-6.26097
 20
-5.50059
 30
0.0
 10
-6.26097
 20
-5.50059
 30
0.0
 10
-6.26097
 20
-5.50059
 30
0.0
 10
-6.25038
 20
-5.49001
 30
0.0
 10
-6.25038
 20
-5.49001
 30
0.0
 10
-6.25038
 20
-5.49001
 30
0.0
 10
-6.24333
 20
-5.4759
 30
0.0
 10
-6.24333
 20
-5.4759
 30
0.0
 10
-6.24333
 20
-5.4759
 30
0.0
 10
-6.24333
 20
-5.46532
 30
0.0
 10
-6.24333
 20
-5.46532
 30
0.0
  0
SPLINE
  5
74
330
1F
100
AcDbEntity
  8
Camada 1
 62
   251
370
     9
100
AcDbSpline
210
0.0
220
0.0
230
1.0
 70
    24
 71
     3
 72
     8
 73
     4
 74
     0
 42
0.0000000001
 43
0.0000000001
 40
0.0
 40
0.0
 40
0.0
 40
0.0
 40
1.0
 40
1.0
 40
1.0
 40
1.0
 10
-6.2398
 20
-5.3489
 30
0.0
 10
-6.2398
 20
-5.3489
 30
0.0
 10
-6.24333
 20
-5.3489
 30
0.0
 10
-6.24333
 20
-5.3489
 30
0.0
  0
SPLINE
  5
75
330
1F
100
AcDbEntity
  8
Camada 1
 62
   251
370
     9
100
AcDbSpline
210
0.0
220
0.0
230
1.0
 70
    24
 71
     3
 72
     8
 73
     4
 74
     0
 42
0.0000000001
 43
0.0000000001
 40
0.0
 40
0.0
 40
0.0
 40
0.0
 40
1.0
 40
1.0
 40
1.0
 40
1.0
 10
-6.2398
 20
-5.46532
 30
0.0
 10
-6.2398
 20
-5.46532
 30
0.0
 10
-6.2398
 20
-5.3489
 30
0.0
 10
-6.2398
 20
-5.3489
 30
0.0
  0
SPLINE
  5
76
330
1F
100
AcDbEntity
  8
Camada 1
 62
   251
370
     9
100
AcDbSpline
210
0.0
220
0.0
230
1.0
 70
    24
 71
     3
 72
     8
 73
     4
 74
     0
 42
0.0000000001
 43
0.0000000001
 40
0.0
 40
0.0
 40
0.0
 40
0.0
 40
1.0
 40
1.0
 40
1.0
 40
1.0
 10
-6.24333
 20
-5.46532
 30
0.0
 10
-6.24333
 20
-5.46532
 30
0.0
 10
-6.24333
 20
-5.3489
 30
0.0
 10
-6.24333
 20
-5.3489
 30
0.0
  0
SPLINE
  5
77
330
1F
100
AcDbEntity
  8
Camada 1
 62
   251
370
     9
100
AcDbSpline
210
0.0
220
0.0
230
1.0
 70
     8
 71
     3
 72
    20
 73
    16
 74
     0
 42
0.0000000001
 43
0.0000000001
 40
0.0
 40
0.0
 40
0.0
 40
0.0
 40
0.2
 40
0.2
 40
0.2
 40
0.4
 40
0.4
 40
0.4
 40
0.6000000000000001
 40
0.6000000000000001
 40
0.6000000000000001
 40
0.8
 40
0.8
 40
0.8
 40
1.0
 40
1.0
 40
1.0
 40
1.0
 10
-6.33858
 20
-5.46532
 30
0.0
 10
-6.33858
 20
-5.46532
 30
0.0
 10
-6.33505
 20
-5.47943
 30
0.0
 10
-6.33505
 20
-5.47943
 30
0.0
 10
-6.33505
 20
-5.47943
 30
0.0
 10
-6.32799
 20
-5.49354
 30
0.0
 10
-6.32799
 20
-5.49354
 30
0.0
 10
-6.32799
 20
-5.49354
 30
0.0
 10
-6.31388
 20
-5.50412
 30
0.0
 10
-6.31388
 20
-5.50412
 30
0.0
 10
-6.31388
 20
-5.50412
 30
0.0
 10
-6.29977
 20
-5.51118
 30
0.0
 10
-6.29977
 20
-5.51118
 30
0.0
 10
-6.29977
 20
-5.51118
 30
0.0
 10
-6.28919
 20
-5.51471
 30
0.0
 10
-6.28919
 20
-5.51471
 30
0.0
  0
SPLINE
  5
78
330
1F
100
AcDbEntity
  8
Camada 1
 62
   251
370
     9
100
AcDbSpline
210
0.0
220
0.0
230
1.0
 70
     8
 71
     3
 72
    20
 73
    16
 74
     0
 42
0.0000000001
 43
0.0000000001
 40
0.0
 40
0.0
 40
0.0
 40
0.0
 40
0.2
 40
0.2
 40
0.2
 40
0.4
 40
0.4
 40
0.4
 40
0.6000000000000001
 40
0.6000000000000001
 40
0.6000000000000001
 40
0.8
 40
0.8
 40
0.8
 40
1.0
 40
1.0
 40
1.0
 40
1.0
 10
-6.2398
 20
-5.3489
 30
0.0
 10
-6.2398
 20
-5.3489
 30
0.0
 10
-6.24333
 20
-5.33479
 30
0.0
 10
-6.24333
 20
-5.33479
 30
0.0
 10
-6.24333
 20
-5.33479
 30
0.0
 10
-6.25038
 20
-5.32068
 30
0.0
 10
-6.25038
 20
-5.32068
 30
0.0
 10
-6.25038
 20
-5.32068
 30
0.0
 10
-6.26449
 20
-5.31009
 30
0.0
 10
-6.26449
 20
-5.31009
 30
0.0
 10
-6.26449
 20
-5.31009
 30
0.0
 10
-6.27861
 20
-5.30304
 30
0.0
 10
-6.27861
 20
-5.30304
 30
0.0
 10
-6.27861
 20
-5.30304
 30
0.0
 10
-6.28919
 20
-5.30304
 30
0.0
 10
-6.28919
 20
-5.30304
 30
0.0
  0
SPLINE
  5
79
330
1F
100
AcDbEntity
  8
Camada 1
 62
   251
370
     9
100
AcDbSpline
210
0.0
220
0.0
230
1.0
 70
     8
 71
     3
 72
    20
 73
    16
 74
     0
 42
0.0000000001
 43
0.0000000001
 40
0.0
 40
0.0
 40
0.0
 40
0.0
 40
0.2
 40
0.2
 40
0.2
 40
0.4
 40
0.4
 40
0.4
 40
0.6000000000000001
 40
0.6000000000000001
 40
0.6000000000000001
 40
0.8
 40
0.8
 40
0.8
 40
1.0
 40
1.0
 40
1.0
 40
1.0
 10
-6.28919
 20
-5.30304
 30
0.0
 10
-6.28919
 20
-5.30304
 30
0.0
 10
-6.30683
 20
-5.30304
 30
0.0
 10
-6.30683
 20
-5.30304
 30
0.0
 10
-6.30683
 20
-5.30304
 30
0.0
 10
-6.32094
 20
-5.31362
 30
0.0
 10
-6.32094
 20
-5.31362
 30
0.0
 10
-6.32094
 20
-5.31362
 30
0.0
 10
-6.33152
 20
-5.32421
 30
0.0
 10
-6.33152
 20
-5.32421
 30
0.0
 10
-6.33152
 20
-5.32421
 30
0.0
 10
-6.33858
 20
-5.34184
 30
0.0
 10
-6.33858
 20
-5.34184
 30
0.0
 10
-6.33858
 20
-5.34184
 30
0.0
 10
-6.33858
 20
-5.35243
 30
0.0
 10
-6.33858
 20
-5.35243
 30
0.0
  0
SPLINE
  5
7A
330
1F
100
AcDbEntity
  8
Camada 1
 62
   251
370
     9
100
AcDbSpline
210
0.0
220
0.0
230
1.0
 70
    24
 71
     3
 72
     8
 73
     4
 74
     0
 42
0.0000000001
 43
0.0000000001
 40
0.0
 40
0.0
 40
0.0
 40
0.0
 40
1.0
 40
1.0
 40
1.0
 40
1.0
 10
-6.33858
 20
-5.35243
 30
0.0
 10
-6.33858
 20
-5.35243
 30
0.0
 10
-6.33858
 20
-5.46532
 30
0.0
 10
-6.33858
 20
-5.46532
 30
0.0
  0
SPLINE
  5
7B
330
1F
100
AcDbEntity
  8
Camada 1
 62
   251
370
     9
100
AcDbSpline
210
0.0
220
0.0
230
1.0
 70
    24
 71
     3
 72
     8
 73
     4
 74
     0
 42
0.0000000001
 43
0.0000000001
 40
0.0
 40
0.0
 40
0.0
 40
0.0
 40
1.0
 40
1.0
 40
1.0
 40
1.0
 10
-6.27508
 20
-5.28893
 30
0.0
 10
-6.27508
 20
-5.28893
 30
0.0
 10
-6.3033
 20
-5.28893
 30
0.0
 10
-6.3033
 20
-5.28893
 30
0.0
  0
SPLINE
  5
7C
330
1F
100
AcDbEntity
  8
Camada 1
 62
   251
370
     9
100
AcDbSpline
210
0.0
220
0.0
230
1.0
 70
     8
 71
     3
 72
    20
 73
    16
 74
     0
 42
0.0000000001
 43
0.0000000001
 40
0.0
 40
0.0
 40
0.0
 40
0.0
 40
0.2
 40
0.2
 40
0.2
 40
0.4
 40
0.4
 40
0.4
 40
0.6000000000000001
 40
0.6000000000000001
 40
0.6000000000000001
 40
0.8
 40
0.8
 40
0.8
 40
1.0
 40
1.0
 40
1.0
 40
1.0
 10
-6.20099
 20
-5.35596
 30
0.0
 10
-6.20099
 20
-5.35596
 30
0.0
 10
-6.20452
 20
-5.33126
 30
0.0
 10
-6.20452
 20
-5.33126
 30
0.0
 10
-6.20452
 20
-5.33126
 30
0.0
 10
-6.21511
 20
-5.31362
 30
0.0
 10
-6.21511
 20
-5.31362
 30
0.0
 10
-6.21511
 20
-5.31362
 30
0.0
 10
-6.23274
 20
-5.29951
 30
0.0
 10
-6.23274
 20
-5.29951
 30
0.0
 10
-6.23274
 20
-5.29951
 30
0.0
 10
-6.25391
 20
-5.29246
 30
0.0
 10
-6.25391
 20
-5.29246
 30
0.0
 10
-6.25391
 20
-5.29246
 30
0.0
 10
-6.27508
 20
-5.28893
 30
0.0
 10
-6.27508
 20
-5.28893
 30
0.0
  0
SPLINE
  5
7D
330
1F
100
AcDbEntity
  8
Camada 1
 62
   251
370
     9
100
AcDbSpline
210
0.0
220
0.0
230
1.0
 70
    24
 71
     3
 72
     8
 73
     4
 74
     0
 42
0.0000000001
 43
0.0000000001
 40
0.0
 40
0.0
 40
0.0
 40
0.0
 40
1.0
 40
1.0
 40
1.0
 40
1.0
 10
-6.20099
 20
-5.45826
 30
0.0
 10
-6.20099
 20
-5.45826
 30
0.0
 10
-6.20099
 20
-5.35596
 30
0.0
 10
-6.20099
 20
-5.35596
 30
0.0
  0
SPLINE
  5
7E
330
1F
100
AcDbEntity
  8
Camada 1
 62
   251
370
     9
100
AcDbSpline
210
0.0
220
0.0
230
1.0
 70
     8
 71
     3
 72
    20
 73
    16
 74
     0
 42
0.0000000001
 43
0.0000000001
 40
0.0
 40
0.0
 40
0.0
 40
0.0
 40
0.2
 40
0.2
 40
0.2
 40
0.4
 40
0.4
 40
0.4
 40
0.6000000000000001
 40
0.6000000000000001
 40
0.6000000000000001
 40
0.8
 40
0.8
 40
0.8
 40
1.0
 40
1.0
 40
1.0
 40
1.0
 10
-6.27508
 20
-5.52529
 30
0.0
 10
-6.27508
 20
-5.52529
 30
0.0
 10
-6.25038
 20
-5.52176
 30
0.0
 10
-6.25038
 20
-5.52176
 30
0.0
 10
-6.25038
 20
-5.52176
 30
0.0
 10
-6.22922
 20
-5.51471
 30
0.0
 10
-6.22922
 20
-5.51471
 30
0.0
 10
-6.22922
 20
-5.51471
 30
0.0
 10
-6.21511
 20
-5.49707
 30
0.0
 10
-6.21511
 20
-5.49707
 30
0.0
 10
-6.21511
 20
-5.49707
 30
0.0
 10
-6.20452
 20
-5.4759
 30
0.0
 10
-6.20452
 20
-5.4759
 30
0.0
 10
-6.20452
 20
-5.4759
 30
0.0
 10
-6.20099
 20
-5.45826
 30
0.0
 10
-6.20099
 20
-5.45826
 30
0.0
  0
SPLINE
  5
7F
330
1F
100
AcDbEntity
  8
Camada 1
 62
   251
370
     9
100
AcDbSpline
210
0.0
220
0.0
230
1.0
 70
    24
 71
     3
 72
     8
 73
     4
 74
     0
 42
0.0000000001
 43
0.0000000001
 40
0.0
 40
0.0
 40
0.0
 40
0.0
 40
1.0
 40
1.0
 40
1.0
 40
1.0
 10
-6.3033
 20
-5.52529
 30
0.0
 10
-6.3033
 20
-5.52529
 30
0.0
 10
-6.27508
 20
-5.52529
 30
0.0
 10
-6.27508
 20
-5.52529
 30
0.0
  0
SPLINE
  5
80
330
1F
100
AcDbEntity
  8
Camada 1
 62
   251
370
     9
100
AcDbSpline
210
0.0
220
0.0
230
1.0
 70
     8
 71
     3
 72
    20
 73
    16
 74
     0
 42
0.0000000001
 43
0.0000000001
 40
0.0
 40
0.0
 40
0.0
 40
0.0
 40
0.2
 40
0.2
 40
0.2
 40
0.4
 40
0.4
 40
0.4
 40
0.6000000000000001
 40
0.6000000000000001
 40
0.6000000000000001
 40
0.8
 40
0.8
 40
0.8
 40
1.0
 40
1.0
 40
1.0
 40
1.0
 10
-6.37738
 20
-5.45826
 30
0.0
 10
-6.37738
 20
-5.45826
 30
0.0
 10
-6.37386
 20
-5.48296
 30
0.0
 10
-6.37386
 20
-5.48296
 30
0.0
 10
-6.37386
 20
-5.48296
 30
0.0
 10
-6.35974
 20
-5.50059
 30
0.0
 10
-6.35974
 20
-5.50059
 30
0.0
 10
-6.35974
 20
-5.50059
 30
0.0
 10
-6.34563
 20
-5.51471
 30
0.0
 10
-6.34563
 20
-5.51471
 30
0.0
 10
-6.34563
 20
-5.51471
 30
0.0
 10
-6.31741
 20
-5.52529
 30
0.0
 10
-6.31741
 20
-5.52529
 30
0.0
 10
-6.31741
 20
-5.52529
 30
0.0
 10
-6.3033
 20
-5.52529
 30
0.0
 10
-6.3033
 20
-5.52529
 30
0.0
  0
SPLINE
  5
81
330
1F
100
AcDbEntity
  8
Camada 1
 62
   251
370
     9
100
AcDbSpline
210
0.0
220
0.0
230
1.0
 70
    24
 71
     3
 72
     8
 73
     4
 74
     0
 42
0.0000000001
 43
0.0000000001
 40
0.0
 40
0.0
 40
0.0
 40
0.0
 40
1.0
 40
1.0
 40
1.0
 40
1.0
 10
-6.37738
 20
-5.35596
 30
0.0
 10
-6.37738
 20
-5.35596
 30
0.0
 10
-6.37738
 20
-5.45826
 30
0.0
 10
-6.37738
 20
-5.45826
 30
0.0
  0
SPLINE
  5
82
330
1F
100
AcDbEntity
  8
Camada 1
 62
   251
370
     9
100
AcDbSpline
210
0.0
220
0.0
230
1.0
 70
     8
 71
     3
 72
    20
 73
    16
 74
     0
 42
0.0000000001
 43
0.0000000001
 40
0.0
 40
0.0
 40
0.0
 40
0.0
 40
0.2
 40
0.2
 40
0.2
 40
0.4
 40
0.4
 40
0.4
 40
0.6000000000000001
 40
0.6000000000000001
 40
0.6000000000000001
 40
0.8
 40
0.8
 40
0.8
 40
1.0
 40
1.0
 40
1.0
 40
1.0
 10
-6.3033
 20
-5.28893
 30
0.0
 10
-6.3033
 20
-5.28893
 30
0.0
 10
-6.32799
 20
-5.29246
 30
0.0
 10
-6.32799
 20
-5.29246
 30
0.0
 10
-6.32799
 20
-5.29246
 30
0.0
 10
-6.35269
 20
-5.30304
 30
0.0
 10
-6.35269
 20
-5.30304
 30
0.0
 10
-6.35269
 20
-5.30304
 30
0.0
 10
-6.3668
 20
-5.32068
 30
0.0
 10
-6.3668
 20
-5.32068
 30
0.0
 10
-6.3668
 20
-5.32068
 30
0.0
 10
-6.37386
 20
-5.33832
 30
0.0
 10
-6.37386
 20
-5.33832
 30
0.0
 10
-6.37386
 20
-5.33832
 30
0.0
 10
-6.37738
 20
-5.35596
 30
0.0
 10
-6.37738
 20
-5.35596
 30
0.0
  0
SPLINE
  5
83
330
1F
100
AcDbEntity
  8
Camada 1
 62
   251
370
     9
100
AcDbSpline
210
0.0
220
0.0
230
1.0
 70
    24
 71
     3
 72
     8
 73
     4
 74
     0
 42
0.0000000001
 43
0.0000000001
 40
0.0
 40
0.0
 40
0.0
 40
0.0
 40
1.0
 40
1.0
 40
1.0
 40
1.0
 10
-6.28919
 20
-5.30304
 30
0.0
 10
-6.28919
 20
-5.30304
 30
0.0
 10
-6.28919
 20
-5.30657
 30
0.0
 10
-6.28919
 20
-5.30657
 30
0.0
  0
SPLINE
  5
84
330
1F
100
AcDbEntity
  8
Camada 1
 62
   251
370
     9
100
AcDbSpline
210
0.0
220
0.0
230
1.0
 70
     8
 71
     3
 72
    20
 73
    16
 74
     0
 42
0.0000000001
 43
0.0000000001
 40
0.0
 40
0.0
 40
0.0
 40
0.0
 40
0.2
 40
0.2
 40
0.2
 40
0.4
 40
0.4
 40
0.4
 40
0.6000000000000001
 40
0.6000000000000001
 40
0.6000000000000001
 40
0.8
 40
0.8
 40
0.8
 40
1.0
 40
1.0
 40
1.0
 40
1.0
 10
-6.24333
 20
-5.3489
 30
0.0
 10
-6.24333
 20
-5.3489
 30
0.0
 10
-6.24686
 20
-5.33479
 30
0.0
 10
-6.24686
 20
-5.33479
 30
0.0
 10
-6.24686
 20
-5.33479
 30
0.0
 10
-6.25391
 20
-5.32068
 30
0.0
 10
-6.25391
 20
-5.32068
 30
0.0
 10
-6.25391
 20
-5.32068
 30
0.0
 10
-6.26449
 20
-5.31362
 30
0.0
 10
-6.26449
 20
-5.31362
 30
0.0
 10
-6.26449
 20
-5.31362
 30
0.0
 10
-6.27861
 20
-5.30657
 30
0.0
 10
-6.27861
 20
-5.30657
 30
0.0
 10
-6.27861
 20
-5.30657
 30
0.0
 10
-6.28919
 20
-5.30657
 30
0.0
 10
-6.28919
 20
-5.30657
 30
0.0
  0
SPLINE
  5
85
330
1F
100
AcDbEntity
  8
Camada 1
 62
   251
370
     9
100
AcDbSpline
210
0.0
220
0.0
230
1.0
 70
    24
 71
     3
 72
     8
 73
     4
 74
     0
 42
0.0000000001
 43
0.0000000001
 40
0.0
 40
0.0
 40
0.0
 40
0.0
 40
1.0
 40
1.0
 40
1.0
 40
1.0
 10
-7.3828
 20
-5.28893
 30
0.0
 10
-7.3828
 20
-5.28893
 30
0.0
 10
-7.3828
 20
-5.2854
 30
0.0
 10
-7.3828
 20
-5.2854
 30
0.0
  0
SPLINE
  5
86
330
1F
100
AcDbEntity
  8
Camada 1
 62
   251
370
     9
100
AcDbSpline
210
0.0
220
0.0
230
1.0
 70
    24
 71
     3
 72
     8
 73
     4
 74
     0
 42
0.0000000001
 43
0.0000000001
 40
0.0
 40
0.0
 40
0.0
 40
0.0
 40
1.0
 40
1.0
 40
1.0
 40
1.0
 10
-7.3828
 20
-5.28893
 30
0.0
 10
-7.3828
 20
-5.28893
 30
0.0
 10
-7.41102
 20
-5.28893
 30
0.0
 10
-7.41102
 20
-5.28893
 30
0.0
  0
SPLINE
  5
87
330
1F
100
AcDbEntity
  8
Camada 1
 62
   251
370
     9
100
AcDbSpline
210
0.0
220
0.0
230
1.0
 70
    24
 71
     3
 72
    11
 73
     7
 74
     0
 42
0.0000000001
 43
0.0000000001
 40
0.0
 40
0.0
 40
0.0
 40
0.0
 40
0.5
 40
0.5
 40
0.5
 40
1.0
 40
1.0
 40
1.0
 40
1.0
 10
-7.41102
 20
-5.28893
 30
0.0
 10
-7.41102
 20
-5.28893
 30
0.0
 10
-7.41102
 20
-5.28893
 30
0.0
 10
-7.41102
 20
-5.28893
 30
0.0
 10
-7.41102
 20
-5.28893
 30
0.0
 10
-7.41102
 20
-5.2854
 30
0.0
 10
-7.41102
 20
-5.2854
 30
0.0
  0
SPLINE
  5
88
330
1F
100
AcDbEntity
  8
Camada 1
 62
   251
370
     9
100
AcDbSpline
210
0.0
220
0.0
230
1.0
 70
    24
 71
     3
 72
     8
 73
     4
 74
     0
 42
0.0000000001
 43
0.0000000001
 40
0.0
 40
0.0
 40
0.0
 40
0.0
 40
1.0
 40
1.0
 40
1.0
 40
1.0
 10
-7.3828
 20
-5.2854
 30
0.0
 10
-7.3828
 20
-5.2854
 30
0.0
 10
-7.41102
 20
-5.2854
 30
0.0
 10
-7.41102
 20
-5.2854
 30
0.0
  0
SPLINE
  5
89
330
1F
100
AcDbEntity
  8
Camada 1
 62
   251
370
     9
100
AcDbSpline
210
0.0
220
0.0
230
1.0
 70
     8
 71
     3
 72
    20
 73
    16
 74
     0
 42
0.0000000001
 43
0.0000000001
 40
0.0
 40
0.0
 40
0.0
 40
0.0
 40
0.2
 40
0.2
 40
0.2
 40
0.4
 40
0.4
 40
0.4
 40
0.6000000000000001
 40
0.6000000000000001
 40
0.6000000000000001
 40
0.8
 40
0.8
 40
0.8
 40
1.0
 40
1.0
 40
1.0
 40
1.0
 10
-7.41102
 20
-5.28893
 30
0.0
 10
-7.41102
 20
-5.28893
 30
0.0
 10
-7.43572
 20
-5.29246
 30
0.0
 10
-7.43572
 20
-5.29246
 30
0.0
 10
-7.43572
 20
-5.29246
 30
0.0
 10
-7.45688
 20
-5.30304
 30
0.0
 10
-7.45688
 20
-5.30304
 30
0.0
 10
-7.45688
 20
-5.30304
 30
0.0
 10
-7.47452
 20
-5.32068
 30
0.0
 10
-7.47452
 20
-5.32068
 30
0.0
 10
-7.47452
 20
-5.32068
 30
0.0
 10
-7.48511
 20
-5.34184
 30
0.0
 10
-7.48511
 20
-5.34184
 30
0.0
 10
-7.48511
 20
-5.34184
 30
0.0
 10
-7.48511
 20
-5.35596
 30
0.0
 10
-7.48511
 20
-5.35596
 30
0.0
  0
SPLINE
  5
8A
330
1F
100
AcDbEntity
  8
Camada 1
 62
   251
370
     9
100
AcDbSpline
210
0.0
220
0.0
230
1.0
 70
    24
 71
     3
 72
     8
 73
     4
 74
     0
 42
0.0000000001
 43
0.0000000001
 40
0.0
 40
0.0
 40
0.0
 40
0.0
 40
1.0
 40
1.0
 40
1.0
 40
1.0
 10
-7.48511
 20
-5.35596
 30
0.0
 10
-7.48511
 20
-5.35596
 30
0.0
 10
-7.48863
 20
-5.35596
 30
0.0
 10
-7.48863
 20
-5.35596
 30
0.0
  0
SPLINE
  5
8B
330
1F
100
AcDbEntity
  8
Camada 1
 62
   251
370
     9
100
AcDbSpline
210
0.0
220
0.0
230
1.0
 70
     8
 71
     3
 72
    20
 73
    16
 74
     0
 42
0.0000000001
 43
0.0000000001
 40
0.0
 40
0.0
 40
0.0
 40
0.0
 40
0.2
 40
0.2
 40
0.2
 40
0.4
 40
0.4
 40
0.4
 40
0.6000000000000001
 40
0.6000000000000001
 40
0.6000000000000001
 40
0.8
 40
0.8
 40
0.8
 40
1.0
 40
1.0
 40
1.0
 40
1.0
 10
-7.41102
 20
-5.2854
 30
0.0
 10
-7.41102
 20
-5.2854
 30
0.0
 10
-7.44277
 20
-5.28893
 30
0.0
 10
-7.44277
 20
-5.28893
 30
0.0
 10
-7.44277
 20
-5.28893
 30
0.0
 10
-7.46394
 20
-5.30304
 30
0.0
 10
-7.46394
 20
-5.30304
 30
0.0
 10
-7.46394
 20
-5.30304
 30
0.0
 10
-7.48158
 20
-5.32421
 30
0.0
 10
-7.48158
 20
-5.32421
 30
0.0
 10
-7.48158
 20
-5.32421
 30
0.0
 10
-7.48863
 20
-5.34537
 30
0.0
 10
-7.48863
 20
-5.34537
 30
0.0
 10
-7.48863
 20
-5.34537
 30
0.0
 10
-7.48863
 20
-5.35596
 30
0.0
 10
-7.48863
 20
-5.35596
 30
0.0
  0
SPLINE
  5
8C
330
1F
100
AcDbEntity
  8
Camada 1
 62
   251
370
     9
100
AcDbSpline
210
0.0
220
0.0
230
1.0
 70
    24
 71
     3
 72
     8
 73
     4
 74
     0
 42
0.0000000001
 43
0.0000000001
 40
0.0
 40
0.0
 40
0.0
 40
0.0
 40
1.0
 40
1.0
 40
1.0
 40
1.0
 10
-7.34752
 20
-5.34537
 30
0.0
 10
-7.34752
 20
-5.34537
 30
0.0
 10
-7.31224
 20
-5.33479
 30
0.0
 10
-7.31224
 20
-5.33479
 30
0.0
  0
SPLINE
  5
8D
330
1F
100
AcDbEntity
  8
Camada 1
 62
   251
370
     9
100
AcDbSpline
210
0.0
220
0.0
230
1.0
 70
     8
 71
     3
 72
    20
 73
    16
 74
     0
 42
0.0000000001
 43
0.0000000001
 40
0.0
 40
0.0
 40
0.0
 40
0.0
 40
0.2
 40
0.2
 40
0.2
 40
0.4
 40
0.4
 40
0.4
 40
0.6000000000000001
 40
0.6000000000000001
 40
0.6000000000000001
 40
0.8
 40
0.8
 40
0.8
 40
1.0
 40
1.0
 40
1.0
 40
1.0
 10
-7.39691
 20
-5.30304
 30
0.0
 10
-7.39691
 20
-5.30304
 30
0.0
 10
-7.3828
 20
-5.30304
 30
0.0
 10
-7.3828
 20
-5.30304
 30
0.0
 10
-7.3828
 20
-5.30304
 30
0.0
 10
-7.36869
 20
-5.31362
 30
0.0
 10
-7.36869
 20
-5.31362
 30
0.0
 10
-7.36869
 20
-5.31362
 30
0.0
 10
-7.35811
 20
-5.32421
 30
0.0
 10
-7.35811
 20
-5.32421
 30
0.0
 10
-7.35811
 20
-5.32421
 30
0.0
 10
-7.35105
 20
-5.33832
 30
0.0
 10
-7.35105
 20
-5.33832
 30
0.0
 10
-7.35105
 20
-5.33832
 30
0.0
 10
-7.34752
 20
-5.34537
 30
0.0
 10
-7.34752
 20
-5.34537
 30
0.0
  0
SPLINE
  5
8E
330
1F
100
AcDbEntity
  8
Camada 1
 62
   251
370
     9
100
AcDbSpline
210
0.0
220
0.0
230
1.0
 70
     8
 71
     3
 72
    20
 73
    16
 74
     0
 42
0.0000000001
 43
0.0000000001
 40
0.0
 40
0.0
 40
0.0
 40
0.0
 40
0.2
 40
0.2
 40
0.2
 40
0.4
 40
0.4
 40
0.4
 40
0.6000000000000001
 40
0.6000000000000001
 40
0.6000000000000001
 40
0.8
 40
0.8
 40
0.8
 40
1.0
 40
1.0
 40
1.0
 40
1.0
 10
-7.4463
 20
-5.35243
 30
0.0
 10
-7.4463
 20
-5.35243
 30
0.0
 10
-7.44277
 20
-5.33479
 30
0.0
 10
-7.44277
 20
-5.33479
 30
0.0
 10
-7.44277
 20
-5.33479
 30
0.0
 10
-7.43572
 20
-5.32068
 30
0.0
 10
-7.43572
 20
-5.32068
 30
0.0
 10
-7.43572
 20
-5.32068
 30
0.0
 10
-7.42513
 20
-5.31009
 30
0.0
 10
-7.42513
 20
-5.31009
 30
0.0
 10
-7.42513
 20
-5.31009
 30
0.0
 10
-7.40749
 20
-5.30304
 30
0.0
 10
-7.40749
 20
-5.30304
 30
0.0
 10
-7.40749
 20
-5.30304
 30
0.0
 10
-7.39691
 20
-5.30304
 30
0.0
 10
-7.39691
 20
-5.30304
 30
0.0
  0
SPLINE
  5
8F
330
1F
100
AcDbEntity
  8
Camada 1
 62
   251
370
     9
100
AcDbSpline
210
0.0
220
0.0
230
1.0
 70
    24
 71
     3
 72
     8
 73
     4
 74
     0
 42
0.0000000001
 43
0.0000000001
 40
0.0
 40
0.0
 40
0.0
 40
0.0
 40
1.0
 40
1.0
 40
1.0
 40
1.0
 10
-7.4463
 20
-5.46532
 30
0.0
 10
-7.4463
 20
-5.46532
 30
0.0
 10
-7.4463
 20
-5.35243
 30
0.0
 10
-7.4463
 20
-5.35243
 30
0.0
  0
SPLINE
  5
90
330
1F
100
AcDbEntity
  8
Camada 1
 62
   251
370
     9
100
AcDbSpline
210
0.0
220
0.0
230
1.0
 70
     8
 71
     3
 72
    20
 73
    16
 74
     0
 42
0.0000000001
 43
0.0000000001
 40
0.0
 40
0.0
 40
0.0
 40
0.0
 40
0.2
 40
0.2
 40
0.2
 40
0.4
 40
0.4
 40
0.4
 40
0.6000000000000001
 40
0.6000000000000001
 40
0.6000000000000001
 40
0.8
 40
0.8
 40
0.8
 40
1.0
 40
1.0
 40
1.0
 40
1.0
 10
-7.39691
 20
-5.51471
 30
0.0
 10
-7.39691
 20
-5.51471
 30
0.0
 10
-7.41455
 20
-5.51118
 30
0.0
 10
-7.41455
 20
-5.51118
 30
0.0
 10
-7.41455
 20
-5.51118
 30
0.0
 10
-7.42866
 20
-5.50412
 30
0.0
 10
-7.42866
 20
-5.50412
 30
0.0
 10
-7.42866
 20
-5.50412
 30
0.0
 10
-7.43924
 20
-5.49001
 30
0.0
 10
-7.43924
 20
-5.49001
 30
0.0
 10
-7.43924
 20
-5.49001
 30
0.0
 10
-7.4463
 20
-5.4759
 30
0.0
 10
-7.4463
 20
-5.4759
 30
0.0
 10
-7.4463
 20
-5.4759
 30
0.0
 10
-7.4463
 20
-5.46532
 30
0.0
 10
-7.4463
 20
-5.46532
 30
0.0
  0
SPLINE
  5
91
330
1F
100
AcDbEntity
  8
Camada 1
 62
   251
370
     9
100
AcDbSpline
210
0.0
220
0.0
230
1.0
 70
     8
 71
     3
 72
    20
 73
    16
 74
     0
 42
0.0000000001
 43
0.0000000001
 40
0.0
 40
0.0
 40
0.0
 40
0.0
 40
0.2
 40
0.2
 40
0.2
 40
0.4
 40
0.4
 40
0.4
 40
0.6000000000000001
 40
0.6000000000000001
 40
0.6000000000000001
 40
0.8
 40
0.8
 40
0.8
 40
1.0
 40
1.0
 40
1.0
 40
1.0
 10
-7.34752
 20
-5.46884
 30
0.0
 10
-7.34752
 20
-5.46884
 30
0.0
 10
-7.35458
 20
-5.48648
 30
0.0
 10
-7.35458
 20
-5.48648
 30
0.0
 10
-7.35458
 20
-5.48648
 30
0.0
 10
-7.36163
 20
-5.49707
 30
0.0
 10
-7.36163
 20
-5.49707
 30
0.0
 10
-7.36163
 20
-5.49707
 30
0.0
 10
-7.37574
 20
-5.50765
 30
0.0
 10
-7.37574
 20
-5.50765
 30
0.0
 10
-7.37574
 20
-5.50765
 30
0.0
 10
-7.39338
 20
-5.51471
 30
0.0
 10
-7.39338
 20
-5.51471
 30
0.0
 10
-7.39338
 20
-5.51471
 30
0.0
 10
-7.39691
 20
-5.51471
 30
0.0
 10
-7.39691
 20
-5.51471
 30
0.0
  0
SPLINE
  5
92
330
1F
100
AcDbEntity
  8
Camada 1
 62
   251
370
     9
100
AcDbSpline
210
0.0
220
0.0
230
1.0
 70
    24
 71
     3
 72
     8
 73
     4
 74
     0
 42
0.0000000001
 43
0.0000000001
 40
0.0
 40
0.0
 40
0.0
 40
0.0
 40
1.0
 40
1.0
 40
1.0
 40
1.0
 10
-7.31224
 20
-5.47943
 30
0.0
 10
-7.31224
 20
-5.47943
 30
0.0
 10
-7.34752
 20
-5.46884
 30
0.0
 10
-7.34752
 20
-5.46884
 30
0.0
  0
SPLINE
  5
93
330
1F
100
AcDbEntity
  8
Camada 1
 62
   251
370
     9
100
AcDbSpline
210
0.0
220
0.0
230
1.0
 70
     8
 71
     3
 72
    17
 73
    13
 74
     0
 42
0.0000000001
 43
0.0000000001
 40
0.0
 40
0.0
 40
0.0
 40
0.0
 40
0.25
 40
0.25
 40
0.25
 40
0.5
 40
0.5
 40
0.5
 40
0.75
 40
0.75
 40
0.75
 40
1.0
 40
1.0
 40
1.0
 40
1.0
 10
-7.38633
 20
-5.52529
 30
0.0
 10
-7.38633
 20
-5.52529
 30
0.0
 10
-7.36163
 20
-5.52176
 30
0.0
 10
-7.36163
 20
-5.52176
 30
0.0
 10
-7.36163
 20
-5.52176
 30
0.0
 10
-7.33694
 20
-5.51118
 30
0.0
 10
-7.33694
 20
-5.51118
 30
0.0
 10
-7.33694
 20
-5.51118
 30
0.0
 10
-7.3193
 20
-5.49001
 30
0.0
 10
-7.3193
 20
-5.49001
 30
0.0
 10
-7.3193
 20
-5.49001
 30
0.0
 10
-7.31224
 20
-5.47943
 30
0.0
 10
-7.31224
 20
-5.47943
 30
0.0
  0
SPLINE
  5
94
330
1F
100
AcDbEntity
  8
Camada 1
 62
   251
370
     9
100
AcDbSpline
210
0.0
220
0.0
230
1.0
 70
    24
 71
     3
 72
     8
 73
     4
 74
     0
 42
0.0000000001
 43
0.0000000001
 40
0.0
 40
0.0
 40
0.0
 40
0.0
 40
1.0
 40
1.0
 40
1.0
 40
1.0
 10
-7.41102
 20
-5.52529
 30
0.0
 10
-7.41102
 20
-5.52529
 30
0.0
 10
-7.38633
 20
-5.52529
 30
0.0
 10
-7.38633
 20
-5.52529
 30
0.0
  0
SPLINE
  5
95
330
1F
100
AcDbEntity
  8
Camada 1
 62
   251
370
     9
100
AcDbSpline
210
0.0
220
0.0
230
1.0
 70
     8
 71
     3
 72
    20
 73
    16
 74
     0
 42
0.0000000001
 43
0.0000000001
 40
0.0
 40
0.0
 40
0.0
 40
0.0
 40
0.2
 40
0.2
 40
0.2
 40
0.4
 40
0.4
 40
0.4
 40
0.6000000000000001
 40
0.6000000000000001
 40
0.6000000000000001
 40
0.8
 40
0.8
 40
0.8
 40
1.0
 40
1.0
 40
1.0
 40
1.0
 10
-7.48511
 20
-5.45826
 30
0.0
 10
-7.48511
 20
-5.45826
 30
0.0
 10
-7.48158
 20
-5.47943
 30
0.0
 10
-7.48158
 20
-5.47943
 30
0.0
 10
-7.48158
 20
-5.47943
 30
0.0
 10
-7.47452
 20
-5.49707
 30
0.0
 10
-7.47452
 20
-5.49707
 30
0.0
 10
-7.47452
 20
-5.49707
 30
0.0
 10
-7.45688
 20
-5.51118
 30
0.0
 10
-7.45688
 20
-5.51118
 30
0.0
 10
-7.45688
 20
-5.51118
 30
0.0
 10
-7.43572
 20
-5.52176
 30
0.0
 10
-7.43572
 20
-5.52176
 30
0.0
 10
-7.43572
 20
-5.52176
 30
0.0
 10
-7.41102
 20
-5.52529
 30
0.0
 10
-7.41102
 20
-5.52529
 30
0.0
  0
SPLINE
  5
96
330
1F
100
AcDbEntity
  8
Camada 1
 62
   251
370
     9
100
AcDbSpline
210
0.0
220
0.0
230
1.0
 70
    24
 71
     3
 72
     8
 73
     4
 74
     0
 42
0.0000000001
 43
0.0000000001
 40
0.0
 40
0.0
 40
0.0
 40
0.0
 40
1.0
 40
1.0
 40
1.0
 40
1.0
 10
-7.48511
 20
-5.35596
 30
0.0
 10
-7.48511
 20
-5.35596
 30
0.0
 10
-7.48511
 20
-5.45826
 30
0.0
 10
-7.48511
 20
-5.45826
 30
0.0
  0
SPLINE
  5
97
330
1F
100
AcDbEntity
  8
Camada 1
 62
   251
370
     9
100
AcDbSpline
210
0.0
220
0.0
230
1.0
 70
     8
 71
     3
 72
    17
 73
    13
 74
     0
 42
0.0000000001
 43
0.0000000001
 40
0.0
 40
0.0
 40
0.0
 40
0.0
 40
0.25
 40
0.25
 40
0.25
 40
0.5
 40
0.5
 40
0.5
 40
0.75
 40
0.75
 40
0.75
 40
1.0
 40
1.0
 40
1.0
 40
1.0
 10
-7.31224
 20
-5.33479
 30
0.0
 10
-7.31224
 20
-5.33479
 30
0.0
 10
-7.32283
 20
-5.31715
 30
0.0
 10
-7.32283
 20
-5.31715
 30
0.0
 10
-7.32283
 20
-5.31715
 30
0.0
 10
-7.33694
 20
-5.30304
 30
0.0
 10
-7.33694
 20
-5.30304
 30
0.0
 10
-7.33694
 20
-5.30304
 30
0.0
 10
-7.35811
 20
-5.29246
 30
0.0
 10
-7.35811
 20
-5.29246
 30
0.0
 10
-7.35811
 20
-5.29246
 30
0.0
 10
-7.3828
 20
-5.28893
 30
0.0
 10
-7.3828
 20
-5.28893
 30
0.0
  0
SPLINE
  5
98
330
1F
100
AcDbEntity
  8
Camada 1
 62
   251
370
     9
100
AcDbSpline
210
0.0
220
0.0
230
1.0
 70
     8
 71
     3
 72
    11
 73
     7
 74
     0
 42
0.0000000001
 43
0.0000000001
 40
0.0
 40
0.0
 40
0.0
 40
0.0
 40
0.5
 40
0.5
 40
0.5
 40
1.0
 40
1.0
 40
1.0
 40
1.0
 10
-7.31224
 20
-5.33479
 30
0.0
 10
-7.31224
 20
-5.33479
 30
0.0
 10
-7.31224
 20
-5.33832
 30
0.0
 10
-7.31224
 20
-5.33832
 30
0.0
 10
-7.31224
 20
-5.33832
 30
0.0
 10
-7.30872
 20
-5.33832
 30
0.0
 10
-7.30872
 20
-5.33832
 30
0.0
  0
SPLINE
  5
99
330
1F
100
AcDbEntity
  8
Camada 1
 62
   251
370
     9
100
AcDbSpline
210
0.0
220
0.0
230
1.0
 70
     8
 71
     3
 72
    17
 73
    13
 74
     0
 42
0.0000000001
 43
0.0000000001
 40
0.0
 40
0.0
 40
0.0
 40
0.0
 40
0.25
 40
0.25
 40
0.25
 40
0.5
 40
0.5
 40
0.5
 40
0.75
 40
0.75
 40
0.75
 40
1.0
 40
1.0
 40
1.0
 40
1.0
 10
-7.30872
 20
-5.33832
 30
0.0
 10
-7.30872
 20
-5.33832
 30
0.0
 10
-7.3193
 20
-5.31715
 30
0.0
 10
-7.3193
 20
-5.31715
 30
0.0
 10
-7.3193
 20
-5.31715
 30
0.0
 10
-7.33341
 20
-5.30304
 30
0.0
 10
-7.33341
 20
-5.30304
 30
0.0
 10
-7.33341
 20
-5.30304
 30
0.0
 10
-7.35458
 20
-5.28893
 30
0.0
 10
-7.35458
 20
-5.28893
 30
0.0
 10
-7.35458
 20
-5.28893
 30
0.0
 10
-7.3828
 20
-5.2854
 30
0.0
 10
-7.3828
 20
-5.2854
 30
0.0
  0
SPLINE
  5
9A
330
1F
100
AcDbEntity
  8
Camada 1
 62
   251
370
     9
100
AcDbSpline
210
0.0
220
0.0
230
1.0
 70
     8
 71
     3
 72
    11
 73
     7
 74
     0
 42
0.0000000001
 43
0.0000000001
 40
0.0
 40
0.0
 40
0.0
 40
0.0
 40
0.5
 40
0.5
 40
0.5
 40
1.0
 40
1.0
 40
1.0
 40
1.0
 10
-7.55919
 20
-5.2854
 30
0.0
 10
-7.55919
 20
-5.2854
 30
0.0
 10
-7.55919
 20
-5.28893
 30
0.0
 10
-7.55919
 20
-5.28893
 30
0.0
 10
-7.55919
 20
-5.28893
 30
0.0
 10
-7.56272
 20
-5.28893
 30
0.0
 10
-7.56272
 20
-5.28893
 30
0.0
  0
SPLINE
  5
9B
330
1F
100
AcDbEntity
  8
Camada 1
 62
   251
370
     9
100
AcDbSpline
210
0.0
220
0.0
230
1.0
 70
    24
 71
     3
 72
     8
 73
     4
 74
     0
 42
0.0000000001
 43
0.0000000001
 40
0.0
 40
0.0
 40
0.0
 40
0.0
 40
1.0
 40
1.0
 40
1.0
 40
1.0
 10
-7.55919
 20
-5.2854
 30
0.0
 10
-7.55919
 20
-5.2854
 30
0.0
 10
-7.52391
 20
-5.27482
 30
0.0
 10
-7.52391
 20
-5.27482
 30
0.0
  0
SPLINE
  5
9C
330
1F
100
AcDbEntity
  8
Camada 1
 62
   251
370
     9
100
AcDbSpline
210
0.0
220
0.0
230
1.0
 70
    24
 71
     3
 72
     8
 73
     4
 74
     0
 42
0.0000000001
 43
0.0000000001
 40
0.0
 40
0.0
 40
0.0
 40
0.0
 40
1.0
 40
1.0
 40
1.0
 40
1.0
 10
-7.52391
 20
-5.27482
 30
0.0
 10
-7.52391
 20
-5.27482
 30
0.0
 10
-7.52038
 20
-5.27834
 30
0.0
 10
-7.52038
 20
-5.27834
 30
0.0
  0
SPLINE
  5
9D
330
1F
100
AcDbEntity
  8
Camada 1
 62
   251
370
     9
100
AcDbSpline
210
0.0
220
0.0
230
1.0
 70
    24
 71
     3
 72
     8
 73
     4
 74
     0
 42
0.0000000001
 43
0.0000000001
 40
0.0
 40
0.0
 40
0.0
 40
0.0
 40
1.0
 40
1.0
 40
1.0
 40
1.0
 10
-7.56272
 20
-5.28893
 30
0.0
 10
-7.56272
 20
-5.28893
 30
0.0
 10
-7.52038
 20
-5.27834
 30
0.0
 10
-7.52038
 20
-5.27834
 30
0.0
  0
SPLINE
  5
9E
330
1F
100
AcDbEntity
  8
Camada 1
 62
   251
370
     9
100
AcDbSpline
210
0.0
220
0.0
230
1.0
 70
     8
 71
     3
 72
    20
 73
    16
 74
     0
 42
0.0000000001
 43
0.0000000001
 40
0.0
 40
0.0
 40
0.0
 40
0.0
 40
0.2
 40
0.2
 40
0.2
 40
0.4
 40
0.4
 40
0.4
 40
0.6000000000000001
 40
0.6000000000000001
 40
0.6000000000000001
 40
0.8
 40
0.8
 40
0.8
 40
1.0
 40
1.0
 40
1.0
 40
1.0
 10
-7.65797
 20
-5.29246
 30
0.0
 10
-7.65797
 20
-5.29246
 30
0.0
 10
-7.65444
 20
-5.27482
 30
0.0
 10
-7.65444
 20
-5.27482
 30
0.0
 10
-7.65444
 20
-5.27482
 30
0.0
 10
-7.64738
 20
-5.26071
 30
0.0
 10
-7.64738
 20
-5.26071
 30
0.0
 10
-7.64738
 20
-5.26071
 30
0.0
 10
-7.63327
 20
-5.25012
 30
0.0
 10
-7.63327
 20
-5.25012
 30
0.0
 10
-7.63327
 20
-5.25012
 30
0.0
 10
-7.61916
 20
-5.24307
 30
0.0
 10
-7.61916
 20
-5.24307
 30
0.0
 10
-7.61916
 20
-5.24307
 30
0.0
 10
-7.60858
 20
-5.24307
 30
0.0
 10
-7.60858
 20
-5.24307
 30
0.0
  0
SPLINE
  5
9F
330
1F
100
AcDbEntity
  8
Camada 1
 62
   251
370
     9
100
AcDbSpline
210
0.0
220
0.0
230
1.0
 70
     8
 71
     3
 72
    17
 73
    13
 74
     0
 42
0.0000000001
 43
0.0000000001
 40
0.0
 40
0.0
 40
0.0
 40
0.0
 40
0.25
 40
0.25
 40
0.25
 40
0.5
 40
0.5
 40
0.5
 40
0.75
 40
0.75
 40
0.75
 40
1.0
 40
1.0
 40
1.0
 40
1.0
 10
-7.58741
 20
-5.37712
 30
0.0
 10
-7.58741
 20
-5.37712
 30
0.0
 10
-7.62974
 20
-5.3489
 30
0.0
 10
-7.62974
 20
-5.3489
 30
0.0
 10
-7.62974
 20
-5.3489
 30
0.0
 10
-7.64738
 20
-5.32773
 30
0.0
 10
-7.64738
 20
-5.32773
 30
0.0
 10
-7.64738
 20
-5.32773
 30
0.0
 10
-7.65444
 20
-5.30657
 30
0.0
 10
-7.65444
 20
-5.30657
 30
0.0
 10
-7.65444
 20
-5.30657
 30
0.0
 10
-7.65797
 20
-5.29246
 30
0.0
 10
-7.65797
 20
-5.29246
 30
0.0
  0
SPLINE
  5
A0
330
1F
100
AcDbEntity
  8
Camada 1
 62
   251
370
     9
100
AcDbSpline
210
0.0
220
0.0
230
1.0
 70
     8
 71
     3
 72
    20
 73
    16
 74
     0
 42
0.0000000001
 43
0.0000000001
 40
0.0
 40
0.0
 40
0.0
 40
0.0
 40
0.2
 40
0.2
 40
0.2
 40
0.4
 40
0.4
 40
0.4
 40
0.6000000000000001
 40
0.6000000000000001
 40
0.6000000000000001
 40
0.8
 40
0.8
 40
0.8
 40
1.0
 40
1.0
 40
1.0
 40
1.0
 10
-7.53097
 20
-5.49354
 30
0.0
 10
-7.53097
 20
-5.49354
 30
0.0
 10
-7.52038
 20
-5.46884
 30
0.0
 10
-7.52038
 20
-5.46884
 30
0.0
 10
-7.52038
 20
-5.46884
 30
0.0
 10
-7.52038
 20
-5.45473
 30
0.0
 10
-7.52038
 20
-5.45473
 30
0.0
 10
-7.52038
 20
-5.45473
 30
0.0
 10
-7.52391
 20
-5.43709
 30
0.0
 10
-7.52391
 20
-5.43709
 30
0.0
 10
-7.52391
 20
-5.43709
 30
0.0
 10
-7.54155
 20
-5.41593
 30
0.0
 10
-7.54155
 20
-5.41593
 30
0.0
 10
-7.54155
 20
-5.41593
 30
0.0
 10
-7.58741
 20
-5.37712
 30
0.0
 10
-7.58741
 20
-5.37712
 30
0.0
  0
SPLINE
  5
A1
330
1F
100
AcDbEntity
  8
Camada 1
 62
   251
370
     9
100
AcDbSpline
210
0.0
220
0.0
230
1.0
 70
     8
 71
     3
 72
    14
 73
    10
 74
     0
 42
0.0000000001
 43
0.0000000001
 40
0.0
 40
0.0
 40
0.0
 40
0.0
 40
0.3333333333333333
 40
0.3333333333333333
 40
0.3333333333333333
 40
0.6666666666666666
 40
0.6666666666666666
 40
0.6666666666666666
 40
1.0
 40
1.0
 40
1.0
 40
1.0
 10
-7.59447
 20
-5.52529
 30
0.0
 10
-7.59447
 20
-5.52529
 30
0.0
 10
-7.56977
 20
-5.52176
 30
0.0
 10
-7.56977
 20
-5.52176
 30
0.0
 10
-7.56977
 20
-5.52176
 30
0.0
 10
-7.54508
 20
-5.51118
 30
0.0
 10
-7.54508
 20
-5.51118
 30
0.0
 10
-7.54508
 20
-5.51118
 30
0.0
 10
-7.53097
 20
-5.49354
 30
0.0
 10
-7.53097
 20
-5.49354
 30
0.0
  0
SPLINE
  5
A2
330
1F
100
AcDbEntity
  8
Camada 1
 62
   251
370
     9
100
AcDbSpline
210
0.0
220
0.0
230
1.0
 70
    24
 71
     3
 72
     8
 73
     4
 74
     0
 42
0.0000000001
 43
0.0000000001
 40
0.0
 40
0.0
 40
0.0
 40
0.0
 40
1.0
 40
1.0
 40
1.0
 40
1.0
 10
-7.62269
 20
-5.52529
 30
0.0
 10
-7.62269
 20
-5.52529
 30
0.0
 10
-7.59447
 20
-5.52529
 30
0.0
 10
-7.59447
 20
-5.52529
 30
0.0
  0
SPLINE
  5
A3
330
1F
100
AcDbEntity
  8
Camada 1
 62
   251
370
     9
100
AcDbSpline
210
0.0
220
0.0
230
1.0
 70
     8
 71
     3
 72
    20
 73
    16
 74
     0
 42
0.0000000001
 43
0.0000000001
 40
0.0
 40
0.0
 40
0.0
 40
0.0
 40
0.2
 40
0.2
 40
0.2
 40
0.4
 40
0.4
 40
0.4
 40
0.6000000000000001
 40
0.6000000000000001
 40
0.6000000000000001
 40
0.8
 40
0.8
 40
0.8
 40
1.0
 40
1.0
 40
1.0
 40
1.0
 10
-7.69324
 20
-5.46884
 30
0.0
 10
-7.69324
 20
-5.46884
 30
0.0
 10
-7.69324
 20
-5.48296
 30
0.0
 10
-7.69324
 20
-5.48296
 30
0.0
 10
-7.69324
 20
-5.48296
 30
0.0
 10
-7.68619
 20
-5.49707
 30
0.0
 10
-7.68619
 20
-5.49707
 30
0.0
 10
-7.68619
 20
-5.49707
 30
0.0
 10
-7.66855
 20
-5.51118
 30
0.0
 10
-7.66855
 20
-5.51118
 30
0.0
 10
-7.66855
 20
-5.51118
 30
0.0
 10
-7.64386
 20
-5.52529
 30
0.0
 10
-7.64386
 20
-5.52529
 30
0.0
 10
-7.64386
 20
-5.52529
 30
0.0
 10
-7.62269
 20
-5.52529
 30
0.0
 10
-7.62269
 20
-5.52529
 30
0.0
  0
SPLINE
  5
A4
330
1F
100
AcDbEntity
  8
Camada 1
 62
   251
370
     9
100
AcDbSpline
210
0.0
220
0.0
230
1.0
 70
    24
 71
     3
 72
     8
 73
     4
 74
     0
 42
0.0000000001
 43
0.0000000001
 40
0.0
 40
0.0
 40
0.0
 40
0.0
 40
1.0
 40
1.0
 40
1.0
 40
1.0
 10
-7.69324
 20
-5.45121
 30
0.0
 10
-7.69324
 20
-5.45121
 30
0.0
 10
-7.69324
 20
-5.46884
 30
0.0
 10
-7.69324
 20
-5.46884
 30
0.0
  0
SPLINE
  5
A5
330
1F
100
AcDbEntity
  8
Camada 1
 62
   251
370
     9
100
AcDbSpline
210
0.0
220
0.0
230
1.0
 70
    24
 71
     3
 72
     8
 73
     4
 74
     0
 42
0.0000000001
 43
0.0000000001
 40
0.0
 40
0.0
 40
0.0
 40
0.0
 40
1.0
 40
1.0
 40
1.0
 40
1.0
 10
-7.65797
 20
-5.44062
 30
0.0
 10
-7.65797
 20
-5.44062
 30
0.0
 10
-7.69324
 20
-5.45121
 30
0.0
 10
-7.69324
 20
-5.45121
 30
0.0
  0
SPLINE
  5
A6
330
1F
100
AcDbEntity
  8
Camada 1
 62
   251
370
     9
100
AcDbSpline
210
0.0
220
0.0
230
1.0
 70
    24
 71
     3
 72
     8
 73
     4
 74
     0
 42
0.0000000001
 43
0.0000000001
 40
0.0
 40
0.0
 40
0.0
 40
0.0
 40
1.0
 40
1.0
 40
1.0
 40
1.0
 10
-7.65797
 20
-5.47237
 30
0.0
 10
-7.65797
 20
-5.47237
 30
0.0
 10
-7.65797
 20
-5.44062
 30
0.0
 10
-7.65797
 20
-5.44062
 30
0.0
  0
SPLINE
  5
A7
330
1F
100
AcDbEntity
  8
Camada 1
 62
   251
370
     9
100
AcDbSpline
210
0.0
220
0.0
230
1.0
 70
     8
 71
     3
 72
    20
 73
    16
 74
     0
 42
0.0000000001
 43
0.0000000001
 40
0.0
 40
0.0
 40
0.0
 40
0.0
 40
0.2
 40
0.2
 40
0.2
 40
0.4
 40
0.4
 40
0.4
 40
0.6000000000000001
 40
0.6000000000000001
 40
0.6000000000000001
 40
0.8
 40
0.8
 40
0.8
 40
1.0
 40
1.0
 40
1.0
 40
1.0
 10
-7.60858
 20
-5.51471
 30
0.0
 10
-7.60858
 20
-5.51471
 30
0.0
 10
-7.62622
 20
-5.51118
 30
0.0
 10
-7.62622
 20
-5.51118
 30
0.0
 10
-7.62622
 20
-5.51118
 30
0.0
 10
-7.64033
 20
-5.50059
 30
0.0
 10
-7.64033
 20
-5.50059
 30
0.0
 10
-7.64033
 20
-5.50059
 30
0.0
 10
-7.65091
 20
-5.49001
 30
0.0
 10
-7.65091
 20
-5.49001
 30
0.0
 10
-7.65091
 20
-5.49001
 30
0.0
 10
-7.65444
 20
-5.4759
 30
0.0
 10
-7.65444
 20
-5.4759
 30
0.0
 10
-7.65444
 20
-5.4759
 30
0.0
 10
-7.65797
 20
-5.47237
 30
0.0
 10
-7.65797
 20
-5.47237
 30
0.0
  0
SPLINE
  5
A8
330
1F
100
AcDbEntity
  8
Camada 1
 62
   251
370
     9
100
AcDbSpline
210
0.0
220
0.0
230
1.0
 70
     8
 71
     3
 72
    20
 73
    16
 74
     0
 42
0.0000000001
 43
0.0000000001
 40
0.0
 40
0.0
 40
0.0
 40
0.0
 40
0.2
 40
0.2
 40
0.2
 40
0.4
 40
0.4
 40
0.4
 40
0.6000000000000001
 40
0.6000000000000001
 40
0.6000000000000001
 40
0.8
 40
0.8
 40
0.8
 40
1.0
 40
1.0
 40
1.0
 40
1.0
 10
-7.55919
 20
-5.46532
 30
0.0
 10
-7.55919
 20
-5.46532
 30
0.0
 10
-7.56272
 20
-5.48296
 30
0.0
 10
-7.56272
 20
-5.48296
 30
0.0
 10
-7.56272
 20
-5.48296
 30
0.0
 10
-7.56977
 20
-5.49707
 30
0.0
 10
-7.56977
 20
-5.49707
 30
0.0
 10
-7.56977
 20
-5.49707
 30
0.0
 10
-7.58388
 20
-5.50765
 30
0.0
 10
-7.58388
 20
-5.50765
 30
0.0
 10
-7.58388
 20
-5.50765
 30
0.0
 10
-7.59799
 20
-5.51118
 30
0.0
 10
-7.59799
 20
-5.51118
 30
0.0
 10
-7.59799
 20
-5.51118
 30
0.0
 10
-7.60858
 20
-5.51471
 30
0.0
 10
-7.60858
 20
-5.51471
 30
0.0
  0
SPLINE
  5
A9
330
1F
100
AcDbEntity
  8
Camada 1
 62
   251
370
     9
100
AcDbSpline
210
0.0
220
0.0
230
1.0
 70
     8
 71
     3
 72
    17
 73
    13
 74
     0
 42
0.0000000001
 43
0.0000000001
 40
0.0
 40
0.0
 40
0.0
 40
0.0
 40
0.25
 40
0.25
 40
0.25
 40
0.5
 40
0.5
 40
0.5
 40
0.75
 40
0.75
 40
0.75
 40
1.0
 40
1.0
 40
1.0
 40
1.0
 10
-7.62622
 20
-5.37712
 30
0.0
 10
-7.62622
 20
-5.37712
 30
0.0
 10
-7.58741
 20
-5.40535
 30
0.0
 10
-7.58741
 20
-5.40535
 30
0.0
 10
-7.58741
 20
-5.40535
 30
0.0
 10
-7.56977
 20
-5.43004
 30
0.0
 10
-7.56977
 20
-5.43004
 30
0.0
 10
-7.56977
 20
-5.43004
 30
0.0
 10
-7.55919
 20
-5.45121
 30
0.0
 10
-7.55919
 20
-5.45121
 30
0.0
 10
-7.55919
 20
-5.45121
 30
0.0
 10
-7.55919
 20
-5.46532
 30
0.0
 10
-7.55919
 20
-5.46532
 30
0.0
  0
SPLINE
  5
AA
330
1F
100
AcDbEntity
  8
Camada 1
 62
   251
370
     9
100
AcDbSpline
210
0.0
220
0.0
230
1.0
 70
     8
 71
     3
 72
    20
 73
    16
 74
     0
 42
0.0000000001
 43
0.0000000001
 40
0.0
 40
0.0
 40
0.0
 40
0.0
 40
0.2
 40
0.2
 40
0.2
 40
0.4
 40
0.4
 40
0.4
 40
0.6000000000000001
 40
0.6000000000000001
 40
0.6000000000000001
 40
0.8
 40
0.8
 40
0.8
 40
1.0
 40
1.0
 40
1.0
 40
1.0
 10
-7.68619
 20
-5.26071
 30
0.0
 10
-7.68619
 20
-5.26071
 30
0.0
 10
-7.69324
 20
-5.28187
 30
0.0
 10
-7.69324
 20
-5.28187
 30
0.0
 10
-7.69324
 20
-5.28187
 30
0.0
 10
-7.69324
 20
-5.29951
 30
0.0
 10
-7.69324
 20
-5.29951
 30
0.0
 10
-7.69324
 20
-5.29951
 30
0.0
 10
-7.68972
 20
-5.31362
 30
0.0
 10
-7.68972
 20
-5.31362
 30
0.0
 10
-7.68972
 20
-5.31362
 30
0.0
 10
-7.67208
 20
-5.33832
 30
0.0
 10
-7.67208
 20
-5.33832
 30
0.0
 10
-7.67208
 20
-5.33832
 30
0.0
 10
-7.62622
 20
-5.37712
 30
0.0
 10
-7.62622
 20
-5.37712
 30
0.0
  0
SPLINE
  5
AB
330
1F
100
AcDbEntity
  8
Camada 1
 62
   251
370
     9
100
AcDbSpline
210
0.0
220
0.0
230
1.0
 70
     8
 71
     3
 72
    14
 73
    10
 74
     0
 42
0.0000000001
 43
0.0000000001
 40
0.0
 40
0.0
 40
0.0
 40
0.0
 40
0.3333333333333333
 40
0.3333333333333333
 40
0.3333333333333333
 40
0.6666666666666666
 40
0.6666666666666666
 40
0.6666666666666666
 40
1.0
 40
1.0
 40
1.0
 40
1.0
 10
-7.61916
 20
-5.22896
 30
0.0
 10
-7.61916
 20
-5.22896
 30
0.0
 10
-7.64386
 20
-5.23248
 30
0.0
 10
-7.64386
 20
-5.23248
 30
0.0
 10
-7.64386
 20
-5.23248
 30
0.0
 10
-7.66855
 20
-5.24307
 30
0.0
 10
-7.66855
 20
-5.24307
 30
0.0
 10
-7.66855
 20
-5.24307
 30
0.0
 10
-7.68619
 20
-5.26071
 30
0.0
 10
-7.68619
 20
-5.26071
 30
0.0
  0
SPLINE
  5
AC
330
1F
100
AcDbEntity
  8
Camada 1
 62
   251
370
     9
100
AcDbSpline
210
0.0
220
0.0
230
1.0
 70
    24
 71
     3
 72
     8
 73
     4
 74
     0
 42
0.0000000001
 43
0.0000000001
 40
0.0
 40
0.0
 40
0.0
 40
0.0
 40
1.0
 40
1.0
 40
1.0
 40
1.0
 10
-7.59447
 20
-5.22896
 30
0.0
 10
-7.59447
 20
-5.22896
 30
0.0
 10
-7.61916
 20
-5.22896
 30
0.0
 10
-7.61916
 20
-5.22896
 30
0.0
  0
SPLINE
  5
AD
330
1F
100
AcDbEntity
  8
Camada 1
 62
   251
370
     9
100
AcDbSpline
210
0.0
220
0.0
230
1.0
 70
     8
 71
     3
 72
    17
 73
    13
 74
     0
 42
0.0000000001
 43
0.0000000001
 40
0.0
 40
0.0
 40
0.0
 40
0.0
 40
0.25
 40
0.25
 40
0.25
 40
0.5
 40
0.5
 40
0.5
 40
0.75
 40
0.75
 40
0.75
 40
1.0
 40
1.0
 40
1.0
 40
1.0
 10
-7.52391
 20
-5.27482
 30
0.0
 10
-7.52391
 20
-5.27482
 30
0.0
 10
-7.53449
 20
-5.25718
 30
0.0
 10
-7.53449
 20
-5.25718
 30
0.0
 10
-7.53449
 20
-5.25718
 30
0.0
 10
-7.54861
 20
-5.24307
 30
0.0
 10
-7.54861
 20
-5.24307
 30
0.0
 10
-7.54861
 20
-5.24307
 30
0.0
 10
-7.56977
 20
-5.23248
 30
0.0
 10
-7.56977
 20
-5.23248
 30
0.0
 10
-7.56977
 20
-5.23248
 30
0.0
 10
-7.59447
 20
-5.22896
 30
0.0
 10
-7.59447
 20
-5.22896
 30
0.0
  0
SPLINE
  5
AE
330
1F
100
AcDbEntity
  8
Camada 1
 62
   251
370
     9
100
AcDbSpline
210
0.0
220
0.0
230
1.0
 70
     8
 71
     3
 72
    20
 73
    16
 74
     0
 42
0.0000000001
 43
0.0000000001
 40
0.0
 40
0.0
 40
0.0
 40
0.0
 40
0.2
 40
0.2
 40
0.2
 40
0.4
 40
0.4
 40
0.4
 40
0.6000000000000001
 40
0.6000000000000001
 40
0.6000000000000001
 40
0.8
 40
0.8
 40
0.8
 40
1.0
 40
1.0
 40
1.0
 40
1.0
 10
-7.60858
 20
-5.24307
 30
0.0
 10
-7.60858
 20
-5.24307
 30
0.0
 10
-7.59094
 20
-5.24307
 30
0.0
 10
-7.59094
 20
-5.24307
 30
0.0
 10
-7.59094
 20
-5.24307
 30
0.0
 10
-7.57683
 20
-5.25365
 30
0.0
 10
-7.57683
 20
-5.25365
 30
0.0
 10
-7.57683
 20
-5.25365
 30
0.0
 10
-7.56624
 20
-5.26423
 30
0.0
 10
-7.56624
 20
-5.26423
 30
0.0
 10
-7.56624
 20
-5.26423
 30
0.0
 10
-7.55919
 20
-5.27834
 30
0.0
 10
-7.55919
 20
-5.27834
 30
0.0
 10
-7.55919
 20
-5.27834
 30
0.0
 10
-7.55919
 20
-5.2854
 30
0.0
 10
-7.55919
 20
-5.2854
 30
0.0
  0
SPLINE
  5
AF
330
1F
100
AcDbEntity
  8
Camada 1
 62
   251
370
     9
100
AcDbSpline
210
0.0
220
0.0
230
1.0
 70
    24
 71
     3
 72
     8
 73
     4
 74
     0
 42
0.0000000001
 43
0.0000000001
 40
0.0
 40
0.0
 40
0.0
 40
0.0
 40
1.0
 40
1.0
 40
1.0
 40
1.0
 10
-7.34752
 20
-5.34537
 30
0.0
 10
-7.34752
 20
-5.34537
 30
0.0
 10
-7.35105
 20
-5.3489
 30
0.0
 10
-7.35105
 20
-5.3489
 30
0.0
  0
SPLINE
  5
B0
330
1F
100
AcDbEntity
  8
Camada 1
 62
   251
370
     9
100
AcDbSpline
210
0.0
220
0.0
230
1.0
 70
    24
 71
     3
 72
     8
 73
     4
 74
     0
 42
0.0000000001
 43
0.0000000001
 40
0.0
 40
0.0
 40
0.0
 40
0.0
 40
1.0
 40
1.0
 40
1.0
 40
1.0
 10
-7.35105
 20
-5.3489
 30
0.0
 10
-7.35105
 20
-5.3489
 30
0.0
 10
-7.30872
 20
-5.33832
 30
0.0
 10
-7.30872
 20
-5.33832
 30
0.0
  0
SPLINE
  5
B1
330
1F
100
AcDbEntity
  8
Camada 1
 62
   251
370
     9
100
AcDbSpline
210
0.0
220
0.0
230
1.0
 70
    24
 71
     3
 72
     8
 73
     4
 74
     0
 42
0.0000000001
 43
0.0000000001
 40
0.0
 40
0.0
 40
0.0
 40
0.0
 40
1.0
 40
1.0
 40
1.0
 40
1.0
 10
-7.60858
 20
-5.24307
 30
0.0
 10
-7.60858
 20
-5.24307
 30
0.0
 10
-7.60858
 20
-5.2466
 30
0.0
 10
-7.60858
 20
-5.2466
 30
0.0
  0
SPLINE
  5
B2
330
1F
100
AcDbEntity
  8
Camada 1
 62
   251
370
     9
100
AcDbSpline
210
0.0
220
0.0
230
1.0
 70
     8
 71
     3
 72
    20
 73
    16
 74
     0
 42
0.0000000001
 43
0.0000000001
 40
0.0
 40
0.0
 40
0.0
 40
0.0
 40
0.2
 40
0.2
 40
0.2
 40
0.4
 40
0.4
 40
0.4
 40
0.6000000000000001
 40
0.6000000000000001
 40
0.6000000000000001
 40
0.8
 40
0.8
 40
0.8
 40
1.0
 40
1.0
 40
1.0
 40
1.0
 10
-7.60858
 20
-5.2466
 30
0.0
 10
-7.60858
 20
-5.2466
 30
0.0
 10
-7.59094
 20
-5.2466
 30
0.0
 10
-7.59094
 20
-5.2466
 30
0.0
 10
-7.59094
 20
-5.2466
 30
0.0
 10
-7.58036
 20
-5.25365
 30
0.0
 10
-7.58036
 20
-5.25365
 30
0.0
 10
-7.58036
 20
-5.25365
 30
0.0
 10
-7.56977
 20
-5.26776
 30
0.0
 10
-7.56977
 20
-5.26776
 30
0.0
 10
-7.56977
 20
-5.26776
 30
0.0
 10
-7.56272
 20
-5.28187
 30
0.0
 10
-7.56272
 20
-5.28187
 30
0.0
 10
-7.56272
 20
-5.28187
 30
0.0
 10
-7.56272
 20
-5.28893
 30
0.0
 10
-7.56272
 20
-5.28893
 30
0.0
  0
SPLINE
  5
B3
330
1F
100
AcDbEntity
  8
Camada 1
 62
   251
370
     9
100
AcDbSpline
210
0.0
220
0.0
230
1.0
 70
    24
 71
     3
 72
     8
 73
     4
 74
     0
 42
0.0000000001
 43
0.0000000001
 40
0.0
 40
0.0
 40
0.0
 40
0.0
 40
1.0
 40
1.0
 40
1.0
 40
1.0
 10
-7.59447
 20
-5.22896
 30
0.0
 10
-7.59447
 20
-5.22896
 30
0.0
 10
-7.59447
 20
-5.22543
 30
0.0
 10
-7.59447
 20
-5.22543
 30
0.0
  0
SPLINE
  5
B4
330
1F
100
AcDbEntity
  8
Camada 1
 62
   251
370
     9
100
AcDbSpline
210
0.0
220
0.0
230
1.0
 70
     8
 71
     3
 72
    20
 73
    16
 74
     0
 42
0.0000000001
 43
0.0000000001
 40
0.0
 40
0.0
 40
0.0
 40
0.0
 40
0.2
 40
0.2
 40
0.2
 40
0.4
 40
0.4
 40
0.4
 40
0.6000000000000001
 40
0.6000000000000001
 40
0.6000000000000001
 40
0.8
 40
0.8
 40
0.8
 40
1.0
 40
1.0
 40
1.0
 40
1.0
 10
-7.52038
 20
-5.27834
 30
0.0
 10
-7.52038
 20
-5.27834
 30
0.0
 10
-7.52744
 20
-5.25718
 30
0.0
 10
-7.52744
 20
-5.25718
 30
0.0
 10
-7.52744
 20
-5.25718
 30
0.0
 10
-7.54155
 20
-5.24307
 30
0.0
 10
-7.54155
 20
-5.24307
 30
0.0
 10
-7.54155
 20
-5.24307
 30
0.0
 10
-7.56272
 20
-5.22896
 30
0.0
 10
-7.56272
 20
-5.22896
 30
0.0
 10
-7.56272
 20
-5.22896
 30
0.0
 10
-7.59094
 20
-5.22543
 30
0.0
 10
-7.59094
 20
-5.22543
 30
0.0
 10
-7.59094
 20
-5.22543
 30
0.0
 10
-7.59447
 20
-5.22543
 30
0.0
 10
-7.59447
 20
-5.22543
 30
0.0
  0
SPLINE
  5
B5
330
1F
100
AcDbEntity
  8
Camada 1
 62
   251
370
     9
100
AcDbSpline
210
0.0
220
0.0
230
1.0
 70
    24
 71
     3
 72
     8
 73
     4
 74
     0
 42
0.0000000001
 43
0.0000000001
 40
0.0
 40
0.0
 40
0.0
 40
0.0
 40
1.0
 40
1.0
 40
1.0
 40
1.0
 10
-6.78308
 20
-5.52529
 30
0.0
 10
-6.78308
 20
-5.52529
 30
0.0
 10
-6.78308
 20
-5.52882
 30
0.0
 10
-6.78308
 20
-5.52882
 30
0.0
  0
SPLINE
  5
B6
330
1F
100
AcDbEntity
  8
Camada 1
 62
   251
370
     9
100
AcDbSpline
210
0.0
220
0.0
230
1.0
 70
    24
 71
     3
 72
     8
 73
     4
 74
     0
 42
0.0000000001
 43
0.0000000001
 40
0.0
 40
0.0
 40
0.0
 40
0.0
 40
1.0
 40
1.0
 40
1.0
 40
1.0
 10
-6.78308
 20
-5.52529
 30
0.0
 10
-6.78308
 20
-5.52529
 30
0.0
 10
-6.75486
 20
-5.52529
 30
0.0
 10
-6.75486
 20
-5.52529
 30
0.0
  0
SPLINE
  5
B7
330
1F
100
AcDbEntity
  8
Camada 1
 62
   251
370
     9
100
AcDbSpline
210
0.0
220
0.0
230
1.0
 70
    24
 71
     3
 72
     8
 73
     4
 74
     0
 42
0.0000000001
 43
0.0000000001
 40
0.0
 40
0.0
 40
0.0
 40
0.0
 40
1.0
 40
1.0
 40
1.0
 40
1.0
 10
-6.75486
 20
-5.52529
 30
0.0
 10
-6.75486
 20
-5.52529
 30
0.0
 10
-6.75486
 20
-5.52882
 30
0.0
 10
-6.75486
 20
-5.52882
 30
0.0
  0
SPLINE
  5
B8
330
1F
100
AcDbEntity
  8
Camada 1
 62
   251
370
     9
100
AcDbSpline
210
0.0
220
0.0
230
1.0
 70
    24
 71
     3
 72
     8
 73
     4
 74
     0
 42
0.0000000001
 43
0.0000000001
 40
0.0
 40
0.0
 40
0.0
 40
0.0
 40
1.0
 40
1.0
 40
1.0
 40
1.0
 10
-6.78308
 20
-5.52882
 30
0.0
 10
-6.78308
 20
-5.52882
 30
0.0
 10
-6.75486
 20
-5.52882
 30
0.0
 10
-6.75486
 20
-5.52882
 30
0.0
  0
SPLINE
  5
B9
330
1F
100
AcDbEntity
  8
Camada 1
 62
   251
370
     9
100
AcDbSpline
210
0.0
220
0.0
230
1.0
 70
    24
 71
     3
 72
     8
 73
     4
 74
     0
 42
0.0000000001
 43
0.0000000001
 40
0.0
 40
0.0
 40
0.0
 40
0.0
 40
1.0
 40
1.0
 40
1.0
 40
1.0
 10
-6.76897
 20
-5.30304
 30
0.0
 10
-6.76897
 20
-5.30304
 30
0.0
 10
-6.76897
 20
-5.30657
 30
0.0
 10
-6.76897
 20
-5.30657
 30
0.0
  0
SPLINE
  5
BA
330
1F
100
AcDbEntity
  8
Camada 1
 62
   251
370
     9
100
AcDbSpline
210
0.0
220
0.0
230
1.0
 70
     8
 71
     3
 72
    20
 73
    16
 74
     0
 42
0.0000000001
 43
0.0000000001
 40
0.0
 40
0.0
 40
0.0
 40
0.0
 40
0.2
 40
0.2
 40
0.2
 40
0.4
 40
0.4
 40
0.4
 40
0.6000000000000001
 40
0.6000000000000001
 40
0.6000000000000001
 40
0.8
 40
0.8
 40
0.8
 40
1.0
 40
1.0
 40
1.0
 40
1.0
 10
-6.76897
 20
-5.30304
 30
0.0
 10
-6.76897
 20
-5.30304
 30
0.0
 10
-6.75133
 20
-5.30304
 30
0.0
 10
-6.75133
 20
-5.30304
 30
0.0
 10
-6.75133
 20
-5.30304
 30
0.0
 10
-6.73722
 20
-5.31362
 30
0.0
 10
-6.73722
 20
-5.31362
 30
0.0
 10
-6.73722
 20
-5.31362
 30
0.0
 10
-6.72663
 20
-5.32421
 30
0.0
 10
-6.72663
 20
-5.32421
 30
0.0
 10
-6.72663
 20
-5.32421
 30
0.0
 10
-6.71958
 20
-5.34184
 30
0.0
 10
-6.71958
 20
-5.34184
 30
0.0
 10
-6.71958
 20
-5.34184
 30
0.0
 10
-6.71958
 20
-5.3489
 30
0.0
 10
-6.71958
 20
-5.3489
 30
0.0
  0
SPLINE
  5
BB
330
1F
100
AcDbEntity
  8
Camada 1
 62
   251
370
     9
100
AcDbSpline
210
0.0
220
0.0
230
1.0
 70
    24
 71
     3
 72
    11
 73
     7
 74
     0
 42
0.0000000001
 43
0.0000000001
 40
0.0
 40
0.0
 40
0.0
 40
0.0
 40
0.5
 40
0.5
 40
0.5
 40
1.0
 40
1.0
 40
1.0
 40
1.0
 10
-6.71958
 20
-5.3489
 30
0.0
 10
-6.71958
 20
-5.3489
 30
0.0
 10
-6.71958
 20
-5.3489
 30
0.0
 10
-6.71958
 20
-5.3489
 30
0.0
 10
-6.71958
 20
-5.3489
 30
0.0
 10
-6.72311
 20
-5.3489
 30
0.0
 10
-6.72311
 20
-5.3489
 30
0.0
  0
SPLINE
  5
BC
330
1F
100
AcDbEntity
  8
Camada 1
 62
   251
370
     9
100
AcDbSpline
210
0.0
220
0.0
230
1.0
 70
     8
 71
     3
 72
    20
 73
    16
 74
     0
 42
0.0000000001
 43
0.0000000001
 40
0.0
 40
0.0
 40
0.0
 40
0.0
 40
0.2
 40
0.2
 40
0.2
 40
0.4
 40
0.4
 40
0.4
 40
0.6000000000000001
 40
0.6000000000000001
 40
0.6000000000000001
 40
0.8
 40
0.8
 40
0.8
 40
1.0
 40
1.0
 40
1.0
 40
1.0
 10
-6.76897
 20
-5.30657
 30
0.0
 10
-6.76897
 20
-5.30657
 30
0.0
 10
-6.75486
 20
-5.30657
 30
0.0
 10
-6.75486
 20
-5.30657
 30
0.0
 10
-6.75486
 20
-5.30657
 30
0.0
 10
-6.74074
 20
-5.31362
 30
0.0
 10
-6.74074
 20
-5.31362
 30
0.0
 10
-6.74074
 20
-5.31362
 30
0.0
 10
-6.73016
 20
-5.32773
 30
0.0
 10
-6.73016
 20
-5.32773
 30
0.0
 10
-6.73016
 20
-5.32773
 30
0.0
 10
-6.72311
 20
-5.34184
 30
0.0
 10
-6.72311
 20
-5.34184
 30
0.0
 10
-6.72311
 20
-5.34184
 30
0.0
 10
-6.72311
 20
-5.3489
 30
0.0
 10
-6.72311
 20
-5.3489
 30
0.0
  0
SPLINE
  5
BD
330
1F
100
AcDbEntity
  8
Camada 1
 62
   251
370
     9
100
AcDbSpline
210
0.0
220
0.0
230
1.0
 70
     8
 71
     3
 72
    14
 73
    10
 74
     0
 42
0.0000000001
 43
0.0000000001
 40
0.0
 40
0.0
 40
0.0
 40
0.0
 40
0.3333333333333333
 40
0.3333333333333333
 40
0.3333333333333333
 40
0.6666666666666666
 40
0.6666666666666666
 40
0.6666666666666666
 40
1.0
 40
1.0
 40
1.0
 40
1.0
 10
-6.75486
 20
-5.52529
 30
0.0
 10
-6.75486
 20
-5.52529
 30
0.0
 10
-6.74427
 20
-5.52529
 30
0.0
 10
-6.74427
 20
-5.52529
 30
0.0
 10
-6.74427
 20
-5.52529
 30
0.0
 10
-6.73016
 20
-5.52176
 30
0.0
 10
-6.73016
 20
-5.52176
 30
0.0
 10
-6.73016
 20
-5.52176
 30
0.0
 10
-6.71958
 20
-5.51823
 30
0.0
 10
-6.71958
 20
-5.51823
 30
0.0
  0
SPLINE
  5
BE
330
1F
100
AcDbEntity
  8
Camada 1
 62
   251
370
     9
100
AcDbSpline
210
0.0
220
0.0
230
1.0
 70
     8
 71
     3
 72
    11
 73
     7
 74
     0
 42
0.0000000001
 43
0.0000000001
 40
0.0
 40
0.0
 40
0.0
 40
0.0
 40
0.5
 40
0.5
 40
0.5
 40
1.0
 40
1.0
 40
1.0
 40
1.0
 10
-6.71958
 20
-5.51823
 30
0.0
 10
-6.71958
 20
-5.51823
 30
0.0
 10
-6.71958
 20
-5.52176
 30
0.0
 10
-6.71958
 20
-5.52176
 30
0.0
 10
-6.71958
 20
-5.52176
 30
0.0
 10
-6.72311
 20
-5.52529
 30
0.0
 10
-6.72311
 20
-5.52529
 30
0.0
  0
SPLINE
  5
BF
330
1F
100
AcDbEntity
  8
Camada 1
 62
   251
370
     9
100
AcDbSpline
210
0.0
220
0.0
230
1.0
 70
     8
 71
     3
 72
    14
 73
    10
 74
     0
 42
0.0000000001
 43
0.0000000001
 40
0.0
 40
0.0
 40
0.0
 40
0.0
 40
0.3333333333333333
 40
0.3333333333333333
 40
0.3333333333333333
 40
0.6666666666666666
 40
0.6666666666666666
 40
0.6666666666666666
 40
1.0
 40
1.0
 40
1.0
 40
1.0
 10
-6.75486
 20
-5.52882
 30
0.0
 10
-6.75486
 20
-5.52882
 30
0.0
 10
-6.74427
 20
-5.52882
 30
0.0
 10
-6.74427
 20
-5.52882
 30
0.0
 10
-6.74427
 20
-5.52882
 30
0.0
 10
-6.73369
 20
-5.52529
 30
0.0
 10
-6.73369
 20
-5.52529
 30
0.0
 10
-6.73369
 20
-5.52529
 30
0.0
 10
-6.72311
 20
-5.52529
 30
0.0
 10
-6.72311
 20
-5.52529
 30
0.0
  0
SPLINE
  5
C0
330
1F
100
AcDbEntity
  8
Camada 1
 62
   251
370
     9
100
AcDbSpline
210
0.0
220
0.0
230
1.0
 70
    24
 71
     3
 72
     8
 73
     4
 74
     0
 42
0.0000000001
 43
0.0000000001
 40
0.0
 40
0.0
 40
0.0
 40
0.0
 40
1.0
 40
1.0
 40
1.0
 40
1.0
 10
-6.76897
 20
-5.51471
 30
0.0
 10
-6.76897
 20
-5.51471
 30
0.0
 10
-6.76897
 20
-5.51118
 30
0.0
 10
-6.76897
 20
-5.51118
 30
0.0
  0
SPLINE
  5
C1
330
1F
100
AcDbEntity
  8
Camada 1
 62
   251
370
     9
100
AcDbSpline
210
0.0
220
0.0
230
1.0
 70
     8
 71
     3
 72
    20
 73
    16
 74
     0
 42
0.0000000001
 43
0.0000000001
 40
0.0
 40
0.0
 40
0.0
 40
0.0
 40
0.2
 40
0.2
 40
0.2
 40
0.4
 40
0.4
 40
0.4
 40
0.6000000000000001
 40
0.6000000000000001
 40
0.6000000000000001
 40
0.8
 40
0.8
 40
0.8
 40
1.0
 40
1.0
 40
1.0
 40
1.0
 10
-6.81836
 20
-5.46532
 30
0.0
 10
-6.81836
 20
-5.46532
 30
0.0
 10
-6.81483
 20
-5.47943
 30
0.0
 10
-6.81483
 20
-5.47943
 30
0.0
 10
-6.81483
 20
-5.47943
 30
0.0
 10
-6.80777
 20
-5.49354
 30
0.0
 10
-6.80777
 20
-5.49354
 30
0.0
 10
-6.80777
 20
-5.49354
 30
0.0
 10
-6.79366
 20
-5.50412
 30
0.0
 10
-6.79366
 20
-5.50412
 30
0.0
 10
-6.79366
 20
-5.50412
 30
0.0
 10
-6.77955
 20
-5.51118
 30
0.0
 10
-6.77955
 20
-5.51118
 30
0.0
 10
-6.77955
 20
-5.51118
 30
0.0
 10
-6.76897
 20
-5.51471
 30
0.0
 10
-6.76897
 20
-5.51471
 30
0.0
  0
SPLINE
  5
C2
330
1F
100
AcDbEntity
  8
Camada 1
 62
   251
370
     9
100
AcDbSpline
210
0.0
220
0.0
230
1.0
 70
    24
 71
     3
 72
     8
 73
     4
 74
     0
 42
0.0000000001
 43
0.0000000001
 40
0.0
 40
0.0
 40
0.0
 40
0.0
 40
1.0
 40
1.0
 40
1.0
 40
1.0
 10
-6.81836
 20
-5.46532
 30
0.0
 10
-6.81836
 20
-5.46532
 30
0.0
 10
-6.81483
 20
-5.46532
 30
0.0
 10
-6.81483
 20
-5.46532
 30
0.0
  0
SPLINE
  5
C3
330
1F
100
AcDbEntity
  8
Camada 1
 62
   251
370
     9
100
AcDbSpline
210
0.0
220
0.0
230
1.0
 70
     8
 71
     3
 72
    20
 73
    16
 74
     0
 42
0.0000000001
 43
0.0000000001
 40
0.0
 40
0.0
 40
0.0
 40
0.0
 40
0.2
 40
0.2
 40
0.2
 40
0.4
 40
0.4
 40
0.4
 40
0.6000000000000001
 40
0.6000000000000001
 40
0.6000000000000001
 40
0.8
 40
0.8
 40
0.8
 40
1.0
 40
1.0
 40
1.0
 40
1.0
 10
-6.81483
 20
-5.46532
 30
0.0
 10
-6.81483
 20
-5.46532
 30
0.0
 10
-6.8113
 20
-5.47943
 30
0.0
 10
-6.8113
 20
-5.47943
 30
0.0
 10
-6.8113
 20
-5.47943
 30
0.0
 10
-6.80424
 20
-5.49354
 30
0.0
 10
-6.80424
 20
-5.49354
 30
0.0
 10
-6.80424
 20
-5.49354
 30
0.0
 10
-6.79366
 20
-5.50412
 30
0.0
 10
-6.79366
 20
-5.50412
 30
0.0
 10
-6.79366
 20
-5.50412
 30
0.0
 10
-6.77955
 20
-5.50765
 30
0.0
 10
-6.77955
 20
-5.50765
 30
0.0
 10
-6.77955
 20
-5.50765
 30
0.0
 10
-6.76897
 20
-5.51118
 30
0.0
 10
-6.76897
 20
-5.51118
 30
0.0
  0
SPLINE
  5
C4
330
1F
100
AcDbEntity
  8
Camada 1
 62
   251
370
     9
100
AcDbSpline
210
0.0
220
0.0
230
1.0
 70
    24
 71
     3
 72
     8
 73
     4
 74
     0
 42
0.0000000001
 43
0.0000000001
 40
0.0
 40
0.0
 40
0.0
 40
0.0
 40
1.0
 40
1.0
 40
1.0
 40
1.0
 10
-6.81836
 20
-5.44415
 30
0.0
 10
-6.81836
 20
-5.44415
 30
0.0
 10
-6.81483
 20
-5.44415
 30
0.0
 10
-6.81483
 20
-5.44415
 30
0.0
  0
SPLINE
  5
C5
330
1F
100
AcDbEntity
  8
Camada 1
 62
   251
370
     9
100
AcDbSpline
210
0.0
220
0.0
230
1.0
 70
     8
 71
     3
 72
    20
 73
    16
 74
     0
 42
0.0000000001
 43
0.0000000001
 40
0.0
 40
0.0
 40
0.0
 40
0.0
 40
0.2
 40
0.2
 40
0.2
 40
0.4
 40
0.4
 40
0.4
 40
0.6000000000000001
 40
0.6000000000000001
 40
0.6000000000000001
 40
0.8
 40
0.8
 40
0.8
 40
1.0
 40
1.0
 40
1.0
 40
1.0
 10
-6.76897
 20
-5.39476
 30
0.0
 10
-6.76897
 20
-5.39476
 30
0.0
 10
-6.78661
 20
-5.39829
 30
0.0
 10
-6.78661
 20
-5.39829
 30
0.0
 10
-6.78661
 20
-5.39829
 30
0.0
 10
-6.80072
 20
-5.40535
 30
0.0
 10
-6.80072
 20
-5.40535
 30
0.0
 10
-6.80072
 20
-5.40535
 30
0.0
 10
-6.8113
 20
-5.41593
 30
0.0
 10
-6.8113
 20
-5.41593
 30
0.0
 10
-6.8113
 20
-5.41593
 30
0.0
 10
-6.81836
 20
-5.43357
 30
0.0
 10
-6.81836
 20
-5.43357
 30
0.0
 10
-6.81836
 20
-5.43357
 30
0.0
 10
-6.81836
 20
-5.44415
 30
0.0
 10
-6.81836
 20
-5.44415
 30
0.0
  0
SPLINE
  5
C6
330
1F
100
AcDbEntity
  8
Camada 1
 62
   251
370
     9
100
AcDbSpline
210
0.0
220
0.0
230
1.0
 70
    24
 71
     3
 72
     8
 73
     4
 74
     0
 42
0.0000000001
 43
0.0000000001
 40
0.0
 40
0.0
 40
0.0
 40
0.0
 40
1.0
 40
1.0
 40
1.0
 40
1.0
 10
-6.76897
 20
-5.39476
 30
0.0
 10
-6.76897
 20
-5.39476
 30
0.0
 10
-6.76897
 20
-5.39829
 30
0.0
 10
-6.76897
 20
-5.39829
 30
0.0
  0
SPLINE
  5
C7
330
1F
100
AcDbEntity
  8
Camada 1
 62
   251
370
     9
100
AcDbSpline
210
0.0
220
0.0
230
1.0
 70
     8
 71
     3
 72
    20
 73
    16
 74
     0
 42
0.0000000001
 43
0.0000000001
 40
0.0
 40
0.0
 40
0.0
 40
0.0
 40
0.2
 40
0.2
 40
0.2
 40
0.4
 40
0.4
 40
0.4
 40
0.6000000000000001
 40
0.6000000000000001
 40
0.6000000000000001
 40
0.8
 40
0.8
 40
0.8
 40
1.0
 40
1.0
 40
1.0
 40
1.0
 10
-6.76897
 20
-5.39829
 30
0.0
 10
-6.76897
 20
-5.39829
 30
0.0
 10
-6.78308
 20
-5.40182
 30
0.0
 10
-6.78308
 20
-5.40182
 30
0.0
 10
-6.78308
 20
-5.40182
 30
0.0
 10
-6.79719
 20
-5.40887
 30
0.0
 10
-6.79719
 20
-5.40887
 30
0.0
 10
-6.79719
 20
-5.40887
 30
0.0
 10
-6.80777
 20
-5.41946
 30
0.0
 10
-6.80777
 20
-5.41946
 30
0.0
 10
-6.80777
 20
-5.41946
 30
0.0
 10
-6.81483
 20
-5.43357
 30
0.0
 10
-6.81483
 20
-5.43357
 30
0.0
 10
-6.81483
 20
-5.43357
 30
0.0
 10
-6.81483
 20
-5.44415
 30
0.0
 10
-6.81483
 20
-5.44415
 30
0.0
  0
SPLINE
  5
C8
330
1F
100
AcDbEntity
  8
Camada 1
 62
   251
370
     9
100
AcDbSpline
210
0.0
220
0.0
230
1.0
 70
    24
 71
     3
 72
     8
 73
     4
 74
     0
 42
0.0000000001
 43
0.0000000001
 40
0.0
 40
0.0
 40
0.0
 40
0.0
 40
1.0
 40
1.0
 40
1.0
 40
1.0
 10
-6.78308
 20
-5.28893
 30
0.0
 10
-6.78308
 20
-5.28893
 30
0.0
 10
-6.78308
 20
-5.2854
 30
0.0
 10
-6.78308
 20
-5.2854
 30
0.0
  0
SPLINE
  5
C9
330
1F
100
AcDbEntity
  8
Camada 1
 62
   251
370
     9
100
AcDbSpline
210
0.0
220
0.0
230
1.0
 70
     8
 71
     3
 72
    14
 73
    10
 74
     0
 42
0.0000000001
 43
0.0000000001
 40
0.0
 40
0.0
 40
0.0
 40
0.0
 40
0.3333333333333333
 40
0.3333333333333333
 40
0.3333333333333333
 40
0.6666666666666666
 40
0.6666666666666666
 40
0.6666666666666666
 40
1.0
 40
1.0
 40
1.0
 40
1.0
 10
-6.78308
 20
-5.28893
 30
0.0
 10
-6.78308
 20
-5.28893
 30
0.0
 10
-6.80777
 20
-5.29246
 30
0.0
 10
-6.80777
 20
-5.29246
 30
0.0
 10
-6.80777
 20
-5.29246
 30
0.0
 10
-6.82894
 20
-5.30304
 30
0.0
 10
-6.82894
 20
-5.30304
 30
0.0
 10
-6.82894
 20
-5.30304
 30
0.0
 10
-6.83599
 20
-5.31009
 30
0.0
 10
-6.83599
 20
-5.31009
 30
0.0
  0
SPLINE
  5
CA
330
1F
100
AcDbEntity
  8
Camada 1
 62
   251
370
     9
100
AcDbSpline
210
0.0
220
0.0
230
1.0
 70
    24
 71
     3
 72
    11
 73
     7
 74
     0
 42
0.0000000001
 43
0.0000000001
 40
0.0
 40
0.0
 40
0.0
 40
0.0
 40
0.5
 40
0.5
 40
0.5
 40
1.0
 40
1.0
 40
1.0
 40
1.0
 10
-6.83599
 20
-5.31009
 30
0.0
 10
-6.83599
 20
-5.31009
 30
0.0
 10
-6.83952
 20
-5.31009
 30
0.0
 10
-6.83952
 20
-5.31009
 30
0.0
 10
-6.83952
 20
-5.31009
 30
0.0
 10
-6.84305
 20
-5.31009
 30
0.0
 10
-6.84305
 20
-5.31009
 30
0.0
  0
SPLINE
  5
CB
330
1F
100
AcDbEntity
  8
Camada 1
 62
   251
370
     9
100
AcDbSpline
210
0.0
220
0.0
230
1.0
 70
     8
 71
     3
 72
    14
 73
    10
 74
     0
 42
0.0000000001
 43
0.0000000001
 40
0.0
 40
0.0
 40
0.0
 40
0.0
 40
0.3333333333333333
 40
0.3333333333333333
 40
0.3333333333333333
 40
0.6666666666666666
 40
0.6666666666666666
 40
0.6666666666666666
 40
1.0
 40
1.0
 40
1.0
 40
1.0
 10
-6.78308
 20
-5.2854
 30
0.0
 10
-6.78308
 20
-5.2854
 30
0.0
 10
-6.80777
 20
-5.28893
 30
0.0
 10
-6.80777
 20
-5.28893
 30
0.0
 10
-6.80777
 20
-5.28893
 30
0.0
 10
-6.83247
 20
-5.29951
 30
0.0
 10
-6.83247
 20
-5.29951
 30
0.0
 10
-6.83247
 20
-5.29951
 30
0.0
 10
-6.84305
 20
-5.31009
 30
0.0
 10
-6.84305
 20
-5.31009
 30
0.0
  0
SPLINE
  5
CC
330
1F
100
AcDbEntity
  8
Camada 1
 62
   251
370
     9
100
AcDbSpline
210
0.0
220
0.0
230
1.0
 70
    24
 71
     3
 72
    11
 73
     7
 74
     0
 42
0.0000000001
 43
0.0000000001
 40
0.0
 40
0.0
 40
0.0
 40
0.0
 40
0.5
 40
0.5
 40
0.5
 40
1.0
 40
1.0
 40
1.0
 40
1.0
 10
-6.71958
 20
-5.46884
 30
0.0
 10
-6.71958
 20
-5.46884
 30
0.0
 10
-6.71958
 20
-5.46884
 30
0.0
 10
-6.71958
 20
-5.46884
 30
0.0
 10
-6.71958
 20
-5.46884
 30
0.0
 10
-6.72311
 20
-5.46884
 30
0.0
 10
-6.72311
 20
-5.46884
 30
0.0
  0
SPLINE
  5
CD
330
1F
100
AcDbEntity
  8
Camada 1
 62
   251
370
     9
100
AcDbSpline
210
0.0
220
0.0
230
1.0
 70
     8
 71
     3
 72
    20
 73
    16
 74
     0
 42
0.0000000001
 43
0.0000000001
 40
0.0
 40
0.0
 40
0.0
 40
0.0
 40
0.2
 40
0.2
 40
0.2
 40
0.4
 40
0.4
 40
0.4
 40
0.6000000000000001
 40
0.6000000000000001
 40
0.6000000000000001
 40
0.8
 40
0.8
 40
0.8
 40
1.0
 40
1.0
 40
1.0
 40
1.0
 10
-6.76897
 20
-5.51471
 30
0.0
 10
-6.76897
 20
-5.51471
 30
0.0
 10
-6.75133
 20
-5.51118
 30
0.0
 10
-6.75133
 20
-5.51118
 30
0.0
 10
-6.75133
 20
-5.51118
 30
0.0
 10
-6.73722
 20
-5.50412
 30
0.0
 10
-6.73722
 20
-5.50412
 30
0.0
 10
-6.73722
 20
-5.50412
 30
0.0
 10
-6.72663
 20
-5.49001
 30
0.0
 10
-6.72663
 20
-5.49001
 30
0.0
 10
-6.72663
 20
-5.49001
 30
0.0
 10
-6.71958
 20
-5.4759
 30
0.0
 10
-6.71958
 20
-5.4759
 30
0.0
 10
-6.71958
 20
-5.4759
 30
0.0
 10
-6.71958
 20
-5.46884
 30
0.0
 10
-6.71958
 20
-5.46884
 30
0.0
  0
SPLINE
  5
CE
330
1F
100
AcDbEntity
  8
Camada 1
 62
   251
370
     9
100
AcDbSpline
210
0.0
220
0.0
230
1.0
 70
     8
 71
     3
 72
    20
 73
    16
 74
     0
 42
0.0000000001
 43
0.0000000001
 40
0.0
 40
0.0
 40
0.0
 40
0.0
 40
0.2
 40
0.2
 40
0.2
 40
0.4
 40
0.4
 40
0.4
 40
0.6000000000000001
 40
0.6000000000000001
 40
0.6000000000000001
 40
0.8
 40
0.8
 40
0.8
 40
1.0
 40
1.0
 40
1.0
 40
1.0
 10
-6.76897
 20
-5.51118
 30
0.0
 10
-6.76897
 20
-5.51118
 30
0.0
 10
-6.75486
 20
-5.50765
 30
0.0
 10
-6.75486
 20
-5.50765
 30
0.0
 10
-6.75486
 20
-5.50765
 30
0.0
 10
-6.74074
 20
-5.50059
 30
0.0
 10
-6.74074
 20
-5.50059
 30
0.0
 10
-6.74074
 20
-5.50059
 30
0.0
 10
-6.73016
 20
-5.49001
 30
0.0
 10
-6.73016
 20
-5.49001
 30
0.0
 10
-6.73016
 20
-5.49001
 30
0.0
 10
-6.72311
 20
-5.4759
 30
0.0
 10
-6.72311
 20
-5.4759
 30
0.0
 10
-6.72311
 20
-5.4759
 30
0.0
 10
-6.72311
 20
-5.46884
 30
0.0
 10
-6.72311
 20
-5.46884
 30
0.0
  0
SPLINE
  5
CF
330
1F
100
AcDbEntity
  8
Camada 1
 62
   251
370
     9
100
AcDbSpline
210
0.0
220
0.0
230
1.0
 70
    24
 71
     3
 72
    11
 73
     7
 74
     0
 42
0.0000000001
 43
0.0000000001
 40
0.0
 40
0.0
 40
0.0
 40
0.0
 40
0.5
 40
0.5
 40
0.5
 40
1.0
 40
1.0
 40
1.0
 40
1.0
 10
-6.80424
 20
-5.31715
 30
0.0
 10
-6.80424
 20
-5.31715
 30
0.0
 10
-6.80424
 20
-5.31715
 30
0.0
 10
-6.80424
 20
-5.31715
 30
0.0
 10
-6.80424
 20
-5.31715
 30
0.0
 10
-6.80424
 20
-5.32068
 30
0.0
 10
-6.80424
 20
-5.32068
 30
0.0
  0
SPLINE
  5
D0
330
1F
100
AcDbEntity
  8
Camada 1
 62
   251
370
     9
100
AcDbSpline
210
0.0
220
0.0
230
1.0
 70
     8
 71
     3
 72
    14
 73
    10
 74
     0
 42
0.0000000001
 43
0.0000000001
 40
0.0
 40
0.0
 40
0.0
 40
0.0
 40
0.3333333333333333
 40
0.3333333333333333
 40
0.3333333333333333
 40
0.6666666666666666
 40
0.6666666666666666
 40
0.6666666666666666
 40
1.0
 40
1.0
 40
1.0
 40
1.0
 10
-6.80424
 20
-5.31715
 30
0.0
 10
-6.80424
 20
-5.31715
 30
0.0
 10
-6.79013
 20
-5.30657
 30
0.0
 10
-6.79013
 20
-5.30657
 30
0.0
 10
-6.79013
 20
-5.30657
 30
0.0
 10
-6.77602
 20
-5.30304
 30
0.0
 10
-6.77602
 20
-5.30304
 30
0.0
 10
-6.77602
 20
-5.30304
 30
0.0
 10
-6.76897
 20
-5.30304
 30
0.0
 10
-6.76897
 20
-5.30304
 30
0.0
  0
SPLINE
  5
D1
330
1F
100
AcDbEntity
  8
Camada 1
 62
   251
370
     9
100
AcDbSpline
210
0.0
220
0.0
230
1.0
 70
     8
 71
     3
 72
    14
 73
    10
 74
     0
 42
0.0000000001
 43
0.0000000001
 40
0.0
 40
0.0
 40
0.0
 40
0.0
 40
0.3333333333333333
 40
0.3333333333333333
 40
0.3333333333333333
 40
0.6666666666666666
 40
0.6666666666666666
 40
0.6666666666666666
 40
1.0
 40
1.0
 40
1.0
 40
1.0
 10
-6.80424
 20
-5.32068
 30
0.0
 10
-6.80424
 20
-5.32068
 30
0.0
 10
-6.79013
 20
-5.31009
 30
0.0
 10
-6.79013
 20
-5.31009
 30
0.0
 10
-6.79013
 20
-5.31009
 30
0.0
 10
-6.77602
 20
-5.30657
 30
0.0
 10
-6.77602
 20
-5.30657
 30
0.0
 10
-6.77602
 20
-5.30657
 30
0.0
 10
-6.76897
 20
-5.30657
 30
0.0
 10
-6.76897
 20
-5.30657
 30
0.0
  0
SPLINE
  5
D2
330
1F
100
AcDbEntity
  8
Camada 1
 62
   251
370
     9
100
AcDbSpline
210
0.0
220
0.0
230
1.0
 70
    24
 71
     3
 72
     8
 73
     4
 74
     0
 42
0.0000000001
 43
0.0000000001
 40
0.0
 40
0.0
 40
0.0
 40
0.0
 40
1.0
 40
1.0
 40
1.0
 40
1.0
 10
-7.02649
 20
-5.35243
 30
0.0
 10
-7.02649
 20
-5.35243
 30
0.0
 10
-7.02297
 20
-5.35243
 30
0.0
 10
-7.02297
 20
-5.35243
 30
0.0
  0
SPLINE
  5
D3
330
1F
100
AcDbEntity
  8
Camada 1
 62
   251
370
     9
100
AcDbSpline
210
0.0
220
0.0
230
1.0
 70
     8
 71
     3
 72
    20
 73
    16
 74
     0
 42
0.0000000001
 43
0.0000000001
 40
0.0
 40
0.0
 40
0.0
 40
0.0
 40
0.2
 40
0.2
 40
0.2
 40
0.4
 40
0.4
 40
0.4
 40
0.6000000000000001
 40
0.6000000000000001
 40
0.6000000000000001
 40
0.8
 40
0.8
 40
0.8
 40
1.0
 40
1.0
 40
1.0
 40
1.0
 10
-7.02649
 20
-5.35243
 30
0.0
 10
-7.02649
 20
-5.35243
 30
0.0
 10
-7.02649
 20
-5.33479
 30
0.0
 10
-7.02649
 20
-5.33479
 30
0.0
 10
-7.02649
 20
-5.33479
 30
0.0
 10
-7.01591
 20
-5.32068
 30
0.0
 10
-7.01591
 20
-5.32068
 30
0.0
 10
-7.01591
 20
-5.32068
 30
0.0
 10
-7.00533
 20
-5.31009
 30
0.0
 10
-7.00533
 20
-5.31009
 30
0.0
 10
-7.00533
 20
-5.31009
 30
0.0
 10
-6.98769
 20
-5.30304
 30
0.0
 10
-6.98769
 20
-5.30304
 30
0.0
 10
-6.98769
 20
-5.30304
 30
0.0
 10
-6.97711
 20
-5.30304
 30
0.0
 10
-6.97711
 20
-5.30304
 30
0.0
  0
SPLINE
  5
D4
330
1F
100
AcDbEntity
  8
Camada 1
 62
   251
370
     9
100
AcDbSpline
210
0.0
220
0.0
230
1.0
 70
    24
 71
     3
 72
     8
 73
     4
 74
     0
 42
0.0000000001
 43
0.0000000001
 40
0.0
 40
0.0
 40
0.0
 40
0.0
 40
1.0
 40
1.0
 40
1.0
 40
1.0
 10
-6.97711
 20
-5.30304
 30
0.0
 10
-6.97711
 20
-5.30304
 30
0.0
 10
-6.97711
 20
-5.30657
 30
0.0
 10
-6.97711
 20
-5.30657
 30
0.0
  0
SPLINE
  5
D5
330
1F
100
AcDbEntity
  8
Camada 1
 62
   251
370
     9
100
AcDbSpline
210
0.0
220
0.0
230
1.0
 70
     8
 71
     3
 72
    20
 73
    16
 74
     0
 42
0.0000000001
 43
0.0000000001
 40
0.0
 40
0.0
 40
0.0
 40
0.0
 40
0.2
 40
0.2
 40
0.2
 40
0.4
 40
0.4
 40
0.4
 40
0.6000000000000001
 40
0.6000000000000001
 40
0.6000000000000001
 40
0.8
 40
0.8
 40
0.8
 40
1.0
 40
1.0
 40
1.0
 40
1.0
 10
-7.02297
 20
-5.35243
 30
0.0
 10
-7.02297
 20
-5.35243
 30
0.0
 10
-7.02297
 20
-5.33479
 30
0.0
 10
-7.02297
 20
-5.33479
 30
0.0
 10
-7.02297
 20
-5.33479
 30
0.0
 10
-7.01591
 20
-5.32421
 30
0.0
 10
-7.01591
 20
-5.32421
 30
0.0
 10
-7.01591
 20
-5.32421
 30
0.0
 10
-7.0018
 20
-5.31362
 30
0.0
 10
-7.0018
 20
-5.31362
 30
0.0
 10
-7.0018
 20
-5.31362
 30
0.0
 10
-6.98769
 20
-5.30657
 30
0.0
 10
-6.98769
 20
-5.30657
 30
0.0
 10
-6.98769
 20
-5.30657
 30
0.0
 10
-6.97711
 20
-5.30657
 30
0.0
 10
-6.97711
 20
-5.30657
 30
0.0
  0
SPLINE
  5
D6
330
1F
100
AcDbEntity
  8
Camada 1
 62
   251
370
     9
100
AcDbSpline
210
0.0
220
0.0
230
1.0
 70
     8
 71
     3
 72
    20
 73
    16
 74
     0
 42
0.0000000001
 43
0.0000000001
 40
0.0
 40
0.0
 40
0.0
 40
0.0
 40
0.2
 40
0.2
 40
0.2
 40
0.4
 40
0.4
 40
0.4
 40
0.6000000000000001
 40
0.6000000000000001
 40
0.6000000000000001
 40
0.8
 40
0.8
 40
0.8
 40
1.0
 40
1.0
 40
1.0
 40
1.0
 10
-6.97711
 20
-5.30304
 30
0.0
 10
-6.97711
 20
-5.30304
 30
0.0
 10
-6.96299
 20
-5.30304
 30
0.0
 10
-6.96299
 20
-5.30304
 30
0.0
 10
-6.96299
 20
-5.30304
 30
0.0
 10
-6.94888
 20
-5.31362
 30
0.0
 10
-6.94888
 20
-5.31362
 30
0.0
 10
-6.94888
 20
-5.31362
 30
0.0
 10
-6.9383
 20
-5.32421
 30
0.0
 10
-6.9383
 20
-5.32421
 30
0.0
 10
-6.9383
 20
-5.32421
 30
0.0
 10
-6.93124
 20
-5.33832
 30
0.0
 10
-6.93124
 20
-5.33832
 30
0.0
 10
-6.93124
 20
-5.33832
 30
0.0
 10
-6.92772
 20
-5.35243
 30
0.0
 10
-6.92772
 20
-5.35243
 30
0.0
  0
SPLINE
  5
D7
330
1F
100
AcDbEntity
  8
Camada 1
 62
   251
370
     9
100
AcDbSpline
210
0.0
220
0.0
230
1.0
 70
    24
 71
     3
 72
     8
 73
     4
 74
     0
 42
0.0000000001
 43
0.0000000001
 40
0.0
 40
0.0
 40
0.0
 40
0.0
 40
1.0
 40
1.0
 40
1.0
 40
1.0
 10
-6.92772
 20
-5.35243
 30
0.0
 10
-6.92772
 20
-5.35243
 30
0.0
 10
-6.93124
 20
-5.35243
 30
0.0
 10
-6.93124
 20
-5.35243
 30
0.0
  0
SPLINE
  5
D8
330
1F
100
AcDbEntity
  8
Camada 1
 62
   251
370
     9
100
AcDbSpline
210
0.0
220
0.0
230
1.0
 70
     8
 71
     3
 72
    20
 73
    16
 74
     0
 42
0.0000000001
 43
0.0000000001
 40
0.0
 40
0.0
 40
0.0
 40
0.0
 40
0.2
 40
0.2
 40
0.2
 40
0.4
 40
0.4
 40
0.4
 40
0.6000000000000001
 40
0.6000000000000001
 40
0.6000000000000001
 40
0.8
 40
0.8
 40
0.8
 40
1.0
 40
1.0
 40
1.0
 40
1.0
 10
-6.97711
 20
-5.30657
 30
0.0
 10
-6.97711
 20
-5.30657
 30
0.0
 10
-6.96299
 20
-5.30657
 30
0.0
 10
-6.96299
 20
-5.30657
 30
0.0
 10
-6.96299
 20
-5.30657
 30
0.0
 10
-6.94888
 20
-5.31362
 30
0.0
 10
-6.94888
 20
-5.31362
 30
0.0
 10
-6.94888
 20
-5.31362
 30
0.0
 10
-6.9383
 20
-5.32773
 30
0.0
 10
-6.9383
 20
-5.32773
 30
0.0
 10
-6.9383
 20
-5.32773
 30
0.0
 10
-6.93477
 20
-5.34184
 30
0.0
 10
-6.93477
 20
-5.34184
 30
0.0
 10
-6.93477
 20
-5.34184
 30
0.0
 10
-6.93124
 20
-5.35243
 30
0.0
 10
-6.93124
 20
-5.35243
 30
0.0
  0
SPLINE
  5
D9
330
1F
100
AcDbEntity
  8
Camada 1
 62
   251
370
     9
100
AcDbSpline
210
0.0
220
0.0
230
1.0
 70
    24
 71
     3
 72
     8
 73
     4
 74
     0
 42
0.0000000001
 43
0.0000000001
 40
0.0
 40
0.0
 40
0.0
 40
0.0
 40
1.0
 40
1.0
 40
1.0
 40
1.0
 10
-6.92772
 20
-5.35243
 30
0.0
 10
-6.92772
 20
-5.35243
 30
0.0
 10
-6.92772
 20
-5.52529
 30
0.0
 10
-6.92772
 20
-5.52529
 30
0.0
  0
SPLINE
  5
DA
330
1F
100
AcDbEntity
  8
Camada 1
 62
   251
370
     9
100
AcDbSpline
210
0.0
220
0.0
230
1.0
 70
    24
 71
     3
 72
     8
 73
     4
 74
     0
 42
0.0000000001
 43
0.0000000001
 40
0.0
 40
0.0
 40
0.0
 40
0.0
 40
1.0
 40
1.0
 40
1.0
 40
1.0
 10
-6.92772
 20
-5.52529
 30
0.0
 10
-6.92772
 20
-5.52529
 30
0.0
 10
-6.93124
 20
-5.52882
 30
0.0
 10
-6.93124
 20
-5.52882
 30
0.0
  0
SPLINE
  5
DB
330
1F
100
AcDbEntity
  8
Camada 1
 62
   251
370
     9
100
AcDbSpline
210
0.0
220
0.0
230
1.0
 70
    24
 71
     3
 72
     8
 73
     4
 74
     0
 42
0.0000000001
 43
0.0000000001
 40
0.0
 40
0.0
 40
0.0
 40
0.0
 40
1.0
 40
1.0
 40
1.0
 40
1.0
 10
-6.93124
 20
-5.35243
 30
0.0
 10
-6.93124
 20
-5.35243
 30
0.0
 10
-6.93124
 20
-5.52882
 30
0.0
 10
-6.93124
 20
-5.52882
 30
0.0
  0
SPLINE
  5
DC
330
1F
100
AcDbEntity
  8
Camada 1
 62
   251
370
     9
100
AcDbSpline
210
0.0
220
0.0
230
1.0
 70
    24
 71
     3
 72
     8
 73
     4
 74
     0
 42
0.0000000001
 43
0.0000000001
 40
0.0
 40
0.0
 40
0.0
 40
0.0
 40
1.0
 40
1.0
 40
1.0
 40
1.0
 10
-6.92772
 20
-5.52529
 30
0.0
 10
-6.92772
 20
-5.52529
 30
0.0
 10
-6.89244
 20
-5.52529
 30
0.0
 10
-6.89244
 20
-5.52529
 30
0.0
  0
SPLINE
  5
DD
330
1F
100
AcDbEntity
  8
Camada 1
 62
   251
370
     9
100
AcDbSpline
210
0.0
220
0.0
230
1.0
 70
    24
 71
     3
 72
     8
 73
     4
 74
     0
 42
0.0000000001
 43
0.0000000001
 40
0.0
 40
0.0
 40
0.0
 40
0.0
 40
1.0
 40
1.0
 40
1.0
 40
1.0
 10
-6.89244
 20
-5.52529
 30
0.0
 10
-6.89244
 20
-5.52529
 30
0.0
 10
-6.88891
 20
-5.52882
 30
0.0
 10
-6.88891
 20
-5.52882
 30
0.0
  0
SPLINE
  5
DE
330
1F
100
AcDbEntity
  8
Camada 1
 62
   251
370
     9
100
AcDbSpline
210
0.0
220
0.0
230
1.0
 70
    24
 71
     3
 72
     8
 73
     4
 74
     0
 42
0.0000000001
 43
0.0000000001
 40
0.0
 40
0.0
 40
0.0
 40
0.0
 40
1.0
 40
1.0
 40
1.0
 40
1.0
 10
-6.93124
 20
-5.52882
 30
0.0
 10
-6.93124
 20
-5.52882
 30
0.0
 10
-6.88891
 20
-5.52882
 30
0.0
 10
-6.88891
 20
-5.52882
 30
0.0
  0
SPLINE
  5
DF
330
1F
100
AcDbEntity
  8
Camada 1
 62
   251
370
     9
100
AcDbSpline
210
0.0
220
0.0
230
1.0
 70
    24
 71
     3
 72
     8
 73
     4
 74
     0
 42
0.0000000001
 43
0.0000000001
 40
0.0
 40
0.0
 40
0.0
 40
0.0
 40
1.0
 40
1.0
 40
1.0
 40
1.0
 10
-6.89244
 20
-5.52529
 30
0.0
 10
-6.89244
 20
-5.52529
 30
0.0
 10
-6.89244
 20
-5.35596
 30
0.0
 10
-6.89244
 20
-5.35596
 30
0.0
  0
SPLINE
  5
E0
330
1F
100
AcDbEntity
  8
Camada 1
 62
   251
370
     9
100
AcDbSpline
210
0.0
220
0.0
230
1.0
 70
    24
 71
     3
 72
     8
 73
     4
 74
     0
 42
0.0000000001
 43
0.0000000001
 40
0.0
 40
0.0
 40
0.0
 40
0.0
 40
1.0
 40
1.0
 40
1.0
 40
1.0
 10
-6.89244
 20
-5.35596
 30
0.0
 10
-6.89244
 20
-5.35596
 30
0.0
 10
-6.88891
 20
-5.35596
 30
0.0
 10
-6.88891
 20
-5.35596
 30
0.0
  0
SPLINE
  5
E1
330
1F
100
AcDbEntity
  8
Camada 1
 62
   251
370
     9
100
AcDbSpline
210
0.0
220
0.0
230
1.0
 70
    24
 71
     3
 72
     8
 73
     4
 74
     0
 42
0.0000000001
 43
0.0000000001
 40
0.0
 40
0.0
 40
0.0
 40
0.0
 40
1.0
 40
1.0
 40
1.0
 40
1.0
 10
-6.88891
 20
-5.52882
 30
0.0
 10
-6.88891
 20
-5.52882
 30
0.0
 10
-6.88891
 20
-5.35596
 30
0.0
 10
-6.88891
 20
-5.35596
 30
0.0
  0
SPLINE
  5
E2
330
1F
100
AcDbEntity
  8
Camada 1
 62
   251
370
     9
100
AcDbSpline
210
0.0
220
0.0
230
1.0
 70
     8
 71
     3
 72
    20
 73
    16
 74
     0
 42
0.0000000001
 43
0.0000000001
 40
0.0
 40
0.0
 40
0.0
 40
0.0
 40
0.2
 40
0.2
 40
0.2
 40
0.4
 40
0.4
 40
0.4
 40
0.6000000000000001
 40
0.6000000000000001
 40
0.6000000000000001
 40
0.8
 40
0.8
 40
0.8
 40
1.0
 40
1.0
 40
1.0
 40
1.0
 10
-6.89244
 20
-5.35596
 30
0.0
 10
-6.89244
 20
-5.35596
 30
0.0
 10
-6.89597
 20
-5.33479
 30
0.0
 10
-6.89597
 20
-5.33479
 30
0.0
 10
-6.89597
 20
-5.33479
 30
0.0
 10
-6.90302
 20
-5.31715
 30
0.0
 10
-6.90302
 20
-5.31715
 30
0.0
 10
-6.90302
 20
-5.31715
 30
0.0
 10
-6.92066
 20
-5.30304
 30
0.0
 10
-6.92066
 20
-5.30304
 30
0.0
 10
-6.92066
 20
-5.30304
 30
0.0
 10
-6.94183
 20
-5.29246
 30
0.0
 10
-6.94183
 20
-5.29246
 30
0.0
 10
-6.94183
 20
-5.29246
 30
0.0
 10
-6.96652
 20
-5.28893
 30
0.0
 10
-6.96652
 20
-5.28893
 30
0.0
  0
SPLINE
  5
E3
330
1F
100
AcDbEntity
  8
Camada 1
 62
   251
370
     9
100
AcDbSpline
210
0.0
220
0.0
230
1.0
 70
    24
 71
     3
 72
     8
 73
     4
 74
     0
 42
0.0000000001
 43
0.0000000001
 40
0.0
 40
0.0
 40
0.0
 40
0.0
 40
1.0
 40
1.0
 40
1.0
 40
1.0
 10
-6.96652
 20
-5.28893
 30
0.0
 10
-6.96652
 20
-5.28893
 30
0.0
 10
-6.96652
 20
-5.2854
 30
0.0
 10
-6.96652
 20
-5.2854
 30
0.0
  0
SPLINE
  5
E4
330
1F
100
AcDbEntity
  8
Camada 1
 62
   251
370
     9
100
AcDbSpline
210
0.0
220
0.0
230
1.0
 70
     8
 71
     3
 72
    20
 73
    16
 74
     0
 42
0.0000000001
 43
0.0000000001
 40
0.0
 40
0.0
 40
0.0
 40
0.0
 40
0.2
 40
0.2
 40
0.2
 40
0.4
 40
0.4
 40
0.4
 40
0.6000000000000001
 40
0.6000000000000001
 40
0.6000000000000001
 40
0.8
 40
0.8
 40
0.8
 40
1.0
 40
1.0
 40
1.0
 40
1.0
 10
-6.88891
 20
-5.35596
 30
0.0
 10
-6.88891
 20
-5.35596
 30
0.0
 10
-6.89244
 20
-5.33479
 30
0.0
 10
-6.89244
 20
-5.33479
 30
0.0
 10
-6.89244
 20
-5.33479
 30
0.0
 10
-6.90302
 20
-5.31362
 30
0.0
 10
-6.90302
 20
-5.31362
 30
0.0
 10
-6.90302
 20
-5.31362
 30
0.0
 10
-6.91713
 20
-5.29951
 30
0.0
 10
-6.91713
 20
-5.29951
 30
0.0
 10
-6.91713
 20
-5.29951
 30
0.0
 10
-6.94183
 20
-5.28893
 30
0.0
 10
-6.94183
 20
-5.28893
 30
0.0
 10
-6.94183
 20
-5.28893
 30
0.0
 10
-6.96652
 20
-5.2854
 30
0.0
 10
-6.96652
 20
-5.2854
 30
0.0
  0
SPLINE
  5
E5
330
1F
100
AcDbEntity
  8
Camada 1
 62
   251
370
     9
100
AcDbSpline
210
0.0
220
0.0
230
1.0
 70
    24
 71
     3
 72
     8
 73
     4
 74
     0
 42
0.0000000001
 43
0.0000000001
 40
0.0
 40
0.0
 40
0.0
 40
0.0
 40
1.0
 40
1.0
 40
1.0
 40
1.0
 10
-6.81836
 20
-5.44415
 30
0.0
 10
-6.81836
 20
-5.44415
 30
0.0
 10
-6.81836
 20
-5.46532
 30
0.0
 10
-6.81836
 20
-5.46532
 30
0.0
  0
SPLINE
  5
E6
330
1F
100
AcDbEntity
  8
Camada 1
 62
   251
370
     9
100
AcDbSpline
210
0.0
220
0.0
230
1.0
 70
    24
 71
     3
 72
     8
 73
     4
 74
     0
 42
0.0000000001
 43
0.0000000001
 40
0.0
 40
0.0
 40
0.0
 40
0.0
 40
1.0
 40
1.0
 40
1.0
 40
1.0
 10
-6.81483
 20
-5.44415
 30
0.0
 10
-6.81483
 20
-5.44415
 30
0.0
 10
-6.81483
 20
-5.46532
 30
0.0
 10
-6.81483
 20
-5.46532
 30
0.0
  0
SPLINE
  5
E7
330
1F
100
AcDbEntity
  8
Camada 1
 62
   251
370
     9
100
AcDbSpline
210
0.0
220
0.0
230
1.0
 70
    24
 71
     3
 72
     8
 73
     4
 74
     0
 42
0.0000000001
 43
0.0000000001
 40
0.0
 40
0.0
 40
0.0
 40
0.0
 40
1.0
 40
1.0
 40
1.0
 40
1.0
 10
-6.68077
 20
-5.35596
 30
0.0
 10
-6.68077
 20
-5.35596
 30
0.0
 10
-6.67724
 20
-5.35596
 30
0.0
 10
-6.67724
 20
-5.35596
 30
0.0
  0
SPLINE
  5
E8
330
1F
100
AcDbEntity
  8
Camada 1
 62
   251
370
     9
100
AcDbSpline
210
0.0
220
0.0
230
1.0
 70
     8
 71
     3
 72
    20
 73
    16
 74
     0
 42
0.0000000001
 43
0.0000000001
 40
0.0
 40
0.0
 40
0.0
 40
0.0
 40
0.2
 40
0.2
 40
0.2
 40
0.4
 40
0.4
 40
0.4
 40
0.6000000000000001
 40
0.6000000000000001
 40
0.6000000000000001
 40
0.8
 40
0.8
 40
0.8
 40
1.0
 40
1.0
 40
1.0
 40
1.0
 10
-6.68077
 20
-5.35596
 30
0.0
 10
-6.68077
 20
-5.35596
 30
0.0
 10
-6.6843
 20
-5.33479
 30
0.0
 10
-6.6843
 20
-5.33479
 30
0.0
 10
-6.6843
 20
-5.33479
 30
0.0
 10
-6.69488
 20
-5.31715
 30
0.0
 10
-6.69488
 20
-5.31715
 30
0.0
 10
-6.69488
 20
-5.31715
 30
0.0
 10
-6.70899
 20
-5.30304
 30
0.0
 10
-6.70899
 20
-5.30304
 30
0.0
 10
-6.70899
 20
-5.30304
 30
0.0
 10
-6.73016
 20
-5.29246
 30
0.0
 10
-6.73016
 20
-5.29246
 30
0.0
 10
-6.73016
 20
-5.29246
 30
0.0
 10
-6.75486
 20
-5.28893
 30
0.0
 10
-6.75486
 20
-5.28893
 30
0.0
  0
SPLINE
  5
E9
330
1F
100
AcDbEntity
  8
Camada 1
 62
   251
370
     9
100
AcDbSpline
210
0.0
220
0.0
230
1.0
 70
    24
 71
     3
 72
     8
 73
     4
 74
     0
 42
0.0000000001
 43
0.0000000001
 40
0.0
 40
0.0
 40
0.0
 40
0.0
 40
1.0
 40
1.0
 40
1.0
 40
1.0
 10
-6.75486
 20
-5.28893
 30
0.0
 10
-6.75486
 20
-5.28893
 30
0.0
 10
-6.75486
 20
-5.2854
 30
0.0
 10
-6.75486
 20
-5.2854
 30
0.0
  0
SPLINE
  5
EA
330
1F
100
AcDbEntity
  8
Camada 1
 62
   251
370
     9
100
AcDbSpline
210
0.0
220
0.0
230
1.0
 70
     8
 71
     3
 72
    20
 73
    16
 74
     0
 42
0.0000000001
 43
0.0000000001
 40
0.0
 40
0.0
 40
0.0
 40
0.0
 40
0.2
 40
0.2
 40
0.2
 40
0.4
 40
0.4
 40
0.4
 40
0.6000000000000001
 40
0.6000000000000001
 40
0.6000000000000001
 40
0.8
 40
0.8
 40
0.8
 40
1.0
 40
1.0
 40
1.0
 40
1.0
 10
-6.67724
 20
-5.35596
 30
0.0
 10
-6.67724
 20
-5.35596
 30
0.0
 10
-6.68077
 20
-5.33479
 30
0.0
 10
-6.68077
 20
-5.33479
 30
0.0
 10
-6.68077
 20
-5.33479
 30
0.0
 10
-6.69136
 20
-5.31362
 30
0.0
 10
-6.69136
 20
-5.31362
 30
0.0
 10
-6.69136
 20
-5.31362
 30
0.0
 10
-6.70899
 20
-5.29951
 30
0.0
 10
-6.70899
 20
-5.29951
 30
0.0
 10
-6.70899
 20
-5.29951
 30
0.0
 10
-6.73016
 20
-5.28893
 30
0.0
 10
-6.73016
 20
-5.28893
 30
0.0
 10
-6.73016
 20
-5.28893
 30
0.0
 10
-6.75486
 20
-5.2854
 30
0.0
 10
-6.75486
 20
-5.2854
 30
0.0
  0
SPLINE
  5
EB
330
1F
100
AcDbEntity
  8
Camada 1
 62
   251
370
     9
100
AcDbSpline
210
0.0
220
0.0
230
1.0
 70
    24
 71
     3
 72
     8
 73
     4
 74
     0
 42
0.0000000001
 43
0.0000000001
 40
0.0
 40
0.0
 40
0.0
 40
0.0
 40
1.0
 40
1.0
 40
1.0
 40
1.0
 10
-6.75486
 20
-5.28893
 30
0.0
 10
-6.75486
 20
-5.28893
 30
0.0
 10
-6.78308
 20
-5.28893
 30
0.0
 10
-6.78308
 20
-5.28893
 30
0.0
  0
SPLINE
  5
EC
330
1F
100
AcDbEntity
  8
Camada 1
 62
   251
370
     9
100
AcDbSpline
210
0.0
220
0.0
230
1.0
 70
    24
 71
     3
 72
     8
 73
     4
 74
     0
 42
0.0000000001
 43
0.0000000001
 40
0.0
 40
0.0
 40
0.0
 40
0.0
 40
1.0
 40
1.0
 40
1.0
 40
1.0
 10
-6.75486
 20
-5.2854
 30
0.0
 10
-6.75486
 20
-5.2854
 30
0.0
 10
-6.78308
 20
-5.2854
 30
0.0
 10
-6.78308
 20
-5.2854
 30
0.0
  0
SPLINE
  5
ED
330
1F
100
AcDbEntity
  8
Camada 1
 62
   251
370
     9
100
AcDbSpline
210
0.0
220
0.0
230
1.0
 70
    24
 71
     3
 72
     8
 73
     4
 74
     0
 42
0.0000000001
 43
0.0000000001
 40
0.0
 40
0.0
 40
0.0
 40
0.0
 40
1.0
 40
1.0
 40
1.0
 40
1.0
 10
-6.83599
 20
-5.31009
 30
0.0
 10
-6.83599
 20
-5.31009
 30
0.0
 10
-6.80424
 20
-5.31715
 30
0.0
 10
-6.80424
 20
-5.31715
 30
0.0
  0
SPLINE
  5
EE
330
1F
100
AcDbEntity
  8
Camada 1
 62
   251
370
     9
100
AcDbSpline
210
0.0
220
0.0
230
1.0
 70
    24
 71
     3
 72
     8
 73
     4
 74
     0
 42
0.0000000001
 43
0.0000000001
 40
0.0
 40
0.0
 40
0.0
 40
0.0
 40
1.0
 40
1.0
 40
1.0
 40
1.0
 10
-6.84305
 20
-5.31009
 30
0.0
 10
-6.84305
 20
-5.31009
 30
0.0
 10
-6.80424
 20
-5.32068
 30
0.0
 10
-6.80424
 20
-5.32068
 30
0.0
  0
SPLINE
  5
EF
330
1F
100
AcDbEntity
  8
Camada 1
 62
   251
370
     9
100
AcDbSpline
210
0.0
220
0.0
230
1.0
 70
    24
 71
     3
 72
     8
 73
     4
 74
     0
 42
0.0000000001
 43
0.0000000001
 40
0.0
 40
0.0
 40
0.0
 40
0.0
 40
1.0
 40
1.0
 40
1.0
 40
1.0
 10
-7.02649
 20
-5.28893
 30
0.0
 10
-7.02649
 20
-5.28893
 30
0.0
 10
-7.0653
 20
-5.28893
 30
0.0
 10
-7.0653
 20
-5.28893
 30
0.0
  0
SPLINE
  5
F0
330
1F
100
AcDbEntity
  8
Camada 1
 62
   251
370
     9
100
AcDbSpline
210
0.0
220
0.0
230
1.0
 70
    24
 71
     3
 72
     8
 73
     4
 74
     0
 42
0.0000000001
 43
0.0000000001
 40
0.0
 40
0.0
 40
0.0
 40
0.0
 40
1.0
 40
1.0
 40
1.0
 40
1.0
 10
-7.02649
 20
-5.29598
 30
0.0
 10
-7.02649
 20
-5.29598
 30
0.0
 10
-7.02649
 20
-5.28893
 30
0.0
 10
-7.02649
 20
-5.28893
 30
0.0
  0
SPLINE
  5
F1
330
1F
100
AcDbEntity
  8
Camada 1
 62
   251
370
     9
100
AcDbSpline
210
0.0
220
0.0
230
1.0
 70
     8
 71
     3
 72
    14
 73
    10
 74
     0
 42
0.0000000001
 43
0.0000000001
 40
0.0
 40
0.0
 40
0.0
 40
0.0
 40
0.3333333333333333
 40
0.3333333333333333
 40
0.3333333333333333
 40
0.6666666666666666
 40
0.6666666666666666
 40
0.6666666666666666
 40
1.0
 40
1.0
 40
1.0
 40
1.0
 10
-6.99122
 20
-5.28893
 30
0.0
 10
-6.99122
 20
-5.28893
 30
0.0
 10
-7.00533
 20
-5.28893
 30
0.0
 10
-7.00533
 20
-5.28893
 30
0.0
 10
-7.00533
 20
-5.28893
 30
0.0
 10
-7.01591
 20
-5.29246
 30
0.0
 10
-7.01591
 20
-5.29246
 30
0.0
 10
-7.01591
 20
-5.29246
 30
0.0
 10
-7.02649
 20
-5.29598
 30
0.0
 10
-7.02649
 20
-5.29598
 30
0.0
  0
SPLINE
  5
F2
330
1F
100
AcDbEntity
  8
Camada 1
 62
   251
370
     9
100
AcDbSpline
210
0.0
220
0.0
230
1.0
 70
    24
 71
     3
 72
     8
 73
     4
 74
     0
 42
0.0000000001
 43
0.0000000001
 40
0.0
 40
0.0
 40
0.0
 40
0.0
 40
1.0
 40
1.0
 40
1.0
 40
1.0
 10
-6.96652
 20
-5.28893
 30
0.0
 10
-6.96652
 20
-5.28893
 30
0.0
 10
-6.99122
 20
-5.28893
 30
0.0
 10
-6.99122
 20
-5.28893
 30
0.0
  0
SPLINE
  5
F3
330
1F
100
AcDbEntity
  8
Camada 1
 62
   251
370
     9
100
AcDbSpline
210
0.0
220
0.0
230
1.0
 70
    24
 71
     3
 72
     8
 73
     4
 74
     0
 42
0.0000000001
 43
0.0000000001
 40
0.0
 40
0.0
 40
0.0
 40
0.0
 40
1.0
 40
1.0
 40
1.0
 40
1.0
 10
-7.02649
 20
-5.52529
 30
0.0
 10
-7.02649
 20
-5.52529
 30
0.0
 10
-7.02649
 20
-5.35243
 30
0.0
 10
-7.02649
 20
-5.35243
 30
0.0
  0
SPLINE
  5
F4
330
1F
100
AcDbEntity
  8
Camada 1
 62
   251
370
     9
100
AcDbSpline
210
0.0
220
0.0
230
1.0
 70
    24
 71
     3
 72
     8
 73
     4
 74
     0
 42
0.0000000001
 43
0.0000000001
 40
0.0
 40
0.0
 40
0.0
 40
0.0
 40
1.0
 40
1.0
 40
1.0
 40
1.0
 10
-7.0653
 20
-5.52529
 30
0.0
 10
-7.0653
 20
-5.52529
 30
0.0
 10
-7.02649
 20
-5.52529
 30
0.0
 10
-7.02649
 20
-5.52529
 30
0.0
  0
SPLINE
  5
F5
330
1F
100
AcDbEntity
  8
Camada 1
 62
   251
370
     9
100
AcDbSpline
210
0.0
220
0.0
230
1.0
 70
    24
 71
     3
 72
     8
 73
     4
 74
     0
 42
0.0000000001
 43
0.0000000001
 40
0.0
 40
0.0
 40
0.0
 40
0.0
 40
1.0
 40
1.0
 40
1.0
 40
1.0
 10
-7.0653
 20
-5.28893
 30
0.0
 10
-7.0653
 20
-5.28893
 30
0.0
 10
-7.0653
 20
-5.52529
 30
0.0
 10
-7.0653
 20
-5.52529
 30
0.0
  0
SPLINE
  5
F6
330
1F
100
AcDbEntity
  8
Camada 1
 62
   251
370
     9
100
AcDbSpline
210
0.0
220
0.0
230
1.0
 70
    24
 71
     3
 72
    11
 73
     7
 74
     0
 42
0.0000000001
 43
0.0000000001
 40
0.0
 40
0.0
 40
0.0
 40
0.0
 40
0.5
 40
0.5
 40
0.5
 40
1.0
 40
1.0
 40
1.0
 40
1.0
 10
-6.5573
 20
-5.30304
 30
0.0
 10
-6.5573
 20
-5.30304
 30
0.0
 10
-6.5573
 20
-5.30304
 30
0.0
 10
-6.5573
 20
-5.30304
 30
0.0
 10
-6.5573
 20
-5.30304
 30
0.0
 10
-6.5573
 20
-5.30657
 30
0.0
 10
-6.5573
 20
-5.30657
 30
0.0
  0
SPLINE
  5
F7
330
1F
100
AcDbEntity
  8
Camada 1
 62
   251
370
     9
100
AcDbSpline
210
0.0
220
0.0
230
1.0
 70
     8
 71
     3
 72
    14
 73
    10
 74
     0
 42
0.0000000001
 43
0.0000000001
 40
0.0
 40
0.0
 40
0.0
 40
0.0
 40
0.3333333333333333
 40
0.3333333333333333
 40
0.3333333333333333
 40
0.6666666666666666
 40
0.6666666666666666
 40
0.6666666666666666
 40
1.0
 40
1.0
 40
1.0
 40
1.0
 10
-6.5573
 20
-5.30304
 30
0.0
 10
-6.5573
 20
-5.30304
 30
0.0
 10
-6.54319
 20
-5.30304
 30
0.0
 10
-6.54319
 20
-5.30304
 30
0.0
 10
-6.54319
 20
-5.30304
 30
0.0
 10
-6.52908
 20
-5.31362
 30
0.0
 10
-6.52908
 20
-5.31362
 30
0.0
 10
-6.52908
 20
-5.31362
 30
0.0
 10
-6.52555
 20
-5.31715
 30
0.0
 10
-6.52555
 20
-5.31715
 30
0.0
  0
SPLINE
  5
F8
330
1F
100
AcDbEntity
  8
Camada 1
 62
   251
370
     9
100
AcDbSpline
210
0.0
220
0.0
230
1.0
 70
    24
 71
     3
 72
    11
 73
     7
 74
     0
 42
0.0000000001
 43
0.0000000001
 40
0.0
 40
0.0
 40
0.0
 40
0.0
 40
0.5
 40
0.5
 40
0.5
 40
1.0
 40
1.0
 40
1.0
 40
1.0
 10
-6.52555
 20
-5.31715
 30
0.0
 10
-6.52555
 20
-5.31715
 30
0.0
 10
-6.52555
 20
-5.31715
 30
0.0
 10
-6.52555
 20
-5.31715
 30
0.0
 10
-6.52555
 20
-5.31715
 30
0.0
 10
-6.52555
 20
-5.32068
 30
0.0
 10
-6.52555
 20
-5.32068
 30
0.0
  0
SPLINE
  5
F9
330
1F
100
AcDbEntity
  8
Camada 1
 62
   251
370
     9
100
AcDbSpline
210
0.0
220
0.0
230
1.0
 70
     8
 71
     3
 72
    14
 73
    10
 74
     0
 42
0.0000000001
 43
0.0000000001
 40
0.0
 40
0.0
 40
0.0
 40
0.0
 40
0.3333333333333333
 40
0.3333333333333333
 40
0.3333333333333333
 40
0.6666666666666666
 40
0.6666666666666666
 40
0.6666666666666666
 40
1.0
 40
1.0
 40
1.0
 40
1.0
 10
-6.5573
 20
-5.30657
 30
0.0
 10
-6.5573
 20
-5.30657
 30
0.0
 10
-6.54319
 20
-5.30657
 30
0.0
 10
-6.54319
 20
-5.30657
 30
0.0
 10
-6.54319
 20
-5.30657
 30
0.0
 10
-6.52908
 20
-5.31362
 30
0.0
 10
-6.52908
 20
-5.31362
 30
0.0
 10
-6.52908
 20
-5.31362
 30
0.0
 10
-6.52555
 20
-5.32068
 30
0.0
 10
-6.52555
 20
-5.32068
 30
0.0
  0
SPLINE
  5
FA
330
1F
100
AcDbEntity
  8
Camada 1
 62
   251
370
     9
100
AcDbSpline
210
0.0
220
0.0
230
1.0
 70
    24
 71
     3
 72
     8
 73
     4
 74
     0
 42
0.0000000001
 43
0.0000000001
 40
0.0
 40
0.0
 40
0.0
 40
0.0
 40
1.0
 40
1.0
 40
1.0
 40
1.0
 10
-6.52555
 20
-5.31715
 30
0.0
 10
-6.52555
 20
-5.31715
 30
0.0
 10
-6.4938
 20
-5.30657
 30
0.0
 10
-6.4938
 20
-5.30657
 30
0.0
  0
SPLINE
  5
FB
330
1F
100
AcDbEntity
  8
Camada 1
 62
   251
370
     9
100
AcDbSpline
210
0.0
220
0.0
230
1.0
 70
     8
 71
     3
 72
    11
 73
     7
 74
     0
 42
0.0000000001
 43
0.0000000001
 40
0.0
 40
0.0
 40
0.0
 40
0.0
 40
0.5
 40
0.5
 40
0.5
 40
1.0
 40
1.0
 40
1.0
 40
1.0
 10
-6.4938
 20
-5.30657
 30
0.0
 10
-6.4938
 20
-5.30657
 30
0.0
 10
-6.49027
 20
-5.31009
 30
0.0
 10
-6.49027
 20
-5.31009
 30
0.0
 10
-6.49027
 20
-5.31009
 30
0.0
 10
-6.48674
 20
-5.31009
 30
0.0
 10
-6.48674
 20
-5.31009
 30
0.0
  0
SPLINE
  5
FC
330
1F
100
AcDbEntity
  8
Camada 1
 62
   251
370
     9
100
AcDbSpline
210
0.0
220
0.0
230
1.0
 70
    24
 71
     3
 72
     8
 73
     4
 74
     0
 42
0.0000000001
 43
0.0000000001
 40
0.0
 40
0.0
 40
0.0
 40
0.0
 40
1.0
 40
1.0
 40
1.0
 40
1.0
 10
-6.52555
 20
-5.32068
 30
0.0
 10
-6.52555
 20
-5.32068
 30
0.0
 10
-6.48674
 20
-5.31009
 30
0.0
 10
-6.48674
 20
-5.31009
 30
0.0
  0
SPLINE
  5
FD
330
1F
100
AcDbEntity
  8
Camada 1
 62
   251
370
     9
100
AcDbSpline
210
0.0
220
0.0
230
1.0
 70
     8
 71
     3
 72
    14
 73
    10
 74
     0
 42
0.0000000001
 43
0.0000000001
 40
0.0
 40
0.0
 40
0.0
 40
0.0
 40
0.3333333333333333
 40
0.3333333333333333
 40
0.3333333333333333
 40
0.6666666666666666
 40
0.6666666666666666
 40
0.6666666666666666
 40
1.0
 40
1.0
 40
1.0
 40
1.0
 10
-6.4938
 20
-5.30657
 30
0.0
 10
-6.4938
 20
-5.30657
 30
0.0
 10
-6.51497
 20
-5.29598
 30
0.0
 10
-6.51497
 20
-5.29598
 30
0.0
 10
-6.51497
 20
-5.29598
 30
0.0
 10
-6.53966
 20
-5.28893
 30
0.0
 10
-6.53966
 20
-5.28893
 30
0.0
 10
-6.53966
 20
-5.28893
 30
0.0
 10
-6.54672
 20
-5.28893
 30
0.0
 10
-6.54672
 20
-5.28893
 30
0.0
  0
SPLINE
  5
FE
330
1F
100
AcDbEntity
  8
Camada 1
 62
   251
370
     9
100
AcDbSpline
210
0.0
220
0.0
230
1.0
 70
    24
 71
     3
 72
     8
 73
     4
 74
     0
 42
0.0000000001
 43
0.0000000001
 40
0.0
 40
0.0
 40
0.0
 40
0.0
 40
1.0
 40
1.0
 40
1.0
 40
1.0
 10
-6.54672
 20
-5.28893
 30
0.0
 10
-6.54672
 20
-5.28893
 30
0.0
 10
-6.54672
 20
-5.2854
 30
0.0
 10
-6.54672
 20
-5.2854
 30
0.0
  0
SPLINE
  5
FF
330
1F
100
AcDbEntity
  8
Camada 1
 62
   251
370
     9
100
AcDbSpline
210
0.0
220
0.0
230
1.0
 70
     8
 71
     3
 72
    14
 73
    10
 74
     0
 42
0.0000000001
 43
0.0000000001
 40
0.0
 40
0.0
 40
0.0
 40
0.0
 40
0.3333333333333333
 40
0.3333333333333333
 40
0.3333333333333333
 40
0.6666666666666666
 40
0.6666666666666666
 40
0.6666666666666666
 40
1.0
 40
1.0
 40
1.0
 40
1.0
 10
-6.48674
 20
-5.31009
 30
0.0
 10
-6.48674
 20
-5.31009
 30
0.0
 10
-6.50791
 20
-5.29598
 30
0.0
 10
-6.50791
 20
-5.29598
 30
0.0
 10
-6.50791
 20
-5.29598
 30
0.0
 10
-6.52908
 20
-5.2854
 30
0.0
 10
-6.52908
 20
-5.2854
 30
0.0
 10
-6.52908
 20
-5.2854
 30
0.0
 10
-6.54672
 20
-5.2854
 30
0.0
 10
-6.54672
 20
-5.2854
 30
0.0
  0
SPLINE
  5
100
330
1F
100
AcDbEntity
  8
Camada 1
 62
   251
370
     9
100
AcDbSpline
210
0.0
220
0.0
230
1.0
 70
    24
 71
     3
 72
     8
 73
     4
 74
     0
 42
0.0000000001
 43
0.0000000001
 40
0.0
 40
0.0
 40
0.0
 40
0.0
 40
1.0
 40
1.0
 40
1.0
 40
1.0
 10
-6.54672
 20
-5.28893
 30
0.0
 10
-6.54672
 20
-5.28893
 30
0.0
 10
-6.57141
 20
-5.28893
 30
0.0
 10
-6.57141
 20
-5.28893
 30
0.0
  0
SPLINE
  5
101
330
1F
100
AcDbEntity
  8
Camada 1
 62
   251
370
     9
100
AcDbSpline
210
0.0
220
0.0
230
1.0
 70
    24
 71
     3
 72
     8
 73
     4
 74
     0
 42
0.0000000001
 43
0.0000000001
 40
0.0
 40
0.0
 40
0.0
 40
0.0
 40
1.0
 40
1.0
 40
1.0
 40
1.0
 10
-6.57141
 20
-5.28893
 30
0.0
 10
-6.57141
 20
-5.28893
 30
0.0
 10
-6.57141
 20
-5.2854
 30
0.0
 10
-6.57141
 20
-5.2854
 30
0.0
  0
SPLINE
  5
102
330
1F
100
AcDbEntity
  8
Camada 1
 62
   251
370
     9
100
AcDbSpline
210
0.0
220
0.0
230
1.0
 70
    24
 71
     3
 72
     8
 73
     4
 74
     0
 42
0.0000000001
 43
0.0000000001
 40
0.0
 40
0.0
 40
0.0
 40
0.0
 40
1.0
 40
1.0
 40
1.0
 40
1.0
 10
-6.54672
 20
-5.2854
 30
0.0
 10
-6.54672
 20
-5.2854
 30
0.0
 10
-6.57141
 20
-5.2854
 30
0.0
 10
-6.57141
 20
-5.2854
 30
0.0
  0
SPLINE
  5
103
330
1F
100
AcDbEntity
  8
Camada 1
 62
   251
370
     9
100
AcDbSpline
210
0.0
220
0.0
230
1.0
 70
    24
 71
     3
 72
     8
 73
     4
 74
     0
 42
0.0000000001
 43
0.0000000001
 40
0.0
 40
0.0
 40
0.0
 40
0.0
 40
1.0
 40
1.0
 40
1.0
 40
1.0
 10
-6.71958
 20
-5.39476
 30
0.0
 10
-6.71958
 20
-5.39476
 30
0.0
 10
-6.72311
 20
-5.39829
 30
0.0
 10
-6.72311
 20
-5.39829
 30
0.0
  0
SPLINE
  5
104
330
1F
100
AcDbEntity
  8
Camada 1
 62
   251
370
     9
100
AcDbSpline
210
0.0
220
0.0
230
1.0
 70
    24
 71
     3
 72
     8
 73
     4
 74
     0
 42
0.0000000001
 43
0.0000000001
 40
0.0
 40
0.0
 40
0.0
 40
0.0
 40
1.0
 40
1.0
 40
1.0
 40
1.0
 10
-6.71958
 20
-5.46884
 30
0.0
 10
-6.71958
 20
-5.46884
 30
0.0
 10
-6.71958
 20
-5.39476
 30
0.0
 10
-6.71958
 20
-5.39476
 30
0.0
  0
SPLINE
  5
105
330
1F
100
AcDbEntity
  8
Camada 1
 62
   251
370
     9
100
AcDbSpline
210
0.0
220
0.0
230
1.0
 70
    24
 71
     3
 72
     8
 73
     4
 74
     0
 42
0.0000000001
 43
0.0000000001
 40
0.0
 40
0.0
 40
0.0
 40
0.0
 40
1.0
 40
1.0
 40
1.0
 40
1.0
 10
-6.72311
 20
-5.46884
 30
0.0
 10
-6.72311
 20
-5.46884
 30
0.0
 10
-6.72311
 20
-5.39829
 30
0.0
 10
-6.72311
 20
-5.39829
 30
0.0
  0
SPLINE
  5
106
330
1F
100
AcDbEntity
  8
Camada 1
 62
   251
370
     9
100
AcDbSpline
210
0.0
220
0.0
230
1.0
 70
    24
 71
     3
 72
     8
 73
     4
 74
     0
 42
0.0000000001
 43
0.0000000001
 40
0.0
 40
0.0
 40
0.0
 40
0.0
 40
1.0
 40
1.0
 40
1.0
 40
1.0
 10
-6.71958
 20
-5.39476
 30
0.0
 10
-6.71958
 20
-5.39476
 30
0.0
 10
-6.76897
 20
-5.39476
 30
0.0
 10
-6.76897
 20
-5.39476
 30
0.0
  0
SPLINE
  5
107
330
1F
100
AcDbEntity
  8
Camada 1
 62
   251
370
     9
100
AcDbSpline
210
0.0
220
0.0
230
1.0
 70
    24
 71
     3
 72
     8
 73
     4
 74
     0
 42
0.0000000001
 43
0.0000000001
 40
0.0
 40
0.0
 40
0.0
 40
0.0
 40
1.0
 40
1.0
 40
1.0
 40
1.0
 10
-6.72311
 20
-5.39829
 30
0.0
 10
-6.72311
 20
-5.39829
 30
0.0
 10
-6.76897
 20
-5.39829
 30
0.0
 10
-6.76897
 20
-5.39829
 30
0.0
  0
SPLINE
  5
108
330
1F
100
AcDbEntity
  8
Camada 1
 62
   251
370
     9
100
AcDbSpline
210
0.0
220
0.0
230
1.0
 70
    24
 71
     3
 72
     8
 73
     4
 74
     0
 42
0.0000000001
 43
0.0000000001
 40
0.0
 40
0.0
 40
0.0
 40
0.0
 40
1.0
 40
1.0
 40
1.0
 40
1.0
 10
-6.61022
 20
-5.28893
 30
0.0
 10
-6.61022
 20
-5.28893
 30
0.0
 10
-6.60669
 20
-5.2854
 30
0.0
 10
-6.60669
 20
-5.2854
 30
0.0
  0
SPLINE
  5
109
330
1F
100
AcDbEntity
  8
Camada 1
 62
   251
370
     9
100
AcDbSpline
210
0.0
220
0.0
230
1.0
 70
    24
 71
     3
 72
     8
 73
     4
 74
     0
 42
0.0000000001
 43
0.0000000001
 40
0.0
 40
0.0
 40
0.0
 40
0.0
 40
1.0
 40
1.0
 40
1.0
 40
1.0
 10
-6.61022
 20
-5.28893
 30
0.0
 10
-6.61022
 20
-5.28893
 30
0.0
 10
-6.64549
 20
-5.28893
 30
0.0
 10
-6.64549
 20
-5.28893
 30
0.0
  0
SPLINE
  5
10A
330
1F
100
AcDbEntity
  8
Camada 1
 62
   251
370
     9
100
AcDbSpline
210
0.0
220
0.0
230
1.0
 70
    24
 71
     3
 72
     8
 73
     4
 74
     0
 42
0.0000000001
 43
0.0000000001
 40
0.0
 40
0.0
 40
0.0
 40
0.0
 40
1.0
 40
1.0
 40
1.0
 40
1.0
 10
-6.64549
 20
-5.28893
 30
0.0
 10
-6.64549
 20
-5.28893
 30
0.0
 10
-6.64902
 20
-5.2854
 30
0.0
 10
-6.64902
 20
-5.2854
 30
0.0
  0
SPLINE
  5
10B
330
1F
100
AcDbEntity
  8
Camada 1
 62
   251
370
     9
100
AcDbSpline
210
0.0
220
0.0
230
1.0
 70
    24
 71
     3
 72
     8
 73
     4
 74
     0
 42
0.0000000001
 43
0.0000000001
 40
0.0
 40
0.0
 40
0.0
 40
0.0
 40
1.0
 40
1.0
 40
1.0
 40
1.0
 10
-6.60669
 20
-5.2854
 30
0.0
 10
-6.60669
 20
-5.2854
 30
0.0
 10
-6.64902
 20
-5.2854
 30
0.0
 10
-6.64902
 20
-5.2854
 30
0.0
  0
SPLINE
  5
10C
330
1F
100
AcDbEntity
  8
Camada 1
 62
   251
370
     9
100
AcDbSpline
210
0.0
220
0.0
230
1.0
 70
    24
 71
     3
 72
     8
 73
     4
 74
     0
 42
0.0000000001
 43
0.0000000001
 40
0.0
 40
0.0
 40
0.0
 40
0.0
 40
1.0
 40
1.0
 40
1.0
 40
1.0
 10
-6.64549
 20
-5.28893
 30
0.0
 10
-6.64549
 20
-5.28893
 30
0.0
 10
-6.64549
 20
-5.52529
 30
0.0
 10
-6.64549
 20
-5.52529
 30
0.0
  0
SPLINE
  5
10D
330
1F
100
AcDbEntity
  8
Camada 1
 62
   251
370
     9
100
AcDbSpline
210
0.0
220
0.0
230
1.0
 70
    24
 71
     3
 72
     8
 73
     4
 74
     0
 42
0.0000000001
 43
0.0000000001
 40
0.0
 40
0.0
 40
0.0
 40
0.0
 40
1.0
 40
1.0
 40
1.0
 40
1.0
 10
-6.64549
 20
-5.52529
 30
0.0
 10
-6.64549
 20
-5.52529
 30
0.0
 10
-6.64902
 20
-5.52882
 30
0.0
 10
-6.64902
 20
-5.52882
 30
0.0
  0
SPLINE
  5
10E
330
1F
100
AcDbEntity
  8
Camada 1
 62
   251
370
     9
100
AcDbSpline
210
0.0
220
0.0
230
1.0
 70
    24
 71
     3
 72
     8
 73
     4
 74
     0
 42
0.0000000001
 43
0.0000000001
 40
0.0
 40
0.0
 40
0.0
 40
0.0
 40
1.0
 40
1.0
 40
1.0
 40
1.0
 10
-6.64902
 20
-5.2854
 30
0.0
 10
-6.64902
 20
-5.2854
 30
0.0
 10
-6.64902
 20
-5.52882
 30
0.0
 10
-6.64902
 20
-5.52882
 30
0.0
  0
SPLINE
  5
10F
330
1F
100
AcDbEntity
  8
Camada 1
 62
   251
370
     9
100
AcDbSpline
210
0.0
220
0.0
230
1.0
 70
    24
 71
     3
 72
     8
 73
     4
 74
     0
 42
0.0000000001
 43
0.0000000001
 40
0.0
 40
0.0
 40
0.0
 40
0.0
 40
1.0
 40
1.0
 40
1.0
 40
1.0
 10
-6.64549
 20
-5.52529
 30
0.0
 10
-6.64549
 20
-5.52529
 30
0.0
 10
-6.61022
 20
-5.52529
 30
0.0
 10
-6.61022
 20
-5.52529
 30
0.0
  0
SPLINE
  5
110
330
1F
100
AcDbEntity
  8
Camada 1
 62
   251
370
     9
100
AcDbSpline
210
0.0
220
0.0
230
1.0
 70
    24
 71
     3
 72
     8
 73
     4
 74
     0
 42
0.0000000001
 43
0.0000000001
 40
0.0
 40
0.0
 40
0.0
 40
0.0
 40
1.0
 40
1.0
 40
1.0
 40
1.0
 10
-6.61022
 20
-5.52529
 30
0.0
 10
-6.61022
 20
-5.52529
 30
0.0
 10
-6.60669
 20
-5.52882
 30
0.0
 10
-6.60669
 20
-5.52882
 30
0.0
  0
SPLINE
  5
111
330
1F
100
AcDbEntity
  8
Camada 1
 62
   251
370
     9
100
AcDbSpline
210
0.0
220
0.0
230
1.0
 70
    24
 71
     3
 72
     8
 73
     4
 74
     0
 42
0.0000000001
 43
0.0000000001
 40
0.0
 40
0.0
 40
0.0
 40
0.0
 40
1.0
 40
1.0
 40
1.0
 40
1.0
 10
-6.64902
 20
-5.52882
 30
0.0
 10
-6.64902
 20
-5.52882
 30
0.0
 10
-6.60669
 20
-5.52882
 30
0.0
 10
-6.60669
 20
-5.52882
 30
0.0
  0
SPLINE
  5
112
330
1F
100
AcDbEntity
  8
Camada 1
 62
   251
370
     9
100
AcDbSpline
210
0.0
220
0.0
230
1.0
 70
    24
 71
     3
 72
     8
 73
     4
 74
     0
 42
0.0000000001
 43
0.0000000001
 40
0.0
 40
0.0
 40
0.0
 40
0.0
 40
1.0
 40
1.0
 40
1.0
 40
1.0
 10
-7.02649
 20
-5.28893
 30
0.0
 10
-7.02649
 20
-5.28893
 30
0.0
 10
-7.02297
 20
-5.2854
 30
0.0
 10
-7.02297
 20
-5.2854
 30
0.0
  0
SPLINE
  5
113
330
1F
100
AcDbEntity
  8
Camada 1
 62
   251
370
     9
100
AcDbSpline
210
0.0
220
0.0
230
1.0
 70
    24
 71
     3
 72
     8
 73
     4
 74
     0
 42
0.0000000001
 43
0.0000000001
 40
0.0
 40
0.0
 40
0.0
 40
0.0
 40
1.0
 40
1.0
 40
1.0
 40
1.0
 10
-7.0653
 20
-5.28893
 30
0.0
 10
-7.0653
 20
-5.28893
 30
0.0
 10
-7.06883
 20
-5.2854
 30
0.0
 10
-7.06883
 20
-5.2854
 30
0.0
  0
SPLINE
  5
114
330
1F
100
AcDbEntity
  8
Camada 1
 62
   251
370
     9
100
AcDbSpline
210
0.0
220
0.0
230
1.0
 70
    24
 71
     3
 72
     8
 73
     4
 74
     0
 42
0.0000000001
 43
0.0000000001
 40
0.0
 40
0.0
 40
0.0
 40
0.0
 40
1.0
 40
1.0
 40
1.0
 40
1.0
 10
-7.02297
 20
-5.2854
 30
0.0
 10
-7.02297
 20
-5.2854
 30
0.0
 10
-7.06883
 20
-5.2854
 30
0.0
 10
-7.06883
 20
-5.2854
 30
0.0
  0
SPLINE
  5
115
330
1F
100
AcDbEntity
  8
Camada 1
 62
   251
370
     9
100
AcDbSpline
210
0.0
220
0.0
230
1.0
 70
    24
 71
     3
 72
     8
 73
     4
 74
     0
 42
0.0000000001
 43
0.0000000001
 40
0.0
 40
0.0
 40
0.0
 40
0.0
 40
1.0
 40
1.0
 40
1.0
 40
1.0
 10
-6.61022
 20
-5.35243
 30
0.0
 10
-6.61022
 20
-5.35243
 30
0.0
 10
-6.60669
 20
-5.35243
 30
0.0
 10
-6.60669
 20
-5.35243
 30
0.0
  0
SPLINE
  5
116
330
1F
100
AcDbEntity
  8
Camada 1
 62
   251
370
     9
100
AcDbSpline
210
0.0
220
0.0
230
1.0
 70
     8
 71
     3
 72
    20
 73
    16
 74
     0
 42
0.0000000001
 43
0.0000000001
 40
0.0
 40
0.0
 40
0.0
 40
0.0
 40
0.2
 40
0.2
 40
0.2
 40
0.4
 40
0.4
 40
0.4
 40
0.6000000000000001
 40
0.6000000000000001
 40
0.6000000000000001
 40
0.8
 40
0.8
 40
0.8
 40
1.0
 40
1.0
 40
1.0
 40
1.0
 10
-6.61022
 20
-5.35243
 30
0.0
 10
-6.61022
 20
-5.35243
 30
0.0
 10
-6.60669
 20
-5.33479
 30
0.0
 10
-6.60669
 20
-5.33479
 30
0.0
 10
-6.60669
 20
-5.33479
 30
0.0
 10
-6.59611
 20
-5.32068
 30
0.0
 10
-6.59611
 20
-5.32068
 30
0.0
 10
-6.59611
 20
-5.32068
 30
0.0
 10
-6.58552
 20
-5.31009
 30
0.0
 10
-6.58552
 20
-5.31009
 30
0.0
 10
-6.58552
 20
-5.31009
 30
0.0
 10
-6.57141
 20
-5.30304
 30
0.0
 10
-6.57141
 20
-5.30304
 30
0.0
 10
-6.57141
 20
-5.30304
 30
0.0
 10
-6.5573
 20
-5.30304
 30
0.0
 10
-6.5573
 20
-5.30304
 30
0.0
  0
SPLINE
  5
117
330
1F
100
AcDbEntity
  8
Camada 1
 62
   251
370
     9
100
AcDbSpline
210
0.0
220
0.0
230
1.0
 70
     8
 71
     3
 72
    20
 73
    16
 74
     0
 42
0.0000000001
 43
0.0000000001
 40
0.0
 40
0.0
 40
0.0
 40
0.0
 40
0.2
 40
0.2
 40
0.2
 40
0.4
 40
0.4
 40
0.4
 40
0.6000000000000001
 40
0.6000000000000001
 40
0.6000000000000001
 40
0.8
 40
0.8
 40
0.8
 40
1.0
 40
1.0
 40
1.0
 40
1.0
 10
-6.60669
 20
-5.35243
 30
0.0
 10
-6.60669
 20
-5.35243
 30
0.0
 10
-6.60316
 20
-5.33479
 30
0.0
 10
-6.60316
 20
-5.33479
 30
0.0
 10
-6.60316
 20
-5.33479
 30
0.0
 10
-6.59611
 20
-5.32421
 30
0.0
 10
-6.59611
 20
-5.32421
 30
0.0
 10
-6.59611
 20
-5.32421
 30
0.0
 10
-6.58199
 20
-5.31362
 30
0.0
 10
-6.58199
 20
-5.31362
 30
0.0
 10
-6.58199
 20
-5.31362
 30
0.0
 10
-6.56788
 20
-5.30657
 30
0.0
 10
-6.56788
 20
-5.30657
 30
0.0
 10
-6.56788
 20
-5.30657
 30
0.0
 10
-6.5573
 20
-5.30657
 30
0.0
 10
-6.5573
 20
-5.30657
 30
0.0
  0
SPLINE
  5
118
330
1F
100
AcDbEntity
  8
Camada 1
 62
   251
370
     9
100
AcDbSpline
210
0.0
220
0.0
230
1.0
 70
    24
 71
     3
 72
     8
 73
     4
 74
     0
 42
0.0000000001
 43
0.0000000001
 40
0.0
 40
0.0
 40
0.0
 40
0.0
 40
1.0
 40
1.0
 40
1.0
 40
1.0
 10
-6.61022
 20
-5.52529
 30
0.0
 10
-6.61022
 20
-5.52529
 30
0.0
 10
-6.61022
 20
-5.35243
 30
0.0
 10
-6.61022
 20
-5.35243
 30
0.0
  0
SPLINE
  5
119
330
1F
100
AcDbEntity
  8
Camada 1
 62
   251
370
     9
100
AcDbSpline
210
0.0
220
0.0
230
1.0
 70
    24
 71
     3
 72
     8
 73
     4
 74
     0
 42
0.0000000001
 43
0.0000000001
 40
0.0
 40
0.0
 40
0.0
 40
0.0
 40
1.0
 40
1.0
 40
1.0
 40
1.0
 10
-6.61022
 20
-5.29598
 30
0.0
 10
-6.61022
 20
-5.29598
 30
0.0
 10
-6.61022
 20
-5.28893
 30
0.0
 10
-6.61022
 20
-5.28893
 30
0.0
  0
SPLINE
  5
11A
330
1F
100
AcDbEntity
  8
Camada 1
 62
   251
370
     9
100
AcDbSpline
210
0.0
220
0.0
230
1.0
 70
     8
 71
     3
 72
    14
 73
    10
 74
     0
 42
0.0000000001
 43
0.0000000001
 40
0.0
 40
0.0
 40
0.0
 40
0.0
 40
0.3333333333333333
 40
0.3333333333333333
 40
0.3333333333333333
 40
0.6666666666666666
 40
0.6666666666666666
 40
0.6666666666666666
 40
1.0
 40
1.0
 40
1.0
 40
1.0
 10
-6.57141
 20
-5.28893
 30
0.0
 10
-6.57141
 20
-5.28893
 30
0.0
 10
-6.58552
 20
-5.28893
 30
0.0
 10
-6.58552
 20
-5.28893
 30
0.0
 10
-6.58552
 20
-5.28893
 30
0.0
 10
-6.59611
 20
-5.29246
 30
0.0
 10
-6.59611
 20
-5.29246
 30
0.0
 10
-6.59611
 20
-5.29246
 30
0.0
 10
-6.61022
 20
-5.29598
 30
0.0
 10
-6.61022
 20
-5.29598
 30
0.0
  0
SPLINE
  5
11B
330
1F
100
AcDbEntity
  8
Camada 1
 62
   251
370
     9
100
AcDbSpline
210
0.0
220
0.0
230
1.0
 70
    24
 71
     3
 72
     8
 73
     4
 74
     0
 42
0.0000000001
 43
0.0000000001
 40
0.0
 40
0.0
 40
0.0
 40
0.0
 40
1.0
 40
1.0
 40
1.0
 40
1.0
 10
-7.13938
 20
-5.40182
 30
0.0
 10
-7.13938
 20
-5.40182
 30
0.0
 10
-7.13938
 20
-5.35243
 30
0.0
 10
-7.13938
 20
-5.35243
 30
0.0
  0
SPLINE
  5
11C
330
1F
100
AcDbEntity
  8
Camada 1
 62
   251
370
     9
100
AcDbSpline
210
0.0
220
0.0
230
1.0
 70
     8
 71
     3
 72
    20
 73
    16
 74
     0
 42
0.0000000001
 43
0.0000000001
 40
0.0
 40
0.0
 40
0.0
 40
0.0
 40
0.2
 40
0.2
 40
0.2
 40
0.4
 40
0.4
 40
0.4
 40
0.6000000000000001
 40
0.6000000000000001
 40
0.6000000000000001
 40
0.8
 40
0.8
 40
0.8
 40
1.0
 40
1.0
 40
1.0
 40
1.0
 10
-7.13938
 20
-5.35243
 30
0.0
 10
-7.13938
 20
-5.35243
 30
0.0
 10
-7.14291
 20
-5.33479
 30
0.0
 10
-7.14291
 20
-5.33479
 30
0.0
 10
-7.14291
 20
-5.33479
 30
0.0
 10
-7.14997
 20
-5.32068
 30
0.0
 10
-7.14997
 20
-5.32068
 30
0.0
 10
-7.14997
 20
-5.32068
 30
0.0
 10
-7.16055
 20
-5.31009
 30
0.0
 10
-7.16055
 20
-5.31009
 30
0.0
 10
-7.16055
 20
-5.31009
 30
0.0
 10
-7.17819
 20
-5.30304
 30
0.0
 10
-7.17819
 20
-5.30304
 30
0.0
 10
-7.17819
 20
-5.30304
 30
0.0
 10
-7.18877
 20
-5.30304
 30
0.0
 10
-7.18877
 20
-5.30304
 30
0.0
  0
SPLINE
  5
11D
330
1F
100
AcDbEntity
  8
Camada 1
 62
   251
370
     9
100
AcDbSpline
210
0.0
220
0.0
230
1.0
 70
     8
 71
     3
 72
    20
 73
    16
 74
     0
 42
0.0000000001
 43
0.0000000001
 40
0.0
 40
0.0
 40
0.0
 40
0.0
 40
0.2
 40
0.2
 40
0.2
 40
0.4
 40
0.4
 40
0.4
 40
0.6000000000000001
 40
0.6000000000000001
 40
0.6000000000000001
 40
0.8
 40
0.8
 40
0.8
 40
1.0
 40
1.0
 40
1.0
 40
1.0
 10
-7.18877
 20
-5.30304
 30
0.0
 10
-7.18877
 20
-5.30304
 30
0.0
 10
-7.20288
 20
-5.30304
 30
0.0
 10
-7.20288
 20
-5.30304
 30
0.0
 10
-7.20288
 20
-5.30304
 30
0.0
 10
-7.22052
 20
-5.31362
 30
0.0
 10
-7.22052
 20
-5.31362
 30
0.0
 10
-7.22052
 20
-5.31362
 30
0.0
 10
-7.23111
 20
-5.32421
 30
0.0
 10
-7.23111
 20
-5.32421
 30
0.0
 10
-7.23111
 20
-5.32421
 30
0.0
 10
-7.23463
 20
-5.34184
 30
0.0
 10
-7.23463
 20
-5.34184
 30
0.0
 10
-7.23463
 20
-5.34184
 30
0.0
 10
-7.23816
 20
-5.35243
 30
0.0
 10
-7.23816
 20
-5.35243
 30
0.0
  0
SPLINE
  5
11E
330
1F
100
AcDbEntity
  8
Camada 1
 62
   251
370
     9
100
AcDbSpline
210
0.0
220
0.0
230
1.0
 70
    24
 71
     3
 72
     8
 73
     4
 74
     0
 42
0.0000000001
 43
0.0000000001
 40
0.0
 40
0.0
 40
0.0
 40
0.0
 40
1.0
 40
1.0
 40
1.0
 40
1.0
 10
-7.23816
 20
-5.35243
 30
0.0
 10
-7.23816
 20
-5.35243
 30
0.0
 10
-7.23816
 20
-5.40182
 30
0.0
 10
-7.23816
 20
-5.40182
 30
0.0
  0
SPLINE
  5
11F
330
1F
100
AcDbEntity
  8
Camada 1
 62
   251
370
     9
100
AcDbSpline
210
0.0
220
0.0
230
1.0
 70
    24
 71
     3
 72
     8
 73
     4
 74
     0
 42
0.0000000001
 43
0.0000000001
 40
0.0
 40
0.0
 40
0.0
 40
0.0
 40
1.0
 40
1.0
 40
1.0
 40
1.0
 10
-7.23816
 20
-5.40182
 30
0.0
 10
-7.23816
 20
-5.40182
 30
0.0
 10
-7.13938
 20
-5.40182
 30
0.0
 10
-7.13938
 20
-5.40182
 30
0.0
  0
SPLINE
  5
120
330
1F
100
AcDbEntity
  8
Camada 1
 62
   251
370
     9
100
AcDbSpline
210
0.0
220
0.0
230
1.0
 70
     8
 71
     3
 72
    20
 73
    16
 74
     0
 42
0.0000000001
 43
0.0000000001
 40
0.0
 40
0.0
 40
0.0
 40
0.0
 40
0.2
 40
0.2
 40
0.2
 40
0.4
 40
0.4
 40
0.4
 40
0.6000000000000001
 40
0.6000000000000001
 40
0.6000000000000001
 40
0.8
 40
0.8
 40
0.8
 40
1.0
 40
1.0
 40
1.0
 40
1.0
 10
-7.13938
 20
-5.46884
 30
0.0
 10
-7.13938
 20
-5.46884
 30
0.0
 10
-7.14291
 20
-5.48648
 30
0.0
 10
-7.14291
 20
-5.48648
 30
0.0
 10
-7.14291
 20
-5.48648
 30
0.0
 10
-7.15349
 20
-5.50059
 30
0.0
 10
-7.15349
 20
-5.50059
 30
0.0
 10
-7.15349
 20
-5.50059
 30
0.0
 10
-7.16761
 20
-5.50765
 30
0.0
 10
-7.16761
 20
-5.50765
 30
0.0
 10
-7.16761
 20
-5.50765
 30
0.0
 10
-7.18524
 20
-5.51471
 30
0.0
 10
-7.18524
 20
-5.51471
 30
0.0
 10
-7.18524
 20
-5.51471
 30
0.0
 10
-7.18877
 20
-5.51471
 30
0.0
 10
-7.18877
 20
-5.51471
 30
0.0
  0
SPLINE
  5
121
330
1F
100
AcDbEntity
  8
Camada 1
 62
   251
370
     9
100
AcDbSpline
210
0.0
220
0.0
230
1.0
 70
    24
 71
     3
 72
     8
 73
     4
 74
     0
 42
0.0000000001
 43
0.0000000001
 40
0.0
 40
0.0
 40
0.0
 40
0.0
 40
1.0
 40
1.0
 40
1.0
 40
1.0
 10
-7.10411
 20
-5.4759
 30
0.0
 10
-7.10411
 20
-5.4759
 30
0.0
 10
-7.13938
 20
-5.46884
 30
0.0
 10
-7.13938
 20
-5.46884
 30
0.0
  0
SPLINE
  5
122
330
1F
100
AcDbEntity
  8
Camada 1
 62
   251
370
     9
100
AcDbSpline
210
0.0
220
0.0
230
1.0
 70
     8
 71
     3
 72
    17
 73
    13
 74
     0
 42
0.0000000001
 43
0.0000000001
 40
0.0
 40
0.0
 40
0.0
 40
0.0
 40
0.25
 40
0.25
 40
0.25
 40
0.5
 40
0.5
 40
0.5
 40
0.75
 40
0.75
 40
0.75
 40
1.0
 40
1.0
 40
1.0
 40
1.0
 10
-7.17466
 20
-5.52529
 30
0.0
 10
-7.17466
 20
-5.52529
 30
0.0
 10
-7.14997
 20
-5.52176
 30
0.0
 10
-7.14997
 20
-5.52176
 30
0.0
 10
-7.14997
 20
-5.52176
 30
0.0
 10
-7.12527
 20
-5.51118
 30
0.0
 10
-7.12527
 20
-5.51118
 30
0.0
 10
-7.12527
 20
-5.51118
 30
0.0
 10
-7.10763
 20
-5.49001
 30
0.0
 10
-7.10763
 20
-5.49001
 30
0.0
 10
-7.10763
 20
-5.49001
 30
0.0
 10
-7.10411
 20
-5.4759
 30
0.0
 10
-7.10411
 20
-5.4759
 30
0.0
  0
SPLINE
  5
123
330
1F
100
AcDbEntity
  8
Camada 1
 62
   251
370
     9
100
AcDbSpline
210
0.0
220
0.0
230
1.0
 70
    24
 71
     3
 72
     8
 73
     4
 74
     0
 42
0.0000000001
 43
0.0000000001
 40
0.0
 40
0.0
 40
0.0
 40
0.0
 40
1.0
 40
1.0
 40
1.0
 40
1.0
 10
-7.20288
 20
-5.52529
 30
0.0
 10
-7.20288
 20
-5.52529
 30
0.0
 10
-7.17466
 20
-5.52529
 30
0.0
 10
-7.17466
 20
-5.52529
 30
0.0
  0
SPLINE
  5
124
330
1F
100
AcDbEntity
  8
Camada 1
 62
   251
370
     9
100
AcDbSpline
210
0.0
220
0.0
230
1.0
 70
     8
 71
     3
 72
    20
 73
    16
 74
     0
 42
0.0000000001
 43
0.0000000001
 40
0.0
 40
0.0
 40
0.0
 40
0.0
 40
0.2
 40
0.2
 40
0.2
 40
0.4
 40
0.4
 40
0.4
 40
0.6000000000000001
 40
0.6000000000000001
 40
0.6000000000000001
 40
0.8
 40
0.8
 40
0.8
 40
1.0
 40
1.0
 40
1.0
 40
1.0
 10
-7.27697
 20
-5.45826
 30
0.0
 10
-7.27697
 20
-5.45826
 30
0.0
 10
-7.27344
 20
-5.47943
 30
0.0
 10
-7.27344
 20
-5.47943
 30
0.0
 10
-7.27344
 20
-5.47943
 30
0.0
 10
-7.26286
 20
-5.50059
 30
0.0
 10
-7.26286
 20
-5.50059
 30
0.0
 10
-7.26286
 20
-5.50059
 30
0.0
 10
-7.24522
 20
-5.51118
 30
0.0
 10
-7.24522
 20
-5.51118
 30
0.0
 10
-7.24522
 20
-5.51118
 30
0.0
 10
-7.22405
 20
-5.52176
 30
0.0
 10
-7.22405
 20
-5.52176
 30
0.0
 10
-7.22405
 20
-5.52176
 30
0.0
 10
-7.20288
 20
-5.52529
 30
0.0
 10
-7.20288
 20
-5.52529
 30
0.0
  0
SPLINE
  5
125
330
1F
100
AcDbEntity
  8
Camada 1
 62
   251
370
     9
100
AcDbSpline
210
0.0
220
0.0
230
1.0
 70
    24
 71
     3
 72
     8
 73
     4
 74
     0
 42
0.0000000001
 43
0.0000000001
 40
0.0
 40
0.0
 40
0.0
 40
0.0
 40
1.0
 40
1.0
 40
1.0
 40
1.0
 10
-7.27697
 20
-5.35596
 30
0.0
 10
-7.27697
 20
-5.35596
 30
0.0
 10
-7.27697
 20
-5.45826
 30
0.0
 10
-7.27697
 20
-5.45826
 30
0.0
  0
SPLINE
  5
126
330
1F
100
AcDbEntity
  8
Camada 1
 62
   251
370
     9
100
AcDbSpline
210
0.0
220
0.0
230
1.0
 70
     8
 71
     3
 72
    20
 73
    16
 74
     0
 42
0.0000000001
 43
0.0000000001
 40
0.0
 40
0.0
 40
0.0
 40
0.0
 40
0.2
 40
0.2
 40
0.2
 40
0.4
 40
0.4
 40
0.4
 40
0.6000000000000001
 40
0.6000000000000001
 40
0.6000000000000001
 40
0.8
 40
0.8
 40
0.8
 40
1.0
 40
1.0
 40
1.0
 40
1.0
 10
-7.20288
 20
-5.28893
 30
0.0
 10
-7.20288
 20
-5.28893
 30
0.0
 10
-7.22758
 20
-5.29246
 30
0.0
 10
-7.22758
 20
-5.29246
 30
0.0
 10
-7.22758
 20
-5.29246
 30
0.0
 10
-7.25227
 20
-5.30657
 30
0.0
 10
-7.25227
 20
-5.30657
 30
0.0
 10
-7.25227
 20
-5.30657
 30
0.0
 10
-7.26638
 20
-5.32421
 30
0.0
 10
-7.26638
 20
-5.32421
 30
0.0
 10
-7.26638
 20
-5.32421
 30
0.0
 10
-7.27344
 20
-5.34537
 30
0.0
 10
-7.27344
 20
-5.34537
 30
0.0
 10
-7.27344
 20
-5.34537
 30
0.0
 10
-7.27697
 20
-5.35596
 30
0.0
 10
-7.27697
 20
-5.35596
 30
0.0
  0
SPLINE
  5
127
330
1F
100
AcDbEntity
  8
Camada 1
 62
   251
370
     9
100
AcDbSpline
210
0.0
220
0.0
230
1.0
 70
    24
 71
     3
 72
     8
 73
     4
 74
     0
 42
0.0000000001
 43
0.0000000001
 40
0.0
 40
0.0
 40
0.0
 40
0.0
 40
1.0
 40
1.0
 40
1.0
 40
1.0
 10
-7.17466
 20
-5.28893
 30
0.0
 10
-7.17466
 20
-5.28893
 30
0.0
 10
-7.20288
 20
-5.28893
 30
0.0
 10
-7.20288
 20
-5.28893
 30
0.0
  0
SPLINE
  5
128
330
1F
100
AcDbEntity
  8
Camada 1
 62
   251
370
     9
100
AcDbSpline
210
0.0
220
0.0
230
1.0
 70
     8
 71
     3
 72
    20
 73
    16
 74
     0
 42
0.0000000001
 43
0.0000000001
 40
0.0
 40
0.0
 40
0.0
 40
0.0
 40
0.2
 40
0.2
 40
0.2
 40
0.4
 40
0.4
 40
0.4
 40
0.6000000000000001
 40
0.6000000000000001
 40
0.6000000000000001
 40
0.8
 40
0.8
 40
0.8
 40
1.0
 40
1.0
 40
1.0
 40
1.0
 10
-7.10058
 20
-5.35596
 30
0.0
 10
-7.10058
 20
-5.35596
 30
0.0
 10
-7.10411
 20
-5.33126
 30
0.0
 10
-7.10411
 20
-5.33126
 30
0.0
 10
-7.10411
 20
-5.33126
 30
0.0
 10
-7.11822
 20
-5.31009
 30
0.0
 10
-7.11822
 20
-5.31009
 30
0.0
 10
-7.11822
 20
-5.31009
 30
0.0
 10
-7.13233
 20
-5.29951
 30
0.0
 10
-7.13233
 20
-5.29951
 30
0.0
 10
-7.13233
 20
-5.29951
 30
0.0
 10
-7.16055
 20
-5.28893
 30
0.0
 10
-7.16055
 20
-5.28893
 30
0.0
 10
-7.16055
 20
-5.28893
 30
0.0
 10
-7.17466
 20
-5.28893
 30
0.0
 10
-7.17466
 20
-5.28893
 30
0.0
  0
SPLINE
  5
129
330
1F
100
AcDbEntity
  8
Camada 1
 62
   251
370
     9
100
AcDbSpline
210
0.0
220
0.0
230
1.0
 70
    24
 71
     3
 72
     8
 73
     4
 74
     0
 42
0.0000000001
 43
0.0000000001
 40
0.0
 40
0.0
 40
0.0
 40
0.0
 40
1.0
 40
1.0
 40
1.0
 40
1.0
 10
-7.10058
 20
-5.41593
 30
0.0
 10
-7.10058
 20
-5.41593
 30
0.0
 10
-7.10058
 20
-5.35596
 30
0.0
 10
-7.10058
 20
-5.35596
 30
0.0
  0
SPLINE
  5
12A
330
1F
100
AcDbEntity
  8
Camada 1
 62
   251
370
     9
100
AcDbSpline
210
0.0
220
0.0
230
1.0
 70
    24
 71
     3
 72
     8
 73
     4
 74
     0
 42
0.0000000001
 43
0.0000000001
 40
0.0
 40
0.0
 40
0.0
 40
0.0
 40
1.0
 40
1.0
 40
1.0
 40
1.0
 10
-7.23816
 20
-5.41593
 30
0.0
 10
-7.23816
 20
-5.41593
 30
0.0
 10
-7.10058
 20
-5.41593
 30
0.0
 10
-7.10058
 20
-5.41593
 30
0.0
  0
SPLINE
  5
12B
330
1F
100
AcDbEntity
  8
Camada 1
 62
   251
370
     9
100
AcDbSpline
210
0.0
220
0.0
230
1.0
 70
    24
 71
     3
 72
     8
 73
     4
 74
     0
 42
0.0000000001
 43
0.0000000001
 40
0.0
 40
0.0
 40
0.0
 40
0.0
 40
1.0
 40
1.0
 40
1.0
 40
1.0
 10
-7.23816
 20
-5.46532
 30
0.0
 10
-7.23816
 20
-5.46532
 30
0.0
 10
-7.23816
 20
-5.41593
 30
0.0
 10
-7.23816
 20
-5.41593
 30
0.0
  0
SPLINE
  5
12C
330
1F
100
AcDbEntity
  8
Camada 1
 62
   251
370
     9
100
AcDbSpline
210
0.0
220
0.0
230
1.0
 70
     8
 71
     3
 72
    20
 73
    16
 74
     0
 42
0.0000000001
 43
0.0000000001
 40
0.0
 40
0.0
 40
0.0
 40
0.0
 40
0.2
 40
0.2
 40
0.2
 40
0.4
 40
0.4
 40
0.4
 40
0.6000000000000001
 40
0.6000000000000001
 40
0.6000000000000001
 40
0.8
 40
0.8
 40
0.8
 40
1.0
 40
1.0
 40
1.0
 40
1.0
 10
-7.18877
 20
-5.51471
 30
0.0
 10
-7.18877
 20
-5.51471
 30
0.0
 10
-7.20288
 20
-5.51118
 30
0.0
 10
-7.20288
 20
-5.51118
 30
0.0
 10
-7.20288
 20
-5.51118
 30
0.0
 10
-7.21699
 20
-5.50412
 30
0.0
 10
-7.21699
 20
-5.50412
 30
0.0
 10
-7.21699
 20
-5.50412
 30
0.0
 10
-7.23111
 20
-5.49001
 30
0.0
 10
-7.23111
 20
-5.49001
 30
0.0
 10
-7.23111
 20
-5.49001
 30
0.0
 10
-7.23463
 20
-5.4759
 30
0.0
 10
-7.23463
 20
-5.4759
 30
0.0
 10
-7.23463
 20
-5.4759
 30
0.0
 10
-7.23816
 20
-5.46532
 30
0.0
 10
-7.23816
 20
-5.46532
 30
0.0
  0
SPLINE
  5
12D
330
1F
100
AcDbEntity
  8
Camada 1
 62
   251
370
     9
100
AcDbSpline
210
0.0
220
0.0
230
1.0
 70
    24
 71
     3
 72
     8
 73
     4
 74
     0
 42
0.0000000001
 43
0.0000000001
 40
0.0
 40
0.0
 40
0.0
 40
0.0
 40
1.0
 40
1.0
 40
1.0
 40
1.0
 10
-7.18877
 20
-5.51471
 30
0.0
 10
-7.18877
 20
-5.51471
 30
0.0
 10
-7.18877
 20
-5.51118
 30
0.0
 10
-7.18877
 20
-5.51118
 30
0.0
  0
SPLINE
  5
12E
330
1F
100
AcDbEntity
  8
Camada 1
 62
   251
370
     9
100
AcDbSpline
210
0.0
220
0.0
230
1.0
 70
    24
 71
     3
 72
     8
 73
     4
 74
     0
 42
0.0000000001
 43
0.0000000001
 40
0.0
 40
0.0
 40
0.0
 40
0.0
 40
1.0
 40
1.0
 40
1.0
 40
1.0
 10
-7.23816
 20
-5.46532
 30
0.0
 10
-7.23816
 20
-5.46532
 30
0.0
 10
-7.23463
 20
-5.46532
 30
0.0
 10
-7.23463
 20
-5.46532
 30
0.0
  0
SPLINE
  5
12F
330
1F
100
AcDbEntity
  8
Camada 1
 62
   251
370
     9
100
AcDbSpline
210
0.0
220
0.0
230
1.0
 70
     8
 71
     3
 72
    20
 73
    16
 74
     0
 42
0.0000000001
 43
0.0000000001
 40
0.0
 40
0.0
 40
0.0
 40
0.0
 40
0.2
 40
0.2
 40
0.2
 40
0.4
 40
0.4
 40
0.4
 40
0.6000000000000001
 40
0.6000000000000001
 40
0.6000000000000001
 40
0.8
 40
0.8
 40
0.8
 40
1.0
 40
1.0
 40
1.0
 40
1.0
 10
-7.18877
 20
-5.51118
 30
0.0
 10
-7.18877
 20
-5.51118
 30
0.0
 10
-7.20288
 20
-5.50765
 30
0.0
 10
-7.20288
 20
-5.50765
 30
0.0
 10
-7.20288
 20
-5.50765
 30
0.0
 10
-7.21699
 20
-5.50059
 30
0.0
 10
-7.21699
 20
-5.50059
 30
0.0
 10
-7.21699
 20
-5.50059
 30
0.0
 10
-7.22758
 20
-5.49001
 30
0.0
 10
-7.22758
 20
-5.49001
 30
0.0
 10
-7.22758
 20
-5.49001
 30
0.0
 10
-7.23111
 20
-5.4759
 30
0.0
 10
-7.23111
 20
-5.4759
 30
0.0
 10
-7.23111
 20
-5.4759
 30
0.0
 10
-7.23463
 20
-5.46532
 30
0.0
 10
-7.23463
 20
-5.46532
 30
0.0
  0
SPLINE
  5
130
330
1F
100
AcDbEntity
  8
Camada 1
 62
   251
370
     9
100
AcDbSpline
210
0.0
220
0.0
230
1.0
 70
    24
 71
     3
 72
     8
 73
     4
 74
     0
 42
0.0000000001
 43
0.0000000001
 40
0.0
 40
0.0
 40
0.0
 40
0.0
 40
1.0
 40
1.0
 40
1.0
 40
1.0
 10
-7.23816
 20
-5.41593
 30
0.0
 10
-7.23816
 20
-5.41593
 30
0.0
 10
-7.23463
 20
-5.41946
 30
0.0
 10
-7.23463
 20
-5.41946
 30
0.0
  0
SPLINE
  5
131
330
1F
100
AcDbEntity
  8
Camada 1
 62
   251
370
     9
100
AcDbSpline
210
0.0
220
0.0
230
1.0
 70
    24
 71
     3
 72
     8
 73
     4
 74
     0
 42
0.0000000001
 43
0.0000000001
 40
0.0
 40
0.0
 40
0.0
 40
0.0
 40
1.0
 40
1.0
 40
1.0
 40
1.0
 10
-7.23463
 20
-5.46532
 30
0.0
 10
-7.23463
 20
-5.46532
 30
0.0
 10
-7.23463
 20
-5.41946
 30
0.0
 10
-7.23463
 20
-5.41946
 30
0.0
  0
SPLINE
  5
132
330
1F
100
AcDbEntity
  8
Camada 1
 62
   251
370
     9
100
AcDbSpline
210
0.0
220
0.0
230
1.0
 70
    24
 71
     3
 72
     8
 73
     4
 74
     0
 42
0.0000000001
 43
0.0000000001
 40
0.0
 40
0.0
 40
0.0
 40
0.0
 40
1.0
 40
1.0
 40
1.0
 40
1.0
 10
-7.10058
 20
-5.41593
 30
0.0
 10
-7.10058
 20
-5.41593
 30
0.0
 10
-7.09705
 20
-5.41946
 30
0.0
 10
-7.09705
 20
-5.41946
 30
0.0
  0
SPLINE
  5
133
330
1F
100
AcDbEntity
  8
Camada 1
 62
   251
370
     9
100
AcDbSpline
210
0.0
220
0.0
230
1.0
 70
    24
 71
     3
 72
     8
 73
     4
 74
     0
 42
0.0000000001
 43
0.0000000001
 40
0.0
 40
0.0
 40
0.0
 40
0.0
 40
1.0
 40
1.0
 40
1.0
 40
1.0
 10
-7.23463
 20
-5.41946
 30
0.0
 10
-7.23463
 20
-5.41946
 30
0.0
 10
-7.09705
 20
-5.41946
 30
0.0
 10
-7.09705
 20
-5.41946
 30
0.0
  0
SPLINE
  5
134
330
1F
100
AcDbEntity
  8
Camada 1
 62
   251
370
     9
100
AcDbSpline
210
0.0
220
0.0
230
1.0
 70
    24
 71
     3
 72
    11
 73
     7
 74
     0
 42
0.0000000001
 43
0.0000000001
 40
0.0
 40
0.0
 40
0.0
 40
0.0
 40
0.5
 40
0.5
 40
0.5
 40
1.0
 40
1.0
 40
1.0
 40
1.0
 10
-7.10058
 20
-5.35596
 30
0.0
 10
-7.10058
 20
-5.35596
 30
0.0
 10
-7.10058
 20
-5.35596
 30
0.0
 10
-7.10058
 20
-5.35596
 30
0.0
 10
-7.10058
 20
-5.35596
 30
0.0
 10
-7.09705
 20
-5.35596
 30
0.0
 10
-7.09705
 20
-5.35596
 30
0.0
  0
SPLINE
  5
135
330
1F
100
AcDbEntity
  8
Camada 1
 62
   251
370
     9
100
AcDbSpline
210
0.0
220
0.0
230
1.0
 70
    24
 71
     3
 72
     8
 73
     4
 74
     0
 42
0.0000000001
 43
0.0000000001
 40
0.0
 40
0.0
 40
0.0
 40
0.0
 40
1.0
 40
1.0
 40
1.0
 40
1.0
 10
-7.09705
 20
-5.41946
 30
0.0
 10
-7.09705
 20
-5.41946
 30
0.0
 10
-7.09705
 20
-5.35596
 30
0.0
 10
-7.09705
 20
-5.35596
 30
0.0
  0
SPLINE
  5
136
330
1F
100
AcDbEntity
  8
Camada 1
 62
   251
370
     9
100
AcDbSpline
210
0.0
220
0.0
230
1.0
 70
    24
 71
     3
 72
     8
 73
     4
 74
     0
 42
0.0000000001
 43
0.0000000001
 40
0.0
 40
0.0
 40
0.0
 40
0.0
 40
1.0
 40
1.0
 40
1.0
 40
1.0
 10
-7.17466
 20
-5.28893
 30
0.0
 10
-7.17466
 20
-5.28893
 30
0.0
 10
-7.17466
 20
-5.2854
 30
0.0
 10
-7.17466
 20
-5.2854
 30
0.0
  0
SPLINE
  5
137
330
1F
100
AcDbEntity
  8
Camada 1
 62
   251
370
     9
100
AcDbSpline
210
0.0
220
0.0
230
1.0
 70
     8
 71
     3
 72
    20
 73
    16
 74
     0
 42
0.0000000001
 43
0.0000000001
 40
0.0
 40
0.0
 40
0.0
 40
0.0
 40
0.2
 40
0.2
 40
0.2
 40
0.4
 40
0.4
 40
0.4
 40
0.6000000000000001
 40
0.6000000000000001
 40
0.6000000000000001
 40
0.8
 40
0.8
 40
0.8
 40
1.0
 40
1.0
 40
1.0
 40
1.0
 10
-7.09705
 20
-5.35596
 30
0.0
 10
-7.09705
 20
-5.35596
 30
0.0
 10
-7.10058
 20
-5.33126
 30
0.0
 10
-7.10058
 20
-5.33126
 30
0.0
 10
-7.10058
 20
-5.33126
 30
0.0
 10
-7.11469
 20
-5.31009
 30
0.0
 10
-7.11469
 20
-5.31009
 30
0.0
 10
-7.11469
 20
-5.31009
 30
0.0
 10
-7.13233
 20
-5.29598
 30
0.0
 10
-7.13233
 20
-5.29598
 30
0.0
 10
-7.13233
 20
-5.29598
 30
0.0
 10
-7.15349
 20
-5.28893
 30
0.0
 10
-7.15349
 20
-5.28893
 30
0.0
 10
-7.15349
 20
-5.28893
 30
0.0
 10
-7.17466
 20
-5.2854
 30
0.0
 10
-7.17466
 20
-5.2854
 30
0.0
  0
SPLINE
  5
138
330
1F
100
AcDbEntity
  8
Camada 1
 62
   251
370
     9
100
AcDbSpline
210
0.0
220
0.0
230
1.0
 70
    24
 71
     3
 72
     8
 73
     4
 74
     0
 42
0.0000000001
 43
0.0000000001
 40
0.0
 40
0.0
 40
0.0
 40
0.0
 40
1.0
 40
1.0
 40
1.0
 40
1.0
 10
-7.20288
 20
-5.28893
 30
0.0
 10
-7.20288
 20
-5.28893
 30
0.0
 10
-7.20288
 20
-5.2854
 30
0.0
 10
-7.20288
 20
-5.2854
 30
0.0
  0
SPLINE
  5
139
330
1F
100
AcDbEntity
  8
Camada 1
 62
   251
370
     9
100
AcDbSpline
210
0.0
220
0.0
230
1.0
 70
    24
 71
     3
 72
     8
 73
     4
 74
     0
 42
0.0000000001
 43
0.0000000001
 40
0.0
 40
0.0
 40
0.0
 40
0.0
 40
1.0
 40
1.0
 40
1.0
 40
1.0
 10
-7.17466
 20
-5.2854
 30
0.0
 10
-7.17466
 20
-5.2854
 30
0.0
 10
-7.20288
 20
-5.2854
 30
0.0
 10
-7.20288
 20
-5.2854
 30
0.0
  0
SPLINE
  5
13A
330
1F
100
AcDbEntity
  8
Camada 1
 62
   251
370
     9
100
AcDbSpline
210
0.0
220
0.0
230
1.0
 70
    24
 71
     3
 72
     8
 73
     4
 74
     0
 42
0.0000000001
 43
0.0000000001
 40
0.0
 40
0.0
 40
0.0
 40
0.0
 40
1.0
 40
1.0
 40
1.0
 40
1.0
 10
-7.27697
 20
-5.35596
 30
0.0
 10
-7.27697
 20
-5.35596
 30
0.0
 10
-7.28049
 20
-5.35596
 30
0.0
 10
-7.28049
 20
-5.35596
 30
0.0
  0
SPLINE
  5
13B
330
1F
100
AcDbEntity
  8
Camada 1
 62
   251
370
     9
100
AcDbSpline
210
0.0
220
0.0
230
1.0
 70
     8
 71
     3
 72
    20
 73
    16
 74
     0
 42
0.0000000001
 43
0.0000000001
 40
0.0
 40
0.0
 40
0.0
 40
0.0
 40
0.2
 40
0.2
 40
0.2
 40
0.4
 40
0.4
 40
0.4
 40
0.6000000000000001
 40
0.6000000000000001
 40
0.6000000000000001
 40
0.8
 40
0.8
 40
0.8
 40
1.0
 40
1.0
 40
1.0
 40
1.0
 10
-7.20288
 20
-5.2854
 30
0.0
 10
-7.20288
 20
-5.2854
 30
0.0
 10
-7.22758
 20
-5.28893
 30
0.0
 10
-7.22758
 20
-5.28893
 30
0.0
 10
-7.22758
 20
-5.28893
 30
0.0
 10
-7.25227
 20
-5.30304
 30
0.0
 10
-7.25227
 20
-5.30304
 30
0.0
 10
-7.25227
 20
-5.30304
 30
0.0
 10
-7.26991
 20
-5.32068
 30
0.0
 10
-7.26991
 20
-5.32068
 30
0.0
 10
-7.26991
 20
-5.32068
 30
0.0
 10
-7.27697
 20
-5.34537
 30
0.0
 10
-7.27697
 20
-5.34537
 30
0.0
 10
-7.27697
 20
-5.34537
 30
0.0
 10
-7.28049
 20
-5.35596
 30
0.0
 10
-7.28049
 20
-5.35596
 30
0.0
  0
SPLINE
  5
13C
330
1F
100
AcDbEntity
  8
Camada 1
 62
   251
370
     9
100
AcDbSpline
210
0.0
220
0.0
230
1.0
 70
    24
 71
     3
 72
     8
 73
     4
 74
     0
 42
0.0000000001
 43
0.0000000001
 40
0.0
 40
0.0
 40
0.0
 40
0.0
 40
1.0
 40
1.0
 40
1.0
 40
1.0
 10
-7.27697
 20
-5.45826
 30
0.0
 10
-7.27697
 20
-5.45826
 30
0.0
 10
-7.28049
 20
-5.45826
 30
0.0
 10
-7.28049
 20
-5.45826
 30
0.0
  0
SPLINE
  5
13D
330
1F
100
AcDbEntity
  8
Camada 1
 62
   251
370
     9
100
AcDbSpline
210
0.0
220
0.0
230
1.0
 70
    24
 71
     3
 72
     8
 73
     4
 74
     0
 42
0.0000000001
 43
0.0000000001
 40
0.0
 40
0.0
 40
0.0
 40
0.0
 40
1.0
 40
1.0
 40
1.0
 40
1.0
 10
-7.28049
 20
-5.35596
 30
0.0
 10
-7.28049
 20
-5.35596
 30
0.0
 10
-7.28049
 20
-5.45826
 30
0.0
 10
-7.28049
 20
-5.45826
 30
0.0
  0
SPLINE
  5
13E
330
1F
100
AcDbEntity
  8
Camada 1
 62
   251
370
     9
100
AcDbSpline
210
0.0
220
0.0
230
1.0
 70
    24
 71
     3
 72
     8
 73
     4
 74
     0
 42
0.0000000001
 43
0.0000000001
 40
0.0
 40
0.0
 40
0.0
 40
0.0
 40
1.0
 40
1.0
 40
1.0
 40
1.0
 10
-7.20288
 20
-5.52529
 30
0.0
 10
-7.20288
 20
-5.52529
 30
0.0
 10
-7.20288
 20
-5.52882
 30
0.0
 10
-7.20288
 20
-5.52882
 30
0.0
  0
SPLINE
  5
13F
330
1F
100
AcDbEntity
  8
Camada 1
 62
   251
370
     9
100
AcDbSpline
210
0.0
220
0.0
230
1.0
 70
     8
 71
     3
 72
    20
 73
    16
 74
     0
 42
0.0000000001
 43
0.0000000001
 40
0.0
 40
0.0
 40
0.0
 40
0.0
 40
0.2
 40
0.2
 40
0.2
 40
0.4
 40
0.4
 40
0.4
 40
0.6000000000000001
 40
0.6000000000000001
 40
0.6000000000000001
 40
0.8
 40
0.8
 40
0.8
 40
1.0
 40
1.0
 40
1.0
 40
1.0
 10
-7.28049
 20
-5.45826
 30
0.0
 10
-7.28049
 20
-5.45826
 30
0.0
 10
-7.27697
 20
-5.48296
 30
0.0
 10
-7.27697
 20
-5.48296
 30
0.0
 10
-7.27697
 20
-5.48296
 30
0.0
 10
-7.26286
 20
-5.50059
 30
0.0
 10
-7.26286
 20
-5.50059
 30
0.0
 10
-7.26286
 20
-5.50059
 30
0.0
 10
-7.24874
 20
-5.51471
 30
0.0
 10
-7.24874
 20
-5.51471
 30
0.0
 10
-7.24874
 20
-5.51471
 30
0.0
 10
-7.22405
 20
-5.52529
 30
0.0
 10
-7.22405
 20
-5.52529
 30
0.0
 10
-7.22405
 20
-5.52529
 30
0.0
 10
-7.20288
 20
-5.52882
 30
0.0
 10
-7.20288
 20
-5.52882
 30
0.0
  0
SPLINE
  5
140
330
1F
100
AcDbEntity
  8
Camada 1
 62
   251
370
     9
100
AcDbSpline
210
0.0
220
0.0
230
1.0
 70
    24
 71
     3
 72
     8
 73
     4
 74
     0
 42
0.0000000001
 43
0.0000000001
 40
0.0
 40
0.0
 40
0.0
 40
0.0
 40
1.0
 40
1.0
 40
1.0
 40
1.0
 10
-7.17466
 20
-5.52529
 30
0.0
 10
-7.17466
 20
-5.52529
 30
0.0
 10
-7.17466
 20
-5.52882
 30
0.0
 10
-7.17466
 20
-5.52882
 30
0.0
  0
SPLINE
  5
141
330
1F
100
AcDbEntity
  8
Camada 1
 62
   251
370
     9
100
AcDbSpline
210
0.0
220
0.0
230
1.0
 70
    24
 71
     3
 72
     8
 73
     4
 74
     0
 42
0.0000000001
 43
0.0000000001
 40
0.0
 40
0.0
 40
0.0
 40
0.0
 40
1.0
 40
1.0
 40
1.0
 40
1.0
 10
-7.20288
 20
-5.52882
 30
0.0
 10
-7.20288
 20
-5.52882
 30
0.0
 10
-7.17466
 20
-5.52882
 30
0.0
 10
-7.17466
 20
-5.52882
 30
0.0
  0
SPLINE
  5
142
330
1F
100
AcDbEntity
  8
Camada 1
 62
   251
370
     9
100
AcDbSpline
210
0.0
220
0.0
230
1.0
 70
    24
 71
     3
 72
     8
 73
     4
 74
     0
 42
0.0000000001
 43
0.0000000001
 40
0.0
 40
0.0
 40
0.0
 40
0.0
 40
1.0
 40
1.0
 40
1.0
 40
1.0
 10
-7.10411
 20
-5.4759
 30
0.0
 10
-7.10411
 20
-5.4759
 30
0.0
 10
-7.10058
 20
-5.4759
 30
0.0
 10
-7.10058
 20
-5.4759
 30
0.0
  0
SPLINE
  5
143
330
1F
100
AcDbEntity
  8
Camada 1
 62
   251
370
     9
100
AcDbSpline
210
0.0
220
0.0
230
1.0
 70
     8
 71
     3
 72
    17
 73
    13
 74
     0
 42
0.0000000001
 43
0.0000000001
 40
0.0
 40
0.0
 40
0.0
 40
0.0
 40
0.25
 40
0.25
 40
0.25
 40
0.5
 40
0.5
 40
0.5
 40
0.75
 40
0.75
 40
0.75
 40
1.0
 40
1.0
 40
1.0
 40
1.0
 10
-7.17466
 20
-5.52882
 30
0.0
 10
-7.17466
 20
-5.52882
 30
0.0
 10
-7.14997
 20
-5.52529
 30
0.0
 10
-7.14997
 20
-5.52529
 30
0.0
 10
-7.14997
 20
-5.52529
 30
0.0
 10
-7.12527
 20
-5.51471
 30
0.0
 10
-7.12527
 20
-5.51471
 30
0.0
 10
-7.12527
 20
-5.51471
 30
0.0
 10
-7.10763
 20
-5.49354
 30
0.0
 10
-7.10763
 20
-5.49354
 30
0.0
 10
-7.10763
 20
-5.49354
 30
0.0
 10
-7.10058
 20
-5.4759
 30
0.0
 10
-7.10058
 20
-5.4759
 30
0.0
  0
SPLINE
  5
144
330
1F
100
AcDbEntity
  8
Camada 1
 62
   251
370
     9
100
AcDbSpline
210
0.0
220
0.0
230
1.0
 70
     8
 71
     3
 72
    11
 73
     7
 74
     0
 42
0.0000000001
 43
0.0000000001
 40
0.0
 40
0.0
 40
0.0
 40
0.0
 40
0.5
 40
0.5
 40
0.5
 40
1.0
 40
1.0
 40
1.0
 40
1.0
 10
-7.13938
 20
-5.46884
 30
0.0
 10
-7.13938
 20
-5.46884
 30
0.0
 10
-7.13938
 20
-5.46532
 30
0.0
 10
-7.13938
 20
-5.46532
 30
0.0
 10
-7.13938
 20
-5.46532
 30
0.0
 10
-7.14291
 20
-5.46532
 30
0.0
 10
-7.14291
 20
-5.46532
 30
0.0
  0
SPLINE
  5
145
330
1F
100
AcDbEntity
  8
Camada 1
 62
   251
370
     9
100
AcDbSpline
210
0.0
220
0.0
230
1.0
 70
    24
 71
     3
 72
     8
 73
     4
 74
     0
 42
0.0000000001
 43
0.0000000001
 40
0.0
 40
0.0
 40
0.0
 40
0.0
 40
1.0
 40
1.0
 40
1.0
 40
1.0
 10
-7.10058
 20
-5.4759
 30
0.0
 10
-7.10058
 20
-5.4759
 30
0.0
 10
-7.14291
 20
-5.46532
 30
0.0
 10
-7.14291
 20
-5.46532
 30
0.0
  0
SPLINE
  5
146
330
1F
100
AcDbEntity
  8
Camada 1
 62
   251
370
     9
100
AcDbSpline
210
0.0
220
0.0
230
1.0
 70
     8
 71
     3
 72
    20
 73
    16
 74
     0
 42
0.0000000001
 43
0.0000000001
 40
0.0
 40
0.0
 40
0.0
 40
0.0
 40
0.2
 40
0.2
 40
0.2
 40
0.4
 40
0.4
 40
0.4
 40
0.6000000000000001
 40
0.6000000000000001
 40
0.6000000000000001
 40
0.8
 40
0.8
 40
0.8
 40
1.0
 40
1.0
 40
1.0
 40
1.0
 10
-7.14291
 20
-5.46532
 30
0.0
 10
-7.14291
 20
-5.46532
 30
0.0
 10
-7.14644
 20
-5.48296
 30
0.0
 10
-7.14644
 20
-5.48296
 30
0.0
 10
-7.14644
 20
-5.48296
 30
0.0
 10
-7.15349
 20
-5.49707
 30
0.0
 10
-7.15349
 20
-5.49707
 30
0.0
 10
-7.15349
 20
-5.49707
 30
0.0
 10
-7.16761
 20
-5.50412
 30
0.0
 10
-7.16761
 20
-5.50412
 30
0.0
 10
-7.16761
 20
-5.50412
 30
0.0
 10
-7.18172
 20
-5.50765
 30
0.0
 10
-7.18172
 20
-5.50765
 30
0.0
 10
-7.18172
 20
-5.50765
 30
0.0
 10
-7.18877
 20
-5.51118
 30
0.0
 10
-7.18877
 20
-5.51118
 30
0.0
  0
SPLINE
  5
147
330
1F
100
AcDbEntity
  8
Camada 1
 62
   251
370
     9
100
AcDbSpline
210
0.0
220
0.0
230
1.0
 70
    24
 71
     3
 72
     8
 73
     4
 74
     0
 42
0.0000000001
 43
0.0000000001
 40
0.0
 40
0.0
 40
0.0
 40
0.0
 40
1.0
 40
1.0
 40
1.0
 40
1.0
 10
-7.13938
 20
-5.40182
 30
0.0
 10
-7.13938
 20
-5.40182
 30
0.0
 10
-7.14291
 20
-5.39829
 30
0.0
 10
-7.14291
 20
-5.39829
 30
0.0
  0
SPLINE
  5
148
330
1F
100
AcDbEntity
  8
Camada 1
 62
   251
370
     9
100
AcDbSpline
210
0.0
220
0.0
230
1.0
 70
    24
 71
     3
 72
     8
 73
     4
 74
     0
 42
0.0000000001
 43
0.0000000001
 40
0.0
 40
0.0
 40
0.0
 40
0.0
 40
1.0
 40
1.0
 40
1.0
 40
1.0
 10
-7.23816
 20
-5.40182
 30
0.0
 10
-7.23816
 20
-5.40182
 30
0.0
 10
-7.23463
 20
-5.39829
 30
0.0
 10
-7.23463
 20
-5.39829
 30
0.0
  0
SPLINE
  5
149
330
1F
100
AcDbEntity
  8
Camada 1
 62
   251
370
     9
100
AcDbSpline
210
0.0
220
0.0
230
1.0
 70
    24
 71
     3
 72
     8
 73
     4
 74
     0
 42
0.0000000001
 43
0.0000000001
 40
0.0
 40
0.0
 40
0.0
 40
0.0
 40
1.0
 40
1.0
 40
1.0
 40
1.0
 10
-7.23463
 20
-5.39829
 30
0.0
 10
-7.23463
 20
-5.39829
 30
0.0
 10
-7.14291
 20
-5.39829
 30
0.0
 10
-7.14291
 20
-5.39829
 30
0.0
  0
SPLINE
  5
14A
330
1F
100
AcDbEntity
  8
Camada 1
 62
   251
370
     9
100
AcDbSpline
210
0.0
220
0.0
230
1.0
 70
    24
 71
     3
 72
     8
 73
     4
 74
     0
 42
0.0000000001
 43
0.0000000001
 40
0.0
 40
0.0
 40
0.0
 40
0.0
 40
1.0
 40
1.0
 40
1.0
 40
1.0
 10
-7.13938
 20
-5.35243
 30
0.0
 10
-7.13938
 20
-5.35243
 30
0.0
 10
-7.14291
 20
-5.35243
 30
0.0
 10
-7.14291
 20
-5.35243
 30
0.0
  0
SPLINE
  5
14B
330
1F
100
AcDbEntity
  8
Camada 1
 62
   251
370
     9
100
AcDbSpline
210
0.0
220
0.0
230
1.0
 70
    24
 71
     3
 72
     8
 73
     4
 74
     0
 42
0.0000000001
 43
0.0000000001
 40
0.0
 40
0.0
 40
0.0
 40
0.0
 40
1.0
 40
1.0
 40
1.0
 40
1.0
 10
-7.14291
 20
-5.39829
 30
0.0
 10
-7.14291
 20
-5.39829
 30
0.0
 10
-7.14291
 20
-5.35243
 30
0.0
 10
-7.14291
 20
-5.35243
 30
0.0
  0
SPLINE
  5
14C
330
1F
100
AcDbEntity
  8
Camada 1
 62
   251
370
     9
100
AcDbSpline
210
0.0
220
0.0
230
1.0
 70
    24
 71
     3
 72
     8
 73
     4
 74
     0
 42
0.0000000001
 43
0.0000000001
 40
0.0
 40
0.0
 40
0.0
 40
0.0
 40
1.0
 40
1.0
 40
1.0
 40
1.0
 10
-7.18877
 20
-5.30304
 30
0.0
 10
-7.18877
 20
-5.30304
 30
0.0
 10
-7.18877
 20
-5.30657
 30
0.0
 10
-7.18877
 20
-5.30657
 30
0.0
  0
SPLINE
  5
14D
330
1F
100
AcDbEntity
  8
Camada 1
 62
   251
370
     9
100
AcDbSpline
210
0.0
220
0.0
230
1.0
 70
     8
 71
     3
 72
    20
 73
    16
 74
     0
 42
0.0000000001
 43
0.0000000001
 40
0.0
 40
0.0
 40
0.0
 40
0.0
 40
0.2
 40
0.2
 40
0.2
 40
0.4
 40
0.4
 40
0.4
 40
0.6000000000000001
 40
0.6000000000000001
 40
0.6000000000000001
 40
0.8
 40
0.8
 40
0.8
 40
1.0
 40
1.0
 40
1.0
 40
1.0
 10
-7.14291
 20
-5.35243
 30
0.0
 10
-7.14291
 20
-5.35243
 30
0.0
 10
-7.14644
 20
-5.33479
 30
0.0
 10
-7.14644
 20
-5.33479
 30
0.0
 10
-7.14644
 20
-5.33479
 30
0.0
 10
-7.15349
 20
-5.32421
 30
0.0
 10
-7.15349
 20
-5.32421
 30
0.0
 10
-7.15349
 20
-5.32421
 30
0.0
 10
-7.16408
 20
-5.31362
 30
0.0
 10
-7.16408
 20
-5.31362
 30
0.0
 10
-7.16408
 20
-5.31362
 30
0.0
 10
-7.17819
 20
-5.30657
 30
0.0
 10
-7.17819
 20
-5.30657
 30
0.0
 10
-7.17819
 20
-5.30657
 30
0.0
 10
-7.18877
 20
-5.30657
 30
0.0
 10
-7.18877
 20
-5.30657
 30
0.0
  0
SPLINE
  5
14E
330
1F
100
AcDbEntity
  8
Camada 1
 62
   251
370
     9
100
AcDbSpline
210
0.0
220
0.0
230
1.0
 70
    24
 71
     3
 72
     8
 73
     4
 74
     0
 42
0.0000000001
 43
0.0000000001
 40
0.0
 40
0.0
 40
0.0
 40
0.0
 40
1.0
 40
1.0
 40
1.0
 40
1.0
 10
-7.23816
 20
-5.35243
 30
0.0
 10
-7.23816
 20
-5.35243
 30
0.0
 10
-7.23463
 20
-5.35243
 30
0.0
 10
-7.23463
 20
-5.35243
 30
0.0
  0
SPLINE
  5
14F
330
1F
100
AcDbEntity
  8
Camada 1
 62
   251
370
     9
100
AcDbSpline
210
0.0
220
0.0
230
1.0
 70
     8
 71
     3
 72
    20
 73
    16
 74
     0
 42
0.0000000001
 43
0.0000000001
 40
0.0
 40
0.0
 40
0.0
 40
0.0
 40
0.2
 40
0.2
 40
0.2
 40
0.4
 40
0.4
 40
0.4
 40
0.6000000000000001
 40
0.6000000000000001
 40
0.6000000000000001
 40
0.8
 40
0.8
 40
0.8
 40
1.0
 40
1.0
 40
1.0
 40
1.0
 10
-7.18877
 20
-5.30657
 30
0.0
 10
-7.18877
 20
-5.30657
 30
0.0
 10
-7.20288
 20
-5.30657
 30
0.0
 10
-7.20288
 20
-5.30657
 30
0.0
 10
-7.20288
 20
-5.30657
 30
0.0
 10
-7.21699
 20
-5.31362
 30
0.0
 10
-7.21699
 20
-5.31362
 30
0.0
 10
-7.21699
 20
-5.31362
 30
0.0
 10
-7.22758
 20
-5.32773
 30
0.0
 10
-7.22758
 20
-5.32773
 30
0.0
 10
-7.22758
 20
-5.32773
 30
0.0
 10
-7.23463
 20
-5.34184
 30
0.0
 10
-7.23463
 20
-5.34184
 30
0.0
 10
-7.23463
 20
-5.34184
 30
0.0
 10
-7.23463
 20
-5.35243
 30
0.0
 10
-7.23463
 20
-5.35243
 30
0.0
  0
SPLINE
  5
150
330
1F
100
AcDbEntity
  8
Camada 1
 62
   251
370
     9
100
AcDbSpline
210
0.0
220
0.0
230
1.0
 70
    24
 71
     3
 72
     8
 73
     4
 74
     0
 42
0.0000000001
 43
0.0000000001
 40
0.0
 40
0.0
 40
0.0
 40
0.0
 40
1.0
 40
1.0
 40
1.0
 40
1.0
 10
-7.23463
 20
-5.35243
 30
0.0
 10
-7.23463
 20
-5.35243
 30
0.0
 10
-7.23463
 20
-5.39829
 30
0.0
 10
-7.23463
 20
-5.39829
 30
0.0
  0
SPLINE
  5
151
330
1F
100
AcDbEntity
  8
Camada 1
 62
   251
370
     9
100
AcDbSpline
210
0.0
220
0.0
230
1.0
 70
    24
 71
     3
 72
     8
 73
     4
 74
     0
 42
0.0000000001
 43
0.0000000001
 40
0.0
 40
0.0
 40
0.0
 40
0.0
 40
1.0
 40
1.0
 40
1.0
 40
1.0
 10
-7.39691
 20
-5.30304
 30
0.0
 10
-7.39691
 20
-5.30304
 30
0.0
 10
-7.39691
 20
-5.30657
 30
0.0
 10
-7.39691
 20
-5.30657
 30
0.0
  0
SPLINE
  5
152
330
1F
100
AcDbEntity
  8
Camada 1
 62
   251
370
     9
100
AcDbSpline
210
0.0
220
0.0
230
1.0
 70
     8
 71
     3
 72
    20
 73
    16
 74
     0
 42
0.0000000001
 43
0.0000000001
 40
0.0
 40
0.0
 40
0.0
 40
0.0
 40
0.2
 40
0.2
 40
0.2
 40
0.4
 40
0.4
 40
0.4
 40
0.6000000000000001
 40
0.6000000000000001
 40
0.6000000000000001
 40
0.8
 40
0.8
 40
0.8
 40
1.0
 40
1.0
 40
1.0
 40
1.0
 10
-7.39691
 20
-5.30657
 30
0.0
 10
-7.39691
 20
-5.30657
 30
0.0
 10
-7.3828
 20
-5.30657
 30
0.0
 10
-7.3828
 20
-5.30657
 30
0.0
 10
-7.3828
 20
-5.30657
 30
0.0
 10
-7.36869
 20
-5.31362
 30
0.0
 10
-7.36869
 20
-5.31362
 30
0.0
 10
-7.36869
 20
-5.31362
 30
0.0
 10
-7.35811
 20
-5.32773
 30
0.0
 10
-7.35811
 20
-5.32773
 30
0.0
 10
-7.35811
 20
-5.32773
 30
0.0
 10
-7.35458
 20
-5.34184
 30
0.0
 10
-7.35458
 20
-5.34184
 30
0.0
 10
-7.35458
 20
-5.34184
 30
0.0
 10
-7.35105
 20
-5.3489
 30
0.0
 10
-7.35105
 20
-5.3489
 30
0.0
  0
SPLINE
  5
153
330
1F
100
AcDbEntity
  8
Camada 1
 62
   251
370
     9
100
AcDbSpline
210
0.0
220
0.0
230
1.0
 70
    24
 71
     3
 72
     8
 73
     4
 74
     0
 42
0.0000000001
 43
0.0000000001
 40
0.0
 40
0.0
 40
0.0
 40
0.0
 40
1.0
 40
1.0
 40
1.0
 40
1.0
 10
-7.0653
 20
-5.52529
 30
0.0
 10
-7.0653
 20
-5.52529
 30
0.0
 10
-7.06883
 20
-5.52882
 30
0.0
 10
-7.06883
 20
-5.52882
 30
0.0
  0
SPLINE
  5
154
330
1F
100
AcDbEntity
  8
Camada 1
 62
   251
370
     9
100
AcDbSpline
210
0.0
220
0.0
230
1.0
 70
    24
 71
     3
 72
     8
 73
     4
 74
     0
 42
0.0000000001
 43
0.0000000001
 40
0.0
 40
0.0
 40
0.0
 40
0.0
 40
1.0
 40
1.0
 40
1.0
 40
1.0
 10
-7.06883
 20
-5.2854
 30
0.0
 10
-7.06883
 20
-5.2854
 30
0.0
 10
-7.06883
 20
-5.52882
 30
0.0
 10
-7.06883
 20
-5.52882
 30
0.0
  0
SPLINE
  5
155
330
1F
100
AcDbEntity
  8
Camada 1
 62
   251
370
     9
100
AcDbSpline
210
0.0
220
0.0
230
1.0
 70
    24
 71
     3
 72
     8
 73
     4
 74
     0
 42
0.0000000001
 43
0.0000000001
 40
0.0
 40
0.0
 40
0.0
 40
0.0
 40
1.0
 40
1.0
 40
1.0
 40
1.0
 10
-7.02649
 20
-5.52529
 30
0.0
 10
-7.02649
 20
-5.52529
 30
0.0
 10
-7.02297
 20
-5.52882
 30
0.0
 10
-7.02297
 20
-5.52882
 30
0.0
  0
SPLINE
  5
156
330
1F
100
AcDbEntity
  8
Camada 1
 62
   251
370
     9
100
AcDbSpline
210
0.0
220
0.0
230
1.0
 70
    24
 71
     3
 72
     8
 73
     4
 74
     0
 42
0.0000000001
 43
0.0000000001
 40
0.0
 40
0.0
 40
0.0
 40
0.0
 40
1.0
 40
1.0
 40
1.0
 40
1.0
 10
-7.06883
 20
-5.52882
 30
0.0
 10
-7.06883
 20
-5.52882
 30
0.0
 10
-7.02297
 20
-5.52882
 30
0.0
 10
-7.02297
 20
-5.52882
 30
0.0
  0
SPLINE
  5
157
330
1F
100
AcDbEntity
  8
Camada 1
 62
   251
370
     9
100
AcDbSpline
210
0.0
220
0.0
230
1.0
 70
    24
 71
     3
 72
     8
 73
     4
 74
     0
 42
0.0000000001
 43
0.0000000001
 40
0.0
 40
0.0
 40
0.0
 40
0.0
 40
1.0
 40
1.0
 40
1.0
 40
1.0
 10
-7.02297
 20
-5.52882
 30
0.0
 10
-7.02297
 20
-5.52882
 30
0.0
 10
-7.02297
 20
-5.35243
 30
0.0
 10
-7.02297
 20
-5.35243
 30
0.0
  0
SPLINE
  5
158
330
1F
100
AcDbEntity
  8
Camada 1
 62
   251
370
     9
100
AcDbSpline
210
0.0
220
0.0
230
1.0
 70
    24
 71
     3
 72
     8
 73
     4
 74
     0
 42
0.0000000001
 43
0.0000000001
 40
0.0
 40
0.0
 40
0.0
 40
0.0
 40
1.0
 40
1.0
 40
1.0
 40
1.0
 10
-7.61916
 20
-5.22896
 30
0.0
 10
-7.61916
 20
-5.22896
 30
0.0
 10
-7.61916
 20
-5.22543
 30
0.0
 10
-7.61916
 20
-5.22543
 30
0.0
  0
SPLINE
  5
159
330
1F
100
AcDbEntity
  8
Camada 1
 62
   251
370
     9
100
AcDbSpline
210
0.0
220
0.0
230
1.0
 70
    24
 71
     3
 72
     8
 73
     4
 74
     0
 42
0.0000000001
 43
0.0000000001
 40
0.0
 40
0.0
 40
0.0
 40
0.0
 40
1.0
 40
1.0
 40
1.0
 40
1.0
 10
-7.59447
 20
-5.22543
 30
0.0
 10
-7.59447
 20
-5.22543
 30
0.0
 10
-7.61916
 20
-5.22543
 30
0.0
 10
-7.61916
 20
-5.22543
 30
0.0
  0
SPLINE
  5
15A
330
1F
100
AcDbEntity
  8
Camada 1
 62
   251
370
     9
100
AcDbSpline
210
0.0
220
0.0
230
1.0
 70
    24
 71
     3
 72
     8
 73
     4
 74
     0
 42
0.0000000001
 43
0.0000000001
 40
0.0
 40
0.0
 40
0.0
 40
0.0
 40
1.0
 40
1.0
 40
1.0
 40
1.0
 10
-7.68619
 20
-5.26071
 30
0.0
 10
-7.68619
 20
-5.26071
 30
0.0
 10
-7.68972
 20
-5.26071
 30
0.0
 10
-7.68972
 20
-5.26071
 30
0.0
  0
SPLINE
  5
15B
330
1F
100
AcDbEntity
  8
Camada 1
 62
   251
370
     9
100
AcDbSpline
210
0.0
220
0.0
230
1.0
 70
     8
 71
     3
 72
    14
 73
    10
 74
     0
 42
0.0000000001
 43
0.0000000001
 40
0.0
 40
0.0
 40
0.0
 40
0.0
 40
0.3333333333333333
 40
0.3333333333333333
 40
0.3333333333333333
 40
0.6666666666666666
 40
0.6666666666666666
 40
0.6666666666666666
 40
1.0
 40
1.0
 40
1.0
 40
1.0
 10
-7.61916
 20
-5.22543
 30
0.0
 10
-7.61916
 20
-5.22543
 30
0.0
 10
-7.64386
 20
-5.22896
 30
0.0
 10
-7.64386
 20
-5.22896
 30
0.0
 10
-7.64386
 20
-5.22896
 30
0.0
 10
-7.67208
 20
-5.23954
 30
0.0
 10
-7.67208
 20
-5.23954
 30
0.0
 10
-7.67208
 20
-5.23954
 30
0.0
 10
-7.68972
 20
-5.26071
 30
0.0
 10
-7.68972
 20
-5.26071
 30
0.0
  0
SPLINE
  5
15C
330
1F
100
AcDbEntity
  8
Camada 1
 62
   251
370
     9
100
AcDbSpline
210
0.0
220
0.0
230
1.0
 70
    24
 71
     3
 72
     8
 73
     4
 74
     0
 42
0.0000000001
 43
0.0000000001
 40
0.0
 40
0.0
 40
0.0
 40
0.0
 40
1.0
 40
1.0
 40
1.0
 40
1.0
 10
-7.62622
 20
-5.37712
 30
0.0
 10
-7.62622
 20
-5.37712
 30
0.0
 10
-7.62974
 20
-5.38065
 30
0.0
 10
-7.62974
 20
-5.38065
 30
0.0
  0
SPLINE
  5
15D
330
1F
100
AcDbEntity
  8
Camada 1
 62
   251
370
     9
100
AcDbSpline
210
0.0
220
0.0
230
1.0
 70
     8
 71
     3
 72
    20
 73
    16
 74
     0
 42
0.0000000001
 43
0.0000000001
 40
0.0
 40
0.0
 40
0.0
 40
0.0
 40
0.2
 40
0.2
 40
0.2
 40
0.4
 40
0.4
 40
0.4
 40
0.6000000000000001
 40
0.6000000000000001
 40
0.6000000000000001
 40
0.8
 40
0.8
 40
0.8
 40
1.0
 40
1.0
 40
1.0
 40
1.0
 10
-7.68972
 20
-5.26071
 30
0.0
 10
-7.68972
 20
-5.26071
 30
0.0
 10
-7.69677
 20
-5.28187
 30
0.0
 10
-7.69677
 20
-5.28187
 30
0.0
 10
-7.69677
 20
-5.28187
 30
0.0
 10
-7.69677
 20
-5.29951
 30
0.0
 10
-7.69677
 20
-5.29951
 30
0.0
 10
-7.69677
 20
-5.29951
 30
0.0
 10
-7.69324
 20
-5.31715
 30
0.0
 10
-7.69324
 20
-5.31715
 30
0.0
 10
-7.69324
 20
-5.31715
 30
0.0
 10
-7.67561
 20
-5.34184
 30
0.0
 10
-7.67561
 20
-5.34184
 30
0.0
 10
-7.67561
 20
-5.34184
 30
0.0
 10
-7.62974
 20
-5.38065
 30
0.0
 10
-7.62974
 20
-5.38065
 30
0.0
  0
SPLINE
  5
15E
330
1F
100
AcDbEntity
  8
Camada 1
 62
   251
370
     9
100
AcDbSpline
210
0.0
220
0.0
230
1.0
 70
    24
 71
     3
 72
    11
 73
     7
 74
     0
 42
0.0000000001
 43
0.0000000001
 40
0.0
 40
0.0
 40
0.0
 40
0.0
 40
0.5
 40
0.5
 40
0.5
 40
1.0
 40
1.0
 40
1.0
 40
1.0
 10
-7.55919
 20
-5.46532
 30
0.0
 10
-7.55919
 20
-5.46532
 30
0.0
 10
-7.55919
 20
-5.46532
 30
0.0
 10
-7.55919
 20
-5.46532
 30
0.0
 10
-7.55919
 20
-5.46532
 30
0.0
 10
-7.56272
 20
-5.46532
 30
0.0
 10
-7.56272
 20
-5.46532
 30
0.0
  0
SPLINE
  5
15F
330
1F
100
AcDbEntity
  8
Camada 1
 62
   251
370
     9
100
AcDbSpline
210
0.0
220
0.0
230
1.0
 70
     8
 71
     3
 72
    17
 73
    13
 74
     0
 42
0.0000000001
 43
0.0000000001
 40
0.0
 40
0.0
 40
0.0
 40
0.0
 40
0.25
 40
0.25
 40
0.25
 40
0.5
 40
0.5
 40
0.5
 40
0.75
 40
0.75
 40
0.75
 40
1.0
 40
1.0
 40
1.0
 40
1.0
 10
-7.62974
 20
-5.38065
 30
0.0
 10
-7.62974
 20
-5.38065
 30
0.0
 10
-7.59094
 20
-5.40887
 30
0.0
 10
-7.59094
 20
-5.40887
 30
0.0
 10
-7.59094
 20
-5.40887
 30
0.0
 10
-7.5733
 20
-5.43004
 30
0.0
 10
-7.5733
 20
-5.43004
 30
0.0
 10
-7.5733
 20
-5.43004
 30
0.0
 10
-7.56272
 20
-5.45826
 30
0.0
 10
-7.56272
 20
-5.45826
 30
0.0
 10
-7.56272
 20
-5.45826
 30
0.0
 10
-7.56272
 20
-5.46532
 30
0.0
 10
-7.56272
 20
-5.46532
 30
0.0
  0
SPLINE
  5
160
330
1F
100
AcDbEntity
  8
Camada 1
 62
   251
370
     9
100
AcDbSpline
210
0.0
220
0.0
230
1.0
 70
    24
 71
     3
 72
     8
 73
     4
 74
     0
 42
0.0000000001
 43
0.0000000001
 40
0.0
 40
0.0
 40
0.0
 40
0.0
 40
1.0
 40
1.0
 40
1.0
 40
1.0
 10
-7.60858
 20
-5.51471
 30
0.0
 10
-7.60858
 20
-5.51471
 30
0.0
 10
-7.60858
 20
-5.51118
 30
0.0
 10
-7.60858
 20
-5.51118
 30
0.0
  0
SPLINE
  5
161
330
1F
100
AcDbEntity
  8
Camada 1
 62
   251
370
     9
100
AcDbSpline
210
0.0
220
0.0
230
1.0
 70
     8
 71
     3
 72
    20
 73
    16
 74
     0
 42
0.0000000001
 43
0.0000000001
 40
0.0
 40
0.0
 40
0.0
 40
0.0
 40
0.2
 40
0.2
 40
0.2
 40
0.4
 40
0.4
 40
0.4
 40
0.6000000000000001
 40
0.6000000000000001
 40
0.6000000000000001
 40
0.8
 40
0.8
 40
0.8
 40
1.0
 40
1.0
 40
1.0
 40
1.0
 10
-7.56272
 20
-5.46532
 30
0.0
 10
-7.56272
 20
-5.46532
 30
0.0
 10
-7.56624
 20
-5.47943
 30
0.0
 10
-7.56624
 20
-5.47943
 30
0.0
 10
-7.56624
 20
-5.47943
 30
0.0
 10
-7.5733
 20
-5.49354
 30
0.0
 10
-7.5733
 20
-5.49354
 30
0.0
 10
-7.5733
 20
-5.49354
 30
0.0
 10
-7.58388
 20
-5.50412
 30
0.0
 10
-7.58388
 20
-5.50412
 30
0.0
 10
-7.58388
 20
-5.50412
 30
0.0
 10
-7.59799
 20
-5.50765
 30
0.0
 10
-7.59799
 20
-5.50765
 30
0.0
 10
-7.59799
 20
-5.50765
 30
0.0
 10
-7.60858
 20
-5.51118
 30
0.0
 10
-7.60858
 20
-5.51118
 30
0.0
  0
SPLINE
  5
162
330
1F
100
AcDbEntity
  8
Camada 1
 62
   251
370
     9
100
AcDbSpline
210
0.0
220
0.0
230
1.0
 70
    24
 71
     3
 72
     8
 73
     4
 74
     0
 42
0.0000000001
 43
0.0000000001
 40
0.0
 40
0.0
 40
0.0
 40
0.0
 40
1.0
 40
1.0
 40
1.0
 40
1.0
 10
-7.65797
 20
-5.47237
 30
0.0
 10
-7.65797
 20
-5.47237
 30
0.0
 10
-7.65444
 20
-5.47237
 30
0.0
 10
-7.65444
 20
-5.47237
 30
0.0
  0
SPLINE
  5
163
330
1F
100
AcDbEntity
  8
Camada 1
 62
   251
370
     9
100
AcDbSpline
210
0.0
220
0.0
230
1.0
 70
     8
 71
     3
 72
    20
 73
    16
 74
     0
 42
0.0000000001
 43
0.0000000001
 40
0.0
 40
0.0
 40
0.0
 40
0.0
 40
0.2
 40
0.2
 40
0.2
 40
0.4
 40
0.4
 40
0.4
 40
0.6000000000000001
 40
0.6000000000000001
 40
0.6000000000000001
 40
0.8
 40
0.8
 40
0.8
 40
1.0
 40
1.0
 40
1.0
 40
1.0
 10
-7.60858
 20
-5.51118
 30
0.0
 10
-7.60858
 20
-5.51118
 30
0.0
 10
-7.62269
 20
-5.50765
 30
0.0
 10
-7.62269
 20
-5.50765
 30
0.0
 10
-7.62269
 20
-5.50765
 30
0.0
 10
-7.6368
 20
-5.50059
 30
0.0
 10
-7.6368
 20
-5.50059
 30
0.0
 10
-7.6368
 20
-5.50059
 30
0.0
 10
-7.64738
 20
-5.49001
 30
0.0
 10
-7.64738
 20
-5.49001
 30
0.0
 10
-7.64738
 20
-5.49001
 30
0.0
 10
-7.65091
 20
-5.4759
 30
0.0
 10
-7.65091
 20
-5.4759
 30
0.0
 10
-7.65091
 20
-5.4759
 30
0.0
 10
-7.65444
 20
-5.47237
 30
0.0
 10
-7.65444
 20
-5.47237
 30
0.0
  0
SPLINE
  5
164
330
1F
100
AcDbEntity
  8
Camada 1
 62
   251
370
     9
100
AcDbSpline
210
0.0
220
0.0
230
1.0
 70
    24
 71
     3
 72
     8
 73
     4
 74
     0
 42
0.0000000001
 43
0.0000000001
 40
0.0
 40
0.0
 40
0.0
 40
0.0
 40
1.0
 40
1.0
 40
1.0
 40
1.0
 10
-6.99122
 20
-5.28893
 30
0.0
 10
-6.99122
 20
-5.28893
 30
0.0
 10
-6.99122
 20
-5.2854
 30
0.0
 10
-6.99122
 20
-5.2854
 30
0.0
  0
SPLINE
  5
165
330
1F
100
AcDbEntity
  8
Camada 1
 62
   251
370
     9
100
AcDbSpline
210
0.0
220
0.0
230
1.0
 70
    24
 71
     3
 72
     8
 73
     4
 74
     0
 42
0.0000000001
 43
0.0000000001
 40
0.0
 40
0.0
 40
0.0
 40
0.0
 40
1.0
 40
1.0
 40
1.0
 40
1.0
 10
-6.96652
 20
-5.2854
 30
0.0
 10
-6.96652
 20
-5.2854
 30
0.0
 10
-6.99122
 20
-5.2854
 30
0.0
 10
-6.99122
 20
-5.2854
 30
0.0
  0
SPLINE
  5
166
330
1F
100
AcDbEntity
  8
Camada 1
 62
   251
370
     9
100
AcDbSpline
210
0.0
220
0.0
230
1.0
 70
     8
 71
     3
 72
    11
 73
     7
 74
     0
 42
0.0000000001
 43
0.0000000001
 40
0.0
 40
0.0
 40
0.0
 40
0.0
 40
0.5
 40
0.5
 40
0.5
 40
1.0
 40
1.0
 40
1.0
 40
1.0
 10
-7.02649
 20
-5.29598
 30
0.0
 10
-7.02649
 20
-5.29598
 30
0.0
 10
-7.02649
 20
-5.29246
 30
0.0
 10
-7.02649
 20
-5.29246
 30
0.0
 10
-7.02649
 20
-5.29246
 30
0.0
 10
-7.02297
 20
-5.29246
 30
0.0
 10
-7.02297
 20
-5.29246
 30
0.0
  0
SPLINE
  5
167
330
1F
100
AcDbEntity
  8
Camada 1
 62
   251
370
     9
100
AcDbSpline
210
0.0
220
0.0
230
1.0
 70
     8
 71
     3
 72
    14
 73
    10
 74
     0
 42
0.0000000001
 43
0.0000000001
 40
0.0
 40
0.0
 40
0.0
 40
0.0
 40
0.3333333333333333
 40
0.3333333333333333
 40
0.3333333333333333
 40
0.6666666666666666
 40
0.6666666666666666
 40
0.6666666666666666
 40
1.0
 40
1.0
 40
1.0
 40
1.0
 10
-6.99122
 20
-5.2854
 30
0.0
 10
-6.99122
 20
-5.2854
 30
0.0
 10
-7.00533
 20
-5.2854
 30
0.0
 10
-7.00533
 20
-5.2854
 30
0.0
 10
-7.00533
 20
-5.2854
 30
0.0
 10
-7.01591
 20
-5.28893
 30
0.0
 10
-7.01591
 20
-5.28893
 30
0.0
 10
-7.01591
 20
-5.28893
 30
0.0
 10
-7.02297
 20
-5.29246
 30
0.0
 10
-7.02297
 20
-5.29246
 30
0.0
  0
SPLINE
  5
168
330
1F
100
AcDbEntity
  8
Camada 1
 62
   251
370
     9
100
AcDbSpline
210
0.0
220
0.0
230
1.0
 70
    24
 71
     3
 72
     8
 73
     4
 74
     0
 42
0.0000000001
 43
0.0000000001
 40
0.0
 40
0.0
 40
0.0
 40
0.0
 40
1.0
 40
1.0
 40
1.0
 40
1.0
 10
-7.02297
 20
-5.29246
 30
0.0
 10
-7.02297
 20
-5.29246
 30
0.0
 10
-7.02297
 20
-5.2854
 30
0.0
 10
-7.02297
 20
-5.2854
 30
0.0
  0
SPLINE
  5
169
330
1F
100
AcDbEntity
  8
Camada 1
 62
   251
370
     9
100
AcDbSpline
210
0.0
220
0.0
230
1.0
 70
    24
 71
     3
 72
     8
 73
     4
 74
     0
 42
0.0000000001
 43
0.0000000001
 40
0.0
 40
0.0
 40
0.0
 40
0.0
 40
1.0
 40
1.0
 40
1.0
 40
1.0
 10
-7.69324
 20
-5.46884
 30
0.0
 10
-7.69324
 20
-5.46884
 30
0.0
 10
-7.69677
 20
-5.46884
 30
0.0
 10
-7.69677
 20
-5.46884
 30
0.0
  0
SPLINE
  5
16A
330
1F
100
AcDbEntity
  8
Camada 1
 62
   251
370
     9
100
AcDbSpline
210
0.0
220
0.0
230
1.0
 70
    24
 71
     3
 72
     8
 73
     4
 74
     0
 42
0.0000000001
 43
0.0000000001
 40
0.0
 40
0.0
 40
0.0
 40
0.0
 40
1.0
 40
1.0
 40
1.0
 40
1.0
 10
-7.62269
 20
-5.52529
 30
0.0
 10
-7.62269
 20
-5.52529
 30
0.0
 10
-7.62269
 20
-5.52882
 30
0.0
 10
-7.62269
 20
-5.52882
 30
0.0
  0
SPLINE
  5
16B
330
1F
100
AcDbEntity
  8
Camada 1
 62
   251
370
     9
100
AcDbSpline
210
0.0
220
0.0
230
1.0
 70
     8
 71
     3
 72
    20
 73
    16
 74
     0
 42
0.0000000001
 43
0.0000000001
 40
0.0
 40
0.0
 40
0.0
 40
0.0
 40
0.2
 40
0.2
 40
0.2
 40
0.4
 40
0.4
 40
0.4
 40
0.6000000000000001
 40
0.6000000000000001
 40
0.6000000000000001
 40
0.8
 40
0.8
 40
0.8
 40
1.0
 40
1.0
 40
1.0
 40
1.0
 10
-7.69677
 20
-5.46884
 30
0.0
 10
-7.69677
 20
-5.46884
 30
0.0
 10
-7.69677
 20
-5.48296
 30
0.0
 10
-7.69677
 20
-5.48296
 30
0.0
 10
-7.69677
 20
-5.48296
 30
0.0
 10
-7.68619
 20
-5.49707
 30
0.0
 10
-7.68619
 20
-5.49707
 30
0.0
 10
-7.68619
 20
-5.49707
 30
0.0
 10
-7.67208
 20
-5.51471
 30
0.0
 10
-7.67208
 20
-5.51471
 30
0.0
 10
-7.67208
 20
-5.51471
 30
0.0
 10
-7.64386
 20
-5.52882
 30
0.0
 10
-7.64386
 20
-5.52882
 30
0.0
 10
-7.64386
 20
-5.52882
 30
0.0
 10
-7.62269
 20
-5.52882
 30
0.0
 10
-7.62269
 20
-5.52882
 30
0.0
  0
SPLINE
  5
16C
330
1F
100
AcDbEntity
  8
Camada 1
 62
   251
370
     9
100
AcDbSpline
210
0.0
220
0.0
230
1.0
 70
    24
 71
     3
 72
     8
 73
     4
 74
     0
 42
0.0000000001
 43
0.0000000001
 40
0.0
 40
0.0
 40
0.0
 40
0.0
 40
1.0
 40
1.0
 40
1.0
 40
1.0
 10
-7.59447
 20
-5.52529
 30
0.0
 10
-7.59447
 20
-5.52529
 30
0.0
 10
-7.59447
 20
-5.52882
 30
0.0
 10
-7.59447
 20
-5.52882
 30
0.0
  0
SPLINE
  5
16D
330
1F
100
AcDbEntity
  8
Camada 1
 62
   251
370
     9
100
AcDbSpline
210
0.0
220
0.0
230
1.0
 70
    24
 71
     3
 72
     8
 73
     4
 74
     0
 42
0.0000000001
 43
0.0000000001
 40
0.0
 40
0.0
 40
0.0
 40
0.0
 40
1.0
 40
1.0
 40
1.0
 40
1.0
 10
-7.62269
 20
-5.52882
 30
0.0
 10
-7.62269
 20
-5.52882
 30
0.0
 10
-7.59447
 20
-5.52882
 30
0.0
 10
-7.59447
 20
-5.52882
 30
0.0
  0
SPLINE
  5
16E
330
1F
100
AcDbEntity
  8
Camada 1
 62
   251
370
     9
100
AcDbSpline
210
0.0
220
0.0
230
1.0
 70
    24
 71
     3
 72
     8
 73
     4
 74
     0
 42
0.0000000001
 43
0.0000000001
 40
0.0
 40
0.0
 40
0.0
 40
0.0
 40
1.0
 40
1.0
 40
1.0
 40
1.0
 10
-7.53097
 20
-5.49354
 30
0.0
 10
-7.53097
 20
-5.49354
 30
0.0
 10
-7.52744
 20
-5.49354
 30
0.0
 10
-7.52744
 20
-5.49354
 30
0.0
  0
SPLINE
  5
16F
330
1F
100
AcDbEntity
  8
Camada 1
 62
   251
370
     9
100
AcDbSpline
210
0.0
220
0.0
230
1.0
 70
     8
 71
     3
 72
    14
 73
    10
 74
     0
 42
0.0000000001
 43
0.0000000001
 40
0.0
 40
0.0
 40
0.0
 40
0.0
 40
0.3333333333333333
 40
0.3333333333333333
 40
0.3333333333333333
 40
0.6666666666666666
 40
0.6666666666666666
 40
0.6666666666666666
 40
1.0
 40
1.0
 40
1.0
 40
1.0
 10
-7.59447
 20
-5.52882
 30
0.0
 10
-7.59447
 20
-5.52882
 30
0.0
 10
-7.56977
 20
-5.52529
 30
0.0
 10
-7.56977
 20
-5.52529
 30
0.0
 10
-7.56977
 20
-5.52529
 30
0.0
 10
-7.54508
 20
-5.51471
 30
0.0
 10
-7.54508
 20
-5.51471
 30
0.0
 10
-7.54508
 20
-5.51471
 30
0.0
 10
-7.52744
 20
-5.49354
 30
0.0
 10
-7.52744
 20
-5.49354
 30
0.0
  0
SPLINE
  5
171
330
1F
100
AcDbEntity
  8
Camada 1
 62
   251
370
     9
100
AcDbSpline
210
0.0
220
0.0
230
1.0
 70
     8
 71
     3
 72
    20
 73
    16
 74
     0
 42
0.0000000001
 43
0.0000000001
 40
0.0
 40
0.0
 40
0.0
 40
0.0
 40
0.2
 40
0.2
 40
0.2
 40
0.4
 40
0.4
 40
0.4
 40
0.6000000000000001
 40
0.6000000000000001
 40
0.6000000000000001
 40
0.8
 40
0.8
 40
0.8
 40
1.0
 40
1.0
 40
1.0
 40
1.0
 10
-7.52744
 20
-5.49354
 30
0.0
 10
-7.52744
 20
-5.49354
 30
0.0
 10
-7.51686
 20
-5.47237
 30
0.0
 10
-7.51686
 20
-5.47237
 30
0.0
 10
-7.51686
 20
-5.47237
 30
0.0
 10
-7.51686
 20
-5.45473
 30
0.0
 10
-7.51686
 20
-5.45473
 30
0.0
 10
-7.51686
 20
-5.45473
 30
0.0
 10
-7.52038
 20
-5.43709
 30
0.0
 10
-7.52038
 20
-5.43709
 30
0.0
 10
-7.52038
 20
-5.43709
 30
0.0
 10
-7.53802
 20
-5.41593
 30
0.0
 10
-7.53802
 20
-5.41593
 30
0.0
 10
-7.53802
 20
-5.41593
 30
0.0
 10
-7.58741
 20
-5.37712
 30
0.0
 10
-7.58741
 20
-5.37712
 30
0.0
  0
SPLINE
  5
172
330
1F
100
AcDbEntity
  8
Camada 1
 62
   251
370
     9
100
AcDbSpline
210
0.0
220
0.0
230
1.0
 70
    24
 71
     3
 72
     8
 73
     4
 74
     0
 42
0.0000000001
 43
0.0000000001
 40
0.0
 40
0.0
 40
0.0
 40
0.0
 40
1.0
 40
1.0
 40
1.0
 40
1.0
 10
-7.65797
 20
-5.29246
 30
0.0
 10
-7.65797
 20
-5.29246
 30
0.0
 10
-7.65444
 20
-5.29246
 30
0.0
 10
-7.65444
 20
-5.29246
 30
0.0
  0
SPLINE
  5
173
330
1F
100
AcDbEntity
  8
Camada 1
 62
   251
370
     9
100
AcDbSpline
210
0.0
220
0.0
230
1.0
 70
     8
 71
     3
 72
    17
 73
    13
 74
     0
 42
0.0000000001
 43
0.0000000001
 40
0.0
 40
0.0
 40
0.0
 40
0.0
 40
0.25
 40
0.25
 40
0.25
 40
0.5
 40
0.5
 40
0.5
 40
0.75
 40
0.75
 40
0.75
 40
1.0
 40
1.0
 40
1.0
 40
1.0
 10
-7.58741
 20
-5.37712
 30
0.0
 10
-7.58741
 20
-5.37712
 30
0.0
 10
-7.62622
 20
-5.34537
 30
0.0
 10
-7.62622
 20
-5.34537
 30
0.0
 10
-7.62622
 20
-5.34537
 30
0.0
 10
-7.64386
 20
-5.32773
 30
0.0
 10
-7.64386
 20
-5.32773
 30
0.0
 10
-7.64386
 20
-5.32773
 30
0.0
 10
-7.65091
 20
-5.30657
 30
0.0
 10
-7.65091
 20
-5.30657
 30
0.0
 10
-7.65091
 20
-5.30657
 30
0.0
 10
-7.65444
 20
-5.29246
 30
0.0
 10
-7.65444
 20
-5.29246
 30
0.0
  0
SPLINE
  5
174
330
1F
100
AcDbEntity
  8
Camada 1
 62
   251
370
     9
100
AcDbSpline
210
0.0
220
0.0
230
1.0
 70
     8
 71
     3
 72
    20
 73
    16
 74
     0
 42
0.0000000001
 43
0.0000000001
 40
0.0
 40
0.0
 40
0.0
 40
0.0
 40
0.2
 40
0.2
 40
0.2
 40
0.4
 40
0.4
 40
0.4
 40
0.6000000000000001
 40
0.6000000000000001
 40
0.6000000000000001
 40
0.8
 40
0.8
 40
0.8
 40
1.0
 40
1.0
 40
1.0
 40
1.0
 10
-7.65444
 20
-5.29246
 30
0.0
 10
-7.65444
 20
-5.29246
 30
0.0
 10
-7.65091
 20
-5.27482
 30
0.0
 10
-7.65091
 20
-5.27482
 30
0.0
 10
-7.65091
 20
-5.27482
 30
0.0
 10
-7.64386
 20
-5.26423
 30
0.0
 10
-7.64386
 20
-5.26423
 30
0.0
 10
-7.64386
 20
-5.26423
 30
0.0
 10
-7.63327
 20
-5.25365
 30
0.0
 10
-7.63327
 20
-5.25365
 30
0.0
 10
-7.63327
 20
-5.25365
 30
0.0
 10
-7.61916
 20
-5.2466
 30
0.0
 10
-7.61916
 20
-5.2466
 30
0.0
 10
-7.61916
 20
-5.2466
 30
0.0
 10
-7.60858
 20
-5.2466
 30
0.0
 10
-7.60858
 20
-5.2466
 30
0.0
  0
SPLINE
  5
175
330
1F
100
AcDbEntity
  8
Camada 1
 62
   251
370
     9
100
AcDbSpline
210
0.0
220
0.0
230
1.0
 70
    24
 71
     3
 72
     8
 73
     4
 74
     0
 42
0.0000000001
 43
0.0000000001
 40
0.0
 40
0.0
 40
0.0
 40
0.0
 40
1.0
 40
1.0
 40
1.0
 40
1.0
 10
-6.61022
 20
-5.29598
 30
0.0
 10
-6.61022
 20
-5.29598
 30
0.0
 10
-6.60669
 20
-5.29246
 30
0.0
 10
-6.60669
 20
-5.29246
 30
0.0
  0
SPLINE
  5
176
330
1F
100
AcDbEntity
  8
Camada 1
 62
   251
370
     9
100
AcDbSpline
210
0.0
220
0.0
230
1.0
 70
     8
 71
     3
 72
    14
 73
    10
 74
     0
 42
0.0000000001
 43
0.0000000001
 40
0.0
 40
0.0
 40
0.0
 40
0.0
 40
0.3333333333333333
 40
0.3333333333333333
 40
0.3333333333333333
 40
0.6666666666666666
 40
0.6666666666666666
 40
0.6666666666666666
 40
1.0
 40
1.0
 40
1.0
 40
1.0
 10
-6.57141
 20
-5.2854
 30
0.0
 10
-6.57141
 20
-5.2854
 30
0.0
 10
-6.58552
 20
-5.2854
 30
0.0
 10
-6.58552
 20
-5.2854
 30
0.0
 10
-6.58552
 20
-5.2854
 30
0.0
 10
-6.59611
 20
-5.28893
 30
0.0
 10
-6.59611
 20
-5.28893
 30
0.0
 10
-6.59611
 20
-5.28893
 30
0.0
 10
-6.60669
 20
-5.29246
 30
0.0
 10
-6.60669
 20
-5.29246
 30
0.0
  0
SPLINE
  5
177
330
1F
100
AcDbEntity
  8
Camada 1
 62
   251
370
     9
100
AcDbSpline
210
0.0
220
0.0
230
1.0
 70
    24
 71
     3
 72
     8
 73
     4
 74
     0
 42
0.0000000001
 43
0.0000000001
 40
0.0
 40
0.0
 40
0.0
 40
0.0
 40
1.0
 40
1.0
 40
1.0
 40
1.0
 10
-6.60669
 20
-5.29246
 30
0.0
 10
-6.60669
 20
-5.29246
 30
0.0
 10
-6.60669
 20
-5.2854
 30
0.0
 10
-6.60669
 20
-5.2854
 30
0.0
  0
SPLINE
  5
178
330
1F
100
AcDbEntity
  8
Camada 1
 62
   251
370
     9
100
AcDbSpline
210
0.0
220
0.0
230
1.0
 70
    24
 71
     3
 72
     8
 73
     4
 74
     0
 42
0.0000000001
 43
0.0000000001
 40
0.0
 40
0.0
 40
0.0
 40
0.0
 40
1.0
 40
1.0
 40
1.0
 40
1.0
 10
-6.3033
 20
-5.28893
 30
0.0
 10
-6.3033
 20
-5.28893
 30
0.0
 10
-6.3033
 20
-5.2854
 30
0.0
 10
-6.3033
 20
-5.2854
 30
0.0
  0
SPLINE
  5
179
330
1F
100
AcDbEntity
  8
Camada 1
 62
   251
370
     9
100
AcDbSpline
210
0.0
220
0.0
230
1.0
 70
    24
 71
     3
 72
     8
 73
     4
 74
     0
 42
0.0000000001
 43
0.0000000001
 40
0.0
 40
0.0
 40
0.0
 40
0.0
 40
1.0
 40
1.0
 40
1.0
 40
1.0
 10
-6.37738
 20
-5.35596
 30
0.0
 10
-6.37738
 20
-5.35596
 30
0.0
 10
-6.38091
 20
-5.35596
 30
0.0
 10
-6.38091
 20
-5.35596
 30
0.0
  0
SPLINE
  5
17A
330
1F
100
AcDbEntity
  8
Camada 1
 62
   251
370
     9
100
AcDbSpline
210
0.0
220
0.0
230
1.0
 70
     8
 71
     3
 72
    20
 73
    16
 74
     0
 42
0.0000000001
 43
0.0000000001
 40
0.0
 40
0.0
 40
0.0
 40
0.0
 40
0.2
 40
0.2
 40
0.2
 40
0.4
 40
0.4
 40
0.4
 40
0.6000000000000001
 40
0.6000000000000001
 40
0.6000000000000001
 40
0.8
 40
0.8
 40
0.8
 40
1.0
 40
1.0
 40
1.0
 40
1.0
 10
-6.3033
 20
-5.2854
 30
0.0
 10
-6.3033
 20
-5.2854
 30
0.0
 10
-6.32799
 20
-5.28893
 30
0.0
 10
-6.32799
 20
-5.28893
 30
0.0
 10
-6.32799
 20
-5.28893
 30
0.0
 10
-6.35269
 20
-5.29951
 30
0.0
 10
-6.35269
 20
-5.29951
 30
0.0
 10
-6.35269
 20
-5.29951
 30
0.0
 10
-6.3668
 20
-5.31715
 30
0.0
 10
-6.3668
 20
-5.31715
 30
0.0
 10
-6.3668
 20
-5.31715
 30
0.0
 10
-6.37738
 20
-5.33832
 30
0.0
 10
-6.37738
 20
-5.33832
 30
0.0
 10
-6.37738
 20
-5.33832
 30
0.0
 10
-6.38091
 20
-5.35596
 30
0.0
 10
-6.38091
 20
-5.35596
 30
0.0
  0
SPLINE
  5
17B
330
1F
100
AcDbEntity
  8
Camada 1
 62
   251
370
     9
100
AcDbSpline
210
0.0
220
0.0
230
1.0
 70
    24
 71
     3
 72
     8
 73
     4
 74
     0
 42
0.0000000001
 43
0.0000000001
 40
0.0
 40
0.0
 40
0.0
 40
0.0
 40
1.0
 40
1.0
 40
1.0
 40
1.0
 10
-6.37738
 20
-5.45826
 30
0.0
 10
-6.37738
 20
-5.45826
 30
0.0
 10
-6.38091
 20
-5.45826
 30
0.0
 10
-6.38091
 20
-5.45826
 30
0.0
  0
SPLINE
  5
17C
330
1F
100
AcDbEntity
  8
Camada 1
 62
   251
370
     9
100
AcDbSpline
210
0.0
220
0.0
230
1.0
 70
    24
 71
     3
 72
     8
 73
     4
 74
     0
 42
0.0000000001
 43
0.0000000001
 40
0.0
 40
0.0
 40
0.0
 40
0.0
 40
1.0
 40
1.0
 40
1.0
 40
1.0
 10
-6.38091
 20
-5.35596
 30
0.0
 10
-6.38091
 20
-5.35596
 30
0.0
 10
-6.38091
 20
-5.45826
 30
0.0
 10
-6.38091
 20
-5.45826
 30
0.0
  0
SPLINE
  5
17D
330
1F
100
AcDbEntity
  8
Camada 1
 62
   251
370
     9
100
AcDbSpline
210
0.0
220
0.0
230
1.0
 70
     8
 71
     3
 72
    11
 73
     7
 74
     0
 42
0.0000000001
 43
0.0000000001
 40
0.0
 40
0.0
 40
0.0
 40
0.0
 40
0.5
 40
0.5
 40
0.5
 40
1.0
 40
1.0
 40
1.0
 40
1.0
 10
-6.68077
 20
-5.52529
 30
0.0
 10
-6.68077
 20
-5.52529
 30
0.0
 10
-6.68077
 20
-5.52882
 30
0.0
 10
-6.68077
 20
-5.52882
 30
0.0
 10
-6.68077
 20
-5.52882
 30
0.0
 10
-6.67724
 20
-5.52882
 30
0.0
 10
-6.67724
 20
-5.52882
 30
0.0
  0
SPLINE
  5
17E
330
1F
100
AcDbEntity
  8
Camada 1
 62
   251
370
     9
100
AcDbSpline
210
0.0
220
0.0
230
1.0
 70
    24
 71
     3
 72
    14
 73
    10
 74
     0
 42
0.0000000001
 43
0.0000000001
 40
0.0
 40
0.0
 40
0.0
 40
0.0
 40
0.3333333333333333
 40
0.3333333333333333
 40
0.3333333333333333
 40
0.6666666666666666
 40
0.6666666666666666
 40
0.6666666666666666
 40
1.0
 40
1.0
 40
1.0
 40
1.0
 10
-6.68077
 20
-5.52529
 30
0.0
 10
-6.68077
 20
-5.52529
 30
0.0
 10
-6.68077
 20
-5.47943
 30
0.0
 10
-6.68077
 20
-5.47943
 30
0.0
 10
-6.68077
 20
-5.47943
 30
0.0
 10
-6.68077
 20
-5.43004
 30
0.0
 10
-6.68077
 20
-5.43004
 30
0.0
 10
-6.68077
 20
-5.43004
 30
0.0
 10
-6.68077
 20
-5.35596
 30
0.0
 10
-6.68077
 20
-5.35596
 30
0.0
  0
SPLINE
  5
17F
330
1F
100
AcDbEntity
  8
Camada 1
 62
   251
370
     9
100
AcDbSpline
210
0.0
220
0.0
230
1.0
 70
    24
 71
     3
 72
    14
 73
    10
 74
     0
 42
0.0000000001
 43
0.0000000001
 40
0.0
 40
0.0
 40
0.0
 40
0.0
 40
0.3333333333333333
 40
0.3333333333333333
 40
0.3333333333333333
 40
0.6666666666666666
 40
0.6666666666666666
 40
0.6666666666666666
 40
1.0
 40
1.0
 40
1.0
 40
1.0
 10
-6.67724
 20
-5.52882
 30
0.0
 10
-6.67724
 20
-5.52882
 30
0.0
 10
-6.67724
 20
-5.48296
 30
0.0
 10
-6.67724
 20
-5.48296
 30
0.0
 10
-6.67724
 20
-5.48296
 30
0.0
 10
-6.67724
 20
-5.43357
 30
0.0
 10
-6.67724
 20
-5.43357
 30
0.0
 10
-6.67724
 20
-5.43357
 30
0.0
 10
-6.67724
 20
-5.35596
 30
0.0
 10
-6.67724
 20
-5.35596
 30
0.0
  0
SPLINE
  5
180
330
1F
100
AcDbEntity
  8
Camada 1
 62
   251
370
     9
100
AcDbSpline
210
0.0
220
0.0
230
1.0
 70
    24
 71
     3
 72
     8
 73
     4
 74
     0
 42
0.0000000001
 43
0.0000000001
 40
0.0
 40
0.0
 40
0.0
 40
0.0
 40
1.0
 40
1.0
 40
1.0
 40
1.0
 10
-6.60669
 20
-5.52882
 30
0.0
 10
-6.60669
 20
-5.52882
 30
0.0
 10
-6.60669
 20
-5.35243
 30
0.0
 10
-6.60669
 20
-5.35243
 30
0.0
  0
SPLINE
  5
181
330
1F
100
AcDbEntity
  8
Camada 1
 62
   251
370
     9
100
AcDbSpline
210
0.0
220
0.0
230
1.0
 70
    24
 71
     3
 72
     8
 73
     4
 74
     0
 42
0.0000000001
 43
0.0000000001
 40
0.0
 40
0.0
 40
0.0
 40
0.0
 40
1.0
 40
1.0
 40
1.0
 40
1.0
 10
-6.27508
 20
-5.52529
 30
0.0
 10
-6.27508
 20
-5.52529
 30
0.0
 10
-6.27508
 20
-5.52882
 30
0.0
 10
-6.27508
 20
-5.52882
 30
0.0
  0
SPLINE
  5
182
330
1F
100
AcDbEntity
  8
Camada 1
 62
   251
370
     9
100
AcDbSpline
210
0.0
220
0.0
230
1.0
 70
    24
 71
     3
 72
     8
 73
     4
 74
     0
 42
0.0000000001
 43
0.0000000001
 40
0.0
 40
0.0
 40
0.0
 40
0.0
 40
1.0
 40
1.0
 40
1.0
 40
1.0
 10
-6.20099
 20
-5.45826
 30
0.0
 10
-6.20099
 20
-5.45826
 30
0.0
 10
-6.19747
 20
-5.45826
 30
0.0
 10
-6.19747
 20
-5.45826
 30
0.0
  0
SPLINE
  5
183
330
1F
100
AcDbEntity
  8
Camada 1
 62
   251
370
     9
100
AcDbSpline
210
0.0
220
0.0
230
1.0
 70
     8
 71
     3
 72
    20
 73
    16
 74
     0
 42
0.0000000001
 43
0.0000000001
 40
0.0
 40
0.0
 40
0.0
 40
0.0
 40
0.2
 40
0.2
 40
0.2
 40
0.4
 40
0.4
 40
0.4
 40
0.6000000000000001
 40
0.6000000000000001
 40
0.6000000000000001
 40
0.8
 40
0.8
 40
0.8
 40
1.0
 40
1.0
 40
1.0
 40
1.0
 10
-6.27508
 20
-5.52882
 30
0.0
 10
-6.27508
 20
-5.52882
 30
0.0
 10
-6.24686
 20
-5.52529
 30
0.0
 10
-6.24686
 20
-5.52529
 30
0.0
 10
-6.24686
 20
-5.52529
 30
0.0
 10
-6.22569
 20
-5.51471
 30
0.0
 10
-6.22569
 20
-5.51471
 30
0.0
 10
-6.22569
 20
-5.51471
 30
0.0
 10
-6.20805
 20
-5.49354
 30
0.0
 10
-6.20805
 20
-5.49354
 30
0.0
 10
-6.20805
 20
-5.49354
 30
0.0
 10
-6.20099
 20
-5.47237
 30
0.0
 10
-6.20099
 20
-5.47237
 30
0.0
 10
-6.20099
 20
-5.47237
 30
0.0
 10
-6.19747
 20
-5.45826
 30
0.0
 10
-6.19747
 20
-5.45826
 30
0.0
  0
SPLINE
  5
184
330
1F
100
AcDbEntity
  8
Camada 1
 62
   251
370
     9
100
AcDbSpline
210
0.0
220
0.0
230
1.0
 70
    24
 71
     3
 72
     8
 73
     4
 74
     0
 42
0.0000000001
 43
0.0000000001
 40
0.0
 40
0.0
 40
0.0
 40
0.0
 40
1.0
 40
1.0
 40
1.0
 40
1.0
 10
-6.20099
 20
-5.35596
 30
0.0
 10
-6.20099
 20
-5.35596
 30
0.0
 10
-6.19747
 20
-5.35596
 30
0.0
 10
-6.19747
 20
-5.35596
 30
0.0
  0
SPLINE
  5
185
330
1F
100
AcDbEntity
  8
Camada 1
 62
   251
370
     9
100
AcDbSpline
210
0.0
220
0.0
230
1.0
 70
    24
 71
     3
 72
     8
 73
     4
 74
     0
 42
0.0000000001
 43
0.0000000001
 40
0.0
 40
0.0
 40
0.0
 40
0.0
 40
1.0
 40
1.0
 40
1.0
 40
1.0
 10
-6.19747
 20
-5.45826
 30
0.0
 10
-6.19747
 20
-5.45826
 30
0.0
 10
-6.19747
 20
-5.35596
 30
0.0
 10
-6.19747
 20
-5.35596
 30
0.0
  0
SPLINE
  5
186
330
1F
100
AcDbEntity
  8
Camada 1
 62
   251
370
     9
100
AcDbSpline
210
0.0
220
0.0
230
1.0
 70
    24
 71
     3
 72
     8
 73
     4
 74
     0
 42
0.0000000001
 43
0.0000000001
 40
0.0
 40
0.0
 40
0.0
 40
0.0
 40
1.0
 40
1.0
 40
1.0
 40
1.0
 10
-6.27508
 20
-5.28893
 30
0.0
 10
-6.27508
 20
-5.28893
 30
0.0
 10
-6.27508
 20
-5.2854
 30
0.0
 10
-6.27508
 20
-5.2854
 30
0.0
  0
SPLINE
  5
187
330
1F
100
AcDbEntity
  8
Camada 1
 62
   251
370
     9
100
AcDbSpline
210
0.0
220
0.0
230
1.0
 70
     8
 71
     3
 72
    20
 73
    16
 74
     0
 42
0.0000000001
 43
0.0000000001
 40
0.0
 40
0.0
 40
0.0
 40
0.0
 40
0.2
 40
0.2
 40
0.2
 40
0.4
 40
0.4
 40
0.4
 40
0.6000000000000001
 40
0.6000000000000001
 40
0.6000000000000001
 40
0.8
 40
0.8
 40
0.8
 40
1.0
 40
1.0
 40
1.0
 40
1.0
 10
-6.19747
 20
-5.35596
 30
0.0
 10
-6.19747
 20
-5.35596
 30
0.0
 10
-6.20099
 20
-5.33126
 30
0.0
 10
-6.20099
 20
-5.33126
 30
0.0
 10
-6.20099
 20
-5.33126
 30
0.0
 10
-6.21511
 20
-5.31009
 30
0.0
 10
-6.21511
 20
-5.31009
 30
0.0
 10
-6.21511
 20
-5.31009
 30
0.0
 10
-6.22922
 20
-5.29598
 30
0.0
 10
-6.22922
 20
-5.29598
 30
0.0
 10
-6.22922
 20
-5.29598
 30
0.0
 10
-6.25391
 20
-5.28893
 30
0.0
 10
-6.25391
 20
-5.28893
 30
0.0
 10
-6.25391
 20
-5.28893
 30
0.0
 10
-6.27508
 20
-5.2854
 30
0.0
 10
-6.27508
 20
-5.2854
 30
0.0
  0
SPLINE
  5
188
330
1F
100
AcDbEntity
  8
Camada 1
 62
   251
370
     9
100
AcDbSpline
210
0.0
220
0.0
230
1.0
 70
    24
 71
     3
 72
     8
 73
     4
 74
     0
 42
0.0000000001
 43
0.0000000001
 40
0.0
 40
0.0
 40
0.0
 40
0.0
 40
1.0
 40
1.0
 40
1.0
 40
1.0
 10
-6.27508
 20
-5.2854
 30
0.0
 10
-6.27508
 20
-5.2854
 30
0.0
 10
-6.3033
 20
-5.2854
 30
0.0
 10
-6.3033
 20
-5.2854
 30
0.0
  0
SPLINE
  5
189
330
1F
100
AcDbEntity
  8
Camada 1
 62
   251
370
     9
100
AcDbSpline
210
0.0
220
0.0
230
1.0
 70
    24
 71
     3
 72
     8
 73
     4
 74
     0
 42
0.0000000001
 43
0.0000000001
 40
0.0
 40
0.0
 40
0.0
 40
0.0
 40
1.0
 40
1.0
 40
1.0
 40
1.0
 10
-6.33858
 20
-5.35243
 30
0.0
 10
-6.33858
 20
-5.35243
 30
0.0
 10
-6.33505
 20
-5.35243
 30
0.0
 10
-6.33505
 20
-5.35243
 30
0.0
  0
SPLINE
  5
18A
330
1F
100
AcDbEntity
  8
Camada 1
 62
   251
370
     9
100
AcDbSpline
210
0.0
220
0.0
230
1.0
 70
     8
 71
     3
 72
    20
 73
    16
 74
     0
 42
0.0000000001
 43
0.0000000001
 40
0.0
 40
0.0
 40
0.0
 40
0.0
 40
0.2
 40
0.2
 40
0.2
 40
0.4
 40
0.4
 40
0.4
 40
0.6000000000000001
 40
0.6000000000000001
 40
0.6000000000000001
 40
0.8
 40
0.8
 40
0.8
 40
1.0
 40
1.0
 40
1.0
 40
1.0
 10
-6.28919
 20
-5.30657
 30
0.0
 10
-6.28919
 20
-5.30657
 30
0.0
 10
-6.3033
 20
-5.30657
 30
0.0
 10
-6.3033
 20
-5.30657
 30
0.0
 10
-6.3033
 20
-5.30657
 30
0.0
 10
-6.31741
 20
-5.31362
 30
0.0
 10
-6.31741
 20
-5.31362
 30
0.0
 10
-6.31741
 20
-5.31362
 30
0.0
 10
-6.32799
 20
-5.32773
 30
0.0
 10
-6.32799
 20
-5.32773
 30
0.0
 10
-6.32799
 20
-5.32773
 30
0.0
 10
-6.33505
 20
-5.34184
 30
0.0
 10
-6.33505
 20
-5.34184
 30
0.0
 10
-6.33505
 20
-5.34184
 30
0.0
 10
-6.33505
 20
-5.35243
 30
0.0
 10
-6.33505
 20
-5.35243
 30
0.0
  0
SPLINE
  5
18B
330
1F
100
AcDbEntity
  8
Camada 1
 62
   251
370
     9
100
AcDbSpline
210
0.0
220
0.0
230
1.0
 70
    24
 71
     3
 72
     8
 73
     4
 74
     0
 42
0.0000000001
 43
0.0000000001
 40
0.0
 40
0.0
 40
0.0
 40
0.0
 40
1.0
 40
1.0
 40
1.0
 40
1.0
 10
-6.33858
 20
-5.46532
 30
0.0
 10
-6.33858
 20
-5.46532
 30
0.0
 10
-6.33505
 20
-5.46532
 30
0.0
 10
-6.33505
 20
-5.46532
 30
0.0
  0
SPLINE
  5
18C
330
1F
100
AcDbEntity
  8
Camada 1
 62
   251
370
     9
100
AcDbSpline
210
0.0
220
0.0
230
1.0
 70
    24
 71
     3
 72
     8
 73
     4
 74
     0
 42
0.0000000001
 43
0.0000000001
 40
0.0
 40
0.0
 40
0.0
 40
0.0
 40
1.0
 40
1.0
 40
1.0
 40
1.0
 10
-6.33505
 20
-5.35243
 30
0.0
 10
-6.33505
 20
-5.35243
 30
0.0
 10
-6.33505
 20
-5.46532
 30
0.0
 10
-6.33505
 20
-5.46532
 30
0.0
  0
SPLINE
  5
18D
330
1F
100
AcDbEntity
  8
Camada 1
 62
   251
370
     9
100
AcDbSpline
210
0.0
220
0.0
230
1.0
 70
     8
 71
     3
 72
    20
 73
    16
 74
     0
 42
0.0000000001
 43
0.0000000001
 40
0.0
 40
0.0
 40
0.0
 40
0.0
 40
0.2
 40
0.2
 40
0.2
 40
0.4
 40
0.4
 40
0.4
 40
0.6000000000000001
 40
0.6000000000000001
 40
0.6000000000000001
 40
0.8
 40
0.8
 40
0.8
 40
1.0
 40
1.0
 40
1.0
 40
1.0
 10
-6.33505
 20
-5.46532
 30
0.0
 10
-6.33505
 20
-5.46532
 30
0.0
 10
-6.33152
 20
-5.47943
 30
0.0
 10
-6.33152
 20
-5.47943
 30
0.0
 10
-6.33152
 20
-5.47943
 30
0.0
 10
-6.32447
 20
-5.49354
 30
0.0
 10
-6.32447
 20
-5.49354
 30
0.0
 10
-6.32447
 20
-5.49354
 30
0.0
 10
-6.31388
 20
-5.50412
 30
0.0
 10
-6.31388
 20
-5.50412
 30
0.0
 10
-6.31388
 20
-5.50412
 30
0.0
 10
-6.29977
 20
-5.50765
 30
0.0
 10
-6.29977
 20
-5.50765
 30
0.0
 10
-6.29977
 20
-5.50765
 30
0.0
 10
-6.28919
 20
-5.51118
 30
0.0
 10
-6.28919
 20
-5.51118
 30
0.0
  0
SPLINE
  5
18E
330
1F
100
AcDbEntity
  8
Camada 1
 62
   251
370
     9
100
AcDbSpline
210
0.0
220
0.0
230
1.0
 70
    24
 71
     3
 72
     8
 73
     4
 74
     0
 42
0.0000000001
 43
0.0000000001
 40
0.0
 40
0.0
 40
0.0
 40
0.0
 40
1.0
 40
1.0
 40
1.0
 40
1.0
 10
-6.71958
 20
-5.51823
 30
0.0
 10
-6.71958
 20
-5.51823
 30
0.0
 10
-6.71958
 20
-5.52529
 30
0.0
 10
-6.71958
 20
-5.52529
 30
0.0
  0
SPLINE
  5
18F
330
1F
100
AcDbEntity
  8
Camada 1
 62
   251
370
     9
100
AcDbSpline
210
0.0
220
0.0
230
1.0
 70
    24
 71
     3
 72
     8
 73
     4
 74
     0
 42
0.0000000001
 43
0.0000000001
 40
0.0
 40
0.0
 40
0.0
 40
0.0
 40
1.0
 40
1.0
 40
1.0
 40
1.0
 10
-6.71958
 20
-5.52529
 30
0.0
 10
-6.71958
 20
-5.52529
 30
0.0
 10
-6.72311
 20
-5.52882
 30
0.0
 10
-6.72311
 20
-5.52882
 30
0.0
  0
SPLINE
  5
190
330
1F
100
AcDbEntity
  8
Camada 1
 62
   251
370
     9
100
AcDbSpline
210
0.0
220
0.0
230
1.0
 70
    24
 71
     3
 72
     8
 73
     4
 74
     0
 42
0.0000000001
 43
0.0000000001
 40
0.0
 40
0.0
 40
0.0
 40
0.0
 40
1.0
 40
1.0
 40
1.0
 40
1.0
 10
-6.72311
 20
-5.52529
 30
0.0
 10
-6.72311
 20
-5.52529
 30
0.0
 10
-6.72311
 20
-5.52882
 30
0.0
 10
-6.72311
 20
-5.52882
 30
0.0
  0
SPLINE
  5
191
330
1F
100
AcDbEntity
  8
Camada 1
 62
   251
370
     9
100
AcDbSpline
210
0.0
220
0.0
230
1.0
 70
    24
 71
     3
 72
     8
 73
     4
 74
     0
 42
0.0000000001
 43
0.0000000001
 40
0.0
 40
0.0
 40
0.0
 40
0.0
 40
1.0
 40
1.0
 40
1.0
 40
1.0
 10
-6.71958
 20
-5.52529
 30
0.0
 10
-6.71958
 20
-5.52529
 30
0.0
 10
-6.68077
 20
-5.52529
 30
0.0
 10
-6.68077
 20
-5.52529
 30
0.0
  0
SPLINE
  5
192
330
1F
100
AcDbEntity
  8
Camada 1
 62
   251
370
     9
100
AcDbSpline
210
0.0
220
0.0
230
1.0
 70
    24
 71
     3
 72
     8
 73
     4
 74
     0
 42
0.0000000001
 43
0.0000000001
 40
0.0
 40
0.0
 40
0.0
 40
0.0
 40
1.0
 40
1.0
 40
1.0
 40
1.0
 10
-6.72311
 20
-5.52882
 30
0.0
 10
-6.72311
 20
-5.52882
 30
0.0
 10
-6.67724
 20
-5.52882
 30
0.0
 10
-6.67724
 20
-5.52882
 30
0.0
  0
SPLINE
  5
193
330
1F
100
AcDbEntity
  8
Camada 1
 62
   251
370
     9
100
AcDbSpline
210
0.0
220
0.0
230
1.0
 70
    24
 71
     3
 72
     8
 73
     4
 74
     0
 42
0.0000000001
 43
0.0000000001
 40
0.0
 40
0.0
 40
0.0
 40
0.0
 40
1.0
 40
1.0
 40
1.0
 40
1.0
 10
-7.4463
 20
-5.35243
 30
0.0
 10
-7.4463
 20
-5.35243
 30
0.0
 10
-7.44277
 20
-5.35243
 30
0.0
 10
-7.44277
 20
-5.35243
 30
0.0
  0
SPLINE
  5
194
330
1F
100
AcDbEntity
  8
Camada 1
 62
   251
370
     9
100
AcDbSpline
210
0.0
220
0.0
230
1.0
 70
     8
 71
     3
 72
    20
 73
    16
 74
     0
 42
0.0000000001
 43
0.0000000001
 40
0.0
 40
0.0
 40
0.0
 40
0.0
 40
0.2
 40
0.2
 40
0.2
 40
0.4
 40
0.4
 40
0.4
 40
0.6000000000000001
 40
0.6000000000000001
 40
0.6000000000000001
 40
0.8
 40
0.8
 40
0.8
 40
1.0
 40
1.0
 40
1.0
 40
1.0
 10
-7.44277
 20
-5.35243
 30
0.0
 10
-7.44277
 20
-5.35243
 30
0.0
 10
-7.44277
 20
-5.33479
 30
0.0
 10
-7.44277
 20
-5.33479
 30
0.0
 10
-7.44277
 20
-5.33479
 30
0.0
 10
-7.43219
 20
-5.32421
 30
0.0
 10
-7.43219
 20
-5.32421
 30
0.0
 10
-7.43219
 20
-5.32421
 30
0.0
 10
-7.42161
 20
-5.31362
 30
0.0
 10
-7.42161
 20
-5.31362
 30
0.0
 10
-7.42161
 20
-5.31362
 30
0.0
 10
-7.40749
 20
-5.30657
 30
0.0
 10
-7.40749
 20
-5.30657
 30
0.0
 10
-7.40749
 20
-5.30657
 30
0.0
 10
-7.39691
 20
-5.30657
 30
0.0
 10
-7.39691
 20
-5.30657
 30
0.0
  0
SPLINE
  5
195
330
1F
100
AcDbEntity
  8
Camada 1
 62
   251
370
     9
100
AcDbSpline
210
0.0
220
0.0
230
1.0
 70
    24
 71
     3
 72
     8
 73
     4
 74
     0
 42
0.0000000001
 43
0.0000000001
 40
0.0
 40
0.0
 40
0.0
 40
0.0
 40
1.0
 40
1.0
 40
1.0
 40
1.0
 10
-7.65797
 20
-5.44062
 30
0.0
 10
-7.65797
 20
-5.44062
 30
0.0
 10
-7.65444
 20
-5.43357
 30
0.0
 10
-7.65444
 20
-5.43357
 30
0.0
  0
SPLINE
  5
196
330
1F
100
AcDbEntity
  8
Camada 1
 62
   251
370
     9
100
AcDbSpline
210
0.0
220
0.0
230
1.0
 70
    24
 71
     3
 72
     8
 73
     4
 74
     0
 42
0.0000000001
 43
0.0000000001
 40
0.0
 40
0.0
 40
0.0
 40
0.0
 40
1.0
 40
1.0
 40
1.0
 40
1.0
 10
-7.69324
 20
-5.45121
 30
0.0
 10
-7.69324
 20
-5.45121
 30
0.0
 10
-7.69677
 20
-5.44768
 30
0.0
 10
-7.69677
 20
-5.44768
 30
0.0
  0
SPLINE
  5
197
330
1F
100
AcDbEntity
  8
Camada 1
 62
   251
370
     9
100
AcDbSpline
210
0.0
220
0.0
230
1.0
 70
    24
 71
     3
 72
     8
 73
     4
 74
     0
 42
0.0000000001
 43
0.0000000001
 40
0.0
 40
0.0
 40
0.0
 40
0.0
 40
1.0
 40
1.0
 40
1.0
 40
1.0
 10
-7.65444
 20
-5.43357
 30
0.0
 10
-7.65444
 20
-5.43357
 30
0.0
 10
-7.69677
 20
-5.44768
 30
0.0
 10
-7.69677
 20
-5.44768
 30
0.0
  0
SPLINE
  5
198
330
1F
100
AcDbEntity
  8
Camada 1
 62
   251
370
     9
100
AcDbSpline
210
0.0
220
0.0
230
1.0
 70
    24
 71
     3
 72
     8
 73
     4
 74
     0
 42
0.0000000001
 43
0.0000000001
 40
0.0
 40
0.0
 40
0.0
 40
0.0
 40
1.0
 40
1.0
 40
1.0
 40
1.0
 10
-6.41266
 20
-5.28893
 30
0.0
 10
-6.41266
 20
-5.28893
 30
0.0
 10
-6.40913
 20
-5.2854
 30
0.0
 10
-6.40913
 20
-5.2854
 30
0.0
  0
SPLINE
  5
199
330
1F
100
AcDbEntity
  8
Camada 1
 62
   251
370
     9
100
AcDbSpline
210
0.0
220
0.0
230
1.0
 70
    24
 71
     3
 72
     8
 73
     4
 74
     0
 42
0.0000000001
 43
0.0000000001
 40
0.0
 40
0.0
 40
0.0
 40
0.0
 40
1.0
 40
1.0
 40
1.0
 40
1.0
 10
-6.41266
 20
-5.28893
 30
0.0
 10
-6.41266
 20
-5.28893
 30
0.0
 10
-6.44794
 20
-5.28893
 30
0.0
 10
-6.44794
 20
-5.28893
 30
0.0
  0
SPLINE
  5
19A
330
1F
100
AcDbEntity
  8
Camada 1
 62
   251
370
     9
100
AcDbSpline
210
0.0
220
0.0
230
1.0
 70
    24
 71
     3
 72
     8
 73
     4
 74
     0
 42
0.0000000001
 43
0.0000000001
 40
0.0
 40
0.0
 40
0.0
 40
0.0
 40
1.0
 40
1.0
 40
1.0
 40
1.0
 10
-6.44794
 20
-5.28893
 30
0.0
 10
-6.44794
 20
-5.28893
 30
0.0
 10
-6.45147
 20
-5.2854
 30
0.0
 10
-6.45147
 20
-5.2854
 30
0.0
  0
SPLINE
  5
19B
330
1F
100
AcDbEntity
  8
Camada 1
 62
   251
370
     9
100
AcDbSpline
210
0.0
220
0.0
230
1.0
 70
    24
 71
     3
 72
     8
 73
     4
 74
     0
 42
0.0000000001
 43
0.0000000001
 40
0.0
 40
0.0
 40
0.0
 40
0.0
 40
1.0
 40
1.0
 40
1.0
 40
1.0
 10
-6.40913
 20
-5.2854
 30
0.0
 10
-6.40913
 20
-5.2854
 30
0.0
 10
-6.45147
 20
-5.2854
 30
0.0
 10
-6.45147
 20
-5.2854
 30
0.0
  0
SPLINE
  5
19C
330
1F
100
AcDbEntity
  8
Camada 1
 62
   251
370
     9
100
AcDbSpline
210
0.0
220
0.0
230
1.0
 70
    24
 71
     3
 72
     8
 73
     4
 74
     0
 42
0.0000000001
 43
0.0000000001
 40
0.0
 40
0.0
 40
0.0
 40
0.0
 40
1.0
 40
1.0
 40
1.0
 40
1.0
 10
-6.44794
 20
-5.28893
 30
0.0
 10
-6.44794
 20
-5.28893
 30
0.0
 10
-6.44794
 20
-5.52529
 30
0.0
 10
-6.44794
 20
-5.52529
 30
0.0
  0
SPLINE
  5
19D
330
1F
100
AcDbEntity
  8
Camada 1
 62
   251
370
     9
100
AcDbSpline
210
0.0
220
0.0
230
1.0
 70
    24
 71
     3
 72
     8
 73
     4
 74
     0
 42
0.0000000001
 43
0.0000000001
 40
0.0
 40
0.0
 40
0.0
 40
0.0
 40
1.0
 40
1.0
 40
1.0
 40
1.0
 10
-6.44794
 20
-5.52529
 30
0.0
 10
-6.44794
 20
-5.52529
 30
0.0
 10
-6.45147
 20
-5.52882
 30
0.0
 10
-6.45147
 20
-5.52882
 30
0.0
  0
SPLINE
  5
19E
330
1F
100
AcDbEntity
  8
Camada 1
 62
   251
370
     9
100
AcDbSpline
210
0.0
220
0.0
230
1.0
 70
    24
 71
     3
 72
     8
 73
     4
 74
     0
 42
0.0000000001
 43
0.0000000001
 40
0.0
 40
0.0
 40
0.0
 40
0.0
 40
1.0
 40
1.0
 40
1.0
 40
1.0
 10
-6.45147
 20
-5.2854
 30
0.0
 10
-6.45147
 20
-5.2854
 30
0.0
 10
-6.45147
 20
-5.52882
 30
0.0
 10
-6.45147
 20
-5.52882
 30
0.0
  0
SPLINE
  5
19F
330
1F
100
AcDbEntity
  8
Camada 1
 62
   251
370
     9
100
AcDbSpline
210
0.0
220
0.0
230
1.0
 70
    24
 71
     3
 72
     8
 73
     4
 74
     0
 42
0.0000000001
 43
0.0000000001
 40
0.0
 40
0.0
 40
0.0
 40
0.0
 40
1.0
 40
1.0
 40
1.0
 40
1.0
 10
-6.44794
 20
-5.52529
 30
0.0
 10
-6.44794
 20
-5.52529
 30
0.0
 10
-6.41266
 20
-5.52529
 30
0.0
 10
-6.41266
 20
-5.52529
 30
0.0
  0
SPLINE
  5
1A0
330
1F
100
AcDbEntity
  8
Camada 1
 62
   251
370
     9
100
AcDbSpline
210
0.0
220
0.0
230
1.0
 70
    24
 71
     3
 72
     8
 73
     4
 74
     0
 42
0.0000000001
 43
0.0000000001
 40
0.0
 40
0.0
 40
0.0
 40
0.0
 40
1.0
 40
1.0
 40
1.0
 40
1.0
 10
-6.41266
 20
-5.52529
 30
0.0
 10
-6.41266
 20
-5.52529
 30
0.0
 10
-6.40913
 20
-5.52882
 30
0.0
 10
-6.40913
 20
-5.52882
 30
0.0
  0
SPLINE
  5
1A1
330
1F
100
AcDbEntity
  8
Camada 1
 62
   251
370
     9
100
AcDbSpline
210
0.0
220
0.0
230
1.0
 70
    24
 71
     3
 72
     8
 73
     4
 74
     0
 42
0.0000000001
 43
0.0000000001
 40
0.0
 40
0.0
 40
0.0
 40
0.0
 40
1.0
 40
1.0
 40
1.0
 40
1.0
 10
-6.45147
 20
-5.52882
 30
0.0
 10
-6.45147
 20
-5.52882
 30
0.0
 10
-6.40913
 20
-5.52882
 30
0.0
 10
-6.40913
 20
-5.52882
 30
0.0
  0
SPLINE
  5
1A2
330
1F
100
AcDbEntity
  8
Camada 1
 62
   251
370
     9
100
AcDbSpline
210
0.0
220
0.0
230
1.0
 70
    24
 71
     3
 72
     8
 73
     4
 74
     0
 42
0.0000000001
 43
0.0000000001
 40
0.0
 40
0.0
 40
0.0
 40
0.0
 40
1.0
 40
1.0
 40
1.0
 40
1.0
 10
-6.41266
 20
-5.52529
 30
0.0
 10
-6.41266
 20
-5.52529
 30
0.0
 10
-6.41266
 20
-5.28893
 30
0.0
 10
-6.41266
 20
-5.28893
 30
0.0
  0
SPLINE
  5
1A3
330
1F
100
AcDbEntity
  8
Camada 1
 62
   251
370
     9
100
AcDbSpline
210
0.0
220
0.0
230
1.0
 70
    24
 71
     3
 72
     8
 73
     4
 74
     0
 42
0.0000000001
 43
0.0000000001
 40
0.0
 40
0.0
 40
0.0
 40
0.0
 40
1.0
 40
1.0
 40
1.0
 40
1.0
 10
-6.40913
 20
-5.52882
 30
0.0
 10
-6.40913
 20
-5.52882
 30
0.0
 10
-6.40913
 20
-5.2854
 30
0.0
 10
-6.40913
 20
-5.2854
 30
0.0
  0
SPLINE
  5
1A4
330
1F
100
AcDbEntity
  8
Camada 1
 62
   251
370
     9
100
AcDbSpline
210
0.0
220
0.0
230
1.0
 70
     8
 71
     3
 72
    11
 73
     7
 74
     0
 42
0.0000000001
 43
0.0000000001
 40
0.0
 40
0.0
 40
0.0
 40
0.0
 40
0.5
 40
0.5
 40
0.5
 40
1.0
 40
1.0
 40
1.0
 40
1.0
 10
-7.31224
 20
-5.47943
 30
0.0
 10
-7.31224
 20
-5.47943
 30
0.0
 10
-7.31224
 20
-5.4759
 30
0.0
 10
-7.31224
 20
-5.4759
 30
0.0
 10
-7.31224
 20
-5.4759
 30
0.0
 10
-7.30872
 20
-5.4759
 30
0.0
 10
-7.30872
 20
-5.4759
 30
0.0
  0
SPLINE
  5
1A5
330
1F
100
AcDbEntity
  8
Camada 1
 62
   251
370
     9
100
AcDbSpline
210
0.0
220
0.0
230
1.0
 70
    24
 71
     3
 72
     8
 73
     4
 74
     0
 42
0.0000000001
 43
0.0000000001
 40
0.0
 40
0.0
 40
0.0
 40
0.0
 40
1.0
 40
1.0
 40
1.0
 40
1.0
 10
-7.34752
 20
-5.46884
 30
0.0
 10
-7.34752
 20
-5.46884
 30
0.0
 10
-7.35105
 20
-5.46532
 30
0.0
 10
-7.35105
 20
-5.46532
 30
0.0
  0
SPLINE
  5
1A6
330
1F
100
AcDbEntity
  8
Camada 1
 62
   251
370
     9
100
AcDbSpline
210
0.0
220
0.0
230
1.0
 70
    24
 71
     3
 72
     8
 73
     4
 74
     0
 42
0.0000000001
 43
0.0000000001
 40
0.0
 40
0.0
 40
0.0
 40
0.0
 40
1.0
 40
1.0
 40
1.0
 40
1.0
 10
-7.30872
 20
-5.4759
 30
0.0
 10
-7.30872
 20
-5.4759
 30
0.0
 10
-7.35105
 20
-5.46532
 30
0.0
 10
-7.35105
 20
-5.46532
 30
0.0
  0
SPLINE
  5
1A7
330
1F
100
AcDbEntity
  8
Camada 1
 62
   251
370
     9
100
AcDbSpline
210
0.0
220
0.0
230
1.0
 70
    24
 71
     3
 72
     8
 73
     4
 74
     0
 42
0.0000000001
 43
0.0000000001
 40
0.0
 40
0.0
 40
0.0
 40
0.0
 40
1.0
 40
1.0
 40
1.0
 40
1.0
 10
-7.39691
 20
-5.51471
 30
0.0
 10
-7.39691
 20
-5.51471
 30
0.0
 10
-7.39691
 20
-5.51118
 30
0.0
 10
-7.39691
 20
-5.51118
 30
0.0
  0
SPLINE
  5
1A8
330
1F
100
AcDbEntity
  8
Camada 1
 62
   251
370
     9
100
AcDbSpline
210
0.0
220
0.0
230
1.0
 70
     8
 71
     3
 72
    20
 73
    16
 74
     0
 42
0.0000000001
 43
0.0000000001
 40
0.0
 40
0.0
 40
0.0
 40
0.0
 40
0.2
 40
0.2
 40
0.2
 40
0.4
 40
0.4
 40
0.4
 40
0.6000000000000001
 40
0.6000000000000001
 40
0.6000000000000001
 40
0.8
 40
0.8
 40
0.8
 40
1.0
 40
1.0
 40
1.0
 40
1.0
 10
-7.35105
 20
-5.46532
 30
0.0
 10
-7.35105
 20
-5.46532
 30
0.0
 10
-7.35458
 20
-5.47943
 30
0.0
 10
-7.35458
 20
-5.47943
 30
0.0
 10
-7.35458
 20
-5.47943
 30
0.0
 10
-7.36163
 20
-5.49354
 30
0.0
 10
-7.36163
 20
-5.49354
 30
0.0
 10
-7.36163
 20
-5.49354
 30
0.0
 10
-7.37574
 20
-5.50412
 30
0.0
 10
-7.37574
 20
-5.50412
 30
0.0
 10
-7.37574
 20
-5.50412
 30
0.0
 10
-7.38986
 20
-5.50765
 30
0.0
 10
-7.38986
 20
-5.50765
 30
0.0
 10
-7.38986
 20
-5.50765
 30
0.0
 10
-7.39691
 20
-5.51118
 30
0.0
 10
-7.39691
 20
-5.51118
 30
0.0
  0
SPLINE
  5
1A9
330
1F
100
AcDbEntity
  8
Camada 1
 62
   251
370
     9
100
AcDbSpline
210
0.0
220
0.0
230
1.0
 70
    24
 71
     3
 72
     8
 73
     4
 74
     0
 42
0.0000000001
 43
0.0000000001
 40
0.0
 40
0.0
 40
0.0
 40
0.0
 40
1.0
 40
1.0
 40
1.0
 40
1.0
 10
-7.4463
 20
-5.46532
 30
0.0
 10
-7.4463
 20
-5.46532
 30
0.0
 10
-7.44277
 20
-5.46532
 30
0.0
 10
-7.44277
 20
-5.46532
 30
0.0
  0
SPLINE
  5
1AA
330
1F
100
AcDbEntity
  8
Camada 1
 62
   251
370
     9
100
AcDbSpline
210
0.0
220
0.0
230
1.0
 70
     8
 71
     3
 72
    20
 73
    16
 74
     0
 42
0.0000000001
 43
0.0000000001
 40
0.0
 40
0.0
 40
0.0
 40
0.0
 40
0.2
 40
0.2
 40
0.2
 40
0.4
 40
0.4
 40
0.4
 40
0.6000000000000001
 40
0.6000000000000001
 40
0.6000000000000001
 40
0.8
 40
0.8
 40
0.8
 40
1.0
 40
1.0
 40
1.0
 40
1.0
 10
-7.39691
 20
-5.51118
 30
0.0
 10
-7.39691
 20
-5.51118
 30
0.0
 10
-7.41455
 20
-5.50765
 30
0.0
 10
-7.41455
 20
-5.50765
 30
0.0
 10
-7.41455
 20
-5.50765
 30
0.0
 10
-7.42513
 20
-5.50059
 30
0.0
 10
-7.42513
 20
-5.50059
 30
0.0
 10
-7.42513
 20
-5.50059
 30
0.0
 10
-7.43572
 20
-5.49001
 30
0.0
 10
-7.43572
 20
-5.49001
 30
0.0
 10
-7.43572
 20
-5.49001
 30
0.0
 10
-7.44277
 20
-5.4759
 30
0.0
 10
-7.44277
 20
-5.4759
 30
0.0
 10
-7.44277
 20
-5.4759
 30
0.0
 10
-7.44277
 20
-5.46532
 30
0.0
 10
-7.44277
 20
-5.46532
 30
0.0
  0
SPLINE
  5
1AB
330
1F
100
AcDbEntity
  8
Camada 1
 62
   251
370
     9
100
AcDbSpline
210
0.0
220
0.0
230
1.0
 70
    24
 71
     3
 72
     8
 73
     4
 74
     0
 42
0.0000000001
 43
0.0000000001
 40
0.0
 40
0.0
 40
0.0
 40
0.0
 40
1.0
 40
1.0
 40
1.0
 40
1.0
 10
-7.44277
 20
-5.46532
 30
0.0
 10
-7.44277
 20
-5.46532
 30
0.0
 10
-7.44277
 20
-5.35243
 30
0.0
 10
-7.44277
 20
-5.35243
 30
0.0
  0
SPLINE
  5
1AC
330
1F
100
AcDbEntity
  8
Camada 1
 62
   251
370
     9
100
AcDbSpline
210
0.0
220
0.0
230
1.0
 70
    24
 71
     3
 72
     8
 73
     4
 74
     0
 42
0.0000000001
 43
0.0000000001
 40
0.0
 40
0.0
 40
0.0
 40
0.0
 40
1.0
 40
1.0
 40
1.0
 40
1.0
 10
-6.41266
 20
-5.22896
 30
0.0
 10
-6.41266
 20
-5.22896
 30
0.0
 10
-6.44794
 20
-5.22896
 30
0.0
 10
-6.44794
 20
-5.22896
 30
0.0
  0
SPLINE
  5
1AD
330
1F
100
AcDbEntity
  8
Camada 1
 62
   251
370
     9
100
AcDbSpline
210
0.0
220
0.0
230
1.0
 70
    24
 71
     3
 72
     8
 73
     4
 74
     0
 42
0.0000000001
 43
0.0000000001
 40
0.0
 40
0.0
 40
0.0
 40
0.0
 40
1.0
 40
1.0
 40
1.0
 40
1.0
 10
-6.41266
 20
-5.25718
 30
0.0
 10
-6.41266
 20
-5.25718
 30
0.0
 10
-6.41266
 20
-5.22896
 30
0.0
 10
-6.41266
 20
-5.22896
 30
0.0
  0
SPLINE
  5
1AE
330
1F
100
AcDbEntity
  8
Camada 1
 62
   251
370
     9
100
AcDbSpline
210
0.0
220
0.0
230
1.0
 70
    24
 71
     3
 72
     8
 73
     4
 74
     0
 42
0.0000000001
 43
0.0000000001
 40
0.0
 40
0.0
 40
0.0
 40
0.0
 40
1.0
 40
1.0
 40
1.0
 40
1.0
 10
-6.44794
 20
-5.25718
 30
0.0
 10
-6.44794
 20
-5.25718
 30
0.0
 10
-6.41266
 20
-5.25718
 30
0.0
 10
-6.41266
 20
-5.25718
 30
0.0
  0
SPLINE
  5
1AF
330
1F
100
AcDbEntity
  8
Camada 1
 62
   251
370
     9
100
AcDbSpline
210
0.0
220
0.0
230
1.0
 70
    24
 71
     3
 72
     8
 73
     4
 74
     0
 42
0.0000000001
 43
0.0000000001
 40
0.0
 40
0.0
 40
0.0
 40
0.0
 40
1.0
 40
1.0
 40
1.0
 40
1.0
 10
-6.44794
 20
-5.22896
 30
0.0
 10
-6.44794
 20
-5.22896
 30
0.0
 10
-6.44794
 20
-5.25718
 30
0.0
 10
-6.44794
 20
-5.25718
 30
0.0
  0
SPLINE
  5
1B0
330
1F
100
AcDbEntity
  8
Camada 1
 62
   251
370
     9
100
AcDbSpline
210
0.0
220
0.0
230
1.0
 70
    24
 71
     3
 72
     8
 73
     4
 74
     0
 42
0.0000000001
 43
0.0000000001
 40
0.0
 40
0.0
 40
0.0
 40
0.0
 40
1.0
 40
1.0
 40
1.0
 40
1.0
 10
-7.65444
 20
-5.47237
 30
0.0
 10
-7.65444
 20
-5.47237
 30
0.0
 10
-7.65444
 20
-5.43357
 30
0.0
 10
-7.65444
 20
-5.43357
 30
0.0
  0
SPLINE
  5
1B1
330
1F
100
AcDbEntity
  8
Camada 1
 62
   251
370
     9
100
AcDbSpline
210
0.0
220
0.0
230
1.0
 70
    24
 71
     3
 72
     8
 73
     4
 74
     0
 42
0.0000000001
 43
0.0000000001
 40
0.0
 40
0.0
 40
0.0
 40
0.0
 40
1.0
 40
1.0
 40
1.0
 40
1.0
 10
-6.3033
 20
-5.52529
 30
0.0
 10
-6.3033
 20
-5.52529
 30
0.0
 10
-6.3033
 20
-5.52882
 30
0.0
 10
-6.3033
 20
-5.52882
 30
0.0
  0
SPLINE
  5
1B2
330
1F
100
AcDbEntity
  8
Camada 1
 62
   251
370
     9
100
AcDbSpline
210
0.0
220
0.0
230
1.0
 70
     8
 71
     3
 72
    20
 73
    16
 74
     0
 42
0.0000000001
 43
0.0000000001
 40
0.0
 40
0.0
 40
0.0
 40
0.0
 40
0.2
 40
0.2
 40
0.2
 40
0.4
 40
0.4
 40
0.4
 40
0.6000000000000001
 40
0.6000000000000001
 40
0.6000000000000001
 40
0.8
 40
0.8
 40
0.8
 40
1.0
 40
1.0
 40
1.0
 40
1.0
 10
-6.38091
 20
-5.45826
 30
0.0
 10
-6.38091
 20
-5.45826
 30
0.0
 10
-6.37738
 20
-5.48296
 30
0.0
 10
-6.37738
 20
-5.48296
 30
0.0
 10
-6.37738
 20
-5.48296
 30
0.0
 10
-6.36327
 20
-5.50412
 30
0.0
 10
-6.36327
 20
-5.50412
 30
0.0
 10
-6.36327
 20
-5.50412
 30
0.0
 10
-6.34916
 20
-5.51823
 30
0.0
 10
-6.34916
 20
-5.51823
 30
0.0
 10
-6.34916
 20
-5.51823
 30
0.0
 10
-6.31741
 20
-5.52882
 30
0.0
 10
-6.31741
 20
-5.52882
 30
0.0
 10
-6.31741
 20
-5.52882
 30
0.0
 10
-6.3033
 20
-5.52882
 30
0.0
 10
-6.3033
 20
-5.52882
 30
0.0
  0
SPLINE
  5
1B3
330
1F
100
AcDbEntity
  8
Camada 1
 62
   251
370
     9
100
AcDbSpline
210
0.0
220
0.0
230
1.0
 70
    24
 71
     3
 72
     8
 73
     4
 74
     0
 42
0.0000000001
 43
0.0000000001
 40
0.0
 40
0.0
 40
0.0
 40
0.0
 40
1.0
 40
1.0
 40
1.0
 40
1.0
 10
-6.3033
 20
-5.52882
 30
0.0
 10
-6.3033
 20
-5.52882
 30
0.0
 10
-6.27508
 20
-5.52882
 30
0.0
 10
-6.27508
 20
-5.52882
 30
0.0
  0
SPLINE
  5
1B4
330
1F
100
AcDbEntity
  8
Camada 1
 62
   251
370
     9
100
AcDbSpline
210
0.0
220
0.0
230
1.0
 70
     8
 71
     3
 72
    20
 73
    16
 74
     0
 42
0.0000000001
 43
0.0000000001
 40
0.0
 40
0.0
 40
0.0
 40
0.0
 40
0.2
 40
0.2
 40
0.2
 40
0.4
 40
0.4
 40
0.4
 40
0.6000000000000001
 40
0.6000000000000001
 40
0.6000000000000001
 40
0.8
 40
0.8
 40
0.8
 40
1.0
 40
1.0
 40
1.0
 40
1.0
 10
-6.85716
 20
-5.45826
 30
0.0
 10
-6.85716
 20
-5.45826
 30
0.0
 10
-6.85363
 20
-5.47943
 30
0.0
 10
-6.85363
 20
-5.47943
 30
0.0
 10
-6.85363
 20
-5.47943
 30
0.0
 10
-6.84305
 20
-5.49707
 30
0.0
 10
-6.84305
 20
-5.49707
 30
0.0
 10
-6.84305
 20
-5.49707
 30
0.0
 10
-6.82894
 20
-5.51118
 30
0.0
 10
-6.82894
 20
-5.51118
 30
0.0
 10
-6.82894
 20
-5.51118
 30
0.0
 10
-6.80424
 20
-5.52176
 30
0.0
 10
-6.80424
 20
-5.52176
 30
0.0
 10
-6.80424
 20
-5.52176
 30
0.0
 10
-6.78308
 20
-5.52529
 30
0.0
 10
-6.78308
 20
-5.52529
 30
0.0
  0
SPLINE
  5
1B5
330
1F
100
AcDbEntity
  8
Camada 1
 62
   251
370
     9
100
AcDbSpline
210
0.0
220
0.0
230
1.0
 70
    24
 71
     3
 72
     8
 73
     4
 74
     0
 42
0.0000000001
 43
0.0000000001
 40
0.0
 40
0.0
 40
0.0
 40
0.0
 40
1.0
 40
1.0
 40
1.0
 40
1.0
 10
-6.85716
 20
-5.44415
 30
0.0
 10
-6.85716
 20
-5.44415
 30
0.0
 10
-6.85716
 20
-5.45826
 30
0.0
 10
-6.85716
 20
-5.45826
 30
0.0
  0
SPLINE
  5
1B6
330
1F
100
AcDbEntity
  8
Camada 1
 62
   251
370
     9
100
AcDbSpline
210
0.0
220
0.0
230
1.0
 70
     8
 71
     3
 72
    20
 73
    16
 74
     0
 42
0.0000000001
 43
0.0000000001
 40
0.0
 40
0.0
 40
0.0
 40
0.0
 40
0.2
 40
0.2
 40
0.2
 40
0.4
 40
0.4
 40
0.4
 40
0.6000000000000001
 40
0.6000000000000001
 40
0.6000000000000001
 40
0.8
 40
0.8
 40
0.8
 40
1.0
 40
1.0
 40
1.0
 40
1.0
 10
-6.78308
 20
-5.38065
 30
0.0
 10
-6.78308
 20
-5.38065
 30
0.0
 10
-6.80777
 20
-5.38418
 30
0.0
 10
-6.80777
 20
-5.38418
 30
0.0
 10
-6.80777
 20
-5.38418
 30
0.0
 10
-6.82894
 20
-5.39829
 30
0.0
 10
-6.82894
 20
-5.39829
 30
0.0
 10
-6.82894
 20
-5.39829
 30
0.0
 10
-6.84658
 20
-5.4124
 30
0.0
 10
-6.84658
 20
-5.4124
 30
0.0
 10
-6.84658
 20
-5.4124
 30
0.0
 10
-6.85363
 20
-5.43004
 30
0.0
 10
-6.85363
 20
-5.43004
 30
0.0
 10
-6.85363
 20
-5.43004
 30
0.0
 10
-6.85716
 20
-5.44415
 30
0.0
 10
-6.85716
 20
-5.44415
 30
0.0
  0
SPLINE
  5
1B7
330
1F
100
AcDbEntity
  8
Camada 1
 62
   251
370
     9
100
AcDbSpline
210
0.0
220
0.0
230
1.0
 70
    24
 71
     3
 72
     8
 73
     4
 74
     0
 42
0.0000000001
 43
0.0000000001
 40
0.0
 40
0.0
 40
0.0
 40
0.0
 40
1.0
 40
1.0
 40
1.0
 40
1.0
 10
-6.71958
 20
-5.38065
 30
0.0
 10
-6.71958
 20
-5.38065
 30
0.0
 10
-6.78308
 20
-5.38065
 30
0.0
 10
-6.78308
 20
-5.38065
 30
0.0
  0
SPLINE
  5
1B8
330
1F
100
AcDbEntity
  8
Camada 1
 62
   251
370
     9
100
AcDbSpline
210
0.0
220
0.0
230
1.0
 70
    24
 71
     3
 72
     8
 73
     4
 74
     0
 42
0.0000000001
 43
0.0000000001
 40
0.0
 40
0.0
 40
0.0
 40
0.0
 40
1.0
 40
1.0
 40
1.0
 40
1.0
 10
-6.71958
 20
-5.3489
 30
0.0
 10
-6.71958
 20
-5.3489
 30
0.0
 10
-6.71958
 20
-5.38065
 30
0.0
 10
-6.71958
 20
-5.38065
 30
0.0
  0
SPLINE
  5
1B9
330
1F
100
AcDbEntity
  8
Camada 1
 62
   251
370
     9
100
AcDbSpline
210
0.0
220
0.0
230
1.0
 70
    24
 71
     3
 72
     8
 73
     4
 74
     0
 42
0.0000000001
 43
0.0000000001
 40
0.0
 40
0.0
 40
0.0
 40
0.0
 40
1.0
 40
1.0
 40
1.0
 40
1.0
 10
-6.71958
 20
-5.38065
 30
0.0
 10
-6.71958
 20
-5.38065
 30
0.0
 10
-6.72311
 20
-5.37712
 30
0.0
 10
-6.72311
 20
-5.37712
 30
0.0
  0
SPLINE
  5
1BA
330
1F
100
AcDbEntity
  8
Camada 1
 62
   251
370
     9
100
AcDbSpline
210
0.0
220
0.0
230
1.0
 70
    24
 71
     3
 72
     8
 73
     4
 74
     0
 42
0.0000000001
 43
0.0000000001
 40
0.0
 40
0.0
 40
0.0
 40
0.0
 40
1.0
 40
1.0
 40
1.0
 40
1.0
 10
-6.72311
 20
-5.3489
 30
0.0
 10
-6.72311
 20
-5.3489
 30
0.0
 10
-6.72311
 20
-5.37712
 30
0.0
 10
-6.72311
 20
-5.37712
 30
0.0
  0
SPLINE
  5
1BB
330
1F
100
AcDbEntity
  8
Camada 1
 62
   251
370
     9
100
AcDbSpline
210
0.0
220
0.0
230
1.0
 70
    24
 71
     3
 72
     8
 73
     4
 74
     0
 42
0.0000000001
 43
0.0000000001
 40
0.0
 40
0.0
 40
0.0
 40
0.0
 40
1.0
 40
1.0
 40
1.0
 40
1.0
 10
-6.78308
 20
-5.38065
 30
0.0
 10
-6.78308
 20
-5.38065
 30
0.0
 10
-6.78308
 20
-5.37712
 30
0.0
 10
-6.78308
 20
-5.37712
 30
0.0
  0
SPLINE
  5
1BC
330
1F
100
AcDbEntity
  8
Camada 1
 62
   251
370
     9
100
AcDbSpline
210
0.0
220
0.0
230
1.0
 70
    24
 71
     3
 72
     8
 73
     4
 74
     0
 42
0.0000000001
 43
0.0000000001
 40
0.0
 40
0.0
 40
0.0
 40
0.0
 40
1.0
 40
1.0
 40
1.0
 40
1.0
 10
-6.72311
 20
-5.37712
 30
0.0
 10
-6.72311
 20
-5.37712
 30
0.0
 10
-6.78308
 20
-5.37712
 30
0.0
 10
-6.78308
 20
-5.37712
 30
0.0
  0
SPLINE
  5
1BD
330
1F
100
AcDbEntity
  8
Camada 1
 62
   251
370
     9
100
AcDbSpline
210
0.0
220
0.0
230
1.0
 70
    24
 71
     3
 72
     8
 73
     4
 74
     0
 42
0.0000000001
 43
0.0000000001
 40
0.0
 40
0.0
 40
0.0
 40
0.0
 40
1.0
 40
1.0
 40
1.0
 40
1.0
 10
-6.44794
 20
-5.22896
 30
0.0
 10
-6.44794
 20
-5.22896
 30
0.0
 10
-6.45147
 20
-5.22543
 30
0.0
 10
-6.45147
 20
-5.22543
 30
0.0
  0
SPLINE
  5
1BE
330
1F
100
AcDbEntity
  8
Camada 1
 62
   251
370
     9
100
AcDbSpline
210
0.0
220
0.0
230
1.0
 70
    24
 71
     3
 72
     8
 73
     4
 74
     0
 42
0.0000000001
 43
0.0000000001
 40
0.0
 40
0.0
 40
0.0
 40
0.0
 40
1.0
 40
1.0
 40
1.0
 40
1.0
 10
-6.44794
 20
-5.25718
 30
0.0
 10
-6.44794
 20
-5.25718
 30
0.0
 10
-6.45147
 20
-5.26071
 30
0.0
 10
-6.45147
 20
-5.26071
 30
0.0
  0
SPLINE
  5
1BF
330
1F
100
AcDbEntity
  8
Camada 1
 62
   251
370
     9
100
AcDbSpline
210
0.0
220
0.0
230
1.0
 70
    24
 71
     3
 72
     8
 73
     4
 74
     0
 42
0.0000000001
 43
0.0000000001
 40
0.0
 40
0.0
 40
0.0
 40
0.0
 40
1.0
 40
1.0
 40
1.0
 40
1.0
 10
-6.45147
 20
-5.22543
 30
0.0
 10
-6.45147
 20
-5.22543
 30
0.0
 10
-6.45147
 20
-5.26071
 30
0.0
 10
-6.45147
 20
-5.26071
 30
0.0
  0
SPLINE
  5
1C0
330
1F
100
AcDbEntity
  8
Camada 1
 62
   251
370
     9
100
AcDbSpline
210
0.0
220
0.0
230
1.0
 70
    24
 71
     3
 72
     8
 73
     4
 74
     0
 42
0.0000000001
 43
0.0000000001
 40
0.0
 40
0.0
 40
0.0
 40
0.0
 40
1.0
 40
1.0
 40
1.0
 40
1.0
 10
-6.41266
 20
-5.25718
 30
0.0
 10
-6.41266
 20
-5.25718
 30
0.0
 10
-6.40913
 20
-5.26071
 30
0.0
 10
-6.40913
 20
-5.26071
 30
0.0
  0
SPLINE
  5
1C1
330
1F
100
AcDbEntity
  8
Camada 1
 62
   251
370
     9
100
AcDbSpline
210
0.0
220
0.0
230
1.0
 70
    24
 71
     3
 72
     8
 73
     4
 74
     0
 42
0.0000000001
 43
0.0000000001
 40
0.0
 40
0.0
 40
0.0
 40
0.0
 40
1.0
 40
1.0
 40
1.0
 40
1.0
 10
-6.45147
 20
-5.26071
 30
0.0
 10
-6.45147
 20
-5.26071
 30
0.0
 10
-6.40913
 20
-5.26071
 30
0.0
 10
-6.40913
 20
-5.26071
 30
0.0
  0
SPLINE
  5
1C2
330
1F
100
AcDbEntity
  8
Camada 1
 62
   251
370
     9
100
AcDbSpline
210
0.0
220
0.0
230
1.0
 70
    24
 71
     3
 72
     8
 73
     4
 74
     0
 42
0.0000000001
 43
0.0000000001
 40
0.0
 40
0.0
 40
0.0
 40
0.0
 40
1.0
 40
1.0
 40
1.0
 40
1.0
 10
-6.41266
 20
-5.22896
 30
0.0
 10
-6.41266
 20
-5.22896
 30
0.0
 10
-6.40913
 20
-5.22543
 30
0.0
 10
-6.40913
 20
-5.22543
 30
0.0
  0
SPLINE
  5
1C3
330
1F
100
AcDbEntity
  8
Camada 1
 62
   251
370
     9
100
AcDbSpline
210
0.0
220
0.0
230
1.0
 70
    24
 71
     3
 72
     8
 73
     4
 74
     0
 42
0.0000000001
 43
0.0000000001
 40
0.0
 40
0.0
 40
0.0
 40
0.0
 40
1.0
 40
1.0
 40
1.0
 40
1.0
 10
-6.40913
 20
-5.26071
 30
0.0
 10
-6.40913
 20
-5.26071
 30
0.0
 10
-6.40913
 20
-5.22543
 30
0.0
 10
-6.40913
 20
-5.22543
 30
0.0
  0
SPLINE
  5
1C4
330
1F
100
AcDbEntity
  8
Camada 1
 62
   251
370
     9
100
AcDbSpline
210
0.0
220
0.0
230
1.0
 70
    24
 71
     3
 72
     8
 73
     4
 74
     0
 42
0.0000000001
 43
0.0000000001
 40
0.0
 40
0.0
 40
0.0
 40
0.0
 40
1.0
 40
1.0
 40
1.0
 40
1.0
 10
-6.40913
 20
-5.22543
 30
0.0
 10
-6.40913
 20
-5.22543
 30
0.0
 10
-6.45147
 20
-5.22543
 30
0.0
 10
-6.45147
 20
-5.22543
 30
0.0
  0
SPLINE
  5
1C5
330
1F
100
AcDbEntity
  8
Camada 1
 62
   251
370
     9
100
AcDbSpline
210
0.0
220
0.0
230
1.0
 70
    24
 71
     3
 72
     8
 73
     4
 74
     0
 42
0.0000000001
 43
0.0000000001
 40
0.0
 40
0.0
 40
0.0
 40
0.0
 40
1.0
 40
1.0
 40
1.0
 40
1.0
 10
-7.48511
 20
-5.45826
 30
0.0
 10
-7.48511
 20
-5.45826
 30
0.0
 10
-7.48863
 20
-5.45826
 30
0.0
 10
-7.48863
 20
-5.45826
 30
0.0
  0
SPLINE
  5
1C6
330
1F
100
AcDbEntity
  8
Camada 1
 62
   251
370
     9
100
AcDbSpline
210
0.0
220
0.0
230
1.0
 70
    24
 71
     3
 72
     8
 73
     4
 74
     0
 42
0.0000000001
 43
0.0000000001
 40
0.0
 40
0.0
 40
0.0
 40
0.0
 40
1.0
 40
1.0
 40
1.0
 40
1.0
 10
-7.41102
 20
-5.52529
 30
0.0
 10
-7.41102
 20
-5.52529
 30
0.0
 10
-7.41102
 20
-5.52882
 30
0.0
 10
-7.41102
 20
-5.52882
 30
0.0
  0
SPLINE
  5
1C7
330
1F
100
AcDbEntity
  8
Camada 1
 62
   251
370
     9
100
AcDbSpline
210
0.0
220
0.0
230
1.0
 70
     8
 71
     3
 72
    20
 73
    16
 74
     0
 42
0.0000000001
 43
0.0000000001
 40
0.0
 40
0.0
 40
0.0
 40
0.0
 40
0.2
 40
0.2
 40
0.2
 40
0.4
 40
0.4
 40
0.4
 40
0.6000000000000001
 40
0.6000000000000001
 40
0.6000000000000001
 40
0.8
 40
0.8
 40
0.8
 40
1.0
 40
1.0
 40
1.0
 40
1.0
 10
-7.48863
 20
-5.45826
 30
0.0
 10
-7.48863
 20
-5.45826
 30
0.0
 10
-7.48511
 20
-5.47943
 30
0.0
 10
-7.48511
 20
-5.47943
 30
0.0
 10
-7.48511
 20
-5.47943
 30
0.0
 10
-7.47452
 20
-5.49707
 30
0.0
 10
-7.47452
 20
-5.49707
 30
0.0
 10
-7.47452
 20
-5.49707
 30
0.0
 10
-7.46041
 20
-5.51471
 30
0.0
 10
-7.46041
 20
-5.51471
 30
0.0
 10
-7.46041
 20
-5.51471
 30
0.0
 10
-7.43572
 20
-5.52529
 30
0.0
 10
-7.43572
 20
-5.52529
 30
0.0
 10
-7.43572
 20
-5.52529
 30
0.0
 10
-7.41102
 20
-5.52882
 30
0.0
 10
-7.41102
 20
-5.52882
 30
0.0
  0
SPLINE
  5
1C8
330
1F
100
AcDbEntity
  8
Camada 1
 62
   251
370
     9
100
AcDbSpline
210
0.0
220
0.0
230
1.0
 70
    24
 71
     3
 72
     8
 73
     4
 74
     0
 42
0.0000000001
 43
0.0000000001
 40
0.0
 40
0.0
 40
0.0
 40
0.0
 40
1.0
 40
1.0
 40
1.0
 40
1.0
 10
-7.38633
 20
-5.52529
 30
0.0
 10
-7.38633
 20
-5.52529
 30
0.0
 10
-7.38633
 20
-5.52882
 30
0.0
 10
-7.38633
 20
-5.52882
 30
0.0
  0
SPLINE
  5
1C9
330
1F
100
AcDbEntity
  8
Camada 1
 62
   251
370
     9
100
AcDbSpline
210
0.0
220
0.0
230
1.0
 70
    24
 71
     3
 72
     8
 73
     4
 74
     0
 42
0.0000000001
 43
0.0000000001
 40
0.0
 40
0.0
 40
0.0
 40
0.0
 40
1.0
 40
1.0
 40
1.0
 40
1.0
 10
-7.41102
 20
-5.52882
 30
0.0
 10
-7.41102
 20
-5.52882
 30
0.0
 10
-7.38633
 20
-5.52882
 30
0.0
 10
-7.38633
 20
-5.52882
 30
0.0
  0
SPLINE
  5
1CA
330
1F
100
AcDbEntity
  8
Camada 1
 62
   251
370
     9
100
AcDbSpline
210
0.0
220
0.0
230
1.0
 70
     8
 71
     3
 72
    17
 73
    13
 74
     0
 42
0.0000000001
 43
0.0000000001
 40
0.0
 40
0.0
 40
0.0
 40
0.0
 40
0.25
 40
0.25
 40
0.25
 40
0.5
 40
0.5
 40
0.5
 40
0.75
 40
0.75
 40
0.75
 40
1.0
 40
1.0
 40
1.0
 40
1.0
 10
-7.38633
 20
-5.52882
 30
0.0
 10
-7.38633
 20
-5.52882
 30
0.0
 10
-7.36163
 20
-5.52529
 30
0.0
 10
-7.36163
 20
-5.52529
 30
0.0
 10
-7.36163
 20
-5.52529
 30
0.0
 10
-7.33694
 20
-5.51471
 30
0.0
 10
-7.33694
 20
-5.51471
 30
0.0
 10
-7.33694
 20
-5.51471
 30
0.0
 10
-7.31577
 20
-5.49354
 30
0.0
 10
-7.31577
 20
-5.49354
 30
0.0
 10
-7.31577
 20
-5.49354
 30
0.0
 10
-7.30872
 20
-5.4759
 30
0.0
 10
-7.30872
 20
-5.4759
 30
0.0
  0
SPLINE
  5
1CB
330
1F
100
AcDbEntity
  8
Camada 1
 62
   251
370
     9
100
AcDbSpline
210
0.0
220
0.0
230
1.0
 70
    24
 71
     3
 72
     8
 73
     4
 74
     0
 42
0.0000000001
 43
0.0000000001
 40
0.0
 40
0.0
 40
0.0
 40
0.0
 40
1.0
 40
1.0
 40
1.0
 40
1.0
 10
-7.69677
 20
-5.44768
 30
0.0
 10
-7.69677
 20
-5.44768
 30
0.0
 10
-7.69677
 20
-5.46884
 30
0.0
 10
-7.69677
 20
-5.46884
 30
0.0
  0
SPLINE
  5
1CC
330
1F
100
AcDbEntity
  8
Camada 1
 62
   251
370
     9
100
AcDbSpline
210
0.0
220
0.0
230
1.0
 70
    24
 71
     3
 72
     8
 73
     4
 74
     0
 42
0.0000000001
 43
0.0000000001
 40
0.0
 40
0.0
 40
0.0
 40
0.0
 40
1.0
 40
1.0
 40
1.0
 40
1.0
 10
-7.48863
 20
-5.35596
 30
0.0
 10
-7.48863
 20
-5.35596
 30
0.0
 10
-7.48863
 20
-5.45826
 30
0.0
 10
-7.48863
 20
-5.45826
 30
0.0
  0
SPLINE
  5
1CD
330
1F
100
AcDbEntity
  8
Camada 1
 62
   251
370
     9
100
AcDbSpline
210
0.0
220
0.0
230
1.0
 70
    24
 71
     3
 72
     8
 73
     4
 74
     0
 42
0.0000000001
 43
0.0000000001
 40
0.0
 40
0.0
 40
0.0
 40
0.0
 40
1.0
 40
1.0
 40
1.0
 40
1.0
 10
-6.85716
 20
-5.45826
 30
0.0
 10
-6.85716
 20
-5.45826
 30
0.0
 10
-6.86069
 20
-5.45826
 30
0.0
 10
-6.86069
 20
-5.45826
 30
0.0
  0
SPLINE
  5
1CE
330
1F
100
AcDbEntity
  8
Camada 1
 62
   251
370
     9
100
AcDbSpline
210
0.0
220
0.0
230
1.0
 70
     8
 71
     3
 72
    20
 73
    16
 74
     0
 42
0.0000000001
 43
0.0000000001
 40
0.0
 40
0.0
 40
0.0
 40
0.0
 40
0.2
 40
0.2
 40
0.2
 40
0.4
 40
0.4
 40
0.4
 40
0.6000000000000001
 40
0.6000000000000001
 40
0.6000000000000001
 40
0.8
 40
0.8
 40
0.8
 40
1.0
 40
1.0
 40
1.0
 40
1.0
 10
-6.86069
 20
-5.45826
 30
0.0
 10
-6.86069
 20
-5.45826
 30
0.0
 10
-6.85716
 20
-5.48296
 30
0.0
 10
-6.85716
 20
-5.48296
 30
0.0
 10
-6.85716
 20
-5.48296
 30
0.0
 10
-6.84658
 20
-5.50059
 30
0.0
 10
-6.84658
 20
-5.50059
 30
0.0
 10
-6.84658
 20
-5.50059
 30
0.0
 10
-6.82894
 20
-5.51471
 30
0.0
 10
-6.82894
 20
-5.51471
 30
0.0
 10
-6.82894
 20
-5.51471
 30
0.0
 10
-6.80777
 20
-5.52529
 30
0.0
 10
-6.80777
 20
-5.52529
 30
0.0
 10
-6.80777
 20
-5.52529
 30
0.0
 10
-6.78308
 20
-5.52882
 30
0.0
 10
-6.78308
 20
-5.52882
 30
0.0
  0
SPLINE
  5
1CF
330
1F
100
AcDbEntity
  8
Camada 1
 62
   251
370
     9
100
AcDbSpline
210
0.0
220
0.0
230
1.0
 70
    24
 71
     3
 72
     8
 73
     4
 74
     0
 42
0.0000000001
 43
0.0000000001
 40
0.0
 40
0.0
 40
0.0
 40
0.0
 40
1.0
 40
1.0
 40
1.0
 40
1.0
 10
-6.85716
 20
-5.44415
 30
0.0
 10
-6.85716
 20
-5.44415
 30
0.0
 10
-6.86069
 20
-5.44415
 30
0.0
 10
-6.86069
 20
-5.44415
 30
0.0
  0
SPLINE
  5
1D0
330
1F
100
AcDbEntity
  8
Camada 1
 62
   251
370
     9
100
AcDbSpline
210
0.0
220
0.0
230
1.0
 70
     8
 71
     3
 72
    20
 73
    16
 74
     0
 42
0.0000000001
 43
0.0000000001
 40
0.0
 40
0.0
 40
0.0
 40
0.0
 40
0.2
 40
0.2
 40
0.2
 40
0.4
 40
0.4
 40
0.4
 40
0.6000000000000001
 40
0.6000000000000001
 40
0.6000000000000001
 40
0.8
 40
0.8
 40
0.8
 40
1.0
 40
1.0
 40
1.0
 40
1.0
 10
-6.78308
 20
-5.37712
 30
0.0
 10
-6.78308
 20
-5.37712
 30
0.0
 10
-6.80777
 20
-5.38065
 30
0.0
 10
-6.80777
 20
-5.38065
 30
0.0
 10
-6.80777
 20
-5.38065
 30
0.0
 10
-6.83247
 20
-5.39476
 30
0.0
 10
-6.83247
 20
-5.39476
 30
0.0
 10
-6.83247
 20
-5.39476
 30
0.0
 10
-6.85011
 20
-5.40887
 30
0.0
 10
-6.85011
 20
-5.40887
 30
0.0
 10
-6.85011
 20
-5.40887
 30
0.0
 10
-6.85716
 20
-5.43004
 30
0.0
 10
-6.85716
 20
-5.43004
 30
0.0
 10
-6.85716
 20
-5.43004
 30
0.0
 10
-6.86069
 20
-5.44415
 30
0.0
 10
-6.86069
 20
-5.44415
 30
0.0
  0
SPLINE
  5
1D1
330
1F
100
AcDbEntity
  8
Camada 1
 62
   251
370
     9
100
AcDbSpline
210
0.0
220
0.0
230
1.0
 70
    24
 71
     3
 72
     8
 73
     4
 74
     0
 42
0.0000000001
 43
0.0000000001
 40
0.0
 40
0.0
 40
0.0
 40
0.0
 40
1.0
 40
1.0
 40
1.0
 40
1.0
 10
-6.86069
 20
-5.44415
 30
0.0
 10
-6.86069
 20
-5.44415
 30
0.0
 10
-6.86069
 20
-5.45826
 30
0.0
 10
-6.86069
 20
-5.45826
 30
0.0
  0
SPLINE
  5
1D2
330
1F
100
AcDbEntity
  8
Camada 1
 62
   251
370
     9
100
AcDbSpline
210
0.0
220
0.0
230
1.0
 70
     8
 71
     3
 72
    29
 73
    25
 74
     0
 42
0.0000000001
 43
0.0000000001
 40
0.0
 40
0.0
 40
0.0
 40
0.0
 40
0.125
 40
0.125
 40
0.125
 40
0.25
 40
0.25
 40
0.25
 40
0.375
 40
0.375
 40
0.375
 40
0.5
 40
0.5
 40
0.5
 40
0.625
 40
0.625
 40
0.625
 40
0.75
 40
0.75
 40
0.75
 40
0.875
 40
0.875
 40
0.875
 40
1.0
 40
1.0
 40
1.0
 40
1.0
 10
-13.84569
 20
-5.82162
 30
0.0
 10
-13.84569
 20
-5.82162
 30
0.0
 10
-13.84216
 20
-5.87453
 30
0.0
 10
-13.84216
 20
-5.87453
 30
0.0
 10
-13.84216
 20
-5.87453
 30
0.0
 10
-13.82805
 20
-5.92392
 30
0.0
 10
-13.82805
 20
-5.92392
 30
0.0
 10
-13.82805
 20
-5.92392
 30
0.0
 10
-13.79983
 20
-5.96978
 30
0.0
 10
-13.79983
 20
-5.96978
 30
0.0
 10
-13.79983
 20
-5.96978
 30
0.0
 10
-13.76808
 20
-6.01211
 30
0.0
 10
-13.76808
 20
-6.01211
 30
0.0
 10
-13.76808
 20
-6.01211
 30
0.0
 10
-13.72574
 20
-6.04386
 30
0.0
 10
-13.72574
 20
-6.04386
 30
0.0
 10
-13.72574
 20
-6.04386
 30
0.0
 10
-13.67988
 20
-6.06856
 30
0.0
 10
-13.67988
 20
-6.06856
 30
0.0
 10
-13.67988
 20
-6.06856
 30
0.0
 10
-13.63049
 20
-6.08267
 30
0.0
 10
-13.63049
 20
-6.08267
 30
0.0
 10
-13.63049
 20
-6.08267
 30
0.0
 10
-13.57758
 20
-6.08972
 30
0.0
 10
-13.57758
 20
-6.08972
 30
0.0
  0
SPLINE
  5
1D3
330
1F
100
AcDbEntity
  8
Camada 1
 62
   251
370
     9
100
AcDbSpline
210
0.0
220
0.0
230
1.0
 70
    24
 71
     3
 72
    23
 73
    19
 74
     0
 42
0.0000000001
 43
0.0000000001
 40
0.0
 40
0.0
 40
0.0
 40
0.0
 40
0.1666666666666667
 40
0.1666666666666667
 40
0.1666666666666667
 40
0.3333333333333333
 40
0.3333333333333333
 40
0.3333333333333333
 40
0.5
 40
0.5
 40
0.5
 40
0.6666666666666666
 40
0.6666666666666666
 40
0.6666666666666666
 40
0.8333333333333333
 40
0.8333333333333333
 40
0.8333333333333333
 40
1.0
 40
1.0
 40
1.0
 40
1.0
 10
-13.57758
 20
-6.08972
 30
0.0
 10
-13.57758
 20
-6.08972
 30
0.0
 10
-13.57758
 20
-6.09325
 30
0.0
 10
-13.57758
 20
-6.09325
 30
0.0
 10
-13.57758
 20
-6.09325
 30
0.0
 10
-13.57758
 20
-6.09678
 30
0.0
 10
-13.57758
 20
-6.09678
 30
0.0
 10
-13.57758
 20
-6.09678
 30
0.0
 10
-13.57758
 20
-6.10031
 30
0.0
 10
-13.57758
 20
-6.10031
 30
0.0
 10
-13.57758
 20
-6.10031
 30
0.0
 10
-13.57758
 20
-6.10383
 30
0.0
 10
-13.57758
 20
-6.10383
 30
0.0
 10
-13.57758
 20
-6.10383
 30
0.0
 10
-13.57758
 20
-6.10736
 30
0.0
 10
-13.57758
 20
-6.10736
 30
0.0
 10
-13.57758
 20
-6.10736
 30
0.0
 10
-13.57758
 20
-6.11089
 30
0.0
 10
-13.57758
 20
-6.11089
 30
0.0
  0
SPLINE
  5
1D4
330
1F
100
AcDbEntity
  8
Camada 1
 62
   251
370
     9
100
AcDbSpline
210
0.0
220
0.0
230
1.0
 70
     8
 71
     3
 72
    29
 73
    25
 74
     0
 42
0.0000000001
 43
0.0000000001
 40
0.0
 40
0.0
 40
0.0
 40
0.0
 40
0.125
 40
0.125
 40
0.125
 40
0.25
 40
0.25
 40
0.25
 40
0.375
 40
0.375
 40
0.375
 40
0.5
 40
0.5
 40
0.5
 40
0.625
 40
0.625
 40
0.625
 40
0.75
 40
0.75
 40
0.75
 40
0.875
 40
0.875
 40
0.875
 40
1.0
 40
1.0
 40
1.0
 40
1.0
 10
-13.57758
 20
-6.11089
 30
0.0
 10
-13.57758
 20
-6.11089
 30
0.0
 10
-13.63402
 20
-6.10383
 30
0.0
 10
-13.63402
 20
-6.10383
 30
0.0
 10
-13.63402
 20
-6.10383
 30
0.0
 10
-13.68694
 20
-6.0862
 30
0.0
 10
-13.68694
 20
-6.0862
 30
0.0
 10
-13.68694
 20
-6.0862
 30
0.0
 10
-13.73986
 20
-6.0615
 30
0.0
 10
-13.73986
 20
-6.0615
 30
0.0
 10
-13.73986
 20
-6.0615
 30
0.0
 10
-13.78219
 20
-6.02622
 30
0.0
 10
-13.78219
 20
-6.02622
 30
0.0
 10
-13.78219
 20
-6.02622
 30
0.0
 10
-13.81747
 20
-5.98036
 30
0.0
 10
-13.81747
 20
-5.98036
 30
0.0
 10
-13.81747
 20
-5.98036
 30
0.0
 10
-13.84569
 20
-5.93097
 30
0.0
 10
-13.84569
 20
-5.93097
 30
0.0
 10
-13.84569
 20
-5.93097
 30
0.0
 10
-13.8598
 20
-5.87806
 30
0.0
 10
-13.8598
 20
-5.87806
 30
0.0
 10
-13.8598
 20
-5.87806
 30
0.0
 10
-13.86686
 20
-5.82162
 30
0.0
 10
-13.86686
 20
-5.82162
 30
0.0
  0
SPLINE
  5
1D5
330
1F
100
AcDbEntity
  8
Camada 1
 62
   251
370
     9
100
AcDbSpline
210
0.0
220
0.0
230
1.0
 70
    24
 71
     3
 72
    23
 73
    19
 74
     0
 42
0.0000000001
 43
0.0000000001
 40
0.0
 40
0.0
 40
0.0
 40
0.0
 40
0.1666666666666667
 40
0.1666666666666667
 40
0.1666666666666667
 40
0.3333333333333333
 40
0.3333333333333333
 40
0.3333333333333333
 40
0.5
 40
0.5
 40
0.5
 40
0.6666666666666666
 40
0.6666666666666666
 40
0.6666666666666666
 40
0.8333333333333333
 40
0.8333333333333333
 40
0.8333333333333333
 40
1.0
 40
1.0
 40
1.0
 40
1.0
 10
-13.84569
 20
-5.82162
 30
0.0
 10
-13.84569
 20
-5.82162
 30
0.0
 10
-13.84922
 20
-5.82162
 30
0.0
 10
-13.84922
 20
-5.82162
 30
0.0
 10
-13.84922
 20
-5.82162
 30
0.0
 10
-13.85274
 20
-5.82162
 30
0.0
 10
-13.85274
 20
-5.82162
 30
0.0
 10
-13.85274
 20
-5.82162
 30
0.0
 10
-13.85627
 20
-5.82162
 30
0.0
 10
-13.85627
 20
-5.82162
 30
0.0
 10
-13.85627
 20
-5.82162
 30
0.0
 10
-13.8598
 20
-5.82162
 30
0.0
 10
-13.8598
 20
-5.82162
 30
0.0
 10
-13.8598
 20
-5.82162
 30
0.0
 10
-13.86333
 20
-5.82162
 30
0.0
 10
-13.86333
 20
-5.82162
 30
0.0
 10
-13.86333
 20
-5.82162
 30
0.0
 10
-13.86686
 20
-5.82162
 30
0.0
 10
-13.86686
 20
-5.82162
 30
0.0
  0
SPLINE
  5
1D6
330
1F
100
AcDbEntity
  8
Camada 1
 62
   251
370
     9
100
AcDbSpline
210
0.0
220
0.0
230
1.0
 70
     8
 71
     3
 72
    29
 73
    25
 74
     0
 42
0.0000000001
 43
0.0000000001
 40
0.0
 40
0.0
 40
0.0
 40
0.0
 40
0.125
 40
0.125
 40
0.125
 40
0.25
 40
0.25
 40
0.25
 40
0.375
 40
0.375
 40
0.375
 40
0.5
 40
0.5
 40
0.5
 40
0.625
 40
0.625
 40
0.625
 40
0.75
 40
0.75
 40
0.75
 40
0.875
 40
0.875
 40
0.875
 40
1.0
 40
1.0
 40
1.0
 40
1.0
 10
-13.57758
 20
6.08816
 30
0.0
 10
-13.57758
 20
6.08816
 30
0.0
 10
-13.63049
 20
6.08463
 30
0.0
 10
-13.63049
 20
6.08463
 30
0.0
 10
-13.63049
 20
6.08463
 30
0.0
 10
-13.67988
 20
6.06699
 30
0.0
 10
-13.67988
 20
6.06699
 30
0.0
 10
-13.67988
 20
6.06699
 30
0.0
 10
-13.72574
 20
6.04229
 30
0.0
 10
-13.72574
 20
6.04229
 30
0.0
 10
-13.72574
 20
6.04229
 30
0.0
 10
-13.76808
 20
6.01054
 30
0.0
 10
-13.76808
 20
6.01054
 30
0.0
 10
-13.76808
 20
6.01054
 30
0.0
 10
-13.79983
 20
5.96821
 30
0.0
 10
-13.79983
 20
5.96821
 30
0.0
 10
-13.79983
 20
5.96821
 30
0.0
 10
-13.82805
 20
5.92235
 30
0.0
 10
-13.82805
 20
5.92235
 30
0.0
 10
-13.82805
 20
5.92235
 30
0.0
 10
-13.84216
 20
5.87296
 30
0.0
 10
-13.84216
 20
5.87296
 30
0.0
 10
-13.84216
 20
5.87296
 30
0.0
 10
-13.84569
 20
5.82004
 30
0.0
 10
-13.84569
 20
5.82004
 30
0.0
  0
SPLINE
  5
1D7
330
1F
100
AcDbEntity
  8
Camada 1
 62
   251
370
     9
100
AcDbSpline
210
0.0
220
0.0
230
1.0
 70
    24
 71
     3
 72
    23
 73
    19
 74
     0
 42
0.0000000001
 43
0.0000000001
 40
0.0
 40
0.0
 40
0.0
 40
0.0
 40
0.1666666666666667
 40
0.1666666666666667
 40
0.1666666666666667
 40
0.3333333333333333
 40
0.3333333333333333
 40
0.3333333333333333
 40
0.5
 40
0.5
 40
0.5
 40
0.6666666666666666
 40
0.6666666666666666
 40
0.6666666666666666
 40
0.8333333333333333
 40
0.8333333333333333
 40
0.8333333333333333
 40
1.0
 40
1.0
 40
1.0
 40
1.0
 10
-13.84569
 20
5.82004
 30
0.0
 10
-13.84569
 20
5.82004
 30
0.0
 10
-13.84922
 20
5.82004
 30
0.0
 10
-13.84922
 20
5.82004
 30
0.0
 10
-13.84922
 20
5.82004
 30
0.0
 10
-13.85274
 20
5.82004
 30
0.0
 10
-13.85274
 20
5.82004
 30
0.0
 10
-13.85274
 20
5.82004
 30
0.0
 10
-13.85627
 20
5.82004
 30
0.0
 10
-13.85627
 20
5.82004
 30
0.0
 10
-13.85627
 20
5.82004
 30
0.0
 10
-13.8598
 20
5.82004
 30
0.0
 10
-13.8598
 20
5.82004
 30
0.0
 10
-13.8598
 20
5.82004
 30
0.0
 10
-13.86333
 20
5.82004
 30
0.0
 10
-13.86333
 20
5.82004
 30
0.0
 10
-13.86333
 20
5.82004
 30
0.0
 10
-13.86686
 20
5.82004
 30
0.0
 10
-13.86686
 20
5.82004
 30
0.0
  0
SPLINE
  5
1D8
330
1F
100
AcDbEntity
  8
Camada 1
 62
   251
370
     9
100
AcDbSpline
210
0.0
220
0.0
230
1.0
 70
     8
 71
     3
 72
    29
 73
    25
 74
     0
 42
0.0000000001
 43
0.0000000001
 40
0.0
 40
0.0
 40
0.0
 40
0.0
 40
0.125
 40
0.125
 40
0.125
 40
0.25
 40
0.25
 40
0.25
 40
0.375
 40
0.375
 40
0.375
 40
0.5
 40
0.5
 40
0.5
 40
0.625
 40
0.625
 40
0.625
 40
0.75
 40
0.75
 40
0.75
 40
0.875
 40
0.875
 40
0.875
 40
1.0
 40
1.0
 40
1.0
 40
1.0
 10
-13.86686
 20
5.82004
 30
0.0
 10
-13.86686
 20
5.82004
 30
0.0
 10
-13.8598
 20
5.87649
 30
0.0
 10
-13.8598
 20
5.87649
 30
0.0
 10
-13.8598
 20
5.87649
 30
0.0
 10
-13.84569
 20
5.92941
 30
0.0
 10
-13.84569
 20
5.92941
 30
0.0
 10
-13.84569
 20
5.92941
 30
0.0
 10
-13.81747
 20
5.97879
 30
0.0
 10
-13.81747
 20
5.97879
 30
0.0
 10
-13.81747
 20
5.97879
 30
0.0
 10
-13.78219
 20
6.02466
 30
0.0
 10
-13.78219
 20
6.02466
 30
0.0
 10
-13.78219
 20
6.02466
 30
0.0
 10
-13.73986
 20
6.05993
 30
0.0
 10
-13.73986
 20
6.05993
 30
0.0
 10
-13.73986
 20
6.05993
 30
0.0
 10
-13.68694
 20
6.08816
 30
0.0
 10
-13.68694
 20
6.08816
 30
0.0
 10
-13.68694
 20
6.08816
 30
0.0
 10
-13.63402
 20
6.10227
 30
0.0
 10
-13.63402
 20
6.10227
 30
0.0
 10
-13.63402
 20
6.10227
 30
0.0
 10
-13.57758
 20
6.10932
 30
0.0
 10
-13.57758
 20
6.10932
 30
0.0
  0
SPLINE
  5
1D9
330
1F
100
AcDbEntity
  8
Camada 1
 62
   251
370
     9
100
AcDbSpline
210
0.0
220
0.0
230
1.0
 70
    24
 71
     3
 72
    23
 73
    19
 74
     0
 42
0.0000000001
 43
0.0000000001
 40
0.0
 40
0.0
 40
0.0
 40
0.0
 40
0.1666666666666667
 40
0.1666666666666667
 40
0.1666666666666667
 40
0.3333333333333333
 40
0.3333333333333333
 40
0.3333333333333333
 40
0.5
 40
0.5
 40
0.5
 40
0.6666666666666666
 40
0.6666666666666666
 40
0.6666666666666666
 40
0.8333333333333333
 40
0.8333333333333333
 40
0.8333333333333333
 40
1.0
 40
1.0
 40
1.0
 40
1.0
 10
-13.57758
 20
6.08816
 30
0.0
 10
-13.57758
 20
6.08816
 30
0.0
 10
-13.57758
 20
6.09168
 30
0.0
 10
-13.57758
 20
6.09168
 30
0.0
 10
-13.57758
 20
6.09168
 30
0.0
 10
-13.57758
 20
6.09521
 30
0.0
 10
-13.57758
 20
6.09521
 30
0.0
 10
-13.57758
 20
6.09521
 30
0.0
 10
-13.57758
 20
6.09874
 30
0.0
 10
-13.57758
 20
6.09874
 30
0.0
 10
-13.57758
 20
6.09874
 30
0.0
 10
-13.57758
 20
6.10227
 30
0.0
 10
-13.57758
 20
6.10227
 30
0.0
 10
-13.57758
 20
6.10227
 30
0.0
 10
-13.57758
 20
6.10579
 30
0.0
 10
-13.57758
 20
6.10579
 30
0.0
 10
-13.57758
 20
6.10579
 30
0.0
 10
-13.57758
 20
6.10932
 30
0.0
 10
-13.57758
 20
6.10932
 30
0.0
  0
SPLINE
  5
1DA
330
1F
100
AcDbEntity
  8
Camada 1
 62
   251
370
     9
100
AcDbSpline
210
0.0
220
0.0
230
1.0
 70
     8
 71
     3
 72
    29
 73
    25
 74
     0
 42
0.0000000001
 43
0.0000000001
 40
0.0
 40
0.0
 40
0.0
 40
0.0
 40
0.125
 40
0.125
 40
0.125
 40
0.25
 40
0.25
 40
0.25
 40
0.375
 40
0.375
 40
0.375
 40
0.5
 40
0.5
 40
0.5
 40
0.625
 40
0.625
 40
0.625
 40
0.75
 40
0.75
 40
0.75
 40
0.875
 40
0.875
 40
0.875
 40
1.0
 40
1.0
 40
1.0
 40
1.0
 10
-5.65772
 20
6.10932
 30
0.0
 10
-5.65772
 20
6.10932
 30
0.0
 10
-5.60127
 20
6.10227
 30
0.0
 10
-5.60127
 20
6.10227
 30
0.0
 10
-5.60127
 20
6.10227
 30
0.0
 10
-5.54836
 20
6.08816
 30
0.0
 10
-5.54836
 20
6.08816
 30
0.0
 10
-5.54836
 20
6.08816
 30
0.0
 10
-5.49897
 20
6.05993
 30
0.0
 10
-5.49897
 20
6.05993
 30
0.0
 10
-5.49897
 20
6.05993
 30
0.0
 10
-5.45311
 20
6.02466
 30
0.0
 10
-5.45311
 20
6.02466
 30
0.0
 10
-5.45311
 20
6.02466
 30
0.0
 10
-5.41783
 20
5.97879
 30
0.0
 10
-5.41783
 20
5.97879
 30
0.0
 10
-5.41783
 20
5.97879
 30
0.0
 10
-5.38961
 20
5.92941
 30
0.0
 10
-5.38961
 20
5.92941
 30
0.0
 10
-5.38961
 20
5.92941
 30
0.0
 10
-5.37549
 20
5.87649
 30
0.0
 10
-5.37549
 20
5.87649
 30
0.0
 10
-5.37549
 20
5.87649
 30
0.0
 10
-5.36844
 20
5.82004
 30
0.0
 10
-5.36844
 20
5.82004
 30
0.0
  0
SPLINE
  5
1DB
330
1F
100
AcDbEntity
  8
Camada 1
 62
   251
370
     9
100
AcDbSpline
210
0.0
220
0.0
230
1.0
 70
    24
 71
     3
 72
    26
 73
    22
 74
     0
 42
0.0000000001
 43
0.0000000001
 40
0.0
 40
0.0
 40
0.0
 40
0.0
 40
0.1428571428571428
 40
0.1428571428571428
 40
0.1428571428571428
 40
0.2857142857142857
 40
0.2857142857142857
 40
0.2857142857142857
 40
0.4285714285714285
 40
0.4285714285714285
 40
0.4285714285714285
 40
0.5714285714285714
 40
0.5714285714285714
 40
0.5714285714285714
 40
0.7142857142857142
 40
0.7142857142857142
 40
0.7142857142857142
 40
0.8571428571428571
 40
0.8571428571428571
 40
0.8571428571428571
 40
1.0
 40
1.0
 40
1.0
 40
1.0
 10
-5.36844
 20
5.82004
 30
0.0
 10
-5.36844
 20
5.82004
 30
0.0
 10
-5.36844
 20
5.82004
 30
0.0
 10
-5.36844
 20
5.82004
 30
0.0
 10
-5.36844
 20
5.82004
 30
0.0
 10
-5.37197
 20
5.82004
 30
0.0
 10
-5.37197
 20
5.82004
 30
0.0
 10
-5.37197
 20
5.82004
 30
0.0
 10
-5.37549
 20
5.82004
 30
0.0
 10
-5.37549
 20
5.82004
 30
0.0
 10
-5.37549
 20
5.82004
 30
0.0
 10
-5.37902
 20
5.82004
 30
0.0
 10
-5.37902
 20
5.82004
 30
0.0
 10
-5.37902
 20
5.82004
 30
0.0
 10
-5.38255
 20
5.82004
 30
0.0
 10
-5.38255
 20
5.82004
 30
0.0
 10
-5.38255
 20
5.82004
 30
0.0
 10
-5.38608
 20
5.82004
 30
0.0
 10
-5.38608
 20
5.82004
 30
0.0
 10
-5.38608
 20
5.82004
 30
0.0
 10
-5.38961
 20
5.82004
 30
0.0
 10
-5.38961
 20
5.82004
 30
0.0
  0
SPLINE
  5
1DC
330
1F
100
AcDbEntity
  8
Camada 1
 62
   251
370
     9
100
AcDbSpline
210
0.0
220
0.0
230
1.0
 70
     8
 71
     3
 72
    29
 73
    25
 74
     0
 42
0.0000000001
 43
0.0000000001
 40
0.0
 40
0.0
 40
0.0
 40
0.0
 40
0.125
 40
0.125
 40
0.125
 40
0.25
 40
0.25
 40
0.25
 40
0.375
 40
0.375
 40
0.375
 40
0.5
 40
0.5
 40
0.5
 40
0.625
 40
0.625
 40
0.625
 40
0.75
 40
0.75
 40
0.75
 40
0.875
 40
0.875
 40
0.875
 40
1.0
 40
1.0
 40
1.0
 40
1.0
 10
-5.38961
 20
5.82004
 30
0.0
 10
-5.38961
 20
5.82004
 30
0.0
 10
-5.39313
 20
5.87296
 30
0.0
 10
-5.39313
 20
5.87296
 30
0.0
 10
-5.39313
 20
5.87296
 30
0.0
 10
-5.41077
 20
5.92235
 30
0.0
 10
-5.41077
 20
5.92235
 30
0.0
 10
-5.41077
 20
5.92235
 30
0.0
 10
-5.43547
 20
5.96821
 30
0.0
 10
-5.43547
 20
5.96821
 30
0.0
 10
-5.43547
 20
5.96821
 30
0.0
 10
-5.46722
 20
6.01054
 30
0.0
 10
-5.46722
 20
6.01054
 30
0.0
 10
-5.46722
 20
6.01054
 30
0.0
 10
-5.50955
 20
6.04229
 30
0.0
 10
-5.50955
 20
6.04229
 30
0.0
 10
-5.50955
 20
6.04229
 30
0.0
 10
-5.55541
 20
6.06699
 30
0.0
 10
-5.55541
 20
6.06699
 30
0.0
 10
-5.55541
 20
6.06699
 30
0.0
 10
-5.6048
 20
6.08463
 30
0.0
 10
-5.6048
 20
6.08463
 30
0.0
 10
-5.6048
 20
6.08463
 30
0.0
 10
-5.65772
 20
6.08816
 30
0.0
 10
-5.65772
 20
6.08816
 30
0.0
  0
SPLINE
  5
1DD
330
1F
100
AcDbEntity
  8
Camada 1
 62
   251
370
     9
100
AcDbSpline
210
0.0
220
0.0
230
1.0
 70
    24
 71
     3
 72
    26
 73
    22
 74
     0
 42
0.0000000001
 43
0.0000000001
 40
0.0
 40
0.0
 40
0.0
 40
0.0
 40
0.1428571428571428
 40
0.1428571428571428
 40
0.1428571428571428
 40
0.2857142857142857
 40
0.2857142857142857
 40
0.2857142857142857
 40
0.4285714285714285
 40
0.4285714285714285
 40
0.4285714285714285
 40
0.5714285714285714
 40
0.5714285714285714
 40
0.5714285714285714
 40
0.7142857142857142
 40
0.7142857142857142
 40
0.7142857142857142
 40
0.8571428571428571
 40
0.8571428571428571
 40
0.8571428571428571
 40
1.0
 40
1.0
 40
1.0
 40
1.0
 10
-5.65772
 20
6.10932
 30
0.0
 10
-5.65772
 20
6.10932
 30
0.0
 10
-5.65772
 20
6.10932
 30
0.0
 10
-5.65772
 20
6.10932
 30
0.0
 10
-5.65772
 20
6.10932
 30
0.0
 10
-5.65772
 20
6.10579
 30
0.0
 10
-5.65772
 20
6.10579
 30
0.0
 10
-5.65772
 20
6.10579
 30
0.0
 10
-5.65772
 20
6.10227
 30
0.0
 10
-5.65772
 20
6.10227
 30
0.0
 10
-5.65772
 20
6.10227
 30
0.0
 10
-5.65772
 20
6.09874
 30
0.0
 10
-5.65772
 20
6.09874
 30
0.0
 10
-5.65772
 20
6.09874
 30
0.0
 10
-5.65772
 20
6.09521
 30
0.0
 10
-5.65772
 20
6.09521
 30
0.0
 10
-5.65772
 20
6.09521
 30
0.0
 10
-5.65772
 20
6.09168
 30
0.0
 10
-5.65772
 20
6.09168
 30
0.0
 10
-5.65772
 20
6.09168
 30
0.0
 10
-5.65772
 20
6.08816
 30
0.0
 10
-5.65772
 20
6.08816
 30
0.0
  0
SPLINE
  5
1DE
330
1F
100
AcDbEntity
  8
Camada 1
 62
   251
370
     9
100
AcDbSpline
210
0.0
220
0.0
230
1.0
 70
    24
 71
     3
 72
     8
 73
     4
 74
     0
 42
0.0000000001
 43
0.0000000001
 40
0.0
 40
0.0
 40
0.0
 40
0.0
 40
1.0
 40
1.0
 40
1.0
 40
1.0
 10
-13.84569
 20
5.82004
 30
0.0
 10
-13.84569
 20
5.82004
 30
0.0
 10
-13.84569
 20
-5.82162
 30
0.0
 10
-13.84569
 20
-5.82162
 30
0.0
  0
SPLINE
  5
1DF
330
1F
100
AcDbEntity
  8
Camada 1
 62
   251
370
     9
100
AcDbSpline
210
0.0
220
0.0
230
1.0
 70
    24
 71
     3
 72
     8
 73
     4
 74
     0
 42
0.0000000001
 43
0.0000000001
 40
0.0
 40
0.0
 40
0.0
 40
0.0
 40
1.0
 40
1.0
 40
1.0
 40
1.0
 10
-13.86686
 20
-5.82162
 30
0.0
 10
-13.86686
 20
-5.82162
 30
0.0
 10
-13.86686
 20
5.82004
 30
0.0
 10
-13.86686
 20
5.82004
 30
0.0
  0
SPLINE
  5
1E0
330
1F
100
AcDbEntity
  8
Camada 1
 62
   251
370
     9
100
AcDbSpline
210
0.0
220
0.0
230
1.0
 70
    24
 71
     3
 72
     8
 73
     4
 74
     0
 42
0.0000000001
 43
0.0000000001
 40
0.0
 40
0.0
 40
0.0
 40
0.0
 40
1.0
 40
1.0
 40
1.0
 40
1.0
 10
-5.36844
 20
5.82004
 30
0.0
 10
-5.36844
 20
5.82004
 30
0.0
 10
-5.36844
 20
-5.82162
 30
0.0
 10
-5.36844
 20
-5.82162
 30
0.0
  0
SPLINE
  5
1E1
330
1F
100
AcDbEntity
  8
Camada 1
 62
   251
370
     9
100
AcDbSpline
210
0.0
220
0.0
230
1.0
 70
    24
 71
     3
 72
    26
 73
    22
 74
     0
 42
0.0000000001
 43
0.0000000001
 40
0.0
 40
0.0
 40
0.0
 40
0.0
 40
0.1428571428571428
 40
0.1428571428571428
 40
0.1428571428571428
 40
0.2857142857142857
 40
0.2857142857142857
 40
0.2857142857142857
 40
0.4285714285714285
 40
0.4285714285714285
 40
0.4285714285714285
 40
0.5714285714285714
 40
0.5714285714285714
 40
0.5714285714285714
 40
0.7142857142857142
 40
0.7142857142857142
 40
0.7142857142857142
 40
0.8571428571428571
 40
0.8571428571428571
 40
0.8571428571428571
 40
1.0
 40
1.0
 40
1.0
 40
1.0
 10
-5.36844
 20
-5.82162
 30
0.0
 10
-5.36844
 20
-5.82162
 30
0.0
 10
-5.36844
 20
-5.82162
 30
0.0
 10
-5.36844
 20
-5.82162
 30
0.0
 10
-5.36844
 20
-5.82162
 30
0.0
 10
-5.37197
 20
-5.82162
 30
0.0
 10
-5.37197
 20
-5.82162
 30
0.0
 10
-5.37197
 20
-5.82162
 30
0.0
 10
-5.37549
 20
-5.82162
 30
0.0
 10
-5.37549
 20
-5.82162
 30
0.0
 10
-5.37549
 20
-5.82162
 30
0.0
 10
-5.37902
 20
-5.82162
 30
0.0
 10
-5.37902
 20
-5.82162
 30
0.0
 10
-5.37902
 20
-5.82162
 30
0.0
 10
-5.38255
 20
-5.82162
 30
0.0
 10
-5.38255
 20
-5.82162
 30
0.0
 10
-5.38255
 20
-5.82162
 30
0.0
 10
-5.38608
 20
-5.82162
 30
0.0
 10
-5.38608
 20
-5.82162
 30
0.0
 10
-5.38608
 20
-5.82162
 30
0.0
 10
-5.38961
 20
-5.82162
 30
0.0
 10
-5.38961
 20
-5.82162
 30
0.0
  0
SPLINE
  5
1E2
330
1F
100
AcDbEntity
  8
Camada 1
 62
   251
370
     9
100
AcDbSpline
210
0.0
220
0.0
230
1.0
 70
    24
 71
     3
 72
     8
 73
     4
 74
     0
 42
0.0000000001
 43
0.0000000001
 40
0.0
 40
0.0
 40
0.0
 40
0.0
 40
1.0
 40
1.0
 40
1.0
 40
1.0
 10
-5.38961
 20
-5.82162
 30
0.0
 10
-5.38961
 20
-5.82162
 30
0.0
 10
-5.38961
 20
5.82004
 30
0.0
 10
-5.38961
 20
5.82004
 30
0.0
  0
SPLINE
  5
1E3
330
1F
100
AcDbEntity
  8
Camada 1
 62
   251
370
     9
100
AcDbSpline
210
0.0
220
0.0
230
1.0
 70
     8
 71
     3
 72
    29
 73
    25
 74
     0
 42
0.0000000001
 43
0.0000000001
 40
0.0
 40
0.0
 40
0.0
 40
0.0
 40
0.125
 40
0.125
 40
0.125
 40
0.25
 40
0.25
 40
0.25
 40
0.375
 40
0.375
 40
0.375
 40
0.5
 40
0.5
 40
0.5
 40
0.625
 40
0.625
 40
0.625
 40
0.75
 40
0.75
 40
0.75
 40
0.875
 40
0.875
 40
0.875
 40
1.0
 40
1.0
 40
1.0
 40
1.0
 10
-5.36844
 20
-5.82162
 30
0.0
 10
-5.36844
 20
-5.82162
 30
0.0
 10
-5.37549
 20
-5.87806
 30
0.0
 10
-5.37549
 20
-5.87806
 30
0.0
 10
-5.37549
 20
-5.87806
 30
0.0
 10
-5.38961
 20
-5.93097
 30
0.0
 10
-5.38961
 20
-5.93097
 30
0.0
 10
-5.38961
 20
-5.93097
 30
0.0
 10
-5.41783
 20
-5.98036
 30
0.0
 10
-5.41783
 20
-5.98036
 30
0.0
 10
-5.41783
 20
-5.98036
 30
0.0
 10
-5.45311
 20
-6.02622
 30
0.0
 10
-5.45311
 20
-6.02622
 30
0.0
 10
-5.45311
 20
-6.02622
 30
0.0
 10
-5.49897
 20
-6.0615
 30
0.0
 10
-5.49897
 20
-6.0615
 30
0.0
 10
-5.49897
 20
-6.0615
 30
0.0
 10
-5.54836
 20
-6.0862
 30
0.0
 10
-5.54836
 20
-6.0862
 30
0.0
 10
-5.54836
 20
-6.0862
 30
0.0
 10
-5.60127
 20
-6.10383
 30
0.0
 10
-5.60127
 20
-6.10383
 30
0.0
 10
-5.60127
 20
-6.10383
 30
0.0
 10
-5.65772
 20
-6.11089
 30
0.0
 10
-5.65772
 20
-6.11089
 30
0.0
  0
SPLINE
  5
1E4
330
1F
100
AcDbEntity
  8
Camada 1
 62
   251
370
     9
100
AcDbSpline
210
0.0
220
0.0
230
1.0
 70
    24
 71
     3
 72
    23
 73
    19
 74
     0
 42
0.0000000001
 43
0.0000000001
 40
0.0
 40
0.0
 40
0.0
 40
0.0
 40
0.1666666666666667
 40
0.1666666666666667
 40
0.1666666666666667
 40
0.3333333333333333
 40
0.3333333333333333
 40
0.3333333333333333
 40
0.5
 40
0.5
 40
0.5
 40
0.6666666666666666
 40
0.6666666666666666
 40
0.6666666666666666
 40
0.8333333333333333
 40
0.8333333333333333
 40
0.8333333333333333
 40
1.0
 40
1.0
 40
1.0
 40
1.0
 10
-5.65772
 20
-6.11089
 30
0.0
 10
-5.65772
 20
-6.11089
 30
0.0
 10
-5.65772
 20
-6.10736
 30
0.0
 10
-5.65772
 20
-6.10736
 30
0.0
 10
-5.65772
 20
-6.10736
 30
0.0
 10
-5.65772
 20
-6.10383
 30
0.0
 10
-5.65772
 20
-6.10383
 30
0.0
 10
-5.65772
 20
-6.10383
 30
0.0
 10
-5.65772
 20
-6.10031
 30
0.0
 10
-5.65772
 20
-6.10031
 30
0.0
 10
-5.65772
 20
-6.10031
 30
0.0
 10
-5.65772
 20
-6.09678
 30
0.0
 10
-5.65772
 20
-6.09678
 30
0.0
 10
-5.65772
 20
-6.09678
 30
0.0
 10
-5.65772
 20
-6.09325
 30
0.0
 10
-5.65772
 20
-6.09325
 30
0.0
 10
-5.65772
 20
-6.09325
 30
0.0
 10
-5.65772
 20
-6.08972
 30
0.0
 10
-5.65772
 20
-6.08972
 30
0.0
  0
SPLINE
  5
1E5
330
1F
100
AcDbEntity
  8
Camada 1
 62
   251
370
     9
100
AcDbSpline
210
0.0
220
0.0
230
1.0
 70
     8
 71
     3
 72
    29
 73
    25
 74
     0
 42
0.0000000001
 43
0.0000000001
 40
0.0
 40
0.0
 40
0.0
 40
0.0
 40
0.125
 40
0.125
 40
0.125
 40
0.25
 40
0.25
 40
0.25
 40
0.375
 40
0.375
 40
0.375
 40
0.5
 40
0.5
 40
0.5
 40
0.625
 40
0.625
 40
0.625
 40
0.75
 40
0.75
 40
0.75
 40
0.875
 40
0.875
 40
0.875
 40
1.0
 40
1.0
 40
1.0
 40
1.0
 10
-5.65772
 20
-6.08972
 30
0.0
 10
-5.65772
 20
-6.08972
 30
0.0
 10
-5.6048
 20
-6.08267
 30
0.0
 10
-5.6048
 20
-6.08267
 30
0.0
 10
-5.6048
 20
-6.08267
 30
0.0
 10
-5.55541
 20
-6.06856
 30
0.0
 10
-5.55541
 20
-6.06856
 30
0.0
 10
-5.55541
 20
-6.06856
 30
0.0
 10
-5.50955
 20
-6.04386
 30
0.0
 10
-5.50955
 20
-6.04386
 30
0.0
 10
-5.50955
 20
-6.04386
 30
0.0
 10
-5.46722
 20
-6.01211
 30
0.0
 10
-5.46722
 20
-6.01211
 30
0.0
 10
-5.46722
 20
-6.01211
 30
0.0
 10
-5.43547
 20
-5.96978
 30
0.0
 10
-5.43547
 20
-5.96978
 30
0.0
 10
-5.43547
 20
-5.96978
 30
0.0
 10
-5.41077
 20
-5.92392
 30
0.0
 10
-5.41077
 20
-5.92392
 30
0.0
 10
-5.41077
 20
-5.92392
 30
0.0
 10
-5.39313
 20
-5.87453
 30
0.0
 10
-5.39313
 20
-5.87453
 30
0.0
 10
-5.39313
 20
-5.87453
 30
0.0
 10
-5.38961
 20
-5.82162
 30
0.0
 10
-5.38961
 20
-5.82162
 30
0.0
  0
SPLINE
  5
1E6
330
1F
100
AcDbEntity
  8
Camada 1
 62
   251
370
     9
100
AcDbSpline
210
0.0
220
0.0
230
1.0
 70
    24
 71
     3
 72
     8
 73
     4
 74
     0
 42
0.0000000001
 43
0.0000000001
 40
0.0
 40
0.0
 40
0.0
 40
0.0
 40
1.0
 40
1.0
 40
1.0
 40
1.0
 10
-13.57758
 20
-6.08972
 30
0.0
 10
-13.57758
 20
-6.08972
 30
0.0
 10
-5.65772
 20
-6.08972
 30
0.0
 10
-5.65772
 20
-6.08972
 30
0.0
  0
SPLINE
  5
1E7
330
1F
100
AcDbEntity
  8
Camada 1
 62
   251
370
     9
100
AcDbSpline
210
0.0
220
0.0
230
1.0
 70
    24
 71
     3
 72
     8
 73
     4
 74
     0
 42
0.0000000001
 43
0.0000000001
 40
0.0
 40
0.0
 40
0.0
 40
0.0
 40
1.0
 40
1.0
 40
1.0
 40
1.0
 10
-5.65772
 20
-6.11089
 30
0.0
 10
-5.65772
 20
-6.11089
 30
0.0
 10
-13.57758
 20
-6.11089
 30
0.0
 10
-13.57758
 20
-6.11089
 30
0.0
  0
SPLINE
  5
1E8
330
1F
100
AcDbEntity
  8
Camada 1
 62
   251
370
     9
100
AcDbSpline
210
0.0
220
0.0
230
1.0
 70
    24
 71
     3
 72
     8
 73
     4
 74
     0
 42
0.0000000001
 43
0.0000000001
 40
0.0
 40
0.0
 40
0.0
 40
0.0
 40
1.0
 40
1.0
 40
1.0
 40
1.0
 10
-5.65772
 20
6.08816
 30
0.0
 10
-5.65772
 20
6.08816
 30
0.0
 10
-13.57758
 20
6.08816
 30
0.0
 10
-13.57758
 20
6.08816
 30
0.0
  0
SPLINE
  5
1E9
330
1F
100
AcDbEntity
  8
Camada 1
 62
   251
370
     9
100
AcDbSpline
210
0.0
220
0.0
230
1.0
 70
    24
 71
     3
 72
     8
 73
     4
 74
     0
 42
0.0000000001
 43
0.0000000001
 40
0.0
 40
0.0
 40
0.0
 40
0.0
 40
1.0
 40
1.0
 40
1.0
 40
1.0
 10
-13.57758
 20
6.10932
 30
0.0
 10
-13.57758
 20
6.10932
 30
0.0
 10
-5.65772
 20
6.10932
 30
0.0
 10
-5.65772
 20
6.10932
 30
0.0
  0
SPLINE
  5
1EA
330
1F
100
AcDbEntity
  8
Camada 1
 62
   251
370
     9
100
AcDbSpline
210
0.0
220
0.0
230
1.0
 70
    24
 71
     3
 72
     8
 73
     4
 74
     0
 42
0.0000000001
 43
0.0000000001
 40
0.0
 40
0.0
 40
0.0
 40
0.0
 40
1.0
 40
1.0
 40
1.0
 40
1.0
 10
-5.65772
 20
6.10932
 30
0.0
 10
-5.65772
 20
6.10932
 30
0.0
 10
-5.65772
 20
6.1199
 30
0.0
 10
-5.65772
 20
6.1199
 30
0.0
  0
SPLINE
  5
1EB
330
1F
100
AcDbEntity
  8
Camada 1
 62
   251
370
     9
100
AcDbSpline
210
0.0
220
0.0
230
1.0
 70
     8
 71
     3
 72
    29
 73
    25
 74
     0
 42
0.0000000001
 43
0.0000000001
 40
0.0
 40
0.0
 40
0.0
 40
0.0
 40
0.125
 40
0.125
 40
0.125
 40
0.25
 40
0.25
 40
0.25
 40
0.375
 40
0.375
 40
0.375
 40
0.5
 40
0.5
 40
0.5
 40
0.625
 40
0.625
 40
0.625
 40
0.75
 40
0.75
 40
0.75
 40
0.875
 40
0.875
 40
0.875
 40
1.0
 40
1.0
 40
1.0
 40
1.0
 10
-5.35786
 20
5.82004
 30
0.0
 10
-5.35786
 20
5.82004
 30
0.0
 10
-5.36491
 20
5.87649
 30
0.0
 10
-5.36491
 20
5.87649
 30
0.0
 10
-5.36491
 20
5.87649
 30
0.0
 10
-5.38255
 20
5.93293
 30
0.0
 10
-5.38255
 20
5.93293
 30
0.0
 10
-5.38255
 20
5.93293
 30
0.0
 10
-5.40724
 20
5.98585
 30
0.0
 10
-5.40724
 20
5.98585
 30
0.0
 10
-5.40724
 20
5.98585
 30
0.0
 10
-5.44605
 20
6.03171
 30
0.0
 10
-5.44605
 20
6.03171
 30
0.0
 10
-5.44605
 20
6.03171
 30
0.0
 10
-5.49191
 20
6.07052
 30
0.0
 10
-5.49191
 20
6.07052
 30
0.0
 10
-5.49191
 20
6.07052
 30
0.0
 10
-5.54483
 20
6.09521
 30
0.0
 10
-5.54483
 20
6.09521
 30
0.0
 10
-5.54483
 20
6.09521
 30
0.0
 10
-5.59774
 20
6.11285
 30
0.0
 10
-5.59774
 20
6.11285
 30
0.0
 10
-5.59774
 20
6.11285
 30
0.0
 10
-5.65772
 20
6.1199
 30
0.0
 10
-5.65772
 20
6.1199
 30
0.0
  0
SPLINE
  5
1EC
330
1F
100
AcDbEntity
  8
Camada 1
 62
   251
370
     9
100
AcDbSpline
210
0.0
220
0.0
230
1.0
 70
    24
 71
     3
 72
     8
 73
     4
 74
     0
 42
0.0000000001
 43
0.0000000001
 40
0.0
 40
0.0
 40
0.0
 40
0.0
 40
1.0
 40
1.0
 40
1.0
 40
1.0
 10
-5.36844
 20
5.82004
 30
0.0
 10
-5.36844
 20
5.82004
 30
0.0
 10
-5.35786
 20
5.82004
 30
0.0
 10
-5.35786
 20
5.82004
 30
0.0
  0
SPLINE
  5
1ED
330
1F
100
AcDbEntity
  8
Camada 1
 62
   251
370
     9
100
AcDbSpline
210
0.0
220
0.0
230
1.0
 70
    24
 71
     3
 72
     8
 73
     4
 74
     0
 42
0.0000000001
 43
0.0000000001
 40
0.0
 40
0.0
 40
0.0
 40
0.0
 40
1.0
 40
1.0
 40
1.0
 40
1.0
 10
-5.35786
 20
-5.82162
 30
0.0
 10
-5.35786
 20
-5.82162
 30
0.0
 10
-5.35786
 20
5.82004
 30
0.0
 10
-5.35786
 20
5.82004
 30
0.0
  0
SPLINE
  5
1EE
330
1F
100
AcDbEntity
  8
Camada 1
 62
   251
370
     9
100
AcDbSpline
210
0.0
220
0.0
230
1.0
 70
    24
 71
     3
 72
     8
 73
     4
 74
     0
 42
0.0000000001
 43
0.0000000001
 40
0.0
 40
0.0
 40
0.0
 40
0.0
 40
1.0
 40
1.0
 40
1.0
 40
1.0
 10
-5.36844
 20
-5.82162
 30
0.0
 10
-5.36844
 20
-5.82162
 30
0.0
 10
-5.35786
 20
-5.82162
 30
0.0
 10
-5.35786
 20
-5.82162
 30
0.0
  0
SPLINE
  5
1EF
330
1F
100
AcDbEntity
  8
Camada 1
 62
   251
370
     9
100
AcDbSpline
210
0.0
220
0.0
230
1.0
 70
     8
 71
     3
 72
    29
 73
    25
 74
     0
 42
0.0000000001
 43
0.0000000001
 40
0.0
 40
0.0
 40
0.0
 40
0.0
 40
0.125
 40
0.125
 40
0.125
 40
0.25
 40
0.25
 40
0.25
 40
0.375
 40
0.375
 40
0.375
 40
0.5
 40
0.5
 40
0.5
 40
0.625
 40
0.625
 40
0.625
 40
0.75
 40
0.75
 40
0.75
 40
0.875
 40
0.875
 40
0.875
 40
1.0
 40
1.0
 40
1.0
 40
1.0
 10
-5.65772
 20
-6.12147
 30
0.0
 10
-5.65772
 20
-6.12147
 30
0.0
 10
-5.59774
 20
-6.11442
 30
0.0
 10
-5.59774
 20
-6.11442
 30
0.0
 10
-5.59774
 20
-6.11442
 30
0.0
 10
-5.54483
 20
-6.09678
 30
0.0
 10
-5.54483
 20
-6.09678
 30
0.0
 10
-5.54483
 20
-6.09678
 30
0.0
 10
-5.49191
 20
-6.06856
 30
0.0
 10
-5.49191
 20
-6.06856
 30
0.0
 10
-5.49191
 20
-6.06856
 30
0.0
 10
-5.44605
 20
-6.03328
 30
0.0
 10
-5.44605
 20
-6.03328
 30
0.0
 10
-5.44605
 20
-6.03328
 30
0.0
 10
-5.40724
 20
-5.98742
 30
0.0
 10
-5.40724
 20
-5.98742
 30
0.0
 10
-5.40724
 20
-5.98742
 30
0.0
 10
-5.38255
 20
-5.9345
 30
0.0
 10
-5.38255
 20
-5.9345
 30
0.0
 10
-5.38255
 20
-5.9345
 30
0.0
 10
-5.36491
 20
-5.87806
 30
0.0
 10
-5.36491
 20
-5.87806
 30
0.0
 10
-5.36491
 20
-5.87806
 30
0.0
 10
-5.35786
 20
-5.82162
 30
0.0
 10
-5.35786
 20
-5.82162
 30
0.0
  0
SPLINE
  5
1F0
330
1F
100
AcDbEntity
  8
Camada 1
 62
   251
370
     9
100
AcDbSpline
210
0.0
220
0.0
230
1.0
 70
    24
 71
     3
 72
     8
 73
     4
 74
     0
 42
0.0000000001
 43
0.0000000001
 40
0.0
 40
0.0
 40
0.0
 40
0.0
 40
1.0
 40
1.0
 40
1.0
 40
1.0
 10
-5.65772
 20
-6.11089
 30
0.0
 10
-5.65772
 20
-6.11089
 30
0.0
 10
-5.65772
 20
-6.12147
 30
0.0
 10
-5.65772
 20
-6.12147
 30
0.0
  0
SPLINE
  5
1F1
330
1F
100
AcDbEntity
  8
Camada 1
 62
   251
370
     9
100
AcDbSpline
210
0.0
220
0.0
230
1.0
 70
    24
 71
     3
 72
     8
 73
     4
 74
     0
 42
0.0000000001
 43
0.0000000001
 40
0.0
 40
0.0
 40
0.0
 40
0.0
 40
1.0
 40
1.0
 40
1.0
 40
1.0
 10
-13.57758
 20
6.10932
 30
0.0
 10
-13.57758
 20
6.10932
 30
0.0
 10
-13.57758
 20
6.1199
 30
0.0
 10
-13.57758
 20
6.1199
 30
0.0
  0
SPLINE
  5
1F2
330
1F
100
AcDbEntity
  8
Camada 1
 62
   251
370
     9
100
AcDbSpline
210
0.0
220
0.0
230
1.0
 70
    24
 71
     3
 72
     8
 73
     4
 74
     0
 42
0.0000000001
 43
0.0000000001
 40
0.0
 40
0.0
 40
0.0
 40
0.0
 40
1.0
 40
1.0
 40
1.0
 40
1.0
 10
-5.65772
 20
6.1199
 30
0.0
 10
-5.65772
 20
6.1199
 30
0.0
 10
-13.57758
 20
6.1199
 30
0.0
 10
-13.57758
 20
6.1199
 30
0.0
  0
SPLINE
  5
1F3
330
1F
100
AcDbEntity
  8
Camada 1
 62
   251
370
     9
100
AcDbSpline
210
0.0
220
0.0
230
1.0
 70
    24
 71
     3
 72
     8
 73
     4
 74
     0
 42
0.0000000001
 43
0.0000000001
 40
0.0
 40
0.0
 40
0.0
 40
0.0
 40
1.0
 40
1.0
 40
1.0
 40
1.0
 10
-13.57758
 20
-6.12147
 30
0.0
 10
-13.57758
 20
-6.12147
 30
0.0
 10
-5.65772
 20
-6.12147
 30
0.0
 10
-5.65772
 20
-6.12147
 30
0.0
  0
SPLINE
  5
1F4
330
1F
100
AcDbEntity
  8
Camada 1
 62
   251
370
     9
100
AcDbSpline
210
0.0
220
0.0
230
1.0
 70
    24
 71
     3
 72
     8
 73
     4
 74
     0
 42
0.0000000001
 43
0.0000000001
 40
0.0
 40
0.0
 40
0.0
 40
0.0
 40
1.0
 40
1.0
 40
1.0
 40
1.0
 10
-13.57758
 20
-6.11089
 30
0.0
 10
-13.57758
 20
-6.11089
 30
0.0
 10
-13.57758
 20
-6.12147
 30
0.0
 10
-13.57758
 20
-6.12147
 30
0.0
  0
SPLINE
  5
1F5
330
1F
100
AcDbEntity
  8
Camada 1
 62
   251
370
     9
100
AcDbSpline
210
0.0
220
0.0
230
1.0
 70
    24
 71
     3
 72
     8
 73
     4
 74
     0
 42
0.0000000001
 43
0.0000000001
 40
0.0
 40
0.0
 40
0.0
 40
0.0
 40
1.0
 40
1.0
 40
1.0
 40
1.0
 10
-13.86686
 20
5.82004
 30
0.0
 10
-13.86686
 20
5.82004
 30
0.0
 10
-13.87744
 20
5.82004
 30
0.0
 10
-13.87744
 20
5.82004
 30
0.0
  0
SPLINE
  5
1F6
330
1F
100
AcDbEntity
  8
Camada 1
 62
   251
370
     9
100
AcDbSpline
210
0.0
220
0.0
230
1.0
 70
     8
 71
     3
 72
    29
 73
    25
 74
     0
 42
0.0000000001
 43
0.0000000001
 40
0.0
 40
0.0
 40
0.0
 40
0.0
 40
0.125
 40
0.125
 40
0.125
 40
0.25
 40
0.25
 40
0.25
 40
0.375
 40
0.375
 40
0.375
 40
0.5
 40
0.5
 40
0.5
 40
0.625
 40
0.625
 40
0.625
 40
0.75
 40
0.75
 40
0.75
 40
0.875
 40
0.875
 40
0.875
 40
1.0
 40
1.0
 40
1.0
 40
1.0
 10
-13.57758
 20
6.1199
 30
0.0
 10
-13.57758
 20
6.1199
 30
0.0
 10
-13.63755
 20
6.11285
 30
0.0
 10
-13.63755
 20
6.11285
 30
0.0
 10
-13.63755
 20
6.11285
 30
0.0
 10
-13.69399
 20
6.09521
 30
0.0
 10
-13.69399
 20
6.09521
 30
0.0
 10
-13.69399
 20
6.09521
 30
0.0
 10
-13.74338
 20
6.07052
 30
0.0
 10
-13.74338
 20
6.07052
 30
0.0
 10
-13.74338
 20
6.07052
 30
0.0
 10
-13.78924
 20
6.03171
 30
0.0
 10
-13.78924
 20
6.03171
 30
0.0
 10
-13.78924
 20
6.03171
 30
0.0
 10
-13.82805
 20
5.98585
 30
0.0
 10
-13.82805
 20
5.98585
 30
0.0
 10
-13.82805
 20
5.98585
 30
0.0
 10
-13.85627
 20
5.93293
 30
0.0
 10
-13.85627
 20
5.93293
 30
0.0
 10
-13.85627
 20
5.93293
 30
0.0
 10
-13.87038
 20
5.87649
 30
0.0
 10
-13.87038
 20
5.87649
 30
0.0
 10
-13.87038
 20
5.87649
 30
0.0
 10
-13.87744
 20
5.82004
 30
0.0
 10
-13.87744
 20
5.82004
 30
0.0
  0
SPLINE
  5
1F7
330
1F
100
AcDbEntity
  8
Camada 1
 62
   251
370
     9
100
AcDbSpline
210
0.0
220
0.0
230
1.0
 70
    24
 71
     3
 72
     8
 73
     4
 74
     0
 42
0.0000000001
 43
0.0000000001
 40
0.0
 40
0.0
 40
0.0
 40
0.0
 40
1.0
 40
1.0
 40
1.0
 40
1.0
 10
-13.86686
 20
-5.82162
 30
0.0
 10
-13.86686
 20
-5.82162
 30
0.0
 10
-13.87744
 20
-5.82162
 30
0.0
 10
-13.87744
 20
-5.82162
 30
0.0
  0
SPLINE
  5
1F8
330
1F
100
AcDbEntity
  8
Camada 1
 62
   251
370
     9
100
AcDbSpline
210
0.0
220
0.0
230
1.0
 70
    24
 71
     3
 72
     8
 73
     4
 74
     0
 42
0.0000000001
 43
0.0000000001
 40
0.0
 40
0.0
 40
0.0
 40
0.0
 40
1.0
 40
1.0
 40
1.0
 40
1.0
 10
-13.87744
 20
5.82004
 30
0.0
 10
-13.87744
 20
5.82004
 30
0.0
 10
-13.87744
 20
-5.82162
 30
0.0
 10
-13.87744
 20
-5.82162
 30
0.0
  0
SPLINE
  5
1F9
330
1F
100
AcDbEntity
  8
Camada 1
 62
   251
370
     9
100
AcDbSpline
210
0.0
220
0.0
230
1.0
 70
     8
 71
     3
 72
    29
 73
    25
 74
     0
 42
0.0000000001
 43
0.0000000001
 40
0.0
 40
0.0
 40
0.0
 40
0.0
 40
0.125
 40
0.125
 40
0.125
 40
0.25
 40
0.25
 40
0.25
 40
0.375
 40
0.375
 40
0.375
 40
0.5
 40
0.5
 40
0.5
 40
0.625
 40
0.625
 40
0.625
 40
0.75
 40
0.75
 40
0.75
 40
0.875
 40
0.875
 40
0.875
 40
1.0
 40
1.0
 40
1.0
 40
1.0
 10
-13.87744
 20
-5.82162
 30
0.0
 10
-13.87744
 20
-5.82162
 30
0.0
 10
-13.87038
 20
-5.87806
 30
0.0
 10
-13.87038
 20
-5.87806
 30
0.0
 10
-13.87038
 20
-5.87806
 30
0.0
 10
-13.85627
 20
-5.9345
 30
0.0
 10
-13.85627
 20
-5.9345
 30
0.0
 10
-13.85627
 20
-5.9345
 30
0.0
 10
-13.82805
 20
-5.98742
 30
0.0
 10
-13.82805
 20
-5.98742
 30
0.0
 10
-13.82805
 20
-5.98742
 30
0.0
 10
-13.78924
 20
-6.03328
 30
0.0
 10
-13.78924
 20
-6.03328
 30
0.0
 10
-13.78924
 20
-6.03328
 30
0.0
 10
-13.74338
 20
-6.06856
 30
0.0
 10
-13.74338
 20
-6.06856
 30
0.0
 10
-13.74338
 20
-6.06856
 30
0.0
 10
-13.69399
 20
-6.09678
 30
0.0
 10
-13.69399
 20
-6.09678
 30
0.0
 10
-13.69399
 20
-6.09678
 30
0.0
 10
-13.63755
 20
-6.11442
 30
0.0
 10
-13.63755
 20
-6.11442
 30
0.0
 10
-13.63755
 20
-6.11442
 30
0.0
 10
-13.57758
 20
-6.12147
 30
0.0
 10
-13.57758
 20
-6.12147
 30
0.0
  0
SPLINE
  5
1FA
330
1F
100
AcDbEntity
  8
Camada 1
 62
   251
370
     9
100
AcDbSpline
210
0.0
220
0.0
230
1.0
 70
    24
 71
     3
 72
     8
 73
     4
 74
     0
 42
0.0000000001
 43
0.0000000001
 40
0.0
 40
0.0
 40
0.0
 40
0.0
 40
1.0
 40
1.0
 40
1.0
 40
1.0
 10
-11.916
 20
3.39645
 30
0.0
 10
-11.916
 20
3.39645
 30
0.0
 10
-11.916
 20
1.17748
 30
0.0
 10
-11.916
 20
1.17748
 30
0.0
  0
SPLINE
  5
1FB
330
1F
100
AcDbEntity
  8
Camada 1
 62
   251
370
     9
100
AcDbSpline
210
0.0
220
0.0
230
1.0
 70
    24
 71
     3
 72
    14
 73
    10
 74
     0
 42
0.0000000001
 43
0.0000000001
 40
0.0
 40
0.0
 40
0.0
 40
0.0
 40
0.3333333333333333
 40
0.3333333333333333
 40
0.3333333333333333
 40
0.6666666666666666
 40
0.6666666666666666
 40
0.6666666666666666
 40
1.0
 40
1.0
 40
1.0
 40
1.0
 10
-11.916
 20
1.17748
 30
0.0
 10
-11.916
 20
1.17748
 30
0.0
 10
-11.91953
 20
1.17748
 30
0.0
 10
-11.91953
 20
1.17748
 30
0.0
 10
-11.91953
 20
1.17748
 30
0.0
 10
-11.92305
 20
1.17748
 30
0.0
 10
-11.92305
 20
1.17748
 30
0.0
 10
-11.92305
 20
1.17748
 30
0.0
 10
-11.92658
 20
1.17748
 30
0.0
 10
-11.92658
 20
1.17748
 30
0.0
  0
SPLINE
  5
1FC
330
1F
100
AcDbEntity
  8
Camada 1
 62
   251
370
     9
100
AcDbSpline
210
0.0
220
0.0
230
1.0
 70
    24
 71
     3
 72
     8
 73
     4
 74
     0
 42
0.0000000001
 43
0.0000000001
 40
0.0
 40
0.0
 40
0.0
 40
0.0
 40
1.0
 40
1.0
 40
1.0
 40
1.0
 10
-11.92658
 20
1.17748
 30
0.0
 10
-11.92658
 20
1.17748
 30
0.0
 10
-11.92658
 20
3.39645
 30
0.0
 10
-11.92658
 20
3.39645
 30
0.0
  0
SPLINE
  5
1FD
330
1F
100
AcDbEntity
  8
Camada 1
 62
   251
370
     9
100
AcDbSpline
210
0.0
220
0.0
230
1.0
 70
    24
 71
     3
 72
    14
 73
    10
 74
     0
 42
0.0000000001
 43
0.0000000001
 40
0.0
 40
0.0
 40
0.0
 40
0.0
 40
0.3333333333333333
 40
0.3333333333333333
 40
0.3333333333333333
 40
0.6666666666666666
 40
0.6666666666666666
 40
0.6666666666666666
 40
1.0
 40
1.0
 40
1.0
 40
1.0
 10
-11.916
 20
3.39645
 30
0.0
 10
-11.916
 20
3.39645
 30
0.0
 10
-11.91953
 20
3.39645
 30
0.0
 10
-11.91953
 20
3.39645
 30
0.0
 10
-11.91953
 20
3.39645
 30
0.0
 10
-11.92305
 20
3.39645
 30
0.0
 10
-11.92305
 20
3.39645
 30
0.0
 10
-11.92305
 20
3.39645
 30
0.0
 10
-11.92658
 20
3.39645
 30
0.0
 10
-11.92658
 20
3.39645
 30
0.0
  0
SPLINE
  5
1FE
330
1F
100
AcDbEntity
  8
Camada 1
 62
   251
370
     9
100
AcDbSpline
210
0.0
220
0.0
230
1.0
 70
    24
 71
     3
 72
     8
 73
     4
 74
     0
 42
0.0000000001
 43
0.0000000001
 40
0.0
 40
0.0
 40
0.0
 40
0.0
 40
1.0
 40
1.0
 40
1.0
 40
1.0
 10
-7.42514
 20
3.39645
 30
0.0
 10
-7.42514
 20
3.39645
 30
0.0
 10
-7.42514
 20
1.17748
 30
0.0
 10
-7.42514
 20
1.17748
 30
0.0
  0
SPLINE
  5
1FF
330
1F
100
AcDbEntity
  8
Camada 1
 62
   251
370
     9
100
AcDbSpline
210
0.0
220
0.0
230
1.0
 70
    24
 71
     3
 72
    17
 73
    13
 74
     0
 42
0.0000000001
 43
0.0000000001
 40
0.0
 40
0.0
 40
0.0
 40
0.0
 40
0.25
 40
0.25
 40
0.25
 40
0.5
 40
0.5
 40
0.5
 40
0.75
 40
0.75
 40
0.75
 40
1.0
 40
1.0
 40
1.0
 40
1.0
 10
-7.42514
 20
1.17748
 30
0.0
 10
-7.42514
 20
1.17748
 30
0.0
 10
-7.42514
 20
1.17748
 30
0.0
 10
-7.42514
 20
1.17748
 30
0.0
 10
-7.42514
 20
1.17748
 30
0.0
 10
-7.42866
 20
1.17748
 30
0.0
 10
-7.42866
 20
1.17748
 30
0.0
 10
-7.42866
 20
1.17748
 30
0.0
 10
-7.43219
 20
1.17748
 30
0.0
 10
-7.43219
 20
1.17748
 30
0.0
 10
-7.43219
 20
1.17748
 30
0.0
 10
-7.43572
 20
1.17748
 30
0.0
 10
-7.43572
 20
1.17748
 30
0.0
  0
SPLINE
  5
200
330
1F
100
AcDbEntity
  8
Camada 1
 62
   251
370
     9
100
AcDbSpline
210
0.0
220
0.0
230
1.0
 70
    24
 71
     3
 72
     8
 73
     4
 74
     0
 42
0.0000000001
 43
0.0000000001
 40
0.0
 40
0.0
 40
0.0
 40
0.0
 40
1.0
 40
1.0
 40
1.0
 40
1.0
 10
-7.43572
 20
1.17748
 30
0.0
 10
-7.43572
 20
1.17748
 30
0.0
 10
-7.43572
 20
3.39645
 30
0.0
 10
-7.43572
 20
3.39645
 30
0.0
  0
SPLINE
  5
201
330
1F
100
AcDbEntity
  8
Camada 1
 62
   251
370
     9
100
AcDbSpline
210
0.0
220
0.0
230
1.0
 70
    24
 71
     3
 72
    17
 73
    13
 74
     0
 42
0.0000000001
 43
0.0000000001
 40
0.0
 40
0.0
 40
0.0
 40
0.0
 40
0.25
 40
0.25
 40
0.25
 40
0.5
 40
0.5
 40
0.5
 40
0.75
 40
0.75
 40
0.75
 40
1.0
 40
1.0
 40
1.0
 40
1.0
 10
-7.42514
 20
3.39645
 30
0.0
 10
-7.42514
 20
3.39645
 30
0.0
 10
-7.42514
 20
3.39645
 30
0.0
 10
-7.42514
 20
3.39645
 30
0.0
 10
-7.42514
 20
3.39645
 30
0.0
 10
-7.42866
 20
3.39645
 30
0.0
 10
-7.42866
 20
3.39645
 30
0.0
 10
-7.42866
 20
3.39645
 30
0.0
 10
-7.43219
 20
3.39645
 30
0.0
 10
-7.43219
 20
3.39645
 30
0.0
 10
-7.43219
 20
3.39645
 30
0.0
 10
-7.43572
 20
3.39645
 30
0.0
 10
-7.43572
 20
3.39645
 30
0.0
  0
SPLINE
  5
202
330
1F
100
AcDbEntity
  8
Camada 1
 62
   251
370
     9
100
AcDbSpline
210
0.0
220
0.0
230
1.0
 70
     8
 71
     3
 72
    14
 73
    10
 74
     0
 42
0.0000000001
 43
0.0000000001
 40
0.0
 40
0.0
 40
0.0
 40
0.0
 40
0.3333333333333333
 40
0.3333333333333333
 40
0.3333333333333333
 40
0.6666666666666666
 40
0.6666666666666666
 40
0.6666666666666666
 40
1.0
 40
1.0
 40
1.0
 40
1.0
 10
-11.916
 20
1.17748
 30
0.0
 10
-11.916
 20
1.17748
 30
0.0
 10
-11.916
 20
1.17395
 30
0.0
 10
-11.916
 20
1.17395
 30
0.0
 10
-11.916
 20
1.17395
 30
0.0
 10
-11.91247
 20
1.17395
 30
0.0
 10
-11.91247
 20
1.17395
 30
0.0
 10
-11.91247
 20
1.17395
 30
0.0
 10
-11.91247
 20
1.17043
 30
0.0
 10
-11.91247
 20
1.17043
 30
0.0
  0
SPLINE
  5
203
330
1F
100
AcDbEntity
  8
Camada 1
 62
   251
370
     9
100
AcDbSpline
210
0.0
220
0.0
230
1.0
 70
    24
 71
     3
 72
    17
 73
    13
 74
     0
 42
0.0000000001
 43
0.0000000001
 40
0.0
 40
0.0
 40
0.0
 40
0.0
 40
0.25
 40
0.25
 40
0.25
 40
0.5
 40
0.5
 40
0.5
 40
0.75
 40
0.75
 40
0.75
 40
1.0
 40
1.0
 40
1.0
 40
1.0
 10
-11.91247
 20
1.17043
 30
0.0
 10
-11.91247
 20
1.17043
 30
0.0
 10
-11.91247
 20
1.17043
 30
0.0
 10
-11.91247
 20
1.17043
 30
0.0
 10
-11.91247
 20
1.17043
 30
0.0
 10
-11.91247
 20
1.1669
 30
0.0
 10
-11.91247
 20
1.1669
 30
0.0
 10
-11.91247
 20
1.1669
 30
0.0
 10
-11.91247
 20
1.16337
 30
0.0
 10
-11.91247
 20
1.16337
 30
0.0
 10
-11.91247
 20
1.16337
 30
0.0
 10
-11.91247
 20
1.15984
 30
0.0
 10
-11.91247
 20
1.15984
 30
0.0
  0
SPLINE
  5
204
330
1F
100
AcDbEntity
  8
Camada 1
 62
   251
370
     9
100
AcDbSpline
210
0.0
220
0.0
230
1.0
 70
     8
 71
     3
 72
    26
 73
    22
 74
     0
 42
0.0000000001
 43
0.0000000001
 40
0.0
 40
0.0
 40
0.0
 40
0.0
 40
0.1428571428571428
 40
0.1428571428571428
 40
0.1428571428571428
 40
0.2857142857142857
 40
0.2857142857142857
 40
0.2857142857142857
 40
0.4285714285714285
 40
0.4285714285714285
 40
0.4285714285714285
 40
0.5714285714285714
 40
0.5714285714285714
 40
0.5714285714285714
 40
0.7142857142857142
 40
0.7142857142857142
 40
0.7142857142857142
 40
0.8571428571428571
 40
0.8571428571428571
 40
0.8571428571428571
 40
1.0
 40
1.0
 40
1.0
 40
1.0
 10
-11.91247
 20
1.15984
 30
0.0
 10
-11.91247
 20
1.15984
 30
0.0
 10
-11.91247
 20
1.16337
 30
0.0
 10
-11.91247
 20
1.16337
 30
0.0
 10
-11.91247
 20
1.16337
 30
0.0
 10
-11.916
 20
1.16337
 30
0.0
 10
-11.916
 20
1.16337
 30
0.0
 10
-11.916
 20
1.16337
 30
0.0
 10
-11.91953
 20
1.16337
 30
0.0
 10
-11.91953
 20
1.16337
 30
0.0
 10
-11.91953
 20
1.16337
 30
0.0
 10
-11.92305
 20
1.1669
 30
0.0
 10
-11.92305
 20
1.1669
 30
0.0
 10
-11.92305
 20
1.1669
 30
0.0
 10
-11.92658
 20
1.17043
 30
0.0
 10
-11.92658
 20
1.17043
 30
0.0
 10
-11.92658
 20
1.17043
 30
0.0
 10
-11.92658
 20
1.17395
 30
0.0
 10
-11.92658
 20
1.17395
 30
0.0
 10
-11.92658
 20
1.17395
 30
0.0
 10
-11.92658
 20
1.17748
 30
0.0
 10
-11.92658
 20
1.17748
 30
0.0
  0
SPLINE
  5
205
330
1F
100
AcDbEntity
  8
Camada 1
 62
   251
370
     9
100
AcDbSpline
210
0.0
220
0.0
230
1.0
 70
     8
 71
     3
 72
    29
 73
    25
 74
     0
 42
0.0000000001
 43
0.0000000001
 40
0.0
 40
0.0
 40
0.0
 40
0.0
 40
0.125
 40
0.125
 40
0.125
 40
0.25
 40
0.25
 40
0.25
 40
0.375
 40
0.375
 40
0.375
 40
0.5
 40
0.5
 40
0.5
 40
0.625
 40
0.625
 40
0.625
 40
0.75
 40
0.75
 40
0.75
 40
0.875
 40
0.875
 40
0.875
 40
1.0
 40
1.0
 40
1.0
 40
1.0
 10
-7.42514
 20
1.17748
 30
0.0
 10
-7.42514
 20
1.17748
 30
0.0
 10
-7.42514
 20
1.17395
 30
0.0
 10
-7.42514
 20
1.17395
 30
0.0
 10
-7.42514
 20
1.17395
 30
0.0
 10
-7.42866
 20
1.17043
 30
0.0
 10
-7.42866
 20
1.17043
 30
0.0
 10
-7.42866
 20
1.17043
 30
0.0
 10
-7.42866
 20
1.1669
 30
0.0
 10
-7.42866
 20
1.1669
 30
0.0
 10
-7.42866
 20
1.1669
 30
0.0
 10
-7.43219
 20
1.1669
 30
0.0
 10
-7.43219
 20
1.1669
 30
0.0
 10
-7.43219
 20
1.1669
 30
0.0
 10
-7.43219
 20
1.16337
 30
0.0
 10
-7.43219
 20
1.16337
 30
0.0
 10
-7.43219
 20
1.16337
 30
0.0
 10
-7.43572
 20
1.16337
 30
0.0
 10
-7.43572
 20
1.16337
 30
0.0
 10
-7.43572
 20
1.16337
 30
0.0
 10
-7.43925
 20
1.16337
 30
0.0
 10
-7.43925
 20
1.16337
 30
0.0
 10
-7.43925
 20
1.16337
 30
0.0
 10
-7.44278
 20
1.15984
 30
0.0
 10
-7.44278
 20
1.15984
 30
0.0
  0
SPLINE
  5
206
330
1F
100
AcDbEntity
  8
Camada 1
 62
   251
370
     9
100
AcDbSpline
210
0.0
220
0.0
230
1.0
 70
    24
 71
     3
 72
    14
 73
    10
 74
     0
 42
0.0000000001
 43
0.0000000001
 40
0.0
 40
0.0
 40
0.0
 40
0.0
 40
0.3333333333333333
 40
0.3333333333333333
 40
0.3333333333333333
 40
0.6666666666666666
 40
0.6666666666666666
 40
0.6666666666666666
 40
1.0
 40
1.0
 40
1.0
 40
1.0
 10
-7.44278
 20
1.15984
 30
0.0
 10
-7.44278
 20
1.15984
 30
0.0
 10
-7.44278
 20
1.16337
 30
0.0
 10
-7.44278
 20
1.16337
 30
0.0
 10
-7.44278
 20
1.16337
 30
0.0
 10
-7.44278
 20
1.1669
 30
0.0
 10
-7.44278
 20
1.1669
 30
0.0
 10
-7.44278
 20
1.1669
 30
0.0
 10
-7.44278
 20
1.17043
 30
0.0
 10
-7.44278
 20
1.17043
 30
0.0
  0
SPLINE
  5
207
330
1F
100
AcDbEntity
  8
Camada 1
 62
   251
370
     9
100
AcDbSpline
210
0.0
220
0.0
230
1.0
 70
     8
 71
     3
 72
    17
 73
    13
 74
     0
 42
0.0000000001
 43
0.0000000001
 40
0.0
 40
0.0
 40
0.0
 40
0.0
 40
0.25
 40
0.25
 40
0.25
 40
0.5
 40
0.5
 40
0.5
 40
0.75
 40
0.75
 40
0.75
 40
1.0
 40
1.0
 40
1.0
 40
1.0
 10
-7.44278
 20
1.17043
 30
0.0
 10
-7.44278
 20
1.17043
 30
0.0
 10
-7.43925
 20
1.17043
 30
0.0
 10
-7.43925
 20
1.17043
 30
0.0
 10
-7.43925
 20
1.17043
 30
0.0
 10
-7.43925
 20
1.17395
 30
0.0
 10
-7.43925
 20
1.17395
 30
0.0
 10
-7.43925
 20
1.17395
 30
0.0
 10
-7.43572
 20
1.17395
 30
0.0
 10
-7.43572
 20
1.17395
 30
0.0
 10
-7.43572
 20
1.17395
 30
0.0
 10
-7.43572
 20
1.17748
 30
0.0
 10
-7.43572
 20
1.17748
 30
0.0
  0
SPLINE
  5
208
330
1F
100
AcDbEntity
  8
Camada 1
 62
   251
370
     9
100
AcDbSpline
210
0.0
220
0.0
230
1.0
 70
    24
 71
     3
 72
     8
 73
     4
 74
     0
 42
0.0000000001
 43
0.0000000001
 40
0.0
 40
0.0
 40
0.0
 40
0.0
 40
1.0
 40
1.0
 40
1.0
 40
1.0
 10
-11.91247
 20
1.17043
 30
0.0
 10
-11.91247
 20
1.17043
 30
0.0
 10
-7.44278
 20
1.17043
 30
0.0
 10
-7.44278
 20
1.17043
 30
0.0
  0
SPLINE
  5
209
330
1F
100
AcDbEntity
  8
Camada 1
 62
   251
370
     9
100
AcDbSpline
210
0.0
220
0.0
230
1.0
 70
    24
 71
     3
 72
     8
 73
     4
 74
     0
 42
0.0000000001
 43
0.0000000001
 40
0.0
 40
0.0
 40
0.0
 40
0.0
 40
1.0
 40
1.0
 40
1.0
 40
1.0
 10
-7.44278
 20
1.15984
 30
0.0
 10
-7.44278
 20
1.15984
 30
0.0
 10
-11.91247
 20
1.15984
 30
0.0
 10
-11.91247
 20
1.15984
 30
0.0
  0
SPLINE
  5
20A
330
1F
100
AcDbEntity
  8
Camada 1
 62
   251
370
     9
100
AcDbSpline
210
0.0
220
0.0
230
1.0
 70
    24
 71
     3
 72
     8
 73
     4
 74
     0
 42
0.0000000001
 43
0.0000000001
 40
0.0
 40
0.0
 40
0.0
 40
0.0
 40
1.0
 40
1.0
 40
1.0
 40
1.0
 10
-7.44278
 20
3.39998
 30
0.0
 10
-7.44278
 20
3.39998
 30
0.0
 10
-11.91247
 20
3.39998
 30
0.0
 10
-11.91247
 20
3.39998
 30
0.0
  0
SPLINE
  5
20B
330
1F
100
AcDbEntity
  8
Camada 1
 62
   251
370
     9
100
AcDbSpline
210
0.0
220
0.0
230
1.0
 70
    24
 71
     3
 72
    14
 73
    10
 74
     0
 42
0.0000000001
 43
0.0000000001
 40
0.0
 40
0.0
 40
0.0
 40
0.0
 40
0.3333333333333333
 40
0.3333333333333333
 40
0.3333333333333333
 40
0.6666666666666666
 40
0.6666666666666666
 40
0.6666666666666666
 40
1.0
 40
1.0
 40
1.0
 40
1.0
 10
-11.91247
 20
3.39998
 30
0.0
 10
-11.91247
 20
3.39998
 30
0.0
 10
-11.91247
 20
3.40351
 30
0.0
 10
-11.91247
 20
3.40351
 30
0.0
 10
-11.91247
 20
3.40351
 30
0.0
 10
-11.91247
 20
3.40704
 30
0.0
 10
-11.91247
 20
3.40704
 30
0.0
 10
-11.91247
 20
3.40704
 30
0.0
 10
-11.91247
 20
3.41057
 30
0.0
 10
-11.91247
 20
3.41057
 30
0.0
  0
SPLINE
  5
20C
330
1F
100
AcDbEntity
  8
Camada 1
 62
   251
370
     9
100
AcDbSpline
210
0.0
220
0.0
230
1.0
 70
    24
 71
     3
 72
     8
 73
     4
 74
     0
 42
0.0000000001
 43
0.0000000001
 40
0.0
 40
0.0
 40
0.0
 40
0.0
 40
1.0
 40
1.0
 40
1.0
 40
1.0
 10
-11.91247
 20
3.41057
 30
0.0
 10
-11.91247
 20
3.41057
 30
0.0
 10
-7.44278
 20
3.41057
 30
0.0
 10
-7.44278
 20
3.41057
 30
0.0
  0
SPLINE
  5
20D
330
1F
100
AcDbEntity
  8
Camada 1
 62
   251
370
     9
100
AcDbSpline
210
0.0
220
0.0
230
1.0
 70
    24
 71
     3
 72
    17
 73
    13
 74
     0
 42
0.0000000001
 43
0.0000000001
 40
0.0
 40
0.0
 40
0.0
 40
0.0
 40
0.25
 40
0.25
 40
0.25
 40
0.5
 40
0.5
 40
0.5
 40
0.75
 40
0.75
 40
0.75
 40
1.0
 40
1.0
 40
1.0
 40
1.0
 10
-7.44278
 20
3.41057
 30
0.0
 10
-7.44278
 20
3.41057
 30
0.0
 10
-7.44278
 20
3.41057
 30
0.0
 10
-7.44278
 20
3.41057
 30
0.0
 10
-7.44278
 20
3.41057
 30
0.0
 10
-7.44278
 20
3.40704
 30
0.0
 10
-7.44278
 20
3.40704
 30
0.0
 10
-7.44278
 20
3.40704
 30
0.0
 10
-7.44278
 20
3.40351
 30
0.0
 10
-7.44278
 20
3.40351
 30
0.0
 10
-7.44278
 20
3.40351
 30
0.0
 10
-7.44278
 20
3.39998
 30
0.0
 10
-7.44278
 20
3.39998
 30
0.0
  0
SPLINE
  5
20E
330
1F
100
AcDbEntity
  8
Camada 1
 62
   251
370
     9
100
AcDbSpline
210
0.0
220
0.0
230
1.0
 70
     8
 71
     3
 72
    14
 73
    10
 74
     0
 42
0.0000000001
 43
0.0000000001
 40
0.0
 40
0.0
 40
0.0
 40
0.0
 40
0.3333333333333333
 40
0.3333333333333333
 40
0.3333333333333333
 40
0.6666666666666666
 40
0.6666666666666666
 40
0.6666666666666666
 40
1.0
 40
1.0
 40
1.0
 40
1.0
 10
-11.91247
 20
3.39998
 30
0.0
 10
-11.91247
 20
3.39998
 30
0.0
 10
-11.91247
 20
3.39998
 30
0.0
 10
-11.91247
 20
3.39998
 30
0.0
 10
-11.91247
 20
3.39998
 30
0.0
 10
-11.916
 20
3.39998
 30
0.0
 10
-11.916
 20
3.39998
 30
0.0
 10
-11.916
 20
3.39998
 30
0.0
 10
-11.916
 20
3.39645
 30
0.0
 10
-11.916
 20
3.39645
 30
0.0
  0
SPLINE
  5
20F
330
1F
100
AcDbEntity
  8
Camada 1
 62
   251
370
     9
100
AcDbSpline
210
0.0
220
0.0
230
1.0
 70
     8
 71
     3
 72
    26
 73
    22
 74
     0
 42
0.0000000001
 43
0.0000000001
 40
0.0
 40
0.0
 40
0.0
 40
0.0
 40
0.1428571428571428
 40
0.1428571428571428
 40
0.1428571428571428
 40
0.2857142857142857
 40
0.2857142857142857
 40
0.2857142857142857
 40
0.4285714285714285
 40
0.4285714285714285
 40
0.4285714285714285
 40
0.5714285714285714
 40
0.5714285714285714
 40
0.5714285714285714
 40
0.7142857142857142
 40
0.7142857142857142
 40
0.7142857142857142
 40
0.8571428571428571
 40
0.8571428571428571
 40
0.8571428571428571
 40
1.0
 40
1.0
 40
1.0
 40
1.0
 10
-11.92658
 20
3.39645
 30
0.0
 10
-11.92658
 20
3.39645
 30
0.0
 10
-11.92658
 20
3.39998
 30
0.0
 10
-11.92658
 20
3.39998
 30
0.0
 10
-11.92658
 20
3.39998
 30
0.0
 10
-11.92658
 20
3.40351
 30
0.0
 10
-11.92658
 20
3.40351
 30
0.0
 10
-11.92658
 20
3.40351
 30
0.0
 10
-11.92305
 20
3.40351
 30
0.0
 10
-11.92305
 20
3.40351
 30
0.0
 10
-11.92305
 20
3.40351
 30
0.0
 10
-11.92305
 20
3.40704
 30
0.0
 10
-11.92305
 20
3.40704
 30
0.0
 10
-11.92305
 20
3.40704
 30
0.0
 10
-11.91953
 20
3.40704
 30
0.0
 10
-11.91953
 20
3.40704
 30
0.0
 10
-11.91953
 20
3.40704
 30
0.0
 10
-11.916
 20
3.41057
 30
0.0
 10
-11.916
 20
3.41057
 30
0.0
 10
-11.916
 20
3.41057
 30
0.0
 10
-11.91247
 20
3.41057
 30
0.0
 10
-11.91247
 20
3.41057
 30
0.0
  0
SPLINE
  5
210
330
1F
100
AcDbEntity
  8
Camada 1
 62
   251
370
     9
100
AcDbSpline
210
0.0
220
0.0
230
1.0
 70
     8
 71
     3
 72
    23
 73
    19
 74
     0
 42
0.0000000001
 43
0.0000000001
 40
0.0
 40
0.0
 40
0.0
 40
0.0
 40
0.1666666666666667
 40
0.1666666666666667
 40
0.1666666666666667
 40
0.3333333333333333
 40
0.3333333333333333
 40
0.3333333333333333
 40
0.5
 40
0.5
 40
0.5
 40
0.6666666666666666
 40
0.6666666666666666
 40
0.6666666666666666
 40
0.8333333333333333
 40
0.8333333333333333
 40
0.8333333333333333
 40
1.0
 40
1.0
 40
1.0
 40
1.0
 10
-7.44278
 20
3.41057
 30
0.0
 10
-7.44278
 20
3.41057
 30
0.0
 10
-7.43925
 20
3.41057
 30
0.0
 10
-7.43925
 20
3.41057
 30
0.0
 10
-7.43925
 20
3.41057
 30
0.0
 10
-7.43572
 20
3.41057
 30
0.0
 10
-7.43572
 20
3.41057
 30
0.0
 10
-7.43572
 20
3.41057
 30
0.0
 10
-7.43219
 20
3.40704
 30
0.0
 10
-7.43219
 20
3.40704
 30
0.0
 10
-7.43219
 20
3.40704
 30
0.0
 10
-7.42866
 20
3.40351
 30
0.0
 10
-7.42866
 20
3.40351
 30
0.0
 10
-7.42866
 20
3.40351
 30
0.0
 10
-7.42514
 20
3.39998
 30
0.0
 10
-7.42514
 20
3.39998
 30
0.0
 10
-7.42514
 20
3.39998
 30
0.0
 10
-7.42514
 20
3.39645
 30
0.0
 10
-7.42514
 20
3.39645
 30
0.0
  0
SPLINE
  5
211
330
1F
100
AcDbEntity
  8
Camada 1
 62
   251
370
     9
100
AcDbSpline
210
0.0
220
0.0
230
1.0
 70
     8
 71
     3
 72
    17
 73
    13
 74
     0
 42
0.0000000001
 43
0.0000000001
 40
0.0
 40
0.0
 40
0.0
 40
0.0
 40
0.25
 40
0.25
 40
0.25
 40
0.5
 40
0.5
 40
0.5
 40
0.75
 40
0.75
 40
0.75
 40
1.0
 40
1.0
 40
1.0
 40
1.0
 10
-7.43572
 20
3.39645
 30
0.0
 10
-7.43572
 20
3.39645
 30
0.0
 10
-7.43572
 20
3.39645
 30
0.0
 10
-7.43572
 20
3.39645
 30
0.0
 10
-7.43572
 20
3.39645
 30
0.0
 10
-7.43572
 20
3.39998
 30
0.0
 10
-7.43572
 20
3.39998
 30
0.0
 10
-7.43572
 20
3.39998
 30
0.0
 10
-7.43925
 20
3.39998
 30
0.0
 10
-7.43925
 20
3.39998
 30
0.0
 10
-7.43925
 20
3.39998
 30
0.0
 10
-7.44278
 20
3.39998
 30
0.0
 10
-7.44278
 20
3.39998
 30
0.0
  0
SPLINE
  5
212
330
1F
100
AcDbEntity
  8
Camada 1
 62
   251
370
     9
100
AcDbSpline
210
0.0
220
0.0
230
1.0
 70
     8
 71
     3
 72
    29
 73
    25
 74
     0
 42
0.0000000001
 43
0.0000000001
 40
0.0
 40
0.0
 40
0.0
 40
0.0
 40
0.125
 40
0.125
 40
0.125
 40
0.25
 40
0.25
 40
0.25
 40
0.375
 40
0.375
 40
0.375
 40
0.5
 40
0.5
 40
0.5
 40
0.625
 40
0.625
 40
0.625
 40
0.75
 40
0.75
 40
0.75
 40
0.875
 40
0.875
 40
0.875
 40
1.0
 40
1.0
 40
1.0
 40
1.0
 10
-10.75536
 20
1.40679
 30
0.0
 10
-10.75536
 20
1.40679
 30
0.0
 10
-10.7483
 20
1.39973
 30
0.0
 10
-10.7483
 20
1.39973
 30
0.0
 10
-10.7483
 20
1.39973
 30
0.0
 10
-10.74125
 20
1.39268
 30
0.0
 10
-10.74125
 20
1.39268
 30
0.0
 10
-10.74125
 20
1.39268
 30
0.0
 10
-10.73066
 20
1.38915
 30
0.0
 10
-10.73066
 20
1.38915
 30
0.0
 10
-10.73066
 20
1.38915
 30
0.0
 10
-10.72361
 20
1.38562
 30
0.0
 10
-10.72361
 20
1.38562
 30
0.0
 10
-10.72361
 20
1.38562
 30
0.0
 10
-10.71303
 20
1.38209
 30
0.0
 10
-10.71303
 20
1.38209
 30
0.0
 10
-10.71303
 20
1.38209
 30
0.0
 10
-10.70597
 20
1.37857
 30
0.0
 10
-10.70597
 20
1.37857
 30
0.0
 10
-10.70597
 20
1.37857
 30
0.0
 10
-10.69539
 20
1.37504
 30
0.0
 10
-10.69539
 20
1.37504
 30
0.0
 10
-10.69539
 20
1.37504
 30
0.0
 10
-10.6848
 20
1.37504
 30
0.0
 10
-10.6848
 20
1.37504
 30
0.0
  0
SPLINE
  5
213
330
1F
100
AcDbEntity
  8
Camada 1
 62
   251
370
     9
100
AcDbSpline
210
0.0
220
0.0
230
1.0
 70
    24
 71
     3
 72
     8
 73
     4
 74
     0
 42
0.0000000001
 43
0.0000000001
 40
0.0
 40
0.0
 40
0.0
 40
0.0
 40
1.0
 40
1.0
 40
1.0
 40
1.0
 10
-10.6848
 20
1.37504
 30
0.0
 10
-10.6848
 20
1.37504
 30
0.0
 10
-8.66691
 20
1.37504
 30
0.0
 10
-8.66691
 20
1.37504
 30
0.0
  0
SPLINE
  5
214
330
1F
100
AcDbEntity
  8
Camada 1
 62
   251
370
     9
100
AcDbSpline
210
0.0
220
0.0
230
1.0
 70
     8
 71
     3
 72
    29
 73
    25
 74
     0
 42
0.0000000001
 43
0.0000000001
 40
0.0
 40
0.0
 40
0.0
 40
0.0
 40
0.125
 40
0.125
 40
0.125
 40
0.25
 40
0.25
 40
0.25
 40
0.375
 40
0.375
 40
0.375
 40
0.5
 40
0.5
 40
0.5
 40
0.625
 40
0.625
 40
0.625
 40
0.75
 40
0.75
 40
0.75
 40
0.875
 40
0.875
 40
0.875
 40
1.0
 40
1.0
 40
1.0
 40
1.0
 10
-8.66691
 20
1.37504
 30
0.0
 10
-8.66691
 20
1.37504
 30
0.0
 10
-8.65633
 20
1.37504
 30
0.0
 10
-8.65633
 20
1.37504
 30
0.0
 10
-8.65633
 20
1.37504
 30
0.0
 10
-8.64928
 20
1.37857
 30
0.0
 10
-8.64928
 20
1.37857
 30
0.0
 10
-8.64928
 20
1.37857
 30
0.0
 10
-8.63869
 20
1.38209
 30
0.0
 10
-8.63869
 20
1.38209
 30
0.0
 10
-8.63869
 20
1.38209
 30
0.0
 10
-8.62811
 20
1.38562
 30
0.0
 10
-8.62811
 20
1.38562
 30
0.0
 10
-8.62811
 20
1.38562
 30
0.0
 10
-8.62105
 20
1.38915
 30
0.0
 10
-8.62105
 20
1.38915
 30
0.0
 10
-8.62105
 20
1.38915
 30
0.0
 10
-8.61047
 20
1.39268
 30
0.0
 10
-8.61047
 20
1.39268
 30
0.0
 10
-8.61047
 20
1.39268
 30
0.0
 10
-8.60341
 20
1.39973
 30
0.0
 10
-8.60341
 20
1.39973
 30
0.0
 10
-8.60341
 20
1.39973
 30
0.0
 10
-8.59636
 20
1.40679
 30
0.0
 10
-8.59636
 20
1.40679
 30
0.0
  0
SPLINE
  5
215
330
1F
100
AcDbEntity
  8
Camada 1
 62
   251
370
     9
100
AcDbSpline
210
0.0
220
0.0
230
1.0
 70
    24
 71
     3
 72
     8
 73
     4
 74
     0
 42
0.0000000001
 43
0.0000000001
 40
0.0
 40
0.0
 40
0.0
 40
0.0
 40
1.0
 40
1.0
 40
1.0
 40
1.0
 10
-8.59636
 20
1.40679
 30
0.0
 10
-8.59636
 20
1.40679
 30
0.0
 10
-7.7885
 20
2.21465
 30
0.0
 10
-7.7885
 20
2.21465
 30
0.0
  0
SPLINE
  5
216
330
1F
100
AcDbEntity
  8
Camada 1
 62
   251
370
     9
100
AcDbSpline
210
0.0
220
0.0
230
1.0
 70
     8
 71
     3
 72
    29
 73
    25
 74
     0
 42
0.0000000001
 43
0.0000000001
 40
0.0
 40
0.0
 40
0.0
 40
0.0
 40
0.125
 40
0.125
 40
0.125
 40
0.25
 40
0.25
 40
0.25
 40
0.375
 40
0.375
 40
0.375
 40
0.5
 40
0.5
 40
0.5
 40
0.625
 40
0.625
 40
0.625
 40
0.75
 40
0.75
 40
0.75
 40
0.875
 40
0.875
 40
0.875
 40
1.0
 40
1.0
 40
1.0
 40
1.0
 10
-7.7885
 20
2.21465
 30
0.0
 10
-7.7885
 20
2.21465
 30
0.0
 10
-7.77439
 20
2.23229
 30
0.0
 10
-7.77439
 20
2.23229
 30
0.0
 10
-7.77439
 20
2.23229
 30
0.0
 10
-7.7638
 20
2.2464
 30
0.0
 10
-7.7638
 20
2.2464
 30
0.0
 10
-7.7638
 20
2.2464
 30
0.0
 10
-7.76028
 20
2.26756
 30
0.0
 10
-7.76028
 20
2.26756
 30
0.0
 10
-7.76028
 20
2.26756
 30
0.0
 10
-7.75675
 20
2.2852
 30
0.0
 10
-7.75675
 20
2.2852
 30
0.0
 10
-7.75675
 20
2.2852
 30
0.0
 10
-7.76028
 20
2.30637
 30
0.0
 10
-7.76028
 20
2.30637
 30
0.0
 10
-7.76028
 20
2.30637
 30
0.0
 10
-7.7638
 20
2.32401
 30
0.0
 10
-7.7638
 20
2.32401
 30
0.0
 10
-7.7638
 20
2.32401
 30
0.0
 10
-7.77439
 20
2.34165
 30
0.0
 10
-7.77439
 20
2.34165
 30
0.0
 10
-7.77439
 20
2.34165
 30
0.0
 10
-7.7885
 20
2.35576
 30
0.0
 10
-7.7885
 20
2.35576
 30
0.0
  0
SPLINE
  5
217
330
1F
100
AcDbEntity
  8
Camada 1
 62
   251
370
     9
100
AcDbSpline
210
0.0
220
0.0
230
1.0
 70
    24
 71
     3
 72
     8
 73
     4
 74
     0
 42
0.0000000001
 43
0.0000000001
 40
0.0
 40
0.0
 40
0.0
 40
0.0
 40
1.0
 40
1.0
 40
1.0
 40
1.0
 10
-7.7885
 20
2.35576
 30
0.0
 10
-7.7885
 20
2.35576
 30
0.0
 10
-8.59636
 20
3.16715
 30
0.0
 10
-8.59636
 20
3.16715
 30
0.0
  0
SPLINE
  5
218
330
1F
100
AcDbEntity
  8
Camada 1
 62
   251
370
     9
100
AcDbSpline
210
0.0
220
0.0
230
1.0
 70
     8
 71
     3
 72
    29
 73
    25
 74
     0
 42
0.0000000001
 43
0.0000000001
 40
0.0
 40
0.0
 40
0.0
 40
0.0
 40
0.125
 40
0.125
 40
0.125
 40
0.25
 40
0.25
 40
0.25
 40
0.375
 40
0.375
 40
0.375
 40
0.5
 40
0.5
 40
0.5
 40
0.625
 40
0.625
 40
0.625
 40
0.75
 40
0.75
 40
0.75
 40
0.875
 40
0.875
 40
0.875
 40
1.0
 40
1.0
 40
1.0
 40
1.0
 10
-8.59636
 20
3.16715
 30
0.0
 10
-8.59636
 20
3.16715
 30
0.0
 10
-8.60341
 20
3.1742
 30
0.0
 10
-8.60341
 20
3.1742
 30
0.0
 10
-8.60341
 20
3.1742
 30
0.0
 10
-8.61047
 20
3.17773
 30
0.0
 10
-8.61047
 20
3.17773
 30
0.0
 10
-8.61047
 20
3.17773
 30
0.0
 10
-8.62105
 20
3.18479
 30
0.0
 10
-8.62105
 20
3.18479
 30
0.0
 10
-8.62105
 20
3.18479
 30
0.0
 10
-8.62811
 20
3.18831
 30
0.0
 10
-8.62811
 20
3.18831
 30
0.0
 10
-8.62811
 20
3.18831
 30
0.0
 10
-8.63869
 20
3.19184
 30
0.0
 10
-8.63869
 20
3.19184
 30
0.0
 10
-8.63869
 20
3.19184
 30
0.0
 10
-8.64928
 20
3.19537
 30
0.0
 10
-8.64928
 20
3.19537
 30
0.0
 10
-8.64928
 20
3.19537
 30
0.0
 10
-8.65633
 20
3.19537
 30
0.0
 10
-8.65633
 20
3.19537
 30
0.0
 10
-8.65633
 20
3.19537
 30
0.0
 10
-8.66691
 20
3.19537
 30
0.0
 10
-8.66691
 20
3.19537
 30
0.0
  0
SPLINE
  5
219
330
1F
100
AcDbEntity
  8
Camada 1
 62
   251
370
     9
100
AcDbSpline
210
0.0
220
0.0
230
1.0
 70
    24
 71
     3
 72
     8
 73
     4
 74
     0
 42
0.0000000001
 43
0.0000000001
 40
0.0
 40
0.0
 40
0.0
 40
0.0
 40
1.0
 40
1.0
 40
1.0
 40
1.0
 10
-8.66691
 20
3.19537
 30
0.0
 10
-8.66691
 20
3.19537
 30
0.0
 10
-10.6848
 20
3.19537
 30
0.0
 10
-10.6848
 20
3.19537
 30
0.0
  0
SPLINE
  5
21A
330
1F
100
AcDbEntity
  8
Camada 1
 62
   251
370
     9
100
AcDbSpline
210
0.0
220
0.0
230
1.0
 70
     8
 71
     3
 72
    29
 73
    25
 74
     0
 42
0.0000000001
 43
0.0000000001
 40
0.0
 40
0.0
 40
0.0
 40
0.0
 40
0.125
 40
0.125
 40
0.125
 40
0.25
 40
0.25
 40
0.25
 40
0.375
 40
0.375
 40
0.375
 40
0.5
 40
0.5
 40
0.5
 40
0.625
 40
0.625
 40
0.625
 40
0.75
 40
0.75
 40
0.75
 40
0.875
 40
0.875
 40
0.875
 40
1.0
 40
1.0
 40
1.0
 40
1.0
 10
-10.6848
 20
3.19537
 30
0.0
 10
-10.6848
 20
3.19537
 30
0.0
 10
-10.69539
 20
3.19537
 30
0.0
 10
-10.69539
 20
3.19537
 30
0.0
 10
-10.69539
 20
3.19537
 30
0.0
 10
-10.70597
 20
3.19537
 30
0.0
 10
-10.70597
 20
3.19537
 30
0.0
 10
-10.70597
 20
3.19537
 30
0.0
 10
-10.71303
 20
3.19184
 30
0.0
 10
-10.71303
 20
3.19184
 30
0.0
 10
-10.71303
 20
3.19184
 30
0.0
 10
-10.72361
 20
3.18831
 30
0.0
 10
-10.72361
 20
3.18831
 30
0.0
 10
-10.72361
 20
3.18831
 30
0.0
 10
-10.73066
 20
3.18479
 30
0.0
 10
-10.73066
 20
3.18479
 30
0.0
 10
-10.73066
 20
3.18479
 30
0.0
 10
-10.74125
 20
3.17773
 30
0.0
 10
-10.74125
 20
3.17773
 30
0.0
 10
-10.74125
 20
3.17773
 30
0.0
 10
-10.7483
 20
3.1742
 30
0.0
 10
-10.7483
 20
3.1742
 30
0.0
 10
-10.7483
 20
3.1742
 30
0.0
 10
-10.75536
 20
3.16715
 30
0.0
 10
-10.75536
 20
3.16715
 30
0.0
  0
SPLINE
  5
21B
330
1F
100
AcDbEntity
  8
Camada 1
 62
   251
370
     9
100
AcDbSpline
210
0.0
220
0.0
230
1.0
 70
    24
 71
     3
 72
     8
 73
     4
 74
     0
 42
0.0000000001
 43
0.0000000001
 40
0.0
 40
0.0
 40
0.0
 40
0.0
 40
1.0
 40
1.0
 40
1.0
 40
1.0
 10
-10.75536
 20
3.16715
 30
0.0
 10
-10.75536
 20
3.16715
 30
0.0
 10
-11.56675
 20
2.35576
 30
0.0
 10
-11.56675
 20
2.35576
 30
0.0
  0
SPLINE
  5
21C
330
1F
100
AcDbEntity
  8
Camada 1
 62
   251
370
     9
100
AcDbSpline
210
0.0
220
0.0
230
1.0
 70
     8
 71
     3
 72
    29
 73
    25
 74
     0
 42
0.0000000001
 43
0.0000000001
 40
0.0
 40
0.0
 40
0.0
 40
0.0
 40
0.125
 40
0.125
 40
0.125
 40
0.25
 40
0.25
 40
0.25
 40
0.375
 40
0.375
 40
0.375
 40
0.5
 40
0.5
 40
0.5
 40
0.625
 40
0.625
 40
0.625
 40
0.75
 40
0.75
 40
0.75
 40
0.875
 40
0.875
 40
0.875
 40
1.0
 40
1.0
 40
1.0
 40
1.0
 10
-11.56675
 20
2.35576
 30
0.0
 10
-11.56675
 20
2.35576
 30
0.0
 10
-11.57733
 20
2.34165
 30
0.0
 10
-11.57733
 20
2.34165
 30
0.0
 10
-11.57733
 20
2.34165
 30
0.0
 10
-11.58791
 20
2.32401
 30
0.0
 10
-11.58791
 20
2.32401
 30
0.0
 10
-11.58791
 20
2.32401
 30
0.0
 10
-11.59144
 20
2.30637
 30
0.0
 10
-11.59144
 20
2.30637
 30
0.0
 10
-11.59144
 20
2.30637
 30
0.0
 10
-11.59497
 20
2.2852
 30
0.0
 10
-11.59497
 20
2.2852
 30
0.0
 10
-11.59497
 20
2.2852
 30
0.0
 10
-11.59144
 20
2.26756
 30
0.0
 10
-11.59144
 20
2.26756
 30
0.0
 10
-11.59144
 20
2.26756
 30
0.0
 10
-11.58791
 20
2.2464
 30
0.0
 10
-11.58791
 20
2.2464
 30
0.0
 10
-11.58791
 20
2.2464
 30
0.0
 10
-11.57733
 20
2.23229
 30
0.0
 10
-11.57733
 20
2.23229
 30
0.0
 10
-11.57733
 20
2.23229
 30
0.0
 10
-11.56675
 20
2.21465
 30
0.0
 10
-11.56675
 20
2.21465
 30
0.0
  0
SPLINE
  5
21D
330
1F
100
AcDbEntity
  8
Camada 1
 62
   251
370
     9
100
AcDbSpline
210
0.0
220
0.0
230
1.0
 70
    24
 71
     3
 72
     8
 73
     4
 74
     0
 42
0.0000000001
 43
0.0000000001
 40
0.0
 40
0.0
 40
0.0
 40
0.0
 40
1.0
 40
1.0
 40
1.0
 40
1.0
 10
-11.56675
 20
2.21465
 30
0.0
 10
-11.56675
 20
2.21465
 30
0.0
 10
-10.75536
 20
1.40679
 30
0.0
 10
-10.75536
 20
1.40679
 30
0.0
  0
SPLINE
  5
21E
330
1F
100
AcDbEntity
  8
Camada 1
 62
   251
370
     9
100
AcDbSpline
210
0.0
220
0.0
230
1.0
 70
    24
 71
     3
 72
     8
 73
     4
 74
     0
 42
0.0000000001
 43
0.0000000001
 40
0.0
 40
0.0
 40
0.0
 40
0.0
 40
1.0
 40
1.0
 40
1.0
 40
1.0
 10
-11.93011
 20
3.39645
 30
0.0
 10
-11.93011
 20
3.39645
 30
0.0
 10
-11.93011
 20
1.17748
 30
0.0
 10
-11.93011
 20
1.17748
 30
0.0
  0
SPLINE
  5
21F
330
1F
100
AcDbEntity
  8
Camada 1
 62
   251
370
     9
100
AcDbSpline
210
0.0
220
0.0
230
1.0
 70
    24
 71
     3
 72
     8
 73
     4
 74
     0
 42
0.0000000001
 43
0.0000000001
 40
0.0
 40
0.0
 40
0.0
 40
0.0
 40
1.0
 40
1.0
 40
1.0
 40
1.0
 10
-11.92658
 20
3.39645
 30
0.0
 10
-11.92658
 20
3.39645
 30
0.0
 10
-11.93011
 20
3.39645
 30
0.0
 10
-11.93011
 20
3.39645
 30
0.0
  0
SPLINE
  5
220
330
1F
100
AcDbEntity
  8
Camada 1
 62
   251
370
     9
100
AcDbSpline
210
0.0
220
0.0
230
1.0
 70
    24
 71
     3
 72
     8
 73
     4
 74
     0
 42
0.0000000001
 43
0.0000000001
 40
0.0
 40
0.0
 40
0.0
 40
0.0
 40
1.0
 40
1.0
 40
1.0
 40
1.0
 10
-11.92658
 20
1.17748
 30
0.0
 10
-11.92658
 20
1.17748
 30
0.0
 10
-11.93011
 20
1.17748
 30
0.0
 10
-11.93011
 20
1.17748
 30
0.0
  0
SPLINE
  5
221
330
1F
100
AcDbEntity
  8
Camada 1
 62
   251
370
     9
100
AcDbSpline
210
0.0
220
0.0
230
1.0
 70
     8
 71
     3
 72
    29
 73
    25
 74
     0
 42
0.0000000001
 43
0.0000000001
 40
0.0
 40
0.0
 40
0.0
 40
0.0
 40
0.125
 40
0.125
 40
0.125
 40
0.25
 40
0.25
 40
0.25
 40
0.375
 40
0.375
 40
0.375
 40
0.5
 40
0.5
 40
0.5
 40
0.625
 40
0.625
 40
0.625
 40
0.75
 40
0.75
 40
0.75
 40
0.875
 40
0.875
 40
0.875
 40
1.0
 40
1.0
 40
1.0
 40
1.0
 10
-11.93011
 20
1.17748
 30
0.0
 10
-11.93011
 20
1.17748
 30
0.0
 10
-11.93011
 20
1.17395
 30
0.0
 10
-11.93011
 20
1.17395
 30
0.0
 10
-11.93011
 20
1.17395
 30
0.0
 10
-11.93011
 20
1.1669
 30
0.0
 10
-11.93011
 20
1.1669
 30
0.0
 10
-11.93011
 20
1.1669
 30
0.0
 10
-11.92658
 20
1.1669
 30
0.0
 10
-11.92658
 20
1.1669
 30
0.0
 10
-11.92658
 20
1.1669
 30
0.0
 10
-11.92658
 20
1.16337
 30
0.0
 10
-11.92658
 20
1.16337
 30
0.0
 10
-11.92658
 20
1.16337
 30
0.0
 10
-11.92305
 20
1.15984
 30
0.0
 10
-11.92305
 20
1.15984
 30
0.0
 10
-11.92305
 20
1.15984
 30
0.0
 10
-11.91953
 20
1.15631
 30
0.0
 10
-11.91953
 20
1.15631
 30
0.0
 10
-11.91953
 20
1.15631
 30
0.0
 10
-11.916
 20
1.15631
 30
0.0
 10
-11.916
 20
1.15631
 30
0.0
 10
-11.916
 20
1.15631
 30
0.0
 10
-11.91247
 20
1.15631
 30
0.0
 10
-11.91247
 20
1.15631
 30
0.0
  0
SPLINE
  5
222
330
1F
100
AcDbEntity
  8
Camada 1
 62
   251
370
     9
100
AcDbSpline
210
0.0
220
0.0
230
1.0
 70
    24
 71
     3
 72
     8
 73
     4
 74
     0
 42
0.0000000001
 43
0.0000000001
 40
0.0
 40
0.0
 40
0.0
 40
0.0
 40
1.0
 40
1.0
 40
1.0
 40
1.0
 10
-11.91247
 20
1.15984
 30
0.0
 10
-11.91247
 20
1.15984
 30
0.0
 10
-11.91247
 20
1.15631
 30
0.0
 10
-11.91247
 20
1.15631
 30
0.0
  0
SPLINE
  5
223
330
1F
100
AcDbEntity
  8
Camada 1
 62
   251
370
     9
100
AcDbSpline
210
0.0
220
0.0
230
1.0
 70
    24
 71
     3
 72
     8
 73
     4
 74
     0
 42
0.0000000001
 43
0.0000000001
 40
0.0
 40
0.0
 40
0.0
 40
0.0
 40
1.0
 40
1.0
 40
1.0
 40
1.0
 10
-11.91247
 20
1.15631
 30
0.0
 10
-11.91247
 20
1.15631
 30
0.0
 10
-7.44278
 20
1.15631
 30
0.0
 10
-7.44278
 20
1.15631
 30
0.0
  0
SPLINE
  5
224
330
1F
100
AcDbEntity
  8
Camada 1
 62
   251
370
     9
100
AcDbSpline
210
0.0
220
0.0
230
1.0
 70
    24
 71
     3
 72
     8
 73
     4
 74
     0
 42
0.0000000001
 43
0.0000000001
 40
0.0
 40
0.0
 40
0.0
 40
0.0
 40
1.0
 40
1.0
 40
1.0
 40
1.0
 10
-7.44278
 20
1.15984
 30
0.0
 10
-7.44278
 20
1.15984
 30
0.0
 10
-7.44278
 20
1.15631
 30
0.0
 10
-7.44278
 20
1.15631
 30
0.0
  0
SPLINE
  5
225
330
1F
100
AcDbEntity
  8
Camada 1
 62
   251
370
     9
100
AcDbSpline
210
0.0
220
0.0
230
1.0
 70
     8
 71
     3
 72
    29
 73
    25
 74
     0
 42
0.0000000001
 43
0.0000000001
 40
0.0
 40
0.0
 40
0.0
 40
0.0
 40
0.125
 40
0.125
 40
0.125
 40
0.25
 40
0.25
 40
0.25
 40
0.375
 40
0.375
 40
0.375
 40
0.5
 40
0.5
 40
0.5
 40
0.625
 40
0.625
 40
0.625
 40
0.75
 40
0.75
 40
0.75
 40
0.875
 40
0.875
 40
0.875
 40
1.0
 40
1.0
 40
1.0
 40
1.0
 10
-11.91247
 20
3.41762
 30
0.0
 10
-11.91247
 20
3.41762
 30
0.0
 10
-11.916
 20
3.41762
 30
0.0
 10
-11.916
 20
3.41762
 30
0.0
 10
-11.916
 20
3.41762
 30
0.0
 10
-11.91953
 20
3.41409
 30
0.0
 10
-11.91953
 20
3.41409
 30
0.0
 10
-11.91953
 20
3.41409
 30
0.0
 10
-11.92305
 20
3.41409
 30
0.0
 10
-11.92305
 20
3.41409
 30
0.0
 10
-11.92305
 20
3.41409
 30
0.0
 10
-11.92658
 20
3.41057
 30
0.0
 10
-11.92658
 20
3.41057
 30
0.0
 10
-11.92658
 20
3.41057
 30
0.0
 10
-11.92658
 20
3.40704
 30
0.0
 10
-11.92658
 20
3.40704
 30
0.0
 10
-11.92658
 20
3.40704
 30
0.0
 10
-11.93011
 20
3.40351
 30
0.0
 10
-11.93011
 20
3.40351
 30
0.0
 10
-11.93011
 20
3.40351
 30
0.0
 10
-11.93011
 20
3.39998
 30
0.0
 10
-11.93011
 20
3.39998
 30
0.0
 10
-11.93011
 20
3.39998
 30
0.0
 10
-11.93011
 20
3.39645
 30
0.0
 10
-11.93011
 20
3.39645
 30
0.0
  0
SPLINE
  5
226
330
1F
100
AcDbEntity
  8
Camada 1
 62
   251
370
     9
100
AcDbSpline
210
0.0
220
0.0
230
1.0
 70
    24
 71
     3
 72
     8
 73
     4
 74
     0
 42
0.0000000001
 43
0.0000000001
 40
0.0
 40
0.0
 40
0.0
 40
0.0
 40
1.0
 40
1.0
 40
1.0
 40
1.0
 10
-11.91247
 20
3.41057
 30
0.0
 10
-11.91247
 20
3.41057
 30
0.0
 10
-11.91247
 20
3.41762
 30
0.0
 10
-11.91247
 20
3.41762
 30
0.0
  0
SPLINE
  5
227
330
1F
100
AcDbEntity
  8
Camada 1
 62
   251
370
     9
100
AcDbSpline
210
0.0
220
0.0
230
1.0
 70
    24
 71
     3
 72
     8
 73
     4
 74
     0
 42
0.0000000001
 43
0.0000000001
 40
0.0
 40
0.0
 40
0.0
 40
0.0
 40
1.0
 40
1.0
 40
1.0
 40
1.0
 10
-7.42161
 20
1.17748
 30
0.0
 10
-7.42161
 20
1.17748
 30
0.0
 10
-7.42161
 20
3.39645
 30
0.0
 10
-7.42161
 20
3.39645
 30
0.0
  0
SPLINE
  5
228
330
1F
100
AcDbEntity
  8
Camada 1
 62
   251
370
     9
100
AcDbSpline
210
0.0
220
0.0
230
1.0
 70
    24
 71
     3
 72
     8
 73
     4
 74
     0
 42
0.0000000001
 43
0.0000000001
 40
0.0
 40
0.0
 40
0.0
 40
0.0
 40
1.0
 40
1.0
 40
1.0
 40
1.0
 10
-7.42514
 20
1.17748
 30
0.0
 10
-7.42514
 20
1.17748
 30
0.0
 10
-7.42161
 20
1.17748
 30
0.0
 10
-7.42161
 20
1.17748
 30
0.0
  0
SPLINE
  5
229
330
1F
100
AcDbEntity
  8
Camada 1
 62
   251
370
     9
100
AcDbSpline
210
0.0
220
0.0
230
1.0
 70
    24
 71
     3
 72
     8
 73
     4
 74
     0
 42
0.0000000001
 43
0.0000000001
 40
0.0
 40
0.0
 40
0.0
 40
0.0
 40
1.0
 40
1.0
 40
1.0
 40
1.0
 10
-7.42514
 20
3.39645
 30
0.0
 10
-7.42514
 20
3.39645
 30
0.0
 10
-7.42161
 20
3.39645
 30
0.0
 10
-7.42161
 20
3.39645
 30
0.0
  0
SPLINE
  5
22A
330
1F
100
AcDbEntity
  8
Camada 1
 62
   251
370
     9
100
AcDbSpline
210
0.0
220
0.0
230
1.0
 70
     8
 71
     3
 72
    29
 73
    25
 74
     0
 42
0.0000000001
 43
0.0000000001
 40
0.0
 40
0.0
 40
0.0
 40
0.0
 40
0.125
 40
0.125
 40
0.125
 40
0.25
 40
0.25
 40
0.25
 40
0.375
 40
0.375
 40
0.375
 40
0.5
 40
0.5
 40
0.5
 40
0.625
 40
0.625
 40
0.625
 40
0.75
 40
0.75
 40
0.75
 40
0.875
 40
0.875
 40
0.875
 40
1.0
 40
1.0
 40
1.0
 40
1.0
 10
-7.42161
 20
3.39645
 30
0.0
 10
-7.42161
 20
3.39645
 30
0.0
 10
-7.42161
 20
3.39998
 30
0.0
 10
-7.42161
 20
3.39998
 30
0.0
 10
-7.42161
 20
3.39998
 30
0.0
 10
-7.42161
 20
3.40351
 30
0.0
 10
-7.42161
 20
3.40351
 30
0.0
 10
-7.42161
 20
3.40351
 30
0.0
 10
-7.42514
 20
3.40704
 30
0.0
 10
-7.42514
 20
3.40704
 30
0.0
 10
-7.42514
 20
3.40704
 30
0.0
 10
-7.42866
 20
3.41057
 30
0.0
 10
-7.42866
 20
3.41057
 30
0.0
 10
-7.42866
 20
3.41057
 30
0.0
 10
-7.42866
 20
3.41409
 30
0.0
 10
-7.42866
 20
3.41409
 30
0.0
 10
-7.42866
 20
3.41409
 30
0.0
 10
-7.43219
 20
3.41409
 30
0.0
 10
-7.43219
 20
3.41409
 30
0.0
 10
-7.43219
 20
3.41409
 30
0.0
 10
-7.43572
 20
3.41762
 30
0.0
 10
-7.43572
 20
3.41762
 30
0.0
 10
-7.43572
 20
3.41762
 30
0.0
 10
-7.44278
 20
3.41762
 30
0.0
 10
-7.44278
 20
3.41762
 30
0.0
  0
SPLINE
  5
22B
330
1F
100
AcDbEntity
  8
Camada 1
 62
   251
370
     9
100
AcDbSpline
210
0.0
220
0.0
230
1.0
 70
    24
 71
     3
 72
     8
 73
     4
 74
     0
 42
0.0000000001
 43
0.0000000001
 40
0.0
 40
0.0
 40
0.0
 40
0.0
 40
1.0
 40
1.0
 40
1.0
 40
1.0
 10
-7.44278
 20
3.41057
 30
0.0
 10
-7.44278
 20
3.41057
 30
0.0
 10
-7.44278
 20
3.41762
 30
0.0
 10
-7.44278
 20
3.41762
 30
0.0
  0
SPLINE
  5
22C
330
1F
100
AcDbEntity
  8
Camada 1
 62
   251
370
     9
100
AcDbSpline
210
0.0
220
0.0
230
1.0
 70
    24
 71
     3
 72
     8
 73
     4
 74
     0
 42
0.0000000001
 43
0.0000000001
 40
0.0
 40
0.0
 40
0.0
 40
0.0
 40
1.0
 40
1.0
 40
1.0
 40
1.0
 10
-7.44278
 20
3.41762
 30
0.0
 10
-7.44278
 20
3.41762
 30
0.0
 10
-11.91247
 20
3.41762
 30
0.0
 10
-11.91247
 20
3.41762
 30
0.0
  0
SPLINE
  5
22D
330
1F
100
AcDbEntity
  8
Camada 1
 62
   251
370
     9
100
AcDbSpline
210
0.0
220
0.0
230
1.0
 70
     8
 71
     3
 72
    29
 73
    25
 74
     0
 42
0.0000000001
 43
0.0000000001
 40
0.0
 40
0.0
 40
0.0
 40
0.0
 40
0.125
 40
0.125
 40
0.125
 40
0.25
 40
0.25
 40
0.25
 40
0.375
 40
0.375
 40
0.375
 40
0.5
 40
0.5
 40
0.5
 40
0.625
 40
0.625
 40
0.625
 40
0.75
 40
0.75
 40
0.75
 40
0.875
 40
0.875
 40
0.875
 40
1.0
 40
1.0
 40
1.0
 40
1.0
 10
-7.44278
 20
1.15631
 30
0.0
 10
-7.44278
 20
1.15631
 30
0.0
 10
-7.43572
 20
1.15631
 30
0.0
 10
-7.43572
 20
1.15631
 30
0.0
 10
-7.43572
 20
1.15631
 30
0.0
 10
-7.43219
 20
1.15631
 30
0.0
 10
-7.43219
 20
1.15631
 30
0.0
 10
-7.43219
 20
1.15631
 30
0.0
 10
-7.42866
 20
1.15984
 30
0.0
 10
-7.42866
 20
1.15984
 30
0.0
 10
-7.42866
 20
1.15984
 30
0.0
 10
-7.42866
 20
1.16337
 30
0.0
 10
-7.42866
 20
1.16337
 30
0.0
 10
-7.42866
 20
1.16337
 30
0.0
 10
-7.42514
 20
1.1669
 30
0.0
 10
-7.42514
 20
1.1669
 30
0.0
 10
-7.42514
 20
1.1669
 30
0.0
 10
-7.42161
 20
1.1669
 30
0.0
 10
-7.42161
 20
1.1669
 30
0.0
 10
-7.42161
 20
1.1669
 30
0.0
 10
-7.42161
 20
1.17395
 30
0.0
 10
-7.42161
 20
1.17395
 30
0.0
 10
-7.42161
 20
1.17395
 30
0.0
 10
-7.42161
 20
1.17748
 30
0.0
 10
-7.42161
 20
1.17748
 30
0.0
  0
SPLINE
  5
22E
330
1F
100
AcDbEntity
  8
Camada 1
 62
   251
370
     9
100
AcDbSpline
210
0.0
220
0.0
230
1.0
 70
    11
 71
     3
 72
   137
 73
   133
 74
     0
 42
0.0000000001
 43
0.0000000001
 40
0.0
 40
0.0
 40
0.0
 40
0.0
 40
0.0227272727272727
 40
0.0227272727272727
 40
0.0227272727272727
 40
0.0454545454545455
 40
0.0454545454545455
 40
0.0454545454545455
 40
0.0681818181818182
 40
0.0681818181818182
 40
0.0681818181818182
 40
0.0909090909090909
 40
0.0909090909090909
 40
0.0909090909090909
 40
0.1136363636363636
 40
0.1136363636363636
 40
0.1136363636363636
 40
0.1363636363636364
 40
0.1363636363636364
 40
0.1363636363636364
 40
0.1590909090909091
 40
0.1590909090909091
 40
0.1590909090909091
 40
0.1818181818181818
 40
0.1818181818181818
 40
0.1818181818181818
 40
0.2045454545454546
 40
0.2045454545454546
 40
0.2045454545454546
 40
0.2272727272727273
 40
0.2272727272727273
 40
0.2272727272727273
 40
0.25
 40
0.25
 40
0.25
 40
0.2727272727272727
 40
0.2727272727272727
 40
0.2727272727272727
 40
0.2954545454545455
 40
0.2954545454545455
 40
0.2954545454545455
 40
0.3181818181818182
 40
0.3181818181818182
 40
0.3181818181818182
 40
0.3409090909090909
 40
0.3409090909090909
 40
0.3409090909090909
 40
0.3636363636363636
 40
0.3636363636363636
 40
0.3636363636363636
 40
0.3863636363636364
 40
0.3863636363636364
 40
0.3863636363636364
 40
0.4090909090909091
 40
0.4090909090909091
 40
0.4090909090909091
 40
0.4318181818181818
 40
0.4318181818181818
 40
0.4318181818181818
 40
0.4545454545454546
 40
0.4545454545454546
 40
0.4545454545454546
 40
0.4772727272727273
 40
0.4772727272727273
 40
0.4772727272727273
 40
0.5
 40
0.5
 40
0.5
 40
0.5227272727272727
 40
0.5227272727272727
 40
0.5227272727272727
 40
0.5454545454545454
 40
0.5454545454545454
 40
0.5454545454545454
 40
0.5681818181818182
 40
0.5681818181818182
 40
0.5681818181818182
 40
0.5909090909090909
 40
0.5909090909090909
 40
0.5909090909090909
 40
0.6136363636363636
 40
0.6136363636363636
 40
0.6136363636363636
 40
0.6363636363636364
 40
0.6363636363636364
 40
0.6363636363636364
 40
0.6590909090909091
 40
0.6590909090909091
 40
0.6590909090909091
 40
0.6818181818181819
 40
0.6818181818181819
 40
0.6818181818181819
 40
0.7045454545454546
 40
0.7045454545454546
 40
0.7045454545454546
 40
0.7272727272727273
 40
0.7272727272727273
 40
0.7272727272727273
 40
0.75
 40
0.75
 40
0.75
 40
0.7727272727272727
 40
0.7727272727272727
 40
0.7727272727272727
 40
0.7954545454545455
 40
0.7954545454545455
 40
0.7954545454545455
 40
0.8181818181818182
 40
0.8181818181818182
 40
0.8181818181818182
 40
0.8409090909090909
 40
0.8409090909090909
 40
0.8409090909090909
 40
0.8636363636363636
 40
0.8636363636363636
 40
0.8636363636363636
 40
0.8863636363636364
 40
0.8863636363636364
 40
0.8863636363636364
 40
0.9090909090909092
 40
0.9090909090909092
 40
0.9090909090909092
 40
0.9318181818181819
 40
0.9318181818181819
 40
0.9318181818181819
 40
0.9545454545454546
 40
0.9545454545454546
 40
0.9545454545454546
 40
0.9772727272727273
 40
0.9772727272727273
 40
0.9772727272727273
 40
1.0
 40
1.0
 40
1.0
 40
1.0
 10
-9.67586
 20
2.1829
 30
0.0
 10
-9.67586
 20
2.1829
 30
0.0
 10
-9.70761
 20
2.17937
 30
0.0
 10
-9.70761
 20
2.17937
 30
0.0
 10
-9.70761
 20
2.17937
 30
0.0
 10
-9.73936
 20
2.17232
 30
0.0
 10
-9.73936
 20
2.17232
 30
0.0
 10
-9.73936
 20
2.17232
 30
0.0
 10
-9.77111
 20
2.16173
 30
0.0
 10
-9.77111
 20
2.16173
 30
0.0
 10
-9.77111
 20
2.16173
 30
0.0
 10
-9.79933
 20
2.14762
 30
0.0
 10
-9.79933
 20
2.14762
 30
0.0
 10
-9.79933
 20
2.14762
 30
0.0
 10
-9.82403
 20
2.12645
 30
0.0
 10
-9.82403
 20
2.12645
 30
0.0
 10
-9.82403
 20
2.12645
 30
0.0
 10
-9.84519
 20
2.10529
 30
0.0
 10
-9.84519
 20
2.10529
 30
0.0
 10
-9.84519
 20
2.10529
 30
0.0
 10
-9.86636
 20
2.08059
 30
0.0
 10
-9.86636
 20
2.08059
 30
0.0
 10
-9.86636
 20
2.08059
 30
0.0
 10
-9.88047
 20
2.05237
 30
0.0
 10
-9.88047
 20
2.05237
 30
0.0
 10
-9.88047
 20
2.05237
 30
0.0
 10
-9.89105
 20
2.02062
 30
0.0
 10
-9.89105
 20
2.02062
 30
0.0
 10
-9.89105
 20
2.02062
 30
0.0
 10
-9.89811
 20
1.98887
 30
0.0
 10
-9.89811
 20
1.98887
 30
0.0
 10
-9.89811
 20
1.98887
 30
0.0
 10
-9.90164
 20
1.95712
 30
0.0
 10
-9.90164
 20
1.95712
 30
0.0
 10
-9.90164
 20
1.95712
 30
0.0
 10
-9.89811
 20
1.92537
 30
0.0
 10
-9.89811
 20
1.92537
 30
0.0
 10
-9.89811
 20
1.92537
 30
0.0
 10
-9.89105
 20
1.89362
 30
0.0
 10
-9.89105
 20
1.89362
 30
0.0
 10
-9.89105
 20
1.89362
 30
0.0
 10
-9.88047
 20
1.8654
 30
0.0
 10
-9.88047
 20
1.8654
 30
0.0
 10
-9.88047
 20
1.8654
 30
0.0
 10
-9.86636
 20
1.83718
 30
0.0
 10
-9.86636
 20
1.83718
 30
0.0
 10
-9.86636
 20
1.83718
 30
0.0
 10
-9.84519
 20
1.80895
 30
0.0
 10
-9.84519
 20
1.80895
 30
0.0
 10
-9.84519
 20
1.80895
 30
0.0
 10
-9.82403
 20
1.78779
 30
0.0
 10
-9.82403
 20
1.78779
 30
0.0
 10
-9.82403
 20
1.78779
 30
0.0
 10
-9.79933
 20
1.76662
 30
0.0
 10
-9.79933
 20
1.76662
 30
0.0
 10
-9.79933
 20
1.76662
 30
0.0
 10
-9.77111
 20
1.75251
 30
0.0
 10
-9.77111
 20
1.75251
 30
0.0
 10
-9.77111
 20
1.75251
 30
0.0
 10
-9.73936
 20
1.74193
 30
0.0
 10
-9.73936
 20
1.74193
 30
0.0
 10
-9.73936
 20
1.74193
 30
0.0
 10
-9.70761
 20
1.73487
 30
0.0
 10
-9.70761
 20
1.73487
 30
0.0
 10
-9.70761
 20
1.73487
 30
0.0
 10
-9.67586
 20
1.73134
 30
0.0
 10
-9.67586
 20
1.73134
 30
0.0
 10
-9.67586
 20
1.73134
 30
0.0
 10
-9.64411
 20
1.73487
 30
0.0
 10
-9.64411
 20
1.73487
 30
0.0
 10
-9.64411
 20
1.73487
 30
0.0
 10
-9.61236
 20
1.74193
 30
0.0
 10
-9.61236
 20
1.74193
 30
0.0
 10
-9.61236
 20
1.74193
 30
0.0
 10
-9.58414
 20
1.75251
 30
0.0
 10
-9.58414
 20
1.75251
 30
0.0
 10
-9.58414
 20
1.75251
 30
0.0
 10
-9.55591
 20
1.76662
 30
0.0
 10
-9.55591
 20
1.76662
 30
0.0
 10
-9.55591
 20
1.76662
 30
0.0
 10
-9.52769
 20
1.78779
 30
0.0
 10
-9.52769
 20
1.78779
 30
0.0
 10
-9.52769
 20
1.78779
 30
0.0
 10
-9.50653
 20
1.80895
 30
0.0
 10
-9.50653
 20
1.80895
 30
0.0
 10
-9.50653
 20
1.80895
 30
0.0
 10
-9.48536
 20
1.83718
 30
0.0
 10
-9.48536
 20
1.83718
 30
0.0
 10
-9.48536
 20
1.83718
 30
0.0
 10
-9.47125
 20
1.8654
 30
0.0
 10
-9.47125
 20
1.8654
 30
0.0
 10
-9.47125
 20
1.8654
 30
0.0
 10
-9.46066
 20
1.89362
 30
0.0
 10
-9.46066
 20
1.89362
 30
0.0
 10
-9.46066
 20
1.89362
 30
0.0
 10
-9.45361
 20
1.92537
 30
0.0
 10
-9.45361
 20
1.92537
 30
0.0
 10
-9.45361
 20
1.92537
 30
0.0
 10
-9.45008
 20
1.95712
 30
0.0
 10
-9.45008
 20
1.95712
 30
0.0
 10
-9.45008
 20
1.95712
 30
0.0
 10
-9.45361
 20
1.98887
 30
0.0
 10
-9.45361
 20
1.98887
 30
0.0
 10
-9.45361
 20
1.98887
 30
0.0
 10
-9.46066
 20
2.02062
 30
0.0
 10
-9.46066
 20
2.02062
 30
0.0
 10
-9.46066
 20
2.02062
 30
0.0
 10
-9.47125
 20
2.05237
 30
0.0
 10
-9.47125
 20
2.05237
 30
0.0
 10
-9.47125
 20
2.05237
 30
0.0
 10
-9.48536
 20
2.08059
 30
0.0
 10
-9.48536
 20
2.08059
 30
0.0
 10
-9.48536
 20
2.08059
 30
0.0
 10
-9.50653
 20
2.10529
 30
0.0
 10
-9.50653
 20
2.10529
 30
0.0
 10
-9.50653
 20
2.10529
 30
0.0
 10
-9.52769
 20
2.12645
 30
0.0
 10
-9.52769
 20
2.12645
 30
0.0
 10
-9.52769
 20
2.12645
 30
0.0
 10
-9.55591
 20
2.14762
 30
0.0
 10
-9.55591
 20
2.14762
 30
0.0
 10
-9.55591
 20
2.14762
 30
0.0
 10
-9.58414
 20
2.16173
 30
0.0
 10
-9.58414
 20
2.16173
 30
0.0
 10
-9.58414
 20
2.16173
 30
0.0
 10
-9.61236
 20
2.17232
 30
0.0
 10
-9.61236
 20
2.17232
 30
0.0
 10
-9.61236
 20
2.17232
 30
0.0
 10
-9.64411
 20
2.17937
 30
0.0
 10
-9.64411
 20
2.17937
 30
0.0
 10
-9.64411
 20
2.17937
 30
0.0
 10
-9.67586
 20
2.1829
 30
0.0
 10
-9.67586
 20
2.1829
 30
0.0
  0
SPLINE
  5
22F
330
1F
100
AcDbEntity
  8
Camada 1
 62
   251
370
     9
100
AcDbSpline
210
0.0
220
0.0
230
1.0
 70
    11
 71
     3
 72
   137
 73
   133
 74
     0
 42
0.0000000001
 43
0.0000000001
 40
0.0
 40
0.0
 40
0.0
 40
0.0
 40
0.0227272727272727
 40
0.0227272727272727
 40
0.0227272727272727
 40
0.0454545454545455
 40
0.0454545454545455
 40
0.0454545454545455
 40
0.0681818181818182
 40
0.0681818181818182
 40
0.0681818181818182
 40
0.0909090909090909
 40
0.0909090909090909
 40
0.0909090909090909
 40
0.1136363636363636
 40
0.1136363636363636
 40
0.1136363636363636
 40
0.1363636363636364
 40
0.1363636363636364
 40
0.1363636363636364
 40
0.1590909090909091
 40
0.1590909090909091
 40
0.1590909090909091
 40
0.1818181818181818
 40
0.1818181818181818
 40
0.1818181818181818
 40
0.2045454545454546
 40
0.2045454545454546
 40
0.2045454545454546
 40
0.2272727272727273
 40
0.2272727272727273
 40
0.2272727272727273
 40
0.25
 40
0.25
 40
0.25
 40
0.2727272727272727
 40
0.2727272727272727
 40
0.2727272727272727
 40
0.2954545454545455
 40
0.2954545454545455
 40
0.2954545454545455
 40
0.3181818181818182
 40
0.3181818181818182
 40
0.3181818181818182
 40
0.3409090909090909
 40
0.3409090909090909
 40
0.3409090909090909
 40
0.3636363636363636
 40
0.3636363636363636
 40
0.3636363636363636
 40
0.3863636363636364
 40
0.3863636363636364
 40
0.3863636363636364
 40
0.4090909090909091
 40
0.4090909090909091
 40
0.4090909090909091
 40
0.4318181818181818
 40
0.4318181818181818
 40
0.4318181818181818
 40
0.4545454545454546
 40
0.4545454545454546
 40
0.4545454545454546
 40
0.4772727272727273
 40
0.4772727272727273
 40
0.4772727272727273
 40
0.5
 40
0.5
 40
0.5
 40
0.5227272727272727
 40
0.5227272727272727
 40
0.5227272727272727
 40
0.5454545454545454
 40
0.5454545454545454
 40
0.5454545454545454
 40
0.5681818181818182
 40
0.5681818181818182
 40
0.5681818181818182
 40
0.5909090909090909
 40
0.5909090909090909
 40
0.5909090909090909
 40
0.6136363636363636
 40
0.6136363636363636
 40
0.6136363636363636
 40
0.6363636363636364
 40
0.6363636363636364
 40
0.6363636363636364
 40
0.6590909090909091
 40
0.6590909090909091
 40
0.6590909090909091
 40
0.6818181818181819
 40
0.6818181818181819
 40
0.6818181818181819
 40
0.7045454545454546
 40
0.7045454545454546
 40
0.7045454545454546
 40
0.7272727272727273
 40
0.7272727272727273
 40
0.7272727272727273
 40
0.75
 40
0.75
 40
0.75
 40
0.7727272727272727
 40
0.7727272727272727
 40
0.7727272727272727
 40
0.7954545454545455
 40
0.7954545454545455
 40
0.7954545454545455
 40
0.8181818181818182
 40
0.8181818181818182
 40
0.8181818181818182
 40
0.8409090909090909
 40
0.8409090909090909
 40
0.8409090909090909
 40
0.8636363636363636
 40
0.8636363636363636
 40
0.8636363636363636
 40
0.8863636363636364
 40
0.8863636363636364
 40
0.8863636363636364
 40
0.9090909090909092
 40
0.9090909090909092
 40
0.9090909090909092
 40
0.9318181818181819
 40
0.9318181818181819
 40
0.9318181818181819
 40
0.9545454545454546
 40
0.9545454545454546
 40
0.9545454545454546
 40
0.9772727272727273
 40
0.9772727272727273
 40
0.9772727272727273
 40
1.0
 40
1.0
 40
1.0
 40
1.0
 10
-8.72689
 20
2.51098
 30
0.0
 10
-8.72689
 20
2.51098
 30
0.0
 10
-8.75864
 20
2.50745
 30
0.0
 10
-8.75864
 20
2.50745
 30
0.0
 10
-8.75864
 20
2.50745
 30
0.0
 10
-8.79039
 20
2.50393
 30
0.0
 10
-8.79039
 20
2.50393
 30
0.0
 10
-8.79039
 20
2.50393
 30
0.0
 10
-8.81861
 20
2.48982
 30
0.0
 10
-8.81861
 20
2.48982
 30
0.0
 10
-8.81861
 20
2.48982
 30
0.0
 10
-8.84683
 20
2.4757
 30
0.0
 10
-8.84683
 20
2.4757
 30
0.0
 10
-8.84683
 20
2.4757
 30
0.0
 10
-8.87505
 20
2.45806
 30
0.0
 10
-8.87505
 20
2.45806
 30
0.0
 10
-8.87505
 20
2.45806
 30
0.0
 10
-8.89622
 20
2.43337
 30
0.0
 10
-8.89622
 20
2.43337
 30
0.0
 10
-8.89622
 20
2.43337
 30
0.0
 10
-8.91386
 20
2.40868
 30
0.0
 10
-8.91386
 20
2.40868
 30
0.0
 10
-8.91386
 20
2.40868
 30
0.0
 10
-8.9315
 20
2.38045
 30
0.0
 10
-8.9315
 20
2.38045
 30
0.0
 10
-8.9315
 20
2.38045
 30
0.0
 10
-8.94208
 20
2.3487
 30
0.0
 10
-8.94208
 20
2.3487
 30
0.0
 10
-8.94208
 20
2.3487
 30
0.0
 10
-8.94914
 20
2.31695
 30
0.0
 10
-8.94914
 20
2.31695
 30
0.0
 10
-8.94914
 20
2.31695
 30
0.0
 10
-8.95266
 20
2.2852
 30
0.0
 10
-8.95266
 20
2.2852
 30
0.0
 10
-8.95266
 20
2.2852
 30
0.0
 10
-8.94914
 20
2.25345
 30
0.0
 10
-8.94914
 20
2.25345
 30
0.0
 10
-8.94914
 20
2.25345
 30
0.0
 10
-8.94208
 20
2.2217
 30
0.0
 10
-8.94208
 20
2.2217
 30
0.0
 10
-8.94208
 20
2.2217
 30
0.0
 10
-8.9315
 20
2.19348
 30
0.0
 10
-8.9315
 20
2.19348
 30
0.0
 10
-8.9315
 20
2.19348
 30
0.0
 10
-8.91386
 20
2.16526
 30
0.0
 10
-8.91386
 20
2.16526
 30
0.0
 10
-8.91386
 20
2.16526
 30
0.0
 10
-8.89622
 20
2.14056
 30
0.0
 10
-8.89622
 20
2.14056
 30
0.0
 10
-8.89622
 20
2.14056
 30
0.0
 10
-8.87505
 20
2.11587
 30
0.0
 10
-8.87505
 20
2.11587
 30
0.0
 10
-8.87505
 20
2.11587
 30
0.0
 10
-8.84683
 20
2.09823
 30
0.0
 10
-8.84683
 20
2.09823
 30
0.0
 10
-8.84683
 20
2.09823
 30
0.0
 10
-8.81861
 20
2.08059
 30
0.0
 10
-8.81861
 20
2.08059
 30
0.0
 10
-8.81861
 20
2.08059
 30
0.0
 10
-8.79039
 20
2.07001
 30
0.0
 10
-8.79039
 20
2.07001
 30
0.0
 10
-8.79039
 20
2.07001
 30
0.0
 10
-8.75864
 20
2.06295
 30
0.0
 10
-8.75864
 20
2.06295
 30
0.0
 10
-8.75864
 20
2.06295
 30
0.0
 10
-8.72689
 20
2.06295
 30
0.0
 10
-8.72689
 20
2.06295
 30
0.0
 10
-8.72689
 20
2.06295
 30
0.0
 10
-8.69514
 20
2.06295
 30
0.0
 10
-8.69514
 20
2.06295
 30
0.0
 10
-8.69514
 20
2.06295
 30
0.0
 10
-8.66339
 20
2.07001
 30
0.0
 10
-8.66339
 20
2.07001
 30
0.0
 10
-8.66339
 20
2.07001
 30
0.0
 10
-8.63164
 20
2.08059
 30
0.0
 10
-8.63164
 20
2.08059
 30
0.0
 10
-8.63164
 20
2.08059
 30
0.0
 10
-8.60341
 20
2.09823
 30
0.0
 10
-8.60341
 20
2.09823
 30
0.0
 10
-8.60341
 20
2.09823
 30
0.0
 10
-8.57872
 20
2.11587
 30
0.0
 10
-8.57872
 20
2.11587
 30
0.0
 10
-8.57872
 20
2.11587
 30
0.0
 10
-8.55755
 20
2.14056
 30
0.0
 10
-8.55755
 20
2.14056
 30
0.0
 10
-8.55755
 20
2.14056
 30
0.0
 10
-8.53639
 20
2.16526
 30
0.0
 10
-8.53639
 20
2.16526
 30
0.0
 10
-8.53639
 20
2.16526
 30
0.0
 10
-8.52228
 20
2.19348
 30
0.0
 10
-8.52228
 20
2.19348
 30
0.0
 10
-8.52228
 20
2.19348
 30
0.0
 10
-8.51169
 20
2.2217
 30
0.0
 10
-8.51169
 20
2.2217
 30
0.0
 10
-8.51169
 20
2.2217
 30
0.0
 10
-8.50464
 20
2.25345
 30
0.0
 10
-8.50464
 20
2.25345
 30
0.0
 10
-8.50464
 20
2.25345
 30
0.0
 10
-8.50111
 20
2.2852
 30
0.0
 10
-8.50111
 20
2.2852
 30
0.0
 10
-8.50111
 20
2.2852
 30
0.0
 10
-8.50464
 20
2.31695
 30
0.0
 10
-8.50464
 20
2.31695
 30
0.0
 10
-8.50464
 20
2.31695
 30
0.0
 10
-8.51169
 20
2.3487
 30
0.0
 10
-8.51169
 20
2.3487
 30
0.0
 10
-8.51169
 20
2.3487
 30
0.0
 10
-8.52228
 20
2.38045
 30
0.0
 10
-8.52228
 20
2.38045
 30
0.0
 10
-8.52228
 20
2.38045
 30
0.0
 10
-8.53639
 20
2.40868
 30
0.0
 10
-8.53639
 20
2.40868
 30
0.0
 10
-8.53639
 20
2.40868
 30
0.0
 10
-8.55755
 20
2.43337
 30
0.0
 10
-8.55755
 20
2.43337
 30
0.0
 10
-8.55755
 20
2.43337
 30
0.0
 10
-8.57872
 20
2.45806
 30
0.0
 10
-8.57872
 20
2.45806
 30
0.0
 10
-8.57872
 20
2.45806
 30
0.0
 10
-8.60341
 20
2.4757
 30
0.0
 10
-8.60341
 20
2.4757
 30
0.0
 10
-8.60341
 20
2.4757
 30
0.0
 10
-8.63164
 20
2.48982
 30
0.0
 10
-8.63164
 20
2.48982
 30
0.0
 10
-8.63164
 20
2.48982
 30
0.0
 10
-8.66339
 20
2.50393
 30
0.0
 10
-8.66339
 20
2.50393
 30
0.0
 10
-8.66339
 20
2.50393
 30
0.0
 10
-8.69514
 20
2.50745
 30
0.0
 10
-8.69514
 20
2.50745
 30
0.0
 10
-8.69514
 20
2.50745
 30
0.0
 10
-8.72689
 20
2.51098
 30
0.0
 10
-8.72689
 20
2.51098
 30
0.0
  0
SPLINE
  5
230
330
1F
100
AcDbEntity
  8
Camada 1
 62
   251
370
     9
100
AcDbSpline
210
0.0
220
0.0
230
1.0
 70
    11
 71
     3
 72
   137
 73
   133
 74
     0
 42
0.0000000001
 43
0.0000000001
 40
0.0
 40
0.0
 40
0.0
 40
0.0
 40
0.0227272727272727
 40
0.0227272727272727
 40
0.0227272727272727
 40
0.0454545454545455
 40
0.0454545454545455
 40
0.0454545454545455
 40
0.0681818181818182
 40
0.0681818181818182
 40
0.0681818181818182
 40
0.0909090909090909
 40
0.0909090909090909
 40
0.0909090909090909
 40
0.1136363636363636
 40
0.1136363636363636
 40
0.1136363636363636
 40
0.1363636363636364
 40
0.1363636363636364
 40
0.1363636363636364
 40
0.1590909090909091
 40
0.1590909090909091
 40
0.1590909090909091
 40
0.1818181818181818
 40
0.1818181818181818
 40
0.1818181818181818
 40
0.2045454545454546
 40
0.2045454545454546
 40
0.2045454545454546
 40
0.2272727272727273
 40
0.2272727272727273
 40
0.2272727272727273
 40
0.25
 40
0.25
 40
0.25
 40
0.2727272727272727
 40
0.2727272727272727
 40
0.2727272727272727
 40
0.2954545454545455
 40
0.2954545454545455
 40
0.2954545454545455
 40
0.3181818181818182
 40
0.3181818181818182
 40
0.3181818181818182
 40
0.3409090909090909
 40
0.3409090909090909
 40
0.3409090909090909
 40
0.3636363636363636
 40
0.3636363636363636
 40
0.3636363636363636
 40
0.3863636363636364
 40
0.3863636363636364
 40
0.3863636363636364
 40
0.4090909090909091
 40
0.4090909090909091
 40
0.4090909090909091
 40
0.4318181818181818
 40
0.4318181818181818
 40
0.4318181818181818
 40
0.4545454545454546
 40
0.4545454545454546
 40
0.4545454545454546
 40
0.4772727272727273
 40
0.4772727272727273
 40
0.4772727272727273
 40
0.5
 40
0.5
 40
0.5
 40
0.5227272727272727
 40
0.5227272727272727
 40
0.5227272727272727
 40
0.5454545454545454
 40
0.5454545454545454
 40
0.5454545454545454
 40
0.5681818181818182
 40
0.5681818181818182
 40
0.5681818181818182
 40
0.5909090909090909
 40
0.5909090909090909
 40
0.5909090909090909
 40
0.6136363636363636
 40
0.6136363636363636
 40
0.6136363636363636
 40
0.6363636363636364
 40
0.6363636363636364
 40
0.6363636363636364
 40
0.6590909090909091
 40
0.6590909090909091
 40
0.6590909090909091
 40
0.6818181818181819
 40
0.6818181818181819
 40
0.6818181818181819
 40
0.7045454545454546
 40
0.7045454545454546
 40
0.7045454545454546
 40
0.7272727272727273
 40
0.7272727272727273
 40
0.7272727272727273
 40
0.75
 40
0.75
 40
0.75
 40
0.7727272727272727
 40
0.7727272727272727
 40
0.7727272727272727
 40
0.7954545454545455
 40
0.7954545454545455
 40
0.7954545454545455
 40
0.8181818181818182
 40
0.8181818181818182
 40
0.8181818181818182
 40
0.8409090909090909
 40
0.8409090909090909
 40
0.8409090909090909
 40
0.8636363636363636
 40
0.8636363636363636
 40
0.8636363636363636
 40
0.8863636363636364
 40
0.8863636363636364
 40
0.8863636363636364
 40
0.9090909090909092
 40
0.9090909090909092
 40
0.9090909090909092
 40
0.9318181818181819
 40
0.9318181818181819
 40
0.9318181818181819
 40
0.9545454545454546
 40
0.9545454545454546
 40
0.9545454545454546
 40
0.9772727272727273
 40
0.9772727272727273
 40
0.9772727272727273
 40
1.0
 40
1.0
 40
1.0
 40
1.0
 10
-10.62483
 20
2.51098
 30
0.0
 10
-10.62483
 20
2.51098
 30
0.0
 10
-10.65658
 20
2.50745
 30
0.0
 10
-10.65658
 20
2.50745
 30
0.0
 10
-10.65658
 20
2.50745
 30
0.0
 10
-10.68833
 20
2.50393
 30
0.0
 10
-10.68833
 20
2.50393
 30
0.0
 10
-10.68833
 20
2.50393
 30
0.0
 10
-10.72008
 20
2.48982
 30
0.0
 10
-10.72008
 20
2.48982
 30
0.0
 10
-10.72008
 20
2.48982
 30
0.0
 10
-10.7483
 20
2.4757
 30
0.0
 10
-10.7483
 20
2.4757
 30
0.0
 10
-10.7483
 20
2.4757
 30
0.0
 10
-10.773
 20
2.45806
 30
0.0
 10
-10.773
 20
2.45806
 30
0.0
 10
-10.773
 20
2.45806
 30
0.0
 10
-10.79769
 20
2.43337
 30
0.0
 10
-10.79769
 20
2.43337
 30
0.0
 10
-10.79769
 20
2.43337
 30
0.0
 10
-10.81533
 20
2.40868
 30
0.0
 10
-10.81533
 20
2.40868
 30
0.0
 10
-10.81533
 20
2.40868
 30
0.0
 10
-10.82944
 20
2.38045
 30
0.0
 10
-10.82944
 20
2.38045
 30
0.0
 10
-10.82944
 20
2.38045
 30
0.0
 10
-10.84355
 20
2.3487
 30
0.0
 10
-10.84355
 20
2.3487
 30
0.0
 10
-10.84355
 20
2.3487
 30
0.0
 10
-10.85061
 20
2.31695
 30
0.0
 10
-10.85061
 20
2.31695
 30
0.0
 10
-10.85061
 20
2.31695
 30
0.0
 10
-10.85061
 20
2.2852
 30
0.0
 10
-10.85061
 20
2.2852
 30
0.0
 10
-10.85061
 20
2.2852
 30
0.0
 10
-10.85061
 20
2.25345
 30
0.0
 10
-10.85061
 20
2.25345
 30
0.0
 10
-10.85061
 20
2.25345
 30
0.0
 10
-10.84355
 20
2.2217
 30
0.0
 10
-10.84355
 20
2.2217
 30
0.0
 10
-10.84355
 20
2.2217
 30
0.0
 10
-10.82944
 20
2.19348
 30
0.0
 10
-10.82944
 20
2.19348
 30
0.0
 10
-10.82944
 20
2.19348
 30
0.0
 10
-10.81533
 20
2.16526
 30
0.0
 10
-10.81533
 20
2.16526
 30
0.0
 10
-10.81533
 20
2.16526
 30
0.0
 10
-10.79769
 20
2.14056
 30
0.0
 10
-10.79769
 20
2.14056
 30
0.0
 10
-10.79769
 20
2.14056
 30
0.0
 10
-10.773
 20
2.11587
 30
0.0
 10
-10.773
 20
2.11587
 30
0.0
 10
-10.773
 20
2.11587
 30
0.0
 10
-10.7483
 20
2.09823
 30
0.0
 10
-10.7483
 20
2.09823
 30
0.0
 10
-10.7483
 20
2.09823
 30
0.0
 10
-10.72008
 20
2.08059
 30
0.0
 10
-10.72008
 20
2.08059
 30
0.0
 10
-10.72008
 20
2.08059
 30
0.0
 10
-10.68833
 20
2.07001
 30
0.0
 10
-10.68833
 20
2.07001
 30
0.0
 10
-10.68833
 20
2.07001
 30
0.0
 10
-10.65658
 20
2.06295
 30
0.0
 10
-10.65658
 20
2.06295
 30
0.0
 10
-10.65658
 20
2.06295
 30
0.0
 10
-10.62483
 20
2.06295
 30
0.0
 10
-10.62483
 20
2.06295
 30
0.0
 10
-10.62483
 20
2.06295
 30
0.0
 10
-10.59308
 20
2.06295
 30
0.0
 10
-10.59308
 20
2.06295
 30
0.0
 10
-10.59308
 20
2.06295
 30
0.0
 10
-10.56133
 20
2.07001
 30
0.0
 10
-10.56133
 20
2.07001
 30
0.0
 10
-10.56133
 20
2.07001
 30
0.0
 10
-10.53311
 20
2.08059
 30
0.0
 10
-10.53311
 20
2.08059
 30
0.0
 10
-10.53311
 20
2.08059
 30
0.0
 10
-10.50489
 20
2.09823
 30
0.0
 10
-10.50489
 20
2.09823
 30
0.0
 10
-10.50489
 20
2.09823
 30
0.0
 10
-10.48019
 20
2.11587
 30
0.0
 10
-10.48019
 20
2.11587
 30
0.0
 10
-10.48019
 20
2.11587
 30
0.0
 10
-10.4555
 20
2.14056
 30
0.0
 10
-10.4555
 20
2.14056
 30
0.0
 10
-10.4555
 20
2.14056
 30
0.0
 10
-10.43786
 20
2.16526
 30
0.0
 10
-10.43786
 20
2.16526
 30
0.0
 10
-10.43786
 20
2.16526
 30
0.0
 10
-10.42022
 20
2.19348
 30
0.0
 10
-10.42022
 20
2.19348
 30
0.0
 10
-10.42022
 20
2.19348
 30
0.0
 10
-10.40964
 20
2.2217
 30
0.0
 10
-10.40964
 20
2.2217
 30
0.0
 10
-10.40964
 20
2.2217
 30
0.0
 10
-10.40258
 20
2.25345
 30
0.0
 10
-10.40258
 20
2.25345
 30
0.0
 10
-10.40258
 20
2.25345
 30
0.0
 10
-10.40258
 20
2.2852
 30
0.0
 10
-10.40258
 20
2.2852
 30
0.0
 10
-10.40258
 20
2.2852
 30
0.0
 10
-10.40258
 20
2.31695
 30
0.0
 10
-10.40258
 20
2.31695
 30
0.0
 10
-10.40258
 20
2.31695
 30
0.0
 10
-10.40964
 20
2.3487
 30
0.0
 10
-10.40964
 20
2.3487
 30
0.0
 10
-10.40964
 20
2.3487
 30
0.0
 10
-10.42022
 20
2.38045
 30
0.0
 10
-10.42022
 20
2.38045
 30
0.0
 10
-10.42022
 20
2.38045
 30
0.0
 10
-10.43786
 20
2.40868
 30
0.0
 10
-10.43786
 20
2.40868
 30
0.0
 10
-10.43786
 20
2.40868
 30
0.0
 10
-10.4555
 20
2.43337
 30
0.0
 10
-10.4555
 20
2.43337
 30
0.0
 10
-10.4555
 20
2.43337
 30
0.0
 10
-10.48019
 20
2.45806
 30
0.0
 10
-10.48019
 20
2.45806
 30
0.0
 10
-10.48019
 20
2.45806
 30
0.0
 10
-10.50489
 20
2.4757
 30
0.0
 10
-10.50489
 20
2.4757
 30
0.0
 10
-10.50489
 20
2.4757
 30
0.0
 10
-10.53311
 20
2.48982
 30
0.0
 10
-10.53311
 20
2.48982
 30
0.0
 10
-10.53311
 20
2.48982
 30
0.0
 10
-10.56133
 20
2.50393
 30
0.0
 10
-10.56133
 20
2.50393
 30
0.0
 10
-10.56133
 20
2.50393
 30
0.0
 10
-10.59308
 20
2.50745
 30
0.0
 10
-10.59308
 20
2.50745
 30
0.0
 10
-10.59308
 20
2.50745
 30
0.0
 10
-10.62483
 20
2.51098
 30
0.0
 10
-10.62483
 20
2.51098
 30
0.0
  0
SPLINE
  5
231
330
1F
100
AcDbEntity
  8
Camada 1
 62
   251
370
     9
100
AcDbSpline
210
0.0
220
0.0
230
1.0
 70
    24
 71
     3
 72
     8
 73
     4
 74
     0
 42
0.0000000001
 43
0.0000000001
 40
0.0
 40
0.0
 40
0.0
 40
0.0
 40
1.0
 40
1.0
 40
1.0
 40
1.0
 10
-11.916
 20
-1.14027
 30
0.0
 10
-11.916
 20
-1.14027
 30
0.0
 10
-11.916
 20
-3.35924
 30
0.0
 10
-11.916
 20
-3.35924
 30
0.0
  0
SPLINE
  5
232
330
1F
100
AcDbEntity
  8
Camada 1
 62
   251
370
     9
100
AcDbSpline
210
0.0
220
0.0
230
1.0
 70
    24
 71
     3
 72
    14
 73
    10
 74
     0
 42
0.0000000001
 43
0.0000000001
 40
0.0
 40
0.0
 40
0.0
 40
0.0
 40
0.3333333333333333
 40
0.3333333333333333
 40
0.3333333333333333
 40
0.6666666666666666
 40
0.6666666666666666
 40
0.6666666666666666
 40
1.0
 40
1.0
 40
1.0
 40
1.0
 10
-11.916
 20
-3.35924
 30
0.0
 10
-11.916
 20
-3.35924
 30
0.0
 10
-11.91953
 20
-3.35924
 30
0.0
 10
-11.91953
 20
-3.35924
 30
0.0
 10
-11.91953
 20
-3.35924
 30
0.0
 10
-11.92305
 20
-3.35924
 30
0.0
 10
-11.92305
 20
-3.35924
 30
0.0
 10
-11.92305
 20
-3.35924
 30
0.0
 10
-11.92658
 20
-3.35924
 30
0.0
 10
-11.92658
 20
-3.35924
 30
0.0
  0
SPLINE
  5
233
330
1F
100
AcDbEntity
  8
Camada 1
 62
   251
370
     9
100
AcDbSpline
210
0.0
220
0.0
230
1.0
 70
    24
 71
     3
 72
     8
 73
     4
 74
     0
 42
0.0000000001
 43
0.0000000001
 40
0.0
 40
0.0
 40
0.0
 40
0.0
 40
1.0
 40
1.0
 40
1.0
 40
1.0
 10
-11.92658
 20
-3.35924
 30
0.0
 10
-11.92658
 20
-3.35924
 30
0.0
 10
-11.92658
 20
-1.14027
 30
0.0
 10
-11.92658
 20
-1.14027
 30
0.0
  0
SPLINE
  5
234
330
1F
100
AcDbEntity
  8
Camada 1
 62
   251
370
     9
100
AcDbSpline
210
0.0
220
0.0
230
1.0
 70
    24
 71
     3
 72
    14
 73
    10
 74
     0
 42
0.0000000001
 43
0.0000000001
 40
0.0
 40
0.0
 40
0.0
 40
0.0
 40
0.3333333333333333
 40
0.3333333333333333
 40
0.3333333333333333
 40
0.6666666666666666
 40
0.6666666666666666
 40
0.6666666666666666
 40
1.0
 40
1.0
 40
1.0
 40
1.0
 10
-11.916
 20
-1.14027
 30
0.0
 10
-11.916
 20
-1.14027
 30
0.0
 10
-11.91953
 20
-1.14027
 30
0.0
 10
-11.91953
 20
-1.14027
 30
0.0
 10
-11.91953
 20
-1.14027
 30
0.0
 10
-11.92305
 20
-1.14027
 30
0.0
 10
-11.92305
 20
-1.14027
 30
0.0
 10
-11.92305
 20
-1.14027
 30
0.0
 10
-11.92658
 20
-1.14027
 30
0.0
 10
-11.92658
 20
-1.14027
 30
0.0
  0
SPLINE
  5
235
330
1F
100
AcDbEntity
  8
Camada 1
 62
   251
370
     9
100
AcDbSpline
210
0.0
220
0.0
230
1.0
 70
    24
 71
     3
 72
     8
 73
     4
 74
     0
 42
0.0000000001
 43
0.0000000001
 40
0.0
 40
0.0
 40
0.0
 40
0.0
 40
1.0
 40
1.0
 40
1.0
 40
1.0
 10
-7.42514
 20
-1.14027
 30
0.0
 10
-7.42514
 20
-1.14027
 30
0.0
 10
-7.42514
 20
-3.35924
 30
0.0
 10
-7.42514
 20
-3.35924
 30
0.0
  0
SPLINE
  5
236
330
1F
100
AcDbEntity
  8
Camada 1
 62
   251
370
     9
100
AcDbSpline
210
0.0
220
0.0
230
1.0
 70
    24
 71
     3
 72
    17
 73
    13
 74
     0
 42
0.0000000001
 43
0.0000000001
 40
0.0
 40
0.0
 40
0.0
 40
0.0
 40
0.25
 40
0.25
 40
0.25
 40
0.5
 40
0.5
 40
0.5
 40
0.75
 40
0.75
 40
0.75
 40
1.0
 40
1.0
 40
1.0
 40
1.0
 10
-7.42514
 20
-3.35924
 30
0.0
 10
-7.42514
 20
-3.35924
 30
0.0
 10
-7.42514
 20
-3.35924
 30
0.0
 10
-7.42514
 20
-3.35924
 30
0.0
 10
-7.42514
 20
-3.35924
 30
0.0
 10
-7.42866
 20
-3.35924
 30
0.0
 10
-7.42866
 20
-3.35924
 30
0.0
 10
-7.42866
 20
-3.35924
 30
0.0
 10
-7.43219
 20
-3.35924
 30
0.0
 10
-7.43219
 20
-3.35924
 30
0.0
 10
-7.43219
 20
-3.35924
 30
0.0
 10
-7.43572
 20
-3.35924
 30
0.0
 10
-7.43572
 20
-3.35924
 30
0.0
  0
SPLINE
  5
237
330
1F
100
AcDbEntity
  8
Camada 1
 62
   251
370
     9
100
AcDbSpline
210
0.0
220
0.0
230
1.0
 70
    24
 71
     3
 72
     8
 73
     4
 74
     0
 42
0.0000000001
 43
0.0000000001
 40
0.0
 40
0.0
 40
0.0
 40
0.0
 40
1.0
 40
1.0
 40
1.0
 40
1.0
 10
-7.43572
 20
-3.35924
 30
0.0
 10
-7.43572
 20
-3.35924
 30
0.0
 10
-7.43572
 20
-1.14027
 30
0.0
 10
-7.43572
 20
-1.14027
 30
0.0
  0
SPLINE
  5
238
330
1F
100
AcDbEntity
  8
Camada 1
 62
   251
370
     9
100
AcDbSpline
210
0.0
220
0.0
230
1.0
 70
    24
 71
     3
 72
    17
 73
    13
 74
     0
 42
0.0000000001
 43
0.0000000001
 40
0.0
 40
0.0
 40
0.0
 40
0.0
 40
0.25
 40
0.25
 40
0.25
 40
0.5
 40
0.5
 40
0.5
 40
0.75
 40
0.75
 40
0.75
 40
1.0
 40
1.0
 40
1.0
 40
1.0
 10
-7.42514
 20
-1.14027
 30
0.0
 10
-7.42514
 20
-1.14027
 30
0.0
 10
-7.42514
 20
-1.14027
 30
0.0
 10
-7.42514
 20
-1.14027
 30
0.0
 10
-7.42514
 20
-1.14027
 30
0.0
 10
-7.42866
 20
-1.14027
 30
0.0
 10
-7.42866
 20
-1.14027
 30
0.0
 10
-7.42866
 20
-1.14027
 30
0.0
 10
-7.43219
 20
-1.14027
 30
0.0
 10
-7.43219
 20
-1.14027
 30
0.0
 10
-7.43219
 20
-1.14027
 30
0.0
 10
-7.43572
 20
-1.14027
 30
0.0
 10
-7.43572
 20
-1.14027
 30
0.0
  0
SPLINE
  5
239
330
1F
100
AcDbEntity
  8
Camada 1
 62
   251
370
     9
100
AcDbSpline
210
0.0
220
0.0
230
1.0
 70
     8
 71
     3
 72
    14
 73
    10
 74
     0
 42
0.0000000001
 43
0.0000000001
 40
0.0
 40
0.0
 40
0.0
 40
0.0
 40
0.3333333333333333
 40
0.3333333333333333
 40
0.3333333333333333
 40
0.6666666666666666
 40
0.6666666666666666
 40
0.6666666666666666
 40
1.0
 40
1.0
 40
1.0
 40
1.0
 10
-11.916
 20
-3.35924
 30
0.0
 10
-11.916
 20
-3.35924
 30
0.0
 10
-11.916
 20
-3.36277
 30
0.0
 10
-11.916
 20
-3.36277
 30
0.0
 10
-11.916
 20
-3.36277
 30
0.0
 10
-11.91247
 20
-3.36277
 30
0.0
 10
-11.91247
 20
-3.36277
 30
0.0
 10
-11.91247
 20
-3.36277
 30
0.0
 10
-11.91247
 20
-3.36629
 30
0.0
 10
-11.91247
 20
-3.36629
 30
0.0
  0
SPLINE
  5
23A
330
1F
100
AcDbEntity
  8
Camada 1
 62
   251
370
     9
100
AcDbSpline
210
0.0
220
0.0
230
1.0
 70
    24
 71
     3
 72
    17
 73
    13
 74
     0
 42
0.0000000001
 43
0.0000000001
 40
0.0
 40
0.0
 40
0.0
 40
0.0
 40
0.25
 40
0.25
 40
0.25
 40
0.5
 40
0.5
 40
0.5
 40
0.75
 40
0.75
 40
0.75
 40
1.0
 40
1.0
 40
1.0
 40
1.0
 10
-11.91247
 20
-3.36629
 30
0.0
 10
-11.91247
 20
-3.36629
 30
0.0
 10
-11.91247
 20
-3.36629
 30
0.0
 10
-11.91247
 20
-3.36629
 30
0.0
 10
-11.91247
 20
-3.36629
 30
0.0
 10
-11.91247
 20
-3.36982
 30
0.0
 10
-11.91247
 20
-3.36982
 30
0.0
 10
-11.91247
 20
-3.36982
 30
0.0
 10
-11.91247
 20
-3.37335
 30
0.0
 10
-11.91247
 20
-3.37335
 30
0.0
 10
-11.91247
 20
-3.37335
 30
0.0
 10
-11.91247
 20
-3.37688
 30
0.0
 10
-11.91247
 20
-3.37688
 30
0.0
  0
SPLINE
  5
23B
330
1F
100
AcDbEntity
  8
Camada 1
 62
   251
370
     9
100
AcDbSpline
210
0.0
220
0.0
230
1.0
 70
     8
 71
     3
 72
    26
 73
    22
 74
     0
 42
0.0000000001
 43
0.0000000001
 40
0.0
 40
0.0
 40
0.0
 40
0.0
 40
0.1428571428571428
 40
0.1428571428571428
 40
0.1428571428571428
 40
0.2857142857142857
 40
0.2857142857142857
 40
0.2857142857142857
 40
0.4285714285714285
 40
0.4285714285714285
 40
0.4285714285714285
 40
0.5714285714285714
 40
0.5714285714285714
 40
0.5714285714285714
 40
0.7142857142857142
 40
0.7142857142857142
 40
0.7142857142857142
 40
0.8571428571428571
 40
0.8571428571428571
 40
0.8571428571428571
 40
1.0
 40
1.0
 40
1.0
 40
1.0
 10
-11.91247
 20
-3.37688
 30
0.0
 10
-11.91247
 20
-3.37688
 30
0.0
 10
-11.91247
 20
-3.37335
 30
0.0
 10
-11.91247
 20
-3.37335
 30
0.0
 10
-11.91247
 20
-3.37335
 30
0.0
 10
-11.916
 20
-3.37335
 30
0.0
 10
-11.916
 20
-3.37335
 30
0.0
 10
-11.916
 20
-3.37335
 30
0.0
 10
-11.91953
 20
-3.37335
 30
0.0
 10
-11.91953
 20
-3.37335
 30
0.0
 10
-11.91953
 20
-3.37335
 30
0.0
 10
-11.92305
 20
-3.36982
 30
0.0
 10
-11.92305
 20
-3.36982
 30
0.0
 10
-11.92305
 20
-3.36982
 30
0.0
 10
-11.92658
 20
-3.36629
 30
0.0
 10
-11.92658
 20
-3.36629
 30
0.0
 10
-11.92658
 20
-3.36629
 30
0.0
 10
-11.92658
 20
-3.36277
 30
0.0
 10
-11.92658
 20
-3.36277
 30
0.0
 10
-11.92658
 20
-3.36277
 30
0.0
 10
-11.92658
 20
-3.35924
 30
0.0
 10
-11.92658
 20
-3.35924
 30
0.0
  0
SPLINE
  5
23C
330
1F
100
AcDbEntity
  8
Camada 1
 62
   251
370
     9
100
AcDbSpline
210
0.0
220
0.0
230
1.0
 70
     8
 71
     3
 72
    29
 73
    25
 74
     0
 42
0.0000000001
 43
0.0000000001
 40
0.0
 40
0.0
 40
0.0
 40
0.0
 40
0.125
 40
0.125
 40
0.125
 40
0.25
 40
0.25
 40
0.25
 40
0.375
 40
0.375
 40
0.375
 40
0.5
 40
0.5
 40
0.5
 40
0.625
 40
0.625
 40
0.625
 40
0.75
 40
0.75
 40
0.75
 40
0.875
 40
0.875
 40
0.875
 40
1.0
 40
1.0
 40
1.0
 40
1.0
 10
-7.42514
 20
-3.35924
 30
0.0
 10
-7.42514
 20
-3.35924
 30
0.0
 10
-7.42514
 20
-3.36277
 30
0.0
 10
-7.42514
 20
-3.36277
 30
0.0
 10
-7.42514
 20
-3.36277
 30
0.0
 10
-7.42866
 20
-3.36629
 30
0.0
 10
-7.42866
 20
-3.36629
 30
0.0
 10
-7.42866
 20
-3.36629
 30
0.0
 10
-7.42866
 20
-3.36982
 30
0.0
 10
-7.42866
 20
-3.36982
 30
0.0
 10
-7.42866
 20
-3.36982
 30
0.0
 10
-7.43219
 20
-3.36982
 30
0.0
 10
-7.43219
 20
-3.36982
 30
0.0
 10
-7.43219
 20
-3.36982
 30
0.0
 10
-7.43219
 20
-3.37335
 30
0.0
 10
-7.43219
 20
-3.37335
 30
0.0
 10
-7.43219
 20
-3.37335
 30
0.0
 10
-7.43572
 20
-3.37335
 30
0.0
 10
-7.43572
 20
-3.37335
 30
0.0
 10
-7.43572
 20
-3.37335
 30
0.0
 10
-7.43925
 20
-3.37335
 30
0.0
 10
-7.43925
 20
-3.37335
 30
0.0
 10
-7.43925
 20
-3.37335
 30
0.0
 10
-7.44278
 20
-3.37688
 30
0.0
 10
-7.44278
 20
-3.37688
 30
0.0
  0
SPLINE
  5
23D
330
1F
100
AcDbEntity
  8
Camada 1
 62
   251
370
     9
100
AcDbSpline
210
0.0
220
0.0
230
1.0
 70
    24
 71
     3
 72
    14
 73
    10
 74
     0
 42
0.0000000001
 43
0.0000000001
 40
0.0
 40
0.0
 40
0.0
 40
0.0
 40
0.3333333333333333
 40
0.3333333333333333
 40
0.3333333333333333
 40
0.6666666666666666
 40
0.6666666666666666
 40
0.6666666666666666
 40
1.0
 40
1.0
 40
1.0
 40
1.0
 10
-7.44278
 20
-3.37688
 30
0.0
 10
-7.44278
 20
-3.37688
 30
0.0
 10
-7.44278
 20
-3.37335
 30
0.0
 10
-7.44278
 20
-3.37335
 30
0.0
 10
-7.44278
 20
-3.37335
 30
0.0
 10
-7.44278
 20
-3.36982
 30
0.0
 10
-7.44278
 20
-3.36982
 30
0.0
 10
-7.44278
 20
-3.36982
 30
0.0
 10
-7.44278
 20
-3.36629
 30
0.0
 10
-7.44278
 20
-3.36629
 30
0.0
  0
SPLINE
  5
23E
330
1F
100
AcDbEntity
  8
Camada 1
 62
   251
370
     9
100
AcDbSpline
210
0.0
220
0.0
230
1.0
 70
     8
 71
     3
 72
    17
 73
    13
 74
     0
 42
0.0000000001
 43
0.0000000001
 40
0.0
 40
0.0
 40
0.0
 40
0.0
 40
0.25
 40
0.25
 40
0.25
 40
0.5
 40
0.5
 40
0.5
 40
0.75
 40
0.75
 40
0.75
 40
1.0
 40
1.0
 40
1.0
 40
1.0
 10
-7.44278
 20
-3.36629
 30
0.0
 10
-7.44278
 20
-3.36629
 30
0.0
 10
-7.43925
 20
-3.36629
 30
0.0
 10
-7.43925
 20
-3.36629
 30
0.0
 10
-7.43925
 20
-3.36629
 30
0.0
 10
-7.43925
 20
-3.36277
 30
0.0
 10
-7.43925
 20
-3.36277
 30
0.0
 10
-7.43925
 20
-3.36277
 30
0.0
 10
-7.43572
 20
-3.36277
 30
0.0
 10
-7.43572
 20
-3.36277
 30
0.0
 10
-7.43572
 20
-3.36277
 30
0.0
 10
-7.43572
 20
-3.35924
 30
0.0
 10
-7.43572
 20
-3.35924
 30
0.0
  0
SPLINE
  5
23F
330
1F
100
AcDbEntity
  8
Camada 1
 62
   251
370
     9
100
AcDbSpline
210
0.0
220
0.0
230
1.0
 70
    24
 71
     3
 72
     8
 73
     4
 74
     0
 42
0.0000000001
 43
0.0000000001
 40
0.0
 40
0.0
 40
0.0
 40
0.0
 40
1.0
 40
1.0
 40
1.0
 40
1.0
 10
-11.91247
 20
-3.36629
 30
0.0
 10
-11.91247
 20
-3.36629
 30
0.0
 10
-7.44278
 20
-3.36629
 30
0.0
 10
-7.44278
 20
-3.36629
 30
0.0
  0
SPLINE
  5
240
330
1F
100
AcDbEntity
  8
Camada 1
 62
   251
370
     9
100
AcDbSpline
210
0.0
220
0.0
230
1.0
 70
    24
 71
     3
 72
     8
 73
     4
 74
     0
 42
0.0000000001
 43
0.0000000001
 40
0.0
 40
0.0
 40
0.0
 40
0.0
 40
1.0
 40
1.0
 40
1.0
 40
1.0
 10
-7.44278
 20
-3.37688
 30
0.0
 10
-7.44278
 20
-3.37688
 30
0.0
 10
-11.91247
 20
-3.37688
 30
0.0
 10
-11.91247
 20
-3.37688
 30
0.0
  0
SPLINE
  5
241
330
1F
100
AcDbEntity
  8
Camada 1
 62
   251
370
     9
100
AcDbSpline
210
0.0
220
0.0
230
1.0
 70
    24
 71
     3
 72
     8
 73
     4
 74
     0
 42
0.0000000001
 43
0.0000000001
 40
0.0
 40
0.0
 40
0.0
 40
0.0
 40
1.0
 40
1.0
 40
1.0
 40
1.0
 10
-7.44278
 20
-1.13674
 30
0.0
 10
-7.44278
 20
-1.13674
 30
0.0
 10
-11.91247
 20
-1.13674
 30
0.0
 10
-11.91247
 20
-1.13674
 30
0.0
  0
SPLINE
  5
242
330
1F
100
AcDbEntity
  8
Camada 1
 62
   251
370
     9
100
AcDbSpline
210
0.0
220
0.0
230
1.0
 70
    24
 71
     3
 72
    14
 73
    10
 74
     0
 42
0.0000000001
 43
0.0000000001
 40
0.0
 40
0.0
 40
0.0
 40
0.0
 40
0.3333333333333333
 40
0.3333333333333333
 40
0.3333333333333333
 40
0.6666666666666666
 40
0.6666666666666666
 40
0.6666666666666666
 40
1.0
 40
1.0
 40
1.0
 40
1.0
 10
-11.91247
 20
-1.13674
 30
0.0
 10
-11.91247
 20
-1.13674
 30
0.0
 10
-11.91247
 20
-1.13321
 30
0.0
 10
-11.91247
 20
-1.13321
 30
0.0
 10
-11.91247
 20
-1.13321
 30
0.0
 10
-11.91247
 20
-1.12968
 30
0.0
 10
-11.91247
 20
-1.12968
 30
0.0
 10
-11.91247
 20
-1.12968
 30
0.0
 10
-11.91247
 20
-1.12615
 30
0.0
 10
-11.91247
 20
-1.12615
 30
0.0
  0
SPLINE
  5
243
330
1F
100
AcDbEntity
  8
Camada 1
 62
   251
370
     9
100
AcDbSpline
210
0.0
220
0.0
230
1.0
 70
    24
 71
     3
 72
     8
 73
     4
 74
     0
 42
0.0000000001
 43
0.0000000001
 40
0.0
 40
0.0
 40
0.0
 40
0.0
 40
1.0
 40
1.0
 40
1.0
 40
1.0
 10
-11.91247
 20
-1.12615
 30
0.0
 10
-11.91247
 20
-1.12615
 30
0.0
 10
-7.44278
 20
-1.12615
 30
0.0
 10
-7.44278
 20
-1.12615
 30
0.0
  0
SPLINE
  5
244
330
1F
100
AcDbEntity
  8
Camada 1
 62
   251
370
     9
100
AcDbSpline
210
0.0
220
0.0
230
1.0
 70
    24
 71
     3
 72
    17
 73
    13
 74
     0
 42
0.0000000001
 43
0.0000000001
 40
0.0
 40
0.0
 40
0.0
 40
0.0
 40
0.25
 40
0.25
 40
0.25
 40
0.5
 40
0.5
 40
0.5
 40
0.75
 40
0.75
 40
0.75
 40
1.0
 40
1.0
 40
1.0
 40
1.0
 10
-7.44278
 20
-1.12615
 30
0.0
 10
-7.44278
 20
-1.12615
 30
0.0
 10
-7.44278
 20
-1.12615
 30
0.0
 10
-7.44278
 20
-1.12615
 30
0.0
 10
-7.44278
 20
-1.12615
 30
0.0
 10
-7.44278
 20
-1.12968
 30
0.0
 10
-7.44278
 20
-1.12968
 30
0.0
 10
-7.44278
 20
-1.12968
 30
0.0
 10
-7.44278
 20
-1.13321
 30
0.0
 10
-7.44278
 20
-1.13321
 30
0.0
 10
-7.44278
 20
-1.13321
 30
0.0
 10
-7.44278
 20
-1.13674
 30
0.0
 10
-7.44278
 20
-1.13674
 30
0.0
  0
SPLINE
  5
245
330
1F
100
AcDbEntity
  8
Camada 1
 62
   251
370
     9
100
AcDbSpline
210
0.0
220
0.0
230
1.0
 70
     8
 71
     3
 72
    14
 73
    10
 74
     0
 42
0.0000000001
 43
0.0000000001
 40
0.0
 40
0.0
 40
0.0
 40
0.0
 40
0.3333333333333333
 40
0.3333333333333333
 40
0.3333333333333333
 40
0.6666666666666666
 40
0.6666666666666666
 40
0.6666666666666666
 40
1.0
 40
1.0
 40
1.0
 40
1.0
 10
-11.91247
 20
-1.13674
 30
0.0
 10
-11.91247
 20
-1.13674
 30
0.0
 10
-11.91247
 20
-1.13674
 30
0.0
 10
-11.91247
 20
-1.13674
 30
0.0
 10
-11.91247
 20
-1.13674
 30
0.0
 10
-11.916
 20
-1.13674
 30
0.0
 10
-11.916
 20
-1.13674
 30
0.0
 10
-11.916
 20
-1.13674
 30
0.0
 10
-11.916
 20
-1.14027
 30
0.0
 10
-11.916
 20
-1.14027
 30
0.0
  0
SPLINE
  5
246
330
1F
100
AcDbEntity
  8
Camada 1
 62
   251
370
     9
100
AcDbSpline
210
0.0
220
0.0
230
1.0
 70
     8
 71
     3
 72
    26
 73
    22
 74
     0
 42
0.0000000001
 43
0.0000000001
 40
0.0
 40
0.0
 40
0.0
 40
0.0
 40
0.1428571428571428
 40
0.1428571428571428
 40
0.1428571428571428
 40
0.2857142857142857
 40
0.2857142857142857
 40
0.2857142857142857
 40
0.4285714285714285
 40
0.4285714285714285
 40
0.4285714285714285
 40
0.5714285714285714
 40
0.5714285714285714
 40
0.5714285714285714
 40
0.7142857142857142
 40
0.7142857142857142
 40
0.7142857142857142
 40
0.8571428571428571
 40
0.8571428571428571
 40
0.8571428571428571
 40
1.0
 40
1.0
 40
1.0
 40
1.0
 10
-11.92658
 20
-1.14027
 30
0.0
 10
-11.92658
 20
-1.14027
 30
0.0
 10
-11.92658
 20
-1.13674
 30
0.0
 10
-11.92658
 20
-1.13674
 30
0.0
 10
-11.92658
 20
-1.13674
 30
0.0
 10
-11.92658
 20
-1.13321
 30
0.0
 10
-11.92658
 20
-1.13321
 30
0.0
 10
-11.92658
 20
-1.13321
 30
0.0
 10
-11.92305
 20
-1.13321
 30
0.0
 10
-11.92305
 20
-1.13321
 30
0.0
 10
-11.92305
 20
-1.13321
 30
0.0
 10
-11.92305
 20
-1.12968
 30
0.0
 10
-11.92305
 20
-1.12968
 30
0.0
 10
-11.92305
 20
-1.12968
 30
0.0
 10
-11.91953
 20
-1.12968
 30
0.0
 10
-11.91953
 20
-1.12968
 30
0.0
 10
-11.91953
 20
-1.12968
 30
0.0
 10
-11.916
 20
-1.12615
 30
0.0
 10
-11.916
 20
-1.12615
 30
0.0
 10
-11.916
 20
-1.12615
 30
0.0
 10
-11.91247
 20
-1.12615
 30
0.0
 10
-11.91247
 20
-1.12615
 30
0.0
  0
SPLINE
  5
247
330
1F
100
AcDbEntity
  8
Camada 1
 62
   251
370
     9
100
AcDbSpline
210
0.0
220
0.0
230
1.0
 70
     8
 71
     3
 72
    23
 73
    19
 74
     0
 42
0.0000000001
 43
0.0000000001
 40
0.0
 40
0.0
 40
0.0
 40
0.0
 40
0.1666666666666667
 40
0.1666666666666667
 40
0.1666666666666667
 40
0.3333333333333333
 40
0.3333333333333333
 40
0.3333333333333333
 40
0.5
 40
0.5
 40
0.5
 40
0.6666666666666666
 40
0.6666666666666666
 40
0.6666666666666666
 40
0.8333333333333333
 40
0.8333333333333333
 40
0.8333333333333333
 40
1.0
 40
1.0
 40
1.0
 40
1.0
 10
-7.44278
 20
-1.12615
 30
0.0
 10
-7.44278
 20
-1.12615
 30
0.0
 10
-7.43925
 20
-1.12615
 30
0.0
 10
-7.43925
 20
-1.12615
 30
0.0
 10
-7.43925
 20
-1.12615
 30
0.0
 10
-7.43572
 20
-1.12615
 30
0.0
 10
-7.43572
 20
-1.12615
 30
0.0
 10
-7.43572
 20
-1.12615
 30
0.0
 10
-7.43219
 20
-1.12968
 30
0.0
 10
-7.43219
 20
-1.12968
 30
0.0
 10
-7.43219
 20
-1.12968
 30
0.0
 10
-7.42866
 20
-1.13321
 30
0.0
 10
-7.42866
 20
-1.13321
 30
0.0
 10
-7.42866
 20
-1.13321
 30
0.0
 10
-7.42514
 20
-1.13674
 30
0.0
 10
-7.42514
 20
-1.13674
 30
0.0
 10
-7.42514
 20
-1.13674
 30
0.0
 10
-7.42514
 20
-1.14027
 30
0.0
 10
-7.42514
 20
-1.14027
 30
0.0
  0
SPLINE
  5
248
330
1F
100
AcDbEntity
  8
Camada 1
 62
   251
370
     9
100
AcDbSpline
210
0.0
220
0.0
230
1.0
 70
     8
 71
     3
 72
    17
 73
    13
 74
     0
 42
0.0000000001
 43
0.0000000001
 40
0.0
 40
0.0
 40
0.0
 40
0.0
 40
0.25
 40
0.25
 40
0.25
 40
0.5
 40
0.5
 40
0.5
 40
0.75
 40
0.75
 40
0.75
 40
1.0
 40
1.0
 40
1.0
 40
1.0
 10
-7.43572
 20
-1.14027
 30
0.0
 10
-7.43572
 20
-1.14027
 30
0.0
 10
-7.43572
 20
-1.14027
 30
0.0
 10
-7.43572
 20
-1.14027
 30
0.0
 10
-7.43572
 20
-1.14027
 30
0.0
 10
-7.43572
 20
-1.13674
 30
0.0
 10
-7.43572
 20
-1.13674
 30
0.0
 10
-7.43572
 20
-1.13674
 30
0.0
 10
-7.43925
 20
-1.13674
 30
0.0
 10
-7.43925
 20
-1.13674
 30
0.0
 10
-7.43925
 20
-1.13674
 30
0.0
 10
-7.44278
 20
-1.13674
 30
0.0
 10
-7.44278
 20
-1.13674
 30
0.0
  0
SPLINE
  5
249
330
1F
100
AcDbEntity
  8
Camada 1
 62
   251
370
     9
100
AcDbSpline
210
0.0
220
0.0
230
1.0
 70
     8
 71
     3
 72
    29
 73
    25
 74
     0
 42
0.0000000001
 43
0.0000000001
 40
0.0
 40
0.0
 40
0.0
 40
0.0
 40
0.125
 40
0.125
 40
0.125
 40
0.25
 40
0.25
 40
0.25
 40
0.375
 40
0.375
 40
0.375
 40
0.5
 40
0.5
 40
0.5
 40
0.625
 40
0.625
 40
0.625
 40
0.75
 40
0.75
 40
0.75
 40
0.875
 40
0.875
 40
0.875
 40
1.0
 40
1.0
 40
1.0
 40
1.0
 10
-10.75536
 20
-3.12993
 30
0.0
 10
-10.75536
 20
-3.12993
 30
0.0
 10
-10.7483
 20
-3.13699
 30
0.0
 10
-10.7483
 20
-3.13699
 30
0.0
 10
-10.7483
 20
-3.13699
 30
0.0
 10
-10.74125
 20
-3.14404
 30
0.0
 10
-10.74125
 20
-3.14404
 30
0.0
 10
-10.74125
 20
-3.14404
 30
0.0
 10
-10.73066
 20
-3.14757
 30
0.0
 10
-10.73066
 20
-3.14757
 30
0.0
 10
-10.73066
 20
-3.14757
 30
0.0
 10
-10.72361
 20
-3.1511
 30
0.0
 10
-10.72361
 20
-3.1511
 30
0.0
 10
-10.72361
 20
-3.1511
 30
0.0
 10
-10.71303
 20
-3.15463
 30
0.0
 10
-10.71303
 20
-3.15463
 30
0.0
 10
-10.71303
 20
-3.15463
 30
0.0
 10
-10.70597
 20
-3.15815
 30
0.0
 10
-10.70597
 20
-3.15815
 30
0.0
 10
-10.70597
 20
-3.15815
 30
0.0
 10
-10.69539
 20
-3.16168
 30
0.0
 10
-10.69539
 20
-3.16168
 30
0.0
 10
-10.69539
 20
-3.16168
 30
0.0
 10
-10.6848
 20
-3.16168
 30
0.0
 10
-10.6848
 20
-3.16168
 30
0.0
  0
SPLINE
  5
24A
330
1F
100
AcDbEntity
  8
Camada 1
 62
   251
370
     9
100
AcDbSpline
210
0.0
220
0.0
230
1.0
 70
    24
 71
     3
 72
     8
 73
     4
 74
     0
 42
0.0000000001
 43
0.0000000001
 40
0.0
 40
0.0
 40
0.0
 40
0.0
 40
1.0
 40
1.0
 40
1.0
 40
1.0
 10
-10.6848
 20
-3.16168
 30
0.0
 10
-10.6848
 20
-3.16168
 30
0.0
 10
-8.66691
 20
-3.16168
 30
0.0
 10
-8.66691
 20
-3.16168
 30
0.0
  0
SPLINE
  5
24B
330
1F
100
AcDbEntity
  8
Camada 1
 62
   251
370
     9
100
AcDbSpline
210
0.0
220
0.0
230
1.0
 70
     8
 71
     3
 72
    29
 73
    25
 74
     0
 42
0.0000000001
 43
0.0000000001
 40
0.0
 40
0.0
 40
0.0
 40
0.0
 40
0.125
 40
0.125
 40
0.125
 40
0.25
 40
0.25
 40
0.25
 40
0.375
 40
0.375
 40
0.375
 40
0.5
 40
0.5
 40
0.5
 40
0.625
 40
0.625
 40
0.625
 40
0.75
 40
0.75
 40
0.75
 40
0.875
 40
0.875
 40
0.875
 40
1.0
 40
1.0
 40
1.0
 40
1.0
 10
-8.66691
 20
-3.16168
 30
0.0
 10
-8.66691
 20
-3.16168
 30
0.0
 10
-8.65633
 20
-3.16168
 30
0.0
 10
-8.65633
 20
-3.16168
 30
0.0
 10
-8.65633
 20
-3.16168
 30
0.0
 10
-8.64928
 20
-3.15815
 30
0.0
 10
-8.64928
 20
-3.15815
 30
0.0
 10
-8.64928
 20
-3.15815
 30
0.0
 10
-8.63869
 20
-3.15463
 30
0.0
 10
-8.63869
 20
-3.15463
 30
0.0
 10
-8.63869
 20
-3.15463
 30
0.0
 10
-8.62811
 20
-3.1511
 30
0.0
 10
-8.62811
 20
-3.1511
 30
0.0
 10
-8.62811
 20
-3.1511
 30
0.0
 10
-8.62105
 20
-3.14757
 30
0.0
 10
-8.62105
 20
-3.14757
 30
0.0
 10
-8.62105
 20
-3.14757
 30
0.0
 10
-8.61047
 20
-3.14404
 30
0.0
 10
-8.61047
 20
-3.14404
 30
0.0
 10
-8.61047
 20
-3.14404
 30
0.0
 10
-8.60341
 20
-3.13699
 30
0.0
 10
-8.60341
 20
-3.13699
 30
0.0
 10
-8.60341
 20
-3.13699
 30
0.0
 10
-8.59636
 20
-3.12993
 30
0.0
 10
-8.59636
 20
-3.12993
 30
0.0
  0
SPLINE
  5
24C
330
1F
100
AcDbEntity
  8
Camada 1
 62
   251
370
     9
100
AcDbSpline
210
0.0
220
0.0
230
1.0
 70
    24
 71
     3
 72
     8
 73
     4
 74
     0
 42
0.0000000001
 43
0.0000000001
 40
0.0
 40
0.0
 40
0.0
 40
0.0
 40
1.0
 40
1.0
 40
1.0
 40
1.0
 10
-8.59636
 20
-3.12993
 30
0.0
 10
-8.59636
 20
-3.12993
 30
0.0
 10
-7.7885
 20
-2.32207
 30
0.0
 10
-7.7885
 20
-2.32207
 30
0.0
  0
SPLINE
  5
24D
330
1F
100
AcDbEntity
  8
Camada 1
 62
   251
370
     9
100
AcDbSpline
210
0.0
220
0.0
230
1.0
 70
     8
 71
     3
 72
    29
 73
    25
 74
     0
 42
0.0000000001
 43
0.0000000001
 40
0.0
 40
0.0
 40
0.0
 40
0.0
 40
0.125
 40
0.125
 40
0.125
 40
0.25
 40
0.25
 40
0.25
 40
0.375
 40
0.375
 40
0.375
 40
0.5
 40
0.5
 40
0.5
 40
0.625
 40
0.625
 40
0.625
 40
0.75
 40
0.75
 40
0.75
 40
0.875
 40
0.875
 40
0.875
 40
1.0
 40
1.0
 40
1.0
 40
1.0
 10
-7.7885
 20
-2.32207
 30
0.0
 10
-7.7885
 20
-2.32207
 30
0.0
 10
-7.77439
 20
-2.30443
 30
0.0
 10
-7.77439
 20
-2.30443
 30
0.0
 10
-7.77439
 20
-2.30443
 30
0.0
 10
-7.7638
 20
-2.29032
 30
0.0
 10
-7.7638
 20
-2.29032
 30
0.0
 10
-7.7638
 20
-2.29032
 30
0.0
 10
-7.76028
 20
-2.26916
 30
0.0
 10
-7.76028
 20
-2.26916
 30
0.0
 10
-7.76028
 20
-2.26916
 30
0.0
 10
-7.75675
 20
-2.25152
 30
0.0
 10
-7.75675
 20
-2.25152
 30
0.0
 10
-7.75675
 20
-2.25152
 30
0.0
 10
-7.76028
 20
-2.23035
 30
0.0
 10
-7.76028
 20
-2.23035
 30
0.0
 10
-7.76028
 20
-2.23035
 30
0.0
 10
-7.7638
 20
-2.21271
 30
0.0
 10
-7.7638
 20
-2.21271
 30
0.0
 10
-7.7638
 20
-2.21271
 30
0.0
 10
-7.77439
 20
-2.19507
 30
0.0
 10
-7.77439
 20
-2.19507
 30
0.0
 10
-7.77439
 20
-2.19507
 30
0.0
 10
-7.7885
 20
-2.18096
 30
0.0
 10
-7.7885
 20
-2.18096
 30
0.0
  0
SPLINE
  5
24E
330
1F
100
AcDbEntity
  8
Camada 1
 62
   251
370
     9
100
AcDbSpline
210
0.0
220
0.0
230
1.0
 70
    24
 71
     3
 72
     8
 73
     4
 74
     0
 42
0.0000000001
 43
0.0000000001
 40
0.0
 40
0.0
 40
0.0
 40
0.0
 40
1.0
 40
1.0
 40
1.0
 40
1.0
 10
-7.7885
 20
-2.18096
 30
0.0
 10
-7.7885
 20
-2.18096
 30
0.0
 10
-8.59636
 20
-1.36957
 30
0.0
 10
-8.59636
 20
-1.36957
 30
0.0
  0
SPLINE
  5
24F
330
1F
100
AcDbEntity
  8
Camada 1
 62
   251
370
     9
100
AcDbSpline
210
0.0
220
0.0
230
1.0
 70
     8
 71
     3
 72
    29
 73
    25
 74
     0
 42
0.0000000001
 43
0.0000000001
 40
0.0
 40
0.0
 40
0.0
 40
0.0
 40
0.125
 40
0.125
 40
0.125
 40
0.25
 40
0.25
 40
0.25
 40
0.375
 40
0.375
 40
0.375
 40
0.5
 40
0.5
 40
0.5
 40
0.625
 40
0.625
 40
0.625
 40
0.75
 40
0.75
 40
0.75
 40
0.875
 40
0.875
 40
0.875
 40
1.0
 40
1.0
 40
1.0
 40
1.0
 10
-8.59636
 20
-1.36957
 30
0.0
 10
-8.59636
 20
-1.36957
 30
0.0
 10
-8.60341
 20
-1.36252
 30
0.0
 10
-8.60341
 20
-1.36252
 30
0.0
 10
-8.60341
 20
-1.36252
 30
0.0
 10
-8.61047
 20
-1.35899
 30
0.0
 10
-8.61047
 20
-1.35899
 30
0.0
 10
-8.61047
 20
-1.35899
 30
0.0
 10
-8.62105
 20
-1.35193
 30
0.0
 10
-8.62105
 20
-1.35193
 30
0.0
 10
-8.62105
 20
-1.35193
 30
0.0
 10
-8.62811
 20
-1.34841
 30
0.0
 10
-8.62811
 20
-1.34841
 30
0.0
 10
-8.62811
 20
-1.34841
 30
0.0
 10
-8.63869
 20
-1.34488
 30
0.0
 10
-8.63869
 20
-1.34488
 30
0.0
 10
-8.63869
 20
-1.34488
 30
0.0
 10
-8.64928
 20
-1.34135
 30
0.0
 10
-8.64928
 20
-1.34135
 30
0.0
 10
-8.64928
 20
-1.34135
 30
0.0
 10
-8.65633
 20
-1.34135
 30
0.0
 10
-8.65633
 20
-1.34135
 30
0.0
 10
-8.65633
 20
-1.34135
 30
0.0
 10
-8.66691
 20
-1.34135
 30
0.0
 10
-8.66691
 20
-1.34135
 30
0.0
  0
SPLINE
  5
250
330
1F
100
AcDbEntity
  8
Camada 1
 62
   251
370
     9
100
AcDbSpline
210
0.0
220
0.0
230
1.0
 70
    24
 71
     3
 72
     8
 73
     4
 74
     0
 42
0.0000000001
 43
0.0000000001
 40
0.0
 40
0.0
 40
0.0
 40
0.0
 40
1.0
 40
1.0
 40
1.0
 40
1.0
 10
-8.66691
 20
-1.34135
 30
0.0
 10
-8.66691
 20
-1.34135
 30
0.0
 10
-10.6848
 20
-1.34135
 30
0.0
 10
-10.6848
 20
-1.34135
 30
0.0
  0
SPLINE
  5
251
330
1F
100
AcDbEntity
  8
Camada 1
 62
   251
370
     9
100
AcDbSpline
210
0.0
220
0.0
230
1.0
 70
     8
 71
     3
 72
    29
 73
    25
 74
     0
 42
0.0000000001
 43
0.0000000001
 40
0.0
 40
0.0
 40
0.0
 40
0.0
 40
0.125
 40
0.125
 40
0.125
 40
0.25
 40
0.25
 40
0.25
 40
0.375
 40
0.375
 40
0.375
 40
0.5
 40
0.5
 40
0.5
 40
0.625
 40
0.625
 40
0.625
 40
0.75
 40
0.75
 40
0.75
 40
0.875
 40
0.875
 40
0.875
 40
1.0
 40
1.0
 40
1.0
 40
1.0
 10
-10.6848
 20
-1.34135
 30
0.0
 10
-10.6848
 20
-1.34135
 30
0.0
 10
-10.69539
 20
-1.34135
 30
0.0
 10
-10.69539
 20
-1.34135
 30
0.0
 10
-10.69539
 20
-1.34135
 30
0.0
 10
-10.70597
 20
-1.34135
 30
0.0
 10
-10.70597
 20
-1.34135
 30
0.0
 10
-10.70597
 20
-1.34135
 30
0.0
 10
-10.71303
 20
-1.34488
 30
0.0
 10
-10.71303
 20
-1.34488
 30
0.0
 10
-10.71303
 20
-1.34488
 30
0.0
 10
-10.72361
 20
-1.34841
 30
0.0
 10
-10.72361
 20
-1.34841
 30
0.0
 10
-10.72361
 20
-1.34841
 30
0.0
 10
-10.73066
 20
-1.35193
 30
0.0
 10
-10.73066
 20
-1.35193
 30
0.0
 10
-10.73066
 20
-1.35193
 30
0.0
 10
-10.74125
 20
-1.35899
 30
0.0
 10
-10.74125
 20
-1.35899
 30
0.0
 10
-10.74125
 20
-1.35899
 30
0.0
 10
-10.7483
 20
-1.36252
 30
0.0
 10
-10.7483
 20
-1.36252
 30
0.0
 10
-10.7483
 20
-1.36252
 30
0.0
 10
-10.75536
 20
-1.36957
 30
0.0
 10
-10.75536
 20
-1.36957
 30
0.0
  0
SPLINE
  5
252
330
1F
100
AcDbEntity
  8
Camada 1
 62
   251
370
     9
100
AcDbSpline
210
0.0
220
0.0
230
1.0
 70
    24
 71
     3
 72
     8
 73
     4
 74
     0
 42
0.0000000001
 43
0.0000000001
 40
0.0
 40
0.0
 40
0.0
 40
0.0
 40
1.0
 40
1.0
 40
1.0
 40
1.0
 10
-10.75536
 20
-1.36957
 30
0.0
 10
-10.75536
 20
-1.36957
 30
0.0
 10
-11.56675
 20
-2.18096
 30
0.0
 10
-11.56675
 20
-2.18096
 30
0.0
  0
SPLINE
  5
253
330
1F
100
AcDbEntity
  8
Camada 1
 62
   251
370
     9
100
AcDbSpline
210
0.0
220
0.0
230
1.0
 70
     8
 71
     3
 72
    29
 73
    25
 74
     0
 42
0.0000000001
 43
0.0000000001
 40
0.0
 40
0.0
 40
0.0
 40
0.0
 40
0.125
 40
0.125
 40
0.125
 40
0.25
 40
0.25
 40
0.25
 40
0.375
 40
0.375
 40
0.375
 40
0.5
 40
0.5
 40
0.5
 40
0.625
 40
0.625
 40
0.625
 40
0.75
 40
0.75
 40
0.75
 40
0.875
 40
0.875
 40
0.875
 40
1.0
 40
1.0
 40
1.0
 40
1.0
 10
-11.56675
 20
-2.18096
 30
0.0
 10
-11.56675
 20
-2.18096
 30
0.0
 10
-11.57733
 20
-2.19507
 30
0.0
 10
-11.57733
 20
-2.19507
 30
0.0
 10
-11.57733
 20
-2.19507
 30
0.0
 10
-11.58791
 20
-2.21271
 30
0.0
 10
-11.58791
 20
-2.21271
 30
0.0
 10
-11.58791
 20
-2.21271
 30
0.0
 10
-11.59144
 20
-2.23035
 30
0.0
 10
-11.59144
 20
-2.23035
 30
0.0
 10
-11.59144
 20
-2.23035
 30
0.0
 10
-11.59497
 20
-2.25152
 30
0.0
 10
-11.59497
 20
-2.25152
 30
0.0
 10
-11.59497
 20
-2.25152
 30
0.0
 10
-11.59144
 20
-2.26916
 30
0.0
 10
-11.59144
 20
-2.26916
 30
0.0
 10
-11.59144
 20
-2.26916
 30
0.0
 10
-11.58791
 20
-2.29032
 30
0.0
 10
-11.58791
 20
-2.29032
 30
0.0
 10
-11.58791
 20
-2.29032
 30
0.0
 10
-11.57733
 20
-2.30443
 30
0.0
 10
-11.57733
 20
-2.30443
 30
0.0
 10
-11.57733
 20
-2.30443
 30
0.0
 10
-11.56675
 20
-2.32207
 30
0.0
 10
-11.56675
 20
-2.32207
 30
0.0
  0
SPLINE
  5
254
330
1F
100
AcDbEntity
  8
Camada 1
 62
   251
370
     9
100
AcDbSpline
210
0.0
220
0.0
230
1.0
 70
    24
 71
     3
 72
     8
 73
     4
 74
     0
 42
0.0000000001
 43
0.0000000001
 40
0.0
 40
0.0
 40
0.0
 40
0.0
 40
1.0
 40
1.0
 40
1.0
 40
1.0
 10
-11.56675
 20
-2.32207
 30
0.0
 10
-11.56675
 20
-2.32207
 30
0.0
 10
-10.75536
 20
-3.12993
 30
0.0
 10
-10.75536
 20
-3.12993
 30
0.0
  0
SPLINE
  5
255
330
1F
100
AcDbEntity
  8
Camada 1
 62
   251
370
     9
100
AcDbSpline
210
0.0
220
0.0
230
1.0
 70
    24
 71
     3
 72
     8
 73
     4
 74
     0
 42
0.0000000001
 43
0.0000000001
 40
0.0
 40
0.0
 40
0.0
 40
0.0
 40
1.0
 40
1.0
 40
1.0
 40
1.0
 10
-11.93011
 20
-1.14027
 30
0.0
 10
-11.93011
 20
-1.14027
 30
0.0
 10
-11.93011
 20
-3.35924
 30
0.0
 10
-11.93011
 20
-3.35924
 30
0.0
  0
SPLINE
  5
256
330
1F
100
AcDbEntity
  8
Camada 1
 62
   251
370
     9
100
AcDbSpline
210
0.0
220
0.0
230
1.0
 70
    24
 71
     3
 72
     8
 73
     4
 74
     0
 42
0.0000000001
 43
0.0000000001
 40
0.0
 40
0.0
 40
0.0
 40
0.0
 40
1.0
 40
1.0
 40
1.0
 40
1.0
 10
-11.92658
 20
-1.14027
 30
0.0
 10
-11.92658
 20
-1.14027
 30
0.0
 10
-11.93011
 20
-1.14027
 30
0.0
 10
-11.93011
 20
-1.14027
 30
0.0
  0
SPLINE
  5
257
330
1F
100
AcDbEntity
  8
Camada 1
 62
   251
370
     9
100
AcDbSpline
210
0.0
220
0.0
230
1.0
 70
    24
 71
     3
 72
     8
 73
     4
 74
     0
 42
0.0000000001
 43
0.0000000001
 40
0.0
 40
0.0
 40
0.0
 40
0.0
 40
1.0
 40
1.0
 40
1.0
 40
1.0
 10
-11.92658
 20
-3.35924
 30
0.0
 10
-11.92658
 20
-3.35924
 30
0.0
 10
-11.93011
 20
-3.35924
 30
0.0
 10
-11.93011
 20
-3.35924
 30
0.0
  0
SPLINE
  5
258
330
1F
100
AcDbEntity
  8
Camada 1
 62
   251
370
     9
100
AcDbSpline
210
0.0
220
0.0
230
1.0
 70
     8
 71
     3
 72
    29
 73
    25
 74
     0
 42
0.0000000001
 43
0.0000000001
 40
0.0
 40
0.0
 40
0.0
 40
0.0
 40
0.125
 40
0.125
 40
0.125
 40
0.25
 40
0.25
 40
0.25
 40
0.375
 40
0.375
 40
0.375
 40
0.5
 40
0.5
 40
0.5
 40
0.625
 40
0.625
 40
0.625
 40
0.75
 40
0.75
 40
0.75
 40
0.875
 40
0.875
 40
0.875
 40
1.0
 40
1.0
 40
1.0
 40
1.0
 10
-11.93011
 20
-3.35924
 30
0.0
 10
-11.93011
 20
-3.35924
 30
0.0
 10
-11.93011
 20
-3.36277
 30
0.0
 10
-11.93011
 20
-3.36277
 30
0.0
 10
-11.93011
 20
-3.36277
 30
0.0
 10
-11.93011
 20
-3.36982
 30
0.0
 10
-11.93011
 20
-3.36982
 30
0.0
 10
-11.93011
 20
-3.36982
 30
0.0
 10
-11.92658
 20
-3.36982
 30
0.0
 10
-11.92658
 20
-3.36982
 30
0.0
 10
-11.92658
 20
-3.36982
 30
0.0
 10
-11.92658
 20
-3.37335
 30
0.0
 10
-11.92658
 20
-3.37335
 30
0.0
 10
-11.92658
 20
-3.37335
 30
0.0
 10
-11.92305
 20
-3.37688
 30
0.0
 10
-11.92305
 20
-3.37688
 30
0.0
 10
-11.92305
 20
-3.37688
 30
0.0
 10
-11.91953
 20
-3.38041
 30
0.0
 10
-11.91953
 20
-3.38041
 30
0.0
 10
-11.91953
 20
-3.38041
 30
0.0
 10
-11.916
 20
-3.38041
 30
0.0
 10
-11.916
 20
-3.38041
 30
0.0
 10
-11.916
 20
-3.38041
 30
0.0
 10
-11.91247
 20
-3.38041
 30
0.0
 10
-11.91247
 20
-3.38041
 30
0.0
  0
SPLINE
  5
259
330
1F
100
AcDbEntity
  8
Camada 1
 62
   251
370
     9
100
AcDbSpline
210
0.0
220
0.0
230
1.0
 70
    24
 71
     3
 72
     8
 73
     4
 74
     0
 42
0.0000000001
 43
0.0000000001
 40
0.0
 40
0.0
 40
0.0
 40
0.0
 40
1.0
 40
1.0
 40
1.0
 40
1.0
 10
-11.91247
 20
-3.37688
 30
0.0
 10
-11.91247
 20
-3.37688
 30
0.0
 10
-11.91247
 20
-3.38041
 30
0.0
 10
-11.91247
 20
-3.38041
 30
0.0
  0
SPLINE
  5
25A
330
1F
100
AcDbEntity
  8
Camada 1
 62
   251
370
     9
100
AcDbSpline
210
0.0
220
0.0
230
1.0
 70
    24
 71
     3
 72
     8
 73
     4
 74
     0
 42
0.0000000001
 43
0.0000000001
 40
0.0
 40
0.0
 40
0.0
 40
0.0
 40
1.0
 40
1.0
 40
1.0
 40
1.0
 10
-11.91247
 20
-3.38041
 30
0.0
 10
-11.91247
 20
-3.38041
 30
0.0
 10
-7.44278
 20
-3.38041
 30
0.0
 10
-7.44278
 20
-3.38041
 30
0.0
  0
SPLINE
  5
25B
330
1F
100
AcDbEntity
  8
Camada 1
 62
   251
370
     9
100
AcDbSpline
210
0.0
220
0.0
230
1.0
 70
    24
 71
     3
 72
     8
 73
     4
 74
     0
 42
0.0000000001
 43
0.0000000001
 40
0.0
 40
0.0
 40
0.0
 40
0.0
 40
1.0
 40
1.0
 40
1.0
 40
1.0
 10
-7.44278
 20
-3.37688
 30
0.0
 10
-7.44278
 20
-3.37688
 30
0.0
 10
-7.44278
 20
-3.38041
 30
0.0
 10
-7.44278
 20
-3.38041
 30
0.0
  0
SPLINE
  5
25C
330
1F
100
AcDbEntity
  8
Camada 1
 62
   251
370
     9
100
AcDbSpline
210
0.0
220
0.0
230
1.0
 70
     8
 71
     3
 72
    29
 73
    25
 74
     0
 42
0.0000000001
 43
0.0000000001
 40
0.0
 40
0.0
 40
0.0
 40
0.0
 40
0.125
 40
0.125
 40
0.125
 40
0.25
 40
0.25
 40
0.25
 40
0.375
 40
0.375
 40
0.375
 40
0.5
 40
0.5
 40
0.5
 40
0.625
 40
0.625
 40
0.625
 40
0.75
 40
0.75
 40
0.75
 40
0.875
 40
0.875
 40
0.875
 40
1.0
 40
1.0
 40
1.0
 40
1.0
 10
-11.91247
 20
-1.1191
 30
0.0
 10
-11.91247
 20
-1.1191
 30
0.0
 10
-11.916
 20
-1.1191
 30
0.0
 10
-11.916
 20
-1.1191
 30
0.0
 10
-11.916
 20
-1.1191
 30
0.0
 10
-11.91953
 20
-1.12263
 30
0.0
 10
-11.91953
 20
-1.12263
 30
0.0
 10
-11.91953
 20
-1.12263
 30
0.0
 10
-11.92305
 20
-1.12263
 30
0.0
 10
-11.92305
 20
-1.12263
 30
0.0
 10
-11.92305
 20
-1.12263
 30
0.0
 10
-11.92658
 20
-1.12615
 30
0.0
 10
-11.92658
 20
-1.12615
 30
0.0
 10
-11.92658
 20
-1.12615
 30
0.0
 10
-11.92658
 20
-1.12968
 30
0.0
 10
-11.92658
 20
-1.12968
 30
0.0
 10
-11.92658
 20
-1.12968
 30
0.0
 10
-11.93011
 20
-1.13321
 30
0.0
 10
-11.93011
 20
-1.13321
 30
0.0
 10
-11.93011
 20
-1.13321
 30
0.0
 10
-11.93011
 20
-1.13674
 30
0.0
 10
-11.93011
 20
-1.13674
 30
0.0
 10
-11.93011
 20
-1.13674
 30
0.0
 10
-11.93011
 20
-1.14027
 30
0.0
 10
-11.93011
 20
-1.14027
 30
0.0
  0
SPLINE
  5
25D
330
1F
100
AcDbEntity
  8
Camada 1
 62
   251
370
     9
100
AcDbSpline
210
0.0
220
0.0
230
1.0
 70
    24
 71
     3
 72
     8
 73
     4
 74
     0
 42
0.0000000001
 43
0.0000000001
 40
0.0
 40
0.0
 40
0.0
 40
0.0
 40
1.0
 40
1.0
 40
1.0
 40
1.0
 10
-11.91247
 20
-1.12615
 30
0.0
 10
-11.91247
 20
-1.12615
 30
0.0
 10
-11.91247
 20
-1.1191
 30
0.0
 10
-11.91247
 20
-1.1191
 30
0.0
  0
SPLINE
  5
25E
330
1F
100
AcDbEntity
  8
Camada 1
 62
   251
370
     9
100
AcDbSpline
210
0.0
220
0.0
230
1.0
 70
    24
 71
     3
 72
     8
 73
     4
 74
     0
 42
0.0000000001
 43
0.0000000001
 40
0.0
 40
0.0
 40
0.0
 40
0.0
 40
1.0
 40
1.0
 40
1.0
 40
1.0
 10
-7.42161
 20
-3.35924
 30
0.0
 10
-7.42161
 20
-3.35924
 30
0.0
 10
-7.42161
 20
-1.14027
 30
0.0
 10
-7.42161
 20
-1.14027
 30
0.0
  0
SPLINE
  5
25F
330
1F
100
AcDbEntity
  8
Camada 1
 62
   251
370
     9
100
AcDbSpline
210
0.0
220
0.0
230
1.0
 70
    24
 71
     3
 72
     8
 73
     4
 74
     0
 42
0.0000000001
 43
0.0000000001
 40
0.0
 40
0.0
 40
0.0
 40
0.0
 40
1.0
 40
1.0
 40
1.0
 40
1.0
 10
-7.42514
 20
-3.35924
 30
0.0
 10
-7.42514
 20
-3.35924
 30
0.0
 10
-7.42161
 20
-3.35924
 30
0.0
 10
-7.42161
 20
-3.35924
 30
0.0
  0
SPLINE
  5
260
330
1F
100
AcDbEntity
  8
Camada 1
 62
   251
370
     9
100
AcDbSpline
210
0.0
220
0.0
230
1.0
 70
    24
 71
     3
 72
     8
 73
     4
 74
     0
 42
0.0000000001
 43
0.0000000001
 40
0.0
 40
0.0
 40
0.0
 40
0.0
 40
1.0
 40
1.0
 40
1.0
 40
1.0
 10
-7.42514
 20
-1.14027
 30
0.0
 10
-7.42514
 20
-1.14027
 30
0.0
 10
-7.42161
 20
-1.14027
 30
0.0
 10
-7.42161
 20
-1.14027
 30
0.0
  0
SPLINE
  5
261
330
1F
100
AcDbEntity
  8
Camada 1
 62
   251
370
     9
100
AcDbSpline
210
0.0
220
0.0
230
1.0
 70
     8
 71
     3
 72
    29
 73
    25
 74
     0
 42
0.0000000001
 43
0.0000000001
 40
0.0
 40
0.0
 40
0.0
 40
0.0
 40
0.125
 40
0.125
 40
0.125
 40
0.25
 40
0.25
 40
0.25
 40
0.375
 40
0.375
 40
0.375
 40
0.5
 40
0.5
 40
0.5
 40
0.625
 40
0.625
 40
0.625
 40
0.75
 40
0.75
 40
0.75
 40
0.875
 40
0.875
 40
0.875
 40
1.0
 40
1.0
 40
1.0
 40
1.0
 10
-7.42161
 20
-1.14027
 30
0.0
 10
-7.42161
 20
-1.14027
 30
0.0
 10
-7.42161
 20
-1.13674
 30
0.0
 10
-7.42161
 20
-1.13674
 30
0.0
 10
-7.42161
 20
-1.13674
 30
0.0
 10
-7.42161
 20
-1.13321
 30
0.0
 10
-7.42161
 20
-1.13321
 30
0.0
 10
-7.42161
 20
-1.13321
 30
0.0
 10
-7.42514
 20
-1.12968
 30
0.0
 10
-7.42514
 20
-1.12968
 30
0.0
 10
-7.42514
 20
-1.12968
 30
0.0
 10
-7.42866
 20
-1.12615
 30
0.0
 10
-7.42866
 20
-1.12615
 30
0.0
 10
-7.42866
 20
-1.12615
 30
0.0
 10
-7.42866
 20
-1.12263
 30
0.0
 10
-7.42866
 20
-1.12263
 30
0.0
 10
-7.42866
 20
-1.12263
 30
0.0
 10
-7.43219
 20
-1.12263
 30
0.0
 10
-7.43219
 20
-1.12263
 30
0.0
 10
-7.43219
 20
-1.12263
 30
0.0
 10
-7.43572
 20
-1.1191
 30
0.0
 10
-7.43572
 20
-1.1191
 30
0.0
 10
-7.43572
 20
-1.1191
 30
0.0
 10
-7.44278
 20
-1.1191
 30
0.0
 10
-7.44278
 20
-1.1191
 30
0.0
  0
SPLINE
  5
262
330
1F
100
AcDbEntity
  8
Camada 1
 62
   251
370
     9
100
AcDbSpline
210
0.0
220
0.0
230
1.0
 70
    24
 71
     3
 72
     8
 73
     4
 74
     0
 42
0.0000000001
 43
0.0000000001
 40
0.0
 40
0.0
 40
0.0
 40
0.0
 40
1.0
 40
1.0
 40
1.0
 40
1.0
 10
-7.44278
 20
-1.12615
 30
0.0
 10
-7.44278
 20
-1.12615
 30
0.0
 10
-7.44278
 20
-1.1191
 30
0.0
 10
-7.44278
 20
-1.1191
 30
0.0
  0
SPLINE
  5
263
330
1F
100
AcDbEntity
  8
Camada 1
 62
   251
370
     9
100
AcDbSpline
210
0.0
220
0.0
230
1.0
 70
    24
 71
     3
 72
     8
 73
     4
 74
     0
 42
0.0000000001
 43
0.0000000001
 40
0.0
 40
0.0
 40
0.0
 40
0.0
 40
1.0
 40
1.0
 40
1.0
 40
1.0
 10
-7.44278
 20
-1.1191
 30
0.0
 10
-7.44278
 20
-1.1191
 30
0.0
 10
-11.91247
 20
-1.1191
 30
0.0
 10
-11.91247
 20
-1.1191
 30
0.0
  0
SPLINE
  5
264
330
1F
100
AcDbEntity
  8
Camada 1
 62
   251
370
     9
100
AcDbSpline
210
0.0
220
0.0
230
1.0
 70
     8
 71
     3
 72
    29
 73
    25
 74
     0
 42
0.0000000001
 43
0.0000000001
 40
0.0
 40
0.0
 40
0.0
 40
0.0
 40
0.125
 40
0.125
 40
0.125
 40
0.25
 40
0.25
 40
0.25
 40
0.375
 40
0.375
 40
0.375
 40
0.5
 40
0.5
 40
0.5
 40
0.625
 40
0.625
 40
0.625
 40
0.75
 40
0.75
 40
0.75
 40
0.875
 40
0.875
 40
0.875
 40
1.0
 40
1.0
 40
1.0
 40
1.0
 10
-7.44278
 20
-3.38041
 30
0.0
 10
-7.44278
 20
-3.38041
 30
0.0
 10
-7.43572
 20
-3.38041
 30
0.0
 10
-7.43572
 20
-3.38041
 30
0.0
 10
-7.43572
 20
-3.38041
 30
0.0
 10
-7.43219
 20
-3.38041
 30
0.0
 10
-7.43219
 20
-3.38041
 30
0.0
 10
-7.43219
 20
-3.38041
 30
0.0
 10
-7.42866
 20
-3.37688
 30
0.0
 10
-7.42866
 20
-3.37688
 30
0.0
 10
-7.42866
 20
-3.37688
 30
0.0
 10
-7.42866
 20
-3.37335
 30
0.0
 10
-7.42866
 20
-3.37335
 30
0.0
 10
-7.42866
 20
-3.37335
 30
0.0
 10
-7.42514
 20
-3.36982
 30
0.0
 10
-7.42514
 20
-3.36982
 30
0.0
 10
-7.42514
 20
-3.36982
 30
0.0
 10
-7.42161
 20
-3.36982
 30
0.0
 10
-7.42161
 20
-3.36982
 30
0.0
 10
-7.42161
 20
-3.36982
 30
0.0
 10
-7.42161
 20
-3.36277
 30
0.0
 10
-7.42161
 20
-3.36277
 30
0.0
 10
-7.42161
 20
-3.36277
 30
0.0
 10
-7.42161
 20
-3.35924
 30
0.0
 10
-7.42161
 20
-3.35924
 30
0.0
  0
SPLINE
  5
265
330
1F
100
AcDbEntity
  8
Camada 1
 62
   251
370
     9
100
AcDbSpline
210
0.0
220
0.0
230
1.0
 70
    11
 71
     3
 72
   137
 73
   133
 74
     0
 42
0.0000000001
 43
0.0000000001
 40
0.0
 40
0.0
 40
0.0
 40
0.0
 40
0.0227272727272727
 40
0.0227272727272727
 40
0.0227272727272727
 40
0.0454545454545455
 40
0.0454545454545455
 40
0.0454545454545455
 40
0.0681818181818182
 40
0.0681818181818182
 40
0.0681818181818182
 40
0.0909090909090909
 40
0.0909090909090909
 40
0.0909090909090909
 40
0.1136363636363636
 40
0.1136363636363636
 40
0.1136363636363636
 40
0.1363636363636364
 40
0.1363636363636364
 40
0.1363636363636364
 40
0.1590909090909091
 40
0.1590909090909091
 40
0.1590909090909091
 40
0.1818181818181818
 40
0.1818181818181818
 40
0.1818181818181818
 40
0.2045454545454546
 40
0.2045454545454546
 40
0.2045454545454546
 40
0.2272727272727273
 40
0.2272727272727273
 40
0.2272727272727273
 40
0.25
 40
0.25
 40
0.25
 40
0.2727272727272727
 40
0.2727272727272727
 40
0.2727272727272727
 40
0.2954545454545455
 40
0.2954545454545455
 40
0.2954545454545455
 40
0.3181818181818182
 40
0.3181818181818182
 40
0.3181818181818182
 40
0.3409090909090909
 40
0.3409090909090909
 40
0.3409090909090909
 40
0.3636363636363636
 40
0.3636363636363636
 40
0.3636363636363636
 40
0.3863636363636364
 40
0.3863636363636364
 40
0.3863636363636364
 40
0.4090909090909091
 40
0.4090909090909091
 40
0.4090909090909091
 40
0.4318181818181818
 40
0.4318181818181818
 40
0.4318181818181818
 40
0.4545454545454546
 40
0.4545454545454546
 40
0.4545454545454546
 40
0.4772727272727273
 40
0.4772727272727273
 40
0.4772727272727273
 40
0.5
 40
0.5
 40
0.5
 40
0.5227272727272727
 40
0.5227272727272727
 40
0.5227272727272727
 40
0.5454545454545454
 40
0.5454545454545454
 40
0.5454545454545454
 40
0.5681818181818182
 40
0.5681818181818182
 40
0.5681818181818182
 40
0.5909090909090909
 40
0.5909090909090909
 40
0.5909090909090909
 40
0.6136363636363636
 40
0.6136363636363636
 40
0.6136363636363636
 40
0.6363636363636364
 40
0.6363636363636364
 40
0.6363636363636364
 40
0.6590909090909091
 40
0.6590909090909091
 40
0.6590909090909091
 40
0.6818181818181819
 40
0.6818181818181819
 40
0.6818181818181819
 40
0.7045454545454546
 40
0.7045454545454546
 40
0.7045454545454546
 40
0.7272727272727273
 40
0.7272727272727273
 40
0.7272727272727273
 40
0.75
 40
0.75
 40
0.75
 40
0.7727272727272727
 40
0.7727272727272727
 40
0.7727272727272727
 40
0.7954545454545455
 40
0.7954545454545455
 40
0.7954545454545455
 40
0.8181818181818182
 40
0.8181818181818182
 40
0.8181818181818182
 40
0.8409090909090909
 40
0.8409090909090909
 40
0.8409090909090909
 40
0.8636363636363636
 40
0.8636363636363636
 40
0.8636363636363636
 40
0.8863636363636364
 40
0.8863636363636364
 40
0.8863636363636364
 40
0.9090909090909092
 40
0.9090909090909092
 40
0.9090909090909092
 40
0.9318181818181819
 40
0.9318181818181819
 40
0.9318181818181819
 40
0.9545454545454546
 40
0.9545454545454546
 40
0.9545454545454546
 40
0.9772727272727273
 40
0.9772727272727273
 40
0.9772727272727273
 40
1.0
 40
1.0
 40
1.0
 40
1.0
 10
-9.67586
 20
-2.35382
 30
0.0
 10
-9.67586
 20
-2.35382
 30
0.0
 10
-9.70761
 20
-2.35735
 30
0.0
 10
-9.70761
 20
-2.35735
 30
0.0
 10
-9.70761
 20
-2.35735
 30
0.0
 10
-9.73936
 20
-2.3644
 30
0.0
 10
-9.73936
 20
-2.3644
 30
0.0
 10
-9.73936
 20
-2.3644
 30
0.0
 10
-9.77111
 20
-2.37499
 30
0.0
 10
-9.77111
 20
-2.37499
 30
0.0
 10
-9.77111
 20
-2.37499
 30
0.0
 10
-9.79933
 20
-2.3891
 30
0.0
 10
-9.79933
 20
-2.3891
 30
0.0
 10
-9.79933
 20
-2.3891
 30
0.0
 10
-9.82403
 20
-2.41027
 30
0.0
 10
-9.82403
 20
-2.41027
 30
0.0
 10
-9.82403
 20
-2.41027
 30
0.0
 10
-9.84519
 20
-2.43143
 30
0.0
 10
-9.84519
 20
-2.43143
 30
0.0
 10
-9.84519
 20
-2.43143
 30
0.0
 10
-9.86636
 20
-2.45613
 30
0.0
 10
-9.86636
 20
-2.45613
 30
0.0
 10
-9.86636
 20
-2.45613
 30
0.0
 10
-9.88047
 20
-2.48435
 30
0.0
 10
-9.88047
 20
-2.48435
 30
0.0
 10
-9.88047
 20
-2.48435
 30
0.0
 10
-9.89105
 20
-2.5161
 30
0.0
 10
-9.89105
 20
-2.5161
 30
0.0
 10
-9.89105
 20
-2.5161
 30
0.0
 10
-9.89811
 20
-2.54785
 30
0.0
 10
-9.89811
 20
-2.54785
 30
0.0
 10
-9.89811
 20
-2.54785
 30
0.0
 10
-9.90164
 20
-2.5796
 30
0.0
 10
-9.90164
 20
-2.5796
 30
0.0
 10
-9.90164
 20
-2.5796
 30
0.0
 10
-9.89811
 20
-2.61135
 30
0.0
 10
-9.89811
 20
-2.61135
 30
0.0
 10
-9.89811
 20
-2.61135
 30
0.0
 10
-9.89105
 20
-2.6431
 30
0.0
 10
-9.89105
 20
-2.6431
 30
0.0
 10
-9.89105
 20
-2.6431
 30
0.0
 10
-9.88047
 20
-2.67132
 30
0.0
 10
-9.88047
 20
-2.67132
 30
0.0
 10
-9.88047
 20
-2.67132
 30
0.0
 10
-9.86636
 20
-2.69954
 30
0.0
 10
-9.86636
 20
-2.69954
 30
0.0
 10
-9.86636
 20
-2.69954
 30
0.0
 10
-9.84519
 20
-2.72777
 30
0.0
 10
-9.84519
 20
-2.72777
 30
0.0
 10
-9.84519
 20
-2.72777
 30
0.0
 10
-9.82403
 20
-2.74893
 30
0.0
 10
-9.82403
 20
-2.74893
 30
0.0
 10
-9.82403
 20
-2.74893
 30
0.0
 10
-9.79933
 20
-2.7701
 30
0.0
 10
-9.79933
 20
-2.7701
 30
0.0
 10
-9.79933
 20
-2.7701
 30
0.0
 10
-9.77111
 20
-2.78421
 30
0.0
 10
-9.77111
 20
-2.78421
 30
0.0
 10
-9.77111
 20
-2.78421
 30
0.0
 10
-9.73936
 20
-2.79479
 30
0.0
 10
-9.73936
 20
-2.79479
 30
0.0
 10
-9.73936
 20
-2.79479
 30
0.0
 10
-9.70761
 20
-2.80185
 30
0.0
 10
-9.70761
 20
-2.80185
 30
0.0
 10
-9.70761
 20
-2.80185
 30
0.0
 10
-9.67586
 20
-2.80538
 30
0.0
 10
-9.67586
 20
-2.80538
 30
0.0
 10
-9.67586
 20
-2.80538
 30
0.0
 10
-9.64411
 20
-2.80185
 30
0.0
 10
-9.64411
 20
-2.80185
 30
0.0
 10
-9.64411
 20
-2.80185
 30
0.0
 10
-9.61236
 20
-2.79479
 30
0.0
 10
-9.61236
 20
-2.79479
 30
0.0
 10
-9.61236
 20
-2.79479
 30
0.0
 10
-9.58414
 20
-2.78421
 30
0.0
 10
-9.58414
 20
-2.78421
 30
0.0
 10
-9.58414
 20
-2.78421
 30
0.0
 10
-9.55591
 20
-2.7701
 30
0.0
 10
-9.55591
 20
-2.7701
 30
0.0
 10
-9.55591
 20
-2.7701
 30
0.0
 10
-9.52769
 20
-2.74893
 30
0.0
 10
-9.52769
 20
-2.74893
 30
0.0
 10
-9.52769
 20
-2.74893
 30
0.0
 10
-9.50653
 20
-2.72777
 30
0.0
 10
-9.50653
 20
-2.72777
 30
0.0
 10
-9.50653
 20
-2.72777
 30
0.0
 10
-9.48536
 20
-2.69954
 30
0.0
 10
-9.48536
 20
-2.69954
 30
0.0
 10
-9.48536
 20
-2.69954
 30
0.0
 10
-9.47125
 20
-2.67132
 30
0.0
 10
-9.47125
 20
-2.67132
 30
0.0
 10
-9.47125
 20
-2.67132
 30
0.0
 10
-9.46066
 20
-2.6431
 30
0.0
 10
-9.46066
 20
-2.6431
 30
0.0
 10
-9.46066
 20
-2.6431
 30
0.0
 10
-9.45361
 20
-2.61135
 30
0.0
 10
-9.45361
 20
-2.61135
 30
0.0
 10
-9.45361
 20
-2.61135
 30
0.0
 10
-9.45008
 20
-2.5796
 30
0.0
 10
-9.45008
 20
-2.5796
 30
0.0
 10
-9.45008
 20
-2.5796
 30
0.0
 10
-9.45361
 20
-2.54785
 30
0.0
 10
-9.45361
 20
-2.54785
 30
0.0
 10
-9.45361
 20
-2.54785
 30
0.0
 10
-9.46066
 20
-2.5161
 30
0.0
 10
-9.46066
 20
-2.5161
 30
0.0
 10
-9.46066
 20
-2.5161
 30
0.0
 10
-9.47125
 20
-2.48435
 30
0.0
 10
-9.47125
 20
-2.48435
 30
0.0
 10
-9.47125
 20
-2.48435
 30
0.0
 10
-9.48536
 20
-2.45613
 30
0.0
 10
-9.48536
 20
-2.45613
 30
0.0
 10
-9.48536
 20
-2.45613
 30
0.0
 10
-9.50653
 20
-2.43143
 30
0.0
 10
-9.50653
 20
-2.43143
 30
0.0
 10
-9.50653
 20
-2.43143
 30
0.0
 10
-9.52769
 20
-2.41027
 30
0.0
 10
-9.52769
 20
-2.41027
 30
0.0
 10
-9.52769
 20
-2.41027
 30
0.0
 10
-9.55591
 20
-2.3891
 30
0.0
 10
-9.55591
 20
-2.3891
 30
0.0
 10
-9.55591
 20
-2.3891
 30
0.0
 10
-9.58414
 20
-2.37499
 30
0.0
 10
-9.58414
 20
-2.37499
 30
0.0
 10
-9.58414
 20
-2.37499
 30
0.0
 10
-9.61236
 20
-2.3644
 30
0.0
 10
-9.61236
 20
-2.3644
 30
0.0
 10
-9.61236
 20
-2.3644
 30
0.0
 10
-9.64411
 20
-2.35735
 30
0.0
 10
-9.64411
 20
-2.35735
 30
0.0
 10
-9.64411
 20
-2.35735
 30
0.0
 10
-9.67586
 20
-2.35382
 30
0.0
 10
-9.67586
 20
-2.35382
 30
0.0
  0
SPLINE
  5
266
330
1F
100
AcDbEntity
  8
Camada 1
 62
   251
370
     9
100
AcDbSpline
210
0.0
220
0.0
230
1.0
 70
    11
 71
     3
 72
   137
 73
   133
 74
     0
 42
0.0000000001
 43
0.0000000001
 40
0.0
 40
0.0
 40
0.0
 40
0.0
 40
0.0227272727272727
 40
0.0227272727272727
 40
0.0227272727272727
 40
0.0454545454545455
 40
0.0454545454545455
 40
0.0454545454545455
 40
0.0681818181818182
 40
0.0681818181818182
 40
0.0681818181818182
 40
0.0909090909090909
 40
0.0909090909090909
 40
0.0909090909090909
 40
0.1136363636363636
 40
0.1136363636363636
 40
0.1136363636363636
 40
0.1363636363636364
 40
0.1363636363636364
 40
0.1363636363636364
 40
0.1590909090909091
 40
0.1590909090909091
 40
0.1590909090909091
 40
0.1818181818181818
 40
0.1818181818181818
 40
0.1818181818181818
 40
0.2045454545454546
 40
0.2045454545454546
 40
0.2045454545454546
 40
0.2272727272727273
 40
0.2272727272727273
 40
0.2272727272727273
 40
0.25
 40
0.25
 40
0.25
 40
0.2727272727272727
 40
0.2727272727272727
 40
0.2727272727272727
 40
0.2954545454545455
 40
0.2954545454545455
 40
0.2954545454545455
 40
0.3181818181818182
 40
0.3181818181818182
 40
0.3181818181818182
 40
0.3409090909090909
 40
0.3409090909090909
 40
0.3409090909090909
 40
0.3636363636363636
 40
0.3636363636363636
 40
0.3636363636363636
 40
0.3863636363636364
 40
0.3863636363636364
 40
0.3863636363636364
 40
0.4090909090909091
 40
0.4090909090909091
 40
0.4090909090909091
 40
0.4318181818181818
 40
0.4318181818181818
 40
0.4318181818181818
 40
0.4545454545454546
 40
0.4545454545454546
 40
0.4545454545454546
 40
0.4772727272727273
 40
0.4772727272727273
 40
0.4772727272727273
 40
0.5
 40
0.5
 40
0.5
 40
0.5227272727272727
 40
0.5227272727272727
 40
0.5227272727272727
 40
0.5454545454545454
 40
0.5454545454545454
 40
0.5454545454545454
 40
0.5681818181818182
 40
0.5681818181818182
 40
0.5681818181818182
 40
0.5909090909090909
 40
0.5909090909090909
 40
0.5909090909090909
 40
0.6136363636363636
 40
0.6136363636363636
 40
0.6136363636363636
 40
0.6363636363636364
 40
0.6363636363636364
 40
0.6363636363636364
 40
0.6590909090909091
 40
0.6590909090909091
 40
0.6590909090909091
 40
0.6818181818181819
 40
0.6818181818181819
 40
0.6818181818181819
 40
0.7045454545454546
 40
0.7045454545454546
 40
0.7045454545454546
 40
0.7272727272727273
 40
0.7272727272727273
 40
0.7272727272727273
 40
0.75
 40
0.75
 40
0.75
 40
0.7727272727272727
 40
0.7727272727272727
 40
0.7727272727272727
 40
0.7954545454545455
 40
0.7954545454545455
 40
0.7954545454545455
 40
0.8181818181818182
 40
0.8181818181818182
 40
0.8181818181818182
 40
0.8409090909090909
 40
0.8409090909090909
 40
0.8409090909090909
 40
0.8636363636363636
 40
0.8636363636363636
 40
0.8636363636363636
 40
0.8863636363636364
 40
0.8863636363636364
 40
0.8863636363636364
 40
0.9090909090909092
 40
0.9090909090909092
 40
0.9090909090909092
 40
0.9318181818181819
 40
0.9318181818181819
 40
0.9318181818181819
 40
0.9545454545454546
 40
0.9545454545454546
 40
0.9545454545454546
 40
0.9772727272727273
 40
0.9772727272727273
 40
0.9772727272727273
 40
1.0
 40
1.0
 40
1.0
 40
1.0
 10
-8.72689
 20
-2.02574
 30
0.0
 10
-8.72689
 20
-2.02574
 30
0.0
 10
-8.75864
 20
-2.02927
 30
0.0
 10
-8.75864
 20
-2.02927
 30
0.0
 10
-8.75864
 20
-2.02927
 30
0.0
 10
-8.79039
 20
-2.03279
 30
0.0
 10
-8.79039
 20
-2.03279
 30
0.0
 10
-8.79039
 20
-2.03279
 30
0.0
 10
-8.81861
 20
-2.0469
 30
0.0
 10
-8.81861
 20
-2.0469
 30
0.0
 10
-8.81861
 20
-2.0469
 30
0.0
 10
-8.84683
 20
-2.06102
 30
0.0
 10
-8.84683
 20
-2.06102
 30
0.0
 10
-8.84683
 20
-2.06102
 30
0.0
 10
-8.87505
 20
-2.07866
 30
0.0
 10
-8.87505
 20
-2.07866
 30
0.0
 10
-8.87505
 20
-2.07866
 30
0.0
 10
-8.89622
 20
-2.10335
 30
0.0
 10
-8.89622
 20
-2.10335
 30
0.0
 10
-8.89622
 20
-2.10335
 30
0.0
 10
-8.91386
 20
-2.12804
 30
0.0
 10
-8.91386
 20
-2.12804
 30
0.0
 10
-8.91386
 20
-2.12804
 30
0.0
 10
-8.9315
 20
-2.15627
 30
0.0
 10
-8.9315
 20
-2.15627
 30
0.0
 10
-8.9315
 20
-2.15627
 30
0.0
 10
-8.94208
 20
-2.18802
 30
0.0
 10
-8.94208
 20
-2.18802
 30
0.0
 10
-8.94208
 20
-2.18802
 30
0.0
 10
-8.94914
 20
-2.21977
 30
0.0
 10
-8.94914
 20
-2.21977
 30
0.0
 10
-8.94914
 20
-2.21977
 30
0.0
 10
-8.95266
 20
-2.25152
 30
0.0
 10
-8.95266
 20
-2.25152
 30
0.0
 10
-8.95266
 20
-2.25152
 30
0.0
 10
-8.94914
 20
-2.28327
 30
0.0
 10
-8.94914
 20
-2.28327
 30
0.0
 10
-8.94914
 20
-2.28327
 30
0.0
 10
-8.94208
 20
-2.31502
 30
0.0
 10
-8.94208
 20
-2.31502
 30
0.0
 10
-8.94208
 20
-2.31502
 30
0.0
 10
-8.9315
 20
-2.34324
 30
0.0
 10
-8.9315
 20
-2.34324
 30
0.0
 10
-8.9315
 20
-2.34324
 30
0.0
 10
-8.91386
 20
-2.37146
 30
0.0
 10
-8.91386
 20
-2.37146
 30
0.0
 10
-8.91386
 20
-2.37146
 30
0.0
 10
-8.89622
 20
-2.39616
 30
0.0
 10
-8.89622
 20
-2.39616
 30
0.0
 10
-8.89622
 20
-2.39616
 30
0.0
 10
-8.87505
 20
-2.42085
 30
0.0
 10
-8.87505
 20
-2.42085
 30
0.0
 10
-8.87505
 20
-2.42085
 30
0.0
 10
-8.84683
 20
-2.43849
 30
0.0
 10
-8.84683
 20
-2.43849
 30
0.0
 10
-8.84683
 20
-2.43849
 30
0.0
 10
-8.81861
 20
-2.45613
 30
0.0
 10
-8.81861
 20
-2.45613
 30
0.0
 10
-8.81861
 20
-2.45613
 30
0.0
 10
-8.79039
 20
-2.46671
 30
0.0
 10
-8.79039
 20
-2.46671
 30
0.0
 10
-8.79039
 20
-2.46671
 30
0.0
 10
-8.75864
 20
-2.47377
 30
0.0
 10
-8.75864
 20
-2.47377
 30
0.0
 10
-8.75864
 20
-2.47377
 30
0.0
 10
-8.72689
 20
-2.47377
 30
0.0
 10
-8.72689
 20
-2.47377
 30
0.0
 10
-8.72689
 20
-2.47377
 30
0.0
 10
-8.69514
 20
-2.47377
 30
0.0
 10
-8.69514
 20
-2.47377
 30
0.0
 10
-8.69514
 20
-2.47377
 30
0.0
 10
-8.66339
 20
-2.46671
 30
0.0
 10
-8.66339
 20
-2.46671
 30
0.0
 10
-8.66339
 20
-2.46671
 30
0.0
 10
-8.63164
 20
-2.45613
 30
0.0
 10
-8.63164
 20
-2.45613
 30
0.0
 10
-8.63164
 20
-2.45613
 30
0.0
 10
-8.60341
 20
-2.43849
 30
0.0
 10
-8.60341
 20
-2.43849
 30
0.0
 10
-8.60341
 20
-2.43849
 30
0.0
 10
-8.57872
 20
-2.42085
 30
0.0
 10
-8.57872
 20
-2.42085
 30
0.0
 10
-8.57872
 20
-2.42085
 30
0.0
 10
-8.55755
 20
-2.39616
 30
0.0
 10
-8.55755
 20
-2.39616
 30
0.0
 10
-8.55755
 20
-2.39616
 30
0.0
 10
-8.53639
 20
-2.37146
 30
0.0
 10
-8.53639
 20
-2.37146
 30
0.0
 10
-8.53639
 20
-2.37146
 30
0.0
 10
-8.52228
 20
-2.34324
 30
0.0
 10
-8.52228
 20
-2.34324
 30
0.0
 10
-8.52228
 20
-2.34324
 30
0.0
 10
-8.51169
 20
-2.31502
 30
0.0
 10
-8.51169
 20
-2.31502
 30
0.0
 10
-8.51169
 20
-2.31502
 30
0.0
 10
-8.50464
 20
-2.28327
 30
0.0
 10
-8.50464
 20
-2.28327
 30
0.0
 10
-8.50464
 20
-2.28327
 30
0.0
 10
-8.50111
 20
-2.25152
 30
0.0
 10
-8.50111
 20
-2.25152
 30
0.0
 10
-8.50111
 20
-2.25152
 30
0.0
 10
-8.50464
 20
-2.21977
 30
0.0
 10
-8.50464
 20
-2.21977
 30
0.0
 10
-8.50464
 20
-2.21977
 30
0.0
 10
-8.51169
 20
-2.18802
 30
0.0
 10
-8.51169
 20
-2.18802
 30
0.0
 10
-8.51169
 20
-2.18802
 30
0.0
 10
-8.52228
 20
-2.15627
 30
0.0
 10
-8.52228
 20
-2.15627
 30
0.0
 10
-8.52228
 20
-2.15627
 30
0.0
 10
-8.53639
 20
-2.12804
 30
0.0
 10
-8.53639
 20
-2.12804
 30
0.0
 10
-8.53639
 20
-2.12804
 30
0.0
 10
-8.55755
 20
-2.10335
 30
0.0
 10
-8.55755
 20
-2.10335
 30
0.0
 10
-8.55755
 20
-2.10335
 30
0.0
 10
-8.57872
 20
-2.07866
 30
0.0
 10
-8.57872
 20
-2.07866
 30
0.0
 10
-8.57872
 20
-2.07866
 30
0.0
 10
-8.60341
 20
-2.06102
 30
0.0
 10
-8.60341
 20
-2.06102
 30
0.0
 10
-8.60341
 20
-2.06102
 30
0.0
 10
-8.63164
 20
-2.0469
 30
0.0
 10
-8.63164
 20
-2.0469
 30
0.0
 10
-8.63164
 20
-2.0469
 30
0.0
 10
-8.66339
 20
-2.03279
 30
0.0
 10
-8.66339
 20
-2.03279
 30
0.0
 10
-8.66339
 20
-2.03279
 30
0.0
 10
-8.69514
 20
-2.02927
 30
0.0
 10
-8.69514
 20
-2.02927
 30
0.0
 10
-8.69514
 20
-2.02927
 30
0.0
 10
-8.72689
 20
-2.02574
 30
0.0
 10
-8.72689
 20
-2.02574
 30
0.0
  0
SPLINE
  5
267
330
1F
100
AcDbEntity
  8
Camada 1
 62
   251
370
     9
100
AcDbSpline
210
0.0
220
0.0
230
1.0
 70
    11
 71
     3
 72
   137
 73
   133
 74
     0
 42
0.0000000001
 43
0.0000000001
 40
0.0
 40
0.0
 40
0.0
 40
0.0
 40
0.0227272727272727
 40
0.0227272727272727
 40
0.0227272727272727
 40
0.0454545454545455
 40
0.0454545454545455
 40
0.0454545454545455
 40
0.0681818181818182
 40
0.0681818181818182
 40
0.0681818181818182
 40
0.0909090909090909
 40
0.0909090909090909
 40
0.0909090909090909
 40
0.1136363636363636
 40
0.1136363636363636
 40
0.1136363636363636
 40
0.1363636363636364
 40
0.1363636363636364
 40
0.1363636363636364
 40
0.1590909090909091
 40
0.1590909090909091
 40
0.1590909090909091
 40
0.1818181818181818
 40
0.1818181818181818
 40
0.1818181818181818
 40
0.2045454545454546
 40
0.2045454545454546
 40
0.2045454545454546
 40
0.2272727272727273
 40
0.2272727272727273
 40
0.2272727272727273
 40
0.25
 40
0.25
 40
0.25
 40
0.2727272727272727
 40
0.2727272727272727
 40
0.2727272727272727
 40
0.2954545454545455
 40
0.2954545454545455
 40
0.2954545454545455
 40
0.3181818181818182
 40
0.3181818181818182
 40
0.3181818181818182
 40
0.3409090909090909
 40
0.3409090909090909
 40
0.3409090909090909
 40
0.3636363636363636
 40
0.3636363636363636
 40
0.3636363636363636
 40
0.3863636363636364
 40
0.3863636363636364
 40
0.3863636363636364
 40
0.4090909090909091
 40
0.4090909090909091
 40
0.4090909090909091
 40
0.4318181818181818
 40
0.4318181818181818
 40
0.4318181818181818
 40
0.4545454545454546
 40
0.4545454545454546
 40
0.4545454545454546
 40
0.4772727272727273
 40
0.4772727272727273
 40
0.4772727272727273
 40
0.5
 40
0.5
 40
0.5
 40
0.5227272727272727
 40
0.5227272727272727
 40
0.5227272727272727
 40
0.5454545454545454
 40
0.5454545454545454
 40
0.5454545454545454
 40
0.5681818181818182
 40
0.5681818181818182
 40
0.5681818181818182
 40
0.5909090909090909
 40
0.5909090909090909
 40
0.5909090909090909
 40
0.6136363636363636
 40
0.6136363636363636
 40
0.6136363636363636
 40
0.6363636363636364
 40
0.6363636363636364
 40
0.6363636363636364
 40
0.6590909090909091
 40
0.6590909090909091
 40
0.6590909090909091
 40
0.6818181818181819
 40
0.6818181818181819
 40
0.6818181818181819
 40
0.7045454545454546
 40
0.7045454545454546
 40
0.7045454545454546
 40
0.7272727272727273
 40
0.7272727272727273
 40
0.7272727272727273
 40
0.75
 40
0.75
 40
0.75
 40
0.7727272727272727
 40
0.7727272727272727
 40
0.7727272727272727
 40
0.7954545454545455
 40
0.7954545454545455
 40
0.7954545454545455
 40
0.8181818181818182
 40
0.8181818181818182
 40
0.8181818181818182
 40
0.8409090909090909
 40
0.8409090909090909
 40
0.8409090909090909
 40
0.8636363636363636
 40
0.8636363636363636
 40
0.8636363636363636
 40
0.8863636363636364
 40
0.8863636363636364
 40
0.8863636363636364
 40
0.9090909090909092
 40
0.9090909090909092
 40
0.9090909090909092
 40
0.9318181818181819
 40
0.9318181818181819
 40
0.9318181818181819
 40
0.9545454545454546
 40
0.9545454545454546
 40
0.9545454545454546
 40
0.9772727272727273
 40
0.9772727272727273
 40
0.9772727272727273
 40
1.0
 40
1.0
 40
1.0
 40
1.0
 10
-10.62483
 20
-2.02574
 30
0.0
 10
-10.62483
 20
-2.02574
 30
0.0
 10
-10.65658
 20
-2.02927
 30
0.0
 10
-10.65658
 20
-2.02927
 30
0.0
 10
-10.65658
 20
-2.02927
 30
0.0
 10
-10.68833
 20
-2.03279
 30
0.0
 10
-10.68833
 20
-2.03279
 30
0.0
 10
-10.68833
 20
-2.03279
 30
0.0
 10
-10.72008
 20
-2.0469
 30
0.0
 10
-10.72008
 20
-2.0469
 30
0.0
 10
-10.72008
 20
-2.0469
 30
0.0
 10
-10.7483
 20
-2.06102
 30
0.0
 10
-10.7483
 20
-2.06102
 30
0.0
 10
-10.7483
 20
-2.06102
 30
0.0
 10
-10.773
 20
-2.07866
 30
0.0
 10
-10.773
 20
-2.07866
 30
0.0
 10
-10.773
 20
-2.07866
 30
0.0
 10
-10.79769
 20
-2.10335
 30
0.0
 10
-10.79769
 20
-2.10335
 30
0.0
 10
-10.79769
 20
-2.10335
 30
0.0
 10
-10.81533
 20
-2.12804
 30
0.0
 10
-10.81533
 20
-2.12804
 30
0.0
 10
-10.81533
 20
-2.12804
 30
0.0
 10
-10.82944
 20
-2.15627
 30
0.0
 10
-10.82944
 20
-2.15627
 30
0.0
 10
-10.82944
 20
-2.15627
 30
0.0
 10
-10.84355
 20
-2.18802
 30
0.0
 10
-10.84355
 20
-2.18802
 30
0.0
 10
-10.84355
 20
-2.18802
 30
0.0
 10
-10.85061
 20
-2.21977
 30
0.0
 10
-10.85061
 20
-2.21977
 30
0.0
 10
-10.85061
 20
-2.21977
 30
0.0
 10
-10.85061
 20
-2.25152
 30
0.0
 10
-10.85061
 20
-2.25152
 30
0.0
 10
-10.85061
 20
-2.25152
 30
0.0
 10
-10.85061
 20
-2.28327
 30
0.0
 10
-10.85061
 20
-2.28327
 30
0.0
 10
-10.85061
 20
-2.28327
 30
0.0
 10
-10.84355
 20
-2.31502
 30
0.0
 10
-10.84355
 20
-2.31502
 30
0.0
 10
-10.84355
 20
-2.31502
 30
0.0
 10
-10.82944
 20
-2.34324
 30
0.0
 10
-10.82944
 20
-2.34324
 30
0.0
 10
-10.82944
 20
-2.34324
 30
0.0
 10
-10.81533
 20
-2.37146
 30
0.0
 10
-10.81533
 20
-2.37146
 30
0.0
 10
-10.81533
 20
-2.37146
 30
0.0
 10
-10.79769
 20
-2.39616
 30
0.0
 10
-10.79769
 20
-2.39616
 30
0.0
 10
-10.79769
 20
-2.39616
 30
0.0
 10
-10.773
 20
-2.42085
 30
0.0
 10
-10.773
 20
-2.42085
 30
0.0
 10
-10.773
 20
-2.42085
 30
0.0
 10
-10.7483
 20
-2.43849
 30
0.0
 10
-10.7483
 20
-2.43849
 30
0.0
 10
-10.7483
 20
-2.43849
 30
0.0
 10
-10.72008
 20
-2.45613
 30
0.0
 10
-10.72008
 20
-2.45613
 30
0.0
 10
-10.72008
 20
-2.45613
 30
0.0
 10
-10.68833
 20
-2.46671
 30
0.0
 10
-10.68833
 20
-2.46671
 30
0.0
 10
-10.68833
 20
-2.46671
 30
0.0
 10
-10.65658
 20
-2.47377
 30
0.0
 10
-10.65658
 20
-2.47377
 30
0.0
 10
-10.65658
 20
-2.47377
 30
0.0
 10
-10.62483
 20
-2.47377
 30
0.0
 10
-10.62483
 20
-2.47377
 30
0.0
 10
-10.62483
 20
-2.47377
 30
0.0
 10
-10.59308
 20
-2.47377
 30
0.0
 10
-10.59308
 20
-2.47377
 30
0.0
 10
-10.59308
 20
-2.47377
 30
0.0
 10
-10.56133
 20
-2.46671
 30
0.0
 10
-10.56133
 20
-2.46671
 30
0.0
 10
-10.56133
 20
-2.46671
 30
0.0
 10
-10.53311
 20
-2.45613
 30
0.0
 10
-10.53311
 20
-2.45613
 30
0.0
 10
-10.53311
 20
-2.45613
 30
0.0
 10
-10.50489
 20
-2.43849
 30
0.0
 10
-10.50489
 20
-2.43849
 30
0.0
 10
-10.50489
 20
-2.43849
 30
0.0
 10
-10.48019
 20
-2.42085
 30
0.0
 10
-10.48019
 20
-2.42085
 30
0.0
 10
-10.48019
 20
-2.42085
 30
0.0
 10
-10.4555
 20
-2.39616
 30
0.0
 10
-10.4555
 20
-2.39616
 30
0.0
 10
-10.4555
 20
-2.39616
 30
0.0
 10
-10.43786
 20
-2.37146
 30
0.0
 10
-10.43786
 20
-2.37146
 30
0.0
 10
-10.43786
 20
-2.37146
 30
0.0
 10
-10.42022
 20
-2.34324
 30
0.0
 10
-10.42022
 20
-2.34324
 30
0.0
 10
-10.42022
 20
-2.34324
 30
0.0
 10
-10.40964
 20
-2.31502
 30
0.0
 10
-10.40964
 20
-2.31502
 30
0.0
 10
-10.40964
 20
-2.31502
 30
0.0
 10
-10.40258
 20
-2.28327
 30
0.0
 10
-10.40258
 20
-2.28327
 30
0.0
 10
-10.40258
 20
-2.28327
 30
0.0
 10
-10.40258
 20
-2.25152
 30
0.0
 10
-10.40258
 20
-2.25152
 30
0.0
 10
-10.40258
 20
-2.25152
 30
0.0
 10
-10.40258
 20
-2.21977
 30
0.0
 10
-10.40258
 20
-2.21977
 30
0.0
 10
-10.40258
 20
-2.21977
 30
0.0
 10
-10.40964
 20
-2.18802
 30
0.0
 10
-10.40964
 20
-2.18802
 30
0.0
 10
-10.40964
 20
-2.18802
 30
0.0
 10
-10.42022
 20
-2.15627
 30
0.0
 10
-10.42022
 20
-2.15627
 30
0.0
 10
-10.42022
 20
-2.15627
 30
0.0
 10
-10.43786
 20
-2.12804
 30
0.0
 10
-10.43786
 20
-2.12804
 30
0.0
 10
-10.43786
 20
-2.12804
 30
0.0
 10
-10.4555
 20
-2.10335
 30
0.0
 10
-10.4555
 20
-2.10335
 30
0.0
 10
-10.4555
 20
-2.10335
 30
0.0
 10
-10.48019
 20
-2.07866
 30
0.0
 10
-10.48019
 20
-2.07866
 30
0.0
 10
-10.48019
 20
-2.07866
 30
0.0
 10
-10.50489
 20
-2.06102
 30
0.0
 10
-10.50489
 20
-2.06102
 30
0.0
 10
-10.50489
 20
-2.06102
 30
0.0
 10
-10.53311
 20
-2.0469
 30
0.0
 10
-10.53311
 20
-2.0469
 30
0.0
 10
-10.53311
 20
-2.0469
 30
0.0
 10
-10.56133
 20
-2.03279
 30
0.0
 10
-10.56133
 20
-2.03279
 30
0.0
 10
-10.56133
 20
-2.03279
 30
0.0
 10
-10.59308
 20
-2.02927
 30
0.0
 10
-10.59308
 20
-2.02927
 30
0.0
 10
-10.59308
 20
-2.02927
 30
0.0
 10
-10.62483
 20
-2.02574
 30
0.0
 10
-10.62483
 20
-2.02574
 30
0.0
  0
ENDSEC
  0
SECTION
  2
OBJECTS
  0
DICTIONARY
  5
C
330
0
100
AcDbDictionary
281
     1
  3
ACAD_DETAILVIEWSTYLE
350
2A3
  3
ACAD_GROUP
350
D
  3
ACAD_LAYOUT
350
1A
  3
ACAD_MATERIAL
350
43
  3
ACAD_MLEADERSTYLE
350
6B
  3
ACAD_MLINESTYLE
350
17
  3
ACAD_PLOTSETTINGS
350
19
  3
ACAD_PLOTSTYLENAME
350
E
  3
ACAD_SCALELIST
350
47
  3
ACAD_SECTIONVIEWSTYLE
350
2A4
  3
ACAD_TABLESTYLE
350
69
  3
ACAD_VISUALSTYLE
350
2A
  3
ACDB_RECOMPOSE_DATA
350
2A9
  3
AcDbVariableDictionary
350
268
  0
SUN
  5
6D
330
29
100
AcDbSun
 90
        1
290
     0
 63
     7
421
 16777215
 40
1.0
291
     1
 91
  2455826
 92
 54000000
292
     0
 70
     2
 71
   256
280
     1
  0
DICTIONARY
  5
2A3
102
{ACAD_REACTORS
330
C
102
}
330
C
100
AcDbDictionary
281
     1
  3
Imperial24
350
2A5
  0
DICTIONARY
  5
D
102
{ACAD_REACTORS
330
C
102
}
330
C
100
AcDbDictionary
281
     1
  0
DICTIONARY
  5
1A
102
{ACAD_REACTORS
330
C
102
}
330
C
100
AcDbDictionary
281
     1
  3
Layout1
350
1E
  3
Layout2
350
26
  3
Model
350
22
  0
DICTIONARY
  5
43
102
{ACAD_REACTORS
330
C
102
}
330
C
100
AcDbDictionary
281
     1
  3
ByBlock
350
45
  3
ByLayer
350
44
  3
Global
350
46
  0
DICTIONARY
  5
6B
102
{ACAD_REACTORS
330
C
102
}
330
C
100
AcDbDictionary
281
     1
  3
Standard
350
6C
  0
DICTIONARY
  5
17
102
{ACAD_REACTORS
330
C
102
}
330
C
100
AcDbDictionary
281
     1
  3
Standard
350
18
  0
DICTIONARY
  5
19
102
{ACAD_REACTORS
330
C
102
}
330
C
100
AcDbDictionary
281
     1
  0
ACDBDICTIONARYWDFLT
  5
E
102
{ACAD_REACTORS
330
C
102
}
330
C
100
AcDbDictionary
281
     1
  3
Normal
350
F
100
AcDbDictionaryWithDefault
340
F
  0
DICTIONARY
  5
47
102
{ACAD_REACTORS
330
C
102
}
330
C
100
AcDbDictionary
281
     1
  3
A0
350
48
  3
A1
350
49
  3
A2
350
4A
  3
A3
350
4B
  3
A4
350
4C
  3
A5
350
4D
  3
A6
350
4E
  3
A7
350
4F
  3
A8
350
50
  3
A9
350
51
  3
B0
350
52
  3
B1
350
53
  3
B2
350
54
  3
B3
350
55
  3
B4
350
56
  3
B5
350
57
  3
B6
350
58
  3
B7
350
59
  3
B8
350
5A
  3
B9
350
5B
  3
C0
350
5C
  3
C1
350
5D
  3
C2
350
5E
  3
C3
350
5F
  3
C4
350
60
  3
C5
350
61
  3
C6
350
62
  3
C7
350
63
  3
C8
350
64
  3
C9
350
65
  3
D0
350
66
  3
D1
350
67
  3
D2
350
68
  0
DICTIONARY
  5
2A4
102
{ACAD_REACTORS
330
C
102
}
330
C
100
AcDbDictionary
281
     1
  3
Imperial24
350
2A6
  0
DICTIONARY
  5
69
102
{ACAD_REACTORS
330
C
102
}
330
C
100
AcDbDictionary
281
     1
  3
Standard
350
6A
  0
DICTIONARY
  5
2A
102
{ACAD_REACTORS
330
C
102
}
330
C
100
AcDbDictionary
281
     1
  3
2dWireframe
350
2F
  3
Basic
350
32
  3
Brighten
350
36
  3
ColorChange
350
3A
  3
Conceptual
350
34
  3
Dim
350
35
  3
EdgeColorOff
350
3D
  3
Facepattern
350
39
  3
Flat
350
2B
  3
FlatWithEdges
350
2C
  3
Gouraud
350
2D
  3
GouraudWithEdges
350
2E
  3
Hidden
350
31
  3
JitterOff
350
3B
  3
Linepattern
350
38
  3
OverhangOff
350
3C
  3
Realistic
350
33
  3
Shaded
350
42
  3
Shaded with edges
350
41
  3
Shades of Gray
350
3E
  3
Sketchy
350
3F
  3
Thicken
350
37
  3
Wireframe
350
30
  3
X-Ray
350
40
  0
XRECORD
  5
2A9
102
{ACAD_REACTORS
330
C
102
}
330
C
100
AcDbXrecord
280
     1
 90
        1
330
6A
  0
DICTIONARY
  5
268
102
{ACAD_REACTORS
330
C
102
}
330
C
100
AcDbDictionary
281
     1
  3
CANNOSCALE
350
269
  3
CMLEADERSTYLE
350
2A2
  3
CTABLESTYLE
350
2A1
  3
CVIEWDETAILSTYLE
350
2AA
  3
CVIEWSECTIONSTYLE
350
2AB
  3
XCLIPFRAME
350
26A
  0
ACDBDETAILVIEWSTYLE
  5
2A5
102
{ACAD_REACTORS
330
2A3
102
}
330
2A3
100
AcDbModelDocViewStyle
 70
     0
  3
Imperial24
290
     0
300
Imperial24
 90
        0
100
AcDbDetailViewStyle
 70
     0
 71
     0
 90
        3
 71
     1
340
11
 62
   256
 40
0.24
340
0
 62
   256
 40
0.24
300

 40
0.36
280
     3
 71
     2
340
16
 90
       25
 62
   256
 71
     3
340
11
 62
   256
 40
0.24
 90
        1
 40
0.75
 90
        1
300
%<\AcVar ViewType \f "%tc1">% %<\AcVar ViewDetailId>%\PSCALE %<\AcVar ViewScale \f "%sn">%
 71
     4
340
16
 90
       25
 62
   256
340
16
 90
       25
 62
   256
280
     0
  0
LAYOUT
  5
1E
102
{ACAD_REACTORS
330
1A
102
}
330
1A
100
AcDbPlotSettings
  1

  2
none_device
  4

  6

 40
0.0
 41
0.0
 42
0.0
 43
0.0
 44
0.0
 45
0.0
 46
0.0
 47
0.0
 48
0.0
 49
0.0
140
0.0
141
0.0
142
1.0
143
1.0
 70
   688
 72
     0
 73
     0
 74
     5
  7

 75
    16
 76
     0
 77
     2
 78
   300
147
1.0
148
0.0
149
0.0
100
AcDbLayout
  1
Layout1
 70
     1
 71
     1
 10
0.0
 20
0.0
 11
12.0
 21
9.0
 12
0.0
 22
0.0
 32
0.0
 14
1.000000000000000E+20
 24
1.000000000000000E+20
 34
1.000000000000000E+20
 15
-1.000000000000000E+20
 25
-1.000000000000000E+20
 35
-1.000000000000000E+20
146
0.0
 13
0.0
 23
0.0
 33
0.0
 16
1.0
 26
0.0
 36
0.0
 17
0.0
 27
1.0
 37
0.0
 76
     0
330
1B
  0
LAYOUT
  5
26
102
{ACAD_REACTORS
330
1A
102
}
330
1A
100
AcDbPlotSettings
  1

  2
none_device
  4

  6

 40
0.0
 41
0.0
 42
0.0
 43
0.0
 44
0.0
 45
0.0
 46
0.0
 47
0.0
 48
0.0
 49
0.0
140
0.0
141
0.0
142
1.0
143
1.0
 70
   688
 72
     0
 73
     0
 74
     5
  7

 75
    16
 76
     0
 77
     2
 78
   300
147
1.0
148
0.0
149
0.0
100
AcDbLayout
  1
Layout2
 70
     1
 71
     2
 10
0.0
 20
0.0
 11
0.0
 21
0.0
 12
0.0
 22
0.0
 32
0.0
 14
0.0
 24
0.0
 34
0.0
 15
0.0
 25
0.0
 35
0.0
146
0.0
 13
0.0
 23
0.0
 33
0.0
 16
1.0
 26
0.0
 36
0.0
 17
0.0
 27
1.0
 37
0.0
 76
     0
330
23
  0
LAYOUT
  5
22
102
{ACAD_REACTORS
330
1A
102
}
330
1A
100
AcDbPlotSettings
  1

  2
none_device
  4
Letter_(8.50_x_11.00_Inches)
  6

 40
6.35
 41
6.35
 42
6.35000508
 43
6.35000508
 44
215.9
 45
279.4
 46
0.0
 47
0.0
 48
0.0
 49
0.0
140
0.0
141
0.0
142
1.0
143
1.0
 70
  1712
 72
     0
 73
     0
 74
     0
  7

 75
     0
 76
     0
 77
     2
 78
   300
147
1.0
148
0.0
149
0.0
100
AcDbLayout
  1
Model
 70
     1
 71
     0
 10
0.0
 20
0.0
 11
12.0
 21
9.0
 12
0.0
 22
0.0
 32
0.0
 14
-13.88125
 24
-6.12528
 34
0.0
 15
-5.35405
 25
6.12371
 35
0.0
146
0.0
 13
0.0
 23
0.0
 33
0.0
 16
1.0
 26
0.0
 36
0.0
 17
0.0
 27
1.0
 37
0.0
 76
     0
330
1F
331
29
  0
MATERIAL
  5
45
102
{ACAD_REACTORS
330
43
102
}
330
43
100
AcDbMaterial
  1
ByBlock
 72
     1
 94
      127
  0
MATERIAL
  5
44
102
{ACAD_REACTORS
330
43
102
}
330
43
100
AcDbMaterial
  1
ByLayer
 72
     1
 94
      127
  0
MATERIAL
  5
46
102
{ACAD_REACTORS
330
43
102
}
330
43
100
AcDbMaterial
  1
Global
 72
     1
 94
      127
  0
MLEADERSTYLE
  5
6C
102
{ACAD_REACTORS
330
6B
102
}
330
6B
100
AcDbMLeaderStyle
179
     2
170
     2
171
     1
172
     0
 90
        2
 40
0.0
 41
0.0
173
     1
 91
-1056964608
340
14
 92
       -2
290
     1
 42
0.09
291
     1
 43
0.36
  3
Standard
341
0
 44
0.18
300

342
11
174
     1
178
     6
175
     1
176
     0
 93
-1056964608
 45
0.18
292
     0
297
     0
 46
0.18
343
0
 94
-1056964608
 47
1.0
 49
1.0
140
1.0
293
     1
141
0.0
294
     1
177
     0
142
1.0
295
     0
296
     0
143
0.125
271
     0
272
     9
273
     9
298
     0
  0
MLINESTYLE
  5
18
102
{ACAD_REACTORS
330
17
102
}
330
17
100
AcDbMlineStyle
  2
Standard
 70
     0
  3

 62
   256
 51
90.0
 52
90.0
 71
     2
 49
0.5
 62
   256
  6
BYLAYER
 49
-0.5
 62
   256
  6
BYLAYER
  0
ACDBPLACEHOLDER
  5
F
102
{ACAD_REACTORS
330
E
102
}
330
E
  0
SCALE
  5
48
102
{ACAD_REACTORS
330
47
102
}
330
47
100
AcDbScale
 70
     0
300
1:1
140
1.0
141
1.0
290
     1
  0
SCALE
  5
49
102
{ACAD_REACTORS
330
47
102
}
330
47
100
AcDbScale
 70
     0
300
1:2
140
1.0
141
2.0
290
     0
  0
SCALE
  5
4A
102
{ACAD_REACTORS
330
47
102
}
330
47
100
AcDbScale
 70
     0
300
1:4
140
1.0
141
4.0
290
     0
  0
SCALE
  5
4B
102
{ACAD_REACTORS
330
47
102
}
330
47
100
AcDbScale
 70
     0
300
1:5
140
1.0
141
5.0
290
     0
  0
SCALE
  5
4C
102
{ACAD_REACTORS
330
47
102
}
330
47
100
AcDbScale
 70
     0
300
1:8
140
1.0
141
8.0
290
     0
  0
SCALE
  5
4D
102
{ACAD_REACTORS
330
47
102
}
330
47
100
AcDbScale
 70
     0
300
1:10
140
1.0
141
10.0
290
     0
  0
SCALE
  5
4E
102
{ACAD_REACTORS
330
47
102
}
330
47
100
AcDbScale
 70
     0
300
1:16
140
1.0
141
16.0
290
     0
  0
SCALE
  5
4F
102
{ACAD_REACTORS
330
47
102
}
330
47
100
AcDbScale
 70
     0
300
1:20
140
1.0
141
20.0
290
     0
  0
SCALE
  5
50
102
{ACAD_REACTORS
330
47
102
}
330
47
100
AcDbScale
 70
     0
300
1:30
140
1.0
141
30.0
290
     0
  0
SCALE
  5
51
102
{ACAD_REACTORS
330
47
102
}
330
47
100
AcDbScale
 70
     0
300
1:40
140
1.0
141
40.0
290
     0
  0
SCALE
  5
52
102
{ACAD_REACTORS
330
47
102
}
330
47
100
AcDbScale
 70
     0
300
1:50
140
1.0
141
50.0
290
     0
  0
SCALE
  5
53
102
{ACAD_REACTORS
330
47
102
}
330
47
100
AcDbScale
 70
     0
300
1:100
140
1.0
141
100.0
290
     0
  0
SCALE
  5
54
102
{ACAD_REACTORS
330
47
102
}
330
47
100
AcDbScale
 70
     0
300
2:1
140
2.0
141
1.0
290
     0
  0
SCALE
  5
55
102
{ACAD_REACTORS
330
47
102
}
330
47
100
AcDbScale
 70
     0
300
4:1
140
4.0
141
1.0
290
     0
  0
SCALE
  5
56
102
{ACAD_REACTORS
330
47
102
}
330
47
100
AcDbScale
 70
     0
300
8:1
140
8.0
141
1.0
290
     0
  0
SCALE
  5
57
102
{ACAD_REACTORS
330
47
102
}
330
47
100
AcDbScale
 70
     0
300
10:1
140
10.0
141
1.0
290
     0
  0
SCALE
  5
58
102
{ACAD_REACTORS
330
47
102
}
330
47
100
AcDbScale
 70
     0
300
100:1
140
100.0
141
1.0
290
     0
  0
SCALE
  5
59
102
{ACAD_REACTORS
330
47
102
}
330
47
100
AcDbScale
 70
     0
300
1/128" = 1'-0"
140
0.0078125
141
12.0
290
     0
  0
SCALE
  5
5A
102
{ACAD_REACTORS
330
47
102
}
330
47
100
AcDbScale
 70
     0
300
1/64" = 1'-0"
140
0.015625
141
12.0
290
     0
  0
SCALE
  5
5B
102
{ACAD_REACTORS
330
47
102
}
330
47
100
AcDbScale
 70
     0
300
1/32" = 1'-0"
140
0.03125
141
12.0
290
     0
  0
SCALE
  5
5C
102
{ACAD_REACTORS
330
47
102
}
330
47
100
AcDbScale
 70
     0
300
1/16" = 1'-0"
140
0.0625
141
12.0
290
     0
  0
SCALE
  5
5D
102
{ACAD_REACTORS
330
47
102
}
330
47
100
AcDbScale
 70
     0
300
3/32" = 1'-0"
140
0.09375
141
12.0
290
     0
  0
SCALE
  5
5E
102
{ACAD_REACTORS
330
47
102
}
330
47
100
AcDbScale
 70
     0
300
1/8" = 1'-0"
140
0.125
141
12.0
290
     0
  0
SCALE
  5
5F
102
{ACAD_REACTORS
330
47
102
}
330
47
100
AcDbScale
 70
     0
300
3/16" = 1'-0"
140
0.1875
141
12.0
290
     0
  0
SCALE
  5
60
102
{ACAD_REACTORS
330
47
102
}
330
47
100
AcDbScale
 70
     0
300
1/4" = 1'-0"
140
0.25
141
12.0
290
     0
  0
SCALE
  5
61
102
{ACAD_REACTORS
330
47
102
}
330
47
100
AcDbScale
 70
     0
300
3/8" = 1'-0"
140
0.375
141
12.0
290
     0
  0
SCALE
  5
62
102
{ACAD_REACTORS
330
47
102
}
330
47
100
AcDbScale
 70
     0
300
1/2" = 1'-0"
140
0.5
141
12.0
290
     0
  0
SCALE
  5
63
102
{ACAD_REACTORS
330
47
102
}
330
47
100
AcDbScale
 70
     0
300
3/4" = 1'-0"
140
0.75
141
12.0
290
     0
  0
SCALE
  5
64
102
{ACAD_REACTORS
330
47
102
}
330
47
100
AcDbScale
 70
     0
300
1" = 1'-0"
140
1.0
141
12.0
290
     0
  0
SCALE
  5
65
102
{ACAD_REACTORS
330
47
102
}
330
47
100
AcDbScale
 70
     0
300
1-1/2" = 1'-0"
140
1.5
141
12.0
290
     0
  0
SCALE
  5
66
102
{ACAD_REACTORS
330
47
102
}
330
47
100
AcDbScale
 70
     0
300
3" = 1'-0"
140
3.0
141
12.0
290
     0
  0
SCALE
  5
67
102
{ACAD_REACTORS
330
47
102
}
330
47
100
AcDbScale
 70
     0
300
6" = 1'-0"
140
6.0
141
12.0
290
     0
  0
SCALE
  5
68
102
{ACAD_REACTORS
330
47
102
}
330
47
100
AcDbScale
 70
     0
300
1'-0" = 1'-0"
140
12.0
141
12.0
290
     0
  0
ACDBSECTIONVIEWSTYLE
  5
2A6
102
{ACAD_REACTORS
330
2A4
102
}
330
2A4
100
AcDbModelDocViewStyle
 70
     0
  3
Imperial24
290
     0
300
Imperial24
 90
        0
100
AcDbSectionViewStyle
 70
     0
 71
     0
 90
       78
 71
     1
340
11
 62
   256
 40
0.24
340
0
340
0
 62
   256
 40
0.24
300
I, O, Q, S, X, Z
 40
0.48
 90
        3
 40
0.18
 90
        1
 71
     2
340
16
 90
       25
 62
   256
340
16
 90
       50
 62
   256
 40
0.24
 40
0.0
 40
0.24
 71
     3
340
11
 62
   256
 40
0.24
 90
        1
 40
0.75
 90
        1
300
%<\AcVar ViewType \f "%tc1">% %<\AcVar ViewSectionStartId>%-%<\AcVar ViewSectionEndId>%\PSCALE %<\AcVar ViewScale \f "%sn">%
 71
     4
 62
   256
 62
   257
300
ANSI31
 40
1.0
 90
        0
290
     0
290
     0
 90
        6
 40
0.0
 40
1.570796326794897
 40
0.2617993877991494
 40
1.308996938995747
 40
-0.2617993877991494
 40
1.832595714594046
  0
TABLESTYLE
  5
6A
102
{ACAD_REACTORS
330
69
102
}
102
{ACAD_XDICTIONARY
360
2A7
102
}
330
69
100
AcDbTableStyle
  3
Standard
 70
     0
 71
     0
 40
0.06
 41
0.06
280
     0
281
     0
  7
Standard
140
0.18
170
     2
 62
     0
 63
   257
283
     0
 90
        4
 91
        0
  1

274
    -2
284
     1
 64
     0
275
    -2
285
     1
 65
     0
276
    -2
286
     1
 66
     0
277
    -2
287
     1
 67
     0
278
    -2
288
     1
 68
     0
279
    -2
289
     1
 69
     0
  7
Standard
140
0.25
170
     5
 62
     0
 63
   257
283
     0
 90
        4
 91
        0
  1

274
    -2
284
     1
 64
     0
275
    -2
285
     1
 65
     0
276
    -2
286
     1
 66
     0
277
    -2
287
     1
 67
     0
278
    -2
288
     1
 68
     0
279
    -2
289
     1
 69
     0
  7
Standard
140
0.18
170
     5
 62
     0
 63
   257
283
     0
 90
        4
 91
        0
  1

274
    -2
284
     1
 64
     0
275
    -2
285
     1
 65
     0
276
    -2
286
     1
 66
     0
277
    -2
287
     1
 67
     0
278
    -2
288
     1
 68
     0
279
    -2
289
     1
 69
     0
  0
VISUALSTYLE
  5
2F
102
{ACAD_REACTORS
330
2A
102
}
330
2A
100
AcDbVisualStyle
  2
2dWireframe
 70
     4
177
     3
291
     0
 70
    58
 90
        0
176
     1
 90
        2
176
     1
 90
        0
176
     1
 90
        0
176
     1
 40
0.6
176
     1
 40
30.0
176
     1
 62
     7
420
 16777215
176
     1
 90
        1
176
     1
 90
        4
176
     1
 62
     7
176
     1
 62
   257
176
     1
 90
        1
176
     1
 90
        1
176
     1
 40
1.0
176
     1
 90
        0
176
     1
 62
   257
176
     1
 40
1.0
176
     1
 90
        1
176
     1
 90
        6
176
     1
 90
        2
176
     1
 62
     7
176
     1
 90
        5
176
     1
 90
        0
176
     1
 90
        0
176
     1
290
     0
176
     1
 90
        1
176
     1
 40
0.0
176
     1
 90
        0
176
     1
290
     1
176
     1
290
     1
176
     1
290
     0
176
     1
290
     0
176
     1
290
     0
176
     1
290
     0
176
     1
290
     0
176
     1
290
     0
176
     1
290
     0
176
     1
 90
       50
176
     1
 40
0.0
176
     1
 40
1.0
176
     1
 90
        0
176
     1
 62
    18
420
        0
176
     1
 90
       50
176
     1
 90
        3
176
     1
 62
     5
420
      255
176
     1
290
     0
176
     1
 90
       50
176
     1
 90
       50
176
     1
 90
       50
176
     1
290
     0
176
     1
 90
       50
176
     1
 62
   256
176
     0
 40
1.0
176
     0
 90
        2
176
     1
  1
strokes_ogs.tif
176
     1
290
     0
176
     1
 40
1.0
176
     1
 40
1.0
176
     1
  0
VISUALSTYLE
  5
32
102
{ACAD_REACTORS
330
2A
102
}
330
2A
100
AcDbVisualStyle
  2
Basic
 70
     7
177
     3
291
     1
 70
    58
 90
        1
176
     1
 90
        0
176
     1
 90
        1
176
     1
 90
        0
176
     1
 40
0.6
176
     1
 40
30.0
176
     1
 62
     7
420
 16777215
176
     1
 90
        0
176
     1
 90
        4
176
     1
 62
     7
176
     1
 62
   257
176
     1
 90
        1
176
     1
 90
        1
176
     1
 40
1.0
176
     1
 90
        8
176
     1
 62
     7
176
     1
 40
1.0
176
     1
 90
        1
176
     1
 90
        6
176
     1
 90
        2
176
     1
 62
     7
176
     1
 90
        5
176
     1
 90
        0
176
     1
 90
        0
176
     1
290
     0
176
     1
 90
        1
176
     1
 40
0.0
176
     1
 90
        0
176
     1
290
     0
176
     1
290
     1
176
     1
290
     1
176
     1
290
     0
176
     1
290
     0
176
     1
290
     0
176
     1
290
     0
176
     1
290
     0
176
     1
290
     0
176
     1
 90
       50
176
     1
 40
0.0
176
     1
 40
1.0
176
     1
 90
        0
176
     1
 62
    18
420
        0
176
     1
 90
       50
176
     1
 90
        3
176
     1
 62
     5
420
      255
176
     1
290
     0
176
     1
 90
       50
176
     1
 90
       50
176
     1
 90
       50
176
     1
290
     0
176
     1
 90
       50
176
     1
 62
   256
176
     0
 40
1.0
176
     0
 90
        2
176
     1
  1
strokes_ogs.tif
176
     1
290
     0
176
     1
 40
1.0
176
     1
 40
1.0
176
     1
  0
VISUALSTYLE
  5
36
102
{ACAD_REACTORS
330
2A
102
}
330
2A
100
AcDbVisualStyle
  2
Brighten
 70
    12
177
     3
291
     1
 70
    58
 90
        2
176
     1
 90
        2
176
     1
 90
        0
176
     1
 90
        0
176
     1
 40
0.6
176
     1
 40
30.0
176
     1
 62
     7
420
 16777215
176
     1
 90
        1
176
     1
 90
        4
176
     1
 62
     7
176
     1
 62
   257
176
     1
 90
        1
176
     1
 90
        1
176
     1
 40
1.0
176
     1
 90
        8
176
     1
 62
     7
176
     1
 40
1.0
176
     1
 90
        1
176
     1
 90
        6
176
     1
 90
        2
176
     1
 62
     7
176
     1
 90
        5
176
     1
 90
        0
176
     1
 90
        0
176
     1
290
     0
176
     1
 90
        1
176
     1
 40
50.0
176
     1
 90
        0
176
     1
290
     0
176
     1
290
     1
176
     1
290
     1
176
     1
290
     0
176
     1
290
     0
176
     1
290
     0
176
     1
290
     0
176
     1
290
     0
176
     1
290
     0
176
     1
 90
       50
176
     1
 40
0.0
176
     1
 40
1.0
176
     1
 90
        0
176
     1
 62
    18
420
        0
176
     1
 90
       50
176
     1
 90
        3
176
     1
 62
     5
420
      255
176
     1
290
     0
176
     1
 90
       50
176
     1
 90
       50
176
     1
 90
       50
176
     1
290
     0
176
     1
 90
       50
176
     1
 62
   256
176
     0
 40
1.0
176
     0
 90
        2
176
     1
  1
strokes_ogs.tif
176
     1
290
     0
176
     1
 40
1.0
176
     1
 40
1.0
176
     1
  0
VISUALSTYLE
  5
3A
102
{ACAD_REACTORS
330
2A
102
}
330
2A
100
AcDbVisualStyle
  2
ColorChange
 70
    16
177
     3
291
     1
 70
    58
 90
        2
176
     1
 90
        2
176
     1
 90
        3
176
     1
 90
        0
176
     1
 40
0.6
176
     1
 40
30.0
176
     1
 62
     8
420
  8421504
176
     1
 90
        1
176
     1
 90
        4
176
     1
 62
     7
176
     1
 62
   257
176
     1
 90
        1
176
     1
 90
        1
176
     1
 40
1.0
176
     1
 90
        8
176
     1
 62
     8
420
  8421504
176
     1
 40
1.0
176
     1
 90
        1
176
     1
 90
        6
176
     1
 90
        2
176
     1
 62
     7
176
     1
 90
        5
176
     1
 90
        0
176
     1
 90
        0
176
     1
290
     0
176
     1
 90
        1
176
     1
 40
0.0
176
     1
 90
        0
176
     1
290
     0
176
     1
290
     1
176
     1
290
     1
176
     1
290
     0
176
     1
290
     0
176
     1
290
     0
176
     1
290
     0
176
     1
290
     0
176
     1
290
     0
176
     1
 90
       50
176
     1
 40
0.0
176
     1
 40
1.0
176
     1
 90
        0
176
     1
 62
    18
420
        0
176
     1
 90
       50
176
     1
 90
        3
176
     1
 62
     5
420
      255
176
     1
290
     0
176
     1
 90
       50
176
     1
 90
       50
176
     1
 90
       50
176
     1
290
     0
176
     1
 90
       50
176
     1
 62
   256
176
     0
 40
1.0
176
     0
 90
        2
176
     1
  1
strokes_ogs.tif
176
     1
290
     0
176
     1
 40
1.0
176
     1
 40
1.0
176
     1
  0
VISUALSTYLE
  5
34
102
{ACAD_REACTORS
330
2A
102
}
330
2A
100
AcDbVisualStyle
  2
Conceptual
 70
     9
177
     3
291
     0
 70
    58
 90
        3
176
     1
 90
        2
176
     1
 90
        0
176
     1
 90
        0
176
     1
 40
0.6
176
     1
 40
30.0
176
     1
 62
     7
420
 16777215
176
     1
 90
        2
176
     1
 90
        2
176
     1
 62
     7
176
     1
 62
   257
176
     1
 90
        1
176
     1
 90
        1
176
     1
 40
179.0
176
     1
 90
        8
176
     1
 62
     7
176
     1
 40
1.0
176
     1
 90
        1
176
     1
 90
        6
176
     1
 90
        2
176
     1
 62
     7
176
     1
 90
        3
176
     1
 90
        0
176
     1
 90
        0
176
     1
290
     0
176
     1
 90
        1
176
     1
 40
0.0
176
     1
 90
        0
176
     1
290
     0
176
     1
290
     1
176
     1
290
     1
176
     1
290
     0
176
     1
290
     0
176
     1
290
     0
176
     1
290
     0
176
     1
290
     0
176
     1
290
     0
176
     1
 90
       50
176
     1
 40
0.0
176
     1
 40
1.0
176
     1
 90
        0
176
     1
 62
    18
420
        0
176
     1
 90
       50
176
     1
 90
        3
176
     1
 62
     5
420
      255
176
     1
290
     0
176
     1
 90
       50
176
     1
 90
       50
176
     1
 90
       50
176
     1
290
     0
176
     1
 90
       50
176
     1
 62
   256
176
     0
 40
1.0
176
     0
 90
        2
176
     1
  1
strokes_ogs.tif
176
     1
290
     0
176
     1
 40
1.0
176
     1
 40
1.0
176
     1
  0
VISUALSTYLE
  5
35
102
{ACAD_REACTORS
330
2A
102
}
330
2A
100
AcDbVisualStyle
  2
Dim
 70
    11
177
     3
291
     1
 70
    58
 90
        2
176
     1
 90
        2
176
     1
 90
        0
176
     1
 90
        0
176
     1
 40
0.6
176
     1
 40
30.0
176
     1
 62
     7
420
 16777215
176
     1
 90
        1
176
     1
 90
        4
176
     1
 62
     7
176
     1
 62
   257
176
     1
 90
        1
176
     1
 90
        1
176
     1
 40
1.0
176
     1
 90
        8
176
     1
 62
     7
176
     1
 40
1.0
176
     1
 90
        1
176
     1
 90
        6
176
     1
 90
        2
176
     1
 62
     7
176
     1
 90
        5
176
     1
 90
        0
176
     1
 90
        0
176
     1
290
     0
176
     1
 90
        1
176
     1
 40
-50.0
176
     1
 90
        0
176
     1
290
     0
176
     1
290
     1
176
     1
290
     1
176
     1
290
     0
176
     1
290
     0
176
     1
290
     0
176
     1
290
     0
176
     1
290
     0
176
     1
290
     0
176
     1
 90
       50
176
     1
 40
0.0
176
     1
 40
1.0
176
     1
 90
        0
176
     1
 62
    18
420
        0
176
     1
 90
       50
176
     1
 90
        3
176
     1
 62
     5
420
      255
176
     1
290
     0
176
     1
 90
       50
176
     1
 90
       50
176
     1
 90
       50
176
     1
290
     0
176
     1
 90
       50
176
     1
 62
   256
176
     0
 40
1.0
176
     0
 90
        2
176
     1
  1
strokes_ogs.tif
176
     1
290
     0
176
     1
 40
1.0
176
     1
 40
1.0
176
     1
  0
VISUALSTYLE
  5
3D
102
{ACAD_REACTORS
330
2A
102
}
330
2A
100
AcDbVisualStyle
  2
EdgeColorOff
 70
    22
177
     3
291
     1
 70
    58
 90
        2
176
     0
 90
        2
176
     0
 90
        0
176
     0
 90
        0
176
     0
 40
0.6
176
     0
 40
30.0
176
     0
 62
     7
420
 16777215
176
     0
 90
        1
176
     0
 90
        4
176
     0
 62
     7
176
     0
 62
   257
176
     0
 90
        1
176
     0
 90
        1
176
     0
 40
1.0
176
     0
 90
        8
176
     2
 62
     7
176
     0
 40
1.0
176
     0
 90
        1
176
     0
 90
        6
176
     0
 90
        2
176
     0
 62
     7
176
     0
 90
        5
176
     0
 90
        0
176
     0
 90
        0
176
     0
290
     0
176
     0
 90
        1
176
     0
 40
0.0
176
     0
 90
        0
176
     0
290
     0
176
     0
290
     1
176
     0
290
     1
176
     0
290
     0
176
     0
290
     0
176
     0
290
     0
176
     0
290
     0
176
     0
290
     0
176
     0
290
     0
176
     0
 90
       50
176
     0
 40
0.0
176
     0
 40
1.0
176
     0
 90
        0
176
     0
 62
    18
420
        0
176
     0
 90
       50
176
     0
 90
        3
176
     0
 62
     5
420
      255
176
     0
290
     0
176
     0
 90
       50
176
     0
 90
       50
176
     0
 90
       50
176
     0
290
     0
176
     0
 90
       50
176
     0
 62
   256
176
     0
 40
1.0
176
     0
 90
        2
176
     0
  1
strokes_ogs.tif
176
     0
290
     0
176
     0
 40
1.0
176
     0
 40
1.0
176
     0
  0
VISUALSTYLE
  5
39
102
{ACAD_REACTORS
330
2A
102
}
330
2A
100
AcDbVisualStyle
  2
Facepattern
 70
    15
177
     3
291
     1
 70
    58
 90
        2
176
     1
 90
        2
176
     1
 90
        0
176
     1
 90
        0
176
     1
 40
0.6
176
     1
 40
30.0
176
     1
 62
     7
420
 16777215
176
     1
 90
        1
176
     1
 90
        4
176
     1
 62
     7
176
     1
 62
   257
176
     1
 90
        1
176
     1
 90
        1
176
     1
 40
1.0
176
     1
 90
        8
176
     1
 62
     7
176
     1
 40
1.0
176
     1
 90
        1
176
     1
 90
        6
176
     1
 90
        2
176
     1
 62
     7
176
     1
 90
        5
176
     1
 90
        0
176
     1
 90
        0
176
     1
290
     0
176
     1
 90
        1
176
     1
 40
0.0
176
     1
 90
        0
176
     1
290
     0
176
     1
290
     1
176
     1
290
     1
176
     1
290
     0
176
     1
290
     0
176
     1
290
     0
176
     1
290
     0
176
     1
290
     0
176
     1
290
     0
176
     1
 90
       50
176
     1
 40
0.0
176
     1
 40
1.0
176
     1
 90
        0
176
     1
 62
    18
420
        0
176
     1
 90
       50
176
     1
 90
        3
176
     1
 62
     5
420
      255
176
     1
290
     0
176
     1
 90
       50
176
     1
 90
       50
176
     1
 90
       50
176
     1
290
     0
176
     1
 90
       50
176
     1
 62
   256
176
     0
 40
1.0
176
     0
 90
        2
176
     1
  1
strokes_ogs.tif
176
     1
290
     0
176
     1
 40
1.0
176
     1
 40
1.0
176
     1
  0
VISUALSTYLE
  5
2B
102
{ACAD_REACTORS
330
2A
102
}
330
2A
100
AcDbVisualStyle
  2
Flat
 70
     0
177
     3
291
     1
 70
    58
 90
        2
176
     1
 90
        1
176
     1
 90
        1
176
     1
 90
        2
176
     1
 40
0.6
176
     1
 40
30.0
176
     1
 62
     7
420
 16777215
176
     1
 90
        0
176
     1
 90
        0
176
     1
 62
     7
176
     1
 62
   257
176
     1
 90
        1
176
     1
 90
        1
176
     1
 40
1.0
176
     1
 90
        8
176
     1
 62
     7
176
     1
 40
1.0
176
     1
 90
        1
176
     1
 90
        6
176
     1
 90
        2
176
     1
 62
     7
176
     1
 90
        5
176
     1
 90
        0
176
     1
 90
        0
176
     1
290
     0
176
     1
 90
       13
176
     1
 40
0.0
176
     1
 90
        0
176
     1
290
     0
176
     1
290
     1
176
     1
290
     1
176
     1
290
     0
176
     1
290
     0
176
     1
290
     0
176
     1
290
     0
176
     1
290
     0
176
     1
290
     0
176
     1
 90
       50
176
     1
 40
0.0
176
     1
 40
1.0
176
     1
 90
        0
176
     1
 62
    18
420
        0
176
     1
 90
       50
176
     1
 90
        3
176
     1
 62
     5
420
      255
176
     1
290
     0
176
     1
 90
       50
176
     1
 90
       50
176
     1
 90
       50
176
     1
290
     0
176
     1
 90
       50
176
     1
 62
   256
176
     0
 40
1.0
176
     0
 90
        2
176
     1
  1
strokes_ogs.tif
176
     1
290
     0
176
     1
 40
1.0
176
     1
 40
1.0
176
     1
  0
VISUALSTYLE
  5
2C
102
{ACAD_REACTORS
330
2A
102
}
330
2A
100
AcDbVisualStyle
  2
FlatWithEdges
 70
     1
177
     3
291
     1
 70
    58
 90
        2
176
     1
 90
        1
176
     1
 90
        1
176
     1
 90
        2
176
     1
 40
0.6
176
     1
 40
30.0
176
     1
 62
     7
420
 16777215
176
     1
 90
        1
176
     1
 90
        0
176
     1
 62
     7
176
     1
 62
   257
176
     1
 90
        1
176
     1
 90
        1
176
     1
 40
1.0
176
     1
 90
        0
176
     1
 62
   257
176
     1
 40
1.0
176
     1
 90
        1
176
     1
 90
        6
176
     1
 90
        2
176
     1
 62
     7
176
     1
 90
        5
176
     1
 90
        0
176
     1
 90
        0
176
     1
290
     0
176
     1
 90
       13
176
     1
 40
0.0
176
     1
 90
        0
176
     1
290
     0
176
     1
290
     1
176
     1
290
     1
176
     1
290
     0
176
     1
290
     0
176
     1
290
     0
176
     1
290
     0
176
     1
290
     0
176
     1
290
     0
176
     1
 90
       50
176
     1
 40
0.0
176
     1
 40
1.0
176
     1
 90
        0
176
     1
 62
    18
420
        0
176
     1
 90
       50
176
     1
 90
        3
176
     1
 62
     5
420
      255
176
     1
290
     0
176
     1
 90
       50
176
     1
 90
       50
176
     1
 90
       50
176
     1
290
     0
176
     1
 90
       50
176
     1
 62
   256
176
     0
 40
1.0
176
     0
 90
        2
176
     1
  1
strokes_ogs.tif
176
     1
290
     0
176
     1
 40
1.0
176
     1
 40
1.0
176
     1
  0
VISUALSTYLE
  5
2D
102
{ACAD_REACTORS
330
2A
102
}
330
2A
100
AcDbVisualStyle
  2
Gouraud
 70
     2
177
     3
291
     1
 70
    58
 90
        2
176
     1
 90
        2
176
     1
 90
        1
176
     1
 90
        2
176
     1
 40
0.6
176
     1
 40
30.0
176
     1
 62
     7
420
 16777215
176
     1
 90
        0
176
     1
 90
        0
176
     1
 62
     7
176
     1
 62
   257
176
     1
 90
        1
176
     1
 90
        1
176
     1
 40
1.0
176
     1
 90
        0
176
     1
 62
     7
176
     1
 40
1.0
176
     1
 90
        1
176
     1
 90
        6
176
     1
 90
        2
176
     1
 62
     7
176
     1
 90
        5
176
     1
 90
        0
176
     1
 90
        0
176
     1
290
     0
176
     1
 90
       13
176
     1
 40
0.0
176
     1
 90
        0
176
     1
290
     0
176
     1
290
     1
176
     1
290
     1
176
     1
290
     0
176
     1
290
     0
176
     1
290
     0
176
     1
290
     0
176
     1
290
     0
176
     1
290
     0
176
     1
 90
       50
176
     1
 40
0.0
176
     1
 40
1.0
176
     1
 90
        0
176
     1
 62
    18
420
        0
176
     1
 90
       50
176
     1
 90
        3
176
     1
 62
     5
420
      255
176
     1
290
     0
176
     1
 90
       50
176
     1
 90
       50
176
     1
 90
       50
176
     1
290
     0
176
     1
 90
       50
176
     1
 62
   256
176
     0
 40
1.0
176
     0
 90
        2
176
     1
  1
strokes_ogs.tif
176
     1
290
     0
176
     1
 40
1.0
176
     1
 40
1.0
176
     1
  0
VISUALSTYLE
  5
2E
102
{ACAD_REACTORS
330
2A
102
}
330
2A
100
AcDbVisualStyle
  2
GouraudWithEdges
 70
     3
177
     3
291
     1
 70
    58
 90
        2
176
     1
 90
        2
176
     1
 90
        1
176
     1
 90
        2
176
     1
 40
0.6
176
     1
 40
30.0
176
     1
 62
     7
420
 16777215
176
     1
 90
        1
176
     1
 90
        0
176
     1
 62
     7
176
     1
 62
   257
176
     1
 90
        1
176
     1
 90
        1
176
     1
 40
1.0
176
     1
 90
        0
176
     1
 62
   257
176
     1
 40
1.0
176
     1
 90
        1
176
     1
 90
        6
176
     1
 90
        2
176
     1
 62
     7
176
     1
 90
        5
176
     1
 90
        0
176
     1
 90
        0
176
     1
290
     0
176
     1
 90
       13
176
     1
 40
0.0
176
     1
 90
        0
176
     1
290
     0
176
     1
290
     1
176
     1
290
     1
176
     1
290
     0
176
     1
290
     0
176
     1
290
     0
176
     1
290
     0
176
     1
290
     0
176
     1
290
     0
176
     1
 90
       50
176
     1
 40
0.0
176
     1
 40
1.0
176
     1
 90
        0
176
     1
 62
    18
420
        0
176
     1
 90
       50
176
     1
 90
        3
176
     1
 62
     5
420
      255
176
     1
290
     0
176
     1
 90
       50
176
     1
 90
       50
176
     1
 90
       50
176
     1
290
     0
176
     1
 90
       50
176
     1
 62
   256
176
     0
 40
1.0
176
     0
 90
        2
176
     1
  1
strokes_ogs.tif
176
     1
290
     0
176
     1
 40
1.0
176
     1
 40
1.0
176
     1
  0
VISUALSTYLE
  5
31
102
{ACAD_REACTORS
330
2A
102
}
330
2A
100
AcDbVisualStyle
  2
Hidden
 70
     6
177
     3
291
     0
 70
    58
 90
        1
176
     1
 90
        2
176
     1
 90
        2
176
     1
 90
        0
176
     1
 40
0.6
176
     1
 40
30.0
176
     1
 62
     7
420
 16777215
176
     1
 90
        2
176
     1
 90
        2
176
     1
 62
     7
176
     1
 62
   257
176
     1
 90
        2
176
     1
 90
        1
176
     1
 40
40.0
176
     1
 90
        0
176
     1
 62
   257
176
     1
 40
1.0
176
     1
 90
        1
176
     1
 90
        6
176
     1
 90
        2
176
     1
 62
     7
176
     1
 90
        3
176
     1
 90
        0
176
     1
 90
        0
176
     1
290
     0
176
     1
 90
        1
176
     1
 40
0.0
176
     1
 90
        0
176
     1
290
     0
176
     1
290
     1
176
     1
290
     1
176
     1
290
     0
176
     1
290
     0
176
     1
290
     0
176
     1
290
     0
176
     1
290
     0
176
     1
290
     0
176
     1
 90
       50
176
     1
 40
0.0
176
     1
 40
1.0
176
     1
 90
        0
176
     1
 62
    18
420
        0
176
     1
 90
       50
176
     1
 90
        3
176
     1
 62
     5
420
      255
176
     1
290
     0
176
     1
 90
       50
176
     1
 90
       50
176
     1
 90
       50
176
     1
290
     0
176
     1
 90
       50
176
     1
 62
   256
176
     0
 40
1.0
176
     0
 90
        2
176
     1
  1
strokes_ogs.tif
176
     1
290
     0
176
     1
 40
1.0
176
     1
 40
1.0
176
     1
  0
VISUALSTYLE
  5
3B
102
{ACAD_REACTORS
330
2A
102
}
330
2A
100
AcDbVisualStyle
  2
JitterOff
 70
    20
177
     3
291
     1
 70
    58
 90
        2
176
     0
 90
        2
176
     0
 90
        0
176
     0
 90
        0
176
     0
 40
0.6
176
     0
 40
30.0
176
     0
 62
     7
420
 16777215
176
     0
 90
        1
176
     0
 90
        4
176
     0
 62
     7
176
     0
 62
   257
176
     0
 90
        1
176
     0
 90
        1
176
     0
 40
1.0
176
     0
 90
       10
176
     2
 62
     7
176
     0
 40
1.0
176
     0
 90
        1
176
     0
 90
        6
176
     0
 90
        2
176
     0
 62
     7
176
     0
 90
        5
176
     0
 90
        0
176
     0
 90
        0
176
     0
290
     0
176
     0
 90
        1
176
     0
 40
0.0
176
     0
 90
        0
176
     0
290
     0
176
     0
290
     1
176
     0
290
     1
176
     0
290
     0
176
     0
290
     0
176
     0
290
     0
176
     0
290
     0
176
     0
290
     0
176
     0
290
     0
176
     0
 90
       50
176
     0
 40
0.0
176
     0
 40
1.0
176
     0
 90
        0
176
     0
 62
    18
420
        0
176
     0
 90
       50
176
     0
 90
        3
176
     0
 62
     5
420
      255
176
     0
290
     0
176
     0
 90
       50
176
     0
 90
       50
176
     0
 90
       50
176
     0
290
     0
176
     0
 90
       50
176
     0
 62
   256
176
     0
 40
1.0
176
     0
 90
        2
176
     0
  1
strokes_ogs.tif
176
     0
290
     0
176
     0
 40
1.0
176
     0
 40
1.0
176
     0
  0
VISUALSTYLE
  5
38
102
{ACAD_REACTORS
330
2A
102
}
330
2A
100
AcDbVisualStyle
  2
Linepattern
 70
    14
177
     3
291
     1
 70
    58
 90
        2
176
     1
 90
        2
176
     1
 90
        0
176
     1
 90
        0
176
     1
 40
0.6
176
     1
 40
30.0
176
     1
 62
     7
420
 16777215
176
     1
 90
        1
176
     1
 90
        4
176
     1
 62
     7
176
     1
 62
   257
176
     1
 90
        7
176
     1
 90
        7
176
     1
 40
1.0
176
     1
 90
        8
176
     1
 62
     7
176
     1
 40
1.0
176
     1
 90
        1
176
     1
 90
        6
176
     1
 90
        2
176
     1
 62
     7
176
     1
 90
        5
176
     1
 90
        0
176
     1
 90
        0
176
     1
290
     0
176
     1
 90
        1
176
     1
 40
0.0
176
     1
 90
        0
176
     1
290
     0
176
     1
290
     1
176
     1
290
     1
176
     1
290
     0
176
     1
290
     0
176
     1
290
     0
176
     1
290
     0
176
     1
290
     0
176
     1
290
     0
176
     1
 90
       50
176
     1
 40
0.0
176
     1
 40
1.0
176
     1
 90
        0
176
     1
 62
    18
420
        0
176
     1
 90
       50
176
     1
 90
        3
176
     1
 62
     5
420
      255
176
     1
290
     0
176
     1
 90
       50
176
     1
 90
       50
176
     1
 90
       50
176
     1
290
     0
176
     1
 90
       50
176
     1
 62
   256
176
     0
 40
1.0
176
     0
 90
        2
176
     1
  1
strokes_ogs.tif
176
     1
290
     0
176
     1
 40
1.0
176
     1
 40
1.0
176
     1
  0
VISUALSTYLE
  5
3C
102
{ACAD_REACTORS
330
2A
102
}
330
2A
100
AcDbVisualStyle
  2
OverhangOff
 70
    21
177
     3
291
     1
 70
    58
 90
        2
176
     0
 90
        2
176
     0
 90
        0
176
     0
 90
        0
176
     0
 40
0.6
176
     0
 40
30.0
176
     0
 62
     7
420
 16777215
176
     0
 90
        1
176
     0
 90
        4
176
     0
 62
     7
176
     0
 62
   257
176
     0
 90
        1
176
     0
 90
        1
176
     0
 40
1.0
176
     0
 90
        9
176
     2
 62
     7
176
     0
 40
1.0
176
     0
 90
        1
176
     0
 90
        6
176
     0
 90
        2
176
     0
 62
     7
176
     0
 90
        5
176
     0
 90
        0
176
     0
 90
        0
176
     0
290
     0
176
     0
 90
        1
176
     0
 40
0.0
176
     0
 90
        0
176
     0
290
     0
176
     0
290
     1
176
     0
290
     1
176
     0
290
     0
176
     0
290
     0
176
     0
290
     0
176
     0
290
     0
176
     0
290
     0
176
     0
290
     0
176
     0
 90
       50
176
     0
 40
0.0
176
     0
 40
1.0
176
     0
 90
        0
176
     0
 62
    18
420
        0
176
     0
 90
       50
176
     0
 90
        3
176
     0
 62
     5
420
      255
176
     0
290
     0
176
     0
 90
       50
176
     0
 90
       50
176
     0
 90
       50
176
     0
290
     0
176
     0
 90
       50
176
     0
 62
   256
176
     0
 40
1.0
176
     0
 90
        2
176
     0
  1
strokes_ogs.tif
176
     0
290
     0
176
     0
 40
1.0
176
     0
 40
1.0
176
     0
  0
VISUALSTYLE
  5
33
102
{ACAD_REACTORS
330
2A
102
}
330
2A
100
AcDbVisualStyle
  2
Realistic
 70
     8
177
     3
291
     0
 70
    58
 90
        2
176
     1
 90
        3
176
     1
 90
        0
176
     1
 90
        2
176
     1
 40
0.6
176
     1
 40
30.0
176
     1
 62
     7
420
 16777215
176
     1
 90
        0
176
     1
 90
        0
176
     1
 62
     7
176
     1
 62
   257
176
     1
 90
        1
176
     1
 90
        1
176
     1
 40
1.0
176
     1
 90
        8
176
     1
 62
   257
176
     1
 40
1.0
176
     1
 90
        1
176
     1
 90
        6
176
     1
 90
        2
176
     1
 62
     7
176
     1
 90
        3
176
     1
 90
        0
176
     1
 90
        0
176
     1
290
     0
176
     1
 90
       13
176
     1
 40
0.0
176
     1
 90
        0
176
     1
290
     0
176
     1
290
     1
176
     1
290
     1
176
     1
290
     0
176
     1
290
     0
176
     1
290
     0
176
     1
290
     0
176
     1
290
     0
176
     1
290
     0
176
     1
 90
       50
176
     1
 40
0.0
176
     1
 40
1.0
176
     1
 90
        0
176
     1
 62
    18
420
        0
176
     1
 90
       50
176
     1
 90
        3
176
     1
 62
     5
420
      255
176
     1
290
     0
176
     1
 90
       50
176
     1
 90
       50
176
     1
 90
       50
176
     1
290
     0
176
     1
 90
       50
176
     1
 62
   256
176
     0
 40
1.0
176
     0
 90
        2
176
     1
  1
strokes_ogs.tif
176
     1
290
     0
176
     1
 40
1.0
176
     1
 40
1.0
176
     1
  0
VISUALSTYLE
  5
42
102
{ACAD_REACTORS
330
2A
102
}
330
2A
100
AcDbVisualStyle
  2
Shaded
 70
    27
177
     3
291
     0
 70
    58
 90
        2
176
     1
 90
        2
176
     1
 90
        1
176
     1
 90
        2
176
     1
 40
0.6
176
     1
 40
30.0
176
     1
 62
     7
420
 16777215
176
     1
 90
        0
176
     1
 90
        4
176
     1
 62
     7
176
     1
 62
   257
176
     1
 90
        1
176
     1
 90
        1
176
     1
 40
1.0
176
     1
 90
        8
176
     1
 62
   257
176
     1
 40
1.0
176
     1
 90
        1
176
     1
 90
        6
176
     1
 90
        2
176
     1
 62
     8
420
  7895160
176
     1
 90
        3
176
     1
 90
        0
176
     1
 90
        0
176
     1
290
     0
176
     1
 90
        5
176
     1
 40
0.0
176
     1
 90
        0
176
     1
290
     0
176
     1
290
     1
176
     1
290
     1
176
     1
290
     0
176
     1
290
     0
176
     1
290
     0
176
     1
290
     0
176
     1
290
     0
176
     1
290
     0
176
     1
 90
       50
176
     1
 40
0.0
176
     1
 40
1.0
176
     1
 90
        0
176
     1
 62
    18
420
        0
176
     1
 90
       50
176
     1
 90
        3
176
     1
 62
     5
420
      255
176
     1
290
     0
176
     1
 90
       50
176
     1
 90
       50
176
     1
 90
       50
176
     1
290
     0
176
     1
 90
       50
176
     1
 62
   256
176
     0
 40
1.0
176
     0
 90
        2
176
     1
  1
strokes_ogs.tif
176
     1
290
     0
176
     1
 40
1.0
176
     1
 40
1.0
176
     1
  0
VISUALSTYLE
  5
41
102
{ACAD_REACTORS
330
2A
102
}
330
2A
100
AcDbVisualStyle
  2
Shaded with edges
 70
    26
177
     3
291
     0
 70
    58
 90
        2
176
     1
 90
        2
176
     1
 90
        1
176
     1
 90
        2
176
     1
 40
0.6
176
     1
 40
30.0
176
     1
 62
     7
420
 16777215
176
     1
 90
        1
176
     1
 90
       10
176
     1
 62
     7
176
     1
 62
   257
176
     1
 90
        2
176
     1
 90
        1
176
     1
 40
1.0
176
     1
 90
        8
176
     1
 62
   257
176
     1
 40
1.0
176
     1
 90
        1
176
     1
 90
        6
176
     1
 90
        2
176
     1
 62
     7
176
     1
 90
        3
176
     1
 90
        0
176
     1
 90
        0
176
     1
290
     0
176
     1
 90
        5
176
     1
 40
0.0
176
     1
 90
        0
176
     1
290
     0
176
     1
290
     1
176
     1
290
     1
176
     1
290
     0
176
     1
290
     0
176
     1
290
     0
176
     1
290
     0
176
     1
290
     0
176
     1
290
     0
176
     1
 90
       50
176
     1
 40
0.0
176
     1
 40
1.0
176
     1
 90
        0
176
     1
 62
    18
420
        0
176
     1
 90
       50
176
     1
 90
        3
176
     1
 62
     5
420
      255
176
     1
290
     0
176
     1
 90
       50
176
     1
 90
       50
176
     1
 90
       50
176
     1
290
     0
176
     1
 90
       50
176
     1
 62
   256
176
     0
 40
1.0
176
     0
 90
        2
176
     1
  1
strokes_ogs.tif
176
     1
290
     0
176
     1
 40
1.0
176
     1
 40
1.0
176
     1
  0
VISUALSTYLE
  5
3E
102
{ACAD_REACTORS
330
2A
102
}
330
2A
100
AcDbVisualStyle
  2
Shades of Gray
 70
    23
177
     3
291
     0
 70
    58
 90
        2
176
     1
 90
        2
176
     1
 90
        3
176
     1
 90
        0
176
     1
 40
0.6
176
     1
 40
30.0
176
     1
 62
     7
420
 16777215
176
     1
 90
        2
176
     1
 90
        2
176
     1
 62
     7
176
     1
 62
     7
176
     1
 90
        1
176
     1
 90
        1
176
     1
 40
40.0
176
     1
 90
        8
176
     1
 62
     7
176
     1
 40
1.0
176
     1
 90
        1
176
     1
 90
        6
176
     1
 90
        2
176
     1
 62
     7
176
     1
 90
        3
176
     1
 90
        0
176
     1
 90
        0
176
     1
290
     0
176
     1
 90
        1
176
     1
 40
0.0
176
     1
 90
        0
176
     1
290
     0
176
     1
290
     1
176
     1
290
     1
176
     1
290
     0
176
     1
290
     0
176
     1
290
     0
176
     1
290
     0
176
     1
290
     0
176
     1
290
     0
176
     1
 90
       50
176
     1
 40
0.0
176
     1
 40
1.0
176
     1
 90
        0
176
     1
 62
    18
420
        0
176
     1
 90
       50
176
     1
 90
        3
176
     1
 62
     5
420
      255
176
     1
290
     0
176
     1
 90
       50
176
     1
 90
       50
176
     1
 90
       50
176
     1
290
     0
176
     1
 90
       50
176
     1
 62
   256
176
     0
 40
1.0
176
     0
 90
        2
176
     1
  1
strokes_ogs.tif
176
     1
290
     0
176
     1
 40
1.0
176
     1
 40
1.0
176
     1
  0
VISUALSTYLE
  5
3F
102
{ACAD_REACTORS
330
2A
102
}
330
2A
100
AcDbVisualStyle
  2
Sketchy
 70
    24
177
     3
291
     0
 70
    58
 90
        1
176
     1
 90
        2
176
     1
 90
        2
176
     1
 90
        0
176
     1
 40
0.6
176
     1
 40
30.0
176
     1
 62
     7
420
 16777215
176
     1
 90
        2
176
     1
 90
        2
176
     1
 62
     7
176
     1
 62
     7
176
     1
 90
        1
176
     1
 90
        1
176
     1
 40
40.0
176
     1
 90
       11
176
     1
 62
     7
176
     1
 40
1.0
176
     1
 90
        1
176
     1
 90
        6
176
     1
 90
        2
176
     1
 62
     7
176
     1
 90
        6
176
     1
 90
        0
176
     1
 90
        0
176
     1
290
     0
176
     1
 90
        1
176
     1
 40
0.0
176
     1
 90
        0
176
     1
290
     0
176
     1
290
     1
176
     1
290
     1
176
     1
290
     0
176
     1
290
     0
176
     1
290
     0
176
     1
290
     0
176
     1
290
     0
176
     1
290
     0
176
     1
 90
       50
176
     1
 40
0.0
176
     1
 40
1.0
176
     1
 90
        0
176
     1
 62
    18
420
        0
176
     1
 90
       50
176
     1
 90
        3
176
     1
 62
     5
420
      255
176
     1
290
     0
176
     1
 90
       50
176
     1
 90
       50
176
     1
 90
       50
176
     1
290
     0
176
     1
 90
       50
176
     1
 62
   256
176
     0
 40
1.0
176
     0
 90
        2
176
     1
  1
strokes_ogs.tif
176
     1
290
     0
176
     1
 40
1.0
176
     1
 40
1.0
176
     1
  0
VISUALSTYLE
  5
37
102
{ACAD_REACTORS
330
2A
102
}
330
2A
100
AcDbVisualStyle
  2
Thicken
 70
    13
177
     3
291
     1
 70
    58
 90
        2
176
     1
 90
        2
176
     1
 90
        0
176
     1
 90
        0
176
     1
 40
0.6
176
     1
 40
30.0
176
     1
 62
     7
420
 16777215
176
     1
 90
        1
176
     1
 90
        4
176
     1
 62
     7
176
     1
 62
   257
176
     1
 90
        1
176
     1
 90
        1
176
     1
 40
1.0
176
     1
 90
       12
176
     1
 62
     7
176
     1
 40
1.0
176
     1
 90
        1
176
     1
 90
        6
176
     1
 90
        2
176
     1
 62
     7
176
     1
 90
        5
176
     1
 90
        0
176
     1
 90
        0
176
     1
290
     0
176
     1
 90
        1
176
     1
 40
0.0
176
     1
 90
        0
176
     1
290
     0
176
     1
290
     1
176
     1
290
     1
176
     1
290
     0
176
     1
290
     0
176
     1
290
     0
176
     1
290
     0
176
     1
290
     0
176
     1
290
     0
176
     1
 90
       50
176
     1
 40
0.0
176
     1
 40
1.0
176
     1
 90
        0
176
     1
 62
    18
420
        0
176
     1
 90
       50
176
     1
 90
        3
176
     1
 62
     5
420
      255
176
     1
290
     0
176
     1
 90
       50
176
     1
 90
       50
176
     1
 90
       50
176
     1
290
     0
176
     1
 90
       50
176
     1
 62
   256
176
     0
 40
1.0
176
     0
 90
        2
176
     1
  1
strokes_ogs.tif
176
     1
290
     0
176
     1
 40
1.0
176
     1
 40
1.0
176
     1
  0
VISUALSTYLE
  5
30
102
{ACAD_REACTORS
330
2A
102
}
330
2A
100
AcDbVisualStyle
  2
Wireframe
 70
     5
177
     3
291
     0
 70
    58
 90
        0
176
     1
 90
        2
176
     1
 90
        0
176
     1
 90
        0
176
     1
 40
0.6
176
     1
 40
30.0
176
     1
 62
     7
420
 16777215
176
     1
 90
        1
176
     1
 90
        4
176
     1
 62
     7
176
     1
 62
   257
176
     1
 90
        1
176
     1
 90
        1
176
     1
 40
1.0
176
     1
 90
        0
176
     1
 62
   257
176
     1
 40
1.0
176
     1
 90
        1
176
     1
 90
        6
176
     1
 90
        2
176
     1
 62
     7
176
     1
 90
        3
176
     1
 90
        0
176
     1
 90
        0
176
     1
290
     0
176
     1
 90
        1
176
     1
 40
0.0
176
     1
 90
        0
176
     1
290
     0
176
     1
290
     1
176
     1
290
     1
176
     1
290
     0
176
     1
290
     0
176
     1
290
     0
176
     1
290
     0
176
     1
290
     0
176
     1
290
     0
176
     1
 90
       50
176
     1
 40
0.0
176
     1
 40
1.0
176
     1
 90
        0
176
     1
 62
    18
420
        0
176
     1
 90
       50
176
     1
 90
        3
176
     1
 62
     5
420
      255
176
     1
290
     0
176
     1
 90
       50
176
     1
 90
       50
176
     1
 90
       50
176
     1
290
     0
176
     1
 90
       50
176
     1
 62
   256
176
     0
 40
1.0
176
     0
 90
        2
176
     1
  1
strokes_ogs.tif
176
     1
290
     0
176
     1
 40
1.0
176
     1
 40
1.0
176
     1
  0
VISUALSTYLE
  5
40
102
{ACAD_REACTORS
330
2A
102
}
330
2A
100
AcDbVisualStyle
  2
X-Ray
 70
    25
177
     3
291
     0
 70
    58
 90
        2
176
     1
 90
        2
176
     1
 90
        1
176
     1
 90
        1
176
     1
 40
0.5
176
     1
 40
30.0
176
     1
 62
     7
420
 16777215
176
     1
 90
        1
176
     1
 90
        0
176
     1
 62
     7
176
     1
 62
   257
176
     1
 90
        1
176
     1
 90
        1
176
     1
 40
1.0
176
     1
 90
        8
176
     1
 62
     7
176
     1
 40
1.0
176
     1
 90
        1
176
     1
 90
        6
176
     1
 90
        2
176
     1
 62
     7
176
     1
 90
        3
176
     1
 90
        0
176
     1
 90
        0
176
     1
290
     0
176
     1
 90
       13
176
     1
 40
0.0
176
     1
 90
        0
176
     1
290
     0
176
     1
290
     1
176
     1
290
     1
176
     1
290
     0
176
     1
290
     0
176
     1
290
     0
176
     1
290
     0
176
     1
290
     0
176
     1
290
     0
176
     1
 90
       50
176
     1
 40
0.0
176
     1
 40
1.0
176
     1
 90
        0
176
     1
 62
    18
420
        0
176
     1
 90
       50
176
     1
 90
        3
176
     1
 62
     5
420
      255
176
     1
290
     0
176
     1
 90
       50
176
     1
 90
       50
176
     1
 90
       50
176
     1
290
     0
176
     1
 90
       50
176
     1
 62
   256
176
     0
 40
1.0
176
     0
 90
        2
176
     1
  1
strokes_ogs.tif
176
     1
290
     0
176
     1
 40
1.0
176
     1
 40
1.0
176
     1
  0
DICTIONARYVAR
  5
269
102
{ACAD_REACTORS
330
268
102
}
330
268
100
DictionaryVariables
280
     0
  1
1:1
  0
DICTIONARYVAR
  5
2A2
102
{ACAD_REACTORS
330
268
102
}
330
268
100
DictionaryVariables
280
     0
  1
Standard
  0
DICTIONARYVAR
  5
2A1
102
{ACAD_REACTORS
330
268
102
}
330
268
100
DictionaryVariables
280
     0
  1
Standard
  0
DICTIONARYVAR
  5
2AA
102
{ACAD_REACTORS
330
268
102
}
330
268
100
DictionaryVariables
280
     0
  1
Imperial24
  0
DICTIONARYVAR
  5
2AB
102
{ACAD_REACTORS
330
268
102
}
330
268
100
DictionaryVariables
280
     0
  1
Imperial24
  0
DICTIONARYVAR
  5
26A
102
{ACAD_REACTORS
330
268
102
}
330
268
100
DictionaryVariables
280
     0
  1
2
  0
DICTIONARY
  5
2A7
330
6A
100
AcDbDictionary
280
     1
281
     1
  3
ACAD_ROUNDTRIP_2008_TABLESTYLE_CELLSTYLEMAP
360
2A8
  0
CELLSTYLEMAP
  5
2A8
102
{ACAD_REACTORS
330
2A7
102
}
330
2A7
100
AcDbCellStyleMap
 90
        3
300
CELLSTYLE
  1
TABLEFORMAT_BEGIN
 90
        5
170
     1
 91
        0
 92
    32768
 62
   257
 93
        1
300
CONTENTFORMAT
  1
CONTENTFORMAT_BEGIN
 90
        0
 91
        0
 92
        4
 93
        0
300

 40
0.0
140
1.0
 94
        5
 62
     0
340
11
144
0.25
309
CONTENTFORMAT_END
171
     1
301
MARGIN
  1
CELLMARGIN_BEGIN
 40
0.06
 40
0.06
 40
0.06
 40
0.06
 40
0.06
 40
0.06
309
CELLMARGIN_END
 94
        6
 95
        1
302
GRIDFORMAT
  1
GRIDFORMAT_BEGIN
 90
        0
 91
        1
 62
     0
 92
       -2
340
14
 93
        0
 40
0.045
309
GRIDFORMAT_END
 95
        2
302
GRIDFORMAT
  1
GRIDFORMAT_BEGIN
 90
        0
 91
        1
 62
     0
 92
       -2
340
14
 93
        0
 40
0.045
309
GRIDFORMAT_END
 95
        4
302
GRIDFORMAT
  1
GRIDFORMAT_BEGIN
 90
        0
 91
        1
 62
     0
 92
       -2
340
14
 93
        0
 40
0.045
309
GRIDFORMAT_END
 95
        8
302
GRIDFORMAT
  1
GRIDFORMAT_BEGIN
 90
        0
 91
        1
 62
     0
 92
       -2
340
14
 93
        0
 40
0.045
309
GRIDFORMAT_END
 95
       16
302
GRIDFORMAT
  1
GRIDFORMAT_BEGIN
 90
        0
 91
        1
 62
     0
 92
       -2
340
14
 93
        0
 40
0.045
309
GRIDFORMAT_END
 95
       32
302
GRIDFORMAT
  1
GRIDFORMAT_BEGIN
 90
        0
 91
        1
 62
     0
 92
       -2
340
14
 93
        0
 40
0.045
309
GRIDFORMAT_END
309
TABLEFORMAT_END
  1
CELLSTYLE_BEGIN
 90
        1
 91
        1
300
_TITLE
309
CELLSTYLE_END
300
CELLSTYLE
  1
TABLEFORMAT_BEGIN
 90
        5
170
     1
 91
        0
 92
        0
 62
   257
 93
        1
300
CONTENTFORMAT
  1
CONTENTFORMAT_BEGIN
 90
        0
 91
        0
 92
        4
 93
        0
300

 40
0.0
140
1.0
 94
        5
 62
     0
340
11
144
0.18
309
CONTENTFORMAT_END
171
     1
301
MARGIN
  1
CELLMARGIN_BEGIN
 40
0.06
 40
0.06
 40
0.06
 40
0.06
 40
0.06
 40
0.06
309
CELLMARGIN_END
 94
        6
 95
        1
302
GRIDFORMAT
  1
GRIDFORMAT_BEGIN
 90
        0
 91
        1
 62
     0
 92
       -2
340
14
 93
        0
 40
0.045
309
GRIDFORMAT_END
 95
        2
302
GRIDFORMAT
  1
GRIDFORMAT_BEGIN
 90
        0
 91
        1
 62
     0
 92
       -2
340
14
 93
        0
 40
0.045
309
GRIDFORMAT_END
 95
        4
302
GRIDFORMAT
  1
GRIDFORMAT_BEGIN
 90
        0
 91
        1
 62
     0
 92
       -2
340
14
 93
        0
 40
0.045
309
GRIDFORMAT_END
 95
        8
302
GRIDFORMAT
  1
GRIDFORMAT_BEGIN
 90
        0
 91
        1
 62
     0
 92
       -2
340
14
 93
        0
 40
0.045
309
GRIDFORMAT_END
 95
       16
302
GRIDFORMAT
  1
GRIDFORMAT_BEGIN
 90
        0
 91
        1
 62
     0
 92
       -2
340
14
 93
        0
 40
0.045
309
GRIDFORMAT_END
 95
       32
302
GRIDFORMAT
  1
GRIDFORMAT_BEGIN
 90
        0
 91
        1
 62
     0
 92
       -2
340
14
 93
        0
 40
0.045
309
GRIDFORMAT_END
309
TABLEFORMAT_END
  1
CELLSTYLE_BEGIN
 90
        2
 91
        1
300
_HEADER
309
CELLSTYLE_END
300
CELLSTYLE
  1
TABLEFORMAT_BEGIN
 90
        5
170
     1
 91
        0
 92
        0
 62
   257
 93
        1
300
CONTENTFORMAT
  1
CONTENTFORMAT_BEGIN
 90
        0
 91
        0
 92
        4
 93
        0
300

 40
0.0
140
1.0
 94
        2
 62
     0
340
11
144
0.18
309
CONTENTFORMAT_END
171
     1
301
MARGIN
  1
CELLMARGIN_BEGIN
 40
0.06
 40
0.06
 40
0.06
 40
0.06
 40
0.06
 40
0.06
309
CELLMARGIN_END
 94
        6
 95
        1
302
GRIDFORMAT
  1
GRIDFORMAT_BEGIN
 90
        0
 91
        1
 62
     0
 92
       -2
340
14
 93
        0
 40
0.045
309
GRIDFORMAT_END
 95
        2
302
GRIDFORMAT
  1
GRIDFORMAT_BEGIN
 90
        0
 91
        1
 62
     0
 92
       -2
340
14
 93
        0
 40
0.045
309
GRIDFORMAT_END
 95
        4
302
GRIDFORMAT
  1
GRIDFORMAT_BEGIN
 90
        0
 91
        1
 62
     0
 92
       -2
340
14
 93
        0
 40
0.045
309
GRIDFORMAT_END
 95
        8
302
GRIDFORMAT
  1
GRIDFORMAT_BEGIN
 90
        0
 91
        1
 62
     0
 92
       -2
340
14
 93
        0
 40
0.045
309
GRIDFORMAT_END
 95
       16
302
GRIDFORMAT
  1
GRIDFORMAT_BEGIN
 90
        0
 91
        1
 62
     0
 92
       -2
340
14
 93
        0
 40
0.045
309
GRIDFORMAT_END
 95
       32
302
GRIDFORMAT
  1
GRIDFORMAT_BEGIN
 90
        0
 91
        1
 62
     0
 92
       -2
340
14
 93
        0
 40
0.045
309
GRIDFORMAT_END
309
TABLEFORMAT_END
  1
CELLSTYLE_BEGIN
 90
        3
 91
        2
300
_DATA
309
CELLSTYLE_END
  0
ENDSEC
  0
EOF
