  0
SECTION
  2
HEADER
  9
$ACADVER
  1
AC1032
  9
$ACADMAINTVER
 90
       55
  9
$DWGCODEPAGE
  3
ANSI_1252
  9
$LASTSAVEDBY
  1
desig_0aqrnus
  9
$REQUIREDVERSIONS
160
                 0
  9
$INSBASE
 10
0.0
 20
0.0
 30
0.0
  9
$EXTMIN
 10
1.71193
 20
-6.12529
 30
0.0
  9
$EXTMAX
 10
14.69824
 20
6.12371
 30
0.0
  9
$LIMMIN
 10
0.0
 20
0.0
  9
$LIMMAX
 10
12.0
 20
9.0
  9
$ORTHOMODE
 70
     0
  9
$REGENMODE
 70
     1
  9
$FILLMODE
 70
     1
  9
$QTEXTMODE
 70
     0
  9
$MIRRTEXT
 70
     1
  9
$LTSCALE
 40
1.0
  9
$ATTMODE
 70
     1
  9
$TEXTSIZE
 40
0.2
  9
$TRACEWID
 40
0.05
  9
$TEXTSTYLE
  7
Standard
  9
$CLAYER
  8
0
  9
$CELTYPE
  6
ByLayer
  9
$CECOLOR
 62
   256
  9
$CELTSCALE
 40
1.0
  9
$DISPSILH
 70
     0
  9
$DIMSCALE
 40
1.0
  9
$DIMASZ
 40
0.18
  9
$DIMEXO
 40
0.0625
  9
$DIMDLI
 40
0.38
  9
$DIMRND
 40
0.0
  9
$DIMDLE
 40
0.0
  9
$DIMEXE
 40
0.18
  9
$DIMTP
 40
0.0
  9
$DIMTM
 40
0.0
  9
$DIMTXT
 40
0.18
  9
$DIMCEN
 40
0.09
  9
$DIMTSZ
 40
0.0
  9
$DIMTOL
 70
     0
  9
$DIMLIM
 70
     0
  9
$DIMTIH
 70
     1
  9
$DIMTOH
 70
     1
  9
$DIMSE1
 70
     0
  9
$DIMSE2
 70
     0
  9
$DIMTAD
 70
     0
  9
$DIMZIN
 70
     0
  9
$DIMBLK
  1

  9
$DIMASO
 70
     1
  9
$DIMSHO
 70
     1
  9
$DIMPOST
  1

  9
$DIMAPOST
  1

  9
$DIMALT
 70
     0
  9
$DIMALTD
 70
     2
  9
$DIMALTF
 40
25.4
  9
$DIMLFAC
 40
1.0
  9
$DIMTOFL
 70
     0
  9
$DIMTVP
 40
0.0
  9
$DIMTIX
 70
     0
  9
$DIMSOXD
 70
     0
  9
$DIMSAH
 70
     0
  9
$DIMBLK1
  1

  9
$DIMBLK2
  1

  9
$DIMSTYLE
  2
Standard
  9
$DIMCLRD
 70
     0
  9
$DIMCLRE
 70
     0
  9
$DIMCLRT
 70
     0
  9
$DIMTFAC
 40
1.0
  9
$DIMGAP
 40
0.09
  9
$DIMJUST
 70
     0
  9
$DIMSD1
 70
     0
  9
$DIMSD2
 70
     0
  9
$DIMTOLJ
 70
     1
  9
$DIMTZIN
 70
     0
  9
$DIMALTZ
 70
     0
  9
$DIMALTTZ
 70
     0
  9
$DIMUPT
 70
     0
  9
$DIMDEC
 70
     4
  9
$DIMTDEC
 70
     4
  9
$DIMALTU
 70
     2
  9
$DIMALTTD
 70
     2
  9
$DIMTXSTY
  7
Standard
  9
$DIMAUNIT
 70
     0
  9
$DIMADEC
 70
     0
  9
$DIMALTRND
 40
0.0
  9
$DIMAZIN
 70
     0
  9
$DIMDSEP
 70
    46
  9
$DIMATFIT
 70
     3
  9
$DIMFRAC
 70
     0
  9
$DIMLDRBLK
  1

  9
$DIMLUNIT
 70
     2
  9
$DIMLWD
 70
    -2
  9
$DIMLWE
 70
    -2
  9
$DIMTMOVE
 70
     0
  9
$DIMFXL
 40
1.0
  9
$DIMFXLON
 70
     0
  9
$DIMJOGANG
 40
0.7853981633974483
  9
$DIMTFILL
 70
     0
  9
$DIMTFILLCLR
 70
     0
  9
$DIMARCSYM
 70
     0
  9
$DIMLTYPE
  6

  9
$DIMLTEX1
  6

  9
$DIMLTEX2
  6

  9
$DIMTXTDIRECTION
 70
     0
  9
$LUNITS
 70
     2
  9
$LUPREC
 70
     4
  9
$SKETCHINC
 40
0.1
  9
$FILLETRAD
 40
0.5
  9
$AUNITS
 70
     0
  9
$AUPREC
 70
     0
  9
$MENU
  1
.
  9
$ELEVATION
 40
0.0
  9
$PELEVATION
 40
0.0
  9
$THICKNESS
 40
0.0
  9
$LIMCHECK
 70
     0
  9
$CHAMFERA
 40
0.0
  9
$CHAMFERB
 40
0.0
  9
$CHAMFERC
 40
0.0
  9
$CHAMFERD
 40
0.0
  9
$SKPOLY
 70
     0
  9
$TDCREATE
 40
2460853.430582581
  9
$TDUCREATE
 40
2460853.555582581
  9
$TDUPDATE
 40
2461222.394107211
  9
$TDUUPDATE
 40
2461222.519107211
  9
$TDINDWG
 40
0.0000000116
  9
$TDUSRTIMER
 40
0.0000000116
  9
$USRTIMER
 70
     1
  9
$ANGBASE
 50
0.0
  9
$ANGDIR
 70
     0
  9
$PDMODE
 70
     0
  9
$PDSIZE
 40
0.0
  9
$PLINEWID
 40
0.0
  9
$SPLFRAME
 70
     0
  9
$SPLINETYPE
 70
     6
  9
$SPLINESEGS
 70
     8
  9
$HANDSEED
  5
31A
  9
$SURFTAB1
 70
     6
  9
$SURFTAB2
 70
     6
  9
$SURFTYPE
 70
     6
  9
$SURFU
 70
     6
  9
$SURFV
 70
     6
  9
$UCSBASE
  2

  9
$UCSNAME
  2

  9
$UCSORG
 10
0.0
 20
0.0
 30
0.0
  9
$UCSXDIR
 10
1.0
 20
0.0
 30
0.0
  9
$UCSYDIR
 10
0.0
 20
1.0
 30
0.0
  9
$UCSORTHOREF
  2

  9
$UCSORTHOVIEW
 70
     0
  9
$UCSORGTOP
 10
0.0
 20
0.0
 30
0.0
  9
$UCSORGBOTTOM
 10
0.0
 20
0.0
 30
0.0
  9
$UCSORGLEFT
 10
0.0
 20
0.0
 30
0.0
  9
$UCSORGRIGHT
 10
0.0
 20
0.0
 30
0.0
  9
$UCSORGFRONT
 10
0.0
 20
0.0
 30
0.0
  9
$UCSORGBACK
 10
0.0
 20
0.0
 30
0.0
  9
$PUCSBASE
  2

  9
$PUCSNAME
  2

  9
$PUCSORG
 10
0.0
 20
0.0
 30
0.0
  9
$PUCSXDIR
 10
1.0
 20
0.0
 30
0.0
  9
$PUCSYDIR
 10
0.0
 20
1.0
 30
0.0
  9
$PUCSORTHOREF
  2

  9
$PUCSORTHOVIEW
 70
     0
  9
$PUCSORGTOP
 10
0.0
 20
0.0
 30
0.0
  9
$PUCSORGBOTTOM
 10
0.0
 20
0.0
 30
0.0
  9
$PUCSORGLEFT
 10
0.0
 20
0.0
 30
0.0
  9
$PUCSORGRIGHT
 10
0.0
 20
0.0
 30
0.0
  9
$PUCSORGFRONT
 10
0.0
 20
0.0
 30
0.0
  9
$PUCSORGBACK
 10
0.0
 20
0.0
 30
0.0
  9
$USERI1
 70
     0
  9
$USERI2
 70
     0
  9
$USERI3
 70
     0
  9
$USERI4
 70
     0
  9
$USERI5
 70
     0
  9
$USERR1
 40
0.0
  9
$USERR2
 40
0.0
  9
$USERR3
 40
0.0
  9
$USERR4
 40
0.0
  9
$USERR5
 40
0.0
  9
$WORLDVIEW
 70
     1
  9
$SHADEDGE
 70
     3
  9
$SHADEDIF
 70
    70
  9
$TILEMODE
 70
     1
  9
$MAXACTVP
 70
    64
  9
$PINSBASE
 10
0.0
 20
0.0
 30
0.0
  9
$PLIMCHECK
 70
     0
  9
$PEXTMIN
 10
1.000000000000000E+20
 20
1.000000000000000E+20
 30
1.000000000000000E+20
  9
$PEXTMAX
 10
-1.000000000000000E+20
 20
-1.000000000000000E+20
 30
-1.000000000000000E+20
  9
$PLIMMIN
 10
0.0
 20
0.0
  9
$PLIMMAX
 10
12.0
 20
9.0
  9
$UNITMODE
 70
     0
  9
$VISRETAIN
 70
     1
  9
$PLINEGEN
 70
     0
  9
$PSLTSCALE
 70
     1
  9
$TREEDEPTH
 70
  3020
  9
$CMLSTYLE
  2
Standard
  9
$CMLJUST
 70
     0
  9
$CMLSCALE
 40
1.0
  9
$PROXYGRAPHICS
 70
     1
  9
$MEASUREMENT
 70
     0
  9
$CELWEIGHT
370
    -1
  9
$ENDCAPS
280
     0
  9
$JOINSTYLE
280
     0
  9
$LWDISPLAY
290
     0
  9
$INSUNITS
 70
     5
  9
$HYPERLINKBASE
  1

  9
$STYLESHEET
  1

  9
$XEDIT
290
     1
  9
$CEPSNTYPE
380
     0
  9
$PSTYLEMODE
290
     1
  9
$FINGERPRINTGUID
  2
{69501aa4-0ad4-4319-9122-1412e6ac704b}
  9
$VERSIONGUID
  2
{FAEB1C32-E019-11D5-929B-00C0DF256EC4}
  9
$EXTNAMES
290
     1
  9
$PSVPSCALE
 40
0.0
  9
$OLESTARTUP
290
     0
  9
$SORTENTS
280
   127
  9
$INDEXCTL
280
     0
  9
$HIDETEXT
280
     1
  9
$XCLIPFRAME
280
     2
  9
$HALOGAP
280
     0
  9
$OBSCOLOR
 70
   257
  9
$OBSLTYPE
280
     0
  9
$INTERSECTIONDISPLAY
280
     0
  9
$INTERSECTIONCOLOR
 70
   257
  9
$DIMASSOC
280
     2
  9
$PROJECTNAME
  1

  9
$CAMERADISPLAY
290
     0
  9
$LENSLENGTH
 40
50.0
  9
$CAMERAHEIGHT
 40
0.0
  9
$STEPSPERSEC
 40
2.0
  9
$STEPSIZE
 40
6.0
  9
$3DDWFPREC
 40
2.0
  9
$PSOLWIDTH
 40
0.25
  9
$PSOLHEIGHT
 40
4.0
  9
$LOFTANG1
 40
1.570796326794897
  9
$LOFTANG2
 40
1.570796326794897
  9
$LOFTMAG1
 40
0.0
  9
$LOFTMAG2
 40
0.0
  9
$LOFTPARAM
 70
     7
  9
$LOFTNORMALS
280
     1
  9
$LATITUDE
 40
37.795
  9
$LONGITUDE
 40
-122.394
  9
$NORTHDIRECTION
 40
0.0
  9
$TIMEZONE
 70
 -8000
  9
$LIGHTGLYPHDISPLAY
280
     1
  9
$TILEMODELIGHTSYNCH
280
     1
  9
$CMATERIAL
347
44
  9
$SOLIDHIST
280
     0
  9
$SHOWHIST
280
     1
  9
$DWFFRAME
280
     2
  9
$DGNFRAME
280
     2
  9
$REALWORLDSCALE
290
     1
  9
$INTERFERECOLOR
 62
   256
  9
$CSHADOW
280
     0
  9
$SHADOWPLANELOCATION
 40
0.0
  0
ENDSEC
  0
SECTION
  2
CLASSES
  0
CLASS
  1
ACDBDICTIONARYWDFLT
  2
AcDbDictionaryWithDefault
  3
ObjectDBX Classes
 90
        0
 91
        3
280
     0
281
     0
  0
CLASS
  1
VISUALSTYLE
  2
AcDbVisualStyle
  3
ObjectDBX Classes
 90
     4095
 91
        3
280
     0
281
     0
  0
CLASS
  1
MATERIAL
  2
AcDbMaterial
  3
ObjectDBX Classes
 90
     1153
 91
        3
280
     0
281
     0
  0
CLASS
  1
SCALE
  2
AcDbScale
  3
ObjectDBX Classes
 90
     1153
 91
        3
280
     0
281
     0
  0
CLASS
  1
TABLESTYLE
  2
AcDbTableStyle
  3
ObjectDBX Classes
 90
     4095
 91
        3
280
     0
281
     0
  0
CLASS
  1
MLEADERSTYLE
  2
AcDbMLeaderStyle
  3
ACDB_MLEADERSTYLE_CLASS
 90
     4095
 91
        3
280
     0
281
     0
  0
CLASS
  1
SUN
  2
AcDbSun
  3
SCENEOE
 90
     1153
 91
        3
280
     0
281
     0
  0
CLASS
  1
DICTIONARYVAR
  2
AcDbDictionaryVar
  3
ObjectDBX Classes
 90
        0
 91
        3
280
     0
281
     0
  0
CLASS
  1
CELLSTYLEMAP
  2
AcDbCellStyleMap
  3
ObjectDBX Classes
 90
     1152
 91
        3
280
     0
281
     0
  0
CLASS
  1
ACDBDETAILVIEWSTYLE
  2
AcDbDetailViewStyle
  3
ObjectDBX Classes
 90
     1025
 91
        3
280
     0
281
     0
  0
CLASS
  1
ACDBSECTIONVIEWSTYLE
  2
AcDbSectionViewStyle
  3
ObjectDBX Classes
 90
     1025
 91
        3
280
     0
281
     0
  0
ENDSEC
  0
SECTION
  2
TABLES
  0
TABLE
  2
VPORT
  5
8
330
0
100
AcDbSymbolTable
 70
     1
  0
VPORT
  5
29
330
8
100
AcDbSymbolTableRecord
100
AcDbViewportTableRecord
  2
*Active
 70
     0
 10
0.0
 20
0.0
 11
1.0
 21
1.0
 12
10.42990654205607
 22
4.5
 13
0.0
 23
0.0
 14
0.5
 24
0.5
 15
0.5
 25
0.5
 16
0.0
 26
0.0
 36
1.0
 17
0.0
 27
0.0
 37
0.0
 40
9.0
 41
1.972972972850329
 42
50.0
 43
0.0
 44
0.0
 50
0.0
 51
0.0
 71
     0
 72
   100
 73
     1
 74
     3
 75
     0
 76
     0
 77
     0
 78
     0
281
     0
 65
     1
110
0.0
120
0.0
130
0.0
111
1.0
121
0.0
131
0.0
112
0.0
122
1.0
132
0.0
 79
     0
146
0.0
348
2F
 60
     3
 61
     5
292
     1
282
     1
141
0.0
142
0.0
 63
   250
361
6D
  0
ENDTAB
  0
TABLE
  2
LTYPE
  5
5
330
0
100
AcDbSymbolTable
 70
     1
  0
LTYPE
  5
14
330
5
100
AcDbSymbolTableRecord
100
AcDbLinetypeTableRecord
  2
ByBlock
 70
     0
  3

 72
    65
 73
     0
 40
0.0
  0
LTYPE
  5
15
330
5
100
AcDbSymbolTableRecord
100
AcDbLinetypeTableRecord
  2
ByLayer
 70
     0
  3

 72
    65
 73
     0
 40
0.0
  0
LTYPE
  5
16
330
5
100
AcDbSymbolTableRecord
100
AcDbLinetypeTableRecord
  2
Continuous
 70
     0
  3
Solid line
 72
    65
 73
     0
 40
0.0
  0
ENDTAB
  0
TABLE
  2
LAYER
  5
2
330
0
100
AcDbSymbolTable
 70
     2
  0
LAYER
  5
10
330
2
100
AcDbSymbolTableRecord
100
AcDbLayerTableRecord
  2
0
 70
     0
 62
     7
  6
Continuous
370
    -3
390
F
347
46
348
0
  0
LAYER
  5
6F
330
2
100
AcDbSymbolTableRecord
100
AcDbLayerTableRecord
  2
Camada 1
 70
     0
 62
     7
  6
Continuous
370
    -3
390
F
347
46
348
0
  0
ENDTAB
  0
TABLE
  2
STYLE
  5
3
330
0
100
AcDbSymbolTable
 70
     1
  0
STYLE
  5
11
330
3
100
AcDbSymbolTableRecord
100
AcDbTextStyleTableRecord
  2
Standard
 70
     0
 40
0.0
 41
1.0
 50
0.0
 71
     0
 42
0.2
  3
txt
  4

  0
ENDTAB
  0
TABLE
  2
VIEW
  5
6
330
0
100
AcDbSymbolTable
 70
     0
  0
ENDTAB
  0
TABLE
  2
UCS
  5
7
330
0
100
AcDbSymbolTable
 70
     0
  0
ENDTAB
  0
TABLE
  2
APPID
  5
9
330
0
100
AcDbSymbolTable
 70
     3
  0
APPID
  5
12
330
9
100
AcDbSymbolTableRecord
100
AcDbRegAppTableRecord
  2
ACAD
 70
     0
  0
APPID
  5
6E
330
9
100
AcDbSymbolTableRecord
100
AcDbRegAppTableRecord
  2
ODA
 70
     0
  0
APPID
  5
30B
330
9
100
AcDbSymbolTableRecord
100
AcDbRegAppTableRecord
  2
ACAD_MLEADERVER
 70
     0
  0
ENDTAB
  0
TABLE
  2
DIMSTYLE
  5
A
330
0
100
AcDbSymbolTable
 70
     1
100
AcDbDimStyleTable
  0
DIMSTYLE
105
27
330
A
100
AcDbSymbolTableRecord
100
AcDbDimStyleTableRecord
  2
Standard
 70
     0
178
     0
340
11
  0
ENDTAB
  0
TABLE
  2
BLOCK_RECORD
  5
1
330
0
100
AcDbSymbolTable
 70
     1
  0
BLOCK_RECORD
  5
1F
330
1
100
AcDbSymbolTableRecord
100
AcDbBlockTableRecord
  2
*Model_Space
340
22
 70
     0
280
     1
281
     0
  0
BLOCK_RECORD
  5
1B
330
1
100
AcDbSymbolTableRecord
100
AcDbBlockTableRecord
  2
*Paper_Space
340
1E
 70
     0
280
     1
281
     0
  0
BLOCK_RECORD
  5
23
330
1
100
AcDbSymbolTableRecord
100
AcDbBlockTableRecord
  2
*Paper_Space0
340
26
 70
     0
280
     1
281
     0
  0
ENDTAB
  0
ENDSEC
  0
SECTION
  2
BLOCKS
  0
BLOCK
  5
20
330
1F
100
AcDbEntity
  8
0
100
AcDbBlockBegin
  2
*Model_Space
 70
     0
 10
0.0
 20
0.0
 30
0.0
  3
*Model_Space
  1

  0
ENDBLK
  5
21
330
1F
100
AcDbEntity
  8
0
100
AcDbBlockEnd
  0
BLOCK
  5
1C
330
1B
100
AcDbEntity
 67
     1
  8
0
100
AcDbBlockBegin
  2
*Paper_Space
 70
     0
 10
0.0
 20
0.0
 30
0.0
  3
*Paper_Space
  1

  0
ENDBLK
  5
1D
330
1B
100
AcDbEntity
 67
     1
  8
0
100
AcDbBlockEnd
  0
BLOCK
  5
24
330
23
100
AcDbEntity
  8
0
100
AcDbBlockBegin
  2
*Paper_Space0
 70
     0
 10
0.0
 20
0.0
 30
0.0
  3
*Paper_Space0
  1

  0
ENDBLK
  5
25
330
23
100
AcDbEntity
  8
0
100
AcDbBlockEnd
  0
ENDSEC
  0
SECTION
  2
ENTITIES
  0
SPLINE
  5
70
330
1F
100
AcDbEntity
  8
Camada 1
 62
   251
370
     9
100
AcDbSpline
210
0.0
220
0.0
230
1.0
 70
    24
 71
     3
 72
     8
 73
     4
 74
     0
 42
0.0000000001
 43
0.0000000001
 40
0.0
 40
0.0
 40
0.0
 40
0.0
 40
1.0
 40
1.0
 40
1.0
 40
1.0
 10
13.76309
 20
-5.30303
 30
0.0
 10
13.76309
 20
-5.30303
 30
0.0
 10
13.76309
 20
-5.30656
 30
0.0
 10
13.76309
 20
-5.30656
 30
0.0
  0
SPLINE
  5
71
330
1F
100
AcDbEntity
  8
Camada 1
 62
   251
370
     9
100
AcDbSpline
210
0.0
220
0.0
230
1.0
 70
     8
 71
     3
 72
    20
 73
    16
 74
     0
 42
0.0000000001
 43
0.0000000001
 40
0.0
 40
0.0
 40
0.0
 40
0.0
 40
0.2
 40
0.2
 40
0.2
 40
0.4
 40
0.4
 40
0.4
 40
0.6000000000000001
 40
0.6000000000000001
 40
0.6000000000000001
 40
0.8
 40
0.8
 40
0.8
 40
1.0
 40
1.0
 40
1.0
 40
1.0
 10
13.81248
 20
-5.34889
 30
0.0
 10
13.81248
 20
-5.34889
 30
0.0
 10
13.80895
 20
-5.33478
 30
0.0
 10
13.80895
 20
-5.33478
 30
0.0
 10
13.80895
 20
-5.33478
 30
0.0
 10
13.8019
 20
-5.32067
 30
0.0
 10
13.8019
 20
-5.32067
 30
0.0
 10
13.8019
 20
-5.32067
 30
0.0
 10
13.78779
 20
-5.31009
 30
0.0
 10
13.78779
 20
-5.31009
 30
0.0
 10
13.78779
 20
-5.31009
 30
0.0
 10
13.77368
 20
-5.30303
 30
0.0
 10
13.77368
 20
-5.30303
 30
0.0
 10
13.77368
 20
-5.30303
 30
0.0
 10
13.76309
 20
-5.30303
 30
0.0
 10
13.76309
 20
-5.30303
 30
0.0
  0
SPLINE
  5
72
330
1F
100
AcDbEntity
  8
Camada 1
 62
   251
370
     9
100
AcDbSpline
210
0.0
220
0.0
230
1.0
 70
    24
 71
     3
 72
     8
 73
     4
 74
     0
 42
0.0000000001
 43
0.0000000001
 40
0.0
 40
0.0
 40
0.0
 40
0.0
 40
1.0
 40
1.0
 40
1.0
 40
1.0
 10
13.81248
 20
-5.34889
 30
0.0
 10
13.81248
 20
-5.34889
 30
0.0
 10
13.80895
 20
-5.34889
 30
0.0
 10
13.80895
 20
-5.34889
 30
0.0
  0
SPLINE
  5
73
330
1F
100
AcDbEntity
  8
Camada 1
 62
   251
370
     9
100
AcDbSpline
210
0.0
220
0.0
230
1.0
 70
     8
 71
     3
 72
    20
 73
    16
 74
     0
 42
0.0000000001
 43
0.0000000001
 40
0.0
 40
0.0
 40
0.0
 40
0.0
 40
0.2
 40
0.2
 40
0.2
 40
0.4
 40
0.4
 40
0.4
 40
0.6000000000000001
 40
0.6000000000000001
 40
0.6000000000000001
 40
0.8
 40
0.8
 40
0.8
 40
1.0
 40
1.0
 40
1.0
 40
1.0
 10
13.80895
 20
-5.34889
 30
0.0
 10
13.80895
 20
-5.34889
 30
0.0
 10
13.80543
 20
-5.33478
 30
0.0
 10
13.80543
 20
-5.33478
 30
0.0
 10
13.80543
 20
-5.33478
 30
0.0
 10
13.79837
 20
-5.32067
 30
0.0
 10
13.79837
 20
-5.32067
 30
0.0
 10
13.79837
 20
-5.32067
 30
0.0
 10
13.78779
 20
-5.31361
 30
0.0
 10
13.78779
 20
-5.31361
 30
0.0
 10
13.78779
 20
-5.31361
 30
0.0
 10
13.77368
 20
-5.30656
 30
0.0
 10
13.77368
 20
-5.30656
 30
0.0
 10
13.77368
 20
-5.30656
 30
0.0
 10
13.76309
 20
-5.30656
 30
0.0
 10
13.76309
 20
-5.30656
 30
0.0
  0
SPLINE
  5
74
330
1F
100
AcDbEntity
  8
Camada 1
 62
   251
370
     9
100
AcDbSpline
210
0.0
220
0.0
230
1.0
 70
     8
 71
     3
 72
    20
 73
    16
 74
     0
 42
0.0000000001
 43
0.0000000001
 40
0.0
 40
0.0
 40
0.0
 40
0.0
 40
0.2
 40
0.2
 40
0.2
 40
0.4
 40
0.4
 40
0.4
 40
0.6000000000000001
 40
0.6000000000000001
 40
0.6000000000000001
 40
0.8
 40
0.8
 40
0.8
 40
1.0
 40
1.0
 40
1.0
 40
1.0
 10
13.7137
 20
-5.46531
 30
0.0
 10
13.7137
 20
-5.46531
 30
0.0
 10
13.71723
 20
-5.47942
 30
0.0
 10
13.71723
 20
-5.47942
 30
0.0
 10
13.71723
 20
-5.47942
 30
0.0
 10
13.72429
 20
-5.49353
 30
0.0
 10
13.72429
 20
-5.49353
 30
0.0
 10
13.72429
 20
-5.49353
 30
0.0
 10
13.7384
 20
-5.50411
 30
0.0
 10
13.7384
 20
-5.50411
 30
0.0
 10
13.7384
 20
-5.50411
 30
0.0
 10
13.75251
 20
-5.51117
 30
0.0
 10
13.75251
 20
-5.51117
 30
0.0
 10
13.75251
 20
-5.51117
 30
0.0
 10
13.76309
 20
-5.5147
 30
0.0
 10
13.76309
 20
-5.5147
 30
0.0
  0
SPLINE
  5
75
330
1F
100
AcDbEntity
  8
Camada 1
 62
   251
370
     9
100
AcDbSpline
210
0.0
220
0.0
230
1.0
 70
     8
 71
     3
 72
    20
 73
    16
 74
     0
 42
0.0000000001
 43
0.0000000001
 40
0.0
 40
0.0
 40
0.0
 40
0.0
 40
0.2
 40
0.2
 40
0.2
 40
0.4
 40
0.4
 40
0.4
 40
0.6000000000000001
 40
0.6000000000000001
 40
0.6000000000000001
 40
0.8
 40
0.8
 40
0.8
 40
1.0
 40
1.0
 40
1.0
 40
1.0
 10
13.76309
 20
-5.5147
 30
0.0
 10
13.76309
 20
-5.5147
 30
0.0
 10
13.78073
 20
-5.51117
 30
0.0
 10
13.78073
 20
-5.51117
 30
0.0
 10
13.78073
 20
-5.51117
 30
0.0
 10
13.79484
 20
-5.50411
 30
0.0
 10
13.79484
 20
-5.50411
 30
0.0
 10
13.79484
 20
-5.50411
 30
0.0
 10
13.80543
 20
-5.49
 30
0.0
 10
13.80543
 20
-5.49
 30
0.0
 10
13.80543
 20
-5.49
 30
0.0
 10
13.81248
 20
-5.47589
 30
0.0
 10
13.81248
 20
-5.47589
 30
0.0
 10
13.81248
 20
-5.47589
 30
0.0
 10
13.81248
 20
-5.46531
 30
0.0
 10
13.81248
 20
-5.46531
 30
0.0
  0
SPLINE
  5
76
330
1F
100
AcDbEntity
  8
Camada 1
 62
   251
370
     9
100
AcDbSpline
210
0.0
220
0.0
230
1.0
 70
    24
 71
     3
 72
     8
 73
     4
 74
     0
 42
0.0000000001
 43
0.0000000001
 40
0.0
 40
0.0
 40
0.0
 40
0.0
 40
1.0
 40
1.0
 40
1.0
 40
1.0
 10
13.81248
 20
-5.46531
 30
0.0
 10
13.81248
 20
-5.46531
 30
0.0
 10
13.81248
 20
-5.34889
 30
0.0
 10
13.81248
 20
-5.34889
 30
0.0
  0
SPLINE
  5
77
330
1F
100
AcDbEntity
  8
Camada 1
 62
   251
370
     9
100
AcDbSpline
210
0.0
220
0.0
230
1.0
 70
     8
 71
     3
 72
    20
 73
    16
 74
     0
 42
0.0000000001
 43
0.0000000001
 40
0.0
 40
0.0
 40
0.0
 40
0.0
 40
0.2
 40
0.2
 40
0.2
 40
0.4
 40
0.4
 40
0.4
 40
0.6000000000000001
 40
0.6000000000000001
 40
0.6000000000000001
 40
0.8
 40
0.8
 40
0.8
 40
1.0
 40
1.0
 40
1.0
 40
1.0
 10
13.76309
 20
-5.30303
 30
0.0
 10
13.76309
 20
-5.30303
 30
0.0
 10
13.74898
 20
-5.30303
 30
0.0
 10
13.74898
 20
-5.30303
 30
0.0
 10
13.74898
 20
-5.30303
 30
0.0
 10
13.73134
 20
-5.31361
 30
0.0
 10
13.73134
 20
-5.31361
 30
0.0
 10
13.73134
 20
-5.31361
 30
0.0
 10
13.72076
 20
-5.3242
 30
0.0
 10
13.72076
 20
-5.3242
 30
0.0
 10
13.72076
 20
-5.3242
 30
0.0
 10
13.7137
 20
-5.33831
 30
0.0
 10
13.7137
 20
-5.33831
 30
0.0
 10
13.7137
 20
-5.33831
 30
0.0
 10
13.7137
 20
-5.35242
 30
0.0
 10
13.7137
 20
-5.35242
 30
0.0
  0
SPLINE
  5
78
330
1F
100
AcDbEntity
  8
Camada 1
 62
   251
370
     9
100
AcDbSpline
210
0.0
220
0.0
230
1.0
 70
    24
 71
     3
 72
     8
 73
     4
 74
     0
 42
0.0000000001
 43
0.0000000001
 40
0.0
 40
0.0
 40
0.0
 40
0.0
 40
1.0
 40
1.0
 40
1.0
 40
1.0
 10
13.7137
 20
-5.35242
 30
0.0
 10
13.7137
 20
-5.35242
 30
0.0
 10
13.7137
 20
-5.46531
 30
0.0
 10
13.7137
 20
-5.46531
 30
0.0
  0
SPLINE
  5
79
330
1F
100
AcDbEntity
  8
Camada 1
 62
   251
370
     9
100
AcDbSpline
210
0.0
220
0.0
230
1.0
 70
    24
 71
     3
 72
     8
 73
     4
 74
     0
 42
0.0000000001
 43
0.0000000001
 40
0.0
 40
0.0
 40
0.0
 40
0.0
 40
1.0
 40
1.0
 40
1.0
 40
1.0
 10
13.7772
 20
-5.28892
 30
0.0
 10
13.7772
 20
-5.28892
 30
0.0
 10
13.74898
 20
-5.28892
 30
0.0
 10
13.74898
 20
-5.28892
 30
0.0
  0
SPLINE
  5
7A
330
1F
100
AcDbEntity
  8
Camada 1
 62
   251
370
     9
100
AcDbSpline
210
0.0
220
0.0
230
1.0
 70
     8
 71
     3
 72
    20
 73
    16
 74
     0
 42
0.0000000001
 43
0.0000000001
 40
0.0
 40
0.0
 40
0.0
 40
0.0
 40
0.2
 40
0.2
 40
0.2
 40
0.4
 40
0.4
 40
0.4
 40
0.6000000000000001
 40
0.6000000000000001
 40
0.6000000000000001
 40
0.8
 40
0.8
 40
0.8
 40
1.0
 40
1.0
 40
1.0
 40
1.0
 10
13.85129
 20
-5.35595
 30
0.0
 10
13.85129
 20
-5.35595
 30
0.0
 10
13.84776
 20
-5.33125
 30
0.0
 10
13.84776
 20
-5.33125
 30
0.0
 10
13.84776
 20
-5.33125
 30
0.0
 10
13.83718
 20
-5.31361
 30
0.0
 10
13.83718
 20
-5.31361
 30
0.0
 10
13.83718
 20
-5.31361
 30
0.0
 10
13.81954
 20
-5.2995
 30
0.0
 10
13.81954
 20
-5.2995
 30
0.0
 10
13.81954
 20
-5.2995
 30
0.0
 10
13.79837
 20
-5.29245
 30
0.0
 10
13.79837
 20
-5.29245
 30
0.0
 10
13.79837
 20
-5.29245
 30
0.0
 10
13.7772
 20
-5.28892
 30
0.0
 10
13.7772
 20
-5.28892
 30
0.0
  0
SPLINE
  5
7B
330
1F
100
AcDbEntity
  8
Camada 1
 62
   251
370
     9
100
AcDbSpline
210
0.0
220
0.0
230
1.0
 70
    24
 71
     3
 72
     8
 73
     4
 74
     0
 42
0.0000000001
 43
0.0000000001
 40
0.0
 40
0.0
 40
0.0
 40
0.0
 40
1.0
 40
1.0
 40
1.0
 40
1.0
 10
13.85129
 20
-5.45825
 30
0.0
 10
13.85129
 20
-5.45825
 30
0.0
 10
13.85129
 20
-5.35595
 30
0.0
 10
13.85129
 20
-5.35595
 30
0.0
  0
SPLINE
  5
7C
330
1F
100
AcDbEntity
  8
Camada 1
 62
   251
370
     9
100
AcDbSpline
210
0.0
220
0.0
230
1.0
 70
     8
 71
     3
 72
    20
 73
    16
 74
     0
 42
0.0000000001
 43
0.0000000001
 40
0.0
 40
0.0
 40
0.0
 40
0.0
 40
0.2
 40
0.2
 40
0.2
 40
0.4
 40
0.4
 40
0.4
 40
0.6000000000000001
 40
0.6000000000000001
 40
0.6000000000000001
 40
0.8
 40
0.8
 40
0.8
 40
1.0
 40
1.0
 40
1.0
 40
1.0
 10
13.7772
 20
-5.52528
 30
0.0
 10
13.7772
 20
-5.52528
 30
0.0
 10
13.8019
 20
-5.52175
 30
0.0
 10
13.8019
 20
-5.52175
 30
0.0
 10
13.8019
 20
-5.52175
 30
0.0
 10
13.82307
 20
-5.5147
 30
0.0
 10
13.82307
 20
-5.5147
 30
0.0
 10
13.82307
 20
-5.5147
 30
0.0
 10
13.83718
 20
-5.49706
 30
0.0
 10
13.83718
 20
-5.49706
 30
0.0
 10
13.83718
 20
-5.49706
 30
0.0
 10
13.84776
 20
-5.47589
 30
0.0
 10
13.84776
 20
-5.47589
 30
0.0
 10
13.84776
 20
-5.47589
 30
0.0
 10
13.85129
 20
-5.45825
 30
0.0
 10
13.85129
 20
-5.45825
 30
0.0
  0
SPLINE
  5
7D
330
1F
100
AcDbEntity
  8
Camada 1
 62
   251
370
     9
100
AcDbSpline
210
0.0
220
0.0
230
1.0
 70
    24
 71
     3
 72
     8
 73
     4
 74
     0
 42
0.0000000001
 43
0.0000000001
 40
0.0
 40
0.0
 40
0.0
 40
0.0
 40
1.0
 40
1.0
 40
1.0
 40
1.0
 10
13.74898
 20
-5.52528
 30
0.0
 10
13.74898
 20
-5.52528
 30
0.0
 10
13.7772
 20
-5.52528
 30
0.0
 10
13.7772
 20
-5.52528
 30
0.0
  0
SPLINE
  5
7E
330
1F
100
AcDbEntity
  8
Camada 1
 62
   251
370
     9
100
AcDbSpline
210
0.0
220
0.0
230
1.0
 70
     8
 71
     3
 72
    20
 73
    16
 74
     0
 42
0.0000000001
 43
0.0000000001
 40
0.0
 40
0.0
 40
0.0
 40
0.0
 40
0.2
 40
0.2
 40
0.2
 40
0.4
 40
0.4
 40
0.4
 40
0.6000000000000001
 40
0.6000000000000001
 40
0.6000000000000001
 40
0.8
 40
0.8
 40
0.8
 40
1.0
 40
1.0
 40
1.0
 40
1.0
 10
13.6749
 20
-5.45825
 30
0.0
 10
13.6749
 20
-5.45825
 30
0.0
 10
13.67843
 20
-5.48295
 30
0.0
 10
13.67843
 20
-5.48295
 30
0.0
 10
13.67843
 20
-5.48295
 30
0.0
 10
13.69254
 20
-5.50059
 30
0.0
 10
13.69254
 20
-5.50059
 30
0.0
 10
13.69254
 20
-5.50059
 30
0.0
 10
13.70665
 20
-5.5147
 30
0.0
 10
13.70665
 20
-5.5147
 30
0.0
 10
13.70665
 20
-5.5147
 30
0.0
 10
13.73487
 20
-5.52528
 30
0.0
 10
13.73487
 20
-5.52528
 30
0.0
 10
13.73487
 20
-5.52528
 30
0.0
 10
13.74898
 20
-5.52528
 30
0.0
 10
13.74898
 20
-5.52528
 30
0.0
  0
SPLINE
  5
7F
330
1F
100
AcDbEntity
  8
Camada 1
 62
   251
370
     9
100
AcDbSpline
210
0.0
220
0.0
230
1.0
 70
    24
 71
     3
 72
     8
 73
     4
 74
     0
 42
0.0000000001
 43
0.0000000001
 40
0.0
 40
0.0
 40
0.0
 40
0.0
 40
1.0
 40
1.0
 40
1.0
 40
1.0
 10
13.6749
 20
-5.35595
 30
0.0
 10
13.6749
 20
-5.35595
 30
0.0
 10
13.6749
 20
-5.45825
 30
0.0
 10
13.6749
 20
-5.45825
 30
0.0
  0
SPLINE
  5
80
330
1F
100
AcDbEntity
  8
Camada 1
 62
   251
370
     9
100
AcDbSpline
210
0.0
220
0.0
230
1.0
 70
     8
 71
     3
 72
    20
 73
    16
 74
     0
 42
0.0000000001
 43
0.0000000001
 40
0.0
 40
0.0
 40
0.0
 40
0.0
 40
0.2
 40
0.2
 40
0.2
 40
0.4
 40
0.4
 40
0.4
 40
0.6000000000000001
 40
0.6000000000000001
 40
0.6000000000000001
 40
0.8
 40
0.8
 40
0.8
 40
1.0
 40
1.0
 40
1.0
 40
1.0
 10
13.74898
 20
-5.28892
 30
0.0
 10
13.74898
 20
-5.28892
 30
0.0
 10
13.72429
 20
-5.29245
 30
0.0
 10
13.72429
 20
-5.29245
 30
0.0
 10
13.72429
 20
-5.29245
 30
0.0
 10
13.69959
 20
-5.30303
 30
0.0
 10
13.69959
 20
-5.30303
 30
0.0
 10
13.69959
 20
-5.30303
 30
0.0
 10
13.68548
 20
-5.32067
 30
0.0
 10
13.68548
 20
-5.32067
 30
0.0
 10
13.68548
 20
-5.32067
 30
0.0
 10
13.67843
 20
-5.33831
 30
0.0
 10
13.67843
 20
-5.33831
 30
0.0
 10
13.67843
 20
-5.33831
 30
0.0
 10
13.6749
 20
-5.35595
 30
0.0
 10
13.6749
 20
-5.35595
 30
0.0
  0
SPLINE
  5
81
330
1F
100
AcDbEntity
  8
Camada 1
 62
   251
370
     9
100
AcDbSpline
210
0.0
220
0.0
230
1.0
 70
    24
 71
     3
 72
     8
 73
     4
 74
     0
 42
0.0000000001
 43
0.0000000001
 40
0.0
 40
0.0
 40
0.0
 40
0.0
 40
1.0
 40
1.0
 40
1.0
 40
1.0
 10
13.81248
 20
-5.46531
 30
0.0
 10
13.81248
 20
-5.46531
 30
0.0
 10
13.80895
 20
-5.46531
 30
0.0
 10
13.80895
 20
-5.46531
 30
0.0
  0
SPLINE
  5
82
330
1F
100
AcDbEntity
  8
Camada 1
 62
   251
370
     9
100
AcDbSpline
210
0.0
220
0.0
230
1.0
 70
    24
 71
     3
 72
     8
 73
     4
 74
     0
 42
0.0000000001
 43
0.0000000001
 40
0.0
 40
0.0
 40
0.0
 40
0.0
 40
1.0
 40
1.0
 40
1.0
 40
1.0
 10
13.80895
 20
-5.46531
 30
0.0
 10
13.80895
 20
-5.46531
 30
0.0
 10
13.80895
 20
-5.34889
 30
0.0
 10
13.80895
 20
-5.34889
 30
0.0
  0
SPLINE
  5
83
330
1F
100
AcDbEntity
  8
Camada 1
 62
   251
370
     9
100
AcDbSpline
210
0.0
220
0.0
230
1.0
 70
    24
 71
     3
 72
     8
 73
     4
 74
     0
 42
0.0000000001
 43
0.0000000001
 40
0.0
 40
0.0
 40
0.0
 40
0.0
 40
1.0
 40
1.0
 40
1.0
 40
1.0
 10
13.76309
 20
-5.5147
 30
0.0
 10
13.76309
 20
-5.5147
 30
0.0
 10
13.76309
 20
-5.51117
 30
0.0
 10
13.76309
 20
-5.51117
 30
0.0
  0
SPLINE
  5
84
330
1F
100
AcDbEntity
  8
Camada 1
 62
   251
370
     9
100
AcDbSpline
210
0.0
220
0.0
230
1.0
 70
     8
 71
     3
 72
    20
 73
    16
 74
     0
 42
0.0000000001
 43
0.0000000001
 40
0.0
 40
0.0
 40
0.0
 40
0.0
 40
0.2
 40
0.2
 40
0.2
 40
0.4
 40
0.4
 40
0.4
 40
0.6000000000000001
 40
0.6000000000000001
 40
0.6000000000000001
 40
0.8
 40
0.8
 40
0.8
 40
1.0
 40
1.0
 40
1.0
 40
1.0
 10
13.76309
 20
-5.51117
 30
0.0
 10
13.76309
 20
-5.51117
 30
0.0
 10
13.7772
 20
-5.50764
 30
0.0
 10
13.7772
 20
-5.50764
 30
0.0
 10
13.7772
 20
-5.50764
 30
0.0
 10
13.79132
 20
-5.50059
 30
0.0
 10
13.79132
 20
-5.50059
 30
0.0
 10
13.79132
 20
-5.50059
 30
0.0
 10
13.8019
 20
-5.49
 30
0.0
 10
13.8019
 20
-5.49
 30
0.0
 10
13.8019
 20
-5.49
 30
0.0
 10
13.80895
 20
-5.47236
 30
0.0
 10
13.80895
 20
-5.47236
 30
0.0
 10
13.80895
 20
-5.47236
 30
0.0
 10
13.80895
 20
-5.46531
 30
0.0
 10
13.80895
 20
-5.46531
 30
0.0
  0
SPLINE
  5
85
330
1F
100
AcDbEntity
  8
Camada 1
 62
   251
370
     9
100
AcDbSpline
210
0.0
220
0.0
230
1.0
 70
    24
 71
     3
 72
     8
 73
     4
 74
     0
 42
0.0000000001
 43
0.0000000001
 40
0.0
 40
0.0
 40
0.0
 40
0.0
 40
1.0
 40
1.0
 40
1.0
 40
1.0
 10
13.06107
 20
-5.28892
 30
0.0
 10
13.06107
 20
-5.28892
 30
0.0
 10
13.06107
 20
-5.28539
 30
0.0
 10
13.06107
 20
-5.28539
 30
0.0
  0
SPLINE
  5
86
330
1F
100
AcDbEntity
  8
Camada 1
 62
   251
370
     9
100
AcDbSpline
210
0.0
220
0.0
230
1.0
 70
     8
 71
     3
 72
    14
 73
    10
 74
     0
 42
0.0000000001
 43
0.0000000001
 40
0.0
 40
0.0
 40
0.0
 40
0.0
 40
0.3333333333333333
 40
0.3333333333333333
 40
0.3333333333333333
 40
0.6666666666666666
 40
0.6666666666666666
 40
0.6666666666666666
 40
1.0
 40
1.0
 40
1.0
 40
1.0
 10
13.06107
 20
-5.28892
 30
0.0
 10
13.06107
 20
-5.28892
 30
0.0
 10
13.04695
 20
-5.28892
 30
0.0
 10
13.04695
 20
-5.28892
 30
0.0
 10
13.04695
 20
-5.28892
 30
0.0
 10
13.03637
 20
-5.29245
 30
0.0
 10
13.03637
 20
-5.29245
 30
0.0
 10
13.03637
 20
-5.29245
 30
0.0
 10
13.02579
 20
-5.29598
 30
0.0
 10
13.02579
 20
-5.29598
 30
0.0
  0
SPLINE
  5
87
330
1F
100
AcDbEntity
  8
Camada 1
 62
   251
370
     9
100
AcDbSpline
210
0.0
220
0.0
230
1.0
 70
     8
 71
     3
 72
    11
 73
     7
 74
     0
 42
0.0000000001
 43
0.0000000001
 40
0.0
 40
0.0
 40
0.0
 40
0.0
 40
0.5
 40
0.5
 40
0.5
 40
1.0
 40
1.0
 40
1.0
 40
1.0
 10
13.02579
 20
-5.29598
 30
0.0
 10
13.02579
 20
-5.29598
 30
0.0
 10
13.02579
 20
-5.29245
 30
0.0
 10
13.02579
 20
-5.29245
 30
0.0
 10
13.02579
 20
-5.29245
 30
0.0
 10
13.02932
 20
-5.29245
 30
0.0
 10
13.02932
 20
-5.29245
 30
0.0
  0
SPLINE
  5
88
330
1F
100
AcDbEntity
  8
Camada 1
 62
   251
370
     9
100
AcDbSpline
210
0.0
220
0.0
230
1.0
 70
     8
 71
     3
 72
    14
 73
    10
 74
     0
 42
0.0000000001
 43
0.0000000001
 40
0.0
 40
0.0
 40
0.0
 40
0.0
 40
0.3333333333333333
 40
0.3333333333333333
 40
0.3333333333333333
 40
0.6666666666666666
 40
0.6666666666666666
 40
0.6666666666666666
 40
1.0
 40
1.0
 40
1.0
 40
1.0
 10
13.06107
 20
-5.28539
 30
0.0
 10
13.06107
 20
-5.28539
 30
0.0
 10
13.04695
 20
-5.28539
 30
0.0
 10
13.04695
 20
-5.28539
 30
0.0
 10
13.04695
 20
-5.28539
 30
0.0
 10
13.0399
 20
-5.28892
 30
0.0
 10
13.0399
 20
-5.28892
 30
0.0
 10
13.0399
 20
-5.28892
 30
0.0
 10
13.02932
 20
-5.29245
 30
0.0
 10
13.02932
 20
-5.29245
 30
0.0
  0
SPLINE
  5
89
330
1F
100
AcDbEntity
  8
Camada 1
 62
   251
370
     9
100
AcDbSpline
210
0.0
220
0.0
230
1.0
 70
    24
 71
     3
 72
    11
 73
     7
 74
     0
 42
0.0000000001
 43
0.0000000001
 40
0.0
 40
0.0
 40
0.0
 40
0.0
 40
0.5
 40
0.5
 40
0.5
 40
1.0
 40
1.0
 40
1.0
 40
1.0
 10
13.24804
 20
-5.31714
 30
0.0
 10
13.24804
 20
-5.31714
 30
0.0
 10
13.24804
 20
-5.31714
 30
0.0
 10
13.24804
 20
-5.31714
 30
0.0
 10
13.24804
 20
-5.31714
 30
0.0
 10
13.25157
 20
-5.32067
 30
0.0
 10
13.25157
 20
-5.32067
 30
0.0
  0
SPLINE
  5
8A
330
1F
100
AcDbEntity
  8
Camada 1
 62
   251
370
     9
100
AcDbSpline
210
0.0
220
0.0
230
1.0
 70
     8
 71
     3
 72
    14
 73
    10
 74
     0
 42
0.0000000001
 43
0.0000000001
 40
0.0
 40
0.0
 40
0.0
 40
0.0
 40
0.3333333333333333
 40
0.3333333333333333
 40
0.3333333333333333
 40
0.6666666666666666
 40
0.6666666666666666
 40
0.6666666666666666
 40
1.0
 40
1.0
 40
1.0
 40
1.0
 10
13.24804
 20
-5.31714
 30
0.0
 10
13.24804
 20
-5.31714
 30
0.0
 10
13.26215
 20
-5.30656
 30
0.0
 10
13.26215
 20
-5.30656
 30
0.0
 10
13.26215
 20
-5.30656
 30
0.0
 10
13.27979
 20
-5.30303
 30
0.0
 10
13.27979
 20
-5.30303
 30
0.0
 10
13.27979
 20
-5.30303
 30
0.0
 10
13.28332
 20
-5.30303
 30
0.0
 10
13.28332
 20
-5.30303
 30
0.0
  0
SPLINE
  5
8B
330
1F
100
AcDbEntity
  8
Camada 1
 62
   251
370
     9
100
AcDbSpline
210
0.0
220
0.0
230
1.0
 70
    24
 71
     3
 72
     8
 73
     4
 74
     0
 42
0.0000000001
 43
0.0000000001
 40
0.0
 40
0.0
 40
0.0
 40
0.0
 40
1.0
 40
1.0
 40
1.0
 40
1.0
 10
13.28332
 20
-5.30303
 30
0.0
 10
13.28332
 20
-5.30303
 30
0.0
 10
13.28332
 20
-5.30656
 30
0.0
 10
13.28332
 20
-5.30656
 30
0.0
  0
SPLINE
  5
8C
330
1F
100
AcDbEntity
  8
Camada 1
 62
   251
370
     9
100
AcDbSpline
210
0.0
220
0.0
230
1.0
 70
     8
 71
     3
 72
    14
 73
    10
 74
     0
 42
0.0000000001
 43
0.0000000001
 40
0.0
 40
0.0
 40
0.0
 40
0.0
 40
0.3333333333333333
 40
0.3333333333333333
 40
0.3333333333333333
 40
0.6666666666666666
 40
0.6666666666666666
 40
0.6666666666666666
 40
1.0
 40
1.0
 40
1.0
 40
1.0
 10
13.25157
 20
-5.32067
 30
0.0
 10
13.25157
 20
-5.32067
 30
0.0
 10
13.26215
 20
-5.31009
 30
0.0
 10
13.26215
 20
-5.31009
 30
0.0
 10
13.26215
 20
-5.31009
 30
0.0
 10
13.27626
 20
-5.30656
 30
0.0
 10
13.27626
 20
-5.30656
 30
0.0
 10
13.27626
 20
-5.30656
 30
0.0
 10
13.28332
 20
-5.30656
 30
0.0
 10
13.28332
 20
-5.30656
 30
0.0
  0
SPLINE
  5
8D
330
1F
100
AcDbEntity
  8
Camada 1
 62
   251
370
     9
100
AcDbSpline
210
0.0
220
0.0
230
1.0
 70
    24
 71
     3
 72
     8
 73
     4
 74
     0
 42
0.0000000001
 43
0.0000000001
 40
0.0
 40
0.0
 40
0.0
 40
0.0
 40
1.0
 40
1.0
 40
1.0
 40
1.0
 10
13.02579
 20
-5.28892
 30
0.0
 10
13.02579
 20
-5.28892
 30
0.0
 10
12.98698
 20
-5.28892
 30
0.0
 10
12.98698
 20
-5.28892
 30
0.0
  0
SPLINE
  5
8E
330
1F
100
AcDbEntity
  8
Camada 1
 62
   251
370
     9
100
AcDbSpline
210
0.0
220
0.0
230
1.0
 70
    24
 71
     3
 72
     8
 73
     4
 74
     0
 42
0.0000000001
 43
0.0000000001
 40
0.0
 40
0.0
 40
0.0
 40
0.0
 40
1.0
 40
1.0
 40
1.0
 40
1.0
 10
13.02579
 20
-5.29598
 30
0.0
 10
13.02579
 20
-5.29598
 30
0.0
 10
13.02579
 20
-5.28892
 30
0.0
 10
13.02579
 20
-5.28892
 30
0.0
  0
SPLINE
  5
8F
330
1F
100
AcDbEntity
  8
Camada 1
 62
   251
370
     9
100
AcDbSpline
210
0.0
220
0.0
230
1.0
 70
    24
 71
     3
 72
     8
 73
     4
 74
     0
 42
0.0000000001
 43
0.0000000001
 40
0.0
 40
0.0
 40
0.0
 40
0.0
 40
1.0
 40
1.0
 40
1.0
 40
1.0
 10
13.08576
 20
-5.28892
 30
0.0
 10
13.08576
 20
-5.28892
 30
0.0
 10
13.06107
 20
-5.28892
 30
0.0
 10
13.06107
 20
-5.28892
 30
0.0
  0
SPLINE
  5
90
330
1F
100
AcDbEntity
  8
Camada 1
 62
   251
370
     9
100
AcDbSpline
210
0.0
220
0.0
230
1.0
 70
     8
 71
     3
 72
    20
 73
    16
 74
     0
 42
0.0000000001
 43
0.0000000001
 40
0.0
 40
0.0
 40
0.0
 40
0.0
 40
0.2
 40
0.2
 40
0.2
 40
0.4
 40
0.4
 40
0.4
 40
0.6000000000000001
 40
0.6000000000000001
 40
0.6000000000000001
 40
0.8
 40
0.8
 40
0.8
 40
1.0
 40
1.0
 40
1.0
 40
1.0
 10
13.15984
 20
-5.35595
 30
0.0
 10
13.15984
 20
-5.35595
 30
0.0
 10
13.15632
 20
-5.33478
 30
0.0
 10
13.15632
 20
-5.33478
 30
0.0
 10
13.15632
 20
-5.33478
 30
0.0
 10
13.14926
 20
-5.31714
 30
0.0
 10
13.14926
 20
-5.31714
 30
0.0
 10
13.14926
 20
-5.31714
 30
0.0
 10
13.13162
 20
-5.30303
 30
0.0
 10
13.13162
 20
-5.30303
 30
0.0
 10
13.13162
 20
-5.30303
 30
0.0
 10
13.11045
 20
-5.29245
 30
0.0
 10
13.11045
 20
-5.29245
 30
0.0
 10
13.11045
 20
-5.29245
 30
0.0
 10
13.08576
 20
-5.28892
 30
0.0
 10
13.08576
 20
-5.28892
 30
0.0
  0
SPLINE
  5
91
330
1F
100
AcDbEntity
  8
Camada 1
 62
   251
370
     9
100
AcDbSpline
210
0.0
220
0.0
230
1.0
 70
    24
 71
     3
 72
     8
 73
     4
 74
     0
 42
0.0000000001
 43
0.0000000001
 40
0.0
 40
0.0
 40
0.0
 40
0.0
 40
1.0
 40
1.0
 40
1.0
 40
1.0
 10
13.15984
 20
-5.52528
 30
0.0
 10
13.15984
 20
-5.52528
 30
0.0
 10
13.15984
 20
-5.35595
 30
0.0
 10
13.15984
 20
-5.35595
 30
0.0
  0
SPLINE
  5
92
330
1F
100
AcDbEntity
  8
Camada 1
 62
   251
370
     9
100
AcDbSpline
210
0.0
220
0.0
230
1.0
 70
    24
 71
     3
 72
     8
 73
     4
 74
     0
 42
0.0000000001
 43
0.0000000001
 40
0.0
 40
0.0
 40
0.0
 40
0.0
 40
1.0
 40
1.0
 40
1.0
 40
1.0
 10
13.12457
 20
-5.52528
 30
0.0
 10
13.12457
 20
-5.52528
 30
0.0
 10
13.15984
 20
-5.52528
 30
0.0
 10
13.15984
 20
-5.52528
 30
0.0
  0
SPLINE
  5
93
330
1F
100
AcDbEntity
  8
Camada 1
 62
   251
370
     9
100
AcDbSpline
210
0.0
220
0.0
230
1.0
 70
    24
 71
     3
 72
     8
 73
     4
 74
     0
 42
0.0000000001
 43
0.0000000001
 40
0.0
 40
0.0
 40
0.0
 40
0.0
 40
1.0
 40
1.0
 40
1.0
 40
1.0
 10
13.12457
 20
-5.35242
 30
0.0
 10
13.12457
 20
-5.35242
 30
0.0
 10
13.12457
 20
-5.52528
 30
0.0
 10
13.12457
 20
-5.52528
 30
0.0
  0
SPLINE
  5
94
330
1F
100
AcDbEntity
  8
Camada 1
 62
   251
370
     9
100
AcDbSpline
210
0.0
220
0.0
230
1.0
 70
     8
 71
     3
 72
    20
 73
    16
 74
     0
 42
0.0000000001
 43
0.0000000001
 40
0.0
 40
0.0
 40
0.0
 40
0.0
 40
0.2
 40
0.2
 40
0.2
 40
0.4
 40
0.4
 40
0.4
 40
0.6000000000000001
 40
0.6000000000000001
 40
0.6000000000000001
 40
0.8
 40
0.8
 40
0.8
 40
1.0
 40
1.0
 40
1.0
 40
1.0
 10
13.07518
 20
-5.30303
 30
0.0
 10
13.07518
 20
-5.30303
 30
0.0
 10
13.08929
 20
-5.30303
 30
0.0
 10
13.08929
 20
-5.30303
 30
0.0
 10
13.08929
 20
-5.30303
 30
0.0
 10
13.1034
 20
-5.31361
 30
0.0
 10
13.1034
 20
-5.31361
 30
0.0
 10
13.1034
 20
-5.31361
 30
0.0
 10
13.11398
 20
-5.3242
 30
0.0
 10
13.11398
 20
-5.3242
 30
0.0
 10
13.11398
 20
-5.3242
 30
0.0
 10
13.12104
 20
-5.33831
 30
0.0
 10
13.12104
 20
-5.33831
 30
0.0
 10
13.12104
 20
-5.33831
 30
0.0
 10
13.12457
 20
-5.35242
 30
0.0
 10
13.12457
 20
-5.35242
 30
0.0
  0
SPLINE
  5
95
330
1F
100
AcDbEntity
  8
Camada 1
 62
   251
370
     9
100
AcDbSpline
210
0.0
220
0.0
230
1.0
 70
     8
 71
     3
 72
    20
 73
    16
 74
     0
 42
0.0000000001
 43
0.0000000001
 40
0.0
 40
0.0
 40
0.0
 40
0.0
 40
0.2
 40
0.2
 40
0.2
 40
0.4
 40
0.4
 40
0.4
 40
0.6000000000000001
 40
0.6000000000000001
 40
0.6000000000000001
 40
0.8
 40
0.8
 40
0.8
 40
1.0
 40
1.0
 40
1.0
 40
1.0
 10
13.02579
 20
-5.35242
 30
0.0
 10
13.02579
 20
-5.35242
 30
0.0
 10
13.02579
 20
-5.33478
 30
0.0
 10
13.02579
 20
-5.33478
 30
0.0
 10
13.02579
 20
-5.33478
 30
0.0
 10
13.03637
 20
-5.32067
 30
0.0
 10
13.03637
 20
-5.32067
 30
0.0
 10
13.03637
 20
-5.32067
 30
0.0
 10
13.04695
 20
-5.31009
 30
0.0
 10
13.04695
 20
-5.31009
 30
0.0
 10
13.04695
 20
-5.31009
 30
0.0
 10
13.06459
 20
-5.30303
 30
0.0
 10
13.06459
 20
-5.30303
 30
0.0
 10
13.06459
 20
-5.30303
 30
0.0
 10
13.07518
 20
-5.30303
 30
0.0
 10
13.07518
 20
-5.30303
 30
0.0
  0
SPLINE
  5
96
330
1F
100
AcDbEntity
  8
Camada 1
 62
   251
370
     9
100
AcDbSpline
210
0.0
220
0.0
230
1.0
 70
    24
 71
     3
 72
     8
 73
     4
 74
     0
 42
0.0000000001
 43
0.0000000001
 40
0.0
 40
0.0
 40
0.0
 40
0.0
 40
1.0
 40
1.0
 40
1.0
 40
1.0
 10
13.02579
 20
-5.52528
 30
0.0
 10
13.02579
 20
-5.52528
 30
0.0
 10
13.02579
 20
-5.35242
 30
0.0
 10
13.02579
 20
-5.35242
 30
0.0
  0
SPLINE
  5
97
330
1F
100
AcDbEntity
  8
Camada 1
 62
   251
370
     9
100
AcDbSpline
210
0.0
220
0.0
230
1.0
 70
    24
 71
     3
 72
     8
 73
     4
 74
     0
 42
0.0000000001
 43
0.0000000001
 40
0.0
 40
0.0
 40
0.0
 40
0.0
 40
1.0
 40
1.0
 40
1.0
 40
1.0
 10
12.98698
 20
-5.52528
 30
0.0
 10
12.98698
 20
-5.52528
 30
0.0
 10
13.02579
 20
-5.52528
 30
0.0
 10
13.02579
 20
-5.52528
 30
0.0
  0
SPLINE
  5
98
330
1F
100
AcDbEntity
  8
Camada 1
 62
   251
370
     9
100
AcDbSpline
210
0.0
220
0.0
230
1.0
 70
    24
 71
     3
 72
     8
 73
     4
 74
     0
 42
0.0000000001
 43
0.0000000001
 40
0.0
 40
0.0
 40
0.0
 40
0.0
 40
1.0
 40
1.0
 40
1.0
 40
1.0
 10
12.98698
 20
-5.28892
 30
0.0
 10
12.98698
 20
-5.28892
 30
0.0
 10
12.98698
 20
-5.52528
 30
0.0
 10
12.98698
 20
-5.52528
 30
0.0
  0
SPLINE
  5
99
330
1F
100
AcDbEntity
  8
Camada 1
 62
   251
370
     9
100
AcDbSpline
210
0.0
220
0.0
230
1.0
 70
    24
 71
     3
 72
    11
 73
     7
 74
     0
 42
0.0000000001
 43
0.0000000001
 40
0.0
 40
0.0
 40
0.0
 40
0.0
 40
0.5
 40
0.5
 40
0.5
 40
1.0
 40
1.0
 40
1.0
 40
1.0
 10
13.21629
 20
-5.31009
 30
0.0
 10
13.21629
 20
-5.31009
 30
0.0
 10
13.21276
 20
-5.31009
 30
0.0
 10
13.21276
 20
-5.31009
 30
0.0
 10
13.21276
 20
-5.31009
 30
0.0
 10
13.20923
 20
-5.31009
 30
0.0
 10
13.20923
 20
-5.31009
 30
0.0
  0
SPLINE
  5
9A
330
1F
100
AcDbEntity
  8
Camada 1
 62
   251
370
     9
100
AcDbSpline
210
0.0
220
0.0
230
1.0
 70
    24
 71
     3
 72
     8
 73
     4
 74
     0
 42
0.0000000001
 43
0.0000000001
 40
0.0
 40
0.0
 40
0.0
 40
0.0
 40
1.0
 40
1.0
 40
1.0
 40
1.0
 10
13.21629
 20
-5.31009
 30
0.0
 10
13.21629
 20
-5.31009
 30
0.0
 10
13.24804
 20
-5.31714
 30
0.0
 10
13.24804
 20
-5.31714
 30
0.0
  0
SPLINE
  5
9B
330
1F
100
AcDbEntity
  8
Camada 1
 62
   251
370
     9
100
AcDbSpline
210
0.0
220
0.0
230
1.0
 70
    24
 71
     3
 72
     8
 73
     4
 74
     0
 42
0.0000000001
 43
0.0000000001
 40
0.0
 40
0.0
 40
0.0
 40
0.0
 40
1.0
 40
1.0
 40
1.0
 40
1.0
 10
13.20923
 20
-5.31009
 30
0.0
 10
13.20923
 20
-5.31009
 30
0.0
 10
13.25157
 20
-5.32067
 30
0.0
 10
13.25157
 20
-5.32067
 30
0.0
  0
SPLINE
  5
9C
330
1F
100
AcDbEntity
  8
Camada 1
 62
   251
370
     9
100
AcDbSpline
210
0.0
220
0.0
230
1.0
 70
     8
 71
     3
 72
    20
 73
    16
 74
     0
 42
0.0000000001
 43
0.0000000001
 40
0.0
 40
0.0
 40
0.0
 40
0.0
 40
0.2
 40
0.2
 40
0.2
 40
0.4
 40
0.4
 40
0.4
 40
0.6000000000000001
 40
0.6000000000000001
 40
0.6000000000000001
 40
0.8
 40
0.8
 40
0.8
 40
1.0
 40
1.0
 40
1.0
 40
1.0
 10
13.28332
 20
-5.5147
 30
0.0
 10
13.28332
 20
-5.5147
 30
0.0
 10
13.30095
 20
-5.51117
 30
0.0
 10
13.30095
 20
-5.51117
 30
0.0
 10
13.30095
 20
-5.51117
 30
0.0
 10
13.31507
 20
-5.50411
 30
0.0
 10
13.31507
 20
-5.50411
 30
0.0
 10
13.31507
 20
-5.50411
 30
0.0
 10
13.32565
 20
-5.49
 30
0.0
 10
13.32565
 20
-5.49
 30
0.0
 10
13.32565
 20
-5.49
 30
0.0
 10
13.3327
 20
-5.47589
 30
0.0
 10
13.3327
 20
-5.47589
 30
0.0
 10
13.3327
 20
-5.47589
 30
0.0
 10
13.3327
 20
-5.46884
 30
0.0
 10
13.3327
 20
-5.46884
 30
0.0
  0
SPLINE
  5
9D
330
1F
100
AcDbEntity
  8
Camada 1
 62
   251
370
     9
100
AcDbSpline
210
0.0
220
0.0
230
1.0
 70
    24
 71
     3
 72
     8
 73
     4
 74
     0
 42
0.0000000001
 43
0.0000000001
 40
0.0
 40
0.0
 40
0.0
 40
0.0
 40
1.0
 40
1.0
 40
1.0
 40
1.0
 10
13.3327
 20
-5.46884
 30
0.0
 10
13.3327
 20
-5.46884
 30
0.0
 10
13.3327
 20
-5.39475
 30
0.0
 10
13.3327
 20
-5.39475
 30
0.0
  0
SPLINE
  5
9E
330
1F
100
AcDbEntity
  8
Camada 1
 62
   251
370
     9
100
AcDbSpline
210
0.0
220
0.0
230
1.0
 70
    24
 71
     3
 72
     8
 73
     4
 74
     0
 42
0.0000000001
 43
0.0000000001
 40
0.0
 40
0.0
 40
0.0
 40
0.0
 40
1.0
 40
1.0
 40
1.0
 40
1.0
 10
13.3327
 20
-5.39475
 30
0.0
 10
13.3327
 20
-5.39475
 30
0.0
 10
13.28332
 20
-5.39475
 30
0.0
 10
13.28332
 20
-5.39475
 30
0.0
  0
SPLINE
  5
9F
330
1F
100
AcDbEntity
  8
Camada 1
 62
   251
370
     9
100
AcDbSpline
210
0.0
220
0.0
230
1.0
 70
     8
 71
     3
 72
    20
 73
    16
 74
     0
 42
0.0000000001
 43
0.0000000001
 40
0.0
 40
0.0
 40
0.0
 40
0.0
 40
0.2
 40
0.2
 40
0.2
 40
0.4
 40
0.4
 40
0.4
 40
0.6000000000000001
 40
0.6000000000000001
 40
0.6000000000000001
 40
0.8
 40
0.8
 40
0.8
 40
1.0
 40
1.0
 40
1.0
 40
1.0
 10
13.28332
 20
-5.39475
 30
0.0
 10
13.28332
 20
-5.39475
 30
0.0
 10
13.26568
 20
-5.39828
 30
0.0
 10
13.26568
 20
-5.39828
 30
0.0
 10
13.26568
 20
-5.39828
 30
0.0
 10
13.25157
 20
-5.40534
 30
0.0
 10
13.25157
 20
-5.40534
 30
0.0
 10
13.25157
 20
-5.40534
 30
0.0
 10
13.24098
 20
-5.41592
 30
0.0
 10
13.24098
 20
-5.41592
 30
0.0
 10
13.24098
 20
-5.41592
 30
0.0
 10
13.23393
 20
-5.43356
 30
0.0
 10
13.23393
 20
-5.43356
 30
0.0
 10
13.23393
 20
-5.43356
 30
0.0
 10
13.23393
 20
-5.44414
 30
0.0
 10
13.23393
 20
-5.44414
 30
0.0
  0
SPLINE
  5
A0
330
1F
100
AcDbEntity
  8
Camada 1
 62
   251
370
     9
100
AcDbSpline
210
0.0
220
0.0
230
1.0
 70
    24
 71
     3
 72
     8
 73
     4
 74
     0
 42
0.0000000001
 43
0.0000000001
 40
0.0
 40
0.0
 40
0.0
 40
0.0
 40
1.0
 40
1.0
 40
1.0
 40
1.0
 10
13.23393
 20
-5.44414
 30
0.0
 10
13.23393
 20
-5.44414
 30
0.0
 10
13.23393
 20
-5.46531
 30
0.0
 10
13.23393
 20
-5.46531
 30
0.0
  0
SPLINE
  5
A1
330
1F
100
AcDbEntity
  8
Camada 1
 62
   251
370
     9
100
AcDbSpline
210
0.0
220
0.0
230
1.0
 70
     8
 71
     3
 72
    20
 73
    16
 74
     0
 42
0.0000000001
 43
0.0000000001
 40
0.0
 40
0.0
 40
0.0
 40
0.0
 40
0.2
 40
0.2
 40
0.2
 40
0.4
 40
0.4
 40
0.4
 40
0.6000000000000001
 40
0.6000000000000001
 40
0.6000000000000001
 40
0.8
 40
0.8
 40
0.8
 40
1.0
 40
1.0
 40
1.0
 40
1.0
 10
13.23393
 20
-5.46531
 30
0.0
 10
13.23393
 20
-5.46531
 30
0.0
 10
13.23745
 20
-5.47942
 30
0.0
 10
13.23745
 20
-5.47942
 30
0.0
 10
13.23745
 20
-5.47942
 30
0.0
 10
13.24451
 20
-5.49353
 30
0.0
 10
13.24451
 20
-5.49353
 30
0.0
 10
13.24451
 20
-5.49353
 30
0.0
 10
13.25862
 20
-5.50411
 30
0.0
 10
13.25862
 20
-5.50411
 30
0.0
 10
13.25862
 20
-5.50411
 30
0.0
 10
13.27273
 20
-5.51117
 30
0.0
 10
13.27273
 20
-5.51117
 30
0.0
 10
13.27273
 20
-5.51117
 30
0.0
 10
13.28332
 20
-5.5147
 30
0.0
 10
13.28332
 20
-5.5147
 30
0.0
  0
SPLINE
  5
A2
330
1F
100
AcDbEntity
  8
Camada 1
 62
   251
370
     9
100
AcDbSpline
210
0.0
220
0.0
230
1.0
 70
     8
 71
     3
 72
    20
 73
    16
 74
     0
 42
0.0000000001
 43
0.0000000001
 40
0.0
 40
0.0
 40
0.0
 40
0.0
 40
0.2
 40
0.2
 40
0.2
 40
0.4
 40
0.4
 40
0.4
 40
0.6000000000000001
 40
0.6000000000000001
 40
0.6000000000000001
 40
0.8
 40
0.8
 40
0.8
 40
1.0
 40
1.0
 40
1.0
 40
1.0
 10
13.28332
 20
-5.30303
 30
0.0
 10
13.28332
 20
-5.30303
 30
0.0
 10
13.30095
 20
-5.30303
 30
0.0
 10
13.30095
 20
-5.30303
 30
0.0
 10
13.30095
 20
-5.30303
 30
0.0
 10
13.31507
 20
-5.31361
 30
0.0
 10
13.31507
 20
-5.31361
 30
0.0
 10
13.31507
 20
-5.31361
 30
0.0
 10
13.32565
 20
-5.3242
 30
0.0
 10
13.32565
 20
-5.3242
 30
0.0
 10
13.32565
 20
-5.3242
 30
0.0
 10
13.3327
 20
-5.33831
 30
0.0
 10
13.3327
 20
-5.33831
 30
0.0
 10
13.3327
 20
-5.33831
 30
0.0
 10
13.3327
 20
-5.34889
 30
0.0
 10
13.3327
 20
-5.34889
 30
0.0
  0
SPLINE
  5
A3
330
1F
100
AcDbEntity
  8
Camada 1
 62
   251
370
     9
100
AcDbSpline
210
0.0
220
0.0
230
1.0
 70
     8
 71
     3
 72
    14
 73
    10
 74
     0
 42
0.0000000001
 43
0.0000000001
 40
0.0
 40
0.0
 40
0.0
 40
0.0
 40
0.3333333333333333
 40
0.3333333333333333
 40
0.3333333333333333
 40
0.6666666666666666
 40
0.6666666666666666
 40
0.6666666666666666
 40
1.0
 40
1.0
 40
1.0
 40
1.0
 10
13.2692
 20
-5.28892
 30
0.0
 10
13.2692
 20
-5.28892
 30
0.0
 10
13.24451
 20
-5.29245
 30
0.0
 10
13.24451
 20
-5.29245
 30
0.0
 10
13.24451
 20
-5.29245
 30
0.0
 10
13.22334
 20
-5.30303
 30
0.0
 10
13.22334
 20
-5.30303
 30
0.0
 10
13.22334
 20
-5.30303
 30
0.0
 10
13.21629
 20
-5.31009
 30
0.0
 10
13.21629
 20
-5.31009
 30
0.0
  0
SPLINE
  5
A4
330
1F
100
AcDbEntity
  8
Camada 1
 62
   251
370
     9
100
AcDbSpline
210
0.0
220
0.0
230
1.0
 70
    24
 71
     3
 72
     8
 73
     4
 74
     0
 42
0.0000000001
 43
0.0000000001
 40
0.0
 40
0.0
 40
0.0
 40
0.0
 40
1.0
 40
1.0
 40
1.0
 40
1.0
 10
13.29743
 20
-5.28892
 30
0.0
 10
13.29743
 20
-5.28892
 30
0.0
 10
13.2692
 20
-5.28892
 30
0.0
 10
13.2692
 20
-5.28892
 30
0.0
  0
SPLINE
  5
A5
330
1F
100
AcDbEntity
  8
Camada 1
 62
   251
370
     9
100
AcDbSpline
210
0.0
220
0.0
230
1.0
 70
     8
 71
     3
 72
    20
 73
    16
 74
     0
 42
0.0000000001
 43
0.0000000001
 40
0.0
 40
0.0
 40
0.0
 40
0.0
 40
0.2
 40
0.2
 40
0.2
 40
0.4
 40
0.4
 40
0.4
 40
0.6000000000000001
 40
0.6000000000000001
 40
0.6000000000000001
 40
0.8
 40
0.8
 40
0.8
 40
1.0
 40
1.0
 40
1.0
 40
1.0
 10
13.37151
 20
-5.35595
 30
0.0
 10
13.37151
 20
-5.35595
 30
0.0
 10
13.36798
 20
-5.33478
 30
0.0
 10
13.36798
 20
-5.33478
 30
0.0
 10
13.36798
 20
-5.33478
 30
0.0
 10
13.3574
 20
-5.31714
 30
0.0
 10
13.3574
 20
-5.31714
 30
0.0
 10
13.3574
 20
-5.31714
 30
0.0
 10
13.34329
 20
-5.30303
 30
0.0
 10
13.34329
 20
-5.30303
 30
0.0
 10
13.34329
 20
-5.30303
 30
0.0
 10
13.32212
 20
-5.29245
 30
0.0
 10
13.32212
 20
-5.29245
 30
0.0
 10
13.32212
 20
-5.29245
 30
0.0
 10
13.29743
 20
-5.28892
 30
0.0
 10
13.29743
 20
-5.28892
 30
0.0
  0
SPLINE
  5
A6
330
1F
100
AcDbEntity
  8
Camada 1
 62
   251
370
     9
100
AcDbSpline
210
0.0
220
0.0
230
1.0
 70
    24
 71
     3
 72
    14
 73
    10
 74
     0
 42
0.0000000001
 43
0.0000000001
 40
0.0
 40
0.0
 40
0.0
 40
0.0
 40
0.3333333333333333
 40
0.3333333333333333
 40
0.3333333333333333
 40
0.6666666666666666
 40
0.6666666666666666
 40
0.6666666666666666
 40
1.0
 40
1.0
 40
1.0
 40
1.0
 10
13.37151
 20
-5.52528
 30
0.0
 10
13.37151
 20
-5.52528
 30
0.0
 10
13.37151
 20
-5.47942
 30
0.0
 10
13.37151
 20
-5.47942
 30
0.0
 10
13.37151
 20
-5.47942
 30
0.0
 10
13.37151
 20
-5.43003
 30
0.0
 10
13.37151
 20
-5.43003
 30
0.0
 10
13.37151
 20
-5.43003
 30
0.0
 10
13.37151
 20
-5.35595
 30
0.0
 10
13.37151
 20
-5.35595
 30
0.0
  0
SPLINE
  5
A7
330
1F
100
AcDbEntity
  8
Camada 1
 62
   251
370
     9
100
AcDbSpline
210
0.0
220
0.0
230
1.0
 70
    24
 71
     3
 72
     8
 73
     4
 74
     0
 42
0.0000000001
 43
0.0000000001
 40
0.0
 40
0.0
 40
0.0
 40
0.0
 40
1.0
 40
1.0
 40
1.0
 40
1.0
 10
13.3327
 20
-5.52528
 30
0.0
 10
13.3327
 20
-5.52528
 30
0.0
 10
13.37151
 20
-5.52528
 30
0.0
 10
13.37151
 20
-5.52528
 30
0.0
  0
SPLINE
  5
A8
330
1F
100
AcDbEntity
  8
Camada 1
 62
   251
370
     9
100
AcDbSpline
210
0.0
220
0.0
230
1.0
 70
    24
 71
     3
 72
     8
 73
     4
 74
     0
 42
0.0000000001
 43
0.0000000001
 40
0.0
 40
0.0
 40
0.0
 40
0.0
 40
1.0
 40
1.0
 40
1.0
 40
1.0
 10
13.3327
 20
-5.51822
 30
0.0
 10
13.3327
 20
-5.51822
 30
0.0
 10
13.3327
 20
-5.52528
 30
0.0
 10
13.3327
 20
-5.52528
 30
0.0
  0
SPLINE
  5
A9
330
1F
100
AcDbEntity
  8
Camada 1
 62
   251
370
     9
100
AcDbSpline
210
0.0
220
0.0
230
1.0
 70
     8
 71
     3
 72
    14
 73
    10
 74
     0
 42
0.0000000001
 43
0.0000000001
 40
0.0
 40
0.0
 40
0.0
 40
0.0
 40
0.3333333333333333
 40
0.3333333333333333
 40
0.3333333333333333
 40
0.6666666666666666
 40
0.6666666666666666
 40
0.6666666666666666
 40
1.0
 40
1.0
 40
1.0
 40
1.0
 10
13.29743
 20
-5.52528
 30
0.0
 10
13.29743
 20
-5.52528
 30
0.0
 10
13.30801
 20
-5.52528
 30
0.0
 10
13.30801
 20
-5.52528
 30
0.0
 10
13.30801
 20
-5.52528
 30
0.0
 10
13.32212
 20
-5.52175
 30
0.0
 10
13.32212
 20
-5.52175
 30
0.0
 10
13.32212
 20
-5.52175
 30
0.0
 10
13.3327
 20
-5.51822
 30
0.0
 10
13.3327
 20
-5.51822
 30
0.0
  0
SPLINE
  5
AA
330
1F
100
AcDbEntity
  8
Camada 1
 62
   251
370
     9
100
AcDbSpline
210
0.0
220
0.0
230
1.0
 70
    24
 71
     3
 72
     8
 73
     4
 74
     0
 42
0.0000000001
 43
0.0000000001
 40
0.0
 40
0.0
 40
0.0
 40
0.0
 40
1.0
 40
1.0
 40
1.0
 40
1.0
 10
13.2692
 20
-5.52528
 30
0.0
 10
13.2692
 20
-5.52528
 30
0.0
 10
13.29743
 20
-5.52528
 30
0.0
 10
13.29743
 20
-5.52528
 30
0.0
  0
SPLINE
  5
AB
330
1F
100
AcDbEntity
  8
Camada 1
 62
   251
370
     9
100
AcDbSpline
210
0.0
220
0.0
230
1.0
 70
     8
 71
     3
 72
    20
 73
    16
 74
     0
 42
0.0000000001
 43
0.0000000001
 40
0.0
 40
0.0
 40
0.0
 40
0.0
 40
0.2
 40
0.2
 40
0.2
 40
0.4
 40
0.4
 40
0.4
 40
0.6000000000000001
 40
0.6000000000000001
 40
0.6000000000000001
 40
0.8
 40
0.8
 40
0.8
 40
1.0
 40
1.0
 40
1.0
 40
1.0
 10
13.19512
 20
-5.45825
 30
0.0
 10
13.19512
 20
-5.45825
 30
0.0
 10
13.19865
 20
-5.47942
 30
0.0
 10
13.19865
 20
-5.47942
 30
0.0
 10
13.19865
 20
-5.47942
 30
0.0
 10
13.20923
 20
-5.49706
 30
0.0
 10
13.20923
 20
-5.49706
 30
0.0
 10
13.20923
 20
-5.49706
 30
0.0
 10
13.22334
 20
-5.51117
 30
0.0
 10
13.22334
 20
-5.51117
 30
0.0
 10
13.22334
 20
-5.51117
 30
0.0
 10
13.24804
 20
-5.52175
 30
0.0
 10
13.24804
 20
-5.52175
 30
0.0
 10
13.24804
 20
-5.52175
 30
0.0
 10
13.2692
 20
-5.52528
 30
0.0
 10
13.2692
 20
-5.52528
 30
0.0
  0
SPLINE
  5
AC
330
1F
100
AcDbEntity
  8
Camada 1
 62
   251
370
     9
100
AcDbSpline
210
0.0
220
0.0
230
1.0
 70
    24
 71
     3
 72
     8
 73
     4
 74
     0
 42
0.0000000001
 43
0.0000000001
 40
0.0
 40
0.0
 40
0.0
 40
0.0
 40
1.0
 40
1.0
 40
1.0
 40
1.0
 10
13.19512
 20
-5.44414
 30
0.0
 10
13.19512
 20
-5.44414
 30
0.0
 10
13.19512
 20
-5.45825
 30
0.0
 10
13.19512
 20
-5.45825
 30
0.0
  0
SPLINE
  5
AD
330
1F
100
AcDbEntity
  8
Camada 1
 62
   251
370
     9
100
AcDbSpline
210
0.0
220
0.0
230
1.0
 70
     8
 71
     3
 72
    20
 73
    16
 74
     0
 42
0.0000000001
 43
0.0000000001
 40
0.0
 40
0.0
 40
0.0
 40
0.0
 40
0.2
 40
0.2
 40
0.2
 40
0.4
 40
0.4
 40
0.4
 40
0.6000000000000001
 40
0.6000000000000001
 40
0.6000000000000001
 40
0.8
 40
0.8
 40
0.8
 40
1.0
 40
1.0
 40
1.0
 40
1.0
 10
13.2692
 20
-5.38064
 30
0.0
 10
13.2692
 20
-5.38064
 30
0.0
 10
13.24451
 20
-5.38417
 30
0.0
 10
13.24451
 20
-5.38417
 30
0.0
 10
13.24451
 20
-5.38417
 30
0.0
 10
13.22334
 20
-5.39828
 30
0.0
 10
13.22334
 20
-5.39828
 30
0.0
 10
13.22334
 20
-5.39828
 30
0.0
 10
13.2057
 20
-5.41239
 30
0.0
 10
13.2057
 20
-5.41239
 30
0.0
 10
13.2057
 20
-5.41239
 30
0.0
 10
13.19865
 20
-5.43003
 30
0.0
 10
13.19865
 20
-5.43003
 30
0.0
 10
13.19865
 20
-5.43003
 30
0.0
 10
13.19512
 20
-5.44414
 30
0.0
 10
13.19512
 20
-5.44414
 30
0.0
  0
SPLINE
  5
AE
330
1F
100
AcDbEntity
  8
Camada 1
 62
   251
370
     9
100
AcDbSpline
210
0.0
220
0.0
230
1.0
 70
    24
 71
     3
 72
     8
 73
     4
 74
     0
 42
0.0000000001
 43
0.0000000001
 40
0.0
 40
0.0
 40
0.0
 40
0.0
 40
1.0
 40
1.0
 40
1.0
 40
1.0
 10
13.3327
 20
-5.38064
 30
0.0
 10
13.3327
 20
-5.38064
 30
0.0
 10
13.2692
 20
-5.38064
 30
0.0
 10
13.2692
 20
-5.38064
 30
0.0
  0
SPLINE
  5
AF
330
1F
100
AcDbEntity
  8
Camada 1
 62
   251
370
     9
100
AcDbSpline
210
0.0
220
0.0
230
1.0
 70
    24
 71
     3
 72
     8
 73
     4
 74
     0
 42
0.0000000001
 43
0.0000000001
 40
0.0
 40
0.0
 40
0.0
 40
0.0
 40
1.0
 40
1.0
 40
1.0
 40
1.0
 10
13.3327
 20
-5.34889
 30
0.0
 10
13.3327
 20
-5.34889
 30
0.0
 10
13.3327
 20
-5.38064
 30
0.0
 10
13.3327
 20
-5.38064
 30
0.0
  0
SPLINE
  5
B0
330
1F
100
AcDbEntity
  8
Camada 1
 62
   251
370
     9
100
AcDbSpline
210
0.0
220
0.0
230
1.0
 70
    24
 71
     3
 72
     8
 73
     4
 74
     0
 42
0.0000000001
 43
0.0000000001
 40
0.0
 40
0.0
 40
0.0
 40
0.0
 40
1.0
 40
1.0
 40
1.0
 40
1.0
 10
13.02579
 20
-5.28892
 30
0.0
 10
13.02579
 20
-5.28892
 30
0.0
 10
13.02932
 20
-5.28539
 30
0.0
 10
13.02932
 20
-5.28539
 30
0.0
  0
SPLINE
  5
B1
330
1F
100
AcDbEntity
  8
Camada 1
 62
   251
370
     9
100
AcDbSpline
210
0.0
220
0.0
230
1.0
 70
    24
 71
     3
 72
     8
 73
     4
 74
     0
 42
0.0000000001
 43
0.0000000001
 40
0.0
 40
0.0
 40
0.0
 40
0.0
 40
1.0
 40
1.0
 40
1.0
 40
1.0
 10
13.02932
 20
-5.29245
 30
0.0
 10
13.02932
 20
-5.29245
 30
0.0
 10
13.02932
 20
-5.28539
 30
0.0
 10
13.02932
 20
-5.28539
 30
0.0
  0
SPLINE
  5
B2
330
1F
100
AcDbEntity
  8
Camada 1
 62
   251
370
     9
100
AcDbSpline
210
0.0
220
0.0
230
1.0
 70
    24
 71
     3
 72
     8
 73
     4
 74
     0
 42
0.0000000001
 43
0.0000000001
 40
0.0
 40
0.0
 40
0.0
 40
0.0
 40
1.0
 40
1.0
 40
1.0
 40
1.0
 10
12.70476
 20
-5.34536
 30
0.0
 10
12.70476
 20
-5.34536
 30
0.0
 10
12.70123
 20
-5.34889
 30
0.0
 10
12.70123
 20
-5.34889
 30
0.0
  0
SPLINE
  5
B3
330
1F
100
AcDbEntity
  8
Camada 1
 62
   251
370
     9
100
AcDbSpline
210
0.0
220
0.0
230
1.0
 70
    24
 71
     3
 72
     8
 73
     4
 74
     0
 42
0.0000000001
 43
0.0000000001
 40
0.0
 40
0.0
 40
0.0
 40
0.0
 40
1.0
 40
1.0
 40
1.0
 40
1.0
 10
12.70476
 20
-5.34536
 30
0.0
 10
12.70476
 20
-5.34536
 30
0.0
 10
12.74004
 20
-5.33478
 30
0.0
 10
12.74004
 20
-5.33478
 30
0.0
  0
SPLINE
  5
B4
330
1F
100
AcDbEntity
  8
Camada 1
 62
   251
370
     9
100
AcDbSpline
210
0.0
220
0.0
230
1.0
 70
     8
 71
     3
 72
    11
 73
     7
 74
     0
 42
0.0000000001
 43
0.0000000001
 40
0.0
 40
0.0
 40
0.0
 40
0.0
 40
0.5
 40
0.5
 40
0.5
 40
1.0
 40
1.0
 40
1.0
 40
1.0
 10
12.74004
 20
-5.33478
 30
0.0
 10
12.74004
 20
-5.33478
 30
0.0
 10
12.74004
 20
-5.33831
 30
0.0
 10
12.74004
 20
-5.33831
 30
0.0
 10
12.74004
 20
-5.33831
 30
0.0
 10
12.74357
 20
-5.33831
 30
0.0
 10
12.74357
 20
-5.33831
 30
0.0
  0
SPLINE
  5
B5
330
1F
100
AcDbEntity
  8
Camada 1
 62
   251
370
     9
100
AcDbSpline
210
0.0
220
0.0
230
1.0
 70
    24
 71
     3
 72
     8
 73
     4
 74
     0
 42
0.0000000001
 43
0.0000000001
 40
0.0
 40
0.0
 40
0.0
 40
0.0
 40
1.0
 40
1.0
 40
1.0
 40
1.0
 10
12.70123
 20
-5.34889
 30
0.0
 10
12.70123
 20
-5.34889
 30
0.0
 10
12.74357
 20
-5.33831
 30
0.0
 10
12.74357
 20
-5.33831
 30
0.0
  0
SPLINE
  5
B6
330
1F
100
AcDbEntity
  8
Camada 1
 62
   251
370
     9
100
AcDbSpline
210
0.0
220
0.0
230
1.0
 70
    24
 71
     3
 72
     8
 73
     4
 74
     0
 42
0.0000000001
 43
0.0000000001
 40
0.0
 40
0.0
 40
0.0
 40
0.0
 40
1.0
 40
1.0
 40
1.0
 40
1.0
 10
12.65537
 20
-5.30303
 30
0.0
 10
12.65537
 20
-5.30303
 30
0.0
 10
12.65537
 20
-5.30656
 30
0.0
 10
12.65537
 20
-5.30656
 30
0.0
  0
SPLINE
  5
B7
330
1F
100
AcDbEntity
  8
Camada 1
 62
   251
370
     9
100
AcDbSpline
210
0.0
220
0.0
230
1.0
 70
     8
 71
     3
 72
    20
 73
    16
 74
     0
 42
0.0000000001
 43
0.0000000001
 40
0.0
 40
0.0
 40
0.0
 40
0.0
 40
0.2
 40
0.2
 40
0.2
 40
0.4
 40
0.4
 40
0.4
 40
0.6000000000000001
 40
0.6000000000000001
 40
0.6000000000000001
 40
0.8
 40
0.8
 40
0.8
 40
1.0
 40
1.0
 40
1.0
 40
1.0
 10
12.65537
 20
-5.30303
 30
0.0
 10
12.65537
 20
-5.30303
 30
0.0
 10
12.66948
 20
-5.30303
 30
0.0
 10
12.66948
 20
-5.30303
 30
0.0
 10
12.66948
 20
-5.30303
 30
0.0
 10
12.68359
 20
-5.31361
 30
0.0
 10
12.68359
 20
-5.31361
 30
0.0
 10
12.68359
 20
-5.31361
 30
0.0
 10
12.6977
 20
-5.3242
 30
0.0
 10
12.6977
 20
-5.3242
 30
0.0
 10
12.6977
 20
-5.3242
 30
0.0
 10
12.70123
 20
-5.33831
 30
0.0
 10
12.70123
 20
-5.33831
 30
0.0
 10
12.70123
 20
-5.33831
 30
0.0
 10
12.70476
 20
-5.34536
 30
0.0
 10
12.70476
 20
-5.34536
 30
0.0
  0
SPLINE
  5
B8
330
1F
100
AcDbEntity
  8
Camada 1
 62
   251
370
     9
100
AcDbSpline
210
0.0
220
0.0
230
1.0
 70
     8
 71
     3
 72
    20
 73
    16
 74
     0
 42
0.0000000001
 43
0.0000000001
 40
0.0
 40
0.0
 40
0.0
 40
0.0
 40
0.2
 40
0.2
 40
0.2
 40
0.4
 40
0.4
 40
0.4
 40
0.6000000000000001
 40
0.6000000000000001
 40
0.6000000000000001
 40
0.8
 40
0.8
 40
0.8
 40
1.0
 40
1.0
 40
1.0
 40
1.0
 10
12.65537
 20
-5.30656
 30
0.0
 10
12.65537
 20
-5.30656
 30
0.0
 10
12.66948
 20
-5.30656
 30
0.0
 10
12.66948
 20
-5.30656
 30
0.0
 10
12.66948
 20
-5.30656
 30
0.0
 10
12.68359
 20
-5.31361
 30
0.0
 10
12.68359
 20
-5.31361
 30
0.0
 10
12.68359
 20
-5.31361
 30
0.0
 10
12.69418
 20
-5.32773
 30
0.0
 10
12.69418
 20
-5.32773
 30
0.0
 10
12.69418
 20
-5.32773
 30
0.0
 10
12.6977
 20
-5.34184
 30
0.0
 10
12.6977
 20
-5.34184
 30
0.0
 10
12.6977
 20
-5.34184
 30
0.0
 10
12.70123
 20
-5.34889
 30
0.0
 10
12.70123
 20
-5.34889
 30
0.0
  0
SPLINE
  5
B9
330
1F
100
AcDbEntity
  8
Camada 1
 62
   251
370
     9
100
AcDbSpline
210
0.0
220
0.0
230
1.0
 70
     8
 71
     3
 72
    11
 73
     7
 74
     0
 42
0.0000000001
 43
0.0000000001
 40
0.0
 40
0.0
 40
0.0
 40
0.0
 40
0.5
 40
0.5
 40
0.5
 40
1.0
 40
1.0
 40
1.0
 40
1.0
 10
13.37151
 20
-5.52528
 30
0.0
 10
13.37151
 20
-5.52528
 30
0.0
 10
13.37151
 20
-5.52881
 30
0.0
 10
13.37151
 20
-5.52881
 30
0.0
 10
13.37151
 20
-5.52881
 30
0.0
 10
13.37504
 20
-5.52881
 30
0.0
 10
13.37504
 20
-5.52881
 30
0.0
  0
SPLINE
  5
BA
330
1F
100
AcDbEntity
  8
Camada 1
 62
   251
370
     9
100
AcDbSpline
210
0.0
220
0.0
230
1.0
 70
    24
 71
     3
 72
     8
 73
     4
 74
     0
 42
0.0000000001
 43
0.0000000001
 40
0.0
 40
0.0
 40
0.0
 40
0.0
 40
1.0
 40
1.0
 40
1.0
 40
1.0
 10
13.37151
 20
-5.35595
 30
0.0
 10
13.37151
 20
-5.35595
 30
0.0
 10
13.37504
 20
-5.35595
 30
0.0
 10
13.37504
 20
-5.35595
 30
0.0
  0
SPLINE
  5
BB
330
1F
100
AcDbEntity
  8
Camada 1
 62
   251
370
     9
100
AcDbSpline
210
0.0
220
0.0
230
1.0
 70
    24
 71
     3
 72
    14
 73
    10
 74
     0
 42
0.0000000001
 43
0.0000000001
 40
0.0
 40
0.0
 40
0.0
 40
0.0
 40
0.3333333333333333
 40
0.3333333333333333
 40
0.3333333333333333
 40
0.6666666666666666
 40
0.6666666666666666
 40
0.6666666666666666
 40
1.0
 40
1.0
 40
1.0
 40
1.0
 10
13.37504
 20
-5.52881
 30
0.0
 10
13.37504
 20
-5.52881
 30
0.0
 10
13.37504
 20
-5.48295
 30
0.0
 10
13.37504
 20
-5.48295
 30
0.0
 10
13.37504
 20
-5.48295
 30
0.0
 10
13.37504
 20
-5.43356
 30
0.0
 10
13.37504
 20
-5.43356
 30
0.0
 10
13.37504
 20
-5.43356
 30
0.0
 10
13.37504
 20
-5.35595
 30
0.0
 10
13.37504
 20
-5.35595
 30
0.0
  0
SPLINE
  5
BC
330
1F
100
AcDbEntity
  8
Camada 1
 62
   251
370
     9
100
AcDbSpline
210
0.0
220
0.0
230
1.0
 70
    24
 71
     3
 72
     8
 73
     4
 74
     0
 42
0.0000000001
 43
0.0000000001
 40
0.0
 40
0.0
 40
0.0
 40
0.0
 40
1.0
 40
1.0
 40
1.0
 40
1.0
 10
12.9129
 20
-5.40181
 30
0.0
 10
12.9129
 20
-5.40181
 30
0.0
 10
12.9129
 20
-5.35242
 30
0.0
 10
12.9129
 20
-5.35242
 30
0.0
  0
SPLINE
  5
BD
330
1F
100
AcDbEntity
  8
Camada 1
 62
   251
370
     9
100
AcDbSpline
210
0.0
220
0.0
230
1.0
 70
     8
 71
     3
 72
    20
 73
    16
 74
     0
 42
0.0000000001
 43
0.0000000001
 40
0.0
 40
0.0
 40
0.0
 40
0.0
 40
0.2
 40
0.2
 40
0.2
 40
0.4
 40
0.4
 40
0.4
 40
0.6000000000000001
 40
0.6000000000000001
 40
0.6000000000000001
 40
0.8
 40
0.8
 40
0.8
 40
1.0
 40
1.0
 40
1.0
 40
1.0
 10
12.9129
 20
-5.35242
 30
0.0
 10
12.9129
 20
-5.35242
 30
0.0
 10
12.90937
 20
-5.33478
 30
0.0
 10
12.90937
 20
-5.33478
 30
0.0
 10
12.90937
 20
-5.33478
 30
0.0
 10
12.90232
 20
-5.32067
 30
0.0
 10
12.90232
 20
-5.32067
 30
0.0
 10
12.90232
 20
-5.32067
 30
0.0
 10
12.89173
 20
-5.31009
 30
0.0
 10
12.89173
 20
-5.31009
 30
0.0
 10
12.89173
 20
-5.31009
 30
0.0
 10
12.87409
 20
-5.30303
 30
0.0
 10
12.87409
 20
-5.30303
 30
0.0
 10
12.87409
 20
-5.30303
 30
0.0
 10
12.86351
 20
-5.30303
 30
0.0
 10
12.86351
 20
-5.30303
 30
0.0
  0
SPLINE
  5
BE
330
1F
100
AcDbEntity
  8
Camada 1
 62
   251
370
     9
100
AcDbSpline
210
0.0
220
0.0
230
1.0
 70
     8
 71
     3
 72
    20
 73
    16
 74
     0
 42
0.0000000001
 43
0.0000000001
 40
0.0
 40
0.0
 40
0.0
 40
0.0
 40
0.2
 40
0.2
 40
0.2
 40
0.4
 40
0.4
 40
0.4
 40
0.6000000000000001
 40
0.6000000000000001
 40
0.6000000000000001
 40
0.8
 40
0.8
 40
0.8
 40
1.0
 40
1.0
 40
1.0
 40
1.0
 10
12.86351
 20
-5.30303
 30
0.0
 10
12.86351
 20
-5.30303
 30
0.0
 10
12.8494
 20
-5.30303
 30
0.0
 10
12.8494
 20
-5.30303
 30
0.0
 10
12.8494
 20
-5.30303
 30
0.0
 10
12.83529
 20
-5.31361
 30
0.0
 10
12.83529
 20
-5.31361
 30
0.0
 10
12.83529
 20
-5.31361
 30
0.0
 10
12.82118
 20
-5.3242
 30
0.0
 10
12.82118
 20
-5.3242
 30
0.0
 10
12.82118
 20
-5.3242
 30
0.0
 10
12.81765
 20
-5.33831
 30
0.0
 10
12.81765
 20
-5.33831
 30
0.0
 10
12.81765
 20
-5.33831
 30
0.0
 10
12.81412
 20
-5.35242
 30
0.0
 10
12.81412
 20
-5.35242
 30
0.0
  0
SPLINE
  5
BF
330
1F
100
AcDbEntity
  8
Camada 1
 62
   251
370
     9
100
AcDbSpline
210
0.0
220
0.0
230
1.0
 70
    24
 71
     3
 72
     8
 73
     4
 74
     0
 42
0.0000000001
 43
0.0000000001
 40
0.0
 40
0.0
 40
0.0
 40
0.0
 40
1.0
 40
1.0
 40
1.0
 40
1.0
 10
12.81412
 20
-5.35242
 30
0.0
 10
12.81412
 20
-5.35242
 30
0.0
 10
12.81412
 20
-5.40181
 30
0.0
 10
12.81412
 20
-5.40181
 30
0.0
  0
SPLINE
  5
C0
330
1F
100
AcDbEntity
  8
Camada 1
 62
   251
370
     9
100
AcDbSpline
210
0.0
220
0.0
230
1.0
 70
    24
 71
     3
 72
     8
 73
     4
 74
     0
 42
0.0000000001
 43
0.0000000001
 40
0.0
 40
0.0
 40
0.0
 40
0.0
 40
1.0
 40
1.0
 40
1.0
 40
1.0
 10
12.81412
 20
-5.40181
 30
0.0
 10
12.81412
 20
-5.40181
 30
0.0
 10
12.9129
 20
-5.40181
 30
0.0
 10
12.9129
 20
-5.40181
 30
0.0
  0
SPLINE
  5
C1
330
1F
100
AcDbEntity
  8
Camada 1
 62
   251
370
     9
100
AcDbSpline
210
0.0
220
0.0
230
1.0
 70
     8
 71
     3
 72
    20
 73
    16
 74
     0
 42
0.0000000001
 43
0.0000000001
 40
0.0
 40
0.0
 40
0.0
 40
0.0
 40
0.2
 40
0.2
 40
0.2
 40
0.4
 40
0.4
 40
0.4
 40
0.6000000000000001
 40
0.6000000000000001
 40
0.6000000000000001
 40
0.8
 40
0.8
 40
0.8
 40
1.0
 40
1.0
 40
1.0
 40
1.0
 10
12.9129
 20
-5.46884
 30
0.0
 10
12.9129
 20
-5.46884
 30
0.0
 10
12.90937
 20
-5.48648
 30
0.0
 10
12.90937
 20
-5.48648
 30
0.0
 10
12.90937
 20
-5.48648
 30
0.0
 10
12.89879
 20
-5.50059
 30
0.0
 10
12.89879
 20
-5.50059
 30
0.0
 10
12.89879
 20
-5.50059
 30
0.0
 10
12.88468
 20
-5.50764
 30
0.0
 10
12.88468
 20
-5.50764
 30
0.0
 10
12.88468
 20
-5.50764
 30
0.0
 10
12.86704
 20
-5.5147
 30
0.0
 10
12.86704
 20
-5.5147
 30
0.0
 10
12.86704
 20
-5.5147
 30
0.0
 10
12.86351
 20
-5.5147
 30
0.0
 10
12.86351
 20
-5.5147
 30
0.0
  0
SPLINE
  5
C2
330
1F
100
AcDbEntity
  8
Camada 1
 62
   251
370
     9
100
AcDbSpline
210
0.0
220
0.0
230
1.0
 70
    24
 71
     3
 72
     8
 73
     4
 74
     0
 42
0.0000000001
 43
0.0000000001
 40
0.0
 40
0.0
 40
0.0
 40
0.0
 40
1.0
 40
1.0
 40
1.0
 40
1.0
 10
12.94818
 20
-5.47589
 30
0.0
 10
12.94818
 20
-5.47589
 30
0.0
 10
12.9129
 20
-5.46884
 30
0.0
 10
12.9129
 20
-5.46884
 30
0.0
  0
SPLINE
  5
C3
330
1F
100
AcDbEntity
  8
Camada 1
 62
   251
370
     9
100
AcDbSpline
210
0.0
220
0.0
230
1.0
 70
     8
 71
     3
 72
    17
 73
    13
 74
     0
 42
0.0000000001
 43
0.0000000001
 40
0.0
 40
0.0
 40
0.0
 40
0.0
 40
0.25
 40
0.25
 40
0.25
 40
0.5
 40
0.5
 40
0.5
 40
0.75
 40
0.75
 40
0.75
 40
1.0
 40
1.0
 40
1.0
 40
1.0
 10
12.87762
 20
-5.52528
 30
0.0
 10
12.87762
 20
-5.52528
 30
0.0
 10
12.90232
 20
-5.52175
 30
0.0
 10
12.90232
 20
-5.52175
 30
0.0
 10
12.90232
 20
-5.52175
 30
0.0
 10
12.92701
 20
-5.51117
 30
0.0
 10
12.92701
 20
-5.51117
 30
0.0
 10
12.92701
 20
-5.51117
 30
0.0
 10
12.94465
 20
-5.49
 30
0.0
 10
12.94465
 20
-5.49
 30
0.0
 10
12.94465
 20
-5.49
 30
0.0
 10
12.94818
 20
-5.47589
 30
0.0
 10
12.94818
 20
-5.47589
 30
0.0
  0
SPLINE
  5
C4
330
1F
100
AcDbEntity
  8
Camada 1
 62
   251
370
     9
100
AcDbSpline
210
0.0
220
0.0
230
1.0
 70
    24
 71
     3
 72
     8
 73
     4
 74
     0
 42
0.0000000001
 43
0.0000000001
 40
0.0
 40
0.0
 40
0.0
 40
0.0
 40
1.0
 40
1.0
 40
1.0
 40
1.0
 10
12.8494
 20
-5.52528
 30
0.0
 10
12.8494
 20
-5.52528
 30
0.0
 10
12.87762
 20
-5.52528
 30
0.0
 10
12.87762
 20
-5.52528
 30
0.0
  0
SPLINE
  5
C5
330
1F
100
AcDbEntity
  8
Camada 1
 62
   251
370
     9
100
AcDbSpline
210
0.0
220
0.0
230
1.0
 70
     8
 71
     3
 72
    20
 73
    16
 74
     0
 42
0.0000000001
 43
0.0000000001
 40
0.0
 40
0.0
 40
0.0
 40
0.0
 40
0.2
 40
0.2
 40
0.2
 40
0.4
 40
0.4
 40
0.4
 40
0.6000000000000001
 40
0.6000000000000001
 40
0.6000000000000001
 40
0.8
 40
0.8
 40
0.8
 40
1.0
 40
1.0
 40
1.0
 40
1.0
 10
12.77532
 20
-5.45825
 30
0.0
 10
12.77532
 20
-5.45825
 30
0.0
 10
12.77884
 20
-5.47942
 30
0.0
 10
12.77884
 20
-5.47942
 30
0.0
 10
12.77884
 20
-5.47942
 30
0.0
 10
12.78943
 20
-5.49706
 30
0.0
 10
12.78943
 20
-5.49706
 30
0.0
 10
12.78943
 20
-5.49706
 30
0.0
 10
12.80707
 20
-5.51117
 30
0.0
 10
12.80707
 20
-5.51117
 30
0.0
 10
12.80707
 20
-5.51117
 30
0.0
 10
12.82823
 20
-5.52175
 30
0.0
 10
12.82823
 20
-5.52175
 30
0.0
 10
12.82823
 20
-5.52175
 30
0.0
 10
12.8494
 20
-5.52528
 30
0.0
 10
12.8494
 20
-5.52528
 30
0.0
  0
SPLINE
  5
C6
330
1F
100
AcDbEntity
  8
Camada 1
 62
   251
370
     9
100
AcDbSpline
210
0.0
220
0.0
230
1.0
 70
    24
 71
     3
 72
     8
 73
     4
 74
     0
 42
0.0000000001
 43
0.0000000001
 40
0.0
 40
0.0
 40
0.0
 40
0.0
 40
1.0
 40
1.0
 40
1.0
 40
1.0
 10
12.77532
 20
-5.35595
 30
0.0
 10
12.77532
 20
-5.35595
 30
0.0
 10
12.77532
 20
-5.45825
 30
0.0
 10
12.77532
 20
-5.45825
 30
0.0
  0
SPLINE
  5
C7
330
1F
100
AcDbEntity
  8
Camada 1
 62
   251
370
     9
100
AcDbSpline
210
0.0
220
0.0
230
1.0
 70
     8
 71
     3
 72
    20
 73
    16
 74
     0
 42
0.0000000001
 43
0.0000000001
 40
0.0
 40
0.0
 40
0.0
 40
0.0
 40
0.2
 40
0.2
 40
0.2
 40
0.4
 40
0.4
 40
0.4
 40
0.6000000000000001
 40
0.6000000000000001
 40
0.6000000000000001
 40
0.8
 40
0.8
 40
0.8
 40
1.0
 40
1.0
 40
1.0
 40
1.0
 10
12.8494
 20
-5.28892
 30
0.0
 10
12.8494
 20
-5.28892
 30
0.0
 10
12.8247
 20
-5.29245
 30
0.0
 10
12.8247
 20
-5.29245
 30
0.0
 10
12.8247
 20
-5.29245
 30
0.0
 10
12.80001
 20
-5.30656
 30
0.0
 10
12.80001
 20
-5.30656
 30
0.0
 10
12.80001
 20
-5.30656
 30
0.0
 10
12.7859
 20
-5.3242
 30
0.0
 10
12.7859
 20
-5.3242
 30
0.0
 10
12.7859
 20
-5.3242
 30
0.0
 10
12.77884
 20
-5.34536
 30
0.0
 10
12.77884
 20
-5.34536
 30
0.0
 10
12.77884
 20
-5.34536
 30
0.0
 10
12.77532
 20
-5.35595
 30
0.0
 10
12.77532
 20
-5.35595
 30
0.0
  0
SPLINE
  5
C8
330
1F
100
AcDbEntity
  8
Camada 1
 62
   251
370
     9
100
AcDbSpline
210
0.0
220
0.0
230
1.0
 70
    24
 71
     3
 72
     8
 73
     4
 74
     0
 42
0.0000000001
 43
0.0000000001
 40
0.0
 40
0.0
 40
0.0
 40
0.0
 40
1.0
 40
1.0
 40
1.0
 40
1.0
 10
12.87762
 20
-5.28892
 30
0.0
 10
12.87762
 20
-5.28892
 30
0.0
 10
12.8494
 20
-5.28892
 30
0.0
 10
12.8494
 20
-5.28892
 30
0.0
  0
SPLINE
  5
C9
330
1F
100
AcDbEntity
  8
Camada 1
 62
   251
370
     9
100
AcDbSpline
210
0.0
220
0.0
230
1.0
 70
     8
 71
     3
 72
    20
 73
    16
 74
     0
 42
0.0000000001
 43
0.0000000001
 40
0.0
 40
0.0
 40
0.0
 40
0.0
 40
0.2
 40
0.2
 40
0.2
 40
0.4
 40
0.4
 40
0.4
 40
0.6000000000000001
 40
0.6000000000000001
 40
0.6000000000000001
 40
0.8
 40
0.8
 40
0.8
 40
1.0
 40
1.0
 40
1.0
 40
1.0
 10
12.9517
 20
-5.35595
 30
0.0
 10
12.9517
 20
-5.35595
 30
0.0
 10
12.94818
 20
-5.33125
 30
0.0
 10
12.94818
 20
-5.33125
 30
0.0
 10
12.94818
 20
-5.33125
 30
0.0
 10
12.93407
 20
-5.31009
 30
0.0
 10
12.93407
 20
-5.31009
 30
0.0
 10
12.93407
 20
-5.31009
 30
0.0
 10
12.91995
 20
-5.2995
 30
0.0
 10
12.91995
 20
-5.2995
 30
0.0
 10
12.91995
 20
-5.2995
 30
0.0
 10
12.89173
 20
-5.28892
 30
0.0
 10
12.89173
 20
-5.28892
 30
0.0
 10
12.89173
 20
-5.28892
 30
0.0
 10
12.87762
 20
-5.28892
 30
0.0
 10
12.87762
 20
-5.28892
 30
0.0
  0
SPLINE
  5
CA
330
1F
100
AcDbEntity
  8
Camada 1
 62
   251
370
     9
100
AcDbSpline
210
0.0
220
0.0
230
1.0
 70
    24
 71
     3
 72
     8
 73
     4
 74
     0
 42
0.0000000001
 43
0.0000000001
 40
0.0
 40
0.0
 40
0.0
 40
0.0
 40
1.0
 40
1.0
 40
1.0
 40
1.0
 10
12.9517
 20
-5.41592
 30
0.0
 10
12.9517
 20
-5.41592
 30
0.0
 10
12.9517
 20
-5.35595
 30
0.0
 10
12.9517
 20
-5.35595
 30
0.0
  0
SPLINE
  5
CB
330
1F
100
AcDbEntity
  8
Camada 1
 62
   251
370
     9
100
AcDbSpline
210
0.0
220
0.0
230
1.0
 70
    24
 71
     3
 72
     8
 73
     4
 74
     0
 42
0.0000000001
 43
0.0000000001
 40
0.0
 40
0.0
 40
0.0
 40
0.0
 40
1.0
 40
1.0
 40
1.0
 40
1.0
 10
12.81412
 20
-5.41592
 30
0.0
 10
12.81412
 20
-5.41592
 30
0.0
 10
12.9517
 20
-5.41592
 30
0.0
 10
12.9517
 20
-5.41592
 30
0.0
  0
SPLINE
  5
CC
330
1F
100
AcDbEntity
  8
Camada 1
 62
   251
370
     9
100
AcDbSpline
210
0.0
220
0.0
230
1.0
 70
    24
 71
     3
 72
     8
 73
     4
 74
     0
 42
0.0000000001
 43
0.0000000001
 40
0.0
 40
0.0
 40
0.0
 40
0.0
 40
1.0
 40
1.0
 40
1.0
 40
1.0
 10
12.81412
 20
-5.46531
 30
0.0
 10
12.81412
 20
-5.46531
 30
0.0
 10
12.81412
 20
-5.41592
 30
0.0
 10
12.81412
 20
-5.41592
 30
0.0
  0
SPLINE
  5
CD
330
1F
100
AcDbEntity
  8
Camada 1
 62
   251
370
     9
100
AcDbSpline
210
0.0
220
0.0
230
1.0
 70
     8
 71
     3
 72
    20
 73
    16
 74
     0
 42
0.0000000001
 43
0.0000000001
 40
0.0
 40
0.0
 40
0.0
 40
0.0
 40
0.2
 40
0.2
 40
0.2
 40
0.4
 40
0.4
 40
0.4
 40
0.6000000000000001
 40
0.6000000000000001
 40
0.6000000000000001
 40
0.8
 40
0.8
 40
0.8
 40
1.0
 40
1.0
 40
1.0
 40
1.0
 10
12.86351
 20
-5.5147
 30
0.0
 10
12.86351
 20
-5.5147
 30
0.0
 10
12.8494
 20
-5.51117
 30
0.0
 10
12.8494
 20
-5.51117
 30
0.0
 10
12.8494
 20
-5.51117
 30
0.0
 10
12.83529
 20
-5.50411
 30
0.0
 10
12.83529
 20
-5.50411
 30
0.0
 10
12.83529
 20
-5.50411
 30
0.0
 10
12.82118
 20
-5.49
 30
0.0
 10
12.82118
 20
-5.49
 30
0.0
 10
12.82118
 20
-5.49
 30
0.0
 10
12.81765
 20
-5.47589
 30
0.0
 10
12.81765
 20
-5.47589
 30
0.0
 10
12.81765
 20
-5.47589
 30
0.0
 10
12.81412
 20
-5.46531
 30
0.0
 10
12.81412
 20
-5.46531
 30
0.0
  0
SPLINE
  5
CE
330
1F
100
AcDbEntity
  8
Camada 1
 62
   251
370
     9
100
AcDbSpline
210
0.0
220
0.0
230
1.0
 70
     8
 71
     3
 72
    11
 73
     7
 74
     0
 42
0.0000000001
 43
0.0000000001
 40
0.0
 40
0.0
 40
0.0
 40
0.0
 40
0.5
 40
0.5
 40
0.5
 40
1.0
 40
1.0
 40
1.0
 40
1.0
 10
12.9129
 20
-5.46884
 30
0.0
 10
12.9129
 20
-5.46884
 30
0.0
 10
12.9129
 20
-5.46531
 30
0.0
 10
12.9129
 20
-5.46531
 30
0.0
 10
12.9129
 20
-5.46531
 30
0.0
 10
12.90937
 20
-5.46531
 30
0.0
 10
12.90937
 20
-5.46531
 30
0.0
  0
SPLINE
  5
CF
330
1F
100
AcDbEntity
  8
Camada 1
 62
   251
370
     9
100
AcDbSpline
210
0.0
220
0.0
230
1.0
 70
    24
 71
     3
 72
     8
 73
     4
 74
     0
 42
0.0000000001
 43
0.0000000001
 40
0.0
 40
0.0
 40
0.0
 40
0.0
 40
1.0
 40
1.0
 40
1.0
 40
1.0
 10
12.86351
 20
-5.5147
 30
0.0
 10
12.86351
 20
-5.5147
 30
0.0
 10
12.86351
 20
-5.51117
 30
0.0
 10
12.86351
 20
-5.51117
 30
0.0
  0
SPLINE
  5
D0
330
1F
100
AcDbEntity
  8
Camada 1
 62
   251
370
     9
100
AcDbSpline
210
0.0
220
0.0
230
1.0
 70
     8
 71
     3
 72
    20
 73
    16
 74
     0
 42
0.0000000001
 43
0.0000000001
 40
0.0
 40
0.0
 40
0.0
 40
0.0
 40
0.2
 40
0.2
 40
0.2
 40
0.4
 40
0.4
 40
0.4
 40
0.6000000000000001
 40
0.6000000000000001
 40
0.6000000000000001
 40
0.8
 40
0.8
 40
0.8
 40
1.0
 40
1.0
 40
1.0
 40
1.0
 10
12.90937
 20
-5.46531
 30
0.0
 10
12.90937
 20
-5.46531
 30
0.0
 10
12.90584
 20
-5.48295
 30
0.0
 10
12.90584
 20
-5.48295
 30
0.0
 10
12.90584
 20
-5.48295
 30
0.0
 10
12.89879
 20
-5.49706
 30
0.0
 10
12.89879
 20
-5.49706
 30
0.0
 10
12.89879
 20
-5.49706
 30
0.0
 10
12.88468
 20
-5.50411
 30
0.0
 10
12.88468
 20
-5.50411
 30
0.0
 10
12.88468
 20
-5.50411
 30
0.0
 10
12.87057
 20
-5.50764
 30
0.0
 10
12.87057
 20
-5.50764
 30
0.0
 10
12.87057
 20
-5.50764
 30
0.0
 10
12.86351
 20
-5.51117
 30
0.0
 10
12.86351
 20
-5.51117
 30
0.0
  0
SPLINE
  5
D1
330
1F
100
AcDbEntity
  8
Camada 1
 62
   251
370
     9
100
AcDbSpline
210
0.0
220
0.0
230
1.0
 70
    24
 71
     3
 72
     8
 73
     4
 74
     0
 42
0.0000000001
 43
0.0000000001
 40
0.0
 40
0.0
 40
0.0
 40
0.0
 40
1.0
 40
1.0
 40
1.0
 40
1.0
 10
12.94818
 20
-5.47589
 30
0.0
 10
12.94818
 20
-5.47589
 30
0.0
 10
12.9517
 20
-5.47589
 30
0.0
 10
12.9517
 20
-5.47589
 30
0.0
  0
SPLINE
  5
D2
330
1F
100
AcDbEntity
  8
Camada 1
 62
   251
370
     9
100
AcDbSpline
210
0.0
220
0.0
230
1.0
 70
    24
 71
     3
 72
     8
 73
     4
 74
     0
 42
0.0000000001
 43
0.0000000001
 40
0.0
 40
0.0
 40
0.0
 40
0.0
 40
1.0
 40
1.0
 40
1.0
 40
1.0
 10
12.9517
 20
-5.47589
 30
0.0
 10
12.9517
 20
-5.47589
 30
0.0
 10
12.90937
 20
-5.46531
 30
0.0
 10
12.90937
 20
-5.46531
 30
0.0
  0
SPLINE
  5
D3
330
1F
100
AcDbEntity
  8
Camada 1
 62
   251
370
     9
100
AcDbSpline
210
0.0
220
0.0
230
1.0
 70
    24
 71
     3
 72
     8
 73
     4
 74
     0
 42
0.0000000001
 43
0.0000000001
 40
0.0
 40
0.0
 40
0.0
 40
0.0
 40
1.0
 40
1.0
 40
1.0
 40
1.0
 10
13.3327
 20
-5.52528
 30
0.0
 10
13.3327
 20
-5.52528
 30
0.0
 10
13.32918
 20
-5.52881
 30
0.0
 10
13.32918
 20
-5.52881
 30
0.0
  0
SPLINE
  5
D4
330
1F
100
AcDbEntity
  8
Camada 1
 62
   251
370
     9
100
AcDbSpline
210
0.0
220
0.0
230
1.0
 70
    24
 71
     3
 72
     8
 73
     4
 74
     0
 42
0.0000000001
 43
0.0000000001
 40
0.0
 40
0.0
 40
0.0
 40
0.0
 40
1.0
 40
1.0
 40
1.0
 40
1.0
 10
13.32918
 20
-5.52881
 30
0.0
 10
13.32918
 20
-5.52881
 30
0.0
 10
13.37504
 20
-5.52881
 30
0.0
 10
13.37504
 20
-5.52881
 30
0.0
  0
SPLINE
  5
D5
330
1F
100
AcDbEntity
  8
Camada 1
 62
   251
370
     9
100
AcDbSpline
210
0.0
220
0.0
230
1.0
 70
     8
 71
     3
 72
    20
 73
    16
 74
     0
 42
0.0000000001
 43
0.0000000001
 40
0.0
 40
0.0
 40
0.0
 40
0.0
 40
0.2
 40
0.2
 40
0.2
 40
0.4
 40
0.4
 40
0.4
 40
0.6000000000000001
 40
0.6000000000000001
 40
0.6000000000000001
 40
0.8
 40
0.8
 40
0.8
 40
1.0
 40
1.0
 40
1.0
 40
1.0
 10
12.60598
 20
-5.35242
 30
0.0
 10
12.60598
 20
-5.35242
 30
0.0
 10
12.60951
 20
-5.33478
 30
0.0
 10
12.60951
 20
-5.33478
 30
0.0
 10
12.60951
 20
-5.33478
 30
0.0
 10
12.61657
 20
-5.32067
 30
0.0
 10
12.61657
 20
-5.32067
 30
0.0
 10
12.61657
 20
-5.32067
 30
0.0
 10
12.62715
 20
-5.31009
 30
0.0
 10
12.62715
 20
-5.31009
 30
0.0
 10
12.62715
 20
-5.31009
 30
0.0
 10
12.64479
 20
-5.30303
 30
0.0
 10
12.64479
 20
-5.30303
 30
0.0
 10
12.64479
 20
-5.30303
 30
0.0
 10
12.65537
 20
-5.30303
 30
0.0
 10
12.65537
 20
-5.30303
 30
0.0
  0
SPLINE
  5
D6
330
1F
100
AcDbEntity
  8
Camada 1
 62
   251
370
     9
100
AcDbSpline
210
0.0
220
0.0
230
1.0
 70
    24
 71
     3
 72
     8
 73
     4
 74
     0
 42
0.0000000001
 43
0.0000000001
 40
0.0
 40
0.0
 40
0.0
 40
0.0
 40
1.0
 40
1.0
 40
1.0
 40
1.0
 10
12.60598
 20
-5.46531
 30
0.0
 10
12.60598
 20
-5.46531
 30
0.0
 10
12.60598
 20
-5.35242
 30
0.0
 10
12.60598
 20
-5.35242
 30
0.0
  0
SPLINE
  5
D7
330
1F
100
AcDbEntity
  8
Camada 1
 62
   251
370
     9
100
AcDbSpline
210
0.0
220
0.0
230
1.0
 70
     8
 71
     3
 72
    20
 73
    16
 74
     0
 42
0.0000000001
 43
0.0000000001
 40
0.0
 40
0.0
 40
0.0
 40
0.0
 40
0.2
 40
0.2
 40
0.2
 40
0.4
 40
0.4
 40
0.4
 40
0.6000000000000001
 40
0.6000000000000001
 40
0.6000000000000001
 40
0.8
 40
0.8
 40
0.8
 40
1.0
 40
1.0
 40
1.0
 40
1.0
 10
12.65537
 20
-5.5147
 30
0.0
 10
12.65537
 20
-5.5147
 30
0.0
 10
12.63773
 20
-5.51117
 30
0.0
 10
12.63773
 20
-5.51117
 30
0.0
 10
12.63773
 20
-5.51117
 30
0.0
 10
12.62362
 20
-5.50411
 30
0.0
 10
12.62362
 20
-5.50411
 30
0.0
 10
12.62362
 20
-5.50411
 30
0.0
 10
12.61304
 20
-5.49
 30
0.0
 10
12.61304
 20
-5.49
 30
0.0
 10
12.61304
 20
-5.49
 30
0.0
 10
12.60598
 20
-5.47589
 30
0.0
 10
12.60598
 20
-5.47589
 30
0.0
 10
12.60598
 20
-5.47589
 30
0.0
 10
12.60598
 20
-5.46531
 30
0.0
 10
12.60598
 20
-5.46531
 30
0.0
  0
SPLINE
  5
D8
330
1F
100
AcDbEntity
  8
Camada 1
 62
   251
370
     9
100
AcDbSpline
210
0.0
220
0.0
230
1.0
 70
     8
 71
     3
 72
    20
 73
    16
 74
     0
 42
0.0000000001
 43
0.0000000001
 40
0.0
 40
0.0
 40
0.0
 40
0.0
 40
0.2
 40
0.2
 40
0.2
 40
0.4
 40
0.4
 40
0.4
 40
0.6000000000000001
 40
0.6000000000000001
 40
0.6000000000000001
 40
0.8
 40
0.8
 40
0.8
 40
1.0
 40
1.0
 40
1.0
 40
1.0
 10
12.70476
 20
-5.46884
 30
0.0
 10
12.70476
 20
-5.46884
 30
0.0
 10
12.6977
 20
-5.48648
 30
0.0
 10
12.6977
 20
-5.48648
 30
0.0
 10
12.6977
 20
-5.48648
 30
0.0
 10
12.69065
 20
-5.49706
 30
0.0
 10
12.69065
 20
-5.49706
 30
0.0
 10
12.69065
 20
-5.49706
 30
0.0
 10
12.67654
 20
-5.50764
 30
0.0
 10
12.67654
 20
-5.50764
 30
0.0
 10
12.67654
 20
-5.50764
 30
0.0
 10
12.6589
 20
-5.51117
 30
0.0
 10
12.6589
 20
-5.51117
 30
0.0
 10
12.6589
 20
-5.51117
 30
0.0
 10
12.65537
 20
-5.5147
 30
0.0
 10
12.65537
 20
-5.5147
 30
0.0
  0
SPLINE
  5
D9
330
1F
100
AcDbEntity
  8
Camada 1
 62
   251
370
     9
100
AcDbSpline
210
0.0
220
0.0
230
1.0
 70
    24
 71
     3
 72
     8
 73
     4
 74
     0
 42
0.0000000001
 43
0.0000000001
 40
0.0
 40
0.0
 40
0.0
 40
0.0
 40
1.0
 40
1.0
 40
1.0
 40
1.0
 10
12.74004
 20
-5.47942
 30
0.0
 10
12.74004
 20
-5.47942
 30
0.0
 10
12.70476
 20
-5.46884
 30
0.0
 10
12.70476
 20
-5.46884
 30
0.0
  0
SPLINE
  5
DA
330
1F
100
AcDbEntity
  8
Camada 1
 62
   251
370
     9
100
AcDbSpline
210
0.0
220
0.0
230
1.0
 70
     8
 71
     3
 72
    17
 73
    13
 74
     0
 42
0.0000000001
 43
0.0000000001
 40
0.0
 40
0.0
 40
0.0
 40
0.0
 40
0.25
 40
0.25
 40
0.25
 40
0.5
 40
0.5
 40
0.5
 40
0.75
 40
0.75
 40
0.75
 40
1.0
 40
1.0
 40
1.0
 40
1.0
 10
12.66948
 20
-5.52528
 30
0.0
 10
12.66948
 20
-5.52528
 30
0.0
 10
12.69065
 20
-5.52175
 30
0.0
 10
12.69065
 20
-5.52175
 30
0.0
 10
12.69065
 20
-5.52175
 30
0.0
 10
12.71534
 20
-5.51117
 30
0.0
 10
12.71534
 20
-5.51117
 30
0.0
 10
12.71534
 20
-5.51117
 30
0.0
 10
12.73298
 20
-5.49
 30
0.0
 10
12.73298
 20
-5.49
 30
0.0
 10
12.73298
 20
-5.49
 30
0.0
 10
12.74004
 20
-5.47942
 30
0.0
 10
12.74004
 20
-5.47942
 30
0.0
  0
SPLINE
  5
DB
330
1F
100
AcDbEntity
  8
Camada 1
 62
   251
370
     9
100
AcDbSpline
210
0.0
220
0.0
230
1.0
 70
    24
 71
     3
 72
     8
 73
     4
 74
     0
 42
0.0000000001
 43
0.0000000001
 40
0.0
 40
0.0
 40
0.0
 40
0.0
 40
1.0
 40
1.0
 40
1.0
 40
1.0
 10
12.64126
 20
-5.52528
 30
0.0
 10
12.64126
 20
-5.52528
 30
0.0
 10
12.66948
 20
-5.52528
 30
0.0
 10
12.66948
 20
-5.52528
 30
0.0
  0
SPLINE
  5
DC
330
1F
100
AcDbEntity
  8
Camada 1
 62
   251
370
     9
100
AcDbSpline
210
0.0
220
0.0
230
1.0
 70
     8
 71
     3
 72
    20
 73
    16
 74
     0
 42
0.0000000001
 43
0.0000000001
 40
0.0
 40
0.0
 40
0.0
 40
0.0
 40
0.2
 40
0.2
 40
0.2
 40
0.4
 40
0.4
 40
0.4
 40
0.6000000000000001
 40
0.6000000000000001
 40
0.6000000000000001
 40
0.8
 40
0.8
 40
0.8
 40
1.0
 40
1.0
 40
1.0
 40
1.0
 10
12.56718
 20
-5.45825
 30
0.0
 10
12.56718
 20
-5.45825
 30
0.0
 10
12.5707
 20
-5.47942
 30
0.0
 10
12.5707
 20
-5.47942
 30
0.0
 10
12.5707
 20
-5.47942
 30
0.0
 10
12.58129
 20
-5.49706
 30
0.0
 10
12.58129
 20
-5.49706
 30
0.0
 10
12.58129
 20
-5.49706
 30
0.0
 10
12.5954
 20
-5.51117
 30
0.0
 10
12.5954
 20
-5.51117
 30
0.0
 10
12.5954
 20
-5.51117
 30
0.0
 10
12.61657
 20
-5.52175
 30
0.0
 10
12.61657
 20
-5.52175
 30
0.0
 10
12.61657
 20
-5.52175
 30
0.0
 10
12.64126
 20
-5.52528
 30
0.0
 10
12.64126
 20
-5.52528
 30
0.0
  0
SPLINE
  5
DD
330
1F
100
AcDbEntity
  8
Camada 1
 62
   251
370
     9
100
AcDbSpline
210
0.0
220
0.0
230
1.0
 70
    24
 71
     3
 72
     8
 73
     4
 74
     0
 42
0.0000000001
 43
0.0000000001
 40
0.0
 40
0.0
 40
0.0
 40
0.0
 40
1.0
 40
1.0
 40
1.0
 40
1.0
 10
12.56718
 20
-5.35595
 30
0.0
 10
12.56718
 20
-5.35595
 30
0.0
 10
12.56718
 20
-5.45825
 30
0.0
 10
12.56718
 20
-5.45825
 30
0.0
  0
SPLINE
  5
DE
330
1F
100
AcDbEntity
  8
Camada 1
 62
   251
370
     9
100
AcDbSpline
210
0.0
220
0.0
230
1.0
 70
     8
 71
     3
 72
    20
 73
    16
 74
     0
 42
0.0000000001
 43
0.0000000001
 40
0.0
 40
0.0
 40
0.0
 40
0.0
 40
0.2
 40
0.2
 40
0.2
 40
0.4
 40
0.4
 40
0.4
 40
0.6000000000000001
 40
0.6000000000000001
 40
0.6000000000000001
 40
0.8
 40
0.8
 40
0.8
 40
1.0
 40
1.0
 40
1.0
 40
1.0
 10
12.64126
 20
-5.28892
 30
0.0
 10
12.64126
 20
-5.28892
 30
0.0
 10
12.61657
 20
-5.29245
 30
0.0
 10
12.61657
 20
-5.29245
 30
0.0
 10
12.61657
 20
-5.29245
 30
0.0
 10
12.5954
 20
-5.30303
 30
0.0
 10
12.5954
 20
-5.30303
 30
0.0
 10
12.5954
 20
-5.30303
 30
0.0
 10
12.57776
 20
-5.32067
 30
0.0
 10
12.57776
 20
-5.32067
 30
0.0
 10
12.57776
 20
-5.32067
 30
0.0
 10
12.56718
 20
-5.34184
 30
0.0
 10
12.56718
 20
-5.34184
 30
0.0
 10
12.56718
 20
-5.34184
 30
0.0
 10
12.56718
 20
-5.35595
 30
0.0
 10
12.56718
 20
-5.35595
 30
0.0
  0
SPLINE
  5
DF
330
1F
100
AcDbEntity
  8
Camada 1
 62
   251
370
     9
100
AcDbSpline
210
0.0
220
0.0
230
1.0
 70
    24
 71
     3
 72
     8
 73
     4
 74
     0
 42
0.0000000001
 43
0.0000000001
 40
0.0
 40
0.0
 40
0.0
 40
0.0
 40
1.0
 40
1.0
 40
1.0
 40
1.0
 10
12.66948
 20
-5.28892
 30
0.0
 10
12.66948
 20
-5.28892
 30
0.0
 10
12.64126
 20
-5.28892
 30
0.0
 10
12.64126
 20
-5.28892
 30
0.0
  0
SPLINE
  5
E0
330
1F
100
AcDbEntity
  8
Camada 1
 62
   251
370
     9
100
AcDbSpline
210
0.0
220
0.0
230
1.0
 70
     8
 71
     3
 72
    17
 73
    13
 74
     0
 42
0.0000000001
 43
0.0000000001
 40
0.0
 40
0.0
 40
0.0
 40
0.0
 40
0.25
 40
0.25
 40
0.25
 40
0.5
 40
0.5
 40
0.5
 40
0.75
 40
0.75
 40
0.75
 40
1.0
 40
1.0
 40
1.0
 40
1.0
 10
12.74004
 20
-5.33478
 30
0.0
 10
12.74004
 20
-5.33478
 30
0.0
 10
12.72945
 20
-5.31714
 30
0.0
 10
12.72945
 20
-5.31714
 30
0.0
 10
12.72945
 20
-5.31714
 30
0.0
 10
12.71534
 20
-5.30303
 30
0.0
 10
12.71534
 20
-5.30303
 30
0.0
 10
12.71534
 20
-5.30303
 30
0.0
 10
12.69418
 20
-5.29245
 30
0.0
 10
12.69418
 20
-5.29245
 30
0.0
 10
12.69418
 20
-5.29245
 30
0.0
 10
12.66948
 20
-5.28892
 30
0.0
 10
12.66948
 20
-5.28892
 30
0.0
  0
SPLINE
  5
E1
330
1F
100
AcDbEntity
  8
Camada 1
 62
   251
370
     9
100
AcDbSpline
210
0.0
220
0.0
230
1.0
 70
    24
 71
     3
 72
    11
 73
     7
 74
     0
 42
0.0000000001
 43
0.0000000001
 40
0.0
 40
0.0
 40
0.0
 40
0.0
 40
0.5
 40
0.5
 40
0.5
 40
1.0
 40
1.0
 40
1.0
 40
1.0
 10
13.3327
 20
-5.34889
 30
0.0
 10
13.3327
 20
-5.34889
 30
0.0
 10
13.3327
 20
-5.34889
 30
0.0
 10
13.3327
 20
-5.34889
 30
0.0
 10
13.3327
 20
-5.34889
 30
0.0
 10
13.32918
 20
-5.34889
 30
0.0
 10
13.32918
 20
-5.34889
 30
0.0
  0
SPLINE
  5
E2
330
1F
100
AcDbEntity
  8
Camada 1
 62
   251
370
     9
100
AcDbSpline
210
0.0
220
0.0
230
1.0
 70
    24
 71
     3
 72
     8
 73
     4
 74
     0
 42
0.0000000001
 43
0.0000000001
 40
0.0
 40
0.0
 40
0.0
 40
0.0
 40
1.0
 40
1.0
 40
1.0
 40
1.0
 10
13.3327
 20
-5.38064
 30
0.0
 10
13.3327
 20
-5.38064
 30
0.0
 10
13.32918
 20
-5.37711
 30
0.0
 10
13.32918
 20
-5.37711
 30
0.0
  0
SPLINE
  5
E3
330
1F
100
AcDbEntity
  8
Camada 1
 62
   251
370
     9
100
AcDbSpline
210
0.0
220
0.0
230
1.0
 70
    24
 71
     3
 72
     8
 73
     4
 74
     0
 42
0.0000000001
 43
0.0000000001
 40
0.0
 40
0.0
 40
0.0
 40
0.0
 40
1.0
 40
1.0
 40
1.0
 40
1.0
 10
13.32918
 20
-5.34889
 30
0.0
 10
13.32918
 20
-5.34889
 30
0.0
 10
13.32918
 20
-5.37711
 30
0.0
 10
13.32918
 20
-5.37711
 30
0.0
  0
SPLINE
  5
E4
330
1F
100
AcDbEntity
  8
Camada 1
 62
   251
370
     9
100
AcDbSpline
210
0.0
220
0.0
230
1.0
 70
     8
 71
     3
 72
    11
 73
     7
 74
     0
 42
0.0000000001
 43
0.0000000001
 40
0.0
 40
0.0
 40
0.0
 40
0.0
 40
0.5
 40
0.5
 40
0.5
 40
1.0
 40
1.0
 40
1.0
 40
1.0
 10
12.74004
 20
-5.47942
 30
0.0
 10
12.74004
 20
-5.47942
 30
0.0
 10
12.74004
 20
-5.47589
 30
0.0
 10
12.74004
 20
-5.47589
 30
0.0
 10
12.74004
 20
-5.47589
 30
0.0
 10
12.74357
 20
-5.47589
 30
0.0
 10
12.74357
 20
-5.47589
 30
0.0
  0
SPLINE
  5
E5
330
1F
100
AcDbEntity
  8
Camada 1
 62
   251
370
     9
100
AcDbSpline
210
0.0
220
0.0
230
1.0
 70
    24
 71
     3
 72
     8
 73
     4
 74
     0
 42
0.0000000001
 43
0.0000000001
 40
0.0
 40
0.0
 40
0.0
 40
0.0
 40
1.0
 40
1.0
 40
1.0
 40
1.0
 10
12.70476
 20
-5.46884
 30
0.0
 10
12.70476
 20
-5.46884
 30
0.0
 10
12.70123
 20
-5.46531
 30
0.0
 10
12.70123
 20
-5.46531
 30
0.0
  0
SPLINE
  5
E6
330
1F
100
AcDbEntity
  8
Camada 1
 62
   251
370
     9
100
AcDbSpline
210
0.0
220
0.0
230
1.0
 70
    24
 71
     3
 72
     8
 73
     4
 74
     0
 42
0.0000000001
 43
0.0000000001
 40
0.0
 40
0.0
 40
0.0
 40
0.0
 40
1.0
 40
1.0
 40
1.0
 40
1.0
 10
12.74357
 20
-5.47589
 30
0.0
 10
12.74357
 20
-5.47589
 30
0.0
 10
12.70123
 20
-5.46531
 30
0.0
 10
12.70123
 20
-5.46531
 30
0.0
  0
SPLINE
  5
E7
330
1F
100
AcDbEntity
  8
Camada 1
 62
   251
370
     9
100
AcDbSpline
210
0.0
220
0.0
230
1.0
 70
    24
 71
     3
 72
     8
 73
     4
 74
     0
 42
0.0000000001
 43
0.0000000001
 40
0.0
 40
0.0
 40
0.0
 40
0.0
 40
1.0
 40
1.0
 40
1.0
 40
1.0
 10
12.56718
 20
-5.35595
 30
0.0
 10
12.56718
 20
-5.35595
 30
0.0
 10
12.56365
 20
-5.35595
 30
0.0
 10
12.56365
 20
-5.35595
 30
0.0
  0
SPLINE
  5
E8
330
1F
100
AcDbEntity
  8
Camada 1
 62
   251
370
     9
100
AcDbSpline
210
0.0
220
0.0
230
1.0
 70
    24
 71
     3
 72
     8
 73
     4
 74
     0
 42
0.0000000001
 43
0.0000000001
 40
0.0
 40
0.0
 40
0.0
 40
0.0
 40
1.0
 40
1.0
 40
1.0
 40
1.0
 10
12.56718
 20
-5.45825
 30
0.0
 10
12.56718
 20
-5.45825
 30
0.0
 10
12.56365
 20
-5.45825
 30
0.0
 10
12.56365
 20
-5.45825
 30
0.0
  0
SPLINE
  5
E9
330
1F
100
AcDbEntity
  8
Camada 1
 62
   251
370
     9
100
AcDbSpline
210
0.0
220
0.0
230
1.0
 70
    24
 71
     3
 72
     8
 73
     4
 74
     0
 42
0.0000000001
 43
0.0000000001
 40
0.0
 40
0.0
 40
0.0
 40
0.0
 40
1.0
 40
1.0
 40
1.0
 40
1.0
 10
12.56365
 20
-5.35595
 30
0.0
 10
12.56365
 20
-5.35595
 30
0.0
 10
12.56365
 20
-5.45825
 30
0.0
 10
12.56365
 20
-5.45825
 30
0.0
  0
SPLINE
  5
EA
330
1F
100
AcDbEntity
  8
Camada 1
 62
   251
370
     9
100
AcDbSpline
210
0.0
220
0.0
230
1.0
 70
    24
 71
     3
 72
     8
 73
     4
 74
     0
 42
0.0000000001
 43
0.0000000001
 40
0.0
 40
0.0
 40
0.0
 40
0.0
 40
1.0
 40
1.0
 40
1.0
 40
1.0
 10
12.60598
 20
-5.46531
 30
0.0
 10
12.60598
 20
-5.46531
 30
0.0
 10
12.60951
 20
-5.46531
 30
0.0
 10
12.60951
 20
-5.46531
 30
0.0
  0
SPLINE
  5
EB
330
1F
100
AcDbEntity
  8
Camada 1
 62
   251
370
     9
100
AcDbSpline
210
0.0
220
0.0
230
1.0
 70
    24
 71
     3
 72
     8
 73
     4
 74
     0
 42
0.0000000001
 43
0.0000000001
 40
0.0
 40
0.0
 40
0.0
 40
0.0
 40
1.0
 40
1.0
 40
1.0
 40
1.0
 10
12.60598
 20
-5.35242
 30
0.0
 10
12.60598
 20
-5.35242
 30
0.0
 10
12.60951
 20
-5.35242
 30
0.0
 10
12.60951
 20
-5.35242
 30
0.0
  0
SPLINE
  5
EC
330
1F
100
AcDbEntity
  8
Camada 1
 62
   251
370
     9
100
AcDbSpline
210
0.0
220
0.0
230
1.0
 70
    24
 71
     3
 72
     8
 73
     4
 74
     0
 42
0.0000000001
 43
0.0000000001
 40
0.0
 40
0.0
 40
0.0
 40
0.0
 40
1.0
 40
1.0
 40
1.0
 40
1.0
 10
12.60951
 20
-5.46531
 30
0.0
 10
12.60951
 20
-5.46531
 30
0.0
 10
12.60951
 20
-5.35242
 30
0.0
 10
12.60951
 20
-5.35242
 30
0.0
  0
SPLINE
  5
ED
330
1F
100
AcDbEntity
  8
Camada 1
 62
   251
370
     9
100
AcDbSpline
210
0.0
220
0.0
230
1.0
 70
     8
 71
     3
 72
    20
 73
    16
 74
     0
 42
0.0000000001
 43
0.0000000001
 40
0.0
 40
0.0
 40
0.0
 40
0.0
 40
0.2
 40
0.2
 40
0.2
 40
0.4
 40
0.4
 40
0.4
 40
0.6000000000000001
 40
0.6000000000000001
 40
0.6000000000000001
 40
0.8
 40
0.8
 40
0.8
 40
1.0
 40
1.0
 40
1.0
 40
1.0
 10
12.60951
 20
-5.35242
 30
0.0
 10
12.60951
 20
-5.35242
 30
0.0
 10
12.61304
 20
-5.33478
 30
0.0
 10
12.61304
 20
-5.33478
 30
0.0
 10
12.61304
 20
-5.33478
 30
0.0
 10
12.62009
 20
-5.32067
 30
0.0
 10
12.62009
 20
-5.32067
 30
0.0
 10
12.62009
 20
-5.32067
 30
0.0
 10
12.63068
 20
-5.31361
 30
0.0
 10
12.63068
 20
-5.31361
 30
0.0
 10
12.63068
 20
-5.31361
 30
0.0
 10
12.64479
 20
-5.30656
 30
0.0
 10
12.64479
 20
-5.30656
 30
0.0
 10
12.64479
 20
-5.30656
 30
0.0
 10
12.65537
 20
-5.30656
 30
0.0
 10
12.65537
 20
-5.30656
 30
0.0
  0
SPLINE
  5
EE
330
1F
100
AcDbEntity
  8
Camada 1
 62
   251
370
     9
100
AcDbSpline
210
0.0
220
0.0
230
1.0
 70
    24
 71
     3
 72
     8
 73
     4
 74
     0
 42
0.0000000001
 43
0.0000000001
 40
0.0
 40
0.0
 40
0.0
 40
0.0
 40
1.0
 40
1.0
 40
1.0
 40
1.0
 10
12.65537
 20
-5.5147
 30
0.0
 10
12.65537
 20
-5.5147
 30
0.0
 10
12.65537
 20
-5.51117
 30
0.0
 10
12.65537
 20
-5.51117
 30
0.0
  0
SPLINE
  5
EF
330
1F
100
AcDbEntity
  8
Camada 1
 62
   251
370
     9
100
AcDbSpline
210
0.0
220
0.0
230
1.0
 70
     8
 71
     3
 72
    20
 73
    16
 74
     0
 42
0.0000000001
 43
0.0000000001
 40
0.0
 40
0.0
 40
0.0
 40
0.0
 40
0.2
 40
0.2
 40
0.2
 40
0.4
 40
0.4
 40
0.4
 40
0.6000000000000001
 40
0.6000000000000001
 40
0.6000000000000001
 40
0.8
 40
0.8
 40
0.8
 40
1.0
 40
1.0
 40
1.0
 40
1.0
 10
12.65537
 20
-5.51117
 30
0.0
 10
12.65537
 20
-5.51117
 30
0.0
 10
12.64126
 20
-5.50764
 30
0.0
 10
12.64126
 20
-5.50764
 30
0.0
 10
12.64126
 20
-5.50764
 30
0.0
 10
12.62715
 20
-5.50059
 30
0.0
 10
12.62715
 20
-5.50059
 30
0.0
 10
12.62715
 20
-5.50059
 30
0.0
 10
12.61657
 20
-5.49
 30
0.0
 10
12.61657
 20
-5.49
 30
0.0
 10
12.61657
 20
-5.49
 30
0.0
 10
12.60951
 20
-5.47236
 30
0.0
 10
12.60951
 20
-5.47236
 30
0.0
 10
12.60951
 20
-5.47236
 30
0.0
 10
12.60951
 20
-5.46531
 30
0.0
 10
12.60951
 20
-5.46531
 30
0.0
  0
SPLINE
  5
F0
330
1F
100
AcDbEntity
  8
Camada 1
 62
   251
370
     9
100
AcDbSpline
210
0.0
220
0.0
230
1.0
 70
    24
 71
     3
 72
     8
 73
     4
 74
     0
 42
0.0000000001
 43
0.0000000001
 40
0.0
 40
0.0
 40
0.0
 40
0.0
 40
1.0
 40
1.0
 40
1.0
 40
1.0
 10
13.19512
 20
-5.44414
 30
0.0
 10
13.19512
 20
-5.44414
 30
0.0
 10
13.19159
 20
-5.44414
 30
0.0
 10
13.19159
 20
-5.44414
 30
0.0
  0
SPLINE
  5
F1
330
1F
100
AcDbEntity
  8
Camada 1
 62
   251
370
     9
100
AcDbSpline
210
0.0
220
0.0
230
1.0
 70
    24
 71
     3
 72
     8
 73
     4
 74
     0
 42
0.0000000001
 43
0.0000000001
 40
0.0
 40
0.0
 40
0.0
 40
0.0
 40
1.0
 40
1.0
 40
1.0
 40
1.0
 10
13.19512
 20
-5.45825
 30
0.0
 10
13.19512
 20
-5.45825
 30
0.0
 10
13.19159
 20
-5.45825
 30
0.0
 10
13.19159
 20
-5.45825
 30
0.0
  0
SPLINE
  5
F2
330
1F
100
AcDbEntity
  8
Camada 1
 62
   251
370
     9
100
AcDbSpline
210
0.0
220
0.0
230
1.0
 70
    24
 71
     3
 72
     8
 73
     4
 74
     0
 42
0.0000000001
 43
0.0000000001
 40
0.0
 40
0.0
 40
0.0
 40
0.0
 40
1.0
 40
1.0
 40
1.0
 40
1.0
 10
13.19159
 20
-5.44414
 30
0.0
 10
13.19159
 20
-5.44414
 30
0.0
 10
13.19159
 20
-5.45825
 30
0.0
 10
13.19159
 20
-5.45825
 30
0.0
  0
SPLINE
  5
F3
330
1F
100
AcDbEntity
  8
Camada 1
 62
   251
370
     9
100
AcDbSpline
210
0.0
220
0.0
230
1.0
 70
    24
 71
     3
 72
     8
 73
     4
 74
     0
 42
0.0000000001
 43
0.0000000001
 40
0.0
 40
0.0
 40
0.0
 40
0.0
 40
1.0
 40
1.0
 40
1.0
 40
1.0
 10
13.29743
 20
-5.28892
 30
0.0
 10
13.29743
 20
-5.28892
 30
0.0
 10
13.29743
 20
-5.28539
 30
0.0
 10
13.29743
 20
-5.28539
 30
0.0
  0
SPLINE
  5
F4
330
1F
100
AcDbEntity
  8
Camada 1
 62
   251
370
     9
100
AcDbSpline
210
0.0
220
0.0
230
1.0
 70
     8
 71
     3
 72
    20
 73
    16
 74
     0
 42
0.0000000001
 43
0.0000000001
 40
0.0
 40
0.0
 40
0.0
 40
0.0
 40
0.2
 40
0.2
 40
0.2
 40
0.4
 40
0.4
 40
0.4
 40
0.6000000000000001
 40
0.6000000000000001
 40
0.6000000000000001
 40
0.8
 40
0.8
 40
0.8
 40
1.0
 40
1.0
 40
1.0
 40
1.0
 10
13.37504
 20
-5.35595
 30
0.0
 10
13.37504
 20
-5.35595
 30
0.0
 10
13.37151
 20
-5.33478
 30
0.0
 10
13.37151
 20
-5.33478
 30
0.0
 10
13.37151
 20
-5.33478
 30
0.0
 10
13.36093
 20
-5.31361
 30
0.0
 10
13.36093
 20
-5.31361
 30
0.0
 10
13.36093
 20
-5.31361
 30
0.0
 10
13.34329
 20
-5.2995
 30
0.0
 10
13.34329
 20
-5.2995
 30
0.0
 10
13.34329
 20
-5.2995
 30
0.0
 10
13.32212
 20
-5.28892
 30
0.0
 10
13.32212
 20
-5.28892
 30
0.0
 10
13.32212
 20
-5.28892
 30
0.0
 10
13.29743
 20
-5.28539
 30
0.0
 10
13.29743
 20
-5.28539
 30
0.0
  0
SPLINE
  5
F5
330
1F
100
AcDbEntity
  8
Camada 1
 62
   251
370
     9
100
AcDbSpline
210
0.0
220
0.0
230
1.0
 70
    24
 71
     3
 72
     8
 73
     4
 74
     0
 42
0.0000000001
 43
0.0000000001
 40
0.0
 40
0.0
 40
0.0
 40
0.0
 40
1.0
 40
1.0
 40
1.0
 40
1.0
 10
13.2692
 20
-5.28892
 30
0.0
 10
13.2692
 20
-5.28892
 30
0.0
 10
13.2692
 20
-5.28539
 30
0.0
 10
13.2692
 20
-5.28539
 30
0.0
  0
SPLINE
  5
F6
330
1F
100
AcDbEntity
  8
Camada 1
 62
   251
370
     9
100
AcDbSpline
210
0.0
220
0.0
230
1.0
 70
    24
 71
     3
 72
     8
 73
     4
 74
     0
 42
0.0000000001
 43
0.0000000001
 40
0.0
 40
0.0
 40
0.0
 40
0.0
 40
1.0
 40
1.0
 40
1.0
 40
1.0
 10
13.29743
 20
-5.28539
 30
0.0
 10
13.29743
 20
-5.28539
 30
0.0
 10
13.2692
 20
-5.28539
 30
0.0
 10
13.2692
 20
-5.28539
 30
0.0
  0
SPLINE
  5
F7
330
1F
100
AcDbEntity
  8
Camada 1
 62
   251
370
     9
100
AcDbSpline
210
0.0
220
0.0
230
1.0
 70
     8
 71
     3
 72
    14
 73
    10
 74
     0
 42
0.0000000001
 43
0.0000000001
 40
0.0
 40
0.0
 40
0.0
 40
0.0
 40
0.3333333333333333
 40
0.3333333333333333
 40
0.3333333333333333
 40
0.6666666666666666
 40
0.6666666666666666
 40
0.6666666666666666
 40
1.0
 40
1.0
 40
1.0
 40
1.0
 10
13.2692
 20
-5.28539
 30
0.0
 10
13.2692
 20
-5.28539
 30
0.0
 10
13.24451
 20
-5.28892
 30
0.0
 10
13.24451
 20
-5.28892
 30
0.0
 10
13.24451
 20
-5.28892
 30
0.0
 10
13.21982
 20
-5.2995
 30
0.0
 10
13.21982
 20
-5.2995
 30
0.0
 10
13.21982
 20
-5.2995
 30
0.0
 10
13.20923
 20
-5.31009
 30
0.0
 10
13.20923
 20
-5.31009
 30
0.0
  0
SPLINE
  5
F8
330
1F
100
AcDbEntity
  8
Camada 1
 62
   251
370
     9
100
AcDbSpline
210
0.0
220
0.0
230
1.0
 70
     8
 71
     3
 72
    11
 73
     7
 74
     0
 42
0.0000000001
 43
0.0000000001
 40
0.0
 40
0.0
 40
0.0
 40
0.0
 40
0.5
 40
0.5
 40
0.5
 40
1.0
 40
1.0
 40
1.0
 40
1.0
 10
13.3327
 20
-5.51822
 30
0.0
 10
13.3327
 20
-5.51822
 30
0.0
 10
13.3327
 20
-5.52175
 30
0.0
 10
13.3327
 20
-5.52175
 30
0.0
 10
13.3327
 20
-5.52175
 30
0.0
 10
13.32918
 20
-5.52175
 30
0.0
 10
13.32918
 20
-5.52175
 30
0.0
  0
SPLINE
  5
F9
330
1F
100
AcDbEntity
  8
Camada 1
 62
   251
370
     9
100
AcDbSpline
210
0.0
220
0.0
230
1.0
 70
    24
 71
     3
 72
     8
 73
     4
 74
     0
 42
0.0000000001
 43
0.0000000001
 40
0.0
 40
0.0
 40
0.0
 40
0.0
 40
1.0
 40
1.0
 40
1.0
 40
1.0
 10
13.32918
 20
-5.52175
 30
0.0
 10
13.32918
 20
-5.52175
 30
0.0
 10
13.32918
 20
-5.52881
 30
0.0
 10
13.32918
 20
-5.52881
 30
0.0
  0
SPLINE
  5
FA
330
1F
100
AcDbEntity
  8
Camada 1
 62
   251
370
     9
100
AcDbSpline
210
0.0
220
0.0
230
1.0
 70
    24
 71
     3
 72
     8
 73
     4
 74
     0
 42
0.0000000001
 43
0.0000000001
 40
0.0
 40
0.0
 40
0.0
 40
0.0
 40
1.0
 40
1.0
 40
1.0
 40
1.0
 10
13.2692
 20
-5.38064
 30
0.0
 10
13.2692
 20
-5.38064
 30
0.0
 10
13.2692
 20
-5.37711
 30
0.0
 10
13.2692
 20
-5.37711
 30
0.0
  0
SPLINE
  5
FB
330
1F
100
AcDbEntity
  8
Camada 1
 62
   251
370
     9
100
AcDbSpline
210
0.0
220
0.0
230
1.0
 70
     8
 71
     3
 72
    20
 73
    16
 74
     0
 42
0.0000000001
 43
0.0000000001
 40
0.0
 40
0.0
 40
0.0
 40
0.0
 40
0.2
 40
0.2
 40
0.2
 40
0.4
 40
0.4
 40
0.4
 40
0.6000000000000001
 40
0.6000000000000001
 40
0.6000000000000001
 40
0.8
 40
0.8
 40
0.8
 40
1.0
 40
1.0
 40
1.0
 40
1.0
 10
13.2692
 20
-5.37711
 30
0.0
 10
13.2692
 20
-5.37711
 30
0.0
 10
13.24451
 20
-5.38064
 30
0.0
 10
13.24451
 20
-5.38064
 30
0.0
 10
13.24451
 20
-5.38064
 30
0.0
 10
13.21982
 20
-5.39475
 30
0.0
 10
13.21982
 20
-5.39475
 30
0.0
 10
13.21982
 20
-5.39475
 30
0.0
 10
13.20218
 20
-5.40886
 30
0.0
 10
13.20218
 20
-5.40886
 30
0.0
 10
13.20218
 20
-5.40886
 30
0.0
 10
13.19512
 20
-5.4265
 30
0.0
 10
13.19512
 20
-5.4265
 30
0.0
 10
13.19512
 20
-5.4265
 30
0.0
 10
13.19159
 20
-5.44414
 30
0.0
 10
13.19159
 20
-5.44414
 30
0.0
  0
SPLINE
  5
FC
330
1F
100
AcDbEntity
  8
Camada 1
 62
   251
370
     9
100
AcDbSpline
210
0.0
220
0.0
230
1.0
 70
     8
 71
     3
 72
    20
 73
    16
 74
     0
 42
0.0000000001
 43
0.0000000001
 40
0.0
 40
0.0
 40
0.0
 40
0.0
 40
0.2
 40
0.2
 40
0.2
 40
0.4
 40
0.4
 40
0.4
 40
0.6000000000000001
 40
0.6000000000000001
 40
0.6000000000000001
 40
0.8
 40
0.8
 40
0.8
 40
1.0
 40
1.0
 40
1.0
 40
1.0
 10
13.28332
 20
-5.30656
 30
0.0
 10
13.28332
 20
-5.30656
 30
0.0
 10
13.29743
 20
-5.30656
 30
0.0
 10
13.29743
 20
-5.30656
 30
0.0
 10
13.29743
 20
-5.30656
 30
0.0
 10
13.31154
 20
-5.31361
 30
0.0
 10
13.31154
 20
-5.31361
 30
0.0
 10
13.31154
 20
-5.31361
 30
0.0
 10
13.32212
 20
-5.32773
 30
0.0
 10
13.32212
 20
-5.32773
 30
0.0
 10
13.32212
 20
-5.32773
 30
0.0
 10
13.32918
 20
-5.34184
 30
0.0
 10
13.32918
 20
-5.34184
 30
0.0
 10
13.32918
 20
-5.34184
 30
0.0
 10
13.32918
 20
-5.34889
 30
0.0
 10
13.32918
 20
-5.34889
 30
0.0
  0
SPLINE
  5
FD
330
1F
100
AcDbEntity
  8
Camada 1
 62
   251
370
     9
100
AcDbSpline
210
0.0
220
0.0
230
1.0
 70
    24
 71
     3
 72
     8
 73
     4
 74
     0
 42
0.0000000001
 43
0.0000000001
 40
0.0
 40
0.0
 40
0.0
 40
0.0
 40
1.0
 40
1.0
 40
1.0
 40
1.0
 10
13.28332
 20
-5.5147
 30
0.0
 10
13.28332
 20
-5.5147
 30
0.0
 10
13.28332
 20
-5.51117
 30
0.0
 10
13.28332
 20
-5.51117
 30
0.0
  0
SPLINE
  5
FE
330
1F
100
AcDbEntity
  8
Camada 1
 62
   251
370
     9
100
AcDbSpline
210
0.0
220
0.0
230
1.0
 70
    24
 71
     3
 72
     8
 73
     4
 74
     0
 42
0.0000000001
 43
0.0000000001
 40
0.0
 40
0.0
 40
0.0
 40
0.0
 40
1.0
 40
1.0
 40
1.0
 40
1.0
 10
13.23393
 20
-5.46531
 30
0.0
 10
13.23393
 20
-5.46531
 30
0.0
 10
13.23745
 20
-5.46531
 30
0.0
 10
13.23745
 20
-5.46531
 30
0.0
  0
SPLINE
  5
FF
330
1F
100
AcDbEntity
  8
Camada 1
 62
   251
370
     9
100
AcDbSpline
210
0.0
220
0.0
230
1.0
 70
     8
 71
     3
 72
    20
 73
    16
 74
     0
 42
0.0000000001
 43
0.0000000001
 40
0.0
 40
0.0
 40
0.0
 40
0.0
 40
0.2
 40
0.2
 40
0.2
 40
0.4
 40
0.4
 40
0.4
 40
0.6000000000000001
 40
0.6000000000000001
 40
0.6000000000000001
 40
0.8
 40
0.8
 40
0.8
 40
1.0
 40
1.0
 40
1.0
 40
1.0
 10
13.23745
 20
-5.46531
 30
0.0
 10
13.23745
 20
-5.46531
 30
0.0
 10
13.24098
 20
-5.47942
 30
0.0
 10
13.24098
 20
-5.47942
 30
0.0
 10
13.24098
 20
-5.47942
 30
0.0
 10
13.24804
 20
-5.49353
 30
0.0
 10
13.24804
 20
-5.49353
 30
0.0
 10
13.24804
 20
-5.49353
 30
0.0
 10
13.25862
 20
-5.50411
 30
0.0
 10
13.25862
 20
-5.50411
 30
0.0
 10
13.25862
 20
-5.50411
 30
0.0
 10
13.27273
 20
-5.50764
 30
0.0
 10
13.27273
 20
-5.50764
 30
0.0
 10
13.27273
 20
-5.50764
 30
0.0
 10
13.28332
 20
-5.51117
 30
0.0
 10
13.28332
 20
-5.51117
 30
0.0
  0
SPLINE
  5
100
330
1F
100
AcDbEntity
  8
Camada 1
 62
   251
370
     9
100
AcDbSpline
210
0.0
220
0.0
230
1.0
 70
    24
 71
     3
 72
    11
 73
     7
 74
     0
 42
0.0000000001
 43
0.0000000001
 40
0.0
 40
0.0
 40
0.0
 40
0.0
 40
0.5
 40
0.5
 40
0.5
 40
1.0
 40
1.0
 40
1.0
 40
1.0
 10
13.3327
 20
-5.46884
 30
0.0
 10
13.3327
 20
-5.46884
 30
0.0
 10
13.3327
 20
-5.46884
 30
0.0
 10
13.3327
 20
-5.46884
 30
0.0
 10
13.3327
 20
-5.46884
 30
0.0
 10
13.32918
 20
-5.46884
 30
0.0
 10
13.32918
 20
-5.46884
 30
0.0
  0
SPLINE
  5
101
330
1F
100
AcDbEntity
  8
Camada 1
 62
   251
370
     9
100
AcDbSpline
210
0.0
220
0.0
230
1.0
 70
     8
 71
     3
 72
    20
 73
    16
 74
     0
 42
0.0000000001
 43
0.0000000001
 40
0.0
 40
0.0
 40
0.0
 40
0.0
 40
0.2
 40
0.2
 40
0.2
 40
0.4
 40
0.4
 40
0.4
 40
0.6000000000000001
 40
0.6000000000000001
 40
0.6000000000000001
 40
0.8
 40
0.8
 40
0.8
 40
1.0
 40
1.0
 40
1.0
 40
1.0
 10
13.28332
 20
-5.51117
 30
0.0
 10
13.28332
 20
-5.51117
 30
0.0
 10
13.29743
 20
-5.50764
 30
0.0
 10
13.29743
 20
-5.50764
 30
0.0
 10
13.29743
 20
-5.50764
 30
0.0
 10
13.31154
 20
-5.50059
 30
0.0
 10
13.31154
 20
-5.50059
 30
0.0
 10
13.31154
 20
-5.50059
 30
0.0
 10
13.32212
 20
-5.49
 30
0.0
 10
13.32212
 20
-5.49
 30
0.0
 10
13.32212
 20
-5.49
 30
0.0
 10
13.32918
 20
-5.47236
 30
0.0
 10
13.32918
 20
-5.47236
 30
0.0
 10
13.32918
 20
-5.47236
 30
0.0
 10
13.32918
 20
-5.46884
 30
0.0
 10
13.32918
 20
-5.46884
 30
0.0
  0
SPLINE
  5
102
330
1F
100
AcDbEntity
  8
Camada 1
 62
   251
370
     9
100
AcDbSpline
210
0.0
220
0.0
230
1.0
 70
    24
 71
     3
 72
     8
 73
     4
 74
     0
 42
0.0000000001
 43
0.0000000001
 40
0.0
 40
0.0
 40
0.0
 40
0.0
 40
1.0
 40
1.0
 40
1.0
 40
1.0
 10
13.3327
 20
-5.39475
 30
0.0
 10
13.3327
 20
-5.39475
 30
0.0
 10
13.32918
 20
-5.39828
 30
0.0
 10
13.32918
 20
-5.39828
 30
0.0
  0
SPLINE
  5
103
330
1F
100
AcDbEntity
  8
Camada 1
 62
   251
370
     9
100
AcDbSpline
210
0.0
220
0.0
230
1.0
 70
    24
 71
     3
 72
     8
 73
     4
 74
     0
 42
0.0000000001
 43
0.0000000001
 40
0.0
 40
0.0
 40
0.0
 40
0.0
 40
1.0
 40
1.0
 40
1.0
 40
1.0
 10
13.32918
 20
-5.46884
 30
0.0
 10
13.32918
 20
-5.46884
 30
0.0
 10
13.32918
 20
-5.39828
 30
0.0
 10
13.32918
 20
-5.39828
 30
0.0
  0
SPLINE
  5
104
330
1F
100
AcDbEntity
  8
Camada 1
 62
   251
370
     9
100
AcDbSpline
210
0.0
220
0.0
230
1.0
 70
    24
 71
     3
 72
     8
 73
     4
 74
     0
 42
0.0000000001
 43
0.0000000001
 40
0.0
 40
0.0
 40
0.0
 40
0.0
 40
1.0
 40
1.0
 40
1.0
 40
1.0
 10
13.28332
 20
-5.39475
 30
0.0
 10
13.28332
 20
-5.39475
 30
0.0
 10
13.28332
 20
-5.39828
 30
0.0
 10
13.28332
 20
-5.39828
 30
0.0
  0
SPLINE
  5
105
330
1F
100
AcDbEntity
  8
Camada 1
 62
   251
370
     9
100
AcDbSpline
210
0.0
220
0.0
230
1.0
 70
    24
 71
     3
 72
     8
 73
     4
 74
     0
 42
0.0000000001
 43
0.0000000001
 40
0.0
 40
0.0
 40
0.0
 40
0.0
 40
1.0
 40
1.0
 40
1.0
 40
1.0
 10
13.32918
 20
-5.39828
 30
0.0
 10
13.32918
 20
-5.39828
 30
0.0
 10
13.28332
 20
-5.39828
 30
0.0
 10
13.28332
 20
-5.39828
 30
0.0
  0
SPLINE
  5
106
330
1F
100
AcDbEntity
  8
Camada 1
 62
   251
370
     9
100
AcDbSpline
210
0.0
220
0.0
230
1.0
 70
    24
 71
     3
 72
     8
 73
     4
 74
     0
 42
0.0000000001
 43
0.0000000001
 40
0.0
 40
0.0
 40
0.0
 40
0.0
 40
1.0
 40
1.0
 40
1.0
 40
1.0
 10
13.23393
 20
-5.44414
 30
0.0
 10
13.23393
 20
-5.44414
 30
0.0
 10
13.23745
 20
-5.44414
 30
0.0
 10
13.23745
 20
-5.44414
 30
0.0
  0
SPLINE
  5
107
330
1F
100
AcDbEntity
  8
Camada 1
 62
   251
370
     9
100
AcDbSpline
210
0.0
220
0.0
230
1.0
 70
     8
 71
     3
 72
    20
 73
    16
 74
     0
 42
0.0000000001
 43
0.0000000001
 40
0.0
 40
0.0
 40
0.0
 40
0.0
 40
0.2
 40
0.2
 40
0.2
 40
0.4
 40
0.4
 40
0.4
 40
0.6000000000000001
 40
0.6000000000000001
 40
0.6000000000000001
 40
0.8
 40
0.8
 40
0.8
 40
1.0
 40
1.0
 40
1.0
 40
1.0
 10
13.28332
 20
-5.39828
 30
0.0
 10
13.28332
 20
-5.39828
 30
0.0
 10
13.2692
 20
-5.40181
 30
0.0
 10
13.2692
 20
-5.40181
 30
0.0
 10
13.2692
 20
-5.40181
 30
0.0
 10
13.25509
 20
-5.40886
 30
0.0
 10
13.25509
 20
-5.40886
 30
0.0
 10
13.25509
 20
-5.40886
 30
0.0
 10
13.24451
 20
-5.41945
 30
0.0
 10
13.24451
 20
-5.41945
 30
0.0
 10
13.24451
 20
-5.41945
 30
0.0
 10
13.23745
 20
-5.43356
 30
0.0
 10
13.23745
 20
-5.43356
 30
0.0
 10
13.23745
 20
-5.43356
 30
0.0
 10
13.23745
 20
-5.44414
 30
0.0
 10
13.23745
 20
-5.44414
 30
0.0
  0
SPLINE
  5
108
330
1F
100
AcDbEntity
  8
Camada 1
 62
   251
370
     9
100
AcDbSpline
210
0.0
220
0.0
230
1.0
 70
    24
 71
     3
 72
     8
 73
     4
 74
     0
 42
0.0000000001
 43
0.0000000001
 40
0.0
 40
0.0
 40
0.0
 40
0.0
 40
1.0
 40
1.0
 40
1.0
 40
1.0
 10
13.23745
 20
-5.44414
 30
0.0
 10
13.23745
 20
-5.44414
 30
0.0
 10
13.23745
 20
-5.46531
 30
0.0
 10
13.23745
 20
-5.46531
 30
0.0
  0
SPLINE
  5
109
330
1F
100
AcDbEntity
  8
Camada 1
 62
   251
370
     9
100
AcDbSpline
210
0.0
220
0.0
230
1.0
 70
     8
 71
     3
 72
    11
 73
     7
 74
     0
 42
0.0000000001
 43
0.0000000001
 40
0.0
 40
0.0
 40
0.0
 40
0.0
 40
0.5
 40
0.5
 40
0.5
 40
1.0
 40
1.0
 40
1.0
 40
1.0
 10
12.49309
 20
-5.28539
 30
0.0
 10
12.49309
 20
-5.28539
 30
0.0
 10
12.49309
 20
-5.28892
 30
0.0
 10
12.49309
 20
-5.28892
 30
0.0
 10
12.49309
 20
-5.28892
 30
0.0
 10
12.48957
 20
-5.28892
 30
0.0
 10
12.48957
 20
-5.28892
 30
0.0
  0
SPLINE
  5
10A
330
1F
100
AcDbEntity
  8
Camada 1
 62
   251
370
     9
100
AcDbSpline
210
0.0
220
0.0
230
1.0
 70
    24
 71
     3
 72
     8
 73
     4
 74
     0
 42
0.0000000001
 43
0.0000000001
 40
0.0
 40
0.0
 40
0.0
 40
0.0
 40
1.0
 40
1.0
 40
1.0
 40
1.0
 10
12.49309
 20
-5.28539
 30
0.0
 10
12.49309
 20
-5.28539
 30
0.0
 10
12.52837
 20
-5.27481
 30
0.0
 10
12.52837
 20
-5.27481
 30
0.0
  0
SPLINE
  5
10B
330
1F
100
AcDbEntity
  8
Camada 1
 62
   251
370
     9
100
AcDbSpline
210
0.0
220
0.0
230
1.0
 70
    24
 71
     3
 72
     8
 73
     4
 74
     0
 42
0.0000000001
 43
0.0000000001
 40
0.0
 40
0.0
 40
0.0
 40
0.0
 40
1.0
 40
1.0
 40
1.0
 40
1.0
 10
12.52837
 20
-5.27481
 30
0.0
 10
12.52837
 20
-5.27481
 30
0.0
 10
12.5319
 20
-5.27834
 30
0.0
 10
12.5319
 20
-5.27834
 30
0.0
  0
SPLINE
  5
10C
330
1F
100
AcDbEntity
  8
Camada 1
 62
   251
370
     9
100
AcDbSpline
210
0.0
220
0.0
230
1.0
 70
    24
 71
     3
 72
     8
 73
     4
 74
     0
 42
0.0000000001
 43
0.0000000001
 40
0.0
 40
0.0
 40
0.0
 40
0.0
 40
1.0
 40
1.0
 40
1.0
 40
1.0
 10
12.48957
 20
-5.28892
 30
0.0
 10
12.48957
 20
-5.28892
 30
0.0
 10
12.5319
 20
-5.27834
 30
0.0
 10
12.5319
 20
-5.27834
 30
0.0
  0
SPLINE
  5
10D
330
1F
100
AcDbEntity
  8
Camada 1
 62
   251
370
     9
100
AcDbSpline
210
0.0
220
0.0
230
1.0
 70
    24
 71
     3
 72
     8
 73
     4
 74
     0
 42
0.0000000001
 43
0.0000000001
 40
0.0
 40
0.0
 40
0.0
 40
0.0
 40
1.0
 40
1.0
 40
1.0
 40
1.0
 10
12.98698
 20
-5.28892
 30
0.0
 10
12.98698
 20
-5.28892
 30
0.0
 10
12.98345
 20
-5.28539
 30
0.0
 10
12.98345
 20
-5.28539
 30
0.0
  0
SPLINE
  5
10E
330
1F
100
AcDbEntity
  8
Camada 1
 62
   251
370
     9
100
AcDbSpline
210
0.0
220
0.0
230
1.0
 70
    24
 71
     3
 72
     8
 73
     4
 74
     0
 42
0.0000000001
 43
0.0000000001
 40
0.0
 40
0.0
 40
0.0
 40
0.0
 40
1.0
 40
1.0
 40
1.0
 40
1.0
 10
12.98698
 20
-5.52528
 30
0.0
 10
12.98698
 20
-5.52528
 30
0.0
 10
12.98345
 20
-5.52881
 30
0.0
 10
12.98345
 20
-5.52881
 30
0.0
  0
SPLINE
  5
10F
330
1F
100
AcDbEntity
  8
Camada 1
 62
   251
370
     9
100
AcDbSpline
210
0.0
220
0.0
230
1.0
 70
    24
 71
     3
 72
     8
 73
     4
 74
     0
 42
0.0000000001
 43
0.0000000001
 40
0.0
 40
0.0
 40
0.0
 40
0.0
 40
1.0
 40
1.0
 40
1.0
 40
1.0
 10
12.98345
 20
-5.28539
 30
0.0
 10
12.98345
 20
-5.28539
 30
0.0
 10
12.98345
 20
-5.52881
 30
0.0
 10
12.98345
 20
-5.52881
 30
0.0
  0
SPLINE
  5
110
330
1F
100
AcDbEntity
  8
Camada 1
 62
   251
370
     9
100
AcDbSpline
210
0.0
220
0.0
230
1.0
 70
    24
 71
     3
 72
     8
 73
     4
 74
     0
 42
0.0000000001
 43
0.0000000001
 40
0.0
 40
0.0
 40
0.0
 40
0.0
 40
1.0
 40
1.0
 40
1.0
 40
1.0
 10
13.02579
 20
-5.52528
 30
0.0
 10
13.02579
 20
-5.52528
 30
0.0
 10
13.02932
 20
-5.52881
 30
0.0
 10
13.02932
 20
-5.52881
 30
0.0
  0
SPLINE
  5
111
330
1F
100
AcDbEntity
  8
Camada 1
 62
   251
370
     9
100
AcDbSpline
210
0.0
220
0.0
230
1.0
 70
    24
 71
     3
 72
     8
 73
     4
 74
     0
 42
0.0000000001
 43
0.0000000001
 40
0.0
 40
0.0
 40
0.0
 40
0.0
 40
1.0
 40
1.0
 40
1.0
 40
1.0
 10
12.98345
 20
-5.52881
 30
0.0
 10
12.98345
 20
-5.52881
 30
0.0
 10
13.02932
 20
-5.52881
 30
0.0
 10
13.02932
 20
-5.52881
 30
0.0
  0
SPLINE
  5
112
330
1F
100
AcDbEntity
  8
Camada 1
 62
   251
370
     9
100
AcDbSpline
210
0.0
220
0.0
230
1.0
 70
    24
 71
     3
 72
     8
 73
     4
 74
     0
 42
0.0000000001
 43
0.0000000001
 40
0.0
 40
0.0
 40
0.0
 40
0.0
 40
1.0
 40
1.0
 40
1.0
 40
1.0
 10
13.02579
 20
-5.35242
 30
0.0
 10
13.02579
 20
-5.35242
 30
0.0
 10
13.02932
 20
-5.35242
 30
0.0
 10
13.02932
 20
-5.35242
 30
0.0
  0
SPLINE
  5
113
330
1F
100
AcDbEntity
  8
Camada 1
 62
   251
370
     9
100
AcDbSpline
210
0.0
220
0.0
230
1.0
 70
    24
 71
     3
 72
     8
 73
     4
 74
     0
 42
0.0000000001
 43
0.0000000001
 40
0.0
 40
0.0
 40
0.0
 40
0.0
 40
1.0
 40
1.0
 40
1.0
 40
1.0
 10
13.02932
 20
-5.52881
 30
0.0
 10
13.02932
 20
-5.52881
 30
0.0
 10
13.02932
 20
-5.35242
 30
0.0
 10
13.02932
 20
-5.35242
 30
0.0
  0
SPLINE
  5
114
330
1F
100
AcDbEntity
  8
Camada 1
 62
   251
370
     9
100
AcDbSpline
210
0.0
220
0.0
230
1.0
 70
    24
 71
     3
 72
     8
 73
     4
 74
     0
 42
0.0000000001
 43
0.0000000001
 40
0.0
 40
0.0
 40
0.0
 40
0.0
 40
1.0
 40
1.0
 40
1.0
 40
1.0
 10
13.07518
 20
-5.30303
 30
0.0
 10
13.07518
 20
-5.30303
 30
0.0
 10
13.07518
 20
-5.30656
 30
0.0
 10
13.07518
 20
-5.30656
 30
0.0
  0
SPLINE
  5
115
330
1F
100
AcDbEntity
  8
Camada 1
 62
   251
370
     9
100
AcDbSpline
210
0.0
220
0.0
230
1.0
 70
     8
 71
     3
 72
    20
 73
    16
 74
     0
 42
0.0000000001
 43
0.0000000001
 40
0.0
 40
0.0
 40
0.0
 40
0.0
 40
0.2
 40
0.2
 40
0.2
 40
0.4
 40
0.4
 40
0.4
 40
0.6000000000000001
 40
0.6000000000000001
 40
0.6000000000000001
 40
0.8
 40
0.8
 40
0.8
 40
1.0
 40
1.0
 40
1.0
 40
1.0
 10
13.02932
 20
-5.35242
 30
0.0
 10
13.02932
 20
-5.35242
 30
0.0
 10
13.02932
 20
-5.33478
 30
0.0
 10
13.02932
 20
-5.33478
 30
0.0
 10
13.02932
 20
-5.33478
 30
0.0
 10
13.03637
 20
-5.3242
 30
0.0
 10
13.03637
 20
-5.3242
 30
0.0
 10
13.03637
 20
-5.3242
 30
0.0
 10
13.05048
 20
-5.31361
 30
0.0
 10
13.05048
 20
-5.31361
 30
0.0
 10
13.05048
 20
-5.31361
 30
0.0
 10
13.06459
 20
-5.30656
 30
0.0
 10
13.06459
 20
-5.30656
 30
0.0
 10
13.06459
 20
-5.30656
 30
0.0
 10
13.07518
 20
-5.30656
 30
0.0
 10
13.07518
 20
-5.30656
 30
0.0
  0
SPLINE
  5
116
330
1F
100
AcDbEntity
  8
Camada 1
 62
   251
370
     9
100
AcDbSpline
210
0.0
220
0.0
230
1.0
 70
    24
 71
     3
 72
     8
 73
     4
 74
     0
 42
0.0000000001
 43
0.0000000001
 40
0.0
 40
0.0
 40
0.0
 40
0.0
 40
1.0
 40
1.0
 40
1.0
 40
1.0
 10
13.12457
 20
-5.35242
 30
0.0
 10
13.12457
 20
-5.35242
 30
0.0
 10
13.12104
 20
-5.35242
 30
0.0
 10
13.12104
 20
-5.35242
 30
0.0
  0
SPLINE
  5
117
330
1F
100
AcDbEntity
  8
Camada 1
 62
   251
370
     9
100
AcDbSpline
210
0.0
220
0.0
230
1.0
 70
     8
 71
     3
 72
    20
 73
    16
 74
     0
 42
0.0000000001
 43
0.0000000001
 40
0.0
 40
0.0
 40
0.0
 40
0.0
 40
0.2
 40
0.2
 40
0.2
 40
0.4
 40
0.4
 40
0.4
 40
0.6000000000000001
 40
0.6000000000000001
 40
0.6000000000000001
 40
0.8
 40
0.8
 40
0.8
 40
1.0
 40
1.0
 40
1.0
 40
1.0
 10
13.07518
 20
-5.30656
 30
0.0
 10
13.07518
 20
-5.30656
 30
0.0
 10
13.08929
 20
-5.30656
 30
0.0
 10
13.08929
 20
-5.30656
 30
0.0
 10
13.08929
 20
-5.30656
 30
0.0
 10
13.1034
 20
-5.31361
 30
0.0
 10
13.1034
 20
-5.31361
 30
0.0
 10
13.1034
 20
-5.31361
 30
0.0
 10
13.11398
 20
-5.32773
 30
0.0
 10
13.11398
 20
-5.32773
 30
0.0
 10
13.11398
 20
-5.32773
 30
0.0
 10
13.11751
 20
-5.34184
 30
0.0
 10
13.11751
 20
-5.34184
 30
0.0
 10
13.11751
 20
-5.34184
 30
0.0
 10
13.12104
 20
-5.35242
 30
0.0
 10
13.12104
 20
-5.35242
 30
0.0
  0
SPLINE
  5
118
330
1F
100
AcDbEntity
  8
Camada 1
 62
   251
370
     9
100
AcDbSpline
210
0.0
220
0.0
230
1.0
 70
    24
 71
     3
 72
     8
 73
     4
 74
     0
 42
0.0000000001
 43
0.0000000001
 40
0.0
 40
0.0
 40
0.0
 40
0.0
 40
1.0
 40
1.0
 40
1.0
 40
1.0
 10
13.12457
 20
-5.52528
 30
0.0
 10
13.12457
 20
-5.52528
 30
0.0
 10
13.12104
 20
-5.52881
 30
0.0
 10
13.12104
 20
-5.52881
 30
0.0
  0
SPLINE
  5
119
330
1F
100
AcDbEntity
  8
Camada 1
 62
   251
370
     9
100
AcDbSpline
210
0.0
220
0.0
230
1.0
 70
    24
 71
     3
 72
     8
 73
     4
 74
     0
 42
0.0000000001
 43
0.0000000001
 40
0.0
 40
0.0
 40
0.0
 40
0.0
 40
1.0
 40
1.0
 40
1.0
 40
1.0
 10
13.12104
 20
-5.35242
 30
0.0
 10
13.12104
 20
-5.35242
 30
0.0
 10
13.12104
 20
-5.52881
 30
0.0
 10
13.12104
 20
-5.52881
 30
0.0
  0
SPLINE
  5
11A
330
1F
100
AcDbEntity
  8
Camada 1
 62
   251
370
     9
100
AcDbSpline
210
0.0
220
0.0
230
1.0
 70
    24
 71
     3
 72
     8
 73
     4
 74
     0
 42
0.0000000001
 43
0.0000000001
 40
0.0
 40
0.0
 40
0.0
 40
0.0
 40
1.0
 40
1.0
 40
1.0
 40
1.0
 10
13.15984
 20
-5.52528
 30
0.0
 10
13.15984
 20
-5.52528
 30
0.0
 10
13.16337
 20
-5.52881
 30
0.0
 10
13.16337
 20
-5.52881
 30
0.0
  0
SPLINE
  5
11B
330
1F
100
AcDbEntity
  8
Camada 1
 62
   251
370
     9
100
AcDbSpline
210
0.0
220
0.0
230
1.0
 70
    24
 71
     3
 72
     8
 73
     4
 74
     0
 42
0.0000000001
 43
0.0000000001
 40
0.0
 40
0.0
 40
0.0
 40
0.0
 40
1.0
 40
1.0
 40
1.0
 40
1.0
 10
13.12104
 20
-5.52881
 30
0.0
 10
13.12104
 20
-5.52881
 30
0.0
 10
13.16337
 20
-5.52881
 30
0.0
 10
13.16337
 20
-5.52881
 30
0.0
  0
SPLINE
  5
11C
330
1F
100
AcDbEntity
  8
Camada 1
 62
   251
370
     9
100
AcDbSpline
210
0.0
220
0.0
230
1.0
 70
    24
 71
     3
 72
     8
 73
     4
 74
     0
 42
0.0000000001
 43
0.0000000001
 40
0.0
 40
0.0
 40
0.0
 40
0.0
 40
1.0
 40
1.0
 40
1.0
 40
1.0
 10
13.15984
 20
-5.35595
 30
0.0
 10
13.15984
 20
-5.35595
 30
0.0
 10
13.16337
 20
-5.35595
 30
0.0
 10
13.16337
 20
-5.35595
 30
0.0
  0
SPLINE
  5
11D
330
1F
100
AcDbEntity
  8
Camada 1
 62
   251
370
     9
100
AcDbSpline
210
0.0
220
0.0
230
1.0
 70
    24
 71
     3
 72
     8
 73
     4
 74
     0
 42
0.0000000001
 43
0.0000000001
 40
0.0
 40
0.0
 40
0.0
 40
0.0
 40
1.0
 40
1.0
 40
1.0
 40
1.0
 10
13.16337
 20
-5.52881
 30
0.0
 10
13.16337
 20
-5.52881
 30
0.0
 10
13.16337
 20
-5.35595
 30
0.0
 10
13.16337
 20
-5.35595
 30
0.0
  0
SPLINE
  5
11E
330
1F
100
AcDbEntity
  8
Camada 1
 62
   251
370
     9
100
AcDbSpline
210
0.0
220
0.0
230
1.0
 70
    24
 71
     3
 72
     8
 73
     4
 74
     0
 42
0.0000000001
 43
0.0000000001
 40
0.0
 40
0.0
 40
0.0
 40
0.0
 40
1.0
 40
1.0
 40
1.0
 40
1.0
 10
13.08576
 20
-5.28892
 30
0.0
 10
13.08576
 20
-5.28892
 30
0.0
 10
13.08576
 20
-5.28539
 30
0.0
 10
13.08576
 20
-5.28539
 30
0.0
  0
SPLINE
  5
11F
330
1F
100
AcDbEntity
  8
Camada 1
 62
   251
370
     9
100
AcDbSpline
210
0.0
220
0.0
230
1.0
 70
     8
 71
     3
 72
    20
 73
    16
 74
     0
 42
0.0000000001
 43
0.0000000001
 40
0.0
 40
0.0
 40
0.0
 40
0.0
 40
0.2
 40
0.2
 40
0.2
 40
0.4
 40
0.4
 40
0.4
 40
0.6000000000000001
 40
0.6000000000000001
 40
0.6000000000000001
 40
0.8
 40
0.8
 40
0.8
 40
1.0
 40
1.0
 40
1.0
 40
1.0
 10
13.16337
 20
-5.35595
 30
0.0
 10
13.16337
 20
-5.35595
 30
0.0
 10
13.15984
 20
-5.33478
 30
0.0
 10
13.15984
 20
-5.33478
 30
0.0
 10
13.15984
 20
-5.33478
 30
0.0
 10
13.14926
 20
-5.31361
 30
0.0
 10
13.14926
 20
-5.31361
 30
0.0
 10
13.14926
 20
-5.31361
 30
0.0
 10
13.13515
 20
-5.2995
 30
0.0
 10
13.13515
 20
-5.2995
 30
0.0
 10
13.13515
 20
-5.2995
 30
0.0
 10
13.11045
 20
-5.28892
 30
0.0
 10
13.11045
 20
-5.28892
 30
0.0
 10
13.11045
 20
-5.28892
 30
0.0
 10
13.08576
 20
-5.28539
 30
0.0
 10
13.08576
 20
-5.28539
 30
0.0
  0
SPLINE
  5
120
330
1F
100
AcDbEntity
  8
Camada 1
 62
   251
370
     9
100
AcDbSpline
210
0.0
220
0.0
230
1.0
 70
    24
 71
     3
 72
     8
 73
     4
 74
     0
 42
0.0000000001
 43
0.0000000001
 40
0.0
 40
0.0
 40
0.0
 40
0.0
 40
1.0
 40
1.0
 40
1.0
 40
1.0
 10
13.08576
 20
-5.28539
 30
0.0
 10
13.08576
 20
-5.28539
 30
0.0
 10
13.06107
 20
-5.28539
 30
0.0
 10
13.06107
 20
-5.28539
 30
0.0
  0
SPLINE
  5
121
330
1F
100
AcDbEntity
  8
Camada 1
 62
   251
370
     9
100
AcDbSpline
210
0.0
220
0.0
230
1.0
 70
    24
 71
     3
 72
     8
 73
     4
 74
     0
 42
0.0000000001
 43
0.0000000001
 40
0.0
 40
0.0
 40
0.0
 40
0.0
 40
1.0
 40
1.0
 40
1.0
 40
1.0
 10
12.66948
 20
-5.28892
 30
0.0
 10
12.66948
 20
-5.28892
 30
0.0
 10
12.66948
 20
-5.28539
 30
0.0
 10
12.66948
 20
-5.28539
 30
0.0
  0
SPLINE
  5
122
330
1F
100
AcDbEntity
  8
Camada 1
 62
   251
370
     9
100
AcDbSpline
210
0.0
220
0.0
230
1.0
 70
    24
 71
     3
 72
     8
 73
     4
 74
     0
 42
0.0000000001
 43
0.0000000001
 40
0.0
 40
0.0
 40
0.0
 40
0.0
 40
1.0
 40
1.0
 40
1.0
 40
1.0
 10
12.64126
 20
-5.28892
 30
0.0
 10
12.64126
 20
-5.28892
 30
0.0
 10
12.64126
 20
-5.28539
 30
0.0
 10
12.64126
 20
-5.28539
 30
0.0
  0
SPLINE
  5
123
330
1F
100
AcDbEntity
  8
Camada 1
 62
   251
370
     9
100
AcDbSpline
210
0.0
220
0.0
230
1.0
 70
    24
 71
     3
 72
     8
 73
     4
 74
     0
 42
0.0000000001
 43
0.0000000001
 40
0.0
 40
0.0
 40
0.0
 40
0.0
 40
1.0
 40
1.0
 40
1.0
 40
1.0
 10
12.66948
 20
-5.28539
 30
0.0
 10
12.66948
 20
-5.28539
 30
0.0
 10
12.64126
 20
-5.28539
 30
0.0
 10
12.64126
 20
-5.28539
 30
0.0
  0
SPLINE
  5
124
330
1F
100
AcDbEntity
  8
Camada 1
 62
   251
370
     9
100
AcDbSpline
210
0.0
220
0.0
230
1.0
 70
     8
 71
     3
 72
    20
 73
    16
 74
     0
 42
0.0000000001
 43
0.0000000001
 40
0.0
 40
0.0
 40
0.0
 40
0.0
 40
0.2
 40
0.2
 40
0.2
 40
0.4
 40
0.4
 40
0.4
 40
0.6000000000000001
 40
0.6000000000000001
 40
0.6000000000000001
 40
0.8
 40
0.8
 40
0.8
 40
1.0
 40
1.0
 40
1.0
 40
1.0
 10
12.64126
 20
-5.28539
 30
0.0
 10
12.64126
 20
-5.28539
 30
0.0
 10
12.60951
 20
-5.28892
 30
0.0
 10
12.60951
 20
-5.28892
 30
0.0
 10
12.60951
 20
-5.28892
 30
0.0
 10
12.58834
 20
-5.30303
 30
0.0
 10
12.58834
 20
-5.30303
 30
0.0
 10
12.58834
 20
-5.30303
 30
0.0
 10
12.5707
 20
-5.3242
 30
0.0
 10
12.5707
 20
-5.3242
 30
0.0
 10
12.5707
 20
-5.3242
 30
0.0
 10
12.56365
 20
-5.34536
 30
0.0
 10
12.56365
 20
-5.34536
 30
0.0
 10
12.56365
 20
-5.34536
 30
0.0
 10
12.56365
 20
-5.35595
 30
0.0
 10
12.56365
 20
-5.35595
 30
0.0
  0
SPLINE
  5
125
330
1F
100
AcDbEntity
  8
Camada 1
 62
   251
370
     9
100
AcDbSpline
210
0.0
220
0.0
230
1.0
 70
    24
 71
     3
 72
     8
 73
     4
 74
     0
 42
0.0000000001
 43
0.0000000001
 40
0.0
 40
0.0
 40
0.0
 40
0.0
 40
1.0
 40
1.0
 40
1.0
 40
1.0
 10
13.02932
 20
-5.28539
 30
0.0
 10
13.02932
 20
-5.28539
 30
0.0
 10
12.98345
 20
-5.28539
 30
0.0
 10
12.98345
 20
-5.28539
 30
0.0
  0
SPLINE
  5
126
330
1F
100
AcDbEntity
  8
Camada 1
 62
   251
370
     9
100
AcDbSpline
210
0.0
220
0.0
230
1.0
 70
    24
 71
     3
 72
     8
 73
     4
 74
     0
 42
0.0000000001
 43
0.0000000001
 40
0.0
 40
0.0
 40
0.0
 40
0.0
 40
1.0
 40
1.0
 40
1.0
 40
1.0
 10
12.64126
 20
-5.52528
 30
0.0
 10
12.64126
 20
-5.52528
 30
0.0
 10
12.64126
 20
-5.52881
 30
0.0
 10
12.64126
 20
-5.52881
 30
0.0
  0
SPLINE
  5
127
330
1F
100
AcDbEntity
  8
Camada 1
 62
   251
370
     9
100
AcDbSpline
210
0.0
220
0.0
230
1.0
 70
     8
 71
     3
 72
    20
 73
    16
 74
     0
 42
0.0000000001
 43
0.0000000001
 40
0.0
 40
0.0
 40
0.0
 40
0.0
 40
0.2
 40
0.2
 40
0.2
 40
0.4
 40
0.4
 40
0.4
 40
0.6000000000000001
 40
0.6000000000000001
 40
0.6000000000000001
 40
0.8
 40
0.8
 40
0.8
 40
1.0
 40
1.0
 40
1.0
 40
1.0
 10
12.56365
 20
-5.45825
 30
0.0
 10
12.56365
 20
-5.45825
 30
0.0
 10
12.56718
 20
-5.47942
 30
0.0
 10
12.56718
 20
-5.47942
 30
0.0
 10
12.56718
 20
-5.47942
 30
0.0
 10
12.57776
 20
-5.49706
 30
0.0
 10
12.57776
 20
-5.49706
 30
0.0
 10
12.57776
 20
-5.49706
 30
0.0
 10
12.59187
 20
-5.5147
 30
0.0
 10
12.59187
 20
-5.5147
 30
0.0
 10
12.59187
 20
-5.5147
 30
0.0
 10
12.61657
 20
-5.52528
 30
0.0
 10
12.61657
 20
-5.52528
 30
0.0
 10
12.61657
 20
-5.52528
 30
0.0
 10
12.64126
 20
-5.52881
 30
0.0
 10
12.64126
 20
-5.52881
 30
0.0
  0
SPLINE
  5
128
330
1F
100
AcDbEntity
  8
Camada 1
 62
   251
370
     9
100
AcDbSpline
210
0.0
220
0.0
230
1.0
 70
    24
 71
     3
 72
     8
 73
     4
 74
     0
 42
0.0000000001
 43
0.0000000001
 40
0.0
 40
0.0
 40
0.0
 40
0.0
 40
1.0
 40
1.0
 40
1.0
 40
1.0
 10
12.66948
 20
-5.52528
 30
0.0
 10
12.66948
 20
-5.52528
 30
0.0
 10
12.66948
 20
-5.52881
 30
0.0
 10
12.66948
 20
-5.52881
 30
0.0
  0
SPLINE
  5
129
330
1F
100
AcDbEntity
  8
Camada 1
 62
   251
370
     9
100
AcDbSpline
210
0.0
220
0.0
230
1.0
 70
    24
 71
     3
 72
     8
 73
     4
 74
     0
 42
0.0000000001
 43
0.0000000001
 40
0.0
 40
0.0
 40
0.0
 40
0.0
 40
1.0
 40
1.0
 40
1.0
 40
1.0
 10
12.64126
 20
-5.52881
 30
0.0
 10
12.64126
 20
-5.52881
 30
0.0
 10
12.66948
 20
-5.52881
 30
0.0
 10
12.66948
 20
-5.52881
 30
0.0
  0
SPLINE
  5
12A
330
1F
100
AcDbEntity
  8
Camada 1
 62
   251
370
     9
100
AcDbSpline
210
0.0
220
0.0
230
1.0
 70
     8
 71
     3
 72
    17
 73
    13
 74
     0
 42
0.0000000001
 43
0.0000000001
 40
0.0
 40
0.0
 40
0.0
 40
0.0
 40
0.25
 40
0.25
 40
0.25
 40
0.5
 40
0.5
 40
0.5
 40
0.75
 40
0.75
 40
0.75
 40
1.0
 40
1.0
 40
1.0
 40
1.0
 10
12.66948
 20
-5.52881
 30
0.0
 10
12.66948
 20
-5.52881
 30
0.0
 10
12.69065
 20
-5.52528
 30
0.0
 10
12.69065
 20
-5.52528
 30
0.0
 10
12.69065
 20
-5.52528
 30
0.0
 10
12.71534
 20
-5.5147
 30
0.0
 10
12.71534
 20
-5.5147
 30
0.0
 10
12.71534
 20
-5.5147
 30
0.0
 10
12.73651
 20
-5.49353
 30
0.0
 10
12.73651
 20
-5.49353
 30
0.0
 10
12.73651
 20
-5.49353
 30
0.0
 10
12.74357
 20
-5.47589
 30
0.0
 10
12.74357
 20
-5.47589
 30
0.0
  0
SPLINE
  5
12B
330
1F
100
AcDbEntity
  8
Camada 1
 62
   251
370
     9
100
AcDbSpline
210
0.0
220
0.0
230
1.0
 70
     8
 71
     3
 72
    11
 73
     7
 74
     0
 42
0.0000000001
 43
0.0000000001
 40
0.0
 40
0.0
 40
0.0
 40
0.0
 40
0.5
 40
0.5
 40
0.5
 40
1.0
 40
1.0
 40
1.0
 40
1.0
 10
13.55848
 20
-5.30656
 30
0.0
 10
13.55848
 20
-5.30656
 30
0.0
 10
13.56201
 20
-5.31009
 30
0.0
 10
13.56201
 20
-5.31009
 30
0.0
 10
13.56201
 20
-5.31009
 30
0.0
 10
13.56554
 20
-5.31009
 30
0.0
 10
13.56554
 20
-5.31009
 30
0.0
  0
SPLINE
  5
12C
330
1F
100
AcDbEntity
  8
Camada 1
 62
   251
370
     9
100
AcDbSpline
210
0.0
220
0.0
230
1.0
 70
     8
 71
     3
 72
    14
 73
    10
 74
     0
 42
0.0000000001
 43
0.0000000001
 40
0.0
 40
0.0
 40
0.0
 40
0.0
 40
0.3333333333333333
 40
0.3333333333333333
 40
0.3333333333333333
 40
0.6666666666666666
 40
0.6666666666666666
 40
0.6666666666666666
 40
1.0
 40
1.0
 40
1.0
 40
1.0
 10
13.55848
 20
-5.30656
 30
0.0
 10
13.55848
 20
-5.30656
 30
0.0
 10
13.53732
 20
-5.29598
 30
0.0
 10
13.53732
 20
-5.29598
 30
0.0
 10
13.53732
 20
-5.29598
 30
0.0
 10
13.51262
 20
-5.28892
 30
0.0
 10
13.51262
 20
-5.28892
 30
0.0
 10
13.51262
 20
-5.28892
 30
0.0
 10
13.50557
 20
-5.28892
 30
0.0
 10
13.50557
 20
-5.28892
 30
0.0
  0
SPLINE
  5
12D
330
1F
100
AcDbEntity
  8
Camada 1
 62
   251
370
     9
100
AcDbSpline
210
0.0
220
0.0
230
1.0
 70
    24
 71
     3
 72
     8
 73
     4
 74
     0
 42
0.0000000001
 43
0.0000000001
 40
0.0
 40
0.0
 40
0.0
 40
0.0
 40
1.0
 40
1.0
 40
1.0
 40
1.0
 10
13.50557
 20
-5.28892
 30
0.0
 10
13.50557
 20
-5.28892
 30
0.0
 10
13.50557
 20
-5.28539
 30
0.0
 10
13.50557
 20
-5.28539
 30
0.0
  0
SPLINE
  5
12E
330
1F
100
AcDbEntity
  8
Camada 1
 62
   251
370
     9
100
AcDbSpline
210
0.0
220
0.0
230
1.0
 70
     8
 71
     3
 72
    14
 73
    10
 74
     0
 42
0.0000000001
 43
0.0000000001
 40
0.0
 40
0.0
 40
0.0
 40
0.0
 40
0.3333333333333333
 40
0.3333333333333333
 40
0.3333333333333333
 40
0.6666666666666666
 40
0.6666666666666666
 40
0.6666666666666666
 40
1.0
 40
1.0
 40
1.0
 40
1.0
 10
13.56554
 20
-5.31009
 30
0.0
 10
13.56554
 20
-5.31009
 30
0.0
 10
13.54437
 20
-5.29598
 30
0.0
 10
13.54437
 20
-5.29598
 30
0.0
 10
13.54437
 20
-5.29598
 30
0.0
 10
13.5232
 20
-5.28539
 30
0.0
 10
13.5232
 20
-5.28539
 30
0.0
 10
13.5232
 20
-5.28539
 30
0.0
 10
13.50557
 20
-5.28539
 30
0.0
 10
13.50557
 20
-5.28539
 30
0.0
  0
SPLINE
  5
12F
330
1F
100
AcDbEntity
  8
Camada 1
 62
   251
370
     9
100
AcDbSpline
210
0.0
220
0.0
230
1.0
 70
    24
 71
     3
 72
     8
 73
     4
 74
     0
 42
0.0000000001
 43
0.0000000001
 40
0.0
 40
0.0
 40
0.0
 40
0.0
 40
1.0
 40
1.0
 40
1.0
 40
1.0
 10
13.50557
 20
-5.28892
 30
0.0
 10
13.50557
 20
-5.28892
 30
0.0
 10
13.48087
 20
-5.28892
 30
0.0
 10
13.48087
 20
-5.28892
 30
0.0
  0
SPLINE
  5
130
330
1F
100
AcDbEntity
  8
Camada 1
 62
   251
370
     9
100
AcDbSpline
210
0.0
220
0.0
230
1.0
 70
    24
 71
     3
 72
     8
 73
     4
 74
     0
 42
0.0000000001
 43
0.0000000001
 40
0.0
 40
0.0
 40
0.0
 40
0.0
 40
1.0
 40
1.0
 40
1.0
 40
1.0
 10
13.48087
 20
-5.28892
 30
0.0
 10
13.48087
 20
-5.28892
 30
0.0
 10
13.48087
 20
-5.28539
 30
0.0
 10
13.48087
 20
-5.28539
 30
0.0
  0
SPLINE
  5
131
330
1F
100
AcDbEntity
  8
Camada 1
 62
   251
370
     9
100
AcDbSpline
210
0.0
220
0.0
230
1.0
 70
    24
 71
     3
 72
     8
 73
     4
 74
     0
 42
0.0000000001
 43
0.0000000001
 40
0.0
 40
0.0
 40
0.0
 40
0.0
 40
1.0
 40
1.0
 40
1.0
 40
1.0
 10
13.50557
 20
-5.28539
 30
0.0
 10
13.50557
 20
-5.28539
 30
0.0
 10
13.48087
 20
-5.28539
 30
0.0
 10
13.48087
 20
-5.28539
 30
0.0
  0
SPLINE
  5
132
330
1F
100
AcDbEntity
  8
Camada 1
 62
   251
370
     9
100
AcDbSpline
210
0.0
220
0.0
230
1.0
 70
     8
 71
     3
 72
    14
 73
    10
 74
     0
 42
0.0000000001
 43
0.0000000001
 40
0.0
 40
0.0
 40
0.0
 40
0.0
 40
0.3333333333333333
 40
0.3333333333333333
 40
0.3333333333333333
 40
0.6666666666666666
 40
0.6666666666666666
 40
0.6666666666666666
 40
1.0
 40
1.0
 40
1.0
 40
1.0
 10
13.48087
 20
-5.28892
 30
0.0
 10
13.48087
 20
-5.28892
 30
0.0
 10
13.46676
 20
-5.28892
 30
0.0
 10
13.46676
 20
-5.28892
 30
0.0
 10
13.46676
 20
-5.28892
 30
0.0
 10
13.45618
 20
-5.29245
 30
0.0
 10
13.45618
 20
-5.29245
 30
0.0
 10
13.45618
 20
-5.29245
 30
0.0
 10
13.44559
 20
-5.29598
 30
0.0
 10
13.44559
 20
-5.29598
 30
0.0
  0
SPLINE
  5
133
330
1F
100
AcDbEntity
  8
Camada 1
 62
   251
370
     9
100
AcDbSpline
210
0.0
220
0.0
230
1.0
 70
     8
 71
     3
 72
    11
 73
     7
 74
     0
 42
0.0000000001
 43
0.0000000001
 40
0.0
 40
0.0
 40
0.0
 40
0.0
 40
0.5
 40
0.5
 40
0.5
 40
1.0
 40
1.0
 40
1.0
 40
1.0
 10
13.44559
 20
-5.29598
 30
0.0
 10
13.44559
 20
-5.29598
 30
0.0
 10
13.44559
 20
-5.29245
 30
0.0
 10
13.44559
 20
-5.29245
 30
0.0
 10
13.44559
 20
-5.29245
 30
0.0
 10
13.44912
 20
-5.29245
 30
0.0
 10
13.44912
 20
-5.29245
 30
0.0
  0
SPLINE
  5
134
330
1F
100
AcDbEntity
  8
Camada 1
 62
   251
370
     9
100
AcDbSpline
210
0.0
220
0.0
230
1.0
 70
     8
 71
     3
 72
    14
 73
    10
 74
     0
 42
0.0000000001
 43
0.0000000001
 40
0.0
 40
0.0
 40
0.0
 40
0.0
 40
0.3333333333333333
 40
0.3333333333333333
 40
0.3333333333333333
 40
0.6666666666666666
 40
0.6666666666666666
 40
0.6666666666666666
 40
1.0
 40
1.0
 40
1.0
 40
1.0
 10
13.48087
 20
-5.28539
 30
0.0
 10
13.48087
 20
-5.28539
 30
0.0
 10
13.46676
 20
-5.28539
 30
0.0
 10
13.46676
 20
-5.28539
 30
0.0
 10
13.46676
 20
-5.28539
 30
0.0
 10
13.45618
 20
-5.28892
 30
0.0
 10
13.45618
 20
-5.28892
 30
0.0
 10
13.45618
 20
-5.28892
 30
0.0
 10
13.44912
 20
-5.29245
 30
0.0
 10
13.44912
 20
-5.29245
 30
0.0
  0
SPLINE
  5
135
330
1F
100
AcDbEntity
  8
Camada 1
 62
   251
370
     9
100
AcDbSpline
210
0.0
220
0.0
230
1.0
 70
    24
 71
     3
 72
     8
 73
     4
 74
     0
 42
0.0000000001
 43
0.0000000001
 40
0.0
 40
0.0
 40
0.0
 40
0.0
 40
1.0
 40
1.0
 40
1.0
 40
1.0
 10
13.44559
 20
-5.29598
 30
0.0
 10
13.44559
 20
-5.29598
 30
0.0
 10
13.44559
 20
-5.28892
 30
0.0
 10
13.44559
 20
-5.28892
 30
0.0
  0
SPLINE
  5
136
330
1F
100
AcDbEntity
  8
Camada 1
 62
   251
370
     9
100
AcDbSpline
210
0.0
220
0.0
230
1.0
 70
    24
 71
     3
 72
     8
 73
     4
 74
     0
 42
0.0000000001
 43
0.0000000001
 40
0.0
 40
0.0
 40
0.0
 40
0.0
 40
1.0
 40
1.0
 40
1.0
 40
1.0
 10
13.44559
 20
-5.28892
 30
0.0
 10
13.44559
 20
-5.28892
 30
0.0
 10
13.44912
 20
-5.28539
 30
0.0
 10
13.44912
 20
-5.28539
 30
0.0
  0
SPLINE
  5
137
330
1F
100
AcDbEntity
  8
Camada 1
 62
   251
370
     9
100
AcDbSpline
210
0.0
220
0.0
230
1.0
 70
    24
 71
     3
 72
     8
 73
     4
 74
     0
 42
0.0000000001
 43
0.0000000001
 40
0.0
 40
0.0
 40
0.0
 40
0.0
 40
1.0
 40
1.0
 40
1.0
 40
1.0
 10
13.44912
 20
-5.29245
 30
0.0
 10
13.44912
 20
-5.29245
 30
0.0
 10
13.44912
 20
-5.28539
 30
0.0
 10
13.44912
 20
-5.28539
 30
0.0
  0
SPLINE
  5
138
330
1F
100
AcDbEntity
  8
Camada 1
 62
   251
370
     9
100
AcDbSpline
210
0.0
220
0.0
230
1.0
 70
    24
 71
     3
 72
     8
 73
     4
 74
     0
 42
0.0000000001
 43
0.0000000001
 40
0.0
 40
0.0
 40
0.0
 40
0.0
 40
1.0
 40
1.0
 40
1.0
 40
1.0
 10
13.44559
 20
-5.28892
 30
0.0
 10
13.44559
 20
-5.28892
 30
0.0
 10
13.40679
 20
-5.28892
 30
0.0
 10
13.40679
 20
-5.28892
 30
0.0
  0
SPLINE
  5
139
330
1F
100
AcDbEntity
  8
Camada 1
 62
   251
370
     9
100
AcDbSpline
210
0.0
220
0.0
230
1.0
 70
    24
 71
     3
 72
     8
 73
     4
 74
     0
 42
0.0000000001
 43
0.0000000001
 40
0.0
 40
0.0
 40
0.0
 40
0.0
 40
1.0
 40
1.0
 40
1.0
 40
1.0
 10
13.40679
 20
-5.28892
 30
0.0
 10
13.40679
 20
-5.28892
 30
0.0
 10
13.40326
 20
-5.28539
 30
0.0
 10
13.40326
 20
-5.28539
 30
0.0
  0
SPLINE
  5
13A
330
1F
100
AcDbEntity
  8
Camada 1
 62
   251
370
     9
100
AcDbSpline
210
0.0
220
0.0
230
1.0
 70
    24
 71
     3
 72
     8
 73
     4
 74
     0
 42
0.0000000001
 43
0.0000000001
 40
0.0
 40
0.0
 40
0.0
 40
0.0
 40
1.0
 40
1.0
 40
1.0
 40
1.0
 10
13.44912
 20
-5.28539
 30
0.0
 10
13.44912
 20
-5.28539
 30
0.0
 10
13.40326
 20
-5.28539
 30
0.0
 10
13.40326
 20
-5.28539
 30
0.0
  0
SPLINE
  5
13B
330
1F
100
AcDbEntity
  8
Camada 1
 62
   251
370
     9
100
AcDbSpline
210
0.0
220
0.0
230
1.0
 70
    24
 71
     3
 72
     8
 73
     4
 74
     0
 42
0.0000000001
 43
0.0000000001
 40
0.0
 40
0.0
 40
0.0
 40
0.0
 40
1.0
 40
1.0
 40
1.0
 40
1.0
 10
13.40679
 20
-5.28892
 30
0.0
 10
13.40679
 20
-5.28892
 30
0.0
 10
13.40679
 20
-5.52528
 30
0.0
 10
13.40679
 20
-5.52528
 30
0.0
  0
SPLINE
  5
13C
330
1F
100
AcDbEntity
  8
Camada 1
 62
   251
370
     9
100
AcDbSpline
210
0.0
220
0.0
230
1.0
 70
    24
 71
     3
 72
     8
 73
     4
 74
     0
 42
0.0000000001
 43
0.0000000001
 40
0.0
 40
0.0
 40
0.0
 40
0.0
 40
1.0
 40
1.0
 40
1.0
 40
1.0
 10
13.40679
 20
-5.52528
 30
0.0
 10
13.40679
 20
-5.52528
 30
0.0
 10
13.40326
 20
-5.52881
 30
0.0
 10
13.40326
 20
-5.52881
 30
0.0
  0
SPLINE
  5
13D
330
1F
100
AcDbEntity
  8
Camada 1
 62
   251
370
     9
100
AcDbSpline
210
0.0
220
0.0
230
1.0
 70
    24
 71
     3
 72
     8
 73
     4
 74
     0
 42
0.0000000001
 43
0.0000000001
 40
0.0
 40
0.0
 40
0.0
 40
0.0
 40
1.0
 40
1.0
 40
1.0
 40
1.0
 10
13.40326
 20
-5.28539
 30
0.0
 10
13.40326
 20
-5.28539
 30
0.0
 10
13.40326
 20
-5.52881
 30
0.0
 10
13.40326
 20
-5.52881
 30
0.0
  0
SPLINE
  5
13E
330
1F
100
AcDbEntity
  8
Camada 1
 62
   251
370
     9
100
AcDbSpline
210
0.0
220
0.0
230
1.0
 70
    24
 71
     3
 72
     8
 73
     4
 74
     0
 42
0.0000000001
 43
0.0000000001
 40
0.0
 40
0.0
 40
0.0
 40
0.0
 40
1.0
 40
1.0
 40
1.0
 40
1.0
 10
13.40679
 20
-5.52528
 30
0.0
 10
13.40679
 20
-5.52528
 30
0.0
 10
13.44559
 20
-5.52528
 30
0.0
 10
13.44559
 20
-5.52528
 30
0.0
  0
SPLINE
  5
13F
330
1F
100
AcDbEntity
  8
Camada 1
 62
   251
370
     9
100
AcDbSpline
210
0.0
220
0.0
230
1.0
 70
    24
 71
     3
 72
     8
 73
     4
 74
     0
 42
0.0000000001
 43
0.0000000001
 40
0.0
 40
0.0
 40
0.0
 40
0.0
 40
1.0
 40
1.0
 40
1.0
 40
1.0
 10
13.44559
 20
-5.52528
 30
0.0
 10
13.44559
 20
-5.52528
 30
0.0
 10
13.44912
 20
-5.52881
 30
0.0
 10
13.44912
 20
-5.52881
 30
0.0
  0
SPLINE
  5
140
330
1F
100
AcDbEntity
  8
Camada 1
 62
   251
370
     9
100
AcDbSpline
210
0.0
220
0.0
230
1.0
 70
    24
 71
     3
 72
     8
 73
     4
 74
     0
 42
0.0000000001
 43
0.0000000001
 40
0.0
 40
0.0
 40
0.0
 40
0.0
 40
1.0
 40
1.0
 40
1.0
 40
1.0
 10
13.40326
 20
-5.52881
 30
0.0
 10
13.40326
 20
-5.52881
 30
0.0
 10
13.44912
 20
-5.52881
 30
0.0
 10
13.44912
 20
-5.52881
 30
0.0
  0
SPLINE
  5
141
330
1F
100
AcDbEntity
  8
Camada 1
 62
   251
370
     9
100
AcDbSpline
210
0.0
220
0.0
230
1.0
 70
    24
 71
     3
 72
     8
 73
     4
 74
     0
 42
0.0000000001
 43
0.0000000001
 40
0.0
 40
0.0
 40
0.0
 40
0.0
 40
1.0
 40
1.0
 40
1.0
 40
1.0
 10
13.44559
 20
-5.52528
 30
0.0
 10
13.44559
 20
-5.52528
 30
0.0
 10
13.44559
 20
-5.35242
 30
0.0
 10
13.44559
 20
-5.35242
 30
0.0
  0
SPLINE
  5
142
330
1F
100
AcDbEntity
  8
Camada 1
 62
   251
370
     9
100
AcDbSpline
210
0.0
220
0.0
230
1.0
 70
    24
 71
     3
 72
     8
 73
     4
 74
     0
 42
0.0000000001
 43
0.0000000001
 40
0.0
 40
0.0
 40
0.0
 40
0.0
 40
1.0
 40
1.0
 40
1.0
 40
1.0
 10
13.44559
 20
-5.35242
 30
0.0
 10
13.44559
 20
-5.35242
 30
0.0
 10
13.44912
 20
-5.35242
 30
0.0
 10
13.44912
 20
-5.35242
 30
0.0
  0
SPLINE
  5
143
330
1F
100
AcDbEntity
  8
Camada 1
 62
   251
370
     9
100
AcDbSpline
210
0.0
220
0.0
230
1.0
 70
    24
 71
     3
 72
     8
 73
     4
 74
     0
 42
0.0000000001
 43
0.0000000001
 40
0.0
 40
0.0
 40
0.0
 40
0.0
 40
1.0
 40
1.0
 40
1.0
 40
1.0
 10
13.44912
 20
-5.52881
 30
0.0
 10
13.44912
 20
-5.52881
 30
0.0
 10
13.44912
 20
-5.35242
 30
0.0
 10
13.44912
 20
-5.35242
 30
0.0
  0
SPLINE
  5
144
330
1F
100
AcDbEntity
  8
Camada 1
 62
   251
370
     9
100
AcDbSpline
210
0.0
220
0.0
230
1.0
 70
     8
 71
     3
 72
    20
 73
    16
 74
     0
 42
0.0000000001
 43
0.0000000001
 40
0.0
 40
0.0
 40
0.0
 40
0.0
 40
0.2
 40
0.2
 40
0.2
 40
0.4
 40
0.4
 40
0.4
 40
0.6000000000000001
 40
0.6000000000000001
 40
0.6000000000000001
 40
0.8
 40
0.8
 40
0.8
 40
1.0
 40
1.0
 40
1.0
 40
1.0
 10
13.44559
 20
-5.35242
 30
0.0
 10
13.44559
 20
-5.35242
 30
0.0
 10
13.44559
 20
-5.33478
 30
0.0
 10
13.44559
 20
-5.33478
 30
0.0
 10
13.44559
 20
-5.33478
 30
0.0
 10
13.45618
 20
-5.32067
 30
0.0
 10
13.45618
 20
-5.32067
 30
0.0
 10
13.45618
 20
-5.32067
 30
0.0
 10
13.46676
 20
-5.31009
 30
0.0
 10
13.46676
 20
-5.31009
 30
0.0
 10
13.46676
 20
-5.31009
 30
0.0
 10
13.48087
 20
-5.30303
 30
0.0
 10
13.48087
 20
-5.30303
 30
0.0
 10
13.48087
 20
-5.30303
 30
0.0
 10
13.49498
 20
-5.30303
 30
0.0
 10
13.49498
 20
-5.30303
 30
0.0
  0
SPLINE
  5
145
330
1F
100
AcDbEntity
  8
Camada 1
 62
   251
370
     9
100
AcDbSpline
210
0.0
220
0.0
230
1.0
 70
    24
 71
     3
 72
    11
 73
     7
 74
     0
 42
0.0000000001
 43
0.0000000001
 40
0.0
 40
0.0
 40
0.0
 40
0.0
 40
0.5
 40
0.5
 40
0.5
 40
1.0
 40
1.0
 40
1.0
 40
1.0
 10
13.49498
 20
-5.30303
 30
0.0
 10
13.49498
 20
-5.30303
 30
0.0
 10
13.49498
 20
-5.30303
 30
0.0
 10
13.49498
 20
-5.30303
 30
0.0
 10
13.49498
 20
-5.30303
 30
0.0
 10
13.49498
 20
-5.30656
 30
0.0
 10
13.49498
 20
-5.30656
 30
0.0
  0
SPLINE
  5
146
330
1F
100
AcDbEntity
  8
Camada 1
 62
   251
370
     9
100
AcDbSpline
210
0.0
220
0.0
230
1.0
 70
     8
 71
     3
 72
    20
 73
    16
 74
     0
 42
0.0000000001
 43
0.0000000001
 40
0.0
 40
0.0
 40
0.0
 40
0.0
 40
0.2
 40
0.2
 40
0.2
 40
0.4
 40
0.4
 40
0.4
 40
0.6000000000000001
 40
0.6000000000000001
 40
0.6000000000000001
 40
0.8
 40
0.8
 40
0.8
 40
1.0
 40
1.0
 40
1.0
 40
1.0
 10
13.44912
 20
-5.35242
 30
0.0
 10
13.44912
 20
-5.35242
 30
0.0
 10
13.44912
 20
-5.33478
 30
0.0
 10
13.44912
 20
-5.33478
 30
0.0
 10
13.44912
 20
-5.33478
 30
0.0
 10
13.45618
 20
-5.32067
 30
0.0
 10
13.45618
 20
-5.32067
 30
0.0
 10
13.45618
 20
-5.32067
 30
0.0
 10
13.47029
 20
-5.31361
 30
0.0
 10
13.47029
 20
-5.31361
 30
0.0
 10
13.47029
 20
-5.31361
 30
0.0
 10
13.4844
 20
-5.30656
 30
0.0
 10
13.4844
 20
-5.30656
 30
0.0
 10
13.4844
 20
-5.30656
 30
0.0
 10
13.49498
 20
-5.30656
 30
0.0
 10
13.49498
 20
-5.30656
 30
0.0
  0
SPLINE
  5
147
330
1F
100
AcDbEntity
  8
Camada 1
 62
   251
370
     9
100
AcDbSpline
210
0.0
220
0.0
230
1.0
 70
    24
 71
     3
 72
     8
 73
     4
 74
     0
 42
0.0000000001
 43
0.0000000001
 40
0.0
 40
0.0
 40
0.0
 40
0.0
 40
1.0
 40
1.0
 40
1.0
 40
1.0
 10
13.52673
 20
-5.31714
 30
0.0
 10
13.52673
 20
-5.31714
 30
0.0
 10
13.55848
 20
-5.30656
 30
0.0
 10
13.55848
 20
-5.30656
 30
0.0
  0
SPLINE
  5
148
330
1F
100
AcDbEntity
  8
Camada 1
 62
   251
370
     9
100
AcDbSpline
210
0.0
220
0.0
230
1.0
 70
     8
 71
     3
 72
    14
 73
    10
 74
     0
 42
0.0000000001
 43
0.0000000001
 40
0.0
 40
0.0
 40
0.0
 40
0.0
 40
0.3333333333333333
 40
0.3333333333333333
 40
0.3333333333333333
 40
0.6666666666666666
 40
0.6666666666666666
 40
0.6666666666666666
 40
1.0
 40
1.0
 40
1.0
 40
1.0
 10
13.49498
 20
-5.30303
 30
0.0
 10
13.49498
 20
-5.30303
 30
0.0
 10
13.50909
 20
-5.30303
 30
0.0
 10
13.50909
 20
-5.30303
 30
0.0
 10
13.50909
 20
-5.30303
 30
0.0
 10
13.5232
 20
-5.31361
 30
0.0
 10
13.5232
 20
-5.31361
 30
0.0
 10
13.5232
 20
-5.31361
 30
0.0
 10
13.52673
 20
-5.31714
 30
0.0
 10
13.52673
 20
-5.31714
 30
0.0
  0
SPLINE
  5
149
330
1F
100
AcDbEntity
  8
Camada 1
 62
   251
370
     9
100
AcDbSpline
210
0.0
220
0.0
230
1.0
 70
    24
 71
     3
 72
     8
 73
     4
 74
     0
 42
0.0000000001
 43
0.0000000001
 40
0.0
 40
0.0
 40
0.0
 40
0.0
 40
1.0
 40
1.0
 40
1.0
 40
1.0
 10
13.32918
 20
-5.37711
 30
0.0
 10
13.32918
 20
-5.37711
 30
0.0
 10
13.2692
 20
-5.37711
 30
0.0
 10
13.2692
 20
-5.37711
 30
0.0
  0
SPLINE
  5
14A
330
1F
100
AcDbEntity
  8
Camada 1
 62
   251
370
     9
100
AcDbSpline
210
0.0
220
0.0
230
1.0
 70
    24
 71
     3
 72
     8
 73
     4
 74
     0
 42
0.0000000001
 43
0.0000000001
 40
0.0
 40
0.0
 40
0.0
 40
0.0
 40
1.0
 40
1.0
 40
1.0
 40
1.0
 10
12.81412
 20
-5.46531
 30
0.0
 10
12.81412
 20
-5.46531
 30
0.0
 10
12.81765
 20
-5.46531
 30
0.0
 10
12.81765
 20
-5.46531
 30
0.0
  0
SPLINE
  5
14B
330
1F
100
AcDbEntity
  8
Camada 1
 62
   251
370
     9
100
AcDbSpline
210
0.0
220
0.0
230
1.0
 70
     8
 71
     3
 72
    20
 73
    16
 74
     0
 42
0.0000000001
 43
0.0000000001
 40
0.0
 40
0.0
 40
0.0
 40
0.0
 40
0.2
 40
0.2
 40
0.2
 40
0.4
 40
0.4
 40
0.4
 40
0.6000000000000001
 40
0.6000000000000001
 40
0.6000000000000001
 40
0.8
 40
0.8
 40
0.8
 40
1.0
 40
1.0
 40
1.0
 40
1.0
 10
12.86351
 20
-5.51117
 30
0.0
 10
12.86351
 20
-5.51117
 30
0.0
 10
12.8494
 20
-5.50764
 30
0.0
 10
12.8494
 20
-5.50764
 30
0.0
 10
12.8494
 20
-5.50764
 30
0.0
 10
12.83529
 20
-5.50059
 30
0.0
 10
12.83529
 20
-5.50059
 30
0.0
 10
12.83529
 20
-5.50059
 30
0.0
 10
12.8247
 20
-5.49
 30
0.0
 10
12.8247
 20
-5.49
 30
0.0
 10
12.8247
 20
-5.49
 30
0.0
 10
12.82118
 20
-5.47236
 30
0.0
 10
12.82118
 20
-5.47236
 30
0.0
 10
12.82118
 20
-5.47236
 30
0.0
 10
12.81765
 20
-5.46531
 30
0.0
 10
12.81765
 20
-5.46531
 30
0.0
  0
SPLINE
  5
14C
330
1F
100
AcDbEntity
  8
Camada 1
 62
   251
370
     9
100
AcDbSpline
210
0.0
220
0.0
230
1.0
 70
    24
 71
     3
 72
     8
 73
     4
 74
     0
 42
0.0000000001
 43
0.0000000001
 40
0.0
 40
0.0
 40
0.0
 40
0.0
 40
1.0
 40
1.0
 40
1.0
 40
1.0
 10
12.81412
 20
-5.41592
 30
0.0
 10
12.81412
 20
-5.41592
 30
0.0
 10
12.81765
 20
-5.41945
 30
0.0
 10
12.81765
 20
-5.41945
 30
0.0
  0
SPLINE
  5
14D
330
1F
100
AcDbEntity
  8
Camada 1
 62
   251
370
     9
100
AcDbSpline
210
0.0
220
0.0
230
1.0
 70
    24
 71
     3
 72
     8
 73
     4
 74
     0
 42
0.0000000001
 43
0.0000000001
 40
0.0
 40
0.0
 40
0.0
 40
0.0
 40
1.0
 40
1.0
 40
1.0
 40
1.0
 10
12.81765
 20
-5.46531
 30
0.0
 10
12.81765
 20
-5.46531
 30
0.0
 10
12.81765
 20
-5.41945
 30
0.0
 10
12.81765
 20
-5.41945
 30
0.0
  0
SPLINE
  5
14E
330
1F
100
AcDbEntity
  8
Camada 1
 62
   251
370
     9
100
AcDbSpline
210
0.0
220
0.0
230
1.0
 70
    24
 71
     3
 72
     8
 73
     4
 74
     0
 42
0.0000000001
 43
0.0000000001
 40
0.0
 40
0.0
 40
0.0
 40
0.0
 40
1.0
 40
1.0
 40
1.0
 40
1.0
 10
12.9517
 20
-5.41592
 30
0.0
 10
12.9517
 20
-5.41592
 30
0.0
 10
12.95523
 20
-5.41945
 30
0.0
 10
12.95523
 20
-5.41945
 30
0.0
  0
SPLINE
  5
14F
330
1F
100
AcDbEntity
  8
Camada 1
 62
   251
370
     9
100
AcDbSpline
210
0.0
220
0.0
230
1.0
 70
    24
 71
     3
 72
     8
 73
     4
 74
     0
 42
0.0000000001
 43
0.0000000001
 40
0.0
 40
0.0
 40
0.0
 40
0.0
 40
1.0
 40
1.0
 40
1.0
 40
1.0
 10
12.81765
 20
-5.41945
 30
0.0
 10
12.81765
 20
-5.41945
 30
0.0
 10
12.95523
 20
-5.41945
 30
0.0
 10
12.95523
 20
-5.41945
 30
0.0
  0
SPLINE
  5
150
330
1F
100
AcDbEntity
  8
Camada 1
 62
   251
370
     9
100
AcDbSpline
210
0.0
220
0.0
230
1.0
 70
    24
 71
     3
 72
    11
 73
     7
 74
     0
 42
0.0000000001
 43
0.0000000001
 40
0.0
 40
0.0
 40
0.0
 40
0.0
 40
0.5
 40
0.5
 40
0.5
 40
1.0
 40
1.0
 40
1.0
 40
1.0
 10
12.9517
 20
-5.35595
 30
0.0
 10
12.9517
 20
-5.35595
 30
0.0
 10
12.9517
 20
-5.35595
 30
0.0
 10
12.9517
 20
-5.35595
 30
0.0
 10
12.9517
 20
-5.35595
 30
0.0
 10
12.95523
 20
-5.35595
 30
0.0
 10
12.95523
 20
-5.35595
 30
0.0
  0
SPLINE
  5
151
330
1F
100
AcDbEntity
  8
Camada 1
 62
   251
370
     9
100
AcDbSpline
210
0.0
220
0.0
230
1.0
 70
    24
 71
     3
 72
     8
 73
     4
 74
     0
 42
0.0000000001
 43
0.0000000001
 40
0.0
 40
0.0
 40
0.0
 40
0.0
 40
1.0
 40
1.0
 40
1.0
 40
1.0
 10
12.95523
 20
-5.41945
 30
0.0
 10
12.95523
 20
-5.41945
 30
0.0
 10
12.95523
 20
-5.35595
 30
0.0
 10
12.95523
 20
-5.35595
 30
0.0
  0
SPLINE
  5
152
330
1F
100
AcDbEntity
  8
Camada 1
 62
   251
370
     9
100
AcDbSpline
210
0.0
220
0.0
230
1.0
 70
    24
 71
     3
 72
     8
 73
     4
 74
     0
 42
0.0000000001
 43
0.0000000001
 40
0.0
 40
0.0
 40
0.0
 40
0.0
 40
1.0
 40
1.0
 40
1.0
 40
1.0
 10
12.87762
 20
-5.28892
 30
0.0
 10
12.87762
 20
-5.28892
 30
0.0
 10
12.87762
 20
-5.28539
 30
0.0
 10
12.87762
 20
-5.28539
 30
0.0
  0
SPLINE
  5
153
330
1F
100
AcDbEntity
  8
Camada 1
 62
   251
370
     9
100
AcDbSpline
210
0.0
220
0.0
230
1.0
 70
     8
 71
     3
 72
    20
 73
    16
 74
     0
 42
0.0000000001
 43
0.0000000001
 40
0.0
 40
0.0
 40
0.0
 40
0.0
 40
0.2
 40
0.2
 40
0.2
 40
0.4
 40
0.4
 40
0.4
 40
0.6000000000000001
 40
0.6000000000000001
 40
0.6000000000000001
 40
0.8
 40
0.8
 40
0.8
 40
1.0
 40
1.0
 40
1.0
 40
1.0
 10
12.95523
 20
-5.35595
 30
0.0
 10
12.95523
 20
-5.35595
 30
0.0
 10
12.9517
 20
-5.33125
 30
0.0
 10
12.9517
 20
-5.33125
 30
0.0
 10
12.9517
 20
-5.33125
 30
0.0
 10
12.93759
 20
-5.31009
 30
0.0
 10
12.93759
 20
-5.31009
 30
0.0
 10
12.93759
 20
-5.31009
 30
0.0
 10
12.91995
 20
-5.29598
 30
0.0
 10
12.91995
 20
-5.29598
 30
0.0
 10
12.91995
 20
-5.29598
 30
0.0
 10
12.89879
 20
-5.28892
 30
0.0
 10
12.89879
 20
-5.28892
 30
0.0
 10
12.89879
 20
-5.28892
 30
0.0
 10
12.87762
 20
-5.28539
 30
0.0
 10
12.87762
 20
-5.28539
 30
0.0
  0
SPLINE
  5
154
330
1F
100
AcDbEntity
  8
Camada 1
 62
   251
370
     9
100
AcDbSpline
210
0.0
220
0.0
230
1.0
 70
    24
 71
     3
 72
     8
 73
     4
 74
     0
 42
0.0000000001
 43
0.0000000001
 40
0.0
 40
0.0
 40
0.0
 40
0.0
 40
1.0
 40
1.0
 40
1.0
 40
1.0
 10
12.8494
 20
-5.28892
 30
0.0
 10
12.8494
 20
-5.28892
 30
0.0
 10
12.8494
 20
-5.28539
 30
0.0
 10
12.8494
 20
-5.28539
 30
0.0
  0
SPLINE
  5
155
330
1F
100
AcDbEntity
  8
Camada 1
 62
   251
370
     9
100
AcDbSpline
210
0.0
220
0.0
230
1.0
 70
    24
 71
     3
 72
     8
 73
     4
 74
     0
 42
0.0000000001
 43
0.0000000001
 40
0.0
 40
0.0
 40
0.0
 40
0.0
 40
1.0
 40
1.0
 40
1.0
 40
1.0
 10
12.87762
 20
-5.28539
 30
0.0
 10
12.87762
 20
-5.28539
 30
0.0
 10
12.8494
 20
-5.28539
 30
0.0
 10
12.8494
 20
-5.28539
 30
0.0
  0
SPLINE
  5
156
330
1F
100
AcDbEntity
  8
Camada 1
 62
   251
370
     9
100
AcDbSpline
210
0.0
220
0.0
230
1.0
 70
    24
 71
     3
 72
     8
 73
     4
 74
     0
 42
0.0000000001
 43
0.0000000001
 40
0.0
 40
0.0
 40
0.0
 40
0.0
 40
1.0
 40
1.0
 40
1.0
 40
1.0
 10
12.77532
 20
-5.35595
 30
0.0
 10
12.77532
 20
-5.35595
 30
0.0
 10
12.77179
 20
-5.35595
 30
0.0
 10
12.77179
 20
-5.35595
 30
0.0
  0
SPLINE
  5
157
330
1F
100
AcDbEntity
  8
Camada 1
 62
   251
370
     9
100
AcDbSpline
210
0.0
220
0.0
230
1.0
 70
     8
 71
     3
 72
    20
 73
    16
 74
     0
 42
0.0000000001
 43
0.0000000001
 40
0.0
 40
0.0
 40
0.0
 40
0.0
 40
0.2
 40
0.2
 40
0.2
 40
0.4
 40
0.4
 40
0.4
 40
0.6000000000000001
 40
0.6000000000000001
 40
0.6000000000000001
 40
0.8
 40
0.8
 40
0.8
 40
1.0
 40
1.0
 40
1.0
 40
1.0
 10
12.8494
 20
-5.28539
 30
0.0
 10
12.8494
 20
-5.28539
 30
0.0
 10
12.8247
 20
-5.28892
 30
0.0
 10
12.8247
 20
-5.28892
 30
0.0
 10
12.8247
 20
-5.28892
 30
0.0
 10
12.80001
 20
-5.30303
 30
0.0
 10
12.80001
 20
-5.30303
 30
0.0
 10
12.80001
 20
-5.30303
 30
0.0
 10
12.78237
 20
-5.32067
 30
0.0
 10
12.78237
 20
-5.32067
 30
0.0
 10
12.78237
 20
-5.32067
 30
0.0
 10
12.77532
 20
-5.34536
 30
0.0
 10
12.77532
 20
-5.34536
 30
0.0
 10
12.77532
 20
-5.34536
 30
0.0
 10
12.77179
 20
-5.35595
 30
0.0
 10
12.77179
 20
-5.35595
 30
0.0
  0
SPLINE
  5
158
330
1F
100
AcDbEntity
  8
Camada 1
 62
   251
370
     9
100
AcDbSpline
210
0.0
220
0.0
230
1.0
 70
    24
 71
     3
 72
     8
 73
     4
 74
     0
 42
0.0000000001
 43
0.0000000001
 40
0.0
 40
0.0
 40
0.0
 40
0.0
 40
1.0
 40
1.0
 40
1.0
 40
1.0
 10
12.77532
 20
-5.45825
 30
0.0
 10
12.77532
 20
-5.45825
 30
0.0
 10
12.77179
 20
-5.45825
 30
0.0
 10
12.77179
 20
-5.45825
 30
0.0
  0
SPLINE
  5
159
330
1F
100
AcDbEntity
  8
Camada 1
 62
   251
370
     9
100
AcDbSpline
210
0.0
220
0.0
230
1.0
 70
    24
 71
     3
 72
     8
 73
     4
 74
     0
 42
0.0000000001
 43
0.0000000001
 40
0.0
 40
0.0
 40
0.0
 40
0.0
 40
1.0
 40
1.0
 40
1.0
 40
1.0
 10
12.77179
 20
-5.35595
 30
0.0
 10
12.77179
 20
-5.35595
 30
0.0
 10
12.77179
 20
-5.45825
 30
0.0
 10
12.77179
 20
-5.45825
 30
0.0
  0
SPLINE
  5
15A
330
1F
100
AcDbEntity
  8
Camada 1
 62
   251
370
     9
100
AcDbSpline
210
0.0
220
0.0
230
1.0
 70
    24
 71
     3
 72
     8
 73
     4
 74
     0
 42
0.0000000001
 43
0.0000000001
 40
0.0
 40
0.0
 40
0.0
 40
0.0
 40
1.0
 40
1.0
 40
1.0
 40
1.0
 10
12.8494
 20
-5.52528
 30
0.0
 10
12.8494
 20
-5.52528
 30
0.0
 10
12.8494
 20
-5.52881
 30
0.0
 10
12.8494
 20
-5.52881
 30
0.0
  0
SPLINE
  5
15B
330
1F
100
AcDbEntity
  8
Camada 1
 62
   251
370
     9
100
AcDbSpline
210
0.0
220
0.0
230
1.0
 70
     8
 71
     3
 72
    20
 73
    16
 74
     0
 42
0.0000000001
 43
0.0000000001
 40
0.0
 40
0.0
 40
0.0
 40
0.0
 40
0.2
 40
0.2
 40
0.2
 40
0.4
 40
0.4
 40
0.4
 40
0.6000000000000001
 40
0.6000000000000001
 40
0.6000000000000001
 40
0.8
 40
0.8
 40
0.8
 40
1.0
 40
1.0
 40
1.0
 40
1.0
 10
12.77179
 20
-5.45825
 30
0.0
 10
12.77179
 20
-5.45825
 30
0.0
 10
12.77532
 20
-5.48295
 30
0.0
 10
12.77532
 20
-5.48295
 30
0.0
 10
12.77532
 20
-5.48295
 30
0.0
 10
12.78943
 20
-5.50059
 30
0.0
 10
12.78943
 20
-5.50059
 30
0.0
 10
12.78943
 20
-5.50059
 30
0.0
 10
12.80354
 20
-5.5147
 30
0.0
 10
12.80354
 20
-5.5147
 30
0.0
 10
12.80354
 20
-5.5147
 30
0.0
 10
12.82823
 20
-5.52528
 30
0.0
 10
12.82823
 20
-5.52528
 30
0.0
 10
12.82823
 20
-5.52528
 30
0.0
 10
12.8494
 20
-5.52881
 30
0.0
 10
12.8494
 20
-5.52881
 30
0.0
  0
SPLINE
  5
15C
330
1F
100
AcDbEntity
  8
Camada 1
 62
   251
370
     9
100
AcDbSpline
210
0.0
220
0.0
230
1.0
 70
    24
 71
     3
 72
     8
 73
     4
 74
     0
 42
0.0000000001
 43
0.0000000001
 40
0.0
 40
0.0
 40
0.0
 40
0.0
 40
1.0
 40
1.0
 40
1.0
 40
1.0
 10
12.87762
 20
-5.52528
 30
0.0
 10
12.87762
 20
-5.52528
 30
0.0
 10
12.87762
 20
-5.52881
 30
0.0
 10
12.87762
 20
-5.52881
 30
0.0
  0
SPLINE
  5
15D
330
1F
100
AcDbEntity
  8
Camada 1
 62
   251
370
     9
100
AcDbSpline
210
0.0
220
0.0
230
1.0
 70
    24
 71
     3
 72
     8
 73
     4
 74
     0
 42
0.0000000001
 43
0.0000000001
 40
0.0
 40
0.0
 40
0.0
 40
0.0
 40
1.0
 40
1.0
 40
1.0
 40
1.0
 10
12.8494
 20
-5.52881
 30
0.0
 10
12.8494
 20
-5.52881
 30
0.0
 10
12.87762
 20
-5.52881
 30
0.0
 10
12.87762
 20
-5.52881
 30
0.0
  0
SPLINE
  5
15E
330
1F
100
AcDbEntity
  8
Camada 1
 62
   251
370
     9
100
AcDbSpline
210
0.0
220
0.0
230
1.0
 70
     8
 71
     3
 72
    17
 73
    13
 74
     0
 42
0.0000000001
 43
0.0000000001
 40
0.0
 40
0.0
 40
0.0
 40
0.0
 40
0.25
 40
0.25
 40
0.25
 40
0.5
 40
0.5
 40
0.5
 40
0.75
 40
0.75
 40
0.75
 40
1.0
 40
1.0
 40
1.0
 40
1.0
 10
12.87762
 20
-5.52881
 30
0.0
 10
12.87762
 20
-5.52881
 30
0.0
 10
12.90232
 20
-5.52528
 30
0.0
 10
12.90232
 20
-5.52528
 30
0.0
 10
12.90232
 20
-5.52528
 30
0.0
 10
12.92701
 20
-5.5147
 30
0.0
 10
12.92701
 20
-5.5147
 30
0.0
 10
12.92701
 20
-5.5147
 30
0.0
 10
12.94465
 20
-5.49353
 30
0.0
 10
12.94465
 20
-5.49353
 30
0.0
 10
12.94465
 20
-5.49353
 30
0.0
 10
12.9517
 20
-5.47589
 30
0.0
 10
12.9517
 20
-5.47589
 30
0.0
  0
SPLINE
  5
15F
330
1F
100
AcDbEntity
  8
Camada 1
 62
   251
370
     9
100
AcDbSpline
210
0.0
220
0.0
230
1.0
 70
    24
 71
     3
 72
    11
 73
     7
 74
     0
 42
0.0000000001
 43
0.0000000001
 40
0.0
 40
0.0
 40
0.0
 40
0.0
 40
0.5
 40
0.5
 40
0.5
 40
1.0
 40
1.0
 40
1.0
 40
1.0
 10
13.52673
 20
-5.31714
 30
0.0
 10
13.52673
 20
-5.31714
 30
0.0
 10
13.52673
 20
-5.31714
 30
0.0
 10
13.52673
 20
-5.31714
 30
0.0
 10
13.52673
 20
-5.31714
 30
0.0
 10
13.52673
 20
-5.32067
 30
0.0
 10
13.52673
 20
-5.32067
 30
0.0
  0
SPLINE
  5
160
330
1F
100
AcDbEntity
  8
Camada 1
 62
   251
370
     9
100
AcDbSpline
210
0.0
220
0.0
230
1.0
 70
     8
 71
     3
 72
    14
 73
    10
 74
     0
 42
0.0000000001
 43
0.0000000001
 40
0.0
 40
0.0
 40
0.0
 40
0.0
 40
0.3333333333333333
 40
0.3333333333333333
 40
0.3333333333333333
 40
0.6666666666666666
 40
0.6666666666666666
 40
0.6666666666666666
 40
1.0
 40
1.0
 40
1.0
 40
1.0
 10
13.49498
 20
-5.30656
 30
0.0
 10
13.49498
 20
-5.30656
 30
0.0
 10
13.50909
 20
-5.30656
 30
0.0
 10
13.50909
 20
-5.30656
 30
0.0
 10
13.50909
 20
-5.30656
 30
0.0
 10
13.5232
 20
-5.31361
 30
0.0
 10
13.5232
 20
-5.31361
 30
0.0
 10
13.5232
 20
-5.31361
 30
0.0
 10
13.52673
 20
-5.32067
 30
0.0
 10
13.52673
 20
-5.32067
 30
0.0
  0
SPLINE
  5
161
330
1F
100
AcDbEntity
  8
Camada 1
 62
   251
370
     9
100
AcDbSpline
210
0.0
220
0.0
230
1.0
 70
    24
 71
     3
 72
     8
 73
     4
 74
     0
 42
0.0000000001
 43
0.0000000001
 40
0.0
 40
0.0
 40
0.0
 40
0.0
 40
1.0
 40
1.0
 40
1.0
 40
1.0
 10
13.52673
 20
-5.32067
 30
0.0
 10
13.52673
 20
-5.32067
 30
0.0
 10
13.56554
 20
-5.31009
 30
0.0
 10
13.56554
 20
-5.31009
 30
0.0
  0
SPLINE
  5
162
330
1F
100
AcDbEntity
  8
Camada 1
 62
   251
370
     9
100
AcDbSpline
210
0.0
220
0.0
230
1.0
 70
    24
 71
     3
 72
     8
 73
     4
 74
     0
 42
0.0000000001
 43
0.0000000001
 40
0.0
 40
0.0
 40
0.0
 40
0.0
 40
1.0
 40
1.0
 40
1.0
 40
1.0
 10
12.9129
 20
-5.40181
 30
0.0
 10
12.9129
 20
-5.40181
 30
0.0
 10
12.90937
 20
-5.39828
 30
0.0
 10
12.90937
 20
-5.39828
 30
0.0
  0
SPLINE
  5
163
330
1F
100
AcDbEntity
  8
Camada 1
 62
   251
370
     9
100
AcDbSpline
210
0.0
220
0.0
230
1.0
 70
    24
 71
     3
 72
     8
 73
     4
 74
     0
 42
0.0000000001
 43
0.0000000001
 40
0.0
 40
0.0
 40
0.0
 40
0.0
 40
1.0
 40
1.0
 40
1.0
 40
1.0
 10
12.81412
 20
-5.40181
 30
0.0
 10
12.81412
 20
-5.40181
 30
0.0
 10
12.81765
 20
-5.39828
 30
0.0
 10
12.81765
 20
-5.39828
 30
0.0
  0
SPLINE
  5
164
330
1F
100
AcDbEntity
  8
Camada 1
 62
   251
370
     9
100
AcDbSpline
210
0.0
220
0.0
230
1.0
 70
    24
 71
     3
 72
     8
 73
     4
 74
     0
 42
0.0000000001
 43
0.0000000001
 40
0.0
 40
0.0
 40
0.0
 40
0.0
 40
1.0
 40
1.0
 40
1.0
 40
1.0
 10
12.81765
 20
-5.39828
 30
0.0
 10
12.81765
 20
-5.39828
 30
0.0
 10
12.90937
 20
-5.39828
 30
0.0
 10
12.90937
 20
-5.39828
 30
0.0
  0
SPLINE
  5
165
330
1F
100
AcDbEntity
  8
Camada 1
 62
   251
370
     9
100
AcDbSpline
210
0.0
220
0.0
230
1.0
 70
    24
 71
     3
 72
     8
 73
     4
 74
     0
 42
0.0000000001
 43
0.0000000001
 40
0.0
 40
0.0
 40
0.0
 40
0.0
 40
1.0
 40
1.0
 40
1.0
 40
1.0
 10
12.9129
 20
-5.35242
 30
0.0
 10
12.9129
 20
-5.35242
 30
0.0
 10
12.90937
 20
-5.35242
 30
0.0
 10
12.90937
 20
-5.35242
 30
0.0
  0
SPLINE
  5
166
330
1F
100
AcDbEntity
  8
Camada 1
 62
   251
370
     9
100
AcDbSpline
210
0.0
220
0.0
230
1.0
 70
    24
 71
     3
 72
     8
 73
     4
 74
     0
 42
0.0000000001
 43
0.0000000001
 40
0.0
 40
0.0
 40
0.0
 40
0.0
 40
1.0
 40
1.0
 40
1.0
 40
1.0
 10
12.90937
 20
-5.39828
 30
0.0
 10
12.90937
 20
-5.39828
 30
0.0
 10
12.90937
 20
-5.35242
 30
0.0
 10
12.90937
 20
-5.35242
 30
0.0
  0
SPLINE
  5
167
330
1F
100
AcDbEntity
  8
Camada 1
 62
   251
370
     9
100
AcDbSpline
210
0.0
220
0.0
230
1.0
 70
    24
 71
     3
 72
     8
 73
     4
 74
     0
 42
0.0000000001
 43
0.0000000001
 40
0.0
 40
0.0
 40
0.0
 40
0.0
 40
1.0
 40
1.0
 40
1.0
 40
1.0
 10
12.86351
 20
-5.30303
 30
0.0
 10
12.86351
 20
-5.30303
 30
0.0
 10
12.86351
 20
-5.30656
 30
0.0
 10
12.86351
 20
-5.30656
 30
0.0
  0
SPLINE
  5
168
330
1F
100
AcDbEntity
  8
Camada 1
 62
   251
370
     9
100
AcDbSpline
210
0.0
220
0.0
230
1.0
 70
     8
 71
     3
 72
    20
 73
    16
 74
     0
 42
0.0000000001
 43
0.0000000001
 40
0.0
 40
0.0
 40
0.0
 40
0.0
 40
0.2
 40
0.2
 40
0.2
 40
0.4
 40
0.4
 40
0.4
 40
0.6000000000000001
 40
0.6000000000000001
 40
0.6000000000000001
 40
0.8
 40
0.8
 40
0.8
 40
1.0
 40
1.0
 40
1.0
 40
1.0
 10
12.90937
 20
-5.35242
 30
0.0
 10
12.90937
 20
-5.35242
 30
0.0
 10
12.90584
 20
-5.33478
 30
0.0
 10
12.90584
 20
-5.33478
 30
0.0
 10
12.90584
 20
-5.33478
 30
0.0
 10
12.89879
 20
-5.3242
 30
0.0
 10
12.89879
 20
-5.3242
 30
0.0
 10
12.89879
 20
-5.3242
 30
0.0
 10
12.8882
 20
-5.31361
 30
0.0
 10
12.8882
 20
-5.31361
 30
0.0
 10
12.8882
 20
-5.31361
 30
0.0
 10
12.87409
 20
-5.30656
 30
0.0
 10
12.87409
 20
-5.30656
 30
0.0
 10
12.87409
 20
-5.30656
 30
0.0
 10
12.86351
 20
-5.30656
 30
0.0
 10
12.86351
 20
-5.30656
 30
0.0
  0
SPLINE
  5
169
330
1F
100
AcDbEntity
  8
Camada 1
 62
   251
370
     9
100
AcDbSpline
210
0.0
220
0.0
230
1.0
 70
    24
 71
     3
 72
     8
 73
     4
 74
     0
 42
0.0000000001
 43
0.0000000001
 40
0.0
 40
0.0
 40
0.0
 40
0.0
 40
1.0
 40
1.0
 40
1.0
 40
1.0
 10
12.81412
 20
-5.35242
 30
0.0
 10
12.81412
 20
-5.35242
 30
0.0
 10
12.81765
 20
-5.35242
 30
0.0
 10
12.81765
 20
-5.35242
 30
0.0
  0
SPLINE
  5
16A
330
1F
100
AcDbEntity
  8
Camada 1
 62
   251
370
     9
100
AcDbSpline
210
0.0
220
0.0
230
1.0
 70
     8
 71
     3
 72
    20
 73
    16
 74
     0
 42
0.0000000001
 43
0.0000000001
 40
0.0
 40
0.0
 40
0.0
 40
0.0
 40
0.2
 40
0.2
 40
0.2
 40
0.4
 40
0.4
 40
0.4
 40
0.6000000000000001
 40
0.6000000000000001
 40
0.6000000000000001
 40
0.8
 40
0.8
 40
0.8
 40
1.0
 40
1.0
 40
1.0
 40
1.0
 10
12.86351
 20
-5.30656
 30
0.0
 10
12.86351
 20
-5.30656
 30
0.0
 10
12.8494
 20
-5.30656
 30
0.0
 10
12.8494
 20
-5.30656
 30
0.0
 10
12.8494
 20
-5.30656
 30
0.0
 10
12.83529
 20
-5.31361
 30
0.0
 10
12.83529
 20
-5.31361
 30
0.0
 10
12.83529
 20
-5.31361
 30
0.0
 10
12.8247
 20
-5.32773
 30
0.0
 10
12.8247
 20
-5.32773
 30
0.0
 10
12.8247
 20
-5.32773
 30
0.0
 10
12.82118
 20
-5.34184
 30
0.0
 10
12.82118
 20
-5.34184
 30
0.0
 10
12.82118
 20
-5.34184
 30
0.0
 10
12.81765
 20
-5.35242
 30
0.0
 10
12.81765
 20
-5.35242
 30
0.0
  0
SPLINE
  5
16B
330
1F
100
AcDbEntity
  8
Camada 1
 62
   251
370
     9
100
AcDbSpline
210
0.0
220
0.0
230
1.0
 70
    24
 71
     3
 72
     8
 73
     4
 74
     0
 42
0.0000000001
 43
0.0000000001
 40
0.0
 40
0.0
 40
0.0
 40
0.0
 40
1.0
 40
1.0
 40
1.0
 40
1.0
 10
12.81765
 20
-5.35242
 30
0.0
 10
12.81765
 20
-5.35242
 30
0.0
 10
12.81765
 20
-5.39828
 30
0.0
 10
12.81765
 20
-5.39828
 30
0.0
  0
SPLINE
  5
16C
330
1F
100
AcDbEntity
  8
Camada 1
 62
   251
370
     9
100
AcDbSpline
210
0.0
220
0.0
230
1.0
 70
    24
 71
     3
 72
     8
 73
     4
 74
     0
 42
0.0000000001
 43
0.0000000001
 40
0.0
 40
0.0
 40
0.0
 40
0.0
 40
1.0
 40
1.0
 40
1.0
 40
1.0
 10
13.74898
 20
-5.52528
 30
0.0
 10
13.74898
 20
-5.52528
 30
0.0
 10
13.74898
 20
-5.52881
 30
0.0
 10
13.74898
 20
-5.52881
 30
0.0
  0
SPLINE
  5
16D
330
1F
100
AcDbEntity
  8
Camada 1
 62
   251
370
     9
100
AcDbSpline
210
0.0
220
0.0
230
1.0
 70
    24
 71
     3
 72
     8
 73
     4
 74
     0
 42
0.0000000001
 43
0.0000000001
 40
0.0
 40
0.0
 40
0.0
 40
0.0
 40
1.0
 40
1.0
 40
1.0
 40
1.0
 10
13.7772
 20
-5.52528
 30
0.0
 10
13.7772
 20
-5.52528
 30
0.0
 10
13.7772
 20
-5.52881
 30
0.0
 10
13.7772
 20
-5.52881
 30
0.0
  0
SPLINE
  5
16E
330
1F
100
AcDbEntity
  8
Camada 1
 62
   251
370
     9
100
AcDbSpline
210
0.0
220
0.0
230
1.0
 70
    24
 71
     3
 72
     8
 73
     4
 74
     0
 42
0.0000000001
 43
0.0000000001
 40
0.0
 40
0.0
 40
0.0
 40
0.0
 40
1.0
 40
1.0
 40
1.0
 40
1.0
 10
13.74898
 20
-5.52881
 30
0.0
 10
13.74898
 20
-5.52881
 30
0.0
 10
13.7772
 20
-5.52881
 30
0.0
 10
13.7772
 20
-5.52881
 30
0.0
  0
SPLINE
  5
16F
330
1F
100
AcDbEntity
  8
Camada 1
 62
   251
370
     9
100
AcDbSpline
210
0.0
220
0.0
230
1.0
 70
    24
 71
     3
 72
     8
 73
     4
 74
     0
 42
0.0000000001
 43
0.0000000001
 40
0.0
 40
0.0
 40
0.0
 40
0.0
 40
1.0
 40
1.0
 40
1.0
 40
1.0
 10
12.4437
 20
-5.24306
 30
0.0
 10
12.4437
 20
-5.24306
 30
0.0
 10
12.4437
 20
-5.24659
 30
0.0
 10
12.4437
 20
-5.24659
 30
0.0
  0
SPLINE
  5
170
330
1F
100
AcDbEntity
  8
Camada 1
 62
   251
370
     9
100
AcDbSpline
210
0.0
220
0.0
230
1.0
 70
     8
 71
     3
 72
    20
 73
    16
 74
     0
 42
0.0000000001
 43
0.0000000001
 40
0.0
 40
0.0
 40
0.0
 40
0.0
 40
0.2
 40
0.2
 40
0.2
 40
0.4
 40
0.4
 40
0.4
 40
0.6000000000000001
 40
0.6000000000000001
 40
0.6000000000000001
 40
0.8
 40
0.8
 40
0.8
 40
1.0
 40
1.0
 40
1.0
 40
1.0
 10
12.4437
 20
-5.24306
 30
0.0
 10
12.4437
 20
-5.24306
 30
0.0
 10
12.46134
 20
-5.24306
 30
0.0
 10
12.46134
 20
-5.24306
 30
0.0
 10
12.46134
 20
-5.24306
 30
0.0
 10
12.47545
 20
-5.25364
 30
0.0
 10
12.47545
 20
-5.25364
 30
0.0
 10
12.47545
 20
-5.25364
 30
0.0
 10
12.48604
 20
-5.26422
 30
0.0
 10
12.48604
 20
-5.26422
 30
0.0
 10
12.48604
 20
-5.26422
 30
0.0
 10
12.49309
 20
-5.27834
 30
0.0
 10
12.49309
 20
-5.27834
 30
0.0
 10
12.49309
 20
-5.27834
 30
0.0
 10
12.49309
 20
-5.28539
 30
0.0
 10
12.49309
 20
-5.28539
 30
0.0
  0
SPLINE
  5
171
330
1F
100
AcDbEntity
  8
Camada 1
 62
   251
370
     9
100
AcDbSpline
210
0.0
220
0.0
230
1.0
 70
     8
 71
     3
 72
    20
 73
    16
 74
     0
 42
0.0000000001
 43
0.0000000001
 40
0.0
 40
0.0
 40
0.0
 40
0.0
 40
0.2
 40
0.2
 40
0.2
 40
0.4
 40
0.4
 40
0.4
 40
0.6000000000000001
 40
0.6000000000000001
 40
0.6000000000000001
 40
0.8
 40
0.8
 40
0.8
 40
1.0
 40
1.0
 40
1.0
 40
1.0
 10
12.4437
 20
-5.24659
 30
0.0
 10
12.4437
 20
-5.24659
 30
0.0
 10
12.46134
 20
-5.24659
 30
0.0
 10
12.46134
 20
-5.24659
 30
0.0
 10
12.46134
 20
-5.24659
 30
0.0
 10
12.47193
 20
-5.25364
 30
0.0
 10
12.47193
 20
-5.25364
 30
0.0
 10
12.47193
 20
-5.25364
 30
0.0
 10
12.48251
 20
-5.26775
 30
0.0
 10
12.48251
 20
-5.26775
 30
0.0
 10
12.48251
 20
-5.26775
 30
0.0
 10
12.48957
 20
-5.28186
 30
0.0
 10
12.48957
 20
-5.28186
 30
0.0
 10
12.48957
 20
-5.28186
 30
0.0
 10
12.48957
 20
-5.28892
 30
0.0
 10
12.48957
 20
-5.28892
 30
0.0
  0
SPLINE
  5
172
330
1F
100
AcDbEntity
  8
Camada 1
 62
   251
370
     9
100
AcDbSpline
210
0.0
220
0.0
230
1.0
 70
    24
 71
     3
 72
     8
 73
     4
 74
     0
 42
0.0000000001
 43
0.0000000001
 40
0.0
 40
0.0
 40
0.0
 40
0.0
 40
1.0
 40
1.0
 40
1.0
 40
1.0
 10
13.85129
 20
-5.45825
 30
0.0
 10
13.85129
 20
-5.45825
 30
0.0
 10
13.85482
 20
-5.45825
 30
0.0
 10
13.85482
 20
-5.45825
 30
0.0
  0
SPLINE
  5
173
330
1F
100
AcDbEntity
  8
Camada 1
 62
   251
370
     9
100
AcDbSpline
210
0.0
220
0.0
230
1.0
 70
    24
 71
     3
 72
     8
 73
     4
 74
     0
 42
0.0000000001
 43
0.0000000001
 40
0.0
 40
0.0
 40
0.0
 40
0.0
 40
1.0
 40
1.0
 40
1.0
 40
1.0
 10
13.85129
 20
-5.35595
 30
0.0
 10
13.85129
 20
-5.35595
 30
0.0
 10
13.85482
 20
-5.35595
 30
0.0
 10
13.85482
 20
-5.35595
 30
0.0
  0
SPLINE
  5
174
330
1F
100
AcDbEntity
  8
Camada 1
 62
   251
370
     9
100
AcDbSpline
210
0.0
220
0.0
230
1.0
 70
    24
 71
     3
 72
     8
 73
     4
 74
     0
 42
0.0000000001
 43
0.0000000001
 40
0.0
 40
0.0
 40
0.0
 40
0.0
 40
1.0
 40
1.0
 40
1.0
 40
1.0
 10
13.85482
 20
-5.45825
 30
0.0
 10
13.85482
 20
-5.45825
 30
0.0
 10
13.85482
 20
-5.35595
 30
0.0
 10
13.85482
 20
-5.35595
 30
0.0
  0
SPLINE
  5
175
330
1F
100
AcDbEntity
  8
Camada 1
 62
   251
370
     9
100
AcDbSpline
210
0.0
220
0.0
230
1.0
 70
     8
 71
     3
 72
    17
 73
    13
 74
     0
 42
0.0000000001
 43
0.0000000001
 40
0.0
 40
0.0
 40
0.0
 40
0.0
 40
0.25
 40
0.25
 40
0.25
 40
0.5
 40
0.5
 40
0.5
 40
0.75
 40
0.75
 40
0.75
 40
1.0
 40
1.0
 40
1.0
 40
1.0
 10
12.52837
 20
-5.27481
 30
0.0
 10
12.52837
 20
-5.27481
 30
0.0
 10
12.51779
 20
-5.25717
 30
0.0
 10
12.51779
 20
-5.25717
 30
0.0
 10
12.51779
 20
-5.25717
 30
0.0
 10
12.50368
 20
-5.24306
 30
0.0
 10
12.50368
 20
-5.24306
 30
0.0
 10
12.50368
 20
-5.24306
 30
0.0
 10
12.48251
 20
-5.23247
 30
0.0
 10
12.48251
 20
-5.23247
 30
0.0
 10
12.48251
 20
-5.23247
 30
0.0
 10
12.45782
 20
-5.22895
 30
0.0
 10
12.45782
 20
-5.22895
 30
0.0
  0
SPLINE
  5
176
330
1F
100
AcDbEntity
  8
Camada 1
 62
   251
370
     9
100
AcDbSpline
210
0.0
220
0.0
230
1.0
 70
    24
 71
     3
 72
     8
 73
     4
 74
     0
 42
0.0000000001
 43
0.0000000001
 40
0.0
 40
0.0
 40
0.0
 40
0.0
 40
1.0
 40
1.0
 40
1.0
 40
1.0
 10
12.45782
 20
-5.22895
 30
0.0
 10
12.45782
 20
-5.22895
 30
0.0
 10
12.45782
 20
-5.22542
 30
0.0
 10
12.45782
 20
-5.22542
 30
0.0
  0
SPLINE
  5
177
330
1F
100
AcDbEntity
  8
Camada 1
 62
   251
370
     9
100
AcDbSpline
210
0.0
220
0.0
230
1.0
 70
     8
 71
     3
 72
    20
 73
    16
 74
     0
 42
0.0000000001
 43
0.0000000001
 40
0.0
 40
0.0
 40
0.0
 40
0.0
 40
0.2
 40
0.2
 40
0.2
 40
0.4
 40
0.4
 40
0.4
 40
0.6000000000000001
 40
0.6000000000000001
 40
0.6000000000000001
 40
0.8
 40
0.8
 40
0.8
 40
1.0
 40
1.0
 40
1.0
 40
1.0
 10
12.5319
 20
-5.27834
 30
0.0
 10
12.5319
 20
-5.27834
 30
0.0
 10
12.52484
 20
-5.25717
 30
0.0
 10
12.52484
 20
-5.25717
 30
0.0
 10
12.52484
 20
-5.25717
 30
0.0
 10
12.51073
 20
-5.24306
 30
0.0
 10
12.51073
 20
-5.24306
 30
0.0
 10
12.51073
 20
-5.24306
 30
0.0
 10
12.48957
 20
-5.22895
 30
0.0
 10
12.48957
 20
-5.22895
 30
0.0
 10
12.48957
 20
-5.22895
 30
0.0
 10
12.46134
 20
-5.22542
 30
0.0
 10
12.46134
 20
-5.22542
 30
0.0
 10
12.46134
 20
-5.22542
 30
0.0
 10
12.45782
 20
-5.22542
 30
0.0
 10
12.45782
 20
-5.22542
 30
0.0
  0
SPLINE
  5
178
330
1F
100
AcDbEntity
  8
Camada 1
 62
   251
370
     9
100
AcDbSpline
210
0.0
220
0.0
230
1.0
 70
    24
 71
     3
 72
     8
 73
     4
 74
     0
 42
0.0000000001
 43
0.0000000001
 40
0.0
 40
0.0
 40
0.0
 40
0.0
 40
1.0
 40
1.0
 40
1.0
 40
1.0
 10
12.45782
 20
-5.22895
 30
0.0
 10
12.45782
 20
-5.22895
 30
0.0
 10
12.43312
 20
-5.22895
 30
0.0
 10
12.43312
 20
-5.22895
 30
0.0
  0
SPLINE
  5
179
330
1F
100
AcDbEntity
  8
Camada 1
 62
   251
370
     9
100
AcDbSpline
210
0.0
220
0.0
230
1.0
 70
    24
 71
     3
 72
     8
 73
     4
 74
     0
 42
0.0000000001
 43
0.0000000001
 40
0.0
 40
0.0
 40
0.0
 40
0.0
 40
1.0
 40
1.0
 40
1.0
 40
1.0
 10
12.43312
 20
-5.22895
 30
0.0
 10
12.43312
 20
-5.22895
 30
0.0
 10
12.43312
 20
-5.22542
 30
0.0
 10
12.43312
 20
-5.22542
 30
0.0
  0
SPLINE
  5
17A
330
1F
100
AcDbEntity
  8
Camada 1
 62
   251
370
     9
100
AcDbSpline
210
0.0
220
0.0
230
1.0
 70
    24
 71
     3
 72
     8
 73
     4
 74
     0
 42
0.0000000001
 43
0.0000000001
 40
0.0
 40
0.0
 40
0.0
 40
0.0
 40
1.0
 40
1.0
 40
1.0
 40
1.0
 10
12.45782
 20
-5.22542
 30
0.0
 10
12.45782
 20
-5.22542
 30
0.0
 10
12.43312
 20
-5.22542
 30
0.0
 10
12.43312
 20
-5.22542
 30
0.0
  0
SPLINE
  5
17B
330
1F
100
AcDbEntity
  8
Camada 1
 62
   251
370
     9
100
AcDbSpline
210
0.0
220
0.0
230
1.0
 70
     8
 71
     3
 72
    14
 73
    10
 74
     0
 42
0.0000000001
 43
0.0000000001
 40
0.0
 40
0.0
 40
0.0
 40
0.0
 40
0.3333333333333333
 40
0.3333333333333333
 40
0.3333333333333333
 40
0.6666666666666666
 40
0.6666666666666666
 40
0.6666666666666666
 40
1.0
 40
1.0
 40
1.0
 40
1.0
 10
12.43312
 20
-5.22895
 30
0.0
 10
12.43312
 20
-5.22895
 30
0.0
 10
12.40843
 20
-5.23247
 30
0.0
 10
12.40843
 20
-5.23247
 30
0.0
 10
12.40843
 20
-5.23247
 30
0.0
 10
12.38373
 20
-5.24306
 30
0.0
 10
12.38373
 20
-5.24306
 30
0.0
 10
12.38373
 20
-5.24306
 30
0.0
 10
12.36609
 20
-5.2607
 30
0.0
 10
12.36609
 20
-5.2607
 30
0.0
  0
SPLINE
  5
17D
330
1F
100
AcDbEntity
  8
Camada 1
 62
   251
370
     9
100
AcDbSpline
210
0.0
220
0.0
230
1.0
 70
     8
 71
     3
 72
    14
 73
    10
 74
     0
 42
0.0000000001
 43
0.0000000001
 40
0.0
 40
0.0
 40
0.0
 40
0.0
 40
0.3333333333333333
 40
0.3333333333333333
 40
0.3333333333333333
 40
0.6666666666666666
 40
0.6666666666666666
 40
0.6666666666666666
 40
1.0
 40
1.0
 40
1.0
 40
1.0
 10
12.43312
 20
-5.22542
 30
0.0
 10
12.43312
 20
-5.22542
 30
0.0
 10
12.40843
 20
-5.22895
 30
0.0
 10
12.40843
 20
-5.22895
 30
0.0
 10
12.40843
 20
-5.22895
 30
0.0
 10
12.3802
 20
-5.23953
 30
0.0
 10
12.3802
 20
-5.23953
 30
0.0
 10
12.3802
 20
-5.23953
 30
0.0
 10
12.36609
 20
-5.2607
 30
0.0
 10
12.36609
 20
-5.2607
 30
0.0
  0
SPLINE
  5
17E
330
1F
100
AcDbEntity
  8
Camada 1
 62
   251
370
     9
100
AcDbSpline
210
0.0
220
0.0
230
1.0
 70
     8
 71
     3
 72
    20
 73
    16
 74
     0
 42
0.0000000001
 43
0.0000000001
 40
0.0
 40
0.0
 40
0.0
 40
0.0
 40
0.2
 40
0.2
 40
0.2
 40
0.4
 40
0.4
 40
0.4
 40
0.6000000000000001
 40
0.6000000000000001
 40
0.6000000000000001
 40
0.8
 40
0.8
 40
0.8
 40
1.0
 40
1.0
 40
1.0
 40
1.0
 10
12.36609
 20
-5.2607
 30
0.0
 10
12.36609
 20
-5.2607
 30
0.0
 10
12.35904
 20
-5.28186
 30
0.0
 10
12.35904
 20
-5.28186
 30
0.0
 10
12.35904
 20
-5.28186
 30
0.0
 10
12.35904
 20
-5.2995
 30
0.0
 10
12.35904
 20
-5.2995
 30
0.0
 10
12.35904
 20
-5.2995
 30
0.0
 10
12.36257
 20
-5.31361
 30
0.0
 10
12.36257
 20
-5.31361
 30
0.0
 10
12.36257
 20
-5.31361
 30
0.0
 10
12.3802
 20
-5.33831
 30
0.0
 10
12.3802
 20
-5.33831
 30
0.0
 10
12.3802
 20
-5.33831
 30
0.0
 10
12.42607
 20
-5.37711
 30
0.0
 10
12.42607
 20
-5.37711
 30
0.0
  0
SPLINE
  5
17F
330
1F
100
AcDbEntity
  8
Camada 1
 62
   251
370
     9
100
AcDbSpline
210
0.0
220
0.0
230
1.0
 70
    24
 71
     3
 72
     8
 73
     4
 74
     0
 42
0.0000000001
 43
0.0000000001
 40
0.0
 40
0.0
 40
0.0
 40
0.0
 40
1.0
 40
1.0
 40
1.0
 40
1.0
 10
12.42607
 20
-5.37711
 30
0.0
 10
12.42607
 20
-5.37711
 30
0.0
 10
12.42254
 20
-5.38064
 30
0.0
 10
12.42254
 20
-5.38064
 30
0.0
  0
SPLINE
  5
180
330
1F
100
AcDbEntity
  8
Camada 1
 62
   251
370
     9
100
AcDbSpline
210
0.0
220
0.0
230
1.0
 70
     8
 71
     3
 72
    20
 73
    16
 74
     0
 42
0.0000000001
 43
0.0000000001
 40
0.0
 40
0.0
 40
0.0
 40
0.0
 40
0.2
 40
0.2
 40
0.2
 40
0.4
 40
0.4
 40
0.4
 40
0.6000000000000001
 40
0.6000000000000001
 40
0.6000000000000001
 40
0.8
 40
0.8
 40
0.8
 40
1.0
 40
1.0
 40
1.0
 40
1.0
 10
12.36609
 20
-5.2607
 30
0.0
 10
12.36609
 20
-5.2607
 30
0.0
 10
12.35551
 20
-5.28186
 30
0.0
 10
12.35551
 20
-5.28186
 30
0.0
 10
12.35551
 20
-5.28186
 30
0.0
 10
12.35551
 20
-5.2995
 30
0.0
 10
12.35551
 20
-5.2995
 30
0.0
 10
12.35551
 20
-5.2995
 30
0.0
 10
12.35904
 20
-5.31714
 30
0.0
 10
12.35904
 20
-5.31714
 30
0.0
 10
12.35904
 20
-5.31714
 30
0.0
 10
12.37668
 20
-5.34184
 30
0.0
 10
12.37668
 20
-5.34184
 30
0.0
 10
12.37668
 20
-5.34184
 30
0.0
 10
12.42254
 20
-5.38064
 30
0.0
 10
12.42254
 20
-5.38064
 30
0.0
  0
SPLINE
  5
181
330
1F
100
AcDbEntity
  8
Camada 1
 62
   251
370
     9
100
AcDbSpline
210
0.0
220
0.0
230
1.0
 70
     8
 71
     3
 72
    17
 73
    13
 74
     0
 42
0.0000000001
 43
0.0000000001
 40
0.0
 40
0.0
 40
0.0
 40
0.0
 40
0.25
 40
0.25
 40
0.25
 40
0.5
 40
0.5
 40
0.5
 40
0.75
 40
0.75
 40
0.75
 40
1.0
 40
1.0
 40
1.0
 40
1.0
 10
12.42607
 20
-5.37711
 30
0.0
 10
12.42607
 20
-5.37711
 30
0.0
 10
12.46487
 20
-5.40534
 30
0.0
 10
12.46487
 20
-5.40534
 30
0.0
 10
12.46487
 20
-5.40534
 30
0.0
 10
12.48251
 20
-5.43003
 30
0.0
 10
12.48251
 20
-5.43003
 30
0.0
 10
12.48251
 20
-5.43003
 30
0.0
 10
12.49309
 20
-5.4512
 30
0.0
 10
12.49309
 20
-5.4512
 30
0.0
 10
12.49309
 20
-5.4512
 30
0.0
 10
12.49309
 20
-5.46531
 30
0.0
 10
12.49309
 20
-5.46531
 30
0.0
  0
SPLINE
  5
182
330
1F
100
AcDbEntity
  8
Camada 1
 62
   251
370
     9
100
AcDbSpline
210
0.0
220
0.0
230
1.0
 70
    24
 71
     3
 72
    11
 73
     7
 74
     0
 42
0.0000000001
 43
0.0000000001
 40
0.0
 40
0.0
 40
0.0
 40
0.0
 40
0.5
 40
0.5
 40
0.5
 40
1.0
 40
1.0
 40
1.0
 40
1.0
 10
12.49309
 20
-5.46531
 30
0.0
 10
12.49309
 20
-5.46531
 30
0.0
 10
12.49309
 20
-5.46531
 30
0.0
 10
12.49309
 20
-5.46531
 30
0.0
 10
12.49309
 20
-5.46531
 30
0.0
 10
12.48957
 20
-5.46531
 30
0.0
 10
12.48957
 20
-5.46531
 30
0.0
  0
SPLINE
  5
183
330
1F
100
AcDbEntity
  8
Camada 1
 62
   251
370
     9
100
AcDbSpline
210
0.0
220
0.0
230
1.0
 70
     8
 71
     3
 72
    17
 73
    13
 74
     0
 42
0.0000000001
 43
0.0000000001
 40
0.0
 40
0.0
 40
0.0
 40
0.0
 40
0.25
 40
0.25
 40
0.25
 40
0.5
 40
0.5
 40
0.5
 40
0.75
 40
0.75
 40
0.75
 40
1.0
 40
1.0
 40
1.0
 40
1.0
 10
12.42254
 20
-5.38064
 30
0.0
 10
12.42254
 20
-5.38064
 30
0.0
 10
12.46134
 20
-5.40886
 30
0.0
 10
12.46134
 20
-5.40886
 30
0.0
 10
12.46134
 20
-5.40886
 30
0.0
 10
12.47898
 20
-5.43003
 30
0.0
 10
12.47898
 20
-5.43003
 30
0.0
 10
12.47898
 20
-5.43003
 30
0.0
 10
12.48957
 20
-5.45825
 30
0.0
 10
12.48957
 20
-5.45825
 30
0.0
 10
12.48957
 20
-5.45825
 30
0.0
 10
12.48957
 20
-5.46531
 30
0.0
 10
12.48957
 20
-5.46531
 30
0.0
  0
SPLINE
  5
184
330
1F
100
AcDbEntity
  8
Camada 1
 62
   251
370
     9
100
AcDbSpline
210
0.0
220
0.0
230
1.0
 70
     8
 71
     3
 72
    20
 73
    16
 74
     0
 42
0.0000000001
 43
0.0000000001
 40
0.0
 40
0.0
 40
0.0
 40
0.0
 40
0.2
 40
0.2
 40
0.2
 40
0.4
 40
0.4
 40
0.4
 40
0.6000000000000001
 40
0.6000000000000001
 40
0.6000000000000001
 40
0.8
 40
0.8
 40
0.8
 40
1.0
 40
1.0
 40
1.0
 40
1.0
 10
12.49309
 20
-5.46531
 30
0.0
 10
12.49309
 20
-5.46531
 30
0.0
 10
12.48957
 20
-5.48295
 30
0.0
 10
12.48957
 20
-5.48295
 30
0.0
 10
12.48957
 20
-5.48295
 30
0.0
 10
12.48251
 20
-5.49706
 30
0.0
 10
12.48251
 20
-5.49706
 30
0.0
 10
12.48251
 20
-5.49706
 30
0.0
 10
12.4684
 20
-5.50764
 30
0.0
 10
12.4684
 20
-5.50764
 30
0.0
 10
12.4684
 20
-5.50764
 30
0.0
 10
12.45429
 20
-5.51117
 30
0.0
 10
12.45429
 20
-5.51117
 30
0.0
 10
12.45429
 20
-5.51117
 30
0.0
 10
12.4437
 20
-5.5147
 30
0.0
 10
12.4437
 20
-5.5147
 30
0.0
  0
SPLINE
  5
185
330
1F
100
AcDbEntity
  8
Camada 1
 62
   251
370
     9
100
AcDbSpline
210
0.0
220
0.0
230
1.0
 70
    24
 71
     3
 72
     8
 73
     4
 74
     0
 42
0.0000000001
 43
0.0000000001
 40
0.0
 40
0.0
 40
0.0
 40
0.0
 40
1.0
 40
1.0
 40
1.0
 40
1.0
 10
12.4437
 20
-5.5147
 30
0.0
 10
12.4437
 20
-5.5147
 30
0.0
 10
12.4437
 20
-5.51117
 30
0.0
 10
12.4437
 20
-5.51117
 30
0.0
  0
SPLINE
  5
186
330
1F
100
AcDbEntity
  8
Camada 1
 62
   251
370
     9
100
AcDbSpline
210
0.0
220
0.0
230
1.0
 70
     8
 71
     3
 72
    20
 73
    16
 74
     0
 42
0.0000000001
 43
0.0000000001
 40
0.0
 40
0.0
 40
0.0
 40
0.0
 40
0.2
 40
0.2
 40
0.2
 40
0.4
 40
0.4
 40
0.4
 40
0.6000000000000001
 40
0.6000000000000001
 40
0.6000000000000001
 40
0.8
 40
0.8
 40
0.8
 40
1.0
 40
1.0
 40
1.0
 40
1.0
 10
12.48957
 20
-5.46531
 30
0.0
 10
12.48957
 20
-5.46531
 30
0.0
 10
12.48604
 20
-5.47942
 30
0.0
 10
12.48604
 20
-5.47942
 30
0.0
 10
12.48604
 20
-5.47942
 30
0.0
 10
12.47898
 20
-5.49353
 30
0.0
 10
12.47898
 20
-5.49353
 30
0.0
 10
12.47898
 20
-5.49353
 30
0.0
 10
12.4684
 20
-5.50411
 30
0.0
 10
12.4684
 20
-5.50411
 30
0.0
 10
12.4684
 20
-5.50411
 30
0.0
 10
12.45429
 20
-5.50764
 30
0.0
 10
12.45429
 20
-5.50764
 30
0.0
 10
12.45429
 20
-5.50764
 30
0.0
 10
12.4437
 20
-5.51117
 30
0.0
 10
12.4437
 20
-5.51117
 30
0.0
  0
SPLINE
  5
187
330
1F
100
AcDbEntity
  8
Camada 1
 62
   251
370
     9
100
AcDbSpline
210
0.0
220
0.0
230
1.0
 70
     8
 71
     3
 72
    20
 73
    16
 74
     0
 42
0.0000000001
 43
0.0000000001
 40
0.0
 40
0.0
 40
0.0
 40
0.0
 40
0.2
 40
0.2
 40
0.2
 40
0.4
 40
0.4
 40
0.4
 40
0.6000000000000001
 40
0.6000000000000001
 40
0.6000000000000001
 40
0.8
 40
0.8
 40
0.8
 40
1.0
 40
1.0
 40
1.0
 40
1.0
 10
12.4437
 20
-5.5147
 30
0.0
 10
12.4437
 20
-5.5147
 30
0.0
 10
12.42607
 20
-5.51117
 30
0.0
 10
12.42607
 20
-5.51117
 30
0.0
 10
12.42607
 20
-5.51117
 30
0.0
 10
12.41195
 20
-5.50059
 30
0.0
 10
12.41195
 20
-5.50059
 30
0.0
 10
12.41195
 20
-5.50059
 30
0.0
 10
12.40137
 20
-5.49
 30
0.0
 10
12.40137
 20
-5.49
 30
0.0
 10
12.40137
 20
-5.49
 30
0.0
 10
12.39784
 20
-5.47589
 30
0.0
 10
12.39784
 20
-5.47589
 30
0.0
 10
12.39784
 20
-5.47589
 30
0.0
 10
12.39432
 20
-5.46884
 30
0.0
 10
12.39432
 20
-5.46884
 30
0.0
  0
SPLINE
  5
188
330
1F
100
AcDbEntity
  8
Camada 1
 62
   251
370
     9
100
AcDbSpline
210
0.0
220
0.0
230
1.0
 70
    24
 71
     3
 72
     8
 73
     4
 74
     0
 42
0.0000000001
 43
0.0000000001
 40
0.0
 40
0.0
 40
0.0
 40
0.0
 40
1.0
 40
1.0
 40
1.0
 40
1.0
 10
12.39432
 20
-5.46884
 30
0.0
 10
12.39432
 20
-5.46884
 30
0.0
 10
12.39784
 20
-5.46884
 30
0.0
 10
12.39784
 20
-5.46884
 30
0.0
  0
SPLINE
  5
189
330
1F
100
AcDbEntity
  8
Camada 1
 62
   251
370
     9
100
AcDbSpline
210
0.0
220
0.0
230
1.0
 70
     8
 71
     3
 72
    20
 73
    16
 74
     0
 42
0.0000000001
 43
0.0000000001
 40
0.0
 40
0.0
 40
0.0
 40
0.0
 40
0.2
 40
0.2
 40
0.2
 40
0.4
 40
0.4
 40
0.4
 40
0.6000000000000001
 40
0.6000000000000001
 40
0.6000000000000001
 40
0.8
 40
0.8
 40
0.8
 40
1.0
 40
1.0
 40
1.0
 40
1.0
 10
12.4437
 20
-5.51117
 30
0.0
 10
12.4437
 20
-5.51117
 30
0.0
 10
12.42959
 20
-5.50764
 30
0.0
 10
12.42959
 20
-5.50764
 30
0.0
 10
12.42959
 20
-5.50764
 30
0.0
 10
12.41548
 20
-5.50059
 30
0.0
 10
12.41548
 20
-5.50059
 30
0.0
 10
12.41548
 20
-5.50059
 30
0.0
 10
12.4049
 20
-5.49
 30
0.0
 10
12.4049
 20
-5.49
 30
0.0
 10
12.4049
 20
-5.49
 30
0.0
 10
12.40137
 20
-5.47589
 30
0.0
 10
12.40137
 20
-5.47589
 30
0.0
 10
12.40137
 20
-5.47589
 30
0.0
 10
12.39784
 20
-5.46884
 30
0.0
 10
12.39784
 20
-5.46884
 30
0.0
  0
SPLINE
  5
18A
330
1F
100
AcDbEntity
  8
Camada 1
 62
   251
370
     9
100
AcDbSpline
210
0.0
220
0.0
230
1.0
 70
    24
 71
     3
 72
     8
 73
     4
 74
     0
 42
0.0000000001
 43
0.0000000001
 40
0.0
 40
0.0
 40
0.0
 40
0.0
 40
1.0
 40
1.0
 40
1.0
 40
1.0
 10
12.39432
 20
-5.46884
 30
0.0
 10
12.39432
 20
-5.46884
 30
0.0
 10
12.39432
 20
-5.44061
 30
0.0
 10
12.39432
 20
-5.44061
 30
0.0
  0
SPLINE
  5
18B
330
1F
100
AcDbEntity
  8
Camada 1
 62
   251
370
     9
100
AcDbSpline
210
0.0
220
0.0
230
1.0
 70
    24
 71
     3
 72
     8
 73
     4
 74
     0
 42
0.0000000001
 43
0.0000000001
 40
0.0
 40
0.0
 40
0.0
 40
0.0
 40
1.0
 40
1.0
 40
1.0
 40
1.0
 10
12.39432
 20
-5.44061
 30
0.0
 10
12.39432
 20
-5.44061
 30
0.0
 10
12.39784
 20
-5.43356
 30
0.0
 10
12.39784
 20
-5.43356
 30
0.0
  0
SPLINE
  5
18C
330
1F
100
AcDbEntity
  8
Camada 1
 62
   251
370
     9
100
AcDbSpline
210
0.0
220
0.0
230
1.0
 70
    24
 71
     3
 72
     8
 73
     4
 74
     0
 42
0.0000000001
 43
0.0000000001
 40
0.0
 40
0.0
 40
0.0
 40
0.0
 40
1.0
 40
1.0
 40
1.0
 40
1.0
 10
12.39784
 20
-5.46884
 30
0.0
 10
12.39784
 20
-5.46884
 30
0.0
 10
12.39784
 20
-5.43356
 30
0.0
 10
12.39784
 20
-5.43356
 30
0.0
  0
SPLINE
  5
18D
330
1F
100
AcDbEntity
  8
Camada 1
 62
   251
370
     9
100
AcDbSpline
210
0.0
220
0.0
230
1.0
 70
    24
 71
     3
 72
     8
 73
     4
 74
     0
 42
0.0000000001
 43
0.0000000001
 40
0.0
 40
0.0
 40
0.0
 40
0.0
 40
1.0
 40
1.0
 40
1.0
 40
1.0
 10
12.39432
 20
-5.44061
 30
0.0
 10
12.39432
 20
-5.44061
 30
0.0
 10
12.35904
 20
-5.44767
 30
0.0
 10
12.35904
 20
-5.44767
 30
0.0
  0
SPLINE
  5
18E
330
1F
100
AcDbEntity
  8
Camada 1
 62
   251
370
     9
100
AcDbSpline
210
0.0
220
0.0
230
1.0
 70
    24
 71
     3
 72
     8
 73
     4
 74
     0
 42
0.0000000001
 43
0.0000000001
 40
0.0
 40
0.0
 40
0.0
 40
0.0
 40
1.0
 40
1.0
 40
1.0
 40
1.0
 10
12.35904
 20
-5.44767
 30
0.0
 10
12.35904
 20
-5.44767
 30
0.0
 10
12.35551
 20
-5.44767
 30
0.0
 10
12.35551
 20
-5.44767
 30
0.0
  0
SPLINE
  5
18F
330
1F
100
AcDbEntity
  8
Camada 1
 62
   251
370
     9
100
AcDbSpline
210
0.0
220
0.0
230
1.0
 70
    24
 71
     3
 72
     8
 73
     4
 74
     0
 42
0.0000000001
 43
0.0000000001
 40
0.0
 40
0.0
 40
0.0
 40
0.0
 40
1.0
 40
1.0
 40
1.0
 40
1.0
 10
12.39784
 20
-5.43356
 30
0.0
 10
12.39784
 20
-5.43356
 30
0.0
 10
12.35551
 20
-5.44767
 30
0.0
 10
12.35551
 20
-5.44767
 30
0.0
  0
SPLINE
  5
190
330
1F
100
AcDbEntity
  8
Camada 1
 62
   251
370
     9
100
AcDbSpline
210
0.0
220
0.0
230
1.0
 70
    24
 71
     3
 72
     8
 73
     4
 74
     0
 42
0.0000000001
 43
0.0000000001
 40
0.0
 40
0.0
 40
0.0
 40
0.0
 40
1.0
 40
1.0
 40
1.0
 40
1.0
 10
12.35904
 20
-5.44767
 30
0.0
 10
12.35904
 20
-5.44767
 30
0.0
 10
12.35904
 20
-5.46884
 30
0.0
 10
12.35904
 20
-5.46884
 30
0.0
  0
SPLINE
  5
191
330
1F
100
AcDbEntity
  8
Camada 1
 62
   251
370
     9
100
AcDbSpline
210
0.0
220
0.0
230
1.0
 70
    24
 71
     3
 72
     8
 73
     4
 74
     0
 42
0.0000000001
 43
0.0000000001
 40
0.0
 40
0.0
 40
0.0
 40
0.0
 40
1.0
 40
1.0
 40
1.0
 40
1.0
 10
12.35904
 20
-5.46884
 30
0.0
 10
12.35904
 20
-5.46884
 30
0.0
 10
12.35551
 20
-5.46884
 30
0.0
 10
12.35551
 20
-5.46884
 30
0.0
  0
SPLINE
  5
192
330
1F
100
AcDbEntity
  8
Camada 1
 62
   251
370
     9
100
AcDbSpline
210
0.0
220
0.0
230
1.0
 70
    24
 71
     3
 72
     8
 73
     4
 74
     0
 42
0.0000000001
 43
0.0000000001
 40
0.0
 40
0.0
 40
0.0
 40
0.0
 40
1.0
 40
1.0
 40
1.0
 40
1.0
 10
12.35551
 20
-5.44767
 30
0.0
 10
12.35551
 20
-5.44767
 30
0.0
 10
12.35551
 20
-5.46884
 30
0.0
 10
12.35551
 20
-5.46884
 30
0.0
  0
SPLINE
  5
193
330
1F
100
AcDbEntity
  8
Camada 1
 62
   251
370
     9
100
AcDbSpline
210
0.0
220
0.0
230
1.0
 70
     8
 71
     3
 72
    20
 73
    16
 74
     0
 42
0.0000000001
 43
0.0000000001
 40
0.0
 40
0.0
 40
0.0
 40
0.0
 40
0.2
 40
0.2
 40
0.2
 40
0.4
 40
0.4
 40
0.4
 40
0.6000000000000001
 40
0.6000000000000001
 40
0.6000000000000001
 40
0.8
 40
0.8
 40
0.8
 40
1.0
 40
1.0
 40
1.0
 40
1.0
 10
12.35904
 20
-5.46884
 30
0.0
 10
12.35904
 20
-5.46884
 30
0.0
 10
12.35904
 20
-5.48295
 30
0.0
 10
12.35904
 20
-5.48295
 30
0.0
 10
12.35904
 20
-5.48295
 30
0.0
 10
12.36609
 20
-5.49706
 30
0.0
 10
12.36609
 20
-5.49706
 30
0.0
 10
12.36609
 20
-5.49706
 30
0.0
 10
12.38373
 20
-5.51117
 30
0.0
 10
12.38373
 20
-5.51117
 30
0.0
 10
12.38373
 20
-5.51117
 30
0.0
 10
12.40843
 20
-5.52175
 30
0.0
 10
12.40843
 20
-5.52175
 30
0.0
 10
12.40843
 20
-5.52175
 30
0.0
 10
12.43312
 20
-5.52528
 30
0.0
 10
12.43312
 20
-5.52528
 30
0.0
  0
SPLINE
  5
194
330
1F
100
AcDbEntity
  8
Camada 1
 62
   251
370
     9
100
AcDbSpline
210
0.0
220
0.0
230
1.0
 70
    24
 71
     3
 72
     8
 73
     4
 74
     0
 42
0.0000000001
 43
0.0000000001
 40
0.0
 40
0.0
 40
0.0
 40
0.0
 40
1.0
 40
1.0
 40
1.0
 40
1.0
 10
12.43312
 20
-5.52528
 30
0.0
 10
12.43312
 20
-5.52528
 30
0.0
 10
12.43312
 20
-5.52881
 30
0.0
 10
12.43312
 20
-5.52881
 30
0.0
  0
SPLINE
  5
195
330
1F
100
AcDbEntity
  8
Camada 1
 62
   251
370
     9
100
AcDbSpline
210
0.0
220
0.0
230
1.0
 70
     8
 71
     3
 72
    20
 73
    16
 74
     0
 42
0.0000000001
 43
0.0000000001
 40
0.0
 40
0.0
 40
0.0
 40
0.0
 40
0.2
 40
0.2
 40
0.2
 40
0.4
 40
0.4
 40
0.4
 40
0.6000000000000001
 40
0.6000000000000001
 40
0.6000000000000001
 40
0.8
 40
0.8
 40
0.8
 40
1.0
 40
1.0
 40
1.0
 40
1.0
 10
12.35551
 20
-5.46884
 30
0.0
 10
12.35551
 20
-5.46884
 30
0.0
 10
12.35551
 20
-5.48295
 30
0.0
 10
12.35551
 20
-5.48295
 30
0.0
 10
12.35551
 20
-5.48295
 30
0.0
 10
12.36609
 20
-5.49706
 30
0.0
 10
12.36609
 20
-5.49706
 30
0.0
 10
12.36609
 20
-5.49706
 30
0.0
 10
12.3802
 20
-5.5147
 30
0.0
 10
12.3802
 20
-5.5147
 30
0.0
 10
12.3802
 20
-5.5147
 30
0.0
 10
12.40843
 20
-5.52528
 30
0.0
 10
12.40843
 20
-5.52528
 30
0.0
 10
12.40843
 20
-5.52528
 30
0.0
 10
12.43312
 20
-5.52881
 30
0.0
 10
12.43312
 20
-5.52881
 30
0.0
  0
SPLINE
  5
196
330
1F
100
AcDbEntity
  8
Camada 1
 62
   251
370
     9
100
AcDbSpline
210
0.0
220
0.0
230
1.0
 70
    24
 71
     3
 72
     8
 73
     4
 74
     0
 42
0.0000000001
 43
0.0000000001
 40
0.0
 40
0.0
 40
0.0
 40
0.0
 40
1.0
 40
1.0
 40
1.0
 40
1.0
 10
12.43312
 20
-5.52528
 30
0.0
 10
12.43312
 20
-5.52528
 30
0.0
 10
12.45782
 20
-5.52528
 30
0.0
 10
12.45782
 20
-5.52528
 30
0.0
  0
SPLINE
  5
197
330
1F
100
AcDbEntity
  8
Camada 1
 62
   251
370
     9
100
AcDbSpline
210
0.0
220
0.0
230
1.0
 70
    24
 71
     3
 72
     8
 73
     4
 74
     0
 42
0.0000000001
 43
0.0000000001
 40
0.0
 40
0.0
 40
0.0
 40
0.0
 40
1.0
 40
1.0
 40
1.0
 40
1.0
 10
12.45782
 20
-5.52528
 30
0.0
 10
12.45782
 20
-5.52528
 30
0.0
 10
12.45782
 20
-5.52881
 30
0.0
 10
12.45782
 20
-5.52881
 30
0.0
  0
SPLINE
  5
198
330
1F
100
AcDbEntity
  8
Camada 1
 62
   251
370
     9
100
AcDbSpline
210
0.0
220
0.0
230
1.0
 70
    24
 71
     3
 72
     8
 73
     4
 74
     0
 42
0.0000000001
 43
0.0000000001
 40
0.0
 40
0.0
 40
0.0
 40
0.0
 40
1.0
 40
1.0
 40
1.0
 40
1.0
 10
12.43312
 20
-5.52881
 30
0.0
 10
12.43312
 20
-5.52881
 30
0.0
 10
12.45782
 20
-5.52881
 30
0.0
 10
12.45782
 20
-5.52881
 30
0.0
  0
SPLINE
  5
199
330
1F
100
AcDbEntity
  8
Camada 1
 62
   251
370
     9
100
AcDbSpline
210
0.0
220
0.0
230
1.0
 70
     8
 71
     3
 72
    14
 73
    10
 74
     0
 42
0.0000000001
 43
0.0000000001
 40
0.0
 40
0.0
 40
0.0
 40
0.0
 40
0.3333333333333333
 40
0.3333333333333333
 40
0.3333333333333333
 40
0.6666666666666666
 40
0.6666666666666666
 40
0.6666666666666666
 40
1.0
 40
1.0
 40
1.0
 40
1.0
 10
12.45782
 20
-5.52528
 30
0.0
 10
12.45782
 20
-5.52528
 30
0.0
 10
12.48251
 20
-5.52175
 30
0.0
 10
12.48251
 20
-5.52175
 30
0.0
 10
12.48251
 20
-5.52175
 30
0.0
 10
12.5072
 20
-5.51117
 30
0.0
 10
12.5072
 20
-5.51117
 30
0.0
 10
12.5072
 20
-5.51117
 30
0.0
 10
12.52132
 20
-5.49353
 30
0.0
 10
12.52132
 20
-5.49353
 30
0.0
  0
SPLINE
  5
19A
330
1F
100
AcDbEntity
  8
Camada 1
 62
   251
370
     9
100
AcDbSpline
210
0.0
220
0.0
230
1.0
 70
    24
 71
     3
 72
     8
 73
     4
 74
     0
 42
0.0000000001
 43
0.0000000001
 40
0.0
 40
0.0
 40
0.0
 40
0.0
 40
1.0
 40
1.0
 40
1.0
 40
1.0
 10
12.52132
 20
-5.49353
 30
0.0
 10
12.52132
 20
-5.49353
 30
0.0
 10
12.52484
 20
-5.49353
 30
0.0
 10
12.52484
 20
-5.49353
 30
0.0
  0
SPLINE
  5
19B
330
1F
100
AcDbEntity
  8
Camada 1
 62
   251
370
     9
100
AcDbSpline
210
0.0
220
0.0
230
1.0
 70
     8
 71
     3
 72
    14
 73
    10
 74
     0
 42
0.0000000001
 43
0.0000000001
 40
0.0
 40
0.0
 40
0.0
 40
0.0
 40
0.3333333333333333
 40
0.3333333333333333
 40
0.3333333333333333
 40
0.6666666666666666
 40
0.6666666666666666
 40
0.6666666666666666
 40
1.0
 40
1.0
 40
1.0
 40
1.0
 10
12.45782
 20
-5.52881
 30
0.0
 10
12.45782
 20
-5.52881
 30
0.0
 10
12.48251
 20
-5.52528
 30
0.0
 10
12.48251
 20
-5.52528
 30
0.0
 10
12.48251
 20
-5.52528
 30
0.0
 10
12.5072
 20
-5.5147
 30
0.0
 10
12.5072
 20
-5.5147
 30
0.0
 10
12.5072
 20
-5.5147
 30
0.0
 10
12.52484
 20
-5.49353
 30
0.0
 10
12.52484
 20
-5.49353
 30
0.0
  0
SPLINE
  5
19C
330
1F
100
AcDbEntity
  8
Camada 1
 62
   251
370
     9
100
AcDbSpline
210
0.0
220
0.0
230
1.0
 70
     8
 71
     3
 72
    20
 73
    16
 74
     0
 42
0.0000000001
 43
0.0000000001
 40
0.0
 40
0.0
 40
0.0
 40
0.0
 40
0.2
 40
0.2
 40
0.2
 40
0.4
 40
0.4
 40
0.4
 40
0.6000000000000001
 40
0.6000000000000001
 40
0.6000000000000001
 40
0.8
 40
0.8
 40
0.8
 40
1.0
 40
1.0
 40
1.0
 40
1.0
 10
12.52132
 20
-5.49353
 30
0.0
 10
12.52132
 20
-5.49353
 30
0.0
 10
12.5319
 20
-5.46884
 30
0.0
 10
12.5319
 20
-5.46884
 30
0.0
 10
12.5319
 20
-5.46884
 30
0.0
 10
12.5319
 20
-5.45473
 30
0.0
 10
12.5319
 20
-5.45473
 30
0.0
 10
12.5319
 20
-5.45473
 30
0.0
 10
12.52837
 20
-5.43709
 30
0.0
 10
12.52837
 20
-5.43709
 30
0.0
 10
12.52837
 20
-5.43709
 30
0.0
 10
12.51073
 20
-5.41592
 30
0.0
 10
12.51073
 20
-5.41592
 30
0.0
 10
12.51073
 20
-5.41592
 30
0.0
 10
12.46487
 20
-5.37711
 30
0.0
 10
12.46487
 20
-5.37711
 30
0.0
  0
SPLINE
  5
19E
330
1F
100
AcDbEntity
  8
Camada 1
 62
   251
370
     9
100
AcDbSpline
210
0.0
220
0.0
230
1.0
 70
     8
 71
     3
 72
    20
 73
    16
 74
     0
 42
0.0000000001
 43
0.0000000001
 40
0.0
 40
0.0
 40
0.0
 40
0.0
 40
0.2
 40
0.2
 40
0.2
 40
0.4
 40
0.4
 40
0.4
 40
0.6000000000000001
 40
0.6000000000000001
 40
0.6000000000000001
 40
0.8
 40
0.8
 40
0.8
 40
1.0
 40
1.0
 40
1.0
 40
1.0
 10
12.52484
 20
-5.49353
 30
0.0
 10
12.52484
 20
-5.49353
 30
0.0
 10
12.53543
 20
-5.47236
 30
0.0
 10
12.53543
 20
-5.47236
 30
0.0
 10
12.53543
 20
-5.47236
 30
0.0
 10
12.53543
 20
-5.45473
 30
0.0
 10
12.53543
 20
-5.45473
 30
0.0
 10
12.53543
 20
-5.45473
 30
0.0
 10
12.5319
 20
-5.43709
 30
0.0
 10
12.5319
 20
-5.43709
 30
0.0
 10
12.5319
 20
-5.43709
 30
0.0
 10
12.51426
 20
-5.41592
 30
0.0
 10
12.51426
 20
-5.41592
 30
0.0
 10
12.51426
 20
-5.41592
 30
0.0
 10
12.46487
 20
-5.37711
 30
0.0
 10
12.46487
 20
-5.37711
 30
0.0
  0
SPLINE
  5
19F
330
1F
100
AcDbEntity
  8
Camada 1
 62
   251
370
     9
100
AcDbSpline
210
0.0
220
0.0
230
1.0
 70
     8
 71
     3
 72
    17
 73
    13
 74
     0
 42
0.0000000001
 43
0.0000000001
 40
0.0
 40
0.0
 40
0.0
 40
0.0
 40
0.25
 40
0.25
 40
0.25
 40
0.5
 40
0.5
 40
0.5
 40
0.75
 40
0.75
 40
0.75
 40
1.0
 40
1.0
 40
1.0
 40
1.0
 10
12.46487
 20
-5.37711
 30
0.0
 10
12.46487
 20
-5.37711
 30
0.0
 10
12.42254
 20
-5.34889
 30
0.0
 10
12.42254
 20
-5.34889
 30
0.0
 10
12.42254
 20
-5.34889
 30
0.0
 10
12.4049
 20
-5.32773
 30
0.0
 10
12.4049
 20
-5.32773
 30
0.0
 10
12.4049
 20
-5.32773
 30
0.0
 10
12.39784
 20
-5.30656
 30
0.0
 10
12.39784
 20
-5.30656
 30
0.0
 10
12.39784
 20
-5.30656
 30
0.0
 10
12.39432
 20
-5.29245
 30
0.0
 10
12.39432
 20
-5.29245
 30
0.0
  0
SPLINE
  5
1A0
330
1F
100
AcDbEntity
  8
Camada 1
 62
   251
370
     9
100
AcDbSpline
210
0.0
220
0.0
230
1.0
 70
    24
 71
     3
 72
     8
 73
     4
 74
     0
 42
0.0000000001
 43
0.0000000001
 40
0.0
 40
0.0
 40
0.0
 40
0.0
 40
1.0
 40
1.0
 40
1.0
 40
1.0
 10
12.39432
 20
-5.29245
 30
0.0
 10
12.39432
 20
-5.29245
 30
0.0
 10
12.39784
 20
-5.29245
 30
0.0
 10
12.39784
 20
-5.29245
 30
0.0
  0
SPLINE
  5
1A1
330
1F
100
AcDbEntity
  8
Camada 1
 62
   251
370
     9
100
AcDbSpline
210
0.0
220
0.0
230
1.0
 70
     8
 71
     3
 72
    17
 73
    13
 74
     0
 42
0.0000000001
 43
0.0000000001
 40
0.0
 40
0.0
 40
0.0
 40
0.0
 40
0.25
 40
0.25
 40
0.25
 40
0.5
 40
0.5
 40
0.5
 40
0.75
 40
0.75
 40
0.75
 40
1.0
 40
1.0
 40
1.0
 40
1.0
 10
12.46487
 20
-5.37711
 30
0.0
 10
12.46487
 20
-5.37711
 30
0.0
 10
12.42607
 20
-5.34536
 30
0.0
 10
12.42607
 20
-5.34536
 30
0.0
 10
12.42607
 20
-5.34536
 30
0.0
 10
12.40843
 20
-5.3242
 30
0.0
 10
12.40843
 20
-5.3242
 30
0.0
 10
12.40843
 20
-5.3242
 30
0.0
 10
12.40137
 20
-5.30303
 30
0.0
 10
12.40137
 20
-5.30303
 30
0.0
 10
12.40137
 20
-5.30303
 30
0.0
 10
12.39784
 20
-5.29245
 30
0.0
 10
12.39784
 20
-5.29245
 30
0.0
  0
SPLINE
  5
1A2
330
1F
100
AcDbEntity
  8
Camada 1
 62
   251
370
     9
100
AcDbSpline
210
0.0
220
0.0
230
1.0
 70
     8
 71
     3
 72
    20
 73
    16
 74
     0
 42
0.0000000001
 43
0.0000000001
 40
0.0
 40
0.0
 40
0.0
 40
0.0
 40
0.2
 40
0.2
 40
0.2
 40
0.4
 40
0.4
 40
0.4
 40
0.6000000000000001
 40
0.6000000000000001
 40
0.6000000000000001
 40
0.8
 40
0.8
 40
0.8
 40
1.0
 40
1.0
 40
1.0
 40
1.0
 10
12.39432
 20
-5.29245
 30
0.0
 10
12.39432
 20
-5.29245
 30
0.0
 10
12.39784
 20
-5.27481
 30
0.0
 10
12.39784
 20
-5.27481
 30
0.0
 10
12.39784
 20
-5.27481
 30
0.0
 10
12.4049
 20
-5.2607
 30
0.0
 10
12.4049
 20
-5.2607
 30
0.0
 10
12.4049
 20
-5.2607
 30
0.0
 10
12.41901
 20
-5.25011
 30
0.0
 10
12.41901
 20
-5.25011
 30
0.0
 10
12.41901
 20
-5.25011
 30
0.0
 10
12.43312
 20
-5.24306
 30
0.0
 10
12.43312
 20
-5.24306
 30
0.0
 10
12.43312
 20
-5.24306
 30
0.0
 10
12.4437
 20
-5.24306
 30
0.0
 10
12.4437
 20
-5.24306
 30
0.0
  0
SPLINE
  5
1A3
330
1F
100
AcDbEntity
  8
Camada 1
 62
   251
370
     9
100
AcDbSpline
210
0.0
220
0.0
230
1.0
 70
     8
 71
     3
 72
    20
 73
    16
 74
     0
 42
0.0000000001
 43
0.0000000001
 40
0.0
 40
0.0
 40
0.0
 40
0.0
 40
0.2
 40
0.2
 40
0.2
 40
0.4
 40
0.4
 40
0.4
 40
0.6000000000000001
 40
0.6000000000000001
 40
0.6000000000000001
 40
0.8
 40
0.8
 40
0.8
 40
1.0
 40
1.0
 40
1.0
 40
1.0
 10
12.39784
 20
-5.29245
 30
0.0
 10
12.39784
 20
-5.29245
 30
0.0
 10
12.40137
 20
-5.27481
 30
0.0
 10
12.40137
 20
-5.27481
 30
0.0
 10
12.40137
 20
-5.27481
 30
0.0
 10
12.40843
 20
-5.2607
 30
0.0
 10
12.40843
 20
-5.2607
 30
0.0
 10
12.40843
 20
-5.2607
 30
0.0
 10
12.41901
 20
-5.25364
 30
0.0
 10
12.41901
 20
-5.25364
 30
0.0
 10
12.41901
 20
-5.25364
 30
0.0
 10
12.43312
 20
-5.24659
 30
0.0
 10
12.43312
 20
-5.24659
 30
0.0
 10
12.43312
 20
-5.24659
 30
0.0
 10
12.4437
 20
-5.24659
 30
0.0
 10
12.4437
 20
-5.24659
 30
0.0
  0
SPLINE
  5
1A4
330
1F
100
AcDbEntity
  8
Camada 1
 62
   251
370
     9
100
AcDbSpline
210
0.0
220
0.0
230
1.0
 70
     8
 71
     3
 72
    20
 73
    16
 74
     0
 42
0.0000000001
 43
0.0000000001
 40
0.0
 40
0.0
 40
0.0
 40
0.0
 40
0.2
 40
0.2
 40
0.2
 40
0.4
 40
0.4
 40
0.4
 40
0.6000000000000001
 40
0.6000000000000001
 40
0.6000000000000001
 40
0.8
 40
0.8
 40
0.8
 40
1.0
 40
1.0
 40
1.0
 40
1.0
 10
12.70123
 20
-5.46531
 30
0.0
 10
12.70123
 20
-5.46531
 30
0.0
 10
12.6977
 20
-5.47942
 30
0.0
 10
12.6977
 20
-5.47942
 30
0.0
 10
12.6977
 20
-5.47942
 30
0.0
 10
12.69065
 20
-5.49353
 30
0.0
 10
12.69065
 20
-5.49353
 30
0.0
 10
12.69065
 20
-5.49353
 30
0.0
 10
12.68007
 20
-5.50411
 30
0.0
 10
12.68007
 20
-5.50411
 30
0.0
 10
12.68007
 20
-5.50411
 30
0.0
 10
12.66243
 20
-5.50764
 30
0.0
 10
12.66243
 20
-5.50764
 30
0.0
 10
12.66243
 20
-5.50764
 30
0.0
 10
12.65537
 20
-5.51117
 30
0.0
 10
12.65537
 20
-5.51117
 30
0.0
  0
SPLINE
  5
1A5
330
1F
100
AcDbEntity
  8
Camada 1
 62
   251
370
     9
100
AcDbSpline
210
0.0
220
0.0
230
1.0
 70
    24
 71
     3
 72
     8
 73
     4
 74
     0
 42
0.0000000001
 43
0.0000000001
 40
0.0
 40
0.0
 40
0.0
 40
0.0
 40
1.0
 40
1.0
 40
1.0
 40
1.0
 10
13.74898
 20
-5.28892
 30
0.0
 10
13.74898
 20
-5.28892
 30
0.0
 10
13.74898
 20
-5.28539
 30
0.0
 10
13.74898
 20
-5.28539
 30
0.0
  0
SPLINE
  5
1A6
330
1F
100
AcDbEntity
  8
Camada 1
 62
   251
370
     9
100
AcDbSpline
210
0.0
220
0.0
230
1.0
 70
    24
 71
     3
 72
     8
 73
     4
 74
     0
 42
0.0000000001
 43
0.0000000001
 40
0.0
 40
0.0
 40
0.0
 40
0.0
 40
1.0
 40
1.0
 40
1.0
 40
1.0
 10
13.6749
 20
-5.35595
 30
0.0
 10
13.6749
 20
-5.35595
 30
0.0
 10
13.67137
 20
-5.35595
 30
0.0
 10
13.67137
 20
-5.35595
 30
0.0
  0
SPLINE
  5
1A7
330
1F
100
AcDbEntity
  8
Camada 1
 62
   251
370
     9
100
AcDbSpline
210
0.0
220
0.0
230
1.0
 70
     8
 71
     3
 72
    20
 73
    16
 74
     0
 42
0.0000000001
 43
0.0000000001
 40
0.0
 40
0.0
 40
0.0
 40
0.0
 40
0.2
 40
0.2
 40
0.2
 40
0.4
 40
0.4
 40
0.4
 40
0.6000000000000001
 40
0.6000000000000001
 40
0.6000000000000001
 40
0.8
 40
0.8
 40
0.8
 40
1.0
 40
1.0
 40
1.0
 40
1.0
 10
13.74898
 20
-5.28539
 30
0.0
 10
13.74898
 20
-5.28539
 30
0.0
 10
13.72429
 20
-5.28892
 30
0.0
 10
13.72429
 20
-5.28892
 30
0.0
 10
13.72429
 20
-5.28892
 30
0.0
 10
13.69959
 20
-5.2995
 30
0.0
 10
13.69959
 20
-5.2995
 30
0.0
 10
13.69959
 20
-5.2995
 30
0.0
 10
13.68548
 20
-5.31714
 30
0.0
 10
13.68548
 20
-5.31714
 30
0.0
 10
13.68548
 20
-5.31714
 30
0.0
 10
13.6749
 20
-5.33831
 30
0.0
 10
13.6749
 20
-5.33831
 30
0.0
 10
13.6749
 20
-5.33831
 30
0.0
 10
13.67137
 20
-5.35595
 30
0.0
 10
13.67137
 20
-5.35595
 30
0.0
  0
SPLINE
  5
1A8
330
1F
100
AcDbEntity
  8
Camada 1
 62
   251
370
     9
100
AcDbSpline
210
0.0
220
0.0
230
1.0
 70
    24
 71
     3
 72
     8
 73
     4
 74
     0
 42
0.0000000001
 43
0.0000000001
 40
0.0
 40
0.0
 40
0.0
 40
0.0
 40
1.0
 40
1.0
 40
1.0
 40
1.0
 10
13.6749
 20
-5.45825
 30
0.0
 10
13.6749
 20
-5.45825
 30
0.0
 10
13.67137
 20
-5.45825
 30
0.0
 10
13.67137
 20
-5.45825
 30
0.0
  0
SPLINE
  5
1A9
330
1F
100
AcDbEntity
  8
Camada 1
 62
   251
370
     9
100
AcDbSpline
210
0.0
220
0.0
230
1.0
 70
    24
 71
     3
 72
     8
 73
     4
 74
     0
 42
0.0000000001
 43
0.0000000001
 40
0.0
 40
0.0
 40
0.0
 40
0.0
 40
1.0
 40
1.0
 40
1.0
 40
1.0
 10
13.67137
 20
-5.35595
 30
0.0
 10
13.67137
 20
-5.35595
 30
0.0
 10
13.67137
 20
-5.45825
 30
0.0
 10
13.67137
 20
-5.45825
 30
0.0
  0
SPLINE
  5
1AA
330
1F
100
AcDbEntity
  8
Camada 1
 62
   251
370
     9
100
AcDbSpline
210
0.0
220
0.0
230
1.0
 70
     8
 71
     3
 72
    20
 73
    16
 74
     0
 42
0.0000000001
 43
0.0000000001
 40
0.0
 40
0.0
 40
0.0
 40
0.0
 40
0.2
 40
0.2
 40
0.2
 40
0.4
 40
0.4
 40
0.4
 40
0.6000000000000001
 40
0.6000000000000001
 40
0.6000000000000001
 40
0.8
 40
0.8
 40
0.8
 40
1.0
 40
1.0
 40
1.0
 40
1.0
 10
13.67137
 20
-5.45825
 30
0.0
 10
13.67137
 20
-5.45825
 30
0.0
 10
13.6749
 20
-5.48295
 30
0.0
 10
13.6749
 20
-5.48295
 30
0.0
 10
13.6749
 20
-5.48295
 30
0.0
 10
13.68901
 20
-5.50411
 30
0.0
 10
13.68901
 20
-5.50411
 30
0.0
 10
13.68901
 20
-5.50411
 30
0.0
 10
13.70312
 20
-5.51822
 30
0.0
 10
13.70312
 20
-5.51822
 30
0.0
 10
13.70312
 20
-5.51822
 30
0.0
 10
13.73487
 20
-5.52881
 30
0.0
 10
13.73487
 20
-5.52881
 30
0.0
 10
13.73487
 20
-5.52881
 30
0.0
 10
13.74898
 20
-5.52881
 30
0.0
 10
13.74898
 20
-5.52881
 30
0.0
  0
SPLINE
  5
1AB
330
1F
100
AcDbEntity
  8
Camada 1
 62
   251
370
     9
100
AcDbSpline
210
0.0
220
0.0
230
1.0
 70
    24
 71
     3
 72
     8
 73
     4
 74
     0
 42
0.0000000001
 43
0.0000000001
 40
0.0
 40
0.0
 40
0.0
 40
0.0
 40
1.0
 40
1.0
 40
1.0
 40
1.0
 10
13.63962
 20
-5.28892
 30
0.0
 10
13.63962
 20
-5.28892
 30
0.0
 10
13.64315
 20
-5.28539
 30
0.0
 10
13.64315
 20
-5.28539
 30
0.0
  0
SPLINE
  5
1AC
330
1F
100
AcDbEntity
  8
Camada 1
 62
   251
370
     9
100
AcDbSpline
210
0.0
220
0.0
230
1.0
 70
    24
 71
     3
 72
     8
 73
     4
 74
     0
 42
0.0000000001
 43
0.0000000001
 40
0.0
 40
0.0
 40
0.0
 40
0.0
 40
1.0
 40
1.0
 40
1.0
 40
1.0
 10
13.63962
 20
-5.28892
 30
0.0
 10
13.63962
 20
-5.28892
 30
0.0
 10
13.60434
 20
-5.28892
 30
0.0
 10
13.60434
 20
-5.28892
 30
0.0
  0
SPLINE
  5
1AD
330
1F
100
AcDbEntity
  8
Camada 1
 62
   251
370
     9
100
AcDbSpline
210
0.0
220
0.0
230
1.0
 70
    24
 71
     3
 72
     8
 73
     4
 74
     0
 42
0.0000000001
 43
0.0000000001
 40
0.0
 40
0.0
 40
0.0
 40
0.0
 40
1.0
 40
1.0
 40
1.0
 40
1.0
 10
13.60434
 20
-5.28892
 30
0.0
 10
13.60434
 20
-5.28892
 30
0.0
 10
13.60082
 20
-5.28539
 30
0.0
 10
13.60082
 20
-5.28539
 30
0.0
  0
SPLINE
  5
1AE
330
1F
100
AcDbEntity
  8
Camada 1
 62
   251
370
     9
100
AcDbSpline
210
0.0
220
0.0
230
1.0
 70
    24
 71
     3
 72
     8
 73
     4
 74
     0
 42
0.0000000001
 43
0.0000000001
 40
0.0
 40
0.0
 40
0.0
 40
0.0
 40
1.0
 40
1.0
 40
1.0
 40
1.0
 10
13.64315
 20
-5.28539
 30
0.0
 10
13.64315
 20
-5.28539
 30
0.0
 10
13.60082
 20
-5.28539
 30
0.0
 10
13.60082
 20
-5.28539
 30
0.0
  0
SPLINE
  5
1AF
330
1F
100
AcDbEntity
  8
Camada 1
 62
   251
370
     9
100
AcDbSpline
210
0.0
220
0.0
230
1.0
 70
     8
 71
     3
 72
    20
 73
    16
 74
     0
 42
0.0000000001
 43
0.0000000001
 40
0.0
 40
0.0
 40
0.0
 40
0.0
 40
0.2
 40
0.2
 40
0.2
 40
0.4
 40
0.4
 40
0.4
 40
0.6000000000000001
 40
0.6000000000000001
 40
0.6000000000000001
 40
0.8
 40
0.8
 40
0.8
 40
1.0
 40
1.0
 40
1.0
 40
1.0
 10
13.7772
 20
-5.52881
 30
0.0
 10
13.7772
 20
-5.52881
 30
0.0
 10
13.80543
 20
-5.52528
 30
0.0
 10
13.80543
 20
-5.52528
 30
0.0
 10
13.80543
 20
-5.52528
 30
0.0
 10
13.82659
 20
-5.5147
 30
0.0
 10
13.82659
 20
-5.5147
 30
0.0
 10
13.82659
 20
-5.5147
 30
0.0
 10
13.84423
 20
-5.49353
 30
0.0
 10
13.84423
 20
-5.49353
 30
0.0
 10
13.84423
 20
-5.49353
 30
0.0
 10
13.85129
 20
-5.47236
 30
0.0
 10
13.85129
 20
-5.47236
 30
0.0
 10
13.85129
 20
-5.47236
 30
0.0
 10
13.85482
 20
-5.45825
 30
0.0
 10
13.85482
 20
-5.45825
 30
0.0
  0
SPLINE
  5
1B0
330
1F
100
AcDbEntity
  8
Camada 1
 62
   251
370
     9
100
AcDbSpline
210
0.0
220
0.0
230
1.0
 70
    24
 71
     3
 72
     8
 73
     4
 74
     0
 42
0.0000000001
 43
0.0000000001
 40
0.0
 40
0.0
 40
0.0
 40
0.0
 40
1.0
 40
1.0
 40
1.0
 40
1.0
 10
13.60434
 20
-5.52528
 30
0.0
 10
13.60434
 20
-5.52528
 30
0.0
 10
13.60082
 20
-5.52881
 30
0.0
 10
13.60082
 20
-5.52881
 30
0.0
  0
SPLINE
  5
1B1
330
1F
100
AcDbEntity
  8
Camada 1
 62
   251
370
     9
100
AcDbSpline
210
0.0
220
0.0
230
1.0
 70
    24
 71
     3
 72
     8
 73
     4
 74
     0
 42
0.0000000001
 43
0.0000000001
 40
0.0
 40
0.0
 40
0.0
 40
0.0
 40
1.0
 40
1.0
 40
1.0
 40
1.0
 10
13.60434
 20
-5.52528
 30
0.0
 10
13.60434
 20
-5.52528
 30
0.0
 10
13.63962
 20
-5.52528
 30
0.0
 10
13.63962
 20
-5.52528
 30
0.0
  0
SPLINE
  5
1B2
330
1F
100
AcDbEntity
  8
Camada 1
 62
   251
370
     9
100
AcDbSpline
210
0.0
220
0.0
230
1.0
 70
    24
 71
     3
 72
     8
 73
     4
 74
     0
 42
0.0000000001
 43
0.0000000001
 40
0.0
 40
0.0
 40
0.0
 40
0.0
 40
1.0
 40
1.0
 40
1.0
 40
1.0
 10
13.63962
 20
-5.52528
 30
0.0
 10
13.63962
 20
-5.52528
 30
0.0
 10
13.64315
 20
-5.52881
 30
0.0
 10
13.64315
 20
-5.52881
 30
0.0
  0
SPLINE
  5
1B3
330
1F
100
AcDbEntity
  8
Camada 1
 62
   251
370
     9
100
AcDbSpline
210
0.0
220
0.0
230
1.0
 70
    24
 71
     3
 72
     8
 73
     4
 74
     0
 42
0.0000000001
 43
0.0000000001
 40
0.0
 40
0.0
 40
0.0
 40
0.0
 40
1.0
 40
1.0
 40
1.0
 40
1.0
 10
13.60082
 20
-5.52881
 30
0.0
 10
13.60082
 20
-5.52881
 30
0.0
 10
13.64315
 20
-5.52881
 30
0.0
 10
13.64315
 20
-5.52881
 30
0.0
  0
SPLINE
  5
1B4
330
1F
100
AcDbEntity
  8
Camada 1
 62
   251
370
     9
100
AcDbSpline
210
0.0
220
0.0
230
1.0
 70
    24
 71
     3
 72
     8
 73
     4
 74
     0
 42
0.0000000001
 43
0.0000000001
 40
0.0
 40
0.0
 40
0.0
 40
0.0
 40
1.0
 40
1.0
 40
1.0
 40
1.0
 10
13.7772
 20
-5.28892
 30
0.0
 10
13.7772
 20
-5.28892
 30
0.0
 10
13.7772
 20
-5.28539
 30
0.0
 10
13.7772
 20
-5.28539
 30
0.0
  0
SPLINE
  5
1B5
330
1F
100
AcDbEntity
  8
Camada 1
 62
   251
370
     9
100
AcDbSpline
210
0.0
220
0.0
230
1.0
 70
     8
 71
     3
 72
    20
 73
    16
 74
     0
 42
0.0000000001
 43
0.0000000001
 40
0.0
 40
0.0
 40
0.0
 40
0.0
 40
0.2
 40
0.2
 40
0.2
 40
0.4
 40
0.4
 40
0.4
 40
0.6000000000000001
 40
0.6000000000000001
 40
0.6000000000000001
 40
0.8
 40
0.8
 40
0.8
 40
1.0
 40
1.0
 40
1.0
 40
1.0
 10
13.85482
 20
-5.35595
 30
0.0
 10
13.85482
 20
-5.35595
 30
0.0
 10
13.85129
 20
-5.33125
 30
0.0
 10
13.85129
 20
-5.33125
 30
0.0
 10
13.85129
 20
-5.33125
 30
0.0
 10
13.83718
 20
-5.31009
 30
0.0
 10
13.83718
 20
-5.31009
 30
0.0
 10
13.83718
 20
-5.31009
 30
0.0
 10
13.82307
 20
-5.29598
 30
0.0
 10
13.82307
 20
-5.29598
 30
0.0
 10
13.82307
 20
-5.29598
 30
0.0
 10
13.79837
 20
-5.28892
 30
0.0
 10
13.79837
 20
-5.28892
 30
0.0
 10
13.79837
 20
-5.28892
 30
0.0
 10
13.7772
 20
-5.28539
 30
0.0
 10
13.7772
 20
-5.28539
 30
0.0
  0
SPLINE
  5
1B6
330
1F
100
AcDbEntity
  8
Camada 1
 62
   251
370
     9
100
AcDbSpline
210
0.0
220
0.0
230
1.0
 70
    24
 71
     3
 72
     8
 73
     4
 74
     0
 42
0.0000000001
 43
0.0000000001
 40
0.0
 40
0.0
 40
0.0
 40
0.0
 40
1.0
 40
1.0
 40
1.0
 40
1.0
 10
13.7772
 20
-5.28539
 30
0.0
 10
13.7772
 20
-5.28539
 30
0.0
 10
13.74898
 20
-5.28539
 30
0.0
 10
13.74898
 20
-5.28539
 30
0.0
  0
SPLINE
  5
1B7
330
1F
100
AcDbEntity
  8
Camada 1
 62
   251
370
     9
100
AcDbSpline
210
0.0
220
0.0
230
1.0
 70
    24
 71
     3
 72
     8
 73
     4
 74
     0
 42
0.0000000001
 43
0.0000000001
 40
0.0
 40
0.0
 40
0.0
 40
0.0
 40
1.0
 40
1.0
 40
1.0
 40
1.0
 10
13.7137
 20
-5.35242
 30
0.0
 10
13.7137
 20
-5.35242
 30
0.0
 10
13.71723
 20
-5.35242
 30
0.0
 10
13.71723
 20
-5.35242
 30
0.0
  0
SPLINE
  5
1B8
330
1F
100
AcDbEntity
  8
Camada 1
 62
   251
370
     9
100
AcDbSpline
210
0.0
220
0.0
230
1.0
 70
     8
 71
     3
 72
    20
 73
    16
 74
     0
 42
0.0000000001
 43
0.0000000001
 40
0.0
 40
0.0
 40
0.0
 40
0.0
 40
0.2
 40
0.2
 40
0.2
 40
0.4
 40
0.4
 40
0.4
 40
0.6000000000000001
 40
0.6000000000000001
 40
0.6000000000000001
 40
0.8
 40
0.8
 40
0.8
 40
1.0
 40
1.0
 40
1.0
 40
1.0
 10
13.76309
 20
-5.30656
 30
0.0
 10
13.76309
 20
-5.30656
 30
0.0
 10
13.74898
 20
-5.30656
 30
0.0
 10
13.74898
 20
-5.30656
 30
0.0
 10
13.74898
 20
-5.30656
 30
0.0
 10
13.73487
 20
-5.31361
 30
0.0
 10
13.73487
 20
-5.31361
 30
0.0
 10
13.73487
 20
-5.31361
 30
0.0
 10
13.72429
 20
-5.32773
 30
0.0
 10
13.72429
 20
-5.32773
 30
0.0
 10
13.72429
 20
-5.32773
 30
0.0
 10
13.71723
 20
-5.34184
 30
0.0
 10
13.71723
 20
-5.34184
 30
0.0
 10
13.71723
 20
-5.34184
 30
0.0
 10
13.71723
 20
-5.35242
 30
0.0
 10
13.71723
 20
-5.35242
 30
0.0
  0
SPLINE
  5
1B9
330
1F
100
AcDbEntity
  8
Camada 1
 62
   251
370
     9
100
AcDbSpline
210
0.0
220
0.0
230
1.0
 70
    24
 71
     3
 72
     8
 73
     4
 74
     0
 42
0.0000000001
 43
0.0000000001
 40
0.0
 40
0.0
 40
0.0
 40
0.0
 40
1.0
 40
1.0
 40
1.0
 40
1.0
 10
13.7137
 20
-5.46531
 30
0.0
 10
13.7137
 20
-5.46531
 30
0.0
 10
13.71723
 20
-5.46531
 30
0.0
 10
13.71723
 20
-5.46531
 30
0.0
  0
SPLINE
  5
1BA
330
1F
100
AcDbEntity
  8
Camada 1
 62
   251
370
     9
100
AcDbSpline
210
0.0
220
0.0
230
1.0
 70
    24
 71
     3
 72
     8
 73
     4
 74
     0
 42
0.0000000001
 43
0.0000000001
 40
0.0
 40
0.0
 40
0.0
 40
0.0
 40
1.0
 40
1.0
 40
1.0
 40
1.0
 10
13.71723
 20
-5.35242
 30
0.0
 10
13.71723
 20
-5.35242
 30
0.0
 10
13.71723
 20
-5.46531
 30
0.0
 10
13.71723
 20
-5.46531
 30
0.0
  0
SPLINE
  5
1BB
330
1F
100
AcDbEntity
  8
Camada 1
 62
   251
370
     9
100
AcDbSpline
210
0.0
220
0.0
230
1.0
 70
     8
 71
     3
 72
    20
 73
    16
 74
     0
 42
0.0000000001
 43
0.0000000001
 40
0.0
 40
0.0
 40
0.0
 40
0.0
 40
0.2
 40
0.2
 40
0.2
 40
0.4
 40
0.4
 40
0.4
 40
0.6000000000000001
 40
0.6000000000000001
 40
0.6000000000000001
 40
0.8
 40
0.8
 40
0.8
 40
1.0
 40
1.0
 40
1.0
 40
1.0
 10
13.71723
 20
-5.46531
 30
0.0
 10
13.71723
 20
-5.46531
 30
0.0
 10
13.72076
 20
-5.47942
 30
0.0
 10
13.72076
 20
-5.47942
 30
0.0
 10
13.72076
 20
-5.47942
 30
0.0
 10
13.72782
 20
-5.49353
 30
0.0
 10
13.72782
 20
-5.49353
 30
0.0
 10
13.72782
 20
-5.49353
 30
0.0
 10
13.7384
 20
-5.50411
 30
0.0
 10
13.7384
 20
-5.50411
 30
0.0
 10
13.7384
 20
-5.50411
 30
0.0
 10
13.75251
 20
-5.50764
 30
0.0
 10
13.75251
 20
-5.50764
 30
0.0
 10
13.75251
 20
-5.50764
 30
0.0
 10
13.76309
 20
-5.51117
 30
0.0
 10
13.76309
 20
-5.51117
 30
0.0
  0
SPLINE
  5
1BC
330
1F
100
AcDbEntity
  8
Camada 1
 62
   251
370
     9
100
AcDbSpline
210
0.0
220
0.0
230
1.0
 70
    24
 71
     3
 72
     8
 73
     4
 74
     0
 42
0.0000000001
 43
0.0000000001
 40
0.0
 40
0.0
 40
0.0
 40
0.0
 40
1.0
 40
1.0
 40
1.0
 40
1.0
 10
13.2692
 20
-5.52528
 30
0.0
 10
13.2692
 20
-5.52528
 30
0.0
 10
13.2692
 20
-5.52881
 30
0.0
 10
13.2692
 20
-5.52881
 30
0.0
  0
SPLINE
  5
1BD
330
1F
100
AcDbEntity
  8
Camada 1
 62
   251
370
     9
100
AcDbSpline
210
0.0
220
0.0
230
1.0
 70
     8
 71
     3
 72
    20
 73
    16
 74
     0
 42
0.0000000001
 43
0.0000000001
 40
0.0
 40
0.0
 40
0.0
 40
0.0
 40
0.2
 40
0.2
 40
0.2
 40
0.4
 40
0.4
 40
0.4
 40
0.6000000000000001
 40
0.6000000000000001
 40
0.6000000000000001
 40
0.8
 40
0.8
 40
0.8
 40
1.0
 40
1.0
 40
1.0
 40
1.0
 10
13.19159
 20
-5.45825
 30
0.0
 10
13.19159
 20
-5.45825
 30
0.0
 10
13.19512
 20
-5.48295
 30
0.0
 10
13.19512
 20
-5.48295
 30
0.0
 10
13.19512
 20
-5.48295
 30
0.0
 10
13.2057
 20
-5.50059
 30
0.0
 10
13.2057
 20
-5.50059
 30
0.0
 10
13.2057
 20
-5.50059
 30
0.0
 10
13.22334
 20
-5.5147
 30
0.0
 10
13.22334
 20
-5.5147
 30
0.0
 10
13.22334
 20
-5.5147
 30
0.0
 10
13.24451
 20
-5.52528
 30
0.0
 10
13.24451
 20
-5.52528
 30
0.0
 10
13.24451
 20
-5.52528
 30
0.0
 10
13.2692
 20
-5.52881
 30
0.0
 10
13.2692
 20
-5.52881
 30
0.0
  0
SPLINE
  5
1BE
330
1F
100
AcDbEntity
  8
Camada 1
 62
   251
370
     9
100
AcDbSpline
210
0.0
220
0.0
230
1.0
 70
    24
 71
     3
 72
     8
 73
     4
 74
     0
 42
0.0000000001
 43
0.0000000001
 40
0.0
 40
0.0
 40
0.0
 40
0.0
 40
1.0
 40
1.0
 40
1.0
 40
1.0
 10
13.29743
 20
-5.52528
 30
0.0
 10
13.29743
 20
-5.52528
 30
0.0
 10
13.29743
 20
-5.52881
 30
0.0
 10
13.29743
 20
-5.52881
 30
0.0
  0
SPLINE
  5
1BF
330
1F
100
AcDbEntity
  8
Camada 1
 62
   251
370
     9
100
AcDbSpline
210
0.0
220
0.0
230
1.0
 70
    24
 71
     3
 72
     8
 73
     4
 74
     0
 42
0.0000000001
 43
0.0000000001
 40
0.0
 40
0.0
 40
0.0
 40
0.0
 40
1.0
 40
1.0
 40
1.0
 40
1.0
 10
13.2692
 20
-5.52881
 30
0.0
 10
13.2692
 20
-5.52881
 30
0.0
 10
13.29743
 20
-5.52881
 30
0.0
 10
13.29743
 20
-5.52881
 30
0.0
  0
SPLINE
  5
1C0
330
1F
100
AcDbEntity
  8
Camada 1
 62
   251
370
     9
100
AcDbSpline
210
0.0
220
0.0
230
1.0
 70
     8
 71
     3
 72
    14
 73
    10
 74
     0
 42
0.0000000001
 43
0.0000000001
 40
0.0
 40
0.0
 40
0.0
 40
0.0
 40
0.3333333333333333
 40
0.3333333333333333
 40
0.3333333333333333
 40
0.6666666666666666
 40
0.6666666666666666
 40
0.6666666666666666
 40
1.0
 40
1.0
 40
1.0
 40
1.0
 10
13.29743
 20
-5.52881
 30
0.0
 10
13.29743
 20
-5.52881
 30
0.0
 10
13.30801
 20
-5.52881
 30
0.0
 10
13.30801
 20
-5.52881
 30
0.0
 10
13.30801
 20
-5.52881
 30
0.0
 10
13.31859
 20
-5.52528
 30
0.0
 10
13.31859
 20
-5.52528
 30
0.0
 10
13.31859
 20
-5.52528
 30
0.0
 10
13.32918
 20
-5.52175
 30
0.0
 10
13.32918
 20
-5.52175
 30
0.0
  0
SPLINE
  5
1C1
330
1F
100
AcDbEntity
  8
Camada 1
 62
   251
370
     9
100
AcDbSpline
210
0.0
220
0.0
230
1.0
 70
    24
 71
     3
 72
     8
 73
     4
 74
     0
 42
0.0000000001
 43
0.0000000001
 40
0.0
 40
0.0
 40
0.0
 40
0.0
 40
1.0
 40
1.0
 40
1.0
 40
1.0
 10
13.63962
 20
-5.25717
 30
0.0
 10
13.63962
 20
-5.25717
 30
0.0
 10
13.64315
 20
-5.2607
 30
0.0
 10
13.64315
 20
-5.2607
 30
0.0
  0
SPLINE
  5
1C2
330
1F
100
AcDbEntity
  8
Camada 1
 62
   251
370
     9
100
AcDbSpline
210
0.0
220
0.0
230
1.0
 70
    24
 71
     3
 72
     8
 73
     4
 74
     0
 42
0.0000000001
 43
0.0000000001
 40
0.0
 40
0.0
 40
0.0
 40
0.0
 40
1.0
 40
1.0
 40
1.0
 40
1.0
 10
13.63962
 20
-5.25717
 30
0.0
 10
13.63962
 20
-5.25717
 30
0.0
 10
13.63962
 20
-5.22895
 30
0.0
 10
13.63962
 20
-5.22895
 30
0.0
  0
SPLINE
  5
1C3
330
1F
100
AcDbEntity
  8
Camada 1
 62
   251
370
     9
100
AcDbSpline
210
0.0
220
0.0
230
1.0
 70
    24
 71
     3
 72
     8
 73
     4
 74
     0
 42
0.0000000001
 43
0.0000000001
 40
0.0
 40
0.0
 40
0.0
 40
0.0
 40
1.0
 40
1.0
 40
1.0
 40
1.0
 10
13.63962
 20
-5.22895
 30
0.0
 10
13.63962
 20
-5.22895
 30
0.0
 10
13.64315
 20
-5.22542
 30
0.0
 10
13.64315
 20
-5.22542
 30
0.0
  0
SPLINE
  5
1C4
330
1F
100
AcDbEntity
  8
Camada 1
 62
   251
370
     9
100
AcDbSpline
210
0.0
220
0.0
230
1.0
 70
    24
 71
     3
 72
     8
 73
     4
 74
     0
 42
0.0000000001
 43
0.0000000001
 40
0.0
 40
0.0
 40
0.0
 40
0.0
 40
1.0
 40
1.0
 40
1.0
 40
1.0
 10
13.64315
 20
-5.2607
 30
0.0
 10
13.64315
 20
-5.2607
 30
0.0
 10
13.64315
 20
-5.22542
 30
0.0
 10
13.64315
 20
-5.22542
 30
0.0
  0
SPLINE
  5
1C5
330
1F
100
AcDbEntity
  8
Camada 1
 62
   251
370
     9
100
AcDbSpline
210
0.0
220
0.0
230
1.0
 70
    24
 71
     3
 72
     8
 73
     4
 74
     0
 42
0.0000000001
 43
0.0000000001
 40
0.0
 40
0.0
 40
0.0
 40
0.0
 40
1.0
 40
1.0
 40
1.0
 40
1.0
 10
13.63962
 20
-5.22895
 30
0.0
 10
13.63962
 20
-5.22895
 30
0.0
 10
13.60434
 20
-5.22895
 30
0.0
 10
13.60434
 20
-5.22895
 30
0.0
  0
SPLINE
  5
1C6
330
1F
100
AcDbEntity
  8
Camada 1
 62
   251
370
     9
100
AcDbSpline
210
0.0
220
0.0
230
1.0
 70
    24
 71
     3
 72
     8
 73
     4
 74
     0
 42
0.0000000001
 43
0.0000000001
 40
0.0
 40
0.0
 40
0.0
 40
0.0
 40
1.0
 40
1.0
 40
1.0
 40
1.0
 10
13.60434
 20
-5.22895
 30
0.0
 10
13.60434
 20
-5.22895
 30
0.0
 10
13.60082
 20
-5.22542
 30
0.0
 10
13.60082
 20
-5.22542
 30
0.0
  0
SPLINE
  5
1C7
330
1F
100
AcDbEntity
  8
Camada 1
 62
   251
370
     9
100
AcDbSpline
210
0.0
220
0.0
230
1.0
 70
    24
 71
     3
 72
     8
 73
     4
 74
     0
 42
0.0000000001
 43
0.0000000001
 40
0.0
 40
0.0
 40
0.0
 40
0.0
 40
1.0
 40
1.0
 40
1.0
 40
1.0
 10
13.64315
 20
-5.22542
 30
0.0
 10
13.64315
 20
-5.22542
 30
0.0
 10
13.60082
 20
-5.22542
 30
0.0
 10
13.60082
 20
-5.22542
 30
0.0
  0
SPLINE
  5
1C8
330
1F
100
AcDbEntity
  8
Camada 1
 62
   251
370
     9
100
AcDbSpline
210
0.0
220
0.0
230
1.0
 70
    24
 71
     3
 72
     8
 73
     4
 74
     0
 42
0.0000000001
 43
0.0000000001
 40
0.0
 40
0.0
 40
0.0
 40
0.0
 40
1.0
 40
1.0
 40
1.0
 40
1.0
 10
13.60434
 20
-5.28892
 30
0.0
 10
13.60434
 20
-5.28892
 30
0.0
 10
13.60434
 20
-5.52528
 30
0.0
 10
13.60434
 20
-5.52528
 30
0.0
  0
SPLINE
  5
1C9
330
1F
100
AcDbEntity
  8
Camada 1
 62
   251
370
     9
100
AcDbSpline
210
0.0
220
0.0
230
1.0
 70
    24
 71
     3
 72
     8
 73
     4
 74
     0
 42
0.0000000001
 43
0.0000000001
 40
0.0
 40
0.0
 40
0.0
 40
0.0
 40
1.0
 40
1.0
 40
1.0
 40
1.0
 10
13.60082
 20
-5.28539
 30
0.0
 10
13.60082
 20
-5.28539
 30
0.0
 10
13.60082
 20
-5.52881
 30
0.0
 10
13.60082
 20
-5.52881
 30
0.0
  0
SPLINE
  5
1CA
330
1F
100
AcDbEntity
  8
Camada 1
 62
   251
370
     9
100
AcDbSpline
210
0.0
220
0.0
230
1.0
 70
     8
 71
     3
 72
    17
 73
    13
 74
     0
 42
0.0000000001
 43
0.0000000001
 40
0.0
 40
0.0
 40
0.0
 40
0.0
 40
0.25
 40
0.25
 40
0.25
 40
0.5
 40
0.5
 40
0.5
 40
0.75
 40
0.75
 40
0.75
 40
1.0
 40
1.0
 40
1.0
 40
1.0
 10
12.74357
 20
-5.33831
 30
0.0
 10
12.74357
 20
-5.33831
 30
0.0
 10
12.73298
 20
-5.31714
 30
0.0
 10
12.73298
 20
-5.31714
 30
0.0
 10
12.73298
 20
-5.31714
 30
0.0
 10
12.71887
 20
-5.30303
 30
0.0
 10
12.71887
 20
-5.30303
 30
0.0
 10
12.71887
 20
-5.30303
 30
0.0
 10
12.6977
 20
-5.28892
 30
0.0
 10
12.6977
 20
-5.28892
 30
0.0
 10
12.6977
 20
-5.28892
 30
0.0
 10
12.66948
 20
-5.28539
 30
0.0
 10
12.66948
 20
-5.28539
 30
0.0
  0
SPLINE
  5
1CB
330
1F
100
AcDbEntity
  8
Camada 1
 62
   251
370
     9
100
AcDbSpline
210
0.0
220
0.0
230
1.0
 70
    24
 71
     3
 72
     8
 73
     4
 74
     0
 42
0.0000000001
 43
0.0000000001
 40
0.0
 40
0.0
 40
0.0
 40
0.0
 40
1.0
 40
1.0
 40
1.0
 40
1.0
 10
13.63962
 20
-5.52528
 30
0.0
 10
13.63962
 20
-5.52528
 30
0.0
 10
13.63962
 20
-5.28892
 30
0.0
 10
13.63962
 20
-5.28892
 30
0.0
  0
SPLINE
  5
1CC
330
1F
100
AcDbEntity
  8
Camada 1
 62
   251
370
     9
100
AcDbSpline
210
0.0
220
0.0
230
1.0
 70
    24
 71
     3
 72
     8
 73
     4
 74
     0
 42
0.0000000001
 43
0.0000000001
 40
0.0
 40
0.0
 40
0.0
 40
0.0
 40
1.0
 40
1.0
 40
1.0
 40
1.0
 10
13.64315
 20
-5.52881
 30
0.0
 10
13.64315
 20
-5.52881
 30
0.0
 10
13.64315
 20
-5.28539
 30
0.0
 10
13.64315
 20
-5.28539
 30
0.0
  0
SPLINE
  5
1CD
330
1F
100
AcDbEntity
  8
Camada 1
 62
   251
370
     9
100
AcDbSpline
210
0.0
220
0.0
230
1.0
 70
    24
 71
     3
 72
     8
 73
     4
 74
     0
 42
0.0000000001
 43
0.0000000001
 40
0.0
 40
0.0
 40
0.0
 40
0.0
 40
1.0
 40
1.0
 40
1.0
 40
1.0
 10
13.60434
 20
-5.22895
 30
0.0
 10
13.60434
 20
-5.22895
 30
0.0
 10
13.60434
 20
-5.25717
 30
0.0
 10
13.60434
 20
-5.25717
 30
0.0
  0
SPLINE
  5
1CE
330
1F
100
AcDbEntity
  8
Camada 1
 62
   251
370
     9
100
AcDbSpline
210
0.0
220
0.0
230
1.0
 70
    24
 71
     3
 72
     8
 73
     4
 74
     0
 42
0.0000000001
 43
0.0000000001
 40
0.0
 40
0.0
 40
0.0
 40
0.0
 40
1.0
 40
1.0
 40
1.0
 40
1.0
 10
13.60434
 20
-5.25717
 30
0.0
 10
13.60434
 20
-5.25717
 30
0.0
 10
13.60082
 20
-5.2607
 30
0.0
 10
13.60082
 20
-5.2607
 30
0.0
  0
SPLINE
  5
1CF
330
1F
100
AcDbEntity
  8
Camada 1
 62
   251
370
     9
100
AcDbSpline
210
0.0
220
0.0
230
1.0
 70
    24
 71
     3
 72
     8
 73
     4
 74
     0
 42
0.0000000001
 43
0.0000000001
 40
0.0
 40
0.0
 40
0.0
 40
0.0
 40
1.0
 40
1.0
 40
1.0
 40
1.0
 10
13.60082
 20
-5.22542
 30
0.0
 10
13.60082
 20
-5.22542
 30
0.0
 10
13.60082
 20
-5.2607
 30
0.0
 10
13.60082
 20
-5.2607
 30
0.0
  0
SPLINE
  5
1D0
330
1F
100
AcDbEntity
  8
Camada 1
 62
   251
370
     9
100
AcDbSpline
210
0.0
220
0.0
230
1.0
 70
    24
 71
     3
 72
     8
 73
     4
 74
     0
 42
0.0000000001
 43
0.0000000001
 40
0.0
 40
0.0
 40
0.0
 40
0.0
 40
1.0
 40
1.0
 40
1.0
 40
1.0
 10
13.60434
 20
-5.25717
 30
0.0
 10
13.60434
 20
-5.25717
 30
0.0
 10
13.63962
 20
-5.25717
 30
0.0
 10
13.63962
 20
-5.25717
 30
0.0
  0
SPLINE
  5
1D1
330
1F
100
AcDbEntity
  8
Camada 1
 62
   251
370
     9
100
AcDbSpline
210
0.0
220
0.0
230
1.0
 70
    24
 71
     3
 72
     8
 73
     4
 74
     0
 42
0.0000000001
 43
0.0000000001
 40
0.0
 40
0.0
 40
0.0
 40
0.0
 40
1.0
 40
1.0
 40
1.0
 40
1.0
 10
13.60082
 20
-5.2607
 30
0.0
 10
13.60082
 20
-5.2607
 30
0.0
 10
13.64315
 20
-5.2607
 30
0.0
 10
13.64315
 20
-5.2607
 30
0.0
  0
SPLINE
  5
1D2
330
1F
100
AcDbEntity
  8
Camada 1
 62
   251
370
     9
100
AcDbSpline
210
0.0
220
0.0
230
1.0
 70
    24
 71
     3
 72
     8
 73
     4
 74
     0
 42
0.0000000001
 43
0.0000000001
 40
0.0
 40
0.0
 40
0.0
 40
0.0
 40
1.0
 40
1.0
 40
1.0
 40
1.0
 10
1.74749
 20
5.82004
 30
0.0
 10
1.74749
 20
5.82004
 30
0.0
 10
1.74749
 20
-5.82161
 30
0.0
 10
1.74749
 20
-5.82161
 30
0.0
  0
SPLINE
  5
1D3
330
1F
100
AcDbEntity
  8
Camada 1
 62
   251
370
     9
100
AcDbSpline
210
0.0
220
0.0
230
1.0
 70
    24
 71
     3
 72
    23
 73
    19
 74
     0
 42
0.0000000001
 43
0.0000000001
 40
0.0
 40
0.0
 40
0.0
 40
0.0
 40
0.1666666666666667
 40
0.1666666666666667
 40
0.1666666666666667
 40
0.3333333333333333
 40
0.3333333333333333
 40
0.3333333333333333
 40
0.5
 40
0.5
 40
0.5
 40
0.6666666666666666
 40
0.6666666666666666
 40
0.6666666666666666
 40
0.8333333333333333
 40
0.8333333333333333
 40
0.8333333333333333
 40
1.0
 40
1.0
 40
1.0
 40
1.0
 10
1.74749
 20
-5.82161
 30
0.0
 10
1.74749
 20
-5.82161
 30
0.0
 10
1.74396
 20
-5.82161
 30
0.0
 10
1.74396
 20
-5.82161
 30
0.0
 10
1.74396
 20
-5.82161
 30
0.0
 10
1.74044
 20
-5.82161
 30
0.0
 10
1.74044
 20
-5.82161
 30
0.0
 10
1.74044
 20
-5.82161
 30
0.0
 10
1.73691
 20
-5.82161
 30
0.0
 10
1.73691
 20
-5.82161
 30
0.0
 10
1.73691
 20
-5.82161
 30
0.0
 10
1.73338
 20
-5.82161
 30
0.0
 10
1.73338
 20
-5.82161
 30
0.0
 10
1.73338
 20
-5.82161
 30
0.0
 10
1.72985
 20
-5.82161
 30
0.0
 10
1.72985
 20
-5.82161
 30
0.0
 10
1.72985
 20
-5.82161
 30
0.0
 10
1.72633
 20
-5.82161
 30
0.0
 10
1.72633
 20
-5.82161
 30
0.0
  0
SPLINE
  5
1D4
330
1F
100
AcDbEntity
  8
Camada 1
 62
   251
370
     9
100
AcDbSpline
210
0.0
220
0.0
230
1.0
 70
    24
 71
     3
 72
     8
 73
     4
 74
     0
 42
0.0000000001
 43
0.0000000001
 40
0.0
 40
0.0
 40
0.0
 40
0.0
 40
1.0
 40
1.0
 40
1.0
 40
1.0
 10
1.72633
 20
-5.82161
 30
0.0
 10
1.72633
 20
-5.82161
 30
0.0
 10
1.72633
 20
5.82004
 30
0.0
 10
1.72633
 20
5.82004
 30
0.0
  0
SPLINE
  5
1D5
330
1F
100
AcDbEntity
  8
Camada 1
 62
   251
370
     9
100
AcDbSpline
210
0.0
220
0.0
230
1.0
 70
    24
 71
     3
 72
    23
 73
    19
 74
     0
 42
0.0000000001
 43
0.0000000001
 40
0.0
 40
0.0
 40
0.0
 40
0.0
 40
0.1666666666666667
 40
0.1666666666666667
 40
0.1666666666666667
 40
0.3333333333333333
 40
0.3333333333333333
 40
0.3333333333333333
 40
0.5
 40
0.5
 40
0.5
 40
0.6666666666666666
 40
0.6666666666666666
 40
0.6666666666666666
 40
0.8333333333333333
 40
0.8333333333333333
 40
0.8333333333333333
 40
1.0
 40
1.0
 40
1.0
 40
1.0
 10
1.74749
 20
5.82004
 30
0.0
 10
1.74749
 20
5.82004
 30
0.0
 10
1.74396
 20
5.82004
 30
0.0
 10
1.74396
 20
5.82004
 30
0.0
 10
1.74396
 20
5.82004
 30
0.0
 10
1.74044
 20
5.82004
 30
0.0
 10
1.74044
 20
5.82004
 30
0.0
 10
1.74044
 20
5.82004
 30
0.0
 10
1.73691
 20
5.82004
 30
0.0
 10
1.73691
 20
5.82004
 30
0.0
 10
1.73691
 20
5.82004
 30
0.0
 10
1.73338
 20
5.82004
 30
0.0
 10
1.73338
 20
5.82004
 30
0.0
 10
1.73338
 20
5.82004
 30
0.0
 10
1.72985
 20
5.82004
 30
0.0
 10
1.72985
 20
5.82004
 30
0.0
 10
1.72985
 20
5.82004
 30
0.0
 10
1.72633
 20
5.82004
 30
0.0
 10
1.72633
 20
5.82004
 30
0.0
  0
SPLINE
  5
1D6
330
1F
100
AcDbEntity
  8
Camada 1
 62
   251
370
     9
100
AcDbSpline
210
0.0
220
0.0
230
1.0
 70
     8
 71
     3
 72
    29
 73
    25
 74
     0
 42
0.0000000001
 43
0.0000000001
 40
0.0
 40
0.0
 40
0.0
 40
0.0
 40
0.125
 40
0.125
 40
0.125
 40
0.25
 40
0.25
 40
0.25
 40
0.375
 40
0.375
 40
0.375
 40
0.5
 40
0.5
 40
0.5
 40
0.625
 40
0.625
 40
0.625
 40
0.75
 40
0.75
 40
0.75
 40
0.875
 40
0.875
 40
0.875
 40
1.0
 40
1.0
 40
1.0
 40
1.0
 10
2.0156
 20
6.08815
 30
0.0
 10
2.0156
 20
6.08815
 30
0.0
 10
1.96269
 20
6.08463
 30
0.0
 10
1.96269
 20
6.08463
 30
0.0
 10
1.96269
 20
6.08463
 30
0.0
 10
1.9133
 20
6.06699
 30
0.0
 10
1.9133
 20
6.06699
 30
0.0
 10
1.9133
 20
6.06699
 30
0.0
 10
1.86744
 20
6.04229
 30
0.0
 10
1.86744
 20
6.04229
 30
0.0
 10
1.86744
 20
6.04229
 30
0.0
 10
1.8251
 20
6.01054
 30
0.0
 10
1.8251
 20
6.01054
 30
0.0
 10
1.8251
 20
6.01054
 30
0.0
 10
1.79335
 20
5.96821
 30
0.0
 10
1.79335
 20
5.96821
 30
0.0
 10
1.79335
 20
5.96821
 30
0.0
 10
1.76866
 20
5.92235
 30
0.0
 10
1.76866
 20
5.92235
 30
0.0
 10
1.76866
 20
5.92235
 30
0.0
 10
1.75102
 20
5.87296
 30
0.0
 10
1.75102
 20
5.87296
 30
0.0
 10
1.75102
 20
5.87296
 30
0.0
 10
1.74749
 20
5.82004
 30
0.0
 10
1.74749
 20
5.82004
 30
0.0
  0
SPLINE
  5
1D7
330
1F
100
AcDbEntity
  8
Camada 1
 62
   251
370
     9
100
AcDbSpline
210
0.0
220
0.0
230
1.0
 70
     8
 71
     3
 72
    29
 73
    25
 74
     0
 42
0.0000000001
 43
0.0000000001
 40
0.0
 40
0.0
 40
0.0
 40
0.0
 40
0.125
 40
0.125
 40
0.125
 40
0.25
 40
0.25
 40
0.25
 40
0.375
 40
0.375
 40
0.375
 40
0.5
 40
0.5
 40
0.5
 40
0.625
 40
0.625
 40
0.625
 40
0.75
 40
0.75
 40
0.75
 40
0.875
 40
0.875
 40
0.875
 40
1.0
 40
1.0
 40
1.0
 40
1.0
 10
1.72633
 20
5.82004
 30
0.0
 10
1.72633
 20
5.82004
 30
0.0
 10
1.73338
 20
5.87649
 30
0.0
 10
1.73338
 20
5.87649
 30
0.0
 10
1.73338
 20
5.87649
 30
0.0
 10
1.74749
 20
5.9294
 30
0.0
 10
1.74749
 20
5.9294
 30
0.0
 10
1.74749
 20
5.9294
 30
0.0
 10
1.77571
 20
5.97879
 30
0.0
 10
1.77571
 20
5.97879
 30
0.0
 10
1.77571
 20
5.97879
 30
0.0
 10
1.81099
 20
6.02465
 30
0.0
 10
1.81099
 20
6.02465
 30
0.0
 10
1.81099
 20
6.02465
 30
0.0
 10
1.85333
 20
6.05993
 30
0.0
 10
1.85333
 20
6.05993
 30
0.0
 10
1.85333
 20
6.05993
 30
0.0
 10
1.90624
 20
6.08815
 30
0.0
 10
1.90624
 20
6.08815
 30
0.0
 10
1.90624
 20
6.08815
 30
0.0
 10
1.95916
 20
6.10227
 30
0.0
 10
1.95916
 20
6.10227
 30
0.0
 10
1.95916
 20
6.10227
 30
0.0
 10
2.0156
 20
6.10932
 30
0.0
 10
2.0156
 20
6.10932
 30
0.0
  0
SPLINE
  5
1D8
330
1F
100
AcDbEntity
  8
Camada 1
 62
   251
370
     9
100
AcDbSpline
210
0.0
220
0.0
230
1.0
 70
    24
 71
     3
 72
    23
 73
    19
 74
     0
 42
0.0000000001
 43
0.0000000001
 40
0.0
 40
0.0
 40
0.0
 40
0.0
 40
0.1666666666666667
 40
0.1666666666666667
 40
0.1666666666666667
 40
0.3333333333333333
 40
0.3333333333333333
 40
0.3333333333333333
 40
0.5
 40
0.5
 40
0.5
 40
0.6666666666666666
 40
0.6666666666666666
 40
0.6666666666666666
 40
0.8333333333333333
 40
0.8333333333333333
 40
0.8333333333333333
 40
1.0
 40
1.0
 40
1.0
 40
1.0
 10
2.0156
 20
6.08815
 30
0.0
 10
2.0156
 20
6.08815
 30
0.0
 10
2.0156
 20
6.09168
 30
0.0
 10
2.0156
 20
6.09168
 30
0.0
 10
2.0156
 20
6.09168
 30
0.0
 10
2.0156
 20
6.09521
 30
0.0
 10
2.0156
 20
6.09521
 30
0.0
 10
2.0156
 20
6.09521
 30
0.0
 10
2.0156
 20
6.09874
 30
0.0
 10
2.0156
 20
6.09874
 30
0.0
 10
2.0156
 20
6.09874
 30
0.0
 10
2.0156
 20
6.10227
 30
0.0
 10
2.0156
 20
6.10227
 30
0.0
 10
2.0156
 20
6.10227
 30
0.0
 10
2.0156
 20
6.10579
 30
0.0
 10
2.0156
 20
6.10579
 30
0.0
 10
2.0156
 20
6.10579
 30
0.0
 10
2.0156
 20
6.10932
 30
0.0
 10
2.0156
 20
6.10932
 30
0.0
  0
SPLINE
  5
1D9
330
1F
100
AcDbEntity
  8
Camada 1
 62
   251
370
     9
100
AcDbSpline
210
0.0
220
0.0
230
1.0
 70
    24
 71
     3
 72
     8
 73
     4
 74
     0
 42
0.0000000001
 43
0.0000000001
 40
0.0
 40
0.0
 40
0.0
 40
0.0
 40
1.0
 40
1.0
 40
1.0
 40
1.0
 10
14.39457
 20
6.08815
 30
0.0
 10
14.39457
 20
6.08815
 30
0.0
 10
2.0156
 20
6.08815
 30
0.0
 10
2.0156
 20
6.08815
 30
0.0
  0
SPLINE
  5
1DA
330
1F
100
AcDbEntity
  8
Camada 1
 62
   251
370
     9
100
AcDbSpline
210
0.0
220
0.0
230
1.0
 70
    24
 71
     3
 72
     8
 73
     4
 74
     0
 42
0.0000000001
 43
0.0000000001
 40
0.0
 40
0.0
 40
0.0
 40
0.0
 40
1.0
 40
1.0
 40
1.0
 40
1.0
 10
2.0156
 20
6.10932
 30
0.0
 10
2.0156
 20
6.10932
 30
0.0
 10
14.39457
 20
6.10932
 30
0.0
 10
14.39457
 20
6.10932
 30
0.0
  0
SPLINE
  5
1DB
330
1F
100
AcDbEntity
  8
Camada 1
 62
   251
370
     9
100
AcDbSpline
210
0.0
220
0.0
230
1.0
 70
    24
 71
     3
 72
    26
 73
    22
 74
     0
 42
0.0000000001
 43
0.0000000001
 40
0.0
 40
0.0
 40
0.0
 40
0.0
 40
0.1428571428571428
 40
0.1428571428571428
 40
0.1428571428571428
 40
0.2857142857142857
 40
0.2857142857142857
 40
0.2857142857142857
 40
0.4285714285714285
 40
0.4285714285714285
 40
0.4285714285714285
 40
0.5714285714285714
 40
0.5714285714285714
 40
0.5714285714285714
 40
0.7142857142857142
 40
0.7142857142857142
 40
0.7142857142857142
 40
0.8571428571428571
 40
0.8571428571428571
 40
0.8571428571428571
 40
1.0
 40
1.0
 40
1.0
 40
1.0
 10
14.39457
 20
6.10932
 30
0.0
 10
14.39457
 20
6.10932
 30
0.0
 10
14.39457
 20
6.10932
 30
0.0
 10
14.39457
 20
6.10932
 30
0.0
 10
14.39457
 20
6.10932
 30
0.0
 10
14.39457
 20
6.10579
 30
0.0
 10
14.39457
 20
6.10579
 30
0.0
 10
14.39457
 20
6.10579
 30
0.0
 10
14.39457
 20
6.10227
 30
0.0
 10
14.39457
 20
6.10227
 30
0.0
 10
14.39457
 20
6.10227
 30
0.0
 10
14.39457
 20
6.09874
 30
0.0
 10
14.39457
 20
6.09874
 30
0.0
 10
14.39457
 20
6.09874
 30
0.0
 10
14.39457
 20
6.09521
 30
0.0
 10
14.39457
 20
6.09521
 30
0.0
 10
14.39457
 20
6.09521
 30
0.0
 10
14.39457
 20
6.09168
 30
0.0
 10
14.39457
 20
6.09168
 30
0.0
 10
14.39457
 20
6.09168
 30
0.0
 10
14.39457
 20
6.08815
 30
0.0
 10
14.39457
 20
6.08815
 30
0.0
  0
SPLINE
  5
1DC
330
1F
100
AcDbEntity
  8
Camada 1
 62
   251
370
     9
100
AcDbSpline
210
0.0
220
0.0
230
1.0
 70
     8
 71
     3
 72
    29
 73
    25
 74
     0
 42
0.0000000001
 43
0.0000000001
 40
0.0
 40
0.0
 40
0.0
 40
0.0
 40
0.125
 40
0.125
 40
0.125
 40
0.25
 40
0.25
 40
0.25
 40
0.375
 40
0.375
 40
0.375
 40
0.5
 40
0.5
 40
0.5
 40
0.625
 40
0.625
 40
0.625
 40
0.75
 40
0.75
 40
0.75
 40
0.875
 40
0.875
 40
0.875
 40
1.0
 40
1.0
 40
1.0
 40
1.0
 10
14.39457
 20
6.10932
 30
0.0
 10
14.39457
 20
6.10932
 30
0.0
 10
14.45101
 20
6.10227
 30
0.0
 10
14.45101
 20
6.10227
 30
0.0
 10
14.45101
 20
6.10227
 30
0.0
 10
14.50745
 20
6.08815
 30
0.0
 10
14.50745
 20
6.08815
 30
0.0
 10
14.50745
 20
6.08815
 30
0.0
 10
14.55684
 20
6.05993
 30
0.0
 10
14.55684
 20
6.05993
 30
0.0
 10
14.55684
 20
6.05993
 30
0.0
 10
14.59918
 20
6.02465
 30
0.0
 10
14.59918
 20
6.02465
 30
0.0
 10
14.59918
 20
6.02465
 30
0.0
 10
14.63445
 20
5.97879
 30
0.0
 10
14.63445
 20
5.97879
 30
0.0
 10
14.63445
 20
5.97879
 30
0.0
 10
14.66268
 20
5.9294
 30
0.0
 10
14.66268
 20
5.9294
 30
0.0
 10
14.66268
 20
5.9294
 30
0.0
 10
14.68032
 20
5.87649
 30
0.0
 10
14.68032
 20
5.87649
 30
0.0
 10
14.68032
 20
5.87649
 30
0.0
 10
14.68384
 20
5.82004
 30
0.0
 10
14.68384
 20
5.82004
 30
0.0
  0
SPLINE
  5
1DD
330
1F
100
AcDbEntity
  8
Camada 1
 62
   251
370
     9
100
AcDbSpline
210
0.0
220
0.0
230
1.0
 70
    24
 71
     3
 72
    23
 73
    19
 74
     0
 42
0.0000000001
 43
0.0000000001
 40
0.0
 40
0.0
 40
0.0
 40
0.0
 40
0.1666666666666667
 40
0.1666666666666667
 40
0.1666666666666667
 40
0.3333333333333333
 40
0.3333333333333333
 40
0.3333333333333333
 40
0.5
 40
0.5
 40
0.5
 40
0.6666666666666666
 40
0.6666666666666666
 40
0.6666666666666666
 40
0.8333333333333333
 40
0.8333333333333333
 40
0.8333333333333333
 40
1.0
 40
1.0
 40
1.0
 40
1.0
 10
14.68384
 20
5.82004
 30
0.0
 10
14.68384
 20
5.82004
 30
0.0
 10
14.68384
 20
5.82004
 30
0.0
 10
14.68384
 20
5.82004
 30
0.0
 10
14.68384
 20
5.82004
 30
0.0
 10
14.68032
 20
5.82004
 30
0.0
 10
14.68032
 20
5.82004
 30
0.0
 10
14.68032
 20
5.82004
 30
0.0
 10
14.67679
 20
5.82004
 30
0.0
 10
14.67679
 20
5.82004
 30
0.0
 10
14.67679
 20
5.82004
 30
0.0
 10
14.67326
 20
5.82004
 30
0.0
 10
14.67326
 20
5.82004
 30
0.0
 10
14.67326
 20
5.82004
 30
0.0
 10
14.66973
 20
5.82004
 30
0.0
 10
14.66973
 20
5.82004
 30
0.0
 10
14.66973
 20
5.82004
 30
0.0
 10
14.6662
 20
5.82004
 30
0.0
 10
14.6662
 20
5.82004
 30
0.0
  0
SPLINE
  5
1DE
330
1F
100
AcDbEntity
  8
Camada 1
 62
   251
370
     9
100
AcDbSpline
210
0.0
220
0.0
230
1.0
 70
     8
 71
     3
 72
    29
 73
    25
 74
     0
 42
0.0000000001
 43
0.0000000001
 40
0.0
 40
0.0
 40
0.0
 40
0.0
 40
0.125
 40
0.125
 40
0.125
 40
0.25
 40
0.25
 40
0.25
 40
0.375
 40
0.375
 40
0.375
 40
0.5
 40
0.5
 40
0.5
 40
0.625
 40
0.625
 40
0.625
 40
0.75
 40
0.75
 40
0.75
 40
0.875
 40
0.875
 40
0.875
 40
1.0
 40
1.0
 40
1.0
 40
1.0
 10
14.6662
 20
5.82004
 30
0.0
 10
14.6662
 20
5.82004
 30
0.0
 10
14.65915
 20
5.87296
 30
0.0
 10
14.65915
 20
5.87296
 30
0.0
 10
14.65915
 20
5.87296
 30
0.0
 10
14.64504
 20
5.92235
 30
0.0
 10
14.64504
 20
5.92235
 30
0.0
 10
14.64504
 20
5.92235
 30
0.0
 10
14.62034
 20
5.96821
 30
0.0
 10
14.62034
 20
5.96821
 30
0.0
 10
14.62034
 20
5.96821
 30
0.0
 10
14.58507
 20
6.01054
 30
0.0
 10
14.58507
 20
6.01054
 30
0.0
 10
14.58507
 20
6.01054
 30
0.0
 10
14.54626
 20
6.04229
 30
0.0
 10
14.54626
 20
6.04229
 30
0.0
 10
14.54626
 20
6.04229
 30
0.0
 10
14.49687
 20
6.06699
 30
0.0
 10
14.49687
 20
6.06699
 30
0.0
 10
14.49687
 20
6.06699
 30
0.0
 10
14.44748
 20
6.08463
 30
0.0
 10
14.44748
 20
6.08463
 30
0.0
 10
14.44748
 20
6.08463
 30
0.0
 10
14.39457
 20
6.08815
 30
0.0
 10
14.39457
 20
6.08815
 30
0.0
  0
SPLINE
  5
1DF
330
1F
100
AcDbEntity
  8
Camada 1
 62
   251
370
     9
100
AcDbSpline
210
0.0
220
0.0
230
1.0
 70
    24
 71
     3
 72
     8
 73
     4
 74
     0
 42
0.0000000001
 43
0.0000000001
 40
0.0
 40
0.0
 40
0.0
 40
0.0
 40
1.0
 40
1.0
 40
1.0
 40
1.0
 10
14.68384
 20
5.82004
 30
0.0
 10
14.68384
 20
5.82004
 30
0.0
 10
14.68384
 20
-5.82161
 30
0.0
 10
14.68384
 20
-5.82161
 30
0.0
  0
SPLINE
  5
1E0
330
1F
100
AcDbEntity
  8
Camada 1
 62
   251
370
     9
100
AcDbSpline
210
0.0
220
0.0
230
1.0
 70
    24
 71
     3
 72
    23
 73
    19
 74
     0
 42
0.0000000001
 43
0.0000000001
 40
0.0
 40
0.0
 40
0.0
 40
0.0
 40
0.1666666666666667
 40
0.1666666666666667
 40
0.1666666666666667
 40
0.3333333333333333
 40
0.3333333333333333
 40
0.3333333333333333
 40
0.5
 40
0.5
 40
0.5
 40
0.6666666666666666
 40
0.6666666666666666
 40
0.6666666666666666
 40
0.8333333333333333
 40
0.8333333333333333
 40
0.8333333333333333
 40
1.0
 40
1.0
 40
1.0
 40
1.0
 10
14.68384
 20
-5.82161
 30
0.0
 10
14.68384
 20
-5.82161
 30
0.0
 10
14.68384
 20
-5.82161
 30
0.0
 10
14.68384
 20
-5.82161
 30
0.0
 10
14.68384
 20
-5.82161
 30
0.0
 10
14.68032
 20
-5.82161
 30
0.0
 10
14.68032
 20
-5.82161
 30
0.0
 10
14.68032
 20
-5.82161
 30
0.0
 10
14.67679
 20
-5.82161
 30
0.0
 10
14.67679
 20
-5.82161
 30
0.0
 10
14.67679
 20
-5.82161
 30
0.0
 10
14.67326
 20
-5.82161
 30
0.0
 10
14.67326
 20
-5.82161
 30
0.0
 10
14.67326
 20
-5.82161
 30
0.0
 10
14.66973
 20
-5.82161
 30
0.0
 10
14.66973
 20
-5.82161
 30
0.0
 10
14.66973
 20
-5.82161
 30
0.0
 10
14.6662
 20
-5.82161
 30
0.0
 10
14.6662
 20
-5.82161
 30
0.0
  0
SPLINE
  5
1E1
330
1F
100
AcDbEntity
  8
Camada 1
 62
   251
370
     9
100
AcDbSpline
210
0.0
220
0.0
230
1.0
 70
    24
 71
     3
 72
     8
 73
     4
 74
     0
 42
0.0000000001
 43
0.0000000001
 40
0.0
 40
0.0
 40
0.0
 40
0.0
 40
1.0
 40
1.0
 40
1.0
 40
1.0
 10
14.6662
 20
-5.82161
 30
0.0
 10
14.6662
 20
-5.82161
 30
0.0
 10
14.6662
 20
5.82004
 30
0.0
 10
14.6662
 20
5.82004
 30
0.0
  0
SPLINE
  5
1E2
330
1F
100
AcDbEntity
  8
Camada 1
 62
   251
370
     9
100
AcDbSpline
210
0.0
220
0.0
230
1.0
 70
     8
 71
     3
 72
    29
 73
    25
 74
     0
 42
0.0000000001
 43
0.0000000001
 40
0.0
 40
0.0
 40
0.0
 40
0.0
 40
0.125
 40
0.125
 40
0.125
 40
0.25
 40
0.25
 40
0.25
 40
0.375
 40
0.375
 40
0.375
 40
0.5
 40
0.5
 40
0.5
 40
0.625
 40
0.625
 40
0.625
 40
0.75
 40
0.75
 40
0.75
 40
0.875
 40
0.875
 40
0.875
 40
1.0
 40
1.0
 40
1.0
 40
1.0
 10
1.74749
 20
-5.82161
 30
0.0
 10
1.74749
 20
-5.82161
 30
0.0
 10
1.75102
 20
-5.871
 30
0.0
 10
1.75102
 20
-5.871
 30
0.0
 10
1.75102
 20
-5.871
 30
0.0
 10
1.76866
 20
-5.92392
 30
0.0
 10
1.76866
 20
-5.92392
 30
0.0
 10
1.76866
 20
-5.92392
 30
0.0
 10
1.79335
 20
-5.96978
 30
0.0
 10
1.79335
 20
-5.96978
 30
0.0
 10
1.79335
 20
-5.96978
 30
0.0
 10
1.8251
 20
-6.01211
 30
0.0
 10
1.8251
 20
-6.01211
 30
0.0
 10
1.8251
 20
-6.01211
 30
0.0
 10
1.86744
 20
-6.04386
 30
0.0
 10
1.86744
 20
-6.04386
 30
0.0
 10
1.86744
 20
-6.04386
 30
0.0
 10
1.9133
 20
-6.06856
 30
0.0
 10
1.9133
 20
-6.06856
 30
0.0
 10
1.9133
 20
-6.06856
 30
0.0
 10
1.96269
 20
-6.08267
 30
0.0
 10
1.96269
 20
-6.08267
 30
0.0
 10
1.96269
 20
-6.08267
 30
0.0
 10
2.0156
 20
-6.08973
 30
0.0
 10
2.0156
 20
-6.08973
 30
0.0
  0
SPLINE
  5
1E3
330
1F
100
AcDbEntity
  8
Camada 1
 62
   251
370
     9
100
AcDbSpline
210
0.0
220
0.0
230
1.0
 70
    24
 71
     3
 72
    23
 73
    19
 74
     0
 42
0.0000000001
 43
0.0000000001
 40
0.0
 40
0.0
 40
0.0
 40
0.0
 40
0.1666666666666667
 40
0.1666666666666667
 40
0.1666666666666667
 40
0.3333333333333333
 40
0.3333333333333333
 40
0.3333333333333333
 40
0.5
 40
0.5
 40
0.5
 40
0.6666666666666666
 40
0.6666666666666666
 40
0.6666666666666666
 40
0.8333333333333333
 40
0.8333333333333333
 40
0.8333333333333333
 40
1.0
 40
1.0
 40
1.0
 40
1.0
 10
2.0156
 20
-6.08973
 30
0.0
 10
2.0156
 20
-6.08973
 30
0.0
 10
2.0156
 20
-6.09325
 30
0.0
 10
2.0156
 20
-6.09325
 30
0.0
 10
2.0156
 20
-6.09325
 30
0.0
 10
2.0156
 20
-6.09678
 30
0.0
 10
2.0156
 20
-6.09678
 30
0.0
 10
2.0156
 20
-6.09678
 30
0.0
 10
2.0156
 20
-6.10031
 30
0.0
 10
2.0156
 20
-6.10031
 30
0.0
 10
2.0156
 20
-6.10031
 30
0.0
 10
2.0156
 20
-6.10384
 30
0.0
 10
2.0156
 20
-6.10384
 30
0.0
 10
2.0156
 20
-6.10384
 30
0.0
 10
2.0156
 20
-6.10736
 30
0.0
 10
2.0156
 20
-6.10736
 30
0.0
 10
2.0156
 20
-6.10736
 30
0.0
 10
2.0156
 20
-6.11089
 30
0.0
 10
2.0156
 20
-6.11089
 30
0.0
  0
SPLINE
  5
1E4
330
1F
100
AcDbEntity
  8
Camada 1
 62
   251
370
     9
100
AcDbSpline
210
0.0
220
0.0
230
1.0
 70
     8
 71
     3
 72
    29
 73
    25
 74
     0
 42
0.0000000001
 43
0.0000000001
 40
0.0
 40
0.0
 40
0.0
 40
0.0
 40
0.125
 40
0.125
 40
0.125
 40
0.25
 40
0.25
 40
0.25
 40
0.375
 40
0.375
 40
0.375
 40
0.5
 40
0.5
 40
0.5
 40
0.625
 40
0.625
 40
0.625
 40
0.75
 40
0.75
 40
0.75
 40
0.875
 40
0.875
 40
0.875
 40
1.0
 40
1.0
 40
1.0
 40
1.0
 10
2.0156
 20
-6.11089
 30
0.0
 10
2.0156
 20
-6.11089
 30
0.0
 10
1.95916
 20
-6.10384
 30
0.0
 10
1.95916
 20
-6.10384
 30
0.0
 10
1.95916
 20
-6.10384
 30
0.0
 10
1.90624
 20
-6.0862
 30
0.0
 10
1.90624
 20
-6.0862
 30
0.0
 10
1.90624
 20
-6.0862
 30
0.0
 10
1.85333
 20
-6.0615
 30
0.0
 10
1.85333
 20
-6.0615
 30
0.0
 10
1.85333
 20
-6.0615
 30
0.0
 10
1.81099
 20
-6.02622
 30
0.0
 10
1.81099
 20
-6.02622
 30
0.0
 10
1.81099
 20
-6.02622
 30
0.0
 10
1.77571
 20
-5.98036
 30
0.0
 10
1.77571
 20
-5.98036
 30
0.0
 10
1.77571
 20
-5.98036
 30
0.0
 10
1.74749
 20
-5.93098
 30
0.0
 10
1.74749
 20
-5.93098
 30
0.0
 10
1.74749
 20
-5.93098
 30
0.0
 10
1.73338
 20
-5.87806
 30
0.0
 10
1.73338
 20
-5.87806
 30
0.0
 10
1.73338
 20
-5.87806
 30
0.0
 10
1.72633
 20
-5.82161
 30
0.0
 10
1.72633
 20
-5.82161
 30
0.0
  0
SPLINE
  5
1E5
330
1F
100
AcDbEntity
  8
Camada 1
 62
   251
370
     9
100
AcDbSpline
210
0.0
220
0.0
230
1.0
 70
     8
 71
     3
 72
    29
 73
    25
 74
     0
 42
0.0000000001
 43
0.0000000001
 40
0.0
 40
0.0
 40
0.0
 40
0.0
 40
0.125
 40
0.125
 40
0.125
 40
0.25
 40
0.25
 40
0.25
 40
0.375
 40
0.375
 40
0.375
 40
0.5
 40
0.5
 40
0.5
 40
0.625
 40
0.625
 40
0.625
 40
0.75
 40
0.75
 40
0.75
 40
0.875
 40
0.875
 40
0.875
 40
1.0
 40
1.0
 40
1.0
 40
1.0
 10
14.68384
 20
-5.82161
 30
0.0
 10
14.68384
 20
-5.82161
 30
0.0
 10
14.68032
 20
-5.87806
 30
0.0
 10
14.68032
 20
-5.87806
 30
0.0
 10
14.68032
 20
-5.87806
 30
0.0
 10
14.66268
 20
-5.93098
 30
0.0
 10
14.66268
 20
-5.93098
 30
0.0
 10
14.66268
 20
-5.93098
 30
0.0
 10
14.63445
 20
-5.98036
 30
0.0
 10
14.63445
 20
-5.98036
 30
0.0
 10
14.63445
 20
-5.98036
 30
0.0
 10
14.59918
 20
-6.02622
 30
0.0
 10
14.59918
 20
-6.02622
 30
0.0
 10
14.59918
 20
-6.02622
 30
0.0
 10
14.55684
 20
-6.0615
 30
0.0
 10
14.55684
 20
-6.0615
 30
0.0
 10
14.55684
 20
-6.0615
 30
0.0
 10
14.50745
 20
-6.0862
 30
0.0
 10
14.50745
 20
-6.0862
 30
0.0
 10
14.50745
 20
-6.0862
 30
0.0
 10
14.45101
 20
-6.10384
 30
0.0
 10
14.45101
 20
-6.10384
 30
0.0
 10
14.45101
 20
-6.10384
 30
0.0
 10
14.39457
 20
-6.11089
 30
0.0
 10
14.39457
 20
-6.11089
 30
0.0
  0
SPLINE
  5
1E6
330
1F
100
AcDbEntity
  8
Camada 1
 62
   251
370
     9
100
AcDbSpline
210
0.0
220
0.0
230
1.0
 70
    24
 71
     3
 72
    23
 73
    19
 74
     0
 42
0.0000000001
 43
0.0000000001
 40
0.0
 40
0.0
 40
0.0
 40
0.0
 40
0.1666666666666667
 40
0.1666666666666667
 40
0.1666666666666667
 40
0.3333333333333333
 40
0.3333333333333333
 40
0.3333333333333333
 40
0.5
 40
0.5
 40
0.5
 40
0.6666666666666666
 40
0.6666666666666666
 40
0.6666666666666666
 40
0.8333333333333333
 40
0.8333333333333333
 40
0.8333333333333333
 40
1.0
 40
1.0
 40
1.0
 40
1.0
 10
14.39457
 20
-6.11089
 30
0.0
 10
14.39457
 20
-6.11089
 30
0.0
 10
14.39457
 20
-6.10736
 30
0.0
 10
14.39457
 20
-6.10736
 30
0.0
 10
14.39457
 20
-6.10736
 30
0.0
 10
14.39457
 20
-6.10384
 30
0.0
 10
14.39457
 20
-6.10384
 30
0.0
 10
14.39457
 20
-6.10384
 30
0.0
 10
14.39457
 20
-6.10031
 30
0.0
 10
14.39457
 20
-6.10031
 30
0.0
 10
14.39457
 20
-6.10031
 30
0.0
 10
14.39457
 20
-6.09678
 30
0.0
 10
14.39457
 20
-6.09678
 30
0.0
 10
14.39457
 20
-6.09678
 30
0.0
 10
14.39457
 20
-6.09325
 30
0.0
 10
14.39457
 20
-6.09325
 30
0.0
 10
14.39457
 20
-6.09325
 30
0.0
 10
14.39457
 20
-6.08973
 30
0.0
 10
14.39457
 20
-6.08973
 30
0.0
  0
SPLINE
  5
1E7
330
1F
100
AcDbEntity
  8
Camada 1
 62
   251
370
     9
100
AcDbSpline
210
0.0
220
0.0
230
1.0
 70
     8
 71
     3
 72
    29
 73
    25
 74
     0
 42
0.0000000001
 43
0.0000000001
 40
0.0
 40
0.0
 40
0.0
 40
0.0
 40
0.125
 40
0.125
 40
0.125
 40
0.25
 40
0.25
 40
0.25
 40
0.375
 40
0.375
 40
0.375
 40
0.5
 40
0.5
 40
0.5
 40
0.625
 40
0.625
 40
0.625
 40
0.75
 40
0.75
 40
0.75
 40
0.875
 40
0.875
 40
0.875
 40
1.0
 40
1.0
 40
1.0
 40
1.0
 10
14.39457
 20
-6.08973
 30
0.0
 10
14.39457
 20
-6.08973
 30
0.0
 10
14.44748
 20
-6.08267
 30
0.0
 10
14.44748
 20
-6.08267
 30
0.0
 10
14.44748
 20
-6.08267
 30
0.0
 10
14.49687
 20
-6.06856
 30
0.0
 10
14.49687
 20
-6.06856
 30
0.0
 10
14.49687
 20
-6.06856
 30
0.0
 10
14.54626
 20
-6.04386
 30
0.0
 10
14.54626
 20
-6.04386
 30
0.0
 10
14.54626
 20
-6.04386
 30
0.0
 10
14.58507
 20
-6.01211
 30
0.0
 10
14.58507
 20
-6.01211
 30
0.0
 10
14.58507
 20
-6.01211
 30
0.0
 10
14.62034
 20
-5.96978
 30
0.0
 10
14.62034
 20
-5.96978
 30
0.0
 10
14.62034
 20
-5.96978
 30
0.0
 10
14.64504
 20
-5.92392
 30
0.0
 10
14.64504
 20
-5.92392
 30
0.0
 10
14.64504
 20
-5.92392
 30
0.0
 10
14.65915
 20
-5.871
 30
0.0
 10
14.65915
 20
-5.871
 30
0.0
 10
14.65915
 20
-5.871
 30
0.0
 10
14.6662
 20
-5.82161
 30
0.0
 10
14.6662
 20
-5.82161
 30
0.0
  0
SPLINE
  5
1E8
330
1F
100
AcDbEntity
  8
Camada 1
 62
   251
370
     9
100
AcDbSpline
210
0.0
220
0.0
230
1.0
 70
    24
 71
     3
 72
     8
 73
     4
 74
     0
 42
0.0000000001
 43
0.0000000001
 40
0.0
 40
0.0
 40
0.0
 40
0.0
 40
1.0
 40
1.0
 40
1.0
 40
1.0
 10
2.0156
 20
-6.08973
 30
0.0
 10
2.0156
 20
-6.08973
 30
0.0
 10
14.39457
 20
-6.08973
 30
0.0
 10
14.39457
 20
-6.08973
 30
0.0
  0
SPLINE
  5
1E9
330
1F
100
AcDbEntity
  8
Camada 1
 62
   251
370
     9
100
AcDbSpline
210
0.0
220
0.0
230
1.0
 70
    24
 71
     3
 72
     8
 73
     4
 74
     0
 42
0.0000000001
 43
0.0000000001
 40
0.0
 40
0.0
 40
0.0
 40
0.0
 40
1.0
 40
1.0
 40
1.0
 40
1.0
 10
14.39457
 20
-6.11089
 30
0.0
 10
14.39457
 20
-6.11089
 30
0.0
 10
2.0156
 20
-6.11089
 30
0.0
 10
2.0156
 20
-6.11089
 30
0.0
  0
SPLINE
  5
1EA
330
1F
100
AcDbEntity
  8
Camada 1
 62
   251
370
     9
100
AcDbSpline
210
0.0
220
0.0
230
1.0
 70
    24
 71
     3
 72
     8
 73
     4
 74
     0
 42
0.0000000001
 43
0.0000000001
 40
0.0
 40
0.0
 40
0.0
 40
0.0
 40
1.0
 40
1.0
 40
1.0
 40
1.0
 10
14.68384
 20
5.82004
 30
0.0
 10
14.68384
 20
5.82004
 30
0.0
 10
14.69443
 20
5.82004
 30
0.0
 10
14.69443
 20
5.82004
 30
0.0
  0
SPLINE
  5
1EB
330
1F
100
AcDbEntity
  8
Camada 1
 62
   251
370
     9
100
AcDbSpline
210
0.0
220
0.0
230
1.0
 70
    24
 71
     3
 72
     8
 73
     4
 74
     0
 42
0.0000000001
 43
0.0000000001
 40
0.0
 40
0.0
 40
0.0
 40
0.0
 40
1.0
 40
1.0
 40
1.0
 40
1.0
 10
14.69443
 20
-5.82161
 30
0.0
 10
14.69443
 20
-5.82161
 30
0.0
 10
14.69443
 20
5.82004
 30
0.0
 10
14.69443
 20
5.82004
 30
0.0
  0
SPLINE
  5
1EC
330
1F
100
AcDbEntity
  8
Camada 1
 62
   251
370
     9
100
AcDbSpline
210
0.0
220
0.0
230
1.0
 70
    24
 71
     3
 72
     8
 73
     4
 74
     0
 42
0.0000000001
 43
0.0000000001
 40
0.0
 40
0.0
 40
0.0
 40
0.0
 40
1.0
 40
1.0
 40
1.0
 40
1.0
 10
14.68384
 20
-5.82161
 30
0.0
 10
14.68384
 20
-5.82161
 30
0.0
 10
14.69443
 20
-5.82161
 30
0.0
 10
14.69443
 20
-5.82161
 30
0.0
  0
SPLINE
  5
1ED
330
1F
100
AcDbEntity
  8
Camada 1
 62
   251
370
     9
100
AcDbSpline
210
0.0
220
0.0
230
1.0
 70
    24
 71
     3
 72
     8
 73
     4
 74
     0
 42
0.0000000001
 43
0.0000000001
 40
0.0
 40
0.0
 40
0.0
 40
0.0
 40
1.0
 40
1.0
 40
1.0
 40
1.0
 10
2.0156
 20
6.10932
 30
0.0
 10
2.0156
 20
6.10932
 30
0.0
 10
2.0156
 20
6.1199
 30
0.0
 10
2.0156
 20
6.1199
 30
0.0
  0
SPLINE
  5
1EE
330
1F
100
AcDbEntity
  8
Camada 1
 62
   251
370
     9
100
AcDbSpline
210
0.0
220
0.0
230
1.0
 70
    24
 71
     3
 72
     8
 73
     4
 74
     0
 42
0.0000000001
 43
0.0000000001
 40
0.0
 40
0.0
 40
0.0
 40
0.0
 40
1.0
 40
1.0
 40
1.0
 40
1.0
 10
14.39457
 20
6.1199
 30
0.0
 10
14.39457
 20
6.1199
 30
0.0
 10
2.0156
 20
6.1199
 30
0.0
 10
2.0156
 20
6.1199
 30
0.0
  0
SPLINE
  5
1EF
330
1F
100
AcDbEntity
  8
Camada 1
 62
   251
370
     9
100
AcDbSpline
210
0.0
220
0.0
230
1.0
 70
    24
 71
     3
 72
     8
 73
     4
 74
     0
 42
0.0000000001
 43
0.0000000001
 40
0.0
 40
0.0
 40
0.0
 40
0.0
 40
1.0
 40
1.0
 40
1.0
 40
1.0
 10
14.39457
 20
6.10932
 30
0.0
 10
14.39457
 20
6.10932
 30
0.0
 10
14.39457
 20
6.1199
 30
0.0
 10
14.39457
 20
6.1199
 30
0.0
  0
SPLINE
  5
1F0
330
1F
100
AcDbEntity
  8
Camada 1
 62
   251
370
     9
100
AcDbSpline
210
0.0
220
0.0
230
1.0
 70
    24
 71
     3
 72
     8
 73
     4
 74
     0
 42
0.0000000001
 43
0.0000000001
 40
0.0
 40
0.0
 40
0.0
 40
0.0
 40
1.0
 40
1.0
 40
1.0
 40
1.0
 10
1.72633
 20
5.82004
 30
0.0
 10
1.72633
 20
5.82004
 30
0.0
 10
1.71574
 20
5.82004
 30
0.0
 10
1.71574
 20
5.82004
 30
0.0
  0
SPLINE
  5
1F1
330
1F
100
AcDbEntity
  8
Camada 1
 62
   251
370
     9
100
AcDbSpline
210
0.0
220
0.0
230
1.0
 70
     8
 71
     3
 72
    29
 73
    25
 74
     0
 42
0.0000000001
 43
0.0000000001
 40
0.0
 40
0.0
 40
0.0
 40
0.0
 40
0.125
 40
0.125
 40
0.125
 40
0.25
 40
0.25
 40
0.25
 40
0.375
 40
0.375
 40
0.375
 40
0.5
 40
0.5
 40
0.5
 40
0.625
 40
0.625
 40
0.625
 40
0.75
 40
0.75
 40
0.75
 40
0.875
 40
0.875
 40
0.875
 40
1.0
 40
1.0
 40
1.0
 40
1.0
 10
2.0156
 20
6.1199
 30
0.0
 10
2.0156
 20
6.1199
 30
0.0
 10
1.95563
 20
6.11285
 30
0.0
 10
1.95563
 20
6.11285
 30
0.0
 10
1.95563
 20
6.11285
 30
0.0
 10
1.89919
 20
6.09521
 30
0.0
 10
1.89919
 20
6.09521
 30
0.0
 10
1.89919
 20
6.09521
 30
0.0
 10
1.8498
 20
6.07052
 30
0.0
 10
1.8498
 20
6.07052
 30
0.0
 10
1.8498
 20
6.07052
 30
0.0
 10
1.80394
 20
6.03171
 30
0.0
 10
1.80394
 20
6.03171
 30
0.0
 10
1.80394
 20
6.03171
 30
0.0
 10
1.76513
 20
5.98585
 30
0.0
 10
1.76513
 20
5.98585
 30
0.0
 10
1.76513
 20
5.98585
 30
0.0
 10
1.73691
 20
5.93293
 30
0.0
 10
1.73691
 20
5.93293
 30
0.0
 10
1.73691
 20
5.93293
 30
0.0
 10
1.7228
 20
5.88001
 30
0.0
 10
1.7228
 20
5.88001
 30
0.0
 10
1.7228
 20
5.88001
 30
0.0
 10
1.71574
 20
5.82004
 30
0.0
 10
1.71574
 20
5.82004
 30
0.0
  0
SPLINE
  5
1F2
330
1F
100
AcDbEntity
  8
Camada 1
 62
   251
370
     9
100
AcDbSpline
210
0.0
220
0.0
230
1.0
 70
     8
 71
     3
 72
    29
 73
    25
 74
     0
 42
0.0000000001
 43
0.0000000001
 40
0.0
 40
0.0
 40
0.0
 40
0.0
 40
0.125
 40
0.125
 40
0.125
 40
0.25
 40
0.25
 40
0.25
 40
0.375
 40
0.375
 40
0.375
 40
0.5
 40
0.5
 40
0.5
 40
0.625
 40
0.625
 40
0.625
 40
0.75
 40
0.75
 40
0.75
 40
0.875
 40
0.875
 40
0.875
 40
1.0
 40
1.0
 40
1.0
 40
1.0
 10
14.69443
 20
5.82004
 30
0.0
 10
14.69443
 20
5.82004
 30
0.0
 10
14.6909
 20
5.88001
 30
0.0
 10
14.6909
 20
5.88001
 30
0.0
 10
14.6909
 20
5.88001
 30
0.0
 10
14.67326
 20
5.93293
 30
0.0
 10
14.67326
 20
5.93293
 30
0.0
 10
14.67326
 20
5.93293
 30
0.0
 10
14.64504
 20
5.98585
 30
0.0
 10
14.64504
 20
5.98585
 30
0.0
 10
14.64504
 20
5.98585
 30
0.0
 10
14.60623
 20
6.03171
 30
0.0
 10
14.60623
 20
6.03171
 30
0.0
 10
14.60623
 20
6.03171
 30
0.0
 10
14.56037
 20
6.07052
 30
0.0
 10
14.56037
 20
6.07052
 30
0.0
 10
14.56037
 20
6.07052
 30
0.0
 10
14.51098
 20
6.09521
 30
0.0
 10
14.51098
 20
6.09521
 30
0.0
 10
14.51098
 20
6.09521
 30
0.0
 10
14.45454
 20
6.11285
 30
0.0
 10
14.45454
 20
6.11285
 30
0.0
 10
14.45454
 20
6.11285
 30
0.0
 10
14.39457
 20
6.1199
 30
0.0
 10
14.39457
 20
6.1199
 30
0.0
  0
SPLINE
  5
1F3
330
1F
100
AcDbEntity
  8
Camada 1
 62
   251
370
     9
100
AcDbSpline
210
0.0
220
0.0
230
1.0
 70
     8
 71
     3
 72
    29
 73
    25
 74
     0
 42
0.0000000001
 43
0.0000000001
 40
0.0
 40
0.0
 40
0.0
 40
0.0
 40
0.125
 40
0.125
 40
0.125
 40
0.25
 40
0.25
 40
0.25
 40
0.375
 40
0.375
 40
0.375
 40
0.5
 40
0.5
 40
0.5
 40
0.625
 40
0.625
 40
0.625
 40
0.75
 40
0.75
 40
0.75
 40
0.875
 40
0.875
 40
0.875
 40
1.0
 40
1.0
 40
1.0
 40
1.0
 10
14.39457
 20
-6.12148
 30
0.0
 10
14.39457
 20
-6.12148
 30
0.0
 10
14.45454
 20
-6.11442
 30
0.0
 10
14.45454
 20
-6.11442
 30
0.0
 10
14.45454
 20
-6.11442
 30
0.0
 10
14.51098
 20
-6.09678
 30
0.0
 10
14.51098
 20
-6.09678
 30
0.0
 10
14.51098
 20
-6.09678
 30
0.0
 10
14.56037
 20
-6.06856
 30
0.0
 10
14.56037
 20
-6.06856
 30
0.0
 10
14.56037
 20
-6.06856
 30
0.0
 10
14.60623
 20
-6.03328
 30
0.0
 10
14.60623
 20
-6.03328
 30
0.0
 10
14.60623
 20
-6.03328
 30
0.0
 10
14.64504
 20
-5.98742
 30
0.0
 10
14.64504
 20
-5.98742
 30
0.0
 10
14.64504
 20
-5.98742
 30
0.0
 10
14.67326
 20
-5.9345
 30
0.0
 10
14.67326
 20
-5.9345
 30
0.0
 10
14.67326
 20
-5.9345
 30
0.0
 10
14.6909
 20
-5.87806
 30
0.0
 10
14.6909
 20
-5.87806
 30
0.0
 10
14.6909
 20
-5.87806
 30
0.0
 10
14.69443
 20
-5.82161
 30
0.0
 10
14.69443
 20
-5.82161
 30
0.0
  0
SPLINE
  5
1F4
330
1F
100
AcDbEntity
  8
Camada 1
 62
   251
370
     9
100
AcDbSpline
210
0.0
220
0.0
230
1.0
 70
    24
 71
     3
 72
     8
 73
     4
 74
     0
 42
0.0000000001
 43
0.0000000001
 40
0.0
 40
0.0
 40
0.0
 40
0.0
 40
1.0
 40
1.0
 40
1.0
 40
1.0
 10
14.39457
 20
-6.11089
 30
0.0
 10
14.39457
 20
-6.11089
 30
0.0
 10
14.39457
 20
-6.12148
 30
0.0
 10
14.39457
 20
-6.12148
 30
0.0
  0
SPLINE
  5
1F5
330
1F
100
AcDbEntity
  8
Camada 1
 62
   251
370
     9
100
AcDbSpline
210
0.0
220
0.0
230
1.0
 70
    24
 71
     3
 72
     8
 73
     4
 74
     0
 42
0.0000000001
 43
0.0000000001
 40
0.0
 40
0.0
 40
0.0
 40
0.0
 40
1.0
 40
1.0
 40
1.0
 40
1.0
 10
2.0156
 20
-6.12148
 30
0.0
 10
2.0156
 20
-6.12148
 30
0.0
 10
14.39457
 20
-6.12148
 30
0.0
 10
14.39457
 20
-6.12148
 30
0.0
  0
SPLINE
  5
1F6
330
1F
100
AcDbEntity
  8
Camada 1
 62
   251
370
     9
100
AcDbSpline
210
0.0
220
0.0
230
1.0
 70
    24
 71
     3
 72
     8
 73
     4
 74
     0
 42
0.0000000001
 43
0.0000000001
 40
0.0
 40
0.0
 40
0.0
 40
0.0
 40
1.0
 40
1.0
 40
1.0
 40
1.0
 10
2.0156
 20
-6.11089
 30
0.0
 10
2.0156
 20
-6.11089
 30
0.0
 10
2.0156
 20
-6.12148
 30
0.0
 10
2.0156
 20
-6.12148
 30
0.0
  0
SPLINE
  5
1F7
330
1F
100
AcDbEntity
  8
Camada 1
 62
   251
370
     9
100
AcDbSpline
210
0.0
220
0.0
230
1.0
 70
    24
 71
     3
 72
     8
 73
     4
 74
     0
 42
0.0000000001
 43
0.0000000001
 40
0.0
 40
0.0
 40
0.0
 40
0.0
 40
1.0
 40
1.0
 40
1.0
 40
1.0
 10
1.72633
 20
-5.82161
 30
0.0
 10
1.72633
 20
-5.82161
 30
0.0
 10
1.71574
 20
-5.82161
 30
0.0
 10
1.71574
 20
-5.82161
 30
0.0
  0
SPLINE
  5
1F8
330
1F
100
AcDbEntity
  8
Camada 1
 62
   251
370
     9
100
AcDbSpline
210
0.0
220
0.0
230
1.0
 70
    24
 71
     3
 72
     8
 73
     4
 74
     0
 42
0.0000000001
 43
0.0000000001
 40
0.0
 40
0.0
 40
0.0
 40
0.0
 40
1.0
 40
1.0
 40
1.0
 40
1.0
 10
1.71574
 20
5.82004
 30
0.0
 10
1.71574
 20
5.82004
 30
0.0
 10
1.71574
 20
-5.82161
 30
0.0
 10
1.71574
 20
-5.82161
 30
0.0
  0
SPLINE
  5
1F9
330
1F
100
AcDbEntity
  8
Camada 1
 62
   251
370
     9
100
AcDbSpline
210
0.0
220
0.0
230
1.0
 70
     8
 71
     3
 72
    29
 73
    25
 74
     0
 42
0.0000000001
 43
0.0000000001
 40
0.0
 40
0.0
 40
0.0
 40
0.0
 40
0.125
 40
0.125
 40
0.125
 40
0.25
 40
0.25
 40
0.25
 40
0.375
 40
0.375
 40
0.375
 40
0.5
 40
0.5
 40
0.5
 40
0.625
 40
0.625
 40
0.625
 40
0.75
 40
0.75
 40
0.75
 40
0.875
 40
0.875
 40
0.875
 40
1.0
 40
1.0
 40
1.0
 40
1.0
 10
1.71574
 20
-5.82161
 30
0.0
 10
1.71574
 20
-5.82161
 30
0.0
 10
1.7228
 20
-5.87806
 30
0.0
 10
1.7228
 20
-5.87806
 30
0.0
 10
1.7228
 20
-5.87806
 30
0.0
 10
1.73691
 20
-5.9345
 30
0.0
 10
1.73691
 20
-5.9345
 30
0.0
 10
1.73691
 20
-5.9345
 30
0.0
 10
1.76513
 20
-5.98742
 30
0.0
 10
1.76513
 20
-5.98742
 30
0.0
 10
1.76513
 20
-5.98742
 30
0.0
 10
1.80394
 20
-6.03328
 30
0.0
 10
1.80394
 20
-6.03328
 30
0.0
 10
1.80394
 20
-6.03328
 30
0.0
 10
1.8498
 20
-6.06856
 30
0.0
 10
1.8498
 20
-6.06856
 30
0.0
 10
1.8498
 20
-6.06856
 30
0.0
 10
1.89919
 20
-6.09678
 30
0.0
 10
1.89919
 20
-6.09678
 30
0.0
 10
1.89919
 20
-6.09678
 30
0.0
 10
1.95563
 20
-6.11442
 30
0.0
 10
1.95563
 20
-6.11442
 30
0.0
 10
1.95563
 20
-6.11442
 30
0.0
 10
2.0156
 20
-6.12148
 30
0.0
 10
2.0156
 20
-6.12148
 30
0.0
  0
SPLINE
  5
1FA
330
1F
100
AcDbEntity
  8
Camada 1
 62
   251
370
     9
100
AcDbSpline
210
0.0
220
0.0
230
1.0
 70
    24
 71
     3
 72
     8
 73
     4
 74
     0
 42
0.0000000001
 43
0.0000000001
 40
0.0
 40
0.0
 40
0.0
 40
0.0
 40
1.0
 40
1.0
 40
1.0
 40
1.0
 10
3.39849
 20
3.39645
 30
0.0
 10
3.39849
 20
3.39645
 30
0.0
 10
3.39849
 20
1.17748
 30
0.0
 10
3.39849
 20
1.17748
 30
0.0
  0
SPLINE
  5
1FB
330
1F
100
AcDbEntity
  8
Camada 1
 62
   251
370
     9
100
AcDbSpline
210
0.0
220
0.0
230
1.0
 70
    24
 71
     3
 72
    14
 73
    10
 74
     0
 42
0.0000000001
 43
0.0000000001
 40
0.0
 40
0.0
 40
0.0
 40
0.0
 40
0.3333333333333333
 40
0.3333333333333333
 40
0.3333333333333333
 40
0.6666666666666666
 40
0.6666666666666666
 40
0.6666666666666666
 40
1.0
 40
1.0
 40
1.0
 40
1.0
 10
3.39849
 20
1.17748
 30
0.0
 10
3.39849
 20
1.17748
 30
0.0
 10
3.39496
 20
1.17748
 30
0.0
 10
3.39496
 20
1.17748
 30
0.0
 10
3.39496
 20
1.17748
 30
0.0
 10
3.39144
 20
1.17748
 30
0.0
 10
3.39144
 20
1.17748
 30
0.0
 10
3.39144
 20
1.17748
 30
0.0
 10
3.38791
 20
1.17748
 30
0.0
 10
3.38791
 20
1.17748
 30
0.0
  0
SPLINE
  5
1FC
330
1F
100
AcDbEntity
  8
Camada 1
 62
   251
370
     9
100
AcDbSpline
210
0.0
220
0.0
230
1.0
 70
    24
 71
     3
 72
     8
 73
     4
 74
     0
 42
0.0000000001
 43
0.0000000001
 40
0.0
 40
0.0
 40
0.0
 40
0.0
 40
1.0
 40
1.0
 40
1.0
 40
1.0
 10
3.38791
 20
1.17748
 30
0.0
 10
3.38791
 20
1.17748
 30
0.0
 10
3.38791
 20
3.39645
 30
0.0
 10
3.38791
 20
3.39645
 30
0.0
  0
SPLINE
  5
1FD
330
1F
100
AcDbEntity
  8
Camada 1
 62
   251
370
     9
100
AcDbSpline
210
0.0
220
0.0
230
1.0
 70
    24
 71
     3
 72
    14
 73
    10
 74
     0
 42
0.0000000001
 43
0.0000000001
 40
0.0
 40
0.0
 40
0.0
 40
0.0
 40
0.3333333333333333
 40
0.3333333333333333
 40
0.3333333333333333
 40
0.6666666666666666
 40
0.6666666666666666
 40
0.6666666666666666
 40
1.0
 40
1.0
 40
1.0
 40
1.0
 10
3.39849
 20
3.39645
 30
0.0
 10
3.39849
 20
3.39645
 30
0.0
 10
3.39496
 20
3.39645
 30
0.0
 10
3.39496
 20
3.39645
 30
0.0
 10
3.39496
 20
3.39645
 30
0.0
 10
3.39144
 20
3.39645
 30
0.0
 10
3.39144
 20
3.39645
 30
0.0
 10
3.39144
 20
3.39645
 30
0.0
 10
3.38791
 20
3.39645
 30
0.0
 10
3.38791
 20
3.39645
 30
0.0
  0
SPLINE
  5
1FE
330
1F
100
AcDbEntity
  8
Camada 1
 62
   251
370
     9
100
AcDbSpline
210
0.0
220
0.0
230
1.0
 70
    24
 71
     3
 72
     8
 73
     4
 74
     0
 42
0.0000000001
 43
0.0000000001
 40
0.0
 40
0.0
 40
0.0
 40
0.0
 40
1.0
 40
1.0
 40
1.0
 40
1.0
 10
7.88935
 20
3.39645
 30
0.0
 10
7.88935
 20
3.39645
 30
0.0
 10
7.88935
 20
1.17748
 30
0.0
 10
7.88935
 20
1.17748
 30
0.0
  0
SPLINE
  5
1FF
330
1F
100
AcDbEntity
  8
Camada 1
 62
   251
370
     9
100
AcDbSpline
210
0.0
220
0.0
230
1.0
 70
    24
 71
     3
 72
    17
 73
    13
 74
     0
 42
0.0000000001
 43
0.0000000001
 40
0.0
 40
0.0
 40
0.0
 40
0.0
 40
0.25
 40
0.25
 40
0.25
 40
0.5
 40
0.5
 40
0.5
 40
0.75
 40
0.75
 40
0.75
 40
1.0
 40
1.0
 40
1.0
 40
1.0
 10
7.88935
 20
1.17748
 30
0.0
 10
7.88935
 20
1.17748
 30
0.0
 10
7.88935
 20
1.17748
 30
0.0
 10
7.88935
 20
1.17748
 30
0.0
 10
7.88935
 20
1.17748
 30
0.0
 10
7.88583
 20
1.17748
 30
0.0
 10
7.88583
 20
1.17748
 30
0.0
 10
7.88583
 20
1.17748
 30
0.0
 10
7.8823
 20
1.17748
 30
0.0
 10
7.8823
 20
1.17748
 30
0.0
 10
7.8823
 20
1.17748
 30
0.0
 10
7.87877
 20
1.17748
 30
0.0
 10
7.87877
 20
1.17748
 30
0.0
  0
SPLINE
  5
200
330
1F
100
AcDbEntity
  8
Camada 1
 62
   251
370
     9
100
AcDbSpline
210
0.0
220
0.0
230
1.0
 70
    24
 71
     3
 72
     8
 73
     4
 74
     0
 42
0.0000000001
 43
0.0000000001
 40
0.0
 40
0.0
 40
0.0
 40
0.0
 40
1.0
 40
1.0
 40
1.0
 40
1.0
 10
7.87877
 20
1.17748
 30
0.0
 10
7.87877
 20
1.17748
 30
0.0
 10
7.87877
 20
3.39645
 30
0.0
 10
7.87877
 20
3.39645
 30
0.0
  0
SPLINE
  5
201
330
1F
100
AcDbEntity
  8
Camada 1
 62
   251
370
     9
100
AcDbSpline
210
0.0
220
0.0
230
1.0
 70
    24
 71
     3
 72
    17
 73
    13
 74
     0
 42
0.0000000001
 43
0.0000000001
 40
0.0
 40
0.0
 40
0.0
 40
0.0
 40
0.25
 40
0.25
 40
0.25
 40
0.5
 40
0.5
 40
0.5
 40
0.75
 40
0.75
 40
0.75
 40
1.0
 40
1.0
 40
1.0
 40
1.0
 10
7.88935
 20
3.39645
 30
0.0
 10
7.88935
 20
3.39645
 30
0.0
 10
7.88935
 20
3.39645
 30
0.0
 10
7.88935
 20
3.39645
 30
0.0
 10
7.88935
 20
3.39645
 30
0.0
 10
7.88583
 20
3.39645
 30
0.0
 10
7.88583
 20
3.39645
 30
0.0
 10
7.88583
 20
3.39645
 30
0.0
 10
7.8823
 20
3.39645
 30
0.0
 10
7.8823
 20
3.39645
 30
0.0
 10
7.8823
 20
3.39645
 30
0.0
 10
7.87877
 20
3.39645
 30
0.0
 10
7.87877
 20
3.39645
 30
0.0
  0
SPLINE
  5
202
330
1F
100
AcDbEntity
  8
Camada 1
 62
   251
370
     9
100
AcDbSpline
210
0.0
220
0.0
230
1.0
 70
     8
 71
     3
 72
    14
 73
    10
 74
     0
 42
0.0000000001
 43
0.0000000001
 40
0.0
 40
0.0
 40
0.0
 40
0.0
 40
0.3333333333333333
 40
0.3333333333333333
 40
0.3333333333333333
 40
0.6666666666666666
 40
0.6666666666666666
 40
0.6666666666666666
 40
1.0
 40
1.0
 40
1.0
 40
1.0
 10
3.39849
 20
1.17748
 30
0.0
 10
3.39849
 20
1.17748
 30
0.0
 10
3.39849
 20
1.17395
 30
0.0
 10
3.39849
 20
1.17395
 30
0.0
 10
3.39849
 20
1.17395
 30
0.0
 10
3.40202
 20
1.17395
 30
0.0
 10
3.40202
 20
1.17395
 30
0.0
 10
3.40202
 20
1.17395
 30
0.0
 10
3.40202
 20
1.17043
 30
0.0
 10
3.40202
 20
1.17043
 30
0.0
  0
SPLINE
  5
203
330
1F
100
AcDbEntity
  8
Camada 1
 62
   251
370
     9
100
AcDbSpline
210
0.0
220
0.0
230
1.0
 70
    24
 71
     3
 72
    17
 73
    13
 74
     0
 42
0.0000000001
 43
0.0000000001
 40
0.0
 40
0.0
 40
0.0
 40
0.0
 40
0.25
 40
0.25
 40
0.25
 40
0.5
 40
0.5
 40
0.5
 40
0.75
 40
0.75
 40
0.75
 40
1.0
 40
1.0
 40
1.0
 40
1.0
 10
3.40202
 20
1.17043
 30
0.0
 10
3.40202
 20
1.17043
 30
0.0
 10
3.40202
 20
1.17043
 30
0.0
 10
3.40202
 20
1.17043
 30
0.0
 10
3.40202
 20
1.17043
 30
0.0
 10
3.40202
 20
1.1669
 30
0.0
 10
3.40202
 20
1.1669
 30
0.0
 10
3.40202
 20
1.1669
 30
0.0
 10
3.40202
 20
1.16337
 30
0.0
 10
3.40202
 20
1.16337
 30
0.0
 10
3.40202
 20
1.16337
 30
0.0
 10
3.40202
 20
1.15984
 30
0.0
 10
3.40202
 20
1.15984
 30
0.0
  0
SPLINE
  5
204
330
1F
100
AcDbEntity
  8
Camada 1
 62
   251
370
     9
100
AcDbSpline
210
0.0
220
0.0
230
1.0
 70
     8
 71
     3
 72
    26
 73
    22
 74
     0
 42
0.0000000001
 43
0.0000000001
 40
0.0
 40
0.0
 40
0.0
 40
0.0
 40
0.1428571428571428
 40
0.1428571428571428
 40
0.1428571428571428
 40
0.2857142857142857
 40
0.2857142857142857
 40
0.2857142857142857
 40
0.4285714285714285
 40
0.4285714285714285
 40
0.4285714285714285
 40
0.5714285714285714
 40
0.5714285714285714
 40
0.5714285714285714
 40
0.7142857142857142
 40
0.7142857142857142
 40
0.7142857142857142
 40
0.8571428571428571
 40
0.8571428571428571
 40
0.8571428571428571
 40
1.0
 40
1.0
 40
1.0
 40
1.0
 10
3.40202
 20
1.15984
 30
0.0
 10
3.40202
 20
1.15984
 30
0.0
 10
3.40202
 20
1.16337
 30
0.0
 10
3.40202
 20
1.16337
 30
0.0
 10
3.40202
 20
1.16337
 30
0.0
 10
3.39849
 20
1.16337
 30
0.0
 10
3.39849
 20
1.16337
 30
0.0
 10
3.39849
 20
1.16337
 30
0.0
 10
3.39496
 20
1.16337
 30
0.0
 10
3.39496
 20
1.16337
 30
0.0
 10
3.39496
 20
1.16337
 30
0.0
 10
3.39144
 20
1.1669
 30
0.0
 10
3.39144
 20
1.1669
 30
0.0
 10
3.39144
 20
1.1669
 30
0.0
 10
3.38791
 20
1.17043
 30
0.0
 10
3.38791
 20
1.17043
 30
0.0
 10
3.38791
 20
1.17043
 30
0.0
 10
3.38791
 20
1.17395
 30
0.0
 10
3.38791
 20
1.17395
 30
0.0
 10
3.38791
 20
1.17395
 30
0.0
 10
3.38791
 20
1.17748
 30
0.0
 10
3.38791
 20
1.17748
 30
0.0
  0
SPLINE
  5
205
330
1F
100
AcDbEntity
  8
Camada 1
 62
   251
370
     9
100
AcDbSpline
210
0.0
220
0.0
230
1.0
 70
     8
 71
     3
 72
    29
 73
    25
 74
     0
 42
0.0000000001
 43
0.0000000001
 40
0.0
 40
0.0
 40
0.0
 40
0.0
 40
0.125
 40
0.125
 40
0.125
 40
0.25
 40
0.25
 40
0.25
 40
0.375
 40
0.375
 40
0.375
 40
0.5
 40
0.5
 40
0.5
 40
0.625
 40
0.625
 40
0.625
 40
0.75
 40
0.75
 40
0.75
 40
0.875
 40
0.875
 40
0.875
 40
1.0
 40
1.0
 40
1.0
 40
1.0
 10
7.88935
 20
1.17748
 30
0.0
 10
7.88935
 20
1.17748
 30
0.0
 10
7.88935
 20
1.17395
 30
0.0
 10
7.88935
 20
1.17395
 30
0.0
 10
7.88935
 20
1.17395
 30
0.0
 10
7.88583
 20
1.17043
 30
0.0
 10
7.88583
 20
1.17043
 30
0.0
 10
7.88583
 20
1.17043
 30
0.0
 10
7.88583
 20
1.1669
 30
0.0
 10
7.88583
 20
1.1669
 30
0.0
 10
7.88583
 20
1.1669
 30
0.0
 10
7.8823
 20
1.1669
 30
0.0
 10
7.8823
 20
1.1669
 30
0.0
 10
7.8823
 20
1.1669
 30
0.0
 10
7.8823
 20
1.16337
 30
0.0
 10
7.8823
 20
1.16337
 30
0.0
 10
7.8823
 20
1.16337
 30
0.0
 10
7.87877
 20
1.16337
 30
0.0
 10
7.87877
 20
1.16337
 30
0.0
 10
7.87877
 20
1.16337
 30
0.0
 10
7.87524
 20
1.16337
 30
0.0
 10
7.87524
 20
1.16337
 30
0.0
 10
7.87524
 20
1.16337
 30
0.0
 10
7.87171
 20
1.15984
 30
0.0
 10
7.87171
 20
1.15984
 30
0.0
  0
SPLINE
  5
206
330
1F
100
AcDbEntity
  8
Camada 1
 62
   251
370
     9
100
AcDbSpline
210
0.0
220
0.0
230
1.0
 70
    24
 71
     3
 72
    14
 73
    10
 74
     0
 42
0.0000000001
 43
0.0000000001
 40
0.0
 40
0.0
 40
0.0
 40
0.0
 40
0.3333333333333333
 40
0.3333333333333333
 40
0.3333333333333333
 40
0.6666666666666666
 40
0.6666666666666666
 40
0.6666666666666666
 40
1.0
 40
1.0
 40
1.0
 40
1.0
 10
7.87171
 20
1.15984
 30
0.0
 10
7.87171
 20
1.15984
 30
0.0
 10
7.87171
 20
1.16337
 30
0.0
 10
7.87171
 20
1.16337
 30
0.0
 10
7.87171
 20
1.16337
 30
0.0
 10
7.87171
 20
1.1669
 30
0.0
 10
7.87171
 20
1.1669
 30
0.0
 10
7.87171
 20
1.1669
 30
0.0
 10
7.87171
 20
1.17043
 30
0.0
 10
7.87171
 20
1.17043
 30
0.0
  0
SPLINE
  5
207
330
1F
100
AcDbEntity
  8
Camada 1
 62
   251
370
     9
100
AcDbSpline
210
0.0
220
0.0
230
1.0
 70
     8
 71
     3
 72
    17
 73
    13
 74
     0
 42
0.0000000001
 43
0.0000000001
 40
0.0
 40
0.0
 40
0.0
 40
0.0
 40
0.25
 40
0.25
 40
0.25
 40
0.5
 40
0.5
 40
0.5
 40
0.75
 40
0.75
 40
0.75
 40
1.0
 40
1.0
 40
1.0
 40
1.0
 10
7.87171
 20
1.17043
 30
0.0
 10
7.87171
 20
1.17043
 30
0.0
 10
7.87524
 20
1.17043
 30
0.0
 10
7.87524
 20
1.17043
 30
0.0
 10
7.87524
 20
1.17043
 30
0.0
 10
7.87524
 20
1.17395
 30
0.0
 10
7.87524
 20
1.17395
 30
0.0
 10
7.87524
 20
1.17395
 30
0.0
 10
7.87877
 20
1.17395
 30
0.0
 10
7.87877
 20
1.17395
 30
0.0
 10
7.87877
 20
1.17395
 30
0.0
 10
7.87877
 20
1.17748
 30
0.0
 10
7.87877
 20
1.17748
 30
0.0
  0
SPLINE
  5
208
330
1F
100
AcDbEntity
  8
Camada 1
 62
   251
370
     9
100
AcDbSpline
210
0.0
220
0.0
230
1.0
 70
    24
 71
     3
 72
     8
 73
     4
 74
     0
 42
0.0000000001
 43
0.0000000001
 40
0.0
 40
0.0
 40
0.0
 40
0.0
 40
1.0
 40
1.0
 40
1.0
 40
1.0
 10
3.40202
 20
1.17043
 30
0.0
 10
3.40202
 20
1.17043
 30
0.0
 10
7.87171
 20
1.17043
 30
0.0
 10
7.87171
 20
1.17043
 30
0.0
  0
SPLINE
  5
209
330
1F
100
AcDbEntity
  8
Camada 1
 62
   251
370
     9
100
AcDbSpline
210
0.0
220
0.0
230
1.0
 70
    24
 71
     3
 72
     8
 73
     4
 74
     0
 42
0.0000000001
 43
0.0000000001
 40
0.0
 40
0.0
 40
0.0
 40
0.0
 40
1.0
 40
1.0
 40
1.0
 40
1.0
 10
7.87171
 20
1.15984
 30
0.0
 10
7.87171
 20
1.15984
 30
0.0
 10
3.40202
 20
1.15984
 30
0.0
 10
3.40202
 20
1.15984
 30
0.0
  0
SPLINE
  5
20A
330
1F
100
AcDbEntity
  8
Camada 1
 62
   251
370
     9
100
AcDbSpline
210
0.0
220
0.0
230
1.0
 70
    24
 71
     3
 72
     8
 73
     4
 74
     0
 42
0.0000000001
 43
0.0000000001
 40
0.0
 40
0.0
 40
0.0
 40
0.0
 40
1.0
 40
1.0
 40
1.0
 40
1.0
 10
7.87171
 20
3.39998
 30
0.0
 10
7.87171
 20
3.39998
 30
0.0
 10
3.40202
 20
3.39998
 30
0.0
 10
3.40202
 20
3.39998
 30
0.0
  0
SPLINE
  5
20B
330
1F
100
AcDbEntity
  8
Camada 1
 62
   251
370
     9
100
AcDbSpline
210
0.0
220
0.0
230
1.0
 70
    24
 71
     3
 72
    14
 73
    10
 74
     0
 42
0.0000000001
 43
0.0000000001
 40
0.0
 40
0.0
 40
0.0
 40
0.0
 40
0.3333333333333333
 40
0.3333333333333333
 40
0.3333333333333333
 40
0.6666666666666666
 40
0.6666666666666666
 40
0.6666666666666666
 40
1.0
 40
1.0
 40
1.0
 40
1.0
 10
3.40202
 20
3.39998
 30
0.0
 10
3.40202
 20
3.39998
 30
0.0
 10
3.40202
 20
3.40351
 30
0.0
 10
3.40202
 20
3.40351
 30
0.0
 10
3.40202
 20
3.40351
 30
0.0
 10
3.40202
 20
3.40704
 30
0.0
 10
3.40202
 20
3.40704
 30
0.0
 10
3.40202
 20
3.40704
 30
0.0
 10
3.40202
 20
3.41057
 30
0.0
 10
3.40202
 20
3.41057
 30
0.0
  0
SPLINE
  5
20C
330
1F
100
AcDbEntity
  8
Camada 1
 62
   251
370
     9
100
AcDbSpline
210
0.0
220
0.0
230
1.0
 70
    24
 71
     3
 72
     8
 73
     4
 74
     0
 42
0.0000000001
 43
0.0000000001
 40
0.0
 40
0.0
 40
0.0
 40
0.0
 40
1.0
 40
1.0
 40
1.0
 40
1.0
 10
3.40202
 20
3.41057
 30
0.0
 10
3.40202
 20
3.41057
 30
0.0
 10
7.87171
 20
3.41057
 30
0.0
 10
7.87171
 20
3.41057
 30
0.0
  0
SPLINE
  5
20D
330
1F
100
AcDbEntity
  8
Camada 1
 62
   251
370
     9
100
AcDbSpline
210
0.0
220
0.0
230
1.0
 70
    24
 71
     3
 72
    17
 73
    13
 74
     0
 42
0.0000000001
 43
0.0000000001
 40
0.0
 40
0.0
 40
0.0
 40
0.0
 40
0.25
 40
0.25
 40
0.25
 40
0.5
 40
0.5
 40
0.5
 40
0.75
 40
0.75
 40
0.75
 40
1.0
 40
1.0
 40
1.0
 40
1.0
 10
7.87171
 20
3.41057
 30
0.0
 10
7.87171
 20
3.41057
 30
0.0
 10
7.87171
 20
3.41057
 30
0.0
 10
7.87171
 20
3.41057
 30
0.0
 10
7.87171
 20
3.41057
 30
0.0
 10
7.87171
 20
3.40704
 30
0.0
 10
7.87171
 20
3.40704
 30
0.0
 10
7.87171
 20
3.40704
 30
0.0
 10
7.87171
 20
3.40351
 30
0.0
 10
7.87171
 20
3.40351
 30
0.0
 10
7.87171
 20
3.40351
 30
0.0
 10
7.87171
 20
3.39998
 30
0.0
 10
7.87171
 20
3.39998
 30
0.0
  0
SPLINE
  5
20E
330
1F
100
AcDbEntity
  8
Camada 1
 62
   251
370
     9
100
AcDbSpline
210
0.0
220
0.0
230
1.0
 70
     8
 71
     3
 72
    14
 73
    10
 74
     0
 42
0.0000000001
 43
0.0000000001
 40
0.0
 40
0.0
 40
0.0
 40
0.0
 40
0.3333333333333333
 40
0.3333333333333333
 40
0.3333333333333333
 40
0.6666666666666666
 40
0.6666666666666666
 40
0.6666666666666666
 40
1.0
 40
1.0
 40
1.0
 40
1.0
 10
3.40202
 20
3.39998
 30
0.0
 10
3.40202
 20
3.39998
 30
0.0
 10
3.40202
 20
3.39998
 30
0.0
 10
3.40202
 20
3.39998
 30
0.0
 10
3.40202
 20
3.39998
 30
0.0
 10
3.39849
 20
3.39998
 30
0.0
 10
3.39849
 20
3.39998
 30
0.0
 10
3.39849
 20
3.39998
 30
0.0
 10
3.39849
 20
3.39645
 30
0.0
 10
3.39849
 20
3.39645
 30
0.0
  0
SPLINE
  5
20F
330
1F
100
AcDbEntity
  8
Camada 1
 62
   251
370
     9
100
AcDbSpline
210
0.0
220
0.0
230
1.0
 70
     8
 71
     3
 72
    26
 73
    22
 74
     0
 42
0.0000000001
 43
0.0000000001
 40
0.0
 40
0.0
 40
0.0
 40
0.0
 40
0.1428571428571428
 40
0.1428571428571428
 40
0.1428571428571428
 40
0.2857142857142857
 40
0.2857142857142857
 40
0.2857142857142857
 40
0.4285714285714285
 40
0.4285714285714285
 40
0.4285714285714285
 40
0.5714285714285714
 40
0.5714285714285714
 40
0.5714285714285714
 40
0.7142857142857142
 40
0.7142857142857142
 40
0.7142857142857142
 40
0.8571428571428571
 40
0.8571428571428571
 40
0.8571428571428571
 40
1.0
 40
1.0
 40
1.0
 40
1.0
 10
3.38791
 20
3.39645
 30
0.0
 10
3.38791
 20
3.39645
 30
0.0
 10
3.38791
 20
3.39998
 30
0.0
 10
3.38791
 20
3.39998
 30
0.0
 10
3.38791
 20
3.39998
 30
0.0
 10
3.38791
 20
3.40351
 30
0.0
 10
3.38791
 20
3.40351
 30
0.0
 10
3.38791
 20
3.40351
 30
0.0
 10
3.39144
 20
3.40351
 30
0.0
 10
3.39144
 20
3.40351
 30
0.0
 10
3.39144
 20
3.40351
 30
0.0
 10
3.39144
 20
3.40704
 30
0.0
 10
3.39144
 20
3.40704
 30
0.0
 10
3.39144
 20
3.40704
 30
0.0
 10
3.39496
 20
3.40704
 30
0.0
 10
3.39496
 20
3.40704
 30
0.0
 10
3.39496
 20
3.40704
 30
0.0
 10
3.39849
 20
3.41057
 30
0.0
 10
3.39849
 20
3.41057
 30
0.0
 10
3.39849
 20
3.41057
 30
0.0
 10
3.40202
 20
3.41057
 30
0.0
 10
3.40202
 20
3.41057
 30
0.0
  0
SPLINE
  5
210
330
1F
100
AcDbEntity
  8
Camada 1
 62
   251
370
     9
100
AcDbSpline
210
0.0
220
0.0
230
1.0
 70
     8
 71
     3
 72
    23
 73
    19
 74
     0
 42
0.0000000001
 43
0.0000000001
 40
0.0
 40
0.0
 40
0.0
 40
0.0
 40
0.1666666666666667
 40
0.1666666666666667
 40
0.1666666666666667
 40
0.3333333333333333
 40
0.3333333333333333
 40
0.3333333333333333
 40
0.5
 40
0.5
 40
0.5
 40
0.6666666666666666
 40
0.6666666666666666
 40
0.6666666666666666
 40
0.8333333333333333
 40
0.8333333333333333
 40
0.8333333333333333
 40
1.0
 40
1.0
 40
1.0
 40
1.0
 10
7.87171
 20
3.41057
 30
0.0
 10
7.87171
 20
3.41057
 30
0.0
 10
7.87524
 20
3.41057
 30
0.0
 10
7.87524
 20
3.41057
 30
0.0
 10
7.87524
 20
3.41057
 30
0.0
 10
7.87877
 20
3.41057
 30
0.0
 10
7.87877
 20
3.41057
 30
0.0
 10
7.87877
 20
3.41057
 30
0.0
 10
7.8823
 20
3.40704
 30
0.0
 10
7.8823
 20
3.40704
 30
0.0
 10
7.8823
 20
3.40704
 30
0.0
 10
7.88583
 20
3.40351
 30
0.0
 10
7.88583
 20
3.40351
 30
0.0
 10
7.88583
 20
3.40351
 30
0.0
 10
7.88935
 20
3.39998
 30
0.0
 10
7.88935
 20
3.39998
 30
0.0
 10
7.88935
 20
3.39998
 30
0.0
 10
7.88935
 20
3.39645
 30
0.0
 10
7.88935
 20
3.39645
 30
0.0
  0
SPLINE
  5
211
330
1F
100
AcDbEntity
  8
Camada 1
 62
   251
370
     9
100
AcDbSpline
210
0.0
220
0.0
230
1.0
 70
     8
 71
     3
 72
    17
 73
    13
 74
     0
 42
0.0000000001
 43
0.0000000001
 40
0.0
 40
0.0
 40
0.0
 40
0.0
 40
0.25
 40
0.25
 40
0.25
 40
0.5
 40
0.5
 40
0.5
 40
0.75
 40
0.75
 40
0.75
 40
1.0
 40
1.0
 40
1.0
 40
1.0
 10
7.87877
 20
3.39645
 30
0.0
 10
7.87877
 20
3.39645
 30
0.0
 10
7.87877
 20
3.39645
 30
0.0
 10
7.87877
 20
3.39645
 30
0.0
 10
7.87877
 20
3.39645
 30
0.0
 10
7.87877
 20
3.39998
 30
0.0
 10
7.87877
 20
3.39998
 30
0.0
 10
7.87877
 20
3.39998
 30
0.0
 10
7.87524
 20
3.39998
 30
0.0
 10
7.87524
 20
3.39998
 30
0.0
 10
7.87524
 20
3.39998
 30
0.0
 10
7.87171
 20
3.39998
 30
0.0
 10
7.87171
 20
3.39998
 30
0.0
  0
SPLINE
  5
212
330
1F
100
AcDbEntity
  8
Camada 1
 62
   251
370
     9
100
AcDbSpline
210
0.0
220
0.0
230
1.0
 70
     8
 71
     3
 72
    29
 73
    25
 74
     0
 42
0.0000000001
 43
0.0000000001
 40
0.0
 40
0.0
 40
0.0
 40
0.0
 40
0.125
 40
0.125
 40
0.125
 40
0.25
 40
0.25
 40
0.25
 40
0.375
 40
0.375
 40
0.375
 40
0.5
 40
0.5
 40
0.5
 40
0.625
 40
0.625
 40
0.625
 40
0.75
 40
0.75
 40
0.75
 40
0.875
 40
0.875
 40
0.875
 40
1.0
 40
1.0
 40
1.0
 40
1.0
 10
4.55913
 20
1.40679
 30
0.0
 10
4.55913
 20
1.40679
 30
0.0
 10
4.56619
 20
1.39973
 30
0.0
 10
4.56619
 20
1.39973
 30
0.0
 10
4.56619
 20
1.39973
 30
0.0
 10
4.57324
 20
1.39268
 30
0.0
 10
4.57324
 20
1.39268
 30
0.0
 10
4.57324
 20
1.39268
 30
0.0
 10
4.58383
 20
1.38915
 30
0.0
 10
4.58383
 20
1.38915
 30
0.0
 10
4.58383
 20
1.38915
 30
0.0
 10
4.59088
 20
1.38562
 30
0.0
 10
4.59088
 20
1.38562
 30
0.0
 10
4.59088
 20
1.38562
 30
0.0
 10
4.60146
 20
1.38209
 30
0.0
 10
4.60146
 20
1.38209
 30
0.0
 10
4.60146
 20
1.38209
 30
0.0
 10
4.60852
 20
1.37857
 30
0.0
 10
4.60852
 20
1.37857
 30
0.0
 10
4.60852
 20
1.37857
 30
0.0
 10
4.6191
 20
1.37504
 30
0.0
 10
4.6191
 20
1.37504
 30
0.0
 10
4.6191
 20
1.37504
 30
0.0
 10
4.62969
 20
1.37504
 30
0.0
 10
4.62969
 20
1.37504
 30
0.0
  0
SPLINE
  5
213
330
1F
100
AcDbEntity
  8
Camada 1
 62
   251
370
     9
100
AcDbSpline
210
0.0
220
0.0
230
1.0
 70
    24
 71
     3
 72
     8
 73
     4
 74
     0
 42
0.0000000001
 43
0.0000000001
 40
0.0
 40
0.0
 40
0.0
 40
0.0
 40
1.0
 40
1.0
 40
1.0
 40
1.0
 10
4.62969
 20
1.37504
 30
0.0
 10
4.62969
 20
1.37504
 30
0.0
 10
6.64758
 20
1.37504
 30
0.0
 10
6.64758
 20
1.37504
 30
0.0
  0
SPLINE
  5
214
330
1F
100
AcDbEntity
  8
Camada 1
 62
   251
370
     9
100
AcDbSpline
210
0.0
220
0.0
230
1.0
 70
     8
 71
     3
 72
    29
 73
    25
 74
     0
 42
0.0000000001
 43
0.0000000001
 40
0.0
 40
0.0
 40
0.0
 40
0.0
 40
0.125
 40
0.125
 40
0.125
 40
0.25
 40
0.25
 40
0.25
 40
0.375
 40
0.375
 40
0.375
 40
0.5
 40
0.5
 40
0.5
 40
0.625
 40
0.625
 40
0.625
 40
0.75
 40
0.75
 40
0.75
 40
0.875
 40
0.875
 40
0.875
 40
1.0
 40
1.0
 40
1.0
 40
1.0
 10
6.64758
 20
1.37504
 30
0.0
 10
6.64758
 20
1.37504
 30
0.0
 10
6.65816
 20
1.37504
 30
0.0
 10
6.65816
 20
1.37504
 30
0.0
 10
6.65816
 20
1.37504
 30
0.0
 10
6.66521
 20
1.37857
 30
0.0
 10
6.66521
 20
1.37857
 30
0.0
 10
6.66521
 20
1.37857
 30
0.0
 10
6.6758
 20
1.38209
 30
0.0
 10
6.6758
 20
1.38209
 30
0.0
 10
6.6758
 20
1.38209
 30
0.0
 10
6.68638
 20
1.38562
 30
0.0
 10
6.68638
 20
1.38562
 30
0.0
 10
6.68638
 20
1.38562
 30
0.0
 10
6.69344
 20
1.38915
 30
0.0
 10
6.69344
 20
1.38915
 30
0.0
 10
6.69344
 20
1.38915
 30
0.0
 10
6.70402
 20
1.39268
 30
0.0
 10
6.70402
 20
1.39268
 30
0.0
 10
6.70402
 20
1.39268
 30
0.0
 10
6.71108
 20
1.39973
 30
0.0
 10
6.71108
 20
1.39973
 30
0.0
 10
6.71108
 20
1.39973
 30
0.0
 10
6.71813
 20
1.40679
 30
0.0
 10
6.71813
 20
1.40679
 30
0.0
  0
SPLINE
  5
215
330
1F
100
AcDbEntity
  8
Camada 1
 62
   251
370
     9
100
AcDbSpline
210
0.0
220
0.0
230
1.0
 70
    24
 71
     3
 72
     8
 73
     4
 74
     0
 42
0.0000000001
 43
0.0000000001
 40
0.0
 40
0.0
 40
0.0
 40
0.0
 40
1.0
 40
1.0
 40
1.0
 40
1.0
 10
6.71813
 20
1.40679
 30
0.0
 10
6.71813
 20
1.40679
 30
0.0
 10
7.52599
 20
2.21465
 30
0.0
 10
7.52599
 20
2.21465
 30
0.0
  0
SPLINE
  5
216
330
1F
100
AcDbEntity
  8
Camada 1
 62
   251
370
     9
100
AcDbSpline
210
0.0
220
0.0
230
1.0
 70
     8
 71
     3
 72
    29
 73
    25
 74
     0
 42
0.0000000001
 43
0.0000000001
 40
0.0
 40
0.0
 40
0.0
 40
0.0
 40
0.125
 40
0.125
 40
0.125
 40
0.25
 40
0.25
 40
0.25
 40
0.375
 40
0.375
 40
0.375
 40
0.5
 40
0.5
 40
0.5
 40
0.625
 40
0.625
 40
0.625
 40
0.75
 40
0.75
 40
0.75
 40
0.875
 40
0.875
 40
0.875
 40
1.0
 40
1.0
 40
1.0
 40
1.0
 10
7.52599
 20
2.21465
 30
0.0
 10
7.52599
 20
2.21465
 30
0.0
 10
7.5401
 20
2.23229
 30
0.0
 10
7.5401
 20
2.23229
 30
0.0
 10
7.5401
 20
2.23229
 30
0.0
 10
7.55069
 20
2.2464
 30
0.0
 10
7.55069
 20
2.2464
 30
0.0
 10
7.55069
 20
2.2464
 30
0.0
 10
7.55421
 20
2.26756
 30
0.0
 10
7.55421
 20
2.26756
 30
0.0
 10
7.55421
 20
2.26756
 30
0.0
 10
7.55774
 20
2.2852
 30
0.0
 10
7.55774
 20
2.2852
 30
0.0
 10
7.55774
 20
2.2852
 30
0.0
 10
7.55421
 20
2.30637
 30
0.0
 10
7.55421
 20
2.30637
 30
0.0
 10
7.55421
 20
2.30637
 30
0.0
 10
7.55069
 20
2.32401
 30
0.0
 10
7.55069
 20
2.32401
 30
0.0
 10
7.55069
 20
2.32401
 30
0.0
 10
7.5401
 20
2.34165
 30
0.0
 10
7.5401
 20
2.34165
 30
0.0
 10
7.5401
 20
2.34165
 30
0.0
 10
7.52599
 20
2.35576
 30
0.0
 10
7.52599
 20
2.35576
 30
0.0
  0
SPLINE
  5
217
330
1F
100
AcDbEntity
  8
Camada 1
 62
   251
370
     9
100
AcDbSpline
210
0.0
220
0.0
230
1.0
 70
    24
 71
     3
 72
     8
 73
     4
 74
     0
 42
0.0000000001
 43
0.0000000001
 40
0.0
 40
0.0
 40
0.0
 40
0.0
 40
1.0
 40
1.0
 40
1.0
 40
1.0
 10
7.52599
 20
2.35576
 30
0.0
 10
7.52599
 20
2.35576
 30
0.0
 10
6.71813
 20
3.16715
 30
0.0
 10
6.71813
 20
3.16715
 30
0.0
  0
SPLINE
  5
218
330
1F
100
AcDbEntity
  8
Camada 1
 62
   251
370
     9
100
AcDbSpline
210
0.0
220
0.0
230
1.0
 70
     8
 71
     3
 72
    29
 73
    25
 74
     0
 42
0.0000000001
 43
0.0000000001
 40
0.0
 40
0.0
 40
0.0
 40
0.0
 40
0.125
 40
0.125
 40
0.125
 40
0.25
 40
0.25
 40
0.25
 40
0.375
 40
0.375
 40
0.375
 40
0.5
 40
0.5
 40
0.5
 40
0.625
 40
0.625
 40
0.625
 40
0.75
 40
0.75
 40
0.75
 40
0.875
 40
0.875
 40
0.875
 40
1.0
 40
1.0
 40
1.0
 40
1.0
 10
6.71813
 20
3.16715
 30
0.0
 10
6.71813
 20
3.16715
 30
0.0
 10
6.71108
 20
3.1742
 30
0.0
 10
6.71108
 20
3.1742
 30
0.0
 10
6.71108
 20
3.1742
 30
0.0
 10
6.70402
 20
3.17773
 30
0.0
 10
6.70402
 20
3.17773
 30
0.0
 10
6.70402
 20
3.17773
 30
0.0
 10
6.69344
 20
3.18479
 30
0.0
 10
6.69344
 20
3.18479
 30
0.0
 10
6.69344
 20
3.18479
 30
0.0
 10
6.68638
 20
3.18831
 30
0.0
 10
6.68638
 20
3.18831
 30
0.0
 10
6.68638
 20
3.18831
 30
0.0
 10
6.6758
 20
3.19184
 30
0.0
 10
6.6758
 20
3.19184
 30
0.0
 10
6.6758
 20
3.19184
 30
0.0
 10
6.66521
 20
3.19537
 30
0.0
 10
6.66521
 20
3.19537
 30
0.0
 10
6.66521
 20
3.19537
 30
0.0
 10
6.65816
 20
3.19537
 30
0.0
 10
6.65816
 20
3.19537
 30
0.0
 10
6.65816
 20
3.19537
 30
0.0
 10
6.64758
 20
3.19537
 30
0.0
 10
6.64758
 20
3.19537
 30
0.0
  0
SPLINE
  5
219
330
1F
100
AcDbEntity
  8
Camada 1
 62
   251
370
     9
100
AcDbSpline
210
0.0
220
0.0
230
1.0
 70
    24
 71
     3
 72
     8
 73
     4
 74
     0
 42
0.0000000001
 43
0.0000000001
 40
0.0
 40
0.0
 40
0.0
 40
0.0
 40
1.0
 40
1.0
 40
1.0
 40
1.0
 10
6.64758
 20
3.19537
 30
0.0
 10
6.64758
 20
3.19537
 30
0.0
 10
4.62969
 20
3.19537
 30
0.0
 10
4.62969
 20
3.19537
 30
0.0
  0
SPLINE
  5
21A
330
1F
100
AcDbEntity
  8
Camada 1
 62
   251
370
     9
100
AcDbSpline
210
0.0
220
0.0
230
1.0
 70
     8
 71
     3
 72
    29
 73
    25
 74
     0
 42
0.0000000001
 43
0.0000000001
 40
0.0
 40
0.0
 40
0.0
 40
0.0
 40
0.125
 40
0.125
 40
0.125
 40
0.25
 40
0.25
 40
0.25
 40
0.375
 40
0.375
 40
0.375
 40
0.5
 40
0.5
 40
0.5
 40
0.625
 40
0.625
 40
0.625
 40
0.75
 40
0.75
 40
0.75
 40
0.875
 40
0.875
 40
0.875
 40
1.0
 40
1.0
 40
1.0
 40
1.0
 10
4.62969
 20
3.19537
 30
0.0
 10
4.62969
 20
3.19537
 30
0.0
 10
4.6191
 20
3.19537
 30
0.0
 10
4.6191
 20
3.19537
 30
0.0
 10
4.6191
 20
3.19537
 30
0.0
 10
4.60852
 20
3.19537
 30
0.0
 10
4.60852
 20
3.19537
 30
0.0
 10
4.60852
 20
3.19537
 30
0.0
 10
4.60146
 20
3.19184
 30
0.0
 10
4.60146
 20
3.19184
 30
0.0
 10
4.60146
 20
3.19184
 30
0.0
 10
4.59088
 20
3.18831
 30
0.0
 10
4.59088
 20
3.18831
 30
0.0
 10
4.59088
 20
3.18831
 30
0.0
 10
4.58383
 20
3.18479
 30
0.0
 10
4.58383
 20
3.18479
 30
0.0
 10
4.58383
 20
3.18479
 30
0.0
 10
4.57324
 20
3.17773
 30
0.0
 10
4.57324
 20
3.17773
 30
0.0
 10
4.57324
 20
3.17773
 30
0.0
 10
4.56619
 20
3.1742
 30
0.0
 10
4.56619
 20
3.1742
 30
0.0
 10
4.56619
 20
3.1742
 30
0.0
 10
4.55913
 20
3.16715
 30
0.0
 10
4.55913
 20
3.16715
 30
0.0
  0
SPLINE
  5
21B
330
1F
100
AcDbEntity
  8
Camada 1
 62
   251
370
     9
100
AcDbSpline
210
0.0
220
0.0
230
1.0
 70
    24
 71
     3
 72
     8
 73
     4
 74
     0
 42
0.0000000001
 43
0.0000000001
 40
0.0
 40
0.0
 40
0.0
 40
0.0
 40
1.0
 40
1.0
 40
1.0
 40
1.0
 10
4.55913
 20
3.16715
 30
0.0
 10
4.55913
 20
3.16715
 30
0.0
 10
3.74774
 20
2.35576
 30
0.0
 10
3.74774
 20
2.35576
 30
0.0
  0
SPLINE
  5
21C
330
1F
100
AcDbEntity
  8
Camada 1
 62
   251
370
     9
100
AcDbSpline
210
0.0
220
0.0
230
1.0
 70
     8
 71
     3
 72
    29
 73
    25
 74
     0
 42
0.0000000001
 43
0.0000000001
 40
0.0
 40
0.0
 40
0.0
 40
0.0
 40
0.125
 40
0.125
 40
0.125
 40
0.25
 40
0.25
 40
0.25
 40
0.375
 40
0.375
 40
0.375
 40
0.5
 40
0.5
 40
0.5
 40
0.625
 40
0.625
 40
0.625
 40
0.75
 40
0.75
 40
0.75
 40
0.875
 40
0.875
 40
0.875
 40
1.0
 40
1.0
 40
1.0
 40
1.0
 10
3.74774
 20
2.35576
 30
0.0
 10
3.74774
 20
2.35576
 30
0.0
 10
3.73716
 20
2.34165
 30
0.0
 10
3.73716
 20
2.34165
 30
0.0
 10
3.73716
 20
2.34165
 30
0.0
 10
3.72658
 20
2.32401
 30
0.0
 10
3.72658
 20
2.32401
 30
0.0
 10
3.72658
 20
2.32401
 30
0.0
 10
3.72305
 20
2.30637
 30
0.0
 10
3.72305
 20
2.30637
 30
0.0
 10
3.72305
 20
2.30637
 30
0.0
 10
3.71952
 20
2.2852
 30
0.0
 10
3.71952
 20
2.2852
 30
0.0
 10
3.71952
 20
2.2852
 30
0.0
 10
3.72305
 20
2.26756
 30
0.0
 10
3.72305
 20
2.26756
 30
0.0
 10
3.72305
 20
2.26756
 30
0.0
 10
3.72658
 20
2.2464
 30
0.0
 10
3.72658
 20
2.2464
 30
0.0
 10
3.72658
 20
2.2464
 30
0.0
 10
3.73716
 20
2.23229
 30
0.0
 10
3.73716
 20
2.23229
 30
0.0
 10
3.73716
 20
2.23229
 30
0.0
 10
3.74774
 20
2.21465
 30
0.0
 10
3.74774
 20
2.21465
 30
0.0
  0
SPLINE
  5
21D
330
1F
100
AcDbEntity
  8
Camada 1
 62
   251
370
     9
100
AcDbSpline
210
0.0
220
0.0
230
1.0
 70
    24
 71
     3
 72
     8
 73
     4
 74
     0
 42
0.0000000001
 43
0.0000000001
 40
0.0
 40
0.0
 40
0.0
 40
0.0
 40
1.0
 40
1.0
 40
1.0
 40
1.0
 10
3.74774
 20
2.21465
 30
0.0
 10
3.74774
 20
2.21465
 30
0.0
 10
4.55913
 20
1.40679
 30
0.0
 10
4.55913
 20
1.40679
 30
0.0
  0
SPLINE
  5
21E
330
1F
100
AcDbEntity
  8
Camada 1
 62
   251
370
     9
100
AcDbSpline
210
0.0
220
0.0
230
1.0
 70
    24
 71
     3
 72
     8
 73
     4
 74
     0
 42
0.0000000001
 43
0.0000000001
 40
0.0
 40
0.0
 40
0.0
 40
0.0
 40
1.0
 40
1.0
 40
1.0
 40
1.0
 10
3.38438
 20
3.39645
 30
0.0
 10
3.38438
 20
3.39645
 30
0.0
 10
3.38438
 20
1.17748
 30
0.0
 10
3.38438
 20
1.17748
 30
0.0
  0
SPLINE
  5
21F
330
1F
100
AcDbEntity
  8
Camada 1
 62
   251
370
     9
100
AcDbSpline
210
0.0
220
0.0
230
1.0
 70
    24
 71
     3
 72
     8
 73
     4
 74
     0
 42
0.0000000001
 43
0.0000000001
 40
0.0
 40
0.0
 40
0.0
 40
0.0
 40
1.0
 40
1.0
 40
1.0
 40
1.0
 10
3.38791
 20
3.39645
 30
0.0
 10
3.38791
 20
3.39645
 30
0.0
 10
3.38438
 20
3.39645
 30
0.0
 10
3.38438
 20
3.39645
 30
0.0
  0
SPLINE
  5
220
330
1F
100
AcDbEntity
  8
Camada 1
 62
   251
370
     9
100
AcDbSpline
210
0.0
220
0.0
230
1.0
 70
    24
 71
     3
 72
     8
 73
     4
 74
     0
 42
0.0000000001
 43
0.0000000001
 40
0.0
 40
0.0
 40
0.0
 40
0.0
 40
1.0
 40
1.0
 40
1.0
 40
1.0
 10
3.38791
 20
1.17748
 30
0.0
 10
3.38791
 20
1.17748
 30
0.0
 10
3.38438
 20
1.17748
 30
0.0
 10
3.38438
 20
1.17748
 30
0.0
  0
SPLINE
  5
221
330
1F
100
AcDbEntity
  8
Camada 1
 62
   251
370
     9
100
AcDbSpline
210
0.0
220
0.0
230
1.0
 70
     8
 71
     3
 72
    29
 73
    25
 74
     0
 42
0.0000000001
 43
0.0000000001
 40
0.0
 40
0.0
 40
0.0
 40
0.0
 40
0.125
 40
0.125
 40
0.125
 40
0.25
 40
0.25
 40
0.25
 40
0.375
 40
0.375
 40
0.375
 40
0.5
 40
0.5
 40
0.5
 40
0.625
 40
0.625
 40
0.625
 40
0.75
 40
0.75
 40
0.75
 40
0.875
 40
0.875
 40
0.875
 40
1.0
 40
1.0
 40
1.0
 40
1.0
 10
3.38438
 20
1.17748
 30
0.0
 10
3.38438
 20
1.17748
 30
0.0
 10
3.38438
 20
1.17395
 30
0.0
 10
3.38438
 20
1.17395
 30
0.0
 10
3.38438
 20
1.17395
 30
0.0
 10
3.38438
 20
1.1669
 30
0.0
 10
3.38438
 20
1.1669
 30
0.0
 10
3.38438
 20
1.1669
 30
0.0
 10
3.38791
 20
1.1669
 30
0.0
 10
3.38791
 20
1.1669
 30
0.0
 10
3.38791
 20
1.1669
 30
0.0
 10
3.38791
 20
1.16337
 30
0.0
 10
3.38791
 20
1.16337
 30
0.0
 10
3.38791
 20
1.16337
 30
0.0
 10
3.39144
 20
1.15984
 30
0.0
 10
3.39144
 20
1.15984
 30
0.0
 10
3.39144
 20
1.15984
 30
0.0
 10
3.39496
 20
1.15631
 30
0.0
 10
3.39496
 20
1.15631
 30
0.0
 10
3.39496
 20
1.15631
 30
0.0
 10
3.39849
 20
1.15631
 30
0.0
 10
3.39849
 20
1.15631
 30
0.0
 10
3.39849
 20
1.15631
 30
0.0
 10
3.40202
 20
1.15631
 30
0.0
 10
3.40202
 20
1.15631
 30
0.0
  0
SPLINE
  5
222
330
1F
100
AcDbEntity
  8
Camada 1
 62
   251
370
     9
100
AcDbSpline
210
0.0
220
0.0
230
1.0
 70
    24
 71
     3
 72
     8
 73
     4
 74
     0
 42
0.0000000001
 43
0.0000000001
 40
0.0
 40
0.0
 40
0.0
 40
0.0
 40
1.0
 40
1.0
 40
1.0
 40
1.0
 10
3.40202
 20
1.15984
 30
0.0
 10
3.40202
 20
1.15984
 30
0.0
 10
3.40202
 20
1.15631
 30
0.0
 10
3.40202
 20
1.15631
 30
0.0
  0
SPLINE
  5
223
330
1F
100
AcDbEntity
  8
Camada 1
 62
   251
370
     9
100
AcDbSpline
210
0.0
220
0.0
230
1.0
 70
    24
 71
     3
 72
     8
 73
     4
 74
     0
 42
0.0000000001
 43
0.0000000001
 40
0.0
 40
0.0
 40
0.0
 40
0.0
 40
1.0
 40
1.0
 40
1.0
 40
1.0
 10
3.40202
 20
1.15631
 30
0.0
 10
3.40202
 20
1.15631
 30
0.0
 10
7.87171
 20
1.15631
 30
0.0
 10
7.87171
 20
1.15631
 30
0.0
  0
SPLINE
  5
224
330
1F
100
AcDbEntity
  8
Camada 1
 62
   251
370
     9
100
AcDbSpline
210
0.0
220
0.0
230
1.0
 70
    24
 71
     3
 72
     8
 73
     4
 74
     0
 42
0.0000000001
 43
0.0000000001
 40
0.0
 40
0.0
 40
0.0
 40
0.0
 40
1.0
 40
1.0
 40
1.0
 40
1.0
 10
7.87171
 20
1.15984
 30
0.0
 10
7.87171
 20
1.15984
 30
0.0
 10
7.87171
 20
1.15631
 30
0.0
 10
7.87171
 20
1.15631
 30
0.0
  0
SPLINE
  5
225
330
1F
100
AcDbEntity
  8
Camada 1
 62
   251
370
     9
100
AcDbSpline
210
0.0
220
0.0
230
1.0
 70
     8
 71
     3
 72
    29
 73
    25
 74
     0
 42
0.0000000001
 43
0.0000000001
 40
0.0
 40
0.0
 40
0.0
 40
0.0
 40
0.125
 40
0.125
 40
0.125
 40
0.25
 40
0.25
 40
0.25
 40
0.375
 40
0.375
 40
0.375
 40
0.5
 40
0.5
 40
0.5
 40
0.625
 40
0.625
 40
0.625
 40
0.75
 40
0.75
 40
0.75
 40
0.875
 40
0.875
 40
0.875
 40
1.0
 40
1.0
 40
1.0
 40
1.0
 10
3.40202
 20
3.41762
 30
0.0
 10
3.40202
 20
3.41762
 30
0.0
 10
3.39849
 20
3.41762
 30
0.0
 10
3.39849
 20
3.41762
 30
0.0
 10
3.39849
 20
3.41762
 30
0.0
 10
3.39496
 20
3.41409
 30
0.0
 10
3.39496
 20
3.41409
 30
0.0
 10
3.39496
 20
3.41409
 30
0.0
 10
3.39144
 20
3.41409
 30
0.0
 10
3.39144
 20
3.41409
 30
0.0
 10
3.39144
 20
3.41409
 30
0.0
 10
3.38791
 20
3.41057
 30
0.0
 10
3.38791
 20
3.41057
 30
0.0
 10
3.38791
 20
3.41057
 30
0.0
 10
3.38791
 20
3.40704
 30
0.0
 10
3.38791
 20
3.40704
 30
0.0
 10
3.38791
 20
3.40704
 30
0.0
 10
3.38438
 20
3.40351
 30
0.0
 10
3.38438
 20
3.40351
 30
0.0
 10
3.38438
 20
3.40351
 30
0.0
 10
3.38438
 20
3.39998
 30
0.0
 10
3.38438
 20
3.39998
 30
0.0
 10
3.38438
 20
3.39998
 30
0.0
 10
3.38438
 20
3.39645
 30
0.0
 10
3.38438
 20
3.39645
 30
0.0
  0
SPLINE
  5
226
330
1F
100
AcDbEntity
  8
Camada 1
 62
   251
370
     9
100
AcDbSpline
210
0.0
220
0.0
230
1.0
 70
    24
 71
     3
 72
     8
 73
     4
 74
     0
 42
0.0000000001
 43
0.0000000001
 40
0.0
 40
0.0
 40
0.0
 40
0.0
 40
1.0
 40
1.0
 40
1.0
 40
1.0
 10
3.40202
 20
3.41057
 30
0.0
 10
3.40202
 20
3.41057
 30
0.0
 10
3.40202
 20
3.41762
 30
0.0
 10
3.40202
 20
3.41762
 30
0.0
  0
SPLINE
  5
227
330
1F
100
AcDbEntity
  8
Camada 1
 62
   251
370
     9
100
AcDbSpline
210
0.0
220
0.0
230
1.0
 70
    24
 71
     3
 72
     8
 73
     4
 74
     0
 42
0.0000000001
 43
0.0000000001
 40
0.0
 40
0.0
 40
0.0
 40
0.0
 40
1.0
 40
1.0
 40
1.0
 40
1.0
 10
7.89288
 20
1.17748
 30
0.0
 10
7.89288
 20
1.17748
 30
0.0
 10
7.89288
 20
3.39645
 30
0.0
 10
7.89288
 20
3.39645
 30
0.0
  0
SPLINE
  5
228
330
1F
100
AcDbEntity
  8
Camada 1
 62
   251
370
     9
100
AcDbSpline
210
0.0
220
0.0
230
1.0
 70
    24
 71
     3
 72
     8
 73
     4
 74
     0
 42
0.0000000001
 43
0.0000000001
 40
0.0
 40
0.0
 40
0.0
 40
0.0
 40
1.0
 40
1.0
 40
1.0
 40
1.0
 10
7.88935
 20
1.17748
 30
0.0
 10
7.88935
 20
1.17748
 30
0.0
 10
7.89288
 20
1.17748
 30
0.0
 10
7.89288
 20
1.17748
 30
0.0
  0
SPLINE
  5
229
330
1F
100
AcDbEntity
  8
Camada 1
 62
   251
370
     9
100
AcDbSpline
210
0.0
220
0.0
230
1.0
 70
    24
 71
     3
 72
     8
 73
     4
 74
     0
 42
0.0000000001
 43
0.0000000001
 40
0.0
 40
0.0
 40
0.0
 40
0.0
 40
1.0
 40
1.0
 40
1.0
 40
1.0
 10
7.88935
 20
3.39645
 30
0.0
 10
7.88935
 20
3.39645
 30
0.0
 10
7.89288
 20
3.39645
 30
0.0
 10
7.89288
 20
3.39645
 30
0.0
  0
SPLINE
  5
22A
330
1F
100
AcDbEntity
  8
Camada 1
 62
   251
370
     9
100
AcDbSpline
210
0.0
220
0.0
230
1.0
 70
     8
 71
     3
 72
    29
 73
    25
 74
     0
 42
0.0000000001
 43
0.0000000001
 40
0.0
 40
0.0
 40
0.0
 40
0.0
 40
0.125
 40
0.125
 40
0.125
 40
0.25
 40
0.25
 40
0.25
 40
0.375
 40
0.375
 40
0.375
 40
0.5
 40
0.5
 40
0.5
 40
0.625
 40
0.625
 40
0.625
 40
0.75
 40
0.75
 40
0.75
 40
0.875
 40
0.875
 40
0.875
 40
1.0
 40
1.0
 40
1.0
 40
1.0
 10
7.89288
 20
3.39645
 30
0.0
 10
7.89288
 20
3.39645
 30
0.0
 10
7.89288
 20
3.39998
 30
0.0
 10
7.89288
 20
3.39998
 30
0.0
 10
7.89288
 20
3.39998
 30
0.0
 10
7.89288
 20
3.40351
 30
0.0
 10
7.89288
 20
3.40351
 30
0.0
 10
7.89288
 20
3.40351
 30
0.0
 10
7.88935
 20
3.40704
 30
0.0
 10
7.88935
 20
3.40704
 30
0.0
 10
7.88935
 20
3.40704
 30
0.0
 10
7.88583
 20
3.41057
 30
0.0
 10
7.88583
 20
3.41057
 30
0.0
 10
7.88583
 20
3.41057
 30
0.0
 10
7.88583
 20
3.41409
 30
0.0
 10
7.88583
 20
3.41409
 30
0.0
 10
7.88583
 20
3.41409
 30
0.0
 10
7.8823
 20
3.41409
 30
0.0
 10
7.8823
 20
3.41409
 30
0.0
 10
7.8823
 20
3.41409
 30
0.0
 10
7.87877
 20
3.41762
 30
0.0
 10
7.87877
 20
3.41762
 30
0.0
 10
7.87877
 20
3.41762
 30
0.0
 10
7.87171
 20
3.41762
 30
0.0
 10
7.87171
 20
3.41762
 30
0.0
  0
SPLINE
  5
22B
330
1F
100
AcDbEntity
  8
Camada 1
 62
   251
370
     9
100
AcDbSpline
210
0.0
220
0.0
230
1.0
 70
    24
 71
     3
 72
     8
 73
     4
 74
     0
 42
0.0000000001
 43
0.0000000001
 40
0.0
 40
0.0
 40
0.0
 40
0.0
 40
1.0
 40
1.0
 40
1.0
 40
1.0
 10
7.87171
 20
3.41057
 30
0.0
 10
7.87171
 20
3.41057
 30
0.0
 10
7.87171
 20
3.41762
 30
0.0
 10
7.87171
 20
3.41762
 30
0.0
  0
SPLINE
  5
22C
330
1F
100
AcDbEntity
  8
Camada 1
 62
   251
370
     9
100
AcDbSpline
210
0.0
220
0.0
230
1.0
 70
    24
 71
     3
 72
     8
 73
     4
 74
     0
 42
0.0000000001
 43
0.0000000001
 40
0.0
 40
0.0
 40
0.0
 40
0.0
 40
1.0
 40
1.0
 40
1.0
 40
1.0
 10
7.87171
 20
3.41762
 30
0.0
 10
7.87171
 20
3.41762
 30
0.0
 10
3.40202
 20
3.41762
 30
0.0
 10
3.40202
 20
3.41762
 30
0.0
  0
SPLINE
  5
22D
330
1F
100
AcDbEntity
  8
Camada 1
 62
   251
370
     9
100
AcDbSpline
210
0.0
220
0.0
230
1.0
 70
     8
 71
     3
 72
    29
 73
    25
 74
     0
 42
0.0000000001
 43
0.0000000001
 40
0.0
 40
0.0
 40
0.0
 40
0.0
 40
0.125
 40
0.125
 40
0.125
 40
0.25
 40
0.25
 40
0.25
 40
0.375
 40
0.375
 40
0.375
 40
0.5
 40
0.5
 40
0.5
 40
0.625
 40
0.625
 40
0.625
 40
0.75
 40
0.75
 40
0.75
 40
0.875
 40
0.875
 40
0.875
 40
1.0
 40
1.0
 40
1.0
 40
1.0
 10
7.87171
 20
1.15631
 30
0.0
 10
7.87171
 20
1.15631
 30
0.0
 10
7.87877
 20
1.15631
 30
0.0
 10
7.87877
 20
1.15631
 30
0.0
 10
7.87877
 20
1.15631
 30
0.0
 10
7.8823
 20
1.15631
 30
0.0
 10
7.8823
 20
1.15631
 30
0.0
 10
7.8823
 20
1.15631
 30
0.0
 10
7.88583
 20
1.15984
 30
0.0
 10
7.88583
 20
1.15984
 30
0.0
 10
7.88583
 20
1.15984
 30
0.0
 10
7.88583
 20
1.16337
 30
0.0
 10
7.88583
 20
1.16337
 30
0.0
 10
7.88583
 20
1.16337
 30
0.0
 10
7.88935
 20
1.1669
 30
0.0
 10
7.88935
 20
1.1669
 30
0.0
 10
7.88935
 20
1.1669
 30
0.0
 10
7.89288
 20
1.1669
 30
0.0
 10
7.89288
 20
1.1669
 30
0.0
 10
7.89288
 20
1.1669
 30
0.0
 10
7.89288
 20
1.17395
 30
0.0
 10
7.89288
 20
1.17395
 30
0.0
 10
7.89288
 20
1.17395
 30
0.0
 10
7.89288
 20
1.17748
 30
0.0
 10
7.89288
 20
1.17748
 30
0.0
  0
SPLINE
  5
22E
330
1F
100
AcDbEntity
  8
Camada 1
 62
   251
370
     9
100
AcDbSpline
210
0.0
220
0.0
230
1.0
 70
    11
 71
     3
 72
   137
 73
   133
 74
     0
 42
0.0000000001
 43
0.0000000001
 40
0.0
 40
0.0
 40
0.0
 40
0.0
 40
0.0227272727272727
 40
0.0227272727272727
 40
0.0227272727272727
 40
0.0454545454545455
 40
0.0454545454545455
 40
0.0454545454545455
 40
0.0681818181818182
 40
0.0681818181818182
 40
0.0681818181818182
 40
0.0909090909090909
 40
0.0909090909090909
 40
0.0909090909090909
 40
0.1136363636363636
 40
0.1136363636363636
 40
0.1136363636363636
 40
0.1363636363636364
 40
0.1363636363636364
 40
0.1363636363636364
 40
0.1590909090909091
 40
0.1590909090909091
 40
0.1590909090909091
 40
0.1818181818181818
 40
0.1818181818181818
 40
0.1818181818181818
 40
0.2045454545454546
 40
0.2045454545454546
 40
0.2045454545454546
 40
0.2272727272727273
 40
0.2272727272727273
 40
0.2272727272727273
 40
0.25
 40
0.25
 40
0.25
 40
0.2727272727272727
 40
0.2727272727272727
 40
0.2727272727272727
 40
0.2954545454545455
 40
0.2954545454545455
 40
0.2954545454545455
 40
0.3181818181818182
 40
0.3181818181818182
 40
0.3181818181818182
 40
0.3409090909090909
 40
0.3409090909090909
 40
0.3409090909090909
 40
0.3636363636363636
 40
0.3636363636363636
 40
0.3636363636363636
 40
0.3863636363636364
 40
0.3863636363636364
 40
0.3863636363636364
 40
0.4090909090909091
 40
0.4090909090909091
 40
0.4090909090909091
 40
0.4318181818181818
 40
0.4318181818181818
 40
0.4318181818181818
 40
0.4545454545454546
 40
0.4545454545454546
 40
0.4545454545454546
 40
0.4772727272727273
 40
0.4772727272727273
 40
0.4772727272727273
 40
0.5
 40
0.5
 40
0.5
 40
0.5227272727272727
 40
0.5227272727272727
 40
0.5227272727272727
 40
0.5454545454545454
 40
0.5454545454545454
 40
0.5454545454545454
 40
0.5681818181818182
 40
0.5681818181818182
 40
0.5681818181818182
 40
0.5909090909090909
 40
0.5909090909090909
 40
0.5909090909090909
 40
0.6136363636363636
 40
0.6136363636363636
 40
0.6136363636363636
 40
0.6363636363636364
 40
0.6363636363636364
 40
0.6363636363636364
 40
0.6590909090909091
 40
0.6590909090909091
 40
0.6590909090909091
 40
0.6818181818181819
 40
0.6818181818181819
 40
0.6818181818181819
 40
0.7045454545454546
 40
0.7045454545454546
 40
0.7045454545454546
 40
0.7272727272727273
 40
0.7272727272727273
 40
0.7272727272727273
 40
0.75
 40
0.75
 40
0.75
 40
0.7727272727272727
 40
0.7727272727272727
 40
0.7727272727272727
 40
0.7954545454545455
 40
0.7954545454545455
 40
0.7954545454545455
 40
0.8181818181818182
 40
0.8181818181818182
 40
0.8181818181818182
 40
0.8409090909090909
 40
0.8409090909090909
 40
0.8409090909090909
 40
0.8636363636363636
 40
0.8636363636363636
 40
0.8636363636363636
 40
0.8863636363636364
 40
0.8863636363636364
 40
0.8863636363636364
 40
0.9090909090909092
 40
0.9090909090909092
 40
0.9090909090909092
 40
0.9318181818181819
 40
0.9318181818181819
 40
0.9318181818181819
 40
0.9545454545454546
 40
0.9545454545454546
 40
0.9545454545454546
 40
0.9772727272727273
 40
0.9772727272727273
 40
0.9772727272727273
 40
1.0
 40
1.0
 40
1.0
 40
1.0
 10
5.63863
 20
2.1829
 30
0.0
 10
5.63863
 20
2.1829
 30
0.0
 10
5.60688
 20
2.17937
 30
0.0
 10
5.60688
 20
2.17937
 30
0.0
 10
5.60688
 20
2.17937
 30
0.0
 10
5.57513
 20
2.17232
 30
0.0
 10
5.57513
 20
2.17232
 30
0.0
 10
5.57513
 20
2.17232
 30
0.0
 10
5.54338
 20
2.16173
 30
0.0
 10
5.54338
 20
2.16173
 30
0.0
 10
5.54338
 20
2.16173
 30
0.0
 10
5.51516
 20
2.14762
 30
0.0
 10
5.51516
 20
2.14762
 30
0.0
 10
5.51516
 20
2.14762
 30
0.0
 10
5.49046
 20
2.12645
 30
0.0
 10
5.49046
 20
2.12645
 30
0.0
 10
5.49046
 20
2.12645
 30
0.0
 10
5.4693
 20
2.10529
 30
0.0
 10
5.4693
 20
2.10529
 30
0.0
 10
5.4693
 20
2.10529
 30
0.0
 10
5.44813
 20
2.08059
 30
0.0
 10
5.44813
 20
2.08059
 30
0.0
 10
5.44813
 20
2.08059
 30
0.0
 10
5.43402
 20
2.05237
 30
0.0
 10
5.43402
 20
2.05237
 30
0.0
 10
5.43402
 20
2.05237
 30
0.0
 10
5.42344
 20
2.02062
 30
0.0
 10
5.42344
 20
2.02062
 30
0.0
 10
5.42344
 20
2.02062
 30
0.0
 10
5.41638
 20
1.98887
 30
0.0
 10
5.41638
 20
1.98887
 30
0.0
 10
5.41638
 20
1.98887
 30
0.0
 10
5.41285
 20
1.95712
 30
0.0
 10
5.41285
 20
1.95712
 30
0.0
 10
5.41285
 20
1.95712
 30
0.0
 10
5.41638
 20
1.92537
 30
0.0
 10
5.41638
 20
1.92537
 30
0.0
 10
5.41638
 20
1.92537
 30
0.0
 10
5.42344
 20
1.89362
 30
0.0
 10
5.42344
 20
1.89362
 30
0.0
 10
5.42344
 20
1.89362
 30
0.0
 10
5.43402
 20
1.8654
 30
0.0
 10
5.43402
 20
1.8654
 30
0.0
 10
5.43402
 20
1.8654
 30
0.0
 10
5.44813
 20
1.83718
 30
0.0
 10
5.44813
 20
1.83718
 30
0.0
 10
5.44813
 20
1.83718
 30
0.0
 10
5.4693
 20
1.80895
 30
0.0
 10
5.4693
 20
1.80895
 30
0.0
 10
5.4693
 20
1.80895
 30
0.0
 10
5.49046
 20
1.78779
 30
0.0
 10
5.49046
 20
1.78779
 30
0.0
 10
5.49046
 20
1.78779
 30
0.0
 10
5.51516
 20
1.76662
 30
0.0
 10
5.51516
 20
1.76662
 30
0.0
 10
5.51516
 20
1.76662
 30
0.0
 10
5.54338
 20
1.75251
 30
0.0
 10
5.54338
 20
1.75251
 30
0.0
 10
5.54338
 20
1.75251
 30
0.0
 10
5.57513
 20
1.74193
 30
0.0
 10
5.57513
 20
1.74193
 30
0.0
 10
5.57513
 20
1.74193
 30
0.0
 10
5.60688
 20
1.73487
 30
0.0
 10
5.60688
 20
1.73487
 30
0.0
 10
5.60688
 20
1.73487
 30
0.0
 10
5.63863
 20
1.73134
 30
0.0
 10
5.63863
 20
1.73134
 30
0.0
 10
5.63863
 20
1.73134
 30
0.0
 10
5.67038
 20
1.73487
 30
0.0
 10
5.67038
 20
1.73487
 30
0.0
 10
5.67038
 20
1.73487
 30
0.0
 10
5.70213
 20
1.74193
 30
0.0
 10
5.70213
 20
1.74193
 30
0.0
 10
5.70213
 20
1.74193
 30
0.0
 10
5.73035
 20
1.75251
 30
0.0
 10
5.73035
 20
1.75251
 30
0.0
 10
5.73035
 20
1.75251
 30
0.0
 10
5.75858
 20
1.76662
 30
0.0
 10
5.75858
 20
1.76662
 30
0.0
 10
5.75858
 20
1.76662
 30
0.0
 10
5.7868
 20
1.78779
 30
0.0
 10
5.7868
 20
1.78779
 30
0.0
 10
5.7868
 20
1.78779
 30
0.0
 10
5.80796
 20
1.80895
 30
0.0
 10
5.80796
 20
1.80895
 30
0.0
 10
5.80796
 20
1.80895
 30
0.0
 10
5.82913
 20
1.83718
 30
0.0
 10
5.82913
 20
1.83718
 30
0.0
 10
5.82913
 20
1.83718
 30
0.0
 10
5.84324
 20
1.8654
 30
0.0
 10
5.84324
 20
1.8654
 30
0.0
 10
5.84324
 20
1.8654
 30
0.0
 10
5.85383
 20
1.89362
 30
0.0
 10
5.85383
 20
1.89362
 30
0.0
 10
5.85383
 20
1.89362
 30
0.0
 10
5.86088
 20
1.92537
 30
0.0
 10
5.86088
 20
1.92537
 30
0.0
 10
5.86088
 20
1.92537
 30
0.0
 10
5.86441
 20
1.95712
 30
0.0
 10
5.86441
 20
1.95712
 30
0.0
 10
5.86441
 20
1.95712
 30
0.0
 10
5.86088
 20
1.98887
 30
0.0
 10
5.86088
 20
1.98887
 30
0.0
 10
5.86088
 20
1.98887
 30
0.0
 10
5.85383
 20
2.02062
 30
0.0
 10
5.85383
 20
2.02062
 30
0.0
 10
5.85383
 20
2.02062
 30
0.0
 10
5.84324
 20
2.05237
 30
0.0
 10
5.84324
 20
2.05237
 30
0.0
 10
5.84324
 20
2.05237
 30
0.0
 10
5.82913
 20
2.08059
 30
0.0
 10
5.82913
 20
2.08059
 30
0.0
 10
5.82913
 20
2.08059
 30
0.0
 10
5.80796
 20
2.10529
 30
0.0
 10
5.80796
 20
2.10529
 30
0.0
 10
5.80796
 20
2.10529
 30
0.0
 10
5.7868
 20
2.12645
 30
0.0
 10
5.7868
 20
2.12645
 30
0.0
 10
5.7868
 20
2.12645
 30
0.0
 10
5.75858
 20
2.14762
 30
0.0
 10
5.75858
 20
2.14762
 30
0.0
 10
5.75858
 20
2.14762
 30
0.0
 10
5.73035
 20
2.16173
 30
0.0
 10
5.73035
 20
2.16173
 30
0.0
 10
5.73035
 20
2.16173
 30
0.0
 10
5.70213
 20
2.17232
 30
0.0
 10
5.70213
 20
2.17232
 30
0.0
 10
5.70213
 20
2.17232
 30
0.0
 10
5.67038
 20
2.17937
 30
0.0
 10
5.67038
 20
2.17937
 30
0.0
 10
5.67038
 20
2.17937
 30
0.0
 10
5.63863
 20
2.1829
 30
0.0
 10
5.63863
 20
2.1829
 30
0.0
  0
SPLINE
  5
22F
330
1F
100
AcDbEntity
  8
Camada 1
 62
   251
370
     9
100
AcDbSpline
210
0.0
220
0.0
230
1.0
 70
    11
 71
     3
 72
   137
 73
   133
 74
     0
 42
0.0000000001
 43
0.0000000001
 40
0.0
 40
0.0
 40
0.0
 40
0.0
 40
0.0227272727272727
 40
0.0227272727272727
 40
0.0227272727272727
 40
0.0454545454545455
 40
0.0454545454545455
 40
0.0454545454545455
 40
0.0681818181818182
 40
0.0681818181818182
 40
0.0681818181818182
 40
0.0909090909090909
 40
0.0909090909090909
 40
0.0909090909090909
 40
0.1136363636363636
 40
0.1136363636363636
 40
0.1136363636363636
 40
0.1363636363636364
 40
0.1363636363636364
 40
0.1363636363636364
 40
0.1590909090909091
 40
0.1590909090909091
 40
0.1590909090909091
 40
0.1818181818181818
 40
0.1818181818181818
 40
0.1818181818181818
 40
0.2045454545454546
 40
0.2045454545454546
 40
0.2045454545454546
 40
0.2272727272727273
 40
0.2272727272727273
 40
0.2272727272727273
 40
0.25
 40
0.25
 40
0.25
 40
0.2727272727272727
 40
0.2727272727272727
 40
0.2727272727272727
 40
0.2954545454545455
 40
0.2954545454545455
 40
0.2954545454545455
 40
0.3181818181818182
 40
0.3181818181818182
 40
0.3181818181818182
 40
0.3409090909090909
 40
0.3409090909090909
 40
0.3409090909090909
 40
0.3636363636363636
 40
0.3636363636363636
 40
0.3636363636363636
 40
0.3863636363636364
 40
0.3863636363636364
 40
0.3863636363636364
 40
0.4090909090909091
 40
0.4090909090909091
 40
0.4090909090909091
 40
0.4318181818181818
 40
0.4318181818181818
 40
0.4318181818181818
 40
0.4545454545454546
 40
0.4545454545454546
 40
0.4545454545454546
 40
0.4772727272727273
 40
0.4772727272727273
 40
0.4772727272727273
 40
0.5
 40
0.5
 40
0.5
 40
0.5227272727272727
 40
0.5227272727272727
 40
0.5227272727272727
 40
0.5454545454545454
 40
0.5454545454545454
 40
0.5454545454545454
 40
0.5681818181818182
 40
0.5681818181818182
 40
0.5681818181818182
 40
0.5909090909090909
 40
0.5909090909090909
 40
0.5909090909090909
 40
0.6136363636363636
 40
0.6136363636363636
 40
0.6136363636363636
 40
0.6363636363636364
 40
0.6363636363636364
 40
0.6363636363636364
 40
0.6590909090909091
 40
0.6590909090909091
 40
0.6590909090909091
 40
0.6818181818181819
 40
0.6818181818181819
 40
0.6818181818181819
 40
0.7045454545454546
 40
0.7045454545454546
 40
0.7045454545454546
 40
0.7272727272727273
 40
0.7272727272727273
 40
0.7272727272727273
 40
0.75
 40
0.75
 40
0.75
 40
0.7727272727272727
 40
0.7727272727272727
 40
0.7727272727272727
 40
0.7954545454545455
 40
0.7954545454545455
 40
0.7954545454545455
 40
0.8181818181818182
 40
0.8181818181818182
 40
0.8181818181818182
 40
0.8409090909090909
 40
0.8409090909090909
 40
0.8409090909090909
 40
0.8636363636363636
 40
0.8636363636363636
 40
0.8636363636363636
 40
0.8863636363636364
 40
0.8863636363636364
 40
0.8863636363636364
 40
0.9090909090909092
 40
0.9090909090909092
 40
0.9090909090909092
 40
0.9318181818181819
 40
0.9318181818181819
 40
0.9318181818181819
 40
0.9545454545454546
 40
0.9545454545454546
 40
0.9545454545454546
 40
0.9772727272727273
 40
0.9772727272727273
 40
0.9772727272727273
 40
1.0
 40
1.0
 40
1.0
 40
1.0
 10
6.5876
 20
2.51098
 30
0.0
 10
6.5876
 20
2.51098
 30
0.0
 10
6.55585
 20
2.50745
 30
0.0
 10
6.55585
 20
2.50745
 30
0.0
 10
6.55585
 20
2.50745
 30
0.0
 10
6.5241
 20
2.50393
 30
0.0
 10
6.5241
 20
2.50393
 30
0.0
 10
6.5241
 20
2.50393
 30
0.0
 10
6.49588
 20
2.48982
 30
0.0
 10
6.49588
 20
2.48982
 30
0.0
 10
6.49588
 20
2.48982
 30
0.0
 10
6.46766
 20
2.4757
 30
0.0
 10
6.46766
 20
2.4757
 30
0.0
 10
6.46766
 20
2.4757
 30
0.0
 10
6.43944
 20
2.45806
 30
0.0
 10
6.43944
 20
2.45806
 30
0.0
 10
6.43944
 20
2.45806
 30
0.0
 10
6.41827
 20
2.43337
 30
0.0
 10
6.41827
 20
2.43337
 30
0.0
 10
6.41827
 20
2.43337
 30
0.0
 10
6.40063
 20
2.40868
 30
0.0
 10
6.40063
 20
2.40868
 30
0.0
 10
6.40063
 20
2.40868
 30
0.0
 10
6.38299
 20
2.38045
 30
0.0
 10
6.38299
 20
2.38045
 30
0.0
 10
6.38299
 20
2.38045
 30
0.0
 10
6.37241
 20
2.3487
 30
0.0
 10
6.37241
 20
2.3487
 30
0.0
 10
6.37241
 20
2.3487
 30
0.0
 10
6.36535
 20
2.31695
 30
0.0
 10
6.36535
 20
2.31695
 30
0.0
 10
6.36535
 20
2.31695
 30
0.0
 10
6.36183
 20
2.2852
 30
0.0
 10
6.36183
 20
2.2852
 30
0.0
 10
6.36183
 20
2.2852
 30
0.0
 10
6.36535
 20
2.25345
 30
0.0
 10
6.36535
 20
2.25345
 30
0.0
 10
6.36535
 20
2.25345
 30
0.0
 10
6.37241
 20
2.2217
 30
0.0
 10
6.37241
 20
2.2217
 30
0.0
 10
6.37241
 20
2.2217
 30
0.0
 10
6.38299
 20
2.19348
 30
0.0
 10
6.38299
 20
2.19348
 30
0.0
 10
6.38299
 20
2.19348
 30
0.0
 10
6.40063
 20
2.16526
 30
0.0
 10
6.40063
 20
2.16526
 30
0.0
 10
6.40063
 20
2.16526
 30
0.0
 10
6.41827
 20
2.14056
 30
0.0
 10
6.41827
 20
2.14056
 30
0.0
 10
6.41827
 20
2.14056
 30
0.0
 10
6.43944
 20
2.11587
 30
0.0
 10
6.43944
 20
2.11587
 30
0.0
 10
6.43944
 20
2.11587
 30
0.0
 10
6.46766
 20
2.09823
 30
0.0
 10
6.46766
 20
2.09823
 30
0.0
 10
6.46766
 20
2.09823
 30
0.0
 10
6.49588
 20
2.08059
 30
0.0
 10
6.49588
 20
2.08059
 30
0.0
 10
6.49588
 20
2.08059
 30
0.0
 10
6.5241
 20
2.07001
 30
0.0
 10
6.5241
 20
2.07001
 30
0.0
 10
6.5241
 20
2.07001
 30
0.0
 10
6.55585
 20
2.06295
 30
0.0
 10
6.55585
 20
2.06295
 30
0.0
 10
6.55585
 20
2.06295
 30
0.0
 10
6.5876
 20
2.06295
 30
0.0
 10
6.5876
 20
2.06295
 30
0.0
 10
6.5876
 20
2.06295
 30
0.0
 10
6.61935
 20
2.06295
 30
0.0
 10
6.61935
 20
2.06295
 30
0.0
 10
6.61935
 20
2.06295
 30
0.0
 10
6.6511
 20
2.07001
 30
0.0
 10
6.6511
 20
2.07001
 30
0.0
 10
6.6511
 20
2.07001
 30
0.0
 10
6.68285
 20
2.08059
 30
0.0
 10
6.68285
 20
2.08059
 30
0.0
 10
6.68285
 20
2.08059
 30
0.0
 10
6.71108
 20
2.09823
 30
0.0
 10
6.71108
 20
2.09823
 30
0.0
 10
6.71108
 20
2.09823
 30
0.0
 10
6.73577
 20
2.11587
 30
0.0
 10
6.73577
 20
2.11587
 30
0.0
 10
6.73577
 20
2.11587
 30
0.0
 10
6.75694
 20
2.14056
 30
0.0
 10
6.75694
 20
2.14056
 30
0.0
 10
6.75694
 20
2.14056
 30
0.0
 10
6.7781
 20
2.16526
 30
0.0
 10
6.7781
 20
2.16526
 30
0.0
 10
6.7781
 20
2.16526
 30
0.0
 10
6.79221
 20
2.19348
 30
0.0
 10
6.79221
 20
2.19348
 30
0.0
 10
6.79221
 20
2.19348
 30
0.0
 10
6.8028
 20
2.2217
 30
0.0
 10
6.8028
 20
2.2217
 30
0.0
 10
6.8028
 20
2.2217
 30
0.0
 10
6.80985
 20
2.25345
 30
0.0
 10
6.80985
 20
2.25345
 30
0.0
 10
6.80985
 20
2.25345
 30
0.0
 10
6.81338
 20
2.2852
 30
0.0
 10
6.81338
 20
2.2852
 30
0.0
 10
6.81338
 20
2.2852
 30
0.0
 10
6.80985
 20
2.31695
 30
0.0
 10
6.80985
 20
2.31695
 30
0.0
 10
6.80985
 20
2.31695
 30
0.0
 10
6.8028
 20
2.3487
 30
0.0
 10
6.8028
 20
2.3487
 30
0.0
 10
6.8028
 20
2.3487
 30
0.0
 10
6.79221
 20
2.38045
 30
0.0
 10
6.79221
 20
2.38045
 30
0.0
 10
6.79221
 20
2.38045
 30
0.0
 10
6.7781
 20
2.40868
 30
0.0
 10
6.7781
 20
2.40868
 30
0.0
 10
6.7781
 20
2.40868
 30
0.0
 10
6.75694
 20
2.43337
 30
0.0
 10
6.75694
 20
2.43337
 30
0.0
 10
6.75694
 20
2.43337
 30
0.0
 10
6.73577
 20
2.45806
 30
0.0
 10
6.73577
 20
2.45806
 30
0.0
 10
6.73577
 20
2.45806
 30
0.0
 10
6.71108
 20
2.4757
 30
0.0
 10
6.71108
 20
2.4757
 30
0.0
 10
6.71108
 20
2.4757
 30
0.0
 10
6.68285
 20
2.48982
 30
0.0
 10
6.68285
 20
2.48982
 30
0.0
 10
6.68285
 20
2.48982
 30
0.0
 10
6.6511
 20
2.50393
 30
0.0
 10
6.6511
 20
2.50393
 30
0.0
 10
6.6511
 20
2.50393
 30
0.0
 10
6.61935
 20
2.50745
 30
0.0
 10
6.61935
 20
2.50745
 30
0.0
 10
6.61935
 20
2.50745
 30
0.0
 10
6.5876
 20
2.51098
 30
0.0
 10
6.5876
 20
2.51098
 30
0.0
  0
SPLINE
  5
230
330
1F
100
AcDbEntity
  8
Camada 1
 62
   251
370
     9
100
AcDbSpline
210
0.0
220
0.0
230
1.0
 70
    11
 71
     3
 72
   137
 73
   133
 74
     0
 42
0.0000000001
 43
0.0000000001
 40
0.0
 40
0.0
 40
0.0
 40
0.0
 40
0.0227272727272727
 40
0.0227272727272727
 40
0.0227272727272727
 40
0.0454545454545455
 40
0.0454545454545455
 40
0.0454545454545455
 40
0.0681818181818182
 40
0.0681818181818182
 40
0.0681818181818182
 40
0.0909090909090909
 40
0.0909090909090909
 40
0.0909090909090909
 40
0.1136363636363636
 40
0.1136363636363636
 40
0.1136363636363636
 40
0.1363636363636364
 40
0.1363636363636364
 40
0.1363636363636364
 40
0.1590909090909091
 40
0.1590909090909091
 40
0.1590909090909091
 40
0.1818181818181818
 40
0.1818181818181818
 40
0.1818181818181818
 40
0.2045454545454546
 40
0.2045454545454546
 40
0.2045454545454546
 40
0.2272727272727273
 40
0.2272727272727273
 40
0.2272727272727273
 40
0.25
 40
0.25
 40
0.25
 40
0.2727272727272727
 40
0.2727272727272727
 40
0.2727272727272727
 40
0.2954545454545455
 40
0.2954545454545455
 40
0.2954545454545455
 40
0.3181818181818182
 40
0.3181818181818182
 40
0.3181818181818182
 40
0.3409090909090909
 40
0.3409090909090909
 40
0.3409090909090909
 40
0.3636363636363636
 40
0.3636363636363636
 40
0.3636363636363636
 40
0.3863636363636364
 40
0.3863636363636364
 40
0.3863636363636364
 40
0.4090909090909091
 40
0.4090909090909091
 40
0.4090909090909091
 40
0.4318181818181818
 40
0.4318181818181818
 40
0.4318181818181818
 40
0.4545454545454546
 40
0.4545454545454546
 40
0.4545454545454546
 40
0.4772727272727273
 40
0.4772727272727273
 40
0.4772727272727273
 40
0.5
 40
0.5
 40
0.5
 40
0.5227272727272727
 40
0.5227272727272727
 40
0.5227272727272727
 40
0.5454545454545454
 40
0.5454545454545454
 40
0.5454545454545454
 40
0.5681818181818182
 40
0.5681818181818182
 40
0.5681818181818182
 40
0.5909090909090909
 40
0.5909090909090909
 40
0.5909090909090909
 40
0.6136363636363636
 40
0.6136363636363636
 40
0.6136363636363636
 40
0.6363636363636364
 40
0.6363636363636364
 40
0.6363636363636364
 40
0.6590909090909091
 40
0.6590909090909091
 40
0.6590909090909091
 40
0.6818181818181819
 40
0.6818181818181819
 40
0.6818181818181819
 40
0.7045454545454546
 40
0.7045454545454546
 40
0.7045454545454546
 40
0.7272727272727273
 40
0.7272727272727273
 40
0.7272727272727273
 40
0.75
 40
0.75
 40
0.75
 40
0.7727272727272727
 40
0.7727272727272727
 40
0.7727272727272727
 40
0.7954545454545455
 40
0.7954545454545455
 40
0.7954545454545455
 40
0.8181818181818182
 40
0.8181818181818182
 40
0.8181818181818182
 40
0.8409090909090909
 40
0.8409090909090909
 40
0.8409090909090909
 40
0.8636363636363636
 40
0.8636363636363636
 40
0.8636363636363636
 40
0.8863636363636364
 40
0.8863636363636364
 40
0.8863636363636364
 40
0.9090909090909092
 40
0.9090909090909092
 40
0.9090909090909092
 40
0.9318181818181819
 40
0.9318181818181819
 40
0.9318181818181819
 40
0.9545454545454546
 40
0.9545454545454546
 40
0.9545454545454546
 40
0.9772727272727273
 40
0.9772727272727273
 40
0.9772727272727273
 40
1.0
 40
1.0
 40
1.0
 40
1.0
 10
4.68966
 20
2.51098
 30
0.0
 10
4.68966
 20
2.51098
 30
0.0
 10
4.65791
 20
2.50745
 30
0.0
 10
4.65791
 20
2.50745
 30
0.0
 10
4.65791
 20
2.50745
 30
0.0
 10
4.62616
 20
2.50393
 30
0.0
 10
4.62616
 20
2.50393
 30
0.0
 10
4.62616
 20
2.50393
 30
0.0
 10
4.59441
 20
2.48982
 30
0.0
 10
4.59441
 20
2.48982
 30
0.0
 10
4.59441
 20
2.48982
 30
0.0
 10
4.56619
 20
2.4757
 30
0.0
 10
4.56619
 20
2.4757
 30
0.0
 10
4.56619
 20
2.4757
 30
0.0
 10
4.54149
 20
2.45806
 30
0.0
 10
4.54149
 20
2.45806
 30
0.0
 10
4.54149
 20
2.45806
 30
0.0
 10
4.5168
 20
2.43337
 30
0.0
 10
4.5168
 20
2.43337
 30
0.0
 10
4.5168
 20
2.43337
 30
0.0
 10
4.49916
 20
2.40868
 30
0.0
 10
4.49916
 20
2.40868
 30
0.0
 10
4.49916
 20
2.40868
 30
0.0
 10
4.48505
 20
2.38045
 30
0.0
 10
4.48505
 20
2.38045
 30
0.0
 10
4.48505
 20
2.38045
 30
0.0
 10
4.47094
 20
2.3487
 30
0.0
 10
4.47094
 20
2.3487
 30
0.0
 10
4.47094
 20
2.3487
 30
0.0
 10
4.46388
 20
2.31695
 30
0.0
 10
4.46388
 20
2.31695
 30
0.0
 10
4.46388
 20
2.31695
 30
0.0
 10
4.46388
 20
2.2852
 30
0.0
 10
4.46388
 20
2.2852
 30
0.0
 10
4.46388
 20
2.2852
 30
0.0
 10
4.46388
 20
2.25345
 30
0.0
 10
4.46388
 20
2.25345
 30
0.0
 10
4.46388
 20
2.25345
 30
0.0
 10
4.47094
 20
2.2217
 30
0.0
 10
4.47094
 20
2.2217
 30
0.0
 10
4.47094
 20
2.2217
 30
0.0
 10
4.48505
 20
2.19348
 30
0.0
 10
4.48505
 20
2.19348
 30
0.0
 10
4.48505
 20
2.19348
 30
0.0
 10
4.49916
 20
2.16526
 30
0.0
 10
4.49916
 20
2.16526
 30
0.0
 10
4.49916
 20
2.16526
 30
0.0
 10
4.5168
 20
2.14056
 30
0.0
 10
4.5168
 20
2.14056
 30
0.0
 10
4.5168
 20
2.14056
 30
0.0
 10
4.54149
 20
2.11587
 30
0.0
 10
4.54149
 20
2.11587
 30
0.0
 10
4.54149
 20
2.11587
 30
0.0
 10
4.56619
 20
2.09823
 30
0.0
 10
4.56619
 20
2.09823
 30
0.0
 10
4.56619
 20
2.09823
 30
0.0
 10
4.59441
 20
2.08059
 30
0.0
 10
4.59441
 20
2.08059
 30
0.0
 10
4.59441
 20
2.08059
 30
0.0
 10
4.62616
 20
2.07001
 30
0.0
 10
4.62616
 20
2.07001
 30
0.0
 10
4.62616
 20
2.07001
 30
0.0
 10
4.65791
 20
2.06295
 30
0.0
 10
4.65791
 20
2.06295
 30
0.0
 10
4.65791
 20
2.06295
 30
0.0
 10
4.68966
 20
2.06295
 30
0.0
 10
4.68966
 20
2.06295
 30
0.0
 10
4.68966
 20
2.06295
 30
0.0
 10
4.72141
 20
2.06295
 30
0.0
 10
4.72141
 20
2.06295
 30
0.0
 10
4.72141
 20
2.06295
 30
0.0
 10
4.75316
 20
2.07001
 30
0.0
 10
4.75316
 20
2.07001
 30
0.0
 10
4.75316
 20
2.07001
 30
0.0
 10
4.78138
 20
2.08059
 30
0.0
 10
4.78138
 20
2.08059
 30
0.0
 10
4.78138
 20
2.08059
 30
0.0
 10
4.8096
 20
2.09823
 30
0.0
 10
4.8096
 20
2.09823
 30
0.0
 10
4.8096
 20
2.09823
 30
0.0
 10
4.8343
 20
2.11587
 30
0.0
 10
4.8343
 20
2.11587
 30
0.0
 10
4.8343
 20
2.11587
 30
0.0
 10
4.85899
 20
2.14056
 30
0.0
 10
4.85899
 20
2.14056
 30
0.0
 10
4.85899
 20
2.14056
 30
0.0
 10
4.87663
 20
2.16526
 30
0.0
 10
4.87663
 20
2.16526
 30
0.0
 10
4.87663
 20
2.16526
 30
0.0
 10
4.89427
 20
2.19348
 30
0.0
 10
4.89427
 20
2.19348
 30
0.0
 10
4.89427
 20
2.19348
 30
0.0
 10
4.90485
 20
2.2217
 30
0.0
 10
4.90485
 20
2.2217
 30
0.0
 10
4.90485
 20
2.2217
 30
0.0
 10
4.91191
 20
2.25345
 30
0.0
 10
4.91191
 20
2.25345
 30
0.0
 10
4.91191
 20
2.25345
 30
0.0
 10
4.91191
 20
2.2852
 30
0.0
 10
4.91191
 20
2.2852
 30
0.0
 10
4.91191
 20
2.2852
 30
0.0
 10
4.91191
 20
2.31695
 30
0.0
 10
4.91191
 20
2.31695
 30
0.0
 10
4.91191
 20
2.31695
 30
0.0
 10
4.90485
 20
2.3487
 30
0.0
 10
4.90485
 20
2.3487
 30
0.0
 10
4.90485
 20
2.3487
 30
0.0
 10
4.89427
 20
2.38045
 30
0.0
 10
4.89427
 20
2.38045
 30
0.0
 10
4.89427
 20
2.38045
 30
0.0
 10
4.87663
 20
2.40868
 30
0.0
 10
4.87663
 20
2.40868
 30
0.0
 10
4.87663
 20
2.40868
 30
0.0
 10
4.85899
 20
2.43337
 30
0.0
 10
4.85899
 20
2.43337
 30
0.0
 10
4.85899
 20
2.43337
 30
0.0
 10
4.8343
 20
2.45806
 30
0.0
 10
4.8343
 20
2.45806
 30
0.0
 10
4.8343
 20
2.45806
 30
0.0
 10
4.8096
 20
2.4757
 30
0.0
 10
4.8096
 20
2.4757
 30
0.0
 10
4.8096
 20
2.4757
 30
0.0
 10
4.78138
 20
2.48982
 30
0.0
 10
4.78138
 20
2.48982
 30
0.0
 10
4.78138
 20
2.48982
 30
0.0
 10
4.75316
 20
2.50393
 30
0.0
 10
4.75316
 20
2.50393
 30
0.0
 10
4.75316
 20
2.50393
 30
0.0
 10
4.72141
 20
2.50745
 30
0.0
 10
4.72141
 20
2.50745
 30
0.0
 10
4.72141
 20
2.50745
 30
0.0
 10
4.68966
 20
2.51098
 30
0.0
 10
4.68966
 20
2.51098
 30
0.0
  0
SPLINE
  5
231
330
1F
100
AcDbEntity
  8
Camada 1
 62
   251
370
     9
100
AcDbSpline
210
0.0
220
0.0
230
1.0
 70
    24
 71
     3
 72
     8
 73
     4
 74
     0
 42
0.0000000001
 43
0.0000000001
 40
0.0
 40
0.0
 40
0.0
 40
0.0
 40
1.0
 40
1.0
 40
1.0
 40
1.0
 10
3.39849
 20
-1.14027
 30
0.0
 10
3.39849
 20
-1.14027
 30
0.0
 10
3.39849
 20
-3.35924
 30
0.0
 10
3.39849
 20
-3.35924
 30
0.0
  0
SPLINE
  5
232
330
1F
100
AcDbEntity
  8
Camada 1
 62
   251
370
     9
100
AcDbSpline
210
0.0
220
0.0
230
1.0
 70
    24
 71
     3
 72
    14
 73
    10
 74
     0
 42
0.0000000001
 43
0.0000000001
 40
0.0
 40
0.0
 40
0.0
 40
0.0
 40
0.3333333333333333
 40
0.3333333333333333
 40
0.3333333333333333
 40
0.6666666666666666
 40
0.6666666666666666
 40
0.6666666666666666
 40
1.0
 40
1.0
 40
1.0
 40
1.0
 10
3.39849
 20
-3.35924
 30
0.0
 10
3.39849
 20
-3.35924
 30
0.0
 10
3.39496
 20
-3.35924
 30
0.0
 10
3.39496
 20
-3.35924
 30
0.0
 10
3.39496
 20
-3.35924
 30
0.0
 10
3.39144
 20
-3.35924
 30
0.0
 10
3.39144
 20
-3.35924
 30
0.0
 10
3.39144
 20
-3.35924
 30
0.0
 10
3.38791
 20
-3.35924
 30
0.0
 10
3.38791
 20
-3.35924
 30
0.0
  0
SPLINE
  5
233
330
1F
100
AcDbEntity
  8
Camada 1
 62
   251
370
     9
100
AcDbSpline
210
0.0
220
0.0
230
1.0
 70
    24
 71
     3
 72
     8
 73
     4
 74
     0
 42
0.0000000001
 43
0.0000000001
 40
0.0
 40
0.0
 40
0.0
 40
0.0
 40
1.0
 40
1.0
 40
1.0
 40
1.0
 10
3.38791
 20
-3.35924
 30
0.0
 10
3.38791
 20
-3.35924
 30
0.0
 10
3.38791
 20
-1.14027
 30
0.0
 10
3.38791
 20
-1.14027
 30
0.0
  0
SPLINE
  5
234
330
1F
100
AcDbEntity
  8
Camada 1
 62
   251
370
     9
100
AcDbSpline
210
0.0
220
0.0
230
1.0
 70
    24
 71
     3
 72
    14
 73
    10
 74
     0
 42
0.0000000001
 43
0.0000000001
 40
0.0
 40
0.0
 40
0.0
 40
0.0
 40
0.3333333333333333
 40
0.3333333333333333
 40
0.3333333333333333
 40
0.6666666666666666
 40
0.6666666666666666
 40
0.6666666666666666
 40
1.0
 40
1.0
 40
1.0
 40
1.0
 10
3.39849
 20
-1.14027
 30
0.0
 10
3.39849
 20
-1.14027
 30
0.0
 10
3.39496
 20
-1.14027
 30
0.0
 10
3.39496
 20
-1.14027
 30
0.0
 10
3.39496
 20
-1.14027
 30
0.0
 10
3.39144
 20
-1.14027
 30
0.0
 10
3.39144
 20
-1.14027
 30
0.0
 10
3.39144
 20
-1.14027
 30
0.0
 10
3.38791
 20
-1.14027
 30
0.0
 10
3.38791
 20
-1.14027
 30
0.0
  0
SPLINE
  5
235
330
1F
100
AcDbEntity
  8
Camada 1
 62
   251
370
     9
100
AcDbSpline
210
0.0
220
0.0
230
1.0
 70
    24
 71
     3
 72
     8
 73
     4
 74
     0
 42
0.0000000001
 43
0.0000000001
 40
0.0
 40
0.0
 40
0.0
 40
0.0
 40
1.0
 40
1.0
 40
1.0
 40
1.0
 10
7.88935
 20
-1.14027
 30
0.0
 10
7.88935
 20
-1.14027
 30
0.0
 10
7.88935
 20
-3.35924
 30
0.0
 10
7.88935
 20
-3.35924
 30
0.0
  0
SPLINE
  5
236
330
1F
100
AcDbEntity
  8
Camada 1
 62
   251
370
     9
100
AcDbSpline
210
0.0
220
0.0
230
1.0
 70
    24
 71
     3
 72
    17
 73
    13
 74
     0
 42
0.0000000001
 43
0.0000000001
 40
0.0
 40
0.0
 40
0.0
 40
0.0
 40
0.25
 40
0.25
 40
0.25
 40
0.5
 40
0.5
 40
0.5
 40
0.75
 40
0.75
 40
0.75
 40
1.0
 40
1.0
 40
1.0
 40
1.0
 10
7.88935
 20
-3.35924
 30
0.0
 10
7.88935
 20
-3.35924
 30
0.0
 10
7.88935
 20
-3.35924
 30
0.0
 10
7.88935
 20
-3.35924
 30
0.0
 10
7.88935
 20
-3.35924
 30
0.0
 10
7.88583
 20
-3.35924
 30
0.0
 10
7.88583
 20
-3.35924
 30
0.0
 10
7.88583
 20
-3.35924
 30
0.0
 10
7.8823
 20
-3.35924
 30
0.0
 10
7.8823
 20
-3.35924
 30
0.0
 10
7.8823
 20
-3.35924
 30
0.0
 10
7.87877
 20
-3.35924
 30
0.0
 10
7.87877
 20
-3.35924
 30
0.0
  0
SPLINE
  5
237
330
1F
100
AcDbEntity
  8
Camada 1
 62
   251
370
     9
100
AcDbSpline
210
0.0
220
0.0
230
1.0
 70
    24
 71
     3
 72
     8
 73
     4
 74
     0
 42
0.0000000001
 43
0.0000000001
 40
0.0
 40
0.0
 40
0.0
 40
0.0
 40
1.0
 40
1.0
 40
1.0
 40
1.0
 10
7.87877
 20
-3.35924
 30
0.0
 10
7.87877
 20
-3.35924
 30
0.0
 10
7.87877
 20
-1.14027
 30
0.0
 10
7.87877
 20
-1.14027
 30
0.0
  0
SPLINE
  5
238
330
1F
100
AcDbEntity
  8
Camada 1
 62
   251
370
     9
100
AcDbSpline
210
0.0
220
0.0
230
1.0
 70
    24
 71
     3
 72
    17
 73
    13
 74
     0
 42
0.0000000001
 43
0.0000000001
 40
0.0
 40
0.0
 40
0.0
 40
0.0
 40
0.25
 40
0.25
 40
0.25
 40
0.5
 40
0.5
 40
0.5
 40
0.75
 40
0.75
 40
0.75
 40
1.0
 40
1.0
 40
1.0
 40
1.0
 10
7.88935
 20
-1.14027
 30
0.0
 10
7.88935
 20
-1.14027
 30
0.0
 10
7.88935
 20
-1.14027
 30
0.0
 10
7.88935
 20
-1.14027
 30
0.0
 10
7.88935
 20
-1.14027
 30
0.0
 10
7.88583
 20
-1.14027
 30
0.0
 10
7.88583
 20
-1.14027
 30
0.0
 10
7.88583
 20
-1.14027
 30
0.0
 10
7.8823
 20
-1.14027
 30
0.0
 10
7.8823
 20
-1.14027
 30
0.0
 10
7.8823
 20
-1.14027
 30
0.0
 10
7.87877
 20
-1.14027
 30
0.0
 10
7.87877
 20
-1.14027
 30
0.0
  0
SPLINE
  5
239
330
1F
100
AcDbEntity
  8
Camada 1
 62
   251
370
     9
100
AcDbSpline
210
0.0
220
0.0
230
1.0
 70
     8
 71
     3
 72
    14
 73
    10
 74
     0
 42
0.0000000001
 43
0.0000000001
 40
0.0
 40
0.0
 40
0.0
 40
0.0
 40
0.3333333333333333
 40
0.3333333333333333
 40
0.3333333333333333
 40
0.6666666666666666
 40
0.6666666666666666
 40
0.6666666666666666
 40
1.0
 40
1.0
 40
1.0
 40
1.0
 10
3.39849
 20
-3.35924
 30
0.0
 10
3.39849
 20
-3.35924
 30
0.0
 10
3.39849
 20
-3.36277
 30
0.0
 10
3.39849
 20
-3.36277
 30
0.0
 10
3.39849
 20
-3.36277
 30
0.0
 10
3.40202
 20
-3.36277
 30
0.0
 10
3.40202
 20
-3.36277
 30
0.0
 10
3.40202
 20
-3.36277
 30
0.0
 10
3.40202
 20
-3.36629
 30
0.0
 10
3.40202
 20
-3.36629
 30
0.0
  0
SPLINE
  5
23A
330
1F
100
AcDbEntity
  8
Camada 1
 62
   251
370
     9
100
AcDbSpline
210
0.0
220
0.0
230
1.0
 70
    24
 71
     3
 72
    17
 73
    13
 74
     0
 42
0.0000000001
 43
0.0000000001
 40
0.0
 40
0.0
 40
0.0
 40
0.0
 40
0.25
 40
0.25
 40
0.25
 40
0.5
 40
0.5
 40
0.5
 40
0.75
 40
0.75
 40
0.75
 40
1.0
 40
1.0
 40
1.0
 40
1.0
 10
3.40202
 20
-3.36629
 30
0.0
 10
3.40202
 20
-3.36629
 30
0.0
 10
3.40202
 20
-3.36629
 30
0.0
 10
3.40202
 20
-3.36629
 30
0.0
 10
3.40202
 20
-3.36629
 30
0.0
 10
3.40202
 20
-3.36982
 30
0.0
 10
3.40202
 20
-3.36982
 30
0.0
 10
3.40202
 20
-3.36982
 30
0.0
 10
3.40202
 20
-3.37335
 30
0.0
 10
3.40202
 20
-3.37335
 30
0.0
 10
3.40202
 20
-3.37335
 30
0.0
 10
3.40202
 20
-3.37688
 30
0.0
 10
3.40202
 20
-3.37688
 30
0.0
  0
SPLINE
  5
23B
330
1F
100
AcDbEntity
  8
Camada 1
 62
   251
370
     9
100
AcDbSpline
210
0.0
220
0.0
230
1.0
 70
     8
 71
     3
 72
    26
 73
    22
 74
     0
 42
0.0000000001
 43
0.0000000001
 40
0.0
 40
0.0
 40
0.0
 40
0.0
 40
0.1428571428571428
 40
0.1428571428571428
 40
0.1428571428571428
 40
0.2857142857142857
 40
0.2857142857142857
 40
0.2857142857142857
 40
0.4285714285714285
 40
0.4285714285714285
 40
0.4285714285714285
 40
0.5714285714285714
 40
0.5714285714285714
 40
0.5714285714285714
 40
0.7142857142857142
 40
0.7142857142857142
 40
0.7142857142857142
 40
0.8571428571428571
 40
0.8571428571428571
 40
0.8571428571428571
 40
1.0
 40
1.0
 40
1.0
 40
1.0
 10
3.40202
 20
-3.37688
 30
0.0
 10
3.40202
 20
-3.37688
 30
0.0
 10
3.40202
 20
-3.37335
 30
0.0
 10
3.40202
 20
-3.37335
 30
0.0
 10
3.40202
 20
-3.37335
 30
0.0
 10
3.39849
 20
-3.37335
 30
0.0
 10
3.39849
 20
-3.37335
 30
0.0
 10
3.39849
 20
-3.37335
 30
0.0
 10
3.39496
 20
-3.37335
 30
0.0
 10
3.39496
 20
-3.37335
 30
0.0
 10
3.39496
 20
-3.37335
 30
0.0
 10
3.39144
 20
-3.36982
 30
0.0
 10
3.39144
 20
-3.36982
 30
0.0
 10
3.39144
 20
-3.36982
 30
0.0
 10
3.38791
 20
-3.36629
 30
0.0
 10
3.38791
 20
-3.36629
 30
0.0
 10
3.38791
 20
-3.36629
 30
0.0
 10
3.38791
 20
-3.36277
 30
0.0
 10
3.38791
 20
-3.36277
 30
0.0
 10
3.38791
 20
-3.36277
 30
0.0
 10
3.38791
 20
-3.35924
 30
0.0
 10
3.38791
 20
-3.35924
 30
0.0
  0
SPLINE
  5
23C
330
1F
100
AcDbEntity
  8
Camada 1
 62
   251
370
     9
100
AcDbSpline
210
0.0
220
0.0
230
1.0
 70
     8
 71
     3
 72
    29
 73
    25
 74
     0
 42
0.0000000001
 43
0.0000000001
 40
0.0
 40
0.0
 40
0.0
 40
0.0
 40
0.125
 40
0.125
 40
0.125
 40
0.25
 40
0.25
 40
0.25
 40
0.375
 40
0.375
 40
0.375
 40
0.5
 40
0.5
 40
0.5
 40
0.625
 40
0.625
 40
0.625
 40
0.75
 40
0.75
 40
0.75
 40
0.875
 40
0.875
 40
0.875
 40
1.0
 40
1.0
 40
1.0
 40
1.0
 10
7.88935
 20
-3.35924
 30
0.0
 10
7.88935
 20
-3.35924
 30
0.0
 10
7.88935
 20
-3.36277
 30
0.0
 10
7.88935
 20
-3.36277
 30
0.0
 10
7.88935
 20
-3.36277
 30
0.0
 10
7.88583
 20
-3.36629
 30
0.0
 10
7.88583
 20
-3.36629
 30
0.0
 10
7.88583
 20
-3.36629
 30
0.0
 10
7.88583
 20
-3.36982
 30
0.0
 10
7.88583
 20
-3.36982
 30
0.0
 10
7.88583
 20
-3.36982
 30
0.0
 10
7.8823
 20
-3.36982
 30
0.0
 10
7.8823
 20
-3.36982
 30
0.0
 10
7.8823
 20
-3.36982
 30
0.0
 10
7.8823
 20
-3.37335
 30
0.0
 10
7.8823
 20
-3.37335
 30
0.0
 10
7.8823
 20
-3.37335
 30
0.0
 10
7.87877
 20
-3.37335
 30
0.0
 10
7.87877
 20
-3.37335
 30
0.0
 10
7.87877
 20
-3.37335
 30
0.0
 10
7.87524
 20
-3.37335
 30
0.0
 10
7.87524
 20
-3.37335
 30
0.0
 10
7.87524
 20
-3.37335
 30
0.0
 10
7.87171
 20
-3.37688
 30
0.0
 10
7.87171
 20
-3.37688
 30
0.0
  0
SPLINE
  5
23D
330
1F
100
AcDbEntity
  8
Camada 1
 62
   251
370
     9
100
AcDbSpline
210
0.0
220
0.0
230
1.0
 70
    24
 71
     3
 72
    14
 73
    10
 74
     0
 42
0.0000000001
 43
0.0000000001
 40
0.0
 40
0.0
 40
0.0
 40
0.0
 40
0.3333333333333333
 40
0.3333333333333333
 40
0.3333333333333333
 40
0.6666666666666666
 40
0.6666666666666666
 40
0.6666666666666666
 40
1.0
 40
1.0
 40
1.0
 40
1.0
 10
7.87171
 20
-3.37688
 30
0.0
 10
7.87171
 20
-3.37688
 30
0.0
 10
7.87171
 20
-3.37335
 30
0.0
 10
7.87171
 20
-3.37335
 30
0.0
 10
7.87171
 20
-3.37335
 30
0.0
 10
7.87171
 20
-3.36982
 30
0.0
 10
7.87171
 20
-3.36982
 30
0.0
 10
7.87171
 20
-3.36982
 30
0.0
 10
7.87171
 20
-3.36629
 30
0.0
 10
7.87171
 20
-3.36629
 30
0.0
  0
SPLINE
  5
23E
330
1F
100
AcDbEntity
  8
Camada 1
 62
   251
370
     9
100
AcDbSpline
210
0.0
220
0.0
230
1.0
 70
     8
 71
     3
 72
    17
 73
    13
 74
     0
 42
0.0000000001
 43
0.0000000001
 40
0.0
 40
0.0
 40
0.0
 40
0.0
 40
0.25
 40
0.25
 40
0.25
 40
0.5
 40
0.5
 40
0.5
 40
0.75
 40
0.75
 40
0.75
 40
1.0
 40
1.0
 40
1.0
 40
1.0
 10
7.87171
 20
-3.36629
 30
0.0
 10
7.87171
 20
-3.36629
 30
0.0
 10
7.87524
 20
-3.36629
 30
0.0
 10
7.87524
 20
-3.36629
 30
0.0
 10
7.87524
 20
-3.36629
 30
0.0
 10
7.87524
 20
-3.36277
 30
0.0
 10
7.87524
 20
-3.36277
 30
0.0
 10
7.87524
 20
-3.36277
 30
0.0
 10
7.87877
 20
-3.36277
 30
0.0
 10
7.87877
 20
-3.36277
 30
0.0
 10
7.87877
 20
-3.36277
 30
0.0
 10
7.87877
 20
-3.35924
 30
0.0
 10
7.87877
 20
-3.35924
 30
0.0
  0
SPLINE
  5
23F
330
1F
100
AcDbEntity
  8
Camada 1
 62
   251
370
     9
100
AcDbSpline
210
0.0
220
0.0
230
1.0
 70
    24
 71
     3
 72
     8
 73
     4
 74
     0
 42
0.0000000001
 43
0.0000000001
 40
0.0
 40
0.0
 40
0.0
 40
0.0
 40
1.0
 40
1.0
 40
1.0
 40
1.0
 10
3.40202
 20
-3.36629
 30
0.0
 10
3.40202
 20
-3.36629
 30
0.0
 10
7.87171
 20
-3.36629
 30
0.0
 10
7.87171
 20
-3.36629
 30
0.0
  0
SPLINE
  5
240
330
1F
100
AcDbEntity
  8
Camada 1
 62
   251
370
     9
100
AcDbSpline
210
0.0
220
0.0
230
1.0
 70
    24
 71
     3
 72
     8
 73
     4
 74
     0
 42
0.0000000001
 43
0.0000000001
 40
0.0
 40
0.0
 40
0.0
 40
0.0
 40
1.0
 40
1.0
 40
1.0
 40
1.0
 10
7.87171
 20
-3.37688
 30
0.0
 10
7.87171
 20
-3.37688
 30
0.0
 10
3.40202
 20
-3.37688
 30
0.0
 10
3.40202
 20
-3.37688
 30
0.0
  0
SPLINE
  5
241
330
1F
100
AcDbEntity
  8
Camada 1
 62
   251
370
     9
100
AcDbSpline
210
0.0
220
0.0
230
1.0
 70
    24
 71
     3
 72
     8
 73
     4
 74
     0
 42
0.0000000001
 43
0.0000000001
 40
0.0
 40
0.0
 40
0.0
 40
0.0
 40
1.0
 40
1.0
 40
1.0
 40
1.0
 10
7.87171
 20
-1.13674
 30
0.0
 10
7.87171
 20
-1.13674
 30
0.0
 10
3.40202
 20
-1.13674
 30
0.0
 10
3.40202
 20
-1.13674
 30
0.0
  0
SPLINE
  5
242
330
1F
100
AcDbEntity
  8
Camada 1
 62
   251
370
     9
100
AcDbSpline
210
0.0
220
0.0
230
1.0
 70
    24
 71
     3
 72
    14
 73
    10
 74
     0
 42
0.0000000001
 43
0.0000000001
 40
0.0
 40
0.0
 40
0.0
 40
0.0
 40
0.3333333333333333
 40
0.3333333333333333
 40
0.3333333333333333
 40
0.6666666666666666
 40
0.6666666666666666
 40
0.6666666666666666
 40
1.0
 40
1.0
 40
1.0
 40
1.0
 10
3.40202
 20
-1.13674
 30
0.0
 10
3.40202
 20
-1.13674
 30
0.0
 10
3.40202
 20
-1.13321
 30
0.0
 10
3.40202
 20
-1.13321
 30
0.0
 10
3.40202
 20
-1.13321
 30
0.0
 10
3.40202
 20
-1.12968
 30
0.0
 10
3.40202
 20
-1.12968
 30
0.0
 10
3.40202
 20
-1.12968
 30
0.0
 10
3.40202
 20
-1.12615
 30
0.0
 10
3.40202
 20
-1.12615
 30
0.0
  0
SPLINE
  5
243
330
1F
100
AcDbEntity
  8
Camada 1
 62
   251
370
     9
100
AcDbSpline
210
0.0
220
0.0
230
1.0
 70
    24
 71
     3
 72
     8
 73
     4
 74
     0
 42
0.0000000001
 43
0.0000000001
 40
0.0
 40
0.0
 40
0.0
 40
0.0
 40
1.0
 40
1.0
 40
1.0
 40
1.0
 10
3.40202
 20
-1.12615
 30
0.0
 10
3.40202
 20
-1.12615
 30
0.0
 10
7.87171
 20
-1.12615
 30
0.0
 10
7.87171
 20
-1.12615
 30
0.0
  0
SPLINE
  5
244
330
1F
100
AcDbEntity
  8
Camada 1
 62
   251
370
     9
100
AcDbSpline
210
0.0
220
0.0
230
1.0
 70
    24
 71
     3
 72
    17
 73
    13
 74
     0
 42
0.0000000001
 43
0.0000000001
 40
0.0
 40
0.0
 40
0.0
 40
0.0
 40
0.25
 40
0.25
 40
0.25
 40
0.5
 40
0.5
 40
0.5
 40
0.75
 40
0.75
 40
0.75
 40
1.0
 40
1.0
 40
1.0
 40
1.0
 10
7.87171
 20
-1.12615
 30
0.0
 10
7.87171
 20
-1.12615
 30
0.0
 10
7.87171
 20
-1.12615
 30
0.0
 10
7.87171
 20
-1.12615
 30
0.0
 10
7.87171
 20
-1.12615
 30
0.0
 10
7.87171
 20
-1.12968
 30
0.0
 10
7.87171
 20
-1.12968
 30
0.0
 10
7.87171
 20
-1.12968
 30
0.0
 10
7.87171
 20
-1.13321
 30
0.0
 10
7.87171
 20
-1.13321
 30
0.0
 10
7.87171
 20
-1.13321
 30
0.0
 10
7.87171
 20
-1.13674
 30
0.0
 10
7.87171
 20
-1.13674
 30
0.0
  0
SPLINE
  5
245
330
1F
100
AcDbEntity
  8
Camada 1
 62
   251
370
     9
100
AcDbSpline
210
0.0
220
0.0
230
1.0
 70
     8
 71
     3
 72
    14
 73
    10
 74
     0
 42
0.0000000001
 43
0.0000000001
 40
0.0
 40
0.0
 40
0.0
 40
0.0
 40
0.3333333333333333
 40
0.3333333333333333
 40
0.3333333333333333
 40
0.6666666666666666
 40
0.6666666666666666
 40
0.6666666666666666
 40
1.0
 40
1.0
 40
1.0
 40
1.0
 10
3.40202
 20
-1.13674
 30
0.0
 10
3.40202
 20
-1.13674
 30
0.0
 10
3.40202
 20
-1.13674
 30
0.0
 10
3.40202
 20
-1.13674
 30
0.0
 10
3.40202
 20
-1.13674
 30
0.0
 10
3.39849
 20
-1.13674
 30
0.0
 10
3.39849
 20
-1.13674
 30
0.0
 10
3.39849
 20
-1.13674
 30
0.0
 10
3.39849
 20
-1.14027
 30
0.0
 10
3.39849
 20
-1.14027
 30
0.0
  0
SPLINE
  5
246
330
1F
100
AcDbEntity
  8
Camada 1
 62
   251
370
     9
100
AcDbSpline
210
0.0
220
0.0
230
1.0
 70
     8
 71
     3
 72
    26
 73
    22
 74
     0
 42
0.0000000001
 43
0.0000000001
 40
0.0
 40
0.0
 40
0.0
 40
0.0
 40
0.1428571428571428
 40
0.1428571428571428
 40
0.1428571428571428
 40
0.2857142857142857
 40
0.2857142857142857
 40
0.2857142857142857
 40
0.4285714285714285
 40
0.4285714285714285
 40
0.4285714285714285
 40
0.5714285714285714
 40
0.5714285714285714
 40
0.5714285714285714
 40
0.7142857142857142
 40
0.7142857142857142
 40
0.7142857142857142
 40
0.8571428571428571
 40
0.8571428571428571
 40
0.8571428571428571
 40
1.0
 40
1.0
 40
1.0
 40
1.0
 10
3.38791
 20
-1.14027
 30
0.0
 10
3.38791
 20
-1.14027
 30
0.0
 10
3.38791
 20
-1.13674
 30
0.0
 10
3.38791
 20
-1.13674
 30
0.0
 10
3.38791
 20
-1.13674
 30
0.0
 10
3.38791
 20
-1.13321
 30
0.0
 10
3.38791
 20
-1.13321
 30
0.0
 10
3.38791
 20
-1.13321
 30
0.0
 10
3.39144
 20
-1.13321
 30
0.0
 10
3.39144
 20
-1.13321
 30
0.0
 10
3.39144
 20
-1.13321
 30
0.0
 10
3.39144
 20
-1.12968
 30
0.0
 10
3.39144
 20
-1.12968
 30
0.0
 10
3.39144
 20
-1.12968
 30
0.0
 10
3.39496
 20
-1.12968
 30
0.0
 10
3.39496
 20
-1.12968
 30
0.0
 10
3.39496
 20
-1.12968
 30
0.0
 10
3.39849
 20
-1.12615
 30
0.0
 10
3.39849
 20
-1.12615
 30
0.0
 10
3.39849
 20
-1.12615
 30
0.0
 10
3.40202
 20
-1.12615
 30
0.0
 10
3.40202
 20
-1.12615
 30
0.0
  0
SPLINE
  5
247
330
1F
100
AcDbEntity
  8
Camada 1
 62
   251
370
     9
100
AcDbSpline
210
0.0
220
0.0
230
1.0
 70
     8
 71
     3
 72
    23
 73
    19
 74
     0
 42
0.0000000001
 43
0.0000000001
 40
0.0
 40
0.0
 40
0.0
 40
0.0
 40
0.1666666666666667
 40
0.1666666666666667
 40
0.1666666666666667
 40
0.3333333333333333
 40
0.3333333333333333
 40
0.3333333333333333
 40
0.5
 40
0.5
 40
0.5
 40
0.6666666666666666
 40
0.6666666666666666
 40
0.6666666666666666
 40
0.8333333333333333
 40
0.8333333333333333
 40
0.8333333333333333
 40
1.0
 40
1.0
 40
1.0
 40
1.0
 10
7.87171
 20
-1.12615
 30
0.0
 10
7.87171
 20
-1.12615
 30
0.0
 10
7.87524
 20
-1.12615
 30
0.0
 10
7.87524
 20
-1.12615
 30
0.0
 10
7.87524
 20
-1.12615
 30
0.0
 10
7.87877
 20
-1.12615
 30
0.0
 10
7.87877
 20
-1.12615
 30
0.0
 10
7.87877
 20
-1.12615
 30
0.0
 10
7.8823
 20
-1.12968
 30
0.0
 10
7.8823
 20
-1.12968
 30
0.0
 10
7.8823
 20
-1.12968
 30
0.0
 10
7.88583
 20
-1.13321
 30
0.0
 10
7.88583
 20
-1.13321
 30
0.0
 10
7.88583
 20
-1.13321
 30
0.0
 10
7.88935
 20
-1.13674
 30
0.0
 10
7.88935
 20
-1.13674
 30
0.0
 10
7.88935
 20
-1.13674
 30
0.0
 10
7.88935
 20
-1.14027
 30
0.0
 10
7.88935
 20
-1.14027
 30
0.0
  0
SPLINE
  5
248
330
1F
100
AcDbEntity
  8
Camada 1
 62
   251
370
     9
100
AcDbSpline
210
0.0
220
0.0
230
1.0
 70
     8
 71
     3
 72
    17
 73
    13
 74
     0
 42
0.0000000001
 43
0.0000000001
 40
0.0
 40
0.0
 40
0.0
 40
0.0
 40
0.25
 40
0.25
 40
0.25
 40
0.5
 40
0.5
 40
0.5
 40
0.75
 40
0.75
 40
0.75
 40
1.0
 40
1.0
 40
1.0
 40
1.0
 10
7.87877
 20
-1.14027
 30
0.0
 10
7.87877
 20
-1.14027
 30
0.0
 10
7.87877
 20
-1.14027
 30
0.0
 10
7.87877
 20
-1.14027
 30
0.0
 10
7.87877
 20
-1.14027
 30
0.0
 10
7.87877
 20
-1.13674
 30
0.0
 10
7.87877
 20
-1.13674
 30
0.0
 10
7.87877
 20
-1.13674
 30
0.0
 10
7.87524
 20
-1.13674
 30
0.0
 10
7.87524
 20
-1.13674
 30
0.0
 10
7.87524
 20
-1.13674
 30
0.0
 10
7.87171
 20
-1.13674
 30
0.0
 10
7.87171
 20
-1.13674
 30
0.0
  0
SPLINE
  5
249
330
1F
100
AcDbEntity
  8
Camada 1
 62
   251
370
     9
100
AcDbSpline
210
0.0
220
0.0
230
1.0
 70
     8
 71
     3
 72
    29
 73
    25
 74
     0
 42
0.0000000001
 43
0.0000000001
 40
0.0
 40
0.0
 40
0.0
 40
0.0
 40
0.125
 40
0.125
 40
0.125
 40
0.25
 40
0.25
 40
0.25
 40
0.375
 40
0.375
 40
0.375
 40
0.5
 40
0.5
 40
0.5
 40
0.625
 40
0.625
 40
0.625
 40
0.75
 40
0.75
 40
0.75
 40
0.875
 40
0.875
 40
0.875
 40
1.0
 40
1.0
 40
1.0
 40
1.0
 10
4.55913
 20
-3.12993
 30
0.0
 10
4.55913
 20
-3.12993
 30
0.0
 10
4.56619
 20
-3.13699
 30
0.0
 10
4.56619
 20
-3.13699
 30
0.0
 10
4.56619
 20
-3.13699
 30
0.0
 10
4.57324
 20
-3.14404
 30
0.0
 10
4.57324
 20
-3.14404
 30
0.0
 10
4.57324
 20
-3.14404
 30
0.0
 10
4.58383
 20
-3.14757
 30
0.0
 10
4.58383
 20
-3.14757
 30
0.0
 10
4.58383
 20
-3.14757
 30
0.0
 10
4.59088
 20
-3.1511
 30
0.0
 10
4.59088
 20
-3.1511
 30
0.0
 10
4.59088
 20
-3.1511
 30
0.0
 10
4.60146
 20
-3.15463
 30
0.0
 10
4.60146
 20
-3.15463
 30
0.0
 10
4.60146
 20
-3.15463
 30
0.0
 10
4.60852
 20
-3.15815
 30
0.0
 10
4.60852
 20
-3.15815
 30
0.0
 10
4.60852
 20
-3.15815
 30
0.0
 10
4.6191
 20
-3.16168
 30
0.0
 10
4.6191
 20
-3.16168
 30
0.0
 10
4.6191
 20
-3.16168
 30
0.0
 10
4.62969
 20
-3.16168
 30
0.0
 10
4.62969
 20
-3.16168
 30
0.0
  0
SPLINE
  5
24A
330
1F
100
AcDbEntity
  8
Camada 1
 62
   251
370
     9
100
AcDbSpline
210
0.0
220
0.0
230
1.0
 70
    24
 71
     3
 72
     8
 73
     4
 74
     0
 42
0.0000000001
 43
0.0000000001
 40
0.0
 40
0.0
 40
0.0
 40
0.0
 40
1.0
 40
1.0
 40
1.0
 40
1.0
 10
4.62969
 20
-3.16168
 30
0.0
 10
4.62969
 20
-3.16168
 30
0.0
 10
6.64758
 20
-3.16168
 30
0.0
 10
6.64758
 20
-3.16168
 30
0.0
  0
SPLINE
  5
24B
330
1F
100
AcDbEntity
  8
Camada 1
 62
   251
370
     9
100
AcDbSpline
210
0.0
220
0.0
230
1.0
 70
     8
 71
     3
 72
    29
 73
    25
 74
     0
 42
0.0000000001
 43
0.0000000001
 40
0.0
 40
0.0
 40
0.0
 40
0.0
 40
0.125
 40
0.125
 40
0.125
 40
0.25
 40
0.25
 40
0.25
 40
0.375
 40
0.375
 40
0.375
 40
0.5
 40
0.5
 40
0.5
 40
0.625
 40
0.625
 40
0.625
 40
0.75
 40
0.75
 40
0.75
 40
0.875
 40
0.875
 40
0.875
 40
1.0
 40
1.0
 40
1.0
 40
1.0
 10
6.64758
 20
-3.16168
 30
0.0
 10
6.64758
 20
-3.16168
 30
0.0
 10
6.65816
 20
-3.16168
 30
0.0
 10
6.65816
 20
-3.16168
 30
0.0
 10
6.65816
 20
-3.16168
 30
0.0
 10
6.66521
 20
-3.15815
 30
0.0
 10
6.66521
 20
-3.15815
 30
0.0
 10
6.66521
 20
-3.15815
 30
0.0
 10
6.6758
 20
-3.15463
 30
0.0
 10
6.6758
 20
-3.15463
 30
0.0
 10
6.6758
 20
-3.15463
 30
0.0
 10
6.68638
 20
-3.1511
 30
0.0
 10
6.68638
 20
-3.1511
 30
0.0
 10
6.68638
 20
-3.1511
 30
0.0
 10
6.69344
 20
-3.14757
 30
0.0
 10
6.69344
 20
-3.14757
 30
0.0
 10
6.69344
 20
-3.14757
 30
0.0
 10
6.70402
 20
-3.14404
 30
0.0
 10
6.70402
 20
-3.14404
 30
0.0
 10
6.70402
 20
-3.14404
 30
0.0
 10
6.71108
 20
-3.13699
 30
0.0
 10
6.71108
 20
-3.13699
 30
0.0
 10
6.71108
 20
-3.13699
 30
0.0
 10
6.71813
 20
-3.12993
 30
0.0
 10
6.71813
 20
-3.12993
 30
0.0
  0
SPLINE
  5
24C
330
1F
100
AcDbEntity
  8
Camada 1
 62
   251
370
     9
100
AcDbSpline
210
0.0
220
0.0
230
1.0
 70
    24
 71
     3
 72
     8
 73
     4
 74
     0
 42
0.0000000001
 43
0.0000000001
 40
0.0
 40
0.0
 40
0.0
 40
0.0
 40
1.0
 40
1.0
 40
1.0
 40
1.0
 10
6.71813
 20
-3.12993
 30
0.0
 10
6.71813
 20
-3.12993
 30
0.0
 10
7.52599
 20
-2.32207
 30
0.0
 10
7.52599
 20
-2.32207
 30
0.0
  0
SPLINE
  5
24D
330
1F
100
AcDbEntity
  8
Camada 1
 62
   251
370
     9
100
AcDbSpline
210
0.0
220
0.0
230
1.0
 70
     8
 71
     3
 72
    29
 73
    25
 74
     0
 42
0.0000000001
 43
0.0000000001
 40
0.0
 40
0.0
 40
0.0
 40
0.0
 40
0.125
 40
0.125
 40
0.125
 40
0.25
 40
0.25
 40
0.25
 40
0.375
 40
0.375
 40
0.375
 40
0.5
 40
0.5
 40
0.5
 40
0.625
 40
0.625
 40
0.625
 40
0.75
 40
0.75
 40
0.75
 40
0.875
 40
0.875
 40
0.875
 40
1.0
 40
1.0
 40
1.0
 40
1.0
 10
7.52599
 20
-2.32207
 30
0.0
 10
7.52599
 20
-2.32207
 30
0.0
 10
7.5401
 20
-2.30443
 30
0.0
 10
7.5401
 20
-2.30443
 30
0.0
 10
7.5401
 20
-2.30443
 30
0.0
 10
7.55069
 20
-2.29032
 30
0.0
 10
7.55069
 20
-2.29032
 30
0.0
 10
7.55069
 20
-2.29032
 30
0.0
 10
7.55421
 20
-2.26916
 30
0.0
 10
7.55421
 20
-2.26916
 30
0.0
 10
7.55421
 20
-2.26916
 30
0.0
 10
7.55774
 20
-2.25152
 30
0.0
 10
7.55774
 20
-2.25152
 30
0.0
 10
7.55774
 20
-2.25152
 30
0.0
 10
7.55421
 20
-2.23035
 30
0.0
 10
7.55421
 20
-2.23035
 30
0.0
 10
7.55421
 20
-2.23035
 30
0.0
 10
7.55069
 20
-2.21271
 30
0.0
 10
7.55069
 20
-2.21271
 30
0.0
 10
7.55069
 20
-2.21271
 30
0.0
 10
7.5401
 20
-2.19507
 30
0.0
 10
7.5401
 20
-2.19507
 30
0.0
 10
7.5401
 20
-2.19507
 30
0.0
 10
7.52599
 20
-2.18096
 30
0.0
 10
7.52599
 20
-2.18096
 30
0.0
  0
SPLINE
  5
24E
330
1F
100
AcDbEntity
  8
Camada 1
 62
   251
370
     9
100
AcDbSpline
210
0.0
220
0.0
230
1.0
 70
    24
 71
     3
 72
     8
 73
     4
 74
     0
 42
0.0000000001
 43
0.0000000001
 40
0.0
 40
0.0
 40
0.0
 40
0.0
 40
1.0
 40
1.0
 40
1.0
 40
1.0
 10
7.52599
 20
-2.18096
 30
0.0
 10
7.52599
 20
-2.18096
 30
0.0
 10
6.71813
 20
-1.36957
 30
0.0
 10
6.71813
 20
-1.36957
 30
0.0
  0
SPLINE
  5
24F
330
1F
100
AcDbEntity
  8
Camada 1
 62
   251
370
     9
100
AcDbSpline
210
0.0
220
0.0
230
1.0
 70
     8
 71
     3
 72
    29
 73
    25
 74
     0
 42
0.0000000001
 43
0.0000000001
 40
0.0
 40
0.0
 40
0.0
 40
0.0
 40
0.125
 40
0.125
 40
0.125
 40
0.25
 40
0.25
 40
0.25
 40
0.375
 40
0.375
 40
0.375
 40
0.5
 40
0.5
 40
0.5
 40
0.625
 40
0.625
 40
0.625
 40
0.75
 40
0.75
 40
0.75
 40
0.875
 40
0.875
 40
0.875
 40
1.0
 40
1.0
 40
1.0
 40
1.0
 10
6.71813
 20
-1.36957
 30
0.0
 10
6.71813
 20
-1.36957
 30
0.0
 10
6.71108
 20
-1.36252
 30
0.0
 10
6.71108
 20
-1.36252
 30
0.0
 10
6.71108
 20
-1.36252
 30
0.0
 10
6.70402
 20
-1.35899
 30
0.0
 10
6.70402
 20
-1.35899
 30
0.0
 10
6.70402
 20
-1.35899
 30
0.0
 10
6.69344
 20
-1.35193
 30
0.0
 10
6.69344
 20
-1.35193
 30
0.0
 10
6.69344
 20
-1.35193
 30
0.0
 10
6.68638
 20
-1.34841
 30
0.0
 10
6.68638
 20
-1.34841
 30
0.0
 10
6.68638
 20
-1.34841
 30
0.0
 10
6.6758
 20
-1.34488
 30
0.0
 10
6.6758
 20
-1.34488
 30
0.0
 10
6.6758
 20
-1.34488
 30
0.0
 10
6.66521
 20
-1.34135
 30
0.0
 10
6.66521
 20
-1.34135
 30
0.0
 10
6.66521
 20
-1.34135
 30
0.0
 10
6.65816
 20
-1.34135
 30
0.0
 10
6.65816
 20
-1.34135
 30
0.0
 10
6.65816
 20
-1.34135
 30
0.0
 10
6.64758
 20
-1.34135
 30
0.0
 10
6.64758
 20
-1.34135
 30
0.0
  0
SPLINE
  5
250
330
1F
100
AcDbEntity
  8
Camada 1
 62
   251
370
     9
100
AcDbSpline
210
0.0
220
0.0
230
1.0
 70
    24
 71
     3
 72
     8
 73
     4
 74
     0
 42
0.0000000001
 43
0.0000000001
 40
0.0
 40
0.0
 40
0.0
 40
0.0
 40
1.0
 40
1.0
 40
1.0
 40
1.0
 10
6.64758
 20
-1.34135
 30
0.0
 10
6.64758
 20
-1.34135
 30
0.0
 10
4.62969
 20
-1.34135
 30
0.0
 10
4.62969
 20
-1.34135
 30
0.0
  0
SPLINE
  5
251
330
1F
100
AcDbEntity
  8
Camada 1
 62
   251
370
     9
100
AcDbSpline
210
0.0
220
0.0
230
1.0
 70
     8
 71
     3
 72
    29
 73
    25
 74
     0
 42
0.0000000001
 43
0.0000000001
 40
0.0
 40
0.0
 40
0.0
 40
0.0
 40
0.125
 40
0.125
 40
0.125
 40
0.25
 40
0.25
 40
0.25
 40
0.375
 40
0.375
 40
0.375
 40
0.5
 40
0.5
 40
0.5
 40
0.625
 40
0.625
 40
0.625
 40
0.75
 40
0.75
 40
0.75
 40
0.875
 40
0.875
 40
0.875
 40
1.0
 40
1.0
 40
1.0
 40
1.0
 10
4.62969
 20
-1.34135
 30
0.0
 10
4.62969
 20
-1.34135
 30
0.0
 10
4.6191
 20
-1.34135
 30
0.0
 10
4.6191
 20
-1.34135
 30
0.0
 10
4.6191
 20
-1.34135
 30
0.0
 10
4.60852
 20
-1.34135
 30
0.0
 10
4.60852
 20
-1.34135
 30
0.0
 10
4.60852
 20
-1.34135
 30
0.0
 10
4.60146
 20
-1.34488
 30
0.0
 10
4.60146
 20
-1.34488
 30
0.0
 10
4.60146
 20
-1.34488
 30
0.0
 10
4.59088
 20
-1.34841
 30
0.0
 10
4.59088
 20
-1.34841
 30
0.0
 10
4.59088
 20
-1.34841
 30
0.0
 10
4.58383
 20
-1.35193
 30
0.0
 10
4.58383
 20
-1.35193
 30
0.0
 10
4.58383
 20
-1.35193
 30
0.0
 10
4.57324
 20
-1.35899
 30
0.0
 10
4.57324
 20
-1.35899
 30
0.0
 10
4.57324
 20
-1.35899
 30
0.0
 10
4.56619
 20
-1.36252
 30
0.0
 10
4.56619
 20
-1.36252
 30
0.0
 10
4.56619
 20
-1.36252
 30
0.0
 10
4.55913
 20
-1.36957
 30
0.0
 10
4.55913
 20
-1.36957
 30
0.0
  0
SPLINE
  5
252
330
1F
100
AcDbEntity
  8
Camada 1
 62
   251
370
     9
100
AcDbSpline
210
0.0
220
0.0
230
1.0
 70
    24
 71
     3
 72
     8
 73
     4
 74
     0
 42
0.0000000001
 43
0.0000000001
 40
0.0
 40
0.0
 40
0.0
 40
0.0
 40
1.0
 40
1.0
 40
1.0
 40
1.0
 10
4.55913
 20
-1.36957
 30
0.0
 10
4.55913
 20
-1.36957
 30
0.0
 10
3.74774
 20
-2.18096
 30
0.0
 10
3.74774
 20
-2.18096
 30
0.0
  0
SPLINE
  5
253
330
1F
100
AcDbEntity
  8
Camada 1
 62
   251
370
     9
100
AcDbSpline
210
0.0
220
0.0
230
1.0
 70
     8
 71
     3
 72
    29
 73
    25
 74
     0
 42
0.0000000001
 43
0.0000000001
 40
0.0
 40
0.0
 40
0.0
 40
0.0
 40
0.125
 40
0.125
 40
0.125
 40
0.25
 40
0.25
 40
0.25
 40
0.375
 40
0.375
 40
0.375
 40
0.5
 40
0.5
 40
0.5
 40
0.625
 40
0.625
 40
0.625
 40
0.75
 40
0.75
 40
0.75
 40
0.875
 40
0.875
 40
0.875
 40
1.0
 40
1.0
 40
1.0
 40
1.0
 10
3.74774
 20
-2.18096
 30
0.0
 10
3.74774
 20
-2.18096
 30
0.0
 10
3.73716
 20
-2.19507
 30
0.0
 10
3.73716
 20
-2.19507
 30
0.0
 10
3.73716
 20
-2.19507
 30
0.0
 10
3.72658
 20
-2.21271
 30
0.0
 10
3.72658
 20
-2.21271
 30
0.0
 10
3.72658
 20
-2.21271
 30
0.0
 10
3.72305
 20
-2.23035
 30
0.0
 10
3.72305
 20
-2.23035
 30
0.0
 10
3.72305
 20
-2.23035
 30
0.0
 10
3.71952
 20
-2.25152
 30
0.0
 10
3.71952
 20
-2.25152
 30
0.0
 10
3.71952
 20
-2.25152
 30
0.0
 10
3.72305
 20
-2.26916
 30
0.0
 10
3.72305
 20
-2.26916
 30
0.0
 10
3.72305
 20
-2.26916
 30
0.0
 10
3.72658
 20
-2.29032
 30
0.0
 10
3.72658
 20
-2.29032
 30
0.0
 10
3.72658
 20
-2.29032
 30
0.0
 10
3.73716
 20
-2.30443
 30
0.0
 10
3.73716
 20
-2.30443
 30
0.0
 10
3.73716
 20
-2.30443
 30
0.0
 10
3.74774
 20
-2.32207
 30
0.0
 10
3.74774
 20
-2.32207
 30
0.0
  0
SPLINE
  5
254
330
1F
100
AcDbEntity
  8
Camada 1
 62
   251
370
     9
100
AcDbSpline
210
0.0
220
0.0
230
1.0
 70
    24
 71
     3
 72
     8
 73
     4
 74
     0
 42
0.0000000001
 43
0.0000000001
 40
0.0
 40
0.0
 40
0.0
 40
0.0
 40
1.0
 40
1.0
 40
1.0
 40
1.0
 10
3.74774
 20
-2.32207
 30
0.0
 10
3.74774
 20
-2.32207
 30
0.0
 10
4.55913
 20
-3.12993
 30
0.0
 10
4.55913
 20
-3.12993
 30
0.0
  0
SPLINE
  5
255
330
1F
100
AcDbEntity
  8
Camada 1
 62
   251
370
     9
100
AcDbSpline
210
0.0
220
0.0
230
1.0
 70
    24
 71
     3
 72
     8
 73
     4
 74
     0
 42
0.0000000001
 43
0.0000000001
 40
0.0
 40
0.0
 40
0.0
 40
0.0
 40
1.0
 40
1.0
 40
1.0
 40
1.0
 10
3.38438
 20
-1.14027
 30
0.0
 10
3.38438
 20
-1.14027
 30
0.0
 10
3.38438
 20
-3.35924
 30
0.0
 10
3.38438
 20
-3.35924
 30
0.0
  0
SPLINE
  5
256
330
1F
100
AcDbEntity
  8
Camada 1
 62
   251
370
     9
100
AcDbSpline
210
0.0
220
0.0
230
1.0
 70
    24
 71
     3
 72
     8
 73
     4
 74
     0
 42
0.0000000001
 43
0.0000000001
 40
0.0
 40
0.0
 40
0.0
 40
0.0
 40
1.0
 40
1.0
 40
1.0
 40
1.0
 10
3.38791
 20
-1.14027
 30
0.0
 10
3.38791
 20
-1.14027
 30
0.0
 10
3.38438
 20
-1.14027
 30
0.0
 10
3.38438
 20
-1.14027
 30
0.0
  0
SPLINE
  5
257
330
1F
100
AcDbEntity
  8
Camada 1
 62
   251
370
     9
100
AcDbSpline
210
0.0
220
0.0
230
1.0
 70
    24
 71
     3
 72
     8
 73
     4
 74
     0
 42
0.0000000001
 43
0.0000000001
 40
0.0
 40
0.0
 40
0.0
 40
0.0
 40
1.0
 40
1.0
 40
1.0
 40
1.0
 10
3.38791
 20
-3.35924
 30
0.0
 10
3.38791
 20
-3.35924
 30
0.0
 10
3.38438
 20
-3.35924
 30
0.0
 10
3.38438
 20
-3.35924
 30
0.0
  0
SPLINE
  5
258
330
1F
100
AcDbEntity
  8
Camada 1
 62
   251
370
     9
100
AcDbSpline
210
0.0
220
0.0
230
1.0
 70
     8
 71
     3
 72
    29
 73
    25
 74
     0
 42
0.0000000001
 43
0.0000000001
 40
0.0
 40
0.0
 40
0.0
 40
0.0
 40
0.125
 40
0.125
 40
0.125
 40
0.25
 40
0.25
 40
0.25
 40
0.375
 40
0.375
 40
0.375
 40
0.5
 40
0.5
 40
0.5
 40
0.625
 40
0.625
 40
0.625
 40
0.75
 40
0.75
 40
0.75
 40
0.875
 40
0.875
 40
0.875
 40
1.0
 40
1.0
 40
1.0
 40
1.0
 10
3.38438
 20
-3.35924
 30
0.0
 10
3.38438
 20
-3.35924
 30
0.0
 10
3.38438
 20
-3.36277
 30
0.0
 10
3.38438
 20
-3.36277
 30
0.0
 10
3.38438
 20
-3.36277
 30
0.0
 10
3.38438
 20
-3.36982
 30
0.0
 10
3.38438
 20
-3.36982
 30
0.0
 10
3.38438
 20
-3.36982
 30
0.0
 10
3.38791
 20
-3.36982
 30
0.0
 10
3.38791
 20
-3.36982
 30
0.0
 10
3.38791
 20
-3.36982
 30
0.0
 10
3.38791
 20
-3.37335
 30
0.0
 10
3.38791
 20
-3.37335
 30
0.0
 10
3.38791
 20
-3.37335
 30
0.0
 10
3.39144
 20
-3.37688
 30
0.0
 10
3.39144
 20
-3.37688
 30
0.0
 10
3.39144
 20
-3.37688
 30
0.0
 10
3.39496
 20
-3.38041
 30
0.0
 10
3.39496
 20
-3.38041
 30
0.0
 10
3.39496
 20
-3.38041
 30
0.0
 10
3.39849
 20
-3.38041
 30
0.0
 10
3.39849
 20
-3.38041
 30
0.0
 10
3.39849
 20
-3.38041
 30
0.0
 10
3.40202
 20
-3.38041
 30
0.0
 10
3.40202
 20
-3.38041
 30
0.0
  0
SPLINE
  5
259
330
1F
100
AcDbEntity
  8
Camada 1
 62
   251
370
     9
100
AcDbSpline
210
0.0
220
0.0
230
1.0
 70
    24
 71
     3
 72
     8
 73
     4
 74
     0
 42
0.0000000001
 43
0.0000000001
 40
0.0
 40
0.0
 40
0.0
 40
0.0
 40
1.0
 40
1.0
 40
1.0
 40
1.0
 10
3.40202
 20
-3.37688
 30
0.0
 10
3.40202
 20
-3.37688
 30
0.0
 10
3.40202
 20
-3.38041
 30
0.0
 10
3.40202
 20
-3.38041
 30
0.0
  0
SPLINE
  5
25A
330
1F
100
AcDbEntity
  8
Camada 1
 62
   251
370
     9
100
AcDbSpline
210
0.0
220
0.0
230
1.0
 70
    24
 71
     3
 72
     8
 73
     4
 74
     0
 42
0.0000000001
 43
0.0000000001
 40
0.0
 40
0.0
 40
0.0
 40
0.0
 40
1.0
 40
1.0
 40
1.0
 40
1.0
 10
3.40202
 20
-3.38041
 30
0.0
 10
3.40202
 20
-3.38041
 30
0.0
 10
7.87171
 20
-3.38041
 30
0.0
 10
7.87171
 20
-3.38041
 30
0.0
  0
SPLINE
  5
25B
330
1F
100
AcDbEntity
  8
Camada 1
 62
   251
370
     9
100
AcDbSpline
210
0.0
220
0.0
230
1.0
 70
    24
 71
     3
 72
     8
 73
     4
 74
     0
 42
0.0000000001
 43
0.0000000001
 40
0.0
 40
0.0
 40
0.0
 40
0.0
 40
1.0
 40
1.0
 40
1.0
 40
1.0
 10
7.87171
 20
-3.37688
 30
0.0
 10
7.87171
 20
-3.37688
 30
0.0
 10
7.87171
 20
-3.38041
 30
0.0
 10
7.87171
 20
-3.38041
 30
0.0
  0
SPLINE
  5
25C
330
1F
100
AcDbEntity
  8
Camada 1
 62
   251
370
     9
100
AcDbSpline
210
0.0
220
0.0
230
1.0
 70
     8
 71
     3
 72
    29
 73
    25
 74
     0
 42
0.0000000001
 43
0.0000000001
 40
0.0
 40
0.0
 40
0.0
 40
0.0
 40
0.125
 40
0.125
 40
0.125
 40
0.25
 40
0.25
 40
0.25
 40
0.375
 40
0.375
 40
0.375
 40
0.5
 40
0.5
 40
0.5
 40
0.625
 40
0.625
 40
0.625
 40
0.75
 40
0.75
 40
0.75
 40
0.875
 40
0.875
 40
0.875
 40
1.0
 40
1.0
 40
1.0
 40
1.0
 10
3.40202
 20
-1.1191
 30
0.0
 10
3.40202
 20
-1.1191
 30
0.0
 10
3.39849
 20
-1.1191
 30
0.0
 10
3.39849
 20
-1.1191
 30
0.0
 10
3.39849
 20
-1.1191
 30
0.0
 10
3.39496
 20
-1.12263
 30
0.0
 10
3.39496
 20
-1.12263
 30
0.0
 10
3.39496
 20
-1.12263
 30
0.0
 10
3.39144
 20
-1.12263
 30
0.0
 10
3.39144
 20
-1.12263
 30
0.0
 10
3.39144
 20
-1.12263
 30
0.0
 10
3.38791
 20
-1.12615
 30
0.0
 10
3.38791
 20
-1.12615
 30
0.0
 10
3.38791
 20
-1.12615
 30
0.0
 10
3.38791
 20
-1.12968
 30
0.0
 10
3.38791
 20
-1.12968
 30
0.0
 10
3.38791
 20
-1.12968
 30
0.0
 10
3.38438
 20
-1.13321
 30
0.0
 10
3.38438
 20
-1.13321
 30
0.0
 10
3.38438
 20
-1.13321
 30
0.0
 10
3.38438
 20
-1.13674
 30
0.0
 10
3.38438
 20
-1.13674
 30
0.0
 10
3.38438
 20
-1.13674
 30
0.0
 10
3.38438
 20
-1.14027
 30
0.0
 10
3.38438
 20
-1.14027
 30
0.0
  0
SPLINE
  5
25D
330
1F
100
AcDbEntity
  8
Camada 1
 62
   251
370
     9
100
AcDbSpline
210
0.0
220
0.0
230
1.0
 70
    24
 71
     3
 72
     8
 73
     4
 74
     0
 42
0.0000000001
 43
0.0000000001
 40
0.0
 40
0.0
 40
0.0
 40
0.0
 40
1.0
 40
1.0
 40
1.0
 40
1.0
 10
3.40202
 20
-1.12615
 30
0.0
 10
3.40202
 20
-1.12615
 30
0.0
 10
3.40202
 20
-1.1191
 30
0.0
 10
3.40202
 20
-1.1191
 30
0.0
  0
SPLINE
  5
25E
330
1F
100
AcDbEntity
  8
Camada 1
 62
   251
370
     9
100
AcDbSpline
210
0.0
220
0.0
230
1.0
 70
    24
 71
     3
 72
     8
 73
     4
 74
     0
 42
0.0000000001
 43
0.0000000001
 40
0.0
 40
0.0
 40
0.0
 40
0.0
 40
1.0
 40
1.0
 40
1.0
 40
1.0
 10
7.89288
 20
-3.35924
 30
0.0
 10
7.89288
 20
-3.35924
 30
0.0
 10
7.89288
 20
-1.14027
 30
0.0
 10
7.89288
 20
-1.14027
 30
0.0
  0
SPLINE
  5
25F
330
1F
100
AcDbEntity
  8
Camada 1
 62
   251
370
     9
100
AcDbSpline
210
0.0
220
0.0
230
1.0
 70
    24
 71
     3
 72
     8
 73
     4
 74
     0
 42
0.0000000001
 43
0.0000000001
 40
0.0
 40
0.0
 40
0.0
 40
0.0
 40
1.0
 40
1.0
 40
1.0
 40
1.0
 10
7.88935
 20
-3.35924
 30
0.0
 10
7.88935
 20
-3.35924
 30
0.0
 10
7.89288
 20
-3.35924
 30
0.0
 10
7.89288
 20
-3.35924
 30
0.0
  0
SPLINE
  5
260
330
1F
100
AcDbEntity
  8
Camada 1
 62
   251
370
     9
100
AcDbSpline
210
0.0
220
0.0
230
1.0
 70
    24
 71
     3
 72
     8
 73
     4
 74
     0
 42
0.0000000001
 43
0.0000000001
 40
0.0
 40
0.0
 40
0.0
 40
0.0
 40
1.0
 40
1.0
 40
1.0
 40
1.0
 10
7.88935
 20
-1.14027
 30
0.0
 10
7.88935
 20
-1.14027
 30
0.0
 10
7.89288
 20
-1.14027
 30
0.0
 10
7.89288
 20
-1.14027
 30
0.0
  0
SPLINE
  5
261
330
1F
100
AcDbEntity
  8
Camada 1
 62
   251
370
     9
100
AcDbSpline
210
0.0
220
0.0
230
1.0
 70
     8
 71
     3
 72
    29
 73
    25
 74
     0
 42
0.0000000001
 43
0.0000000001
 40
0.0
 40
0.0
 40
0.0
 40
0.0
 40
0.125
 40
0.125
 40
0.125
 40
0.25
 40
0.25
 40
0.25
 40
0.375
 40
0.375
 40
0.375
 40
0.5
 40
0.5
 40
0.5
 40
0.625
 40
0.625
 40
0.625
 40
0.75
 40
0.75
 40
0.75
 40
0.875
 40
0.875
 40
0.875
 40
1.0
 40
1.0
 40
1.0
 40
1.0
 10
7.89288
 20
-1.14027
 30
0.0
 10
7.89288
 20
-1.14027
 30
0.0
 10
7.89288
 20
-1.13674
 30
0.0
 10
7.89288
 20
-1.13674
 30
0.0
 10
7.89288
 20
-1.13674
 30
0.0
 10
7.89288
 20
-1.13321
 30
0.0
 10
7.89288
 20
-1.13321
 30
0.0
 10
7.89288
 20
-1.13321
 30
0.0
 10
7.88935
 20
-1.12968
 30
0.0
 10
7.88935
 20
-1.12968
 30
0.0
 10
7.88935
 20
-1.12968
 30
0.0
 10
7.88583
 20
-1.12615
 30
0.0
 10
7.88583
 20
-1.12615
 30
0.0
 10
7.88583
 20
-1.12615
 30
0.0
 10
7.88583
 20
-1.12263
 30
0.0
 10
7.88583
 20
-1.12263
 30
0.0
 10
7.88583
 20
-1.12263
 30
0.0
 10
7.8823
 20
-1.12263
 30
0.0
 10
7.8823
 20
-1.12263
 30
0.0
 10
7.8823
 20
-1.12263
 30
0.0
 10
7.87877
 20
-1.1191
 30
0.0
 10
7.87877
 20
-1.1191
 30
0.0
 10
7.87877
 20
-1.1191
 30
0.0
 10
7.87171
 20
-1.1191
 30
0.0
 10
7.87171
 20
-1.1191
 30
0.0
  0
SPLINE
  5
262
330
1F
100
AcDbEntity
  8
Camada 1
 62
   251
370
     9
100
AcDbSpline
210
0.0
220
0.0
230
1.0
 70
    24
 71
     3
 72
     8
 73
     4
 74
     0
 42
0.0000000001
 43
0.0000000001
 40
0.0
 40
0.0
 40
0.0
 40
0.0
 40
1.0
 40
1.0
 40
1.0
 40
1.0
 10
7.87171
 20
-1.12615
 30
0.0
 10
7.87171
 20
-1.12615
 30
0.0
 10
7.87171
 20
-1.1191
 30
0.0
 10
7.87171
 20
-1.1191
 30
0.0
  0
SPLINE
  5
263
330
1F
100
AcDbEntity
  8
Camada 1
 62
   251
370
     9
100
AcDbSpline
210
0.0
220
0.0
230
1.0
 70
    24
 71
     3
 72
     8
 73
     4
 74
     0
 42
0.0000000001
 43
0.0000000001
 40
0.0
 40
0.0
 40
0.0
 40
0.0
 40
1.0
 40
1.0
 40
1.0
 40
1.0
 10
7.87171
 20
-1.1191
 30
0.0
 10
7.87171
 20
-1.1191
 30
0.0
 10
3.40202
 20
-1.1191
 30
0.0
 10
3.40202
 20
-1.1191
 30
0.0
  0
SPLINE
  5
264
330
1F
100
AcDbEntity
  8
Camada 1
 62
   251
370
     9
100
AcDbSpline
210
0.0
220
0.0
230
1.0
 70
     8
 71
     3
 72
    29
 73
    25
 74
     0
 42
0.0000000001
 43
0.0000000001
 40
0.0
 40
0.0
 40
0.0
 40
0.0
 40
0.125
 40
0.125
 40
0.125
 40
0.25
 40
0.25
 40
0.25
 40
0.375
 40
0.375
 40
0.375
 40
0.5
 40
0.5
 40
0.5
 40
0.625
 40
0.625
 40
0.625
 40
0.75
 40
0.75
 40
0.75
 40
0.875
 40
0.875
 40
0.875
 40
1.0
 40
1.0
 40
1.0
 40
1.0
 10
7.87171
 20
-3.38041
 30
0.0
 10
7.87171
 20
-3.38041
 30
0.0
 10
7.87877
 20
-3.38041
 30
0.0
 10
7.87877
 20
-3.38041
 30
0.0
 10
7.87877
 20
-3.38041
 30
0.0
 10
7.8823
 20
-3.38041
 30
0.0
 10
7.8823
 20
-3.38041
 30
0.0
 10
7.8823
 20
-3.38041
 30
0.0
 10
7.88583
 20
-3.37688
 30
0.0
 10
7.88583
 20
-3.37688
 30
0.0
 10
7.88583
 20
-3.37688
 30
0.0
 10
7.88583
 20
-3.37335
 30
0.0
 10
7.88583
 20
-3.37335
 30
0.0
 10
7.88583
 20
-3.37335
 30
0.0
 10
7.88935
 20
-3.36982
 30
0.0
 10
7.88935
 20
-3.36982
 30
0.0
 10
7.88935
 20
-3.36982
 30
0.0
 10
7.89288
 20
-3.36982
 30
0.0
 10
7.89288
 20
-3.36982
 30
0.0
 10
7.89288
 20
-3.36982
 30
0.0
 10
7.89288
 20
-3.36277
 30
0.0
 10
7.89288
 20
-3.36277
 30
0.0
 10
7.89288
 20
-3.36277
 30
0.0
 10
7.89288
 20
-3.35924
 30
0.0
 10
7.89288
 20
-3.35924
 30
0.0
  0
SPLINE
  5
265
330
1F
100
AcDbEntity
  8
Camada 1
 62
   251
370
     9
100
AcDbSpline
210
0.0
220
0.0
230
1.0
 70
    11
 71
     3
 72
   137
 73
   133
 74
     0
 42
0.0000000001
 43
0.0000000001
 40
0.0
 40
0.0
 40
0.0
 40
0.0
 40
0.0227272727272727
 40
0.0227272727272727
 40
0.0227272727272727
 40
0.0454545454545455
 40
0.0454545454545455
 40
0.0454545454545455
 40
0.0681818181818182
 40
0.0681818181818182
 40
0.0681818181818182
 40
0.0909090909090909
 40
0.0909090909090909
 40
0.0909090909090909
 40
0.1136363636363636
 40
0.1136363636363636
 40
0.1136363636363636
 40
0.1363636363636364
 40
0.1363636363636364
 40
0.1363636363636364
 40
0.1590909090909091
 40
0.1590909090909091
 40
0.1590909090909091
 40
0.1818181818181818
 40
0.1818181818181818
 40
0.1818181818181818
 40
0.2045454545454546
 40
0.2045454545454546
 40
0.2045454545454546
 40
0.2272727272727273
 40
0.2272727272727273
 40
0.2272727272727273
 40
0.25
 40
0.25
 40
0.25
 40
0.2727272727272727
 40
0.2727272727272727
 40
0.2727272727272727
 40
0.2954545454545455
 40
0.2954545454545455
 40
0.2954545454545455
 40
0.3181818181818182
 40
0.3181818181818182
 40
0.3181818181818182
 40
0.3409090909090909
 40
0.3409090909090909
 40
0.3409090909090909
 40
0.3636363636363636
 40
0.3636363636363636
 40
0.3636363636363636
 40
0.3863636363636364
 40
0.3863636363636364
 40
0.3863636363636364
 40
0.4090909090909091
 40
0.4090909090909091
 40
0.4090909090909091
 40
0.4318181818181818
 40
0.4318181818181818
 40
0.4318181818181818
 40
0.4545454545454546
 40
0.4545454545454546
 40
0.4545454545454546
 40
0.4772727272727273
 40
0.4772727272727273
 40
0.4772727272727273
 40
0.5
 40
0.5
 40
0.5
 40
0.5227272727272727
 40
0.5227272727272727
 40
0.5227272727272727
 40
0.5454545454545454
 40
0.5454545454545454
 40
0.5454545454545454
 40
0.5681818181818182
 40
0.5681818181818182
 40
0.5681818181818182
 40
0.5909090909090909
 40
0.5909090909090909
 40
0.5909090909090909
 40
0.6136363636363636
 40
0.6136363636363636
 40
0.6136363636363636
 40
0.6363636363636364
 40
0.6363636363636364
 40
0.6363636363636364
 40
0.6590909090909091
 40
0.6590909090909091
 40
0.6590909090909091
 40
0.6818181818181819
 40
0.6818181818181819
 40
0.6818181818181819
 40
0.7045454545454546
 40
0.7045454545454546
 40
0.7045454545454546
 40
0.7272727272727273
 40
0.7272727272727273
 40
0.7272727272727273
 40
0.75
 40
0.75
 40
0.75
 40
0.7727272727272727
 40
0.7727272727272727
 40
0.7727272727272727
 40
0.7954545454545455
 40
0.7954545454545455
 40
0.7954545454545455
 40
0.8181818181818182
 40
0.8181818181818182
 40
0.8181818181818182
 40
0.8409090909090909
 40
0.8409090909090909
 40
0.8409090909090909
 40
0.8636363636363636
 40
0.8636363636363636
 40
0.8636363636363636
 40
0.8863636363636364
 40
0.8863636363636364
 40
0.8863636363636364
 40
0.9090909090909092
 40
0.9090909090909092
 40
0.9090909090909092
 40
0.9318181818181819
 40
0.9318181818181819
 40
0.9318181818181819
 40
0.9545454545454546
 40
0.9545454545454546
 40
0.9545454545454546
 40
0.9772727272727273
 40
0.9772727272727273
 40
0.9772727272727273
 40
1.0
 40
1.0
 40
1.0
 40
1.0
 10
5.63863
 20
-2.35382
 30
0.0
 10
5.63863
 20
-2.35382
 30
0.0
 10
5.60688
 20
-2.35735
 30
0.0
 10
5.60688
 20
-2.35735
 30
0.0
 10
5.60688
 20
-2.35735
 30
0.0
 10
5.57513
 20
-2.3644
 30
0.0
 10
5.57513
 20
-2.3644
 30
0.0
 10
5.57513
 20
-2.3644
 30
0.0
 10
5.54338
 20
-2.37499
 30
0.0
 10
5.54338
 20
-2.37499
 30
0.0
 10
5.54338
 20
-2.37499
 30
0.0
 10
5.51516
 20
-2.3891
 30
0.0
 10
5.51516
 20
-2.3891
 30
0.0
 10
5.51516
 20
-2.3891
 30
0.0
 10
5.49046
 20
-2.41027
 30
0.0
 10
5.49046
 20
-2.41027
 30
0.0
 10
5.49046
 20
-2.41027
 30
0.0
 10
5.4693
 20
-2.43143
 30
0.0
 10
5.4693
 20
-2.43143
 30
0.0
 10
5.4693
 20
-2.43143
 30
0.0
 10
5.44813
 20
-2.45613
 30
0.0
 10
5.44813
 20
-2.45613
 30
0.0
 10
5.44813
 20
-2.45613
 30
0.0
 10
5.43402
 20
-2.48435
 30
0.0
 10
5.43402
 20
-2.48435
 30
0.0
 10
5.43402
 20
-2.48435
 30
0.0
 10
5.42344
 20
-2.5161
 30
0.0
 10
5.42344
 20
-2.5161
 30
0.0
 10
5.42344
 20
-2.5161
 30
0.0
 10
5.41638
 20
-2.54785
 30
0.0
 10
5.41638
 20
-2.54785
 30
0.0
 10
5.41638
 20
-2.54785
 30
0.0
 10
5.41285
 20
-2.5796
 30
0.0
 10
5.41285
 20
-2.5796
 30
0.0
 10
5.41285
 20
-2.5796
 30
0.0
 10
5.41638
 20
-2.61135
 30
0.0
 10
5.41638
 20
-2.61135
 30
0.0
 10
5.41638
 20
-2.61135
 30
0.0
 10
5.42344
 20
-2.6431
 30
0.0
 10
5.42344
 20
-2.6431
 30
0.0
 10
5.42344
 20
-2.6431
 30
0.0
 10
5.43402
 20
-2.67132
 30
0.0
 10
5.43402
 20
-2.67132
 30
0.0
 10
5.43402
 20
-2.67132
 30
0.0
 10
5.44813
 20
-2.69954
 30
0.0
 10
5.44813
 20
-2.69954
 30
0.0
 10
5.44813
 20
-2.69954
 30
0.0
 10
5.4693
 20
-2.72777
 30
0.0
 10
5.4693
 20
-2.72777
 30
0.0
 10
5.4693
 20
-2.72777
 30
0.0
 10
5.49046
 20
-2.74893
 30
0.0
 10
5.49046
 20
-2.74893
 30
0.0
 10
5.49046
 20
-2.74893
 30
0.0
 10
5.51516
 20
-2.7701
 30
0.0
 10
5.51516
 20
-2.7701
 30
0.0
 10
5.51516
 20
-2.7701
 30
0.0
 10
5.54338
 20
-2.78421
 30
0.0
 10
5.54338
 20
-2.78421
 30
0.0
 10
5.54338
 20
-2.78421
 30
0.0
 10
5.57513
 20
-2.79479
 30
0.0
 10
5.57513
 20
-2.79479
 30
0.0
 10
5.57513
 20
-2.79479
 30
0.0
 10
5.60688
 20
-2.80185
 30
0.0
 10
5.60688
 20
-2.80185
 30
0.0
 10
5.60688
 20
-2.80185
 30
0.0
 10
5.63863
 20
-2.80538
 30
0.0
 10
5.63863
 20
-2.80538
 30
0.0
 10
5.63863
 20
-2.80538
 30
0.0
 10
5.67038
 20
-2.80185
 30
0.0
 10
5.67038
 20
-2.80185
 30
0.0
 10
5.67038
 20
-2.80185
 30
0.0
 10
5.70213
 20
-2.79479
 30
0.0
 10
5.70213
 20
-2.79479
 30
0.0
 10
5.70213
 20
-2.79479
 30
0.0
 10
5.73035
 20
-2.78421
 30
0.0
 10
5.73035
 20
-2.78421
 30
0.0
 10
5.73035
 20
-2.78421
 30
0.0
 10
5.75858
 20
-2.7701
 30
0.0
 10
5.75858
 20
-2.7701
 30
0.0
 10
5.75858
 20
-2.7701
 30
0.0
 10
5.7868
 20
-2.74893
 30
0.0
 10
5.7868
 20
-2.74893
 30
0.0
 10
5.7868
 20
-2.74893
 30
0.0
 10
5.80796
 20
-2.72777
 30
0.0
 10
5.80796
 20
-2.72777
 30
0.0
 10
5.80796
 20
-2.72777
 30
0.0
 10
5.82913
 20
-2.69954
 30
0.0
 10
5.82913
 20
-2.69954
 30
0.0
 10
5.82913
 20
-2.69954
 30
0.0
 10
5.84324
 20
-2.67132
 30
0.0
 10
5.84324
 20
-2.67132
 30
0.0
 10
5.84324
 20
-2.67132
 30
0.0
 10
5.85383
 20
-2.6431
 30
0.0
 10
5.85383
 20
-2.6431
 30
0.0
 10
5.85383
 20
-2.6431
 30
0.0
 10
5.86088
 20
-2.61135
 30
0.0
 10
5.86088
 20
-2.61135
 30
0.0
 10
5.86088
 20
-2.61135
 30
0.0
 10
5.86441
 20
-2.5796
 30
0.0
 10
5.86441
 20
-2.5796
 30
0.0
 10
5.86441
 20
-2.5796
 30
0.0
 10
5.86088
 20
-2.54785
 30
0.0
 10
5.86088
 20
-2.54785
 30
0.0
 10
5.86088
 20
-2.54785
 30
0.0
 10
5.85383
 20
-2.5161
 30
0.0
 10
5.85383
 20
-2.5161
 30
0.0
 10
5.85383
 20
-2.5161
 30
0.0
 10
5.84324
 20
-2.48435
 30
0.0
 10
5.84324
 20
-2.48435
 30
0.0
 10
5.84324
 20
-2.48435
 30
0.0
 10
5.82913
 20
-2.45613
 30
0.0
 10
5.82913
 20
-2.45613
 30
0.0
 10
5.82913
 20
-2.45613
 30
0.0
 10
5.80796
 20
-2.43143
 30
0.0
 10
5.80796
 20
-2.43143
 30
0.0
 10
5.80796
 20
-2.43143
 30
0.0
 10
5.7868
 20
-2.41027
 30
0.0
 10
5.7868
 20
-2.41027
 30
0.0
 10
5.7868
 20
-2.41027
 30
0.0
 10
5.75858
 20
-2.3891
 30
0.0
 10
5.75858
 20
-2.3891
 30
0.0
 10
5.75858
 20
-2.3891
 30
0.0
 10
5.73035
 20
-2.37499
 30
0.0
 10
5.73035
 20
-2.37499
 30
0.0
 10
5.73035
 20
-2.37499
 30
0.0
 10
5.70213
 20
-2.3644
 30
0.0
 10
5.70213
 20
-2.3644
 30
0.0
 10
5.70213
 20
-2.3644
 30
0.0
 10
5.67038
 20
-2.35735
 30
0.0
 10
5.67038
 20
-2.35735
 30
0.0
 10
5.67038
 20
-2.35735
 30
0.0
 10
5.63863
 20
-2.35382
 30
0.0
 10
5.63863
 20
-2.35382
 30
0.0
  0
SPLINE
  5
266
330
1F
100
AcDbEntity
  8
Camada 1
 62
   251
370
     9
100
AcDbSpline
210
0.0
220
0.0
230
1.0
 70
    11
 71
     3
 72
   137
 73
   133
 74
     0
 42
0.0000000001
 43
0.0000000001
 40
0.0
 40
0.0
 40
0.0
 40
0.0
 40
0.0227272727272727
 40
0.0227272727272727
 40
0.0227272727272727
 40
0.0454545454545455
 40
0.0454545454545455
 40
0.0454545454545455
 40
0.0681818181818182
 40
0.0681818181818182
 40
0.0681818181818182
 40
0.0909090909090909
 40
0.0909090909090909
 40
0.0909090909090909
 40
0.1136363636363636
 40
0.1136363636363636
 40
0.1136363636363636
 40
0.1363636363636364
 40
0.1363636363636364
 40
0.1363636363636364
 40
0.1590909090909091
 40
0.1590909090909091
 40
0.1590909090909091
 40
0.1818181818181818
 40
0.1818181818181818
 40
0.1818181818181818
 40
0.2045454545454546
 40
0.2045454545454546
 40
0.2045454545454546
 40
0.2272727272727273
 40
0.2272727272727273
 40
0.2272727272727273
 40
0.25
 40
0.25
 40
0.25
 40
0.2727272727272727
 40
0.2727272727272727
 40
0.2727272727272727
 40
0.2954545454545455
 40
0.2954545454545455
 40
0.2954545454545455
 40
0.3181818181818182
 40
0.3181818181818182
 40
0.3181818181818182
 40
0.3409090909090909
 40
0.3409090909090909
 40
0.3409090909090909
 40
0.3636363636363636
 40
0.3636363636363636
 40
0.3636363636363636
 40
0.3863636363636364
 40
0.3863636363636364
 40
0.3863636363636364
 40
0.4090909090909091
 40
0.4090909090909091
 40
0.4090909090909091
 40
0.4318181818181818
 40
0.4318181818181818
 40
0.4318181818181818
 40
0.4545454545454546
 40
0.4545454545454546
 40
0.4545454545454546
 40
0.4772727272727273
 40
0.4772727272727273
 40
0.4772727272727273
 40
0.5
 40
0.5
 40
0.5
 40
0.5227272727272727
 40
0.5227272727272727
 40
0.5227272727272727
 40
0.5454545454545454
 40
0.5454545454545454
 40
0.5454545454545454
 40
0.5681818181818182
 40
0.5681818181818182
 40
0.5681818181818182
 40
0.5909090909090909
 40
0.5909090909090909
 40
0.5909090909090909
 40
0.6136363636363636
 40
0.6136363636363636
 40
0.6136363636363636
 40
0.6363636363636364
 40
0.6363636363636364
 40
0.6363636363636364
 40
0.6590909090909091
 40
0.6590909090909091
 40
0.6590909090909091
 40
0.6818181818181819
 40
0.6818181818181819
 40
0.6818181818181819
 40
0.7045454545454546
 40
0.7045454545454546
 40
0.7045454545454546
 40
0.7272727272727273
 40
0.7272727272727273
 40
0.7272727272727273
 40
0.75
 40
0.75
 40
0.75
 40
0.7727272727272727
 40
0.7727272727272727
 40
0.7727272727272727
 40
0.7954545454545455
 40
0.7954545454545455
 40
0.7954545454545455
 40
0.8181818181818182
 40
0.8181818181818182
 40
0.8181818181818182
 40
0.8409090909090909
 40
0.8409090909090909
 40
0.8409090909090909
 40
0.8636363636363636
 40
0.8636363636363636
 40
0.8636363636363636
 40
0.8863636363636364
 40
0.8863636363636364
 40
0.8863636363636364
 40
0.9090909090909092
 40
0.9090909090909092
 40
0.9090909090909092
 40
0.9318181818181819
 40
0.9318181818181819
 40
0.9318181818181819
 40
0.9545454545454546
 40
0.9545454545454546
 40
0.9545454545454546
 40
0.9772727272727273
 40
0.9772727272727273
 40
0.9772727272727273
 40
1.0
 40
1.0
 40
1.0
 40
1.0
 10
6.5876
 20
-2.02574
 30
0.0
 10
6.5876
 20
-2.02574
 30
0.0
 10
6.55585
 20
-2.02927
 30
0.0
 10
6.55585
 20
-2.02927
 30
0.0
 10
6.55585
 20
-2.02927
 30
0.0
 10
6.5241
 20
-2.03279
 30
0.0
 10
6.5241
 20
-2.03279
 30
0.0
 10
6.5241
 20
-2.03279
 30
0.0
 10
6.49588
 20
-2.0469
 30
0.0
 10
6.49588
 20
-2.0469
 30
0.0
 10
6.49588
 20
-2.0469
 30
0.0
 10
6.46766
 20
-2.06102
 30
0.0
 10
6.46766
 20
-2.06102
 30
0.0
 10
6.46766
 20
-2.06102
 30
0.0
 10
6.43944
 20
-2.07866
 30
0.0
 10
6.43944
 20
-2.07866
 30
0.0
 10
6.43944
 20
-2.07866
 30
0.0
 10
6.41827
 20
-2.10335
 30
0.0
 10
6.41827
 20
-2.10335
 30
0.0
 10
6.41827
 20
-2.10335
 30
0.0
 10
6.40063
 20
-2.12804
 30
0.0
 10
6.40063
 20
-2.12804
 30
0.0
 10
6.40063
 20
-2.12804
 30
0.0
 10
6.38299
 20
-2.15627
 30
0.0
 10
6.38299
 20
-2.15627
 30
0.0
 10
6.38299
 20
-2.15627
 30
0.0
 10
6.37241
 20
-2.18802
 30
0.0
 10
6.37241
 20
-2.18802
 30
0.0
 10
6.37241
 20
-2.18802
 30
0.0
 10
6.36535
 20
-2.21977
 30
0.0
 10
6.36535
 20
-2.21977
 30
0.0
 10
6.36535
 20
-2.21977
 30
0.0
 10
6.36183
 20
-2.25152
 30
0.0
 10
6.36183
 20
-2.25152
 30
0.0
 10
6.36183
 20
-2.25152
 30
0.0
 10
6.36535
 20
-2.28327
 30
0.0
 10
6.36535
 20
-2.28327
 30
0.0
 10
6.36535
 20
-2.28327
 30
0.0
 10
6.37241
 20
-2.31502
 30
0.0
 10
6.37241
 20
-2.31502
 30
0.0
 10
6.37241
 20
-2.31502
 30
0.0
 10
6.38299
 20
-2.34324
 30
0.0
 10
6.38299
 20
-2.34324
 30
0.0
 10
6.38299
 20
-2.34324
 30
0.0
 10
6.40063
 20
-2.37146
 30
0.0
 10
6.40063
 20
-2.37146
 30
0.0
 10
6.40063
 20
-2.37146
 30
0.0
 10
6.41827
 20
-2.39616
 30
0.0
 10
6.41827
 20
-2.39616
 30
0.0
 10
6.41827
 20
-2.39616
 30
0.0
 10
6.43944
 20
-2.42085
 30
0.0
 10
6.43944
 20
-2.42085
 30
0.0
 10
6.43944
 20
-2.42085
 30
0.0
 10
6.46766
 20
-2.43849
 30
0.0
 10
6.46766
 20
-2.43849
 30
0.0
 10
6.46766
 20
-2.43849
 30
0.0
 10
6.49588
 20
-2.45613
 30
0.0
 10
6.49588
 20
-2.45613
 30
0.0
 10
6.49588
 20
-2.45613
 30
0.0
 10
6.5241
 20
-2.46671
 30
0.0
 10
6.5241
 20
-2.46671
 30
0.0
 10
6.5241
 20
-2.46671
 30
0.0
 10
6.55585
 20
-2.47377
 30
0.0
 10
6.55585
 20
-2.47377
 30
0.0
 10
6.55585
 20
-2.47377
 30
0.0
 10
6.5876
 20
-2.47377
 30
0.0
 10
6.5876
 20
-2.47377
 30
0.0
 10
6.5876
 20
-2.47377
 30
0.0
 10
6.61935
 20
-2.47377
 30
0.0
 10
6.61935
 20
-2.47377
 30
0.0
 10
6.61935
 20
-2.47377
 30
0.0
 10
6.6511
 20
-2.46671
 30
0.0
 10
6.6511
 20
-2.46671
 30
0.0
 10
6.6511
 20
-2.46671
 30
0.0
 10
6.68285
 20
-2.45613
 30
0.0
 10
6.68285
 20
-2.45613
 30
0.0
 10
6.68285
 20
-2.45613
 30
0.0
 10
6.71108
 20
-2.43849
 30
0.0
 10
6.71108
 20
-2.43849
 30
0.0
 10
6.71108
 20
-2.43849
 30
0.0
 10
6.73577
 20
-2.42085
 30
0.0
 10
6.73577
 20
-2.42085
 30
0.0
 10
6.73577
 20
-2.42085
 30
0.0
 10
6.75694
 20
-2.39616
 30
0.0
 10
6.75694
 20
-2.39616
 30
0.0
 10
6.75694
 20
-2.39616
 30
0.0
 10
6.7781
 20
-2.37146
 30
0.0
 10
6.7781
 20
-2.37146
 30
0.0
 10
6.7781
 20
-2.37146
 30
0.0
 10
6.79221
 20
-2.34324
 30
0.0
 10
6.79221
 20
-2.34324
 30
0.0
 10
6.79221
 20
-2.34324
 30
0.0
 10
6.8028
 20
-2.31502
 30
0.0
 10
6.8028
 20
-2.31502
 30
0.0
 10
6.8028
 20
-2.31502
 30
0.0
 10
6.80985
 20
-2.28327
 30
0.0
 10
6.80985
 20
-2.28327
 30
0.0
 10
6.80985
 20
-2.28327
 30
0.0
 10
6.81338
 20
-2.25152
 30
0.0
 10
6.81338
 20
-2.25152
 30
0.0
 10
6.81338
 20
-2.25152
 30
0.0
 10
6.80985
 20
-2.21977
 30
0.0
 10
6.80985
 20
-2.21977
 30
0.0
 10
6.80985
 20
-2.21977
 30
0.0
 10
6.8028
 20
-2.18802
 30
0.0
 10
6.8028
 20
-2.18802
 30
0.0
 10
6.8028
 20
-2.18802
 30
0.0
 10
6.79221
 20
-2.15627
 30
0.0
 10
6.79221
 20
-2.15627
 30
0.0
 10
6.79221
 20
-2.15627
 30
0.0
 10
6.7781
 20
-2.12804
 30
0.0
 10
6.7781
 20
-2.12804
 30
0.0
 10
6.7781
 20
-2.12804
 30
0.0
 10
6.75694
 20
-2.10335
 30
0.0
 10
6.75694
 20
-2.10335
 30
0.0
 10
6.75694
 20
-2.10335
 30
0.0
 10
6.73577
 20
-2.07866
 30
0.0
 10
6.73577
 20
-2.07866
 30
0.0
 10
6.73577
 20
-2.07866
 30
0.0
 10
6.71108
 20
-2.06102
 30
0.0
 10
6.71108
 20
-2.06102
 30
0.0
 10
6.71108
 20
-2.06102
 30
0.0
 10
6.68285
 20
-2.0469
 30
0.0
 10
6.68285
 20
-2.0469
 30
0.0
 10
6.68285
 20
-2.0469
 30
0.0
 10
6.6511
 20
-2.03279
 30
0.0
 10
6.6511
 20
-2.03279
 30
0.0
 10
6.6511
 20
-2.03279
 30
0.0
 10
6.61935
 20
-2.02927
 30
0.0
 10
6.61935
 20
-2.02927
 30
0.0
 10
6.61935
 20
-2.02927
 30
0.0
 10
6.5876
 20
-2.02574
 30
0.0
 10
6.5876
 20
-2.02574
 30
0.0
  0
SPLINE
  5
267
330
1F
100
AcDbEntity
  8
Camada 1
 62
   251
370
     9
100
AcDbSpline
210
0.0
220
0.0
230
1.0
 70
    11
 71
     3
 72
   137
 73
   133
 74
     0
 42
0.0000000001
 43
0.0000000001
 40
0.0
 40
0.0
 40
0.0
 40
0.0
 40
0.0227272727272727
 40
0.0227272727272727
 40
0.0227272727272727
 40
0.0454545454545455
 40
0.0454545454545455
 40
0.0454545454545455
 40
0.0681818181818182
 40
0.0681818181818182
 40
0.0681818181818182
 40
0.0909090909090909
 40
0.0909090909090909
 40
0.0909090909090909
 40
0.1136363636363636
 40
0.1136363636363636
 40
0.1136363636363636
 40
0.1363636363636364
 40
0.1363636363636364
 40
0.1363636363636364
 40
0.1590909090909091
 40
0.1590909090909091
 40
0.1590909090909091
 40
0.1818181818181818
 40
0.1818181818181818
 40
0.1818181818181818
 40
0.2045454545454546
 40
0.2045454545454546
 40
0.2045454545454546
 40
0.2272727272727273
 40
0.2272727272727273
 40
0.2272727272727273
 40
0.25
 40
0.25
 40
0.25
 40
0.2727272727272727
 40
0.2727272727272727
 40
0.2727272727272727
 40
0.2954545454545455
 40
0.2954545454545455
 40
0.2954545454545455
 40
0.3181818181818182
 40
0.3181818181818182
 40
0.3181818181818182
 40
0.3409090909090909
 40
0.3409090909090909
 40
0.3409090909090909
 40
0.3636363636363636
 40
0.3636363636363636
 40
0.3636363636363636
 40
0.3863636363636364
 40
0.3863636363636364
 40
0.3863636363636364
 40
0.4090909090909091
 40
0.4090909090909091
 40
0.4090909090909091
 40
0.4318181818181818
 40
0.4318181818181818
 40
0.4318181818181818
 40
0.4545454545454546
 40
0.4545454545454546
 40
0.4545454545454546
 40
0.4772727272727273
 40
0.4772727272727273
 40
0.4772727272727273
 40
0.5
 40
0.5
 40
0.5
 40
0.5227272727272727
 40
0.5227272727272727
 40
0.5227272727272727
 40
0.5454545454545454
 40
0.5454545454545454
 40
0.5454545454545454
 40
0.5681818181818182
 40
0.5681818181818182
 40
0.5681818181818182
 40
0.5909090909090909
 40
0.5909090909090909
 40
0.5909090909090909
 40
0.6136363636363636
 40
0.6136363636363636
 40
0.6136363636363636
 40
0.6363636363636364
 40
0.6363636363636364
 40
0.6363636363636364
 40
0.6590909090909091
 40
0.6590909090909091
 40
0.6590909090909091
 40
0.6818181818181819
 40
0.6818181818181819
 40
0.6818181818181819
 40
0.7045454545454546
 40
0.7045454545454546
 40
0.7045454545454546
 40
0.7272727272727273
 40
0.7272727272727273
 40
0.7272727272727273
 40
0.75
 40
0.75
 40
0.75
 40
0.7727272727272727
 40
0.7727272727272727
 40
0.7727272727272727
 40
0.7954545454545455
 40
0.7954545454545455
 40
0.7954545454545455
 40
0.8181818181818182
 40
0.8181818181818182
 40
0.8181818181818182
 40
0.8409090909090909
 40
0.8409090909090909
 40
0.8409090909090909
 40
0.8636363636363636
 40
0.8636363636363636
 40
0.8636363636363636
 40
0.8863636363636364
 40
0.8863636363636364
 40
0.8863636363636364
 40
0.9090909090909092
 40
0.9090909090909092
 40
0.9090909090909092
 40
0.9318181818181819
 40
0.9318181818181819
 40
0.9318181818181819
 40
0.9545454545454546
 40
0.9545454545454546
 40
0.9545454545454546
 40
0.9772727272727273
 40
0.9772727272727273
 40
0.9772727272727273
 40
1.0
 40
1.0
 40
1.0
 40
1.0
 10
4.68966
 20
-2.02574
 30
0.0
 10
4.68966
 20
-2.02574
 30
0.0
 10
4.65791
 20
-2.02927
 30
0.0
 10
4.65791
 20
-2.02927
 30
0.0
 10
4.65791
 20
-2.02927
 30
0.0
 10
4.62616
 20
-2.03279
 30
0.0
 10
4.62616
 20
-2.03279
 30
0.0
 10
4.62616
 20
-2.03279
 30
0.0
 10
4.59441
 20
-2.0469
 30
0.0
 10
4.59441
 20
-2.0469
 30
0.0
 10
4.59441
 20
-2.0469
 30
0.0
 10
4.56619
 20
-2.06102
 30
0.0
 10
4.56619
 20
-2.06102
 30
0.0
 10
4.56619
 20
-2.06102
 30
0.0
 10
4.54149
 20
-2.07866
 30
0.0
 10
4.54149
 20
-2.07866
 30
0.0
 10
4.54149
 20
-2.07866
 30
0.0
 10
4.5168
 20
-2.10335
 30
0.0
 10
4.5168
 20
-2.10335
 30
0.0
 10
4.5168
 20
-2.10335
 30
0.0
 10
4.49916
 20
-2.12804
 30
0.0
 10
4.49916
 20
-2.12804
 30
0.0
 10
4.49916
 20
-2.12804
 30
0.0
 10
4.48505
 20
-2.15627
 30
0.0
 10
4.48505
 20
-2.15627
 30
0.0
 10
4.48505
 20
-2.15627
 30
0.0
 10
4.47094
 20
-2.18802
 30
0.0
 10
4.47094
 20
-2.18802
 30
0.0
 10
4.47094
 20
-2.18802
 30
0.0
 10
4.46388
 20
-2.21977
 30
0.0
 10
4.46388
 20
-2.21977
 30
0.0
 10
4.46388
 20
-2.21977
 30
0.0
 10
4.46388
 20
-2.25152
 30
0.0
 10
4.46388
 20
-2.25152
 30
0.0
 10
4.46388
 20
-2.25152
 30
0.0
 10
4.46388
 20
-2.28327
 30
0.0
 10
4.46388
 20
-2.28327
 30
0.0
 10
4.46388
 20
-2.28327
 30
0.0
 10
4.47094
 20
-2.31502
 30
0.0
 10
4.47094
 20
-2.31502
 30
0.0
 10
4.47094
 20
-2.31502
 30
0.0
 10
4.48505
 20
-2.34324
 30
0.0
 10
4.48505
 20
-2.34324
 30
0.0
 10
4.48505
 20
-2.34324
 30
0.0
 10
4.49916
 20
-2.37146
 30
0.0
 10
4.49916
 20
-2.37146
 30
0.0
 10
4.49916
 20
-2.37146
 30
0.0
 10
4.5168
 20
-2.39616
 30
0.0
 10
4.5168
 20
-2.39616
 30
0.0
 10
4.5168
 20
-2.39616
 30
0.0
 10
4.54149
 20
-2.42085
 30
0.0
 10
4.54149
 20
-2.42085
 30
0.0
 10
4.54149
 20
-2.42085
 30
0.0
 10
4.56619
 20
-2.43849
 30
0.0
 10
4.56619
 20
-2.43849
 30
0.0
 10
4.56619
 20
-2.43849
 30
0.0
 10
4.59441
 20
-2.45613
 30
0.0
 10
4.59441
 20
-2.45613
 30
0.0
 10
4.59441
 20
-2.45613
 30
0.0
 10
4.62616
 20
-2.46671
 30
0.0
 10
4.62616
 20
-2.46671
 30
0.0
 10
4.62616
 20
-2.46671
 30
0.0
 10
4.65791
 20
-2.47377
 30
0.0
 10
4.65791
 20
-2.47377
 30
0.0
 10
4.65791
 20
-2.47377
 30
0.0
 10
4.68966
 20
-2.47377
 30
0.0
 10
4.68966
 20
-2.47377
 30
0.0
 10
4.68966
 20
-2.47377
 30
0.0
 10
4.72141
 20
-2.47377
 30
0.0
 10
4.72141
 20
-2.47377
 30
0.0
 10
4.72141
 20
-2.47377
 30
0.0
 10
4.75316
 20
-2.46671
 30
0.0
 10
4.75316
 20
-2.46671
 30
0.0
 10
4.75316
 20
-2.46671
 30
0.0
 10
4.78138
 20
-2.45613
 30
0.0
 10
4.78138
 20
-2.45613
 30
0.0
 10
4.78138
 20
-2.45613
 30
0.0
 10
4.8096
 20
-2.43849
 30
0.0
 10
4.8096
 20
-2.43849
 30
0.0
 10
4.8096
 20
-2.43849
 30
0.0
 10
4.8343
 20
-2.42085
 30
0.0
 10
4.8343
 20
-2.42085
 30
0.0
 10
4.8343
 20
-2.42085
 30
0.0
 10
4.85899
 20
-2.39616
 30
0.0
 10
4.85899
 20
-2.39616
 30
0.0
 10
4.85899
 20
-2.39616
 30
0.0
 10
4.87663
 20
-2.37146
 30
0.0
 10
4.87663
 20
-2.37146
 30
0.0
 10
4.87663
 20
-2.37146
 30
0.0
 10
4.89427
 20
-2.34324
 30
0.0
 10
4.89427
 20
-2.34324
 30
0.0
 10
4.89427
 20
-2.34324
 30
0.0
 10
4.90485
 20
-2.31502
 30
0.0
 10
4.90485
 20
-2.31502
 30
0.0
 10
4.90485
 20
-2.31502
 30
0.0
 10
4.91191
 20
-2.28327
 30
0.0
 10
4.91191
 20
-2.28327
 30
0.0
 10
4.91191
 20
-2.28327
 30
0.0
 10
4.91191
 20
-2.25152
 30
0.0
 10
4.91191
 20
-2.25152
 30
0.0
 10
4.91191
 20
-2.25152
 30
0.0
 10
4.91191
 20
-2.21977
 30
0.0
 10
4.91191
 20
-2.21977
 30
0.0
 10
4.91191
 20
-2.21977
 30
0.0
 10
4.90485
 20
-2.18802
 30
0.0
 10
4.90485
 20
-2.18802
 30
0.0
 10
4.90485
 20
-2.18802
 30
0.0
 10
4.89427
 20
-2.15627
 30
0.0
 10
4.89427
 20
-2.15627
 30
0.0
 10
4.89427
 20
-2.15627
 30
0.0
 10
4.87663
 20
-2.12804
 30
0.0
 10
4.87663
 20
-2.12804
 30
0.0
 10
4.87663
 20
-2.12804
 30
0.0
 10
4.85899
 20
-2.10335
 30
0.0
 10
4.85899
 20
-2.10335
 30
0.0
 10
4.85899
 20
-2.10335
 30
0.0
 10
4.8343
 20
-2.07866
 30
0.0
 10
4.8343
 20
-2.07866
 30
0.0
 10
4.8343
 20
-2.07866
 30
0.0
 10
4.8096
 20
-2.06102
 30
0.0
 10
4.8096
 20
-2.06102
 30
0.0
 10
4.8096
 20
-2.06102
 30
0.0
 10
4.78138
 20
-2.0469
 30
0.0
 10
4.78138
 20
-2.0469
 30
0.0
 10
4.78138
 20
-2.0469
 30
0.0
 10
4.75316
 20
-2.03279
 30
0.0
 10
4.75316
 20
-2.03279
 30
0.0
 10
4.75316
 20
-2.03279
 30
0.0
 10
4.72141
 20
-2.02927
 30
0.0
 10
4.72141
 20
-2.02927
 30
0.0
 10
4.72141
 20
-2.02927
 30
0.0
 10
4.68966
 20
-2.02574
 30
0.0
 10
4.68966
 20
-2.02574
 30
0.0
  0
SPLINE
  5
268
330
1F
100
AcDbEntity
  8
Camada 1
 62
   251
370
     9
100
AcDbSpline
210
0.0
220
0.0
230
1.0
 70
    24
 71
     3
 72
     8
 73
     4
 74
     0
 42
0.0000000001
 43
0.0000000001
 40
0.0
 40
0.0
 40
0.0
 40
0.0
 40
1.0
 40
1.0
 40
1.0
 40
1.0
 10
8.45027
 20
3.39645
 30
0.0
 10
8.45027
 20
3.39645
 30
0.0
 10
8.45027
 20
1.17748
 30
0.0
 10
8.45027
 20
1.17748
 30
0.0
  0
SPLINE
  5
269
330
1F
100
AcDbEntity
  8
Camada 1
 62
   251
370
     9
100
AcDbSpline
210
0.0
220
0.0
230
1.0
 70
    24
 71
     3
 72
    14
 73
    10
 74
     0
 42
0.0000000001
 43
0.0000000001
 40
0.0
 40
0.0
 40
0.0
 40
0.0
 40
0.3333333333333333
 40
0.3333333333333333
 40
0.3333333333333333
 40
0.6666666666666666
 40
0.6666666666666666
 40
0.6666666666666666
 40
1.0
 40
1.0
 40
1.0
 40
1.0
 10
8.45027
 20
1.17748
 30
0.0
 10
8.45027
 20
1.17748
 30
0.0
 10
8.44674
 20
1.17748
 30
0.0
 10
8.44674
 20
1.17748
 30
0.0
 10
8.44674
 20
1.17748
 30
0.0
 10
8.44322
 20
1.17748
 30
0.0
 10
8.44322
 20
1.17748
 30
0.0
 10
8.44322
 20
1.17748
 30
0.0
 10
8.43969
 20
1.17748
 30
0.0
 10
8.43969
 20
1.17748
 30
0.0
  0
SPLINE
  5
26A
330
1F
100
AcDbEntity
  8
Camada 1
 62
   251
370
     9
100
AcDbSpline
210
0.0
220
0.0
230
1.0
 70
    24
 71
     3
 72
     8
 73
     4
 74
     0
 42
0.0000000001
 43
0.0000000001
 40
0.0
 40
0.0
 40
0.0
 40
0.0
 40
1.0
 40
1.0
 40
1.0
 40
1.0
 10
8.43969
 20
1.17748
 30
0.0
 10
8.43969
 20
1.17748
 30
0.0
 10
8.43969
 20
3.39645
 30
0.0
 10
8.43969
 20
3.39645
 30
0.0
  0
SPLINE
  5
26B
330
1F
100
AcDbEntity
  8
Camada 1
 62
   251
370
     9
100
AcDbSpline
210
0.0
220
0.0
230
1.0
 70
    24
 71
     3
 72
    14
 73
    10
 74
     0
 42
0.0000000001
 43
0.0000000001
 40
0.0
 40
0.0
 40
0.0
 40
0.0
 40
0.3333333333333333
 40
0.3333333333333333
 40
0.3333333333333333
 40
0.6666666666666666
 40
0.6666666666666666
 40
0.6666666666666666
 40
1.0
 40
1.0
 40
1.0
 40
1.0
 10
8.45027
 20
3.39645
 30
0.0
 10
8.45027
 20
3.39645
 30
0.0
 10
8.44674
 20
3.39645
 30
0.0
 10
8.44674
 20
3.39645
 30
0.0
 10
8.44674
 20
3.39645
 30
0.0
 10
8.44322
 20
3.39645
 30
0.0
 10
8.44322
 20
3.39645
 30
0.0
 10
8.44322
 20
3.39645
 30
0.0
 10
8.43969
 20
3.39645
 30
0.0
 10
8.43969
 20
3.39645
 30
0.0
  0
SPLINE
  5
26C
330
1F
100
AcDbEntity
  8
Camada 1
 62
   251
370
     9
100
AcDbSpline
210
0.0
220
0.0
230
1.0
 70
    24
 71
     3
 72
     8
 73
     4
 74
     0
 42
0.0000000001
 43
0.0000000001
 40
0.0
 40
0.0
 40
0.0
 40
0.0
 40
1.0
 40
1.0
 40
1.0
 40
1.0
 10
12.94113
 20
3.39645
 30
0.0
 10
12.94113
 20
3.39645
 30
0.0
 10
12.94113
 20
1.17748
 30
0.0
 10
12.94113
 20
1.17748
 30
0.0
  0
SPLINE
  5
26D
330
1F
100
AcDbEntity
  8
Camada 1
 62
   251
370
     9
100
AcDbSpline
210
0.0
220
0.0
230
1.0
 70
    24
 71
     3
 72
    17
 73
    13
 74
     0
 42
0.0000000001
 43
0.0000000001
 40
0.0
 40
0.0
 40
0.0
 40
0.0
 40
0.25
 40
0.25
 40
0.25
 40
0.5
 40
0.5
 40
0.5
 40
0.75
 40
0.75
 40
0.75
 40
1.0
 40
1.0
 40
1.0
 40
1.0
 10
12.94113
 20
1.17748
 30
0.0
 10
12.94113
 20
1.17748
 30
0.0
 10
12.94113
 20
1.17748
 30
0.0
 10
12.94113
 20
1.17748
 30
0.0
 10
12.94113
 20
1.17748
 30
0.0
 10
12.93761
 20
1.17748
 30
0.0
 10
12.93761
 20
1.17748
 30
0.0
 10
12.93761
 20
1.17748
 30
0.0
 10
12.93408
 20
1.17748
 30
0.0
 10
12.93408
 20
1.17748
 30
0.0
 10
12.93408
 20
1.17748
 30
0.0
 10
12.93055
 20
1.17748
 30
0.0
 10
12.93055
 20
1.17748
 30
0.0
  0
SPLINE
  5
26E
330
1F
100
AcDbEntity
  8
Camada 1
 62
   251
370
     9
100
AcDbSpline
210
0.0
220
0.0
230
1.0
 70
    24
 71
     3
 72
     8
 73
     4
 74
     0
 42
0.0000000001
 43
0.0000000001
 40
0.0
 40
0.0
 40
0.0
 40
0.0
 40
1.0
 40
1.0
 40
1.0
 40
1.0
 10
12.93055
 20
1.17748
 30
0.0
 10
12.93055
 20
1.17748
 30
0.0
 10
12.93055
 20
3.39645
 30
0.0
 10
12.93055
 20
3.39645
 30
0.0
  0
SPLINE
  5
26F
330
1F
100
AcDbEntity
  8
Camada 1
 62
   251
370
     9
100
AcDbSpline
210
0.0
220
0.0
230
1.0
 70
    24
 71
     3
 72
    17
 73
    13
 74
     0
 42
0.0000000001
 43
0.0000000001
 40
0.0
 40
0.0
 40
0.0
 40
0.0
 40
0.25
 40
0.25
 40
0.25
 40
0.5
 40
0.5
 40
0.5
 40
0.75
 40
0.75
 40
0.75
 40
1.0
 40
1.0
 40
1.0
 40
1.0
 10
12.94113
 20
3.39645
 30
0.0
 10
12.94113
 20
3.39645
 30
0.0
 10
12.94113
 20
3.39645
 30
0.0
 10
12.94113
 20
3.39645
 30
0.0
 10
12.94113
 20
3.39645
 30
0.0
 10
12.93761
 20
3.39645
 30
0.0
 10
12.93761
 20
3.39645
 30
0.0
 10
12.93761
 20
3.39645
 30
0.0
 10
12.93408
 20
3.39645
 30
0.0
 10
12.93408
 20
3.39645
 30
0.0
 10
12.93408
 20
3.39645
 30
0.0
 10
12.93055
 20
3.39645
 30
0.0
 10
12.93055
 20
3.39645
 30
0.0
  0
SPLINE
  5
270
330
1F
100
AcDbEntity
  8
Camada 1
 62
   251
370
     9
100
AcDbSpline
210
0.0
220
0.0
230
1.0
 70
     8
 71
     3
 72
    14
 73
    10
 74
     0
 42
0.0000000001
 43
0.0000000001
 40
0.0
 40
0.0
 40
0.0
 40
0.0
 40
0.3333333333333333
 40
0.3333333333333333
 40
0.3333333333333333
 40
0.6666666666666666
 40
0.6666666666666666
 40
0.6666666666666666
 40
1.0
 40
1.0
 40
1.0
 40
1.0
 10
8.45027
 20
1.17748
 30
0.0
 10
8.45027
 20
1.17748
 30
0.0
 10
8.45027
 20
1.17395
 30
0.0
 10
8.45027
 20
1.17395
 30
0.0
 10
8.45027
 20
1.17395
 30
0.0
 10
8.4538
 20
1.17395
 30
0.0
 10
8.4538
 20
1.17395
 30
0.0
 10
8.4538
 20
1.17395
 30
0.0
 10
8.4538
 20
1.17043
 30
0.0
 10
8.4538
 20
1.17043
 30
0.0
  0
SPLINE
  5
271
330
1F
100
AcDbEntity
  8
Camada 1
 62
   251
370
     9
100
AcDbSpline
210
0.0
220
0.0
230
1.0
 70
    24
 71
     3
 72
    17
 73
    13
 74
     0
 42
0.0000000001
 43
0.0000000001
 40
0.0
 40
0.0
 40
0.0
 40
0.0
 40
0.25
 40
0.25
 40
0.25
 40
0.5
 40
0.5
 40
0.5
 40
0.75
 40
0.75
 40
0.75
 40
1.0
 40
1.0
 40
1.0
 40
1.0
 10
8.4538
 20
1.17043
 30
0.0
 10
8.4538
 20
1.17043
 30
0.0
 10
8.4538
 20
1.17043
 30
0.0
 10
8.4538
 20
1.17043
 30
0.0
 10
8.4538
 20
1.17043
 30
0.0
 10
8.4538
 20
1.1669
 30
0.0
 10
8.4538
 20
1.1669
 30
0.0
 10
8.4538
 20
1.1669
 30
0.0
 10
8.4538
 20
1.16337
 30
0.0
 10
8.4538
 20
1.16337
 30
0.0
 10
8.4538
 20
1.16337
 30
0.0
 10
8.4538
 20
1.15984
 30
0.0
 10
8.4538
 20
1.15984
 30
0.0
  0
SPLINE
  5
272
330
1F
100
AcDbEntity
  8
Camada 1
 62
   251
370
     9
100
AcDbSpline
210
0.0
220
0.0
230
1.0
 70
     8
 71
     3
 72
    26
 73
    22
 74
     0
 42
0.0000000001
 43
0.0000000001
 40
0.0
 40
0.0
 40
0.0
 40
0.0
 40
0.1428571428571428
 40
0.1428571428571428
 40
0.1428571428571428
 40
0.2857142857142857
 40
0.2857142857142857
 40
0.2857142857142857
 40
0.4285714285714285
 40
0.4285714285714285
 40
0.4285714285714285
 40
0.5714285714285714
 40
0.5714285714285714
 40
0.5714285714285714
 40
0.7142857142857142
 40
0.7142857142857142
 40
0.7142857142857142
 40
0.8571428571428571
 40
0.8571428571428571
 40
0.8571428571428571
 40
1.0
 40
1.0
 40
1.0
 40
1.0
 10
8.4538
 20
1.15984
 30
0.0
 10
8.4538
 20
1.15984
 30
0.0
 10
8.4538
 20
1.16337
 30
0.0
 10
8.4538
 20
1.16337
 30
0.0
 10
8.4538
 20
1.16337
 30
0.0
 10
8.45027
 20
1.16337
 30
0.0
 10
8.45027
 20
1.16337
 30
0.0
 10
8.45027
 20
1.16337
 30
0.0
 10
8.44674
 20
1.16337
 30
0.0
 10
8.44674
 20
1.16337
 30
0.0
 10
8.44674
 20
1.16337
 30
0.0
 10
8.44322
 20
1.1669
 30
0.0
 10
8.44322
 20
1.1669
 30
0.0
 10
8.44322
 20
1.1669
 30
0.0
 10
8.43969
 20
1.17043
 30
0.0
 10
8.43969
 20
1.17043
 30
0.0
 10
8.43969
 20
1.17043
 30
0.0
 10
8.43969
 20
1.17395
 30
0.0
 10
8.43969
 20
1.17395
 30
0.0
 10
8.43969
 20
1.17395
 30
0.0
 10
8.43969
 20
1.17748
 30
0.0
 10
8.43969
 20
1.17748
 30
0.0
  0
SPLINE
  5
273
330
1F
100
AcDbEntity
  8
Camada 1
 62
   251
370
     9
100
AcDbSpline
210
0.0
220
0.0
230
1.0
 70
     8
 71
     3
 72
    29
 73
    25
 74
     0
 42
0.0000000001
 43
0.0000000001
 40
0.0
 40
0.0
 40
0.0
 40
0.0
 40
0.125
 40
0.125
 40
0.125
 40
0.25
 40
0.25
 40
0.25
 40
0.375
 40
0.375
 40
0.375
 40
0.5
 40
0.5
 40
0.5
 40
0.625
 40
0.625
 40
0.625
 40
0.75
 40
0.75
 40
0.75
 40
0.875
 40
0.875
 40
0.875
 40
1.0
 40
1.0
 40
1.0
 40
1.0
 10
12.94113
 20
1.17748
 30
0.0
 10
12.94113
 20
1.17748
 30
0.0
 10
12.94113
 20
1.17395
 30
0.0
 10
12.94113
 20
1.17395
 30
0.0
 10
12.94113
 20
1.17395
 30
0.0
 10
12.93761
 20
1.17043
 30
0.0
 10
12.93761
 20
1.17043
 30
0.0
 10
12.93761
 20
1.17043
 30
0.0
 10
12.93761
 20
1.1669
 30
0.0
 10
12.93761
 20
1.1669
 30
0.0
 10
12.93761
 20
1.1669
 30
0.0
 10
12.93408
 20
1.1669
 30
0.0
 10
12.93408
 20
1.1669
 30
0.0
 10
12.93408
 20
1.1669
 30
0.0
 10
12.93408
 20
1.16337
 30
0.0
 10
12.93408
 20
1.16337
 30
0.0
 10
12.93408
 20
1.16337
 30
0.0
 10
12.93055
 20
1.16337
 30
0.0
 10
12.93055
 20
1.16337
 30
0.0
 10
12.93055
 20
1.16337
 30
0.0
 10
12.92702
 20
1.16337
 30
0.0
 10
12.92702
 20
1.16337
 30
0.0
 10
12.92702
 20
1.16337
 30
0.0
 10
12.92349
 20
1.15984
 30
0.0
 10
12.92349
 20
1.15984
 30
0.0
  0
SPLINE
  5
274
330
1F
100
AcDbEntity
  8
Camada 1
 62
   251
370
     9
100
AcDbSpline
210
0.0
220
0.0
230
1.0
 70
    24
 71
     3
 72
    14
 73
    10
 74
     0
 42
0.0000000001
 43
0.0000000001
 40
0.0
 40
0.0
 40
0.0
 40
0.0
 40
0.3333333333333333
 40
0.3333333333333333
 40
0.3333333333333333
 40
0.6666666666666666
 40
0.6666666666666666
 40
0.6666666666666666
 40
1.0
 40
1.0
 40
1.0
 40
1.0
 10
12.92349
 20
1.15984
 30
0.0
 10
12.92349
 20
1.15984
 30
0.0
 10
12.92349
 20
1.16337
 30
0.0
 10
12.92349
 20
1.16337
 30
0.0
 10
12.92349
 20
1.16337
 30
0.0
 10
12.92349
 20
1.1669
 30
0.0
 10
12.92349
 20
1.1669
 30
0.0
 10
12.92349
 20
1.1669
 30
0.0
 10
12.92349
 20
1.17043
 30
0.0
 10
12.92349
 20
1.17043
 30
0.0
  0
SPLINE
  5
275
330
1F
100
AcDbEntity
  8
Camada 1
 62
   251
370
     9
100
AcDbSpline
210
0.0
220
0.0
230
1.0
 70
     8
 71
     3
 72
    17
 73
    13
 74
     0
 42
0.0000000001
 43
0.0000000001
 40
0.0
 40
0.0
 40
0.0
 40
0.0
 40
0.25
 40
0.25
 40
0.25
 40
0.5
 40
0.5
 40
0.5
 40
0.75
 40
0.75
 40
0.75
 40
1.0
 40
1.0
 40
1.0
 40
1.0
 10
12.92349
 20
1.17043
 30
0.0
 10
12.92349
 20
1.17043
 30
0.0
 10
12.92702
 20
1.17043
 30
0.0
 10
12.92702
 20
1.17043
 30
0.0
 10
12.92702
 20
1.17043
 30
0.0
 10
12.92702
 20
1.17395
 30
0.0
 10
12.92702
 20
1.17395
 30
0.0
 10
12.92702
 20
1.17395
 30
0.0
 10
12.93055
 20
1.17395
 30
0.0
 10
12.93055
 20
1.17395
 30
0.0
 10
12.93055
 20
1.17395
 30
0.0
 10
12.93055
 20
1.17748
 30
0.0
 10
12.93055
 20
1.17748
 30
0.0
  0
SPLINE
  5
276
330
1F
100
AcDbEntity
  8
Camada 1
 62
   251
370
     9
100
AcDbSpline
210
0.0
220
0.0
230
1.0
 70
    24
 71
     3
 72
     8
 73
     4
 74
     0
 42
0.0000000001
 43
0.0000000001
 40
0.0
 40
0.0
 40
0.0
 40
0.0
 40
1.0
 40
1.0
 40
1.0
 40
1.0
 10
8.4538
 20
1.17043
 30
0.0
 10
8.4538
 20
1.17043
 30
0.0
 10
12.92349
 20
1.17043
 30
0.0
 10
12.92349
 20
1.17043
 30
0.0
  0
SPLINE
  5
277
330
1F
100
AcDbEntity
  8
Camada 1
 62
   251
370
     9
100
AcDbSpline
210
0.0
220
0.0
230
1.0
 70
    24
 71
     3
 72
     8
 73
     4
 74
     0
 42
0.0000000001
 43
0.0000000001
 40
0.0
 40
0.0
 40
0.0
 40
0.0
 40
1.0
 40
1.0
 40
1.0
 40
1.0
 10
12.92349
 20
1.15984
 30
0.0
 10
12.92349
 20
1.15984
 30
0.0
 10
8.4538
 20
1.15984
 30
0.0
 10
8.4538
 20
1.15984
 30
0.0
  0
SPLINE
  5
278
330
1F
100
AcDbEntity
  8
Camada 1
 62
   251
370
     9
100
AcDbSpline
210
0.0
220
0.0
230
1.0
 70
    24
 71
     3
 72
     8
 73
     4
 74
     0
 42
0.0000000001
 43
0.0000000001
 40
0.0
 40
0.0
 40
0.0
 40
0.0
 40
1.0
 40
1.0
 40
1.0
 40
1.0
 10
12.92349
 20
3.39998
 30
0.0
 10
12.92349
 20
3.39998
 30
0.0
 10
8.4538
 20
3.39998
 30
0.0
 10
8.4538
 20
3.39998
 30
0.0
  0
SPLINE
  5
279
330
1F
100
AcDbEntity
  8
Camada 1
 62
   251
370
     9
100
AcDbSpline
210
0.0
220
0.0
230
1.0
 70
    24
 71
     3
 72
    14
 73
    10
 74
     0
 42
0.0000000001
 43
0.0000000001
 40
0.0
 40
0.0
 40
0.0
 40
0.0
 40
0.3333333333333333
 40
0.3333333333333333
 40
0.3333333333333333
 40
0.6666666666666666
 40
0.6666666666666666
 40
0.6666666666666666
 40
1.0
 40
1.0
 40
1.0
 40
1.0
 10
8.4538
 20
3.39998
 30
0.0
 10
8.4538
 20
3.39998
 30
0.0
 10
8.4538
 20
3.40351
 30
0.0
 10
8.4538
 20
3.40351
 30
0.0
 10
8.4538
 20
3.40351
 30
0.0
 10
8.4538
 20
3.40704
 30
0.0
 10
8.4538
 20
3.40704
 30
0.0
 10
8.4538
 20
3.40704
 30
0.0
 10
8.4538
 20
3.41057
 30
0.0
 10
8.4538
 20
3.41057
 30
0.0
  0
SPLINE
  5
27A
330
1F
100
AcDbEntity
  8
Camada 1
 62
   251
370
     9
100
AcDbSpline
210
0.0
220
0.0
230
1.0
 70
    24
 71
     3
 72
     8
 73
     4
 74
     0
 42
0.0000000001
 43
0.0000000001
 40
0.0
 40
0.0
 40
0.0
 40
0.0
 40
1.0
 40
1.0
 40
1.0
 40
1.0
 10
8.4538
 20
3.41057
 30
0.0
 10
8.4538
 20
3.41057
 30
0.0
 10
12.92349
 20
3.41057
 30
0.0
 10
12.92349
 20
3.41057
 30
0.0
  0
SPLINE
  5
27B
330
1F
100
AcDbEntity
  8
Camada 1
 62
   251
370
     9
100
AcDbSpline
210
0.0
220
0.0
230
1.0
 70
    24
 71
     3
 72
    17
 73
    13
 74
     0
 42
0.0000000001
 43
0.0000000001
 40
0.0
 40
0.0
 40
0.0
 40
0.0
 40
0.25
 40
0.25
 40
0.25
 40
0.5
 40
0.5
 40
0.5
 40
0.75
 40
0.75
 40
0.75
 40
1.0
 40
1.0
 40
1.0
 40
1.0
 10
12.92349
 20
3.41057
 30
0.0
 10
12.92349
 20
3.41057
 30
0.0
 10
12.92349
 20
3.41057
 30
0.0
 10
12.92349
 20
3.41057
 30
0.0
 10
12.92349
 20
3.41057
 30
0.0
 10
12.92349
 20
3.40704
 30
0.0
 10
12.92349
 20
3.40704
 30
0.0
 10
12.92349
 20
3.40704
 30
0.0
 10
12.92349
 20
3.40351
 30
0.0
 10
12.92349
 20
3.40351
 30
0.0
 10
12.92349
 20
3.40351
 30
0.0
 10
12.92349
 20
3.39998
 30
0.0
 10
12.92349
 20
3.39998
 30
0.0
  0
SPLINE
  5
27C
330
1F
100
AcDbEntity
  8
Camada 1
 62
   251
370
     9
100
AcDbSpline
210
0.0
220
0.0
230
1.0
 70
     8
 71
     3
 72
    14
 73
    10
 74
     0
 42
0.0000000001
 43
0.0000000001
 40
0.0
 40
0.0
 40
0.0
 40
0.0
 40
0.3333333333333333
 40
0.3333333333333333
 40
0.3333333333333333
 40
0.6666666666666666
 40
0.6666666666666666
 40
0.6666666666666666
 40
1.0
 40
1.0
 40
1.0
 40
1.0
 10
8.4538
 20
3.39998
 30
0.0
 10
8.4538
 20
3.39998
 30
0.0
 10
8.4538
 20
3.39998
 30
0.0
 10
8.4538
 20
3.39998
 30
0.0
 10
8.4538
 20
3.39998
 30
0.0
 10
8.45027
 20
3.39998
 30
0.0
 10
8.45027
 20
3.39998
 30
0.0
 10
8.45027
 20
3.39998
 30
0.0
 10
8.45027
 20
3.39645
 30
0.0
 10
8.45027
 20
3.39645
 30
0.0
  0
SPLINE
  5
27D
330
1F
100
AcDbEntity
  8
Camada 1
 62
   251
370
     9
100
AcDbSpline
210
0.0
220
0.0
230
1.0
 70
     8
 71
     3
 72
    26
 73
    22
 74
     0
 42
0.0000000001
 43
0.0000000001
 40
0.0
 40
0.0
 40
0.0
 40
0.0
 40
0.1428571428571428
 40
0.1428571428571428
 40
0.1428571428571428
 40
0.2857142857142857
 40
0.2857142857142857
 40
0.2857142857142857
 40
0.4285714285714285
 40
0.4285714285714285
 40
0.4285714285714285
 40
0.5714285714285714
 40
0.5714285714285714
 40
0.5714285714285714
 40
0.7142857142857142
 40
0.7142857142857142
 40
0.7142857142857142
 40
0.8571428571428571
 40
0.8571428571428571
 40
0.8571428571428571
 40
1.0
 40
1.0
 40
1.0
 40
1.0
 10
8.43969
 20
3.39645
 30
0.0
 10
8.43969
 20
3.39645
 30
0.0
 10
8.43969
 20
3.39998
 30
0.0
 10
8.43969
 20
3.39998
 30
0.0
 10
8.43969
 20
3.39998
 30
0.0
 10
8.43969
 20
3.40351
 30
0.0
 10
8.43969
 20
3.40351
 30
0.0
 10
8.43969
 20
3.40351
 30
0.0
 10
8.44322
 20
3.40351
 30
0.0
 10
8.44322
 20
3.40351
 30
0.0
 10
8.44322
 20
3.40351
 30
0.0
 10
8.44322
 20
3.40704
 30
0.0
 10
8.44322
 20
3.40704
 30
0.0
 10
8.44322
 20
3.40704
 30
0.0
 10
8.44674
 20
3.40704
 30
0.0
 10
8.44674
 20
3.40704
 30
0.0
 10
8.44674
 20
3.40704
 30
0.0
 10
8.45027
 20
3.41057
 30
0.0
 10
8.45027
 20
3.41057
 30
0.0
 10
8.45027
 20
3.41057
 30
0.0
 10
8.4538
 20
3.41057
 30
0.0
 10
8.4538
 20
3.41057
 30
0.0
  0
SPLINE
  5
27E
330
1F
100
AcDbEntity
  8
Camada 1
 62
   251
370
     9
100
AcDbSpline
210
0.0
220
0.0
230
1.0
 70
     8
 71
     3
 72
    23
 73
    19
 74
     0
 42
0.0000000001
 43
0.0000000001
 40
0.0
 40
0.0
 40
0.0
 40
0.0
 40
0.1666666666666667
 40
0.1666666666666667
 40
0.1666666666666667
 40
0.3333333333333333
 40
0.3333333333333333
 40
0.3333333333333333
 40
0.5
 40
0.5
 40
0.5
 40
0.6666666666666666
 40
0.6666666666666666
 40
0.6666666666666666
 40
0.8333333333333333
 40
0.8333333333333333
 40
0.8333333333333333
 40
1.0
 40
1.0
 40
1.0
 40
1.0
 10
12.92349
 20
3.41057
 30
0.0
 10
12.92349
 20
3.41057
 30
0.0
 10
12.92702
 20
3.41057
 30
0.0
 10
12.92702
 20
3.41057
 30
0.0
 10
12.92702
 20
3.41057
 30
0.0
 10
12.93055
 20
3.41057
 30
0.0
 10
12.93055
 20
3.41057
 30
0.0
 10
12.93055
 20
3.41057
 30
0.0
 10
12.93408
 20
3.40704
 30
0.0
 10
12.93408
 20
3.40704
 30
0.0
 10
12.93408
 20
3.40704
 30
0.0
 10
12.93761
 20
3.40351
 30
0.0
 10
12.93761
 20
3.40351
 30
0.0
 10
12.93761
 20
3.40351
 30
0.0
 10
12.94113
 20
3.39998
 30
0.0
 10
12.94113
 20
3.39998
 30
0.0
 10
12.94113
 20
3.39998
 30
0.0
 10
12.94113
 20
3.39645
 30
0.0
 10
12.94113
 20
3.39645
 30
0.0
  0
SPLINE
  5
27F
330
1F
100
AcDbEntity
  8
Camada 1
 62
   251
370
     9
100
AcDbSpline
210
0.0
220
0.0
230
1.0
 70
     8
 71
     3
 72
    17
 73
    13
 74
     0
 42
0.0000000001
 43
0.0000000001
 40
0.0
 40
0.0
 40
0.0
 40
0.0
 40
0.25
 40
0.25
 40
0.25
 40
0.5
 40
0.5
 40
0.5
 40
0.75
 40
0.75
 40
0.75
 40
1.0
 40
1.0
 40
1.0
 40
1.0
 10
12.93055
 20
3.39645
 30
0.0
 10
12.93055
 20
3.39645
 30
0.0
 10
12.93055
 20
3.39645
 30
0.0
 10
12.93055
 20
3.39645
 30
0.0
 10
12.93055
 20
3.39645
 30
0.0
 10
12.93055
 20
3.39998
 30
0.0
 10
12.93055
 20
3.39998
 30
0.0
 10
12.93055
 20
3.39998
 30
0.0
 10
12.92702
 20
3.39998
 30
0.0
 10
12.92702
 20
3.39998
 30
0.0
 10
12.92702
 20
3.39998
 30
0.0
 10
12.92349
 20
3.39998
 30
0.0
 10
12.92349
 20
3.39998
 30
0.0
  0
SPLINE
  5
280
330
1F
100
AcDbEntity
  8
Camada 1
 62
   251
370
     9
100
AcDbSpline
210
0.0
220
0.0
230
1.0
 70
     8
 71
     3
 72
    29
 73
    25
 74
     0
 42
0.0000000001
 43
0.0000000001
 40
0.0
 40
0.0
 40
0.0
 40
0.0
 40
0.125
 40
0.125
 40
0.125
 40
0.25
 40
0.25
 40
0.25
 40
0.375
 40
0.375
 40
0.375
 40
0.5
 40
0.5
 40
0.5
 40
0.625
 40
0.625
 40
0.625
 40
0.75
 40
0.75
 40
0.75
 40
0.875
 40
0.875
 40
0.875
 40
1.0
 40
1.0
 40
1.0
 40
1.0
 10
9.61091
 20
1.40679
 30
0.0
 10
9.61091
 20
1.40679
 30
0.0
 10
9.61797
 20
1.39973
 30
0.0
 10
9.61797
 20
1.39973
 30
0.0
 10
9.61797
 20
1.39973
 30
0.0
 10
9.62502
 20
1.39268
 30
0.0
 10
9.62502
 20
1.39268
 30
0.0
 10
9.62502
 20
1.39268
 30
0.0
 10
9.63561
 20
1.38915
 30
0.0
 10
9.63561
 20
1.38915
 30
0.0
 10
9.63561
 20
1.38915
 30
0.0
 10
9.64266
 20
1.38562
 30
0.0
 10
9.64266
 20
1.38562
 30
0.0
 10
9.64266
 20
1.38562
 30
0.0
 10
9.65324
 20
1.38209
 30
0.0
 10
9.65324
 20
1.38209
 30
0.0
 10
9.65324
 20
1.38209
 30
0.0
 10
9.6603
 20
1.37857
 30
0.0
 10
9.6603
 20
1.37857
 30
0.0
 10
9.6603
 20
1.37857
 30
0.0
 10
9.67088
 20
1.37504
 30
0.0
 10
9.67088
 20
1.37504
 30
0.0
 10
9.67088
 20
1.37504
 30
0.0
 10
9.68147
 20
1.37504
 30
0.0
 10
9.68147
 20
1.37504
 30
0.0
  0
SPLINE
  5
281
330
1F
100
AcDbEntity
  8
Camada 1
 62
   251
370
     9
100
AcDbSpline
210
0.0
220
0.0
230
1.0
 70
    24
 71
     3
 72
     8
 73
     4
 74
     0
 42
0.0000000001
 43
0.0000000001
 40
0.0
 40
0.0
 40
0.0
 40
0.0
 40
1.0
 40
1.0
 40
1.0
 40
1.0
 10
9.68147
 20
1.37504
 30
0.0
 10
9.68147
 20
1.37504
 30
0.0
 10
11.69936
 20
1.37504
 30
0.0
 10
11.69936
 20
1.37504
 30
0.0
  0
SPLINE
  5
282
330
1F
100
AcDbEntity
  8
Camada 1
 62
   251
370
     9
100
AcDbSpline
210
0.0
220
0.0
230
1.0
 70
     8
 71
     3
 72
    29
 73
    25
 74
     0
 42
0.0000000001
 43
0.0000000001
 40
0.0
 40
0.0
 40
0.0
 40
0.0
 40
0.125
 40
0.125
 40
0.125
 40
0.25
 40
0.25
 40
0.25
 40
0.375
 40
0.375
 40
0.375
 40
0.5
 40
0.5
 40
0.5
 40
0.625
 40
0.625
 40
0.625
 40
0.75
 40
0.75
 40
0.75
 40
0.875
 40
0.875
 40
0.875
 40
1.0
 40
1.0
 40
1.0
 40
1.0
 10
11.69936
 20
1.37504
 30
0.0
 10
11.69936
 20
1.37504
 30
0.0
 10
11.70994
 20
1.37504
 30
0.0
 10
11.70994
 20
1.37504
 30
0.0
 10
11.70994
 20
1.37504
 30
0.0
 10
11.71699
 20
1.37857
 30
0.0
 10
11.71699
 20
1.37857
 30
0.0
 10
11.71699
 20
1.37857
 30
0.0
 10
11.72758
 20
1.38209
 30
0.0
 10
11.72758
 20
1.38209
 30
0.0
 10
11.72758
 20
1.38209
 30
0.0
 10
11.73816
 20
1.38562
 30
0.0
 10
11.73816
 20
1.38562
 30
0.0
 10
11.73816
 20
1.38562
 30
0.0
 10
11.74522
 20
1.38915
 30
0.0
 10
11.74522
 20
1.38915
 30
0.0
 10
11.74522
 20
1.38915
 30
0.0
 10
11.7558
 20
1.39268
 30
0.0
 10
11.7558
 20
1.39268
 30
0.0
 10
11.7558
 20
1.39268
 30
0.0
 10
11.76286
 20
1.39973
 30
0.0
 10
11.76286
 20
1.39973
 30
0.0
 10
11.76286
 20
1.39973
 30
0.0
 10
11.76991
 20
1.40679
 30
0.0
 10
11.76991
 20
1.40679
 30
0.0
  0
SPLINE
  5
283
330
1F
100
AcDbEntity
  8
Camada 1
 62
   251
370
     9
100
AcDbSpline
210
0.0
220
0.0
230
1.0
 70
    24
 71
     3
 72
     8
 73
     4
 74
     0
 42
0.0000000001
 43
0.0000000001
 40
0.0
 40
0.0
 40
0.0
 40
0.0
 40
1.0
 40
1.0
 40
1.0
 40
1.0
 10
11.76991
 20
1.40679
 30
0.0
 10
11.76991
 20
1.40679
 30
0.0
 10
12.57777
 20
2.21465
 30
0.0
 10
12.57777
 20
2.21465
 30
0.0
  0
SPLINE
  5
284
330
1F
100
AcDbEntity
  8
Camada 1
 62
   251
370
     9
100
AcDbSpline
210
0.0
220
0.0
230
1.0
 70
     8
 71
     3
 72
    29
 73
    25
 74
     0
 42
0.0000000001
 43
0.0000000001
 40
0.0
 40
0.0
 40
0.0
 40
0.0
 40
0.125
 40
0.125
 40
0.125
 40
0.25
 40
0.25
 40
0.25
 40
0.375
 40
0.375
 40
0.375
 40
0.5
 40
0.5
 40
0.5
 40
0.625
 40
0.625
 40
0.625
 40
0.75
 40
0.75
 40
0.75
 40
0.875
 40
0.875
 40
0.875
 40
1.0
 40
1.0
 40
1.0
 40
1.0
 10
12.57777
 20
2.21465
 30
0.0
 10
12.57777
 20
2.21465
 30
0.0
 10
12.59188
 20
2.23229
 30
0.0
 10
12.59188
 20
2.23229
 30
0.0
 10
12.59188
 20
2.23229
 30
0.0
 10
12.60247
 20
2.2464
 30
0.0
 10
12.60247
 20
2.2464
 30
0.0
 10
12.60247
 20
2.2464
 30
0.0
 10
12.60599
 20
2.26756
 30
0.0
 10
12.60599
 20
2.26756
 30
0.0
 10
12.60599
 20
2.26756
 30
0.0
 10
12.60952
 20
2.2852
 30
0.0
 10
12.60952
 20
2.2852
 30
0.0
 10
12.60952
 20
2.2852
 30
0.0
 10
12.60599
 20
2.30637
 30
0.0
 10
12.60599
 20
2.30637
 30
0.0
 10
12.60599
 20
2.30637
 30
0.0
 10
12.60247
 20
2.32401
 30
0.0
 10
12.60247
 20
2.32401
 30
0.0
 10
12.60247
 20
2.32401
 30
0.0
 10
12.59188
 20
2.34165
 30
0.0
 10
12.59188
 20
2.34165
 30
0.0
 10
12.59188
 20
2.34165
 30
0.0
 10
12.57777
 20
2.35576
 30
0.0
 10
12.57777
 20
2.35576
 30
0.0
  0
SPLINE
  5
285
330
1F
100
AcDbEntity
  8
Camada 1
 62
   251
370
     9
100
AcDbSpline
210
0.0
220
0.0
230
1.0
 70
    24
 71
     3
 72
     8
 73
     4
 74
     0
 42
0.0000000001
 43
0.0000000001
 40
0.0
 40
0.0
 40
0.0
 40
0.0
 40
1.0
 40
1.0
 40
1.0
 40
1.0
 10
12.57777
 20
2.35576
 30
0.0
 10
12.57777
 20
2.35576
 30
0.0
 10
11.76991
 20
3.16715
 30
0.0
 10
11.76991
 20
3.16715
 30
0.0
  0
SPLINE
  5
286
330
1F
100
AcDbEntity
  8
Camada 1
 62
   251
370
     9
100
AcDbSpline
210
0.0
220
0.0
230
1.0
 70
     8
 71
     3
 72
    29
 73
    25
 74
     0
 42
0.0000000001
 43
0.0000000001
 40
0.0
 40
0.0
 40
0.0
 40
0.0
 40
0.125
 40
0.125
 40
0.125
 40
0.25
 40
0.25
 40
0.25
 40
0.375
 40
0.375
 40
0.375
 40
0.5
 40
0.5
 40
0.5
 40
0.625
 40
0.625
 40
0.625
 40
0.75
 40
0.75
 40
0.75
 40
0.875
 40
0.875
 40
0.875
 40
1.0
 40
1.0
 40
1.0
 40
1.0
 10
11.76991
 20
3.16715
 30
0.0
 10
11.76991
 20
3.16715
 30
0.0
 10
11.76286
 20
3.1742
 30
0.0
 10
11.76286
 20
3.1742
 30
0.0
 10
11.76286
 20
3.1742
 30
0.0
 10
11.7558
 20
3.17773
 30
0.0
 10
11.7558
 20
3.17773
 30
0.0
 10
11.7558
 20
3.17773
 30
0.0
 10
11.74522
 20
3.18479
 30
0.0
 10
11.74522
 20
3.18479
 30
0.0
 10
11.74522
 20
3.18479
 30
0.0
 10
11.73816
 20
3.18831
 30
0.0
 10
11.73816
 20
3.18831
 30
0.0
 10
11.73816
 20
3.18831
 30
0.0
 10
11.72758
 20
3.19184
 30
0.0
 10
11.72758
 20
3.19184
 30
0.0
 10
11.72758
 20
3.19184
 30
0.0
 10
11.71699
 20
3.19537
 30
0.0
 10
11.71699
 20
3.19537
 30
0.0
 10
11.71699
 20
3.19537
 30
0.0
 10
11.70994
 20
3.19537
 30
0.0
 10
11.70994
 20
3.19537
 30
0.0
 10
11.70994
 20
3.19537
 30
0.0
 10
11.69936
 20
3.19537
 30
0.0
 10
11.69936
 20
3.19537
 30
0.0
  0
SPLINE
  5
287
330
1F
100
AcDbEntity
  8
Camada 1
 62
   251
370
     9
100
AcDbSpline
210
0.0
220
0.0
230
1.0
 70
    24
 71
     3
 72
     8
 73
     4
 74
     0
 42
0.0000000001
 43
0.0000000001
 40
0.0
 40
0.0
 40
0.0
 40
0.0
 40
1.0
 40
1.0
 40
1.0
 40
1.0
 10
11.69936
 20
3.19537
 30
0.0
 10
11.69936
 20
3.19537
 30
0.0
 10
9.68147
 20
3.19537
 30
0.0
 10
9.68147
 20
3.19537
 30
0.0
  0
SPLINE
  5
288
330
1F
100
AcDbEntity
  8
Camada 1
 62
   251
370
     9
100
AcDbSpline
210
0.0
220
0.0
230
1.0
 70
     8
 71
     3
 72
    29
 73
    25
 74
     0
 42
0.0000000001
 43
0.0000000001
 40
0.0
 40
0.0
 40
0.0
 40
0.0
 40
0.125
 40
0.125
 40
0.125
 40
0.25
 40
0.25
 40
0.25
 40
0.375
 40
0.375
 40
0.375
 40
0.5
 40
0.5
 40
0.5
 40
0.625
 40
0.625
 40
0.625
 40
0.75
 40
0.75
 40
0.75
 40
0.875
 40
0.875
 40
0.875
 40
1.0
 40
1.0
 40
1.0
 40
1.0
 10
9.68147
 20
3.19537
 30
0.0
 10
9.68147
 20
3.19537
 30
0.0
 10
9.67088
 20
3.19537
 30
0.0
 10
9.67088
 20
3.19537
 30
0.0
 10
9.67088
 20
3.19537
 30
0.0
 10
9.6603
 20
3.19537
 30
0.0
 10
9.6603
 20
3.19537
 30
0.0
 10
9.6603
 20
3.19537
 30
0.0
 10
9.65324
 20
3.19184
 30
0.0
 10
9.65324
 20
3.19184
 30
0.0
 10
9.65324
 20
3.19184
 30
0.0
 10
9.64266
 20
3.18831
 30
0.0
 10
9.64266
 20
3.18831
 30
0.0
 10
9.64266
 20
3.18831
 30
0.0
 10
9.63561
 20
3.18479
 30
0.0
 10
9.63561
 20
3.18479
 30
0.0
 10
9.63561
 20
3.18479
 30
0.0
 10
9.62502
 20
3.17773
 30
0.0
 10
9.62502
 20
3.17773
 30
0.0
 10
9.62502
 20
3.17773
 30
0.0
 10
9.61797
 20
3.1742
 30
0.0
 10
9.61797
 20
3.1742
 30
0.0
 10
9.61797
 20
3.1742
 30
0.0
 10
9.61091
 20
3.16715
 30
0.0
 10
9.61091
 20
3.16715
 30
0.0
  0
SPLINE
  5
289
330
1F
100
AcDbEntity
  8
Camada 1
 62
   251
370
     9
100
AcDbSpline
210
0.0
220
0.0
230
1.0
 70
    24
 71
     3
 72
     8
 73
     4
 74
     0
 42
0.0000000001
 43
0.0000000001
 40
0.0
 40
0.0
 40
0.0
 40
0.0
 40
1.0
 40
1.0
 40
1.0
 40
1.0
 10
9.61091
 20
3.16715
 30
0.0
 10
9.61091
 20
3.16715
 30
0.0
 10
8.79952
 20
2.35576
 30
0.0
 10
8.79952
 20
2.35576
 30
0.0
  0
SPLINE
  5
28A
330
1F
100
AcDbEntity
  8
Camada 1
 62
   251
370
     9
100
AcDbSpline
210
0.0
220
0.0
230
1.0
 70
     8
 71
     3
 72
    29
 73
    25
 74
     0
 42
0.0000000001
 43
0.0000000001
 40
0.0
 40
0.0
 40
0.0
 40
0.0
 40
0.125
 40
0.125
 40
0.125
 40
0.25
 40
0.25
 40
0.25
 40
0.375
 40
0.375
 40
0.375
 40
0.5
 40
0.5
 40
0.5
 40
0.625
 40
0.625
 40
0.625
 40
0.75
 40
0.75
 40
0.75
 40
0.875
 40
0.875
 40
0.875
 40
1.0
 40
1.0
 40
1.0
 40
1.0
 10
8.79952
 20
2.35576
 30
0.0
 10
8.79952
 20
2.35576
 30
0.0
 10
8.78894
 20
2.34165
 30
0.0
 10
8.78894
 20
2.34165
 30
0.0
 10
8.78894
 20
2.34165
 30
0.0
 10
8.77836
 20
2.32401
 30
0.0
 10
8.77836
 20
2.32401
 30
0.0
 10
8.77836
 20
2.32401
 30
0.0
 10
8.77483
 20
2.30637
 30
0.0
 10
8.77483
 20
2.30637
 30
0.0
 10
8.77483
 20
2.30637
 30
0.0
 10
8.7713
 20
2.2852
 30
0.0
 10
8.7713
 20
2.2852
 30
0.0
 10
8.7713
 20
2.2852
 30
0.0
 10
8.77483
 20
2.26756
 30
0.0
 10
8.77483
 20
2.26756
 30
0.0
 10
8.77483
 20
2.26756
 30
0.0
 10
8.77836
 20
2.2464
 30
0.0
 10
8.77836
 20
2.2464
 30
0.0
 10
8.77836
 20
2.2464
 30
0.0
 10
8.78894
 20
2.23229
 30
0.0
 10
8.78894
 20
2.23229
 30
0.0
 10
8.78894
 20
2.23229
 30
0.0
 10
8.79952
 20
2.21465
 30
0.0
 10
8.79952
 20
2.21465
 30
0.0
  0
SPLINE
  5
28B
330
1F
100
AcDbEntity
  8
Camada 1
 62
   251
370
     9
100
AcDbSpline
210
0.0
220
0.0
230
1.0
 70
    24
 71
     3
 72
     8
 73
     4
 74
     0
 42
0.0000000001
 43
0.0000000001
 40
0.0
 40
0.0
 40
0.0
 40
0.0
 40
1.0
 40
1.0
 40
1.0
 40
1.0
 10
8.79952
 20
2.21465
 30
0.0
 10
8.79952
 20
2.21465
 30
0.0
 10
9.61091
 20
1.40679
 30
0.0
 10
9.61091
 20
1.40679
 30
0.0
  0
SPLINE
  5
28C
330
1F
100
AcDbEntity
  8
Camada 1
 62
   251
370
     9
100
AcDbSpline
210
0.0
220
0.0
230
1.0
 70
    24
 71
     3
 72
     8
 73
     4
 74
     0
 42
0.0000000001
 43
0.0000000001
 40
0.0
 40
0.0
 40
0.0
 40
0.0
 40
1.0
 40
1.0
 40
1.0
 40
1.0
 10
8.43616
 20
3.39645
 30
0.0
 10
8.43616
 20
3.39645
 30
0.0
 10
8.43616
 20
1.17748
 30
0.0
 10
8.43616
 20
1.17748
 30
0.0
  0
SPLINE
  5
28D
330
1F
100
AcDbEntity
  8
Camada 1
 62
   251
370
     9
100
AcDbSpline
210
0.0
220
0.0
230
1.0
 70
    24
 71
     3
 72
     8
 73
     4
 74
     0
 42
0.0000000001
 43
0.0000000001
 40
0.0
 40
0.0
 40
0.0
 40
0.0
 40
1.0
 40
1.0
 40
1.0
 40
1.0
 10
8.43969
 20
3.39645
 30
0.0
 10
8.43969
 20
3.39645
 30
0.0
 10
8.43616
 20
3.39645
 30
0.0
 10
8.43616
 20
3.39645
 30
0.0
  0
SPLINE
  5
28E
330
1F
100
AcDbEntity
  8
Camada 1
 62
   251
370
     9
100
AcDbSpline
210
0.0
220
0.0
230
1.0
 70
    24
 71
     3
 72
     8
 73
     4
 74
     0
 42
0.0000000001
 43
0.0000000001
 40
0.0
 40
0.0
 40
0.0
 40
0.0
 40
1.0
 40
1.0
 40
1.0
 40
1.0
 10
8.43969
 20
1.17748
 30
0.0
 10
8.43969
 20
1.17748
 30
0.0
 10
8.43616
 20
1.17748
 30
0.0
 10
8.43616
 20
1.17748
 30
0.0
  0
SPLINE
  5
28F
330
1F
100
AcDbEntity
  8
Camada 1
 62
   251
370
     9
100
AcDbSpline
210
0.0
220
0.0
230
1.0
 70
     8
 71
     3
 72
    29
 73
    25
 74
     0
 42
0.0000000001
 43
0.0000000001
 40
0.0
 40
0.0
 40
0.0
 40
0.0
 40
0.125
 40
0.125
 40
0.125
 40
0.25
 40
0.25
 40
0.25
 40
0.375
 40
0.375
 40
0.375
 40
0.5
 40
0.5
 40
0.5
 40
0.625
 40
0.625
 40
0.625
 40
0.75
 40
0.75
 40
0.75
 40
0.875
 40
0.875
 40
0.875
 40
1.0
 40
1.0
 40
1.0
 40
1.0
 10
8.43616
 20
1.17748
 30
0.0
 10
8.43616
 20
1.17748
 30
0.0
 10
8.43616
 20
1.17395
 30
0.0
 10
8.43616
 20
1.17395
 30
0.0
 10
8.43616
 20
1.17395
 30
0.0
 10
8.43616
 20
1.1669
 30
0.0
 10
8.43616
 20
1.1669
 30
0.0
 10
8.43616
 20
1.1669
 30
0.0
 10
8.43969
 20
1.1669
 30
0.0
 10
8.43969
 20
1.1669
 30
0.0
 10
8.43969
 20
1.1669
 30
0.0
 10
8.43969
 20
1.16337
 30
0.0
 10
8.43969
 20
1.16337
 30
0.0
 10
8.43969
 20
1.16337
 30
0.0
 10
8.44322
 20
1.15984
 30
0.0
 10
8.44322
 20
1.15984
 30
0.0
 10
8.44322
 20
1.15984
 30
0.0
 10
8.44674
 20
1.15631
 30
0.0
 10
8.44674
 20
1.15631
 30
0.0
 10
8.44674
 20
1.15631
 30
0.0
 10
8.45027
 20
1.15631
 30
0.0
 10
8.45027
 20
1.15631
 30
0.0
 10
8.45027
 20
1.15631
 30
0.0
 10
8.4538
 20
1.15631
 30
0.0
 10
8.4538
 20
1.15631
 30
0.0
  0
SPLINE
  5
290
330
1F
100
AcDbEntity
  8
Camada 1
 62
   251
370
     9
100
AcDbSpline
210
0.0
220
0.0
230
1.0
 70
    24
 71
     3
 72
     8
 73
     4
 74
     0
 42
0.0000000001
 43
0.0000000001
 40
0.0
 40
0.0
 40
0.0
 40
0.0
 40
1.0
 40
1.0
 40
1.0
 40
1.0
 10
8.4538
 20
1.15984
 30
0.0
 10
8.4538
 20
1.15984
 30
0.0
 10
8.4538
 20
1.15631
 30
0.0
 10
8.4538
 20
1.15631
 30
0.0
  0
SPLINE
  5
291
330
1F
100
AcDbEntity
  8
Camada 1
 62
   251
370
     9
100
AcDbSpline
210
0.0
220
0.0
230
1.0
 70
    24
 71
     3
 72
     8
 73
     4
 74
     0
 42
0.0000000001
 43
0.0000000001
 40
0.0
 40
0.0
 40
0.0
 40
0.0
 40
1.0
 40
1.0
 40
1.0
 40
1.0
 10
8.4538
 20
1.15631
 30
0.0
 10
8.4538
 20
1.15631
 30
0.0
 10
12.92349
 20
1.15631
 30
0.0
 10
12.92349
 20
1.15631
 30
0.0
  0
SPLINE
  5
292
330
1F
100
AcDbEntity
  8
Camada 1
 62
   251
370
     9
100
AcDbSpline
210
0.0
220
0.0
230
1.0
 70
    24
 71
     3
 72
     8
 73
     4
 74
     0
 42
0.0000000001
 43
0.0000000001
 40
0.0
 40
0.0
 40
0.0
 40
0.0
 40
1.0
 40
1.0
 40
1.0
 40
1.0
 10
12.92349
 20
1.15984
 30
0.0
 10
12.92349
 20
1.15984
 30
0.0
 10
12.92349
 20
1.15631
 30
0.0
 10
12.92349
 20
1.15631
 30
0.0
  0
SPLINE
  5
293
330
1F
100
AcDbEntity
  8
Camada 1
 62
   251
370
     9
100
AcDbSpline
210
0.0
220
0.0
230
1.0
 70
     8
 71
     3
 72
    29
 73
    25
 74
     0
 42
0.0000000001
 43
0.0000000001
 40
0.0
 40
0.0
 40
0.0
 40
0.0
 40
0.125
 40
0.125
 40
0.125
 40
0.25
 40
0.25
 40
0.25
 40
0.375
 40
0.375
 40
0.375
 40
0.5
 40
0.5
 40
0.5
 40
0.625
 40
0.625
 40
0.625
 40
0.75
 40
0.75
 40
0.75
 40
0.875
 40
0.875
 40
0.875
 40
1.0
 40
1.0
 40
1.0
 40
1.0
 10
8.4538
 20
3.41762
 30
0.0
 10
8.4538
 20
3.41762
 30
0.0
 10
8.45027
 20
3.41762
 30
0.0
 10
8.45027
 20
3.41762
 30
0.0
 10
8.45027
 20
3.41762
 30
0.0
 10
8.44674
 20
3.41409
 30
0.0
 10
8.44674
 20
3.41409
 30
0.0
 10
8.44674
 20
3.41409
 30
0.0
 10
8.44322
 20
3.41409
 30
0.0
 10
8.44322
 20
3.41409
 30
0.0
 10
8.44322
 20
3.41409
 30
0.0
 10
8.43969
 20
3.41057
 30
0.0
 10
8.43969
 20
3.41057
 30
0.0
 10
8.43969
 20
3.41057
 30
0.0
 10
8.43969
 20
3.40704
 30
0.0
 10
8.43969
 20
3.40704
 30
0.0
 10
8.43969
 20
3.40704
 30
0.0
 10
8.43616
 20
3.40351
 30
0.0
 10
8.43616
 20
3.40351
 30
0.0
 10
8.43616
 20
3.40351
 30
0.0
 10
8.43616
 20
3.39998
 30
0.0
 10
8.43616
 20
3.39998
 30
0.0
 10
8.43616
 20
3.39998
 30
0.0
 10
8.43616
 20
3.39645
 30
0.0
 10
8.43616
 20
3.39645
 30
0.0
  0
SPLINE
  5
294
330
1F
100
AcDbEntity
  8
Camada 1
 62
   251
370
     9
100
AcDbSpline
210
0.0
220
0.0
230
1.0
 70
    24
 71
     3
 72
     8
 73
     4
 74
     0
 42
0.0000000001
 43
0.0000000001
 40
0.0
 40
0.0
 40
0.0
 40
0.0
 40
1.0
 40
1.0
 40
1.0
 40
1.0
 10
8.4538
 20
3.41057
 30
0.0
 10
8.4538
 20
3.41057
 30
0.0
 10
8.4538
 20
3.41762
 30
0.0
 10
8.4538
 20
3.41762
 30
0.0
  0
SPLINE
  5
295
330
1F
100
AcDbEntity
  8
Camada 1
 62
   251
370
     9
100
AcDbSpline
210
0.0
220
0.0
230
1.0
 70
    24
 71
     3
 72
     8
 73
     4
 74
     0
 42
0.0000000001
 43
0.0000000001
 40
0.0
 40
0.0
 40
0.0
 40
0.0
 40
1.0
 40
1.0
 40
1.0
 40
1.0
 10
12.94466
 20
1.17748
 30
0.0
 10
12.94466
 20
1.17748
 30
0.0
 10
12.94466
 20
3.39645
 30
0.0
 10
12.94466
 20
3.39645
 30
0.0
  0
SPLINE
  5
296
330
1F
100
AcDbEntity
  8
Camada 1
 62
   251
370
     9
100
AcDbSpline
210
0.0
220
0.0
230
1.0
 70
    24
 71
     3
 72
     8
 73
     4
 74
     0
 42
0.0000000001
 43
0.0000000001
 40
0.0
 40
0.0
 40
0.0
 40
0.0
 40
1.0
 40
1.0
 40
1.0
 40
1.0
 10
12.94113
 20
1.17748
 30
0.0
 10
12.94113
 20
1.17748
 30
0.0
 10
12.94466
 20
1.17748
 30
0.0
 10
12.94466
 20
1.17748
 30
0.0
  0
SPLINE
  5
297
330
1F
100
AcDbEntity
  8
Camada 1
 62
   251
370
     9
100
AcDbSpline
210
0.0
220
0.0
230
1.0
 70
    24
 71
     3
 72
     8
 73
     4
 74
     0
 42
0.0000000001
 43
0.0000000001
 40
0.0
 40
0.0
 40
0.0
 40
0.0
 40
1.0
 40
1.0
 40
1.0
 40
1.0
 10
12.94113
 20
3.39645
 30
0.0
 10
12.94113
 20
3.39645
 30
0.0
 10
12.94466
 20
3.39645
 30
0.0
 10
12.94466
 20
3.39645
 30
0.0
  0
SPLINE
  5
298
330
1F
100
AcDbEntity
  8
Camada 1
 62
   251
370
     9
100
AcDbSpline
210
0.0
220
0.0
230
1.0
 70
     8
 71
     3
 72
    29
 73
    25
 74
     0
 42
0.0000000001
 43
0.0000000001
 40
0.0
 40
0.0
 40
0.0
 40
0.0
 40
0.125
 40
0.125
 40
0.125
 40
0.25
 40
0.25
 40
0.25
 40
0.375
 40
0.375
 40
0.375
 40
0.5
 40
0.5
 40
0.5
 40
0.625
 40
0.625
 40
0.625
 40
0.75
 40
0.75
 40
0.75
 40
0.875
 40
0.875
 40
0.875
 40
1.0
 40
1.0
 40
1.0
 40
1.0
 10
12.94466
 20
3.39645
 30
0.0
 10
12.94466
 20
3.39645
 30
0.0
 10
12.94466
 20
3.39998
 30
0.0
 10
12.94466
 20
3.39998
 30
0.0
 10
12.94466
 20
3.39998
 30
0.0
 10
12.94466
 20
3.40351
 30
0.0
 10
12.94466
 20
3.40351
 30
0.0
 10
12.94466
 20
3.40351
 30
0.0
 10
12.94113
 20
3.40704
 30
0.0
 10
12.94113
 20
3.40704
 30
0.0
 10
12.94113
 20
3.40704
 30
0.0
 10
12.93761
 20
3.41057
 30
0.0
 10
12.93761
 20
3.41057
 30
0.0
 10
12.93761
 20
3.41057
 30
0.0
 10
12.93761
 20
3.41409
 30
0.0
 10
12.93761
 20
3.41409
 30
0.0
 10
12.93761
 20
3.41409
 30
0.0
 10
12.93408
 20
3.41409
 30
0.0
 10
12.93408
 20
3.41409
 30
0.0
 10
12.93408
 20
3.41409
 30
0.0
 10
12.93055
 20
3.41762
 30
0.0
 10
12.93055
 20
3.41762
 30
0.0
 10
12.93055
 20
3.41762
 30
0.0
 10
12.92349
 20
3.41762
 30
0.0
 10
12.92349
 20
3.41762
 30
0.0
  0
SPLINE
  5
299
330
1F
100
AcDbEntity
  8
Camada 1
 62
   251
370
     9
100
AcDbSpline
210
0.0
220
0.0
230
1.0
 70
    24
 71
     3
 72
     8
 73
     4
 74
     0
 42
0.0000000001
 43
0.0000000001
 40
0.0
 40
0.0
 40
0.0
 40
0.0
 40
1.0
 40
1.0
 40
1.0
 40
1.0
 10
12.92349
 20
3.41057
 30
0.0
 10
12.92349
 20
3.41057
 30
0.0
 10
12.92349
 20
3.41762
 30
0.0
 10
12.92349
 20
3.41762
 30
0.0
  0
SPLINE
  5
29A
330
1F
100
AcDbEntity
  8
Camada 1
 62
   251
370
     9
100
AcDbSpline
210
0.0
220
0.0
230
1.0
 70
    24
 71
     3
 72
     8
 73
     4
 74
     0
 42
0.0000000001
 43
0.0000000001
 40
0.0
 40
0.0
 40
0.0
 40
0.0
 40
1.0
 40
1.0
 40
1.0
 40
1.0
 10
12.92349
 20
3.41762
 30
0.0
 10
12.92349
 20
3.41762
 30
0.0
 10
8.4538
 20
3.41762
 30
0.0
 10
8.4538
 20
3.41762
 30
0.0
  0
SPLINE
  5
29B
330
1F
100
AcDbEntity
  8
Camada 1
 62
   251
370
     9
100
AcDbSpline
210
0.0
220
0.0
230
1.0
 70
     8
 71
     3
 72
    29
 73
    25
 74
     0
 42
0.0000000001
 43
0.0000000001
 40
0.0
 40
0.0
 40
0.0
 40
0.0
 40
0.125
 40
0.125
 40
0.125
 40
0.25
 40
0.25
 40
0.25
 40
0.375
 40
0.375
 40
0.375
 40
0.5
 40
0.5
 40
0.5
 40
0.625
 40
0.625
 40
0.625
 40
0.75
 40
0.75
 40
0.75
 40
0.875
 40
0.875
 40
0.875
 40
1.0
 40
1.0
 40
1.0
 40
1.0
 10
12.92349
 20
1.15631
 30
0.0
 10
12.92349
 20
1.15631
 30
0.0
 10
12.93055
 20
1.15631
 30
0.0
 10
12.93055
 20
1.15631
 30
0.0
 10
12.93055
 20
1.15631
 30
0.0
 10
12.93408
 20
1.15631
 30
0.0
 10
12.93408
 20
1.15631
 30
0.0
 10
12.93408
 20
1.15631
 30
0.0
 10
12.93761
 20
1.15984
 30
0.0
 10
12.93761
 20
1.15984
 30
0.0
 10
12.93761
 20
1.15984
 30
0.0
 10
12.93761
 20
1.16337
 30
0.0
 10
12.93761
 20
1.16337
 30
0.0
 10
12.93761
 20
1.16337
 30
0.0
 10
12.94113
 20
1.1669
 30
0.0
 10
12.94113
 20
1.1669
 30
0.0
 10
12.94113
 20
1.1669
 30
0.0
 10
12.94466
 20
1.1669
 30
0.0
 10
12.94466
 20
1.1669
 30
0.0
 10
12.94466
 20
1.1669
 30
0.0
 10
12.94466
 20
1.17395
 30
0.0
 10
12.94466
 20
1.17395
 30
0.0
 10
12.94466
 20
1.17395
 30
0.0
 10
12.94466
 20
1.17748
 30
0.0
 10
12.94466
 20
1.17748
 30
0.0
  0
SPLINE
  5
29C
330
1F
100
AcDbEntity
  8
Camada 1
 62
   251
370
     9
100
AcDbSpline
210
0.0
220
0.0
230
1.0
 70
    11
 71
     3
 72
   137
 73
   133
 74
     0
 42
0.0000000001
 43
0.0000000001
 40
0.0
 40
0.0
 40
0.0
 40
0.0
 40
0.0227272727272727
 40
0.0227272727272727
 40
0.0227272727272727
 40
0.0454545454545455
 40
0.0454545454545455
 40
0.0454545454545455
 40
0.0681818181818182
 40
0.0681818181818182
 40
0.0681818181818182
 40
0.0909090909090909
 40
0.0909090909090909
 40
0.0909090909090909
 40
0.1136363636363636
 40
0.1136363636363636
 40
0.1136363636363636
 40
0.1363636363636364
 40
0.1363636363636364
 40
0.1363636363636364
 40
0.1590909090909091
 40
0.1590909090909091
 40
0.1590909090909091
 40
0.1818181818181818
 40
0.1818181818181818
 40
0.1818181818181818
 40
0.2045454545454546
 40
0.2045454545454546
 40
0.2045454545454546
 40
0.2272727272727273
 40
0.2272727272727273
 40
0.2272727272727273
 40
0.25
 40
0.25
 40
0.25
 40
0.2727272727272727
 40
0.2727272727272727
 40
0.2727272727272727
 40
0.2954545454545455
 40
0.2954545454545455
 40
0.2954545454545455
 40
0.3181818181818182
 40
0.3181818181818182
 40
0.3181818181818182
 40
0.3409090909090909
 40
0.3409090909090909
 40
0.3409090909090909
 40
0.3636363636363636
 40
0.3636363636363636
 40
0.3636363636363636
 40
0.3863636363636364
 40
0.3863636363636364
 40
0.3863636363636364
 40
0.4090909090909091
 40
0.4090909090909091
 40
0.4090909090909091
 40
0.4318181818181818
 40
0.4318181818181818
 40
0.4318181818181818
 40
0.4545454545454546
 40
0.4545454545454546
 40
0.4545454545454546
 40
0.4772727272727273
 40
0.4772727272727273
 40
0.4772727272727273
 40
0.5
 40
0.5
 40
0.5
 40
0.5227272727272727
 40
0.5227272727272727
 40
0.5227272727272727
 40
0.5454545454545454
 40
0.5454545454545454
 40
0.5454545454545454
 40
0.5681818181818182
 40
0.5681818181818182
 40
0.5681818181818182
 40
0.5909090909090909
 40
0.5909090909090909
 40
0.5909090909090909
 40
0.6136363636363636
 40
0.6136363636363636
 40
0.6136363636363636
 40
0.6363636363636364
 40
0.6363636363636364
 40
0.6363636363636364
 40
0.6590909090909091
 40
0.6590909090909091
 40
0.6590909090909091
 40
0.6818181818181819
 40
0.6818181818181819
 40
0.6818181818181819
 40
0.7045454545454546
 40
0.7045454545454546
 40
0.7045454545454546
 40
0.7272727272727273
 40
0.7272727272727273
 40
0.7272727272727273
 40
0.75
 40
0.75
 40
0.75
 40
0.7727272727272727
 40
0.7727272727272727
 40
0.7727272727272727
 40
0.7954545454545455
 40
0.7954545454545455
 40
0.7954545454545455
 40
0.8181818181818182
 40
0.8181818181818182
 40
0.8181818181818182
 40
0.8409090909090909
 40
0.8409090909090909
 40
0.8409090909090909
 40
0.8636363636363636
 40
0.8636363636363636
 40
0.8636363636363636
 40
0.8863636363636364
 40
0.8863636363636364
 40
0.8863636363636364
 40
0.9090909090909092
 40
0.9090909090909092
 40
0.9090909090909092
 40
0.9318181818181819
 40
0.9318181818181819
 40
0.9318181818181819
 40
0.9545454545454546
 40
0.9545454545454546
 40
0.9545454545454546
 40
0.9772727272727273
 40
0.9772727272727273
 40
0.9772727272727273
 40
1.0
 40
1.0
 40
1.0
 40
1.0
 10
10.69041
 20
2.1829
 30
0.0
 10
10.69041
 20
2.1829
 30
0.0
 10
10.65866
 20
2.17937
 30
0.0
 10
10.65866
 20
2.17937
 30
0.0
 10
10.65866
 20
2.17937
 30
0.0
 10
10.62691
 20
2.17232
 30
0.0
 10
10.62691
 20
2.17232
 30
0.0
 10
10.62691
 20
2.17232
 30
0.0
 10
10.59516
 20
2.16173
 30
0.0
 10
10.59516
 20
2.16173
 30
0.0
 10
10.59516
 20
2.16173
 30
0.0
 10
10.56694
 20
2.14762
 30
0.0
 10
10.56694
 20
2.14762
 30
0.0
 10
10.56694
 20
2.14762
 30
0.0
 10
10.54224
 20
2.12645
 30
0.0
 10
10.54224
 20
2.12645
 30
0.0
 10
10.54224
 20
2.12645
 30
0.0
 10
10.52108
 20
2.10529
 30
0.0
 10
10.52108
 20
2.10529
 30
0.0
 10
10.52108
 20
2.10529
 30
0.0
 10
10.49991
 20
2.08059
 30
0.0
 10
10.49991
 20
2.08059
 30
0.0
 10
10.49991
 20
2.08059
 30
0.0
 10
10.4858
 20
2.05237
 30
0.0
 10
10.4858
 20
2.05237
 30
0.0
 10
10.4858
 20
2.05237
 30
0.0
 10
10.47522
 20
2.02062
 30
0.0
 10
10.47522
 20
2.02062
 30
0.0
 10
10.47522
 20
2.02062
 30
0.0
 10
10.46816
 20
1.98887
 30
0.0
 10
10.46816
 20
1.98887
 30
0.0
 10
10.46816
 20
1.98887
 30
0.0
 10
10.46463
 20
1.95712
 30
0.0
 10
10.46463
 20
1.95712
 30
0.0
 10
10.46463
 20
1.95712
 30
0.0
 10
10.46816
 20
1.92537
 30
0.0
 10
10.46816
 20
1.92537
 30
0.0
 10
10.46816
 20
1.92537
 30
0.0
 10
10.47522
 20
1.89362
 30
0.0
 10
10.47522
 20
1.89362
 30
0.0
 10
10.47522
 20
1.89362
 30
0.0
 10
10.4858
 20
1.8654
 30
0.0
 10
10.4858
 20
1.8654
 30
0.0
 10
10.4858
 20
1.8654
 30
0.0
 10
10.49991
 20
1.83718
 30
0.0
 10
10.49991
 20
1.83718
 30
0.0
 10
10.49991
 20
1.83718
 30
0.0
 10
10.52108
 20
1.80895
 30
0.0
 10
10.52108
 20
1.80895
 30
0.0
 10
10.52108
 20
1.80895
 30
0.0
 10
10.54224
 20
1.78779
 30
0.0
 10
10.54224
 20
1.78779
 30
0.0
 10
10.54224
 20
1.78779
 30
0.0
 10
10.56694
 20
1.76662
 30
0.0
 10
10.56694
 20
1.76662
 30
0.0
 10
10.56694
 20
1.76662
 30
0.0
 10
10.59516
 20
1.75251
 30
0.0
 10
10.59516
 20
1.75251
 30
0.0
 10
10.59516
 20
1.75251
 30
0.0
 10
10.62691
 20
1.74193
 30
0.0
 10
10.62691
 20
1.74193
 30
0.0
 10
10.62691
 20
1.74193
 30
0.0
 10
10.65866
 20
1.73487
 30
0.0
 10
10.65866
 20
1.73487
 30
0.0
 10
10.65866
 20
1.73487
 30
0.0
 10
10.69041
 20
1.73134
 30
0.0
 10
10.69041
 20
1.73134
 30
0.0
 10
10.69041
 20
1.73134
 30
0.0
 10
10.72216
 20
1.73487
 30
0.0
 10
10.72216
 20
1.73487
 30
0.0
 10
10.72216
 20
1.73487
 30
0.0
 10
10.75391
 20
1.74193
 30
0.0
 10
10.75391
 20
1.74193
 30
0.0
 10
10.75391
 20
1.74193
 30
0.0
 10
10.78213
 20
1.75251
 30
0.0
 10
10.78213
 20
1.75251
 30
0.0
 10
10.78213
 20
1.75251
 30
0.0
 10
10.81036
 20
1.76662
 30
0.0
 10
10.81036
 20
1.76662
 30
0.0
 10
10.81036
 20
1.76662
 30
0.0
 10
10.83858
 20
1.78779
 30
0.0
 10
10.83858
 20
1.78779
 30
0.0
 10
10.83858
 20
1.78779
 30
0.0
 10
10.85974
 20
1.80895
 30
0.0
 10
10.85974
 20
1.80895
 30
0.0
 10
10.85974
 20
1.80895
 30
0.0
 10
10.88091
 20
1.83718
 30
0.0
 10
10.88091
 20
1.83718
 30
0.0
 10
10.88091
 20
1.83718
 30
0.0
 10
10.89502
 20
1.8654
 30
0.0
 10
10.89502
 20
1.8654
 30
0.0
 10
10.89502
 20
1.8654
 30
0.0
 10
10.90561
 20
1.89362
 30
0.0
 10
10.90561
 20
1.89362
 30
0.0
 10
10.90561
 20
1.89362
 30
0.0
 10
10.91266
 20
1.92537
 30
0.0
 10
10.91266
 20
1.92537
 30
0.0
 10
10.91266
 20
1.92537
 30
0.0
 10
10.91619
 20
1.95712
 30
0.0
 10
10.91619
 20
1.95712
 30
0.0
 10
10.91619
 20
1.95712
 30
0.0
 10
10.91266
 20
1.98887
 30
0.0
 10
10.91266
 20
1.98887
 30
0.0
 10
10.91266
 20
1.98887
 30
0.0
 10
10.90561
 20
2.02062
 30
0.0
 10
10.90561
 20
2.02062
 30
0.0
 10
10.90561
 20
2.02062
 30
0.0
 10
10.89502
 20
2.05237
 30
0.0
 10
10.89502
 20
2.05237
 30
0.0
 10
10.89502
 20
2.05237
 30
0.0
 10
10.88091
 20
2.08059
 30
0.0
 10
10.88091
 20
2.08059
 30
0.0
 10
10.88091
 20
2.08059
 30
0.0
 10
10.85974
 20
2.10529
 30
0.0
 10
10.85974
 20
2.10529
 30
0.0
 10
10.85974
 20
2.10529
 30
0.0
 10
10.83858
 20
2.12645
 30
0.0
 10
10.83858
 20
2.12645
 30
0.0
 10
10.83858
 20
2.12645
 30
0.0
 10
10.81036
 20
2.14762
 30
0.0
 10
10.81036
 20
2.14762
 30
0.0
 10
10.81036
 20
2.14762
 30
0.0
 10
10.78213
 20
2.16173
 30
0.0
 10
10.78213
 20
2.16173
 30
0.0
 10
10.78213
 20
2.16173
 30
0.0
 10
10.75391
 20
2.17232
 30
0.0
 10
10.75391
 20
2.17232
 30
0.0
 10
10.75391
 20
2.17232
 30
0.0
 10
10.72216
 20
2.17937
 30
0.0
 10
10.72216
 20
2.17937
 30
0.0
 10
10.72216
 20
2.17937
 30
0.0
 10
10.69041
 20
2.1829
 30
0.0
 10
10.69041
 20
2.1829
 30
0.0
  0
SPLINE
  5
29D
330
1F
100
AcDbEntity
  8
Camada 1
 62
   251
370
     9
100
AcDbSpline
210
0.0
220
0.0
230
1.0
 70
    11
 71
     3
 72
   137
 73
   133
 74
     0
 42
0.0000000001
 43
0.0000000001
 40
0.0
 40
0.0
 40
0.0
 40
0.0
 40
0.0227272727272727
 40
0.0227272727272727
 40
0.0227272727272727
 40
0.0454545454545455
 40
0.0454545454545455
 40
0.0454545454545455
 40
0.0681818181818182
 40
0.0681818181818182
 40
0.0681818181818182
 40
0.0909090909090909
 40
0.0909090909090909
 40
0.0909090909090909
 40
0.1136363636363636
 40
0.1136363636363636
 40
0.1136363636363636
 40
0.1363636363636364
 40
0.1363636363636364
 40
0.1363636363636364
 40
0.1590909090909091
 40
0.1590909090909091
 40
0.1590909090909091
 40
0.1818181818181818
 40
0.1818181818181818
 40
0.1818181818181818
 40
0.2045454545454546
 40
0.2045454545454546
 40
0.2045454545454546
 40
0.2272727272727273
 40
0.2272727272727273
 40
0.2272727272727273
 40
0.25
 40
0.25
 40
0.25
 40
0.2727272727272727
 40
0.2727272727272727
 40
0.2727272727272727
 40
0.2954545454545455
 40
0.2954545454545455
 40
0.2954545454545455
 40
0.3181818181818182
 40
0.3181818181818182
 40
0.3181818181818182
 40
0.3409090909090909
 40
0.3409090909090909
 40
0.3409090909090909
 40
0.3636363636363636
 40
0.3636363636363636
 40
0.3636363636363636
 40
0.3863636363636364
 40
0.3863636363636364
 40
0.3863636363636364
 40
0.4090909090909091
 40
0.4090909090909091
 40
0.4090909090909091
 40
0.4318181818181818
 40
0.4318181818181818
 40
0.4318181818181818
 40
0.4545454545454546
 40
0.4545454545454546
 40
0.4545454545454546
 40
0.4772727272727273
 40
0.4772727272727273
 40
0.4772727272727273
 40
0.5
 40
0.5
 40
0.5
 40
0.5227272727272727
 40
0.5227272727272727
 40
0.5227272727272727
 40
0.5454545454545454
 40
0.5454545454545454
 40
0.5454545454545454
 40
0.5681818181818182
 40
0.5681818181818182
 40
0.5681818181818182
 40
0.5909090909090909
 40
0.5909090909090909
 40
0.5909090909090909
 40
0.6136363636363636
 40
0.6136363636363636
 40
0.6136363636363636
 40
0.6363636363636364
 40
0.6363636363636364
 40
0.6363636363636364
 40
0.6590909090909091
 40
0.6590909090909091
 40
0.6590909090909091
 40
0.6818181818181819
 40
0.6818181818181819
 40
0.6818181818181819
 40
0.7045454545454546
 40
0.7045454545454546
 40
0.7045454545454546
 40
0.7272727272727273
 40
0.7272727272727273
 40
0.7272727272727273
 40
0.75
 40
0.75
 40
0.75
 40
0.7727272727272727
 40
0.7727272727272727
 40
0.7727272727272727
 40
0.7954545454545455
 40
0.7954545454545455
 40
0.7954545454545455
 40
0.8181818181818182
 40
0.8181818181818182
 40
0.8181818181818182
 40
0.8409090909090909
 40
0.8409090909090909
 40
0.8409090909090909
 40
0.8636363636363636
 40
0.8636363636363636
 40
0.8636363636363636
 40
0.8863636363636364
 40
0.8863636363636364
 40
0.8863636363636364
 40
0.9090909090909092
 40
0.9090909090909092
 40
0.9090909090909092
 40
0.9318181818181819
 40
0.9318181818181819
 40
0.9318181818181819
 40
0.9545454545454546
 40
0.9545454545454546
 40
0.9545454545454546
 40
0.9772727272727273
 40
0.9772727272727273
 40
0.9772727272727273
 40
1.0
 40
1.0
 40
1.0
 40
1.0
 10
11.63938
 20
2.51098
 30
0.0
 10
11.63938
 20
2.51098
 30
0.0
 10
11.60763
 20
2.50745
 30
0.0
 10
11.60763
 20
2.50745
 30
0.0
 10
11.60763
 20
2.50745
 30
0.0
 10
11.57588
 20
2.50393
 30
0.0
 10
11.57588
 20
2.50393
 30
0.0
 10
11.57588
 20
2.50393
 30
0.0
 10
11.54766
 20
2.48982
 30
0.0
 10
11.54766
 20
2.48982
 30
0.0
 10
11.54766
 20
2.48982
 30
0.0
 10
11.51944
 20
2.4757
 30
0.0
 10
11.51944
 20
2.4757
 30
0.0
 10
11.51944
 20
2.4757
 30
0.0
 10
11.49122
 20
2.45806
 30
0.0
 10
11.49122
 20
2.45806
 30
0.0
 10
11.49122
 20
2.45806
 30
0.0
 10
11.47005
 20
2.43337
 30
0.0
 10
11.47005
 20
2.43337
 30
0.0
 10
11.47005
 20
2.43337
 30
0.0
 10
11.45241
 20
2.40868
 30
0.0
 10
11.45241
 20
2.40868
 30
0.0
 10
11.45241
 20
2.40868
 30
0.0
 10
11.43477
 20
2.38045
 30
0.0
 10
11.43477
 20
2.38045
 30
0.0
 10
11.43477
 20
2.38045
 30
0.0
 10
11.42419
 20
2.3487
 30
0.0
 10
11.42419
 20
2.3487
 30
0.0
 10
11.42419
 20
2.3487
 30
0.0
 10
11.41713
 20
2.31695
 30
0.0
 10
11.41713
 20
2.31695
 30
0.0
 10
11.41713
 20
2.31695
 30
0.0
 10
11.41361
 20
2.2852
 30
0.0
 10
11.41361
 20
2.2852
 30
0.0
 10
11.41361
 20
2.2852
 30
0.0
 10
11.41713
 20
2.25345
 30
0.0
 10
11.41713
 20
2.25345
 30
0.0
 10
11.41713
 20
2.25345
 30
0.0
 10
11.42419
 20
2.2217
 30
0.0
 10
11.42419
 20
2.2217
 30
0.0
 10
11.42419
 20
2.2217
 30
0.0
 10
11.43477
 20
2.19348
 30
0.0
 10
11.43477
 20
2.19348
 30
0.0
 10
11.43477
 20
2.19348
 30
0.0
 10
11.45241
 20
2.16526
 30
0.0
 10
11.45241
 20
2.16526
 30
0.0
 10
11.45241
 20
2.16526
 30
0.0
 10
11.47005
 20
2.14056
 30
0.0
 10
11.47005
 20
2.14056
 30
0.0
 10
11.47005
 20
2.14056
 30
0.0
 10
11.49122
 20
2.11587
 30
0.0
 10
11.49122
 20
2.11587
 30
0.0
 10
11.49122
 20
2.11587
 30
0.0
 10
11.51944
 20
2.09823
 30
0.0
 10
11.51944
 20
2.09823
 30
0.0
 10
11.51944
 20
2.09823
 30
0.0
 10
11.54766
 20
2.08059
 30
0.0
 10
11.54766
 20
2.08059
 30
0.0
 10
11.54766
 20
2.08059
 30
0.0
 10
11.57588
 20
2.07001
 30
0.0
 10
11.57588
 20
2.07001
 30
0.0
 10
11.57588
 20
2.07001
 30
0.0
 10
11.60763
 20
2.06295
 30
0.0
 10
11.60763
 20
2.06295
 30
0.0
 10
11.60763
 20
2.06295
 30
0.0
 10
11.63938
 20
2.06295
 30
0.0
 10
11.63938
 20
2.06295
 30
0.0
 10
11.63938
 20
2.06295
 30
0.0
 10
11.67113
 20
2.06295
 30
0.0
 10
11.67113
 20
2.06295
 30
0.0
 10
11.67113
 20
2.06295
 30
0.0
 10
11.70288
 20
2.07001
 30
0.0
 10
11.70288
 20
2.07001
 30
0.0
 10
11.70288
 20
2.07001
 30
0.0
 10
11.73463
 20
2.08059
 30
0.0
 10
11.73463
 20
2.08059
 30
0.0
 10
11.73463
 20
2.08059
 30
0.0
 10
11.76286
 20
2.09823
 30
0.0
 10
11.76286
 20
2.09823
 30
0.0
 10
11.76286
 20
2.09823
 30
0.0
 10
11.78755
 20
2.11587
 30
0.0
 10
11.78755
 20
2.11587
 30
0.0
 10
11.78755
 20
2.11587
 30
0.0
 10
11.80872
 20
2.14056
 30
0.0
 10
11.80872
 20
2.14056
 30
0.0
 10
11.80872
 20
2.14056
 30
0.0
 10
11.82988
 20
2.16526
 30
0.0
 10
11.82988
 20
2.16526
 30
0.0
 10
11.82988
 20
2.16526
 30
0.0
 10
11.84399
 20
2.19348
 30
0.0
 10
11.84399
 20
2.19348
 30
0.0
 10
11.84399
 20
2.19348
 30
0.0
 10
11.85458
 20
2.2217
 30
0.0
 10
11.85458
 20
2.2217
 30
0.0
 10
11.85458
 20
2.2217
 30
0.0
 10
11.86163
 20
2.25345
 30
0.0
 10
11.86163
 20
2.25345
 30
0.0
 10
11.86163
 20
2.25345
 30
0.0
 10
11.86516
 20
2.2852
 30
0.0
 10
11.86516
 20
2.2852
 30
0.0
 10
11.86516
 20
2.2852
 30
0.0
 10
11.86163
 20
2.31695
 30
0.0
 10
11.86163
 20
2.31695
 30
0.0
 10
11.86163
 20
2.31695
 30
0.0
 10
11.85458
 20
2.3487
 30
0.0
 10
11.85458
 20
2.3487
 30
0.0
 10
11.85458
 20
2.3487
 30
0.0
 10
11.84399
 20
2.38045
 30
0.0
 10
11.84399
 20
2.38045
 30
0.0
 10
11.84399
 20
2.38045
 30
0.0
 10
11.82988
 20
2.40868
 30
0.0
 10
11.82988
 20
2.40868
 30
0.0
 10
11.82988
 20
2.40868
 30
0.0
 10
11.80872
 20
2.43337
 30
0.0
 10
11.80872
 20
2.43337
 30
0.0
 10
11.80872
 20
2.43337
 30
0.0
 10
11.78755
 20
2.45806
 30
0.0
 10
11.78755
 20
2.45806
 30
0.0
 10
11.78755
 20
2.45806
 30
0.0
 10
11.76286
 20
2.4757
 30
0.0
 10
11.76286
 20
2.4757
 30
0.0
 10
11.76286
 20
2.4757
 30
0.0
 10
11.73463
 20
2.48982
 30
0.0
 10
11.73463
 20
2.48982
 30
0.0
 10
11.73463
 20
2.48982
 30
0.0
 10
11.70288
 20
2.50393
 30
0.0
 10
11.70288
 20
2.50393
 30
0.0
 10
11.70288
 20
2.50393
 30
0.0
 10
11.67113
 20
2.50745
 30
0.0
 10
11.67113
 20
2.50745
 30
0.0
 10
11.67113
 20
2.50745
 30
0.0
 10
11.63938
 20
2.51098
 30
0.0
 10
11.63938
 20
2.51098
 30
0.0
  0
SPLINE
  5
29E
330
1F
100
AcDbEntity
  8
Camada 1
 62
   251
370
     9
100
AcDbSpline
210
0.0
220
0.0
230
1.0
 70
    11
 71
     3
 72
   137
 73
   133
 74
     0
 42
0.0000000001
 43
0.0000000001
 40
0.0
 40
0.0
 40
0.0
 40
0.0
 40
0.0227272727272727
 40
0.0227272727272727
 40
0.0227272727272727
 40
0.0454545454545455
 40
0.0454545454545455
 40
0.0454545454545455
 40
0.0681818181818182
 40
0.0681818181818182
 40
0.0681818181818182
 40
0.0909090909090909
 40
0.0909090909090909
 40
0.0909090909090909
 40
0.1136363636363636
 40
0.1136363636363636
 40
0.1136363636363636
 40
0.1363636363636364
 40
0.1363636363636364
 40
0.1363636363636364
 40
0.1590909090909091
 40
0.1590909090909091
 40
0.1590909090909091
 40
0.1818181818181818
 40
0.1818181818181818
 40
0.1818181818181818
 40
0.2045454545454546
 40
0.2045454545454546
 40
0.2045454545454546
 40
0.2272727272727273
 40
0.2272727272727273
 40
0.2272727272727273
 40
0.25
 40
0.25
 40
0.25
 40
0.2727272727272727
 40
0.2727272727272727
 40
0.2727272727272727
 40
0.2954545454545455
 40
0.2954545454545455
 40
0.2954545454545455
 40
0.3181818181818182
 40
0.3181818181818182
 40
0.3181818181818182
 40
0.3409090909090909
 40
0.3409090909090909
 40
0.3409090909090909
 40
0.3636363636363636
 40
0.3636363636363636
 40
0.3636363636363636
 40
0.3863636363636364
 40
0.3863636363636364
 40
0.3863636363636364
 40
0.4090909090909091
 40
0.4090909090909091
 40
0.4090909090909091
 40
0.4318181818181818
 40
0.4318181818181818
 40
0.4318181818181818
 40
0.4545454545454546
 40
0.4545454545454546
 40
0.4545454545454546
 40
0.4772727272727273
 40
0.4772727272727273
 40
0.4772727272727273
 40
0.5
 40
0.5
 40
0.5
 40
0.5227272727272727
 40
0.5227272727272727
 40
0.5227272727272727
 40
0.5454545454545454
 40
0.5454545454545454
 40
0.5454545454545454
 40
0.5681818181818182
 40
0.5681818181818182
 40
0.5681818181818182
 40
0.5909090909090909
 40
0.5909090909090909
 40
0.5909090909090909
 40
0.6136363636363636
 40
0.6136363636363636
 40
0.6136363636363636
 40
0.6363636363636364
 40
0.6363636363636364
 40
0.6363636363636364
 40
0.6590909090909091
 40
0.6590909090909091
 40
0.6590909090909091
 40
0.6818181818181819
 40
0.6818181818181819
 40
0.6818181818181819
 40
0.7045454545454546
 40
0.7045454545454546
 40
0.7045454545454546
 40
0.7272727272727273
 40
0.7272727272727273
 40
0.7272727272727273
 40
0.75
 40
0.75
 40
0.75
 40
0.7727272727272727
 40
0.7727272727272727
 40
0.7727272727272727
 40
0.7954545454545455
 40
0.7954545454545455
 40
0.7954545454545455
 40
0.8181818181818182
 40
0.8181818181818182
 40
0.8181818181818182
 40
0.8409090909090909
 40
0.8409090909090909
 40
0.8409090909090909
 40
0.8636363636363636
 40
0.8636363636363636
 40
0.8636363636363636
 40
0.8863636363636364
 40
0.8863636363636364
 40
0.8863636363636364
 40
0.9090909090909092
 40
0.9090909090909092
 40
0.9090909090909092
 40
0.9318181818181819
 40
0.9318181818181819
 40
0.9318181818181819
 40
0.9545454545454546
 40
0.9545454545454546
 40
0.9545454545454546
 40
0.9772727272727273
 40
0.9772727272727273
 40
0.9772727272727273
 40
1.0
 40
1.0
 40
1.0
 40
1.0
 10
9.74144
 20
2.51098
 30
0.0
 10
9.74144
 20
2.51098
 30
0.0
 10
9.70969
 20
2.50745
 30
0.0
 10
9.70969
 20
2.50745
 30
0.0
 10
9.70969
 20
2.50745
 30
0.0
 10
9.67794
 20
2.50393
 30
0.0
 10
9.67794
 20
2.50393
 30
0.0
 10
9.67794
 20
2.50393
 30
0.0
 10
9.64619
 20
2.48982
 30
0.0
 10
9.64619
 20
2.48982
 30
0.0
 10
9.64619
 20
2.48982
 30
0.0
 10
9.61797
 20
2.4757
 30
0.0
 10
9.61797
 20
2.4757
 30
0.0
 10
9.61797
 20
2.4757
 30
0.0
 10
9.59327
 20
2.45806
 30
0.0
 10
9.59327
 20
2.45806
 30
0.0
 10
9.59327
 20
2.45806
 30
0.0
 10
9.56858
 20
2.43337
 30
0.0
 10
9.56858
 20
2.43337
 30
0.0
 10
9.56858
 20
2.43337
 30
0.0
 10
9.55094
 20
2.40868
 30
0.0
 10
9.55094
 20
2.40868
 30
0.0
 10
9.55094
 20
2.40868
 30
0.0
 10
9.53683
 20
2.38045
 30
0.0
 10
9.53683
 20
2.38045
 30
0.0
 10
9.53683
 20
2.38045
 30
0.0
 10
9.52272
 20
2.3487
 30
0.0
 10
9.52272
 20
2.3487
 30
0.0
 10
9.52272
 20
2.3487
 30
0.0
 10
9.51566
 20
2.31695
 30
0.0
 10
9.51566
 20
2.31695
 30
0.0
 10
9.51566
 20
2.31695
 30
0.0
 10
9.51566
 20
2.2852
 30
0.0
 10
9.51566
 20
2.2852
 30
0.0
 10
9.51566
 20
2.2852
 30
0.0
 10
9.51566
 20
2.25345
 30
0.0
 10
9.51566
 20
2.25345
 30
0.0
 10
9.51566
 20
2.25345
 30
0.0
 10
9.52272
 20
2.2217
 30
0.0
 10
9.52272
 20
2.2217
 30
0.0
 10
9.52272
 20
2.2217
 30
0.0
 10
9.53683
 20
2.19348
 30
0.0
 10
9.53683
 20
2.19348
 30
0.0
 10
9.53683
 20
2.19348
 30
0.0
 10
9.55094
 20
2.16526
 30
0.0
 10
9.55094
 20
2.16526
 30
0.0
 10
9.55094
 20
2.16526
 30
0.0
 10
9.56858
 20
2.14056
 30
0.0
 10
9.56858
 20
2.14056
 30
0.0
 10
9.56858
 20
2.14056
 30
0.0
 10
9.59327
 20
2.11587
 30
0.0
 10
9.59327
 20
2.11587
 30
0.0
 10
9.59327
 20
2.11587
 30
0.0
 10
9.61797
 20
2.09823
 30
0.0
 10
9.61797
 20
2.09823
 30
0.0
 10
9.61797
 20
2.09823
 30
0.0
 10
9.64619
 20
2.08059
 30
0.0
 10
9.64619
 20
2.08059
 30
0.0
 10
9.64619
 20
2.08059
 30
0.0
 10
9.67794
 20
2.07001
 30
0.0
 10
9.67794
 20
2.07001
 30
0.0
 10
9.67794
 20
2.07001
 30
0.0
 10
9.70969
 20
2.06295
 30
0.0
 10
9.70969
 20
2.06295
 30
0.0
 10
9.70969
 20
2.06295
 30
0.0
 10
9.74144
 20
2.06295
 30
0.0
 10
9.74144
 20
2.06295
 30
0.0
 10
9.74144
 20
2.06295
 30
0.0
 10
9.77319
 20
2.06295
 30
0.0
 10
9.77319
 20
2.06295
 30
0.0
 10
9.77319
 20
2.06295
 30
0.0
 10
9.80494
 20
2.07001
 30
0.0
 10
9.80494
 20
2.07001
 30
0.0
 10
9.80494
 20
2.07001
 30
0.0
 10
9.83316
 20
2.08059
 30
0.0
 10
9.83316
 20
2.08059
 30
0.0
 10
9.83316
 20
2.08059
 30
0.0
 10
9.86138
 20
2.09823
 30
0.0
 10
9.86138
 20
2.09823
 30
0.0
 10
9.86138
 20
2.09823
 30
0.0
 10
9.88608
 20
2.11587
 30
0.0
 10
9.88608
 20
2.11587
 30
0.0
 10
9.88608
 20
2.11587
 30
0.0
 10
9.91077
 20
2.14056
 30
0.0
 10
9.91077
 20
2.14056
 30
0.0
 10
9.91077
 20
2.14056
 30
0.0
 10
9.92841
 20
2.16526
 30
0.0
 10
9.92841
 20
2.16526
 30
0.0
 10
9.92841
 20
2.16526
 30
0.0
 10
9.94605
 20
2.19348
 30
0.0
 10
9.94605
 20
2.19348
 30
0.0
 10
9.94605
 20
2.19348
 30
0.0
 10
9.95663
 20
2.2217
 30
0.0
 10
9.95663
 20
2.2217
 30
0.0
 10
9.95663
 20
2.2217
 30
0.0
 10
9.96369
 20
2.25345
 30
0.0
 10
9.96369
 20
2.25345
 30
0.0
 10
9.96369
 20
2.25345
 30
0.0
 10
9.96369
 20
2.2852
 30
0.0
 10
9.96369
 20
2.2852
 30
0.0
 10
9.96369
 20
2.2852
 30
0.0
 10
9.96369
 20
2.31695
 30
0.0
 10
9.96369
 20
2.31695
 30
0.0
 10
9.96369
 20
2.31695
 30
0.0
 10
9.95663
 20
2.3487
 30
0.0
 10
9.95663
 20
2.3487
 30
0.0
 10
9.95663
 20
2.3487
 30
0.0
 10
9.94605
 20
2.38045
 30
0.0
 10
9.94605
 20
2.38045
 30
0.0
 10
9.94605
 20
2.38045
 30
0.0
 10
9.92841
 20
2.40868
 30
0.0
 10
9.92841
 20
2.40868
 30
0.0
 10
9.92841
 20
2.40868
 30
0.0
 10
9.91077
 20
2.43337
 30
0.0
 10
9.91077
 20
2.43337
 30
0.0
 10
9.91077
 20
2.43337
 30
0.0
 10
9.88608
 20
2.45806
 30
0.0
 10
9.88608
 20
2.45806
 30
0.0
 10
9.88608
 20
2.45806
 30
0.0
 10
9.86138
 20
2.4757
 30
0.0
 10
9.86138
 20
2.4757
 30
0.0
 10
9.86138
 20
2.4757
 30
0.0
 10
9.83316
 20
2.48982
 30
0.0
 10
9.83316
 20
2.48982
 30
0.0
 10
9.83316
 20
2.48982
 30
0.0
 10
9.80494
 20
2.50393
 30
0.0
 10
9.80494
 20
2.50393
 30
0.0
 10
9.80494
 20
2.50393
 30
0.0
 10
9.77319
 20
2.50745
 30
0.0
 10
9.77319
 20
2.50745
 30
0.0
 10
9.77319
 20
2.50745
 30
0.0
 10
9.74144
 20
2.51098
 30
0.0
 10
9.74144
 20
2.51098
 30
0.0
  0
SPLINE
  5
29F
330
1F
100
AcDbEntity
  8
Camada 1
 62
   251
370
     9
100
AcDbSpline
210
0.0
220
0.0
230
1.0
 70
    24
 71
     3
 72
     8
 73
     4
 74
     0
 42
0.0000000001
 43
0.0000000001
 40
0.0
 40
0.0
 40
0.0
 40
0.0
 40
1.0
 40
1.0
 40
1.0
 40
1.0
 10
8.45027
 20
-1.14027
 30
0.0
 10
8.45027
 20
-1.14027
 30
0.0
 10
8.45027
 20
-3.35924
 30
0.0
 10
8.45027
 20
-3.35924
 30
0.0
  0
SPLINE
  5
2A0
330
1F
100
AcDbEntity
  8
Camada 1
 62
   251
370
     9
100
AcDbSpline
210
0.0
220
0.0
230
1.0
 70
    24
 71
     3
 72
    14
 73
    10
 74
     0
 42
0.0000000001
 43
0.0000000001
 40
0.0
 40
0.0
 40
0.0
 40
0.0
 40
0.3333333333333333
 40
0.3333333333333333
 40
0.3333333333333333
 40
0.6666666666666666
 40
0.6666666666666666
 40
0.6666666666666666
 40
1.0
 40
1.0
 40
1.0
 40
1.0
 10
8.45027
 20
-3.35924
 30
0.0
 10
8.45027
 20
-3.35924
 30
0.0
 10
8.44674
 20
-3.35924
 30
0.0
 10
8.44674
 20
-3.35924
 30
0.0
 10
8.44674
 20
-3.35924
 30
0.0
 10
8.44322
 20
-3.35924
 30
0.0
 10
8.44322
 20
-3.35924
 30
0.0
 10
8.44322
 20
-3.35924
 30
0.0
 10
8.43969
 20
-3.35924
 30
0.0
 10
8.43969
 20
-3.35924
 30
0.0
  0
SPLINE
  5
2A1
330
1F
100
AcDbEntity
  8
Camada 1
 62
   251
370
     9
100
AcDbSpline
210
0.0
220
0.0
230
1.0
 70
    24
 71
     3
 72
     8
 73
     4
 74
     0
 42
0.0000000001
 43
0.0000000001
 40
0.0
 40
0.0
 40
0.0
 40
0.0
 40
1.0
 40
1.0
 40
1.0
 40
1.0
 10
8.43969
 20
-3.35924
 30
0.0
 10
8.43969
 20
-3.35924
 30
0.0
 10
8.43969
 20
-1.14027
 30
0.0
 10
8.43969
 20
-1.14027
 30
0.0
  0
SPLINE
  5
2A2
330
1F
100
AcDbEntity
  8
Camada 1
 62
   251
370
     9
100
AcDbSpline
210
0.0
220
0.0
230
1.0
 70
    24
 71
     3
 72
    14
 73
    10
 74
     0
 42
0.0000000001
 43
0.0000000001
 40
0.0
 40
0.0
 40
0.0
 40
0.0
 40
0.3333333333333333
 40
0.3333333333333333
 40
0.3333333333333333
 40
0.6666666666666666
 40
0.6666666666666666
 40
0.6666666666666666
 40
1.0
 40
1.0
 40
1.0
 40
1.0
 10
8.45027
 20
-1.14027
 30
0.0
 10
8.45027
 20
-1.14027
 30
0.0
 10
8.44674
 20
-1.14027
 30
0.0
 10
8.44674
 20
-1.14027
 30
0.0
 10
8.44674
 20
-1.14027
 30
0.0
 10
8.44322
 20
-1.14027
 30
0.0
 10
8.44322
 20
-1.14027
 30
0.0
 10
8.44322
 20
-1.14027
 30
0.0
 10
8.43969
 20
-1.14027
 30
0.0
 10
8.43969
 20
-1.14027
 30
0.0
  0
SPLINE
  5
2A3
330
1F
100
AcDbEntity
  8
Camada 1
 62
   251
370
     9
100
AcDbSpline
210
0.0
220
0.0
230
1.0
 70
    24
 71
     3
 72
     8
 73
     4
 74
     0
 42
0.0000000001
 43
0.0000000001
 40
0.0
 40
0.0
 40
0.0
 40
0.0
 40
1.0
 40
1.0
 40
1.0
 40
1.0
 10
12.94113
 20
-1.14027
 30
0.0
 10
12.94113
 20
-1.14027
 30
0.0
 10
12.94113
 20
-3.35924
 30
0.0
 10
12.94113
 20
-3.35924
 30
0.0
  0
SPLINE
  5
2A4
330
1F
100
AcDbEntity
  8
Camada 1
 62
   251
370
     9
100
AcDbSpline
210
0.0
220
0.0
230
1.0
 70
    24
 71
     3
 72
    17
 73
    13
 74
     0
 42
0.0000000001
 43
0.0000000001
 40
0.0
 40
0.0
 40
0.0
 40
0.0
 40
0.25
 40
0.25
 40
0.25
 40
0.5
 40
0.5
 40
0.5
 40
0.75
 40
0.75
 40
0.75
 40
1.0
 40
1.0
 40
1.0
 40
1.0
 10
12.94113
 20
-3.35924
 30
0.0
 10
12.94113
 20
-3.35924
 30
0.0
 10
12.94113
 20
-3.35924
 30
0.0
 10
12.94113
 20
-3.35924
 30
0.0
 10
12.94113
 20
-3.35924
 30
0.0
 10
12.93761
 20
-3.35924
 30
0.0
 10
12.93761
 20
-3.35924
 30
0.0
 10
12.93761
 20
-3.35924
 30
0.0
 10
12.93408
 20
-3.35924
 30
0.0
 10
12.93408
 20
-3.35924
 30
0.0
 10
12.93408
 20
-3.35924
 30
0.0
 10
12.93055
 20
-3.35924
 30
0.0
 10
12.93055
 20
-3.35924
 30
0.0
  0
SPLINE
  5
2A5
330
1F
100
AcDbEntity
  8
Camada 1
 62
   251
370
     9
100
AcDbSpline
210
0.0
220
0.0
230
1.0
 70
    24
 71
     3
 72
     8
 73
     4
 74
     0
 42
0.0000000001
 43
0.0000000001
 40
0.0
 40
0.0
 40
0.0
 40
0.0
 40
1.0
 40
1.0
 40
1.0
 40
1.0
 10
12.93055
 20
-3.35924
 30
0.0
 10
12.93055
 20
-3.35924
 30
0.0
 10
12.93055
 20
-1.14027
 30
0.0
 10
12.93055
 20
-1.14027
 30
0.0
  0
SPLINE
  5
2A6
330
1F
100
AcDbEntity
  8
Camada 1
 62
   251
370
     9
100
AcDbSpline
210
0.0
220
0.0
230
1.0
 70
    24
 71
     3
 72
    17
 73
    13
 74
     0
 42
0.0000000001
 43
0.0000000001
 40
0.0
 40
0.0
 40
0.0
 40
0.0
 40
0.25
 40
0.25
 40
0.25
 40
0.5
 40
0.5
 40
0.5
 40
0.75
 40
0.75
 40
0.75
 40
1.0
 40
1.0
 40
1.0
 40
1.0
 10
12.94113
 20
-1.14027
 30
0.0
 10
12.94113
 20
-1.14027
 30
0.0
 10
12.94113
 20
-1.14027
 30
0.0
 10
12.94113
 20
-1.14027
 30
0.0
 10
12.94113
 20
-1.14027
 30
0.0
 10
12.93761
 20
-1.14027
 30
0.0
 10
12.93761
 20
-1.14027
 30
0.0
 10
12.93761
 20
-1.14027
 30
0.0
 10
12.93408
 20
-1.14027
 30
0.0
 10
12.93408
 20
-1.14027
 30
0.0
 10
12.93408
 20
-1.14027
 30
0.0
 10
12.93055
 20
-1.14027
 30
0.0
 10
12.93055
 20
-1.14027
 30
0.0
  0
SPLINE
  5
2A7
330
1F
100
AcDbEntity
  8
Camada 1
 62
   251
370
     9
100
AcDbSpline
210
0.0
220
0.0
230
1.0
 70
     8
 71
     3
 72
    14
 73
    10
 74
     0
 42
0.0000000001
 43
0.0000000001
 40
0.0
 40
0.0
 40
0.0
 40
0.0
 40
0.3333333333333333
 40
0.3333333333333333
 40
0.3333333333333333
 40
0.6666666666666666
 40
0.6666666666666666
 40
0.6666666666666666
 40
1.0
 40
1.0
 40
1.0
 40
1.0
 10
8.45027
 20
-3.35924
 30
0.0
 10
8.45027
 20
-3.35924
 30
0.0
 10
8.45027
 20
-3.36277
 30
0.0
 10
8.45027
 20
-3.36277
 30
0.0
 10
8.45027
 20
-3.36277
 30
0.0
 10
8.4538
 20
-3.36277
 30
0.0
 10
8.4538
 20
-3.36277
 30
0.0
 10
8.4538
 20
-3.36277
 30
0.0
 10
8.4538
 20
-3.36629
 30
0.0
 10
8.4538
 20
-3.36629
 30
0.0
  0
SPLINE
  5
2A8
330
1F
100
AcDbEntity
  8
Camada 1
 62
   251
370
     9
100
AcDbSpline
210
0.0
220
0.0
230
1.0
 70
    24
 71
     3
 72
    17
 73
    13
 74
     0
 42
0.0000000001
 43
0.0000000001
 40
0.0
 40
0.0
 40
0.0
 40
0.0
 40
0.25
 40
0.25
 40
0.25
 40
0.5
 40
0.5
 40
0.5
 40
0.75
 40
0.75
 40
0.75
 40
1.0
 40
1.0
 40
1.0
 40
1.0
 10
8.4538
 20
-3.36629
 30
0.0
 10
8.4538
 20
-3.36629
 30
0.0
 10
8.4538
 20
-3.36629
 30
0.0
 10
8.4538
 20
-3.36629
 30
0.0
 10
8.4538
 20
-3.36629
 30
0.0
 10
8.4538
 20
-3.36982
 30
0.0
 10
8.4538
 20
-3.36982
 30
0.0
 10
8.4538
 20
-3.36982
 30
0.0
 10
8.4538
 20
-3.37335
 30
0.0
 10
8.4538
 20
-3.37335
 30
0.0
 10
8.4538
 20
-3.37335
 30
0.0
 10
8.4538
 20
-3.37688
 30
0.0
 10
8.4538
 20
-3.37688
 30
0.0
  0
SPLINE
  5
2A9
330
1F
100
AcDbEntity
  8
Camada 1
 62
   251
370
     9
100
AcDbSpline
210
0.0
220
0.0
230
1.0
 70
     8
 71
     3
 72
    26
 73
    22
 74
     0
 42
0.0000000001
 43
0.0000000001
 40
0.0
 40
0.0
 40
0.0
 40
0.0
 40
0.1428571428571428
 40
0.1428571428571428
 40
0.1428571428571428
 40
0.2857142857142857
 40
0.2857142857142857
 40
0.2857142857142857
 40
0.4285714285714285
 40
0.4285714285714285
 40
0.4285714285714285
 40
0.5714285714285714
 40
0.5714285714285714
 40
0.5714285714285714
 40
0.7142857142857142
 40
0.7142857142857142
 40
0.7142857142857142
 40
0.8571428571428571
 40
0.8571428571428571
 40
0.8571428571428571
 40
1.0
 40
1.0
 40
1.0
 40
1.0
 10
8.4538
 20
-3.37688
 30
0.0
 10
8.4538
 20
-3.37688
 30
0.0
 10
8.4538
 20
-3.37335
 30
0.0
 10
8.4538
 20
-3.37335
 30
0.0
 10
8.4538
 20
-3.37335
 30
0.0
 10
8.45027
 20
-3.37335
 30
0.0
 10
8.45027
 20
-3.37335
 30
0.0
 10
8.45027
 20
-3.37335
 30
0.0
 10
8.44674
 20
-3.37335
 30
0.0
 10
8.44674
 20
-3.37335
 30
0.0
 10
8.44674
 20
-3.37335
 30
0.0
 10
8.44322
 20
-3.36982
 30
0.0
 10
8.44322
 20
-3.36982
 30
0.0
 10
8.44322
 20
-3.36982
 30
0.0
 10
8.43969
 20
-3.36629
 30
0.0
 10
8.43969
 20
-3.36629
 30
0.0
 10
8.43969
 20
-3.36629
 30
0.0
 10
8.43969
 20
-3.36277
 30
0.0
 10
8.43969
 20
-3.36277
 30
0.0
 10
8.43969
 20
-3.36277
 30
0.0
 10
8.43969
 20
-3.35924
 30
0.0
 10
8.43969
 20
-3.35924
 30
0.0
  0
SPLINE
  5
2AA
330
1F
100
AcDbEntity
  8
Camada 1
 62
   251
370
     9
100
AcDbSpline
210
0.0
220
0.0
230
1.0
 70
     8
 71
     3
 72
    29
 73
    25
 74
     0
 42
0.0000000001
 43
0.0000000001
 40
0.0
 40
0.0
 40
0.0
 40
0.0
 40
0.125
 40
0.125
 40
0.125
 40
0.25
 40
0.25
 40
0.25
 40
0.375
 40
0.375
 40
0.375
 40
0.5
 40
0.5
 40
0.5
 40
0.625
 40
0.625
 40
0.625
 40
0.75
 40
0.75
 40
0.75
 40
0.875
 40
0.875
 40
0.875
 40
1.0
 40
1.0
 40
1.0
 40
1.0
 10
12.94113
 20
-3.35924
 30
0.0
 10
12.94113
 20
-3.35924
 30
0.0
 10
12.94113
 20
-3.36277
 30
0.0
 10
12.94113
 20
-3.36277
 30
0.0
 10
12.94113
 20
-3.36277
 30
0.0
 10
12.93761
 20
-3.36629
 30
0.0
 10
12.93761
 20
-3.36629
 30
0.0
 10
12.93761
 20
-3.36629
 30
0.0
 10
12.93761
 20
-3.36982
 30
0.0
 10
12.93761
 20
-3.36982
 30
0.0
 10
12.93761
 20
-3.36982
 30
0.0
 10
12.93408
 20
-3.36982
 30
0.0
 10
12.93408
 20
-3.36982
 30
0.0
 10
12.93408
 20
-3.36982
 30
0.0
 10
12.93408
 20
-3.37335
 30
0.0
 10
12.93408
 20
-3.37335
 30
0.0
 10
12.93408
 20
-3.37335
 30
0.0
 10
12.93055
 20
-3.37335
 30
0.0
 10
12.93055
 20
-3.37335
 30
0.0
 10
12.93055
 20
-3.37335
 30
0.0
 10
12.92702
 20
-3.37335
 30
0.0
 10
12.92702
 20
-3.37335
 30
0.0
 10
12.92702
 20
-3.37335
 30
0.0
 10
12.92349
 20
-3.37688
 30
0.0
 10
12.92349
 20
-3.37688
 30
0.0
  0
SPLINE
  5
2AB
330
1F
100
AcDbEntity
  8
Camada 1
 62
   251
370
     9
100
AcDbSpline
210
0.0
220
0.0
230
1.0
 70
    24
 71
     3
 72
    14
 73
    10
 74
     0
 42
0.0000000001
 43
0.0000000001
 40
0.0
 40
0.0
 40
0.0
 40
0.0
 40
0.3333333333333333
 40
0.3333333333333333
 40
0.3333333333333333
 40
0.6666666666666666
 40
0.6666666666666666
 40
0.6666666666666666
 40
1.0
 40
1.0
 40
1.0
 40
1.0
 10
12.92349
 20
-3.37688
 30
0.0
 10
12.92349
 20
-3.37688
 30
0.0
 10
12.92349
 20
-3.37335
 30
0.0
 10
12.92349
 20
-3.37335
 30
0.0
 10
12.92349
 20
-3.37335
 30
0.0
 10
12.92349
 20
-3.36982
 30
0.0
 10
12.92349
 20
-3.36982
 30
0.0
 10
12.92349
 20
-3.36982
 30
0.0
 10
12.92349
 20
-3.36629
 30
0.0
 10
12.92349
 20
-3.36629
 30
0.0
  0
SPLINE
  5
2AC
330
1F
100
AcDbEntity
  8
Camada 1
 62
   251
370
     9
100
AcDbSpline
210
0.0
220
0.0
230
1.0
 70
     8
 71
     3
 72
    17
 73
    13
 74
     0
 42
0.0000000001
 43
0.0000000001
 40
0.0
 40
0.0
 40
0.0
 40
0.0
 40
0.25
 40
0.25
 40
0.25
 40
0.5
 40
0.5
 40
0.5
 40
0.75
 40
0.75
 40
0.75
 40
1.0
 40
1.0
 40
1.0
 40
1.0
 10
12.92349
 20
-3.36629
 30
0.0
 10
12.92349
 20
-3.36629
 30
0.0
 10
12.92702
 20
-3.36629
 30
0.0
 10
12.92702
 20
-3.36629
 30
0.0
 10
12.92702
 20
-3.36629
 30
0.0
 10
12.92702
 20
-3.36277
 30
0.0
 10
12.92702
 20
-3.36277
 30
0.0
 10
12.92702
 20
-3.36277
 30
0.0
 10
12.93055
 20
-3.36277
 30
0.0
 10
12.93055
 20
-3.36277
 30
0.0
 10
12.93055
 20
-3.36277
 30
0.0
 10
12.93055
 20
-3.35924
 30
0.0
 10
12.93055
 20
-3.35924
 30
0.0
  0
SPLINE
  5
2AD
330
1F
100
AcDbEntity
  8
Camada 1
 62
   251
370
     9
100
AcDbSpline
210
0.0
220
0.0
230
1.0
 70
    24
 71
     3
 72
     8
 73
     4
 74
     0
 42
0.0000000001
 43
0.0000000001
 40
0.0
 40
0.0
 40
0.0
 40
0.0
 40
1.0
 40
1.0
 40
1.0
 40
1.0
 10
8.4538
 20
-3.36629
 30
0.0
 10
8.4538
 20
-3.36629
 30
0.0
 10
12.92349
 20
-3.36629
 30
0.0
 10
12.92349
 20
-3.36629
 30
0.0
  0
SPLINE
  5
2AE
330
1F
100
AcDbEntity
  8
Camada 1
 62
   251
370
     9
100
AcDbSpline
210
0.0
220
0.0
230
1.0
 70
    24
 71
     3
 72
     8
 73
     4
 74
     0
 42
0.0000000001
 43
0.0000000001
 40
0.0
 40
0.0
 40
0.0
 40
0.0
 40
1.0
 40
1.0
 40
1.0
 40
1.0
 10
12.92349
 20
-3.37688
 30
0.0
 10
12.92349
 20
-3.37688
 30
0.0
 10
8.4538
 20
-3.37688
 30
0.0
 10
8.4538
 20
-3.37688
 30
0.0
  0
SPLINE
  5
2AF
330
1F
100
AcDbEntity
  8
Camada 1
 62
   251
370
     9
100
AcDbSpline
210
0.0
220
0.0
230
1.0
 70
    24
 71
     3
 72
     8
 73
     4
 74
     0
 42
0.0000000001
 43
0.0000000001
 40
0.0
 40
0.0
 40
0.0
 40
0.0
 40
1.0
 40
1.0
 40
1.0
 40
1.0
 10
12.92349
 20
-1.13674
 30
0.0
 10
12.92349
 20
-1.13674
 30
0.0
 10
8.4538
 20
-1.13674
 30
0.0
 10
8.4538
 20
-1.13674
 30
0.0
  0
SPLINE
  5
2B0
330
1F
100
AcDbEntity
  8
Camada 1
 62
   251
370
     9
100
AcDbSpline
210
0.0
220
0.0
230
1.0
 70
    24
 71
     3
 72
    14
 73
    10
 74
     0
 42
0.0000000001
 43
0.0000000001
 40
0.0
 40
0.0
 40
0.0
 40
0.0
 40
0.3333333333333333
 40
0.3333333333333333
 40
0.3333333333333333
 40
0.6666666666666666
 40
0.6666666666666666
 40
0.6666666666666666
 40
1.0
 40
1.0
 40
1.0
 40
1.0
 10
8.4538
 20
-1.13674
 30
0.0
 10
8.4538
 20
-1.13674
 30
0.0
 10
8.4538
 20
-1.13321
 30
0.0
 10
8.4538
 20
-1.13321
 30
0.0
 10
8.4538
 20
-1.13321
 30
0.0
 10
8.4538
 20
-1.12968
 30
0.0
 10
8.4538
 20
-1.12968
 30
0.0
 10
8.4538
 20
-1.12968
 30
0.0
 10
8.4538
 20
-1.12615
 30
0.0
 10
8.4538
 20
-1.12615
 30
0.0
  0
SPLINE
  5
2B1
330
1F
100
AcDbEntity
  8
Camada 1
 62
   251
370
     9
100
AcDbSpline
210
0.0
220
0.0
230
1.0
 70
    24
 71
     3
 72
     8
 73
     4
 74
     0
 42
0.0000000001
 43
0.0000000001
 40
0.0
 40
0.0
 40
0.0
 40
0.0
 40
1.0
 40
1.0
 40
1.0
 40
1.0
 10
8.4538
 20
-1.12615
 30
0.0
 10
8.4538
 20
-1.12615
 30
0.0
 10
12.92349
 20
-1.12615
 30
0.0
 10
12.92349
 20
-1.12615
 30
0.0
  0
SPLINE
  5
2B2
330
1F
100
AcDbEntity
  8
Camada 1
 62
   251
370
     9
100
AcDbSpline
210
0.0
220
0.0
230
1.0
 70
    24
 71
     3
 72
    17
 73
    13
 74
     0
 42
0.0000000001
 43
0.0000000001
 40
0.0
 40
0.0
 40
0.0
 40
0.0
 40
0.25
 40
0.25
 40
0.25
 40
0.5
 40
0.5
 40
0.5
 40
0.75
 40
0.75
 40
0.75
 40
1.0
 40
1.0
 40
1.0
 40
1.0
 10
12.92349
 20
-1.12615
 30
0.0
 10
12.92349
 20
-1.12615
 30
0.0
 10
12.92349
 20
-1.12615
 30
0.0
 10
12.92349
 20
-1.12615
 30
0.0
 10
12.92349
 20
-1.12615
 30
0.0
 10
12.92349
 20
-1.12968
 30
0.0
 10
12.92349
 20
-1.12968
 30
0.0
 10
12.92349
 20
-1.12968
 30
0.0
 10
12.92349
 20
-1.13321
 30
0.0
 10
12.92349
 20
-1.13321
 30
0.0
 10
12.92349
 20
-1.13321
 30
0.0
 10
12.92349
 20
-1.13674
 30
0.0
 10
12.92349
 20
-1.13674
 30
0.0
  0
SPLINE
  5
2B3
330
1F
100
AcDbEntity
  8
Camada 1
 62
   251
370
     9
100
AcDbSpline
210
0.0
220
0.0
230
1.0
 70
     8
 71
     3
 72
    14
 73
    10
 74
     0
 42
0.0000000001
 43
0.0000000001
 40
0.0
 40
0.0
 40
0.0
 40
0.0
 40
0.3333333333333333
 40
0.3333333333333333
 40
0.3333333333333333
 40
0.6666666666666666
 40
0.6666666666666666
 40
0.6666666666666666
 40
1.0
 40
1.0
 40
1.0
 40
1.0
 10
8.4538
 20
-1.13674
 30
0.0
 10
8.4538
 20
-1.13674
 30
0.0
 10
8.4538
 20
-1.13674
 30
0.0
 10
8.4538
 20
-1.13674
 30
0.0
 10
8.4538
 20
-1.13674
 30
0.0
 10
8.45027
 20
-1.13674
 30
0.0
 10
8.45027
 20
-1.13674
 30
0.0
 10
8.45027
 20
-1.13674
 30
0.0
 10
8.45027
 20
-1.14027
 30
0.0
 10
8.45027
 20
-1.14027
 30
0.0
  0
SPLINE
  5
2B4
330
1F
100
AcDbEntity
  8
Camada 1
 62
   251
370
     9
100
AcDbSpline
210
0.0
220
0.0
230
1.0
 70
     8
 71
     3
 72
    26
 73
    22
 74
     0
 42
0.0000000001
 43
0.0000000001
 40
0.0
 40
0.0
 40
0.0
 40
0.0
 40
0.1428571428571428
 40
0.1428571428571428
 40
0.1428571428571428
 40
0.2857142857142857
 40
0.2857142857142857
 40
0.2857142857142857
 40
0.4285714285714285
 40
0.4285714285714285
 40
0.4285714285714285
 40
0.5714285714285714
 40
0.5714285714285714
 40
0.5714285714285714
 40
0.7142857142857142
 40
0.7142857142857142
 40
0.7142857142857142
 40
0.8571428571428571
 40
0.8571428571428571
 40
0.8571428571428571
 40
1.0
 40
1.0
 40
1.0
 40
1.0
 10
8.43969
 20
-1.14027
 30
0.0
 10
8.43969
 20
-1.14027
 30
0.0
 10
8.43969
 20
-1.13674
 30
0.0
 10
8.43969
 20
-1.13674
 30
0.0
 10
8.43969
 20
-1.13674
 30
0.0
 10
8.43969
 20
-1.13321
 30
0.0
 10
8.43969
 20
-1.13321
 30
0.0
 10
8.43969
 20
-1.13321
 30
0.0
 10
8.44322
 20
-1.13321
 30
0.0
 10
8.44322
 20
-1.13321
 30
0.0
 10
8.44322
 20
-1.13321
 30
0.0
 10
8.44322
 20
-1.12968
 30
0.0
 10
8.44322
 20
-1.12968
 30
0.0
 10
8.44322
 20
-1.12968
 30
0.0
 10
8.44674
 20
-1.12968
 30
0.0
 10
8.44674
 20
-1.12968
 30
0.0
 10
8.44674
 20
-1.12968
 30
0.0
 10
8.45027
 20
-1.12615
 30
0.0
 10
8.45027
 20
-1.12615
 30
0.0
 10
8.45027
 20
-1.12615
 30
0.0
 10
8.4538
 20
-1.12615
 30
0.0
 10
8.4538
 20
-1.12615
 30
0.0
  0
SPLINE
  5
2B5
330
1F
100
AcDbEntity
  8
Camada 1
 62
   251
370
     9
100
AcDbSpline
210
0.0
220
0.0
230
1.0
 70
     8
 71
     3
 72
    23
 73
    19
 74
     0
 42
0.0000000001
 43
0.0000000001
 40
0.0
 40
0.0
 40
0.0
 40
0.0
 40
0.1666666666666667
 40
0.1666666666666667
 40
0.1666666666666667
 40
0.3333333333333333
 40
0.3333333333333333
 40
0.3333333333333333
 40
0.5
 40
0.5
 40
0.5
 40
0.6666666666666666
 40
0.6666666666666666
 40
0.6666666666666666
 40
0.8333333333333333
 40
0.8333333333333333
 40
0.8333333333333333
 40
1.0
 40
1.0
 40
1.0
 40
1.0
 10
12.92349
 20
-1.12615
 30
0.0
 10
12.92349
 20
-1.12615
 30
0.0
 10
12.92702
 20
-1.12615
 30
0.0
 10
12.92702
 20
-1.12615
 30
0.0
 10
12.92702
 20
-1.12615
 30
0.0
 10
12.93055
 20
-1.12615
 30
0.0
 10
12.93055
 20
-1.12615
 30
0.0
 10
12.93055
 20
-1.12615
 30
0.0
 10
12.93408
 20
-1.12968
 30
0.0
 10
12.93408
 20
-1.12968
 30
0.0
 10
12.93408
 20
-1.12968
 30
0.0
 10
12.93761
 20
-1.13321
 30
0.0
 10
12.93761
 20
-1.13321
 30
0.0
 10
12.93761
 20
-1.13321
 30
0.0
 10
12.94113
 20
-1.13674
 30
0.0
 10
12.94113
 20
-1.13674
 30
0.0
 10
12.94113
 20
-1.13674
 30
0.0
 10
12.94113
 20
-1.14027
 30
0.0
 10
12.94113
 20
-1.14027
 30
0.0
  0
SPLINE
  5
2B6
330
1F
100
AcDbEntity
  8
Camada 1
 62
   251
370
     9
100
AcDbSpline
210
0.0
220
0.0
230
1.0
 70
     8
 71
     3
 72
    17
 73
    13
 74
     0
 42
0.0000000001
 43
0.0000000001
 40
0.0
 40
0.0
 40
0.0
 40
0.0
 40
0.25
 40
0.25
 40
0.25
 40
0.5
 40
0.5
 40
0.5
 40
0.75
 40
0.75
 40
0.75
 40
1.0
 40
1.0
 40
1.0
 40
1.0
 10
12.93055
 20
-1.14027
 30
0.0
 10
12.93055
 20
-1.14027
 30
0.0
 10
12.93055
 20
-1.14027
 30
0.0
 10
12.93055
 20
-1.14027
 30
0.0
 10
12.93055
 20
-1.14027
 30
0.0
 10
12.93055
 20
-1.13674
 30
0.0
 10
12.93055
 20
-1.13674
 30
0.0
 10
12.93055
 20
-1.13674
 30
0.0
 10
12.92702
 20
-1.13674
 30
0.0
 10
12.92702
 20
-1.13674
 30
0.0
 10
12.92702
 20
-1.13674
 30
0.0
 10
12.92349
 20
-1.13674
 30
0.0
 10
12.92349
 20
-1.13674
 30
0.0
  0
SPLINE
  5
2B7
330
1F
100
AcDbEntity
  8
Camada 1
 62
   251
370
     9
100
AcDbSpline
210
0.0
220
0.0
230
1.0
 70
     8
 71
     3
 72
    29
 73
    25
 74
     0
 42
0.0000000001
 43
0.0000000001
 40
0.0
 40
0.0
 40
0.0
 40
0.0
 40
0.125
 40
0.125
 40
0.125
 40
0.25
 40
0.25
 40
0.25
 40
0.375
 40
0.375
 40
0.375
 40
0.5
 40
0.5
 40
0.5
 40
0.625
 40
0.625
 40
0.625
 40
0.75
 40
0.75
 40
0.75
 40
0.875
 40
0.875
 40
0.875
 40
1.0
 40
1.0
 40
1.0
 40
1.0
 10
9.61091
 20
-3.12993
 30
0.0
 10
9.61091
 20
-3.12993
 30
0.0
 10
9.61797
 20
-3.13699
 30
0.0
 10
9.61797
 20
-3.13699
 30
0.0
 10
9.61797
 20
-3.13699
 30
0.0
 10
9.62502
 20
-3.14404
 30
0.0
 10
9.62502
 20
-3.14404
 30
0.0
 10
9.62502
 20
-3.14404
 30
0.0
 10
9.63561
 20
-3.14757
 30
0.0
 10
9.63561
 20
-3.14757
 30
0.0
 10
9.63561
 20
-3.14757
 30
0.0
 10
9.64266
 20
-3.1511
 30
0.0
 10
9.64266
 20
-3.1511
 30
0.0
 10
9.64266
 20
-3.1511
 30
0.0
 10
9.65324
 20
-3.15463
 30
0.0
 10
9.65324
 20
-3.15463
 30
0.0
 10
9.65324
 20
-3.15463
 30
0.0
 10
9.6603
 20
-3.15815
 30
0.0
 10
9.6603
 20
-3.15815
 30
0.0
 10
9.6603
 20
-3.15815
 30
0.0
 10
9.67088
 20
-3.16168
 30
0.0
 10
9.67088
 20
-3.16168
 30
0.0
 10
9.67088
 20
-3.16168
 30
0.0
 10
9.68147
 20
-3.16168
 30
0.0
 10
9.68147
 20
-3.16168
 30
0.0
  0
SPLINE
  5
2B8
330
1F
100
AcDbEntity
  8
Camada 1
 62
   251
370
     9
100
AcDbSpline
210
0.0
220
0.0
230
1.0
 70
    24
 71
     3
 72
     8
 73
     4
 74
     0
 42
0.0000000001
 43
0.0000000001
 40
0.0
 40
0.0
 40
0.0
 40
0.0
 40
1.0
 40
1.0
 40
1.0
 40
1.0
 10
9.68147
 20
-3.16168
 30
0.0
 10
9.68147
 20
-3.16168
 30
0.0
 10
11.69936
 20
-3.16168
 30
0.0
 10
11.69936
 20
-3.16168
 30
0.0
  0
SPLINE
  5
2B9
330
1F
100
AcDbEntity
  8
Camada 1
 62
   251
370
     9
100
AcDbSpline
210
0.0
220
0.0
230
1.0
 70
     8
 71
     3
 72
    29
 73
    25
 74
     0
 42
0.0000000001
 43
0.0000000001
 40
0.0
 40
0.0
 40
0.0
 40
0.0
 40
0.125
 40
0.125
 40
0.125
 40
0.25
 40
0.25
 40
0.25
 40
0.375
 40
0.375
 40
0.375
 40
0.5
 40
0.5
 40
0.5
 40
0.625
 40
0.625
 40
0.625
 40
0.75
 40
0.75
 40
0.75
 40
0.875
 40
0.875
 40
0.875
 40
1.0
 40
1.0
 40
1.0
 40
1.0
 10
11.69936
 20
-3.16168
 30
0.0
 10
11.69936
 20
-3.16168
 30
0.0
 10
11.70994
 20
-3.16168
 30
0.0
 10
11.70994
 20
-3.16168
 30
0.0
 10
11.70994
 20
-3.16168
 30
0.0
 10
11.71699
 20
-3.15815
 30
0.0
 10
11.71699
 20
-3.15815
 30
0.0
 10
11.71699
 20
-3.15815
 30
0.0
 10
11.72758
 20
-3.15463
 30
0.0
 10
11.72758
 20
-3.15463
 30
0.0
 10
11.72758
 20
-3.15463
 30
0.0
 10
11.73816
 20
-3.1511
 30
0.0
 10
11.73816
 20
-3.1511
 30
0.0
 10
11.73816
 20
-3.1511
 30
0.0
 10
11.74522
 20
-3.14757
 30
0.0
 10
11.74522
 20
-3.14757
 30
0.0
 10
11.74522
 20
-3.14757
 30
0.0
 10
11.7558
 20
-3.14404
 30
0.0
 10
11.7558
 20
-3.14404
 30
0.0
 10
11.7558
 20
-3.14404
 30
0.0
 10
11.76286
 20
-3.13699
 30
0.0
 10
11.76286
 20
-3.13699
 30
0.0
 10
11.76286
 20
-3.13699
 30
0.0
 10
11.76991
 20
-3.12993
 30
0.0
 10
11.76991
 20
-3.12993
 30
0.0
  0
SPLINE
  5
2BA
330
1F
100
AcDbEntity
  8
Camada 1
 62
   251
370
     9
100
AcDbSpline
210
0.0
220
0.0
230
1.0
 70
    24
 71
     3
 72
     8
 73
     4
 74
     0
 42
0.0000000001
 43
0.0000000001
 40
0.0
 40
0.0
 40
0.0
 40
0.0
 40
1.0
 40
1.0
 40
1.0
 40
1.0
 10
11.76991
 20
-3.12993
 30
0.0
 10
11.76991
 20
-3.12993
 30
0.0
 10
12.57777
 20
-2.32207
 30
0.0
 10
12.57777
 20
-2.32207
 30
0.0
  0
SPLINE
  5
2BB
330
1F
100
AcDbEntity
  8
Camada 1
 62
   251
370
     9
100
AcDbSpline
210
0.0
220
0.0
230
1.0
 70
     8
 71
     3
 72
    29
 73
    25
 74
     0
 42
0.0000000001
 43
0.0000000001
 40
0.0
 40
0.0
 40
0.0
 40
0.0
 40
0.125
 40
0.125
 40
0.125
 40
0.25
 40
0.25
 40
0.25
 40
0.375
 40
0.375
 40
0.375
 40
0.5
 40
0.5
 40
0.5
 40
0.625
 40
0.625
 40
0.625
 40
0.75
 40
0.75
 40
0.75
 40
0.875
 40
0.875
 40
0.875
 40
1.0
 40
1.0
 40
1.0
 40
1.0
 10
12.57777
 20
-2.32207
 30
0.0
 10
12.57777
 20
-2.32207
 30
0.0
 10
12.59188
 20
-2.30443
 30
0.0
 10
12.59188
 20
-2.30443
 30
0.0
 10
12.59188
 20
-2.30443
 30
0.0
 10
12.60247
 20
-2.29032
 30
0.0
 10
12.60247
 20
-2.29032
 30
0.0
 10
12.60247
 20
-2.29032
 30
0.0
 10
12.60599
 20
-2.26916
 30
0.0
 10
12.60599
 20
-2.26916
 30
0.0
 10
12.60599
 20
-2.26916
 30
0.0
 10
12.60952
 20
-2.25152
 30
0.0
 10
12.60952
 20
-2.25152
 30
0.0
 10
12.60952
 20
-2.25152
 30
0.0
 10
12.60599
 20
-2.23035
 30
0.0
 10
12.60599
 20
-2.23035
 30
0.0
 10
12.60599
 20
-2.23035
 30
0.0
 10
12.60247
 20
-2.21271
 30
0.0
 10
12.60247
 20
-2.21271
 30
0.0
 10
12.60247
 20
-2.21271
 30
0.0
 10
12.59188
 20
-2.19507
 30
0.0
 10
12.59188
 20
-2.19507
 30
0.0
 10
12.59188
 20
-2.19507
 30
0.0
 10
12.57777
 20
-2.18096
 30
0.0
 10
12.57777
 20
-2.18096
 30
0.0
  0
SPLINE
  5
2BC
330
1F
100
AcDbEntity
  8
Camada 1
 62
   251
370
     9
100
AcDbSpline
210
0.0
220
0.0
230
1.0
 70
    24
 71
     3
 72
     8
 73
     4
 74
     0
 42
0.0000000001
 43
0.0000000001
 40
0.0
 40
0.0
 40
0.0
 40
0.0
 40
1.0
 40
1.0
 40
1.0
 40
1.0
 10
12.57777
 20
-2.18096
 30
0.0
 10
12.57777
 20
-2.18096
 30
0.0
 10
11.76991
 20
-1.36957
 30
0.0
 10
11.76991
 20
-1.36957
 30
0.0
  0
SPLINE
  5
2BD
330
1F
100
AcDbEntity
  8
Camada 1
 62
   251
370
     9
100
AcDbSpline
210
0.0
220
0.0
230
1.0
 70
     8
 71
     3
 72
    29
 73
    25
 74
     0
 42
0.0000000001
 43
0.0000000001
 40
0.0
 40
0.0
 40
0.0
 40
0.0
 40
0.125
 40
0.125
 40
0.125
 40
0.25
 40
0.25
 40
0.25
 40
0.375
 40
0.375
 40
0.375
 40
0.5
 40
0.5
 40
0.5
 40
0.625
 40
0.625
 40
0.625
 40
0.75
 40
0.75
 40
0.75
 40
0.875
 40
0.875
 40
0.875
 40
1.0
 40
1.0
 40
1.0
 40
1.0
 10
11.76991
 20
-1.36957
 30
0.0
 10
11.76991
 20
-1.36957
 30
0.0
 10
11.76286
 20
-1.36252
 30
0.0
 10
11.76286
 20
-1.36252
 30
0.0
 10
11.76286
 20
-1.36252
 30
0.0
 10
11.7558
 20
-1.35899
 30
0.0
 10
11.7558
 20
-1.35899
 30
0.0
 10
11.7558
 20
-1.35899
 30
0.0
 10
11.74522
 20
-1.35193
 30
0.0
 10
11.74522
 20
-1.35193
 30
0.0
 10
11.74522
 20
-1.35193
 30
0.0
 10
11.73816
 20
-1.34841
 30
0.0
 10
11.73816
 20
-1.34841
 30
0.0
 10
11.73816
 20
-1.34841
 30
0.0
 10
11.72758
 20
-1.34488
 30
0.0
 10
11.72758
 20
-1.34488
 30
0.0
 10
11.72758
 20
-1.34488
 30
0.0
 10
11.71699
 20
-1.34135
 30
0.0
 10
11.71699
 20
-1.34135
 30
0.0
 10
11.71699
 20
-1.34135
 30
0.0
 10
11.70994
 20
-1.34135
 30
0.0
 10
11.70994
 20
-1.34135
 30
0.0
 10
11.70994
 20
-1.34135
 30
0.0
 10
11.69936
 20
-1.34135
 30
0.0
 10
11.69936
 20
-1.34135
 30
0.0
  0
SPLINE
  5
2BE
330
1F
100
AcDbEntity
  8
Camada 1
 62
   251
370
     9
100
AcDbSpline
210
0.0
220
0.0
230
1.0
 70
    24
 71
     3
 72
     8
 73
     4
 74
     0
 42
0.0000000001
 43
0.0000000001
 40
0.0
 40
0.0
 40
0.0
 40
0.0
 40
1.0
 40
1.0
 40
1.0
 40
1.0
 10
11.69936
 20
-1.34135
 30
0.0
 10
11.69936
 20
-1.34135
 30
0.0
 10
9.68147
 20
-1.34135
 30
0.0
 10
9.68147
 20
-1.34135
 30
0.0
  0
SPLINE
  5
2BF
330
1F
100
AcDbEntity
  8
Camada 1
 62
   251
370
     9
100
AcDbSpline
210
0.0
220
0.0
230
1.0
 70
     8
 71
     3
 72
    29
 73
    25
 74
     0
 42
0.0000000001
 43
0.0000000001
 40
0.0
 40
0.0
 40
0.0
 40
0.0
 40
0.125
 40
0.125
 40
0.125
 40
0.25
 40
0.25
 40
0.25
 40
0.375
 40
0.375
 40
0.375
 40
0.5
 40
0.5
 40
0.5
 40
0.625
 40
0.625
 40
0.625
 40
0.75
 40
0.75
 40
0.75
 40
0.875
 40
0.875
 40
0.875
 40
1.0
 40
1.0
 40
1.0
 40
1.0
 10
9.68147
 20
-1.34135
 30
0.0
 10
9.68147
 20
-1.34135
 30
0.0
 10
9.67088
 20
-1.34135
 30
0.0
 10
9.67088
 20
-1.34135
 30
0.0
 10
9.67088
 20
-1.34135
 30
0.0
 10
9.6603
 20
-1.34135
 30
0.0
 10
9.6603
 20
-1.34135
 30
0.0
 10
9.6603
 20
-1.34135
 30
0.0
 10
9.65324
 20
-1.34488
 30
0.0
 10
9.65324
 20
-1.34488
 30
0.0
 10
9.65324
 20
-1.34488
 30
0.0
 10
9.64266
 20
-1.34841
 30
0.0
 10
9.64266
 20
-1.34841
 30
0.0
 10
9.64266
 20
-1.34841
 30
0.0
 10
9.63561
 20
-1.35193
 30
0.0
 10
9.63561
 20
-1.35193
 30
0.0
 10
9.63561
 20
-1.35193
 30
0.0
 10
9.62502
 20
-1.35899
 30
0.0
 10
9.62502
 20
-1.35899
 30
0.0
 10
9.62502
 20
-1.35899
 30
0.0
 10
9.61797
 20
-1.36252
 30
0.0
 10
9.61797
 20
-1.36252
 30
0.0
 10
9.61797
 20
-1.36252
 30
0.0
 10
9.61091
 20
-1.36957
 30
0.0
 10
9.61091
 20
-1.36957
 30
0.0
  0
SPLINE
  5
2C0
330
1F
100
AcDbEntity
  8
Camada 1
 62
   251
370
     9
100
AcDbSpline
210
0.0
220
0.0
230
1.0
 70
    24
 71
     3
 72
     8
 73
     4
 74
     0
 42
0.0000000001
 43
0.0000000001
 40
0.0
 40
0.0
 40
0.0
 40
0.0
 40
1.0
 40
1.0
 40
1.0
 40
1.0
 10
9.61091
 20
-1.36957
 30
0.0
 10
9.61091
 20
-1.36957
 30
0.0
 10
8.79952
 20
-2.18096
 30
0.0
 10
8.79952
 20
-2.18096
 30
0.0
  0
SPLINE
  5
2C1
330
1F
100
AcDbEntity
  8
Camada 1
 62
   251
370
     9
100
AcDbSpline
210
0.0
220
0.0
230
1.0
 70
     8
 71
     3
 72
    29
 73
    25
 74
     0
 42
0.0000000001
 43
0.0000000001
 40
0.0
 40
0.0
 40
0.0
 40
0.0
 40
0.125
 40
0.125
 40
0.125
 40
0.25
 40
0.25
 40
0.25
 40
0.375
 40
0.375
 40
0.375
 40
0.5
 40
0.5
 40
0.5
 40
0.625
 40
0.625
 40
0.625
 40
0.75
 40
0.75
 40
0.75
 40
0.875
 40
0.875
 40
0.875
 40
1.0
 40
1.0
 40
1.0
 40
1.0
 10
8.79952
 20
-2.18096
 30
0.0
 10
8.79952
 20
-2.18096
 30
0.0
 10
8.78894
 20
-2.19507
 30
0.0
 10
8.78894
 20
-2.19507
 30
0.0
 10
8.78894
 20
-2.19507
 30
0.0
 10
8.77836
 20
-2.21271
 30
0.0
 10
8.77836
 20
-2.21271
 30
0.0
 10
8.77836
 20
-2.21271
 30
0.0
 10
8.77483
 20
-2.23035
 30
0.0
 10
8.77483
 20
-2.23035
 30
0.0
 10
8.77483
 20
-2.23035
 30
0.0
 10
8.7713
 20
-2.25152
 30
0.0
 10
8.7713
 20
-2.25152
 30
0.0
 10
8.7713
 20
-2.25152
 30
0.0
 10
8.77483
 20
-2.26916
 30
0.0
 10
8.77483
 20
-2.26916
 30
0.0
 10
8.77483
 20
-2.26916
 30
0.0
 10
8.77836
 20
-2.29032
 30
0.0
 10
8.77836
 20
-2.29032
 30
0.0
 10
8.77836
 20
-2.29032
 30
0.0
 10
8.78894
 20
-2.30443
 30
0.0
 10
8.78894
 20
-2.30443
 30
0.0
 10
8.78894
 20
-2.30443
 30
0.0
 10
8.79952
 20
-2.32207
 30
0.0
 10
8.79952
 20
-2.32207
 30
0.0
  0
SPLINE
  5
2C2
330
1F
100
AcDbEntity
  8
Camada 1
 62
   251
370
     9
100
AcDbSpline
210
0.0
220
0.0
230
1.0
 70
    24
 71
     3
 72
     8
 73
     4
 74
     0
 42
0.0000000001
 43
0.0000000001
 40
0.0
 40
0.0
 40
0.0
 40
0.0
 40
1.0
 40
1.0
 40
1.0
 40
1.0
 10
8.79952
 20
-2.32207
 30
0.0
 10
8.79952
 20
-2.32207
 30
0.0
 10
9.61091
 20
-3.12993
 30
0.0
 10
9.61091
 20
-3.12993
 30
0.0
  0
SPLINE
  5
2C3
330
1F
100
AcDbEntity
  8
Camada 1
 62
   251
370
     9
100
AcDbSpline
210
0.0
220
0.0
230
1.0
 70
    24
 71
     3
 72
     8
 73
     4
 74
     0
 42
0.0000000001
 43
0.0000000001
 40
0.0
 40
0.0
 40
0.0
 40
0.0
 40
1.0
 40
1.0
 40
1.0
 40
1.0
 10
8.43616
 20
-1.14027
 30
0.0
 10
8.43616
 20
-1.14027
 30
0.0
 10
8.43616
 20
-3.35924
 30
0.0
 10
8.43616
 20
-3.35924
 30
0.0
  0
SPLINE
  5
2C4
330
1F
100
AcDbEntity
  8
Camada 1
 62
   251
370
     9
100
AcDbSpline
210
0.0
220
0.0
230
1.0
 70
    24
 71
     3
 72
     8
 73
     4
 74
     0
 42
0.0000000001
 43
0.0000000001
 40
0.0
 40
0.0
 40
0.0
 40
0.0
 40
1.0
 40
1.0
 40
1.0
 40
1.0
 10
8.43969
 20
-1.14027
 30
0.0
 10
8.43969
 20
-1.14027
 30
0.0
 10
8.43616
 20
-1.14027
 30
0.0
 10
8.43616
 20
-1.14027
 30
0.0
  0
SPLINE
  5
2C5
330
1F
100
AcDbEntity
  8
Camada 1
 62
   251
370
     9
100
AcDbSpline
210
0.0
220
0.0
230
1.0
 70
    24
 71
     3
 72
     8
 73
     4
 74
     0
 42
0.0000000001
 43
0.0000000001
 40
0.0
 40
0.0
 40
0.0
 40
0.0
 40
1.0
 40
1.0
 40
1.0
 40
1.0
 10
8.43969
 20
-3.35924
 30
0.0
 10
8.43969
 20
-3.35924
 30
0.0
 10
8.43616
 20
-3.35924
 30
0.0
 10
8.43616
 20
-3.35924
 30
0.0
  0
SPLINE
  5
2C6
330
1F
100
AcDbEntity
  8
Camada 1
 62
   251
370
     9
100
AcDbSpline
210
0.0
220
0.0
230
1.0
 70
     8
 71
     3
 72
    29
 73
    25
 74
     0
 42
0.0000000001
 43
0.0000000001
 40
0.0
 40
0.0
 40
0.0
 40
0.0
 40
0.125
 40
0.125
 40
0.125
 40
0.25
 40
0.25
 40
0.25
 40
0.375
 40
0.375
 40
0.375
 40
0.5
 40
0.5
 40
0.5
 40
0.625
 40
0.625
 40
0.625
 40
0.75
 40
0.75
 40
0.75
 40
0.875
 40
0.875
 40
0.875
 40
1.0
 40
1.0
 40
1.0
 40
1.0
 10
8.43616
 20
-3.35924
 30
0.0
 10
8.43616
 20
-3.35924
 30
0.0
 10
8.43616
 20
-3.36277
 30
0.0
 10
8.43616
 20
-3.36277
 30
0.0
 10
8.43616
 20
-3.36277
 30
0.0
 10
8.43616
 20
-3.36982
 30
0.0
 10
8.43616
 20
-3.36982
 30
0.0
 10
8.43616
 20
-3.36982
 30
0.0
 10
8.43969
 20
-3.36982
 30
0.0
 10
8.43969
 20
-3.36982
 30
0.0
 10
8.43969
 20
-3.36982
 30
0.0
 10
8.43969
 20
-3.37335
 30
0.0
 10
8.43969
 20
-3.37335
 30
0.0
 10
8.43969
 20
-3.37335
 30
0.0
 10
8.44322
 20
-3.37688
 30
0.0
 10
8.44322
 20
-3.37688
 30
0.0
 10
8.44322
 20
-3.37688
 30
0.0
 10
8.44674
 20
-3.38041
 30
0.0
 10
8.44674
 20
-3.38041
 30
0.0
 10
8.44674
 20
-3.38041
 30
0.0
 10
8.45027
 20
-3.38041
 30
0.0
 10
8.45027
 20
-3.38041
 30
0.0
 10
8.45027
 20
-3.38041
 30
0.0
 10
8.4538
 20
-3.38041
 30
0.0
 10
8.4538
 20
-3.38041
 30
0.0
  0
SPLINE
  5
2C7
330
1F
100
AcDbEntity
  8
Camada 1
 62
   251
370
     9
100
AcDbSpline
210
0.0
220
0.0
230
1.0
 70
    24
 71
     3
 72
     8
 73
     4
 74
     0
 42
0.0000000001
 43
0.0000000001
 40
0.0
 40
0.0
 40
0.0
 40
0.0
 40
1.0
 40
1.0
 40
1.0
 40
1.0
 10
8.4538
 20
-3.37688
 30
0.0
 10
8.4538
 20
-3.37688
 30
0.0
 10
8.4538
 20
-3.38041
 30
0.0
 10
8.4538
 20
-3.38041
 30
0.0
  0
SPLINE
  5
2C8
330
1F
100
AcDbEntity
  8
Camada 1
 62
   251
370
     9
100
AcDbSpline
210
0.0
220
0.0
230
1.0
 70
    24
 71
     3
 72
     8
 73
     4
 74
     0
 42
0.0000000001
 43
0.0000000001
 40
0.0
 40
0.0
 40
0.0
 40
0.0
 40
1.0
 40
1.0
 40
1.0
 40
1.0
 10
8.4538
 20
-3.38041
 30
0.0
 10
8.4538
 20
-3.38041
 30
0.0
 10
12.92349
 20
-3.38041
 30
0.0
 10
12.92349
 20
-3.38041
 30
0.0
  0
SPLINE
  5
2C9
330
1F
100
AcDbEntity
  8
Camada 1
 62
   251
370
     9
100
AcDbSpline
210
0.0
220
0.0
230
1.0
 70
    24
 71
     3
 72
     8
 73
     4
 74
     0
 42
0.0000000001
 43
0.0000000001
 40
0.0
 40
0.0
 40
0.0
 40
0.0
 40
1.0
 40
1.0
 40
1.0
 40
1.0
 10
12.92349
 20
-3.37688
 30
0.0
 10
12.92349
 20
-3.37688
 30
0.0
 10
12.92349
 20
-3.38041
 30
0.0
 10
12.92349
 20
-3.38041
 30
0.0
  0
SPLINE
  5
2CA
330
1F
100
AcDbEntity
  8
Camada 1
 62
   251
370
     9
100
AcDbSpline
210
0.0
220
0.0
230
1.0
 70
     8
 71
     3
 72
    29
 73
    25
 74
     0
 42
0.0000000001
 43
0.0000000001
 40
0.0
 40
0.0
 40
0.0
 40
0.0
 40
0.125
 40
0.125
 40
0.125
 40
0.25
 40
0.25
 40
0.25
 40
0.375
 40
0.375
 40
0.375
 40
0.5
 40
0.5
 40
0.5
 40
0.625
 40
0.625
 40
0.625
 40
0.75
 40
0.75
 40
0.75
 40
0.875
 40
0.875
 40
0.875
 40
1.0
 40
1.0
 40
1.0
 40
1.0
 10
8.4538
 20
-1.1191
 30
0.0
 10
8.4538
 20
-1.1191
 30
0.0
 10
8.45027
 20
-1.1191
 30
0.0
 10
8.45027
 20
-1.1191
 30
0.0
 10
8.45027
 20
-1.1191
 30
0.0
 10
8.44674
 20
-1.12263
 30
0.0
 10
8.44674
 20
-1.12263
 30
0.0
 10
8.44674
 20
-1.12263
 30
0.0
 10
8.44322
 20
-1.12263
 30
0.0
 10
8.44322
 20
-1.12263
 30
0.0
 10
8.44322
 20
-1.12263
 30
0.0
 10
8.43969
 20
-1.12615
 30
0.0
 10
8.43969
 20
-1.12615
 30
0.0
 10
8.43969
 20
-1.12615
 30
0.0
 10
8.43969
 20
-1.12968
 30
0.0
 10
8.43969
 20
-1.12968
 30
0.0
 10
8.43969
 20
-1.12968
 30
0.0
 10
8.43616
 20
-1.13321
 30
0.0
 10
8.43616
 20
-1.13321
 30
0.0
 10
8.43616
 20
-1.13321
 30
0.0
 10
8.43616
 20
-1.13674
 30
0.0
 10
8.43616
 20
-1.13674
 30
0.0
 10
8.43616
 20
-1.13674
 30
0.0
 10
8.43616
 20
-1.14027
 30
0.0
 10
8.43616
 20
-1.14027
 30
0.0
  0
SPLINE
  5
2CB
330
1F
100
AcDbEntity
  8
Camada 1
 62
   251
370
     9
100
AcDbSpline
210
0.0
220
0.0
230
1.0
 70
    24
 71
     3
 72
     8
 73
     4
 74
     0
 42
0.0000000001
 43
0.0000000001
 40
0.0
 40
0.0
 40
0.0
 40
0.0
 40
1.0
 40
1.0
 40
1.0
 40
1.0
 10
8.4538
 20
-1.12615
 30
0.0
 10
8.4538
 20
-1.12615
 30
0.0
 10
8.4538
 20
-1.1191
 30
0.0
 10
8.4538
 20
-1.1191
 30
0.0
  0
SPLINE
  5
2CC
330
1F
100
AcDbEntity
  8
Camada 1
 62
   251
370
     9
100
AcDbSpline
210
0.0
220
0.0
230
1.0
 70
    24
 71
     3
 72
     8
 73
     4
 74
     0
 42
0.0000000001
 43
0.0000000001
 40
0.0
 40
0.0
 40
0.0
 40
0.0
 40
1.0
 40
1.0
 40
1.0
 40
1.0
 10
12.94466
 20
-3.35924
 30
0.0
 10
12.94466
 20
-3.35924
 30
0.0
 10
12.94466
 20
-1.14027
 30
0.0
 10
12.94466
 20
-1.14027
 30
0.0
  0
SPLINE
  5
2CD
330
1F
100
AcDbEntity
  8
Camada 1
 62
   251
370
     9
100
AcDbSpline
210
0.0
220
0.0
230
1.0
 70
    24
 71
     3
 72
     8
 73
     4
 74
     0
 42
0.0000000001
 43
0.0000000001
 40
0.0
 40
0.0
 40
0.0
 40
0.0
 40
1.0
 40
1.0
 40
1.0
 40
1.0
 10
12.94113
 20
-3.35924
 30
0.0
 10
12.94113
 20
-3.35924
 30
0.0
 10
12.94466
 20
-3.35924
 30
0.0
 10
12.94466
 20
-3.35924
 30
0.0
  0
SPLINE
  5
2CE
330
1F
100
AcDbEntity
  8
Camada 1
 62
   251
370
     9
100
AcDbSpline
210
0.0
220
0.0
230
1.0
 70
    24
 71
     3
 72
     8
 73
     4
 74
     0
 42
0.0000000001
 43
0.0000000001
 40
0.0
 40
0.0
 40
0.0
 40
0.0
 40
1.0
 40
1.0
 40
1.0
 40
1.0
 10
12.94113
 20
-1.14027
 30
0.0
 10
12.94113
 20
-1.14027
 30
0.0
 10
12.94466
 20
-1.14027
 30
0.0
 10
12.94466
 20
-1.14027
 30
0.0
  0
SPLINE
  5
2CF
330
1F
100
AcDbEntity
  8
Camada 1
 62
   251
370
     9
100
AcDbSpline
210
0.0
220
0.0
230
1.0
 70
     8
 71
     3
 72
    29
 73
    25
 74
     0
 42
0.0000000001
 43
0.0000000001
 40
0.0
 40
0.0
 40
0.0
 40
0.0
 40
0.125
 40
0.125
 40
0.125
 40
0.25
 40
0.25
 40
0.25
 40
0.375
 40
0.375
 40
0.375
 40
0.5
 40
0.5
 40
0.5
 40
0.625
 40
0.625
 40
0.625
 40
0.75
 40
0.75
 40
0.75
 40
0.875
 40
0.875
 40
0.875
 40
1.0
 40
1.0
 40
1.0
 40
1.0
 10
12.94466
 20
-1.14027
 30
0.0
 10
12.94466
 20
-1.14027
 30
0.0
 10
12.94466
 20
-1.13674
 30
0.0
 10
12.94466
 20
-1.13674
 30
0.0
 10
12.94466
 20
-1.13674
 30
0.0
 10
12.94466
 20
-1.13321
 30
0.0
 10
12.94466
 20
-1.13321
 30
0.0
 10
12.94466
 20
-1.13321
 30
0.0
 10
12.94113
 20
-1.12968
 30
0.0
 10
12.94113
 20
-1.12968
 30
0.0
 10
12.94113
 20
-1.12968
 30
0.0
 10
12.93761
 20
-1.12615
 30
0.0
 10
12.93761
 20
-1.12615
 30
0.0
 10
12.93761
 20
-1.12615
 30
0.0
 10
12.93761
 20
-1.12263
 30
0.0
 10
12.93761
 20
-1.12263
 30
0.0
 10
12.93761
 20
-1.12263
 30
0.0
 10
12.93408
 20
-1.12263
 30
0.0
 10
12.93408
 20
-1.12263
 30
0.0
 10
12.93408
 20
-1.12263
 30
0.0
 10
12.93055
 20
-1.1191
 30
0.0
 10
12.93055
 20
-1.1191
 30
0.0
 10
12.93055
 20
-1.1191
 30
0.0
 10
12.92349
 20
-1.1191
 30
0.0
 10
12.92349
 20
-1.1191
 30
0.0
  0
SPLINE
  5
2D0
330
1F
100
AcDbEntity
  8
Camada 1
 62
   251
370
     9
100
AcDbSpline
210
0.0
220
0.0
230
1.0
 70
    24
 71
     3
 72
     8
 73
     4
 74
     0
 42
0.0000000001
 43
0.0000000001
 40
0.0
 40
0.0
 40
0.0
 40
0.0
 40
1.0
 40
1.0
 40
1.0
 40
1.0
 10
12.92349
 20
-1.12615
 30
0.0
 10
12.92349
 20
-1.12615
 30
0.0
 10
12.92349
 20
-1.1191
 30
0.0
 10
12.92349
 20
-1.1191
 30
0.0
  0
SPLINE
  5
2D1
330
1F
100
AcDbEntity
  8
Camada 1
 62
   251
370
     9
100
AcDbSpline
210
0.0
220
0.0
230
1.0
 70
    24
 71
     3
 72
     8
 73
     4
 74
     0
 42
0.0000000001
 43
0.0000000001
 40
0.0
 40
0.0
 40
0.0
 40
0.0
 40
1.0
 40
1.0
 40
1.0
 40
1.0
 10
12.92349
 20
-1.1191
 30
0.0
 10
12.92349
 20
-1.1191
 30
0.0
 10
8.4538
 20
-1.1191
 30
0.0
 10
8.4538
 20
-1.1191
 30
0.0
  0
SPLINE
  5
2D2
330
1F
100
AcDbEntity
  8
Camada 1
 62
   251
370
     9
100
AcDbSpline
210
0.0
220
0.0
230
1.0
 70
     8
 71
     3
 72
    29
 73
    25
 74
     0
 42
0.0000000001
 43
0.0000000001
 40
0.0
 40
0.0
 40
0.0
 40
0.0
 40
0.125
 40
0.125
 40
0.125
 40
0.25
 40
0.25
 40
0.25
 40
0.375
 40
0.375
 40
0.375
 40
0.5
 40
0.5
 40
0.5
 40
0.625
 40
0.625
 40
0.625
 40
0.75
 40
0.75
 40
0.75
 40
0.875
 40
0.875
 40
0.875
 40
1.0
 40
1.0
 40
1.0
 40
1.0
 10
12.92349
 20
-3.38041
 30
0.0
 10
12.92349
 20
-3.38041
 30
0.0
 10
12.93055
 20
-3.38041
 30
0.0
 10
12.93055
 20
-3.38041
 30
0.0
 10
12.93055
 20
-3.38041
 30
0.0
 10
12.93408
 20
-3.38041
 30
0.0
 10
12.93408
 20
-3.38041
 30
0.0
 10
12.93408
 20
-3.38041
 30
0.0
 10
12.93761
 20
-3.37688
 30
0.0
 10
12.93761
 20
-3.37688
 30
0.0
 10
12.93761
 20
-3.37688
 30
0.0
 10
12.93761
 20
-3.37335
 30
0.0
 10
12.93761
 20
-3.37335
 30
0.0
 10
12.93761
 20
-3.37335
 30
0.0
 10
12.94113
 20
-3.36982
 30
0.0
 10
12.94113
 20
-3.36982
 30
0.0
 10
12.94113
 20
-3.36982
 30
0.0
 10
12.94466
 20
-3.36982
 30
0.0
 10
12.94466
 20
-3.36982
 30
0.0
 10
12.94466
 20
-3.36982
 30
0.0
 10
12.94466
 20
-3.36277
 30
0.0
 10
12.94466
 20
-3.36277
 30
0.0
 10
12.94466
 20
-3.36277
 30
0.0
 10
12.94466
 20
-3.35924
 30
0.0
 10
12.94466
 20
-3.35924
 30
0.0
  0
SPLINE
  5
2D3
330
1F
100
AcDbEntity
  8
Camada 1
 62
   251
370
     9
100
AcDbSpline
210
0.0
220
0.0
230
1.0
 70
    11
 71
     3
 72
   137
 73
   133
 74
     0
 42
0.0000000001
 43
0.0000000001
 40
0.0
 40
0.0
 40
0.0
 40
0.0
 40
0.0227272727272727
 40
0.0227272727272727
 40
0.0227272727272727
 40
0.0454545454545455
 40
0.0454545454545455
 40
0.0454545454545455
 40
0.0681818181818182
 40
0.0681818181818182
 40
0.0681818181818182
 40
0.0909090909090909
 40
0.0909090909090909
 40
0.0909090909090909
 40
0.1136363636363636
 40
0.1136363636363636
 40
0.1136363636363636
 40
0.1363636363636364
 40
0.1363636363636364
 40
0.1363636363636364
 40
0.1590909090909091
 40
0.1590909090909091
 40
0.1590909090909091
 40
0.1818181818181818
 40
0.1818181818181818
 40
0.1818181818181818
 40
0.2045454545454546
 40
0.2045454545454546
 40
0.2045454545454546
 40
0.2272727272727273
 40
0.2272727272727273
 40
0.2272727272727273
 40
0.25
 40
0.25
 40
0.25
 40
0.2727272727272727
 40
0.2727272727272727
 40
0.2727272727272727
 40
0.2954545454545455
 40
0.2954545454545455
 40
0.2954545454545455
 40
0.3181818181818182
 40
0.3181818181818182
 40
0.3181818181818182
 40
0.3409090909090909
 40
0.3409090909090909
 40
0.3409090909090909
 40
0.3636363636363636
 40
0.3636363636363636
 40
0.3636363636363636
 40
0.3863636363636364
 40
0.3863636363636364
 40
0.3863636363636364
 40
0.4090909090909091
 40
0.4090909090909091
 40
0.4090909090909091
 40
0.4318181818181818
 40
0.4318181818181818
 40
0.4318181818181818
 40
0.4545454545454546
 40
0.4545454545454546
 40
0.4545454545454546
 40
0.4772727272727273
 40
0.4772727272727273
 40
0.4772727272727273
 40
0.5
 40
0.5
 40
0.5
 40
0.5227272727272727
 40
0.5227272727272727
 40
0.5227272727272727
 40
0.5454545454545454
 40
0.5454545454545454
 40
0.5454545454545454
 40
0.5681818181818182
 40
0.5681818181818182
 40
0.5681818181818182
 40
0.5909090909090909
 40
0.5909090909090909
 40
0.5909090909090909
 40
0.6136363636363636
 40
0.6136363636363636
 40
0.6136363636363636
 40
0.6363636363636364
 40
0.6363636363636364
 40
0.6363636363636364
 40
0.6590909090909091
 40
0.6590909090909091
 40
0.6590909090909091
 40
0.6818181818181819
 40
0.6818181818181819
 40
0.6818181818181819
 40
0.7045454545454546
 40
0.7045454545454546
 40
0.7045454545454546
 40
0.7272727272727273
 40
0.7272727272727273
 40
0.7272727272727273
 40
0.75
 40
0.75
 40
0.75
 40
0.7727272727272727
 40
0.7727272727272727
 40
0.7727272727272727
 40
0.7954545454545455
 40
0.7954545454545455
 40
0.7954545454545455
 40
0.8181818181818182
 40
0.8181818181818182
 40
0.8181818181818182
 40
0.8409090909090909
 40
0.8409090909090909
 40
0.8409090909090909
 40
0.8636363636363636
 40
0.8636363636363636
 40
0.8636363636363636
 40
0.8863636363636364
 40
0.8863636363636364
 40
0.8863636363636364
 40
0.9090909090909092
 40
0.9090909090909092
 40
0.9090909090909092
 40
0.9318181818181819
 40
0.9318181818181819
 40
0.9318181818181819
 40
0.9545454545454546
 40
0.9545454545454546
 40
0.9545454545454546
 40
0.9772727272727273
 40
0.9772727272727273
 40
0.9772727272727273
 40
1.0
 40
1.0
 40
1.0
 40
1.0
 10
10.69041
 20
-2.35382
 30
0.0
 10
10.69041
 20
-2.35382
 30
0.0
 10
10.65866
 20
-2.35735
 30
0.0
 10
10.65866
 20
-2.35735
 30
0.0
 10
10.65866
 20
-2.35735
 30
0.0
 10
10.62691
 20
-2.3644
 30
0.0
 10
10.62691
 20
-2.3644
 30
0.0
 10
10.62691
 20
-2.3644
 30
0.0
 10
10.59516
 20
-2.37499
 30
0.0
 10
10.59516
 20
-2.37499
 30
0.0
 10
10.59516
 20
-2.37499
 30
0.0
 10
10.56694
 20
-2.3891
 30
0.0
 10
10.56694
 20
-2.3891
 30
0.0
 10
10.56694
 20
-2.3891
 30
0.0
 10
10.54224
 20
-2.41027
 30
0.0
 10
10.54224
 20
-2.41027
 30
0.0
 10
10.54224
 20
-2.41027
 30
0.0
 10
10.52108
 20
-2.43143
 30
0.0
 10
10.52108
 20
-2.43143
 30
0.0
 10
10.52108
 20
-2.43143
 30
0.0
 10
10.49991
 20
-2.45613
 30
0.0
 10
10.49991
 20
-2.45613
 30
0.0
 10
10.49991
 20
-2.45613
 30
0.0
 10
10.4858
 20
-2.48435
 30
0.0
 10
10.4858
 20
-2.48435
 30
0.0
 10
10.4858
 20
-2.48435
 30
0.0
 10
10.47522
 20
-2.5161
 30
0.0
 10
10.47522
 20
-2.5161
 30
0.0
 10
10.47522
 20
-2.5161
 30
0.0
 10
10.46816
 20
-2.54785
 30
0.0
 10
10.46816
 20
-2.54785
 30
0.0
 10
10.46816
 20
-2.54785
 30
0.0
 10
10.46463
 20
-2.5796
 30
0.0
 10
10.46463
 20
-2.5796
 30
0.0
 10
10.46463
 20
-2.5796
 30
0.0
 10
10.46816
 20
-2.61135
 30
0.0
 10
10.46816
 20
-2.61135
 30
0.0
 10
10.46816
 20
-2.61135
 30
0.0
 10
10.47522
 20
-2.6431
 30
0.0
 10
10.47522
 20
-2.6431
 30
0.0
 10
10.47522
 20
-2.6431
 30
0.0
 10
10.4858
 20
-2.67132
 30
0.0
 10
10.4858
 20
-2.67132
 30
0.0
 10
10.4858
 20
-2.67132
 30
0.0
 10
10.49991
 20
-2.69954
 30
0.0
 10
10.49991
 20
-2.69954
 30
0.0
 10
10.49991
 20
-2.69954
 30
0.0
 10
10.52108
 20
-2.72777
 30
0.0
 10
10.52108
 20
-2.72777
 30
0.0
 10
10.52108
 20
-2.72777
 30
0.0
 10
10.54224
 20
-2.74893
 30
0.0
 10
10.54224
 20
-2.74893
 30
0.0
 10
10.54224
 20
-2.74893
 30
0.0
 10
10.56694
 20
-2.7701
 30
0.0
 10
10.56694
 20
-2.7701
 30
0.0
 10
10.56694
 20
-2.7701
 30
0.0
 10
10.59516
 20
-2.78421
 30
0.0
 10
10.59516
 20
-2.78421
 30
0.0
 10
10.59516
 20
-2.78421
 30
0.0
 10
10.62691
 20
-2.79479
 30
0.0
 10
10.62691
 20
-2.79479
 30
0.0
 10
10.62691
 20
-2.79479
 30
0.0
 10
10.65866
 20
-2.80185
 30
0.0
 10
10.65866
 20
-2.80185
 30
0.0
 10
10.65866
 20
-2.80185
 30
0.0
 10
10.69041
 20
-2.80538
 30
0.0
 10
10.69041
 20
-2.80538
 30
0.0
 10
10.69041
 20
-2.80538
 30
0.0
 10
10.72216
 20
-2.80185
 30
0.0
 10
10.72216
 20
-2.80185
 30
0.0
 10
10.72216
 20
-2.80185
 30
0.0
 10
10.75391
 20
-2.79479
 30
0.0
 10
10.75391
 20
-2.79479
 30
0.0
 10
10.75391
 20
-2.79479
 30
0.0
 10
10.78213
 20
-2.78421
 30
0.0
 10
10.78213
 20
-2.78421
 30
0.0
 10
10.78213
 20
-2.78421
 30
0.0
 10
10.81036
 20
-2.7701
 30
0.0
 10
10.81036
 20
-2.7701
 30
0.0
 10
10.81036
 20
-2.7701
 30
0.0
 10
10.83858
 20
-2.74893
 30
0.0
 10
10.83858
 20
-2.74893
 30
0.0
 10
10.83858
 20
-2.74893
 30
0.0
 10
10.85974
 20
-2.72777
 30
0.0
 10
10.85974
 20
-2.72777
 30
0.0
 10
10.85974
 20
-2.72777
 30
0.0
 10
10.88091
 20
-2.69954
 30
0.0
 10
10.88091
 20
-2.69954
 30
0.0
 10
10.88091
 20
-2.69954
 30
0.0
 10
10.89502
 20
-2.67132
 30
0.0
 10
10.89502
 20
-2.67132
 30
0.0
 10
10.89502
 20
-2.67132
 30
0.0
 10
10.90561
 20
-2.6431
 30
0.0
 10
10.90561
 20
-2.6431
 30
0.0
 10
10.90561
 20
-2.6431
 30
0.0
 10
10.91266
 20
-2.61135
 30
0.0
 10
10.91266
 20
-2.61135
 30
0.0
 10
10.91266
 20
-2.61135
 30
0.0
 10
10.91619
 20
-2.5796
 30
0.0
 10
10.91619
 20
-2.5796
 30
0.0
 10
10.91619
 20
-2.5796
 30
0.0
 10
10.91266
 20
-2.54785
 30
0.0
 10
10.91266
 20
-2.54785
 30
0.0
 10
10.91266
 20
-2.54785
 30
0.0
 10
10.90561
 20
-2.5161
 30
0.0
 10
10.90561
 20
-2.5161
 30
0.0
 10
10.90561
 20
-2.5161
 30
0.0
 10
10.89502
 20
-2.48435
 30
0.0
 10
10.89502
 20
-2.48435
 30
0.0
 10
10.89502
 20
-2.48435
 30
0.0
 10
10.88091
 20
-2.45613
 30
0.0
 10
10.88091
 20
-2.45613
 30
0.0
 10
10.88091
 20
-2.45613
 30
0.0
 10
10.85974
 20
-2.43143
 30
0.0
 10
10.85974
 20
-2.43143
 30
0.0
 10
10.85974
 20
-2.43143
 30
0.0
 10
10.83858
 20
-2.41027
 30
0.0
 10
10.83858
 20
-2.41027
 30
0.0
 10
10.83858
 20
-2.41027
 30
0.0
 10
10.81036
 20
-2.3891
 30
0.0
 10
10.81036
 20
-2.3891
 30
0.0
 10
10.81036
 20
-2.3891
 30
0.0
 10
10.78213
 20
-2.37499
 30
0.0
 10
10.78213
 20
-2.37499
 30
0.0
 10
10.78213
 20
-2.37499
 30
0.0
 10
10.75391
 20
-2.3644
 30
0.0
 10
10.75391
 20
-2.3644
 30
0.0
 10
10.75391
 20
-2.3644
 30
0.0
 10
10.72216
 20
-2.35735
 30
0.0
 10
10.72216
 20
-2.35735
 30
0.0
 10
10.72216
 20
-2.35735
 30
0.0
 10
10.69041
 20
-2.35382
 30
0.0
 10
10.69041
 20
-2.35382
 30
0.0
  0
SPLINE
  5
2D4
330
1F
100
AcDbEntity
  8
Camada 1
 62
   251
370
     9
100
AcDbSpline
210
0.0
220
0.0
230
1.0
 70
    11
 71
     3
 72
   137
 73
   133
 74
     0
 42
0.0000000001
 43
0.0000000001
 40
0.0
 40
0.0
 40
0.0
 40
0.0
 40
0.0227272727272727
 40
0.0227272727272727
 40
0.0227272727272727
 40
0.0454545454545455
 40
0.0454545454545455
 40
0.0454545454545455
 40
0.0681818181818182
 40
0.0681818181818182
 40
0.0681818181818182
 40
0.0909090909090909
 40
0.0909090909090909
 40
0.0909090909090909
 40
0.1136363636363636
 40
0.1136363636363636
 40
0.1136363636363636
 40
0.1363636363636364
 40
0.1363636363636364
 40
0.1363636363636364
 40
0.1590909090909091
 40
0.1590909090909091
 40
0.1590909090909091
 40
0.1818181818181818
 40
0.1818181818181818
 40
0.1818181818181818
 40
0.2045454545454546
 40
0.2045454545454546
 40
0.2045454545454546
 40
0.2272727272727273
 40
0.2272727272727273
 40
0.2272727272727273
 40
0.25
 40
0.25
 40
0.25
 40
0.2727272727272727
 40
0.2727272727272727
 40
0.2727272727272727
 40
0.2954545454545455
 40
0.2954545454545455
 40
0.2954545454545455
 40
0.3181818181818182
 40
0.3181818181818182
 40
0.3181818181818182
 40
0.3409090909090909
 40
0.3409090909090909
 40
0.3409090909090909
 40
0.3636363636363636
 40
0.3636363636363636
 40
0.3636363636363636
 40
0.3863636363636364
 40
0.3863636363636364
 40
0.3863636363636364
 40
0.4090909090909091
 40
0.4090909090909091
 40
0.4090909090909091
 40
0.4318181818181818
 40
0.4318181818181818
 40
0.4318181818181818
 40
0.4545454545454546
 40
0.4545454545454546
 40
0.4545454545454546
 40
0.4772727272727273
 40
0.4772727272727273
 40
0.4772727272727273
 40
0.5
 40
0.5
 40
0.5
 40
0.5227272727272727
 40
0.5227272727272727
 40
0.5227272727272727
 40
0.5454545454545454
 40
0.5454545454545454
 40
0.5454545454545454
 40
0.5681818181818182
 40
0.5681818181818182
 40
0.5681818181818182
 40
0.5909090909090909
 40
0.5909090909090909
 40
0.5909090909090909
 40
0.6136363636363636
 40
0.6136363636363636
 40
0.6136363636363636
 40
0.6363636363636364
 40
0.6363636363636364
 40
0.6363636363636364
 40
0.6590909090909091
 40
0.6590909090909091
 40
0.6590909090909091
 40
0.6818181818181819
 40
0.6818181818181819
 40
0.6818181818181819
 40
0.7045454545454546
 40
0.7045454545454546
 40
0.7045454545454546
 40
0.7272727272727273
 40
0.7272727272727273
 40
0.7272727272727273
 40
0.75
 40
0.75
 40
0.75
 40
0.7727272727272727
 40
0.7727272727272727
 40
0.7727272727272727
 40
0.7954545454545455
 40
0.7954545454545455
 40
0.7954545454545455
 40
0.8181818181818182
 40
0.8181818181818182
 40
0.8181818181818182
 40
0.8409090909090909
 40
0.8409090909090909
 40
0.8409090909090909
 40
0.8636363636363636
 40
0.8636363636363636
 40
0.8636363636363636
 40
0.8863636363636364
 40
0.8863636363636364
 40
0.8863636363636364
 40
0.9090909090909092
 40
0.9090909090909092
 40
0.9090909090909092
 40
0.9318181818181819
 40
0.9318181818181819
 40
0.9318181818181819
 40
0.9545454545454546
 40
0.9545454545454546
 40
0.9545454545454546
 40
0.9772727272727273
 40
0.9772727272727273
 40
0.9772727272727273
 40
1.0
 40
1.0
 40
1.0
 40
1.0
 10
11.63938
 20
-2.02574
 30
0.0
 10
11.63938
 20
-2.02574
 30
0.0
 10
11.60763
 20
-2.02927
 30
0.0
 10
11.60763
 20
-2.02927
 30
0.0
 10
11.60763
 20
-2.02927
 30
0.0
 10
11.57588
 20
-2.03279
 30
0.0
 10
11.57588
 20
-2.03279
 30
0.0
 10
11.57588
 20
-2.03279
 30
0.0
 10
11.54766
 20
-2.0469
 30
0.0
 10
11.54766
 20
-2.0469
 30
0.0
 10
11.54766
 20
-2.0469
 30
0.0
 10
11.51944
 20
-2.06102
 30
0.0
 10
11.51944
 20
-2.06102
 30
0.0
 10
11.51944
 20
-2.06102
 30
0.0
 10
11.49122
 20
-2.07866
 30
0.0
 10
11.49122
 20
-2.07866
 30
0.0
 10
11.49122
 20
-2.07866
 30
0.0
 10
11.47005
 20
-2.10335
 30
0.0
 10
11.47005
 20
-2.10335
 30
0.0
 10
11.47005
 20
-2.10335
 30
0.0
 10
11.45241
 20
-2.12804
 30
0.0
 10
11.45241
 20
-2.12804
 30
0.0
 10
11.45241
 20
-2.12804
 30
0.0
 10
11.43477
 20
-2.15627
 30
0.0
 10
11.43477
 20
-2.15627
 30
0.0
 10
11.43477
 20
-2.15627
 30
0.0
 10
11.42419
 20
-2.18802
 30
0.0
 10
11.42419
 20
-2.18802
 30
0.0
 10
11.42419
 20
-2.18802
 30
0.0
 10
11.41713
 20
-2.21977
 30
0.0
 10
11.41713
 20
-2.21977
 30
0.0
 10
11.41713
 20
-2.21977
 30
0.0
 10
11.41361
 20
-2.25152
 30
0.0
 10
11.41361
 20
-2.25152
 30
0.0
 10
11.41361
 20
-2.25152
 30
0.0
 10
11.41713
 20
-2.28327
 30
0.0
 10
11.41713
 20
-2.28327
 30
0.0
 10
11.41713
 20
-2.28327
 30
0.0
 10
11.42419
 20
-2.31502
 30
0.0
 10
11.42419
 20
-2.31502
 30
0.0
 10
11.42419
 20
-2.31502
 30
0.0
 10
11.43477
 20
-2.34324
 30
0.0
 10
11.43477
 20
-2.34324
 30
0.0
 10
11.43477
 20
-2.34324
 30
0.0
 10
11.45241
 20
-2.37146
 30
0.0
 10
11.45241
 20
-2.37146
 30
0.0
 10
11.45241
 20
-2.37146
 30
0.0
 10
11.47005
 20
-2.39616
 30
0.0
 10
11.47005
 20
-2.39616
 30
0.0
 10
11.47005
 20
-2.39616
 30
0.0
 10
11.49122
 20
-2.42085
 30
0.0
 10
11.49122
 20
-2.42085
 30
0.0
 10
11.49122
 20
-2.42085
 30
0.0
 10
11.51944
 20
-2.43849
 30
0.0
 10
11.51944
 20
-2.43849
 30
0.0
 10
11.51944
 20
-2.43849
 30
0.0
 10
11.54766
 20
-2.45613
 30
0.0
 10
11.54766
 20
-2.45613
 30
0.0
 10
11.54766
 20
-2.45613
 30
0.0
 10
11.57588
 20
-2.46671
 30
0.0
 10
11.57588
 20
-2.46671
 30
0.0
 10
11.57588
 20
-2.46671
 30
0.0
 10
11.60763
 20
-2.47377
 30
0.0
 10
11.60763
 20
-2.47377
 30
0.0
 10
11.60763
 20
-2.47377
 30
0.0
 10
11.63938
 20
-2.47377
 30
0.0
 10
11.63938
 20
-2.47377
 30
0.0
 10
11.63938
 20
-2.47377
 30
0.0
 10
11.67113
 20
-2.47377
 30
0.0
 10
11.67113
 20
-2.47377
 30
0.0
 10
11.67113
 20
-2.47377
 30
0.0
 10
11.70288
 20
-2.46671
 30
0.0
 10
11.70288
 20
-2.46671
 30
0.0
 10
11.70288
 20
-2.46671
 30
0.0
 10
11.73463
 20
-2.45613
 30
0.0
 10
11.73463
 20
-2.45613
 30
0.0
 10
11.73463
 20
-2.45613
 30
0.0
 10
11.76286
 20
-2.43849
 30
0.0
 10
11.76286
 20
-2.43849
 30
0.0
 10
11.76286
 20
-2.43849
 30
0.0
 10
11.78755
 20
-2.42085
 30
0.0
 10
11.78755
 20
-2.42085
 30
0.0
 10
11.78755
 20
-2.42085
 30
0.0
 10
11.80872
 20
-2.39616
 30
0.0
 10
11.80872
 20
-2.39616
 30
0.0
 10
11.80872
 20
-2.39616
 30
0.0
 10
11.82988
 20
-2.37146
 30
0.0
 10
11.82988
 20
-2.37146
 30
0.0
 10
11.82988
 20
-2.37146
 30
0.0
 10
11.84399
 20
-2.34324
 30
0.0
 10
11.84399
 20
-2.34324
 30
0.0
 10
11.84399
 20
-2.34324
 30
0.0
 10
11.85458
 20
-2.31502
 30
0.0
 10
11.85458
 20
-2.31502
 30
0.0
 10
11.85458
 20
-2.31502
 30
0.0
 10
11.86163
 20
-2.28327
 30
0.0
 10
11.86163
 20
-2.28327
 30
0.0
 10
11.86163
 20
-2.28327
 30
0.0
 10
11.86516
 20
-2.25152
 30
0.0
 10
11.86516
 20
-2.25152
 30
0.0
 10
11.86516
 20
-2.25152
 30
0.0
 10
11.86163
 20
-2.21977
 30
0.0
 10
11.86163
 20
-2.21977
 30
0.0
 10
11.86163
 20
-2.21977
 30
0.0
 10
11.85458
 20
-2.18802
 30
0.0
 10
11.85458
 20
-2.18802
 30
0.0
 10
11.85458
 20
-2.18802
 30
0.0
 10
11.84399
 20
-2.15627
 30
0.0
 10
11.84399
 20
-2.15627
 30
0.0
 10
11.84399
 20
-2.15627
 30
0.0
 10
11.82988
 20
-2.12804
 30
0.0
 10
11.82988
 20
-2.12804
 30
0.0
 10
11.82988
 20
-2.12804
 30
0.0
 10
11.80872
 20
-2.10335
 30
0.0
 10
11.80872
 20
-2.10335
 30
0.0
 10
11.80872
 20
-2.10335
 30
0.0
 10
11.78755
 20
-2.07866
 30
0.0
 10
11.78755
 20
-2.07866
 30
0.0
 10
11.78755
 20
-2.07866
 30
0.0
 10
11.76286
 20
-2.06102
 30
0.0
 10
11.76286
 20
-2.06102
 30
0.0
 10
11.76286
 20
-2.06102
 30
0.0
 10
11.73463
 20
-2.0469
 30
0.0
 10
11.73463
 20
-2.0469
 30
0.0
 10
11.73463
 20
-2.0469
 30
0.0
 10
11.70288
 20
-2.03279
 30
0.0
 10
11.70288
 20
-2.03279
 30
0.0
 10
11.70288
 20
-2.03279
 30
0.0
 10
11.67113
 20
-2.02927
 30
0.0
 10
11.67113
 20
-2.02927
 30
0.0
 10
11.67113
 20
-2.02927
 30
0.0
 10
11.63938
 20
-2.02574
 30
0.0
 10
11.63938
 20
-2.02574
 30
0.0
  0
SPLINE
  5
2D5
330
1F
100
AcDbEntity
  8
Camada 1
 62
   251
370
     9
100
AcDbSpline
210
0.0
220
0.0
230
1.0
 70
    11
 71
     3
 72
   137
 73
   133
 74
     0
 42
0.0000000001
 43
0.0000000001
 40
0.0
 40
0.0
 40
0.0
 40
0.0
 40
0.0227272727272727
 40
0.0227272727272727
 40
0.0227272727272727
 40
0.0454545454545455
 40
0.0454545454545455
 40
0.0454545454545455
 40
0.0681818181818182
 40
0.0681818181818182
 40
0.0681818181818182
 40
0.0909090909090909
 40
0.0909090909090909
 40
0.0909090909090909
 40
0.1136363636363636
 40
0.1136363636363636
 40
0.1136363636363636
 40
0.1363636363636364
 40
0.1363636363636364
 40
0.1363636363636364
 40
0.1590909090909091
 40
0.1590909090909091
 40
0.1590909090909091
 40
0.1818181818181818
 40
0.1818181818181818
 40
0.1818181818181818
 40
0.2045454545454546
 40
0.2045454545454546
 40
0.2045454545454546
 40
0.2272727272727273
 40
0.2272727272727273
 40
0.2272727272727273
 40
0.25
 40
0.25
 40
0.25
 40
0.2727272727272727
 40
0.2727272727272727
 40
0.2727272727272727
 40
0.2954545454545455
 40
0.2954545454545455
 40
0.2954545454545455
 40
0.3181818181818182
 40
0.3181818181818182
 40
0.3181818181818182
 40
0.3409090909090909
 40
0.3409090909090909
 40
0.3409090909090909
 40
0.3636363636363636
 40
0.3636363636363636
 40
0.3636363636363636
 40
0.3863636363636364
 40
0.3863636363636364
 40
0.3863636363636364
 40
0.4090909090909091
 40
0.4090909090909091
 40
0.4090909090909091
 40
0.4318181818181818
 40
0.4318181818181818
 40
0.4318181818181818
 40
0.4545454545454546
 40
0.4545454545454546
 40
0.4545454545454546
 40
0.4772727272727273
 40
0.4772727272727273
 40
0.4772727272727273
 40
0.5
 40
0.5
 40
0.5
 40
0.5227272727272727
 40
0.5227272727272727
 40
0.5227272727272727
 40
0.5454545454545454
 40
0.5454545454545454
 40
0.5454545454545454
 40
0.5681818181818182
 40
0.5681818181818182
 40
0.5681818181818182
 40
0.5909090909090909
 40
0.5909090909090909
 40
0.5909090909090909
 40
0.6136363636363636
 40
0.6136363636363636
 40
0.6136363636363636
 40
0.6363636363636364
 40
0.6363636363636364
 40
0.6363636363636364
 40
0.6590909090909091
 40
0.6590909090909091
 40
0.6590909090909091
 40
0.6818181818181819
 40
0.6818181818181819
 40
0.6818181818181819
 40
0.7045454545454546
 40
0.7045454545454546
 40
0.7045454545454546
 40
0.7272727272727273
 40
0.7272727272727273
 40
0.7272727272727273
 40
0.75
 40
0.75
 40
0.75
 40
0.7727272727272727
 40
0.7727272727272727
 40
0.7727272727272727
 40
0.7954545454545455
 40
0.7954545454545455
 40
0.7954545454545455
 40
0.8181818181818182
 40
0.8181818181818182
 40
0.8181818181818182
 40
0.8409090909090909
 40
0.8409090909090909
 40
0.8409090909090909
 40
0.8636363636363636
 40
0.8636363636363636
 40
0.8636363636363636
 40
0.8863636363636364
 40
0.8863636363636364
 40
0.8863636363636364
 40
0.9090909090909092
 40
0.9090909090909092
 40
0.9090909090909092
 40
0.9318181818181819
 40
0.9318181818181819
 40
0.9318181818181819
 40
0.9545454545454546
 40
0.9545454545454546
 40
0.9545454545454546
 40
0.9772727272727273
 40
0.9772727272727273
 40
0.9772727272727273
 40
1.0
 40
1.0
 40
1.0
 40
1.0
 10
9.74144
 20
-2.02574
 30
0.0
 10
9.74144
 20
-2.02574
 30
0.0
 10
9.70969
 20
-2.02927
 30
0.0
 10
9.70969
 20
-2.02927
 30
0.0
 10
9.70969
 20
-2.02927
 30
0.0
 10
9.67794
 20
-2.03279
 30
0.0
 10
9.67794
 20
-2.03279
 30
0.0
 10
9.67794
 20
-2.03279
 30
0.0
 10
9.64619
 20
-2.0469
 30
0.0
 10
9.64619
 20
-2.0469
 30
0.0
 10
9.64619
 20
-2.0469
 30
0.0
 10
9.61797
 20
-2.06102
 30
0.0
 10
9.61797
 20
-2.06102
 30
0.0
 10
9.61797
 20
-2.06102
 30
0.0
 10
9.59327
 20
-2.07866
 30
0.0
 10
9.59327
 20
-2.07866
 30
0.0
 10
9.59327
 20
-2.07866
 30
0.0
 10
9.56858
 20
-2.10335
 30
0.0
 10
9.56858
 20
-2.10335
 30
0.0
 10
9.56858
 20
-2.10335
 30
0.0
 10
9.55094
 20
-2.12804
 30
0.0
 10
9.55094
 20
-2.12804
 30
0.0
 10
9.55094
 20
-2.12804
 30
0.0
 10
9.53683
 20
-2.15627
 30
0.0
 10
9.53683
 20
-2.15627
 30
0.0
 10
9.53683
 20
-2.15627
 30
0.0
 10
9.52272
 20
-2.18802
 30
0.0
 10
9.52272
 20
-2.18802
 30
0.0
 10
9.52272
 20
-2.18802
 30
0.0
 10
9.51566
 20
-2.21977
 30
0.0
 10
9.51566
 20
-2.21977
 30
0.0
 10
9.51566
 20
-2.21977
 30
0.0
 10
9.51566
 20
-2.25152
 30
0.0
 10
9.51566
 20
-2.25152
 30
0.0
 10
9.51566
 20
-2.25152
 30
0.0
 10
9.51566
 20
-2.28327
 30
0.0
 10
9.51566
 20
-2.28327
 30
0.0
 10
9.51566
 20
-2.28327
 30
0.0
 10
9.52272
 20
-2.31502
 30
0.0
 10
9.52272
 20
-2.31502
 30
0.0
 10
9.52272
 20
-2.31502
 30
0.0
 10
9.53683
 20
-2.34324
 30
0.0
 10
9.53683
 20
-2.34324
 30
0.0
 10
9.53683
 20
-2.34324
 30
0.0
 10
9.55094
 20
-2.37146
 30
0.0
 10
9.55094
 20
-2.37146
 30
0.0
 10
9.55094
 20
-2.37146
 30
0.0
 10
9.56858
 20
-2.39616
 30
0.0
 10
9.56858
 20
-2.39616
 30
0.0
 10
9.56858
 20
-2.39616
 30
0.0
 10
9.59327
 20
-2.42085
 30
0.0
 10
9.59327
 20
-2.42085
 30
0.0
 10
9.59327
 20
-2.42085
 30
0.0
 10
9.61797
 20
-2.43849
 30
0.0
 10
9.61797
 20
-2.43849
 30
0.0
 10
9.61797
 20
-2.43849
 30
0.0
 10
9.64619
 20
-2.45613
 30
0.0
 10
9.64619
 20
-2.45613
 30
0.0
 10
9.64619
 20
-2.45613
 30
0.0
 10
9.67794
 20
-2.46671
 30
0.0
 10
9.67794
 20
-2.46671
 30
0.0
 10
9.67794
 20
-2.46671
 30
0.0
 10
9.70969
 20
-2.47377
 30
0.0
 10
9.70969
 20
-2.47377
 30
0.0
 10
9.70969
 20
-2.47377
 30
0.0
 10
9.74144
 20
-2.47377
 30
0.0
 10
9.74144
 20
-2.47377
 30
0.0
 10
9.74144
 20
-2.47377
 30
0.0
 10
9.77319
 20
-2.47377
 30
0.0
 10
9.77319
 20
-2.47377
 30
0.0
 10
9.77319
 20
-2.47377
 30
0.0
 10
9.80494
 20
-2.46671
 30
0.0
 10
9.80494
 20
-2.46671
 30
0.0
 10
9.80494
 20
-2.46671
 30
0.0
 10
9.83316
 20
-2.45613
 30
0.0
 10
9.83316
 20
-2.45613
 30
0.0
 10
9.83316
 20
-2.45613
 30
0.0
 10
9.86138
 20
-2.43849
 30
0.0
 10
9.86138
 20
-2.43849
 30
0.0
 10
9.86138
 20
-2.43849
 30
0.0
 10
9.88608
 20
-2.42085
 30
0.0
 10
9.88608
 20
-2.42085
 30
0.0
 10
9.88608
 20
-2.42085
 30
0.0
 10
9.91077
 20
-2.39616
 30
0.0
 10
9.91077
 20
-2.39616
 30
0.0
 10
9.91077
 20
-2.39616
 30
0.0
 10
9.92841
 20
-2.37146
 30
0.0
 10
9.92841
 20
-2.37146
 30
0.0
 10
9.92841
 20
-2.37146
 30
0.0
 10
9.94605
 20
-2.34324
 30
0.0
 10
9.94605
 20
-2.34324
 30
0.0
 10
9.94605
 20
-2.34324
 30
0.0
 10
9.95663
 20
-2.31502
 30
0.0
 10
9.95663
 20
-2.31502
 30
0.0
 10
9.95663
 20
-2.31502
 30
0.0
 10
9.96369
 20
-2.28327
 30
0.0
 10
9.96369
 20
-2.28327
 30
0.0
 10
9.96369
 20
-2.28327
 30
0.0
 10
9.96369
 20
-2.25152
 30
0.0
 10
9.96369
 20
-2.25152
 30
0.0
 10
9.96369
 20
-2.25152
 30
0.0
 10
9.96369
 20
-2.21977
 30
0.0
 10
9.96369
 20
-2.21977
 30
0.0
 10
9.96369
 20
-2.21977
 30
0.0
 10
9.95663
 20
-2.18802
 30
0.0
 10
9.95663
 20
-2.18802
 30
0.0
 10
9.95663
 20
-2.18802
 30
0.0
 10
9.94605
 20
-2.15627
 30
0.0
 10
9.94605
 20
-2.15627
 30
0.0
 10
9.94605
 20
-2.15627
 30
0.0
 10
9.92841
 20
-2.12804
 30
0.0
 10
9.92841
 20
-2.12804
 30
0.0
 10
9.92841
 20
-2.12804
 30
0.0
 10
9.91077
 20
-2.10335
 30
0.0
 10
9.91077
 20
-2.10335
 30
0.0
 10
9.91077
 20
-2.10335
 30
0.0
 10
9.88608
 20
-2.07866
 30
0.0
 10
9.88608
 20
-2.07866
 30
0.0
 10
9.88608
 20
-2.07866
 30
0.0
 10
9.86138
 20
-2.06102
 30
0.0
 10
9.86138
 20
-2.06102
 30
0.0
 10
9.86138
 20
-2.06102
 30
0.0
 10
9.83316
 20
-2.0469
 30
0.0
 10
9.83316
 20
-2.0469
 30
0.0
 10
9.83316
 20
-2.0469
 30
0.0
 10
9.80494
 20
-2.03279
 30
0.0
 10
9.80494
 20
-2.03279
 30
0.0
 10
9.80494
 20
-2.03279
 30
0.0
 10
9.77319
 20
-2.02927
 30
0.0
 10
9.77319
 20
-2.02927
 30
0.0
 10
9.77319
 20
-2.02927
 30
0.0
 10
9.74144
 20
-2.02574
 30
0.0
 10
9.74144
 20
-2.02574
 30
0.0
  0
ENDSEC
  0
SECTION
  2
OBJECTS
  0
DICTIONARY
  5
C
330
0
100
AcDbDictionary
281
     1
  3
ACAD_DETAILVIEWSTYLE
350
311
  3
ACAD_GROUP
350
D
  3
ACAD_LAYOUT
350
1A
  3
ACAD_MATERIAL
350
43
  3
ACAD_MLEADERSTYLE
350
6B
  3
ACAD_MLINESTYLE
350
17
  3
ACAD_PLOTSETTINGS
350
19
  3
ACAD_PLOTSTYLENAME
350
E
  3
ACAD_SCALELIST
350
47
  3
ACAD_SECTIONVIEWSTYLE
350
312
  3
ACAD_TABLESTYLE
350
69
  3
ACAD_VISUALSTYLE
350
2A
  3
ACDB_RECOMPOSE_DATA
350
317
  3
AcDbVariableDictionary
350
2D6
  0
SUN
  5
6D
330
29
100
AcDbSun
 90
        1
290
     0
 63
     7
421
 16777215
 40
1.0
291
     1
 91
  2455826
 92
 54000000
292
     0
 70
     2
 71
   256
280
     1
  0
DICTIONARY
  5
311
102
{ACAD_REACTORS
330
C
102
}
330
C
100
AcDbDictionary
281
     1
  3
Imperial24
350
313
  0
DICTIONARY
  5
D
102
{ACAD_REACTORS
330
C
102
}
330
C
100
AcDbDictionary
281
     1
  0
DICTIONARY
  5
1A
102
{ACAD_REACTORS
330
C
102
}
330
C
100
AcDbDictionary
281
     1
  3
Layout1
350
1E
  3
Layout2
350
26
  3
Model
350
22
  0
DICTIONARY
  5
43
102
{ACAD_REACTORS
330
C
102
}
330
C
100
AcDbDictionary
281
     1
  3
ByBlock
350
45
  3
ByLayer
350
44
  3
Global
350
46
  0
DICTIONARY
  5
6B
102
{ACAD_REACTORS
330
C
102
}
330
C
100
AcDbDictionary
281
     1
  3
Standard
350
6C
  0
DICTIONARY
  5
17
102
{ACAD_REACTORS
330
C
102
}
330
C
100
AcDbDictionary
281
     1
  3
Standard
350
18
  0
DICTIONARY
  5
19
102
{ACAD_REACTORS
330
C
102
}
330
C
100
AcDbDictionary
281
     1
  0
ACDBDICTIONARYWDFLT
  5
E
102
{ACAD_REACTORS
330
C
102
}
330
C
100
AcDbDictionary
281
     1
  3
Normal
350
F
100
AcDbDictionaryWithDefault
340
F
  0
DICTIONARY
  5
47
102
{ACAD_REACTORS
330
C
102
}
330
C
100
AcDbDictionary
281
     1
  3
A0
350
48
  3
A1
350
49
  3
A2
350
4A
  3
A3
350
4B
  3
A4
350
4C
  3
A5
350
4D
  3
A6
350
4E
  3
A7
350
4F
  3
A8
350
50
  3
A9
350
51
  3
B0
350
52
  3
B1
350
53
  3
B2
350
54
  3
B3
350
55
  3
B4
350
56
  3
B5
350
57
  3
B6
350
58
  3
B7
350
59
  3
B8
350
5A
  3
B9
350
5B
  3
C0
350
5C
  3
C1
350
5D
  3
C2
350
5E
  3
C3
350
5F
  3
C4
350
60
  3
C5
350
61
  3
C6
350
62
  3
C7
350
63
  3
C8
350
64
  3
C9
350
65
  3
D0
350
66
  3
D1
350
67
  3
D2
350
68
  0
DICTIONARY
  5
312
102
{ACAD_REACTORS
330
C
102
}
330
C
100
AcDbDictionary
281
     1
  3
Imperial24
350
314
  0
DICTIONARY
  5
69
102
{ACAD_REACTORS
330
C
102
}
330
C
100
AcDbDictionary
281
     1
  3
Standard
350
6A
  0
DICTIONARY
  5
2A
102
{ACAD_REACTORS
330
C
102
}
330
C
100
AcDbDictionary
281
     1
  3
2dWireframe
350
2F
  3
Basic
350
32
  3
Brighten
350
36
  3
ColorChange
350
3A
  3
Conceptual
350
34
  3
Dim
350
35
  3
EdgeColorOff
350
3D
  3
Facepattern
350
39
  3
Flat
350
2B
  3
FlatWithEdges
350
2C
  3
Gouraud
350
2D
  3
GouraudWithEdges
350
2E
  3
Hidden
350
31
  3
JitterOff
350
3B
  3
Linepattern
350
38
  3
OverhangOff
350
3C
  3
Realistic
350
33
  3
Shaded
350
42
  3
Shaded with edges
350
41
  3
Shades of Gray
350
3E
  3
Sketchy
350
3F
  3
Thicken
350
37
  3
Wireframe
350
30
  3
X-Ray
350
40
  0
XRECORD
  5
317
102
{ACAD_REACTORS
330
C
102
}
330
C
100
AcDbXrecord
280
     1
 90
        1
330
6A
  0
DICTIONARY
  5
2D6
102
{ACAD_REACTORS
330
C
102
}
330
C
100
AcDbDictionary
281
     1
  3
CANNOSCALE
350
2D7
  3
CMLEADERSTYLE
350
310
  3
CTABLESTYLE
350
30F
  3
CVIEWDETAILSTYLE
350
318
  3
CVIEWSECTIONSTYLE
350
319
  3
XCLIPFRAME
350
2D8
  0
ACDBDETAILVIEWSTYLE
  5
313
102
{ACAD_REACTORS
330
311
102
}
330
311
100
AcDbModelDocViewStyle
 70
     0
  3
Imperial24
290
     0
300
Imperial24
 90
        0
100
AcDbDetailViewStyle
 70
     0
 71
     0
 90
        3
 71
     1
340
11
 62
   256
 40
0.24
340
0
 62
   256
 40
0.24
300

 40
0.36
280
     3
 71
     2
340
16
 90
       25
 62
   256
 71
     3
340
11
 62
   256
 40
0.24
 90
        1
 40
0.75
 90
        1
300
%<\AcVar ViewType \f "%tc1">% %<\AcVar ViewDetailId>%\PSCALE %<\AcVar ViewScale \f "%sn">%
 71
     4
340
16
 90
       25
 62
   256
340
16
 90
       25
 62
   256
280
     0
  0
LAYOUT
  5
1E
102
{ACAD_REACTORS
330
1A
102
}
330
1A
100
AcDbPlotSettings
  1

  2
none_device
  4

  6

 40
0.0
 41
0.0
 42
0.0
 43
0.0
 44
0.0
 45
0.0
 46
0.0
 47
0.0
 48
0.0
 49
0.0
140
0.0
141
0.0
142
1.0
143
1.0
 70
   688
 72
     0
 73
     0
 74
     5
  7

 75
    16
 76
     0
 77
     2
 78
   300
147
1.0
148
0.0
149
0.0
100
AcDbLayout
  1
Layout1
 70
     1
 71
     1
 10
0.0
 20
0.0
 11
12.0
 21
9.0
 12
0.0
 22
0.0
 32
0.0
 14
1.000000000000000E+20
 24
1.000000000000000E+20
 34
1.000000000000000E+20
 15
-1.000000000000000E+20
 25
-1.000000000000000E+20
 35
-1.000000000000000E+20
146
0.0
 13
0.0
 23
0.0
 33
0.0
 16
1.0
 26
0.0
 36
0.0
 17
0.0
 27
1.0
 37
0.0
 76
     0
330
1B
  0
LAYOUT
  5
26
102
{ACAD_REACTORS
330
1A
102
}
330
1A
100
AcDbPlotSettings
  1

  2
none_device
  4

  6

 40
0.0
 41
0.0
 42
0.0
 43
0.0
 44
0.0
 45
0.0
 46
0.0
 47
0.0
 48
0.0
 49
0.0
140
0.0
141
0.0
142
1.0
143
1.0
 70
   688
 72
     0
 73
     0
 74
     5
  7

 75
    16
 76
     0
 77
     2
 78
   300
147
1.0
148
0.0
149
0.0
100
AcDbLayout
  1
Layout2
 70
     1
 71
     2
 10
0.0
 20
0.0
 11
0.0
 21
0.0
 12
0.0
 22
0.0
 32
0.0
 14
0.0
 24
0.0
 34
0.0
 15
0.0
 25
0.0
 35
0.0
146
0.0
 13
0.0
 23
0.0
 33
0.0
 16
1.0
 26
0.0
 36
0.0
 17
0.0
 27
1.0
 37
0.0
 76
     0
330
23
  0
LAYOUT
  5
22
102
{ACAD_REACTORS
330
1A
102
}
330
1A
100
AcDbPlotSettings
  1

  2
none_device
  4
Letter_(8.50_x_11.00_Inches)
  6

 40
6.35
 41
6.35
 42
6.35000508
 43
6.35000508
 44
215.9
 45
279.4
 46
0.0
 47
0.0
 48
0.0
 49
0.0
140
0.0
141
0.0
142
1.0
143
1.0
 70
  1712
 72
     0
 73
     0
 74
     0
  7

 75
     0
 76
     0
 77
     2
 78
   300
147
1.0
148
0.0
149
0.0
100
AcDbLayout
  1
Model
 70
     1
 71
     0
 10
0.0
 20
0.0
 11
12.0
 21
9.0
 12
0.0
 22
0.0
 32
0.0
 14
1.71193
 24
-6.12529
 34
0.0
 15
14.69824
 25
6.12371
 35
0.0
146
0.0
 13
0.0
 23
0.0
 33
0.0
 16
1.0
 26
0.0
 36
0.0
 17
0.0
 27
1.0
 37
0.0
 76
     0
330
1F
331
29
  0
MATERIAL
  5
45
102
{ACAD_REACTORS
330
43
102
}
330
43
100
AcDbMaterial
  1
ByBlock
 72
     1
 94
      127
  0
MATERIAL
  5
44
102
{ACAD_REACTORS
330
43
102
}
330
43
100
AcDbMaterial
  1
ByLayer
 72
     1
 94
      127
  0
MATERIAL
  5
46
102
{ACAD_REACTORS
330
43
102
}
330
43
100
AcDbMaterial
  1
Global
 72
     1
 94
      127
  0
MLEADERSTYLE
  5
6C
102
{ACAD_REACTORS
330
6B
102
}
330
6B
100
AcDbMLeaderStyle
179
     2
170
     2
171
     1
172
     0
 90
        2
 40
0.0
 41
0.0
173
     1
 91
-1056964608
340
14
 92
       -2
290
     1
 42
0.09
291
     1
 43
0.36
  3
Standard
341
0
 44
0.18
300

342
11
174
     1
178
     6
175
     1
176
     0
 93
-1056964608
 45
0.18
292
     0
297
     0
 46
0.18
343
0
 94
-1056964608
 47
1.0
 49
1.0
140
1.0
293
     1
141
0.0
294
     1
177
     0
142
1.0
295
     0
296
     0
143
0.125
271
     0
272
     9
273
     9
298
     0
  0
MLINESTYLE
  5
18
102
{ACAD_REACTORS
330
17
102
}
330
17
100
AcDbMlineStyle
  2
Standard
 70
     0
  3

 62
   256
 51
90.0
 52
90.0
 71
     2
 49
0.5
 62
   256
  6
BYLAYER
 49
-0.5
 62
   256
  6
BYLAYER
  0
ACDBPLACEHOLDER
  5
F
102
{ACAD_REACTORS
330
E
102
}
330
E
  0
SCALE
  5
48
102
{ACAD_REACTORS
330
47
102
}
330
47
100
AcDbScale
 70
     0
300
1:1
140
1.0
141
1.0
290
     1
  0
SCALE
  5
49
102
{ACAD_REACTORS
330
47
102
}
330
47
100
AcDbScale
 70
     0
300
1:2
140
1.0
141
2.0
290
     0
  0
SCALE
  5
4A
102
{ACAD_REACTORS
330
47
102
}
330
47
100
AcDbScale
 70
     0
300
1:4
140
1.0
141
4.0
290
     0
  0
SCALE
  5
4B
102
{ACAD_REACTORS
330
47
102
}
330
47
100
AcDbScale
 70
     0
300
1:5
140
1.0
141
5.0
290
     0
  0
SCALE
  5
4C
102
{ACAD_REACTORS
330
47
102
}
330
47
100
AcDbScale
 70
     0
300
1:8
140
1.0
141
8.0
290
     0
  0
SCALE
  5
4D
102
{ACAD_REACTORS
330
47
102
}
330
47
100
AcDbScale
 70
     0
300
1:10
140
1.0
141
10.0
290
     0
  0
SCALE
  5
4E
102
{ACAD_REACTORS
330
47
102
}
330
47
100
AcDbScale
 70
     0
300
1:16
140
1.0
141
16.0
290
     0
  0
SCALE
  5
4F
102
{ACAD_REACTORS
330
47
102
}
330
47
100
AcDbScale
 70
     0
300
1:20
140
1.0
141
20.0
290
     0
  0
SCALE
  5
50
102
{ACAD_REACTORS
330
47
102
}
330
47
100
AcDbScale
 70
     0
300
1:30
140
1.0
141
30.0
290
     0
  0
SCALE
  5
51
102
{ACAD_REACTORS
330
47
102
}
330
47
100
AcDbScale
 70
     0
300
1:40
140
1.0
141
40.0
290
     0
  0
SCALE
  5
52
102
{ACAD_REACTORS
330
47
102
}
330
47
100
AcDbScale
 70
     0
300
1:50
140
1.0
141
50.0
290
     0
  0
SCALE
  5
53
102
{ACAD_REACTORS
330
47
102
}
330
47
100
AcDbScale
 70
     0
300
1:100
140
1.0
141
100.0
290
     0
  0
SCALE
  5
54
102
{ACAD_REACTORS
330
47
102
}
330
47
100
AcDbScale
 70
     0
300
2:1
140
2.0
141
1.0
290
     0
  0
SCALE
  5
55
102
{ACAD_REACTORS
330
47
102
}
330
47
100
AcDbScale
 70
     0
300
4:1
140
4.0
141
1.0
290
     0
  0
SCALE
  5
56
102
{ACAD_REACTORS
330
47
102
}
330
47
100
AcDbScale
 70
     0
300
8:1
140
8.0
141
1.0
290
     0
  0
SCALE
  5
57
102
{ACAD_REACTORS
330
47
102
}
330
47
100
AcDbScale
 70
     0
300
10:1
140
10.0
141
1.0
290
     0
  0
SCALE
  5
58
102
{ACAD_REACTORS
330
47
102
}
330
47
100
AcDbScale
 70
     0
300
100:1
140
100.0
141
1.0
290
     0
  0
SCALE
  5
59
102
{ACAD_REACTORS
330
47
102
}
330
47
100
AcDbScale
 70
     0
300
1/128" = 1'-0"
140
0.0078125
141
12.0
290
     0
  0
SCALE
  5
5A
102
{ACAD_REACTORS
330
47
102
}
330
47
100
AcDbScale
 70
     0
300
1/64" = 1'-0"
140
0.015625
141
12.0
290
     0
  0
SCALE
  5
5B
102
{ACAD_REACTORS
330
47
102
}
330
47
100
AcDbScale
 70
     0
300
1/32" = 1'-0"
140
0.03125
141
12.0
290
     0
  0
SCALE
  5
5C
102
{ACAD_REACTORS
330
47
102
}
330
47
100
AcDbScale
 70
     0
300
1/16" = 1'-0"
140
0.0625
141
12.0
290
     0
  0
SCALE
  5
5D
102
{ACAD_REACTORS
330
47
102
}
330
47
100
AcDbScale
 70
     0
300
3/32" = 1'-0"
140
0.09375
141
12.0
290
     0
  0
SCALE
  5
5E
102
{ACAD_REACTORS
330
47
102
}
330
47
100
AcDbScale
 70
     0
300
1/8" = 1'-0"
140
0.125
141
12.0
290
     0
  0
SCALE
  5
5F
102
{ACAD_REACTORS
330
47
102
}
330
47
100
AcDbScale
 70
     0
300
3/16" = 1'-0"
140
0.1875
141
12.0
290
     0
  0
SCALE
  5
60
102
{ACAD_REACTORS
330
47
102
}
330
47
100
AcDbScale
 70
     0
300
1/4" = 1'-0"
140
0.25
141
12.0
290
     0
  0
SCALE
  5
61
102
{ACAD_REACTORS
330
47
102
}
330
47
100
AcDbScale
 70
     0
300
3/8" = 1'-0"
140
0.375
141
12.0
290
     0
  0
SCALE
  5
62
102
{ACAD_REACTORS
330
47
102
}
330
47
100
AcDbScale
 70
     0
300
1/2" = 1'-0"
140
0.5
141
12.0
290
     0
  0
SCALE
  5
63
102
{ACAD_REACTORS
330
47
102
}
330
47
100
AcDbScale
 70
     0
300
3/4" = 1'-0"
140
0.75
141
12.0
290
     0
  0
SCALE
  5
64
102
{ACAD_REACTORS
330
47
102
}
330
47
100
AcDbScale
 70
     0
300
1" = 1'-0"
140
1.0
141
12.0
290
     0
  0
SCALE
  5
65
102
{ACAD_REACTORS
330
47
102
}
330
47
100
AcDbScale
 70
     0
300
1-1/2" = 1'-0"
140
1.5
141
12.0
290
     0
  0
SCALE
  5
66
102
{ACAD_REACTORS
330
47
102
}
330
47
100
AcDbScale
 70
     0
300
3" = 1'-0"
140
3.0
141
12.0
290
     0
  0
SCALE
  5
67
102
{ACAD_REACTORS
330
47
102
}
330
47
100
AcDbScale
 70
     0
300
6" = 1'-0"
140
6.0
141
12.0
290
     0
  0
SCALE
  5
68
102
{ACAD_REACTORS
330
47
102
}
330
47
100
AcDbScale
 70
     0
300
1'-0" = 1'-0"
140
12.0
141
12.0
290
     0
  0
ACDBSECTIONVIEWSTYLE
  5
314
102
{ACAD_REACTORS
330
312
102
}
330
312
100
AcDbModelDocViewStyle
 70
     0
  3
Imperial24
290
     0
300
Imperial24
 90
        0
100
AcDbSectionViewStyle
 70
     0
 71
     0
 90
       78
 71
     1
340
11
 62
   256
 40
0.24
340
0
340
0
 62
   256
 40
0.24
300
I, O, Q, S, X, Z
 40
0.48
 90
        3
 40
0.18
 90
        1
 71
     2
340
16
 90
       25
 62
   256
340
16
 90
       50
 62
   256
 40
0.24
 40
0.0
 40
0.24
 71
     3
340
11
 62
   256
 40
0.24
 90
        1
 40
0.75
 90
        1
300
%<\AcVar ViewType \f "%tc1">% %<\AcVar ViewSectionStartId>%-%<\AcVar ViewSectionEndId>%\PSCALE %<\AcVar ViewScale \f "%sn">%
 71
     4
 62
   256
 62
   257
300
ANSI31
 40
1.0
 90
        0
290
     0
290
     0
 90
        6
 40
0.0
 40
1.570796326794897
 40
0.2617993877991494
 40
1.308996938995747
 40
-0.2617993877991494
 40
1.832595714594046
  0
TABLESTYLE
  5
6A
102
{ACAD_REACTORS
330
69
102
}
102
{ACAD_XDICTIONARY
360
315
102
}
330
69
100
AcDbTableStyle
  3
Standard
 70
     0
 71
     0
 40
0.06
 41
0.06
280
     0
281
     0
  7
Standard
140
0.18
170
     2
 62
     0
 63
   257
283
     0
 90
        4
 91
        0
  1

274
    -2
284
     1
 64
     0
275
    -2
285
     1
 65
     0
276
    -2
286
     1
 66
     0
277
    -2
287
     1
 67
     0
278
    -2
288
     1
 68
     0
279
    -2
289
     1
 69
     0
  7
Standard
140
0.25
170
     5
 62
     0
 63
   257
283
     0
 90
        4
 91
        0
  1

274
    -2
284
     1
 64
     0
275
    -2
285
     1
 65
     0
276
    -2
286
     1
 66
     0
277
    -2
287
     1
 67
     0
278
    -2
288
     1
 68
     0
279
    -2
289
     1
 69
     0
  7
Standard
140
0.18
170
     5
 62
     0
 63
   257
283
     0
 90
        4
 91
        0
  1

274
    -2
284
     1
 64
     0
275
    -2
285
     1
 65
     0
276
    -2
286
     1
 66
     0
277
    -2
287
     1
 67
     0
278
    -2
288
     1
 68
     0
279
    -2
289
     1
 69
     0
  0
VISUALSTYLE
  5
2F
102
{ACAD_REACTORS
330
2A
102
}
330
2A
100
AcDbVisualStyle
  2
2dWireframe
 70
     4
177
     3
291
     0
 70
    58
 90
        0
176
     1
 90
        2
176
     1
 90
        0
176
     1
 90
        0
176
     1
 40
0.6
176
     1
 40
30.0
176
     1
 62
     7
420
 16777215
176
     1
 90
        1
176
     1
 90
        4
176
     1
 62
     7
176
     1
 62
   257
176
     1
 90
        1
176
     1
 90
        1
176
     1
 40
1.0
176
     1
 90
        0
176
     1
 62
   257
176
     1
 40
1.0
176
     1
 90
        1
176
     1
 90
        6
176
     1
 90
        2
176
     1
 62
     7
176
     1
 90
        5
176
     1
 90
        0
176
     1
 90
        0
176
     1
290
     0
176
     1
 90
        1
176
     1
 40
0.0
176
     1
 90
        0
176
     1
290
     1
176
     1
290
     1
176
     1
290
     0
176
     1
290
     0
176
     1
290
     0
176
     1
290
     0
176
     1
290
     0
176
     1
290
     0
176
     1
290
     0
176
     1
 90
       50
176
     1
 40
0.0
176
     1
 40
1.0
176
     1
 90
        0
176
     1
 62
    18
420
        0
176
     1
 90
       50
176
     1
 90
        3
176
     1
 62
     5
420
      255
176
     1
290
     0
176
     1
 90
       50
176
     1
 90
       50
176
     1
 90
       50
176
     1
290
     0
176
     1
 90
       50
176
     1
 62
   256
176
     0
 40
1.0
176
     0
 90
        2
176
     1
  1
strokes_ogs.tif
176
     1
290
     0
176
     1
 40
1.0
176
     1
 40
1.0
176
     1
  0
VISUALSTYLE
  5
32
102
{ACAD_REACTORS
330
2A
102
}
330
2A
100
AcDbVisualStyle
  2
Basic
 70
     7
177
     3
291
     1
 70
    58
 90
        1
176
     1
 90
        0
176
     1
 90
        1
176
     1
 90
        0
176
     1
 40
0.6
176
     1
 40
30.0
176
     1
 62
     7
420
 16777215
176
     1
 90
        0
176
     1
 90
        4
176
     1
 62
     7
176
     1
 62
   257
176
     1
 90
        1
176
     1
 90
        1
176
     1
 40
1.0
176
     1
 90
        8
176
     1
 62
     7
176
     1
 40
1.0
176
     1
 90
        1
176
     1
 90
        6
176
     1
 90
        2
176
     1
 62
     7
176
     1
 90
        5
176
     1
 90
        0
176
     1
 90
        0
176
     1
290
     0
176
     1
 90
        1
176
     1
 40
0.0
176
     1
 90
        0
176
     1
290
     0
176
     1
290
     1
176
     1
290
     1
176
     1
290
     0
176
     1
290
     0
176
     1
290
     0
176
     1
290
     0
176
     1
290
     0
176
     1
290
     0
176
     1
 90
       50
176
     1
 40
0.0
176
     1
 40
1.0
176
     1
 90
        0
176
     1
 62
    18
420
        0
176
     1
 90
       50
176
     1
 90
        3
176
     1
 62
     5
420
      255
176
     1
290
     0
176
     1
 90
       50
176
     1
 90
       50
176
     1
 90
       50
176
     1
290
     0
176
     1
 90
       50
176
     1
 62
   256
176
     0
 40
1.0
176
     0
 90
        2
176
     1
  1
strokes_ogs.tif
176
     1
290
     0
176
     1
 40
1.0
176
     1
 40
1.0
176
     1
  0
VISUALSTYLE
  5
36
102
{ACAD_REACTORS
330
2A
102
}
330
2A
100
AcDbVisualStyle
  2
Brighten
 70
    12
177
     3
291
     1
 70
    58
 90
        2
176
     1
 90
        2
176
     1
 90
        0
176
     1
 90
        0
176
     1
 40
0.6
176
     1
 40
30.0
176
     1
 62
     7
420
 16777215
176
     1
 90
        1
176
     1
 90
        4
176
     1
 62
     7
176
     1
 62
   257
176
     1
 90
        1
176
     1
 90
        1
176
     1
 40
1.0
176
     1
 90
        8
176
     1
 62
     7
176
     1
 40
1.0
176
     1
 90
        1
176
     1
 90
        6
176
     1
 90
        2
176
     1
 62
     7
176
     1
 90
        5
176
     1
 90
        0
176
     1
 90
        0
176
     1
290
     0
176
     1
 90
        1
176
     1
 40
50.0
176
     1
 90
        0
176
     1
290
     0
176
     1
290
     1
176
     1
290
     1
176
     1
290
     0
176
     1
290
     0
176
     1
290
     0
176
     1
290
     0
176
     1
290
     0
176
     1
290
     0
176
     1
 90
       50
176
     1
 40
0.0
176
     1
 40
1.0
176
     1
 90
        0
176
     1
 62
    18
420
        0
176
     1
 90
       50
176
     1
 90
        3
176
     1
 62
     5
420
      255
176
     1
290
     0
176
     1
 90
       50
176
     1
 90
       50
176
     1
 90
       50
176
     1
290
     0
176
     1
 90
       50
176
     1
 62
   256
176
     0
 40
1.0
176
     0
 90
        2
176
     1
  1
strokes_ogs.tif
176
     1
290
     0
176
     1
 40
1.0
176
     1
 40
1.0
176
     1
  0
VISUALSTYLE
  5
3A
102
{ACAD_REACTORS
330
2A
102
}
330
2A
100
AcDbVisualStyle
  2
ColorChange
 70
    16
177
     3
291
     1
 70
    58
 90
        2
176
     1
 90
        2
176
     1
 90
        3
176
     1
 90
        0
176
     1
 40
0.6
176
     1
 40
30.0
176
     1
 62
     8
420
  8421504
176
     1
 90
        1
176
     1
 90
        4
176
     1
 62
     7
176
     1
 62
   257
176
     1
 90
        1
176
     1
 90
        1
176
     1
 40
1.0
176
     1
 90
        8
176
     1
 62
     8
420
  8421504
176
     1
 40
1.0
176
     1
 90
        1
176
     1
 90
        6
176
     1
 90
        2
176
     1
 62
     7
176
     1
 90
        5
176
     1
 90
        0
176
     1
 90
        0
176
     1
290
     0
176
     1
 90
        1
176
     1
 40
0.0
176
     1
 90
        0
176
     1
290
     0
176
     1
290
     1
176
     1
290
     1
176
     1
290
     0
176
     1
290
     0
176
     1
290
     0
176
     1
290
     0
176
     1
290
     0
176
     1
290
     0
176
     1
 90
       50
176
     1
 40
0.0
176
     1
 40
1.0
176
     1
 90
        0
176
     1
 62
    18
420
        0
176
     1
 90
       50
176
     1
 90
        3
176
     1
 62
     5
420
      255
176
     1
290
     0
176
     1
 90
       50
176
     1
 90
       50
176
     1
 90
       50
176
     1
290
     0
176
     1
 90
       50
176
     1
 62
   256
176
     0
 40
1.0
176
     0
 90
        2
176
     1
  1
strokes_ogs.tif
176
     1
290
     0
176
     1
 40
1.0
176
     1
 40
1.0
176
     1
  0
VISUALSTYLE
  5
34
102
{ACAD_REACTORS
330
2A
102
}
330
2A
100
AcDbVisualStyle
  2
Conceptual
 70
     9
177
     3
291
     0
 70
    58
 90
        3
176
     1
 90
        2
176
     1
 90
        0
176
     1
 90
        0
176
     1
 40
0.6
176
     1
 40
30.0
176
     1
 62
     7
420
 16777215
176
     1
 90
        2
176
     1
 90
        2
176
     1
 62
     7
176
     1
 62
   257
176
     1
 90
        1
176
     1
 90
        1
176
     1
 40
179.0
176
     1
 90
        8
176
     1
 62
     7
176
     1
 40
1.0
176
     1
 90
        1
176
     1
 90
        6
176
     1
 90
        2
176
     1
 62
     7
176
     1
 90
        3
176
     1
 90
        0
176
     1
 90
        0
176
     1
290
     0
176
     1
 90
        1
176
     1
 40
0.0
176
     1
 90
        0
176
     1
290
     0
176
     1
290
     1
176
     1
290
     1
176
     1
290
     0
176
     1
290
     0
176
     1
290
     0
176
     1
290
     0
176
     1
290
     0
176
     1
290
     0
176
     1
 90
       50
176
     1
 40
0.0
176
     1
 40
1.0
176
     1
 90
        0
176
     1
 62
    18
420
        0
176
     1
 90
       50
176
     1
 90
        3
176
     1
 62
     5
420
      255
176
     1
290
     0
176
     1
 90
       50
176
     1
 90
       50
176
     1
 90
       50
176
     1
290
     0
176
     1
 90
       50
176
     1
 62
   256
176
     0
 40
1.0
176
     0
 90
        2
176
     1
  1
strokes_ogs.tif
176
     1
290
     0
176
     1
 40
1.0
176
     1
 40
1.0
176
     1
  0
VISUALSTYLE
  5
35
102
{ACAD_REACTORS
330
2A
102
}
330
2A
100
AcDbVisualStyle
  2
Dim
 70
    11
177
     3
291
     1
 70
    58
 90
        2
176
     1
 90
        2
176
     1
 90
        0
176
     1
 90
        0
176
     1
 40
0.6
176
     1
 40
30.0
176
     1
 62
     7
420
 16777215
176
     1
 90
        1
176
     1
 90
        4
176
     1
 62
     7
176
     1
 62
   257
176
     1
 90
        1
176
     1
 90
        1
176
     1
 40
1.0
176
     1
 90
        8
176
     1
 62
     7
176
     1
 40
1.0
176
     1
 90
        1
176
     1
 90
        6
176
     1
 90
        2
176
     1
 62
     7
176
     1
 90
        5
176
     1
 90
        0
176
     1
 90
        0
176
     1
290
     0
176
     1
 90
        1
176
     1
 40
-50.0
176
     1
 90
        0
176
     1
290
     0
176
     1
290
     1
176
     1
290
     1
176
     1
290
     0
176
     1
290
     0
176
     1
290
     0
176
     1
290
     0
176
     1
290
     0
176
     1
290
     0
176
     1
 90
       50
176
     1
 40
0.0
176
     1
 40
1.0
176
     1
 90
        0
176
     1
 62
    18
420
        0
176
     1
 90
       50
176
     1
 90
        3
176
     1
 62
     5
420
      255
176
     1
290
     0
176
     1
 90
       50
176
     1
 90
       50
176
     1
 90
       50
176
     1
290
     0
176
     1
 90
       50
176
     1
 62
   256
176
     0
 40
1.0
176
     0
 90
        2
176
     1
  1
strokes_ogs.tif
176
     1
290
     0
176
     1
 40
1.0
176
     1
 40
1.0
176
     1
  0
VISUALSTYLE
  5
3D
102
{ACAD_REACTORS
330
2A
102
}
330
2A
100
AcDbVisualStyle
  2
EdgeColorOff
 70
    22
177
     3
291
     1
 70
    58
 90
        2
176
     0
 90
        2
176
     0
 90
        0
176
     0
 90
        0
176
     0
 40
0.6
176
     0
 40
30.0
176
     0
 62
     7
420
 16777215
176
     0
 90
        1
176
     0
 90
        4
176
     0
 62
     7
176
     0
 62
   257
176
     0
 90
        1
176
     0
 90
        1
176
     0
 40
1.0
176
     0
 90
        8
176
     2
 62
     7
176
     0
 40
1.0
176
     0
 90
        1
176
     0
 90
        6
176
     0
 90
        2
176
     0
 62
     7
176
     0
 90
        5
176
     0
 90
        0
176
     0
 90
        0
176
     0
290
     0
176
     0
 90
        1
176
     0
 40
0.0
176
     0
 90
        0
176
     0
290
     0
176
     0
290
     1
176
     0
290
     1
176
     0
290
     0
176
     0
290
     0
176
     0
290
     0
176
     0
290
     0
176
     0
290
     0
176
     0
290
     0
176
     0
 90
       50
176
     0
 40
0.0
176
     0
 40
1.0
176
     0
 90
        0
176
     0
 62
    18
420
        0
176
     0
 90
       50
176
     0
 90
        3
176
     0
 62
     5
420
      255
176
     0
290
     0
176
     0
 90
       50
176
     0
 90
       50
176
     0
 90
       50
176
     0
290
     0
176
     0
 90
       50
176
     0
 62
   256
176
     0
 40
1.0
176
     0
 90
        2
176
     0
  1
strokes_ogs.tif
176
     0
290
     0
176
     0
 40
1.0
176
     0
 40
1.0
176
     0
  0
VISUALSTYLE
  5
39
102
{ACAD_REACTORS
330
2A
102
}
330
2A
100
AcDbVisualStyle
  2
Facepattern
 70
    15
177
     3
291
     1
 70
    58
 90
        2
176
     1
 90
        2
176
     1
 90
        0
176
     1
 90
        0
176
     1
 40
0.6
176
     1
 40
30.0
176
     1
 62
     7
420
 16777215
176
     1
 90
        1
176
     1
 90
        4
176
     1
 62
     7
176
     1
 62
   257
176
     1
 90
        1
176
     1
 90
        1
176
     1
 40
1.0
176
     1
 90
        8
176
     1
 62
     7
176
     1
 40
1.0
176
     1
 90
        1
176
     1
 90
        6
176
     1
 90
        2
176
     1
 62
     7
176
     1
 90
        5
176
     1
 90
        0
176
     1
 90
        0
176
     1
290
     0
176
     1
 90
        1
176
     1
 40
0.0
176
     1
 90
        0
176
     1
290
     0
176
     1
290
     1
176
     1
290
     1
176
     1
290
     0
176
     1
290
     0
176
     1
290
     0
176
     1
290
     0
176
     1
290
     0
176
     1
290
     0
176
     1
 90
       50
176
     1
 40
0.0
176
     1
 40
1.0
176
     1
 90
        0
176
     1
 62
    18
420
        0
176
     1
 90
       50
176
     1
 90
        3
176
     1
 62
     5
420
      255
176
     1
290
     0
176
     1
 90
       50
176
     1
 90
       50
176
     1
 90
       50
176
     1
290
     0
176
     1
 90
       50
176
     1
 62
   256
176
     0
 40
1.0
176
     0
 90
        2
176
     1
  1
strokes_ogs.tif
176
     1
290
     0
176
     1
 40
1.0
176
     1
 40
1.0
176
     1
  0
VISUALSTYLE
  5
2B
102
{ACAD_REACTORS
330
2A
102
}
330
2A
100
AcDbVisualStyle
  2
Flat
 70
     0
177
     3
291
     1
 70
    58
 90
        2
176
     1
 90
        1
176
     1
 90
        1
176
     1
 90
        2
176
     1
 40
0.6
176
     1
 40
30.0
176
     1
 62
     7
420
 16777215
176
     1
 90
        0
176
     1
 90
        0
176
     1
 62
     7
176
     1
 62
   257
176
     1
 90
        1
176
     1
 90
        1
176
     1
 40
1.0
176
     1
 90
        8
176
     1
 62
     7
176
     1
 40
1.0
176
     1
 90
        1
176
     1
 90
        6
176
     1
 90
        2
176
     1
 62
     7
176
     1
 90
        5
176
     1
 90
        0
176
     1
 90
        0
176
     1
290
     0
176
     1
 90
       13
176
     1
 40
0.0
176
     1
 90
        0
176
     1
290
     0
176
     1
290
     1
176
     1
290
     1
176
     1
290
     0
176
     1
290
     0
176
     1
290
     0
176
     1
290
     0
176
     1
290
     0
176
     1
290
     0
176
     1
 90
       50
176
     1
 40
0.0
176
     1
 40
1.0
176
     1
 90
        0
176
     1
 62
    18
420
        0
176
     1
 90
       50
176
     1
 90
        3
176
     1
 62
     5
420
      255
176
     1
290
     0
176
     1
 90
       50
176
     1
 90
       50
176
     1
 90
       50
176
     1
290
     0
176
     1
 90
       50
176
     1
 62
   256
176
     0
 40
1.0
176
     0
 90
        2
176
     1
  1
strokes_ogs.tif
176
     1
290
     0
176
     1
 40
1.0
176
     1
 40
1.0
176
     1
  0
VISUALSTYLE
  5
2C
102
{ACAD_REACTORS
330
2A
102
}
330
2A
100
AcDbVisualStyle
  2
FlatWithEdges
 70
     1
177
     3
291
     1
 70
    58
 90
        2
176
     1
 90
        1
176
     1
 90
        1
176
     1
 90
        2
176
     1
 40
0.6
176
     1
 40
30.0
176
     1
 62
     7
420
 16777215
176
     1
 90
        1
176
     1
 90
        0
176
     1
 62
     7
176
     1
 62
   257
176
     1
 90
        1
176
     1
 90
        1
176
     1
 40
1.0
176
     1
 90
        0
176
     1
 62
   257
176
     1
 40
1.0
176
     1
 90
        1
176
     1
 90
        6
176
     1
 90
        2
176
     1
 62
     7
176
     1
 90
        5
176
     1
 90
        0
176
     1
 90
        0
176
     1
290
     0
176
     1
 90
       13
176
     1
 40
0.0
176
     1
 90
        0
176
     1
290
     0
176
     1
290
     1
176
     1
290
     1
176
     1
290
     0
176
     1
290
     0
176
     1
290
     0
176
     1
290
     0
176
     1
290
     0
176
     1
290
     0
176
     1
 90
       50
176
     1
 40
0.0
176
     1
 40
1.0
176
     1
 90
        0
176
     1
 62
    18
420
        0
176
     1
 90
       50
176
     1
 90
        3
176
     1
 62
     5
420
      255
176
     1
290
     0
176
     1
 90
       50
176
     1
 90
       50
176
     1
 90
       50
176
     1
290
     0
176
     1
 90
       50
176
     1
 62
   256
176
     0
 40
1.0
176
     0
 90
        2
176
     1
  1
strokes_ogs.tif
176
     1
290
     0
176
     1
 40
1.0
176
     1
 40
1.0
176
     1
  0
VISUALSTYLE
  5
2D
102
{ACAD_REACTORS
330
2A
102
}
330
2A
100
AcDbVisualStyle
  2
Gouraud
 70
     2
177
     3
291
     1
 70
    58
 90
        2
176
     1
 90
        2
176
     1
 90
        1
176
     1
 90
        2
176
     1
 40
0.6
176
     1
 40
30.0
176
     1
 62
     7
420
 16777215
176
     1
 90
        0
176
     1
 90
        0
176
     1
 62
     7
176
     1
 62
   257
176
     1
 90
        1
176
     1
 90
        1
176
     1
 40
1.0
176
     1
 90
        0
176
     1
 62
     7
176
     1
 40
1.0
176
     1
 90
        1
176
     1
 90
        6
176
     1
 90
        2
176
     1
 62
     7
176
     1
 90
        5
176
     1
 90
        0
176
     1
 90
        0
176
     1
290
     0
176
     1
 90
       13
176
     1
 40
0.0
176
     1
 90
        0
176
     1
290
     0
176
     1
290
     1
176
     1
290
     1
176
     1
290
     0
176
     1
290
     0
176
     1
290
     0
176
     1
290
     0
176
     1
290
     0
176
     1
290
     0
176
     1
 90
       50
176
     1
 40
0.0
176
     1
 40
1.0
176
     1
 90
        0
176
     1
 62
    18
420
        0
176
     1
 90
       50
176
     1
 90
        3
176
     1
 62
     5
420
      255
176
     1
290
     0
176
     1
 90
       50
176
     1
 90
       50
176
     1
 90
       50
176
     1
290
     0
176
     1
 90
       50
176
     1
 62
   256
176
     0
 40
1.0
176
     0
 90
        2
176
     1
  1
strokes_ogs.tif
176
     1
290
     0
176
     1
 40
1.0
176
     1
 40
1.0
176
     1
  0
VISUALSTYLE
  5
2E
102
{ACAD_REACTORS
330
2A
102
}
330
2A
100
AcDbVisualStyle
  2
GouraudWithEdges
 70
     3
177
     3
291
     1
 70
    58
 90
        2
176
     1
 90
        2
176
     1
 90
        1
176
     1
 90
        2
176
     1
 40
0.6
176
     1
 40
30.0
176
     1
 62
     7
420
 16777215
176
     1
 90
        1
176
     1
 90
        0
176
     1
 62
     7
176
     1
 62
   257
176
     1
 90
        1
176
     1
 90
        1
176
     1
 40
1.0
176
     1
 90
        0
176
     1
 62
   257
176
     1
 40
1.0
176
     1
 90
        1
176
     1
 90
        6
176
     1
 90
        2
176
     1
 62
     7
176
     1
 90
        5
176
     1
 90
        0
176
     1
 90
        0
176
     1
290
     0
176
     1
 90
       13
176
     1
 40
0.0
176
     1
 90
        0
176
     1
290
     0
176
     1
290
     1
176
     1
290
     1
176
     1
290
     0
176
     1
290
     0
176
     1
290
     0
176
     1
290
     0
176
     1
290
     0
176
     1
290
     0
176
     1
 90
       50
176
     1
 40
0.0
176
     1
 40
1.0
176
     1
 90
        0
176
     1
 62
    18
420
        0
176
     1
 90
       50
176
     1
 90
        3
176
     1
 62
     5
420
      255
176
     1
290
     0
176
     1
 90
       50
176
     1
 90
       50
176
     1
 90
       50
176
     1
290
     0
176
     1
 90
       50
176
     1
 62
   256
176
     0
 40
1.0
176
     0
 90
        2
176
     1
  1
strokes_ogs.tif
176
     1
290
     0
176
     1
 40
1.0
176
     1
 40
1.0
176
     1
  0
VISUALSTYLE
  5
31
102
{ACAD_REACTORS
330
2A
102
}
330
2A
100
AcDbVisualStyle
  2
Hidden
 70
     6
177
     3
291
     0
 70
    58
 90
        1
176
     1
 90
        2
176
     1
 90
        2
176
     1
 90
        0
176
     1
 40
0.6
176
     1
 40
30.0
176
     1
 62
     7
420
 16777215
176
     1
 90
        2
176
     1
 90
        2
176
     1
 62
     7
176
     1
 62
   257
176
     1
 90
        2
176
     1
 90
        1
176
     1
 40
40.0
176
     1
 90
        0
176
     1
 62
   257
176
     1
 40
1.0
176
     1
 90
        1
176
     1
 90
        6
176
     1
 90
        2
176
     1
 62
     7
176
     1
 90
        3
176
     1
 90
        0
176
     1
 90
        0
176
     1
290
     0
176
     1
 90
        1
176
     1
 40
0.0
176
     1
 90
        0
176
     1
290
     0
176
     1
290
     1
176
     1
290
     1
176
     1
290
     0
176
     1
290
     0
176
     1
290
     0
176
     1
290
     0
176
     1
290
     0
176
     1
290
     0
176
     1
 90
       50
176
     1
 40
0.0
176
     1
 40
1.0
176
     1
 90
        0
176
     1
 62
    18
420
        0
176
     1
 90
       50
176
     1
 90
        3
176
     1
 62
     5
420
      255
176
     1
290
     0
176
     1
 90
       50
176
     1
 90
       50
176
     1
 90
       50
176
     1
290
     0
176
     1
 90
       50
176
     1
 62
   256
176
     0
 40
1.0
176
     0
 90
        2
176
     1
  1
strokes_ogs.tif
176
     1
290
     0
176
     1
 40
1.0
176
     1
 40
1.0
176
     1
  0
VISUALSTYLE
  5
3B
102
{ACAD_REACTORS
330
2A
102
}
330
2A
100
AcDbVisualStyle
  2
JitterOff
 70
    20
177
     3
291
     1
 70
    58
 90
        2
176
     0
 90
        2
176
     0
 90
        0
176
     0
 90
        0
176
     0
 40
0.6
176
     0
 40
30.0
176
     0
 62
     7
420
 16777215
176
     0
 90
        1
176
     0
 90
        4
176
     0
 62
     7
176
     0
 62
   257
176
     0
 90
        1
176
     0
 90
        1
176
     0
 40
1.0
176
     0
 90
       10
176
     2
 62
     7
176
     0
 40
1.0
176
     0
 90
        1
176
     0
 90
        6
176
     0
 90
        2
176
     0
 62
     7
176
     0
 90
        5
176
     0
 90
        0
176
     0
 90
        0
176
     0
290
     0
176
     0
 90
        1
176
     0
 40
0.0
176
     0
 90
        0
176
     0
290
     0
176
     0
290
     1
176
     0
290
     1
176
     0
290
     0
176
     0
290
     0
176
     0
290
     0
176
     0
290
     0
176
     0
290
     0
176
     0
290
     0
176
     0
 90
       50
176
     0
 40
0.0
176
     0
 40
1.0
176
     0
 90
        0
176
     0
 62
    18
420
        0
176
     0
 90
       50
176
     0
 90
        3
176
     0
 62
     5
420
      255
176
     0
290
     0
176
     0
 90
       50
176
     0
 90
       50
176
     0
 90
       50
176
     0
290
     0
176
     0
 90
       50
176
     0
 62
   256
176
     0
 40
1.0
176
     0
 90
        2
176
     0
  1
strokes_ogs.tif
176
     0
290
     0
176
     0
 40
1.0
176
     0
 40
1.0
176
     0
  0
VISUALSTYLE
  5
38
102
{ACAD_REACTORS
330
2A
102
}
330
2A
100
AcDbVisualStyle
  2
Linepattern
 70
    14
177
     3
291
     1
 70
    58
 90
        2
176
     1
 90
        2
176
     1
 90
        0
176
     1
 90
        0
176
     1
 40
0.6
176
     1
 40
30.0
176
     1
 62
     7
420
 16777215
176
     1
 90
        1
176
     1
 90
        4
176
     1
 62
     7
176
     1
 62
   257
176
     1
 90
        7
176
     1
 90
        7
176
     1
 40
1.0
176
     1
 90
        8
176
     1
 62
     7
176
     1
 40
1.0
176
     1
 90
        1
176
     1
 90
        6
176
     1
 90
        2
176
     1
 62
     7
176
     1
 90
        5
176
     1
 90
        0
176
     1
 90
        0
176
     1
290
     0
176
     1
 90
        1
176
     1
 40
0.0
176
     1
 90
        0
176
     1
290
     0
176
     1
290
     1
176
     1
290
     1
176
     1
290
     0
176
     1
290
     0
176
     1
290
     0
176
     1
290
     0
176
     1
290
     0
176
     1
290
     0
176
     1
 90
       50
176
     1
 40
0.0
176
     1
 40
1.0
176
     1
 90
        0
176
     1
 62
    18
420
        0
176
     1
 90
       50
176
     1
 90
        3
176
     1
 62
     5
420
      255
176
     1
290
     0
176
     1
 90
       50
176
     1
 90
       50
176
     1
 90
       50
176
     1
290
     0
176
     1
 90
       50
176
     1
 62
   256
176
     0
 40
1.0
176
     0
 90
        2
176
     1
  1
strokes_ogs.tif
176
     1
290
     0
176
     1
 40
1.0
176
     1
 40
1.0
176
     1
  0
VISUALSTYLE
  5
3C
102
{ACAD_REACTORS
330
2A
102
}
330
2A
100
AcDbVisualStyle
  2
OverhangOff
 70
    21
177
     3
291
     1
 70
    58
 90
        2
176
     0
 90
        2
176
     0
 90
        0
176
     0
 90
        0
176
     0
 40
0.6
176
     0
 40
30.0
176
     0
 62
     7
420
 16777215
176
     0
 90
        1
176
     0
 90
        4
176
     0
 62
     7
176
     0
 62
   257
176
     0
 90
        1
176
     0
 90
        1
176
     0
 40
1.0
176
     0
 90
        9
176
     2
 62
     7
176
     0
 40
1.0
176
     0
 90
        1
176
     0
 90
        6
176
     0
 90
        2
176
     0
 62
     7
176
     0
 90
        5
176
     0
 90
        0
176
     0
 90
        0
176
     0
290
     0
176
     0
 90
        1
176
     0
 40
0.0
176
     0
 90
        0
176
     0
290
     0
176
     0
290
     1
176
     0
290
     1
176
     0
290
     0
176
     0
290
     0
176
     0
290
     0
176
     0
290
     0
176
     0
290
     0
176
     0
290
     0
176
     0
 90
       50
176
     0
 40
0.0
176
     0
 40
1.0
176
     0
 90
        0
176
     0
 62
    18
420
        0
176
     0
 90
       50
176
     0
 90
        3
176
     0
 62
     5
420
      255
176
     0
290
     0
176
     0
 90
       50
176
     0
 90
       50
176
     0
 90
       50
176
     0
290
     0
176
     0
 90
       50
176
     0
 62
   256
176
     0
 40
1.0
176
     0
 90
        2
176
     0
  1
strokes_ogs.tif
176
     0
290
     0
176
     0
 40
1.0
176
     0
 40
1.0
176
     0
  0
VISUALSTYLE
  5
33
102
{ACAD_REACTORS
330
2A
102
}
330
2A
100
AcDbVisualStyle
  2
Realistic
 70
     8
177
     3
291
     0
 70
    58
 90
        2
176
     1
 90
        3
176
     1
 90
        0
176
     1
 90
        2
176
     1
 40
0.6
176
     1
 40
30.0
176
     1
 62
     7
420
 16777215
176
     1
 90
        0
176
     1
 90
        0
176
     1
 62
     7
176
     1
 62
   257
176
     1
 90
        1
176
     1
 90
        1
176
     1
 40
1.0
176
     1
 90
        8
176
     1
 62
   257
176
     1
 40
1.0
176
     1
 90
        1
176
     1
 90
        6
176
     1
 90
        2
176
     1
 62
     7
176
     1
 90
        3
176
     1
 90
        0
176
     1
 90
        0
176
     1
290
     0
176
     1
 90
       13
176
     1
 40
0.0
176
     1
 90
        0
176
     1
290
     0
176
     1
290
     1
176
     1
290
     1
176
     1
290
     0
176
     1
290
     0
176
     1
290
     0
176
     1
290
     0
176
     1
290
     0
176
     1
290
     0
176
     1
 90
       50
176
     1
 40
0.0
176
     1
 40
1.0
176
     1
 90
        0
176
     1
 62
    18
420
        0
176
     1
 90
       50
176
     1
 90
        3
176
     1
 62
     5
420
      255
176
     1
290
     0
176
     1
 90
       50
176
     1
 90
       50
176
     1
 90
       50
176
     1
290
     0
176
     1
 90
       50
176
     1
 62
   256
176
     0
 40
1.0
176
     0
 90
        2
176
     1
  1
strokes_ogs.tif
176
     1
290
     0
176
     1
 40
1.0
176
     1
 40
1.0
176
     1
  0
VISUALSTYLE
  5
42
102
{ACAD_REACTORS
330
2A
102
}
330
2A
100
AcDbVisualStyle
  2
Shaded
 70
    27
177
     3
291
     0
 70
    58
 90
        2
176
     1
 90
        2
176
     1
 90
        1
176
     1
 90
        2
176
     1
 40
0.6
176
     1
 40
30.0
176
     1
 62
     7
420
 16777215
176
     1
 90
        0
176
     1
 90
        4
176
     1
 62
     7
176
     1
 62
   257
176
     1
 90
        1
176
     1
 90
        1
176
     1
 40
1.0
176
     1
 90
        8
176
     1
 62
   257
176
     1
 40
1.0
176
     1
 90
        1
176
     1
 90
        6
176
     1
 90
        2
176
     1
 62
     8
420
  7895160
176
     1
 90
        3
176
     1
 90
        0
176
     1
 90
        0
176
     1
290
     0
176
     1
 90
        5
176
     1
 40
0.0
176
     1
 90
        0
176
     1
290
     0
176
     1
290
     1
176
     1
290
     1
176
     1
290
     0
176
     1
290
     0
176
     1
290
     0
176
     1
290
     0
176
     1
290
     0
176
     1
290
     0
176
     1
 90
       50
176
     1
 40
0.0
176
     1
 40
1.0
176
     1
 90
        0
176
     1
 62
    18
420
        0
176
     1
 90
       50
176
     1
 90
        3
176
     1
 62
     5
420
      255
176
     1
290
     0
176
     1
 90
       50
176
     1
 90
       50
176
     1
 90
       50
176
     1
290
     0
176
     1
 90
       50
176
     1
 62
   256
176
     0
 40
1.0
176
     0
 90
        2
176
     1
  1
strokes_ogs.tif
176
     1
290
     0
176
     1
 40
1.0
176
     1
 40
1.0
176
     1
  0
VISUALSTYLE
  5
41
102
{ACAD_REACTORS
330
2A
102
}
330
2A
100
AcDbVisualStyle
  2
Shaded with edges
 70
    26
177
     3
291
     0
 70
    58
 90
        2
176
     1
 90
        2
176
     1
 90
        1
176
     1
 90
        2
176
     1
 40
0.6
176
     1
 40
30.0
176
     1
 62
     7
420
 16777215
176
     1
 90
        1
176
     1
 90
       10
176
     1
 62
     7
176
     1
 62
   257
176
     1
 90
        2
176
     1
 90
        1
176
     1
 40
1.0
176
     1
 90
        8
176
     1
 62
   257
176
     1
 40
1.0
176
     1
 90
        1
176
     1
 90
        6
176
     1
 90
        2
176
     1
 62
     7
176
     1
 90
        3
176
     1
 90
        0
176
     1
 90
        0
176
     1
290
     0
176
     1
 90
        5
176
     1
 40
0.0
176
     1
 90
        0
176
     1
290
     0
176
     1
290
     1
176
     1
290
     1
176
     1
290
     0
176
     1
290
     0
176
     1
290
     0
176
     1
290
     0
176
     1
290
     0
176
     1
290
     0
176
     1
 90
       50
176
     1
 40
0.0
176
     1
 40
1.0
176
     1
 90
        0
176
     1
 62
    18
420
        0
176
     1
 90
       50
176
     1
 90
        3
176
     1
 62
     5
420
      255
176
     1
290
     0
176
     1
 90
       50
176
     1
 90
       50
176
     1
 90
       50
176
     1
290
     0
176
     1
 90
       50
176
     1
 62
   256
176
     0
 40
1.0
176
     0
 90
        2
176
     1
  1
strokes_ogs.tif
176
     1
290
     0
176
     1
 40
1.0
176
     1
 40
1.0
176
     1
  0
VISUALSTYLE
  5
3E
102
{ACAD_REACTORS
330
2A
102
}
330
2A
100
AcDbVisualStyle
  2
Shades of Gray
 70
    23
177
     3
291
     0
 70
    58
 90
        2
176
     1
 90
        2
176
     1
 90
        3
176
     1
 90
        0
176
     1
 40
0.6
176
     1
 40
30.0
176
     1
 62
     7
420
 16777215
176
     1
 90
        2
176
     1
 90
        2
176
     1
 62
     7
176
     1
 62
     7
176
     1
 90
        1
176
     1
 90
        1
176
     1
 40
40.0
176
     1
 90
        8
176
     1
 62
     7
176
     1
 40
1.0
176
     1
 90
        1
176
     1
 90
        6
176
     1
 90
        2
176
     1
 62
     7
176
     1
 90
        3
176
     1
 90
        0
176
     1
 90
        0
176
     1
290
     0
176
     1
 90
        1
176
     1
 40
0.0
176
     1
 90
        0
176
     1
290
     0
176
     1
290
     1
176
     1
290
     1
176
     1
290
     0
176
     1
290
     0
176
     1
290
     0
176
     1
290
     0
176
     1
290
     0
176
     1
290
     0
176
     1
 90
       50
176
     1
 40
0.0
176
     1
 40
1.0
176
     1
 90
        0
176
     1
 62
    18
420
        0
176
     1
 90
       50
176
     1
 90
        3
176
     1
 62
     5
420
      255
176
     1
290
     0
176
     1
 90
       50
176
     1
 90
       50
176
     1
 90
       50
176
     1
290
     0
176
     1
 90
       50
176
     1
 62
   256
176
     0
 40
1.0
176
     0
 90
        2
176
     1
  1
strokes_ogs.tif
176
     1
290
     0
176
     1
 40
1.0
176
     1
 40
1.0
176
     1
  0
VISUALSTYLE
  5
3F
102
{ACAD_REACTORS
330
2A
102
}
330
2A
100
AcDbVisualStyle
  2
Sketchy
 70
    24
177
     3
291
     0
 70
    58
 90
        1
176
     1
 90
        2
176
     1
 90
        2
176
     1
 90
        0
176
     1
 40
0.6
176
     1
 40
30.0
176
     1
 62
     7
420
 16777215
176
     1
 90
        2
176
     1
 90
        2
176
     1
 62
     7
176
     1
 62
     7
176
     1
 90
        1
176
     1
 90
        1
176
     1
 40
40.0
176
     1
 90
       11
176
     1
 62
     7
176
     1
 40
1.0
176
     1
 90
        1
176
     1
 90
        6
176
     1
 90
        2
176
     1
 62
     7
176
     1
 90
        6
176
     1
 90
        0
176
     1
 90
        0
176
     1
290
     0
176
     1
 90
        1
176
     1
 40
0.0
176
     1
 90
        0
176
     1
290
     0
176
     1
290
     1
176
     1
290
     1
176
     1
290
     0
176
     1
290
     0
176
     1
290
     0
176
     1
290
     0
176
     1
290
     0
176
     1
290
     0
176
     1
 90
       50
176
     1
 40
0.0
176
     1
 40
1.0
176
     1
 90
        0
176
     1
 62
    18
420
        0
176
     1
 90
       50
176
     1
 90
        3
176
     1
 62
     5
420
      255
176
     1
290
     0
176
     1
 90
       50
176
     1
 90
       50
176
     1
 90
       50
176
     1
290
     0
176
     1
 90
       50
176
     1
 62
   256
176
     0
 40
1.0
176
     0
 90
        2
176
     1
  1
strokes_ogs.tif
176
     1
290
     0
176
     1
 40
1.0
176
     1
 40
1.0
176
     1
  0
VISUALSTYLE
  5
37
102
{ACAD_REACTORS
330
2A
102
}
330
2A
100
AcDbVisualStyle
  2
Thicken
 70
    13
177
     3
291
     1
 70
    58
 90
        2
176
     1
 90
        2
176
     1
 90
        0
176
     1
 90
        0
176
     1
 40
0.6
176
     1
 40
30.0
176
     1
 62
     7
420
 16777215
176
     1
 90
        1
176
     1
 90
        4
176
     1
 62
     7
176
     1
 62
   257
176
     1
 90
        1
176
     1
 90
        1
176
     1
 40
1.0
176
     1
 90
       12
176
     1
 62
     7
176
     1
 40
1.0
176
     1
 90
        1
176
     1
 90
        6
176
     1
 90
        2
176
     1
 62
     7
176
     1
 90
        5
176
     1
 90
        0
176
     1
 90
        0
176
     1
290
     0
176
     1
 90
        1
176
     1
 40
0.0
176
     1
 90
        0
176
     1
290
     0
176
     1
290
     1
176
     1
290
     1
176
     1
290
     0
176
     1
290
     0
176
     1
290
     0
176
     1
290
     0
176
     1
290
     0
176
     1
290
     0
176
     1
 90
       50
176
     1
 40
0.0
176
     1
 40
1.0
176
     1
 90
        0
176
     1
 62
    18
420
        0
176
     1
 90
       50
176
     1
 90
        3
176
     1
 62
     5
420
      255
176
     1
290
     0
176
     1
 90
       50
176
     1
 90
       50
176
     1
 90
       50
176
     1
290
     0
176
     1
 90
       50
176
     1
 62
   256
176
     0
 40
1.0
176
     0
 90
        2
176
     1
  1
strokes_ogs.tif
176
     1
290
     0
176
     1
 40
1.0
176
     1
 40
1.0
176
     1
  0
VISUALSTYLE
  5
30
102
{ACAD_REACTORS
330
2A
102
}
330
2A
100
AcDbVisualStyle
  2
Wireframe
 70
     5
177
     3
291
     0
 70
    58
 90
        0
176
     1
 90
        2
176
     1
 90
        0
176
     1
 90
        0
176
     1
 40
0.6
176
     1
 40
30.0
176
     1
 62
     7
420
 16777215
176
     1
 90
        1
176
     1
 90
        4
176
     1
 62
     7
176
     1
 62
   257
176
     1
 90
        1
176
     1
 90
        1
176
     1
 40
1.0
176
     1
 90
        0
176
     1
 62
   257
176
     1
 40
1.0
176
     1
 90
        1
176
     1
 90
        6
176
     1
 90
        2
176
     1
 62
     7
176
     1
 90
        3
176
     1
 90
        0
176
     1
 90
        0
176
     1
290
     0
176
     1
 90
        1
176
     1
 40
0.0
176
     1
 90
        0
176
     1
290
     0
176
     1
290
     1
176
     1
290
     1
176
     1
290
     0
176
     1
290
     0
176
     1
290
     0
176
     1
290
     0
176
     1
290
     0
176
     1
290
     0
176
     1
 90
       50
176
     1
 40
0.0
176
     1
 40
1.0
176
     1
 90
        0
176
     1
 62
    18
420
        0
176
     1
 90
       50
176
     1
 90
        3
176
     1
 62
     5
420
      255
176
     1
290
     0
176
     1
 90
       50
176
     1
 90
       50
176
     1
 90
       50
176
     1
290
     0
176
     1
 90
       50
176
     1
 62
   256
176
     0
 40
1.0
176
     0
 90
        2
176
     1
  1
strokes_ogs.tif
176
     1
290
     0
176
     1
 40
1.0
176
     1
 40
1.0
176
     1
  0
VISUALSTYLE
  5
40
102
{ACAD_REACTORS
330
2A
102
}
330
2A
100
AcDbVisualStyle
  2
X-Ray
 70
    25
177
     3
291
     0
 70
    58
 90
        2
176
     1
 90
        2
176
     1
 90
        1
176
     1
 90
        1
176
     1
 40
0.5
176
     1
 40
30.0
176
     1
 62
     7
420
 16777215
176
     1
 90
        1
176
     1
 90
        0
176
     1
 62
     7
176
     1
 62
   257
176
     1
 90
        1
176
     1
 90
        1
176
     1
 40
1.0
176
     1
 90
        8
176
     1
 62
     7
176
     1
 40
1.0
176
     1
 90
        1
176
     1
 90
        6
176
     1
 90
        2
176
     1
 62
     7
176
     1
 90
        3
176
     1
 90
        0
176
     1
 90
        0
176
     1
290
     0
176
     1
 90
       13
176
     1
 40
0.0
176
     1
 90
        0
176
     1
290
     0
176
     1
290
     1
176
     1
290
     1
176
     1
290
     0
176
     1
290
     0
176
     1
290
     0
176
     1
290
     0
176
     1
290
     0
176
     1
290
     0
176
     1
 90
       50
176
     1
 40
0.0
176
     1
 40
1.0
176
     1
 90
        0
176
     1
 62
    18
420
        0
176
     1
 90
       50
176
     1
 90
        3
176
     1
 62
     5
420
      255
176
     1
290
     0
176
     1
 90
       50
176
     1
 90
       50
176
     1
 90
       50
176
     1
290
     0
176
     1
 90
       50
176
     1
 62
   256
176
     0
 40
1.0
176
     0
 90
        2
176
     1
  1
strokes_ogs.tif
176
     1
290
     0
176
     1
 40
1.0
176
     1
 40
1.0
176
     1
  0
DICTIONARYVAR
  5
2D7
102
{ACAD_REACTORS
330
2D6
102
}
330
2D6
100
DictionaryVariables
280
     0
  1
1:1
  0
DICTIONARYVAR
  5
310
102
{ACAD_REACTORS
330
2D6
102
}
330
2D6
100
DictionaryVariables
280
     0
  1
Standard
  0
DICTIONARYVAR
  5
30F
102
{ACAD_REACTORS
330
2D6
102
}
330
2D6
100
DictionaryVariables
280
     0
  1
Standard
  0
DICTIONARYVAR
  5
318
102
{ACAD_REACTORS
330
2D6
102
}
330
2D6
100
DictionaryVariables
280
     0
  1
Imperial24
  0
DICTIONARYVAR
  5
319
102
{ACAD_REACTORS
330
2D6
102
}
330
2D6
100
DictionaryVariables
280
     0
  1
Imperial24
  0
DICTIONARYVAR
  5
2D8
102
{ACAD_REACTORS
330
2D6
102
}
330
2D6
100
DictionaryVariables
280
     0
  1
2
  0
DICTIONARY
  5
315
330
6A
100
AcDbDictionary
280
     1
281
     1
  3
ACAD_ROUNDTRIP_2008_TABLESTYLE_CELLSTYLEMAP
360
316
  0
CELLSTYLEMAP
  5
316
102
{ACAD_REACTORS
330
315
102
}
330
315
100
AcDbCellStyleMap
 90
        3
300
CELLSTYLE
  1
TABLEFORMAT_BEGIN
 90
        5
170
     1
 91
        0
 92
    32768
 62
   257
 93
        1
300
CONTENTFORMAT
  1
CONTENTFORMAT_BEGIN
 90
        0
 91
        0
 92
        4
 93
        0
300

 40
0.0
140
1.0
 94
        5
 62
     0
340
11
144
0.25
309
CONTENTFORMAT_END
171
     1
301
MARGIN
  1
CELLMARGIN_BEGIN
 40
0.06
 40
0.06
 40
0.06
 40
0.06
 40
0.06
 40
0.06
309
CELLMARGIN_END
 94
        6
 95
        1
302
GRIDFORMAT
  1
GRIDFORMAT_BEGIN
 90
        0
 91
        1
 62
     0
 92
       -2
340
14
 93
        0
 40
0.045
309
GRIDFORMAT_END
 95
        2
302
GRIDFORMAT
  1
GRIDFORMAT_BEGIN
 90
        0
 91
        1
 62
     0
 92
       -2
340
14
 93
        0
 40
0.045
309
GRIDFORMAT_END
 95
        4
302
GRIDFORMAT
  1
GRIDFORMAT_BEGIN
 90
        0
 91
        1
 62
     0
 92
       -2
340
14
 93
        0
 40
0.045
309
GRIDFORMAT_END
 95
        8
302
GRIDFORMAT
  1
GRIDFORMAT_BEGIN
 90
        0
 91
        1
 62
     0
 92
       -2
340
14
 93
        0
 40
0.045
309
GRIDFORMAT_END
 95
       16
302
GRIDFORMAT
  1
GRIDFORMAT_BEGIN
 90
        0
 91
        1
 62
     0
 92
       -2
340
14
 93
        0
 40
0.045
309
GRIDFORMAT_END
 95
       32
302
GRIDFORMAT
  1
GRIDFORMAT_BEGIN
 90
        0
 91
        1
 62
     0
 92
       -2
340
14
 93
        0
 40
0.045
309
GRIDFORMAT_END
309
TABLEFORMAT_END
  1
CELLSTYLE_BEGIN
 90
        1
 91
        1
300
_TITLE
309
CELLSTYLE_END
300
CELLSTYLE
  1
TABLEFORMAT_BEGIN
 90
        5
170
     1
 91
        0
 92
        0
 62
   257
 93
        1
300
CONTENTFORMAT
  1
CONTENTFORMAT_BEGIN
 90
        0
 91
        0
 92
        4
 93
        0
300

 40
0.0
140
1.0
 94
        5
 62
     0
340
11
144
0.18
309
CONTENTFORMAT_END
171
     1
301
MARGIN
  1
CELLMARGIN_BEGIN
 40
0.06
 40
0.06
 40
0.06
 40
0.06
 40
0.06
 40
0.06
309
CELLMARGIN_END
 94
        6
 95
        1
302
GRIDFORMAT
  1
GRIDFORMAT_BEGIN
 90
        0
 91
        1
 62
     0
 92
       -2
340
14
 93
        0
 40
0.045
309
GRIDFORMAT_END
 95
        2
302
GRIDFORMAT
  1
GRIDFORMAT_BEGIN
 90
        0
 91
        1
 62
     0
 92
       -2
340
14
 93
        0
 40
0.045
309
GRIDFORMAT_END
 95
        4
302
GRIDFORMAT
  1
GRIDFORMAT_BEGIN
 90
        0
 91
        1
 62
     0
 92
       -2
340
14
 93
        0
 40
0.045
309
GRIDFORMAT_END
 95
        8
302
GRIDFORMAT
  1
GRIDFORMAT_BEGIN
 90
        0
 91
        1
 62
     0
 92
       -2
340
14
 93
        0
 40
0.045
309
GRIDFORMAT_END
 95
       16
302
GRIDFORMAT
  1
GRIDFORMAT_BEGIN
 90
        0
 91
        1
 62
     0
 92
       -2
340
14
 93
        0
 40
0.045
309
GRIDFORMAT_END
 95
       32
302
GRIDFORMAT
  1
GRIDFORMAT_BEGIN
 90
        0
 91
        1
 62
     0
 92
       -2
340
14
 93
        0
 40
0.045
309
GRIDFORMAT_END
309
TABLEFORMAT_END
  1
CELLSTYLE_BEGIN
 90
        2
 91
        1
300
_HEADER
309
CELLSTYLE_END
300
CELLSTYLE
  1
TABLEFORMAT_BEGIN
 90
        5
170
     1
 91
        0
 92
        0
 62
   257
 93
        1
300
CONTENTFORMAT
  1
CONTENTFORMAT_BEGIN
 90
        0
 91
        0
 92
        4
 93
        0
300

 40
0.0
140
1.0
 94
        2
 62
     0
340
11
144
0.18
309
CONTENTFORMAT_END
171
     1
301
MARGIN
  1
CELLMARGIN_BEGIN
 40
0.06
 40
0.06
 40
0.06
 40
0.06
 40
0.06
 40
0.06
309
CELLMARGIN_END
 94
        6
 95
        1
302
GRIDFORMAT
  1
GRIDFORMAT_BEGIN
 90
        0
 91
        1
 62
     0
 92
       -2
340
14
 93
        0
 40
0.045
309
GRIDFORMAT_END
 95
        2
302
GRIDFORMAT
  1
GRIDFORMAT_BEGIN
 90
        0
 91
        1
 62
     0
 92
       -2
340
14
 93
        0
 40
0.045
309
GRIDFORMAT_END
 95
        4
302
GRIDFORMAT
  1
GRIDFORMAT_BEGIN
 90
        0
 91
        1
 62
     0
 92
       -2
340
14
 93
        0
 40
0.045
309
GRIDFORMAT_END
 95
        8
302
GRIDFORMAT
  1
GRIDFORMAT_BEGIN
 90
        0
 91
        1
 62
     0
 92
       -2
340
14
 93
        0
 40
0.045
309
GRIDFORMAT_END
 95
       16
302
GRIDFORMAT
  1
GRIDFORMAT_BEGIN
 90
        0
 91
        1
 62
     0
 92
       -2
340
14
 93
        0
 40
0.045
309
GRIDFORMAT_END
 95
       32
302
GRIDFORMAT
  1
GRIDFORMAT_BEGIN
 90
        0
 91
        1
 62
     0
 92
       -2
340
14
 93
        0
 40
0.045
309
GRIDFORMAT_END
309
TABLEFORMAT_END
  1
CELLSTYLE_BEGIN
 90
        3
 91
        2
300
_DATA
309
CELLSTYLE_END
  0
ENDSEC
  0
EOF
