  0
SECTION
  2
HEADER
  9
$ACADVER
  1
AC1032
  9
$ACADMAINTVER
 90
       55
  9
$DWGCODEPAGE
  3
ANSI_1252
  9
$LASTSAVEDBY
  1
desig_0aqrnus
  9
$REQUIREDVERSIONS
160
                 0
  9
$INSBASE
 10
0.0
 20
0.0
 30
0.0
  9
$EXTMIN
 10
-8.36982
 20
-7.77599
 30
0.0
  9
$EXTMAX
 10
3.70139
 20
8.01703
 30
0.0
  9
$LIMMIN
 10
0.0
 20
0.0
  9
$LIMMAX
 10
12.0
 20
9.0
  9
$ORTHOMODE
 70
     0
  9
$REGENMODE
 70
     1
  9
$FILLMODE
 70
     1
  9
$QTEXTMODE
 70
     0
  9
$MIRRTEXT
 70
     1
  9
$LTSCALE
 40
1.0
  9
$ATTMODE
 70
     1
  9
$TEXTSIZE
 40
0.2
  9
$TRACEWID
 40
0.05
  9
$TEXTSTYLE
  7
Standard
  9
$CLAYER
  8
0
  9
$CELTYPE
  6
ByLayer
  9
$CECOLOR
 62
   256
  9
$CELTSCALE
 40
1.0
  9
$DISPSILH
 70
     0
  9
$DIMSCALE
 40
1.0
  9
$DIMASZ
 40
0.18
  9
$DIMEXO
 40
0.0625
  9
$DIMDLI
 40
0.38
  9
$DIMRND
 40
0.0
  9
$DIMDLE
 40
0.0
  9
$DIMEXE
 40
0.18
  9
$DIMTP
 40
0.0
  9
$DIMTM
 40
0.0
  9
$DIMTXT
 40
0.18
  9
$DIMCEN
 40
0.09
  9
$DIMTSZ
 40
0.0
  9
$DIMTOL
 70
     0
  9
$DIMLIM
 70
     0
  9
$DIMTIH
 70
     1
  9
$DIMTOH
 70
     1
  9
$DIMSE1
 70
     0
  9
$DIMSE2
 70
     0
  9
$DIMTAD
 70
     0
  9
$DIMZIN
 70
     0
  9
$DIMBLK
  1

  9
$DIMASO
 70
     1
  9
$DIMSHO
 70
     1
  9
$DIMPOST
  1

  9
$DIMAPOST
  1

  9
$DIMALT
 70
     0
  9
$DIMALTD
 70
     2
  9
$DIMALTF
 40
25.4
  9
$DIMLFAC
 40
1.0
  9
$DIMTOFL
 70
     0
  9
$DIMTVP
 40
0.0
  9
$DIMTIX
 70
     0
  9
$DIMSOXD
 70
     0
  9
$DIMSAH
 70
     0
  9
$DIMBLK1
  1

  9
$DIMBLK2
  1

  9
$DIMSTYLE
  2
Standard
  9
$DIMCLRD
 70
     0
  9
$DIMCLRE
 70
     0
  9
$DIMCLRT
 70
     0
  9
$DIMTFAC
 40
1.0
  9
$DIMGAP
 40
0.09
  9
$DIMJUST
 70
     0
  9
$DIMSD1
 70
     0
  9
$DIMSD2
 70
     0
  9
$DIMTOLJ
 70
     1
  9
$DIMTZIN
 70
     0
  9
$DIMALTZ
 70
     0
  9
$DIMALTTZ
 70
     0
  9
$DIMUPT
 70
     0
  9
$DIMDEC
 70
     4
  9
$DIMTDEC
 70
     4
  9
$DIMALTU
 70
     2
  9
$DIMALTTD
 70
     2
  9
$DIMTXSTY
  7
Standard
  9
$DIMAUNIT
 70
     0
  9
$DIMADEC
 70
     0
  9
$DIMALTRND
 40
0.0
  9
$DIMAZIN
 70
     0
  9
$DIMDSEP
 70
    46
  9
$DIMATFIT
 70
     3
  9
$DIMFRAC
 70
     0
  9
$DIMLDRBLK
  1

  9
$DIMLUNIT
 70
     2
  9
$DIMLWD
 70
    -2
  9
$DIMLWE
 70
    -2
  9
$DIMTMOVE
 70
     0
  9
$DIMFXL
 40
1.0
  9
$DIMFXLON
 70
     0
  9
$DIMJOGANG
 40
0.7853981633974483
  9
$DIMTFILL
 70
     0
  9
$DIMTFILLCLR
 70
     0
  9
$DIMARCSYM
 70
     0
  9
$DIMLTYPE
  6

  9
$DIMLTEX1
  6

  9
$DIMLTEX2
  6

  9
$DIMTXTDIRECTION
 70
     0
  9
$LUNITS
 70
     2
  9
$LUPREC
 70
     4
  9
$SKETCHINC
 40
0.1
  9
$FILLETRAD
 40
0.5
  9
$AUNITS
 70
     0
  9
$AUPREC
 70
     0
  9
$MENU
  1
.
  9
$ELEVATION
 40
0.0
  9
$PELEVATION
 40
0.0
  9
$THICKNESS
 40
0.0
  9
$LIMCHECK
 70
     0
  9
$CHAMFERA
 40
0.0
  9
$CHAMFERB
 40
0.0
  9
$CHAMFERC
 40
0.0
  9
$CHAMFERD
 40
0.0
  9
$SKPOLY
 70
     0
  9
$TDCREATE
 40
2459387.648879017
  9
$TDUCREATE
 40
2459387.773879017
  9
$TDUPDATE
 40
2461222.551988646
  9
$TDUUPDATE
 40
2461222.676988646
  9
$TDINDWG
 40
0.0000000116
  9
$TDUSRTIMER
 40
0.0000000116
  9
$USRTIMER
 70
     1
  9
$ANGBASE
 50
0.0
  9
$ANGDIR
 70
     0
  9
$PDMODE
 70
     0
  9
$PDSIZE
 40
0.0
  9
$PLINEWID
 40
0.0
  9
$SPLFRAME
 70
     0
  9
$SPLINETYPE
 70
     6
  9
$SPLINESEGS
 70
     8
  9
$HANDSEED
  5
501
  9
$SURFTAB1
 70
     6
  9
$SURFTAB2
 70
     6
  9
$SURFTYPE
 70
     6
  9
$SURFU
 70
     6
  9
$SURFV
 70
     6
  9
$UCSBASE
  2

  9
$UCSNAME
  2

  9
$UCSORG
 10
0.0
 20
0.0
 30
0.0
  9
$UCSXDIR
 10
1.0
 20
0.0
 30
0.0
  9
$UCSYDIR
 10
0.0
 20
1.0
 30
0.0
  9
$UCSORTHOREF
  2

  9
$UCSORTHOVIEW
 70
     0
  9
$UCSORGTOP
 10
0.0
 20
0.0
 30
0.0
  9
$UCSORGBOTTOM
 10
0.0
 20
0.0
 30
0.0
  9
$UCSORGLEFT
 10
0.0
 20
0.0
 30
0.0
  9
$UCSORGRIGHT
 10
0.0
 20
0.0
 30
0.0
  9
$UCSORGFRONT
 10
0.0
 20
0.0
 30
0.0
  9
$UCSORGBACK
 10
0.0
 20
0.0
 30
0.0
  9
$PUCSBASE
  2

  9
$PUCSNAME
  2

  9
$PUCSORG
 10
0.0
 20
0.0
 30
0.0
  9
$PUCSXDIR
 10
1.0
 20
0.0
 30
0.0
  9
$PUCSYDIR
 10
0.0
 20
1.0
 30
0.0
  9
$PUCSORTHOREF
  2

  9
$PUCSORTHOVIEW
 70
     0
  9
$PUCSORGTOP
 10
0.0
 20
0.0
 30
0.0
  9
$PUCSORGBOTTOM
 10
0.0
 20
0.0
 30
0.0
  9
$PUCSORGLEFT
 10
0.0
 20
0.0
 30
0.0
  9
$PUCSORGRIGHT
 10
0.0
 20
0.0
 30
0.0
  9
$PUCSORGFRONT
 10
0.0
 20
0.0
 30
0.0
  9
$PUCSORGBACK
 10
0.0
 20
0.0
 30
0.0
  9
$USERI1
 70
     0
  9
$USERI2
 70
     0
  9
$USERI3
 70
     0
  9
$USERI4
 70
     0
  9
$USERI5
 70
     0
  9
$USERR1
 40
0.0
  9
$USERR2
 40
0.0
  9
$USERR3
 40
0.0
  9
$USERR4
 40
0.0
  9
$USERR5
 40
0.0
  9
$WORLDVIEW
 70
     1
  9
$SHADEDGE
 70
     3
  9
$SHADEDIF
 70
    70
  9
$TILEMODE
 70
     1
  9
$MAXACTVP
 70
    64
  9
$PINSBASE
 10
0.0
 20
0.0
 30
0.0
  9
$PLIMCHECK
 70
     0
  9
$PEXTMIN
 10
1.000000000000000E+20
 20
1.000000000000000E+20
 30
1.000000000000000E+20
  9
$PEXTMAX
 10
-1.000000000000000E+20
 20
-1.000000000000000E+20
 30
-1.000000000000000E+20
  9
$PLIMMIN
 10
0.0
 20
0.0
  9
$PLIMMAX
 10
12.0
 20
9.0
  9
$UNITMODE
 70
     0
  9
$VISRETAIN
 70
     1
  9
$PLINEGEN
 70
     0
  9
$PSLTSCALE
 70
     1
  9
$TREEDEPTH
 70
  3020
  9
$CMLSTYLE
  2
Standard
  9
$CMLJUST
 70
     0
  9
$CMLSCALE
 40
1.0
  9
$PROXYGRAPHICS
 70
     1
  9
$MEASUREMENT
 70
     0
  9
$CELWEIGHT
370
    -1
  9
$ENDCAPS
280
     0
  9
$JOINSTYLE
280
     0
  9
$LWDISPLAY
290
     0
  9
$INSUNITS
 70
     5
  9
$HYPERLINKBASE
  1

  9
$STYLESHEET
  1

  9
$XEDIT
290
     1
  9
$CEPSNTYPE
380
     0
  9
$PSTYLEMODE
290
     1
  9
$FINGERPRINTGUID
  2
{D78DBFF9-8086-4A6B-B0CC-E8AB7D909A12}
  9
$VERSIONGUID
  2
{FAEB1C32-E019-11D5-929B-00C0DF256EC4}
  9
$EXTNAMES
290
     1
  9
$PSVPSCALE
 40
0.0
  9
$OLESTARTUP
290
     0
  9
$SORTENTS
280
   127
  9
$INDEXCTL
280
     0
  9
$HIDETEXT
280
     1
  9
$XCLIPFRAME
280
     2
  9
$HALOGAP
280
     0
  9
$OBSCOLOR
 70
   257
  9
$OBSLTYPE
280
     0
  9
$INTERSECTIONDISPLAY
280
     0
  9
$INTERSECTIONCOLOR
 70
   257
  9
$DIMASSOC
280
     2
  9
$PROJECTNAME
  1

  9
$CAMERADISPLAY
290
     0
  9
$LENSLENGTH
 40
50.0
  9
$CAMERAHEIGHT
 40
0.0
  9
$STEPSPERSEC
 40
2.0
  9
$STEPSIZE
 40
6.0
  9
$3DDWFPREC
 40
2.0
  9
$PSOLWIDTH
 40
0.25
  9
$PSOLHEIGHT
 40
4.0
  9
$LOFTANG1
 40
1.570796326794897
  9
$LOFTANG2
 40
1.570796326794897
  9
$LOFTMAG1
 40
0.0
  9
$LOFTMAG2
 40
0.0
  9
$LOFTPARAM
 70
     7
  9
$LOFTNORMALS
280
     1
  9
$LATITUDE
 40
37.795
  9
$LONGITUDE
 40
-122.394
  9
$NORTHDIRECTION
 40
0.0
  9
$TIMEZONE
 70
 -8000
  9
$LIGHTGLYPHDISPLAY
280
     1
  9
$TILEMODELIGHTSYNCH
280
     1
  9
$CMATERIAL
347
44
  9
$SOLIDHIST
280
     0
  9
$SHOWHIST
280
     1
  9
$DWFFRAME
280
     2
  9
$DGNFRAME
280
     2
  9
$REALWORLDSCALE
290
     1
  9
$INTERFERECOLOR
 62
   256
  9
$CSHADOW
280
     0
  9
$SHADOWPLANELOCATION
 40
0.0
  0
ENDSEC
  0
SECTION
  2
CLASSES
  0
CLASS
  1
ACDBDICTIONARYWDFLT
  2
AcDbDictionaryWithDefault
  3
ObjectDBX Classes
 90
        0
 91
        3
280
     0
281
     0
  0
CLASS
  1
VISUALSTYLE
  2
AcDbVisualStyle
  3
ObjectDBX Classes
 90
     4095
 91
        3
280
     0
281
     0
  0
CLASS
  1
MATERIAL
  2
AcDbMaterial
  3
ObjectDBX Classes
 90
     1153
 91
        3
280
     0
281
     0
  0
CLASS
  1
SCALE
  2
AcDbScale
  3
ObjectDBX Classes
 90
     1153
 91
        3
280
     0
281
     0
  0
CLASS
  1
TABLESTYLE
  2
AcDbTableStyle
  3
ObjectDBX Classes
 90
     4095
 91
        3
280
     0
281
     0
  0
CLASS
  1
MLEADERSTYLE
  2
AcDbMLeaderStyle
  3
ACDB_MLEADERSTYLE_CLASS
 90
     4095
 91
        3
280
     0
281
     0
  0
CLASS
  1
SUN
  2
AcDbSun
  3
SCENEOE
 90
     1153
 91
        3
280
     0
281
     0
  0
CLASS
  1
DICTIONARYVAR
  2
AcDbDictionaryVar
  3
ObjectDBX Classes
 90
        0
 91
        3
280
     0
281
     0
  0
CLASS
  1
CELLSTYLEMAP
  2
AcDbCellStyleMap
  3
ObjectDBX Classes
 90
     1152
 91
        3
280
     0
281
     0
  0
CLASS
  1
ACDBDETAILVIEWSTYLE
  2
AcDbDetailViewStyle
  3
ObjectDBX Classes
 90
     1025
 91
        3
280
     0
281
     0
  0
CLASS
  1
ACDBSECTIONVIEWSTYLE
  2
AcDbSectionViewStyle
  3
ObjectDBX Classes
 90
     1025
 91
        3
280
     0
281
     0
  0
ENDSEC
  0
SECTION
  2
TABLES
  0
TABLE
  2
VPORT
  5
8
330
0
100
AcDbSymbolTable
 70
     1
  0
VPORT
  5
29
330
8
100
AcDbSymbolTableRecord
100
AcDbViewportTableRecord
  2
*Active
 70
     0
 10
0.0
 20
0.0
 11
1.0
 21
1.0
 12
10.42990654205607
 22
4.5
 13
0.0
 23
0.0
 14
0.5
 24
0.5
 15
0.5
 25
0.5
 16
0.0
 26
0.0
 36
1.0
 17
0.0
 27
0.0
 37
0.0
 40
9.0
 41
1.972972972850329
 42
50.0
 43
0.0
 44
0.0
 50
0.0
 51
0.0
 71
     0
 72
   100
 73
     1
 74
     3
 75
     0
 76
     0
 77
     0
 78
     0
281
     0
 65
     1
110
0.0
120
0.0
130
0.0
111
1.0
121
0.0
131
0.0
112
0.0
122
1.0
132
0.0
 79
     0
146
0.0
348
2F
 60
     3
 61
     5
292
     1
282
     1
141
0.0
142
0.0
 63
   250
361
6D
  0
ENDTAB
  0
TABLE
  2
LTYPE
  5
5
330
0
100
AcDbSymbolTable
 70
     1
  0
LTYPE
  5
14
330
5
100
AcDbSymbolTableRecord
100
AcDbLinetypeTableRecord
  2
ByBlock
 70
     0
  3

 72
    65
 73
     0
 40
0.0
  0
LTYPE
  5
15
330
5
100
AcDbSymbolTableRecord
100
AcDbLinetypeTableRecord
  2
ByLayer
 70
     0
  3

 72
    65
 73
     0
 40
0.0
  0
LTYPE
  5
16
330
5
100
AcDbSymbolTableRecord
100
AcDbLinetypeTableRecord
  2
Continuous
 70
     0
  3
Solid line
 72
    65
 73
     0
 40
0.0
  0
ENDTAB
  0
TABLE
  2
LAYER
  5
2
330
0
100
AcDbSymbolTable
 70
     2
  0
LAYER
  5
10
330
2
100
AcDbSymbolTableRecord
100
AcDbLayerTableRecord
  2
0
 70
     0
 62
     7
  6
Continuous
370
    -3
390
F
347
46
348
0
  0
LAYER
  5
6F
330
2
100
AcDbSymbolTableRecord
100
AcDbLayerTableRecord
  2
Layer 1
 70
     0
 62
     7
  6
Continuous
370
    -3
390
F
347
46
348
0
  0
ENDTAB
  0
TABLE
  2
STYLE
  5
3
330
0
100
AcDbSymbolTable
 70
     1
  0
STYLE
  5
11
330
3
100
AcDbSymbolTableRecord
100
AcDbTextStyleTableRecord
  2
Standard
 70
     0
 40
0.0
 41
1.0
 50
0.0
 71
     0
 42
0.2
  3
txt
  4

  0
ENDTAB
  0
TABLE
  2
VIEW
  5
6
330
0
100
AcDbSymbolTable
 70
     0
  0
ENDTAB
  0
TABLE
  2
UCS
  5
7
330
0
100
AcDbSymbolTable
 70
     0
  0
ENDTAB
  0
TABLE
  2
APPID
  5
9
330
0
100
AcDbSymbolTable
 70
     3
  0
APPID
  5
12
330
9
100
AcDbSymbolTableRecord
100
AcDbRegAppTableRecord
  2
ACAD
 70
     0
  0
APPID
  5
6E
330
9
100
AcDbSymbolTableRecord
100
AcDbRegAppTableRecord
  2
ODA
 70
     0
  0
APPID
  5
4F2
330
9
100
AcDbSymbolTableRecord
100
AcDbRegAppTableRecord
  2
ACAD_MLEADERVER
 70
     0
  0
ENDTAB
  0
TABLE
  2
DIMSTYLE
  5
A
330
0
100
AcDbSymbolTable
 70
     1
100
AcDbDimStyleTable
  0
DIMSTYLE
105
27
330
A
100
AcDbSymbolTableRecord
100
AcDbDimStyleTableRecord
  2
Standard
 70
     0
178
     0
340
11
  0
ENDTAB
  0
TABLE
  2
BLOCK_RECORD
  5
1
330
0
100
AcDbSymbolTable
 70
     1
  0
BLOCK_RECORD
  5
1F
330
1
100
AcDbSymbolTableRecord
100
AcDbBlockTableRecord
  2
*Model_Space
340
22
 70
     0
280
     1
281
     0
  0
BLOCK_RECORD
  5
1B
330
1
100
AcDbSymbolTableRecord
100
AcDbBlockTableRecord
  2
*Paper_Space
340
1E
 70
     0
280
     1
281
     0
  0
BLOCK_RECORD
  5
23
330
1
100
AcDbSymbolTableRecord
100
AcDbBlockTableRecord
  2
*Paper_Space0
340
26
 70
     0
280
     1
281
     0
  0
ENDTAB
  0
ENDSEC
  0
SECTION
  2
BLOCKS
  0
BLOCK
  5
20
330
1F
100
AcDbEntity
  8
0
100
AcDbBlockBegin
  2
*Model_Space
 70
     0
 10
0.0
 20
0.0
 30
0.0
  3
*Model_Space
  1

  0
ENDBLK
  5
21
330
1F
100
AcDbEntity
  8
0
100
AcDbBlockEnd
  0
BLOCK
  5
1C
330
1B
100
AcDbEntity
 67
     1
  8
0
100
AcDbBlockBegin
  2
*Paper_Space
 70
     0
 10
0.0
 20
0.0
 30
0.0
  3
*Paper_Space
  1

  0
ENDBLK
  5
1D
330
1B
100
AcDbEntity
 67
     1
  8
0
100
AcDbBlockEnd
  0
BLOCK
  5
24
330
23
100
AcDbEntity
  8
0
100
AcDbBlockBegin
  2
*Paper_Space0
 70
     0
 10
0.0
 20
0.0
 30
0.0
  3
*Paper_Space0
  1

  0
ENDBLK
  5
25
330
23
100
AcDbEntity
  8
0
100
AcDbBlockEnd
  0
ENDSEC
  0
SECTION
  2
ENTITIES
  0
SPLINE
  5
70
330
1F
100
AcDbEntity
  8
Layer 1
370
    25
100
AcDbSpline
210
0.0
220
0.0
230
1.0
 70
    24
 71
     3
 72
     8
 73
     4
 74
     0
 42
0.000000001
 43
0.0000000001
 40
0.0
 40
0.0
 40
0.0
 40
0.0
 40
1.0
 40
1.0
 40
1.0
 40
1.0
 10
2.48812
 20
-3.64067
 30
0.0
 10
2.48812
 20
-3.64067
 30
0.0
 10
2.50929
 20
-3.6442
 30
0.0
 10
2.50929
 20
-3.6442
 30
0.0
  0
SPLINE
  5
73
330
1F
100
AcDbEntity
  8
Layer 1
370
    25
100
AcDbSpline
210
0.0
220
0.0
230
1.0
 70
    24
 71
     3
 72
    36
 73
    32
 74
     0
 42
0.000000001
 43
0.0000000001
 40
0.0
 40
0.0
 40
0.0
 40
0.0
 40
0.1111111111111111
 40
0.1111111111111111
 40
0.1111111111111111
 40
0.1111111211111111
 40
0.2222222222222222
 40
0.2222222222222222
 40
0.2222222222222222
 40
0.2222222322222222
 40
0.3333333333333333
 40
0.3333333333333333
 40
0.3333333333333333
 40
0.3333333433333333
 40
0.4444444444444444
 40
0.4444444444444444
 40
0.4444444444444444
 40
0.4444444544444444
 40
0.5555555555555556
 40
0.5555555555555556
 40
0.5555555555555556
 40
0.5555555655555556
 40
0.6666666666666666
 40
0.6666666666666666
 40
0.6666666666666666
 40
0.6666666766666667
 40
0.7777777777777778
 40
0.7777777777777778
 40
0.7777777777777778
 40
0.7777777877777778
 40
1.0
 40
1.0
 40
1.0
 40
1.0
 10
3.40887
 20
7.70466
 30
0.0
 10
3.40887
 20
7.70466
 30
0.0
 10
3.40887
 20
7.76463
 30
0.0
 10
3.40887
 20
7.76463
 30
0.0
 10
3.40887
 20
7.76463
 30
0.0
 10
3.40887
 20
7.76463
 30
0.0
 10
3.40887
 20
7.82108
 30
0.0
 10
3.40887
 20
7.82108
 30
0.0
 10
3.40887
 20
7.82108
 30
0.0
 10
3.40887
 20
7.82108
 30
0.0
 10
3.40887
 20
7.87047
 30
0.0
 10
3.40887
 20
7.87047
 30
0.0
 10
3.40887
 20
7.87047
 30
0.0
 10
3.40887
 20
7.87047
 30
0.0
 10
3.40887
 20
7.91633
 30
0.0
 10
3.40887
 20
7.91633
 30
0.0
 10
3.40887
 20
7.91633
 30
0.0
 10
3.40887
 20
7.91633
 30
0.0
 10
3.40887
 20
7.95513
 30
0.0
 10
3.40887
 20
7.95513
 30
0.0
 10
3.40887
 20
7.95513
 30
0.0
 10
3.40887
 20
7.95513
 30
0.0
 10
3.40887
 20
7.98336
 30
0.0
 10
3.40887
 20
7.98336
 30
0.0
 10
3.40887
 20
7.98336
 30
0.0
 10
3.40887
 20
7.98336
 30
0.0
 10
3.40887
 20
7.99747
 30
0.0
 10
3.40887
 20
7.99747
 30
0.0
 10
3.40887
 20
7.99747
 30
0.0
 10
3.40887
 20
7.99747
 30
0.0
 10
3.40887
 20
8.00452
 30
0.0
 10
3.40887
 20
8.00452
 30
0.0
  0
SPLINE
  5
74
330
1F
100
AcDbEntity
  8
Layer 1
370
    25
100
AcDbSpline
210
0.0
220
0.0
230
1.0
 70
    24
 71
     3
 72
     8
 73
     4
 74
     0
 42
0.000000001
 43
0.0000000001
 40
0.0
 40
0.0
 40
0.0
 40
0.0
 40
1.0
 40
1.0
 40
1.0
 40
1.0
 10
2.53045
 20
7.70466
 30
0.0
 10
2.53045
 20
7.70466
 30
0.0
 10
3.40887
 20
7.70466
 30
0.0
 10
3.40887
 20
7.70466
 30
0.0
  0
SPLINE
  5
75
330
1F
100
AcDbEntity
  8
Layer 1
370
    25
100
AcDbSpline
210
0.0
220
0.0
230
1.0
 70
    24
 71
     3
 72
    36
 73
    32
 74
     0
 42
0.000000001
 43
0.0000000001
 40
0.0
 40
0.0
 40
0.0
 40
0.0
 40
0.1111111111111111
 40
0.1111111111111111
 40
0.1111111111111111
 40
0.1111111211111111
 40
0.2222222222222222
 40
0.2222222222222222
 40
0.2222222222222222
 40
0.2222222322222222
 40
0.3333333333333333
 40
0.3333333333333333
 40
0.3333333333333333
 40
0.3333333433333333
 40
0.4444444444444444
 40
0.4444444444444444
 40
0.4444444444444444
 40
0.4444444544444444
 40
0.5555555555555556
 40
0.5555555555555556
 40
0.5555555555555556
 40
0.5555555655555556
 40
0.6666666666666666
 40
0.6666666666666666
 40
0.6666666666666666
 40
0.6666666766666667
 40
0.7777777777777778
 40
0.7777777777777778
 40
0.7777777777777778
 40
0.7777777877777778
 40
1.0
 40
1.0
 40
1.0
 40
1.0
 10
2.53045
 20
7.99041
 30
0.0
 10
2.53045
 20
7.99041
 30
0.0
 10
2.53045
 20
7.98336
 30
0.0
 10
2.53045
 20
7.98336
 30
0.0
 10
2.53045
 20
7.98336
 30
0.0
 10
2.53045
 20
7.98336
 30
0.0
 10
2.53045
 20
7.96925
 30
0.0
 10
2.53045
 20
7.96925
 30
0.0
 10
2.53045
 20
7.96925
 30
0.0
 10
2.53045
 20
7.96925
 30
0.0
 10
2.53045
 20
7.94102
 30
0.0
 10
2.53045
 20
7.94102
 30
0.0
 10
2.53045
 20
7.94102
 30
0.0
 10
2.53045
 20
7.94102
 30
0.0
 10
2.53045
 20
7.90575
 30
0.0
 10
2.53045
 20
7.90575
 30
0.0
 10
2.53045
 20
7.90575
 30
0.0
 10
2.53045
 20
7.90575
 30
0.0
 10
2.53045
 20
7.86341
 30
0.0
 10
2.53045
 20
7.86341
 30
0.0
 10
2.53045
 20
7.86341
 30
0.0
 10
2.53045
 20
7.86341
 30
0.0
 10
2.53045
 20
7.81402
 30
0.0
 10
2.53045
 20
7.81402
 30
0.0
 10
2.53045
 20
7.81402
 30
0.0
 10
2.53045
 20
7.81402
 30
0.0
 10
2.53045
 20
7.76111
 30
0.0
 10
2.53045
 20
7.76111
 30
0.0
 10
2.53045
 20
7.76111
 30
0.0
 10
2.53045
 20
7.76111
 30
0.0
 10
2.53045
 20
7.70466
 30
0.0
 10
2.53045
 20
7.70466
 30
0.0
  0
SPLINE
  5
76
330
1F
100
AcDbEntity
  8
Layer 1
370
    25
100
AcDbSpline
210
0.0
220
0.0
230
1.0
 70
    24
 71
     3
 72
     8
 73
     4
 74
     0
 42
0.000000001
 43
0.0000000001
 40
0.0
 40
0.0
 40
0.0
 40
0.0
 40
1.0
 40
1.0
 40
1.0
 40
1.0
 10
2.53045
 20
7.99041
 30
0.0
 10
2.53045
 20
7.99041
 30
0.0
 10
3.40887
 20
8.00452
 30
0.0
 10
3.40887
 20
8.00452
 30
0.0
  0
SPLINE
  5
77
330
1F
100
AcDbEntity
  8
Layer 1
370
    25
100
AcDbSpline
210
0.0
220
0.0
230
1.0
 70
    24
 71
     3
 72
    36
 73
    32
 74
     0
 42
0.000000001
 43
0.0000000001
 40
0.0
 40
0.0
 40
0.0
 40
0.0
 40
0.1111111111111111
 40
0.1111111111111111
 40
0.1111111111111111
 40
0.1111111211111111
 40
0.2222222222222222
 40
0.2222222222222222
 40
0.2222222222222222
 40
0.2222222322222222
 40
0.3333333333333333
 40
0.3333333333333333
 40
0.3333333333333333
 40
0.3333333433333333
 40
0.4444444444444444
 40
0.4444444444444444
 40
0.4444444444444444
 40
0.4444444544444444
 40
0.5555555555555556
 40
0.5555555555555556
 40
0.5555555555555556
 40
0.5555555655555556
 40
0.6666666666666666
 40
0.6666666666666666
 40
0.6666666666666666
 40
0.6666666766666667
 40
0.7777777777777778
 40
0.7777777777777778
 40
0.7777777777777778
 40
0.7777777877777778
 40
1.0
 40
1.0
 40
1.0
 40
1.0
 10
3.40887
 20
-4.23687
 30
0.0
 10
3.40887
 20
-4.23687
 30
0.0
 10
3.40887
 20
-4.22981
 30
0.0
 10
3.40887
 20
-4.22981
 30
0.0
 10
3.40887
 20
-4.22981
 30
0.0
 10
3.40887
 20
-4.22981
 30
0.0
 10
3.40887
 20
-4.21217
 30
0.0
 10
3.40887
 20
-4.21217
 30
0.0
 10
3.40887
 20
-4.21217
 30
0.0
 10
3.40887
 20
-4.21217
 30
0.0
 10
3.40887
 20
-4.18395
 30
0.0
 10
3.40887
 20
-4.18395
 30
0.0
 10
3.40887
 20
-4.18395
 30
0.0
 10
3.40887
 20
-4.18395
 30
0.0
 10
3.40887
 20
-4.14867
 30
0.0
 10
3.40887
 20
-4.14867
 30
0.0
 10
3.40887
 20
-4.14867
 30
0.0
 10
3.40887
 20
-4.14867
 30
0.0
 10
3.40887
 20
-4.10281
 30
0.0
 10
3.40887
 20
-4.10281
 30
0.0
 10
3.40887
 20
-4.10281
 30
0.0
 10
3.40887
 20
-4.10281
 30
0.0
 10
3.40887
 20
-4.04989
 30
0.0
 10
3.40887
 20
-4.04989
 30
0.0
 10
3.40887
 20
-4.04989
 30
0.0
 10
3.40887
 20
-4.04989
 30
0.0
 10
3.40887
 20
-3.99345
 30
0.0
 10
3.40887
 20
-3.99345
 30
0.0
 10
3.40887
 20
-3.99345
 30
0.0
 10
3.40887
 20
-3.99345
 30
0.0
 10
3.40887
 20
-3.937
 30
0.0
 10
3.40887
 20
-3.937
 30
0.0
  0
SPLINE
  5
78
330
1F
100
AcDbEntity
  8
Layer 1
370
    25
100
AcDbSpline
210
0.0
220
0.0
230
1.0
 70
    24
 71
     3
 72
     8
 73
     4
 74
     0
 42
0.000000001
 43
0.0000000001
 40
0.0
 40
0.0
 40
0.0
 40
0.0
 40
1.0
 40
1.0
 40
1.0
 40
1.0
 10
2.53045
 20
-4.21923
 30
0.0
 10
2.53045
 20
-4.21923
 30
0.0
 10
3.40887
 20
-4.23687
 30
0.0
 10
3.40887
 20
-4.23687
 30
0.0
  0
SPLINE
  5
79
330
1F
100
AcDbEntity
  8
Layer 1
370
    25
100
AcDbSpline
210
0.0
220
0.0
230
1.0
 70
    24
 71
     3
 72
    36
 73
    32
 74
     0
 42
0.000000001
 43
0.0000000001
 40
0.0
 40
0.0
 40
0.0
 40
0.0
 40
0.1111111111111111
 40
0.1111111111111111
 40
0.1111111111111111
 40
0.1111111211111111
 40
0.2222222222222222
 40
0.2222222222222222
 40
0.2222222222222222
 40
0.2222222322222222
 40
0.3333333333333333
 40
0.3333333333333333
 40
0.3333333333333333
 40
0.3333333433333333
 40
0.4444444444444444
 40
0.4444444444444444
 40
0.4444444444444444
 40
0.4444444544444444
 40
0.5555555555555556
 40
0.5555555555555556
 40
0.5555555555555556
 40
0.5555555655555556
 40
0.6666666666666666
 40
0.6666666666666666
 40
0.6666666666666666
 40
0.6666666766666667
 40
0.7777777777777778
 40
0.7777777777777778
 40
0.7777777777777778
 40
0.7777777877777778
 40
1.0
 40
1.0
 40
1.0
 40
1.0
 10
2.53045
 20
-3.937
 30
0.0
 10
2.53045
 20
-3.937
 30
0.0
 10
2.53045
 20
-3.98992
 30
0.0
 10
2.53045
 20
-3.98992
 30
0.0
 10
2.53045
 20
-3.98992
 30
0.0
 10
2.53045
 20
-3.98992
 30
0.0
 10
2.53045
 20
-4.04284
 30
0.0
 10
2.53045
 20
-4.04284
 30
0.0
 10
2.53045
 20
-4.04284
 30
0.0
 10
2.53045
 20
-4.04284
 30
0.0
 10
2.53045
 20
-4.09223
 30
0.0
 10
2.53045
 20
-4.09223
 30
0.0
 10
2.53045
 20
-4.09223
 30
0.0
 10
2.53045
 20
-4.09223
 30
0.0
 10
2.53045
 20
-4.13809
 30
0.0
 10
2.53045
 20
-4.13809
 30
0.0
 10
2.53045
 20
-4.13809
 30
0.0
 10
2.53045
 20
-4.13809
 30
0.0
 10
2.53045
 20
-4.17337
 30
0.0
 10
2.53045
 20
-4.17337
 30
0.0
 10
2.53045
 20
-4.17337
 30
0.0
 10
2.53045
 20
-4.17337
 30
0.0
 10
2.53045
 20
-4.19806
 30
0.0
 10
2.53045
 20
-4.19806
 30
0.0
 10
2.53045
 20
-4.19806
 30
0.0
 10
2.53045
 20
-4.19806
 30
0.0
 10
2.53045
 20
-4.2157
 30
0.0
 10
2.53045
 20
-4.2157
 30
0.0
 10
2.53045
 20
-4.2157
 30
0.0
 10
2.53045
 20
-4.2157
 30
0.0
 10
2.53045
 20
-4.21923
 30
0.0
 10
2.53045
 20
-4.21923
 30
0.0
  0
SPLINE
  5
7A
330
1F
100
AcDbEntity
  8
Layer 1
370
    25
100
AcDbSpline
210
0.0
220
0.0
230
1.0
 70
    24
 71
     3
 72
     8
 73
     4
 74
     0
 42
0.000000001
 43
0.0000000001
 40
0.0
 40
0.0
 40
0.0
 40
0.0
 40
1.0
 40
1.0
 40
1.0
 40
1.0
 10
2.53045
 20
-3.937
 30
0.0
 10
2.53045
 20
-3.937
 30
0.0
 10
3.40887
 20
-3.937
 30
0.0
 10
3.40887
 20
-3.937
 30
0.0
  0
SPLINE
  5
7B
330
1F
100
AcDbEntity
  8
Layer 1
370
    25
100
AcDbSpline
210
0.0
220
0.0
230
1.0
 70
    24
 71
     3
 72
     8
 73
     4
 74
     0
 42
0.000000001
 43
0.0000000001
 40
0.0
 40
0.0
 40
0.0
 40
0.0
 40
1.0
 40
1.0
 40
1.0
 40
1.0
 10
2.53045
 20
7.70466
 30
0.0
 10
2.53045
 20
7.70466
 30
0.0
 10
2.53045
 20
-3.937
 30
0.0
 10
2.53045
 20
-3.937
 30
0.0
  0
SPLINE
  5
7C
330
1F
100
AcDbEntity
  8
Layer 1
370
    25
100
AcDbSpline
210
0.0
220
0.0
230
1.0
 70
    24
 71
     3
 72
     8
 73
     4
 74
     0
 42
0.000000001
 43
0.0000000001
 40
0.0
 40
0.0
 40
0.0
 40
0.0
 40
1.0
 40
1.0
 40
1.0
 40
1.0
 10
3.40887
 20
-3.937
 30
0.0
 10
3.40887
 20
-3.937
 30
0.0
 10
3.40887
 20
7.70466
 30
0.0
 10
3.40887
 20
7.70466
 30
0.0
  0
SPLINE
  5
7D
330
1F
100
AcDbEntity
  8
Layer 1
370
    25
100
AcDbSpline
210
0.0
220
0.0
230
1.0
 70
    24
 71
     3
 72
    28
 73
    24
 74
     0
 42
0.000000001
 43
0.0000000001
 40
0.0
 40
0.0
 40
0.0
 40
0.0
 40
0.1428571428571428
 40
0.1428571428571428
 40
0.1428571428571428
 40
0.1428571528571428
 40
0.2857142857142857
 40
0.2857142857142857
 40
0.2857142857142857
 40
0.2857142957142857
 40
0.4285714285714285
 40
0.4285714285714285
 40
0.4285714285714285
 40
0.4285714385714285
 40
0.5714285714285714
 40
0.5714285714285714
 40
0.5714285714285714
 40
0.5714285814285714
 40
0.7142857142857143
 40
0.7142857142857143
 40
0.7142857142857143
 40
0.7142857242857144
 40
1.0
 40
1.0
 40
1.0
 40
1.0
 10
2.53045
 20
7.70466
 30
0.0
 10
2.53045
 20
7.70466
 30
0.0
 10
2.52693
 20
7.70466
 30
0.0
 10
2.52693
 20
7.70466
 30
0.0
 10
2.52693
 20
7.70466
 30
0.0
 10
2.52693
 20
7.70466
 30
0.0
 10
2.5234
 20
7.70466
 30
0.0
 10
2.5234
 20
7.70466
 30
0.0
 10
2.5234
 20
7.70466
 30
0.0
 10
2.5234
 20
7.70466
 30
0.0
 10
2.51987
 20
7.70466
 30
0.0
 10
2.51987
 20
7.70466
 30
0.0
 10
2.51987
 20
7.70466
 30
0.0
 10
2.51987
 20
7.70466
 30
0.0
 10
2.51634
 20
7.70466
 30
0.0
 10
2.51634
 20
7.70466
 30
0.0
 10
2.51634
 20
7.70466
 30
0.0
 10
2.51634
 20
7.70466
 30
0.0
 10
2.51281
 20
7.70466
 30
0.0
 10
2.51281
 20
7.70466
 30
0.0
 10
2.51281
 20
7.70466
 30
0.0
 10
2.51281
 20
7.70466
 30
0.0
 10
2.50929
 20
7.70466
 30
0.0
 10
2.50929
 20
7.70466
 30
0.0
  0
SPLINE
  5
7E
330
1F
100
AcDbEntity
  8
Layer 1
370
    25
100
AcDbSpline
210
0.0
220
0.0
230
1.0
 70
    24
 71
     3
 72
    36
 73
    32
 74
     0
 42
0.000000001
 43
0.0000000001
 40
0.0
 40
0.0
 40
0.0
 40
0.0
 40
0.1111111111111111
 40
0.1111111111111111
 40
0.1111111111111111
 40
0.1111111211111111
 40
0.2222222222222222
 40
0.2222222222222222
 40
0.2222222222222222
 40
0.2222222322222222
 40
0.3333333333333333
 40
0.3333333333333333
 40
0.3333333333333333
 40
0.3333333433333333
 40
0.4444444444444444
 40
0.4444444444444444
 40
0.4444444444444444
 40
0.4444444544444444
 40
0.5555555555555556
 40
0.5555555555555556
 40
0.5555555555555556
 40
0.5555555655555556
 40
0.6666666666666666
 40
0.6666666666666666
 40
0.6666666666666666
 40
0.6666666766666667
 40
0.7777777777777778
 40
0.7777777777777778
 40
0.7777777777777778
 40
0.7777777877777778
 40
1.0
 40
1.0
 40
1.0
 40
1.0
 10
2.50929
 20
7.70466
 30
0.0
 10
2.50929
 20
7.70466
 30
0.0
 10
2.50929
 20
7.75758
 30
0.0
 10
2.50929
 20
7.75758
 30
0.0
 10
2.50929
 20
7.75758
 30
0.0
 10
2.50929
 20
7.75758
 30
0.0
 10
2.50929
 20
7.80697
 30
0.0
 10
2.50929
 20
7.80697
 30
0.0
 10
2.50929
 20
7.80697
 30
0.0
 10
2.50929
 20
7.80697
 30
0.0
 10
2.50929
 20
7.85283
 30
0.0
 10
2.50929
 20
7.85283
 30
0.0
 10
2.50929
 20
7.85283
 30
0.0
 10
2.50929
 20
7.85283
 30
0.0
 10
2.50929
 20
7.89163
 30
0.0
 10
2.50929
 20
7.89163
 30
0.0
 10
2.50929
 20
7.89163
 30
0.0
 10
2.50929
 20
7.89163
 30
0.0
 10
2.50929
 20
7.92338
 30
0.0
 10
2.50929
 20
7.92338
 30
0.0
 10
2.50929
 20
7.92338
 30
0.0
 10
2.50929
 20
7.92338
 30
0.0
 10
2.50929
 20
7.94808
 30
0.0
 10
2.50929
 20
7.94808
 30
0.0
 10
2.50929
 20
7.94808
 30
0.0
 10
2.50929
 20
7.94808
 30
0.0
 10
2.50929
 20
7.96572
 30
0.0
 10
2.50929
 20
7.96572
 30
0.0
 10
2.50929
 20
7.96572
 30
0.0
 10
2.50929
 20
7.96572
 30
0.0
 10
2.50929
 20
7.96925
 30
0.0
 10
2.50929
 20
7.96925
 30
0.0
  0
SPLINE
  5
7F
330
1F
100
AcDbEntity
  8
Layer 1
370
    25
100
AcDbSpline
210
0.0
220
0.0
230
1.0
 70
     8
 71
     3
 72
    36
 73
    32
 74
     0
 42
0.000000001
 43
0.0000000001
 40
0.0
 40
0.0
 40
0.0
 40
0.0
 40
0.1111111111111111
 40
0.1111111111111111
 40
0.1111111111111111
 40
0.1111111211111111
 40
0.2222222222222222
 40
0.2222222222222222
 40
0.2222222222222222
 40
0.2222222322222222
 40
0.3333333333333333
 40
0.3333333333333333
 40
0.3333333333333333
 40
0.3333333433333333
 40
0.4444444444444444
 40
0.4444444444444444
 40
0.4444444444444444
 40
0.4444444544444444
 40
0.5555555555555556
 40
0.5555555555555556
 40
0.5555555555555556
 40
0.5555555655555556
 40
0.6666666666666666
 40
0.6666666666666666
 40
0.6666666666666666
 40
0.6666666766666667
 40
0.7777777777777778
 40
0.7777777777777778
 40
0.7777777777777778
 40
0.7777777877777778
 40
1.0
 40
1.0
 40
1.0
 40
1.0
 10
2.53045
 20
7.99041
 30
0.0
 10
2.53045
 20
7.99041
 30
0.0
 10
2.52693
 20
7.99041
 30
0.0
 10
2.52693
 20
7.99041
 30
0.0
 10
2.52693
 20
7.99041
 30
0.0
 10
2.52693
 20
7.99041
 30
0.0
 10
2.5234
 20
7.98688
 30
0.0
 10
2.5234
 20
7.98688
 30
0.0
 10
2.5234
 20
7.98688
 30
0.0
 10
2.5234
 20
7.98688
 30
0.0
 10
2.51987
 20
7.98688
 30
0.0
 10
2.51987
 20
7.98688
 30
0.0
 10
2.51987
 20
7.98688
 30
0.0
 10
2.51987
 20
7.98688
 30
0.0
 10
2.51634
 20
7.98336
 30
0.0
 10
2.51634
 20
7.98336
 30
0.0
 10
2.51634
 20
7.98336
 30
0.0
 10
2.51634
 20
7.98336
 30
0.0
 10
2.51281
 20
7.97983
 30
0.0
 10
2.51281
 20
7.97983
 30
0.0
 10
2.51281
 20
7.97983
 30
0.0
 10
2.51281
 20
7.97983
 30
0.0
 10
2.51281
 20
7.9763
 30
0.0
 10
2.51281
 20
7.9763
 30
0.0
 10
2.51281
 20
7.9763
 30
0.0
 10
2.51281
 20
7.9763
 30
0.0
 10
2.50929
 20
7.97277
 30
0.0
 10
2.50929
 20
7.97277
 30
0.0
 10
2.50929
 20
7.97277
 30
0.0
 10
2.50929
 20
7.97277
 30
0.0
 10
2.50929
 20
7.96925
 30
0.0
 10
2.50929
 20
7.96925
 30
0.0
  0
SPLINE
  5
80
330
1F
100
AcDbEntity
  8
Layer 1
370
    25
100
AcDbSpline
210
0.0
220
0.0
230
1.0
 70
     8
 71
     3
 72
    36
 73
    32
 74
     0
 42
0.000000001
 43
0.0000000001
 40
0.0
 40
0.0
 40
0.0
 40
0.0
 40
0.1111111111111111
 40
0.1111111111111111
 40
0.1111111111111111
 40
0.1111111211111111
 40
0.2222222222222222
 40
0.2222222222222222
 40
0.2222222222222222
 40
0.2222222322222222
 40
0.3333333333333333
 40
0.3333333333333333
 40
0.3333333333333333
 40
0.3333333433333333
 40
0.4444444444444444
 40
0.4444444444444444
 40
0.4444444444444444
 40
0.4444444544444444
 40
0.5555555555555556
 40
0.5555555555555556
 40
0.5555555555555556
 40
0.5555555655555556
 40
0.6666666666666666
 40
0.6666666666666666
 40
0.6666666666666666
 40
0.6666666766666667
 40
0.7777777777777778
 40
0.7777777777777778
 40
0.7777777777777778
 40
0.7777777877777778
 40
1.0
 40
1.0
 40
1.0
 40
1.0
 10
2.53045
 20
-4.21923
 30
0.0
 10
2.53045
 20
-4.21923
 30
0.0
 10
2.52693
 20
-4.21923
 30
0.0
 10
2.52693
 20
-4.21923
 30
0.0
 10
2.52693
 20
-4.21923
 30
0.0
 10
2.52693
 20
-4.21923
 30
0.0
 10
2.5234
 20
-4.21923
 30
0.0
 10
2.5234
 20
-4.21923
 30
0.0
 10
2.5234
 20
-4.21923
 30
0.0
 10
2.5234
 20
-4.21923
 30
0.0
 10
2.51987
 20
-4.2157
 30
0.0
 10
2.51987
 20
-4.2157
 30
0.0
 10
2.51987
 20
-4.2157
 30
0.0
 10
2.51987
 20
-4.2157
 30
0.0
 10
2.51634
 20
-4.2157
 30
0.0
 10
2.51634
 20
-4.2157
 30
0.0
 10
2.51634
 20
-4.2157
 30
0.0
 10
2.51634
 20
-4.2157
 30
0.0
 10
2.51281
 20
-4.21217
 30
0.0
 10
2.51281
 20
-4.21217
 30
0.0
 10
2.51281
 20
-4.21217
 30
0.0
 10
2.51281
 20
-4.21217
 30
0.0
 10
2.51281
 20
-4.20864
 30
0.0
 10
2.51281
 20
-4.20864
 30
0.0
 10
2.51281
 20
-4.20864
 30
0.0
 10
2.51281
 20
-4.20864
 30
0.0
 10
2.50929
 20
-4.20512
 30
0.0
 10
2.50929
 20
-4.20512
 30
0.0
 10
2.50929
 20
-4.20512
 30
0.0
 10
2.50929
 20
-4.20512
 30
0.0
 10
2.50929
 20
-4.20159
 30
0.0
 10
2.50929
 20
-4.20159
 30
0.0
  0
SPLINE
  5
81
330
1F
100
AcDbEntity
  8
Layer 1
370
    25
100
AcDbSpline
210
0.0
220
0.0
230
1.0
 70
    24
 71
     3
 72
    36
 73
    32
 74
     0
 42
0.000000001
 43
0.0000000001
 40
0.0
 40
0.0
 40
0.0
 40
0.0
 40
0.1111111111111111
 40
0.1111111111111111
 40
0.1111111111111111
 40
0.1111111211111111
 40
0.2222222222222222
 40
0.2222222222222222
 40
0.2222222222222222
 40
0.2222222322222222
 40
0.3333333333333333
 40
0.3333333333333333
 40
0.3333333333333333
 40
0.3333333433333333
 40
0.4444444444444444
 40
0.4444444444444444
 40
0.4444444444444444
 40
0.4444444544444444
 40
0.5555555555555556
 40
0.5555555555555556
 40
0.5555555555555556
 40
0.5555555655555556
 40
0.6666666666666666
 40
0.6666666666666666
 40
0.6666666666666666
 40
0.6666666766666667
 40
0.7777777777777778
 40
0.7777777777777778
 40
0.7777777777777778
 40
0.7777777877777778
 40
1.0
 40
1.0
 40
1.0
 40
1.0
 10
2.50929
 20
-4.20159
 30
0.0
 10
2.50929
 20
-4.20159
 30
0.0
 10
2.50929
 20
-4.19453
 30
0.0
 10
2.50929
 20
-4.19453
 30
0.0
 10
2.50929
 20
-4.19453
 30
0.0
 10
2.50929
 20
-4.19453
 30
0.0
 10
2.50929
 20
-4.18042
 30
0.0
 10
2.50929
 20
-4.18042
 30
0.0
 10
2.50929
 20
-4.18042
 30
0.0
 10
2.50929
 20
-4.18042
 30
0.0
 10
2.50929
 20
-4.15573
 30
0.0
 10
2.50929
 20
-4.15573
 30
0.0
 10
2.50929
 20
-4.15573
 30
0.0
 10
2.50929
 20
-4.15573
 30
0.0
 10
2.50929
 20
-4.12398
 30
0.0
 10
2.50929
 20
-4.12398
 30
0.0
 10
2.50929
 20
-4.12398
 30
0.0
 10
2.50929
 20
-4.12398
 30
0.0
 10
2.50929
 20
-4.08164
 30
0.0
 10
2.50929
 20
-4.08164
 30
0.0
 10
2.50929
 20
-4.08164
 30
0.0
 10
2.50929
 20
-4.08164
 30
0.0
 10
2.50929
 20
-4.03578
 30
0.0
 10
2.50929
 20
-4.03578
 30
0.0
 10
2.50929
 20
-4.03578
 30
0.0
 10
2.50929
 20
-4.03578
 30
0.0
 10
2.50929
 20
-3.98639
 30
0.0
 10
2.50929
 20
-3.98639
 30
0.0
 10
2.50929
 20
-3.98639
 30
0.0
 10
2.50929
 20
-3.98639
 30
0.0
 10
2.50929
 20
-3.937
 30
0.0
 10
2.50929
 20
-3.937
 30
0.0
  0
SPLINE
  5
82
330
1F
100
AcDbEntity
  8
Layer 1
370
    25
100
AcDbSpline
210
0.0
220
0.0
230
1.0
 70
    24
 71
     3
 72
    28
 73
    24
 74
     0
 42
0.000000001
 43
0.0000000001
 40
0.0
 40
0.0
 40
0.0
 40
0.0
 40
0.1428571428571428
 40
0.1428571428571428
 40
0.1428571428571428
 40
0.1428571528571428
 40
0.2857142857142857
 40
0.2857142857142857
 40
0.2857142857142857
 40
0.2857142957142857
 40
0.4285714285714285
 40
0.4285714285714285
 40
0.4285714285714285
 40
0.4285714385714285
 40
0.5714285714285714
 40
0.5714285714285714
 40
0.5714285714285714
 40
0.5714285814285714
 40
0.7142857142857143
 40
0.7142857142857143
 40
0.7142857142857143
 40
0.7142857242857144
 40
1.0
 40
1.0
 40
1.0
 40
1.0
 10
2.53045
 20
-3.937
 30
0.0
 10
2.53045
 20
-3.937
 30
0.0
 10
2.52693
 20
-3.937
 30
0.0
 10
2.52693
 20
-3.937
 30
0.0
 10
2.52693
 20
-3.937
 30
0.0
 10
2.52693
 20
-3.937
 30
0.0
 10
2.5234
 20
-3.937
 30
0.0
 10
2.5234
 20
-3.937
 30
0.0
 10
2.5234
 20
-3.937
 30
0.0
 10
2.5234
 20
-3.937
 30
0.0
 10
2.51987
 20
-3.937
 30
0.0
 10
2.51987
 20
-3.937
 30
0.0
 10
2.51987
 20
-3.937
 30
0.0
 10
2.51987
 20
-3.937
 30
0.0
 10
2.51634
 20
-3.937
 30
0.0
 10
2.51634
 20
-3.937
 30
0.0
 10
2.51634
 20
-3.937
 30
0.0
 10
2.51634
 20
-3.937
 30
0.0
 10
2.51281
 20
-3.937
 30
0.0
 10
2.51281
 20
-3.937
 30
0.0
 10
2.51281
 20
-3.937
 30
0.0
 10
2.51281
 20
-3.937
 30
0.0
 10
2.50929
 20
-3.937
 30
0.0
 10
2.50929
 20
-3.937
 30
0.0
  0
SPLINE
  5
83
330
1F
100
AcDbEntity
  8
Layer 1
370
    25
100
AcDbSpline
210
0.0
220
0.0
230
1.0
 70
    24
 71
     3
 72
     8
 73
     4
 74
     0
 42
0.000000001
 43
0.0000000001
 40
0.0
 40
0.0
 40
0.0
 40
0.0
 40
1.0
 40
1.0
 40
1.0
 40
1.0
 10
2.50929
 20
-3.937
 30
0.0
 10
2.50929
 20
-3.937
 30
0.0
 10
2.50929
 20
7.70466
 30
0.0
 10
2.50929
 20
7.70466
 30
0.0
  0
SPLINE
  5
84
330
1F
100
AcDbEntity
  8
Layer 1
370
    25
100
AcDbSpline
210
0.0
220
0.0
230
1.0
 70
    24
 71
     3
 72
    24
 73
    20
 74
     0
 42
0.000000001
 43
0.0000000001
 40
0.0
 40
0.0
 40
0.0
 40
0.0
 40
0.1666666666666667
 40
0.1666666666666667
 40
0.1666666666666667
 40
0.1666666766666667
 40
0.3333333333333333
 40
0.3333333333333333
 40
0.3333333333333333
 40
0.3333333433333333
 40
0.5
 40
0.5
 40
0.5
 40
0.50000001
 40
0.6666666666666666
 40
0.6666666666666666
 40
0.6666666666666666
 40
0.6666666766666667
 40
1.0
 40
1.0
 40
1.0
 40
1.0
 10
2.48812
 20
-3.64067
 30
0.0
 10
2.48812
 20
-3.64067
 30
0.0
 10
2.48812
 20
-3.63714
 30
0.0
 10
2.48812
 20
-3.63714
 30
0.0
 10
2.48812
 20
-3.63714
 30
0.0
 10
2.48812
 20
-3.63714
 30
0.0
 10
2.48812
 20
-3.62656
 30
0.0
 10
2.48812
 20
-3.62656
 30
0.0
 10
2.48812
 20
-3.62656
 30
0.0
 10
2.48812
 20
-3.62656
 30
0.0
 10
2.48812
 20
-3.61245
 30
0.0
 10
2.48812
 20
-3.61245
 30
0.0
 10
2.48812
 20
-3.61245
 30
0.0
 10
2.48812
 20
-3.61245
 30
0.0
 10
2.48812
 20
-3.59128
 30
0.0
 10
2.48812
 20
-3.59128
 30
0.0
 10
2.48812
 20
-3.59128
 30
0.0
 10
2.48812
 20
-3.59128
 30
0.0
 10
2.48812
 20
-3.57364
 30
0.0
 10
2.48812
 20
-3.57364
 30
0.0
  0
SPLINE
  5
85
330
1F
100
AcDbEntity
  8
Layer 1
370
    25
100
AcDbSpline
210
0.0
220
0.0
230
1.0
 70
    24
 71
     3
 72
     8
 73
     4
 74
     0
 42
0.000000001
 43
0.0000000001
 40
0.0
 40
0.0
 40
0.0
 40
0.0
 40
1.0
 40
1.0
 40
1.0
 40
1.0
 10
2.48812
 20
-3.57364
 30
0.0
 10
2.48812
 20
-3.57364
 30
0.0
 10
2.50929
 20
-3.57364
 30
0.0
 10
2.50929
 20
-3.57364
 30
0.0
  0
SPLINE
  5
86
330
1F
100
AcDbEntity
  8
Layer 1
370
    25
100
AcDbSpline
210
0.0
220
0.0
230
1.0
 70
    24
 71
     3
 72
     8
 73
     4
 74
     0
 42
0.000000001
 43
0.0000000001
 40
0.0
 40
0.0
 40
0.0
 40
0.0
 40
1.0
 40
1.0
 40
1.0
 40
1.0
 10
2.48812
 20
-3.47134
 30
0.0
 10
2.48812
 20
-3.47134
 30
0.0
 10
2.50929
 20
-3.47134
 30
0.0
 10
2.50929
 20
-3.47134
 30
0.0
  0
SPLINE
  5
87
330
1F
100
AcDbEntity
  8
Layer 1
370
    25
100
AcDbSpline
210
0.0
220
0.0
230
1.0
 70
    24
 71
     3
 72
    24
 73
    20
 74
     0
 42
0.000000001
 43
0.0000000001
 40
0.0
 40
0.0
 40
0.0
 40
0.0
 40
0.1666666666666667
 40
0.1666666666666667
 40
0.1666666666666667
 40
0.1666666766666667
 40
0.3333333333333333
 40
0.3333333333333333
 40
0.3333333333333333
 40
0.3333333433333333
 40
0.5
 40
0.5
 40
0.5
 40
0.50000001
 40
0.6666666666666666
 40
0.6666666666666666
 40
0.6666666666666666
 40
0.6666666766666667
 40
1.0
 40
1.0
 40
1.0
 40
1.0
 10
2.48812
 20
-3.47134
 30
0.0
 10
2.48812
 20
-3.47134
 30
0.0
 10
2.48812
 20
-3.44664
 30
0.0
 10
2.48812
 20
-3.44664
 30
0.0
 10
2.48812
 20
-3.44664
 30
0.0
 10
2.48812
 20
-3.44664
 30
0.0
 10
2.48812
 20
-3.429
 30
0.0
 10
2.48812
 20
-3.429
 30
0.0
 10
2.48812
 20
-3.429
 30
0.0
 10
2.48812
 20
-3.429
 30
0.0
 10
2.48812
 20
-3.41489
 30
0.0
 10
2.48812
 20
-3.41489
 30
0.0
 10
2.48812
 20
-3.41489
 30
0.0
 10
2.48812
 20
-3.41489
 30
0.0
 10
2.48812
 20
-3.40784
 30
0.0
 10
2.48812
 20
-3.40784
 30
0.0
 10
2.48812
 20
-3.40784
 30
0.0
 10
2.48812
 20
-3.40784
 30
0.0
 10
2.48812
 20
-3.40431
 30
0.0
 10
2.48812
 20
-3.40431
 30
0.0
  0
SPLINE
  5
88
330
1F
100
AcDbEntity
  8
Layer 1
370
    25
100
AcDbSpline
210
0.0
220
0.0
230
1.0
 70
    24
 71
     3
 72
     8
 73
     4
 74
     0
 42
0.000000001
 43
0.0000000001
 40
0.0
 40
0.0
 40
0.0
 40
0.0
 40
1.0
 40
1.0
 40
1.0
 40
1.0
 10
2.48812
 20
-3.40431
 30
0.0
 10
2.48812
 20
-3.40431
 30
0.0
 10
2.50929
 20
-3.40078
 30
0.0
 10
2.50929
 20
-3.40078
 30
0.0
  0
SPLINE
  5
89
330
1F
100
AcDbEntity
  8
Layer 1
370
    25
100
AcDbSpline
210
0.0
220
0.0
230
1.0
 70
    24
 71
     3
 72
     8
 73
     4
 74
     0
 42
0.000000001
 43
0.0000000001
 40
0.0
 40
0.0
 40
0.0
 40
0.0
 40
1.0
 40
1.0
 40
1.0
 40
1.0
 10
2.48812
 20
-3.57364
 30
0.0
 10
2.48812
 20
-3.57364
 30
0.0
 10
2.48812
 20
-3.47134
 30
0.0
 10
2.48812
 20
-3.47134
 30
0.0
  0
SPLINE
  5
8A
330
1F
100
AcDbEntity
  8
Layer 1
370
    25
100
AcDbSpline
210
0.0
220
0.0
230
1.0
 70
    24
 71
     3
 72
     8
 73
     4
 74
     0
 42
0.000000001
 43
0.0000000001
 40
0.0
 40
0.0
 40
0.0
 40
0.0
 40
1.0
 40
1.0
 40
1.0
 40
1.0
 10
2.48812
 20
-3.64067
 30
0.0
 10
2.48812
 20
-3.64067
 30
0.0
 10
2.50929
 20
-3.6442
 30
0.0
 10
2.50929
 20
-3.6442
 30
0.0
  0
SPLINE
  5
8B
330
1F
100
AcDbEntity
  8
Layer 1
370
    25
100
AcDbSpline
210
0.0
220
0.0
230
1.0
 70
    24
 71
     3
 72
     8
 73
     4
 74
     0
 42
0.000000001
 43
0.0000000001
 40
0.0
 40
0.0
 40
0.0
 40
0.0
 40
1.0
 40
1.0
 40
1.0
 40
1.0
 10
2.48812
 20
-3.37256
 30
0.0
 10
2.48812
 20
-3.37256
 30
0.0
 10
2.50929
 20
-3.37609
 30
0.0
 10
2.50929
 20
-3.37609
 30
0.0
  0
SPLINE
  5
8C
330
1F
100
AcDbEntity
  8
Layer 1
370
    25
100
AcDbSpline
210
0.0
220
0.0
230
1.0
 70
    24
 71
     3
 72
     8
 73
     4
 74
     0
 42
0.000000001
 43
0.0000000001
 40
0.0
 40
0.0
 40
0.0
 40
0.0
 40
1.0
 40
1.0
 40
1.0
 40
1.0
 10
2.48812
 20
-3.37256
 30
0.0
 10
2.48812
 20
-3.37256
 30
0.0
 10
2.48812
 20
-3.34434
 30
0.0
 10
2.48812
 20
-3.34434
 30
0.0
  0
SPLINE
  5
8D
330
1F
100
AcDbEntity
  8
Layer 1
370
    25
100
AcDbSpline
210
0.0
220
0.0
230
1.0
 70
    24
 71
     3
 72
     8
 73
     4
 74
     0
 42
0.000000001
 43
0.0000000001
 40
0.0
 40
0.0
 40
0.0
 40
0.0
 40
1.0
 40
1.0
 40
1.0
 40
1.0
 10
2.48812
 20
-3.34434
 30
0.0
 10
2.48812
 20
-3.34434
 30
0.0
 10
2.50929
 20
-3.34081
 30
0.0
 10
2.50929
 20
-3.34081
 30
0.0
  0
SPLINE
  5
8E
330
1F
100
AcDbEntity
  8
Layer 1
370
    25
100
AcDbSpline
210
0.0
220
0.0
230
1.0
 70
    24
 71
     3
 72
     8
 73
     4
 74
     0
 42
0.000000001
 43
0.0000000001
 40
0.0
 40
0.0
 40
0.0
 40
0.0
 40
1.0
 40
1.0
 40
1.0
 40
1.0
 10
2.48812
 20
-3.40078
 30
0.0
 10
2.48812
 20
-3.40078
 30
0.0
 10
2.49518
 20
-3.40078
 30
0.0
 10
2.49518
 20
-3.40078
 30
0.0
  0
SPLINE
  5
8F
330
1F
100
AcDbEntity
  8
Layer 1
370
    25
100
AcDbSpline
210
0.0
220
0.0
230
1.0
 70
     8
 71
     3
 72
    12
 73
     8
 74
     0
 42
0.000000001
 43
0.0000000001
 40
0.0
 40
0.0
 40
0.0
 40
0.0
 40
0.3333333333333333
 40
0.3333333333333333
 40
0.3333333333333333
 40
0.3333333433333333
 40
1.0
 40
1.0
 40
1.0
 40
1.0
 10
2.48812
 20
-3.3902
 30
0.0
 10
2.48812
 20
-3.3902
 30
0.0
 10
2.4987
 20
-3.39373
 30
0.0
 10
2.4987
 20
-3.39373
 30
0.0
 10
2.4987
 20
-3.39373
 30
0.0
 10
2.4987
 20
-3.39373
 30
0.0
 10
2.50929
 20
-3.39373
 30
0.0
 10
2.50929
 20
-3.39373
 30
0.0
  0
SPLINE
  5
90
330
1F
100
AcDbEntity
  8
Layer 1
370
    25
100
AcDbSpline
210
0.0
220
0.0
230
1.0
 70
    24
 71
     3
 72
     8
 73
     4
 74
     0
 42
0.000000001
 43
0.0000000001
 40
0.0
 40
0.0
 40
0.0
 40
0.0
 40
1.0
 40
1.0
 40
1.0
 40
1.0
 10
2.48812
 20
-3.40078
 30
0.0
 10
2.48812
 20
-3.40078
 30
0.0
 10
2.48812
 20
-3.3902
 30
0.0
 10
2.48812
 20
-3.3902
 30
0.0
  0
SPLINE
  5
91
330
1F
100
AcDbEntity
  8
Layer 1
370
    25
100
AcDbSpline
210
0.0
220
0.0
230
1.0
 70
    24
 71
     3
 72
     8
 73
     4
 74
     0
 42
0.000000001
 43
0.0000000001
 40
0.0
 40
0.0
 40
0.0
 40
0.0
 40
1.0
 40
1.0
 40
1.0
 40
1.0
 10
2.48812
 20
-3.3902
 30
0.0
 10
2.48812
 20
-3.3902
 30
0.0
 10
2.48812
 20
-3.37609
 30
0.0
 10
2.48812
 20
-3.37609
 30
0.0
  0
SPLINE
  5
92
330
1F
100
AcDbEntity
  8
Layer 1
370
    25
100
AcDbSpline
210
0.0
220
0.0
230
1.0
 70
     8
 71
     3
 72
    24
 73
    20
 74
     0
 42
0.000000001
 43
0.0000000001
 40
0.0
 40
0.0
 40
0.0
 40
0.0
 40
0.1666666666666667
 40
0.1666666666666667
 40
0.1666666666666667
 40
0.1666666766666667
 40
0.3333333333333333
 40
0.3333333333333333
 40
0.3333333333333333
 40
0.3333333433333333
 40
0.5
 40
0.5
 40
0.5
 40
0.50000001
 40
0.6666666666666666
 40
0.6666666666666666
 40
0.6666666666666666
 40
0.6666666766666667
 40
1.0
 40
1.0
 40
1.0
 40
1.0
 10
-0.81845
 20
-3.5807
 30
0.0
 10
-0.81845
 20
-3.5807
 30
0.0
 10
-0.81492
 20
-3.59834
 30
0.0
 10
-0.81492
 20
-3.59834
 30
0.0
 10
-0.81492
 20
-3.59834
 30
0.0
 10
-0.81492
 20
-3.59834
 30
0.0
 10
-0.80786
 20
-3.61245
 30
0.0
 10
-0.80786
 20
-3.61245
 30
0.0
 10
-0.80786
 20
-3.61245
 30
0.0
 10
-0.80786
 20
-3.61245
 30
0.0
 10
-0.79375
 20
-3.62303
 30
0.0
 10
-0.79375
 20
-3.62303
 30
0.0
 10
-0.79375
 20
-3.62303
 30
0.0
 10
-0.79375
 20
-3.62303
 30
0.0
 10
-0.77964
 20
-3.63009
 30
0.0
 10
-0.77964
 20
-3.63009
 30
0.0
 10
-0.77964
 20
-3.63009
 30
0.0
 10
-0.77964
 20
-3.63009
 30
0.0
 10
-0.76906
 20
-3.63009
 30
0.0
 10
-0.76906
 20
-3.63009
 30
0.0
  0
SPLINE
  5
93
330
1F
100
AcDbEntity
  8
Layer 1
370
    25
100
AcDbSpline
210
0.0
220
0.0
230
1.0
 70
     8
 71
     3
 72
    24
 73
    20
 74
     0
 42
0.000000001
 43
0.0000000001
 40
0.0
 40
0.0
 40
0.0
 40
0.0
 40
0.1666666666666667
 40
0.1666666666666667
 40
0.1666666666666667
 40
0.1666666766666667
 40
0.3333333333333333
 40
0.3333333333333333
 40
0.3333333333333333
 40
0.3333333433333333
 40
0.5
 40
0.5
 40
0.5
 40
0.50000001
 40
0.6666666666666666
 40
0.6666666666666666
 40
0.6666666666666666
 40
0.6666666766666667
 40
1.0
 40
1.0
 40
1.0
 40
1.0
 10
-0.76906
 20
-3.63009
 30
0.0
 10
-0.76906
 20
-3.63009
 30
0.0
 10
-0.75142
 20
-3.62656
 30
0.0
 10
-0.75142
 20
-3.62656
 30
0.0
 10
-0.75142
 20
-3.62656
 30
0.0
 10
-0.75142
 20
-3.62656
 30
0.0
 10
-0.73731
 20
-3.6195
 30
0.0
 10
-0.73731
 20
-3.6195
 30
0.0
 10
-0.73731
 20
-3.6195
 30
0.0
 10
-0.73731
 20
-3.6195
 30
0.0
 10
-0.72673
 20
-3.60892
 30
0.0
 10
-0.72673
 20
-3.60892
 30
0.0
 10
-0.72673
 20
-3.60892
 30
0.0
 10
-0.72673
 20
-3.60892
 30
0.0
 10
-0.71967
 20
-3.59128
 30
0.0
 10
-0.71967
 20
-3.59128
 30
0.0
 10
-0.71967
 20
-3.59128
 30
0.0
 10
-0.71967
 20
-3.59128
 30
0.0
 10
-0.71967
 20
-3.5807
 30
0.0
 10
-0.71967
 20
-3.5807
 30
0.0
  0
SPLINE
  5
94
330
1F
100
AcDbEntity
  8
Layer 1
370
    25
100
AcDbSpline
210
0.0
220
0.0
230
1.0
 70
    24
 71
     3
 72
     8
 73
     4
 74
     0
 42
0.000000001
 43
0.0000000001
 40
0.0
 40
0.0
 40
0.0
 40
0.0
 40
1.0
 40
1.0
 40
1.0
 40
1.0
 10
-0.71967
 20
-3.5807
 30
0.0
 10
-0.71967
 20
-3.5807
 30
0.0
 10
-0.71967
 20
-3.46781
 30
0.0
 10
-0.71967
 20
-3.46781
 30
0.0
  0
SPLINE
  5
95
330
1F
100
AcDbEntity
  8
Layer 1
370
    25
100
AcDbSpline
210
0.0
220
0.0
230
1.0
 70
     8
 71
     3
 72
    24
 73
    20
 74
     0
 42
0.000000001
 43
0.0000000001
 40
0.0
 40
0.0
 40
0.0
 40
0.0
 40
0.1666666666666667
 40
0.1666666666666667
 40
0.1666666666666667
 40
0.1666666766666667
 40
0.3333333333333333
 40
0.3333333333333333
 40
0.3333333333333333
 40
0.3333333433333333
 40
0.5
 40
0.5
 40
0.5
 40
0.50000001
 40
0.6666666666666666
 40
0.6666666666666666
 40
0.6666666666666666
 40
0.6666666766666667
 40
1.0
 40
1.0
 40
1.0
 40
1.0
 10
-0.71967
 20
-3.46781
 30
0.0
 10
-0.71967
 20
-3.46781
 30
0.0
 10
-0.71967
 20
-3.45017
 30
0.0
 10
-0.71967
 20
-3.45017
 30
0.0
 10
-0.71967
 20
-3.45017
 30
0.0
 10
-0.71967
 20
-3.45017
 30
0.0
 10
-0.73025
 20
-3.43606
 30
0.0
 10
-0.73025
 20
-3.43606
 30
0.0
 10
-0.73025
 20
-3.43606
 30
0.0
 10
-0.73025
 20
-3.43606
 30
0.0
 10
-0.74084
 20
-3.42548
 30
0.0
 10
-0.74084
 20
-3.42548
 30
0.0
 10
-0.74084
 20
-3.42548
 30
0.0
 10
-0.74084
 20
-3.42548
 30
0.0
 10
-0.75848
 20
-3.41842
 30
0.0
 10
-0.75848
 20
-3.41842
 30
0.0
 10
-0.75848
 20
-3.41842
 30
0.0
 10
-0.75848
 20
-3.41842
 30
0.0
 10
-0.76906
 20
-3.41842
 30
0.0
 10
-0.76906
 20
-3.41842
 30
0.0
  0
SPLINE
  5
96
330
1F
100
AcDbEntity
  8
Layer 1
370
    25
100
AcDbSpline
210
0.0
220
0.0
230
1.0
 70
     8
 71
     3
 72
    24
 73
    20
 74
     0
 42
0.000000001
 43
0.0000000001
 40
0.0
 40
0.0
 40
0.0
 40
0.0
 40
0.1666666666666667
 40
0.1666666666666667
 40
0.1666666666666667
 40
0.1666666766666667
 40
0.3333333333333333
 40
0.3333333333333333
 40
0.3333333333333333
 40
0.3333333433333333
 40
0.5
 40
0.5
 40
0.5
 40
0.50000001
 40
0.6666666666666666
 40
0.6666666666666666
 40
0.6666666666666666
 40
0.6666666766666667
 40
1.0
 40
1.0
 40
1.0
 40
1.0
 10
-0.76906
 20
-3.41842
 30
0.0
 10
-0.76906
 20
-3.41842
 30
0.0
 10
-0.78317
 20
-3.42195
 30
0.0
 10
-0.78317
 20
-3.42195
 30
0.0
 10
-0.78317
 20
-3.42195
 30
0.0
 10
-0.78317
 20
-3.42195
 30
0.0
 10
-0.79728
 20
-3.429
 30
0.0
 10
-0.79728
 20
-3.429
 30
0.0
 10
-0.79728
 20
-3.429
 30
0.0
 10
-0.79728
 20
-3.429
 30
0.0
 10
-0.80786
 20
-3.44312
 30
0.0
 10
-0.80786
 20
-3.44312
 30
0.0
 10
-0.80786
 20
-3.44312
 30
0.0
 10
-0.80786
 20
-3.44312
 30
0.0
 10
-0.81492
 20
-3.45723
 30
0.0
 10
-0.81492
 20
-3.45723
 30
0.0
 10
-0.81492
 20
-3.45723
 30
0.0
 10
-0.81492
 20
-3.45723
 30
0.0
 10
-0.81845
 20
-3.46781
 30
0.0
 10
-0.81845
 20
-3.46781
 30
0.0
  0
SPLINE
  5
97
330
1F
100
AcDbEntity
  8
Layer 1
370
    25
100
AcDbSpline
210
0.0
220
0.0
230
1.0
 70
    24
 71
     3
 72
     8
 73
     4
 74
     0
 42
0.000000001
 43
0.0000000001
 40
0.0
 40
0.0
 40
0.0
 40
0.0
 40
1.0
 40
1.0
 40
1.0
 40
1.0
 10
-0.81845
 20
-3.46781
 30
0.0
 10
-0.81845
 20
-3.46781
 30
0.0
 10
-0.81845
 20
-3.5807
 30
0.0
 10
-0.81845
 20
-3.5807
 30
0.0
  0
SPLINE
  5
98
330
1F
100
AcDbEntity
  8
Layer 1
370
    25
100
AcDbSpline
210
0.0
220
0.0
230
1.0
 70
    24
 71
     3
 72
     8
 73
     4
 74
     0
 42
0.000000001
 43
0.0000000001
 40
0.0
 40
0.0
 40
0.0
 40
0.0
 40
1.0
 40
1.0
 40
1.0
 40
1.0
 10
-0.75495
 20
-3.40431
 30
0.0
 10
-0.75495
 20
-3.40431
 30
0.0
 10
-0.77964
 20
-3.40431
 30
0.0
 10
-0.77964
 20
-3.40431
 30
0.0
  0
SPLINE
  5
99
330
1F
100
AcDbEntity
  8
Layer 1
370
    25
100
AcDbSpline
210
0.0
220
0.0
230
1.0
 70
     8
 71
     3
 72
    24
 73
    20
 74
     0
 42
0.000000001
 43
0.0000000001
 40
0.0
 40
0.0
 40
0.0
 40
0.0
 40
0.1666666666666667
 40
0.1666666666666667
 40
0.1666666666666667
 40
0.1666666766666667
 40
0.3333333333333333
 40
0.3333333333333333
 40
0.3333333333333333
 40
0.3333333433333333
 40
0.5
 40
0.5
 40
0.5
 40
0.50000001
 40
0.6666666666666666
 40
0.6666666666666666
 40
0.6666666666666666
 40
0.6666666766666667
 40
1.0
 40
1.0
 40
1.0
 40
1.0
 10
-0.68086
 20
-3.47134
 30
0.0
 10
-0.68086
 20
-3.47134
 30
0.0
 10
-0.68439
 20
-3.45017
 30
0.0
 10
-0.68439
 20
-3.45017
 30
0.0
 10
-0.68439
 20
-3.45017
 30
0.0
 10
-0.68439
 20
-3.45017
 30
0.0
 10
-0.69498
 20
-3.43253
 30
0.0
 10
-0.69498
 20
-3.43253
 30
0.0
 10
-0.69498
 20
-3.43253
 30
0.0
 10
-0.69498
 20
-3.43253
 30
0.0
 10
-0.71261
 20
-3.41842
 30
0.0
 10
-0.71261
 20
-3.41842
 30
0.0
 10
-0.71261
 20
-3.41842
 30
0.0
 10
-0.71261
 20
-3.41842
 30
0.0
 10
-0.73025
 20
-3.40784
 30
0.0
 10
-0.73025
 20
-3.40784
 30
0.0
 10
-0.73025
 20
-3.40784
 30
0.0
 10
-0.73025
 20
-3.40784
 30
0.0
 10
-0.75495
 20
-3.40431
 30
0.0
 10
-0.75495
 20
-3.40431
 30
0.0
  0
SPLINE
  5
9A
330
1F
100
AcDbEntity
  8
Layer 1
370
    25
100
AcDbSpline
210
0.0
220
0.0
230
1.0
 70
    24
 71
     3
 72
     8
 73
     4
 74
     0
 42
0.000000001
 43
0.0000000001
 40
0.0
 40
0.0
 40
0.0
 40
0.0
 40
1.0
 40
1.0
 40
1.0
 40
1.0
 10
-0.68086
 20
-3.57717
 30
0.0
 10
-0.68086
 20
-3.57717
 30
0.0
 10
-0.68086
 20
-3.47134
 30
0.0
 10
-0.68086
 20
-3.47134
 30
0.0
  0
SPLINE
  5
9B
330
1F
100
AcDbEntity
  8
Layer 1
370
    25
100
AcDbSpline
210
0.0
220
0.0
230
1.0
 70
     8
 71
     3
 72
    24
 73
    20
 74
     0
 42
0.000000001
 43
0.0000000001
 40
0.0
 40
0.0
 40
0.0
 40
0.0
 40
0.1666666666666667
 40
0.1666666666666667
 40
0.1666666666666667
 40
0.1666666766666667
 40
0.3333333333333333
 40
0.3333333333333333
 40
0.3333333333333333
 40
0.3333333433333333
 40
0.5
 40
0.5
 40
0.5
 40
0.50000001
 40
0.6666666666666666
 40
0.6666666666666666
 40
0.6666666666666666
 40
0.6666666766666667
 40
1.0
 40
1.0
 40
1.0
 40
1.0
 10
-0.75495
 20
-3.6442
 30
0.0
 10
-0.75495
 20
-3.6442
 30
0.0
 10
-0.73025
 20
-3.64067
 30
0.0
 10
-0.73025
 20
-3.64067
 30
0.0
 10
-0.73025
 20
-3.64067
 30
0.0
 10
-0.73025
 20
-3.64067
 30
0.0
 10
-0.70909
 20
-3.63009
 30
0.0
 10
-0.70909
 20
-3.63009
 30
0.0
 10
-0.70909
 20
-3.63009
 30
0.0
 10
-0.70909
 20
-3.63009
 30
0.0
 10
-0.69145
 20
-3.61245
 30
0.0
 10
-0.69145
 20
-3.61245
 30
0.0
 10
-0.69145
 20
-3.61245
 30
0.0
 10
-0.69145
 20
-3.61245
 30
0.0
 10
-0.68439
 20
-3.59481
 30
0.0
 10
-0.68439
 20
-3.59481
 30
0.0
 10
-0.68439
 20
-3.59481
 30
0.0
 10
-0.68439
 20
-3.59481
 30
0.0
 10
-0.68086
 20
-3.57717
 30
0.0
 10
-0.68086
 20
-3.57717
 30
0.0
  0
SPLINE
  5
9C
330
1F
100
AcDbEntity
  8
Layer 1
370
    25
100
AcDbSpline
210
0.0
220
0.0
230
1.0
 70
    24
 71
     3
 72
     8
 73
     4
 74
     0
 42
0.000000001
 43
0.0000000001
 40
0.0
 40
0.0
 40
0.0
 40
0.0
 40
1.0
 40
1.0
 40
1.0
 40
1.0
 10
-0.77964
 20
-3.6442
 30
0.0
 10
-0.77964
 20
-3.6442
 30
0.0
 10
-0.75495
 20
-3.6442
 30
0.0
 10
-0.75495
 20
-3.6442
 30
0.0
  0
SPLINE
  5
9D
330
1F
100
AcDbEntity
  8
Layer 1
370
    25
100
AcDbSpline
210
0.0
220
0.0
230
1.0
 70
     8
 71
     3
 72
    24
 73
    20
 74
     0
 42
0.000000001
 43
0.0000000001
 40
0.0
 40
0.0
 40
0.0
 40
0.0
 40
0.1666666666666667
 40
0.1666666666666667
 40
0.1666666666666667
 40
0.1666666766666667
 40
0.3333333333333333
 40
0.3333333333333333
 40
0.3333333333333333
 40
0.3333333433333333
 40
0.5
 40
0.5
 40
0.5
 40
0.50000001
 40
0.6666666666666666
 40
0.6666666666666666
 40
0.6666666666666666
 40
0.6666666766666667
 40
1.0
 40
1.0
 40
1.0
 40
1.0
 10
-0.85373
 20
-3.57717
 30
0.0
 10
-0.85373
 20
-3.57717
 30
0.0
 10
-0.8502
 20
-3.60187
 30
0.0
 10
-0.8502
 20
-3.60187
 30
0.0
 10
-0.8502
 20
-3.60187
 30
0.0
 10
-0.8502
 20
-3.60187
 30
0.0
 10
-0.83961
 20
-3.6195
 30
0.0
 10
-0.83961
 20
-3.6195
 30
0.0
 10
-0.83961
 20
-3.6195
 30
0.0
 10
-0.83961
 20
-3.6195
 30
0.0
 10
-0.8255
 20
-3.63009
 30
0.0
 10
-0.8255
 20
-3.63009
 30
0.0
 10
-0.8255
 20
-3.63009
 30
0.0
 10
-0.8255
 20
-3.63009
 30
0.0
 10
-0.79728
 20
-3.64067
 30
0.0
 10
-0.79728
 20
-3.64067
 30
0.0
 10
-0.79728
 20
-3.64067
 30
0.0
 10
-0.79728
 20
-3.64067
 30
0.0
 10
-0.77964
 20
-3.6442
 30
0.0
 10
-0.77964
 20
-3.6442
 30
0.0
  0
SPLINE
  5
9E
330
1F
100
AcDbEntity
  8
Layer 1
370
    25
100
AcDbSpline
210
0.0
220
0.0
230
1.0
 70
    24
 71
     3
 72
     8
 73
     4
 74
     0
 42
0.000000001
 43
0.0000000001
 40
0.0
 40
0.0
 40
0.0
 40
0.0
 40
1.0
 40
1.0
 40
1.0
 40
1.0
 10
-0.85373
 20
-3.47134
 30
0.0
 10
-0.85373
 20
-3.47134
 30
0.0
 10
-0.85373
 20
-3.57717
 30
0.0
 10
-0.85373
 20
-3.57717
 30
0.0
  0
SPLINE
  5
9F
330
1F
100
AcDbEntity
  8
Layer 1
370
    25
100
AcDbSpline
210
0.0
220
0.0
230
1.0
 70
     8
 71
     3
 72
    24
 73
    20
 74
     0
 42
0.000000001
 43
0.0000000001
 40
0.0
 40
0.0
 40
0.0
 40
0.0
 40
0.1666666666666667
 40
0.1666666666666667
 40
0.1666666666666667
 40
0.1666666766666667
 40
0.3333333333333333
 40
0.3333333333333333
 40
0.3333333333333333
 40
0.3333333433333333
 40
0.5
 40
0.5
 40
0.5
 40
0.50000001
 40
0.6666666666666666
 40
0.6666666666666666
 40
0.6666666666666666
 40
0.6666666766666667
 40
1.0
 40
1.0
 40
1.0
 40
1.0
 10
-0.77964
 20
-3.40431
 30
0.0
 10
-0.77964
 20
-3.40431
 30
0.0
 10
-0.80434
 20
-3.40784
 30
0.0
 10
-0.80434
 20
-3.40784
 30
0.0
 10
-0.80434
 20
-3.40784
 30
0.0
 10
-0.80434
 20
-3.40784
 30
0.0
 10
-0.82903
 20
-3.42195
 30
0.0
 10
-0.82903
 20
-3.42195
 30
0.0
 10
-0.82903
 20
-3.42195
 30
0.0
 10
-0.82903
 20
-3.42195
 30
0.0
 10
-0.84314
 20
-3.43606
 30
0.0
 10
-0.84314
 20
-3.43606
 30
0.0
 10
-0.84314
 20
-3.43606
 30
0.0
 10
-0.84314
 20
-3.43606
 30
0.0
 10
-0.85373
 20
-3.45723
 30
0.0
 10
-0.85373
 20
-3.45723
 30
0.0
 10
-0.85373
 20
-3.45723
 30
0.0
 10
-0.85373
 20
-3.45723
 30
0.0
 10
-0.85373
 20
-3.47134
 30
0.0
 10
-0.85373
 20
-3.47134
 30
0.0
  0
SPLINE
  5
A0
330
1F
100
AcDbEntity
  8
Layer 1
370
    25
100
AcDbSpline
210
0.0
220
0.0
230
1.0
 70
    24
 71
     3
 72
     8
 73
     4
 74
     0
 42
0.000000001
 43
0.0000000001
 40
0.0
 40
0.0
 40
0.0
 40
0.0
 40
1.0
 40
1.0
 40
1.0
 40
1.0
 10
-0.76906
 20
-3.41842
 30
0.0
 10
-0.76906
 20
-3.41842
 30
0.0
 10
-0.76906
 20
-3.42195
 30
0.0
 10
-0.76906
 20
-3.42195
 30
0.0
  0
SPLINE
  5
A1
330
1F
100
AcDbEntity
  8
Layer 1
370
    25
100
AcDbSpline
210
0.0
220
0.0
230
1.0
 70
    24
 71
     3
 72
     8
 73
     4
 74
     0
 42
0.000000001
 43
0.0000000001
 40
0.0
 40
0.0
 40
0.0
 40
0.0
 40
1.0
 40
1.0
 40
1.0
 40
1.0
 10
-0.71967
 20
-3.46781
 30
0.0
 10
-0.71967
 20
-3.46781
 30
0.0
 10
-0.7232
 20
-3.46781
 30
0.0
 10
-0.7232
 20
-3.46781
 30
0.0
  0
SPLINE
  5
A2
330
1F
100
AcDbEntity
  8
Layer 1
370
    25
100
AcDbSpline
210
0.0
220
0.0
230
1.0
 70
     8
 71
     3
 72
    24
 73
    20
 74
     0
 42
0.000000001
 43
0.0000000001
 40
0.0
 40
0.0
 40
0.0
 40
0.0
 40
0.1666666666666667
 40
0.1666666666666667
 40
0.1666666666666667
 40
0.1666666766666667
 40
0.3333333333333333
 40
0.3333333333333333
 40
0.3333333333333333
 40
0.3333333433333333
 40
0.5
 40
0.5
 40
0.5
 40
0.50000001
 40
0.6666666666666666
 40
0.6666666666666666
 40
0.6666666666666666
 40
0.6666666766666667
 40
1.0
 40
1.0
 40
1.0
 40
1.0
 10
-0.7232
 20
-3.46781
 30
0.0
 10
-0.7232
 20
-3.46781
 30
0.0
 10
-0.7232
 20
-3.4537
 30
0.0
 10
-0.7232
 20
-3.4537
 30
0.0
 10
-0.7232
 20
-3.4537
 30
0.0
 10
-0.7232
 20
-3.4537
 30
0.0
 10
-0.73378
 20
-3.43959
 30
0.0
 10
-0.73378
 20
-3.43959
 30
0.0
 10
-0.73378
 20
-3.43959
 30
0.0
 10
-0.73378
 20
-3.43959
 30
0.0
 10
-0.74436
 20
-3.429
 30
0.0
 10
-0.74436
 20
-3.429
 30
0.0
 10
-0.74436
 20
-3.429
 30
0.0
 10
-0.74436
 20
-3.429
 30
0.0
 10
-0.75848
 20
-3.42195
 30
0.0
 10
-0.75848
 20
-3.42195
 30
0.0
 10
-0.75848
 20
-3.42195
 30
0.0
 10
-0.75848
 20
-3.42195
 30
0.0
 10
-0.76906
 20
-3.42195
 30
0.0
 10
-0.76906
 20
-3.42195
 30
0.0
  0
SPLINE
  5
A3
330
1F
100
AcDbEntity
  8
Layer 1
370
    25
100
AcDbSpline
210
0.0
220
0.0
230
1.0
 70
    24
 71
     3
 72
     8
 73
     4
 74
     0
 42
0.000000001
 43
0.0000000001
 40
0.0
 40
0.0
 40
0.0
 40
0.0
 40
1.0
 40
1.0
 40
1.0
 40
1.0
 10
-0.71967
 20
-3.5807
 30
0.0
 10
-0.71967
 20
-3.5807
 30
0.0
 10
-0.7232
 20
-3.5807
 30
0.0
 10
-0.7232
 20
-3.5807
 30
0.0
  0
SPLINE
  5
A4
330
1F
100
AcDbEntity
  8
Layer 1
370
    25
100
AcDbSpline
210
0.0
220
0.0
230
1.0
 70
    24
 71
     3
 72
     8
 73
     4
 74
     0
 42
0.000000001
 43
0.0000000001
 40
0.0
 40
0.0
 40
0.0
 40
0.0
 40
1.0
 40
1.0
 40
1.0
 40
1.0
 10
-0.7232
 20
-3.5807
 30
0.0
 10
-0.7232
 20
-3.5807
 30
0.0
 10
-0.7232
 20
-3.46781
 30
0.0
 10
-0.7232
 20
-3.46781
 30
0.0
  0
SPLINE
  5
A5
330
1F
100
AcDbEntity
  8
Layer 1
370
    25
100
AcDbSpline
210
0.0
220
0.0
230
1.0
 70
    24
 71
     3
 72
     8
 73
     4
 74
     0
 42
0.000000001
 43
0.0000000001
 40
0.0
 40
0.0
 40
0.0
 40
0.0
 40
1.0
 40
1.0
 40
1.0
 40
1.0
 10
-0.76906
 20
-3.63009
 30
0.0
 10
-0.76906
 20
-3.63009
 30
0.0
 10
-0.76906
 20
-3.62656
 30
0.0
 10
-0.76906
 20
-3.62656
 30
0.0
  0
SPLINE
  5
A6
330
1F
100
AcDbEntity
  8
Layer 1
370
    25
100
AcDbSpline
210
0.0
220
0.0
230
1.0
 70
     8
 71
     3
 72
    24
 73
    20
 74
     0
 42
0.000000001
 43
0.0000000001
 40
0.0
 40
0.0
 40
0.0
 40
0.0
 40
0.1666666666666667
 40
0.1666666666666667
 40
0.1666666666666667
 40
0.1666666766666667
 40
0.3333333333333333
 40
0.3333333333333333
 40
0.3333333333333333
 40
0.3333333433333333
 40
0.5
 40
0.5
 40
0.5
 40
0.50000001
 40
0.6666666666666666
 40
0.6666666666666666
 40
0.6666666666666666
 40
0.6666666766666667
 40
1.0
 40
1.0
 40
1.0
 40
1.0
 10
-0.76906
 20
-3.62656
 30
0.0
 10
-0.76906
 20
-3.62656
 30
0.0
 10
-0.75142
 20
-3.62303
 30
0.0
 10
-0.75142
 20
-3.62303
 30
0.0
 10
-0.75142
 20
-3.62303
 30
0.0
 10
-0.75142
 20
-3.62303
 30
0.0
 10
-0.74084
 20
-3.61598
 30
0.0
 10
-0.74084
 20
-3.61598
 30
0.0
 10
-0.74084
 20
-3.61598
 30
0.0
 10
-0.74084
 20
-3.61598
 30
0.0
 10
-0.73025
 20
-3.60539
 30
0.0
 10
-0.73025
 20
-3.60539
 30
0.0
 10
-0.73025
 20
-3.60539
 30
0.0
 10
-0.73025
 20
-3.60539
 30
0.0
 10
-0.7232
 20
-3.59128
 30
0.0
 10
-0.7232
 20
-3.59128
 30
0.0
 10
-0.7232
 20
-3.59128
 30
0.0
 10
-0.7232
 20
-3.59128
 30
0.0
 10
-0.7232
 20
-3.5807
 30
0.0
 10
-0.7232
 20
-3.5807
 30
0.0
  0
SPLINE
  5
A7
330
1F
100
AcDbEntity
  8
Layer 1
370
    25
100
AcDbSpline
210
0.0
220
0.0
230
1.0
 70
    24
 71
     3
 72
     8
 73
     4
 74
     0
 42
0.000000001
 43
0.0000000001
 40
0.0
 40
0.0
 40
0.0
 40
0.0
 40
1.0
 40
1.0
 40
1.0
 40
1.0
 10
-1.25942
 20
-3.40431
 30
0.0
 10
-1.25942
 20
-3.40431
 30
0.0
 10
-1.25942
 20
-3.40078
 30
0.0
 10
-1.25942
 20
-3.40078
 30
0.0
  0
SPLINE
  5
A8
330
1F
100
AcDbEntity
  8
Layer 1
370
    25
100
AcDbSpline
210
0.0
220
0.0
230
1.0
 70
     8
 71
     3
 72
    16
 73
    12
 74
     0
 42
0.000000001
 43
0.0000000001
 40
0.0
 40
0.0
 40
0.0
 40
0.0
 40
0.25
 40
0.25
 40
0.25
 40
0.25000001
 40
0.5
 40
0.5
 40
0.5
 40
0.50000001
 40
1.0
 40
1.0
 40
1.0
 40
1.0
 10
-1.25942
 20
-3.40431
 30
0.0
 10
-1.25942
 20
-3.40431
 30
0.0
 10
-1.28411
 20
-3.40784
 30
0.0
 10
-1.28411
 20
-3.40784
 30
0.0
 10
-1.28411
 20
-3.40784
 30
0.0
 10
-1.28411
 20
-3.40784
 30
0.0
 10
-1.30881
 20
-3.42195
 30
0.0
 10
-1.30881
 20
-3.42195
 30
0.0
 10
-1.30881
 20
-3.42195
 30
0.0
 10
-1.30881
 20
-3.42195
 30
0.0
 10
-1.31586
 20
-3.42548
 30
0.0
 10
-1.31586
 20
-3.42548
 30
0.0
  0
SPLINE
  5
A9
330
1F
100
AcDbEntity
  8
Layer 1
370
    25
100
AcDbSpline
210
0.0
220
0.0
230
1.0
 70
     8
 71
     3
 72
    12
 73
     8
 74
     0
 42
0.000000001
 43
0.0000000001
 40
0.0
 40
0.0
 40
0.0
 40
0.0
 40
0.3333333333333333
 40
0.3333333333333333
 40
0.3333333333333333
 40
0.3333333433333333
 40
1.0
 40
1.0
 40
1.0
 40
1.0
 10
-1.31586
 20
-3.42548
 30
0.0
 10
-1.31586
 20
-3.42548
 30
0.0
 10
-1.31939
 20
-3.429
 30
0.0
 10
-1.31939
 20
-3.429
 30
0.0
 10
-1.31939
 20
-3.429
 30
0.0
 10
-1.31939
 20
-3.429
 30
0.0
 10
-1.32292
 20
-3.429
 30
0.0
 10
-1.32292
 20
-3.429
 30
0.0
  0
SPLINE
  5
AA
330
1F
100
AcDbEntity
  8
Layer 1
370
    25
100
AcDbSpline
210
0.0
220
0.0
230
1.0
 70
     8
 71
     3
 72
    16
 73
    12
 74
     0
 42
0.000000001
 43
0.0000000001
 40
0.0
 40
0.0
 40
0.0
 40
0.0
 40
0.25
 40
0.25
 40
0.25
 40
0.25000001
 40
0.5
 40
0.5
 40
0.5
 40
0.50000001
 40
1.0
 40
1.0
 40
1.0
 40
1.0
 10
-1.25942
 20
-3.40078
 30
0.0
 10
-1.25942
 20
-3.40078
 30
0.0
 10
-1.28411
 20
-3.40431
 30
0.0
 10
-1.28411
 20
-3.40431
 30
0.0
 10
-1.28411
 20
-3.40431
 30
0.0
 10
-1.28411
 20
-3.40431
 30
0.0
 10
-1.30881
 20
-3.41842
 30
0.0
 10
-1.30881
 20
-3.41842
 30
0.0
 10
-1.30881
 20
-3.41842
 30
0.0
 10
-1.30881
 20
-3.41842
 30
0.0
 10
-1.32292
 20
-3.429
 30
0.0
 10
-1.32292
 20
-3.429
 30
0.0
  0
SPLINE
  5
AB
330
1F
100
AcDbEntity
  8
Layer 1
370
    25
100
AcDbSpline
210
0.0
220
0.0
230
1.0
 70
     8
 71
     3
 72
    24
 73
    20
 74
     0
 42
0.000000001
 43
0.0000000001
 40
0.0
 40
0.0
 40
0.0
 40
0.0
 40
0.1666666666666667
 40
0.1666666666666667
 40
0.1666666666666667
 40
0.1666666766666667
 40
0.3333333333333333
 40
0.3333333333333333
 40
0.3333333333333333
 40
0.3333333433333333
 40
0.5
 40
0.5
 40
0.5
 40
0.50000001
 40
0.6666666666666666
 40
0.6666666666666666
 40
0.6666666666666666
 40
0.6666666766666667
 40
1.0
 40
1.0
 40
1.0
 40
1.0
 10
-1.24884
 20
-3.63009
 30
0.0
 10
-1.24884
 20
-3.63009
 30
0.0
 10
-1.2312
 20
-3.62656
 30
0.0
 10
-1.2312
 20
-3.62656
 30
0.0
 10
-1.2312
 20
-3.62656
 30
0.0
 10
-1.2312
 20
-3.62656
 30
0.0
 10
-1.21709
 20
-3.6195
 30
0.0
 10
-1.21709
 20
-3.6195
 30
0.0
 10
-1.21709
 20
-3.6195
 30
0.0
 10
-1.21709
 20
-3.6195
 30
0.0
 10
-1.2065
 20
-3.60892
 30
0.0
 10
-1.2065
 20
-3.60892
 30
0.0
 10
-1.2065
 20
-3.60892
 30
0.0
 10
-1.2065
 20
-3.60892
 30
0.0
 10
-1.19945
 20
-3.59128
 30
0.0
 10
-1.19945
 20
-3.59128
 30
0.0
 10
-1.19945
 20
-3.59128
 30
0.0
 10
-1.19945
 20
-3.59128
 30
0.0
 10
-1.19945
 20
-3.58423
 30
0.0
 10
-1.19945
 20
-3.58423
 30
0.0
  0
SPLINE
  5
AC
330
1F
100
AcDbEntity
  8
Layer 1
370
    25
100
AcDbSpline
210
0.0
220
0.0
230
1.0
 70
    24
 71
     3
 72
     8
 73
     4
 74
     0
 42
0.000000001
 43
0.0000000001
 40
0.0
 40
0.0
 40
0.0
 40
0.0
 40
1.0
 40
1.0
 40
1.0
 40
1.0
 10
-1.19945
 20
-3.58423
 30
0.0
 10
-1.19945
 20
-3.58423
 30
0.0
 10
-1.19945
 20
-3.51014
 30
0.0
 10
-1.19945
 20
-3.51014
 30
0.0
  0
SPLINE
  5
AD
330
1F
100
AcDbEntity
  8
Layer 1
370
    25
100
AcDbSpline
210
0.0
220
0.0
230
1.0
 70
    24
 71
     3
 72
     8
 73
     4
 74
     0
 42
0.000000001
 43
0.0000000001
 40
0.0
 40
0.0
 40
0.0
 40
0.0
 40
1.0
 40
1.0
 40
1.0
 40
1.0
 10
-1.19945
 20
-3.51014
 30
0.0
 10
-1.19945
 20
-3.51014
 30
0.0
 10
-1.24884
 20
-3.51014
 30
0.0
 10
-1.24884
 20
-3.51014
 30
0.0
  0
SPLINE
  5
AE
330
1F
100
AcDbEntity
  8
Layer 1
370
    25
100
AcDbSpline
210
0.0
220
0.0
230
1.0
 70
     8
 71
     3
 72
    24
 73
    20
 74
     0
 42
0.000000001
 43
0.0000000001
 40
0.0
 40
0.0
 40
0.0
 40
0.0
 40
0.1666666666666667
 40
0.1666666666666667
 40
0.1666666666666667
 40
0.1666666766666667
 40
0.3333333333333333
 40
0.3333333333333333
 40
0.3333333333333333
 40
0.3333333433333333
 40
0.5
 40
0.5
 40
0.5
 40
0.50000001
 40
0.6666666666666666
 40
0.6666666666666666
 40
0.6666666666666666
 40
0.6666666766666667
 40
1.0
 40
1.0
 40
1.0
 40
1.0
 10
-1.24884
 20
-3.51014
 30
0.0
 10
-1.24884
 20
-3.51014
 30
0.0
 10
-1.26295
 20
-3.51367
 30
0.0
 10
-1.26295
 20
-3.51367
 30
0.0
 10
-1.26295
 20
-3.51367
 30
0.0
 10
-1.26295
 20
-3.51367
 30
0.0
 10
-1.27706
 20
-3.52073
 30
0.0
 10
-1.27706
 20
-3.52073
 30
0.0
 10
-1.27706
 20
-3.52073
 30
0.0
 10
-1.27706
 20
-3.52073
 30
0.0
 10
-1.28764
 20
-3.53484
 30
0.0
 10
-1.28764
 20
-3.53484
 30
0.0
 10
-1.28764
 20
-3.53484
 30
0.0
 10
-1.28764
 20
-3.53484
 30
0.0
 10
-1.2947
 20
-3.54895
 30
0.0
 10
-1.2947
 20
-3.54895
 30
0.0
 10
-1.2947
 20
-3.54895
 30
0.0
 10
-1.2947
 20
-3.54895
 30
0.0
 10
-1.29823
 20
-3.55953
 30
0.0
 10
-1.29823
 20
-3.55953
 30
0.0
  0
SPLINE
  5
AF
330
1F
100
AcDbEntity
  8
Layer 1
370
    25
100
AcDbSpline
210
0.0
220
0.0
230
1.0
 70
    24
 71
     3
 72
     8
 73
     4
 74
     0
 42
0.000000001
 43
0.0000000001
 40
0.0
 40
0.0
 40
0.0
 40
0.0
 40
1.0
 40
1.0
 40
1.0
 40
1.0
 10
-1.29823
 20
-3.55953
 30
0.0
 10
-1.29823
 20
-3.55953
 30
0.0
 10
-1.29823
 20
-3.5807
 30
0.0
 10
-1.29823
 20
-3.5807
 30
0.0
  0
SPLINE
  5
B0
330
1F
100
AcDbEntity
  8
Layer 1
370
    25
100
AcDbSpline
210
0.0
220
0.0
230
1.0
 70
     8
 71
     3
 72
    24
 73
    20
 74
     0
 42
0.000000001
 43
0.0000000001
 40
0.0
 40
0.0
 40
0.0
 40
0.0
 40
0.1666666666666667
 40
0.1666666666666667
 40
0.1666666666666667
 40
0.1666666766666667
 40
0.3333333333333333
 40
0.3333333333333333
 40
0.3333333333333333
 40
0.3333333433333333
 40
0.5
 40
0.5
 40
0.5
 40
0.50000001
 40
0.6666666666666666
 40
0.6666666666666666
 40
0.6666666666666666
 40
0.6666666766666667
 40
1.0
 40
1.0
 40
1.0
 40
1.0
 10
-1.29823
 20
-3.5807
 30
0.0
 10
-1.29823
 20
-3.5807
 30
0.0
 10
-1.2947
 20
-3.59834
 30
0.0
 10
-1.2947
 20
-3.59834
 30
0.0
 10
-1.2947
 20
-3.59834
 30
0.0
 10
-1.2947
 20
-3.59834
 30
0.0
 10
-1.28764
 20
-3.61245
 30
0.0
 10
-1.28764
 20
-3.61245
 30
0.0
 10
-1.28764
 20
-3.61245
 30
0.0
 10
-1.28764
 20
-3.61245
 30
0.0
 10
-1.27353
 20
-3.62303
 30
0.0
 10
-1.27353
 20
-3.62303
 30
0.0
 10
-1.27353
 20
-3.62303
 30
0.0
 10
-1.27353
 20
-3.62303
 30
0.0
 10
-1.25942
 20
-3.63009
 30
0.0
 10
-1.25942
 20
-3.63009
 30
0.0
 10
-1.25942
 20
-3.63009
 30
0.0
 10
-1.25942
 20
-3.63009
 30
0.0
 10
-1.24884
 20
-3.63009
 30
0.0
 10
-1.24884
 20
-3.63009
 30
0.0
  0
SPLINE
  5
B1
330
1F
100
AcDbEntity
  8
Layer 1
370
    25
100
AcDbSpline
210
0.0
220
0.0
230
1.0
 70
     8
 71
     3
 72
    24
 73
    20
 74
     0
 42
0.000000001
 43
0.0000000001
 40
0.0
 40
0.0
 40
0.0
 40
0.0
 40
0.1666666666666667
 40
0.1666666666666667
 40
0.1666666666666667
 40
0.1666666766666667
 40
0.3333333333333333
 40
0.3333333333333333
 40
0.3333333333333333
 40
0.3333333433333333
 40
0.5
 40
0.5
 40
0.5
 40
0.50000001
 40
0.6666666666666666
 40
0.6666666666666666
 40
0.6666666666666666
 40
0.6666666766666667
 40
1.0
 40
1.0
 40
1.0
 40
1.0
 10
-1.24884
 20
-3.41842
 30
0.0
 10
-1.24884
 20
-3.41842
 30
0.0
 10
-1.2312
 20
-3.42195
 30
0.0
 10
-1.2312
 20
-3.42195
 30
0.0
 10
-1.2312
 20
-3.42195
 30
0.0
 10
-1.2312
 20
-3.42195
 30
0.0
 10
-1.21709
 20
-3.429
 30
0.0
 10
-1.21709
 20
-3.429
 30
0.0
 10
-1.21709
 20
-3.429
 30
0.0
 10
-1.21709
 20
-3.429
 30
0.0
 10
-1.2065
 20
-3.44312
 30
0.0
 10
-1.2065
 20
-3.44312
 30
0.0
 10
-1.2065
 20
-3.44312
 30
0.0
 10
-1.2065
 20
-3.44312
 30
0.0
 10
-1.19945
 20
-3.45723
 30
0.0
 10
-1.19945
 20
-3.45723
 30
0.0
 10
-1.19945
 20
-3.45723
 30
0.0
 10
-1.19945
 20
-3.45723
 30
0.0
 10
-1.19945
 20
-3.46428
 30
0.0
 10
-1.19945
 20
-3.46428
 30
0.0
  0
SPLINE
  5
B2
330
1F
100
AcDbEntity
  8
Layer 1
370
    25
100
AcDbSpline
210
0.0
220
0.0
230
1.0
 70
     8
 71
     3
 72
    16
 73
    12
 74
     0
 42
0.000000001
 43
0.0000000001
 40
0.0
 40
0.0
 40
0.0
 40
0.0
 40
0.25
 40
0.25
 40
0.25
 40
0.25000001
 40
0.5
 40
0.5
 40
0.5
 40
0.50000001
 40
1.0
 40
1.0
 40
1.0
 40
1.0
 10
-1.28411
 20
-3.43253
 30
0.0
 10
-1.28411
 20
-3.43253
 30
0.0
 10
-1.27
 20
-3.42548
 30
0.0
 10
-1.27
 20
-3.42548
 30
0.0
 10
-1.27
 20
-3.42548
 30
0.0
 10
-1.27
 20
-3.42548
 30
0.0
 10
-1.25236
 20
-3.41842
 30
0.0
 10
-1.25236
 20
-3.41842
 30
0.0
 10
-1.25236
 20
-3.41842
 30
0.0
 10
-1.25236
 20
-3.41842
 30
0.0
 10
-1.24884
 20
-3.41842
 30
0.0
 10
-1.24884
 20
-3.41842
 30
0.0
  0
SPLINE
  5
B3
330
1F
100
AcDbEntity
  8
Layer 1
370
    25
100
AcDbSpline
210
0.0
220
0.0
230
1.0
 70
    24
 71
     3
 72
     8
 73
     4
 74
     0
 42
0.000000001
 43
0.0000000001
 40
0.0
 40
0.0
 40
0.0
 40
0.0
 40
1.0
 40
1.0
 40
1.0
 40
1.0
 10
-1.31586
 20
-3.42548
 30
0.0
 10
-1.31586
 20
-3.42548
 30
0.0
 10
-1.28411
 20
-3.43253
 30
0.0
 10
-1.28411
 20
-3.43253
 30
0.0
  0
SPLINE
  5
B4
330
1F
100
AcDbEntity
  8
Layer 1
370
    25
100
AcDbSpline
210
0.0
220
0.0
230
1.0
 70
    24
 71
     3
 72
     8
 73
     4
 74
     0
 42
0.000000001
 43
0.0000000001
 40
0.0
 40
0.0
 40
0.0
 40
0.0
 40
1.0
 40
1.0
 40
1.0
 40
1.0
 10
-1.23473
 20
-3.40431
 30
0.0
 10
-1.23473
 20
-3.40431
 30
0.0
 10
-1.25942
 20
-3.40431
 30
0.0
 10
-1.25942
 20
-3.40431
 30
0.0
  0
SPLINE
  5
B5
330
1F
100
AcDbEntity
  8
Layer 1
370
    25
100
AcDbSpline
210
0.0
220
0.0
230
1.0
 70
     8
 71
     3
 72
    24
 73
    20
 74
     0
 42
0.000000001
 43
0.0000000001
 40
0.0
 40
0.0
 40
0.0
 40
0.0
 40
0.1666666666666667
 40
0.1666666666666667
 40
0.1666666666666667
 40
0.1666666766666667
 40
0.3333333333333333
 40
0.3333333333333333
 40
0.3333333333333333
 40
0.3333333433333333
 40
0.5
 40
0.5
 40
0.5
 40
0.50000001
 40
0.6666666666666666
 40
0.6666666666666666
 40
0.6666666666666666
 40
0.6666666766666667
 40
1.0
 40
1.0
 40
1.0
 40
1.0
 10
-1.16064
 20
-3.47134
 30
0.0
 10
-1.16064
 20
-3.47134
 30
0.0
 10
-1.16417
 20
-3.4537
 30
0.0
 10
-1.16417
 20
-3.4537
 30
0.0
 10
-1.16417
 20
-3.4537
 30
0.0
 10
-1.16417
 20
-3.4537
 30
0.0
 10
-1.17475
 20
-3.43253
 30
0.0
 10
-1.17475
 20
-3.43253
 30
0.0
 10
-1.17475
 20
-3.43253
 30
0.0
 10
-1.17475
 20
-3.43253
 30
0.0
 10
-1.18886
 20
-3.41842
 30
0.0
 10
-1.18886
 20
-3.41842
 30
0.0
 10
-1.18886
 20
-3.41842
 30
0.0
 10
-1.18886
 20
-3.41842
 30
0.0
 10
-1.21003
 20
-3.40784
 30
0.0
 10
-1.21003
 20
-3.40784
 30
0.0
 10
-1.21003
 20
-3.40784
 30
0.0
 10
-1.21003
 20
-3.40784
 30
0.0
 10
-1.23473
 20
-3.40431
 30
0.0
 10
-1.23473
 20
-3.40431
 30
0.0
  0
SPLINE
  5
B6
330
1F
100
AcDbEntity
  8
Layer 1
370
    25
100
AcDbSpline
210
0.0
220
0.0
230
1.0
 70
    24
 71
     3
 72
    16
 73
    12
 74
     0
 42
0.000000001
 43
0.0000000001
 40
0.0
 40
0.0
 40
0.0
 40
0.0
 40
0.25
 40
0.25
 40
0.25
 40
0.25000001
 40
0.5
 40
0.5
 40
0.5
 40
0.50000001
 40
1.0
 40
1.0
 40
1.0
 40
1.0
 10
-1.16064
 20
-3.6442
 30
0.0
 10
-1.16064
 20
-3.6442
 30
0.0
 10
-1.16064
 20
-3.59481
 30
0.0
 10
-1.16064
 20
-3.59481
 30
0.0
 10
-1.16064
 20
-3.59481
 30
0.0
 10
-1.16064
 20
-3.59481
 30
0.0
 10
-1.16064
 20
-3.54542
 30
0.0
 10
-1.16064
 20
-3.54542
 30
0.0
 10
-1.16064
 20
-3.54542
 30
0.0
 10
-1.16064
 20
-3.54542
 30
0.0
 10
-1.16064
 20
-3.47134
 30
0.0
 10
-1.16064
 20
-3.47134
 30
0.0
  0
SPLINE
  5
B7
330
1F
100
AcDbEntity
  8
Layer 1
370
    25
100
AcDbSpline
210
0.0
220
0.0
230
1.0
 70
    24
 71
     3
 72
     8
 73
     4
 74
     0
 42
0.000000001
 43
0.0000000001
 40
0.0
 40
0.0
 40
0.0
 40
0.0
 40
1.0
 40
1.0
 40
1.0
 40
1.0
 10
-1.19945
 20
-3.6442
 30
0.0
 10
-1.19945
 20
-3.6442
 30
0.0
 10
-1.16064
 20
-3.6442
 30
0.0
 10
-1.16064
 20
-3.6442
 30
0.0
  0
SPLINE
  5
B8
330
1F
100
AcDbEntity
  8
Layer 1
370
    25
100
AcDbSpline
210
0.0
220
0.0
230
1.0
 70
    24
 71
     3
 72
     8
 73
     4
 74
     0
 42
0.000000001
 43
0.0000000001
 40
0.0
 40
0.0
 40
0.0
 40
0.0
 40
1.0
 40
1.0
 40
1.0
 40
1.0
 10
-1.19945
 20
-3.63714
 30
0.0
 10
-1.19945
 20
-3.63714
 30
0.0
 10
-1.19945
 20
-3.6442
 30
0.0
 10
-1.19945
 20
-3.6442
 30
0.0
  0
SPLINE
  5
B9
330
1F
100
AcDbEntity
  8
Layer 1
370
    25
100
AcDbSpline
210
0.0
220
0.0
230
1.0
 70
     8
 71
     3
 72
    16
 73
    12
 74
     0
 42
0.000000001
 43
0.0000000001
 40
0.0
 40
0.0
 40
0.0
 40
0.0
 40
0.25
 40
0.25
 40
0.25
 40
0.25000001
 40
0.5
 40
0.5
 40
0.5
 40
0.50000001
 40
1.0
 40
1.0
 40
1.0
 40
1.0
 10
-1.23473
 20
-3.6442
 30
0.0
 10
-1.23473
 20
-3.6442
 30
0.0
 10
-1.22061
 20
-3.6442
 30
0.0
 10
-1.22061
 20
-3.6442
 30
0.0
 10
-1.22061
 20
-3.6442
 30
0.0
 10
-1.22061
 20
-3.6442
 30
0.0
 10
-1.21003
 20
-3.64067
 30
0.0
 10
-1.21003
 20
-3.64067
 30
0.0
 10
-1.21003
 20
-3.64067
 30
0.0
 10
-1.21003
 20
-3.64067
 30
0.0
 10
-1.19945
 20
-3.63714
 30
0.0
 10
-1.19945
 20
-3.63714
 30
0.0
  0
SPLINE
  5
BA
330
1F
100
AcDbEntity
  8
Layer 1
370
    25
100
AcDbSpline
210
0.0
220
0.0
230
1.0
 70
    24
 71
     3
 72
     8
 73
     4
 74
     0
 42
0.000000001
 43
0.0000000001
 40
0.0
 40
0.0
 40
0.0
 40
0.0
 40
1.0
 40
1.0
 40
1.0
 40
1.0
 10
-1.26295
 20
-3.6442
 30
0.0
 10
-1.26295
 20
-3.6442
 30
0.0
 10
-1.23473
 20
-3.6442
 30
0.0
 10
-1.23473
 20
-3.6442
 30
0.0
  0
SPLINE
  5
BB
330
1F
100
AcDbEntity
  8
Layer 1
370
    25
100
AcDbSpline
210
0.0
220
0.0
230
1.0
 70
     8
 71
     3
 72
    24
 73
    20
 74
     0
 42
0.000000001
 43
0.0000000001
 40
0.0
 40
0.0
 40
0.0
 40
0.0
 40
0.1666666666666667
 40
0.1666666666666667
 40
0.1666666666666667
 40
0.1666666766666667
 40
0.3333333333333333
 40
0.3333333333333333
 40
0.3333333333333333
 40
0.3333333433333333
 40
0.5
 40
0.5
 40
0.5
 40
0.50000001
 40
0.6666666666666666
 40
0.6666666666666666
 40
0.6666666666666666
 40
0.6666666766666667
 40
1.0
 40
1.0
 40
1.0
 40
1.0
 10
-1.3335
 20
-3.57717
 30
0.0
 10
-1.3335
 20
-3.57717
 30
0.0
 10
-1.32998
 20
-3.59834
 30
0.0
 10
-1.32998
 20
-3.59834
 30
0.0
 10
-1.32998
 20
-3.59834
 30
0.0
 10
-1.32998
 20
-3.59834
 30
0.0
 10
-1.32292
 20
-3.61598
 30
0.0
 10
-1.32292
 20
-3.61598
 30
0.0
 10
-1.32292
 20
-3.61598
 30
0.0
 10
-1.32292
 20
-3.61598
 30
0.0
 10
-1.30528
 20
-3.63009
 30
0.0
 10
-1.30528
 20
-3.63009
 30
0.0
 10
-1.30528
 20
-3.63009
 30
0.0
 10
-1.30528
 20
-3.63009
 30
0.0
 10
-1.28411
 20
-3.64067
 30
0.0
 10
-1.28411
 20
-3.64067
 30
0.0
 10
-1.28411
 20
-3.64067
 30
0.0
 10
-1.28411
 20
-3.64067
 30
0.0
 10
-1.26295
 20
-3.6442
 30
0.0
 10
-1.26295
 20
-3.6442
 30
0.0
  0
SPLINE
  5
BC
330
1F
100
AcDbEntity
  8
Layer 1
370
    25
100
AcDbSpline
210
0.0
220
0.0
230
1.0
 70
    24
 71
     3
 72
     8
 73
     4
 74
     0
 42
0.000000001
 43
0.0000000001
 40
0.0
 40
0.0
 40
0.0
 40
0.0
 40
1.0
 40
1.0
 40
1.0
 40
1.0
 10
-1.3335
 20
-3.56306
 30
0.0
 10
-1.3335
 20
-3.56306
 30
0.0
 10
-1.3335
 20
-3.57717
 30
0.0
 10
-1.3335
 20
-3.57717
 30
0.0
  0
SPLINE
  5
BD
330
1F
100
AcDbEntity
  8
Layer 1
370
    25
100
AcDbSpline
210
0.0
220
0.0
230
1.0
 70
     8
 71
     3
 72
    24
 73
    20
 74
     0
 42
0.000000001
 43
0.0000000001
 40
0.0
 40
0.0
 40
0.0
 40
0.0
 40
0.1666666666666667
 40
0.1666666666666667
 40
0.1666666666666667
 40
0.1666666766666667
 40
0.3333333333333333
 40
0.3333333333333333
 40
0.3333333333333333
 40
0.3333333433333333
 40
0.5
 40
0.5
 40
0.5
 40
0.50000001
 40
0.6666666666666666
 40
0.6666666666666666
 40
0.6666666666666666
 40
0.6666666766666667
 40
1.0
 40
1.0
 40
1.0
 40
1.0
 10
-1.25942
 20
-3.49956
 30
0.0
 10
-1.25942
 20
-3.49956
 30
0.0
 10
-1.28411
 20
-3.50309
 30
0.0
 10
-1.28411
 20
-3.50309
 30
0.0
 10
-1.28411
 20
-3.50309
 30
0.0
 10
-1.28411
 20
-3.50309
 30
0.0
 10
-1.30881
 20
-3.51367
 30
0.0
 10
-1.30881
 20
-3.51367
 30
0.0
 10
-1.30881
 20
-3.51367
 30
0.0
 10
-1.30881
 20
-3.51367
 30
0.0
 10
-1.32645
 20
-3.53131
 30
0.0
 10
-1.32645
 20
-3.53131
 30
0.0
 10
-1.32645
 20
-3.53131
 30
0.0
 10
-1.32645
 20
-3.53131
 30
0.0
 10
-1.3335
 20
-3.54542
 30
0.0
 10
-1.3335
 20
-3.54542
 30
0.0
 10
-1.3335
 20
-3.54542
 30
0.0
 10
-1.3335
 20
-3.54542
 30
0.0
 10
-1.3335
 20
-3.56306
 30
0.0
 10
-1.3335
 20
-3.56306
 30
0.0
  0
SPLINE
  5
BE
330
1F
100
AcDbEntity
  8
Layer 1
370
    25
100
AcDbSpline
210
0.0
220
0.0
230
1.0
 70
    24
 71
     3
 72
     8
 73
     4
 74
     0
 42
0.000000001
 43
0.0000000001
 40
0.0
 40
0.0
 40
0.0
 40
0.0
 40
1.0
 40
1.0
 40
1.0
 40
1.0
 10
-1.19945
 20
-3.49956
 30
0.0
 10
-1.19945
 20
-3.49956
 30
0.0
 10
-1.25942
 20
-3.49956
 30
0.0
 10
-1.25942
 20
-3.49956
 30
0.0
  0
SPLINE
  5
BF
330
1F
100
AcDbEntity
  8
Layer 1
370
    25
100
AcDbSpline
210
0.0
220
0.0
230
1.0
 70
    24
 71
     3
 72
     8
 73
     4
 74
     0
 42
0.000000001
 43
0.0000000001
 40
0.0
 40
0.0
 40
0.0
 40
0.0
 40
1.0
 40
1.0
 40
1.0
 40
1.0
 10
-1.19945
 20
-3.46428
 30
0.0
 10
-1.19945
 20
-3.46428
 30
0.0
 10
-1.19945
 20
-3.49956
 30
0.0
 10
-1.19945
 20
-3.49956
 30
0.0
  0
SPLINE
  5
C0
330
1F
100
AcDbEntity
  8
Layer 1
370
    25
100
AcDbSpline
210
0.0
220
0.0
230
1.0
 70
     8
 71
     3
 72
    12
 73
     8
 74
     0
 42
0.000000001
 43
0.0000000001
 40
0.0
 40
0.0
 40
0.0
 40
0.0
 40
0.3333333333333333
 40
0.3333333333333333
 40
0.3333333333333333
 40
0.3333333433333333
 40
1.0
 40
1.0
 40
1.0
 40
1.0
 10
-1.82739
 20
-3.46428
 30
0.0
 10
-1.82739
 20
-3.46428
 30
0.0
 10
-1.83092
 20
-3.46428
 30
0.0
 10
-1.83092
 20
-3.46428
 30
0.0
 10
-1.83092
 20
-3.46428
 30
0.0
 10
-1.83092
 20
-3.46428
 30
0.0
 10
-1.83092
 20
-3.46781
 30
0.0
 10
-1.83092
 20
-3.46781
 30
0.0
  0
SPLINE
  5
C1
330
1F
100
AcDbEntity
  8
Layer 1
370
    25
100
AcDbSpline
210
0.0
220
0.0
230
1.0
 70
    24
 71
     3
 72
     8
 73
     4
 74
     0
 42
0.000000001
 43
0.0000000001
 40
0.0
 40
0.0
 40
0.0
 40
0.0
 40
1.0
 40
1.0
 40
1.0
 40
1.0
 10
-1.82739
 20
-3.46428
 30
0.0
 10
-1.82739
 20
-3.46428
 30
0.0
 10
-1.79211
 20
-3.4537
 30
0.0
 10
-1.79211
 20
-3.4537
 30
0.0
  0
SPLINE
  5
C2
330
1F
100
AcDbEntity
  8
Layer 1
370
    25
100
AcDbSpline
210
0.0
220
0.0
230
1.0
 70
     8
 71
     3
 72
    12
 73
     8
 74
     0
 42
0.000000001
 43
0.0000000001
 40
0.0
 40
0.0
 40
0.0
 40
0.0
 40
0.3333333333333333
 40
0.3333333333333333
 40
0.3333333333333333
 40
0.3333333433333333
 40
1.0
 40
1.0
 40
1.0
 40
1.0
 10
-1.79211
 20
-3.4537
 30
0.0
 10
-1.79211
 20
-3.4537
 30
0.0
 10
-1.78859
 20
-3.4537
 30
0.0
 10
-1.78859
 20
-3.4537
 30
0.0
 10
-1.78859
 20
-3.4537
 30
0.0
 10
-1.78859
 20
-3.4537
 30
0.0
 10
-1.78859
 20
-3.45723
 30
0.0
 10
-1.78859
 20
-3.45723
 30
0.0
  0
SPLINE
  5
C3
330
1F
100
AcDbEntity
  8
Layer 1
370
    25
100
AcDbSpline
210
0.0
220
0.0
230
1.0
 70
    24
 71
     3
 72
     8
 73
     4
 74
     0
 42
0.000000001
 43
0.0000000001
 40
0.0
 40
0.0
 40
0.0
 40
0.0
 40
1.0
 40
1.0
 40
1.0
 40
1.0
 10
-1.83092
 20
-3.46781
 30
0.0
 10
-1.83092
 20
-3.46781
 30
0.0
 10
-1.78859
 20
-3.45723
 30
0.0
 10
-1.78859
 20
-3.45723
 30
0.0
  0
SPLINE
  5
C4
330
1F
100
AcDbEntity
  8
Layer 1
370
    25
100
AcDbSpline
210
0.0
220
0.0
230
1.0
 70
     8
 71
     3
 72
    24
 73
    20
 74
     0
 42
0.000000001
 43
0.0000000001
 40
0.0
 40
0.0
 40
0.0
 40
0.0
 40
0.1666666666666667
 40
0.1666666666666667
 40
0.1666666666666667
 40
0.1666666766666667
 40
0.3333333333333333
 40
0.3333333333333333
 40
0.3333333333333333
 40
0.3333333433333333
 40
0.5
 40
0.5
 40
0.5
 40
0.50000001
 40
0.6666666666666666
 40
0.6666666666666666
 40
0.6666666666666666
 40
0.6666666766666667
 40
1.0
 40
1.0
 40
1.0
 40
1.0
 10
-1.87678
 20
-3.41842
 30
0.0
 10
-1.87678
 20
-3.41842
 30
0.0
 10
-1.85914
 20
-3.42195
 30
0.0
 10
-1.85914
 20
-3.42195
 30
0.0
 10
-1.85914
 20
-3.42195
 30
0.0
 10
-1.85914
 20
-3.42195
 30
0.0
 10
-1.84503
 20
-3.429
 30
0.0
 10
-1.84503
 20
-3.429
 30
0.0
 10
-1.84503
 20
-3.429
 30
0.0
 10
-1.84503
 20
-3.429
 30
0.0
 10
-1.83445
 20
-3.44312
 30
0.0
 10
-1.83445
 20
-3.44312
 30
0.0
 10
-1.83445
 20
-3.44312
 30
0.0
 10
-1.83445
 20
-3.44312
 30
0.0
 10
-1.82739
 20
-3.45723
 30
0.0
 10
-1.82739
 20
-3.45723
 30
0.0
 10
-1.82739
 20
-3.45723
 30
0.0
 10
-1.82739
 20
-3.45723
 30
0.0
 10
-1.82739
 20
-3.46428
 30
0.0
 10
-1.82739
 20
-3.46428
 30
0.0
  0
SPLINE
  5
C5
330
1F
100
AcDbEntity
  8
Layer 1
370
    25
100
AcDbSpline
210
0.0
220
0.0
230
1.0
 70
     8
 71
     3
 72
    24
 73
    20
 74
     0
 42
0.000000001
 43
0.0000000001
 40
0.0
 40
0.0
 40
0.0
 40
0.0
 40
0.1666666666666667
 40
0.1666666666666667
 40
0.1666666666666667
 40
0.1666666766666667
 40
0.3333333333333333
 40
0.3333333333333333
 40
0.3333333333333333
 40
0.3333333433333333
 40
0.5
 40
0.5
 40
0.5
 40
0.50000001
 40
0.6666666666666666
 40
0.6666666666666666
 40
0.6666666666666666
 40
0.6666666766666667
 40
1.0
 40
1.0
 40
1.0
 40
1.0
 10
-1.92617
 20
-3.46781
 30
0.0
 10
-1.92617
 20
-3.46781
 30
0.0
 10
-1.92264
 20
-3.45017
 30
0.0
 10
-1.92264
 20
-3.45017
 30
0.0
 10
-1.92264
 20
-3.45017
 30
0.0
 10
-1.92264
 20
-3.45017
 30
0.0
 10
-1.91559
 20
-3.43606
 30
0.0
 10
-1.91559
 20
-3.43606
 30
0.0
 10
-1.91559
 20
-3.43606
 30
0.0
 10
-1.91559
 20
-3.43606
 30
0.0
 10
-1.90148
 20
-3.42548
 30
0.0
 10
-1.90148
 20
-3.42548
 30
0.0
 10
-1.90148
 20
-3.42548
 30
0.0
 10
-1.90148
 20
-3.42548
 30
0.0
 10
-1.88736
 20
-3.41842
 30
0.0
 10
-1.88736
 20
-3.41842
 30
0.0
 10
-1.88736
 20
-3.41842
 30
0.0
 10
-1.88736
 20
-3.41842
 30
0.0
 10
-1.87678
 20
-3.41842
 30
0.0
 10
-1.87678
 20
-3.41842
 30
0.0
  0
SPLINE
  5
C6
330
1F
100
AcDbEntity
  8
Layer 1
370
    25
100
AcDbSpline
210
0.0
220
0.0
230
1.0
 70
    24
 71
     3
 72
     8
 73
     4
 74
     0
 42
0.000000001
 43
0.0000000001
 40
0.0
 40
0.0
 40
0.0
 40
0.0
 40
1.0
 40
1.0
 40
1.0
 40
1.0
 10
-1.92617
 20
-3.5807
 30
0.0
 10
-1.92617
 20
-3.5807
 30
0.0
 10
-1.92617
 20
-3.46781
 30
0.0
 10
-1.92617
 20
-3.46781
 30
0.0
  0
SPLINE
  5
C7
330
1F
100
AcDbEntity
  8
Layer 1
370
    25
100
AcDbSpline
210
0.0
220
0.0
230
1.0
 70
     8
 71
     3
 72
    24
 73
    20
 74
     0
 42
0.000000001
 43
0.0000000001
 40
0.0
 40
0.0
 40
0.0
 40
0.0
 40
0.1666666666666667
 40
0.1666666666666667
 40
0.1666666666666667
 40
0.1666666766666667
 40
0.3333333333333333
 40
0.3333333333333333
 40
0.3333333333333333
 40
0.3333333433333333
 40
0.5
 40
0.5
 40
0.5
 40
0.50000001
 40
0.6666666666666666
 40
0.6666666666666666
 40
0.6666666666666666
 40
0.6666666766666667
 40
1.0
 40
1.0
 40
1.0
 40
1.0
 10
-1.87678
 20
-3.63009
 30
0.0
 10
-1.87678
 20
-3.63009
 30
0.0
 10
-1.89442
 20
-3.62656
 30
0.0
 10
-1.89442
 20
-3.62656
 30
0.0
 10
-1.89442
 20
-3.62656
 30
0.0
 10
-1.89442
 20
-3.62656
 30
0.0
 10
-1.90853
 20
-3.6195
 30
0.0
 10
-1.90853
 20
-3.6195
 30
0.0
 10
-1.90853
 20
-3.6195
 30
0.0
 10
-1.90853
 20
-3.6195
 30
0.0
 10
-1.91911
 20
-3.60892
 30
0.0
 10
-1.91911
 20
-3.60892
 30
0.0
 10
-1.91911
 20
-3.60892
 30
0.0
 10
-1.91911
 20
-3.60892
 30
0.0
 10
-1.92617
 20
-3.59128
 30
0.0
 10
-1.92617
 20
-3.59128
 30
0.0
 10
-1.92617
 20
-3.59128
 30
0.0
 10
-1.92617
 20
-3.59128
 30
0.0
 10
-1.92617
 20
-3.5807
 30
0.0
 10
-1.92617
 20
-3.5807
 30
0.0
  0
SPLINE
  5
C8
330
1F
100
AcDbEntity
  8
Layer 1
370
    25
100
AcDbSpline
210
0.0
220
0.0
230
1.0
 70
     8
 71
     3
 72
    24
 73
    20
 74
     0
 42
0.000000001
 43
0.0000000001
 40
0.0
 40
0.0
 40
0.0
 40
0.0
 40
0.1666666666666667
 40
0.1666666666666667
 40
0.1666666666666667
 40
0.1666666766666667
 40
0.3333333333333333
 40
0.3333333333333333
 40
0.3333333333333333
 40
0.3333333433333333
 40
0.5
 40
0.5
 40
0.5
 40
0.50000001
 40
0.6666666666666666
 40
0.6666666666666666
 40
0.6666666666666666
 40
0.6666666766666667
 40
1.0
 40
1.0
 40
1.0
 40
1.0
 10
-1.82739
 20
-3.58775
 30
0.0
 10
-1.82739
 20
-3.58775
 30
0.0
 10
-1.83092
 20
-3.60187
 30
0.0
 10
-1.83092
 20
-3.60187
 30
0.0
 10
-1.83092
 20
-3.60187
 30
0.0
 10
-1.83092
 20
-3.60187
 30
0.0
 10
-1.8415
 20
-3.61598
 30
0.0
 10
-1.8415
 20
-3.61598
 30
0.0
 10
-1.8415
 20
-3.61598
 30
0.0
 10
-1.8415
 20
-3.61598
 30
0.0
 10
-1.85561
 20
-3.62656
 30
0.0
 10
-1.85561
 20
-3.62656
 30
0.0
 10
-1.85561
 20
-3.62656
 30
0.0
 10
-1.85561
 20
-3.62656
 30
0.0
 10
-1.86973
 20
-3.63009
 30
0.0
 10
-1.86973
 20
-3.63009
 30
0.0
 10
-1.86973
 20
-3.63009
 30
0.0
 10
-1.86973
 20
-3.63009
 30
0.0
 10
-1.87678
 20
-3.63009
 30
0.0
 10
-1.87678
 20
-3.63009
 30
0.0
  0
SPLINE
  5
C9
330
1F
100
AcDbEntity
  8
Layer 1
370
    25
100
AcDbSpline
210
0.0
220
0.0
230
1.0
 70
    24
 71
     3
 72
     8
 73
     4
 74
     0
 42
0.000000001
 43
0.0000000001
 40
0.0
 40
0.0
 40
0.0
 40
0.0
 40
1.0
 40
1.0
 40
1.0
 40
1.0
 10
-1.79211
 20
-3.59481
 30
0.0
 10
-1.79211
 20
-3.59481
 30
0.0
 10
-1.82739
 20
-3.58775
 30
0.0
 10
-1.82739
 20
-3.58775
 30
0.0
  0
SPLINE
  5
CA
330
1F
100
AcDbEntity
  8
Layer 1
370
    25
100
AcDbSpline
210
0.0
220
0.0
230
1.0
 70
     8
 71
     3
 72
    20
 73
    16
 74
     0
 42
0.000000001
 43
0.0000000001
 40
0.0
 40
0.0
 40
0.0
 40
0.0
 40
0.2
 40
0.2
 40
0.2
 40
0.20000001
 40
0.4
 40
0.4
 40
0.4
 40
0.40000001
 40
0.6
 40
0.6
 40
0.6
 40
0.60000001
 40
1.0
 40
1.0
 40
1.0
 40
1.0
 10
-1.86267
 20
-3.6442
 30
0.0
 10
-1.86267
 20
-3.6442
 30
0.0
 10
-1.83798
 20
-3.64067
 30
0.0
 10
-1.83798
 20
-3.64067
 30
0.0
 10
-1.83798
 20
-3.64067
 30
0.0
 10
-1.83798
 20
-3.64067
 30
0.0
 10
-1.81681
 20
-3.62656
 30
0.0
 10
-1.81681
 20
-3.62656
 30
0.0
 10
-1.81681
 20
-3.62656
 30
0.0
 10
-1.81681
 20
-3.62656
 30
0.0
 10
-1.79917
 20
-3.60892
 30
0.0
 10
-1.79917
 20
-3.60892
 30
0.0
 10
-1.79917
 20
-3.60892
 30
0.0
 10
-1.79917
 20
-3.60892
 30
0.0
 10
-1.79211
 20
-3.59481
 30
0.0
 10
-1.79211
 20
-3.59481
 30
0.0
  0
SPLINE
  5
CB
330
1F
100
AcDbEntity
  8
Layer 1
370
    25
100
AcDbSpline
210
0.0
220
0.0
230
1.0
 70
    24
 71
     3
 72
     8
 73
     4
 74
     0
 42
0.000000001
 43
0.0000000001
 40
0.0
 40
0.0
 40
0.0
 40
0.0
 40
1.0
 40
1.0
 40
1.0
 40
1.0
 10
-1.89089
 20
-3.6442
 30
0.0
 10
-1.89089
 20
-3.6442
 30
0.0
 10
-1.86267
 20
-3.6442
 30
0.0
 10
-1.86267
 20
-3.6442
 30
0.0
  0
SPLINE
  5
CC
330
1F
100
AcDbEntity
  8
Layer 1
370
    25
100
AcDbSpline
210
0.0
220
0.0
230
1.0
 70
     8
 71
     3
 72
    24
 73
    20
 74
     0
 42
0.000000001
 43
0.0000000001
 40
0.0
 40
0.0
 40
0.0
 40
0.0
 40
0.1666666666666667
 40
0.1666666666666667
 40
0.1666666666666667
 40
0.1666666766666667
 40
0.3333333333333333
 40
0.3333333333333333
 40
0.3333333333333333
 40
0.3333333433333333
 40
0.5
 40
0.5
 40
0.5
 40
0.50000001
 40
0.6666666666666666
 40
0.6666666666666666
 40
0.6666666666666666
 40
0.6666666766666667
 40
1.0
 40
1.0
 40
1.0
 40
1.0
 10
-1.96498
 20
-3.57717
 30
0.0
 10
-1.96498
 20
-3.57717
 30
0.0
 10
-1.96145
 20
-3.59481
 30
0.0
 10
-1.96145
 20
-3.59481
 30
0.0
 10
-1.96145
 20
-3.59481
 30
0.0
 10
-1.96145
 20
-3.59481
 30
0.0
 10
-1.95086
 20
-3.61245
 30
0.0
 10
-1.95086
 20
-3.61245
 30
0.0
 10
-1.95086
 20
-3.61245
 30
0.0
 10
-1.95086
 20
-3.61245
 30
0.0
 10
-1.93675
 20
-3.63009
 30
0.0
 10
-1.93675
 20
-3.63009
 30
0.0
 10
-1.93675
 20
-3.63009
 30
0.0
 10
-1.93675
 20
-3.63009
 30
0.0
 10
-1.91559
 20
-3.64067
 30
0.0
 10
-1.91559
 20
-3.64067
 30
0.0
 10
-1.91559
 20
-3.64067
 30
0.0
 10
-1.91559
 20
-3.64067
 30
0.0
 10
-1.89089
 20
-3.6442
 30
0.0
 10
-1.89089
 20
-3.6442
 30
0.0
  0
SPLINE
  5
CD
330
1F
100
AcDbEntity
  8
Layer 1
370
    25
100
AcDbSpline
210
0.0
220
0.0
230
1.0
 70
    24
 71
     3
 72
     8
 73
     4
 74
     0
 42
0.000000001
 43
0.0000000001
 40
0.0
 40
0.0
 40
0.0
 40
0.0
 40
1.0
 40
1.0
 40
1.0
 40
1.0
 10
-1.96498
 20
-3.47134
 30
0.0
 10
-1.96498
 20
-3.47134
 30
0.0
 10
-1.96498
 20
-3.57717
 30
0.0
 10
-1.96498
 20
-3.57717
 30
0.0
  0
SPLINE
  5
CE
330
1F
100
AcDbEntity
  8
Layer 1
370
    25
100
AcDbSpline
210
0.0
220
0.0
230
1.0
 70
     8
 71
     3
 72
    24
 73
    20
 74
     0
 42
0.000000001
 43
0.0000000001
 40
0.0
 40
0.0
 40
0.0
 40
0.0
 40
0.1666666666666667
 40
0.1666666666666667
 40
0.1666666666666667
 40
0.1666666766666667
 40
0.3333333333333333
 40
0.3333333333333333
 40
0.3333333333333333
 40
0.3333333433333333
 40
0.5
 40
0.5
 40
0.5
 40
0.50000001
 40
0.6666666666666666
 40
0.6666666666666666
 40
0.6666666666666666
 40
0.6666666766666667
 40
1.0
 40
1.0
 40
1.0
 40
1.0
 10
-1.89089
 20
-3.40431
 30
0.0
 10
-1.89089
 20
-3.40431
 30
0.0
 10
-1.91559
 20
-3.40784
 30
0.0
 10
-1.91559
 20
-3.40784
 30
0.0
 10
-1.91559
 20
-3.40784
 30
0.0
 10
-1.91559
 20
-3.40784
 30
0.0
 10
-1.93675
 20
-3.42195
 30
0.0
 10
-1.93675
 20
-3.42195
 30
0.0
 10
-1.93675
 20
-3.42195
 30
0.0
 10
-1.93675
 20
-3.42195
 30
0.0
 10
-1.95439
 20
-3.43959
 30
0.0
 10
-1.95439
 20
-3.43959
 30
0.0
 10
-1.95439
 20
-3.43959
 30
0.0
 10
-1.95439
 20
-3.43959
 30
0.0
 10
-1.96145
 20
-3.46075
 30
0.0
 10
-1.96145
 20
-3.46075
 30
0.0
 10
-1.96145
 20
-3.46075
 30
0.0
 10
-1.96145
 20
-3.46075
 30
0.0
 10
-1.96498
 20
-3.47134
 30
0.0
 10
-1.96498
 20
-3.47134
 30
0.0
  0
SPLINE
  5
CF
330
1F
100
AcDbEntity
  8
Layer 1
370
    25
100
AcDbSpline
210
0.0
220
0.0
230
1.0
 70
    24
 71
     3
 72
     8
 73
     4
 74
     0
 42
0.000000001
 43
0.0000000001
 40
0.0
 40
0.0
 40
0.0
 40
0.0
 40
1.0
 40
1.0
 40
1.0
 40
1.0
 10
-1.86267
 20
-3.40431
 30
0.0
 10
-1.86267
 20
-3.40431
 30
0.0
 10
-1.89089
 20
-3.40431
 30
0.0
 10
-1.89089
 20
-3.40431
 30
0.0
  0
SPLINE
  5
D0
330
1F
100
AcDbEntity
  8
Layer 1
370
    25
100
AcDbSpline
210
0.0
220
0.0
230
1.0
 70
     8
 71
     3
 72
    20
 73
    16
 74
     0
 42
0.000000001
 43
0.0000000001
 40
0.0
 40
0.0
 40
0.0
 40
0.0
 40
0.2
 40
0.2
 40
0.2
 40
0.20000001
 40
0.4
 40
0.4
 40
0.4
 40
0.40000001
 40
0.6
 40
0.6
 40
0.6
 40
0.60000001
 40
1.0
 40
1.0
 40
1.0
 40
1.0
 10
-1.79211
 20
-3.4537
 30
0.0
 10
-1.79211
 20
-3.4537
 30
0.0
 10
-1.8027
 20
-3.43606
 30
0.0
 10
-1.8027
 20
-3.43606
 30
0.0
 10
-1.8027
 20
-3.43606
 30
0.0
 10
-1.8027
 20
-3.43606
 30
0.0
 10
-1.81681
 20
-3.42195
 30
0.0
 10
-1.81681
 20
-3.42195
 30
0.0
 10
-1.81681
 20
-3.42195
 30
0.0
 10
-1.81681
 20
-3.42195
 30
0.0
 10
-1.83798
 20
-3.41137
 30
0.0
 10
-1.83798
 20
-3.41137
 30
0.0
 10
-1.83798
 20
-3.41137
 30
0.0
 10
-1.83798
 20
-3.41137
 30
0.0
 10
-1.86267
 20
-3.40431
 30
0.0
 10
-1.86267
 20
-3.40431
 30
0.0
  0
SPLINE
  5
D1
330
1F
100
AcDbEntity
  8
Layer 1
370
    25
100
AcDbSpline
210
0.0
220
0.0
230
1.0
 70
    24
 71
     3
 72
    12
 73
     8
 74
     0
 42
0.000000001
 43
0.0000000001
 40
0.0
 40
0.0
 40
0.0
 40
0.0
 40
0.3333333333333333
 40
0.3333333333333333
 40
0.3333333333333333
 40
0.3333333433333333
 40
1.0
 40
1.0
 40
1.0
 40
1.0
 10
-1.58045
 20
-3.59481
 30
0.0
 10
-1.58045
 20
-3.59481
 30
0.0
 10
-1.58045
 20
-3.59481
 30
0.0
 10
-1.58045
 20
-3.59481
 30
0.0
 10
-1.58045
 20
-3.59481
 30
0.0
 10
-1.58045
 20
-3.59481
 30
0.0
 10
-1.57692
 20
-3.59128
 30
0.0
 10
-1.57692
 20
-3.59128
 30
0.0
  0
SPLINE
  5
D2
330
1F
100
AcDbEntity
  8
Layer 1
370
    25
100
AcDbSpline
210
0.0
220
0.0
230
1.0
 70
    24
 71
     3
 72
     8
 73
     4
 74
     0
 42
0.000000001
 43
0.0000000001
 40
0.0
 40
0.0
 40
0.0
 40
0.0
 40
1.0
 40
1.0
 40
1.0
 40
1.0
 10
-1.58045
 20
-3.59481
 30
0.0
 10
-1.58045
 20
-3.59481
 30
0.0
 10
-1.61925
 20
-3.58775
 30
0.0
 10
-1.61925
 20
-3.58775
 30
0.0
  0
SPLINE
  5
D3
330
1F
100
AcDbEntity
  8
Layer 1
370
    25
100
AcDbSpline
210
0.0
220
0.0
230
1.0
 70
     8
 71
     3
 72
    12
 73
     8
 74
     0
 42
0.000000001
 43
0.0000000001
 40
0.0
 40
0.0
 40
0.0
 40
0.0
 40
0.3333333333333333
 40
0.3333333333333333
 40
0.3333333333333333
 40
0.3333333433333333
 40
1.0
 40
1.0
 40
1.0
 40
1.0
 10
-1.61925
 20
-3.58775
 30
0.0
 10
-1.61925
 20
-3.58775
 30
0.0
 10
-1.61925
 20
-3.58423
 30
0.0
 10
-1.61925
 20
-3.58423
 30
0.0
 10
-1.61925
 20
-3.58423
 30
0.0
 10
-1.61925
 20
-3.58423
 30
0.0
 10
-1.62278
 20
-3.5807
 30
0.0
 10
-1.62278
 20
-3.5807
 30
0.0
  0
SPLINE
  5
D4
330
1F
100
AcDbEntity
  8
Layer 1
370
    25
100
AcDbSpline
210
0.0
220
0.0
230
1.0
 70
    24
 71
     3
 72
     8
 73
     4
 74
     0
 42
0.000000001
 43
0.0000000001
 40
0.0
 40
0.0
 40
0.0
 40
0.0
 40
1.0
 40
1.0
 40
1.0
 40
1.0
 10
-1.57692
 20
-3.59128
 30
0.0
 10
-1.57692
 20
-3.59128
 30
0.0
 10
-1.62278
 20
-3.5807
 30
0.0
 10
-1.62278
 20
-3.5807
 30
0.0
  0
SPLINE
  5
D5
330
1F
100
AcDbEntity
  8
Layer 1
370
    25
100
AcDbSpline
210
0.0
220
0.0
230
1.0
 70
    24
 71
     3
 72
     8
 73
     4
 74
     0
 42
0.000000001
 43
0.0000000001
 40
0.0
 40
0.0
 40
0.0
 40
0.0
 40
1.0
 40
1.0
 40
1.0
 40
1.0
 10
-1.28411
 20
-3.43253
 30
0.0
 10
-1.28411
 20
-3.43253
 30
0.0
 10
-1.28059
 20
-3.43606
 30
0.0
 10
-1.28059
 20
-3.43606
 30
0.0
  0
SPLINE
  5
D6
330
1F
100
AcDbEntity
  8
Layer 1
370
    25
100
AcDbSpline
210
0.0
220
0.0
230
1.0
 70
    24
 71
     3
 72
     8
 73
     4
 74
     0
 42
0.000000001
 43
0.0000000001
 40
0.0
 40
0.0
 40
0.0
 40
0.0
 40
1.0
 40
1.0
 40
1.0
 40
1.0
 10
-1.24884
 20
-3.41842
 30
0.0
 10
-1.24884
 20
-3.41842
 30
0.0
 10
-1.24884
 20
-3.42195
 30
0.0
 10
-1.24884
 20
-3.42195
 30
0.0
  0
SPLINE
  5
D7
330
1F
100
AcDbEntity
  8
Layer 1
370
    25
100
AcDbSpline
210
0.0
220
0.0
230
1.0
 70
     8
 71
     3
 72
    16
 73
    12
 74
     0
 42
0.000000001
 43
0.0000000001
 40
0.0
 40
0.0
 40
0.0
 40
0.0
 40
0.25
 40
0.25
 40
0.25
 40
0.25000001
 40
0.5
 40
0.5
 40
0.5
 40
0.50000001
 40
1.0
 40
1.0
 40
1.0
 40
1.0
 10
-1.28059
 20
-3.43606
 30
0.0
 10
-1.28059
 20
-3.43606
 30
0.0
 10
-1.27
 20
-3.429
 30
0.0
 10
-1.27
 20
-3.429
 30
0.0
 10
-1.27
 20
-3.429
 30
0.0
 10
-1.27
 20
-3.429
 30
0.0
 10
-1.25589
 20
-3.42195
 30
0.0
 10
-1.25589
 20
-3.42195
 30
0.0
 10
-1.25589
 20
-3.42195
 30
0.0
 10
-1.25589
 20
-3.42195
 30
0.0
 10
-1.24884
 20
-3.42195
 30
0.0
 10
-1.24884
 20
-3.42195
 30
0.0
  0
SPLINE
  5
D8
330
1F
100
AcDbEntity
  8
Layer 1
370
    25
100
AcDbSpline
210
0.0
220
0.0
230
1.0
 70
    24
 71
     3
 72
     8
 73
     4
 74
     0
 42
0.000000001
 43
0.0000000001
 40
0.0
 40
0.0
 40
0.0
 40
0.0
 40
1.0
 40
1.0
 40
1.0
 40
1.0
 10
-1.86267
 20
-3.40431
 30
0.0
 10
-1.86267
 20
-3.40431
 30
0.0
 10
-1.86267
 20
-3.40078
 30
0.0
 10
-1.86267
 20
-3.40078
 30
0.0
  0
SPLINE
  5
D9
330
1F
100
AcDbEntity
  8
Layer 1
370
    25
100
AcDbSpline
210
0.0
220
0.0
230
1.0
 70
     8
 71
     3
 72
    24
 73
    20
 74
     0
 42
0.000000001
 43
0.0000000001
 40
0.0
 40
0.0
 40
0.0
 40
0.0
 40
0.1666666666666667
 40
0.1666666666666667
 40
0.1666666666666667
 40
0.1666666766666667
 40
0.3333333333333333
 40
0.3333333333333333
 40
0.3333333333333333
 40
0.3333333433333333
 40
0.5
 40
0.5
 40
0.5
 40
0.50000001
 40
0.6666666666666666
 40
0.6666666666666666
 40
0.6666666666666666
 40
0.6666666766666667
 40
1.0
 40
1.0
 40
1.0
 40
1.0
 10
-1.78859
 20
-3.45723
 30
0.0
 10
-1.78859
 20
-3.45723
 30
0.0
 10
-1.79564
 20
-3.43606
 30
0.0
 10
-1.79564
 20
-3.43606
 30
0.0
 10
-1.79564
 20
-3.43606
 30
0.0
 10
-1.79564
 20
-3.43606
 30
0.0
 10
-1.81328
 20
-3.41842
 30
0.0
 10
-1.81328
 20
-3.41842
 30
0.0
 10
-1.81328
 20
-3.41842
 30
0.0
 10
-1.81328
 20
-3.41842
 30
0.0
 10
-1.83445
 20
-3.40784
 30
0.0
 10
-1.83445
 20
-3.40784
 30
0.0
 10
-1.83445
 20
-3.40784
 30
0.0
 10
-1.83445
 20
-3.40784
 30
0.0
 10
-1.85914
 20
-3.40078
 30
0.0
 10
-1.85914
 20
-3.40078
 30
0.0
 10
-1.85914
 20
-3.40078
 30
0.0
 10
-1.85914
 20
-3.40078
 30
0.0
 10
-1.86267
 20
-3.40078
 30
0.0
 10
-1.86267
 20
-3.40078
 30
0.0
  0
SPLINE
  5
DA
330
1F
100
AcDbEntity
  8
Layer 1
370
    25
100
AcDbSpline
210
0.0
220
0.0
230
1.0
 70
    24
 71
     3
 72
     8
 73
     4
 74
     0
 42
0.000000001
 43
0.0000000001
 40
0.0
 40
0.0
 40
0.0
 40
0.0
 40
1.0
 40
1.0
 40
1.0
 40
1.0
 10
-1.65453
 20
-3.6442
 30
0.0
 10
-1.65453
 20
-3.6442
 30
0.0
 10
-1.65453
 20
-3.64773
 30
0.0
 10
-1.65453
 20
-3.64773
 30
0.0
  0
SPLINE
  5
DB
330
1F
100
AcDbEntity
  8
Layer 1
370
    25
100
AcDbSpline
210
0.0
220
0.0
230
1.0
 70
     8
 71
     3
 72
    20
 73
    16
 74
     0
 42
0.000000001
 43
0.0000000001
 40
0.0
 40
0.0
 40
0.0
 40
0.0
 40
0.2
 40
0.2
 40
0.2
 40
0.20000001
 40
0.4
 40
0.4
 40
0.4
 40
0.40000001
 40
0.6
 40
0.6
 40
0.6
 40
0.60000001
 40
1.0
 40
1.0
 40
1.0
 40
1.0
 10
-1.65453
 20
-3.6442
 30
0.0
 10
-1.65453
 20
-3.6442
 30
0.0
 10
-1.62984
 20
-3.64067
 30
0.0
 10
-1.62984
 20
-3.64067
 30
0.0
 10
-1.62984
 20
-3.64067
 30
0.0
 10
-1.62984
 20
-3.64067
 30
0.0
 10
-1.60514
 20
-3.62656
 30
0.0
 10
-1.60514
 20
-3.62656
 30
0.0
 10
-1.60514
 20
-3.62656
 30
0.0
 10
-1.60514
 20
-3.62656
 30
0.0
 10
-1.5875
 20
-3.60892
 30
0.0
 10
-1.5875
 20
-3.60892
 30
0.0
 10
-1.5875
 20
-3.60892
 30
0.0
 10
-1.5875
 20
-3.60892
 30
0.0
 10
-1.58045
 20
-3.59481
 30
0.0
 10
-1.58045
 20
-3.59481
 30
0.0
  0
SPLINE
  5
DC
330
1F
100
AcDbEntity
  8
Layer 1
370
    25
100
AcDbSpline
210
0.0
220
0.0
230
1.0
 70
     8
 71
     3
 72
    20
 73
    16
 74
     0
 42
0.000000001
 43
0.0000000001
 40
0.0
 40
0.0
 40
0.0
 40
0.0
 40
0.2
 40
0.2
 40
0.2
 40
0.20000001
 40
0.4
 40
0.4
 40
0.4
 40
0.40000001
 40
0.6
 40
0.6
 40
0.6
 40
0.60000001
 40
1.0
 40
1.0
 40
1.0
 40
1.0
 10
-1.65453
 20
-3.64773
 30
0.0
 10
-1.65453
 20
-3.64773
 30
0.0
 10
-1.62984
 20
-3.6442
 30
0.0
 10
-1.62984
 20
-3.6442
 30
0.0
 10
-1.62984
 20
-3.6442
 30
0.0
 10
-1.62984
 20
-3.6442
 30
0.0
 10
-1.60514
 20
-3.63009
 30
0.0
 10
-1.60514
 20
-3.63009
 30
0.0
 10
-1.60514
 20
-3.63009
 30
0.0
 10
-1.60514
 20
-3.63009
 30
0.0
 10
-1.58398
 20
-3.60892
 30
0.0
 10
-1.58398
 20
-3.60892
 30
0.0
 10
-1.58398
 20
-3.60892
 30
0.0
 10
-1.58398
 20
-3.60892
 30
0.0
 10
-1.57692
 20
-3.59128
 30
0.0
 10
-1.57692
 20
-3.59128
 30
0.0
  0
SPLINE
  5
DD
330
1F
100
AcDbEntity
  8
Layer 1
370
    25
100
AcDbSpline
210
0.0
220
0.0
230
1.0
 70
    24
 71
     3
 72
     8
 73
     4
 74
     0
 42
0.000000001
 43
0.0000000001
 40
0.0
 40
0.0
 40
0.0
 40
0.0
 40
1.0
 40
1.0
 40
1.0
 40
1.0
 10
-1.32292
 20
-3.429
 30
0.0
 10
-1.32292
 20
-3.429
 30
0.0
 10
-1.28059
 20
-3.43606
 30
0.0
 10
-1.28059
 20
-3.43606
 30
0.0
  0
SPLINE
  5
DE
330
1F
100
AcDbEntity
  8
Layer 1
370
    25
100
AcDbSpline
210
0.0
220
0.0
230
1.0
 70
    24
 71
     3
 72
     8
 73
     4
 74
     0
 42
0.000000001
 43
0.0000000001
 40
0.0
 40
0.0
 40
0.0
 40
0.0
 40
1.0
 40
1.0
 40
1.0
 40
1.0
 10
-1.61925
 20
-3.5172
 30
0.0
 10
-1.61925
 20
-3.5172
 30
0.0
 10
-1.61925
 20
-3.46781
 30
0.0
 10
-1.61925
 20
-3.46781
 30
0.0
  0
SPLINE
  5
DF
330
1F
100
AcDbEntity
  8
Layer 1
370
    25
100
AcDbSpline
210
0.0
220
0.0
230
1.0
 70
     8
 71
     3
 72
    24
 73
    20
 74
     0
 42
0.000000001
 43
0.0000000001
 40
0.0
 40
0.0
 40
0.0
 40
0.0
 40
0.1666666666666667
 40
0.1666666666666667
 40
0.1666666666666667
 40
0.1666666766666667
 40
0.3333333333333333
 40
0.3333333333333333
 40
0.3333333333333333
 40
0.3333333433333333
 40
0.5
 40
0.5
 40
0.5
 40
0.50000001
 40
0.6666666666666666
 40
0.6666666666666666
 40
0.6666666666666666
 40
0.6666666766666667
 40
1.0
 40
1.0
 40
1.0
 40
1.0
 10
-1.61925
 20
-3.46781
 30
0.0
 10
-1.61925
 20
-3.46781
 30
0.0
 10
-1.61925
 20
-3.4537
 30
0.0
 10
-1.61925
 20
-3.4537
 30
0.0
 10
-1.61925
 20
-3.4537
 30
0.0
 10
-1.61925
 20
-3.4537
 30
0.0
 10
-1.62984
 20
-3.43606
 30
0.0
 10
-1.62984
 20
-3.43606
 30
0.0
 10
-1.62984
 20
-3.43606
 30
0.0
 10
-1.62984
 20
-3.43606
 30
0.0
 10
-1.64042
 20
-3.42548
 30
0.0
 10
-1.64042
 20
-3.42548
 30
0.0
 10
-1.64042
 20
-3.42548
 30
0.0
 10
-1.64042
 20
-3.42548
 30
0.0
 10
-1.65453
 20
-3.41842
 30
0.0
 10
-1.65453
 20
-3.41842
 30
0.0
 10
-1.65453
 20
-3.41842
 30
0.0
 10
-1.65453
 20
-3.41842
 30
0.0
 10
-1.66864
 20
-3.41842
 30
0.0
 10
-1.66864
 20
-3.41842
 30
0.0
  0
SPLINE
  5
E0
330
1F
100
AcDbEntity
  8
Layer 1
370
    25
100
AcDbSpline
210
0.0
220
0.0
230
1.0
 70
     8
 71
     3
 72
    24
 73
    20
 74
     0
 42
0.000000001
 43
0.0000000001
 40
0.0
 40
0.0
 40
0.0
 40
0.0
 40
0.1666666666666667
 40
0.1666666666666667
 40
0.1666666666666667
 40
0.1666666766666667
 40
0.3333333333333333
 40
0.3333333333333333
 40
0.3333333333333333
 40
0.3333333433333333
 40
0.5
 40
0.5
 40
0.5
 40
0.50000001
 40
0.6666666666666666
 40
0.6666666666666666
 40
0.6666666666666666
 40
0.6666666766666667
 40
1.0
 40
1.0
 40
1.0
 40
1.0
 10
-1.66864
 20
-3.41842
 30
0.0
 10
-1.66864
 20
-3.41842
 30
0.0
 10
-1.68275
 20
-3.42195
 30
0.0
 10
-1.68275
 20
-3.42195
 30
0.0
 10
-1.68275
 20
-3.42195
 30
0.0
 10
-1.68275
 20
-3.42195
 30
0.0
 10
-1.69686
 20
-3.429
 30
0.0
 10
-1.69686
 20
-3.429
 30
0.0
 10
-1.69686
 20
-3.429
 30
0.0
 10
-1.69686
 20
-3.429
 30
0.0
 10
-1.70745
 20
-3.44312
 30
0.0
 10
-1.70745
 20
-3.44312
 30
0.0
 10
-1.70745
 20
-3.44312
 30
0.0
 10
-1.70745
 20
-3.44312
 30
0.0
 10
-1.7145
 20
-3.45723
 30
0.0
 10
-1.7145
 20
-3.45723
 30
0.0
 10
-1.7145
 20
-3.45723
 30
0.0
 10
-1.7145
 20
-3.45723
 30
0.0
 10
-1.7145
 20
-3.46781
 30
0.0
 10
-1.7145
 20
-3.46781
 30
0.0
  0
SPLINE
  5
E1
330
1F
100
AcDbEntity
  8
Layer 1
370
    25
100
AcDbSpline
210
0.0
220
0.0
230
1.0
 70
    24
 71
     3
 72
     8
 73
     4
 74
     0
 42
0.000000001
 43
0.0000000001
 40
0.0
 40
0.0
 40
0.0
 40
0.0
 40
1.0
 40
1.0
 40
1.0
 40
1.0
 10
-1.7145
 20
-3.46781
 30
0.0
 10
-1.7145
 20
-3.46781
 30
0.0
 10
-1.7145
 20
-3.5172
 30
0.0
 10
-1.7145
 20
-3.5172
 30
0.0
  0
SPLINE
  5
E2
330
1F
100
AcDbEntity
  8
Layer 1
370
    25
100
AcDbSpline
210
0.0
220
0.0
230
1.0
 70
    24
 71
     3
 72
     8
 73
     4
 74
     0
 42
0.000000001
 43
0.0000000001
 40
0.0
 40
0.0
 40
0.0
 40
0.0
 40
1.0
 40
1.0
 40
1.0
 40
1.0
 10
-1.7145
 20
-3.5172
 30
0.0
 10
-1.7145
 20
-3.5172
 30
0.0
 10
-1.61925
 20
-3.5172
 30
0.0
 10
-1.61925
 20
-3.5172
 30
0.0
  0
SPLINE
  5
E3
330
1F
100
AcDbEntity
  8
Layer 1
370
    25
100
AcDbSpline
210
0.0
220
0.0
230
1.0
 70
     8
 71
     3
 72
    24
 73
    20
 74
     0
 42
0.000000001
 43
0.0000000001
 40
0.0
 40
0.0
 40
0.0
 40
0.0
 40
0.1666666666666667
 40
0.1666666666666667
 40
0.1666666666666667
 40
0.1666666766666667
 40
0.3333333333333333
 40
0.3333333333333333
 40
0.3333333333333333
 40
0.3333333433333333
 40
0.5
 40
0.5
 40
0.5
 40
0.50000001
 40
0.6666666666666666
 40
0.6666666666666666
 40
0.6666666666666666
 40
0.6666666766666667
 40
1.0
 40
1.0
 40
1.0
 40
1.0
 10
-1.61925
 20
-3.58775
 30
0.0
 10
-1.61925
 20
-3.58775
 30
0.0
 10
-1.62278
 20
-3.60187
 30
0.0
 10
-1.62278
 20
-3.60187
 30
0.0
 10
-1.62278
 20
-3.60187
 30
0.0
 10
-1.62278
 20
-3.60187
 30
0.0
 10
-1.63336
 20
-3.61598
 30
0.0
 10
-1.63336
 20
-3.61598
 30
0.0
 10
-1.63336
 20
-3.61598
 30
0.0
 10
-1.63336
 20
-3.61598
 30
0.0
 10
-1.64748
 20
-3.62656
 30
0.0
 10
-1.64748
 20
-3.62656
 30
0.0
 10
-1.64748
 20
-3.62656
 30
0.0
 10
-1.64748
 20
-3.62656
 30
0.0
 10
-1.66159
 20
-3.63009
 30
0.0
 10
-1.66159
 20
-3.63009
 30
0.0
 10
-1.66159
 20
-3.63009
 30
0.0
 10
-1.66159
 20
-3.63009
 30
0.0
 10
-1.66864
 20
-3.63009
 30
0.0
 10
-1.66864
 20
-3.63009
 30
0.0
  0
SPLINE
  5
E4
330
1F
100
AcDbEntity
  8
Layer 1
370
    25
100
AcDbSpline
210
0.0
220
0.0
230
1.0
 70
    24
 71
     3
 72
     8
 73
     4
 74
     0
 42
0.000000001
 43
0.0000000001
 40
0.0
 40
0.0
 40
0.0
 40
0.0
 40
1.0
 40
1.0
 40
1.0
 40
1.0
 10
-1.67923
 20
-3.6442
 30
0.0
 10
-1.67923
 20
-3.6442
 30
0.0
 10
-1.65453
 20
-3.6442
 30
0.0
 10
-1.65453
 20
-3.6442
 30
0.0
  0
SPLINE
  5
E5
330
1F
100
AcDbEntity
  8
Layer 1
370
    25
100
AcDbSpline
210
0.0
220
0.0
230
1.0
 70
     8
 71
     3
 72
    24
 73
    20
 74
     0
 42
0.000000001
 43
0.0000000001
 40
0.0
 40
0.0
 40
0.0
 40
0.0
 40
0.1666666666666667
 40
0.1666666666666667
 40
0.1666666666666667
 40
0.1666666766666667
 40
0.3333333333333333
 40
0.3333333333333333
 40
0.3333333333333333
 40
0.3333333433333333
 40
0.5
 40
0.5
 40
0.5
 40
0.50000001
 40
0.6666666666666666
 40
0.6666666666666666
 40
0.6666666666666666
 40
0.6666666766666667
 40
1.0
 40
1.0
 40
1.0
 40
1.0
 10
-1.75331
 20
-3.57717
 30
0.0
 10
-1.75331
 20
-3.57717
 30
0.0
 10
-1.74978
 20
-3.59834
 30
0.0
 10
-1.74978
 20
-3.59834
 30
0.0
 10
-1.74978
 20
-3.59834
 30
0.0
 10
-1.74978
 20
-3.59834
 30
0.0
 10
-1.7392
 20
-3.61598
 30
0.0
 10
-1.7392
 20
-3.61598
 30
0.0
 10
-1.7392
 20
-3.61598
 30
0.0
 10
-1.7392
 20
-3.61598
 30
0.0
 10
-1.72509
 20
-3.63009
 30
0.0
 10
-1.72509
 20
-3.63009
 30
0.0
 10
-1.72509
 20
-3.63009
 30
0.0
 10
-1.72509
 20
-3.63009
 30
0.0
 10
-1.70392
 20
-3.64067
 30
0.0
 10
-1.70392
 20
-3.64067
 30
0.0
 10
-1.70392
 20
-3.64067
 30
0.0
 10
-1.70392
 20
-3.64067
 30
0.0
 10
-1.67923
 20
-3.6442
 30
0.0
 10
-1.67923
 20
-3.6442
 30
0.0
  0
SPLINE
  5
E6
330
1F
100
AcDbEntity
  8
Layer 1
370
    25
100
AcDbSpline
210
0.0
220
0.0
230
1.0
 70
    24
 71
     3
 72
     8
 73
     4
 74
     0
 42
0.000000001
 43
0.0000000001
 40
0.0
 40
0.0
 40
0.0
 40
0.0
 40
1.0
 40
1.0
 40
1.0
 40
1.0
 10
-1.75331
 20
-3.47134
 30
0.0
 10
-1.75331
 20
-3.47134
 30
0.0
 10
-1.75331
 20
-3.57717
 30
0.0
 10
-1.75331
 20
-3.57717
 30
0.0
  0
SPLINE
  5
E7
330
1F
100
AcDbEntity
  8
Layer 1
370
    25
100
AcDbSpline
210
0.0
220
0.0
230
1.0
 70
     8
 71
     3
 72
    24
 73
    20
 74
     0
 42
0.000000001
 43
0.0000000001
 40
0.0
 40
0.0
 40
0.0
 40
0.0
 40
0.1666666666666667
 40
0.1666666666666667
 40
0.1666666666666667
 40
0.1666666766666667
 40
0.3333333333333333
 40
0.3333333333333333
 40
0.3333333333333333
 40
0.3333333433333333
 40
0.5
 40
0.5
 40
0.5
 40
0.50000001
 40
0.6666666666666666
 40
0.6666666666666666
 40
0.6666666666666666
 40
0.6666666766666667
 40
1.0
 40
1.0
 40
1.0
 40
1.0
 10
-1.67923
 20
-3.40431
 30
0.0
 10
-1.67923
 20
-3.40431
 30
0.0
 10
-1.70392
 20
-3.40784
 30
0.0
 10
-1.70392
 20
-3.40784
 30
0.0
 10
-1.70392
 20
-3.40784
 30
0.0
 10
-1.70392
 20
-3.40784
 30
0.0
 10
-1.72861
 20
-3.42195
 30
0.0
 10
-1.72861
 20
-3.42195
 30
0.0
 10
-1.72861
 20
-3.42195
 30
0.0
 10
-1.72861
 20
-3.42195
 30
0.0
 10
-1.74625
 20
-3.43959
 30
0.0
 10
-1.74625
 20
-3.43959
 30
0.0
 10
-1.74625
 20
-3.43959
 30
0.0
 10
-1.74625
 20
-3.43959
 30
0.0
 10
-1.75331
 20
-3.46428
 30
0.0
 10
-1.75331
 20
-3.46428
 30
0.0
 10
-1.75331
 20
-3.46428
 30
0.0
 10
-1.75331
 20
-3.46428
 30
0.0
 10
-1.75331
 20
-3.47134
 30
0.0
 10
-1.75331
 20
-3.47134
 30
0.0
  0
SPLINE
  5
E8
330
1F
100
AcDbEntity
  8
Layer 1
370
    25
100
AcDbSpline
210
0.0
220
0.0
230
1.0
 70
    24
 71
     3
 72
     8
 73
     4
 74
     0
 42
0.000000001
 43
0.0000000001
 40
0.0
 40
0.0
 40
0.0
 40
0.0
 40
1.0
 40
1.0
 40
1.0
 40
1.0
 10
-1.65453
 20
-3.40431
 30
0.0
 10
-1.65453
 20
-3.40431
 30
0.0
 10
-1.67923
 20
-3.40431
 30
0.0
 10
-1.67923
 20
-3.40431
 30
0.0
  0
SPLINE
  5
E9
330
1F
100
AcDbEntity
  8
Layer 1
370
    25
100
AcDbSpline
210
0.0
220
0.0
230
1.0
 70
     8
 71
     3
 72
    24
 73
    20
 74
     0
 42
0.000000001
 43
0.0000000001
 40
0.0
 40
0.0
 40
0.0
 40
0.0
 40
0.1666666666666667
 40
0.1666666666666667
 40
0.1666666666666667
 40
0.1666666766666667
 40
0.3333333333333333
 40
0.3333333333333333
 40
0.3333333333333333
 40
0.3333333433333333
 40
0.5
 40
0.5
 40
0.5
 40
0.50000001
 40
0.6666666666666666
 40
0.6666666666666666
 40
0.6666666666666666
 40
0.6666666766666667
 40
1.0
 40
1.0
 40
1.0
 40
1.0
 10
-1.58045
 20
-3.47134
 30
0.0
 10
-1.58045
 20
-3.47134
 30
0.0
 10
-1.58398
 20
-3.44664
 30
0.0
 10
-1.58398
 20
-3.44664
 30
0.0
 10
-1.58398
 20
-3.44664
 30
0.0
 10
-1.58398
 20
-3.44664
 30
0.0
 10
-1.59809
 20
-3.429
 30
0.0
 10
-1.59809
 20
-3.429
 30
0.0
 10
-1.59809
 20
-3.429
 30
0.0
 10
-1.59809
 20
-3.429
 30
0.0
 10
-1.6122
 20
-3.41489
 30
0.0
 10
-1.6122
 20
-3.41489
 30
0.0
 10
-1.6122
 20
-3.41489
 30
0.0
 10
-1.6122
 20
-3.41489
 30
0.0
 10
-1.64042
 20
-3.40784
 30
0.0
 10
-1.64042
 20
-3.40784
 30
0.0
 10
-1.64042
 20
-3.40784
 30
0.0
 10
-1.64042
 20
-3.40784
 30
0.0
 10
-1.65453
 20
-3.40431
 30
0.0
 10
-1.65453
 20
-3.40431
 30
0.0
  0
SPLINE
  5
EA
330
1F
100
AcDbEntity
  8
Layer 1
370
    25
100
AcDbSpline
210
0.0
220
0.0
230
1.0
 70
    24
 71
     3
 72
     8
 73
     4
 74
     0
 42
0.000000001
 43
0.0000000001
 40
0.0
 40
0.0
 40
0.0
 40
0.0
 40
1.0
 40
1.0
 40
1.0
 40
1.0
 10
-1.58045
 20
-3.53131
 30
0.0
 10
-1.58045
 20
-3.53131
 30
0.0
 10
-1.58045
 20
-3.47134
 30
0.0
 10
-1.58045
 20
-3.47134
 30
0.0
  0
SPLINE
  5
EB
330
1F
100
AcDbEntity
  8
Layer 1
370
    25
100
AcDbSpline
210
0.0
220
0.0
230
1.0
 70
    24
 71
     3
 72
     8
 73
     4
 74
     0
 42
0.000000001
 43
0.0000000001
 40
0.0
 40
0.0
 40
0.0
 40
0.0
 40
1.0
 40
1.0
 40
1.0
 40
1.0
 10
-1.7145
 20
-3.53131
 30
0.0
 10
-1.7145
 20
-3.53131
 30
0.0
 10
-1.58045
 20
-3.53131
 30
0.0
 10
-1.58045
 20
-3.53131
 30
0.0
  0
SPLINE
  5
EC
330
1F
100
AcDbEntity
  8
Layer 1
370
    25
100
AcDbSpline
210
0.0
220
0.0
230
1.0
 70
    24
 71
     3
 72
     8
 73
     4
 74
     0
 42
0.000000001
 43
0.0000000001
 40
0.0
 40
0.0
 40
0.0
 40
0.0
 40
1.0
 40
1.0
 40
1.0
 40
1.0
 10
-1.7145
 20
-3.5807
 30
0.0
 10
-1.7145
 20
-3.5807
 30
0.0
 10
-1.7145
 20
-3.53131
 30
0.0
 10
-1.7145
 20
-3.53131
 30
0.0
  0
SPLINE
  5
ED
330
1F
100
AcDbEntity
  8
Layer 1
370
    25
100
AcDbSpline
210
0.0
220
0.0
230
1.0
 70
     8
 71
     3
 72
    24
 73
    20
 74
     0
 42
0.000000001
 43
0.0000000001
 40
0.0
 40
0.0
 40
0.0
 40
0.0
 40
0.1666666666666667
 40
0.1666666666666667
 40
0.1666666666666667
 40
0.1666666766666667
 40
0.3333333333333333
 40
0.3333333333333333
 40
0.3333333333333333
 40
0.3333333433333333
 40
0.5
 40
0.5
 40
0.5
 40
0.50000001
 40
0.6666666666666666
 40
0.6666666666666666
 40
0.6666666666666666
 40
0.6666666766666667
 40
1.0
 40
1.0
 40
1.0
 40
1.0
 10
-1.66864
 20
-3.63009
 30
0.0
 10
-1.66864
 20
-3.63009
 30
0.0
 10
-1.68275
 20
-3.62656
 30
0.0
 10
-1.68275
 20
-3.62656
 30
0.0
 10
-1.68275
 20
-3.62656
 30
0.0
 10
-1.68275
 20
-3.62656
 30
0.0
 10
-1.69686
 20
-3.6195
 30
0.0
 10
-1.69686
 20
-3.6195
 30
0.0
 10
-1.69686
 20
-3.6195
 30
0.0
 10
-1.69686
 20
-3.6195
 30
0.0
 10
-1.70745
 20
-3.60892
 30
0.0
 10
-1.70745
 20
-3.60892
 30
0.0
 10
-1.70745
 20
-3.60892
 30
0.0
 10
-1.70745
 20
-3.60892
 30
0.0
 10
-1.7145
 20
-3.59128
 30
0.0
 10
-1.7145
 20
-3.59128
 30
0.0
 10
-1.7145
 20
-3.59128
 30
0.0
 10
-1.7145
 20
-3.59128
 30
0.0
 10
-1.7145
 20
-3.5807
 30
0.0
 10
-1.7145
 20
-3.5807
 30
0.0
  0
SPLINE
  5
EE
330
1F
100
AcDbEntity
  8
Layer 1
370
    25
100
AcDbSpline
210
0.0
220
0.0
230
1.0
 70
    24
 71
     3
 72
     8
 73
     4
 74
     0
 42
0.000000001
 43
0.0000000001
 40
0.0
 40
0.0
 40
0.0
 40
0.0
 40
1.0
 40
1.0
 40
1.0
 40
1.0
 10
-1.23473
 20
-3.40431
 30
0.0
 10
-1.23473
 20
-3.40431
 30
0.0
 10
-1.23473
 20
-3.40078
 30
0.0
 10
-1.23473
 20
-3.40078
 30
0.0
  0
SPLINE
  5
EF
330
1F
100
AcDbEntity
  8
Layer 1
370
    25
100
AcDbSpline
210
0.0
220
0.0
230
1.0
 70
    24
 71
     3
 72
     8
 73
     4
 74
     0
 42
0.000000001
 43
0.0000000001
 40
0.0
 40
0.0
 40
0.0
 40
0.0
 40
1.0
 40
1.0
 40
1.0
 40
1.0
 10
-1.23473
 20
-3.40078
 30
0.0
 10
-1.23473
 20
-3.40078
 30
0.0
 10
-1.25942
 20
-3.40078
 30
0.0
 10
-1.25942
 20
-3.40078
 30
0.0
  0
SPLINE
  5
F0
330
1F
100
AcDbEntity
  8
Layer 1
370
    25
100
AcDbSpline
210
0.0
220
0.0
230
1.0
 70
    24
 71
     3
 72
     8
 73
     4
 74
     0
 42
0.000000001
 43
0.0000000001
 40
0.0
 40
0.0
 40
0.0
 40
0.0
 40
1.0
 40
1.0
 40
1.0
 40
1.0
 10
-1.29823
 20
-3.5807
 30
0.0
 10
-1.29823
 20
-3.5807
 30
0.0
 10
-1.2947
 20
-3.5807
 30
0.0
 10
-1.2947
 20
-3.5807
 30
0.0
  0
SPLINE
  5
F1
330
1F
100
AcDbEntity
  8
Layer 1
370
    25
100
AcDbSpline
210
0.0
220
0.0
230
1.0
 70
    24
 71
     3
 72
     8
 73
     4
 74
     0
 42
0.000000001
 43
0.0000000001
 40
0.0
 40
0.0
 40
0.0
 40
0.0
 40
1.0
 40
1.0
 40
1.0
 40
1.0
 10
-1.29823
 20
-3.55953
 30
0.0
 10
-1.29823
 20
-3.55953
 30
0.0
 10
-1.2947
 20
-3.55953
 30
0.0
 10
-1.2947
 20
-3.55953
 30
0.0
  0
SPLINE
  5
F2
330
1F
100
AcDbEntity
  8
Layer 1
370
    25
100
AcDbSpline
210
0.0
220
0.0
230
1.0
 70
    24
 71
     3
 72
     8
 73
     4
 74
     0
 42
0.000000001
 43
0.0000000001
 40
0.0
 40
0.0
 40
0.0
 40
0.0
 40
1.0
 40
1.0
 40
1.0
 40
1.0
 10
-1.2947
 20
-3.55953
 30
0.0
 10
-1.2947
 20
-3.55953
 30
0.0
 10
-1.2947
 20
-3.5807
 30
0.0
 10
-1.2947
 20
-3.5807
 30
0.0
  0
SPLINE
  5
F3
330
1F
100
AcDbEntity
  8
Layer 1
370
    25
100
AcDbSpline
210
0.0
220
0.0
230
1.0
 70
    24
 71
     3
 72
     8
 73
     4
 74
     0
 42
0.000000001
 43
0.0000000001
 40
0.0
 40
0.0
 40
0.0
 40
0.0
 40
1.0
 40
1.0
 40
1.0
 40
1.0
 10
-1.16064
 20
-3.47134
 30
0.0
 10
-1.16064
 20
-3.47134
 30
0.0
 10
-1.15711
 20
-3.47134
 30
0.0
 10
-1.15711
 20
-3.47134
 30
0.0
  0
SPLINE
  5
F4
330
1F
100
AcDbEntity
  8
Layer 1
370
    25
100
AcDbSpline
210
0.0
220
0.0
230
1.0
 70
     8
 71
     3
 72
    24
 73
    20
 74
     0
 42
0.000000001
 43
0.0000000001
 40
0.0
 40
0.0
 40
0.0
 40
0.0
 40
0.1666666666666667
 40
0.1666666666666667
 40
0.1666666666666667
 40
0.1666666766666667
 40
0.3333333333333333
 40
0.3333333333333333
 40
0.3333333333333333
 40
0.3333333433333333
 40
0.5
 40
0.5
 40
0.5
 40
0.50000001
 40
0.6666666666666666
 40
0.6666666666666666
 40
0.6666666666666666
 40
0.6666666766666667
 40
1.0
 40
1.0
 40
1.0
 40
1.0
 10
-1.15711
 20
-3.47134
 30
0.0
 10
-1.15711
 20
-3.47134
 30
0.0
 10
-1.16064
 20
-3.45017
 30
0.0
 10
-1.16064
 20
-3.45017
 30
0.0
 10
-1.16064
 20
-3.45017
 30
0.0
 10
-1.16064
 20
-3.45017
 30
0.0
 10
-1.17123
 20
-3.43253
 30
0.0
 10
-1.17123
 20
-3.43253
 30
0.0
 10
-1.17123
 20
-3.43253
 30
0.0
 10
-1.17123
 20
-3.43253
 30
0.0
 10
-1.18886
 20
-3.41489
 30
0.0
 10
-1.18886
 20
-3.41489
 30
0.0
 10
-1.18886
 20
-3.41489
 30
0.0
 10
-1.18886
 20
-3.41489
 30
0.0
 10
-1.21003
 20
-3.40431
 30
0.0
 10
-1.21003
 20
-3.40431
 30
0.0
 10
-1.21003
 20
-3.40431
 30
0.0
 10
-1.21003
 20
-3.40431
 30
0.0
 10
-1.23473
 20
-3.40078
 30
0.0
 10
-1.23473
 20
-3.40078
 30
0.0
  0
SPLINE
  5
F5
330
1F
100
AcDbEntity
  8
Layer 1
370
    25
100
AcDbSpline
210
0.0
220
0.0
230
1.0
 70
    24
 71
     3
 72
     8
 73
     4
 74
     0
 42
0.000000001
 43
0.0000000001
 40
0.0
 40
0.0
 40
0.0
 40
0.0
 40
1.0
 40
1.0
 40
1.0
 40
1.0
 10
-1.24884
 20
-3.51014
 30
0.0
 10
-1.24884
 20
-3.51014
 30
0.0
 10
-1.24884
 20
-3.51367
 30
0.0
 10
-1.24884
 20
-3.51367
 30
0.0
  0
SPLINE
  5
F6
330
1F
100
AcDbEntity
  8
Layer 1
370
    25
100
AcDbSpline
210
0.0
220
0.0
230
1.0
 70
    24
 71
     3
 72
     8
 73
     4
 74
     0
 42
0.000000001
 43
0.0000000001
 40
0.0
 40
0.0
 40
0.0
 40
0.0
 40
1.0
 40
1.0
 40
1.0
 40
1.0
 10
-1.19945
 20
-3.51014
 30
0.0
 10
-1.19945
 20
-3.51014
 30
0.0
 10
-1.20298
 20
-3.51367
 30
0.0
 10
-1.20298
 20
-3.51367
 30
0.0
  0
SPLINE
  5
F7
330
1F
100
AcDbEntity
  8
Layer 1
370
    25
100
AcDbSpline
210
0.0
220
0.0
230
1.0
 70
    24
 71
     3
 72
     8
 73
     4
 74
     0
 42
0.000000001
 43
0.0000000001
 40
0.0
 40
0.0
 40
0.0
 40
0.0
 40
1.0
 40
1.0
 40
1.0
 40
1.0
 10
-1.20298
 20
-3.51367
 30
0.0
 10
-1.20298
 20
-3.51367
 30
0.0
 10
-1.24884
 20
-3.51367
 30
0.0
 10
-1.24884
 20
-3.51367
 30
0.0
  0
SPLINE
  5
F8
330
1F
100
AcDbEntity
  8
Layer 1
370
    25
100
AcDbSpline
210
0.0
220
0.0
230
1.0
 70
    24
 71
     3
 72
     8
 73
     4
 74
     0
 42
0.000000001
 43
0.0000000001
 40
0.0
 40
0.0
 40
0.0
 40
0.0
 40
1.0
 40
1.0
 40
1.0
 40
1.0
 10
-1.40759
 20
-3.46781
 30
0.0
 10
-1.40759
 20
-3.46781
 30
0.0
 10
-1.41111
 20
-3.46781
 30
0.0
 10
-1.41111
 20
-3.46781
 30
0.0
  0
SPLINE
  5
F9
330
1F
100
AcDbEntity
  8
Layer 1
370
    25
100
AcDbSpline
210
0.0
220
0.0
230
1.0
 70
    24
 71
     3
 72
     8
 73
     4
 74
     0
 42
0.000000001
 43
0.0000000001
 40
0.0
 40
0.0
 40
0.0
 40
0.0
 40
1.0
 40
1.0
 40
1.0
 40
1.0
 10
-1.40759
 20
-3.46781
 30
0.0
 10
-1.40759
 20
-3.46781
 30
0.0
 10
-1.40759
 20
-3.6442
 30
0.0
 10
-1.40759
 20
-3.6442
 30
0.0
  0
SPLINE
  5
FA
330
1F
100
AcDbEntity
  8
Layer 1
370
    25
100
AcDbSpline
210
0.0
220
0.0
230
1.0
 70
    24
 71
     3
 72
     8
 73
     4
 74
     0
 42
0.000000001
 43
0.0000000001
 40
0.0
 40
0.0
 40
0.0
 40
0.0
 40
1.0
 40
1.0
 40
1.0
 40
1.0
 10
-1.40759
 20
-3.6442
 30
0.0
 10
-1.40759
 20
-3.6442
 30
0.0
 10
-1.41111
 20
-3.64773
 30
0.0
 10
-1.41111
 20
-3.64773
 30
0.0
  0
SPLINE
  5
FB
330
1F
100
AcDbEntity
  8
Layer 1
370
    25
100
AcDbSpline
210
0.0
220
0.0
230
1.0
 70
    24
 71
     3
 72
     8
 73
     4
 74
     0
 42
0.000000001
 43
0.0000000001
 40
0.0
 40
0.0
 40
0.0
 40
0.0
 40
1.0
 40
1.0
 40
1.0
 40
1.0
 10
-1.41111
 20
-3.46781
 30
0.0
 10
-1.41111
 20
-3.46781
 30
0.0
 10
-1.41111
 20
-3.64773
 30
0.0
 10
-1.41111
 20
-3.64773
 30
0.0
  0
SPLINE
  5
FC
330
1F
100
AcDbEntity
  8
Layer 1
370
    25
100
AcDbSpline
210
0.0
220
0.0
230
1.0
 70
    24
 71
     3
 72
     8
 73
     4
 74
     0
 42
0.000000001
 43
0.0000000001
 40
0.0
 40
0.0
 40
0.0
 40
0.0
 40
1.0
 40
1.0
 40
1.0
 40
1.0
 10
-1.40759
 20
-3.6442
 30
0.0
 10
-1.40759
 20
-3.6442
 30
0.0
 10
-1.36878
 20
-3.6442
 30
0.0
 10
-1.36878
 20
-3.6442
 30
0.0
  0
SPLINE
  5
FD
330
1F
100
AcDbEntity
  8
Layer 1
370
    25
100
AcDbSpline
210
0.0
220
0.0
230
1.0
 70
    24
 71
     3
 72
     8
 73
     4
 74
     0
 42
0.000000001
 43
0.0000000001
 40
0.0
 40
0.0
 40
0.0
 40
0.0
 40
1.0
 40
1.0
 40
1.0
 40
1.0
 10
-1.36878
 20
-3.6442
 30
0.0
 10
-1.36878
 20
-3.6442
 30
0.0
 10
-1.36525
 20
-3.64773
 30
0.0
 10
-1.36525
 20
-3.64773
 30
0.0
  0
SPLINE
  5
FE
330
1F
100
AcDbEntity
  8
Layer 1
370
    25
100
AcDbSpline
210
0.0
220
0.0
230
1.0
 70
    24
 71
     3
 72
     8
 73
     4
 74
     0
 42
0.000000001
 43
0.0000000001
 40
0.0
 40
0.0
 40
0.0
 40
0.0
 40
1.0
 40
1.0
 40
1.0
 40
1.0
 10
-1.41111
 20
-3.64773
 30
0.0
 10
-1.41111
 20
-3.64773
 30
0.0
 10
-1.36525
 20
-3.64773
 30
0.0
 10
-1.36525
 20
-3.64773
 30
0.0
  0
SPLINE
  5
FF
330
1F
100
AcDbEntity
  8
Layer 1
370
    25
100
AcDbSpline
210
0.0
220
0.0
230
1.0
 70
    24
 71
     3
 72
     8
 73
     4
 74
     0
 42
0.000000001
 43
0.0000000001
 40
0.0
 40
0.0
 40
0.0
 40
0.0
 40
1.0
 40
1.0
 40
1.0
 40
1.0
 10
-0.77964
 20
-3.6442
 30
0.0
 10
-0.77964
 20
-3.6442
 30
0.0
 10
-0.77964
 20
-3.64773
 30
0.0
 10
-0.77964
 20
-3.64773
 30
0.0
  0
SPLINE
  5
100
330
1F
100
AcDbEntity
  8
Layer 1
370
    25
100
AcDbSpline
210
0.0
220
0.0
230
1.0
 70
    24
 71
     3
 72
     8
 73
     4
 74
     0
 42
0.000000001
 43
0.0000000001
 40
0.0
 40
0.0
 40
0.0
 40
0.0
 40
1.0
 40
1.0
 40
1.0
 40
1.0
 10
-0.75495
 20
-3.6442
 30
0.0
 10
-0.75495
 20
-3.6442
 30
0.0
 10
-0.75495
 20
-3.64773
 30
0.0
 10
-0.75495
 20
-3.64773
 30
0.0
  0
SPLINE
  5
101
330
1F
100
AcDbEntity
  8
Layer 1
370
    25
100
AcDbSpline
210
0.0
220
0.0
230
1.0
 70
    24
 71
     3
 72
     8
 73
     4
 74
     0
 42
0.000000001
 43
0.0000000001
 40
0.0
 40
0.0
 40
0.0
 40
0.0
 40
1.0
 40
1.0
 40
1.0
 40
1.0
 10
-0.77964
 20
-3.64773
 30
0.0
 10
-0.77964
 20
-3.64773
 30
0.0
 10
-0.75495
 20
-3.64773
 30
0.0
 10
-0.75495
 20
-3.64773
 30
0.0
  0
SPLINE
  5
102
330
1F
100
AcDbEntity
  8
Layer 1
370
    25
100
AcDbSpline
210
0.0
220
0.0
230
1.0
 70
    24
 71
     3
 72
     8
 73
     4
 74
     0
 42
0.000000001
 43
0.0000000001
 40
0.0
 40
0.0
 40
0.0
 40
0.0
 40
1.0
 40
1.0
 40
1.0
 40
1.0
 10
-1.54517
 20
-3.40431
 30
0.0
 10
-1.54517
 20
-3.40431
 30
0.0
 10
-1.5487
 20
-3.40078
 30
0.0
 10
-1.5487
 20
-3.40078
 30
0.0
  0
SPLINE
  5
103
330
1F
100
AcDbEntity
  8
Layer 1
370
    25
100
AcDbSpline
210
0.0
220
0.0
230
1.0
 70
    24
 71
     3
 72
     8
 73
     4
 74
     0
 42
0.000000001
 43
0.0000000001
 40
0.0
 40
0.0
 40
0.0
 40
0.0
 40
1.0
 40
1.0
 40
1.0
 40
1.0
 10
-1.54517
 20
-3.40431
 30
0.0
 10
-1.54517
 20
-3.40431
 30
0.0
 10
-1.54517
 20
-3.6442
 30
0.0
 10
-1.54517
 20
-3.6442
 30
0.0
  0
SPLINE
  5
104
330
1F
100
AcDbEntity
  8
Layer 1
370
    25
100
AcDbSpline
210
0.0
220
0.0
230
1.0
 70
    24
 71
     3
 72
     8
 73
     4
 74
     0
 42
0.000000001
 43
0.0000000001
 40
0.0
 40
0.0
 40
0.0
 40
0.0
 40
1.0
 40
1.0
 40
1.0
 40
1.0
 10
-1.54517
 20
-3.6442
 30
0.0
 10
-1.54517
 20
-3.6442
 30
0.0
 10
-1.5487
 20
-3.64773
 30
0.0
 10
-1.5487
 20
-3.64773
 30
0.0
  0
SPLINE
  5
105
330
1F
100
AcDbEntity
  8
Layer 1
370
    25
100
AcDbSpline
210
0.0
220
0.0
230
1.0
 70
    24
 71
     3
 72
     8
 73
     4
 74
     0
 42
0.000000001
 43
0.0000000001
 40
0.0
 40
0.0
 40
0.0
 40
0.0
 40
1.0
 40
1.0
 40
1.0
 40
1.0
 10
-1.5487
 20
-3.40078
 30
0.0
 10
-1.5487
 20
-3.40078
 30
0.0
 10
-1.5487
 20
-3.64773
 30
0.0
 10
-1.5487
 20
-3.64773
 30
0.0
  0
SPLINE
  5
106
330
1F
100
AcDbEntity
  8
Layer 1
370
    25
100
AcDbSpline
210
0.0
220
0.0
230
1.0
 70
    24
 71
     3
 72
     8
 73
     4
 74
     0
 42
0.000000001
 43
0.0000000001
 40
0.0
 40
0.0
 40
0.0
 40
0.0
 40
1.0
 40
1.0
 40
1.0
 40
1.0
 10
-1.54517
 20
-3.6442
 30
0.0
 10
-1.54517
 20
-3.6442
 30
0.0
 10
-1.50636
 20
-3.6442
 30
0.0
 10
-1.50636
 20
-3.6442
 30
0.0
  0
SPLINE
  5
107
330
1F
100
AcDbEntity
  8
Layer 1
370
    25
100
AcDbSpline
210
0.0
220
0.0
230
1.0
 70
    24
 71
     3
 72
     8
 73
     4
 74
     0
 42
0.000000001
 43
0.0000000001
 40
0.0
 40
0.0
 40
0.0
 40
0.0
 40
1.0
 40
1.0
 40
1.0
 40
1.0
 10
-1.50636
 20
-3.6442
 30
0.0
 10
-1.50636
 20
-3.6442
 30
0.0
 10
-1.50284
 20
-3.64773
 30
0.0
 10
-1.50284
 20
-3.64773
 30
0.0
  0
SPLINE
  5
108
330
1F
100
AcDbEntity
  8
Layer 1
370
    25
100
AcDbSpline
210
0.0
220
0.0
230
1.0
 70
    24
 71
     3
 72
     8
 73
     4
 74
     0
 42
0.000000001
 43
0.0000000001
 40
0.0
 40
0.0
 40
0.0
 40
0.0
 40
1.0
 40
1.0
 40
1.0
 40
1.0
 10
-1.5487
 20
-3.64773
 30
0.0
 10
-1.5487
 20
-3.64773
 30
0.0
 10
-1.50284
 20
-3.64773
 30
0.0
 10
-1.50284
 20
-3.64773
 30
0.0
  0
SPLINE
  5
109
330
1F
100
AcDbEntity
  8
Layer 1
370
    25
100
AcDbSpline
210
0.0
220
0.0
230
1.0
 70
    24
 71
     3
 72
     8
 73
     4
 74
     0
 42
0.000000001
 43
0.0000000001
 40
0.0
 40
0.0
 40
0.0
 40
0.0
 40
1.0
 40
1.0
 40
1.0
 40
1.0
 10
-1.24884
 20
-3.63009
 30
0.0
 10
-1.24884
 20
-3.63009
 30
0.0
 10
-1.24884
 20
-3.62656
 30
0.0
 10
-1.24884
 20
-3.62656
 30
0.0
  0
SPLINE
  5
10A
330
1F
100
AcDbEntity
  8
Layer 1
370
    25
100
AcDbSpline
210
0.0
220
0.0
230
1.0
 70
     8
 71
     3
 72
    24
 73
    20
 74
     0
 42
0.000000001
 43
0.0000000001
 40
0.0
 40
0.0
 40
0.0
 40
0.0
 40
0.1666666666666667
 40
0.1666666666666667
 40
0.1666666666666667
 40
0.1666666766666667
 40
0.3333333333333333
 40
0.3333333333333333
 40
0.3333333333333333
 40
0.3333333433333333
 40
0.5
 40
0.5
 40
0.5
 40
0.50000001
 40
0.6666666666666666
 40
0.6666666666666666
 40
0.6666666666666666
 40
0.6666666766666667
 40
1.0
 40
1.0
 40
1.0
 40
1.0
 10
-1.2947
 20
-3.5807
 30
0.0
 10
-1.2947
 20
-3.5807
 30
0.0
 10
-1.29117
 20
-3.59481
 30
0.0
 10
-1.29117
 20
-3.59481
 30
0.0
 10
-1.29117
 20
-3.59481
 30
0.0
 10
-1.29117
 20
-3.59481
 30
0.0
 10
-1.28411
 20
-3.60892
 30
0.0
 10
-1.28411
 20
-3.60892
 30
0.0
 10
-1.28411
 20
-3.60892
 30
0.0
 10
-1.28411
 20
-3.60892
 30
0.0
 10
-1.27353
 20
-3.6195
 30
0.0
 10
-1.27353
 20
-3.6195
 30
0.0
 10
-1.27353
 20
-3.6195
 30
0.0
 10
-1.27353
 20
-3.6195
 30
0.0
 10
-1.25589
 20
-3.62656
 30
0.0
 10
-1.25589
 20
-3.62656
 30
0.0
 10
-1.25589
 20
-3.62656
 30
0.0
 10
-1.25589
 20
-3.62656
 30
0.0
 10
-1.24884
 20
-3.62656
 30
0.0
 10
-1.24884
 20
-3.62656
 30
0.0
  0
SPLINE
  5
10B
330
1F
100
AcDbEntity
  8
Layer 1
370
    25
100
AcDbSpline
210
0.0
220
0.0
230
1.0
 70
    24
 71
     3
 72
    12
 73
     8
 74
     0
 42
0.000000001
 43
0.0000000001
 40
0.0
 40
0.0
 40
0.0
 40
0.0
 40
0.3333333333333333
 40
0.3333333333333333
 40
0.3333333333333333
 40
0.3333333433333333
 40
1.0
 40
1.0
 40
1.0
 40
1.0
 10
-1.19945
 20
-3.58423
 30
0.0
 10
-1.19945
 20
-3.58423
 30
0.0
 10
-1.19945
 20
-3.58423
 30
0.0
 10
-1.19945
 20
-3.58423
 30
0.0
 10
-1.19945
 20
-3.58423
 30
0.0
 10
-1.19945
 20
-3.58423
 30
0.0
 10
-1.20298
 20
-3.58423
 30
0.0
 10
-1.20298
 20
-3.58423
 30
0.0
  0
SPLINE
  5
10C
330
1F
100
AcDbEntity
  8
Layer 1
370
    25
100
AcDbSpline
210
0.0
220
0.0
230
1.0
 70
     8
 71
     3
 72
    24
 73
    20
 74
     0
 42
0.000000001
 43
0.0000000001
 40
0.0
 40
0.0
 40
0.0
 40
0.0
 40
0.1666666666666667
 40
0.1666666666666667
 40
0.1666666666666667
 40
0.1666666766666667
 40
0.3333333333333333
 40
0.3333333333333333
 40
0.3333333333333333
 40
0.3333333433333333
 40
0.5
 40
0.5
 40
0.5
 40
0.50000001
 40
0.6666666666666666
 40
0.6666666666666666
 40
0.6666666666666666
 40
0.6666666766666667
 40
1.0
 40
1.0
 40
1.0
 40
1.0
 10
-1.24884
 20
-3.62656
 30
0.0
 10
-1.24884
 20
-3.62656
 30
0.0
 10
-1.2312
 20
-3.62303
 30
0.0
 10
-1.2312
 20
-3.62303
 30
0.0
 10
-1.2312
 20
-3.62303
 30
0.0
 10
-1.2312
 20
-3.62303
 30
0.0
 10
-1.22061
 20
-3.61598
 30
0.0
 10
-1.22061
 20
-3.61598
 30
0.0
 10
-1.22061
 20
-3.61598
 30
0.0
 10
-1.22061
 20
-3.61598
 30
0.0
 10
-1.21003
 20
-3.60539
 30
0.0
 10
-1.21003
 20
-3.60539
 30
0.0
 10
-1.21003
 20
-3.60539
 30
0.0
 10
-1.21003
 20
-3.60539
 30
0.0
 10
-1.20298
 20
-3.59128
 30
0.0
 10
-1.20298
 20
-3.59128
 30
0.0
 10
-1.20298
 20
-3.59128
 30
0.0
 10
-1.20298
 20
-3.59128
 30
0.0
 10
-1.20298
 20
-3.58423
 30
0.0
 10
-1.20298
 20
-3.58423
 30
0.0
  0
SPLINE
  5
10D
330
1F
100
AcDbEntity
  8
Layer 1
370
    25
100
AcDbSpline
210
0.0
220
0.0
230
1.0
 70
    24
 71
     3
 72
     8
 73
     4
 74
     0
 42
0.000000001
 43
0.0000000001
 40
0.0
 40
0.0
 40
0.0
 40
0.0
 40
1.0
 40
1.0
 40
1.0
 40
1.0
 10
-1.45698
 20
-3.41842
 30
0.0
 10
-1.45698
 20
-3.41842
 30
0.0
 10
-1.45698
 20
-3.42195
 30
0.0
 10
-1.45698
 20
-3.42195
 30
0.0
  0
SPLINE
  5
10E
330
1F
100
AcDbEntity
  8
Layer 1
370
    25
100
AcDbSpline
210
0.0
220
0.0
230
1.0
 70
     8
 71
     3
 72
    24
 73
    20
 74
     0
 42
0.000000001
 43
0.0000000001
 40
0.0
 40
0.0
 40
0.0
 40
0.0
 40
0.1666666666666667
 40
0.1666666666666667
 40
0.1666666666666667
 40
0.1666666766666667
 40
0.3333333333333333
 40
0.3333333333333333
 40
0.3333333333333333
 40
0.3333333433333333
 40
0.5
 40
0.5
 40
0.5
 40
0.50000001
 40
0.6666666666666666
 40
0.6666666666666666
 40
0.6666666666666666
 40
0.6666666766666667
 40
1.0
 40
1.0
 40
1.0
 40
1.0
 10
-1.45698
 20
-3.41842
 30
0.0
 10
-1.45698
 20
-3.41842
 30
0.0
 10
-1.43934
 20
-3.42195
 30
0.0
 10
-1.43934
 20
-3.42195
 30
0.0
 10
-1.43934
 20
-3.42195
 30
0.0
 10
-1.43934
 20
-3.42195
 30
0.0
 10
-1.42523
 20
-3.429
 30
0.0
 10
-1.42523
 20
-3.429
 30
0.0
 10
-1.42523
 20
-3.429
 30
0.0
 10
-1.42523
 20
-3.429
 30
0.0
 10
-1.41464
 20
-3.44312
 30
0.0
 10
-1.41464
 20
-3.44312
 30
0.0
 10
-1.41464
 20
-3.44312
 30
0.0
 10
-1.41464
 20
-3.44312
 30
0.0
 10
-1.40759
 20
-3.45723
 30
0.0
 10
-1.40759
 20
-3.45723
 30
0.0
 10
-1.40759
 20
-3.45723
 30
0.0
 10
-1.40759
 20
-3.45723
 30
0.0
 10
-1.40759
 20
-3.46781
 30
0.0
 10
-1.40759
 20
-3.46781
 30
0.0
  0
SPLINE
  5
10F
330
1F
100
AcDbEntity
  8
Layer 1
370
    25
100
AcDbSpline
210
0.0
220
0.0
230
1.0
 70
     8
 71
     3
 72
    24
 73
    20
 74
     0
 42
0.000000001
 43
0.0000000001
 40
0.0
 40
0.0
 40
0.0
 40
0.0
 40
0.1666666666666667
 40
0.1666666666666667
 40
0.1666666666666667
 40
0.1666666766666667
 40
0.3333333333333333
 40
0.3333333333333333
 40
0.3333333333333333
 40
0.3333333433333333
 40
0.5
 40
0.5
 40
0.5
 40
0.50000001
 40
0.6666666666666666
 40
0.6666666666666666
 40
0.6666666666666666
 40
0.6666666766666667
 40
1.0
 40
1.0
 40
1.0
 40
1.0
 10
-1.45698
 20
-3.42195
 30
0.0
 10
-1.45698
 20
-3.42195
 30
0.0
 10
-1.44286
 20
-3.42548
 30
0.0
 10
-1.44286
 20
-3.42548
 30
0.0
 10
-1.44286
 20
-3.42548
 30
0.0
 10
-1.44286
 20
-3.42548
 30
0.0
 10
-1.42875
 20
-3.43253
 30
0.0
 10
-1.42875
 20
-3.43253
 30
0.0
 10
-1.42875
 20
-3.43253
 30
0.0
 10
-1.42875
 20
-3.43253
 30
0.0
 10
-1.41817
 20
-3.44312
 30
0.0
 10
-1.41817
 20
-3.44312
 30
0.0
 10
-1.41817
 20
-3.44312
 30
0.0
 10
-1.41817
 20
-3.44312
 30
0.0
 10
-1.41111
 20
-3.45723
 30
0.0
 10
-1.41111
 20
-3.45723
 30
0.0
 10
-1.41111
 20
-3.45723
 30
0.0
 10
-1.41111
 20
-3.45723
 30
0.0
 10
-1.41111
 20
-3.46781
 30
0.0
 10
-1.41111
 20
-3.46781
 30
0.0
  0
SPLINE
  5
110
330
1F
100
AcDbEntity
  8
Layer 1
370
    25
100
AcDbSpline
210
0.0
220
0.0
230
1.0
 70
    24
 71
     3
 72
     8
 73
     4
 74
     0
 42
0.000000001
 43
0.0000000001
 40
0.0
 40
0.0
 40
0.0
 40
0.0
 40
1.0
 40
1.0
 40
1.0
 40
1.0
 10
-1.50636
 20
-3.40431
 30
0.0
 10
-1.50636
 20
-3.40431
 30
0.0
 10
-1.54517
 20
-3.40431
 30
0.0
 10
-1.54517
 20
-3.40431
 30
0.0
  0
SPLINE
  5
111
330
1F
100
AcDbEntity
  8
Layer 1
370
    25
100
AcDbSpline
210
0.0
220
0.0
230
1.0
 70
    24
 71
     3
 72
     8
 73
     4
 74
     0
 42
0.000000001
 43
0.0000000001
 40
0.0
 40
0.0
 40
0.0
 40
0.0
 40
1.0
 40
1.0
 40
1.0
 40
1.0
 10
-1.50636
 20
-3.41489
 30
0.0
 10
-1.50636
 20
-3.41489
 30
0.0
 10
-1.50636
 20
-3.40431
 30
0.0
 10
-1.50636
 20
-3.40431
 30
0.0
  0
SPLINE
  5
112
330
1F
100
AcDbEntity
  8
Layer 1
370
    25
100
AcDbSpline
210
0.0
220
0.0
230
1.0
 70
     8
 71
     3
 72
    16
 73
    12
 74
     0
 42
0.000000001
 43
0.0000000001
 40
0.0
 40
0.0
 40
0.0
 40
0.0
 40
0.25
 40
0.25
 40
0.25
 40
0.25000001
 40
0.5
 40
0.5
 40
0.5
 40
0.50000001
 40
1.0
 40
1.0
 40
1.0
 40
1.0
 10
-1.47109
 20
-3.40431
 30
0.0
 10
-1.47109
 20
-3.40431
 30
0.0
 10
-1.48167
 20
-3.40784
 30
0.0
 10
-1.48167
 20
-3.40784
 30
0.0
 10
-1.48167
 20
-3.40784
 30
0.0
 10
-1.48167
 20
-3.40784
 30
0.0
 10
-1.49578
 20
-3.40784
 30
0.0
 10
-1.49578
 20
-3.40784
 30
0.0
 10
-1.49578
 20
-3.40784
 30
0.0
 10
-1.49578
 20
-3.40784
 30
0.0
 10
-1.50636
 20
-3.41489
 30
0.0
 10
-1.50636
 20
-3.41489
 30
0.0
  0
SPLINE
  5
113
330
1F
100
AcDbEntity
  8
Layer 1
370
    25
100
AcDbSpline
210
0.0
220
0.0
230
1.0
 70
    24
 71
     3
 72
     8
 73
     4
 74
     0
 42
0.000000001
 43
0.0000000001
 40
0.0
 40
0.0
 40
0.0
 40
0.0
 40
1.0
 40
1.0
 40
1.0
 40
1.0
 10
-1.44286
 20
-3.40431
 30
0.0
 10
-1.44286
 20
-3.40431
 30
0.0
 10
-1.47109
 20
-3.40431
 30
0.0
 10
-1.47109
 20
-3.40431
 30
0.0
  0
SPLINE
  5
114
330
1F
100
AcDbEntity
  8
Layer 1
370
    25
100
AcDbSpline
210
0.0
220
0.0
230
1.0
 70
     8
 71
     3
 72
    24
 73
    20
 74
     0
 42
0.000000001
 43
0.0000000001
 40
0.0
 40
0.0
 40
0.0
 40
0.0
 40
0.1666666666666667
 40
0.1666666666666667
 40
0.1666666666666667
 40
0.1666666766666667
 40
0.3333333333333333
 40
0.3333333333333333
 40
0.3333333333333333
 40
0.3333333433333333
 40
0.5
 40
0.5
 40
0.5
 40
0.50000001
 40
0.6666666666666666
 40
0.6666666666666666
 40
0.6666666666666666
 40
0.6666666766666667
 40
1.0
 40
1.0
 40
1.0
 40
1.0
 10
-1.36878
 20
-3.47134
 30
0.0
 10
-1.36878
 20
-3.47134
 30
0.0
 10
-1.37231
 20
-3.4537
 30
0.0
 10
-1.37231
 20
-3.4537
 30
0.0
 10
-1.37231
 20
-3.4537
 30
0.0
 10
-1.37231
 20
-3.4537
 30
0.0
 10
-1.38289
 20
-3.43253
 30
0.0
 10
-1.38289
 20
-3.43253
 30
0.0
 10
-1.38289
 20
-3.43253
 30
0.0
 10
-1.38289
 20
-3.43253
 30
0.0
 10
-1.40053
 20
-3.41842
 30
0.0
 10
-1.40053
 20
-3.41842
 30
0.0
 10
-1.40053
 20
-3.41842
 30
0.0
 10
-1.40053
 20
-3.41842
 30
0.0
 10
-1.41817
 20
-3.40784
 30
0.0
 10
-1.41817
 20
-3.40784
 30
0.0
 10
-1.41817
 20
-3.40784
 30
0.0
 10
-1.41817
 20
-3.40784
 30
0.0
 10
-1.44286
 20
-3.40431
 30
0.0
 10
-1.44286
 20
-3.40431
 30
0.0
  0
SPLINE
  5
115
330
1F
100
AcDbEntity
  8
Layer 1
370
    25
100
AcDbSpline
210
0.0
220
0.0
230
1.0
 70
    24
 71
     3
 72
     8
 73
     4
 74
     0
 42
0.000000001
 43
0.0000000001
 40
0.0
 40
0.0
 40
0.0
 40
0.0
 40
1.0
 40
1.0
 40
1.0
 40
1.0
 10
-1.36878
 20
-3.6442
 30
0.0
 10
-1.36878
 20
-3.6442
 30
0.0
 10
-1.36878
 20
-3.47134
 30
0.0
 10
-1.36878
 20
-3.47134
 30
0.0
  0
SPLINE
  5
116
330
1F
100
AcDbEntity
  8
Layer 1
370
    25
100
AcDbSpline
210
0.0
220
0.0
230
1.0
 70
     8
 71
     3
 72
    24
 73
    20
 74
     0
 42
0.000000001
 43
0.0000000001
 40
0.0
 40
0.0
 40
0.0
 40
0.0
 40
0.1666666666666667
 40
0.1666666666666667
 40
0.1666666666666667
 40
0.1666666766666667
 40
0.3333333333333333
 40
0.3333333333333333
 40
0.3333333333333333
 40
0.3333333433333333
 40
0.5
 40
0.5
 40
0.5
 40
0.50000001
 40
0.6666666666666666
 40
0.6666666666666666
 40
0.6666666666666666
 40
0.6666666766666667
 40
1.0
 40
1.0
 40
1.0
 40
1.0
 10
-1.50636
 20
-3.46781
 30
0.0
 10
-1.50636
 20
-3.46781
 30
0.0
 10
-1.50284
 20
-3.4537
 30
0.0
 10
-1.50284
 20
-3.4537
 30
0.0
 10
-1.50284
 20
-3.4537
 30
0.0
 10
-1.50284
 20
-3.4537
 30
0.0
 10
-1.49578
 20
-3.43606
 30
0.0
 10
-1.49578
 20
-3.43606
 30
0.0
 10
-1.49578
 20
-3.43606
 30
0.0
 10
-1.49578
 20
-3.43606
 30
0.0
 10
-1.4852
 20
-3.42548
 30
0.0
 10
-1.4852
 20
-3.42548
 30
0.0
 10
-1.4852
 20
-3.42548
 30
0.0
 10
-1.4852
 20
-3.42548
 30
0.0
 10
-1.46756
 20
-3.41842
 30
0.0
 10
-1.46756
 20
-3.41842
 30
0.0
 10
-1.46756
 20
-3.41842
 30
0.0
 10
-1.46756
 20
-3.41842
 30
0.0
 10
-1.45698
 20
-3.41842
 30
0.0
 10
-1.45698
 20
-3.41842
 30
0.0
  0
SPLINE
  5
117
330
1F
100
AcDbEntity
  8
Layer 1
370
    25
100
AcDbSpline
210
0.0
220
0.0
230
1.0
 70
    24
 71
     3
 72
     8
 73
     4
 74
     0
 42
0.000000001
 43
0.0000000001
 40
0.0
 40
0.0
 40
0.0
 40
0.0
 40
1.0
 40
1.0
 40
1.0
 40
1.0
 10
-1.50636
 20
-3.6442
 30
0.0
 10
-1.50636
 20
-3.6442
 30
0.0
 10
-1.50636
 20
-3.46781
 30
0.0
 10
-1.50636
 20
-3.46781
 30
0.0
  0
SPLINE
  5
118
330
1F
100
AcDbEntity
  8
Layer 1
370
    25
100
AcDbSpline
210
0.0
220
0.0
230
1.0
 70
    24
 71
     3
 72
    12
 73
     8
 74
     0
 42
0.000000001
 43
0.0000000001
 40
0.0
 40
0.0
 40
0.0
 40
0.0
 40
0.3333333333333333
 40
0.3333333333333333
 40
0.3333333333333333
 40
0.3333333433333333
 40
1.0
 40
1.0
 40
1.0
 40
1.0
 10
-1.03717
 20
-3.41842
 30
0.0
 10
-1.03717
 20
-3.41842
 30
0.0
 10
-1.03717
 20
-3.41842
 30
0.0
 10
-1.03717
 20
-3.41842
 30
0.0
 10
-1.03717
 20
-3.41842
 30
0.0
 10
-1.03717
 20
-3.41842
 30
0.0
 10
-1.03717
 20
-3.42195
 30
0.0
 10
-1.03717
 20
-3.42195
 30
0.0
  0
SPLINE
  5
119
330
1F
100
AcDbEntity
  8
Layer 1
370
    25
100
AcDbSpline
210
0.0
220
0.0
230
1.0
 70
     8
 71
     3
 72
    16
 73
    12
 74
     0
 42
0.000000001
 43
0.0000000001
 40
0.0
 40
0.0
 40
0.0
 40
0.0
 40
0.25
 40
0.25
 40
0.25
 40
0.25000001
 40
0.5
 40
0.5
 40
0.5
 40
0.50000001
 40
1.0
 40
1.0
 40
1.0
 40
1.0
 10
-1.03717
 20
-3.41842
 30
0.0
 10
-1.03717
 20
-3.41842
 30
0.0
 10
-1.02306
 20
-3.42195
 30
0.0
 10
-1.02306
 20
-3.42195
 30
0.0
 10
-1.02306
 20
-3.42195
 30
0.0
 10
-1.02306
 20
-3.42195
 30
0.0
 10
-1.00542
 20
-3.429
 30
0.0
 10
-1.00542
 20
-3.429
 30
0.0
 10
-1.00542
 20
-3.429
 30
0.0
 10
-1.00542
 20
-3.429
 30
0.0
 10
-1.00189
 20
-3.43253
 30
0.0
 10
-1.00189
 20
-3.43253
 30
0.0
  0
SPLINE
  5
11A
330
1F
100
AcDbEntity
  8
Layer 1
370
    25
100
AcDbSpline
210
0.0
220
0.0
230
1.0
 70
     8
 71
     3
 72
    12
 73
     8
 74
     0
 42
0.000000001
 43
0.0000000001
 40
0.0
 40
0.0
 40
0.0
 40
0.0
 40
0.3333333333333333
 40
0.3333333333333333
 40
0.3333333333333333
 40
0.3333333433333333
 40
1.0
 40
1.0
 40
1.0
 40
1.0
 10
-1.00189
 20
-3.43253
 30
0.0
 10
-1.00189
 20
-3.43253
 30
0.0
 10
-1.00189
 20
-3.43606
 30
0.0
 10
-1.00189
 20
-3.43606
 30
0.0
 10
-1.00189
 20
-3.43606
 30
0.0
 10
-1.00189
 20
-3.43606
 30
0.0
 10
-1.00542
 20
-3.43606
 30
0.0
 10
-1.00542
 20
-3.43606
 30
0.0
  0
SPLINE
  5
11B
330
1F
100
AcDbEntity
  8
Layer 1
370
    25
100
AcDbSpline
210
0.0
220
0.0
230
1.0
 70
     8
 71
     3
 72
    16
 73
    12
 74
     0
 42
0.000000001
 43
0.0000000001
 40
0.0
 40
0.0
 40
0.0
 40
0.0
 40
0.25
 40
0.25
 40
0.25
 40
0.25000001
 40
0.5
 40
0.5
 40
0.5
 40
0.50000001
 40
1.0
 40
1.0
 40
1.0
 40
1.0
 10
-1.03717
 20
-3.42195
 30
0.0
 10
-1.03717
 20
-3.42195
 30
0.0
 10
-1.02306
 20
-3.42548
 30
0.0
 10
-1.02306
 20
-3.42548
 30
0.0
 10
-1.02306
 20
-3.42548
 30
0.0
 10
-1.02306
 20
-3.42548
 30
0.0
 10
-1.00895
 20
-3.43253
 30
0.0
 10
-1.00895
 20
-3.43253
 30
0.0
 10
-1.00895
 20
-3.43253
 30
0.0
 10
-1.00895
 20
-3.43253
 30
0.0
 10
-1.00542
 20
-3.43606
 30
0.0
 10
-1.00542
 20
-3.43606
 30
0.0
  0
SPLINE
  5
11C
330
1F
100
AcDbEntity
  8
Layer 1
370
    25
100
AcDbSpline
210
0.0
220
0.0
230
1.0
 70
    24
 71
     3
 72
     8
 73
     4
 74
     0
 42
0.000000001
 43
0.0000000001
 40
0.0
 40
0.0
 40
0.0
 40
0.0
 40
1.0
 40
1.0
 40
1.0
 40
1.0
 10
-1.00189
 20
-3.43253
 30
0.0
 10
-1.00189
 20
-3.43253
 30
0.0
 10
-0.97367
 20
-3.42548
 30
0.0
 10
-0.97367
 20
-3.42548
 30
0.0
  0
SPLINE
  5
11D
330
1F
100
AcDbEntity
  8
Layer 1
370
    25
100
AcDbSpline
210
0.0
220
0.0
230
1.0
 70
    24
 71
     3
 72
    12
 73
     8
 74
     0
 42
0.000000001
 43
0.0000000001
 40
0.0
 40
0.0
 40
0.0
 40
0.0
 40
0.3333333333333333
 40
0.3333333333333333
 40
0.3333333333333333
 40
0.3333333433333333
 40
1.0
 40
1.0
 40
1.0
 40
1.0
 10
-0.97367
 20
-3.42548
 30
0.0
 10
-0.97367
 20
-3.42548
 30
0.0
 10
-0.97014
 20
-3.42548
 30
0.0
 10
-0.97014
 20
-3.42548
 30
0.0
 10
-0.97014
 20
-3.42548
 30
0.0
 10
-0.97014
 20
-3.42548
 30
0.0
 10
-0.96661
 20
-3.42548
 30
0.0
 10
-0.96661
 20
-3.42548
 30
0.0
  0
SPLINE
  5
11E
330
1F
100
AcDbEntity
  8
Layer 1
370
    25
100
AcDbSpline
210
0.0
220
0.0
230
1.0
 70
    24
 71
     3
 72
     8
 73
     4
 74
     0
 42
0.000000001
 43
0.0000000001
 40
0.0
 40
0.0
 40
0.0
 40
0.0
 40
1.0
 40
1.0
 40
1.0
 40
1.0
 10
-1.00542
 20
-3.43606
 30
0.0
 10
-1.00542
 20
-3.43606
 30
0.0
 10
-0.96661
 20
-3.42548
 30
0.0
 10
-0.96661
 20
-3.42548
 30
0.0
  0
SPLINE
  5
11F
330
1F
100
AcDbEntity
  8
Layer 1
370
    25
100
AcDbSpline
210
0.0
220
0.0
230
1.0
 70
     8
 71
     3
 72
    16
 73
    12
 74
     0
 42
0.000000001
 43
0.0000000001
 40
0.0
 40
0.0
 40
0.0
 40
0.0
 40
0.25
 40
0.25
 40
0.25
 40
0.25000001
 40
0.5
 40
0.5
 40
0.5
 40
0.50000001
 40
1.0
 40
1.0
 40
1.0
 40
1.0
 10
-0.97367
 20
-3.42548
 30
0.0
 10
-0.97367
 20
-3.42548
 30
0.0
 10
-0.99131
 20
-3.41137
 30
0.0
 10
-0.99131
 20
-3.41137
 30
0.0
 10
-0.99131
 20
-3.41137
 30
0.0
 10
-0.99131
 20
-3.41137
 30
0.0
 10
-1.016
 20
-3.40431
 30
0.0
 10
-1.016
 20
-3.40431
 30
0.0
 10
-1.016
 20
-3.40431
 30
0.0
 10
-1.016
 20
-3.40431
 30
0.0
 10
-1.02306
 20
-3.40431
 30
0.0
 10
-1.02306
 20
-3.40431
 30
0.0
  0
SPLINE
  5
120
330
1F
100
AcDbEntity
  8
Layer 1
370
    25
100
AcDbSpline
210
0.0
220
0.0
230
1.0
 70
    24
 71
     3
 72
     8
 73
     4
 74
     0
 42
0.000000001
 43
0.0000000001
 40
0.0
 40
0.0
 40
0.0
 40
0.0
 40
1.0
 40
1.0
 40
1.0
 40
1.0
 10
-1.02306
 20
-3.40431
 30
0.0
 10
-1.02306
 20
-3.40431
 30
0.0
 10
-1.02306
 20
-3.40078
 30
0.0
 10
-1.02306
 20
-3.40078
 30
0.0
  0
SPLINE
  5
121
330
1F
100
AcDbEntity
  8
Layer 1
370
    25
100
AcDbSpline
210
0.0
220
0.0
230
1.0
 70
     8
 71
     3
 72
    16
 73
    12
 74
     0
 42
0.000000001
 43
0.0000000001
 40
0.0
 40
0.0
 40
0.0
 40
0.0
 40
0.25
 40
0.25
 40
0.25
 40
0.25000001
 40
0.5
 40
0.5
 40
0.5
 40
0.50000001
 40
1.0
 40
1.0
 40
1.0
 40
1.0
 10
-0.96661
 20
-3.42548
 30
0.0
 10
-0.96661
 20
-3.42548
 30
0.0
 10
-0.98425
 20
-3.41137
 30
0.0
 10
-0.98425
 20
-3.41137
 30
0.0
 10
-0.98425
 20
-3.41137
 30
0.0
 10
-0.98425
 20
-3.41137
 30
0.0
 10
-1.00895
 20
-3.40431
 30
0.0
 10
-1.00895
 20
-3.40431
 30
0.0
 10
-1.00895
 20
-3.40431
 30
0.0
 10
-1.00895
 20
-3.40431
 30
0.0
 10
-1.02306
 20
-3.40078
 30
0.0
 10
-1.02306
 20
-3.40078
 30
0.0
  0
SPLINE
  5
122
330
1F
100
AcDbEntity
  8
Layer 1
370
    25
100
AcDbSpline
210
0.0
220
0.0
230
1.0
 70
    24
 71
     3
 72
     8
 73
     4
 74
     0
 42
0.000000001
 43
0.0000000001
 40
0.0
 40
0.0
 40
0.0
 40
0.0
 40
1.0
 40
1.0
 40
1.0
 40
1.0
 10
-1.02306
 20
-3.40431
 30
0.0
 10
-1.02306
 20
-3.40431
 30
0.0
 10
-1.05128
 20
-3.40431
 30
0.0
 10
-1.05128
 20
-3.40431
 30
0.0
  0
SPLINE
  5
123
330
1F
100
AcDbEntity
  8
Layer 1
370
    25
100
AcDbSpline
210
0.0
220
0.0
230
1.0
 70
    24
 71
     3
 72
     8
 73
     4
 74
     0
 42
0.000000001
 43
0.0000000001
 40
0.0
 40
0.0
 40
0.0
 40
0.0
 40
1.0
 40
1.0
 40
1.0
 40
1.0
 10
-1.05128
 20
-3.40431
 30
0.0
 10
-1.05128
 20
-3.40431
 30
0.0
 10
-1.05128
 20
-3.40078
 30
0.0
 10
-1.05128
 20
-3.40078
 30
0.0
  0
SPLINE
  5
124
330
1F
100
AcDbEntity
  8
Layer 1
370
    25
100
AcDbSpline
210
0.0
220
0.0
230
1.0
 70
    24
 71
     3
 72
     8
 73
     4
 74
     0
 42
0.000000001
 43
0.0000000001
 40
0.0
 40
0.0
 40
0.0
 40
0.0
 40
1.0
 40
1.0
 40
1.0
 40
1.0
 10
-1.02306
 20
-3.40078
 30
0.0
 10
-1.02306
 20
-3.40078
 30
0.0
 10
-1.05128
 20
-3.40078
 30
0.0
 10
-1.05128
 20
-3.40078
 30
0.0
  0
SPLINE
  5
125
330
1F
100
AcDbEntity
  8
Layer 1
370
    25
100
AcDbSpline
210
0.0
220
0.0
230
1.0
 70
     8
 71
     3
 72
    16
 73
    12
 74
     0
 42
0.000000001
 43
0.0000000001
 40
0.0
 40
0.0
 40
0.0
 40
0.0
 40
0.25
 40
0.25
 40
0.25
 40
0.25000001
 40
0.5
 40
0.5
 40
0.5
 40
0.50000001
 40
1.0
 40
1.0
 40
1.0
 40
1.0
 10
-1.05128
 20
-3.40431
 30
0.0
 10
-1.05128
 20
-3.40431
 30
0.0
 10
-1.06186
 20
-3.40784
 30
0.0
 10
-1.06186
 20
-3.40784
 30
0.0
 10
-1.06186
 20
-3.40784
 30
0.0
 10
-1.06186
 20
-3.40784
 30
0.0
 10
-1.07598
 20
-3.40784
 30
0.0
 10
-1.07598
 20
-3.40784
 30
0.0
 10
-1.07598
 20
-3.40784
 30
0.0
 10
-1.07598
 20
-3.40784
 30
0.0
 10
-1.08656
 20
-3.41489
 30
0.0
 10
-1.08656
 20
-3.41489
 30
0.0
  0
SPLINE
  5
126
330
1F
100
AcDbEntity
  8
Layer 1
370
    25
100
AcDbSpline
210
0.0
220
0.0
230
1.0
 70
     8
 71
     3
 72
    12
 73
     8
 74
     0
 42
0.000000001
 43
0.0000000001
 40
0.0
 40
0.0
 40
0.0
 40
0.0
 40
0.3333333333333333
 40
0.3333333333333333
 40
0.3333333333333333
 40
0.3333333433333333
 40
1.0
 40
1.0
 40
1.0
 40
1.0
 10
-1.08656
 20
-3.41489
 30
0.0
 10
-1.08656
 20
-3.41489
 30
0.0
 10
-1.08656
 20
-3.41137
 30
0.0
 10
-1.08656
 20
-3.41137
 30
0.0
 10
-1.08656
 20
-3.41137
 30
0.0
 10
-1.08656
 20
-3.41137
 30
0.0
 10
-1.08303
 20
-3.40784
 30
0.0
 10
-1.08303
 20
-3.40784
 30
0.0
  0
SPLINE
  5
127
330
1F
100
AcDbEntity
  8
Layer 1
370
    25
100
AcDbSpline
210
0.0
220
0.0
230
1.0
 70
     8
 71
     3
 72
    16
 73
    12
 74
     0
 42
0.000000001
 43
0.0000000001
 40
0.0
 40
0.0
 40
0.0
 40
0.0
 40
0.25
 40
0.25
 40
0.25
 40
0.25000001
 40
0.5
 40
0.5
 40
0.5
 40
0.50000001
 40
1.0
 40
1.0
 40
1.0
 40
1.0
 10
-1.05128
 20
-3.40078
 30
0.0
 10
-1.05128
 20
-3.40078
 30
0.0
 10
-1.06186
 20
-3.40431
 30
0.0
 10
-1.06186
 20
-3.40431
 30
0.0
 10
-1.06186
 20
-3.40431
 30
0.0
 10
-1.06186
 20
-3.40431
 30
0.0
 10
-1.07245
 20
-3.40431
 30
0.0
 10
-1.07245
 20
-3.40431
 30
0.0
 10
-1.07245
 20
-3.40431
 30
0.0
 10
-1.07245
 20
-3.40431
 30
0.0
 10
-1.08303
 20
-3.40784
 30
0.0
 10
-1.08303
 20
-3.40784
 30
0.0
  0
SPLINE
  5
128
330
1F
100
AcDbEntity
  8
Layer 1
370
    25
100
AcDbSpline
210
0.0
220
0.0
230
1.0
 70
    24
 71
     3
 72
     8
 73
     4
 74
     0
 42
0.000000001
 43
0.0000000001
 40
0.0
 40
0.0
 40
0.0
 40
0.0
 40
1.0
 40
1.0
 40
1.0
 40
1.0
 10
-1.08656
 20
-3.41489
 30
0.0
 10
-1.08656
 20
-3.41489
 30
0.0
 10
-1.08656
 20
-3.40431
 30
0.0
 10
-1.08656
 20
-3.40431
 30
0.0
  0
SPLINE
  5
129
330
1F
100
AcDbEntity
  8
Layer 1
370
    25
100
AcDbSpline
210
0.0
220
0.0
230
1.0
 70
    24
 71
     3
 72
     8
 73
     4
 74
     0
 42
0.000000001
 43
0.0000000001
 40
0.0
 40
0.0
 40
0.0
 40
0.0
 40
1.0
 40
1.0
 40
1.0
 40
1.0
 10
-1.08656
 20
-3.40431
 30
0.0
 10
-1.08656
 20
-3.40431
 30
0.0
 10
-1.08303
 20
-3.40078
 30
0.0
 10
-1.08303
 20
-3.40078
 30
0.0
  0
SPLINE
  5
12A
330
1F
100
AcDbEntity
  8
Layer 1
370
    25
100
AcDbSpline
210
0.0
220
0.0
230
1.0
 70
    24
 71
     3
 72
     8
 73
     4
 74
     0
 42
0.000000001
 43
0.0000000001
 40
0.0
 40
0.0
 40
0.0
 40
0.0
 40
1.0
 40
1.0
 40
1.0
 40
1.0
 10
-1.08303
 20
-3.40784
 30
0.0
 10
-1.08303
 20
-3.40784
 30
0.0
 10
-1.08303
 20
-3.40078
 30
0.0
 10
-1.08303
 20
-3.40078
 30
0.0
  0
SPLINE
  5
12B
330
1F
100
AcDbEntity
  8
Layer 1
370
    25
100
AcDbSpline
210
0.0
220
0.0
230
1.0
 70
    24
 71
     3
 72
     8
 73
     4
 74
     0
 42
0.000000001
 43
0.0000000001
 40
0.0
 40
0.0
 40
0.0
 40
0.0
 40
1.0
 40
1.0
 40
1.0
 40
1.0
 10
-1.08656
 20
-3.40431
 30
0.0
 10
-1.08656
 20
-3.40431
 30
0.0
 10
-1.12536
 20
-3.40431
 30
0.0
 10
-1.12536
 20
-3.40431
 30
0.0
  0
SPLINE
  5
12C
330
1F
100
AcDbEntity
  8
Layer 1
370
    25
100
AcDbSpline
210
0.0
220
0.0
230
1.0
 70
    24
 71
     3
 72
     8
 73
     4
 74
     0
 42
0.000000001
 43
0.0000000001
 40
0.0
 40
0.0
 40
0.0
 40
0.0
 40
1.0
 40
1.0
 40
1.0
 40
1.0
 10
-1.12536
 20
-3.40431
 30
0.0
 10
-1.12536
 20
-3.40431
 30
0.0
 10
-1.12889
 20
-3.40078
 30
0.0
 10
-1.12889
 20
-3.40078
 30
0.0
  0
SPLINE
  5
12D
330
1F
100
AcDbEntity
  8
Layer 1
370
    25
100
AcDbSpline
210
0.0
220
0.0
230
1.0
 70
    24
 71
     3
 72
     8
 73
     4
 74
     0
 42
0.000000001
 43
0.0000000001
 40
0.0
 40
0.0
 40
0.0
 40
0.0
 40
1.0
 40
1.0
 40
1.0
 40
1.0
 10
-1.08303
 20
-3.40078
 30
0.0
 10
-1.08303
 20
-3.40078
 30
0.0
 10
-1.12889
 20
-3.40078
 30
0.0
 10
-1.12889
 20
-3.40078
 30
0.0
  0
SPLINE
  5
12E
330
1F
100
AcDbEntity
  8
Layer 1
370
    25
100
AcDbSpline
210
0.0
220
0.0
230
1.0
 70
    24
 71
     3
 72
     8
 73
     4
 74
     0
 42
0.000000001
 43
0.0000000001
 40
0.0
 40
0.0
 40
0.0
 40
0.0
 40
1.0
 40
1.0
 40
1.0
 40
1.0
 10
-1.12536
 20
-3.40431
 30
0.0
 10
-1.12536
 20
-3.40431
 30
0.0
 10
-1.12536
 20
-3.6442
 30
0.0
 10
-1.12536
 20
-3.6442
 30
0.0
  0
SPLINE
  5
12F
330
1F
100
AcDbEntity
  8
Layer 1
370
    25
100
AcDbSpline
210
0.0
220
0.0
230
1.0
 70
    24
 71
     3
 72
     8
 73
     4
 74
     0
 42
0.000000001
 43
0.0000000001
 40
0.0
 40
0.0
 40
0.0
 40
0.0
 40
1.0
 40
1.0
 40
1.0
 40
1.0
 10
-1.12536
 20
-3.6442
 30
0.0
 10
-1.12536
 20
-3.6442
 30
0.0
 10
-1.12889
 20
-3.64773
 30
0.0
 10
-1.12889
 20
-3.64773
 30
0.0
  0
SPLINE
  5
130
330
1F
100
AcDbEntity
  8
Layer 1
370
    25
100
AcDbSpline
210
0.0
220
0.0
230
1.0
 70
    24
 71
     3
 72
     8
 73
     4
 74
     0
 42
0.000000001
 43
0.0000000001
 40
0.0
 40
0.0
 40
0.0
 40
0.0
 40
1.0
 40
1.0
 40
1.0
 40
1.0
 10
-1.12889
 20
-3.40078
 30
0.0
 10
-1.12889
 20
-3.40078
 30
0.0
 10
-1.12889
 20
-3.64773
 30
0.0
 10
-1.12889
 20
-3.64773
 30
0.0
  0
SPLINE
  5
131
330
1F
100
AcDbEntity
  8
Layer 1
370
    25
100
AcDbSpline
210
0.0
220
0.0
230
1.0
 70
    24
 71
     3
 72
     8
 73
     4
 74
     0
 42
0.000000001
 43
0.0000000001
 40
0.0
 40
0.0
 40
0.0
 40
0.0
 40
1.0
 40
1.0
 40
1.0
 40
1.0
 10
-1.12536
 20
-3.6442
 30
0.0
 10
-1.12536
 20
-3.6442
 30
0.0
 10
-1.08656
 20
-3.6442
 30
0.0
 10
-1.08656
 20
-3.6442
 30
0.0
  0
SPLINE
  5
132
330
1F
100
AcDbEntity
  8
Layer 1
370
    25
100
AcDbSpline
210
0.0
220
0.0
230
1.0
 70
    24
 71
     3
 72
     8
 73
     4
 74
     0
 42
0.000000001
 43
0.0000000001
 40
0.0
 40
0.0
 40
0.0
 40
0.0
 40
1.0
 40
1.0
 40
1.0
 40
1.0
 10
-1.08656
 20
-3.6442
 30
0.0
 10
-1.08656
 20
-3.6442
 30
0.0
 10
-1.08303
 20
-3.64773
 30
0.0
 10
-1.08303
 20
-3.64773
 30
0.0
  0
SPLINE
  5
133
330
1F
100
AcDbEntity
  8
Layer 1
370
    25
100
AcDbSpline
210
0.0
220
0.0
230
1.0
 70
    24
 71
     3
 72
     8
 73
     4
 74
     0
 42
0.000000001
 43
0.0000000001
 40
0.0
 40
0.0
 40
0.0
 40
0.0
 40
1.0
 40
1.0
 40
1.0
 40
1.0
 10
-1.12889
 20
-3.64773
 30
0.0
 10
-1.12889
 20
-3.64773
 30
0.0
 10
-1.08303
 20
-3.64773
 30
0.0
 10
-1.08303
 20
-3.64773
 30
0.0
  0
SPLINE
  5
134
330
1F
100
AcDbEntity
  8
Layer 1
370
    25
100
AcDbSpline
210
0.0
220
0.0
230
1.0
 70
    24
 71
     3
 72
     8
 73
     4
 74
     0
 42
0.000000001
 43
0.0000000001
 40
0.0
 40
0.0
 40
0.0
 40
0.0
 40
1.0
 40
1.0
 40
1.0
 40
1.0
 10
-1.08656
 20
-3.6442
 30
0.0
 10
-1.08656
 20
-3.6442
 30
0.0
 10
-1.08656
 20
-3.46781
 30
0.0
 10
-1.08656
 20
-3.46781
 30
0.0
  0
SPLINE
  5
135
330
1F
100
AcDbEntity
  8
Layer 1
370
    25
100
AcDbSpline
210
0.0
220
0.0
230
1.0
 70
    24
 71
     3
 72
     8
 73
     4
 74
     0
 42
0.000000001
 43
0.0000000001
 40
0.0
 40
0.0
 40
0.0
 40
0.0
 40
1.0
 40
1.0
 40
1.0
 40
1.0
 10
-1.08656
 20
-3.46781
 30
0.0
 10
-1.08656
 20
-3.46781
 30
0.0
 10
-1.08303
 20
-3.46781
 30
0.0
 10
-1.08303
 20
-3.46781
 30
0.0
  0
SPLINE
  5
136
330
1F
100
AcDbEntity
  8
Layer 1
370
    25
100
AcDbSpline
210
0.0
220
0.0
230
1.0
 70
    24
 71
     3
 72
     8
 73
     4
 74
     0
 42
0.000000001
 43
0.0000000001
 40
0.0
 40
0.0
 40
0.0
 40
0.0
 40
1.0
 40
1.0
 40
1.0
 40
1.0
 10
-1.08303
 20
-3.64773
 30
0.0
 10
-1.08303
 20
-3.64773
 30
0.0
 10
-1.08303
 20
-3.46781
 30
0.0
 10
-1.08303
 20
-3.46781
 30
0.0
  0
SPLINE
  5
137
330
1F
100
AcDbEntity
  8
Layer 1
370
    25
100
AcDbSpline
210
0.0
220
0.0
230
1.0
 70
     8
 71
     3
 72
    24
 73
    20
 74
     0
 42
0.000000001
 43
0.0000000001
 40
0.0
 40
0.0
 40
0.0
 40
0.0
 40
0.1666666666666667
 40
0.1666666666666667
 40
0.1666666666666667
 40
0.1666666766666667
 40
0.3333333333333333
 40
0.3333333333333333
 40
0.3333333333333333
 40
0.3333333433333333
 40
0.5
 40
0.5
 40
0.5
 40
0.50000001
 40
0.6666666666666666
 40
0.6666666666666666
 40
0.6666666666666666
 40
0.6666666766666667
 40
1.0
 40
1.0
 40
1.0
 40
1.0
 10
-1.08656
 20
-3.46781
 30
0.0
 10
-1.08656
 20
-3.46781
 30
0.0
 10
-1.08303
 20
-3.45017
 30
0.0
 10
-1.08303
 20
-3.45017
 30
0.0
 10
-1.08303
 20
-3.45017
 30
0.0
 10
-1.08303
 20
-3.45017
 30
0.0
 10
-1.07598
 20
-3.43606
 30
0.0
 10
-1.07598
 20
-3.43606
 30
0.0
 10
-1.07598
 20
-3.43606
 30
0.0
 10
-1.07598
 20
-3.43606
 30
0.0
 10
-1.06539
 20
-3.42548
 30
0.0
 10
-1.06539
 20
-3.42548
 30
0.0
 10
-1.06539
 20
-3.42548
 30
0.0
 10
-1.06539
 20
-3.42548
 30
0.0
 10
-1.04775
 20
-3.41842
 30
0.0
 10
-1.04775
 20
-3.41842
 30
0.0
 10
-1.04775
 20
-3.41842
 30
0.0
 10
-1.04775
 20
-3.41842
 30
0.0
 10
-1.03717
 20
-3.41842
 30
0.0
 10
-1.03717
 20
-3.41842
 30
0.0
  0
SPLINE
  5
138
330
1F
100
AcDbEntity
  8
Layer 1
370
    25
100
AcDbSpline
210
0.0
220
0.0
230
1.0
 70
     8
 71
     3
 72
    24
 73
    20
 74
     0
 42
0.000000001
 43
0.0000000001
 40
0.0
 40
0.0
 40
0.0
 40
0.0
 40
0.1666666666666667
 40
0.1666666666666667
 40
0.1666666666666667
 40
0.1666666766666667
 40
0.3333333333333333
 40
0.3333333333333333
 40
0.3333333333333333
 40
0.3333333433333333
 40
0.5
 40
0.5
 40
0.5
 40
0.50000001
 40
0.6666666666666666
 40
0.6666666666666666
 40
0.6666666666666666
 40
0.6666666766666667
 40
1.0
 40
1.0
 40
1.0
 40
1.0
 10
-1.08303
 20
-3.46781
 30
0.0
 10
-1.08303
 20
-3.46781
 30
0.0
 10
-1.0795
 20
-3.4537
 30
0.0
 10
-1.0795
 20
-3.4537
 30
0.0
 10
-1.0795
 20
-3.4537
 30
0.0
 10
-1.0795
 20
-3.4537
 30
0.0
 10
-1.07245
 20
-3.43959
 30
0.0
 10
-1.07245
 20
-3.43959
 30
0.0
 10
-1.07245
 20
-3.43959
 30
0.0
 10
-1.07245
 20
-3.43959
 30
0.0
 10
-1.06186
 20
-3.429
 30
0.0
 10
-1.06186
 20
-3.429
 30
0.0
 10
-1.06186
 20
-3.429
 30
0.0
 10
-1.06186
 20
-3.429
 30
0.0
 10
-1.04775
 20
-3.42195
 30
0.0
 10
-1.04775
 20
-3.42195
 30
0.0
 10
-1.04775
 20
-3.42195
 30
0.0
 10
-1.04775
 20
-3.42195
 30
0.0
 10
-1.03717
 20
-3.42195
 30
0.0
 10
-1.03717
 20
-3.42195
 30
0.0
  0
SPLINE
  5
139
330
1F
100
AcDbEntity
  8
Layer 1
370
    25
100
AcDbSpline
210
0.0
220
0.0
230
1.0
 70
    24
 71
     3
 72
    12
 73
     8
 74
     0
 42
0.000000001
 43
0.0000000001
 40
0.0
 40
0.0
 40
0.0
 40
0.0
 40
0.3333333333333333
 40
0.3333333333333333
 40
0.3333333333333333
 40
0.3333333433333333
 40
1.0
 40
1.0
 40
1.0
 40
1.0
 10
-1.19945
 20
-3.46428
 30
0.0
 10
-1.19945
 20
-3.46428
 30
0.0
 10
-1.19945
 20
-3.46428
 30
0.0
 10
-1.19945
 20
-3.46428
 30
0.0
 10
-1.19945
 20
-3.46428
 30
0.0
 10
-1.19945
 20
-3.46428
 30
0.0
 10
-1.20298
 20
-3.46428
 30
0.0
 10
-1.20298
 20
-3.46428
 30
0.0
  0
SPLINE
  5
13A
330
1F
100
AcDbEntity
  8
Layer 1
370
    25
100
AcDbSpline
210
0.0
220
0.0
230
1.0
 70
     8
 71
     3
 72
    24
 73
    20
 74
     0
 42
0.000000001
 43
0.0000000001
 40
0.0
 40
0.0
 40
0.0
 40
0.0
 40
0.1666666666666667
 40
0.1666666666666667
 40
0.1666666666666667
 40
0.1666666766666667
 40
0.3333333333333333
 40
0.3333333333333333
 40
0.3333333333333333
 40
0.3333333433333333
 40
0.5
 40
0.5
 40
0.5
 40
0.50000001
 40
0.6666666666666666
 40
0.6666666666666666
 40
0.6666666666666666
 40
0.6666666766666667
 40
1.0
 40
1.0
 40
1.0
 40
1.0
 10
-1.24884
 20
-3.42195
 30
0.0
 10
-1.24884
 20
-3.42195
 30
0.0
 10
-1.2312
 20
-3.42548
 30
0.0
 10
-1.2312
 20
-3.42548
 30
0.0
 10
-1.2312
 20
-3.42548
 30
0.0
 10
-1.2312
 20
-3.42548
 30
0.0
 10
-1.22061
 20
-3.43253
 30
0.0
 10
-1.22061
 20
-3.43253
 30
0.0
 10
-1.22061
 20
-3.43253
 30
0.0
 10
-1.22061
 20
-3.43253
 30
0.0
 10
-1.21003
 20
-3.44312
 30
0.0
 10
-1.21003
 20
-3.44312
 30
0.0
 10
-1.21003
 20
-3.44312
 30
0.0
 10
-1.21003
 20
-3.44312
 30
0.0
 10
-1.20298
 20
-3.45723
 30
0.0
 10
-1.20298
 20
-3.45723
 30
0.0
 10
-1.20298
 20
-3.45723
 30
0.0
 10
-1.20298
 20
-3.45723
 30
0.0
 10
-1.20298
 20
-3.46428
 30
0.0
 10
-1.20298
 20
-3.46428
 30
0.0
  0
SPLINE
  5
13B
330
1F
100
AcDbEntity
  8
Layer 1
370
    25
100
AcDbSpline
210
0.0
220
0.0
230
1.0
 70
    24
 71
     3
 72
     8
 73
     4
 74
     0
 42
0.000000001
 43
0.0000000001
 40
0.0
 40
0.0
 40
0.0
 40
0.0
 40
1.0
 40
1.0
 40
1.0
 40
1.0
 10
-1.66864
 20
-3.63009
 30
0.0
 10
-1.66864
 20
-3.63009
 30
0.0
 10
-1.66864
 20
-3.62656
 30
0.0
 10
-1.66864
 20
-3.62656
 30
0.0
  0
SPLINE
  5
13C
330
1F
100
AcDbEntity
  8
Layer 1
370
    25
100
AcDbSpline
210
0.0
220
0.0
230
1.0
 70
    24
 71
     3
 72
     8
 73
     4
 74
     0
 42
0.000000001
 43
0.0000000001
 40
0.0
 40
0.0
 40
0.0
 40
0.0
 40
1.0
 40
1.0
 40
1.0
 40
1.0
 10
-1.7145
 20
-3.5807
 30
0.0
 10
-1.7145
 20
-3.5807
 30
0.0
 10
-1.71098
 20
-3.5807
 30
0.0
 10
-1.71098
 20
-3.5807
 30
0.0
  0
SPLINE
  5
13D
330
1F
100
AcDbEntity
  8
Layer 1
370
    25
100
AcDbSpline
210
0.0
220
0.0
230
1.0
 70
     8
 71
     3
 72
    24
 73
    20
 74
     0
 42
0.000000001
 43
0.0000000001
 40
0.0
 40
0.0
 40
0.0
 40
0.0
 40
0.1666666666666667
 40
0.1666666666666667
 40
0.1666666666666667
 40
0.1666666766666667
 40
0.3333333333333333
 40
0.3333333333333333
 40
0.3333333333333333
 40
0.3333333433333333
 40
0.5
 40
0.5
 40
0.5
 40
0.50000001
 40
0.6666666666666666
 40
0.6666666666666666
 40
0.6666666666666666
 40
0.6666666766666667
 40
1.0
 40
1.0
 40
1.0
 40
1.0
 10
-1.66864
 20
-3.62656
 30
0.0
 10
-1.66864
 20
-3.62656
 30
0.0
 10
-1.68275
 20
-3.62303
 30
0.0
 10
-1.68275
 20
-3.62303
 30
0.0
 10
-1.68275
 20
-3.62303
 30
0.0
 10
-1.68275
 20
-3.62303
 30
0.0
 10
-1.69686
 20
-3.61598
 30
0.0
 10
-1.69686
 20
-3.61598
 30
0.0
 10
-1.69686
 20
-3.61598
 30
0.0
 10
-1.69686
 20
-3.61598
 30
0.0
 10
-1.70392
 20
-3.60539
 30
0.0
 10
-1.70392
 20
-3.60539
 30
0.0
 10
-1.70392
 20
-3.60539
 30
0.0
 10
-1.70392
 20
-3.60539
 30
0.0
 10
-1.71098
 20
-3.59128
 30
0.0
 10
-1.71098
 20
-3.59128
 30
0.0
 10
-1.71098
 20
-3.59128
 30
0.0
 10
-1.71098
 20
-3.59128
 30
0.0
 10
-1.71098
 20
-3.5807
 30
0.0
 10
-1.71098
 20
-3.5807
 30
0.0
  0
SPLINE
  5
13E
330
1F
100
AcDbEntity
  8
Layer 1
370
    25
100
AcDbSpline
210
0.0
220
0.0
230
1.0
 70
    24
 71
     3
 72
     8
 73
     4
 74
     0
 42
0.000000001
 43
0.0000000001
 40
0.0
 40
0.0
 40
0.0
 40
0.0
 40
1.0
 40
1.0
 40
1.0
 40
1.0
 10
-1.7145
 20
-3.53131
 30
0.0
 10
-1.7145
 20
-3.53131
 30
0.0
 10
-1.71098
 20
-3.53484
 30
0.0
 10
-1.71098
 20
-3.53484
 30
0.0
  0
SPLINE
  5
13F
330
1F
100
AcDbEntity
  8
Layer 1
370
    25
100
AcDbSpline
210
0.0
220
0.0
230
1.0
 70
    24
 71
     3
 72
     8
 73
     4
 74
     0
 42
0.000000001
 43
0.0000000001
 40
0.0
 40
0.0
 40
0.0
 40
0.0
 40
1.0
 40
1.0
 40
1.0
 40
1.0
 10
-1.71098
 20
-3.5807
 30
0.0
 10
-1.71098
 20
-3.5807
 30
0.0
 10
-1.71098
 20
-3.53484
 30
0.0
 10
-1.71098
 20
-3.53484
 30
0.0
  0
SPLINE
  5
140
330
1F
100
AcDbEntity
  8
Layer 1
370
    25
100
AcDbSpline
210
0.0
220
0.0
230
1.0
 70
    24
 71
     3
 72
     8
 73
     4
 74
     0
 42
0.000000001
 43
0.0000000001
 40
0.0
 40
0.0
 40
0.0
 40
0.0
 40
1.0
 40
1.0
 40
1.0
 40
1.0
 10
-1.58045
 20
-3.53131
 30
0.0
 10
-1.58045
 20
-3.53131
 30
0.0
 10
-1.57692
 20
-3.53484
 30
0.0
 10
-1.57692
 20
-3.53484
 30
0.0
  0
SPLINE
  5
141
330
1F
100
AcDbEntity
  8
Layer 1
370
    25
100
AcDbSpline
210
0.0
220
0.0
230
1.0
 70
    24
 71
     3
 72
     8
 73
     4
 74
     0
 42
0.000000001
 43
0.0000000001
 40
0.0
 40
0.0
 40
0.0
 40
0.0
 40
1.0
 40
1.0
 40
1.0
 40
1.0
 10
-1.71098
 20
-3.53484
 30
0.0
 10
-1.71098
 20
-3.53484
 30
0.0
 10
-1.57692
 20
-3.53484
 30
0.0
 10
-1.57692
 20
-3.53484
 30
0.0
  0
SPLINE
  5
142
330
1F
100
AcDbEntity
  8
Layer 1
370
    25
100
AcDbSpline
210
0.0
220
0.0
230
1.0
 70
    24
 71
     3
 72
     8
 73
     4
 74
     0
 42
0.000000001
 43
0.0000000001
 40
0.0
 40
0.0
 40
0.0
 40
0.0
 40
1.0
 40
1.0
 40
1.0
 40
1.0
 10
-1.58045
 20
-3.47134
 30
0.0
 10
-1.58045
 20
-3.47134
 30
0.0
 10
-1.57692
 20
-3.47134
 30
0.0
 10
-1.57692
 20
-3.47134
 30
0.0
  0
SPLINE
  5
143
330
1F
100
AcDbEntity
  8
Layer 1
370
    25
100
AcDbSpline
210
0.0
220
0.0
230
1.0
 70
    24
 71
     3
 72
     8
 73
     4
 74
     0
 42
0.000000001
 43
0.0000000001
 40
0.0
 40
0.0
 40
0.0
 40
0.0
 40
1.0
 40
1.0
 40
1.0
 40
1.0
 10
-1.57692
 20
-3.53484
 30
0.0
 10
-1.57692
 20
-3.53484
 30
0.0
 10
-1.57692
 20
-3.47134
 30
0.0
 10
-1.57692
 20
-3.47134
 30
0.0
  0
SPLINE
  5
144
330
1F
100
AcDbEntity
  8
Layer 1
370
    25
100
AcDbSpline
210
0.0
220
0.0
230
1.0
 70
    24
 71
     3
 72
     8
 73
     4
 74
     0
 42
0.000000001
 43
0.0000000001
 40
0.0
 40
0.0
 40
0.0
 40
0.0
 40
1.0
 40
1.0
 40
1.0
 40
1.0
 10
-1.65453
 20
-3.40431
 30
0.0
 10
-1.65453
 20
-3.40431
 30
0.0
 10
-1.65453
 20
-3.40078
 30
0.0
 10
-1.65453
 20
-3.40078
 30
0.0
  0
SPLINE
  5
145
330
1F
100
AcDbEntity
  8
Layer 1
370
    25
100
AcDbSpline
210
0.0
220
0.0
230
1.0
 70
     8
 71
     3
 72
    24
 73
    20
 74
     0
 42
0.000000001
 43
0.0000000001
 40
0.0
 40
0.0
 40
0.0
 40
0.0
 40
0.1666666666666667
 40
0.1666666666666667
 40
0.1666666666666667
 40
0.1666666766666667
 40
0.3333333333333333
 40
0.3333333333333333
 40
0.3333333333333333
 40
0.3333333433333333
 40
0.5
 40
0.5
 40
0.5
 40
0.50000001
 40
0.6666666666666666
 40
0.6666666666666666
 40
0.6666666666666666
 40
0.6666666766666667
 40
1.0
 40
1.0
 40
1.0
 40
1.0
 10
-1.57692
 20
-3.47134
 30
0.0
 10
-1.57692
 20
-3.47134
 30
0.0
 10
-1.58045
 20
-3.44664
 30
0.0
 10
-1.58045
 20
-3.44664
 30
0.0
 10
-1.58045
 20
-3.44664
 30
0.0
 10
-1.58045
 20
-3.44664
 30
0.0
 10
-1.59456
 20
-3.429
 30
0.0
 10
-1.59456
 20
-3.429
 30
0.0
 10
-1.59456
 20
-3.429
 30
0.0
 10
-1.59456
 20
-3.429
 30
0.0
 10
-1.60867
 20
-3.41489
 30
0.0
 10
-1.60867
 20
-3.41489
 30
0.0
 10
-1.60867
 20
-3.41489
 30
0.0
 10
-1.60867
 20
-3.41489
 30
0.0
 10
-1.63336
 20
-3.40431
 30
0.0
 10
-1.63336
 20
-3.40431
 30
0.0
 10
-1.63336
 20
-3.40431
 30
0.0
 10
-1.63336
 20
-3.40431
 30
0.0
 10
-1.65453
 20
-3.40078
 30
0.0
 10
-1.65453
 20
-3.40078
 30
0.0
  0
SPLINE
  5
146
330
1F
100
AcDbEntity
  8
Layer 1
370
    25
100
AcDbSpline
210
0.0
220
0.0
230
1.0
 70
     8
 71
     3
 72
    24
 73
    20
 74
     0
 42
0.000000001
 43
0.0000000001
 40
0.0
 40
0.0
 40
0.0
 40
0.0
 40
0.1666666666666667
 40
0.1666666666666667
 40
0.1666666666666667
 40
0.1666666766666667
 40
0.3333333333333333
 40
0.3333333333333333
 40
0.3333333333333333
 40
0.3333333433333333
 40
0.5
 40
0.5
 40
0.5
 40
0.50000001
 40
0.6666666666666666
 40
0.6666666666666666
 40
0.6666666666666666
 40
0.6666666766666667
 40
1.0
 40
1.0
 40
1.0
 40
1.0
 10
-1.24884
 20
-3.51367
 30
0.0
 10
-1.24884
 20
-3.51367
 30
0.0
 10
-1.26295
 20
-3.5172
 30
0.0
 10
-1.26295
 20
-3.5172
 30
0.0
 10
-1.26295
 20
-3.5172
 30
0.0
 10
-1.26295
 20
-3.5172
 30
0.0
 10
-1.27706
 20
-3.52425
 30
0.0
 10
-1.27706
 20
-3.52425
 30
0.0
 10
-1.27706
 20
-3.52425
 30
0.0
 10
-1.27706
 20
-3.52425
 30
0.0
 10
-1.28764
 20
-3.53484
 30
0.0
 10
-1.28764
 20
-3.53484
 30
0.0
 10
-1.28764
 20
-3.53484
 30
0.0
 10
-1.28764
 20
-3.53484
 30
0.0
 10
-1.29117
 20
-3.55248
 30
0.0
 10
-1.29117
 20
-3.55248
 30
0.0
 10
-1.29117
 20
-3.55248
 30
0.0
 10
-1.29117
 20
-3.55248
 30
0.0
 10
-1.2947
 20
-3.55953
 30
0.0
 10
-1.2947
 20
-3.55953
 30
0.0
  0
SPLINE
  5
147
330
1F
100
AcDbEntity
  8
Layer 1
370
    25
100
AcDbSpline
210
0.0
220
0.0
230
1.0
 70
    24
 71
     3
 72
     8
 73
     4
 74
     0
 42
0.000000001
 43
0.0000000001
 40
0.0
 40
0.0
 40
0.0
 40
0.0
 40
1.0
 40
1.0
 40
1.0
 40
1.0
 10
-1.67923
 20
-3.40431
 30
0.0
 10
-1.67923
 20
-3.40431
 30
0.0
 10
-1.67923
 20
-3.40078
 30
0.0
 10
-1.67923
 20
-3.40078
 30
0.0
  0
SPLINE
  5
148
330
1F
100
AcDbEntity
  8
Layer 1
370
    25
100
AcDbSpline
210
0.0
220
0.0
230
1.0
 70
    24
 71
     3
 72
     8
 73
     4
 74
     0
 42
0.000000001
 43
0.0000000001
 40
0.0
 40
0.0
 40
0.0
 40
0.0
 40
1.0
 40
1.0
 40
1.0
 40
1.0
 10
-1.75331
 20
-3.47134
 30
0.0
 10
-1.75331
 20
-3.47134
 30
0.0
 10
-1.75684
 20
-3.47134
 30
0.0
 10
-1.75684
 20
-3.47134
 30
0.0
  0
SPLINE
  5
149
330
1F
100
AcDbEntity
  8
Layer 1
370
    25
100
AcDbSpline
210
0.0
220
0.0
230
1.0
 70
     8
 71
     3
 72
    24
 73
    20
 74
     0
 42
0.000000001
 43
0.0000000001
 40
0.0
 40
0.0
 40
0.0
 40
0.0
 40
0.1666666666666667
 40
0.1666666666666667
 40
0.1666666666666667
 40
0.1666666766666667
 40
0.3333333333333333
 40
0.3333333333333333
 40
0.3333333333333333
 40
0.3333333433333333
 40
0.5
 40
0.5
 40
0.5
 40
0.50000001
 40
0.6666666666666666
 40
0.6666666666666666
 40
0.6666666666666666
 40
0.6666666766666667
 40
1.0
 40
1.0
 40
1.0
 40
1.0
 10
-1.67923
 20
-3.40078
 30
0.0
 10
-1.67923
 20
-3.40078
 30
0.0
 10
-1.70392
 20
-3.40431
 30
0.0
 10
-1.70392
 20
-3.40431
 30
0.0
 10
-1.70392
 20
-3.40431
 30
0.0
 10
-1.70392
 20
-3.40431
 30
0.0
 10
-1.73214
 20
-3.41842
 30
0.0
 10
-1.73214
 20
-3.41842
 30
0.0
 10
-1.73214
 20
-3.41842
 30
0.0
 10
-1.73214
 20
-3.41842
 30
0.0
 10
-1.74978
 20
-3.43959
 30
0.0
 10
-1.74978
 20
-3.43959
 30
0.0
 10
-1.74978
 20
-3.43959
 30
0.0
 10
-1.74978
 20
-3.43959
 30
0.0
 10
-1.75684
 20
-3.46075
 30
0.0
 10
-1.75684
 20
-3.46075
 30
0.0
 10
-1.75684
 20
-3.46075
 30
0.0
 10
-1.75684
 20
-3.46075
 30
0.0
 10
-1.75684
 20
-3.47134
 30
0.0
 10
-1.75684
 20
-3.47134
 30
0.0
  0
SPLINE
  5
14A
330
1F
100
AcDbEntity
  8
Layer 1
370
    25
100
AcDbSpline
210
0.0
220
0.0
230
1.0
 70
    24
 71
     3
 72
     8
 73
     4
 74
     0
 42
0.000000001
 43
0.0000000001
 40
0.0
 40
0.0
 40
0.0
 40
0.0
 40
1.0
 40
1.0
 40
1.0
 40
1.0
 10
-1.75331
 20
-3.57717
 30
0.0
 10
-1.75331
 20
-3.57717
 30
0.0
 10
-1.75684
 20
-3.57717
 30
0.0
 10
-1.75684
 20
-3.57717
 30
0.0
  0
SPLINE
  5
14B
330
1F
100
AcDbEntity
  8
Layer 1
370
    25
100
AcDbSpline
210
0.0
220
0.0
230
1.0
 70
    24
 71
     3
 72
     8
 73
     4
 74
     0
 42
0.000000001
 43
0.0000000001
 40
0.0
 40
0.0
 40
0.0
 40
0.0
 40
1.0
 40
1.0
 40
1.0
 40
1.0
 10
-1.75684
 20
-3.47134
 30
0.0
 10
-1.75684
 20
-3.47134
 30
0.0
 10
-1.75684
 20
-3.57717
 30
0.0
 10
-1.75684
 20
-3.57717
 30
0.0
  0
SPLINE
  5
14C
330
1F
100
AcDbEntity
  8
Layer 1
370
    25
100
AcDbSpline
210
0.0
220
0.0
230
1.0
 70
    24
 71
     3
 72
     8
 73
     4
 74
     0
 42
0.000000001
 43
0.0000000001
 40
0.0
 40
0.0
 40
0.0
 40
0.0
 40
1.0
 40
1.0
 40
1.0
 40
1.0
 10
-1.67923
 20
-3.6442
 30
0.0
 10
-1.67923
 20
-3.6442
 30
0.0
 10
-1.67923
 20
-3.64773
 30
0.0
 10
-1.67923
 20
-3.64773
 30
0.0
  0
SPLINE
  5
14D
330
1F
100
AcDbEntity
  8
Layer 1
370
    25
100
AcDbSpline
210
0.0
220
0.0
230
1.0
 70
     8
 71
     3
 72
    24
 73
    20
 74
     0
 42
0.000000001
 43
0.0000000001
 40
0.0
 40
0.0
 40
0.0
 40
0.0
 40
0.1666666666666667
 40
0.1666666666666667
 40
0.1666666666666667
 40
0.1666666766666667
 40
0.3333333333333333
 40
0.3333333333333333
 40
0.3333333333333333
 40
0.3333333433333333
 40
0.5
 40
0.5
 40
0.5
 40
0.50000001
 40
0.6666666666666666
 40
0.6666666666666666
 40
0.6666666666666666
 40
0.6666666766666667
 40
1.0
 40
1.0
 40
1.0
 40
1.0
 10
-1.75684
 20
-3.57717
 30
0.0
 10
-1.75684
 20
-3.57717
 30
0.0
 10
-1.75331
 20
-3.59834
 30
0.0
 10
-1.75331
 20
-3.59834
 30
0.0
 10
-1.75331
 20
-3.59834
 30
0.0
 10
-1.75331
 20
-3.59834
 30
0.0
 10
-1.74273
 20
-3.6195
 30
0.0
 10
-1.74273
 20
-3.6195
 30
0.0
 10
-1.74273
 20
-3.6195
 30
0.0
 10
-1.74273
 20
-3.6195
 30
0.0
 10
-1.72861
 20
-3.63362
 30
0.0
 10
-1.72861
 20
-3.63362
 30
0.0
 10
-1.72861
 20
-3.63362
 30
0.0
 10
-1.72861
 20
-3.63362
 30
0.0
 10
-1.70392
 20
-3.6442
 30
0.0
 10
-1.70392
 20
-3.6442
 30
0.0
 10
-1.70392
 20
-3.6442
 30
0.0
 10
-1.70392
 20
-3.6442
 30
0.0
 10
-1.67923
 20
-3.64773
 30
0.0
 10
-1.67923
 20
-3.64773
 30
0.0
  0
SPLINE
  5
14E
330
1F
100
AcDbEntity
  8
Layer 1
370
    25
100
AcDbSpline
210
0.0
220
0.0
230
1.0
 70
    24
 71
     3
 72
     8
 73
     4
 74
     0
 42
0.000000001
 43
0.0000000001
 40
0.0
 40
0.0
 40
0.0
 40
0.0
 40
1.0
 40
1.0
 40
1.0
 40
1.0
 10
-1.67923
 20
-3.64773
 30
0.0
 10
-1.67923
 20
-3.64773
 30
0.0
 10
-1.65453
 20
-3.64773
 30
0.0
 10
-1.65453
 20
-3.64773
 30
0.0
  0
SPLINE
  5
14F
330
1F
100
AcDbEntity
  8
Layer 1
370
    25
100
AcDbSpline
210
0.0
220
0.0
230
1.0
 70
    24
 71
     3
 72
     8
 73
     4
 74
     0
 42
0.000000001
 43
0.0000000001
 40
0.0
 40
0.0
 40
0.0
 40
0.0
 40
1.0
 40
1.0
 40
1.0
 40
1.0
 10
-1.50636
 20
-3.46781
 30
0.0
 10
-1.50636
 20
-3.46781
 30
0.0
 10
-1.50284
 20
-3.46781
 30
0.0
 10
-1.50284
 20
-3.46781
 30
0.0
  0
SPLINE
  5
150
330
1F
100
AcDbEntity
  8
Layer 1
370
    25
100
AcDbSpline
210
0.0
220
0.0
230
1.0
 70
    24
 71
     3
 72
     8
 73
     4
 74
     0
 42
0.000000001
 43
0.0000000001
 40
0.0
 40
0.0
 40
0.0
 40
0.0
 40
1.0
 40
1.0
 40
1.0
 40
1.0
 10
-1.50284
 20
-3.64773
 30
0.0
 10
-1.50284
 20
-3.64773
 30
0.0
 10
-1.50284
 20
-3.46781
 30
0.0
 10
-1.50284
 20
-3.46781
 30
0.0
  0
SPLINE
  5
151
330
1F
100
AcDbEntity
  8
Layer 1
370
    25
100
AcDbSpline
210
0.0
220
0.0
230
1.0
 70
     8
 71
     3
 72
    24
 73
    20
 74
     0
 42
0.000000001
 43
0.0000000001
 40
0.0
 40
0.0
 40
0.0
 40
0.0
 40
0.1666666666666667
 40
0.1666666666666667
 40
0.1666666666666667
 40
0.1666666766666667
 40
0.3333333333333333
 40
0.3333333333333333
 40
0.3333333333333333
 40
0.3333333433333333
 40
0.5
 40
0.5
 40
0.5
 40
0.50000001
 40
0.6666666666666666
 40
0.6666666666666666
 40
0.6666666666666666
 40
0.6666666766666667
 40
1.0
 40
1.0
 40
1.0
 40
1.0
 10
-1.50284
 20
-3.46781
 30
0.0
 10
-1.50284
 20
-3.46781
 30
0.0
 10
-1.49931
 20
-3.4537
 30
0.0
 10
-1.49931
 20
-3.4537
 30
0.0
 10
-1.49931
 20
-3.4537
 30
0.0
 10
-1.49931
 20
-3.4537
 30
0.0
 10
-1.49225
 20
-3.43959
 30
0.0
 10
-1.49225
 20
-3.43959
 30
0.0
 10
-1.49225
 20
-3.43959
 30
0.0
 10
-1.49225
 20
-3.43959
 30
0.0
 10
-1.48167
 20
-3.429
 30
0.0
 10
-1.48167
 20
-3.429
 30
0.0
 10
-1.48167
 20
-3.429
 30
0.0
 10
-1.48167
 20
-3.429
 30
0.0
 10
-1.46756
 20
-3.42195
 30
0.0
 10
-1.46756
 20
-3.42195
 30
0.0
 10
-1.46756
 20
-3.42195
 30
0.0
 10
-1.46756
 20
-3.42195
 30
0.0
 10
-1.45698
 20
-3.42195
 30
0.0
 10
-1.45698
 20
-3.42195
 30
0.0
  0
SPLINE
  5
152
330
1F
100
AcDbEntity
  8
Layer 1
370
    25
100
AcDbSpline
210
0.0
220
0.0
230
1.0
 70
     8
 71
     3
 72
    24
 73
    20
 74
     0
 42
0.000000001
 43
0.0000000001
 40
0.0
 40
0.0
 40
0.0
 40
0.0
 40
0.1666666666666667
 40
0.1666666666666667
 40
0.1666666666666667
 40
0.1666666766666667
 40
0.3333333333333333
 40
0.3333333333333333
 40
0.3333333333333333
 40
0.3333333433333333
 40
0.5
 40
0.5
 40
0.5
 40
0.50000001
 40
0.6666666666666666
 40
0.6666666666666666
 40
0.6666666666666666
 40
0.6666666766666667
 40
1.0
 40
1.0
 40
1.0
 40
1.0
 10
-1.62278
 20
-3.5807
 30
0.0
 10
-1.62278
 20
-3.5807
 30
0.0
 10
-1.62631
 20
-3.59834
 30
0.0
 10
-1.62631
 20
-3.59834
 30
0.0
 10
-1.62631
 20
-3.59834
 30
0.0
 10
-1.62631
 20
-3.59834
 30
0.0
 10
-1.63336
 20
-3.61245
 30
0.0
 10
-1.63336
 20
-3.61245
 30
0.0
 10
-1.63336
 20
-3.61245
 30
0.0
 10
-1.63336
 20
-3.61245
 30
0.0
 10
-1.64395
 20
-3.62303
 30
0.0
 10
-1.64395
 20
-3.62303
 30
0.0
 10
-1.64395
 20
-3.62303
 30
0.0
 10
-1.64395
 20
-3.62303
 30
0.0
 10
-1.66159
 20
-3.62656
 30
0.0
 10
-1.66159
 20
-3.62656
 30
0.0
 10
-1.66159
 20
-3.62656
 30
0.0
 10
-1.66159
 20
-3.62656
 30
0.0
 10
-1.66864
 20
-3.62656
 30
0.0
 10
-1.66864
 20
-3.62656
 30
0.0
  0
SPLINE
  5
153
330
1F
100
AcDbEntity
  8
Layer 1
370
    25
100
AcDbSpline
210
0.0
220
0.0
230
1.0
 70
    24
 71
     3
 72
     8
 73
     4
 74
     0
 42
0.000000001
 43
0.0000000001
 40
0.0
 40
0.0
 40
0.0
 40
0.0
 40
1.0
 40
1.0
 40
1.0
 40
1.0
 10
-1.61925
 20
-3.5172
 30
0.0
 10
-1.61925
 20
-3.5172
 30
0.0
 10
-1.62278
 20
-3.51367
 30
0.0
 10
-1.62278
 20
-3.51367
 30
0.0
  0
SPLINE
  5
154
330
1F
100
AcDbEntity
  8
Layer 1
370
    25
100
AcDbSpline
210
0.0
220
0.0
230
1.0
 70
    24
 71
     3
 72
     8
 73
     4
 74
     0
 42
0.000000001
 43
0.0000000001
 40
0.0
 40
0.0
 40
0.0
 40
0.0
 40
1.0
 40
1.0
 40
1.0
 40
1.0
 10
-1.7145
 20
-3.5172
 30
0.0
 10
-1.7145
 20
-3.5172
 30
0.0
 10
-1.71098
 20
-3.51367
 30
0.0
 10
-1.71098
 20
-3.51367
 30
0.0
  0
SPLINE
  5
155
330
1F
100
AcDbEntity
  8
Layer 1
370
    25
100
AcDbSpline
210
0.0
220
0.0
230
1.0
 70
    24
 71
     3
 72
     8
 73
     4
 74
     0
 42
0.000000001
 43
0.0000000001
 40
0.0
 40
0.0
 40
0.0
 40
0.0
 40
1.0
 40
1.0
 40
1.0
 40
1.0
 10
-1.71098
 20
-3.51367
 30
0.0
 10
-1.71098
 20
-3.51367
 30
0.0
 10
-1.62278
 20
-3.51367
 30
0.0
 10
-1.62278
 20
-3.51367
 30
0.0
  0
SPLINE
  5
156
330
1F
100
AcDbEntity
  8
Layer 1
370
    25
100
AcDbSpline
210
0.0
220
0.0
230
1.0
 70
    24
 71
     3
 72
     8
 73
     4
 74
     0
 42
0.000000001
 43
0.0000000001
 40
0.0
 40
0.0
 40
0.0
 40
0.0
 40
1.0
 40
1.0
 40
1.0
 40
1.0
 10
-1.61925
 20
-3.46781
 30
0.0
 10
-1.61925
 20
-3.46781
 30
0.0
 10
-1.62278
 20
-3.46781
 30
0.0
 10
-1.62278
 20
-3.46781
 30
0.0
  0
SPLINE
  5
157
330
1F
100
AcDbEntity
  8
Layer 1
370
    25
100
AcDbSpline
210
0.0
220
0.0
230
1.0
 70
    24
 71
     3
 72
     8
 73
     4
 74
     0
 42
0.000000001
 43
0.0000000001
 40
0.0
 40
0.0
 40
0.0
 40
0.0
 40
1.0
 40
1.0
 40
1.0
 40
1.0
 10
-1.62278
 20
-3.51367
 30
0.0
 10
-1.62278
 20
-3.51367
 30
0.0
 10
-1.62278
 20
-3.46781
 30
0.0
 10
-1.62278
 20
-3.46781
 30
0.0
  0
SPLINE
  5
158
330
1F
100
AcDbEntity
  8
Layer 1
370
    25
100
AcDbSpline
210
0.0
220
0.0
230
1.0
 70
    24
 71
     3
 72
     8
 73
     4
 74
     0
 42
0.000000001
 43
0.0000000001
 40
0.0
 40
0.0
 40
0.0
 40
0.0
 40
1.0
 40
1.0
 40
1.0
 40
1.0
 10
-1.66864
 20
-3.41842
 30
0.0
 10
-1.66864
 20
-3.41842
 30
0.0
 10
-1.66864
 20
-3.42195
 30
0.0
 10
-1.66864
 20
-3.42195
 30
0.0
  0
SPLINE
  5
159
330
1F
100
AcDbEntity
  8
Layer 1
370
    25
100
AcDbSpline
210
0.0
220
0.0
230
1.0
 70
     8
 71
     3
 72
    24
 73
    20
 74
     0
 42
0.000000001
 43
0.0000000001
 40
0.0
 40
0.0
 40
0.0
 40
0.0
 40
0.1666666666666667
 40
0.1666666666666667
 40
0.1666666666666667
 40
0.1666666766666667
 40
0.3333333333333333
 40
0.3333333333333333
 40
0.3333333333333333
 40
0.3333333433333333
 40
0.5
 40
0.5
 40
0.5
 40
0.50000001
 40
0.6666666666666666
 40
0.6666666666666666
 40
0.6666666666666666
 40
0.6666666766666667
 40
1.0
 40
1.0
 40
1.0
 40
1.0
 10
-1.62278
 20
-3.46781
 30
0.0
 10
-1.62278
 20
-3.46781
 30
0.0
 10
-1.62278
 20
-3.4537
 30
0.0
 10
-1.62278
 20
-3.4537
 30
0.0
 10
-1.62278
 20
-3.4537
 30
0.0
 10
-1.62278
 20
-3.4537
 30
0.0
 10
-1.62984
 20
-3.43959
 30
0.0
 10
-1.62984
 20
-3.43959
 30
0.0
 10
-1.62984
 20
-3.43959
 30
0.0
 10
-1.62984
 20
-3.43959
 30
0.0
 10
-1.64395
 20
-3.429
 30
0.0
 10
-1.64395
 20
-3.429
 30
0.0
 10
-1.64395
 20
-3.429
 30
0.0
 10
-1.64395
 20
-3.429
 30
0.0
 10
-1.65806
 20
-3.42195
 30
0.0
 10
-1.65806
 20
-3.42195
 30
0.0
 10
-1.65806
 20
-3.42195
 30
0.0
 10
-1.65806
 20
-3.42195
 30
0.0
 10
-1.66864
 20
-3.42195
 30
0.0
 10
-1.66864
 20
-3.42195
 30
0.0
  0
SPLINE
  5
15A
330
1F
100
AcDbEntity
  8
Layer 1
370
    25
100
AcDbSpline
210
0.0
220
0.0
230
1.0
 70
    24
 71
     3
 72
     8
 73
     4
 74
     0
 42
0.000000001
 43
0.0000000001
 40
0.0
 40
0.0
 40
0.0
 40
0.0
 40
1.0
 40
1.0
 40
1.0
 40
1.0
 10
-1.7145
 20
-3.46781
 30
0.0
 10
-1.7145
 20
-3.46781
 30
0.0
 10
-1.71098
 20
-3.46781
 30
0.0
 10
-1.71098
 20
-3.46781
 30
0.0
  0
SPLINE
  5
15B
330
1F
100
AcDbEntity
  8
Layer 1
370
    25
100
AcDbSpline
210
0.0
220
0.0
230
1.0
 70
     8
 71
     3
 72
    24
 73
    20
 74
     0
 42
0.000000001
 43
0.0000000001
 40
0.0
 40
0.0
 40
0.0
 40
0.0
 40
0.1666666666666667
 40
0.1666666666666667
 40
0.1666666666666667
 40
0.1666666766666667
 40
0.3333333333333333
 40
0.3333333333333333
 40
0.3333333333333333
 40
0.3333333433333333
 40
0.5
 40
0.5
 40
0.5
 40
0.50000001
 40
0.6666666666666666
 40
0.6666666666666666
 40
0.6666666666666666
 40
0.6666666766666667
 40
1.0
 40
1.0
 40
1.0
 40
1.0
 10
-1.66864
 20
-3.42195
 30
0.0
 10
-1.66864
 20
-3.42195
 30
0.0
 10
-1.68275
 20
-3.42548
 30
0.0
 10
-1.68275
 20
-3.42548
 30
0.0
 10
-1.68275
 20
-3.42548
 30
0.0
 10
-1.68275
 20
-3.42548
 30
0.0
 10
-1.69686
 20
-3.43253
 30
0.0
 10
-1.69686
 20
-3.43253
 30
0.0
 10
-1.69686
 20
-3.43253
 30
0.0
 10
-1.69686
 20
-3.43253
 30
0.0
 10
-1.70392
 20
-3.44312
 30
0.0
 10
-1.70392
 20
-3.44312
 30
0.0
 10
-1.70392
 20
-3.44312
 30
0.0
 10
-1.70392
 20
-3.44312
 30
0.0
 10
-1.71098
 20
-3.45723
 30
0.0
 10
-1.71098
 20
-3.45723
 30
0.0
 10
-1.71098
 20
-3.45723
 30
0.0
 10
-1.71098
 20
-3.45723
 30
0.0
 10
-1.71098
 20
-3.46781
 30
0.0
 10
-1.71098
 20
-3.46781
 30
0.0
  0
SPLINE
  5
15C
330
1F
100
AcDbEntity
  8
Layer 1
370
    25
100
AcDbSpline
210
0.0
220
0.0
230
1.0
 70
    24
 71
     3
 72
     8
 73
     4
 74
     0
 42
0.000000001
 43
0.0000000001
 40
0.0
 40
0.0
 40
0.0
 40
0.0
 40
1.0
 40
1.0
 40
1.0
 40
1.0
 10
-1.71098
 20
-3.46781
 30
0.0
 10
-1.71098
 20
-3.46781
 30
0.0
 10
-1.71098
 20
-3.51367
 30
0.0
 10
-1.71098
 20
-3.51367
 30
0.0
  0
SPLINE
  5
15D
330
1F
100
AcDbEntity
  8
Layer 1
370
    25
100
AcDbSpline
210
0.0
220
0.0
230
1.0
 70
    24
 71
     3
 72
     8
 73
     4
 74
     0
 42
0.000000001
 43
0.0000000001
 40
0.0
 40
0.0
 40
0.0
 40
0.0
 40
1.0
 40
1.0
 40
1.0
 40
1.0
 10
-1.47109
 20
-3.40431
 30
0.0
 10
-1.47109
 20
-3.40431
 30
0.0
 10
-1.47109
 20
-3.40078
 30
0.0
 10
-1.47109
 20
-3.40078
 30
0.0
  0
SPLINE
  5
15E
330
1F
100
AcDbEntity
  8
Layer 1
370
    25
100
AcDbSpline
210
0.0
220
0.0
230
1.0
 70
     8
 71
     3
 72
    12
 73
     8
 74
     0
 42
0.000000001
 43
0.0000000001
 40
0.0
 40
0.0
 40
0.0
 40
0.0
 40
0.3333333333333333
 40
0.3333333333333333
 40
0.3333333333333333
 40
0.3333333433333333
 40
1.0
 40
1.0
 40
1.0
 40
1.0
 10
-1.50636
 20
-3.41489
 30
0.0
 10
-1.50636
 20
-3.41489
 30
0.0
 10
-1.50636
 20
-3.41137
 30
0.0
 10
-1.50636
 20
-3.41137
 30
0.0
 10
-1.50636
 20
-3.41137
 30
0.0
 10
-1.50636
 20
-3.41137
 30
0.0
 10
-1.50284
 20
-3.40784
 30
0.0
 10
-1.50284
 20
-3.40784
 30
0.0
  0
SPLINE
  5
15F
330
1F
100
AcDbEntity
  8
Layer 1
370
    25
100
AcDbSpline
210
0.0
220
0.0
230
1.0
 70
     8
 71
     3
 72
    16
 73
    12
 74
     0
 42
0.000000001
 43
0.0000000001
 40
0.0
 40
0.0
 40
0.0
 40
0.0
 40
0.25
 40
0.25
 40
0.25
 40
0.25000001
 40
0.5
 40
0.5
 40
0.5
 40
0.50000001
 40
1.0
 40
1.0
 40
1.0
 40
1.0
 10
-1.47109
 20
-3.40078
 30
0.0
 10
-1.47109
 20
-3.40078
 30
0.0
 10
-1.48167
 20
-3.40431
 30
0.0
 10
-1.48167
 20
-3.40431
 30
0.0
 10
-1.48167
 20
-3.40431
 30
0.0
 10
-1.48167
 20
-3.40431
 30
0.0
 10
-1.49225
 20
-3.40431
 30
0.0
 10
-1.49225
 20
-3.40431
 30
0.0
 10
-1.49225
 20
-3.40431
 30
0.0
 10
-1.49225
 20
-3.40431
 30
0.0
 10
-1.50284
 20
-3.40784
 30
0.0
 10
-1.50284
 20
-3.40784
 30
0.0
  0
SPLINE
  5
160
330
1F
100
AcDbEntity
  8
Layer 1
370
    25
100
AcDbSpline
210
0.0
220
0.0
230
1.0
 70
    24
 71
     3
 72
     8
 73
     4
 74
     0
 42
0.000000001
 43
0.0000000001
 40
0.0
 40
0.0
 40
0.0
 40
0.0
 40
1.0
 40
1.0
 40
1.0
 40
1.0
 10
-1.50636
 20
-3.40431
 30
0.0
 10
-1.50636
 20
-3.40431
 30
0.0
 10
-1.50284
 20
-3.40078
 30
0.0
 10
-1.50284
 20
-3.40078
 30
0.0
  0
SPLINE
  5
161
330
1F
100
AcDbEntity
  8
Layer 1
370
    25
100
AcDbSpline
210
0.0
220
0.0
230
1.0
 70
    24
 71
     3
 72
     8
 73
     4
 74
     0
 42
0.000000001
 43
0.0000000001
 40
0.0
 40
0.0
 40
0.0
 40
0.0
 40
1.0
 40
1.0
 40
1.0
 40
1.0
 10
-1.50284
 20
-3.40784
 30
0.0
 10
-1.50284
 20
-3.40784
 30
0.0
 10
-1.50284
 20
-3.40078
 30
0.0
 10
-1.50284
 20
-3.40078
 30
0.0
  0
SPLINE
  5
162
330
1F
100
AcDbEntity
  8
Layer 1
370
    25
100
AcDbSpline
210
0.0
220
0.0
230
1.0
 70
    24
 71
     3
 72
     8
 73
     4
 74
     0
 42
0.000000001
 43
0.0000000001
 40
0.0
 40
0.0
 40
0.0
 40
0.0
 40
1.0
 40
1.0
 40
1.0
 40
1.0
 10
-1.50284
 20
-3.40078
 30
0.0
 10
-1.50284
 20
-3.40078
 30
0.0
 10
-1.5487
 20
-3.40078
 30
0.0
 10
-1.5487
 20
-3.40078
 30
0.0
  0
SPLINE
  5
163
330
1F
100
AcDbEntity
  8
Layer 1
370
    25
100
AcDbSpline
210
0.0
220
0.0
230
1.0
 70
    24
 71
     3
 72
    12
 73
     8
 74
     0
 42
0.000000001
 43
0.0000000001
 40
0.0
 40
0.0
 40
0.0
 40
0.0
 40
0.3333333333333333
 40
0.3333333333333333
 40
0.3333333333333333
 40
0.3333333433333333
 40
1.0
 40
1.0
 40
1.0
 40
1.0
 10
-2.00025
 20
-3.39373
 30
0.0
 10
-2.00025
 20
-3.39373
 30
0.0
 10
-2.00025
 20
-3.39373
 30
0.0
 10
-2.00025
 20
-3.39373
 30
0.0
 10
-2.00025
 20
-3.39373
 30
0.0
 10
-2.00025
 20
-3.39373
 30
0.0
 10
-1.99673
 20
-3.39725
 30
0.0
 10
-1.99673
 20
-3.39725
 30
0.0
  0
SPLINE
  5
164
330
1F
100
AcDbEntity
  8
Layer 1
370
    25
100
AcDbSpline
210
0.0
220
0.0
230
1.0
 70
     8
 71
     3
 72
    20
 73
    16
 74
     0
 42
0.000000001
 43
0.0000000001
 40
0.0
 40
0.0
 40
0.0
 40
0.0
 40
0.2
 40
0.2
 40
0.2
 40
0.20000001
 40
0.4
 40
0.4
 40
0.4
 40
0.40000001
 40
0.6
 40
0.6
 40
0.6
 40
0.60000001
 40
1.0
 40
1.0
 40
1.0
 40
1.0
 10
-2.00025
 20
-3.39373
 30
0.0
 10
-2.00025
 20
-3.39373
 30
0.0
 10
-2.01084
 20
-3.37609
 30
0.0
 10
-2.01084
 20
-3.37609
 30
0.0
 10
-2.01084
 20
-3.37609
 30
0.0
 10
-2.01084
 20
-3.37609
 30
0.0
 10
-2.02848
 20
-3.36198
 30
0.0
 10
-2.02848
 20
-3.36198
 30
0.0
 10
-2.02848
 20
-3.36198
 30
0.0
 10
-2.02848
 20
-3.36198
 30
0.0
 10
-2.04964
 20
-3.35139
 30
0.0
 10
-2.04964
 20
-3.35139
 30
0.0
 10
-2.04964
 20
-3.35139
 30
0.0
 10
-2.04964
 20
-3.35139
 30
0.0
 10
-2.07434
 20
-3.34434
 30
0.0
 10
-2.07434
 20
-3.34434
 30
0.0
  0
SPLINE
  5
165
330
1F
100
AcDbEntity
  8
Layer 1
370
    25
100
AcDbSpline
210
0.0
220
0.0
230
1.0
 70
    24
 71
     3
 72
     8
 73
     4
 74
     0
 42
0.000000001
 43
0.0000000001
 40
0.0
 40
0.0
 40
0.0
 40
0.0
 40
1.0
 40
1.0
 40
1.0
 40
1.0
 10
-2.07434
 20
-3.34434
 30
0.0
 10
-2.07434
 20
-3.34434
 30
0.0
 10
-2.07434
 20
-3.34081
 30
0.0
 10
-2.07434
 20
-3.34081
 30
0.0
  0
SPLINE
  5
166
330
1F
100
AcDbEntity
  8
Layer 1
370
    25
100
AcDbSpline
210
0.0
220
0.0
230
1.0
 70
     8
 71
     3
 72
    24
 73
    20
 74
     0
 42
0.000000001
 43
0.0000000001
 40
0.0
 40
0.0
 40
0.0
 40
0.0
 40
0.1666666666666667
 40
0.1666666666666667
 40
0.1666666666666667
 40
0.1666666766666667
 40
0.3333333333333333
 40
0.3333333333333333
 40
0.3333333333333333
 40
0.3333333433333333
 40
0.5
 40
0.5
 40
0.5
 40
0.50000001
 40
0.6666666666666666
 40
0.6666666666666666
 40
0.6666666666666666
 40
0.6666666766666667
 40
1.0
 40
1.0
 40
1.0
 40
1.0
 10
-1.99673
 20
-3.39725
 30
0.0
 10
-1.99673
 20
-3.39725
 30
0.0
 10
-2.00731
 20
-3.37609
 30
0.0
 10
-2.00731
 20
-3.37609
 30
0.0
 10
-2.00731
 20
-3.37609
 30
0.0
 10
-2.00731
 20
-3.37609
 30
0.0
 10
-2.02142
 20
-3.35845
 30
0.0
 10
-2.02142
 20
-3.35845
 30
0.0
 10
-2.02142
 20
-3.35845
 30
0.0
 10
-2.02142
 20
-3.35845
 30
0.0
 10
-2.04259
 20
-3.34787
 30
0.0
 10
-2.04259
 20
-3.34787
 30
0.0
 10
-2.04259
 20
-3.34787
 30
0.0
 10
-2.04259
 20
-3.34787
 30
0.0
 10
-2.07081
 20
-3.34081
 30
0.0
 10
-2.07081
 20
-3.34081
 30
0.0
 10
-2.07081
 20
-3.34081
 30
0.0
 10
-2.07081
 20
-3.34081
 30
0.0
 10
-2.07434
 20
-3.34081
 30
0.0
 10
-2.07434
 20
-3.34081
 30
0.0
  0
SPLINE
  5
167
330
1F
100
AcDbEntity
  8
Layer 1
370
    25
100
AcDbSpline
210
0.0
220
0.0
230
1.0
 70
    24
 71
     3
 72
     8
 73
     4
 74
     0
 42
0.000000001
 43
0.0000000001
 40
0.0
 40
0.0
 40
0.0
 40
0.0
 40
1.0
 40
1.0
 40
1.0
 40
1.0
 10
-2.07434
 20
-3.34434
 30
0.0
 10
-2.07434
 20
-3.34434
 30
0.0
 10
-2.09903
 20
-3.34434
 30
0.0
 10
-2.09903
 20
-3.34434
 30
0.0
  0
SPLINE
  5
168
330
1F
100
AcDbEntity
  8
Layer 1
370
    25
100
AcDbSpline
210
0.0
220
0.0
230
1.0
 70
    24
 71
     3
 72
     8
 73
     4
 74
     0
 42
0.000000001
 43
0.0000000001
 40
0.0
 40
0.0
 40
0.0
 40
0.0
 40
1.0
 40
1.0
 40
1.0
 40
1.0
 10
-2.09903
 20
-3.34434
 30
0.0
 10
-2.09903
 20
-3.34434
 30
0.0
 10
-2.09903
 20
-3.34081
 30
0.0
 10
-2.09903
 20
-3.34081
 30
0.0
  0
SPLINE
  5
169
330
1F
100
AcDbEntity
  8
Layer 1
370
    25
100
AcDbSpline
210
0.0
220
0.0
230
1.0
 70
    24
 71
     3
 72
     8
 73
     4
 74
     0
 42
0.000000001
 43
0.0000000001
 40
0.0
 40
0.0
 40
0.0
 40
0.0
 40
1.0
 40
1.0
 40
1.0
 40
1.0
 10
-2.07434
 20
-3.34081
 30
0.0
 10
-2.07434
 20
-3.34081
 30
0.0
 10
-2.09903
 20
-3.34081
 30
0.0
 10
-2.09903
 20
-3.34081
 30
0.0
  0
SPLINE
  5
16A
330
1F
100
AcDbEntity
  8
Layer 1
370
    25
100
AcDbSpline
210
0.0
220
0.0
230
1.0
 70
     8
 71
     3
 72
    16
 73
    12
 74
     0
 42
0.000000001
 43
0.0000000001
 40
0.0
 40
0.0
 40
0.0
 40
0.0
 40
0.25
 40
0.25
 40
0.25
 40
0.25000001
 40
0.5
 40
0.5
 40
0.5
 40
0.50000001
 40
1.0
 40
1.0
 40
1.0
 40
1.0
 10
-2.09903
 20
-3.34434
 30
0.0
 10
-2.09903
 20
-3.34434
 30
0.0
 10
-2.12373
 20
-3.34787
 30
0.0
 10
-2.12373
 20
-3.34787
 30
0.0
 10
-2.12373
 20
-3.34787
 30
0.0
 10
-2.12373
 20
-3.34787
 30
0.0
 10
-2.14842
 20
-3.36198
 30
0.0
 10
-2.14842
 20
-3.36198
 30
0.0
 10
-2.14842
 20
-3.36198
 30
0.0
 10
-2.14842
 20
-3.36198
 30
0.0
 10
-2.16253
 20
-3.37962
 30
0.0
 10
-2.16253
 20
-3.37962
 30
0.0
  0
SPLINE
  5
16B
330
1F
100
AcDbEntity
  8
Layer 1
370
    25
100
AcDbSpline
210
0.0
220
0.0
230
1.0
 70
    24
 71
     3
 72
     8
 73
     4
 74
     0
 42
0.000000001
 43
0.0000000001
 40
0.0
 40
0.0
 40
0.0
 40
0.0
 40
1.0
 40
1.0
 40
1.0
 40
1.0
 10
-2.16253
 20
-3.37962
 30
0.0
 10
-2.16253
 20
-3.37962
 30
0.0
 10
-2.16606
 20
-3.37609
 30
0.0
 10
-2.16606
 20
-3.37609
 30
0.0
  0
SPLINE
  5
16C
330
1F
100
AcDbEntity
  8
Layer 1
370
    25
100
AcDbSpline
210
0.0
220
0.0
230
1.0
 70
     8
 71
     3
 72
    16
 73
    12
 74
     0
 42
0.000000001
 43
0.0000000001
 40
0.0
 40
0.0
 40
0.0
 40
0.0
 40
0.25
 40
0.25
 40
0.25
 40
0.25000001
 40
0.5
 40
0.5
 40
0.5
 40
0.50000001
 40
1.0
 40
1.0
 40
1.0
 40
1.0
 10
-2.09903
 20
-3.34081
 30
0.0
 10
-2.09903
 20
-3.34081
 30
0.0
 10
-2.12373
 20
-3.34434
 30
0.0
 10
-2.12373
 20
-3.34434
 30
0.0
 10
-2.12373
 20
-3.34434
 30
0.0
 10
-2.12373
 20
-3.34434
 30
0.0
 10
-2.14842
 20
-3.35845
 30
0.0
 10
-2.14842
 20
-3.35845
 30
0.0
 10
-2.14842
 20
-3.35845
 30
0.0
 10
-2.14842
 20
-3.35845
 30
0.0
 10
-2.16606
 20
-3.37609
 30
0.0
 10
-2.16606
 20
-3.37609
 30
0.0
  0
SPLINE
  5
16D
330
1F
100
AcDbEntity
  8
Layer 1
370
    25
100
AcDbSpline
210
0.0
220
0.0
230
1.0
 70
     8
 71
     3
 72
    24
 73
    20
 74
     0
 42
0.000000001
 43
0.0000000001
 40
0.0
 40
0.0
 40
0.0
 40
0.0
 40
0.1666666666666667
 40
0.1666666666666667
 40
0.1666666666666667
 40
0.1666666766666667
 40
0.3333333333333333
 40
0.3333333333333333
 40
0.3333333333333333
 40
0.3333333433333333
 40
0.5
 40
0.5
 40
0.5
 40
0.50000001
 40
0.6666666666666666
 40
0.6666666666666666
 40
0.6666666666666666
 40
0.6666666766666667
 40
1.0
 40
1.0
 40
1.0
 40
1.0
 10
-2.16253
 20
-3.37962
 30
0.0
 10
-2.16253
 20
-3.37962
 30
0.0
 10
-2.17311
 20
-3.40078
 30
0.0
 10
-2.17311
 20
-3.40078
 30
0.0
 10
-2.17311
 20
-3.40078
 30
0.0
 10
-2.17311
 20
-3.40078
 30
0.0
 10
-2.17311
 20
-3.41489
 30
0.0
 10
-2.17311
 20
-3.41489
 30
0.0
 10
-2.17311
 20
-3.41489
 30
0.0
 10
-2.17311
 20
-3.41489
 30
0.0
 10
-2.16959
 20
-3.43253
 30
0.0
 10
-2.16959
 20
-3.43253
 30
0.0
 10
-2.16959
 20
-3.43253
 30
0.0
 10
-2.16959
 20
-3.43253
 30
0.0
 10
-2.15195
 20
-3.45723
 30
0.0
 10
-2.15195
 20
-3.45723
 30
0.0
 10
-2.15195
 20
-3.45723
 30
0.0
 10
-2.15195
 20
-3.45723
 30
0.0
 10
-2.10609
 20
-3.4925
 30
0.0
 10
-2.10609
 20
-3.4925
 30
0.0
  0
SPLINE
  5
16E
330
1F
100
AcDbEntity
  8
Layer 1
370
    25
100
AcDbSpline
210
0.0
220
0.0
230
1.0
 70
    24
 71
     3
 72
     8
 73
     4
 74
     0
 42
0.000000001
 43
0.0000000001
 40
0.0
 40
0.0
 40
0.0
 40
0.0
 40
1.0
 40
1.0
 40
1.0
 40
1.0
 10
-2.10609
 20
-3.4925
 30
0.0
 10
-2.10609
 20
-3.4925
 30
0.0
 10
-2.10609
 20
-3.49603
 30
0.0
 10
-2.10609
 20
-3.49603
 30
0.0
  0
SPLINE
  5
16F
330
1F
100
AcDbEntity
  8
Layer 1
370
    25
100
AcDbSpline
210
0.0
220
0.0
230
1.0
 70
     8
 71
     3
 72
    24
 73
    20
 74
     0
 42
0.000000001
 43
0.0000000001
 40
0.0
 40
0.0
 40
0.0
 40
0.0
 40
0.1666666666666667
 40
0.1666666666666667
 40
0.1666666666666667
 40
0.1666666766666667
 40
0.3333333333333333
 40
0.3333333333333333
 40
0.3333333333333333
 40
0.3333333433333333
 40
0.5
 40
0.5
 40
0.5
 40
0.50000001
 40
0.6666666666666666
 40
0.6666666666666666
 40
0.6666666666666666
 40
0.6666666766666667
 40
1.0
 40
1.0
 40
1.0
 40
1.0
 10
-2.16606
 20
-3.37609
 30
0.0
 10
-2.16606
 20
-3.37609
 30
0.0
 10
-2.17664
 20
-3.39725
 30
0.0
 10
-2.17664
 20
-3.39725
 30
0.0
 10
-2.17664
 20
-3.39725
 30
0.0
 10
-2.17664
 20
-3.39725
 30
0.0
 10
-2.17664
 20
-3.41489
 30
0.0
 10
-2.17664
 20
-3.41489
 30
0.0
 10
-2.17664
 20
-3.41489
 30
0.0
 10
-2.17664
 20
-3.41489
 30
0.0
 10
-2.16959
 20
-3.43253
 30
0.0
 10
-2.16959
 20
-3.43253
 30
0.0
 10
-2.16959
 20
-3.43253
 30
0.0
 10
-2.16959
 20
-3.43253
 30
0.0
 10
-2.15548
 20
-3.45723
 30
0.0
 10
-2.15548
 20
-3.45723
 30
0.0
 10
-2.15548
 20
-3.45723
 30
0.0
 10
-2.15548
 20
-3.45723
 30
0.0
 10
-2.10609
 20
-3.49603
 30
0.0
 10
-2.10609
 20
-3.49603
 30
0.0
  0
SPLINE
  5
170
330
1F
100
AcDbEntity
  8
Layer 1
370
    25
100
AcDbSpline
210
0.0
220
0.0
230
1.0
 70
     8
 71
     3
 72
    20
 73
    16
 74
     0
 42
0.000000001
 43
0.0000000001
 40
0.0
 40
0.0
 40
0.0
 40
0.0
 40
0.2
 40
0.2
 40
0.2
 40
0.20000001
 40
0.4
 40
0.4
 40
0.4
 40
0.40000001
 40
0.6
 40
0.6
 40
0.6
 40
0.60000001
 40
1.0
 40
1.0
 40
1.0
 40
1.0
 10
-2.10609
 20
-3.4925
 30
0.0
 10
-2.10609
 20
-3.4925
 30
0.0
 10
-2.06728
 20
-3.52425
 30
0.0
 10
-2.06728
 20
-3.52425
 30
0.0
 10
-2.06728
 20
-3.52425
 30
0.0
 10
-2.06728
 20
-3.52425
 30
0.0
 10
-2.04611
 20
-3.54542
 30
0.0
 10
-2.04611
 20
-3.54542
 30
0.0
 10
-2.04611
 20
-3.54542
 30
0.0
 10
-2.04611
 20
-3.54542
 30
0.0
 10
-2.03906
 20
-3.57012
 30
0.0
 10
-2.03906
 20
-3.57012
 30
0.0
 10
-2.03906
 20
-3.57012
 30
0.0
 10
-2.03906
 20
-3.57012
 30
0.0
 10
-2.03553
 20
-3.58423
 30
0.0
 10
-2.03553
 20
-3.58423
 30
0.0
  0
SPLINE
  5
171
330
1F
100
AcDbEntity
  8
Layer 1
370
    25
100
AcDbSpline
210
0.0
220
0.0
230
1.0
 70
    24
 71
     3
 72
     8
 73
     4
 74
     0
 42
0.000000001
 43
0.0000000001
 40
0.0
 40
0.0
 40
0.0
 40
0.0
 40
1.0
 40
1.0
 40
1.0
 40
1.0
 10
-2.03553
 20
-3.58423
 30
0.0
 10
-2.03553
 20
-3.58423
 30
0.0
 10
-2.03906
 20
-3.58423
 30
0.0
 10
-2.03906
 20
-3.58423
 30
0.0
  0
SPLINE
  5
172
330
1F
100
AcDbEntity
  8
Layer 1
370
    25
100
AcDbSpline
210
0.0
220
0.0
230
1.0
 70
     8
 71
     3
 72
    20
 73
    16
 74
     0
 42
0.000000001
 43
0.0000000001
 40
0.0
 40
0.0
 40
0.0
 40
0.0
 40
0.2
 40
0.2
 40
0.2
 40
0.20000001
 40
0.4
 40
0.4
 40
0.4
 40
0.40000001
 40
0.6
 40
0.6
 40
0.6
 40
0.60000001
 40
1.0
 40
1.0
 40
1.0
 40
1.0
 10
-2.10609
 20
-3.49603
 30
0.0
 10
-2.10609
 20
-3.49603
 30
0.0
 10
-2.06728
 20
-3.52778
 30
0.0
 10
-2.06728
 20
-3.52778
 30
0.0
 10
-2.06728
 20
-3.52778
 30
0.0
 10
-2.06728
 20
-3.52778
 30
0.0
 10
-2.04964
 20
-3.54895
 30
0.0
 10
-2.04964
 20
-3.54895
 30
0.0
 10
-2.04964
 20
-3.54895
 30
0.0
 10
-2.04964
 20
-3.54895
 30
0.0
 10
-2.04259
 20
-3.57364
 30
0.0
 10
-2.04259
 20
-3.57364
 30
0.0
 10
-2.04259
 20
-3.57364
 30
0.0
 10
-2.04259
 20
-3.57364
 30
0.0
 10
-2.03906
 20
-3.58423
 30
0.0
 10
-2.03906
 20
-3.58423
 30
0.0
  0
SPLINE
  5
173
330
1F
100
AcDbEntity
  8
Layer 1
370
    25
100
AcDbSpline
210
0.0
220
0.0
230
1.0
 70
     8
 71
     3
 72
    24
 73
    20
 74
     0
 42
0.000000001
 43
0.0000000001
 40
0.0
 40
0.0
 40
0.0
 40
0.0
 40
0.1666666666666667
 40
0.1666666666666667
 40
0.1666666666666667
 40
0.1666666766666667
 40
0.3333333333333333
 40
0.3333333333333333
 40
0.3333333333333333
 40
0.3333333433333333
 40
0.5
 40
0.5
 40
0.5
 40
0.50000001
 40
0.6666666666666666
 40
0.6666666666666666
 40
0.6666666666666666
 40
0.6666666766666667
 40
1.0
 40
1.0
 40
1.0
 40
1.0
 10
-2.03553
 20
-3.58423
 30
0.0
 10
-2.03553
 20
-3.58423
 30
0.0
 10
-2.03906
 20
-3.59834
 30
0.0
 10
-2.03906
 20
-3.59834
 30
0.0
 10
-2.03906
 20
-3.59834
 30
0.0
 10
-2.03906
 20
-3.59834
 30
0.0
 10
-2.04964
 20
-3.61245
 30
0.0
 10
-2.04964
 20
-3.61245
 30
0.0
 10
-2.04964
 20
-3.61245
 30
0.0
 10
-2.04964
 20
-3.61245
 30
0.0
 10
-2.06023
 20
-3.62303
 30
0.0
 10
-2.06023
 20
-3.62303
 30
0.0
 10
-2.06023
 20
-3.62303
 30
0.0
 10
-2.06023
 20
-3.62303
 30
0.0
 10
-2.07786
 20
-3.63009
 30
0.0
 10
-2.07786
 20
-3.63009
 30
0.0
 10
-2.07786
 20
-3.63009
 30
0.0
 10
-2.07786
 20
-3.63009
 30
0.0
 10
-2.08492
 20
-3.63009
 30
0.0
 10
-2.08492
 20
-3.63009
 30
0.0
  0
SPLINE
  5
174
330
1F
100
AcDbEntity
  8
Layer 1
370
    25
100
AcDbSpline
210
0.0
220
0.0
230
1.0
 70
    24
 71
     3
 72
     8
 73
     4
 74
     0
 42
0.000000001
 43
0.0000000001
 40
0.0
 40
0.0
 40
0.0
 40
0.0
 40
1.0
 40
1.0
 40
1.0
 40
1.0
 10
-2.08492
 20
-3.63009
 30
0.0
 10
-2.08492
 20
-3.63009
 30
0.0
 10
-2.08492
 20
-3.62656
 30
0.0
 10
-2.08492
 20
-3.62656
 30
0.0
  0
SPLINE
  5
175
330
1F
100
AcDbEntity
  8
Layer 1
370
    25
100
AcDbSpline
210
0.0
220
0.0
230
1.0
 70
     8
 71
     3
 72
    24
 73
    20
 74
     0
 42
0.000000001
 43
0.0000000001
 40
0.0
 40
0.0
 40
0.0
 40
0.0
 40
0.1666666666666667
 40
0.1666666666666667
 40
0.1666666666666667
 40
0.1666666766666667
 40
0.3333333333333333
 40
0.3333333333333333
 40
0.3333333333333333
 40
0.3333333433333333
 40
0.5
 40
0.5
 40
0.5
 40
0.50000001
 40
0.6666666666666666
 40
0.6666666666666666
 40
0.6666666666666666
 40
0.6666666766666667
 40
1.0
 40
1.0
 40
1.0
 40
1.0
 10
-2.03906
 20
-3.58423
 30
0.0
 10
-2.03906
 20
-3.58423
 30
0.0
 10
-2.04259
 20
-3.59834
 30
0.0
 10
-2.04259
 20
-3.59834
 30
0.0
 10
-2.04259
 20
-3.59834
 30
0.0
 10
-2.04259
 20
-3.59834
 30
0.0
 10
-2.04964
 20
-3.61245
 30
0.0
 10
-2.04964
 20
-3.61245
 30
0.0
 10
-2.04964
 20
-3.61245
 30
0.0
 10
-2.04964
 20
-3.61245
 30
0.0
 10
-2.06375
 20
-3.6195
 30
0.0
 10
-2.06375
 20
-3.6195
 30
0.0
 10
-2.06375
 20
-3.6195
 30
0.0
 10
-2.06375
 20
-3.6195
 30
0.0
 10
-2.07786
 20
-3.62656
 30
0.0
 10
-2.07786
 20
-3.62656
 30
0.0
 10
-2.07786
 20
-3.62656
 30
0.0
 10
-2.07786
 20
-3.62656
 30
0.0
 10
-2.08492
 20
-3.62656
 30
0.0
 10
-2.08492
 20
-3.62656
 30
0.0
  0
SPLINE
  5
176
330
1F
100
AcDbEntity
  8
Layer 1
370
    25
100
AcDbSpline
210
0.0
220
0.0
230
1.0
 70
     8
 71
     3
 72
    24
 73
    20
 74
     0
 42
0.000000001
 43
0.0000000001
 40
0.0
 40
0.0
 40
0.0
 40
0.0
 40
0.1666666666666667
 40
0.1666666666666667
 40
0.1666666666666667
 40
0.1666666766666667
 40
0.3333333333333333
 40
0.3333333333333333
 40
0.3333333333333333
 40
0.3333333433333333
 40
0.5
 40
0.5
 40
0.5
 40
0.50000001
 40
0.6666666666666666
 40
0.6666666666666666
 40
0.6666666666666666
 40
0.6666666766666667
 40
1.0
 40
1.0
 40
1.0
 40
1.0
 10
-2.08492
 20
-3.63009
 30
0.0
 10
-2.08492
 20
-3.63009
 30
0.0
 10
-2.10256
 20
-3.62656
 30
0.0
 10
-2.10256
 20
-3.62656
 30
0.0
 10
-2.10256
 20
-3.62656
 30
0.0
 10
-2.10256
 20
-3.62656
 30
0.0
 10
-2.1202
 20
-3.6195
 30
0.0
 10
-2.1202
 20
-3.6195
 30
0.0
 10
-2.1202
 20
-3.6195
 30
0.0
 10
-2.1202
 20
-3.6195
 30
0.0
 10
-2.12725
 20
-3.60892
 30
0.0
 10
-2.12725
 20
-3.60892
 30
0.0
 10
-2.12725
 20
-3.60892
 30
0.0
 10
-2.12725
 20
-3.60892
 30
0.0
 10
-2.13431
 20
-3.59481
 30
0.0
 10
-2.13431
 20
-3.59481
 30
0.0
 10
-2.13431
 20
-3.59481
 30
0.0
 10
-2.13431
 20
-3.59481
 30
0.0
 10
-2.13431
 20
-3.58775
 30
0.0
 10
-2.13431
 20
-3.58775
 30
0.0
  0
SPLINE
  5
177
330
1F
100
AcDbEntity
  8
Layer 1
370
    25
100
AcDbSpline
210
0.0
220
0.0
230
1.0
 70
    24
 71
     3
 72
     8
 73
     4
 74
     0
 42
0.000000001
 43
0.0000000001
 40
0.0
 40
0.0
 40
0.0
 40
0.0
 40
1.0
 40
1.0
 40
1.0
 40
1.0
 10
-2.13431
 20
-3.58775
 30
0.0
 10
-2.13431
 20
-3.58775
 30
0.0
 10
-2.13078
 20
-3.58775
 30
0.0
 10
-2.13078
 20
-3.58775
 30
0.0
  0
SPLINE
  5
178
330
1F
100
AcDbEntity
  8
Layer 1
370
    25
100
AcDbSpline
210
0.0
220
0.0
230
1.0
 70
     8
 71
     3
 72
    24
 73
    20
 74
     0
 42
0.000000001
 43
0.0000000001
 40
0.0
 40
0.0
 40
0.0
 40
0.0
 40
0.1666666666666667
 40
0.1666666666666667
 40
0.1666666666666667
 40
0.1666666766666667
 40
0.3333333333333333
 40
0.3333333333333333
 40
0.3333333333333333
 40
0.3333333433333333
 40
0.5
 40
0.5
 40
0.5
 40
0.50000001
 40
0.6666666666666666
 40
0.6666666666666666
 40
0.6666666666666666
 40
0.6666666766666667
 40
1.0
 40
1.0
 40
1.0
 40
1.0
 10
-2.08492
 20
-3.62656
 30
0.0
 10
-2.08492
 20
-3.62656
 30
0.0
 10
-2.10256
 20
-3.62303
 30
0.0
 10
-2.10256
 20
-3.62303
 30
0.0
 10
-2.10256
 20
-3.62303
 30
0.0
 10
-2.10256
 20
-3.62303
 30
0.0
 10
-2.11667
 20
-3.61598
 30
0.0
 10
-2.11667
 20
-3.61598
 30
0.0
 10
-2.11667
 20
-3.61598
 30
0.0
 10
-2.11667
 20
-3.61598
 30
0.0
 10
-2.12725
 20
-3.60539
 30
0.0
 10
-2.12725
 20
-3.60539
 30
0.0
 10
-2.12725
 20
-3.60539
 30
0.0
 10
-2.12725
 20
-3.60539
 30
0.0
 10
-2.13078
 20
-3.59481
 30
0.0
 10
-2.13078
 20
-3.59481
 30
0.0
 10
-2.13078
 20
-3.59481
 30
0.0
 10
-2.13078
 20
-3.59481
 30
0.0
 10
-2.13078
 20
-3.58775
 30
0.0
 10
-2.13078
 20
-3.58775
 30
0.0
  0
SPLINE
  5
179
330
1F
100
AcDbEntity
  8
Layer 1
370
    25
100
AcDbSpline
210
0.0
220
0.0
230
1.0
 70
    24
 71
     3
 72
     8
 73
     4
 74
     0
 42
0.000000001
 43
0.0000000001
 40
0.0
 40
0.0
 40
0.0
 40
0.0
 40
1.0
 40
1.0
 40
1.0
 40
1.0
 10
-2.13431
 20
-3.58775
 30
0.0
 10
-2.13431
 20
-3.58775
 30
0.0
 10
-2.13431
 20
-3.556
 30
0.0
 10
-2.13431
 20
-3.556
 30
0.0
  0
SPLINE
  5
17A
330
1F
100
AcDbEntity
  8
Layer 1
370
    25
100
AcDbSpline
210
0.0
220
0.0
230
1.0
 70
    24
 71
     3
 72
     8
 73
     4
 74
     0
 42
0.000000001
 43
0.0000000001
 40
0.0
 40
0.0
 40
0.0
 40
0.0
 40
1.0
 40
1.0
 40
1.0
 40
1.0
 10
-2.13431
 20
-3.556
 30
0.0
 10
-2.13431
 20
-3.556
 30
0.0
 10
-2.13078
 20
-3.55248
 30
0.0
 10
-2.13078
 20
-3.55248
 30
0.0
  0
SPLINE
  5
17B
330
1F
100
AcDbEntity
  8
Layer 1
370
    25
100
AcDbSpline
210
0.0
220
0.0
230
1.0
 70
    24
 71
     3
 72
     8
 73
     4
 74
     0
 42
0.000000001
 43
0.0000000001
 40
0.0
 40
0.0
 40
0.0
 40
0.0
 40
1.0
 40
1.0
 40
1.0
 40
1.0
 10
-2.13078
 20
-3.58775
 30
0.0
 10
-2.13078
 20
-3.58775
 30
0.0
 10
-2.13078
 20
-3.55248
 30
0.0
 10
-2.13078
 20
-3.55248
 30
0.0
  0
SPLINE
  5
17C
330
1F
100
AcDbEntity
  8
Layer 1
370
    25
100
AcDbSpline
210
0.0
220
0.0
230
1.0
 70
    24
 71
     3
 72
     8
 73
     4
 74
     0
 42
0.000000001
 43
0.0000000001
 40
0.0
 40
0.0
 40
0.0
 40
0.0
 40
1.0
 40
1.0
 40
1.0
 40
1.0
 10
-2.13431
 20
-3.556
 30
0.0
 10
-2.13431
 20
-3.556
 30
0.0
 10
-2.17311
 20
-3.56659
 30
0.0
 10
-2.17311
 20
-3.56659
 30
0.0
  0
SPLINE
  5
17D
330
1F
100
AcDbEntity
  8
Layer 1
370
    25
100
AcDbSpline
210
0.0
220
0.0
230
1.0
 70
    24
 71
     3
 72
     8
 73
     4
 74
     0
 42
0.000000001
 43
0.0000000001
 40
0.0
 40
0.0
 40
0.0
 40
0.0
 40
1.0
 40
1.0
 40
1.0
 40
1.0
 10
-2.17311
 20
-3.56659
 30
0.0
 10
-2.17311
 20
-3.56659
 30
0.0
 10
-2.17664
 20
-3.56306
 30
0.0
 10
-2.17664
 20
-3.56306
 30
0.0
  0
SPLINE
  5
17E
330
1F
100
AcDbEntity
  8
Layer 1
370
    25
100
AcDbSpline
210
0.0
220
0.0
230
1.0
 70
    24
 71
     3
 72
     8
 73
     4
 74
     0
 42
0.000000001
 43
0.0000000001
 40
0.0
 40
0.0
 40
0.0
 40
0.0
 40
1.0
 40
1.0
 40
1.0
 40
1.0
 10
-2.13078
 20
-3.55248
 30
0.0
 10
-2.13078
 20
-3.55248
 30
0.0
 10
-2.17664
 20
-3.56306
 30
0.0
 10
-2.17664
 20
-3.56306
 30
0.0
  0
SPLINE
  5
17F
330
1F
100
AcDbEntity
  8
Layer 1
370
    25
100
AcDbSpline
210
0.0
220
0.0
230
1.0
 70
    24
 71
     3
 72
     8
 73
     4
 74
     0
 42
0.000000001
 43
0.0000000001
 40
0.0
 40
0.0
 40
0.0
 40
0.0
 40
1.0
 40
1.0
 40
1.0
 40
1.0
 10
-2.17311
 20
-3.56659
 30
0.0
 10
-2.17311
 20
-3.56659
 30
0.0
 10
-2.17311
 20
-3.58423
 30
0.0
 10
-2.17311
 20
-3.58423
 30
0.0
  0
SPLINE
  5
180
330
1F
100
AcDbEntity
  8
Layer 1
370
    25
100
AcDbSpline
210
0.0
220
0.0
230
1.0
 70
    24
 71
     3
 72
     8
 73
     4
 74
     0
 42
0.000000001
 43
0.0000000001
 40
0.0
 40
0.0
 40
0.0
 40
0.0
 40
1.0
 40
1.0
 40
1.0
 40
1.0
 10
-2.17311
 20
-3.58423
 30
0.0
 10
-2.17311
 20
-3.58423
 30
0.0
 10
-2.17664
 20
-3.58423
 30
0.0
 10
-2.17664
 20
-3.58423
 30
0.0
  0
SPLINE
  5
181
330
1F
100
AcDbEntity
  8
Layer 1
370
    25
100
AcDbSpline
210
0.0
220
0.0
230
1.0
 70
    24
 71
     3
 72
     8
 73
     4
 74
     0
 42
0.000000001
 43
0.0000000001
 40
0.0
 40
0.0
 40
0.0
 40
0.0
 40
1.0
 40
1.0
 40
1.0
 40
1.0
 10
-2.17664
 20
-3.56306
 30
0.0
 10
-2.17664
 20
-3.56306
 30
0.0
 10
-2.17664
 20
-3.58423
 30
0.0
 10
-2.17664
 20
-3.58423
 30
0.0
  0
SPLINE
  5
182
330
1F
100
AcDbEntity
  8
Layer 1
370
    25
100
AcDbSpline
210
0.0
220
0.0
230
1.0
 70
     8
 71
     3
 72
    24
 73
    20
 74
     0
 42
0.000000001
 43
0.0000000001
 40
0.0
 40
0.0
 40
0.0
 40
0.0
 40
0.1666666666666667
 40
0.1666666666666667
 40
0.1666666666666667
 40
0.1666666766666667
 40
0.3333333333333333
 40
0.3333333333333333
 40
0.3333333333333333
 40
0.3333333433333333
 40
0.5
 40
0.5
 40
0.5
 40
0.50000001
 40
0.6666666666666666
 40
0.6666666666666666
 40
0.6666666666666666
 40
0.6666666766666667
 40
1.0
 40
1.0
 40
1.0
 40
1.0
 10
-2.17311
 20
-3.58423
 30
0.0
 10
-2.17311
 20
-3.58423
 30
0.0
 10
-2.16959
 20
-3.60187
 30
0.0
 10
-2.16959
 20
-3.60187
 30
0.0
 10
-2.16959
 20
-3.60187
 30
0.0
 10
-2.16959
 20
-3.60187
 30
0.0
 10
-2.16253
 20
-3.61245
 30
0.0
 10
-2.16253
 20
-3.61245
 30
0.0
 10
-2.16253
 20
-3.61245
 30
0.0
 10
-2.16253
 20
-3.61245
 30
0.0
 10
-2.14842
 20
-3.63009
 30
0.0
 10
-2.14842
 20
-3.63009
 30
0.0
 10
-2.14842
 20
-3.63009
 30
0.0
 10
-2.14842
 20
-3.63009
 30
0.0
 10
-2.1202
 20
-3.64067
 30
0.0
 10
-2.1202
 20
-3.64067
 30
0.0
 10
-2.1202
 20
-3.64067
 30
0.0
 10
-2.1202
 20
-3.64067
 30
0.0
 10
-2.09903
 20
-3.6442
 30
0.0
 10
-2.09903
 20
-3.6442
 30
0.0
  0
SPLINE
  5
183
330
1F
100
AcDbEntity
  8
Layer 1
370
    25
100
AcDbSpline
210
0.0
220
0.0
230
1.0
 70
    24
 71
     3
 72
     8
 73
     4
 74
     0
 42
0.000000001
 43
0.0000000001
 40
0.0
 40
0.0
 40
0.0
 40
0.0
 40
1.0
 40
1.0
 40
1.0
 40
1.0
 10
-2.09903
 20
-3.6442
 30
0.0
 10
-2.09903
 20
-3.6442
 30
0.0
 10
-2.09903
 20
-3.64773
 30
0.0
 10
-2.09903
 20
-3.64773
 30
0.0
  0
SPLINE
  5
184
330
1F
100
AcDbEntity
  8
Layer 1
370
    25
100
AcDbSpline
210
0.0
220
0.0
230
1.0
 70
     8
 71
     3
 72
    24
 73
    20
 74
     0
 42
0.000000001
 43
0.0000000001
 40
0.0
 40
0.0
 40
0.0
 40
0.0
 40
0.1666666666666667
 40
0.1666666666666667
 40
0.1666666666666667
 40
0.1666666766666667
 40
0.3333333333333333
 40
0.3333333333333333
 40
0.3333333333333333
 40
0.3333333433333333
 40
0.5
 40
0.5
 40
0.5
 40
0.50000001
 40
0.6666666666666666
 40
0.6666666666666666
 40
0.6666666666666666
 40
0.6666666766666667
 40
1.0
 40
1.0
 40
1.0
 40
1.0
 10
-2.17664
 20
-3.58423
 30
0.0
 10
-2.17664
 20
-3.58423
 30
0.0
 10
-2.17311
 20
-3.60187
 30
0.0
 10
-2.17311
 20
-3.60187
 30
0.0
 10
-2.17311
 20
-3.60187
 30
0.0
 10
-2.17311
 20
-3.60187
 30
0.0
 10
-2.16606
 20
-3.61598
 30
0.0
 10
-2.16606
 20
-3.61598
 30
0.0
 10
-2.16606
 20
-3.61598
 30
0.0
 10
-2.16606
 20
-3.61598
 30
0.0
 10
-2.14842
 20
-3.63009
 30
0.0
 10
-2.14842
 20
-3.63009
 30
0.0
 10
-2.14842
 20
-3.63009
 30
0.0
 10
-2.14842
 20
-3.63009
 30
0.0
 10
-2.1202
 20
-3.6442
 30
0.0
 10
-2.1202
 20
-3.6442
 30
0.0
 10
-2.1202
 20
-3.6442
 30
0.0
 10
-2.1202
 20
-3.6442
 30
0.0
 10
-2.09903
 20
-3.64773
 30
0.0
 10
-2.09903
 20
-3.64773
 30
0.0
  0
SPLINE
  5
185
330
1F
100
AcDbEntity
  8
Layer 1
370
    25
100
AcDbSpline
210
0.0
220
0.0
230
1.0
 70
    24
 71
     3
 72
     8
 73
     4
 74
     0
 42
0.000000001
 43
0.0000000001
 40
0.0
 40
0.0
 40
0.0
 40
0.0
 40
1.0
 40
1.0
 40
1.0
 40
1.0
 10
-2.09903
 20
-3.6442
 30
0.0
 10
-2.09903
 20
-3.6442
 30
0.0
 10
-2.07434
 20
-3.6442
 30
0.0
 10
-2.07434
 20
-3.6442
 30
0.0
  0
SPLINE
  5
186
330
1F
100
AcDbEntity
  8
Layer 1
370
    25
100
AcDbSpline
210
0.0
220
0.0
230
1.0
 70
    24
 71
     3
 72
     8
 73
     4
 74
     0
 42
0.000000001
 43
0.0000000001
 40
0.0
 40
0.0
 40
0.0
 40
0.0
 40
1.0
 40
1.0
 40
1.0
 40
1.0
 10
-2.07434
 20
-3.6442
 30
0.0
 10
-2.07434
 20
-3.6442
 30
0.0
 10
-2.07434
 20
-3.64773
 30
0.0
 10
-2.07434
 20
-3.64773
 30
0.0
  0
SPLINE
  5
187
330
1F
100
AcDbEntity
  8
Layer 1
370
    25
100
AcDbSpline
210
0.0
220
0.0
230
1.0
 70
    24
 71
     3
 72
     8
 73
     4
 74
     0
 42
0.000000001
 43
0.0000000001
 40
0.0
 40
0.0
 40
0.0
 40
0.0
 40
1.0
 40
1.0
 40
1.0
 40
1.0
 10
-2.09903
 20
-3.64773
 30
0.0
 10
-2.09903
 20
-3.64773
 30
0.0
 10
-2.07434
 20
-3.64773
 30
0.0
 10
-2.07434
 20
-3.64773
 30
0.0
  0
SPLINE
  5
188
330
1F
100
AcDbEntity
  8
Layer 1
370
    25
100
AcDbSpline
210
0.0
220
0.0
230
1.0
 70
     8
 71
     3
 72
    16
 73
    12
 74
     0
 42
0.000000001
 43
0.0000000001
 40
0.0
 40
0.0
 40
0.0
 40
0.0
 40
0.25
 40
0.25
 40
0.25
 40
0.25000001
 40
0.5
 40
0.5
 40
0.5
 40
0.50000001
 40
1.0
 40
1.0
 40
1.0
 40
1.0
 10
-2.07434
 20
-3.6442
 30
0.0
 10
-2.07434
 20
-3.6442
 30
0.0
 10
-2.04964
 20
-3.64067
 30
0.0
 10
-2.04964
 20
-3.64067
 30
0.0
 10
-2.04964
 20
-3.64067
 30
0.0
 10
-2.04964
 20
-3.64067
 30
0.0
 10
-2.02495
 20
-3.62656
 30
0.0
 10
-2.02495
 20
-3.62656
 30
0.0
 10
-2.02495
 20
-3.62656
 30
0.0
 10
-2.02495
 20
-3.62656
 30
0.0
 10
-2.00731
 20
-3.60892
 30
0.0
 10
-2.00731
 20
-3.60892
 30
0.0
  0
SPLINE
  5
189
330
1F
100
AcDbEntity
  8
Layer 1
370
    25
100
AcDbSpline
210
0.0
220
0.0
230
1.0
 70
    24
 71
     3
 72
     8
 73
     4
 74
     0
 42
0.000000001
 43
0.0000000001
 40
0.0
 40
0.0
 40
0.0
 40
0.0
 40
1.0
 40
1.0
 40
1.0
 40
1.0
 10
-2.00731
 20
-3.60892
 30
0.0
 10
-2.00731
 20
-3.60892
 30
0.0
 10
-2.00378
 20
-3.61245
 30
0.0
 10
-2.00378
 20
-3.61245
 30
0.0
  0
SPLINE
  5
18A
330
1F
100
AcDbEntity
  8
Layer 1
370
    25
100
AcDbSpline
210
0.0
220
0.0
230
1.0
 70
     8
 71
     3
 72
    16
 73
    12
 74
     0
 42
0.000000001
 43
0.0000000001
 40
0.0
 40
0.0
 40
0.0
 40
0.0
 40
0.25
 40
0.25
 40
0.25
 40
0.25000001
 40
0.5
 40
0.5
 40
0.5
 40
0.50000001
 40
1.0
 40
1.0
 40
1.0
 40
1.0
 10
-2.07434
 20
-3.64773
 30
0.0
 10
-2.07434
 20
-3.64773
 30
0.0
 10
-2.04964
 20
-3.6442
 30
0.0
 10
-2.04964
 20
-3.6442
 30
0.0
 10
-2.04964
 20
-3.6442
 30
0.0
 10
-2.04964
 20
-3.6442
 30
0.0
 10
-2.02142
 20
-3.63009
 30
0.0
 10
-2.02142
 20
-3.63009
 30
0.0
 10
-2.02142
 20
-3.63009
 30
0.0
 10
-2.02142
 20
-3.63009
 30
0.0
 10
-2.00378
 20
-3.61245
 30
0.0
 10
-2.00378
 20
-3.61245
 30
0.0
  0
SPLINE
  5
18B
330
1F
100
AcDbEntity
  8
Layer 1
370
    25
100
AcDbSpline
210
0.0
220
0.0
230
1.0
 70
     8
 71
     3
 72
    24
 73
    20
 74
     0
 42
0.000000001
 43
0.0000000001
 40
0.0
 40
0.0
 40
0.0
 40
0.0
 40
0.1666666666666667
 40
0.1666666666666667
 40
0.1666666666666667
 40
0.1666666766666667
 40
0.3333333333333333
 40
0.3333333333333333
 40
0.3333333333333333
 40
0.3333333433333333
 40
0.5
 40
0.5
 40
0.5
 40
0.50000001
 40
0.6666666666666666
 40
0.6666666666666666
 40
0.6666666666666666
 40
0.6666666766666667
 40
1.0
 40
1.0
 40
1.0
 40
1.0
 10
-2.00731
 20
-3.60892
 30
0.0
 10
-2.00731
 20
-3.60892
 30
0.0
 10
-2.00025
 20
-3.58775
 30
0.0
 10
-2.00025
 20
-3.58775
 30
0.0
 10
-2.00025
 20
-3.58775
 30
0.0
 10
-2.00025
 20
-3.58775
 30
0.0
 10
-2.00025
 20
-3.57012
 30
0.0
 10
-2.00025
 20
-3.57012
 30
0.0
 10
-2.00025
 20
-3.57012
 30
0.0
 10
-2.00025
 20
-3.57012
 30
0.0
 10
-2.00378
 20
-3.556
 30
0.0
 10
-2.00378
 20
-3.556
 30
0.0
 10
-2.00378
 20
-3.556
 30
0.0
 10
-2.00378
 20
-3.556
 30
0.0
 10
-2.02142
 20
-3.53484
 30
0.0
 10
-2.02142
 20
-3.53484
 30
0.0
 10
-2.02142
 20
-3.53484
 30
0.0
 10
-2.02142
 20
-3.53484
 30
0.0
 10
-2.06728
 20
-3.49603
 30
0.0
 10
-2.06728
 20
-3.49603
 30
0.0
  0
SPLINE
  5
18C
330
1F
100
AcDbEntity
  8
Layer 1
370
    25
100
AcDbSpline
210
0.0
220
0.0
230
1.0
 70
    24
 71
     3
 72
     8
 73
     4
 74
     0
 42
0.000000001
 43
0.0000000001
 40
0.0
 40
0.0
 40
0.0
 40
0.0
 40
1.0
 40
1.0
 40
1.0
 40
1.0
 10
-2.06728
 20
-3.49603
 30
0.0
 10
-2.06728
 20
-3.49603
 30
0.0
 10
-2.06728
 20
-3.4925
 30
0.0
 10
-2.06728
 20
-3.4925
 30
0.0
  0
SPLINE
  5
18D
330
1F
100
AcDbEntity
  8
Layer 1
370
    25
100
AcDbSpline
210
0.0
220
0.0
230
1.0
 70
     8
 71
     3
 72
    24
 73
    20
 74
     0
 42
0.000000001
 43
0.0000000001
 40
0.0
 40
0.0
 40
0.0
 40
0.0
 40
0.1666666666666667
 40
0.1666666666666667
 40
0.1666666666666667
 40
0.1666666766666667
 40
0.3333333333333333
 40
0.3333333333333333
 40
0.3333333333333333
 40
0.3333333433333333
 40
0.5
 40
0.5
 40
0.5
 40
0.50000001
 40
0.6666666666666666
 40
0.6666666666666666
 40
0.6666666666666666
 40
0.6666666766666667
 40
1.0
 40
1.0
 40
1.0
 40
1.0
 10
-2.00378
 20
-3.61245
 30
0.0
 10
-2.00378
 20
-3.61245
 30
0.0
 10
-1.99673
 20
-3.59128
 30
0.0
 10
-1.99673
 20
-3.59128
 30
0.0
 10
-1.99673
 20
-3.59128
 30
0.0
 10
-1.99673
 20
-3.59128
 30
0.0
 10
-1.99673
 20
-3.57364
 30
0.0
 10
-1.99673
 20
-3.57364
 30
0.0
 10
-1.99673
 20
-3.57364
 30
0.0
 10
-1.99673
 20
-3.57364
 30
0.0
 10
-2.00025
 20
-3.556
 30
0.0
 10
-2.00025
 20
-3.556
 30
0.0
 10
-2.00025
 20
-3.556
 30
0.0
 10
-2.00025
 20
-3.556
 30
0.0
 10
-2.01436
 20
-3.53131
 30
0.0
 10
-2.01436
 20
-3.53131
 30
0.0
 10
-2.01436
 20
-3.53131
 30
0.0
 10
-2.01436
 20
-3.53131
 30
0.0
 10
-2.06728
 20
-3.4925
 30
0.0
 10
-2.06728
 20
-3.4925
 30
0.0
  0
SPLINE
  5
18E
330
1F
100
AcDbEntity
  8
Layer 1
370
    25
100
AcDbSpline
210
0.0
220
0.0
230
1.0
 70
     8
 71
     3
 72
    20
 73
    16
 74
     0
 42
0.000000001
 43
0.0000000001
 40
0.0
 40
0.0
 40
0.0
 40
0.0
 40
0.2
 40
0.2
 40
0.2
 40
0.20000001
 40
0.4
 40
0.4
 40
0.4
 40
0.40000001
 40
0.6
 40
0.6
 40
0.6
 40
0.60000001
 40
1.0
 40
1.0
 40
1.0
 40
1.0
 10
-2.06728
 20
-3.49603
 30
0.0
 10
-2.06728
 20
-3.49603
 30
0.0
 10
-2.10609
 20
-3.46781
 30
0.0
 10
-2.10609
 20
-3.46781
 30
0.0
 10
-2.10609
 20
-3.46781
 30
0.0
 10
-2.10609
 20
-3.46781
 30
0.0
 10
-2.12725
 20
-3.44664
 30
0.0
 10
-2.12725
 20
-3.44664
 30
0.0
 10
-2.12725
 20
-3.44664
 30
0.0
 10
-2.12725
 20
-3.44664
 30
0.0
 10
-2.13431
 20
-3.42195
 30
0.0
 10
-2.13431
 20
-3.42195
 30
0.0
 10
-2.13431
 20
-3.42195
 30
0.0
 10
-2.13431
 20
-3.42195
 30
0.0
 10
-2.13431
 20
-3.40784
 30
0.0
 10
-2.13431
 20
-3.40784
 30
0.0
  0
SPLINE
  5
18F
330
1F
100
AcDbEntity
  8
Layer 1
370
    25
100
AcDbSpline
210
0.0
220
0.0
230
1.0
 70
    24
 71
     3
 72
     8
 73
     4
 74
     0
 42
0.000000001
 43
0.0000000001
 40
0.0
 40
0.0
 40
0.0
 40
0.0
 40
1.0
 40
1.0
 40
1.0
 40
1.0
 10
-2.13431
 20
-3.40784
 30
0.0
 10
-2.13431
 20
-3.40784
 30
0.0
 10
-2.13078
 20
-3.40784
 30
0.0
 10
-2.13078
 20
-3.40784
 30
0.0
  0
SPLINE
  5
190
330
1F
100
AcDbEntity
  8
Layer 1
370
    25
100
AcDbSpline
210
0.0
220
0.0
230
1.0
 70
     8
 71
     3
 72
    20
 73
    16
 74
     0
 42
0.000000001
 43
0.0000000001
 40
0.0
 40
0.0
 40
0.0
 40
0.0
 40
0.2
 40
0.2
 40
0.2
 40
0.20000001
 40
0.4
 40
0.4
 40
0.4
 40
0.40000001
 40
0.6
 40
0.6
 40
0.6
 40
0.60000001
 40
1.0
 40
1.0
 40
1.0
 40
1.0
 10
-2.06728
 20
-3.4925
 30
0.0
 10
-2.06728
 20
-3.4925
 30
0.0
 10
-2.10609
 20
-3.46428
 30
0.0
 10
-2.10609
 20
-3.46428
 30
0.0
 10
-2.10609
 20
-3.46428
 30
0.0
 10
-2.10609
 20
-3.46428
 30
0.0
 10
-2.12373
 20
-3.44312
 30
0.0
 10
-2.12373
 20
-3.44312
 30
0.0
 10
-2.12373
 20
-3.44312
 30
0.0
 10
-2.12373
 20
-3.44312
 30
0.0
 10
-2.13078
 20
-3.42195
 30
0.0
 10
-2.13078
 20
-3.42195
 30
0.0
 10
-2.13078
 20
-3.42195
 30
0.0
 10
-2.13078
 20
-3.42195
 30
0.0
 10
-2.13078
 20
-3.40784
 30
0.0
 10
-2.13078
 20
-3.40784
 30
0.0
  0
SPLINE
  5
191
330
1F
100
AcDbEntity
  8
Layer 1
370
    25
100
AcDbSpline
210
0.0
220
0.0
230
1.0
 70
     8
 71
     3
 72
    24
 73
    20
 74
     0
 42
0.000000001
 43
0.0000000001
 40
0.0
 40
0.0
 40
0.0
 40
0.0
 40
0.1666666666666667
 40
0.1666666666666667
 40
0.1666666666666667
 40
0.1666666766666667
 40
0.3333333333333333
 40
0.3333333333333333
 40
0.3333333333333333
 40
0.3333333433333333
 40
0.5
 40
0.5
 40
0.5
 40
0.50000001
 40
0.6666666666666666
 40
0.6666666666666666
 40
0.6666666666666666
 40
0.6666666766666667
 40
1.0
 40
1.0
 40
1.0
 40
1.0
 10
-2.13431
 20
-3.40784
 30
0.0
 10
-2.13431
 20
-3.40784
 30
0.0
 10
-2.13431
 20
-3.3902
 30
0.0
 10
-2.13431
 20
-3.3902
 30
0.0
 10
-2.13431
 20
-3.3902
 30
0.0
 10
-2.13431
 20
-3.3902
 30
0.0
 10
-2.12373
 20
-3.37609
 30
0.0
 10
-2.12373
 20
-3.37609
 30
0.0
 10
-2.12373
 20
-3.37609
 30
0.0
 10
-2.12373
 20
-3.37609
 30
0.0
 10
-2.11314
 20
-3.3655
 30
0.0
 10
-2.11314
 20
-3.3655
 30
0.0
 10
-2.11314
 20
-3.3655
 30
0.0
 10
-2.11314
 20
-3.3655
 30
0.0
 10
-2.0955
 20
-3.35845
 30
0.0
 10
-2.0955
 20
-3.35845
 30
0.0
 10
-2.0955
 20
-3.35845
 30
0.0
 10
-2.0955
 20
-3.35845
 30
0.0
 10
-2.08492
 20
-3.35845
 30
0.0
 10
-2.08492
 20
-3.35845
 30
0.0
  0
SPLINE
  5
192
330
1F
100
AcDbEntity
  8
Layer 1
370
    25
100
AcDbSpline
210
0.0
220
0.0
230
1.0
 70
    24
 71
     3
 72
     8
 73
     4
 74
     0
 42
0.000000001
 43
0.0000000001
 40
0.0
 40
0.0
 40
0.0
 40
0.0
 40
1.0
 40
1.0
 40
1.0
 40
1.0
 10
-2.08492
 20
-3.35845
 30
0.0
 10
-2.08492
 20
-3.35845
 30
0.0
 10
-2.08492
 20
-3.36198
 30
0.0
 10
-2.08492
 20
-3.36198
 30
0.0
  0
SPLINE
  5
193
330
1F
100
AcDbEntity
  8
Layer 1
370
    25
100
AcDbSpline
210
0.0
220
0.0
230
1.0
 70
     8
 71
     3
 72
    24
 73
    20
 74
     0
 42
0.000000001
 43
0.0000000001
 40
0.0
 40
0.0
 40
0.0
 40
0.0
 40
0.1666666666666667
 40
0.1666666666666667
 40
0.1666666666666667
 40
0.1666666766666667
 40
0.3333333333333333
 40
0.3333333333333333
 40
0.3333333333333333
 40
0.3333333433333333
 40
0.5
 40
0.5
 40
0.5
 40
0.50000001
 40
0.6666666666666666
 40
0.6666666666666666
 40
0.6666666666666666
 40
0.6666666766666667
 40
1.0
 40
1.0
 40
1.0
 40
1.0
 10
-2.13078
 20
-3.40784
 30
0.0
 10
-2.13078
 20
-3.40784
 30
0.0
 10
-2.13078
 20
-3.39373
 30
0.0
 10
-2.13078
 20
-3.39373
 30
0.0
 10
-2.13078
 20
-3.39373
 30
0.0
 10
-2.13078
 20
-3.39373
 30
0.0
 10
-2.12373
 20
-3.37962
 30
0.0
 10
-2.12373
 20
-3.37962
 30
0.0
 10
-2.12373
 20
-3.37962
 30
0.0
 10
-2.12373
 20
-3.37962
 30
0.0
 10
-2.10961
 20
-3.36903
 30
0.0
 10
-2.10961
 20
-3.36903
 30
0.0
 10
-2.10961
 20
-3.36903
 30
0.0
 10
-2.10961
 20
-3.36903
 30
0.0
 10
-2.0955
 20
-3.36198
 30
0.0
 10
-2.0955
 20
-3.36198
 30
0.0
 10
-2.0955
 20
-3.36198
 30
0.0
 10
-2.0955
 20
-3.36198
 30
0.0
 10
-2.08492
 20
-3.36198
 30
0.0
 10
-2.08492
 20
-3.36198
 30
0.0
  0
SPLINE
  5
194
330
1F
100
AcDbEntity
  8
Layer 1
370
    25
100
AcDbSpline
210
0.0
220
0.0
230
1.0
 70
    24
 71
     3
 72
     8
 73
     4
 74
     0
 42
0.000000001
 43
0.0000000001
 40
0.0
 40
0.0
 40
0.0
 40
0.0
 40
1.0
 40
1.0
 40
1.0
 40
1.0
 10
-2.03906
 20
-3.40431
 30
0.0
 10
-2.03906
 20
-3.40431
 30
0.0
 10
-2.00025
 20
-3.39373
 30
0.0
 10
-2.00025
 20
-3.39373
 30
0.0
  0
SPLINE
  5
195
330
1F
100
AcDbEntity
  8
Layer 1
370
    25
100
AcDbSpline
210
0.0
220
0.0
230
1.0
 70
     8
 71
     3
 72
    24
 73
    20
 74
     0
 42
0.000000001
 43
0.0000000001
 40
0.0
 40
0.0
 40
0.0
 40
0.0
 40
0.1666666666666667
 40
0.1666666666666667
 40
0.1666666666666667
 40
0.1666666766666667
 40
0.3333333333333333
 40
0.3333333333333333
 40
0.3333333333333333
 40
0.3333333433333333
 40
0.5
 40
0.5
 40
0.5
 40
0.50000001
 40
0.6666666666666666
 40
0.6666666666666666
 40
0.6666666666666666
 40
0.6666666766666667
 40
1.0
 40
1.0
 40
1.0
 40
1.0
 10
-2.08492
 20
-3.35845
 30
0.0
 10
-2.08492
 20
-3.35845
 30
0.0
 10
-2.07081
 20
-3.36198
 30
0.0
 10
-2.07081
 20
-3.36198
 30
0.0
 10
-2.07081
 20
-3.36198
 30
0.0
 10
-2.07081
 20
-3.36198
 30
0.0
 10
-2.0567
 20
-3.36903
 30
0.0
 10
-2.0567
 20
-3.36903
 30
0.0
 10
-2.0567
 20
-3.36903
 30
0.0
 10
-2.0567
 20
-3.36903
 30
0.0
 10
-2.04611
 20
-3.38314
 30
0.0
 10
-2.04611
 20
-3.38314
 30
0.0
 10
-2.04611
 20
-3.38314
 30
0.0
 10
-2.04611
 20
-3.38314
 30
0.0
 10
-2.03906
 20
-3.39725
 30
0.0
 10
-2.03906
 20
-3.39725
 30
0.0
 10
-2.03906
 20
-3.39725
 30
0.0
 10
-2.03906
 20
-3.39725
 30
0.0
 10
-2.03906
 20
-3.40431
 30
0.0
 10
-2.03906
 20
-3.40431
 30
0.0
  0
SPLINE
  5
196
330
1F
100
AcDbEntity
  8
Layer 1
370
    25
100
AcDbSpline
210
0.0
220
0.0
230
1.0
 70
    24
 71
     3
 72
     8
 73
     4
 74
     0
 42
0.000000001
 43
0.0000000001
 40
0.0
 40
0.0
 40
0.0
 40
0.0
 40
1.0
 40
1.0
 40
1.0
 40
1.0
 10
-1.20298
 20
-3.58423
 30
0.0
 10
-1.20298
 20
-3.58423
 30
0.0
 10
-1.20298
 20
-3.51367
 30
0.0
 10
-1.20298
 20
-3.51367
 30
0.0
  0
SPLINE
  5
197
330
1F
100
AcDbEntity
  8
Layer 1
370
    25
100
AcDbSpline
210
0.0
220
0.0
230
1.0
 70
    24
 71
     3
 72
     8
 73
     4
 74
     0
 42
0.000000001
 43
0.0000000001
 40
0.0
 40
0.0
 40
0.0
 40
0.0
 40
1.0
 40
1.0
 40
1.0
 40
1.0
 10
-0.77964
 20
-3.40431
 30
0.0
 10
-0.77964
 20
-3.40431
 30
0.0
 10
-0.77964
 20
-3.40078
 30
0.0
 10
-0.77964
 20
-3.40078
 30
0.0
  0
SPLINE
  5
198
330
1F
100
AcDbEntity
  8
Layer 1
370
    25
100
AcDbSpline
210
0.0
220
0.0
230
1.0
 70
    24
 71
     3
 72
     8
 73
     4
 74
     0
 42
0.000000001
 43
0.0000000001
 40
0.0
 40
0.0
 40
0.0
 40
0.0
 40
1.0
 40
1.0
 40
1.0
 40
1.0
 10
-0.85373
 20
-3.47134
 30
0.0
 10
-0.85373
 20
-3.47134
 30
0.0
 10
-0.85725
 20
-3.47134
 30
0.0
 10
-0.85725
 20
-3.47134
 30
0.0
  0
SPLINE
  5
199
330
1F
100
AcDbEntity
  8
Layer 1
370
    25
100
AcDbSpline
210
0.0
220
0.0
230
1.0
 70
     8
 71
     3
 72
    24
 73
    20
 74
     0
 42
0.000000001
 43
0.0000000001
 40
0.0
 40
0.0
 40
0.0
 40
0.0
 40
0.1666666666666667
 40
0.1666666666666667
 40
0.1666666666666667
 40
0.1666666766666667
 40
0.3333333333333333
 40
0.3333333333333333
 40
0.3333333333333333
 40
0.3333333433333333
 40
0.5
 40
0.5
 40
0.5
 40
0.50000001
 40
0.6666666666666666
 40
0.6666666666666666
 40
0.6666666666666666
 40
0.6666666766666667
 40
1.0
 40
1.0
 40
1.0
 40
1.0
 10
-0.77964
 20
-3.40078
 30
0.0
 10
-0.77964
 20
-3.40078
 30
0.0
 10
-0.80434
 20
-3.40431
 30
0.0
 10
-0.80434
 20
-3.40431
 30
0.0
 10
-0.80434
 20
-3.40431
 30
0.0
 10
-0.80434
 20
-3.40431
 30
0.0
 10
-0.83256
 20
-3.41842
 30
0.0
 10
-0.83256
 20
-3.41842
 30
0.0
 10
-0.83256
 20
-3.41842
 30
0.0
 10
-0.83256
 20
-3.41842
 30
0.0
 10
-0.84667
 20
-3.43253
 30
0.0
 10
-0.84667
 20
-3.43253
 30
0.0
 10
-0.84667
 20
-3.43253
 30
0.0
 10
-0.84667
 20
-3.43253
 30
0.0
 10
-0.85725
 20
-3.4537
 30
0.0
 10
-0.85725
 20
-3.4537
 30
0.0
 10
-0.85725
 20
-3.4537
 30
0.0
 10
-0.85725
 20
-3.4537
 30
0.0
 10
-0.85725
 20
-3.47134
 30
0.0
 10
-0.85725
 20
-3.47134
 30
0.0
  0
SPLINE
  5
19A
330
1F
100
AcDbEntity
  8
Layer 1
370
    25
100
AcDbSpline
210
0.0
220
0.0
230
1.0
 70
    24
 71
     3
 72
     8
 73
     4
 74
     0
 42
0.000000001
 43
0.0000000001
 40
0.0
 40
0.0
 40
0.0
 40
0.0
 40
1.0
 40
1.0
 40
1.0
 40
1.0
 10
-0.85373
 20
-3.57717
 30
0.0
 10
-0.85373
 20
-3.57717
 30
0.0
 10
-0.85725
 20
-3.57717
 30
0.0
 10
-0.85725
 20
-3.57717
 30
0.0
  0
SPLINE
  5
19B
330
1F
100
AcDbEntity
  8
Layer 1
370
    25
100
AcDbSpline
210
0.0
220
0.0
230
1.0
 70
    24
 71
     3
 72
     8
 73
     4
 74
     0
 42
0.000000001
 43
0.0000000001
 40
0.0
 40
0.0
 40
0.0
 40
0.0
 40
1.0
 40
1.0
 40
1.0
 40
1.0
 10
-0.85725
 20
-3.47134
 30
0.0
 10
-0.85725
 20
-3.47134
 30
0.0
 10
-0.85725
 20
-3.57717
 30
0.0
 10
-0.85725
 20
-3.57717
 30
0.0
  0
SPLINE
  5
19C
330
1F
100
AcDbEntity
  8
Layer 1
370
    25
100
AcDbSpline
210
0.0
220
0.0
230
1.0
 70
     8
 71
     3
 72
    24
 73
    20
 74
     0
 42
0.000000001
 43
0.0000000001
 40
0.0
 40
0.0
 40
0.0
 40
0.0
 40
0.1666666666666667
 40
0.1666666666666667
 40
0.1666666666666667
 40
0.1666666766666667
 40
0.3333333333333333
 40
0.3333333333333333
 40
0.3333333333333333
 40
0.3333333433333333
 40
0.5
 40
0.5
 40
0.5
 40
0.50000001
 40
0.6666666666666666
 40
0.6666666666666666
 40
0.6666666666666666
 40
0.6666666766666667
 40
1.0
 40
1.0
 40
1.0
 40
1.0
 10
-0.85725
 20
-3.57717
 30
0.0
 10
-0.85725
 20
-3.57717
 30
0.0
 10
-0.85373
 20
-3.60187
 30
0.0
 10
-0.85373
 20
-3.60187
 30
0.0
 10
-0.85373
 20
-3.60187
 30
0.0
 10
-0.85373
 20
-3.60187
 30
0.0
 10
-0.84314
 20
-3.6195
 30
0.0
 10
-0.84314
 20
-3.6195
 30
0.0
 10
-0.84314
 20
-3.6195
 30
0.0
 10
-0.84314
 20
-3.6195
 30
0.0
 10
-0.8255
 20
-3.63362
 30
0.0
 10
-0.8255
 20
-3.63362
 30
0.0
 10
-0.8255
 20
-3.63362
 30
0.0
 10
-0.8255
 20
-3.63362
 30
0.0
 10
-0.79728
 20
-3.6442
 30
0.0
 10
-0.79728
 20
-3.6442
 30
0.0
 10
-0.79728
 20
-3.6442
 30
0.0
 10
-0.79728
 20
-3.6442
 30
0.0
 10
-0.77964
 20
-3.64773
 30
0.0
 10
-0.77964
 20
-3.64773
 30
0.0
  0
SPLINE
  5
19D
330
1F
100
AcDbEntity
  8
Layer 1
370
    25
100
AcDbSpline
210
0.0
220
0.0
230
1.0
 70
    24
 71
     3
 72
    12
 73
     8
 74
     0
 42
0.000000001
 43
0.0000000001
 40
0.0
 40
0.0
 40
0.0
 40
0.0
 40
0.3333333333333333
 40
0.3333333333333333
 40
0.3333333333333333
 40
0.3333333433333333
 40
1.0
 40
1.0
 40
1.0
 40
1.0
 10
-1.89089
 20
-3.40431
 30
0.0
 10
-1.89089
 20
-3.40431
 30
0.0
 10
-1.89089
 20
-3.40431
 30
0.0
 10
-1.89089
 20
-3.40431
 30
0.0
 10
-1.89089
 20
-3.40431
 30
0.0
 10
-1.89089
 20
-3.40431
 30
0.0
 10
-1.89089
 20
-3.40078
 30
0.0
 10
-1.89089
 20
-3.40078
 30
0.0
  0
SPLINE
  5
19E
330
1F
100
AcDbEntity
  8
Layer 1
370
    25
100
AcDbSpline
210
0.0
220
0.0
230
1.0
 70
    24
 71
     3
 72
     8
 73
     4
 74
     0
 42
0.000000001
 43
0.0000000001
 40
0.0
 40
0.0
 40
0.0
 40
0.0
 40
1.0
 40
1.0
 40
1.0
 40
1.0
 10
-1.96498
 20
-3.47134
 30
0.0
 10
-1.96498
 20
-3.47134
 30
0.0
 10
-1.9685
 20
-3.47134
 30
0.0
 10
-1.9685
 20
-3.47134
 30
0.0
  0
SPLINE
  5
19F
330
1F
100
AcDbEntity
  8
Layer 1
370
    25
100
AcDbSpline
210
0.0
220
0.0
230
1.0
 70
     8
 71
     3
 72
    24
 73
    20
 74
     0
 42
0.000000001
 43
0.0000000001
 40
0.0
 40
0.0
 40
0.0
 40
0.0
 40
0.1666666666666667
 40
0.1666666666666667
 40
0.1666666666666667
 40
0.1666666766666667
 40
0.3333333333333333
 40
0.3333333333333333
 40
0.3333333333333333
 40
0.3333333433333333
 40
0.5
 40
0.5
 40
0.5
 40
0.50000001
 40
0.6666666666666666
 40
0.6666666666666666
 40
0.6666666666666666
 40
0.6666666766666667
 40
1.0
 40
1.0
 40
1.0
 40
1.0
 10
-1.89089
 20
-3.40078
 30
0.0
 10
-1.89089
 20
-3.40078
 30
0.0
 10
-1.91911
 20
-3.40784
 30
0.0
 10
-1.91911
 20
-3.40784
 30
0.0
 10
-1.91911
 20
-3.40784
 30
0.0
 10
-1.91911
 20
-3.40784
 30
0.0
 10
-1.94381
 20
-3.42195
 30
0.0
 10
-1.94381
 20
-3.42195
 30
0.0
 10
-1.94381
 20
-3.42195
 30
0.0
 10
-1.94381
 20
-3.42195
 30
0.0
 10
-1.95792
 20
-3.43959
 30
0.0
 10
-1.95792
 20
-3.43959
 30
0.0
 10
-1.95792
 20
-3.43959
 30
0.0
 10
-1.95792
 20
-3.43959
 30
0.0
 10
-1.9685
 20
-3.46428
 30
0.0
 10
-1.9685
 20
-3.46428
 30
0.0
 10
-1.9685
 20
-3.46428
 30
0.0
 10
-1.9685
 20
-3.46428
 30
0.0
 10
-1.9685
 20
-3.47134
 30
0.0
 10
-1.9685
 20
-3.47134
 30
0.0
  0
SPLINE
  5
1A0
330
1F
100
AcDbEntity
  8
Layer 1
370
    25
100
AcDbSpline
210
0.0
220
0.0
230
1.0
 70
    24
 71
     3
 72
     8
 73
     4
 74
     0
 42
0.000000001
 43
0.0000000001
 40
0.0
 40
0.0
 40
0.0
 40
0.0
 40
1.0
 40
1.0
 40
1.0
 40
1.0
 10
-0.68086
 20
-3.57717
 30
0.0
 10
-0.68086
 20
-3.57717
 30
0.0
 10
-0.67734
 20
-3.57717
 30
0.0
 10
-0.67734
 20
-3.57717
 30
0.0
  0
SPLINE
  5
1A1
330
1F
100
AcDbEntity
  8
Layer 1
370
    25
100
AcDbSpline
210
0.0
220
0.0
230
1.0
 70
     8
 71
     3
 72
    24
 73
    20
 74
     0
 42
0.000000001
 43
0.0000000001
 40
0.0
 40
0.0
 40
0.0
 40
0.0
 40
0.1666666666666667
 40
0.1666666666666667
 40
0.1666666666666667
 40
0.1666666766666667
 40
0.3333333333333333
 40
0.3333333333333333
 40
0.3333333333333333
 40
0.3333333433333333
 40
0.5
 40
0.5
 40
0.5
 40
0.50000001
 40
0.6666666666666666
 40
0.6666666666666666
 40
0.6666666666666666
 40
0.6666666766666667
 40
1.0
 40
1.0
 40
1.0
 40
1.0
 10
-0.75495
 20
-3.64773
 30
0.0
 10
-0.75495
 20
-3.64773
 30
0.0
 10
-0.7232
 20
-3.64067
 30
0.0
 10
-0.7232
 20
-3.64067
 30
0.0
 10
-0.7232
 20
-3.64067
 30
0.0
 10
-0.7232
 20
-3.64067
 30
0.0
 10
-0.70203
 20
-3.63009
 30
0.0
 10
-0.70203
 20
-3.63009
 30
0.0
 10
-0.70203
 20
-3.63009
 30
0.0
 10
-0.70203
 20
-3.63009
 30
0.0
 10
-0.68792
 20
-3.61245
 30
0.0
 10
-0.68792
 20
-3.61245
 30
0.0
 10
-0.68792
 20
-3.61245
 30
0.0
 10
-0.68792
 20
-3.61245
 30
0.0
 10
-0.67734
 20
-3.59128
 30
0.0
 10
-0.67734
 20
-3.59128
 30
0.0
 10
-0.67734
 20
-3.59128
 30
0.0
 10
-0.67734
 20
-3.59128
 30
0.0
 10
-0.67734
 20
-3.57717
 30
0.0
 10
-0.67734
 20
-3.57717
 30
0.0
  0
SPLINE
  5
1A2
330
1F
100
AcDbEntity
  8
Layer 1
370
    25
100
AcDbSpline
210
0.0
220
0.0
230
1.0
 70
    24
 71
     3
 72
     8
 73
     4
 74
     0
 42
0.000000001
 43
0.0000000001
 40
0.0
 40
0.0
 40
0.0
 40
0.0
 40
1.0
 40
1.0
 40
1.0
 40
1.0
 10
-0.68086
 20
-3.47134
 30
0.0
 10
-0.68086
 20
-3.47134
 30
0.0
 10
-0.67734
 20
-3.47134
 30
0.0
 10
-0.67734
 20
-3.47134
 30
0.0
  0
SPLINE
  5
1A3
330
1F
100
AcDbEntity
  8
Layer 1
370
    25
100
AcDbSpline
210
0.0
220
0.0
230
1.0
 70
    24
 71
     3
 72
     8
 73
     4
 74
     0
 42
0.000000001
 43
0.0000000001
 40
0.0
 40
0.0
 40
0.0
 40
0.0
 40
1.0
 40
1.0
 40
1.0
 40
1.0
 10
-0.67734
 20
-3.57717
 30
0.0
 10
-0.67734
 20
-3.57717
 30
0.0
 10
-0.67734
 20
-3.47134
 30
0.0
 10
-0.67734
 20
-3.47134
 30
0.0
  0
SPLINE
  5
1A4
330
1F
100
AcDbEntity
  8
Layer 1
370
    25
100
AcDbSpline
210
0.0
220
0.0
230
1.0
 70
    24
 71
     3
 72
     8
 73
     4
 74
     0
 42
0.000000001
 43
0.0000000001
 40
0.0
 40
0.0
 40
0.0
 40
0.0
 40
1.0
 40
1.0
 40
1.0
 40
1.0
 10
-0.75495
 20
-3.40431
 30
0.0
 10
-0.75495
 20
-3.40431
 30
0.0
 10
-0.75495
 20
-3.40078
 30
0.0
 10
-0.75495
 20
-3.40078
 30
0.0
  0
SPLINE
  5
1A5
330
1F
100
AcDbEntity
  8
Layer 1
370
    25
100
AcDbSpline
210
0.0
220
0.0
230
1.0
 70
     8
 71
     3
 72
    24
 73
    20
 74
     0
 42
0.000000001
 43
0.0000000001
 40
0.0
 40
0.0
 40
0.0
 40
0.0
 40
0.1666666666666667
 40
0.1666666666666667
 40
0.1666666666666667
 40
0.1666666766666667
 40
0.3333333333333333
 40
0.3333333333333333
 40
0.3333333333333333
 40
0.3333333433333333
 40
0.5
 40
0.5
 40
0.5
 40
0.50000001
 40
0.6666666666666666
 40
0.6666666666666666
 40
0.6666666666666666
 40
0.6666666766666667
 40
1.0
 40
1.0
 40
1.0
 40
1.0
 10
-0.67734
 20
-3.47134
 30
0.0
 10
-0.67734
 20
-3.47134
 30
0.0
 10
-0.68086
 20
-3.45017
 30
0.0
 10
-0.68086
 20
-3.45017
 30
0.0
 10
-0.68086
 20
-3.45017
 30
0.0
 10
-0.68086
 20
-3.45017
 30
0.0
 10
-0.69145
 20
-3.429
 30
0.0
 10
-0.69145
 20
-3.429
 30
0.0
 10
-0.69145
 20
-3.429
 30
0.0
 10
-0.69145
 20
-3.429
 30
0.0
 10
-0.70909
 20
-3.41489
 30
0.0
 10
-0.70909
 20
-3.41489
 30
0.0
 10
-0.70909
 20
-3.41489
 30
0.0
 10
-0.70909
 20
-3.41489
 30
0.0
 10
-0.73025
 20
-3.40431
 30
0.0
 10
-0.73025
 20
-3.40431
 30
0.0
 10
-0.73025
 20
-3.40431
 30
0.0
 10
-0.73025
 20
-3.40431
 30
0.0
 10
-0.75495
 20
-3.40078
 30
0.0
 10
-0.75495
 20
-3.40078
 30
0.0
  0
SPLINE
  5
1A6
330
1F
100
AcDbEntity
  8
Layer 1
370
    25
100
AcDbSpline
210
0.0
220
0.0
230
1.0
 70
    24
 71
     3
 72
     8
 73
     4
 74
     0
 42
0.000000001
 43
0.0000000001
 40
0.0
 40
0.0
 40
0.0
 40
0.0
 40
1.0
 40
1.0
 40
1.0
 40
1.0
 10
-0.75495
 20
-3.40078
 30
0.0
 10
-0.75495
 20
-3.40078
 30
0.0
 10
-0.77964
 20
-3.40078
 30
0.0
 10
-0.77964
 20
-3.40078
 30
0.0
  0
SPLINE
  5
1A7
330
1F
100
AcDbEntity
  8
Layer 1
370
    25
100
AcDbSpline
210
0.0
220
0.0
230
1.0
 70
    24
 71
     3
 72
     8
 73
     4
 74
     0
 42
0.000000001
 43
0.0000000001
 40
0.0
 40
0.0
 40
0.0
 40
0.0
 40
1.0
 40
1.0
 40
1.0
 40
1.0
 10
-0.81845
 20
-3.46781
 30
0.0
 10
-0.81845
 20
-3.46781
 30
0.0
 10
-0.81492
 20
-3.46781
 30
0.0
 10
-0.81492
 20
-3.46781
 30
0.0
  0
SPLINE
  5
1A8
330
1F
100
AcDbEntity
  8
Layer 1
370
    25
100
AcDbSpline
210
0.0
220
0.0
230
1.0
 70
     8
 71
     3
 72
    24
 73
    20
 74
     0
 42
0.000000001
 43
0.0000000001
 40
0.0
 40
0.0
 40
0.0
 40
0.0
 40
0.1666666666666667
 40
0.1666666666666667
 40
0.1666666666666667
 40
0.1666666766666667
 40
0.3333333333333333
 40
0.3333333333333333
 40
0.3333333333333333
 40
0.3333333433333333
 40
0.5
 40
0.5
 40
0.5
 40
0.50000001
 40
0.6666666666666666
 40
0.6666666666666666
 40
0.6666666666666666
 40
0.6666666766666667
 40
1.0
 40
1.0
 40
1.0
 40
1.0
 10
-0.76906
 20
-3.42195
 30
0.0
 10
-0.76906
 20
-3.42195
 30
0.0
 10
-0.78317
 20
-3.42548
 30
0.0
 10
-0.78317
 20
-3.42548
 30
0.0
 10
-0.78317
 20
-3.42548
 30
0.0
 10
-0.78317
 20
-3.42548
 30
0.0
 10
-0.79728
 20
-3.43253
 30
0.0
 10
-0.79728
 20
-3.43253
 30
0.0
 10
-0.79728
 20
-3.43253
 30
0.0
 10
-0.79728
 20
-3.43253
 30
0.0
 10
-0.80786
 20
-3.44312
 30
0.0
 10
-0.80786
 20
-3.44312
 30
0.0
 10
-0.80786
 20
-3.44312
 30
0.0
 10
-0.80786
 20
-3.44312
 30
0.0
 10
-0.81139
 20
-3.45723
 30
0.0
 10
-0.81139
 20
-3.45723
 30
0.0
 10
-0.81139
 20
-3.45723
 30
0.0
 10
-0.81139
 20
-3.45723
 30
0.0
 10
-0.81492
 20
-3.46781
 30
0.0
 10
-0.81492
 20
-3.46781
 30
0.0
  0
SPLINE
  5
1A9
330
1F
100
AcDbEntity
  8
Layer 1
370
    25
100
AcDbSpline
210
0.0
220
0.0
230
1.0
 70
    24
 71
     3
 72
     8
 73
     4
 74
     0
 42
0.000000001
 43
0.0000000001
 40
0.0
 40
0.0
 40
0.0
 40
0.0
 40
1.0
 40
1.0
 40
1.0
 40
1.0
 10
-0.81845
 20
-3.5807
 30
0.0
 10
-0.81845
 20
-3.5807
 30
0.0
 10
-0.81492
 20
-3.5807
 30
0.0
 10
-0.81492
 20
-3.5807
 30
0.0
  0
SPLINE
  5
1AA
330
1F
100
AcDbEntity
  8
Layer 1
370
    25
100
AcDbSpline
210
0.0
220
0.0
230
1.0
 70
    24
 71
     3
 72
     8
 73
     4
 74
     0
 42
0.000000001
 43
0.0000000001
 40
0.0
 40
0.0
 40
0.0
 40
0.0
 40
1.0
 40
1.0
 40
1.0
 40
1.0
 10
-0.81492
 20
-3.46781
 30
0.0
 10
-0.81492
 20
-3.46781
 30
0.0
 10
-0.81492
 20
-3.5807
 30
0.0
 10
-0.81492
 20
-3.5807
 30
0.0
  0
SPLINE
  5
1AB
330
1F
100
AcDbEntity
  8
Layer 1
370
    25
100
AcDbSpline
210
0.0
220
0.0
230
1.0
 70
     8
 71
     3
 72
    24
 73
    20
 74
     0
 42
0.000000001
 43
0.0000000001
 40
0.0
 40
0.0
 40
0.0
 40
0.0
 40
0.1666666666666667
 40
0.1666666666666667
 40
0.1666666666666667
 40
0.1666666766666667
 40
0.3333333333333333
 40
0.3333333333333333
 40
0.3333333333333333
 40
0.3333333433333333
 40
0.5
 40
0.5
 40
0.5
 40
0.50000001
 40
0.6666666666666666
 40
0.6666666666666666
 40
0.6666666666666666
 40
0.6666666766666667
 40
1.0
 40
1.0
 40
1.0
 40
1.0
 10
-0.81492
 20
-3.5807
 30
0.0
 10
-0.81492
 20
-3.5807
 30
0.0
 10
-0.81139
 20
-3.59481
 30
0.0
 10
-0.81139
 20
-3.59481
 30
0.0
 10
-0.81139
 20
-3.59481
 30
0.0
 10
-0.81139
 20
-3.59481
 30
0.0
 10
-0.80434
 20
-3.60892
 30
0.0
 10
-0.80434
 20
-3.60892
 30
0.0
 10
-0.80434
 20
-3.60892
 30
0.0
 10
-0.80434
 20
-3.60892
 30
0.0
 10
-0.79375
 20
-3.6195
 30
0.0
 10
-0.79375
 20
-3.6195
 30
0.0
 10
-0.79375
 20
-3.6195
 30
0.0
 10
-0.79375
 20
-3.6195
 30
0.0
 10
-0.77611
 20
-3.62656
 30
0.0
 10
-0.77611
 20
-3.62656
 30
0.0
 10
-0.77611
 20
-3.62656
 30
0.0
 10
-0.77611
 20
-3.62656
 30
0.0
 10
-0.76906
 20
-3.62656
 30
0.0
 10
-0.76906
 20
-3.62656
 30
0.0
  0
SPLINE
  5
1AC
330
1F
100
AcDbEntity
  8
Layer 1
370
    25
100
AcDbSpline
210
0.0
220
0.0
230
1.0
 70
    24
 71
     3
 72
     8
 73
     4
 74
     0
 42
0.000000001
 43
0.0000000001
 40
0.0
 40
0.0
 40
0.0
 40
0.0
 40
1.0
 40
1.0
 40
1.0
 40
1.0
 10
-1.36878
 20
-3.47134
 30
0.0
 10
-1.36878
 20
-3.47134
 30
0.0
 10
-1.36525
 20
-3.47134
 30
0.0
 10
-1.36525
 20
-3.47134
 30
0.0
  0
SPLINE
  5
1AD
330
1F
100
AcDbEntity
  8
Layer 1
370
    25
100
AcDbSpline
210
0.0
220
0.0
230
1.0
 70
    24
 71
     3
 72
     8
 73
     4
 74
     0
 42
0.000000001
 43
0.0000000001
 40
0.0
 40
0.0
 40
0.0
 40
0.0
 40
1.0
 40
1.0
 40
1.0
 40
1.0
 10
-1.36525
 20
-3.64773
 30
0.0
 10
-1.36525
 20
-3.64773
 30
0.0
 10
-1.36525
 20
-3.47134
 30
0.0
 10
-1.36525
 20
-3.47134
 30
0.0
  0
SPLINE
  5
1AE
330
1F
100
AcDbEntity
  8
Layer 1
370
    25
100
AcDbSpline
210
0.0
220
0.0
230
1.0
 70
    24
 71
     3
 72
     8
 73
     4
 74
     0
 42
0.000000001
 43
0.0000000001
 40
0.0
 40
0.0
 40
0.0
 40
0.0
 40
1.0
 40
1.0
 40
1.0
 40
1.0
 10
-1.44286
 20
-3.40431
 30
0.0
 10
-1.44286
 20
-3.40431
 30
0.0
 10
-1.44286
 20
-3.40078
 30
0.0
 10
-1.44286
 20
-3.40078
 30
0.0
  0
SPLINE
  5
1AF
330
1F
100
AcDbEntity
  8
Layer 1
370
    25
100
AcDbSpline
210
0.0
220
0.0
230
1.0
 70
     8
 71
     3
 72
    24
 73
    20
 74
     0
 42
0.000000001
 43
0.0000000001
 40
0.0
 40
0.0
 40
0.0
 40
0.0
 40
0.1666666666666667
 40
0.1666666666666667
 40
0.1666666666666667
 40
0.1666666766666667
 40
0.3333333333333333
 40
0.3333333333333333
 40
0.3333333333333333
 40
0.3333333433333333
 40
0.5
 40
0.5
 40
0.5
 40
0.50000001
 40
0.6666666666666666
 40
0.6666666666666666
 40
0.6666666666666666
 40
0.6666666766666667
 40
1.0
 40
1.0
 40
1.0
 40
1.0
 10
-1.36525
 20
-3.47134
 30
0.0
 10
-1.36525
 20
-3.47134
 30
0.0
 10
-1.36878
 20
-3.45017
 30
0.0
 10
-1.36878
 20
-3.45017
 30
0.0
 10
-1.36878
 20
-3.45017
 30
0.0
 10
-1.36878
 20
-3.45017
 30
0.0
 10
-1.37936
 20
-3.43253
 30
0.0
 10
-1.37936
 20
-3.43253
 30
0.0
 10
-1.37936
 20
-3.43253
 30
0.0
 10
-1.37936
 20
-3.43253
 30
0.0
 10
-1.397
 20
-3.41489
 30
0.0
 10
-1.397
 20
-3.41489
 30
0.0
 10
-1.397
 20
-3.41489
 30
0.0
 10
-1.397
 20
-3.41489
 30
0.0
 10
-1.41817
 20
-3.40431
 30
0.0
 10
-1.41817
 20
-3.40431
 30
0.0
 10
-1.41817
 20
-3.40431
 30
0.0
 10
-1.41817
 20
-3.40431
 30
0.0
 10
-1.44286
 20
-3.40078
 30
0.0
 10
-1.44286
 20
-3.40078
 30
0.0
  0
SPLINE
  5
1B0
330
1F
100
AcDbEntity
  8
Layer 1
370
    25
100
AcDbSpline
210
0.0
220
0.0
230
1.0
 70
    24
 71
     3
 72
     8
 73
     4
 74
     0
 42
0.000000001
 43
0.0000000001
 40
0.0
 40
0.0
 40
0.0
 40
0.0
 40
1.0
 40
1.0
 40
1.0
 40
1.0
 10
-1.44286
 20
-3.40078
 30
0.0
 10
-1.44286
 20
-3.40078
 30
0.0
 10
-1.47109
 20
-3.40078
 30
0.0
 10
-1.47109
 20
-3.40078
 30
0.0
  0
SPLINE
  5
1B1
330
1F
100
AcDbEntity
  8
Layer 1
370
    25
100
AcDbSpline
210
0.0
220
0.0
230
1.0
 70
    24
 71
     3
 72
     8
 73
     4
 74
     0
 42
0.000000001
 43
0.0000000001
 40
0.0
 40
0.0
 40
0.0
 40
0.0
 40
1.0
 40
1.0
 40
1.0
 40
1.0
 10
-0.92781
 20
-3.34434
 30
0.0
 10
-0.92781
 20
-3.34434
 30
0.0
 10
-0.93134
 20
-3.34081
 30
0.0
 10
-0.93134
 20
-3.34081
 30
0.0
  0
SPLINE
  5
1B2
330
1F
100
AcDbEntity
  8
Layer 1
370
    25
100
AcDbSpline
210
0.0
220
0.0
230
1.0
 70
    24
 71
     3
 72
     8
 73
     4
 74
     0
 42
0.000000001
 43
0.0000000001
 40
0.0
 40
0.0
 40
0.0
 40
0.0
 40
1.0
 40
1.0
 40
1.0
 40
1.0
 10
-0.92781
 20
-3.34434
 30
0.0
 10
-0.92781
 20
-3.34434
 30
0.0
 10
-0.92781
 20
-3.37256
 30
0.0
 10
-0.92781
 20
-3.37256
 30
0.0
  0
SPLINE
  5
1B3
330
1F
100
AcDbEntity
  8
Layer 1
370
    25
100
AcDbSpline
210
0.0
220
0.0
230
1.0
 70
    24
 71
     3
 72
     8
 73
     4
 74
     0
 42
0.000000001
 43
0.0000000001
 40
0.0
 40
0.0
 40
0.0
 40
0.0
 40
1.0
 40
1.0
 40
1.0
 40
1.0
 10
-0.92781
 20
-3.37256
 30
0.0
 10
-0.92781
 20
-3.37256
 30
0.0
 10
-0.93134
 20
-3.37609
 30
0.0
 10
-0.93134
 20
-3.37609
 30
0.0
  0
SPLINE
  5
1B4
330
1F
100
AcDbEntity
  8
Layer 1
370
    25
100
AcDbSpline
210
0.0
220
0.0
230
1.0
 70
    24
 71
     3
 72
     8
 73
     4
 74
     0
 42
0.000000001
 43
0.0000000001
 40
0.0
 40
0.0
 40
0.0
 40
0.0
 40
1.0
 40
1.0
 40
1.0
 40
1.0
 10
-0.93134
 20
-3.34081
 30
0.0
 10
-0.93134
 20
-3.34081
 30
0.0
 10
-0.93134
 20
-3.37609
 30
0.0
 10
-0.93134
 20
-3.37609
 30
0.0
  0
SPLINE
  5
1B5
330
1F
100
AcDbEntity
  8
Layer 1
370
    25
100
AcDbSpline
210
0.0
220
0.0
230
1.0
 70
    24
 71
     3
 72
     8
 73
     4
 74
     0
 42
0.000000001
 43
0.0000000001
 40
0.0
 40
0.0
 40
0.0
 40
0.0
 40
1.0
 40
1.0
 40
1.0
 40
1.0
 10
-0.889
 20
-3.40431
 30
0.0
 10
-0.889
 20
-3.40431
 30
0.0
 10
-0.88548
 20
-3.40078
 30
0.0
 10
-0.88548
 20
-3.40078
 30
0.0
  0
SPLINE
  5
1B6
330
1F
100
AcDbEntity
  8
Layer 1
370
    25
100
AcDbSpline
210
0.0
220
0.0
230
1.0
 70
    24
 71
     3
 72
     8
 73
     4
 74
     0
 42
0.000000001
 43
0.0000000001
 40
0.0
 40
0.0
 40
0.0
 40
0.0
 40
1.0
 40
1.0
 40
1.0
 40
1.0
 10
-0.889
 20
-3.40431
 30
0.0
 10
-0.889
 20
-3.40431
 30
0.0
 10
-0.92781
 20
-3.40431
 30
0.0
 10
-0.92781
 20
-3.40431
 30
0.0
  0
SPLINE
  5
1B7
330
1F
100
AcDbEntity
  8
Layer 1
370
    25
100
AcDbSpline
210
0.0
220
0.0
230
1.0
 70
    24
 71
     3
 72
     8
 73
     4
 74
     0
 42
0.000000001
 43
0.0000000001
 40
0.0
 40
0.0
 40
0.0
 40
0.0
 40
1.0
 40
1.0
 40
1.0
 40
1.0
 10
-0.92781
 20
-3.40431
 30
0.0
 10
-0.92781
 20
-3.40431
 30
0.0
 10
-0.93134
 20
-3.40078
 30
0.0
 10
-0.93134
 20
-3.40078
 30
0.0
  0
SPLINE
  5
1B8
330
1F
100
AcDbEntity
  8
Layer 1
370
    25
100
AcDbSpline
210
0.0
220
0.0
230
1.0
 70
    24
 71
     3
 72
     8
 73
     4
 74
     0
 42
0.000000001
 43
0.0000000001
 40
0.0
 40
0.0
 40
0.0
 40
0.0
 40
1.0
 40
1.0
 40
1.0
 40
1.0
 10
-0.88548
 20
-3.40078
 30
0.0
 10
-0.88548
 20
-3.40078
 30
0.0
 10
-0.93134
 20
-3.40078
 30
0.0
 10
-0.93134
 20
-3.40078
 30
0.0
  0
SPLINE
  5
1B9
330
1F
100
AcDbEntity
  8
Layer 1
370
    25
100
AcDbSpline
210
0.0
220
0.0
230
1.0
 70
    24
 71
     3
 72
     8
 73
     4
 74
     0
 42
0.000000001
 43
0.0000000001
 40
0.0
 40
0.0
 40
0.0
 40
0.0
 40
1.0
 40
1.0
 40
1.0
 40
1.0
 10
-0.92781
 20
-3.40431
 30
0.0
 10
-0.92781
 20
-3.40431
 30
0.0
 10
-0.92781
 20
-3.6442
 30
0.0
 10
-0.92781
 20
-3.6442
 30
0.0
  0
SPLINE
  5
1BA
330
1F
100
AcDbEntity
  8
Layer 1
370
    25
100
AcDbSpline
210
0.0
220
0.0
230
1.0
 70
    24
 71
     3
 72
     8
 73
     4
 74
     0
 42
0.000000001
 43
0.0000000001
 40
0.0
 40
0.0
 40
0.0
 40
0.0
 40
1.0
 40
1.0
 40
1.0
 40
1.0
 10
-0.92781
 20
-3.6442
 30
0.0
 10
-0.92781
 20
-3.6442
 30
0.0
 10
-0.93134
 20
-3.64773
 30
0.0
 10
-0.93134
 20
-3.64773
 30
0.0
  0
SPLINE
  5
1BB
330
1F
100
AcDbEntity
  8
Layer 1
370
    25
100
AcDbSpline
210
0.0
220
0.0
230
1.0
 70
    24
 71
     3
 72
     8
 73
     4
 74
     0
 42
0.000000001
 43
0.0000000001
 40
0.0
 40
0.0
 40
0.0
 40
0.0
 40
1.0
 40
1.0
 40
1.0
 40
1.0
 10
-0.93134
 20
-3.40078
 30
0.0
 10
-0.93134
 20
-3.40078
 30
0.0
 10
-0.93134
 20
-3.64773
 30
0.0
 10
-0.93134
 20
-3.64773
 30
0.0
  0
SPLINE
  5
1BC
330
1F
100
AcDbEntity
  8
Layer 1
370
    25
100
AcDbSpline
210
0.0
220
0.0
230
1.0
 70
    24
 71
     3
 72
     8
 73
     4
 74
     0
 42
0.000000001
 43
0.0000000001
 40
0.0
 40
0.0
 40
0.0
 40
0.0
 40
1.0
 40
1.0
 40
1.0
 40
1.0
 10
-0.92781
 20
-3.6442
 30
0.0
 10
-0.92781
 20
-3.6442
 30
0.0
 10
-0.889
 20
-3.6442
 30
0.0
 10
-0.889
 20
-3.6442
 30
0.0
  0
SPLINE
  5
1BD
330
1F
100
AcDbEntity
  8
Layer 1
370
    25
100
AcDbSpline
210
0.0
220
0.0
230
1.0
 70
    24
 71
     3
 72
     8
 73
     4
 74
     0
 42
0.000000001
 43
0.0000000001
 40
0.0
 40
0.0
 40
0.0
 40
0.0
 40
1.0
 40
1.0
 40
1.0
 40
1.0
 10
-0.889
 20
-3.6442
 30
0.0
 10
-0.889
 20
-3.6442
 30
0.0
 10
-0.88548
 20
-3.64773
 30
0.0
 10
-0.88548
 20
-3.64773
 30
0.0
  0
SPLINE
  5
1BE
330
1F
100
AcDbEntity
  8
Layer 1
370
    25
100
AcDbSpline
210
0.0
220
0.0
230
1.0
 70
    24
 71
     3
 72
     8
 73
     4
 74
     0
 42
0.000000001
 43
0.0000000001
 40
0.0
 40
0.0
 40
0.0
 40
0.0
 40
1.0
 40
1.0
 40
1.0
 40
1.0
 10
-0.93134
 20
-3.64773
 30
0.0
 10
-0.93134
 20
-3.64773
 30
0.0
 10
-0.88548
 20
-3.64773
 30
0.0
 10
-0.88548
 20
-3.64773
 30
0.0
  0
SPLINE
  5
1BF
330
1F
100
AcDbEntity
  8
Layer 1
370
    25
100
AcDbSpline
210
0.0
220
0.0
230
1.0
 70
    24
 71
     3
 72
     8
 73
     4
 74
     0
 42
0.000000001
 43
0.0000000001
 40
0.0
 40
0.0
 40
0.0
 40
0.0
 40
1.0
 40
1.0
 40
1.0
 40
1.0
 10
-0.889
 20
-3.6442
 30
0.0
 10
-0.889
 20
-3.6442
 30
0.0
 10
-0.889
 20
-3.40431
 30
0.0
 10
-0.889
 20
-3.40431
 30
0.0
  0
SPLINE
  5
1C0
330
1F
100
AcDbEntity
  8
Layer 1
370
    25
100
AcDbSpline
210
0.0
220
0.0
230
1.0
 70
    24
 71
     3
 72
     8
 73
     4
 74
     0
 42
0.000000001
 43
0.0000000001
 40
0.0
 40
0.0
 40
0.0
 40
0.0
 40
1.0
 40
1.0
 40
1.0
 40
1.0
 10
-0.88548
 20
-3.64773
 30
0.0
 10
-0.88548
 20
-3.64773
 30
0.0
 10
-0.88548
 20
-3.40078
 30
0.0
 10
-0.88548
 20
-3.40078
 30
0.0
  0
SPLINE
  5
1C1
330
1F
100
AcDbEntity
  8
Layer 1
370
    25
100
AcDbSpline
210
0.0
220
0.0
230
1.0
 70
    24
 71
     3
 72
     8
 73
     4
 74
     0
 42
0.000000001
 43
0.0000000001
 40
0.0
 40
0.0
 40
0.0
 40
0.0
 40
1.0
 40
1.0
 40
1.0
 40
1.0
 10
-1.3335
 20
-3.56306
 30
0.0
 10
-1.3335
 20
-3.56306
 30
0.0
 10
-1.33703
 20
-3.56306
 30
0.0
 10
-1.33703
 20
-3.56306
 30
0.0
  0
SPLINE
  5
1C2
330
1F
100
AcDbEntity
  8
Layer 1
370
    25
100
AcDbSpline
210
0.0
220
0.0
230
1.0
 70
    24
 71
     3
 72
     8
 73
     4
 74
     0
 42
0.000000001
 43
0.0000000001
 40
0.0
 40
0.0
 40
0.0
 40
0.0
 40
1.0
 40
1.0
 40
1.0
 40
1.0
 10
-1.3335
 20
-3.57717
 30
0.0
 10
-1.3335
 20
-3.57717
 30
0.0
 10
-1.33703
 20
-3.57717
 30
0.0
 10
-1.33703
 20
-3.57717
 30
0.0
  0
SPLINE
  5
1C3
330
1F
100
AcDbEntity
  8
Layer 1
370
    25
100
AcDbSpline
210
0.0
220
0.0
230
1.0
 70
    24
 71
     3
 72
     8
 73
     4
 74
     0
 42
0.000000001
 43
0.0000000001
 40
0.0
 40
0.0
 40
0.0
 40
0.0
 40
1.0
 40
1.0
 40
1.0
 40
1.0
 10
-1.33703
 20
-3.56306
 30
0.0
 10
-1.33703
 20
-3.56306
 30
0.0
 10
-1.33703
 20
-3.57717
 30
0.0
 10
-1.33703
 20
-3.57717
 30
0.0
  0
SPLINE
  5
1C4
330
1F
100
AcDbEntity
  8
Layer 1
370
    25
100
AcDbSpline
210
0.0
220
0.0
230
1.0
 70
    24
 71
     3
 72
     8
 73
     4
 74
     0
 42
0.000000001
 43
0.0000000001
 40
0.0
 40
0.0
 40
0.0
 40
0.0
 40
1.0
 40
1.0
 40
1.0
 40
1.0
 10
-1.26295
 20
-3.6442
 30
0.0
 10
-1.26295
 20
-3.6442
 30
0.0
 10
-1.26295
 20
-3.64773
 30
0.0
 10
-1.26295
 20
-3.64773
 30
0.0
  0
SPLINE
  5
1C5
330
1F
100
AcDbEntity
  8
Layer 1
370
    25
100
AcDbSpline
210
0.0
220
0.0
230
1.0
 70
     8
 71
     3
 72
    24
 73
    20
 74
     0
 42
0.000000001
 43
0.0000000001
 40
0.0
 40
0.0
 40
0.0
 40
0.0
 40
0.1666666666666667
 40
0.1666666666666667
 40
0.1666666666666667
 40
0.1666666766666667
 40
0.3333333333333333
 40
0.3333333333333333
 40
0.3333333333333333
 40
0.3333333433333333
 40
0.5
 40
0.5
 40
0.5
 40
0.50000001
 40
0.6666666666666666
 40
0.6666666666666666
 40
0.6666666666666666
 40
0.6666666766666667
 40
1.0
 40
1.0
 40
1.0
 40
1.0
 10
-1.33703
 20
-3.57717
 30
0.0
 10
-1.33703
 20
-3.57717
 30
0.0
 10
-1.3335
 20
-3.59834
 30
0.0
 10
-1.3335
 20
-3.59834
 30
0.0
 10
-1.3335
 20
-3.59834
 30
0.0
 10
-1.3335
 20
-3.59834
 30
0.0
 10
-1.32292
 20
-3.61598
 30
0.0
 10
-1.32292
 20
-3.61598
 30
0.0
 10
-1.32292
 20
-3.61598
 30
0.0
 10
-1.32292
 20
-3.61598
 30
0.0
 10
-1.30881
 20
-3.63362
 30
0.0
 10
-1.30881
 20
-3.63362
 30
0.0
 10
-1.30881
 20
-3.63362
 30
0.0
 10
-1.30881
 20
-3.63362
 30
0.0
 10
-1.28411
 20
-3.6442
 30
0.0
 10
-1.28411
 20
-3.6442
 30
0.0
 10
-1.28411
 20
-3.6442
 30
0.0
 10
-1.28411
 20
-3.6442
 30
0.0
 10
-1.26295
 20
-3.64773
 30
0.0
 10
-1.26295
 20
-3.64773
 30
0.0
  0
SPLINE
  5
1C6
330
1F
100
AcDbEntity
  8
Layer 1
370
    25
100
AcDbSpline
210
0.0
220
0.0
230
1.0
 70
    24
 71
     3
 72
     8
 73
     4
 74
     0
 42
0.000000001
 43
0.0000000001
 40
0.0
 40
0.0
 40
0.0
 40
0.0
 40
1.0
 40
1.0
 40
1.0
 40
1.0
 10
-1.23473
 20
-3.6442
 30
0.0
 10
-1.23473
 20
-3.6442
 30
0.0
 10
-1.23473
 20
-3.64773
 30
0.0
 10
-1.23473
 20
-3.64773
 30
0.0
  0
SPLINE
  5
1C7
330
1F
100
AcDbEntity
  8
Layer 1
370
    25
100
AcDbSpline
210
0.0
220
0.0
230
1.0
 70
    24
 71
     3
 72
     8
 73
     4
 74
     0
 42
0.000000001
 43
0.0000000001
 40
0.0
 40
0.0
 40
0.0
 40
0.0
 40
1.0
 40
1.0
 40
1.0
 40
1.0
 10
-1.26295
 20
-3.64773
 30
0.0
 10
-1.26295
 20
-3.64773
 30
0.0
 10
-1.23473
 20
-3.64773
 30
0.0
 10
-1.23473
 20
-3.64773
 30
0.0
  0
SPLINE
  5
1C8
330
1F
100
AcDbEntity
  8
Layer 1
370
    25
100
AcDbSpline
210
0.0
220
0.0
230
1.0
 70
    24
 71
     3
 72
    12
 73
     8
 74
     0
 42
0.000000001
 43
0.0000000001
 40
0.0
 40
0.0
 40
0.0
 40
0.0
 40
0.3333333333333333
 40
0.3333333333333333
 40
0.3333333333333333
 40
0.3333333433333333
 40
1.0
 40
1.0
 40
1.0
 40
1.0
 10
-1.19945
 20
-3.63714
 30
0.0
 10
-1.19945
 20
-3.63714
 30
0.0
 10
-1.19945
 20
-3.63714
 30
0.0
 10
-1.19945
 20
-3.63714
 30
0.0
 10
-1.19945
 20
-3.63714
 30
0.0
 10
-1.19945
 20
-3.63714
 30
0.0
 10
-1.20298
 20
-3.64067
 30
0.0
 10
-1.20298
 20
-3.64067
 30
0.0
  0
SPLINE
  5
1C9
330
1F
100
AcDbEntity
  8
Layer 1
370
    25
100
AcDbSpline
210
0.0
220
0.0
230
1.0
 70
     8
 71
     3
 72
    16
 73
    12
 74
     0
 42
0.000000001
 43
0.0000000001
 40
0.0
 40
0.0
 40
0.0
 40
0.0
 40
0.25
 40
0.25
 40
0.25
 40
0.25000001
 40
0.5
 40
0.5
 40
0.5
 40
0.50000001
 40
1.0
 40
1.0
 40
1.0
 40
1.0
 10
-1.23473
 20
-3.64773
 30
0.0
 10
-1.23473
 20
-3.64773
 30
0.0
 10
-1.22061
 20
-3.64773
 30
0.0
 10
-1.22061
 20
-3.64773
 30
0.0
 10
-1.22061
 20
-3.64773
 30
0.0
 10
-1.22061
 20
-3.64773
 30
0.0
 10
-1.21356
 20
-3.6442
 30
0.0
 10
-1.21356
 20
-3.6442
 30
0.0
 10
-1.21356
 20
-3.6442
 30
0.0
 10
-1.21356
 20
-3.6442
 30
0.0
 10
-1.20298
 20
-3.64067
 30
0.0
 10
-1.20298
 20
-3.64067
 30
0.0
  0
SPLINE
  5
1CA
330
1F
100
AcDbEntity
  8
Layer 1
370
    25
100
AcDbSpline
210
0.0
220
0.0
230
1.0
 70
    24
 71
     3
 72
     8
 73
     4
 74
     0
 42
0.000000001
 43
0.0000000001
 40
0.0
 40
0.0
 40
0.0
 40
0.0
 40
1.0
 40
1.0
 40
1.0
 40
1.0
 10
-1.19945
 20
-3.6442
 30
0.0
 10
-1.19945
 20
-3.6442
 30
0.0
 10
-1.20298
 20
-3.64773
 30
0.0
 10
-1.20298
 20
-3.64773
 30
0.0
  0
SPLINE
  5
1CB
330
1F
100
AcDbEntity
  8
Layer 1
370
    25
100
AcDbSpline
210
0.0
220
0.0
230
1.0
 70
    24
 71
     3
 72
     8
 73
     4
 74
     0
 42
0.000000001
 43
0.0000000001
 40
0.0
 40
0.0
 40
0.0
 40
0.0
 40
1.0
 40
1.0
 40
1.0
 40
1.0
 10
-1.20298
 20
-3.64067
 30
0.0
 10
-1.20298
 20
-3.64067
 30
0.0
 10
-1.20298
 20
-3.64773
 30
0.0
 10
-1.20298
 20
-3.64773
 30
0.0
  0
SPLINE
  5
1CC
330
1F
100
AcDbEntity
  8
Layer 1
370
    25
100
AcDbSpline
210
0.0
220
0.0
230
1.0
 70
     8
 71
     3
 72
    12
 73
     8
 74
     0
 42
0.000000001
 43
0.0000000001
 40
0.0
 40
0.0
 40
0.0
 40
0.0
 40
0.3333333333333333
 40
0.3333333333333333
 40
0.3333333333333333
 40
0.3333333433333333
 40
1.0
 40
1.0
 40
1.0
 40
1.0
 10
-1.16064
 20
-3.6442
 30
0.0
 10
-1.16064
 20
-3.6442
 30
0.0
 10
-1.15711
 20
-3.6442
 30
0.0
 10
-1.15711
 20
-3.6442
 30
0.0
 10
-1.15711
 20
-3.6442
 30
0.0
 10
-1.15711
 20
-3.6442
 30
0.0
 10
-1.15711
 20
-3.64773
 30
0.0
 10
-1.15711
 20
-3.64773
 30
0.0
  0
SPLINE
  5
1CD
330
1F
100
AcDbEntity
  8
Layer 1
370
    25
100
AcDbSpline
210
0.0
220
0.0
230
1.0
 70
    24
 71
     3
 72
     8
 73
     4
 74
     0
 42
0.000000001
 43
0.0000000001
 40
0.0
 40
0.0
 40
0.0
 40
0.0
 40
1.0
 40
1.0
 40
1.0
 40
1.0
 10
-1.20298
 20
-3.64773
 30
0.0
 10
-1.20298
 20
-3.64773
 30
0.0
 10
-1.15711
 20
-3.64773
 30
0.0
 10
-1.15711
 20
-3.64773
 30
0.0
  0
SPLINE
  5
1CE
330
1F
100
AcDbEntity
  8
Layer 1
370
    25
100
AcDbSpline
210
0.0
220
0.0
230
1.0
 70
    24
 71
     3
 72
    16
 73
    12
 74
     0
 42
0.000000001
 43
0.0000000001
 40
0.0
 40
0.0
 40
0.0
 40
0.0
 40
0.25
 40
0.25
 40
0.25
 40
0.25000001
 40
0.5
 40
0.5
 40
0.5
 40
0.50000001
 40
1.0
 40
1.0
 40
1.0
 40
1.0
 10
-1.15711
 20
-3.64773
 30
0.0
 10
-1.15711
 20
-3.64773
 30
0.0
 10
-1.15711
 20
-3.59834
 30
0.0
 10
-1.15711
 20
-3.59834
 30
0.0
 10
-1.15711
 20
-3.59834
 30
0.0
 10
-1.15711
 20
-3.59834
 30
0.0
 10
-1.15711
 20
-3.54895
 30
0.0
 10
-1.15711
 20
-3.54895
 30
0.0
 10
-1.15711
 20
-3.54895
 30
0.0
 10
-1.15711
 20
-3.54895
 30
0.0
 10
-1.15711
 20
-3.47134
 30
0.0
 10
-1.15711
 20
-3.47134
 30
0.0
  0
SPLINE
  5
1CF
330
1F
100
AcDbEntity
  8
Layer 1
370
    25
100
AcDbSpline
210
0.0
220
0.0
230
1.0
 70
     8
 71
     3
 72
    12
 73
     8
 74
     0
 42
0.000000001
 43
0.0000000001
 40
0.0
 40
0.0
 40
0.0
 40
0.0
 40
0.3333333333333333
 40
0.3333333333333333
 40
0.3333333333333333
 40
0.3333333433333333
 40
1.0
 40
1.0
 40
1.0
 40
1.0
 10
-1.82739
 20
-3.58775
 30
0.0
 10
-1.82739
 20
-3.58775
 30
0.0
 10
-1.83092
 20
-3.58423
 30
0.0
 10
-1.83092
 20
-3.58423
 30
0.0
 10
-1.83092
 20
-3.58423
 30
0.0
 10
-1.83092
 20
-3.58423
 30
0.0
 10
-1.83092
 20
-3.5807
 30
0.0
 10
-1.83092
 20
-3.5807
 30
0.0
  0
SPLINE
  5
1D0
330
1F
100
AcDbEntity
  8
Layer 1
370
    25
100
AcDbSpline
210
0.0
220
0.0
230
1.0
 70
    24
 71
     3
 72
     8
 73
     4
 74
     0
 42
0.000000001
 43
0.0000000001
 40
0.0
 40
0.0
 40
0.0
 40
0.0
 40
1.0
 40
1.0
 40
1.0
 40
1.0
 10
-1.87678
 20
-3.63009
 30
0.0
 10
-1.87678
 20
-3.63009
 30
0.0
 10
-1.87678
 20
-3.62656
 30
0.0
 10
-1.87678
 20
-3.62656
 30
0.0
  0
SPLINE
  5
1D1
330
1F
100
AcDbEntity
  8
Layer 1
370
    25
100
AcDbSpline
210
0.0
220
0.0
230
1.0
 70
     8
 71
     3
 72
    24
 73
    20
 74
     0
 42
0.000000001
 43
0.0000000001
 40
0.0
 40
0.0
 40
0.0
 40
0.0
 40
0.1666666666666667
 40
0.1666666666666667
 40
0.1666666666666667
 40
0.1666666766666667
 40
0.3333333333333333
 40
0.3333333333333333
 40
0.3333333333333333
 40
0.3333333433333333
 40
0.5
 40
0.5
 40
0.5
 40
0.50000001
 40
0.6666666666666666
 40
0.6666666666666666
 40
0.6666666666666666
 40
0.6666666766666667
 40
1.0
 40
1.0
 40
1.0
 40
1.0
 10
-1.83092
 20
-3.5807
 30
0.0
 10
-1.83092
 20
-3.5807
 30
0.0
 10
-1.83445
 20
-3.59834
 30
0.0
 10
-1.83445
 20
-3.59834
 30
0.0
 10
-1.83445
 20
-3.59834
 30
0.0
 10
-1.83445
 20
-3.59834
 30
0.0
 10
-1.8415
 20
-3.60892
 30
0.0
 10
-1.8415
 20
-3.60892
 30
0.0
 10
-1.8415
 20
-3.60892
 30
0.0
 10
-1.8415
 20
-3.60892
 30
0.0
 10
-1.85209
 20
-3.6195
 30
0.0
 10
-1.85209
 20
-3.6195
 30
0.0
 10
-1.85209
 20
-3.6195
 30
0.0
 10
-1.85209
 20
-3.6195
 30
0.0
 10
-1.8662
 20
-3.62656
 30
0.0
 10
-1.8662
 20
-3.62656
 30
0.0
 10
-1.8662
 20
-3.62656
 30
0.0
 10
-1.8662
 20
-3.62656
 30
0.0
 10
-1.87678
 20
-3.62656
 30
0.0
 10
-1.87678
 20
-3.62656
 30
0.0
  0
SPLINE
  5
1D2
330
1F
100
AcDbEntity
  8
Layer 1
370
    25
100
AcDbSpline
210
0.0
220
0.0
230
1.0
 70
    24
 71
     3
 72
     8
 73
     4
 74
     0
 42
0.000000001
 43
0.0000000001
 40
0.0
 40
0.0
 40
0.0
 40
0.0
 40
1.0
 40
1.0
 40
1.0
 40
1.0
 10
-1.92617
 20
-3.5807
 30
0.0
 10
-1.92617
 20
-3.5807
 30
0.0
 10
-1.92264
 20
-3.5807
 30
0.0
 10
-1.92264
 20
-3.5807
 30
0.0
  0
SPLINE
  5
1D3
330
1F
100
AcDbEntity
  8
Layer 1
370
    25
100
AcDbSpline
210
0.0
220
0.0
230
1.0
 70
     8
 71
     3
 72
    24
 73
    20
 74
     0
 42
0.000000001
 43
0.0000000001
 40
0.0
 40
0.0
 40
0.0
 40
0.0
 40
0.1666666666666667
 40
0.1666666666666667
 40
0.1666666666666667
 40
0.1666666766666667
 40
0.3333333333333333
 40
0.3333333333333333
 40
0.3333333333333333
 40
0.3333333433333333
 40
0.5
 40
0.5
 40
0.5
 40
0.50000001
 40
0.6666666666666666
 40
0.6666666666666666
 40
0.6666666666666666
 40
0.6666666766666667
 40
1.0
 40
1.0
 40
1.0
 40
1.0
 10
-1.87678
 20
-3.62656
 30
0.0
 10
-1.87678
 20
-3.62656
 30
0.0
 10
-1.89089
 20
-3.62303
 30
0.0
 10
-1.89089
 20
-3.62303
 30
0.0
 10
-1.89089
 20
-3.62303
 30
0.0
 10
-1.89089
 20
-3.62303
 30
0.0
 10
-1.905
 20
-3.61598
 30
0.0
 10
-1.905
 20
-3.61598
 30
0.0
 10
-1.905
 20
-3.61598
 30
0.0
 10
-1.905
 20
-3.61598
 30
0.0
 10
-1.91559
 20
-3.60539
 30
0.0
 10
-1.91559
 20
-3.60539
 30
0.0
 10
-1.91559
 20
-3.60539
 30
0.0
 10
-1.91559
 20
-3.60539
 30
0.0
 10
-1.92264
 20
-3.59128
 30
0.0
 10
-1.92264
 20
-3.59128
 30
0.0
 10
-1.92264
 20
-3.59128
 30
0.0
 10
-1.92264
 20
-3.59128
 30
0.0
 10
-1.92264
 20
-3.5807
 30
0.0
 10
-1.92264
 20
-3.5807
 30
0.0
  0
SPLINE
  5
1D4
330
1F
100
AcDbEntity
  8
Layer 1
370
    25
100
AcDbSpline
210
0.0
220
0.0
230
1.0
 70
    24
 71
     3
 72
     8
 73
     4
 74
     0
 42
0.000000001
 43
0.0000000001
 40
0.0
 40
0.0
 40
0.0
 40
0.0
 40
1.0
 40
1.0
 40
1.0
 40
1.0
 10
-1.92617
 20
-3.46781
 30
0.0
 10
-1.92617
 20
-3.46781
 30
0.0
 10
-1.92264
 20
-3.46781
 30
0.0
 10
-1.92264
 20
-3.46781
 30
0.0
  0
SPLINE
  5
1D5
330
1F
100
AcDbEntity
  8
Layer 1
370
    25
100
AcDbSpline
210
0.0
220
0.0
230
1.0
 70
    24
 71
     3
 72
     8
 73
     4
 74
     0
 42
0.000000001
 43
0.0000000001
 40
0.0
 40
0.0
 40
0.0
 40
0.0
 40
1.0
 40
1.0
 40
1.0
 40
1.0
 10
-1.92264
 20
-3.5807
 30
0.0
 10
-1.92264
 20
-3.5807
 30
0.0
 10
-1.92264
 20
-3.46781
 30
0.0
 10
-1.92264
 20
-3.46781
 30
0.0
  0
SPLINE
  5
1D6
330
1F
100
AcDbEntity
  8
Layer 1
370
    25
100
AcDbSpline
210
0.0
220
0.0
230
1.0
 70
    24
 71
     3
 72
     8
 73
     4
 74
     0
 42
0.000000001
 43
0.0000000001
 40
0.0
 40
0.0
 40
0.0
 40
0.0
 40
1.0
 40
1.0
 40
1.0
 40
1.0
 10
-1.87678
 20
-3.41842
 30
0.0
 10
-1.87678
 20
-3.41842
 30
0.0
 10
-1.87678
 20
-3.42195
 30
0.0
 10
-1.87678
 20
-3.42195
 30
0.0
  0
SPLINE
  5
1D7
330
1F
100
AcDbEntity
  8
Layer 1
370
    25
100
AcDbSpline
210
0.0
220
0.0
230
1.0
 70
     8
 71
     3
 72
    24
 73
    20
 74
     0
 42
0.000000001
 43
0.0000000001
 40
0.0
 40
0.0
 40
0.0
 40
0.0
 40
0.1666666666666667
 40
0.1666666666666667
 40
0.1666666666666667
 40
0.1666666766666667
 40
0.3333333333333333
 40
0.3333333333333333
 40
0.3333333333333333
 40
0.3333333433333333
 40
0.5
 40
0.5
 40
0.5
 40
0.50000001
 40
0.6666666666666666
 40
0.6666666666666666
 40
0.6666666666666666
 40
0.6666666766666667
 40
1.0
 40
1.0
 40
1.0
 40
1.0
 10
-1.92264
 20
-3.46781
 30
0.0
 10
-1.92264
 20
-3.46781
 30
0.0
 10
-1.91911
 20
-3.4537
 30
0.0
 10
-1.91911
 20
-3.4537
 30
0.0
 10
-1.91911
 20
-3.4537
 30
0.0
 10
-1.91911
 20
-3.4537
 30
0.0
 10
-1.91206
 20
-3.43959
 30
0.0
 10
-1.91206
 20
-3.43959
 30
0.0
 10
-1.91206
 20
-3.43959
 30
0.0
 10
-1.91206
 20
-3.43959
 30
0.0
 10
-1.90148
 20
-3.429
 30
0.0
 10
-1.90148
 20
-3.429
 30
0.0
 10
-1.90148
 20
-3.429
 30
0.0
 10
-1.90148
 20
-3.429
 30
0.0
 10
-1.88736
 20
-3.42195
 30
0.0
 10
-1.88736
 20
-3.42195
 30
0.0
 10
-1.88736
 20
-3.42195
 30
0.0
 10
-1.88736
 20
-3.42195
 30
0.0
 10
-1.87678
 20
-3.42195
 30
0.0
 10
-1.87678
 20
-3.42195
 30
0.0
  0
SPLINE
  5
1D8
330
1F
100
AcDbEntity
  8
Layer 1
370
    25
100
AcDbSpline
210
0.0
220
0.0
230
1.0
 70
     8
 71
     3
 72
    24
 73
    20
 74
     0
 42
0.000000001
 43
0.0000000001
 40
0.0
 40
0.0
 40
0.0
 40
0.0
 40
0.1666666666666667
 40
0.1666666666666667
 40
0.1666666666666667
 40
0.1666666766666667
 40
0.3333333333333333
 40
0.3333333333333333
 40
0.3333333333333333
 40
0.3333333433333333
 40
0.5
 40
0.5
 40
0.5
 40
0.50000001
 40
0.6666666666666666
 40
0.6666666666666666
 40
0.6666666666666666
 40
0.6666666766666667
 40
1.0
 40
1.0
 40
1.0
 40
1.0
 10
-1.87678
 20
-3.42195
 30
0.0
 10
-1.87678
 20
-3.42195
 30
0.0
 10
-1.86267
 20
-3.42548
 30
0.0
 10
-1.86267
 20
-3.42548
 30
0.0
 10
-1.86267
 20
-3.42548
 30
0.0
 10
-1.86267
 20
-3.42548
 30
0.0
 10
-1.84856
 20
-3.43253
 30
0.0
 10
-1.84856
 20
-3.43253
 30
0.0
 10
-1.84856
 20
-3.43253
 30
0.0
 10
-1.84856
 20
-3.43253
 30
0.0
 10
-1.83798
 20
-3.44312
 30
0.0
 10
-1.83798
 20
-3.44312
 30
0.0
 10
-1.83798
 20
-3.44312
 30
0.0
 10
-1.83798
 20
-3.44312
 30
0.0
 10
-1.83092
 20
-3.45723
 30
0.0
 10
-1.83092
 20
-3.45723
 30
0.0
 10
-1.83092
 20
-3.45723
 30
0.0
 10
-1.83092
 20
-3.45723
 30
0.0
 10
-1.83092
 20
-3.46781
 30
0.0
 10
-1.83092
 20
-3.46781
 30
0.0
  0
SPLINE
  5
1D9
330
1F
100
AcDbEntity
  8
Layer 1
370
    25
100
AcDbSpline
210
0.0
220
0.0
230
1.0
 70
    24
 71
     3
 72
     8
 73
     4
 74
     0
 42
0.000000001
 43
0.0000000001
 40
0.0
 40
0.0
 40
0.0
 40
0.0
 40
1.0
 40
1.0
 40
1.0
 40
1.0
 10
-0.92781
 20
-3.37256
 30
0.0
 10
-0.92781
 20
-3.37256
 30
0.0
 10
-0.889
 20
-3.37256
 30
0.0
 10
-0.889
 20
-3.37256
 30
0.0
  0
SPLINE
  5
1DA
330
1F
100
AcDbEntity
  8
Layer 1
370
    25
100
AcDbSpline
210
0.0
220
0.0
230
1.0
 70
    24
 71
     3
 72
     8
 73
     4
 74
     0
 42
0.000000001
 43
0.0000000001
 40
0.0
 40
0.0
 40
0.0
 40
0.0
 40
1.0
 40
1.0
 40
1.0
 40
1.0
 10
-0.889
 20
-3.37256
 30
0.0
 10
-0.889
 20
-3.37256
 30
0.0
 10
-0.88548
 20
-3.37609
 30
0.0
 10
-0.88548
 20
-3.37609
 30
0.0
  0
SPLINE
  5
1DB
330
1F
100
AcDbEntity
  8
Layer 1
370
    25
100
AcDbSpline
210
0.0
220
0.0
230
1.0
 70
    24
 71
     3
 72
     8
 73
     4
 74
     0
 42
0.000000001
 43
0.0000000001
 40
0.0
 40
0.0
 40
0.0
 40
0.0
 40
1.0
 40
1.0
 40
1.0
 40
1.0
 10
-0.93134
 20
-3.37609
 30
0.0
 10
-0.93134
 20
-3.37609
 30
0.0
 10
-0.88548
 20
-3.37609
 30
0.0
 10
-0.88548
 20
-3.37609
 30
0.0
  0
SPLINE
  5
1DC
330
1F
100
AcDbEntity
  8
Layer 1
370
    25
100
AcDbSpline
210
0.0
220
0.0
230
1.0
 70
    24
 71
     3
 72
     8
 73
     4
 74
     0
 42
0.000000001
 43
0.0000000001
 40
0.0
 40
0.0
 40
0.0
 40
0.0
 40
1.0
 40
1.0
 40
1.0
 40
1.0
 10
-0.889
 20
-3.37256
 30
0.0
 10
-0.889
 20
-3.37256
 30
0.0
 10
-0.889
 20
-3.34434
 30
0.0
 10
-0.889
 20
-3.34434
 30
0.0
  0
SPLINE
  5
1DD
330
1F
100
AcDbEntity
  8
Layer 1
370
    25
100
AcDbSpline
210
0.0
220
0.0
230
1.0
 70
    24
 71
     3
 72
     8
 73
     4
 74
     0
 42
0.000000001
 43
0.0000000001
 40
0.0
 40
0.0
 40
0.0
 40
0.0
 40
1.0
 40
1.0
 40
1.0
 40
1.0
 10
-0.889
 20
-3.34434
 30
0.0
 10
-0.889
 20
-3.34434
 30
0.0
 10
-0.88548
 20
-3.34081
 30
0.0
 10
-0.88548
 20
-3.34081
 30
0.0
  0
SPLINE
  5
1DE
330
1F
100
AcDbEntity
  8
Layer 1
370
    25
100
AcDbSpline
210
0.0
220
0.0
230
1.0
 70
    24
 71
     3
 72
     8
 73
     4
 74
     0
 42
0.000000001
 43
0.0000000001
 40
0.0
 40
0.0
 40
0.0
 40
0.0
 40
1.0
 40
1.0
 40
1.0
 40
1.0
 10
-0.88548
 20
-3.37609
 30
0.0
 10
-0.88548
 20
-3.37609
 30
0.0
 10
-0.88548
 20
-3.34081
 30
0.0
 10
-0.88548
 20
-3.34081
 30
0.0
  0
SPLINE
  5
1DF
330
1F
100
AcDbEntity
  8
Layer 1
370
    25
100
AcDbSpline
210
0.0
220
0.0
230
1.0
 70
    24
 71
     3
 72
     8
 73
     4
 74
     0
 42
0.000000001
 43
0.0000000001
 40
0.0
 40
0.0
 40
0.0
 40
0.0
 40
1.0
 40
1.0
 40
1.0
 40
1.0
 10
-0.889
 20
-3.34434
 30
0.0
 10
-0.889
 20
-3.34434
 30
0.0
 10
-0.92781
 20
-3.34434
 30
0.0
 10
-0.92781
 20
-3.34434
 30
0.0
  0
SPLINE
  5
1E0
330
1F
100
AcDbEntity
  8
Layer 1
370
    25
100
AcDbSpline
210
0.0
220
0.0
230
1.0
 70
    24
 71
     3
 72
     8
 73
     4
 74
     0
 42
0.000000001
 43
0.0000000001
 40
0.0
 40
0.0
 40
0.0
 40
0.0
 40
1.0
 40
1.0
 40
1.0
 40
1.0
 10
-0.88548
 20
-3.34081
 30
0.0
 10
-0.88548
 20
-3.34081
 30
0.0
 10
-0.93134
 20
-3.34081
 30
0.0
 10
-0.93134
 20
-3.34081
 30
0.0
  0
SPLINE
  5
1E1
330
1F
100
AcDbEntity
  8
Layer 1
370
    25
100
AcDbSpline
210
0.0
220
0.0
230
1.0
 70
    24
 71
     3
 72
     8
 73
     4
 74
     0
 42
0.000000001
 43
0.0000000001
 40
0.0
 40
0.0
 40
0.0
 40
0.0
 40
1.0
 40
1.0
 40
1.0
 40
1.0
 10
-1.65453
 20
-3.40078
 30
0.0
 10
-1.65453
 20
-3.40078
 30
0.0
 10
-1.67923
 20
-3.40078
 30
0.0
 10
-1.67923
 20
-3.40078
 30
0.0
  0
SPLINE
  5
1E2
330
1F
100
AcDbEntity
  8
Layer 1
370
    25
100
AcDbSpline
210
0.0
220
0.0
230
1.0
 70
    24
 71
     3
 72
     8
 73
     4
 74
     0
 42
0.000000001
 43
0.0000000001
 40
0.0
 40
0.0
 40
0.0
 40
0.0
 40
1.0
 40
1.0
 40
1.0
 40
1.0
 10
-1.86267
 20
-3.40078
 30
0.0
 10
-1.86267
 20
-3.40078
 30
0.0
 10
-1.89089
 20
-3.40078
 30
0.0
 10
-1.89089
 20
-3.40078
 30
0.0
  0
SPLINE
  5
1E3
330
1F
100
AcDbEntity
  8
Layer 1
370
    25
100
AcDbSpline
210
0.0
220
0.0
230
1.0
 70
    24
 71
     3
 72
     8
 73
     4
 74
     0
 42
0.000000001
 43
0.0000000001
 40
0.0
 40
0.0
 40
0.0
 40
0.0
 40
1.0
 40
1.0
 40
1.0
 40
1.0
 10
-1.25942
 20
-3.49956
 30
0.0
 10
-1.25942
 20
-3.49956
 30
0.0
 10
-1.25942
 20
-3.49603
 30
0.0
 10
-1.25942
 20
-3.49603
 30
0.0
  0
SPLINE
  5
1E4
330
1F
100
AcDbEntity
  8
Layer 1
370
    25
100
AcDbSpline
210
0.0
220
0.0
230
1.0
 70
     8
 71
     3
 72
    24
 73
    20
 74
     0
 42
0.000000001
 43
0.0000000001
 40
0.0
 40
0.0
 40
0.0
 40
0.0
 40
0.1666666666666667
 40
0.1666666666666667
 40
0.1666666666666667
 40
0.1666666766666667
 40
0.3333333333333333
 40
0.3333333333333333
 40
0.3333333333333333
 40
0.3333333433333333
 40
0.5
 40
0.5
 40
0.5
 40
0.50000001
 40
0.6666666666666666
 40
0.6666666666666666
 40
0.6666666666666666
 40
0.6666666766666667
 40
1.0
 40
1.0
 40
1.0
 40
1.0
 10
-1.25942
 20
-3.49603
 30
0.0
 10
-1.25942
 20
-3.49603
 30
0.0
 10
-1.28411
 20
-3.49956
 30
0.0
 10
-1.28411
 20
-3.49956
 30
0.0
 10
-1.28411
 20
-3.49956
 30
0.0
 10
-1.28411
 20
-3.49956
 30
0.0
 10
-1.30881
 20
-3.51014
 30
0.0
 10
-1.30881
 20
-3.51014
 30
0.0
 10
-1.30881
 20
-3.51014
 30
0.0
 10
-1.30881
 20
-3.51014
 30
0.0
 10
-1.32645
 20
-3.52778
 30
0.0
 10
-1.32645
 20
-3.52778
 30
0.0
 10
-1.32645
 20
-3.52778
 30
0.0
 10
-1.32645
 20
-3.52778
 30
0.0
 10
-1.33703
 20
-3.54542
 30
0.0
 10
-1.33703
 20
-3.54542
 30
0.0
 10
-1.33703
 20
-3.54542
 30
0.0
 10
-1.33703
 20
-3.54542
 30
0.0
 10
-1.33703
 20
-3.56306
 30
0.0
 10
-1.33703
 20
-3.56306
 30
0.0
  0
SPLINE
  5
1E5
330
1F
100
AcDbEntity
  8
Layer 1
370
    25
100
AcDbSpline
210
0.0
220
0.0
230
1.0
 70
    24
 71
     3
 72
     8
 73
     4
 74
     0
 42
0.000000001
 43
0.0000000001
 40
0.0
 40
0.0
 40
0.0
 40
0.0
 40
1.0
 40
1.0
 40
1.0
 40
1.0
 10
-1.96498
 20
-3.57717
 30
0.0
 10
-1.96498
 20
-3.57717
 30
0.0
 10
-1.9685
 20
-3.57717
 30
0.0
 10
-1.9685
 20
-3.57717
 30
0.0
  0
SPLINE
  5
1E6
330
1F
100
AcDbEntity
  8
Layer 1
370
    25
100
AcDbSpline
210
0.0
220
0.0
230
1.0
 70
    24
 71
     3
 72
     8
 73
     4
 74
     0
 42
0.000000001
 43
0.0000000001
 40
0.0
 40
0.0
 40
0.0
 40
0.0
 40
1.0
 40
1.0
 40
1.0
 40
1.0
 10
-1.9685
 20
-3.47134
 30
0.0
 10
-1.9685
 20
-3.47134
 30
0.0
 10
-1.9685
 20
-3.57717
 30
0.0
 10
-1.9685
 20
-3.57717
 30
0.0
  0
SPLINE
  5
1E7
330
1F
100
AcDbEntity
  8
Layer 1
370
    25
100
AcDbSpline
210
0.0
220
0.0
230
1.0
 70
    24
 71
     3
 72
     8
 73
     4
 74
     0
 42
0.000000001
 43
0.0000000001
 40
0.0
 40
0.0
 40
0.0
 40
0.0
 40
1.0
 40
1.0
 40
1.0
 40
1.0
 10
-1.89089
 20
-3.6442
 30
0.0
 10
-1.89089
 20
-3.6442
 30
0.0
 10
-1.89089
 20
-3.64773
 30
0.0
 10
-1.89089
 20
-3.64773
 30
0.0
  0
SPLINE
  5
1E8
330
1F
100
AcDbEntity
  8
Layer 1
370
    25
100
AcDbSpline
210
0.0
220
0.0
230
1.0
 70
     8
 71
     3
 72
    24
 73
    20
 74
     0
 42
0.000000001
 43
0.0000000001
 40
0.0
 40
0.0
 40
0.0
 40
0.0
 40
0.1666666666666667
 40
0.1666666666666667
 40
0.1666666666666667
 40
0.1666666766666667
 40
0.3333333333333333
 40
0.3333333333333333
 40
0.3333333333333333
 40
0.3333333433333333
 40
0.5
 40
0.5
 40
0.5
 40
0.50000001
 40
0.6666666666666666
 40
0.6666666666666666
 40
0.6666666666666666
 40
0.6666666766666667
 40
1.0
 40
1.0
 40
1.0
 40
1.0
 10
-1.9685
 20
-3.57717
 30
0.0
 10
-1.9685
 20
-3.57717
 30
0.0
 10
-1.96498
 20
-3.59834
 30
0.0
 10
-1.96498
 20
-3.59834
 30
0.0
 10
-1.96498
 20
-3.59834
 30
0.0
 10
-1.96498
 20
-3.59834
 30
0.0
 10
-1.95439
 20
-3.61598
 30
0.0
 10
-1.95439
 20
-3.61598
 30
0.0
 10
-1.95439
 20
-3.61598
 30
0.0
 10
-1.95439
 20
-3.61598
 30
0.0
 10
-1.93675
 20
-3.63362
 30
0.0
 10
-1.93675
 20
-3.63362
 30
0.0
 10
-1.93675
 20
-3.63362
 30
0.0
 10
-1.93675
 20
-3.63362
 30
0.0
 10
-1.91559
 20
-3.6442
 30
0.0
 10
-1.91559
 20
-3.6442
 30
0.0
 10
-1.91559
 20
-3.6442
 30
0.0
 10
-1.91559
 20
-3.6442
 30
0.0
 10
-1.89089
 20
-3.64773
 30
0.0
 10
-1.89089
 20
-3.64773
 30
0.0
  0
SPLINE
  5
1E9
330
1F
100
AcDbEntity
  8
Layer 1
370
    25
100
AcDbSpline
210
0.0
220
0.0
230
1.0
 70
    24
 71
     3
 72
     8
 73
     4
 74
     0
 42
0.000000001
 43
0.0000000001
 40
0.0
 40
0.0
 40
0.0
 40
0.0
 40
1.0
 40
1.0
 40
1.0
 40
1.0
 10
-1.86267
 20
-3.6442
 30
0.0
 10
-1.86267
 20
-3.6442
 30
0.0
 10
-1.86267
 20
-3.64773
 30
0.0
 10
-1.86267
 20
-3.64773
 30
0.0
  0
SPLINE
  5
1EA
330
1F
100
AcDbEntity
  8
Layer 1
370
    25
100
AcDbSpline
210
0.0
220
0.0
230
1.0
 70
    24
 71
     3
 72
     8
 73
     4
 74
     0
 42
0.000000001
 43
0.0000000001
 40
0.0
 40
0.0
 40
0.0
 40
0.0
 40
1.0
 40
1.0
 40
1.0
 40
1.0
 10
-1.89089
 20
-3.64773
 30
0.0
 10
-1.89089
 20
-3.64773
 30
0.0
 10
-1.86267
 20
-3.64773
 30
0.0
 10
-1.86267
 20
-3.64773
 30
0.0
  0
SPLINE
  5
1EB
330
1F
100
AcDbEntity
  8
Layer 1
370
    25
100
AcDbSpline
210
0.0
220
0.0
230
1.0
 70
    24
 71
     3
 72
     8
 73
     4
 74
     0
 42
0.000000001
 43
0.0000000001
 40
0.0
 40
0.0
 40
0.0
 40
0.0
 40
1.0
 40
1.0
 40
1.0
 40
1.0
 10
-1.79211
 20
-3.59481
 30
0.0
 10
-1.79211
 20
-3.59481
 30
0.0
 10
-1.78859
 20
-3.59481
 30
0.0
 10
-1.78859
 20
-3.59481
 30
0.0
  0
SPLINE
  5
1EC
330
1F
100
AcDbEntity
  8
Layer 1
370
    25
100
AcDbSpline
210
0.0
220
0.0
230
1.0
 70
     8
 71
     3
 72
    20
 73
    16
 74
     0
 42
0.000000001
 43
0.0000000001
 40
0.0
 40
0.0
 40
0.0
 40
0.0
 40
0.2
 40
0.2
 40
0.2
 40
0.20000001
 40
0.4
 40
0.4
 40
0.4
 40
0.40000001
 40
0.6
 40
0.6
 40
0.6
 40
0.60000001
 40
1.0
 40
1.0
 40
1.0
 40
1.0
 10
-1.86267
 20
-3.64773
 30
0.0
 10
-1.86267
 20
-3.64773
 30
0.0
 10
-1.83798
 20
-3.6442
 30
0.0
 10
-1.83798
 20
-3.6442
 30
0.0
 10
-1.83798
 20
-3.6442
 30
0.0
 10
-1.83798
 20
-3.6442
 30
0.0
 10
-1.81328
 20
-3.63009
 30
0.0
 10
-1.81328
 20
-3.63009
 30
0.0
 10
-1.81328
 20
-3.63009
 30
0.0
 10
-1.81328
 20
-3.63009
 30
0.0
 10
-1.79564
 20
-3.60892
 30
0.0
 10
-1.79564
 20
-3.60892
 30
0.0
 10
-1.79564
 20
-3.60892
 30
0.0
 10
-1.79564
 20
-3.60892
 30
0.0
 10
-1.78859
 20
-3.59481
 30
0.0
 10
-1.78859
 20
-3.59481
 30
0.0
  0
SPLINE
  5
1ED
330
1F
100
AcDbEntity
  8
Layer 1
370
    25
100
AcDbSpline
210
0.0
220
0.0
230
1.0
 70
    24
 71
     3
 72
     8
 73
     4
 74
     0
 42
0.000000001
 43
0.0000000001
 40
0.0
 40
0.0
 40
0.0
 40
0.0
 40
1.0
 40
1.0
 40
1.0
 40
1.0
 10
-1.78859
 20
-3.59481
 30
0.0
 10
-1.78859
 20
-3.59481
 30
0.0
 10
-1.83092
 20
-3.5807
 30
0.0
 10
-1.83092
 20
-3.5807
 30
0.0
  0
SPLINE
  5
1EE
330
1F
100
AcDbEntity
  8
Layer 1
370
    25
100
AcDbSpline
210
0.0
220
0.0
230
1.0
 70
    24
 71
     3
 72
     8
 73
     4
 74
     0
 42
0.000000001
 43
0.0000000001
 40
0.0
 40
0.0
 40
0.0
 40
0.0
 40
1.0
 40
1.0
 40
1.0
 40
1.0
 10
-1.19945
 20
-3.49956
 30
0.0
 10
-1.19945
 20
-3.49956
 30
0.0
 10
-1.20298
 20
-3.49603
 30
0.0
 10
-1.20298
 20
-3.49603
 30
0.0
  0
SPLINE
  5
1EF
330
1F
100
AcDbEntity
  8
Layer 1
370
    25
100
AcDbSpline
210
0.0
220
0.0
230
1.0
 70
    24
 71
     3
 72
     8
 73
     4
 74
     0
 42
0.000000001
 43
0.0000000001
 40
0.0
 40
0.0
 40
0.0
 40
0.0
 40
1.0
 40
1.0
 40
1.0
 40
1.0
 10
-1.20298
 20
-3.46428
 30
0.0
 10
-1.20298
 20
-3.46428
 30
0.0
 10
-1.20298
 20
-3.49603
 30
0.0
 10
-1.20298
 20
-3.49603
 30
0.0
  0
SPLINE
  5
1F0
330
1F
100
AcDbEntity
  8
Layer 1
370
    25
100
AcDbSpline
210
0.0
220
0.0
230
1.0
 70
    24
 71
     3
 72
     8
 73
     4
 74
     0
 42
0.000000001
 43
0.0000000001
 40
0.0
 40
0.0
 40
0.0
 40
0.0
 40
1.0
 40
1.0
 40
1.0
 40
1.0
 10
-1.20298
 20
-3.49603
 30
0.0
 10
-1.20298
 20
-3.49603
 30
0.0
 10
-1.25942
 20
-3.49603
 30
0.0
 10
-1.25942
 20
-3.49603
 30
0.0
  0
SPLINE
  5
1F1
330
1F
100
AcDbEntity
  8
Layer 1
370
    25
100
AcDbSpline
210
0.0
220
0.0
230
1.0
 70
    24
 71
     3
 72
    12
 73
     8
 74
     0
 42
0.000000001
 43
0.0000000001
 40
0.0
 40
0.0
 40
0.0
 40
0.0
 40
0.3333333333333333
 40
0.3333333333333333
 40
0.3333333333333333
 40
0.3333333433333333
 40
1.0
 40
1.0
 40
1.0
 40
1.0
 10
-2.03906
 20
-3.40431
 30
0.0
 10
-2.03906
 20
-3.40431
 30
0.0
 10
-2.03906
 20
-3.40431
 30
0.0
 10
-2.03906
 20
-3.40431
 30
0.0
 10
-2.03906
 20
-3.40431
 30
0.0
 10
-2.03906
 20
-3.40431
 30
0.0
 10
-2.03906
 20
-3.40784
 30
0.0
 10
-2.03906
 20
-3.40784
 30
0.0
  0
SPLINE
  5
1F2
330
1F
100
AcDbEntity
  8
Layer 1
370
    25
100
AcDbSpline
210
0.0
220
0.0
230
1.0
 70
     8
 71
     3
 72
    24
 73
    20
 74
     0
 42
0.000000001
 43
0.0000000001
 40
0.0
 40
0.0
 40
0.0
 40
0.0
 40
0.1666666666666667
 40
0.1666666666666667
 40
0.1666666666666667
 40
0.1666666766666667
 40
0.3333333333333333
 40
0.3333333333333333
 40
0.3333333333333333
 40
0.3333333433333333
 40
0.5
 40
0.5
 40
0.5
 40
0.50000001
 40
0.6666666666666666
 40
0.6666666666666666
 40
0.6666666666666666
 40
0.6666666766666667
 40
1.0
 40
1.0
 40
1.0
 40
1.0
 10
-2.08492
 20
-3.36198
 30
0.0
 10
-2.08492
 20
-3.36198
 30
0.0
 10
-2.07081
 20
-3.3655
 30
0.0
 10
-2.07081
 20
-3.3655
 30
0.0
 10
-2.07081
 20
-3.3655
 30
0.0
 10
-2.07081
 20
-3.3655
 30
0.0
 10
-2.0567
 20
-3.37256
 30
0.0
 10
-2.0567
 20
-3.37256
 30
0.0
 10
-2.0567
 20
-3.37256
 30
0.0
 10
-2.0567
 20
-3.37256
 30
0.0
 10
-2.04611
 20
-3.38314
 30
0.0
 10
-2.04611
 20
-3.38314
 30
0.0
 10
-2.04611
 20
-3.38314
 30
0.0
 10
-2.04611
 20
-3.38314
 30
0.0
 10
-2.04259
 20
-3.39725
 30
0.0
 10
-2.04259
 20
-3.39725
 30
0.0
 10
-2.04259
 20
-3.39725
 30
0.0
 10
-2.04259
 20
-3.39725
 30
0.0
 10
-2.03906
 20
-3.40784
 30
0.0
 10
-2.03906
 20
-3.40784
 30
0.0
  0
SPLINE
  5
1F3
330
1F
100
AcDbEntity
  8
Layer 1
370
    25
100
AcDbSpline
210
0.0
220
0.0
230
1.0
 70
    24
 71
     3
 72
     8
 73
     4
 74
     0
 42
0.000000001
 43
0.0000000001
 40
0.0
 40
0.0
 40
0.0
 40
0.0
 40
1.0
 40
1.0
 40
1.0
 40
1.0
 10
-2.03906
 20
-3.40784
 30
0.0
 10
-2.03906
 20
-3.40784
 30
0.0
 10
-1.99673
 20
-3.39725
 30
0.0
 10
-1.99673
 20
-3.39725
 30
0.0
  0
SPLINE
  5
1F4
330
1F
100
AcDbEntity
  8
Layer 1
370
    25
100
AcDbSpline
210
0.0
220
0.0
230
1.0
 70
    24
 71
     3
 72
     8
 73
     4
 74
     0
 42
0.000000001
 43
0.0000000001
 40
0.0
 40
0.0
 40
0.0
 40
0.0
 40
1.0
 40
1.0
 40
1.0
 40
1.0
 10
-6.01134
 20
-1.67217
 30
0.0
 10
-6.01134
 20
-1.67217
 30
0.0
 10
-2.1837
 20
-1.67217
 30
0.0
 10
-2.1837
 20
-1.67217
 30
0.0
  0
SPLINE
  5
1F5
330
1F
100
AcDbEntity
  8
Layer 1
370
    25
100
AcDbSpline
210
0.0
220
0.0
230
1.0
 70
     8
 71
     3
 72
    36
 73
    32
 74
     0
 42
0.000000001
 43
0.0000000001
 40
0.0
 40
0.0
 40
0.0
 40
0.0
 40
0.1111111111111111
 40
0.1111111111111111
 40
0.1111111111111111
 40
0.1111111211111111
 40
0.2222222222222222
 40
0.2222222222222222
 40
0.2222222222222222
 40
0.2222222322222222
 40
0.3333333333333333
 40
0.3333333333333333
 40
0.3333333333333333
 40
0.3333333433333333
 40
0.4444444444444444
 40
0.4444444444444444
 40
0.4444444444444444
 40
0.4444444544444444
 40
0.5555555555555556
 40
0.5555555555555556
 40
0.5555555555555556
 40
0.5555555655555556
 40
0.6666666666666666
 40
0.6666666666666666
 40
0.6666666666666666
 40
0.6666666766666667
 40
0.7777777777777778
 40
0.7777777777777778
 40
0.7777777777777778
 40
0.7777777877777778
 40
1.0
 40
1.0
 40
1.0
 40
1.0
 10
-2.1837
 20
-1.67217
 30
0.0
 10
-2.1837
 20
-1.67217
 30
0.0
 10
-2.1837
 20
-1.67217
 30
0.0
 10
-2.1837
 20
-1.67217
 30
0.0
 10
-2.1837
 20
-1.67217
 30
0.0
 10
-2.1837
 20
-1.67217
 30
0.0
 10
-2.18017
 20
-1.67217
 30
0.0
 10
-2.18017
 20
-1.67217
 30
0.0
 10
-2.18017
 20
-1.67217
 30
0.0
 10
-2.18017
 20
-1.67217
 30
0.0
 10
-2.18017
 20
-1.6757
 30
0.0
 10
-2.18017
 20
-1.6757
 30
0.0
 10
-2.18017
 20
-1.6757
 30
0.0
 10
-2.18017
 20
-1.6757
 30
0.0
 10
-2.17664
 20
-1.6757
 30
0.0
 10
-2.17664
 20
-1.6757
 30
0.0
 10
-2.17664
 20
-1.6757
 30
0.0
 10
-2.17664
 20
-1.6757
 30
0.0
 10
-2.17311
 20
-1.67923
 30
0.0
 10
-2.17311
 20
-1.67923
 30
0.0
 10
-2.17311
 20
-1.67923
 30
0.0
 10
-2.17311
 20
-1.67923
 30
0.0
 10
-2.16959
 20
-1.68275
 30
0.0
 10
-2.16959
 20
-1.68275
 30
0.0
 10
-2.16959
 20
-1.68275
 30
0.0
 10
-2.16959
 20
-1.68275
 30
0.0
 10
-2.16606
 20
-1.68628
 30
0.0
 10
-2.16606
 20
-1.68628
 30
0.0
 10
-2.16606
 20
-1.68628
 30
0.0
 10
-2.16606
 20
-1.68628
 30
0.0
 10
-2.16253
 20
-1.68981
 30
0.0
 10
-2.16253
 20
-1.68981
 30
0.0
  0
SPLINE
  5
1F6
330
1F
100
AcDbEntity
  8
Layer 1
370
    25
100
AcDbSpline
210
0.0
220
0.0
230
1.0
 70
    24
 71
     3
 72
     8
 73
     4
 74
     0
 42
0.000000001
 43
0.0000000001
 40
0.0
 40
0.0
 40
0.0
 40
0.0
 40
1.0
 40
1.0
 40
1.0
 40
1.0
 10
-2.16253
 20
-1.68981
 30
0.0
 10
-2.16253
 20
-1.68981
 30
0.0
 10
-6.02898
 20
-1.68981
 30
0.0
 10
-6.02898
 20
-1.68981
 30
0.0
  0
SPLINE
  5
1F7
330
1F
100
AcDbEntity
  8
Layer 1
370
    25
100
AcDbSpline
210
0.0
220
0.0
230
1.0
 70
     8
 71
     3
 72
    24
 73
    20
 74
     0
 42
0.000000001
 43
0.0000000001
 40
0.0
 40
0.0
 40
0.0
 40
0.0
 40
0.1666666666666667
 40
0.1666666666666667
 40
0.1666666666666667
 40
0.1666666766666667
 40
0.3333333333333333
 40
0.3333333333333333
 40
0.3333333333333333
 40
0.3333333433333333
 40
0.5
 40
0.5
 40
0.5
 40
0.50000001
 40
0.6666666666666666
 40
0.6666666666666666
 40
0.6666666666666666
 40
0.6666666766666667
 40
1.0
 40
1.0
 40
1.0
 40
1.0
 10
-6.02898
 20
-1.68981
 30
0.0
 10
-6.02898
 20
-1.68981
 30
0.0
 10
-6.02545
 20
-1.68628
 30
0.0
 10
-6.02545
 20
-1.68628
 30
0.0
 10
-6.02545
 20
-1.68628
 30
0.0
 10
-6.02545
 20
-1.68628
 30
0.0
 10
-6.02192
 20
-1.68275
 30
0.0
 10
-6.02192
 20
-1.68275
 30
0.0
 10
-6.02192
 20
-1.68275
 30
0.0
 10
-6.02192
 20
-1.68275
 30
0.0
 10
-6.01839
 20
-1.67923
 30
0.0
 10
-6.01839
 20
-1.67923
 30
0.0
 10
-6.01839
 20
-1.67923
 30
0.0
 10
-6.01839
 20
-1.67923
 30
0.0
 10
-6.01487
 20
-1.6757
 30
0.0
 10
-6.01487
 20
-1.6757
 30
0.0
 10
-6.01487
 20
-1.6757
 30
0.0
 10
-6.01487
 20
-1.6757
 30
0.0
 10
-6.01134
 20
-1.67217
 30
0.0
 10
-6.01134
 20
-1.67217
 30
0.0
  0
SPLINE
  5
1F8
330
1F
100
AcDbEntity
  8
Layer 1
370
    25
100
AcDbSpline
210
0.0
220
0.0
230
1.0
 70
    24
 71
     3
 72
     8
 73
     4
 74
     0
 42
0.000000001
 43
0.0000000001
 40
0.0
 40
0.0
 40
0.0
 40
0.0
 40
1.0
 40
1.0
 40
1.0
 40
1.0
 10
-8.32203
 20
7.70113
 30
0.0
 10
-8.32203
 20
7.70113
 30
0.0
 10
-8.32203
 20
-3.937
 30
0.0
 10
-8.32203
 20
-3.937
 30
0.0
  0
SPLINE
  5
1F9
330
1F
100
AcDbEntity
  8
Layer 1
370
    25
100
AcDbSpline
210
0.0
220
0.0
230
1.0
 70
     8
 71
     3
 72
    36
 73
    32
 74
     0
 42
0.000000001
 43
0.0000000001
 40
0.0
 40
0.0
 40
0.0
 40
0.0
 40
0.1111111111111111
 40
0.1111111111111111
 40
0.1111111111111111
 40
0.1111111211111111
 40
0.2222222222222222
 40
0.2222222222222222
 40
0.2222222222222222
 40
0.2222222322222222
 40
0.3333333333333333
 40
0.3333333333333333
 40
0.3333333333333333
 40
0.3333333433333333
 40
0.4444444444444444
 40
0.4444444444444444
 40
0.4444444444444444
 40
0.4444444544444444
 40
0.5555555555555556
 40
0.5555555555555556
 40
0.5555555555555556
 40
0.5555555655555556
 40
0.6666666666666666
 40
0.6666666666666666
 40
0.6666666666666666
 40
0.6666666766666667
 40
0.7777777777777778
 40
0.7777777777777778
 40
0.7777777777777778
 40
0.7777777877777778
 40
1.0
 40
1.0
 40
1.0
 40
1.0
 10
-8.05745
 20
7.96572
 30
0.0
 10
-8.05745
 20
7.96572
 30
0.0
 10
-8.10684
 20
7.96219
 30
0.0
 10
-8.10684
 20
7.96219
 30
0.0
 10
-8.10684
 20
7.96219
 30
0.0
 10
-8.10684
 20
7.96219
 30
0.0
 10
-8.15623
 20
7.94808
 30
0.0
 10
-8.15623
 20
7.94808
 30
0.0
 10
-8.15623
 20
7.94808
 30
0.0
 10
-8.15623
 20
7.94808
 30
0.0
 10
-8.20209
 20
7.92338
 30
0.0
 10
-8.20209
 20
7.92338
 30
0.0
 10
-8.20209
 20
7.92338
 30
0.0
 10
-8.20209
 20
7.92338
 30
0.0
 10
-8.24442
 20
7.88811
 30
0.0
 10
-8.24442
 20
7.88811
 30
0.0
 10
-8.24442
 20
7.88811
 30
0.0
 10
-8.24442
 20
7.88811
 30
0.0
 10
-8.27617
 20
7.8493
 30
0.0
 10
-8.27617
 20
7.8493
 30
0.0
 10
-8.27617
 20
7.8493
 30
0.0
 10
-8.27617
 20
7.8493
 30
0.0
 10
-8.30087
 20
7.80344
 30
0.0
 10
-8.30087
 20
7.80344
 30
0.0
 10
-8.30087
 20
7.80344
 30
0.0
 10
-8.30087
 20
7.80344
 30
0.0
 10
-8.31498
 20
7.75405
 30
0.0
 10
-8.31498
 20
7.75405
 30
0.0
 10
-8.31498
 20
7.75405
 30
0.0
 10
-8.31498
 20
7.75405
 30
0.0
 10
-8.32203
 20
7.70113
 30
0.0
 10
-8.32203
 20
7.70113
 30
0.0
  0
SPLINE
  5
1FA
330
1F
100
AcDbEntity
  8
Layer 1
370
    25
100
AcDbSpline
210
0.0
220
0.0
230
1.0
 70
    24
 71
     3
 72
     8
 73
     4
 74
     0
 42
0.000000001
 43
0.0000000001
 40
0.0
 40
0.0
 40
0.0
 40
0.0
 40
1.0
 40
1.0
 40
1.0
 40
1.0
 10
-0.13759
 20
7.96572
 30
0.0
 10
-0.13759
 20
7.96572
 30
0.0
 10
-8.05745
 20
7.96572
 30
0.0
 10
-8.05745
 20
7.96572
 30
0.0
  0
SPLINE
  5
1FB
330
1F
100
AcDbEntity
  8
Layer 1
370
    25
100
AcDbSpline
210
0.0
220
0.0
230
1.0
 70
     8
 71
     3
 72
    36
 73
    32
 74
     0
 42
0.000000001
 43
0.0000000001
 40
0.0
 40
0.0
 40
0.0
 40
0.0
 40
0.1111111111111111
 40
0.1111111111111111
 40
0.1111111111111111
 40
0.1111111211111111
 40
0.2222222222222222
 40
0.2222222222222222
 40
0.2222222222222222
 40
0.2222222322222222
 40
0.3333333333333333
 40
0.3333333333333333
 40
0.3333333333333333
 40
0.3333333433333333
 40
0.4444444444444444
 40
0.4444444444444444
 40
0.4444444444444444
 40
0.4444444544444444
 40
0.5555555555555556
 40
0.5555555555555556
 40
0.5555555555555556
 40
0.5555555655555556
 40
0.6666666666666666
 40
0.6666666666666666
 40
0.6666666666666666
 40
0.6666666766666667
 40
0.7777777777777778
 40
0.7777777777777778
 40
0.7777777777777778
 40
0.7777777877777778
 40
1.0
 40
1.0
 40
1.0
 40
1.0
 10
0.127
 20
7.70113
 30
0.0
 10
0.127
 20
7.70113
 30
0.0
 10
0.12347
 20
7.75405
 30
0.0
 10
0.12347
 20
7.75405
 30
0.0
 10
0.12347
 20
7.75405
 30
0.0
 10
0.12347
 20
7.75405
 30
0.0
 10
0.10936
 20
7.80344
 30
0.0
 10
0.10936
 20
7.80344
 30
0.0
 10
0.10936
 20
7.80344
 30
0.0
 10
0.10936
 20
7.80344
 30
0.0
 10
0.08466
 20
7.8493
 30
0.0
 10
0.08466
 20
7.8493
 30
0.0
 10
0.08466
 20
7.8493
 30
0.0
 10
0.08466
 20
7.8493
 30
0.0
 10
0.04939
 20
7.88811
 30
0.0
 10
0.04939
 20
7.88811
 30
0.0
 10
0.04939
 20
7.88811
 30
0.0
 10
0.04939
 20
7.88811
 30
0.0
 10
0.01058
 20
7.92338
 30
0.0
 10
0.01058
 20
7.92338
 30
0.0
 10
0.01058
 20
7.92338
 30
0.0
 10
0.01058
 20
7.92338
 30
0.0
 10
-0.03528
 20
7.94808
 30
0.0
 10
-0.03528
 20
7.94808
 30
0.0
 10
-0.03528
 20
7.94808
 30
0.0
 10
-0.03528
 20
7.94808
 30
0.0
 10
-0.08467
 20
7.96219
 30
0.0
 10
-0.08467
 20
7.96219
 30
0.0
 10
-0.08467
 20
7.96219
 30
0.0
 10
-0.08467
 20
7.96219
 30
0.0
 10
-0.13759
 20
7.96572
 30
0.0
 10
-0.13759
 20
7.96572
 30
0.0
  0
SPLINE
  5
1FC
330
1F
100
AcDbEntity
  8
Layer 1
370
    25
100
AcDbSpline
210
0.0
220
0.0
230
1.0
 70
    24
 71
     3
 72
     8
 73
     4
 74
     0
 42
0.000000001
 43
0.0000000001
 40
0.0
 40
0.0
 40
0.0
 40
0.0
 40
1.0
 40
1.0
 40
1.0
 40
1.0
 10
0.127
 20
-3.937
 30
0.0
 10
0.127
 20
-3.937
 30
0.0
 10
0.127
 20
7.70113
 30
0.0
 10
0.127
 20
7.70113
 30
0.0
  0
SPLINE
  5
1FD
330
1F
100
AcDbEntity
  8
Layer 1
370
    25
100
AcDbSpline
210
0.0
220
0.0
230
1.0
 70
     8
 71
     3
 72
    36
 73
    32
 74
     0
 42
0.000000001
 43
0.0000000001
 40
0.0
 40
0.0
 40
0.0
 40
0.0
 40
0.1111111111111111
 40
0.1111111111111111
 40
0.1111111111111111
 40
0.1111111211111111
 40
0.2222222222222222
 40
0.2222222222222222
 40
0.2222222222222222
 40
0.2222222322222222
 40
0.3333333333333333
 40
0.3333333333333333
 40
0.3333333333333333
 40
0.3333333433333333
 40
0.4444444444444444
 40
0.4444444444444444
 40
0.4444444444444444
 40
0.4444444544444444
 40
0.5555555555555556
 40
0.5555555555555556
 40
0.5555555555555556
 40
0.5555555655555556
 40
0.6666666666666666
 40
0.6666666666666666
 40
0.6666666666666666
 40
0.6666666766666667
 40
0.7777777777777778
 40
0.7777777777777778
 40
0.7777777777777778
 40
0.7777777877777778
 40
1.0
 40
1.0
 40
1.0
 40
1.0
 10
-0.13759
 20
-4.20159
 30
0.0
 10
-0.13759
 20
-4.20159
 30
0.0
 10
-0.08467
 20
-4.19806
 30
0.0
 10
-0.08467
 20
-4.19806
 30
0.0
 10
-0.08467
 20
-4.19806
 30
0.0
 10
-0.08467
 20
-4.19806
 30
0.0
 10
-0.03528
 20
-4.18042
 30
0.0
 10
-0.03528
 20
-4.18042
 30
0.0
 10
-0.03528
 20
-4.18042
 30
0.0
 10
-0.03528
 20
-4.18042
 30
0.0
 10
0.01058
 20
-4.15925
 30
0.0
 10
0.01058
 20
-4.15925
 30
0.0
 10
0.01058
 20
-4.15925
 30
0.0
 10
0.01058
 20
-4.15925
 30
0.0
 10
0.04939
 20
-4.12398
 30
0.0
 10
0.04939
 20
-4.12398
 30
0.0
 10
0.04939
 20
-4.12398
 30
0.0
 10
0.04939
 20
-4.12398
 30
0.0
 10
0.08466
 20
-4.08517
 30
0.0
 10
0.08466
 20
-4.08517
 30
0.0
 10
0.08466
 20
-4.08517
 30
0.0
 10
0.08466
 20
-4.08517
 30
0.0
 10
0.10936
 20
-4.03931
 30
0.0
 10
0.10936
 20
-4.03931
 30
0.0
 10
0.10936
 20
-4.03931
 30
0.0
 10
0.10936
 20
-4.03931
 30
0.0
 10
0.12347
 20
-3.98992
 30
0.0
 10
0.12347
 20
-3.98992
 30
0.0
 10
0.12347
 20
-3.98992
 30
0.0
 10
0.12347
 20
-3.98992
 30
0.0
 10
0.127
 20
-3.937
 30
0.0
 10
0.127
 20
-3.937
 30
0.0
  0
SPLINE
  5
1FE
330
1F
100
AcDbEntity
  8
Layer 1
370
    25
100
AcDbSpline
210
0.0
220
0.0
230
1.0
 70
    24
 71
     3
 72
     8
 73
     4
 74
     0
 42
0.000000001
 43
0.0000000001
 40
0.0
 40
0.0
 40
0.0
 40
0.0
 40
1.0
 40
1.0
 40
1.0
 40
1.0
 10
-8.05745
 20
-4.20159
 30
0.0
 10
-8.05745
 20
-4.20159
 30
0.0
 10
-0.13759
 20
-4.20159
 30
0.0
 10
-0.13759
 20
-4.20159
 30
0.0
  0
SPLINE
  5
1FF
330
1F
100
AcDbEntity
  8
Layer 1
370
    25
100
AcDbSpline
210
0.0
220
0.0
230
1.0
 70
     8
 71
     3
 72
    36
 73
    32
 74
     0
 42
0.000000001
 43
0.0000000001
 40
0.0
 40
0.0
 40
0.0
 40
0.0
 40
0.1111111111111111
 40
0.1111111111111111
 40
0.1111111111111111
 40
0.1111111211111111
 40
0.2222222222222222
 40
0.2222222222222222
 40
0.2222222222222222
 40
0.2222222322222222
 40
0.3333333333333333
 40
0.3333333333333333
 40
0.3333333333333333
 40
0.3333333433333333
 40
0.4444444444444444
 40
0.4444444444444444
 40
0.4444444444444444
 40
0.4444444544444444
 40
0.5555555555555556
 40
0.5555555555555556
 40
0.5555555555555556
 40
0.5555555655555556
 40
0.6666666666666666
 40
0.6666666666666666
 40
0.6666666666666666
 40
0.6666666766666667
 40
0.7777777777777778
 40
0.7777777777777778
 40
0.7777777777777778
 40
0.7777777877777778
 40
1.0
 40
1.0
 40
1.0
 40
1.0
 10
-8.32203
 20
-3.937
 30
0.0
 10
-8.32203
 20
-3.937
 30
0.0
 10
-8.31498
 20
-3.98992
 30
0.0
 10
-8.31498
 20
-3.98992
 30
0.0
 10
-8.31498
 20
-3.98992
 30
0.0
 10
-8.31498
 20
-3.98992
 30
0.0
 10
-8.30087
 20
-4.03931
 30
0.0
 10
-8.30087
 20
-4.03931
 30
0.0
 10
-8.30087
 20
-4.03931
 30
0.0
 10
-8.30087
 20
-4.03931
 30
0.0
 10
-8.27617
 20
-4.08517
 30
0.0
 10
-8.27617
 20
-4.08517
 30
0.0
 10
-8.27617
 20
-4.08517
 30
0.0
 10
-8.27617
 20
-4.08517
 30
0.0
 10
-8.24442
 20
-4.12398
 30
0.0
 10
-8.24442
 20
-4.12398
 30
0.0
 10
-8.24442
 20
-4.12398
 30
0.0
 10
-8.24442
 20
-4.12398
 30
0.0
 10
-8.20209
 20
-4.15925
 30
0.0
 10
-8.20209
 20
-4.15925
 30
0.0
 10
-8.20209
 20
-4.15925
 30
0.0
 10
-8.20209
 20
-4.15925
 30
0.0
 10
-8.15623
 20
-4.18042
 30
0.0
 10
-8.15623
 20
-4.18042
 30
0.0
 10
-8.15623
 20
-4.18042
 30
0.0
 10
-8.15623
 20
-4.18042
 30
0.0
 10
-8.10684
 20
-4.19806
 30
0.0
 10
-8.10684
 20
-4.19806
 30
0.0
 10
-8.10684
 20
-4.19806
 30
0.0
 10
-8.10684
 20
-4.19806
 30
0.0
 10
-8.05745
 20
-4.20159
 30
0.0
 10
-8.05745
 20
-4.20159
 30
0.0
  0
SPLINE
  5
200
330
1F
100
AcDbEntity
  8
Layer 1
370
    25
100
AcDbSpline
210
0.0
220
0.0
230
1.0
 70
    24
 71
     3
 72
     8
 73
     4
 74
     0
 42
0.000000001
 43
0.0000000001
 40
0.0
 40
0.0
 40
0.0
 40
0.0
 40
1.0
 40
1.0
 40
1.0
 40
1.0
 10
-2.16253
 20
5.45394
 30
0.0
 10
-2.16253
 20
5.45394
 30
0.0
 10
-2.16253
 20
-1.68981
 30
0.0
 10
-2.16253
 20
-1.68981
 30
0.0
  0
SPLINE
  5
201
330
1F
100
AcDbEntity
  8
Layer 1
370
    25
100
AcDbSpline
210
0.0
220
0.0
230
1.0
 70
    24
 71
     3
 72
     8
 73
     4
 74
     0
 42
0.000000001
 43
0.0000000001
 40
0.0
 40
0.0
 40
0.0
 40
0.0
 40
1.0
 40
1.0
 40
1.0
 40
1.0
 10
-6.02898
 20
5.45394
 30
0.0
 10
-6.02898
 20
5.45394
 30
0.0
 10
-2.16253
 20
5.45394
 30
0.0
 10
-2.16253
 20
5.45394
 30
0.0
  0
SPLINE
  5
202
330
1F
100
AcDbEntity
  8
Layer 1
370
    25
100
AcDbSpline
210
0.0
220
0.0
230
1.0
 70
    24
 71
     3
 72
     8
 73
     4
 74
     0
 42
0.000000001
 43
0.0000000001
 40
0.0
 40
0.0
 40
0.0
 40
0.0
 40
1.0
 40
1.0
 40
1.0
 40
1.0
 10
-6.02898
 20
-1.68981
 30
0.0
 10
-6.02898
 20
-1.68981
 30
0.0
 10
-6.02898
 20
5.45394
 30
0.0
 10
-6.02898
 20
5.45394
 30
0.0
  0
SPLINE
  5
203
330
1F
100
AcDbEntity
  8
Layer 1
370
    25
100
AcDbSpline
210
0.0
220
0.0
230
1.0
 70
     8
 71
     3
 72
    36
 73
    32
 74
     0
 42
0.000000001
 43
0.0000000001
 40
0.0
 40
0.0
 40
0.0
 40
0.0
 40
0.1111111111111111
 40
0.1111111111111111
 40
0.1111111111111111
 40
0.1111111211111111
 40
0.2222222222222222
 40
0.2222222222222222
 40
0.2222222222222222
 40
0.2222222322222222
 40
0.3333333333333333
 40
0.3333333333333333
 40
0.3333333333333333
 40
0.3333333433333333
 40
0.4444444444444444
 40
0.4444444444444444
 40
0.4444444444444444
 40
0.4444444544444444
 40
0.5555555555555556
 40
0.5555555555555556
 40
0.5555555555555556
 40
0.5555555655555556
 40
0.6666666666666666
 40
0.6666666666666666
 40
0.6666666666666666
 40
0.6666666766666667
 40
0.7777777777777778
 40
0.7777777777777778
 40
0.7777777777777778
 40
0.7777777877777778
 40
1.0
 40
1.0
 40
1.0
 40
1.0
 10
0.14816
 20
-3.937
 30
0.0
 10
0.14816
 20
-3.937
 30
0.0
 10
0.14111
 20
-3.99345
 30
0.0
 10
0.14111
 20
-3.99345
 30
0.0
 10
0.14111
 20
-3.99345
 30
0.0
 10
0.14111
 20
-3.99345
 30
0.0
 10
0.127
 20
-4.04637
 30
0.0
 10
0.127
 20
-4.04637
 30
0.0
 10
0.127
 20
-4.04637
 30
0.0
 10
0.127
 20
-4.04637
 30
0.0
 10
0.09877
 20
-4.09575
 30
0.0
 10
0.09877
 20
-4.09575
 30
0.0
 10
0.09877
 20
-4.09575
 30
0.0
 10
0.09877
 20
-4.09575
 30
0.0
 10
0.0635
 20
-4.13809
 30
0.0
 10
0.0635
 20
-4.13809
 30
0.0
 10
0.0635
 20
-4.13809
 30
0.0
 10
0.0635
 20
-4.13809
 30
0.0
 10
0.02116
 20
-4.17337
 30
0.0
 10
0.02116
 20
-4.17337
 30
0.0
 10
0.02116
 20
-4.17337
 30
0.0
 10
0.02116
 20
-4.17337
 30
0.0
 10
-0.02823
 20
-4.20159
 30
0.0
 10
-0.02823
 20
-4.20159
 30
0.0
 10
-0.02823
 20
-4.20159
 30
0.0
 10
-0.02823
 20
-4.20159
 30
0.0
 10
-0.08114
 20
-4.2157
 30
0.0
 10
-0.08114
 20
-4.2157
 30
0.0
 10
-0.08114
 20
-4.2157
 30
0.0
 10
-0.08114
 20
-4.2157
 30
0.0
 10
-0.13759
 20
-4.22275
 30
0.0
 10
-0.13759
 20
-4.22275
 30
0.0
  0
SPLINE
  5
204
330
1F
100
AcDbEntity
  8
Layer 1
370
    25
100
AcDbSpline
210
0.0
220
0.0
230
1.0
 70
    24
 71
     3
 72
    32
 73
    28
 74
     0
 42
0.000000001
 43
0.0000000001
 40
0.0
 40
0.0
 40
0.0
 40
0.0
 40
0.125
 40
0.125
 40
0.125
 40
0.12500001
 40
0.25
 40
0.25
 40
0.25
 40
0.25000001
 40
0.375
 40
0.375
 40
0.375
 40
0.37500001
 40
0.5
 40
0.5
 40
0.5
 40
0.50000001
 40
0.625
 40
0.625
 40
0.625
 40
0.62500001
 40
0.75
 40
0.75
 40
0.75
 40
0.75000001
 40
1.0
 40
1.0
 40
1.0
 40
1.0
 10
-0.13759
 20
-4.22275
 30
0.0
 10
-0.13759
 20
-4.22275
 30
0.0
 10
-0.13759
 20
-4.22275
 30
0.0
 10
-0.13759
 20
-4.22275
 30
0.0
 10
-0.13759
 20
-4.22275
 30
0.0
 10
-0.13759
 20
-4.22275
 30
0.0
 10
-0.13759
 20
-4.21923
 30
0.0
 10
-0.13759
 20
-4.21923
 30
0.0
 10
-0.13759
 20
-4.21923
 30
0.0
 10
-0.13759
 20
-4.21923
 30
0.0
 10
-0.13759
 20
-4.2157
 30
0.0
 10
-0.13759
 20
-4.2157
 30
0.0
 10
-0.13759
 20
-4.2157
 30
0.0
 10
-0.13759
 20
-4.2157
 30
0.0
 10
-0.13759
 20
-4.21217
 30
0.0
 10
-0.13759
 20
-4.21217
 30
0.0
 10
-0.13759
 20
-4.21217
 30
0.0
 10
-0.13759
 20
-4.21217
 30
0.0
 10
-0.13759
 20
-4.20864
 30
0.0
 10
-0.13759
 20
-4.20864
 30
0.0
 10
-0.13759
 20
-4.20864
 30
0.0
 10
-0.13759
 20
-4.20864
 30
0.0
 10
-0.13759
 20
-4.20512
 30
0.0
 10
-0.13759
 20
-4.20512
 30
0.0
 10
-0.13759
 20
-4.20512
 30
0.0
 10
-0.13759
 20
-4.20512
 30
0.0
 10
-0.13759
 20
-4.20159
 30
0.0
 10
-0.13759
 20
-4.20159
 30
0.0
  0
SPLINE
  5
205
330
1F
100
AcDbEntity
  8
Layer 1
370
    25
100
AcDbSpline
210
0.0
220
0.0
230
1.0
 70
    24
 71
     3
 72
    32
 73
    28
 74
     0
 42
0.000000001
 43
0.0000000001
 40
0.0
 40
0.0
 40
0.0
 40
0.0
 40
0.125
 40
0.125
 40
0.125
 40
0.12500001
 40
0.25
 40
0.25
 40
0.25
 40
0.25000001
 40
0.375
 40
0.375
 40
0.375
 40
0.37500001
 40
0.5
 40
0.5
 40
0.5
 40
0.50000001
 40
0.625
 40
0.625
 40
0.625
 40
0.62500001
 40
0.75
 40
0.75
 40
0.75
 40
0.75000001
 40
1.0
 40
1.0
 40
1.0
 40
1.0
 10
0.14816
 20
-3.937
 30
0.0
 10
0.14816
 20
-3.937
 30
0.0
 10
0.14816
 20
-3.937
 30
0.0
 10
0.14816
 20
-3.937
 30
0.0
 10
0.14816
 20
-3.937
 30
0.0
 10
0.14816
 20
-3.937
 30
0.0
 10
0.14464
 20
-3.937
 30
0.0
 10
0.14464
 20
-3.937
 30
0.0
 10
0.14464
 20
-3.937
 30
0.0
 10
0.14464
 20
-3.937
 30
0.0
 10
0.14111
 20
-3.937
 30
0.0
 10
0.14111
 20
-3.937
 30
0.0
 10
0.14111
 20
-3.937
 30
0.0
 10
0.14111
 20
-3.937
 30
0.0
 10
0.13758
 20
-3.937
 30
0.0
 10
0.13758
 20
-3.937
 30
0.0
 10
0.13758
 20
-3.937
 30
0.0
 10
0.13758
 20
-3.937
 30
0.0
 10
0.13405
 20
-3.937
 30
0.0
 10
0.13405
 20
-3.937
 30
0.0
 10
0.13405
 20
-3.937
 30
0.0
 10
0.13405
 20
-3.937
 30
0.0
 10
0.13052
 20
-3.937
 30
0.0
 10
0.13052
 20
-3.937
 30
0.0
 10
0.13052
 20
-3.937
 30
0.0
 10
0.13052
 20
-3.937
 30
0.0
 10
0.127
 20
-3.937
 30
0.0
 10
0.127
 20
-3.937
 30
0.0
  0
SPLINE
  5
206
330
1F
100
AcDbEntity
  8
Layer 1
370
    25
100
AcDbSpline
210
0.0
220
0.0
230
1.0
 70
    24
 71
     3
 72
     8
 73
     4
 74
     0
 42
0.000000001
 43
0.0000000001
 40
0.0
 40
0.0
 40
0.0
 40
0.0
 40
1.0
 40
1.0
 40
1.0
 40
1.0
 10
-0.13759
 20
-4.22275
 30
0.0
 10
-0.13759
 20
-4.22275
 30
0.0
 10
-8.05745
 20
-4.22275
 30
0.0
 10
-8.05745
 20
-4.22275
 30
0.0
  0
SPLINE
  5
207
330
1F
100
AcDbEntity
  8
Layer 1
370
    25
100
AcDbSpline
210
0.0
220
0.0
230
1.0
 70
    24
 71
     3
 72
    28
 73
    24
 74
     0
 42
0.000000001
 43
0.0000000001
 40
0.0
 40
0.0
 40
0.0
 40
0.0
 40
0.1428571428571428
 40
0.1428571428571428
 40
0.1428571428571428
 40
0.1428571528571428
 40
0.2857142857142857
 40
0.2857142857142857
 40
0.2857142857142857
 40
0.2857142957142857
 40
0.4285714285714285
 40
0.4285714285714285
 40
0.4285714285714285
 40
0.4285714385714285
 40
0.5714285714285714
 40
0.5714285714285714
 40
0.5714285714285714
 40
0.5714285814285714
 40
0.7142857142857143
 40
0.7142857142857143
 40
0.7142857142857143
 40
0.7142857242857144
 40
1.0
 40
1.0
 40
1.0
 40
1.0
 10
-8.05745
 20
-4.20159
 30
0.0
 10
-8.05745
 20
-4.20159
 30
0.0
 10
-8.05745
 20
-4.20512
 30
0.0
 10
-8.05745
 20
-4.20512
 30
0.0
 10
-8.05745
 20
-4.20512
 30
0.0
 10
-8.05745
 20
-4.20512
 30
0.0
 10
-8.05745
 20
-4.20864
 30
0.0
 10
-8.05745
 20
-4.20864
 30
0.0
 10
-8.05745
 20
-4.20864
 30
0.0
 10
-8.05745
 20
-4.20864
 30
0.0
 10
-8.05745
 20
-4.21217
 30
0.0
 10
-8.05745
 20
-4.21217
 30
0.0
 10
-8.05745
 20
-4.21217
 30
0.0
 10
-8.05745
 20
-4.21217
 30
0.0
 10
-8.05745
 20
-4.2157
 30
0.0
 10
-8.05745
 20
-4.2157
 30
0.0
 10
-8.05745
 20
-4.2157
 30
0.0
 10
-8.05745
 20
-4.2157
 30
0.0
 10
-8.05745
 20
-4.21923
 30
0.0
 10
-8.05745
 20
-4.21923
 30
0.0
 10
-8.05745
 20
-4.21923
 30
0.0
 10
-8.05745
 20
-4.21923
 30
0.0
 10
-8.05745
 20
-4.22275
 30
0.0
 10
-8.05745
 20
-4.22275
 30
0.0
  0
SPLINE
  5
208
330
1F
100
AcDbEntity
  8
Layer 1
370
    25
100
AcDbSpline
210
0.0
220
0.0
230
1.0
 70
     8
 71
     3
 72
    36
 73
    32
 74
     0
 42
0.000000001
 43
0.0000000001
 40
0.0
 40
0.0
 40
0.0
 40
0.0
 40
0.1111111111111111
 40
0.1111111111111111
 40
0.1111111111111111
 40
0.1111111211111111
 40
0.2222222222222222
 40
0.2222222222222222
 40
0.2222222222222222
 40
0.2222222322222222
 40
0.3333333333333333
 40
0.3333333333333333
 40
0.3333333333333333
 40
0.3333333433333333
 40
0.4444444444444444
 40
0.4444444444444444
 40
0.4444444444444444
 40
0.4444444544444444
 40
0.5555555555555556
 40
0.5555555555555556
 40
0.5555555555555556
 40
0.5555555655555556
 40
0.6666666666666666
 40
0.6666666666666666
 40
0.6666666666666666
 40
0.6666666766666667
 40
0.7777777777777778
 40
0.7777777777777778
 40
0.7777777777777778
 40
0.7777777877777778
 40
1.0
 40
1.0
 40
1.0
 40
1.0
 10
-0.13759
 20
7.98688
 30
0.0
 10
-0.13759
 20
7.98688
 30
0.0
 10
-0.08114
 20
7.97983
 30
0.0
 10
-0.08114
 20
7.97983
 30
0.0
 10
-0.08114
 20
7.97983
 30
0.0
 10
-0.08114
 20
7.97983
 30
0.0
 10
-0.02823
 20
7.96572
 30
0.0
 10
-0.02823
 20
7.96572
 30
0.0
 10
-0.02823
 20
7.96572
 30
0.0
 10
-0.02823
 20
7.96572
 30
0.0
 10
0.02116
 20
7.9375
 30
0.0
 10
0.02116
 20
7.9375
 30
0.0
 10
0.02116
 20
7.9375
 30
0.0
 10
0.02116
 20
7.9375
 30
0.0
 10
0.0635
 20
7.90222
 30
0.0
 10
0.0635
 20
7.90222
 30
0.0
 10
0.0635
 20
7.90222
 30
0.0
 10
0.0635
 20
7.90222
 30
0.0
 10
0.09877
 20
7.85988
 30
0.0
 10
0.09877
 20
7.85988
 30
0.0
 10
0.09877
 20
7.85988
 30
0.0
 10
0.09877
 20
7.85988
 30
0.0
 10
0.127
 20
7.8105
 30
0.0
 10
0.127
 20
7.8105
 30
0.0
 10
0.127
 20
7.8105
 30
0.0
 10
0.127
 20
7.8105
 30
0.0
 10
0.14111
 20
7.75758
 30
0.0
 10
0.14111
 20
7.75758
 30
0.0
 10
0.14111
 20
7.75758
 30
0.0
 10
0.14111
 20
7.75758
 30
0.0
 10
0.14816
 20
7.70113
 30
0.0
 10
0.14816
 20
7.70113
 30
0.0
  0
SPLINE
  5
209
330
1F
100
AcDbEntity
  8
Layer 1
370
    25
100
AcDbSpline
210
0.0
220
0.0
230
1.0
 70
    24
 71
     3
 72
    32
 73
    28
 74
     0
 42
0.000000001
 43
0.0000000001
 40
0.0
 40
0.0
 40
0.0
 40
0.0
 40
0.125
 40
0.125
 40
0.125
 40
0.12500001
 40
0.25
 40
0.25
 40
0.25
 40
0.25000001
 40
0.375
 40
0.375
 40
0.375
 40
0.37500001
 40
0.5
 40
0.5
 40
0.5
 40
0.50000001
 40
0.625
 40
0.625
 40
0.625
 40
0.62500001
 40
0.75
 40
0.75
 40
0.75
 40
0.75000001
 40
1.0
 40
1.0
 40
1.0
 40
1.0
 10
0.14816
 20
7.70113
 30
0.0
 10
0.14816
 20
7.70113
 30
0.0
 10
0.14816
 20
7.70113
 30
0.0
 10
0.14816
 20
7.70113
 30
0.0
 10
0.14816
 20
7.70113
 30
0.0
 10
0.14816
 20
7.70113
 30
0.0
 10
0.14464
 20
7.70113
 30
0.0
 10
0.14464
 20
7.70113
 30
0.0
 10
0.14464
 20
7.70113
 30
0.0
 10
0.14464
 20
7.70113
 30
0.0
 10
0.14111
 20
7.70113
 30
0.0
 10
0.14111
 20
7.70113
 30
0.0
 10
0.14111
 20
7.70113
 30
0.0
 10
0.14111
 20
7.70113
 30
0.0
 10
0.13758
 20
7.70113
 30
0.0
 10
0.13758
 20
7.70113
 30
0.0
 10
0.13758
 20
7.70113
 30
0.0
 10
0.13758
 20
7.70113
 30
0.0
 10
0.13405
 20
7.70113
 30
0.0
 10
0.13405
 20
7.70113
 30
0.0
 10
0.13405
 20
7.70113
 30
0.0
 10
0.13405
 20
7.70113
 30
0.0
 10
0.13052
 20
7.70113
 30
0.0
 10
0.13052
 20
7.70113
 30
0.0
 10
0.13052
 20
7.70113
 30
0.0
 10
0.13052
 20
7.70113
 30
0.0
 10
0.127
 20
7.70113
 30
0.0
 10
0.127
 20
7.70113
 30
0.0
  0
SPLINE
  5
20A
330
1F
100
AcDbEntity
  8
Layer 1
370
    25
100
AcDbSpline
210
0.0
220
0.0
230
1.0
 70
    24
 71
     3
 72
    28
 73
    24
 74
     0
 42
0.000000001
 43
0.0000000001
 40
0.0
 40
0.0
 40
0.0
 40
0.0
 40
0.1428571428571428
 40
0.1428571428571428
 40
0.1428571428571428
 40
0.1428571528571428
 40
0.2857142857142857
 40
0.2857142857142857
 40
0.2857142857142857
 40
0.2857142957142857
 40
0.4285714285714285
 40
0.4285714285714285
 40
0.4285714285714285
 40
0.4285714385714285
 40
0.5714285714285714
 40
0.5714285714285714
 40
0.5714285714285714
 40
0.5714285814285714
 40
0.7142857142857143
 40
0.7142857142857143
 40
0.7142857142857143
 40
0.7142857242857144
 40
1.0
 40
1.0
 40
1.0
 40
1.0
 10
-0.13759
 20
7.98688
 30
0.0
 10
-0.13759
 20
7.98688
 30
0.0
 10
-0.13759
 20
7.98688
 30
0.0
 10
-0.13759
 20
7.98688
 30
0.0
 10
-0.13759
 20
7.98688
 30
0.0
 10
-0.13759
 20
7.98688
 30
0.0
 10
-0.13759
 20
7.98336
 30
0.0
 10
-0.13759
 20
7.98336
 30
0.0
 10
-0.13759
 20
7.98336
 30
0.0
 10
-0.13759
 20
7.98336
 30
0.0
 10
-0.13759
 20
7.97983
 30
0.0
 10
-0.13759
 20
7.97983
 30
0.0
 10
-0.13759
 20
7.97983
 30
0.0
 10
-0.13759
 20
7.97983
 30
0.0
 10
-0.13759
 20
7.9763
 30
0.0
 10
-0.13759
 20
7.9763
 30
0.0
 10
-0.13759
 20
7.9763
 30
0.0
 10
-0.13759
 20
7.9763
 30
0.0
 10
-0.13759
 20
7.96925
 30
0.0
 10
-0.13759
 20
7.96925
 30
0.0
 10
-0.13759
 20
7.96925
 30
0.0
 10
-0.13759
 20
7.96925
 30
0.0
 10
-0.13759
 20
7.96572
 30
0.0
 10
-0.13759
 20
7.96572
 30
0.0
  0
SPLINE
  5
20B
330
1F
100
AcDbEntity
  8
Layer 1
370
    25
100
AcDbSpline
210
0.0
220
0.0
230
1.0
 70
    24
 71
     3
 72
    24
 73
    20
 74
     0
 42
0.000000001
 43
0.0000000001
 40
0.0
 40
0.0
 40
0.0
 40
0.0
 40
0.1666666666666667
 40
0.1666666666666667
 40
0.1666666666666667
 40
0.1666666766666667
 40
0.3333333333333333
 40
0.3333333333333333
 40
0.3333333333333333
 40
0.3333333433333333
 40
0.5
 40
0.5
 40
0.5
 40
0.50000001
 40
0.6666666666666666
 40
0.6666666666666666
 40
0.6666666666666666
 40
0.6666666766666667
 40
1.0
 40
1.0
 40
1.0
 40
1.0
 10
-8.32203
 20
-3.937
 30
0.0
 10
-8.32203
 20
-3.937
 30
0.0
 10
-8.32556
 20
-3.937
 30
0.0
 10
-8.32556
 20
-3.937
 30
0.0
 10
-8.32556
 20
-3.937
 30
0.0
 10
-8.32556
 20
-3.937
 30
0.0
 10
-8.32909
 20
-3.937
 30
0.0
 10
-8.32909
 20
-3.937
 30
0.0
 10
-8.32909
 20
-3.937
 30
0.0
 10
-8.32909
 20
-3.937
 30
0.0
 10
-8.33262
 20
-3.937
 30
0.0
 10
-8.33262
 20
-3.937
 30
0.0
 10
-8.33262
 20
-3.937
 30
0.0
 10
-8.33262
 20
-3.937
 30
0.0
 10
-8.33614
 20
-3.937
 30
0.0
 10
-8.33614
 20
-3.937
 30
0.0
 10
-8.33614
 20
-3.937
 30
0.0
 10
-8.33614
 20
-3.937
 30
0.0
 10
-8.33967
 20
-3.937
 30
0.0
 10
-8.33967
 20
-3.937
 30
0.0
  0
SPLINE
  5
20C
330
1F
100
AcDbEntity
  8
Layer 1
370
    25
100
AcDbSpline
210
0.0
220
0.0
230
1.0
 70
    24
 71
     3
 72
     8
 73
     4
 74
     0
 42
0.000000001
 43
0.0000000001
 40
0.0
 40
0.0
 40
0.0
 40
0.0
 40
1.0
 40
1.0
 40
1.0
 40
1.0
 10
-8.33967
 20
-3.937
 30
0.0
 10
-8.33967
 20
-3.937
 30
0.0
 10
-8.33967
 20
7.70113
 30
0.0
 10
-8.33967
 20
7.70113
 30
0.0
  0
SPLINE
  5
20D
330
1F
100
AcDbEntity
  8
Layer 1
370
    25
100
AcDbSpline
210
0.0
220
0.0
230
1.0
 70
    24
 71
     3
 72
    24
 73
    20
 74
     0
 42
0.000000001
 43
0.0000000001
 40
0.0
 40
0.0
 40
0.0
 40
0.0
 40
0.1666666666666667
 40
0.1666666666666667
 40
0.1666666666666667
 40
0.1666666766666667
 40
0.3333333333333333
 40
0.3333333333333333
 40
0.3333333333333333
 40
0.3333333433333333
 40
0.5
 40
0.5
 40
0.5
 40
0.50000001
 40
0.6666666666666666
 40
0.6666666666666666
 40
0.6666666666666666
 40
0.6666666766666667
 40
1.0
 40
1.0
 40
1.0
 40
1.0
 10
-8.32203
 20
7.70113
 30
0.0
 10
-8.32203
 20
7.70113
 30
0.0
 10
-8.32556
 20
7.70113
 30
0.0
 10
-8.32556
 20
7.70113
 30
0.0
 10
-8.32556
 20
7.70113
 30
0.0
 10
-8.32556
 20
7.70113
 30
0.0
 10
-8.32909
 20
7.70113
 30
0.0
 10
-8.32909
 20
7.70113
 30
0.0
 10
-8.32909
 20
7.70113
 30
0.0
 10
-8.32909
 20
7.70113
 30
0.0
 10
-8.33262
 20
7.70113
 30
0.0
 10
-8.33262
 20
7.70113
 30
0.0
 10
-8.33262
 20
7.70113
 30
0.0
 10
-8.33262
 20
7.70113
 30
0.0
 10
-8.33614
 20
7.70113
 30
0.0
 10
-8.33614
 20
7.70113
 30
0.0
 10
-8.33614
 20
7.70113
 30
0.0
 10
-8.33614
 20
7.70113
 30
0.0
 10
-8.33967
 20
7.70113
 30
0.0
 10
-8.33967
 20
7.70113
 30
0.0
  0
SPLINE
  5
20E
330
1F
100
AcDbEntity
  8
Layer 1
370
    25
100
AcDbSpline
210
0.0
220
0.0
230
1.0
 70
    24
 71
     3
 72
    24
 73
    20
 74
     0
 42
0.000000001
 43
0.0000000001
 40
0.0
 40
0.0
 40
0.0
 40
0.0
 40
0.1666666666666667
 40
0.1666666666666667
 40
0.1666666666666667
 40
0.1666666766666667
 40
0.3333333333333333
 40
0.3333333333333333
 40
0.3333333333333333
 40
0.3333333433333333
 40
0.5
 40
0.5
 40
0.5
 40
0.50000001
 40
0.6666666666666666
 40
0.6666666666666666
 40
0.6666666666666666
 40
0.6666666766666667
 40
1.0
 40
1.0
 40
1.0
 40
1.0
 10
-8.05745
 20
7.96572
 30
0.0
 10
-8.05745
 20
7.96572
 30
0.0
 10
-8.05745
 20
7.96925
 30
0.0
 10
-8.05745
 20
7.96925
 30
0.0
 10
-8.05745
 20
7.96925
 30
0.0
 10
-8.05745
 20
7.96925
 30
0.0
 10
-8.05745
 20
7.9763
 30
0.0
 10
-8.05745
 20
7.9763
 30
0.0
 10
-8.05745
 20
7.9763
 30
0.0
 10
-8.05745
 20
7.9763
 30
0.0
 10
-8.05745
 20
7.97983
 30
0.0
 10
-8.05745
 20
7.97983
 30
0.0
 10
-8.05745
 20
7.97983
 30
0.0
 10
-8.05745
 20
7.97983
 30
0.0
 10
-8.05745
 20
7.98336
 30
0.0
 10
-8.05745
 20
7.98336
 30
0.0
 10
-8.05745
 20
7.98336
 30
0.0
 10
-8.05745
 20
7.98336
 30
0.0
 10
-8.05745
 20
7.98688
 30
0.0
 10
-8.05745
 20
7.98688
 30
0.0
  0
SPLINE
  5
20F
330
1F
100
AcDbEntity
  8
Layer 1
370
    25
100
AcDbSpline
210
0.0
220
0.0
230
1.0
 70
    24
 71
     3
 72
     8
 73
     4
 74
     0
 42
0.000000001
 43
0.0000000001
 40
0.0
 40
0.0
 40
0.0
 40
0.0
 40
1.0
 40
1.0
 40
1.0
 40
1.0
 10
-8.05745
 20
7.98688
 30
0.0
 10
-8.05745
 20
7.98688
 30
0.0
 10
-0.13759
 20
7.98688
 30
0.0
 10
-0.13759
 20
7.98688
 30
0.0
  0
SPLINE
  5
210
330
1F
100
AcDbEntity
  8
Layer 1
370
    25
100
AcDbSpline
210
0.0
220
0.0
230
1.0
 70
     8
 71
     3
 72
    36
 73
    32
 74
     0
 42
0.000000001
 43
0.0000000001
 40
0.0
 40
0.0
 40
0.0
 40
0.0
 40
0.1111111111111111
 40
0.1111111111111111
 40
0.1111111111111111
 40
0.1111111211111111
 40
0.2222222222222222
 40
0.2222222222222222
 40
0.2222222222222222
 40
0.2222222322222222
 40
0.3333333333333333
 40
0.3333333333333333
 40
0.3333333333333333
 40
0.3333333433333333
 40
0.4444444444444444
 40
0.4444444444444444
 40
0.4444444444444444
 40
0.4444444544444444
 40
0.5555555555555556
 40
0.5555555555555556
 40
0.5555555555555556
 40
0.5555555655555556
 40
0.6666666666666666
 40
0.6666666666666666
 40
0.6666666666666666
 40
0.6666666766666667
 40
0.7777777777777778
 40
0.7777777777777778
 40
0.7777777777777778
 40
0.7777777877777778
 40
1.0
 40
1.0
 40
1.0
 40
1.0
 10
-8.33967
 20
7.70113
 30
0.0
 10
-8.33967
 20
7.70113
 30
0.0
 10
-8.33614
 20
7.75758
 30
0.0
 10
-8.33614
 20
7.75758
 30
0.0
 10
-8.33614
 20
7.75758
 30
0.0
 10
-8.33614
 20
7.75758
 30
0.0
 10
-8.3185
 20
7.8105
 30
0.0
 10
-8.3185
 20
7.8105
 30
0.0
 10
-8.3185
 20
7.8105
 30
0.0
 10
-8.3185
 20
7.8105
 30
0.0
 10
-8.29381
 20
7.85988
 30
0.0
 10
-8.29381
 20
7.85988
 30
0.0
 10
-8.29381
 20
7.85988
 30
0.0
 10
-8.29381
 20
7.85988
 30
0.0
 10
-8.25853
 20
7.90222
 30
0.0
 10
-8.25853
 20
7.90222
 30
0.0
 10
-8.25853
 20
7.90222
 30
0.0
 10
-8.25853
 20
7.90222
 30
0.0
 10
-8.2162
 20
7.9375
 30
0.0
 10
-8.2162
 20
7.9375
 30
0.0
 10
-8.2162
 20
7.9375
 30
0.0
 10
-8.2162
 20
7.9375
 30
0.0
 10
-8.16681
 20
7.96572
 30
0.0
 10
-8.16681
 20
7.96572
 30
0.0
 10
-8.16681
 20
7.96572
 30
0.0
 10
-8.16681
 20
7.96572
 30
0.0
 10
-8.11389
 20
7.97983
 30
0.0
 10
-8.11389
 20
7.97983
 30
0.0
 10
-8.11389
 20
7.97983
 30
0.0
 10
-8.11389
 20
7.97983
 30
0.0
 10
-8.05745
 20
7.98688
 30
0.0
 10
-8.05745
 20
7.98688
 30
0.0
  0
SPLINE
  5
211
330
1F
100
AcDbEntity
  8
Layer 1
370
    25
100
AcDbSpline
210
0.0
220
0.0
230
1.0
 70
     8
 71
     3
 72
    24
 73
    20
 74
     0
 42
0.000000001
 43
0.0000000001
 40
0.0
 40
0.0
 40
0.0
 40
0.0
 40
0.1666666666666667
 40
0.1666666666666667
 40
0.1666666666666667
 40
0.1666666766666667
 40
0.3333333333333333
 40
0.3333333333333333
 40
0.3333333333333333
 40
0.3333333433333333
 40
0.5
 40
0.5
 40
0.5
 40
0.50000001
 40
0.6666666666666666
 40
0.6666666666666666
 40
0.6666666666666666
 40
0.6666666766666667
 40
1.0
 40
1.0
 40
1.0
 40
1.0
 10
-6.02898
 20
5.45394
 30
0.0
 10
-6.02898
 20
5.45394
 30
0.0
 10
-6.02545
 20
5.45041
 30
0.0
 10
-6.02545
 20
5.45041
 30
0.0
 10
-6.02545
 20
5.45041
 30
0.0
 10
-6.02545
 20
5.45041
 30
0.0
 10
-6.02192
 20
5.44688
 30
0.0
 10
-6.02192
 20
5.44688
 30
0.0
 10
-6.02192
 20
5.44688
 30
0.0
 10
-6.02192
 20
5.44688
 30
0.0
 10
-6.01839
 20
5.44336
 30
0.0
 10
-6.01839
 20
5.44336
 30
0.0
 10
-6.01839
 20
5.44336
 30
0.0
 10
-6.01839
 20
5.44336
 30
0.0
 10
-6.01487
 20
5.43983
 30
0.0
 10
-6.01487
 20
5.43983
 30
0.0
 10
-6.01487
 20
5.43983
 30
0.0
 10
-6.01487
 20
5.43983
 30
0.0
 10
-6.01134
 20
5.4363
 30
0.0
 10
-6.01134
 20
5.4363
 30
0.0
  0
SPLINE
  5
212
330
1F
100
AcDbEntity
  8
Layer 1
370
    25
100
AcDbSpline
210
0.0
220
0.0
230
1.0
 70
    24
 71
     3
 72
     8
 73
     4
 74
     0
 42
0.000000001
 43
0.0000000001
 40
0.0
 40
0.0
 40
0.0
 40
0.0
 40
1.0
 40
1.0
 40
1.0
 40
1.0
 10
-6.01134
 20
5.4363
 30
0.0
 10
-6.01134
 20
5.4363
 30
0.0
 10
-6.01134
 20
-1.67217
 30
0.0
 10
-6.01134
 20
-1.67217
 30
0.0
  0
SPLINE
  5
213
330
1F
100
AcDbEntity
  8
Layer 1
370
    25
100
AcDbSpline
210
0.0
220
0.0
230
1.0
 70
    24
 71
     3
 72
     8
 73
     4
 74
     0
 42
0.000000001
 43
0.0000000001
 40
0.0
 40
0.0
 40
0.0
 40
0.0
 40
1.0
 40
1.0
 40
1.0
 40
1.0
 10
-2.1837
 20
5.4363
 30
0.0
 10
-2.1837
 20
5.4363
 30
0.0
 10
-6.01134
 20
5.4363
 30
0.0
 10
-6.01134
 20
5.4363
 30
0.0
  0
SPLINE
  5
214
330
1F
100
AcDbEntity
  8
Layer 1
370
    25
100
AcDbSpline
210
0.0
220
0.0
230
1.0
 70
     8
 71
     3
 72
    36
 73
    32
 74
     0
 42
0.000000001
 43
0.0000000001
 40
0.0
 40
0.0
 40
0.0
 40
0.0
 40
0.1111111111111111
 40
0.1111111111111111
 40
0.1111111111111111
 40
0.1111111211111111
 40
0.2222222222222222
 40
0.2222222222222222
 40
0.2222222222222222
 40
0.2222222322222222
 40
0.3333333333333333
 40
0.3333333333333333
 40
0.3333333333333333
 40
0.3333333433333333
 40
0.4444444444444444
 40
0.4444444444444444
 40
0.4444444444444444
 40
0.4444444544444444
 40
0.5555555555555556
 40
0.5555555555555556
 40
0.5555555555555556
 40
0.5555555655555556
 40
0.6666666666666666
 40
0.6666666666666666
 40
0.6666666666666666
 40
0.6666666766666667
 40
0.7777777777777778
 40
0.7777777777777778
 40
0.7777777777777778
 40
0.7777777877777778
 40
1.0
 40
1.0
 40
1.0
 40
1.0
 10
-2.1837
 20
5.4363
 30
0.0
 10
-2.1837
 20
5.4363
 30
0.0
 10
-2.1837
 20
5.4363
 30
0.0
 10
-2.1837
 20
5.4363
 30
0.0
 10
-2.1837
 20
5.4363
 30
0.0
 10
-2.1837
 20
5.4363
 30
0.0
 10
-2.18017
 20
5.4363
 30
0.0
 10
-2.18017
 20
5.4363
 30
0.0
 10
-2.18017
 20
5.4363
 30
0.0
 10
-2.18017
 20
5.4363
 30
0.0
 10
-2.18017
 20
5.43983
 30
0.0
 10
-2.18017
 20
5.43983
 30
0.0
 10
-2.18017
 20
5.43983
 30
0.0
 10
-2.18017
 20
5.43983
 30
0.0
 10
-2.17664
 20
5.43983
 30
0.0
 10
-2.17664
 20
5.43983
 30
0.0
 10
-2.17664
 20
5.43983
 30
0.0
 10
-2.17664
 20
5.43983
 30
0.0
 10
-2.17311
 20
5.44336
 30
0.0
 10
-2.17311
 20
5.44336
 30
0.0
 10
-2.17311
 20
5.44336
 30
0.0
 10
-2.17311
 20
5.44336
 30
0.0
 10
-2.16959
 20
5.44688
 30
0.0
 10
-2.16959
 20
5.44688
 30
0.0
 10
-2.16959
 20
5.44688
 30
0.0
 10
-2.16959
 20
5.44688
 30
0.0
 10
-2.16606
 20
5.45041
 30
0.0
 10
-2.16606
 20
5.45041
 30
0.0
 10
-2.16606
 20
5.45041
 30
0.0
 10
-2.16606
 20
5.45041
 30
0.0
 10
-2.16253
 20
5.45394
 30
0.0
 10
-2.16253
 20
5.45394
 30
0.0
  0
SPLINE
  5
215
330
1F
100
AcDbEntity
  8
Layer 1
370
    25
100
AcDbSpline
210
0.0
220
0.0
230
1.0
 70
    24
 71
     3
 72
     8
 73
     4
 74
     0
 42
0.000000001
 43
0.0000000001
 40
0.0
 40
0.0
 40
0.0
 40
0.0
 40
1.0
 40
1.0
 40
1.0
 40
1.0
 10
0.14816
 20
7.70113
 30
0.0
 10
0.14816
 20
7.70113
 30
0.0
 10
0.14816
 20
-3.937
 30
0.0
 10
0.14816
 20
-3.937
 30
0.0
  0
SPLINE
  5
216
330
1F
100
AcDbEntity
  8
Layer 1
370
    25
100
AcDbSpline
210
0.0
220
0.0
230
1.0
 70
     8
 71
     3
 72
    36
 73
    32
 74
     0
 42
0.000000001
 43
0.0000000001
 40
0.0
 40
0.0
 40
0.0
 40
0.0
 40
0.1111111111111111
 40
0.1111111111111111
 40
0.1111111111111111
 40
0.1111111211111111
 40
0.2222222222222222
 40
0.2222222222222222
 40
0.2222222222222222
 40
0.2222222322222222
 40
0.3333333333333333
 40
0.3333333333333333
 40
0.3333333333333333
 40
0.3333333433333333
 40
0.4444444444444444
 40
0.4444444444444444
 40
0.4444444444444444
 40
0.4444444544444444
 40
0.5555555555555556
 40
0.5555555555555556
 40
0.5555555555555556
 40
0.5555555655555556
 40
0.6666666666666666
 40
0.6666666666666666
 40
0.6666666666666666
 40
0.6666666766666667
 40
0.7777777777777778
 40
0.7777777777777778
 40
0.7777777777777778
 40
0.7777777877777778
 40
1.0
 40
1.0
 40
1.0
 40
1.0
 10
-8.05745
 20
-4.22275
 30
0.0
 10
-8.05745
 20
-4.22275
 30
0.0
 10
-8.11389
 20
-4.2157
 30
0.0
 10
-8.11389
 20
-4.2157
 30
0.0
 10
-8.11389
 20
-4.2157
 30
0.0
 10
-8.11389
 20
-4.2157
 30
0.0
 10
-8.16681
 20
-4.20159
 30
0.0
 10
-8.16681
 20
-4.20159
 30
0.0
 10
-8.16681
 20
-4.20159
 30
0.0
 10
-8.16681
 20
-4.20159
 30
0.0
 10
-8.2162
 20
-4.17337
 30
0.0
 10
-8.2162
 20
-4.17337
 30
0.0
 10
-8.2162
 20
-4.17337
 30
0.0
 10
-8.2162
 20
-4.17337
 30
0.0
 10
-8.25853
 20
-4.13809
 30
0.0
 10
-8.25853
 20
-4.13809
 30
0.0
 10
-8.25853
 20
-4.13809
 30
0.0
 10
-8.25853
 20
-4.13809
 30
0.0
 10
-8.29381
 20
-4.09575
 30
0.0
 10
-8.29381
 20
-4.09575
 30
0.0
 10
-8.29381
 20
-4.09575
 30
0.0
 10
-8.29381
 20
-4.09575
 30
0.0
 10
-8.3185
 20
-4.04637
 30
0.0
 10
-8.3185
 20
-4.04637
 30
0.0
 10
-8.3185
 20
-4.04637
 30
0.0
 10
-8.3185
 20
-4.04637
 30
0.0
 10
-8.33614
 20
-3.99345
 30
0.0
 10
-8.33614
 20
-3.99345
 30
0.0
 10
-8.33614
 20
-3.99345
 30
0.0
 10
-8.33614
 20
-3.99345
 30
0.0
 10
-8.33967
 20
-3.937
 30
0.0
 10
-8.33967
 20
-3.937
 30
0.0
  0
SPLINE
  5
217
330
1F
100
AcDbEntity
  8
Layer 1
370
    25
100
AcDbSpline
210
0.0
220
0.0
230
1.0
 70
    24
 71
     3
 72
     8
 73
     4
 74
     0
 42
0.000000001
 43
0.0000000001
 40
0.0
 40
0.0
 40
0.0
 40
0.0
 40
1.0
 40
1.0
 40
1.0
 40
1.0
 10
-2.1837
 20
-1.67217
 30
0.0
 10
-2.1837
 20
-1.67217
 30
0.0
 10
-2.1837
 20
5.4363
 30
0.0
 10
-2.1837
 20
5.4363
 30
0.0
  0
SPLINE
  5
218
330
1F
100
AcDbEntity
  8
Layer 1
370
    25
100
AcDbSpline
210
0.0
220
0.0
230
1.0
 70
    24
 71
     3
 72
     8
 73
     4
 74
     0
 42
0.000000001
 43
0.0000000001
 40
0.0
 40
0.0
 40
0.0
 40
0.0
 40
1.0
 40
1.0
 40
1.0
 40
1.0
 10
-6.00781
 20
5.43277
 30
0.0
 10
-6.00781
 20
5.43277
 30
0.0
 10
-6.00781
 20
-1.66864
 30
0.0
 10
-6.00781
 20
-1.66864
 30
0.0
  0
SPLINE
  5
219
330
1F
100
AcDbEntity
  8
Layer 1
370
    25
100
AcDbSpline
210
0.0
220
0.0
230
1.0
 70
    24
 71
     3
 72
     8
 73
     4
 74
     0
 42
0.000000001
 43
0.0000000001
 40
0.0
 40
0.0
 40
0.0
 40
0.0
 40
1.0
 40
1.0
 40
1.0
 40
1.0
 10
-6.00781
 20
-1.66864
 30
0.0
 10
-6.00781
 20
-1.66864
 30
0.0
 10
-6.01134
 20
-1.67217
 30
0.0
 10
-6.01134
 20
-1.67217
 30
0.0
  0
SPLINE
  5
21A
330
1F
100
AcDbEntity
  8
Layer 1
370
    25
100
AcDbSpline
210
0.0
220
0.0
230
1.0
 70
    24
 71
     3
 72
     8
 73
     4
 74
     0
 42
0.000000001
 43
0.0000000001
 40
0.0
 40
0.0
 40
0.0
 40
0.0
 40
1.0
 40
1.0
 40
1.0
 40
1.0
 10
-6.00781
 20
5.43277
 30
0.0
 10
-6.00781
 20
5.43277
 30
0.0
 10
-6.01134
 20
5.4363
 30
0.0
 10
-6.01134
 20
5.4363
 30
0.0
  0
SPLINE
  5
21B
330
1F
100
AcDbEntity
  8
Layer 1
370
    25
100
AcDbSpline
210
0.0
220
0.0
230
1.0
 70
    24
 71
     3
 72
     8
 73
     4
 74
     0
 42
0.000000001
 43
0.0000000001
 40
0.0
 40
0.0
 40
0.0
 40
0.0
 40
1.0
 40
1.0
 40
1.0
 40
1.0
 10
-0.13759
 20
8.001
 30
0.0
 10
-0.13759
 20
8.001
 30
0.0
 10
-8.05745
 20
8.001
 30
0.0
 10
-8.05745
 20
8.001
 30
0.0
  0
SPLINE
  5
21C
330
1F
100
AcDbEntity
  8
Layer 1
370
    25
100
AcDbSpline
210
0.0
220
0.0
230
1.0
 70
    24
 71
     3
 72
     8
 73
     4
 74
     0
 42
0.000000001
 43
0.0000000001
 40
0.0
 40
0.0
 40
0.0
 40
0.0
 40
1.0
 40
1.0
 40
1.0
 40
1.0
 10
-0.13759
 20
7.98688
 30
0.0
 10
-0.13759
 20
7.98688
 30
0.0
 10
-0.13759
 20
8.001
 30
0.0
 10
-0.13759
 20
8.001
 30
0.0
  0
SPLINE
  5
21D
330
1F
100
AcDbEntity
  8
Layer 1
370
    25
100
AcDbSpline
210
0.0
220
0.0
230
1.0
 70
    24
 71
     3
 72
     8
 73
     4
 74
     0
 42
0.000000001
 43
0.0000000001
 40
0.0
 40
0.0
 40
0.0
 40
0.0
 40
1.0
 40
1.0
 40
1.0
 40
1.0
 10
-8.05745
 20
7.98688
 30
0.0
 10
-8.05745
 20
7.98688
 30
0.0
 10
-8.05745
 20
8.001
 30
0.0
 10
-8.05745
 20
8.001
 30
0.0
  0
SPLINE
  5
21E
330
1F
100
AcDbEntity
  8
Layer 1
370
    25
100
AcDbSpline
210
0.0
220
0.0
230
1.0
 70
    24
 71
     3
 72
     8
 73
     4
 74
     0
 42
0.000000001
 43
0.0000000001
 40
0.0
 40
0.0
 40
0.0
 40
0.0
 40
1.0
 40
1.0
 40
1.0
 40
1.0
 10
-2.18723
 20
5.43277
 30
0.0
 10
-2.18723
 20
5.43277
 30
0.0
 10
-6.00781
 20
5.43277
 30
0.0
 10
-6.00781
 20
5.43277
 30
0.0
  0
SPLINE
  5
21F
330
1F
100
AcDbEntity
  8
Layer 1
370
    25
100
AcDbSpline
210
0.0
220
0.0
230
1.0
 70
    24
 71
     3
 72
     8
 73
     4
 74
     0
 42
0.000000001
 43
0.0000000001
 40
0.0
 40
0.0
 40
0.0
 40
0.0
 40
1.0
 40
1.0
 40
1.0
 40
1.0
 10
-2.18723
 20
5.43277
 30
0.0
 10
-2.18723
 20
5.43277
 30
0.0
 10
-2.1837
 20
5.4363
 30
0.0
 10
-2.1837
 20
5.4363
 30
0.0
  0
SPLINE
  5
220
330
1F
100
AcDbEntity
  8
Layer 1
370
    25
100
AcDbSpline
210
0.0
220
0.0
230
1.0
 70
    24
 71
     3
 72
     8
 73
     4
 74
     0
 42
0.000000001
 43
0.0000000001
 40
0.0
 40
0.0
 40
0.0
 40
0.0
 40
1.0
 40
1.0
 40
1.0
 40
1.0
 10
0.16227
 20
-3.937
 30
0.0
 10
0.16227
 20
-3.937
 30
0.0
 10
0.16227
 20
7.70113
 30
0.0
 10
0.16227
 20
7.70113
 30
0.0
  0
SPLINE
  5
221
330
1F
100
AcDbEntity
  8
Layer 1
370
    25
100
AcDbSpline
210
0.0
220
0.0
230
1.0
 70
    24
 71
     3
 72
     8
 73
     4
 74
     0
 42
0.000000001
 43
0.0000000001
 40
0.0
 40
0.0
 40
0.0
 40
0.0
 40
1.0
 40
1.0
 40
1.0
 40
1.0
 10
0.14816
 20
-3.937
 30
0.0
 10
0.14816
 20
-3.937
 30
0.0
 10
0.16227
 20
-3.937
 30
0.0
 10
0.16227
 20
-3.937
 30
0.0
  0
SPLINE
  5
222
330
1F
100
AcDbEntity
  8
Layer 1
370
    25
100
AcDbSpline
210
0.0
220
0.0
230
1.0
 70
    24
 71
     3
 72
     8
 73
     4
 74
     0
 42
0.000000001
 43
0.0000000001
 40
0.0
 40
0.0
 40
0.0
 40
0.0
 40
1.0
 40
1.0
 40
1.0
 40
1.0
 10
0.14816
 20
7.70113
 30
0.0
 10
0.14816
 20
7.70113
 30
0.0
 10
0.16227
 20
7.70113
 30
0.0
 10
0.16227
 20
7.70113
 30
0.0
  0
SPLINE
  5
223
330
1F
100
AcDbEntity
  8
Layer 1
370
    25
100
AcDbSpline
210
0.0
220
0.0
230
1.0
 70
     8
 71
     3
 72
    36
 73
    32
 74
     0
 42
0.000000001
 43
0.0000000001
 40
0.0
 40
0.0
 40
0.0
 40
0.0
 40
0.1111111111111111
 40
0.1111111111111111
 40
0.1111111111111111
 40
0.1111111211111111
 40
0.2222222222222222
 40
0.2222222222222222
 40
0.2222222222222222
 40
0.2222222322222222
 40
0.3333333333333333
 40
0.3333333333333333
 40
0.3333333333333333
 40
0.3333333433333333
 40
0.4444444444444444
 40
0.4444444444444444
 40
0.4444444444444444
 40
0.4444444544444444
 40
0.5555555555555556
 40
0.5555555555555556
 40
0.5555555555555556
 40
0.5555555655555556
 40
0.6666666666666666
 40
0.6666666666666666
 40
0.6666666666666666
 40
0.6666666766666667
 40
0.7777777777777778
 40
0.7777777777777778
 40
0.7777777777777778
 40
0.7777777877777778
 40
1.0
 40
1.0
 40
1.0
 40
1.0
 10
0.16227
 20
7.70113
 30
0.0
 10
0.16227
 20
7.70113
 30
0.0
 10
0.15875
 20
7.76111
 30
0.0
 10
0.15875
 20
7.76111
 30
0.0
 10
0.15875
 20
7.76111
 30
0.0
 10
0.15875
 20
7.76111
 30
0.0
 10
0.14111
 20
7.81755
 30
0.0
 10
0.14111
 20
7.81755
 30
0.0
 10
0.14111
 20
7.81755
 30
0.0
 10
0.14111
 20
7.81755
 30
0.0
 10
0.11289
 20
7.87047
 30
0.0
 10
0.11289
 20
7.87047
 30
0.0
 10
0.11289
 20
7.87047
 30
0.0
 10
0.11289
 20
7.87047
 30
0.0
 10
0.07408
 20
7.9128
 30
0.0
 10
0.07408
 20
7.9128
 30
0.0
 10
0.07408
 20
7.9128
 30
0.0
 10
0.07408
 20
7.9128
 30
0.0
 10
0.03175
 20
7.95161
 30
0.0
 10
0.03175
 20
7.95161
 30
0.0
 10
0.03175
 20
7.95161
 30
0.0
 10
0.03175
 20
7.95161
 30
0.0
 10
-0.02117
 20
7.97983
 30
0.0
 10
-0.02117
 20
7.97983
 30
0.0
 10
-0.02117
 20
7.97983
 30
0.0
 10
-0.02117
 20
7.97983
 30
0.0
 10
-0.07761
 20
7.99747
 30
0.0
 10
-0.07761
 20
7.99747
 30
0.0
 10
-0.07761
 20
7.99747
 30
0.0
 10
-0.07761
 20
7.99747
 30
0.0
 10
-0.13759
 20
8.001
 30
0.0
 10
-0.13759
 20
8.001
 30
0.0
  0
SPLINE
  5
224
330
1F
100
AcDbEntity
  8
Layer 1
370
    25
100
AcDbSpline
210
0.0
220
0.0
230
1.0
 70
    24
 71
     3
 72
     8
 73
     4
 74
     0
 42
0.000000001
 43
0.0000000001
 40
0.0
 40
0.0
 40
0.0
 40
0.0
 40
1.0
 40
1.0
 40
1.0
 40
1.0
 10
-8.05745
 20
-4.22275
 30
0.0
 10
-8.05745
 20
-4.22275
 30
0.0
 10
-8.05745
 20
-4.23687
 30
0.0
 10
-8.05745
 20
-4.23687
 30
0.0
  0
SPLINE
  5
225
330
1F
100
AcDbEntity
  8
Layer 1
370
    25
100
AcDbSpline
210
0.0
220
0.0
230
1.0
 70
    24
 71
     3
 72
     8
 73
     4
 74
     0
 42
0.000000001
 43
0.0000000001
 40
0.0
 40
0.0
 40
0.0
 40
0.0
 40
1.0
 40
1.0
 40
1.0
 40
1.0
 10
-0.13759
 20
-4.22275
 30
0.0
 10
-0.13759
 20
-4.22275
 30
0.0
 10
-0.13759
 20
-4.23687
 30
0.0
 10
-0.13759
 20
-4.23687
 30
0.0
  0
SPLINE
  5
226
330
1F
100
AcDbEntity
  8
Layer 1
370
    25
100
AcDbSpline
210
0.0
220
0.0
230
1.0
 70
    24
 71
     3
 72
     8
 73
     4
 74
     0
 42
0.000000001
 43
0.0000000001
 40
0.0
 40
0.0
 40
0.0
 40
0.0
 40
1.0
 40
1.0
 40
1.0
 40
1.0
 10
-3.68653
 20
-4.23687
 30
0.0
 10
-3.68653
 20
-4.23687
 30
0.0
 10
-0.13759
 20
-4.23687
 30
0.0
 10
-0.13759
 20
-4.23687
 30
0.0
  0
SPLINE
  5
227
330
1F
100
AcDbEntity
  8
Layer 1
370
    25
100
AcDbSpline
210
0.0
220
0.0
230
1.0
 70
    24
 71
     3
 72
     8
 73
     4
 74
     0
 42
0.000000001
 43
0.0000000001
 40
0.0
 40
0.0
 40
0.0
 40
0.0
 40
1.0
 40
1.0
 40
1.0
 40
1.0
 10
-3.69006
 20
-4.23334
 30
0.0
 10
-3.69006
 20
-4.23334
 30
0.0
 10
-3.68653
 20
-4.23687
 30
0.0
 10
-3.68653
 20
-4.23687
 30
0.0
  0
SPLINE
  5
228
330
1F
100
AcDbEntity
  8
Layer 1
370
    25
100
AcDbSpline
210
0.0
220
0.0
230
1.0
 70
    24
 71
     3
 72
     8
 73
     4
 74
     0
 42
0.000000001
 43
0.0000000001
 40
0.0
 40
0.0
 40
0.0
 40
0.0
 40
1.0
 40
1.0
 40
1.0
 40
1.0
 10
-4.50145
 20
-4.23334
 30
0.0
 10
-4.50145
 20
-4.23334
 30
0.0
 10
-3.69006
 20
-4.23334
 30
0.0
 10
-3.69006
 20
-4.23334
 30
0.0
  0
SPLINE
  5
229
330
1F
100
AcDbEntity
  8
Layer 1
370
    25
100
AcDbSpline
210
0.0
220
0.0
230
1.0
 70
    24
 71
     3
 72
     8
 73
     4
 74
     0
 42
0.000000001
 43
0.0000000001
 40
0.0
 40
0.0
 40
0.0
 40
0.0
 40
1.0
 40
1.0
 40
1.0
 40
1.0
 10
-4.50498
 20
-4.23687
 30
0.0
 10
-4.50498
 20
-4.23687
 30
0.0
 10
-4.50145
 20
-4.23334
 30
0.0
 10
-4.50145
 20
-4.23334
 30
0.0
  0
SPLINE
  5
22A
330
1F
100
AcDbEntity
  8
Layer 1
370
    25
100
AcDbSpline
210
0.0
220
0.0
230
1.0
 70
    24
 71
     3
 72
     8
 73
     4
 74
     0
 42
0.000000001
 43
0.0000000001
 40
0.0
 40
0.0
 40
0.0
 40
0.0
 40
1.0
 40
1.0
 40
1.0
 40
1.0
 10
-8.05745
 20
-4.23687
 30
0.0
 10
-8.05745
 20
-4.23687
 30
0.0
 10
-4.50498
 20
-4.23687
 30
0.0
 10
-4.50498
 20
-4.23687
 30
0.0
  0
SPLINE
  5
22B
330
1F
100
AcDbEntity
  8
Layer 1
370
    25
100
AcDbSpline
210
0.0
220
0.0
230
1.0
 70
     8
 71
     3
 72
    36
 73
    32
 74
     0
 42
0.000000001
 43
0.0000000001
 40
0.0
 40
0.0
 40
0.0
 40
0.0
 40
0.1111111111111111
 40
0.1111111111111111
 40
0.1111111111111111
 40
0.1111111211111111
 40
0.2222222222222222
 40
0.2222222222222222
 40
0.2222222222222222
 40
0.2222222322222222
 40
0.3333333333333333
 40
0.3333333333333333
 40
0.3333333333333333
 40
0.3333333433333333
 40
0.4444444444444444
 40
0.4444444444444444
 40
0.4444444444444444
 40
0.4444444544444444
 40
0.5555555555555556
 40
0.5555555555555556
 40
0.5555555555555556
 40
0.5555555655555556
 40
0.6666666666666666
 40
0.6666666666666666
 40
0.6666666666666666
 40
0.6666666766666667
 40
0.7777777777777778
 40
0.7777777777777778
 40
0.7777777777777778
 40
0.7777777877777778
 40
1.0
 40
1.0
 40
1.0
 40
1.0
 10
-0.13759
 20
-4.23687
 30
0.0
 10
-0.13759
 20
-4.23687
 30
0.0
 10
-0.07761
 20
-4.23334
 30
0.0
 10
-0.07761
 20
-4.23334
 30
0.0
 10
-0.07761
 20
-4.23334
 30
0.0
 10
-0.07761
 20
-4.23334
 30
0.0
 10
-0.02117
 20
-4.2157
 30
0.0
 10
-0.02117
 20
-4.2157
 30
0.0
 10
-0.02117
 20
-4.2157
 30
0.0
 10
-0.02117
 20
-4.2157
 30
0.0
 10
0.03175
 20
-4.18748
 30
0.0
 10
0.03175
 20
-4.18748
 30
0.0
 10
0.03175
 20
-4.18748
 30
0.0
 10
0.03175
 20
-4.18748
 30
0.0
 10
0.07408
 20
-4.14867
 30
0.0
 10
0.07408
 20
-4.14867
 30
0.0
 10
0.07408
 20
-4.14867
 30
0.0
 10
0.07408
 20
-4.14867
 30
0.0
 10
0.11289
 20
-4.10281
 30
0.0
 10
0.11289
 20
-4.10281
 30
0.0
 10
0.11289
 20
-4.10281
 30
0.0
 10
0.11289
 20
-4.10281
 30
0.0
 10
0.14111
 20
-4.05342
 30
0.0
 10
0.14111
 20
-4.05342
 30
0.0
 10
0.14111
 20
-4.05342
 30
0.0
 10
0.14111
 20
-4.05342
 30
0.0
 10
0.15875
 20
-3.99698
 30
0.0
 10
0.15875
 20
-3.99698
 30
0.0
 10
0.15875
 20
-3.99698
 30
0.0
 10
0.15875
 20
-3.99698
 30
0.0
 10
0.16227
 20
-3.937
 30
0.0
 10
0.16227
 20
-3.937
 30
0.0
  0
SPLINE
  5
22C
330
1F
100
AcDbEntity
  8
Layer 1
370
    25
100
AcDbSpline
210
0.0
220
0.0
230
1.0
 70
    24
 71
     3
 72
     8
 73
     4
 74
     0
 42
0.000000001
 43
0.0000000001
 40
0.0
 40
0.0
 40
0.0
 40
0.0
 40
1.0
 40
1.0
 40
1.0
 40
1.0
 10
-8.35731
 20
7.70113
 30
0.0
 10
-8.35731
 20
7.70113
 30
0.0
 10
-8.35731
 20
-3.937
 30
0.0
 10
-8.35731
 20
-3.937
 30
0.0
  0
SPLINE
  5
22D
330
1F
100
AcDbEntity
  8
Layer 1
370
    25
100
AcDbSpline
210
0.0
220
0.0
230
1.0
 70
    24
 71
     3
 72
     8
 73
     4
 74
     0
 42
0.000000001
 43
0.0000000001
 40
0.0
 40
0.0
 40
0.0
 40
0.0
 40
1.0
 40
1.0
 40
1.0
 40
1.0
 10
-8.33967
 20
7.70113
 30
0.0
 10
-8.33967
 20
7.70113
 30
0.0
 10
-8.35731
 20
7.70113
 30
0.0
 10
-8.35731
 20
7.70113
 30
0.0
  0
SPLINE
  5
22E
330
1F
100
AcDbEntity
  8
Layer 1
370
    25
100
AcDbSpline
210
0.0
220
0.0
230
1.0
 70
    24
 71
     3
 72
     8
 73
     4
 74
     0
 42
0.000000001
 43
0.0000000001
 40
0.0
 40
0.0
 40
0.0
 40
0.0
 40
1.0
 40
1.0
 40
1.0
 40
1.0
 10
-8.33967
 20
-3.937
 30
0.0
 10
-8.33967
 20
-3.937
 30
0.0
 10
-8.35731
 20
-3.937
 30
0.0
 10
-8.35731
 20
-3.937
 30
0.0
  0
SPLINE
  5
22F
330
1F
100
AcDbEntity
  8
Layer 1
370
    25
100
AcDbSpline
210
0.0
220
0.0
230
1.0
 70
    24
 71
     3
 72
     8
 73
     4
 74
     0
 42
0.000000001
 43
0.0000000001
 40
0.0
 40
0.0
 40
0.0
 40
0.0
 40
1.0
 40
1.0
 40
1.0
 40
1.0
 10
-2.18723
 20
-1.66864
 30
0.0
 10
-2.18723
 20
-1.66864
 30
0.0
 10
-2.18723
 20
5.43277
 30
0.0
 10
-2.18723
 20
5.43277
 30
0.0
  0
SPLINE
  5
230
330
1F
100
AcDbEntity
  8
Layer 1
370
    25
100
AcDbSpline
210
0.0
220
0.0
230
1.0
 70
    24
 71
     3
 72
     8
 73
     4
 74
     0
 42
0.000000001
 43
0.0000000001
 40
0.0
 40
0.0
 40
0.0
 40
0.0
 40
1.0
 40
1.0
 40
1.0
 40
1.0
 10
-2.18723
 20
-1.66864
 30
0.0
 10
-2.18723
 20
-1.66864
 30
0.0
 10
-2.1837
 20
-1.67217
 30
0.0
 10
-2.1837
 20
-1.67217
 30
0.0
  0
SPLINE
  5
231
330
1F
100
AcDbEntity
  8
Layer 1
370
    25
100
AcDbSpline
210
0.0
220
0.0
230
1.0
 70
    24
 71
     3
 72
     8
 73
     4
 74
     0
 42
0.000000001
 43
0.0000000001
 40
0.0
 40
0.0
 40
0.0
 40
0.0
 40
1.0
 40
1.0
 40
1.0
 40
1.0
 10
-6.00781
 20
-1.66864
 30
0.0
 10
-6.00781
 20
-1.66864
 30
0.0
 10
-2.18723
 20
-1.66864
 30
0.0
 10
-2.18723
 20
-1.66864
 30
0.0
  0
SPLINE
  5
232
330
1F
100
AcDbEntity
  8
Layer 1
370
    25
100
AcDbSpline
210
0.0
220
0.0
230
1.0
 70
     8
 71
     3
 72
    36
 73
    32
 74
     0
 42
0.000000001
 43
0.0000000001
 40
0.0
 40
0.0
 40
0.0
 40
0.0
 40
0.1111111111111111
 40
0.1111111111111111
 40
0.1111111111111111
 40
0.1111111211111111
 40
0.2222222222222222
 40
0.2222222222222222
 40
0.2222222222222222
 40
0.2222222322222222
 40
0.3333333333333333
 40
0.3333333333333333
 40
0.3333333333333333
 40
0.3333333433333333
 40
0.4444444444444444
 40
0.4444444444444444
 40
0.4444444444444444
 40
0.4444444544444444
 40
0.5555555555555556
 40
0.5555555555555556
 40
0.5555555555555556
 40
0.5555555655555556
 40
0.6666666666666666
 40
0.6666666666666666
 40
0.6666666666666666
 40
0.6666666766666667
 40
0.7777777777777778
 40
0.7777777777777778
 40
0.7777777777777778
 40
0.7777777877777778
 40
1.0
 40
1.0
 40
1.0
 40
1.0
 10
-8.05745
 20
8.001
 30
0.0
 10
-8.05745
 20
8.001
 30
0.0
 10
-8.11389
 20
7.99747
 30
0.0
 10
-8.11389
 20
7.99747
 30
0.0
 10
-8.11389
 20
7.99747
 30
0.0
 10
-8.11389
 20
7.99747
 30
0.0
 10
-8.17034
 20
7.97983
 30
0.0
 10
-8.17034
 20
7.97983
 30
0.0
 10
-8.17034
 20
7.97983
 30
0.0
 10
-8.17034
 20
7.97983
 30
0.0
 10
-8.22325
 20
7.95161
 30
0.0
 10
-8.22325
 20
7.95161
 30
0.0
 10
-8.22325
 20
7.95161
 30
0.0
 10
-8.22325
 20
7.95161
 30
0.0
 10
-8.26912
 20
7.9128
 30
0.0
 10
-8.26912
 20
7.9128
 30
0.0
 10
-8.26912
 20
7.9128
 30
0.0
 10
-8.26912
 20
7.9128
 30
0.0
 10
-8.30439
 20
7.87047
 30
0.0
 10
-8.30439
 20
7.87047
 30
0.0
 10
-8.30439
 20
7.87047
 30
0.0
 10
-8.30439
 20
7.87047
 30
0.0
 10
-8.33262
 20
7.81755
 30
0.0
 10
-8.33262
 20
7.81755
 30
0.0
 10
-8.33262
 20
7.81755
 30
0.0
 10
-8.33262
 20
7.81755
 30
0.0
 10
-8.35025
 20
7.76111
 30
0.0
 10
-8.35025
 20
7.76111
 30
0.0
 10
-8.35025
 20
7.76111
 30
0.0
 10
-8.35025
 20
7.76111
 30
0.0
 10
-8.35731
 20
7.70113
 30
0.0
 10
-8.35731
 20
7.70113
 30
0.0
  0
SPLINE
  5
233
330
1F
100
AcDbEntity
  8
Layer 1
370
    25
100
AcDbSpline
210
0.0
220
0.0
230
1.0
 70
     8
 71
     3
 72
    36
 73
    32
 74
     0
 42
0.000000001
 43
0.0000000001
 40
0.0
 40
0.0
 40
0.0
 40
0.0
 40
0.1111111111111111
 40
0.1111111111111111
 40
0.1111111111111111
 40
0.1111111211111111
 40
0.2222222222222222
 40
0.2222222222222222
 40
0.2222222222222222
 40
0.2222222322222222
 40
0.3333333333333333
 40
0.3333333333333333
 40
0.3333333333333333
 40
0.3333333433333333
 40
0.4444444444444444
 40
0.4444444444444444
 40
0.4444444444444444
 40
0.4444444544444444
 40
0.5555555555555556
 40
0.5555555555555556
 40
0.5555555555555556
 40
0.5555555655555556
 40
0.6666666666666666
 40
0.6666666666666666
 40
0.6666666666666666
 40
0.6666666766666667
 40
0.7777777777777778
 40
0.7777777777777778
 40
0.7777777777777778
 40
0.7777777877777778
 40
1.0
 40
1.0
 40
1.0
 40
1.0
 10
-8.35731
 20
-3.937
 30
0.0
 10
-8.35731
 20
-3.937
 30
0.0
 10
-8.35025
 20
-3.99698
 30
0.0
 10
-8.35025
 20
-3.99698
 30
0.0
 10
-8.35025
 20
-3.99698
 30
0.0
 10
-8.35025
 20
-3.99698
 30
0.0
 10
-8.33262
 20
-4.05342
 30
0.0
 10
-8.33262
 20
-4.05342
 30
0.0
 10
-8.33262
 20
-4.05342
 30
0.0
 10
-8.33262
 20
-4.05342
 30
0.0
 10
-8.30439
 20
-4.10281
 30
0.0
 10
-8.30439
 20
-4.10281
 30
0.0
 10
-8.30439
 20
-4.10281
 30
0.0
 10
-8.30439
 20
-4.10281
 30
0.0
 10
-8.26912
 20
-4.14867
 30
0.0
 10
-8.26912
 20
-4.14867
 30
0.0
 10
-8.26912
 20
-4.14867
 30
0.0
 10
-8.26912
 20
-4.14867
 30
0.0
 10
-8.22325
 20
-4.18748
 30
0.0
 10
-8.22325
 20
-4.18748
 30
0.0
 10
-8.22325
 20
-4.18748
 30
0.0
 10
-8.22325
 20
-4.18748
 30
0.0
 10
-8.17034
 20
-4.2157
 30
0.0
 10
-8.17034
 20
-4.2157
 30
0.0
 10
-8.17034
 20
-4.2157
 30
0.0
 10
-8.17034
 20
-4.2157
 30
0.0
 10
-8.11389
 20
-4.23334
 30
0.0
 10
-8.11389
 20
-4.23334
 30
0.0
 10
-8.11389
 20
-4.23334
 30
0.0
 10
-8.11389
 20
-4.23334
 30
0.0
 10
-8.05745
 20
-4.23687
 30
0.0
 10
-8.05745
 20
-4.23687
 30
0.0
  0
SPLINE
  5
234
330
1F
100
AcDbEntity
  8
Layer 1
370
    25
100
AcDbSpline
210
0.0
220
0.0
230
1.0
 70
    24
 71
     3
 72
     8
 73
     4
 74
     0
 42
0.000000001
 43
0.0000000001
 40
0.0
 40
0.0
 40
0.0
 40
0.0
 40
1.0
 40
1.0
 40
1.0
 40
1.0
 10
1.72083
 20
2.38301
 30
0.0
 10
1.72083
 20
2.38301
 30
0.0
 10
1.72083
 20
0.62618
 30
0.0
 10
1.72083
 20
0.62618
 30
0.0
  0
SPLINE
  5
235
330
1F
100
AcDbEntity
  8
Layer 1
370
    25
100
AcDbSpline
210
0.0
220
0.0
230
1.0
 70
    24
 71
     3
 72
     8
 73
     4
 74
     0
 42
0.000000001
 43
0.0000000001
 40
0.0
 40
0.0
 40
0.0
 40
0.0
 40
1.0
 40
1.0
 40
1.0
 40
1.0
 10
1.72083
 20
2.38301
 30
0.0
 10
1.72083
 20
2.38301
 30
0.0
 10
0.93061
 20
2.38301
 30
0.0
 10
0.93061
 20
2.38301
 30
0.0
  0
SPLINE
  5
236
330
1F
100
AcDbEntity
  8
Layer 1
370
    25
100
AcDbSpline
210
0.0
220
0.0
230
1.0
 70
    24
 71
     3
 72
     8
 73
     4
 74
     0
 42
0.000000001
 43
0.0000000001
 40
0.0
 40
0.0
 40
0.0
 40
0.0
 40
1.0
 40
1.0
 40
1.0
 40
1.0
 10
0.93061
 20
2.38301
 30
0.0
 10
0.93061
 20
2.38301
 30
0.0
 10
0.93061
 20
0.62618
 30
0.0
 10
0.93061
 20
0.62618
 30
0.0
  0
SPLINE
  5
237
330
1F
100
AcDbEntity
  8
Layer 1
370
    25
100
AcDbSpline
210
0.0
220
0.0
230
1.0
 70
    24
 71
     3
 72
     8
 73
     4
 74
     0
 42
0.000000001
 43
0.0000000001
 40
0.0
 40
0.0
 40
0.0
 40
0.0
 40
1.0
 40
1.0
 40
1.0
 40
1.0
 10
1.72083
 20
0.62618
 30
0.0
 10
1.72083
 20
0.62618
 30
0.0
 10
0.93061
 20
0.62618
 30
0.0
 10
0.93061
 20
0.62618
 30
0.0
  0
SPLINE
  5
238
330
1F
100
AcDbEntity
  8
Layer 1
370
    25
100
AcDbSpline
210
0.0
220
0.0
230
1.0
 70
    24
 71
     3
 72
     8
 73
     4
 74
     0
 42
0.000000001
 43
0.0000000001
 40
0.0
 40
0.0
 40
0.0
 40
0.0
 40
1.0
 40
1.0
 40
1.0
 40
1.0
 10
1.83019
 20
0.95074
 30
0.0
 10
1.83019
 20
0.95074
 30
0.0
 10
1.83019
 20
0.62618
 30
0.0
 10
1.83019
 20
0.62618
 30
0.0
  0
SPLINE
  5
239
330
1F
100
AcDbEntity
  8
Layer 1
370
    25
100
AcDbSpline
210
0.0
220
0.0
230
1.0
 70
    24
 71
     3
 72
     8
 73
     4
 74
     0
 42
0.000000001
 43
0.0000000001
 40
0.0
 40
0.0
 40
0.0
 40
0.0
 40
1.0
 40
1.0
 40
1.0
 40
1.0
 10
1.72083
 20
0.95074
 30
0.0
 10
1.72083
 20
0.95074
 30
0.0
 10
1.83019
 20
0.95074
 30
0.0
 10
1.83019
 20
0.95074
 30
0.0
  0
SPLINE
  5
23A
330
1F
100
AcDbEntity
  8
Layer 1
370
    25
100
AcDbSpline
210
0.0
220
0.0
230
1.0
 70
    24
 71
     3
 72
     8
 73
     4
 74
     0
 42
0.000000001
 43
0.0000000001
 40
0.0
 40
0.0
 40
0.0
 40
0.0
 40
1.0
 40
1.0
 40
1.0
 40
1.0
 10
1.83019
 20
0.62618
 30
0.0
 10
1.83019
 20
0.62618
 30
0.0
 10
1.72083
 20
0.62618
 30
0.0
 10
1.72083
 20
0.62618
 30
0.0
  0
SPLINE
  5
23B
330
1F
100
AcDbEntity
  8
Layer 1
370
    25
100
AcDbSpline
210
0.0
220
0.0
230
1.0
 70
    24
 71
     3
 72
     8
 73
     4
 74
     0
 42
0.000000001
 43
0.0000000001
 40
0.0
 40
0.0
 40
0.0
 40
0.0
 40
1.0
 40
1.0
 40
1.0
 40
1.0
 10
1.72083
 20
1.29999
 30
0.0
 10
1.72083
 20
1.29999
 30
0.0
 10
1.83019
 20
1.29999
 30
0.0
 10
1.83019
 20
1.29999
 30
0.0
  0
SPLINE
  5
23C
330
1F
100
AcDbEntity
  8
Layer 1
370
    25
100
AcDbSpline
210
0.0
220
0.0
230
1.0
 70
    24
 71
     3
 72
     8
 73
     4
 74
     0
 42
0.000000001
 43
0.0000000001
 40
0.0
 40
0.0
 40
0.0
 40
0.0
 40
1.0
 40
1.0
 40
1.0
 40
1.0
 10
1.83019
 20
1.29999
 30
0.0
 10
1.83019
 20
1.29999
 30
0.0
 10
1.83019
 20
1.01071
 30
0.0
 10
1.83019
 20
1.01071
 30
0.0
  0
SPLINE
  5
23D
330
1F
100
AcDbEntity
  8
Layer 1
370
    25
100
AcDbSpline
210
0.0
220
0.0
230
1.0
 70
    24
 71
     3
 72
     8
 73
     4
 74
     0
 42
0.000000001
 43
0.0000000001
 40
0.0
 40
0.0
 40
0.0
 40
0.0
 40
1.0
 40
1.0
 40
1.0
 40
1.0
 10
1.72083
 20
1.01071
 30
0.0
 10
1.72083
 20
1.01071
 30
0.0
 10
1.83019
 20
1.01071
 30
0.0
 10
1.83019
 20
1.01071
 30
0.0
  0
SPLINE
  5
23E
330
1F
100
AcDbEntity
  8
Layer 1
370
    25
100
AcDbSpline
210
0.0
220
0.0
230
1.0
 70
    24
 71
     3
 72
     8
 73
     4
 74
     0
 42
0.000000001
 43
0.0000000001
 40
0.0
 40
0.0
 40
0.0
 40
0.0
 40
1.0
 40
1.0
 40
1.0
 40
1.0
 10
1.83019
 20
1.64924
 30
0.0
 10
1.83019
 20
1.64924
 30
0.0
 10
1.83019
 20
1.35996
 30
0.0
 10
1.83019
 20
1.35996
 30
0.0
  0
SPLINE
  5
23F
330
1F
100
AcDbEntity
  8
Layer 1
370
    25
100
AcDbSpline
210
0.0
220
0.0
230
1.0
 70
    24
 71
     3
 72
     8
 73
     4
 74
     0
 42
0.000000001
 43
0.0000000001
 40
0.0
 40
0.0
 40
0.0
 40
0.0
 40
1.0
 40
1.0
 40
1.0
 40
1.0
 10
1.72083
 20
1.64924
 30
0.0
 10
1.72083
 20
1.64924
 30
0.0
 10
1.83019
 20
1.64924
 30
0.0
 10
1.83019
 20
1.64924
 30
0.0
  0
SPLINE
  5
240
330
1F
100
AcDbEntity
  8
Layer 1
370
    25
100
AcDbSpline
210
0.0
220
0.0
230
1.0
 70
    24
 71
     3
 72
     8
 73
     4
 74
     0
 42
0.000000001
 43
0.0000000001
 40
0.0
 40
0.0
 40
0.0
 40
0.0
 40
1.0
 40
1.0
 40
1.0
 40
1.0
 10
1.72083
 20
1.35996
 30
0.0
 10
1.72083
 20
1.35996
 30
0.0
 10
1.83019
 20
1.35996
 30
0.0
 10
1.83019
 20
1.35996
 30
0.0
  0
SPLINE
  5
241
330
1F
100
AcDbEntity
  8
Layer 1
370
    25
100
AcDbSpline
210
0.0
220
0.0
230
1.0
 70
    24
 71
     3
 72
     8
 73
     4
 74
     0
 42
0.000000001
 43
0.0000000001
 40
0.0
 40
0.0
 40
0.0
 40
0.0
 40
1.0
 40
1.0
 40
1.0
 40
1.0
 10
1.83019
 20
1.99849
 30
0.0
 10
1.83019
 20
1.99849
 30
0.0
 10
1.83019
 20
1.70921
 30
0.0
 10
1.83019
 20
1.70921
 30
0.0
  0
SPLINE
  5
242
330
1F
100
AcDbEntity
  8
Layer 1
370
    25
100
AcDbSpline
210
0.0
220
0.0
230
1.0
 70
    24
 71
     3
 72
     8
 73
     4
 74
     0
 42
0.000000001
 43
0.0000000001
 40
0.0
 40
0.0
 40
0.0
 40
0.0
 40
1.0
 40
1.0
 40
1.0
 40
1.0
 10
1.72083
 20
1.99849
 30
0.0
 10
1.72083
 20
1.99849
 30
0.0
 10
1.83019
 20
1.99849
 30
0.0
 10
1.83019
 20
1.99849
 30
0.0
  0
SPLINE
  5
243
330
1F
100
AcDbEntity
  8
Layer 1
370
    25
100
AcDbSpline
210
0.0
220
0.0
230
1.0
 70
    24
 71
     3
 72
     8
 73
     4
 74
     0
 42
0.000000001
 43
0.0000000001
 40
0.0
 40
0.0
 40
0.0
 40
0.0
 40
1.0
 40
1.0
 40
1.0
 40
1.0
 10
1.72083
 20
1.70921
 30
0.0
 10
1.72083
 20
1.70921
 30
0.0
 10
1.83019
 20
1.70921
 30
0.0
 10
1.83019
 20
1.70921
 30
0.0
  0
SPLINE
  5
244
330
1F
100
AcDbEntity
  8
Layer 1
370
    25
100
AcDbSpline
210
0.0
220
0.0
230
1.0
 70
    24
 71
     3
 72
     8
 73
     4
 74
     0
 42
0.000000001
 43
0.0000000001
 40
0.0
 40
0.0
 40
0.0
 40
0.0
 40
1.0
 40
1.0
 40
1.0
 40
1.0
 10
1.72083
 20
2.05846
 30
0.0
 10
1.72083
 20
2.05846
 30
0.0
 10
1.83019
 20
2.05846
 30
0.0
 10
1.83019
 20
2.05846
 30
0.0
  0
SPLINE
  5
245
330
1F
100
AcDbEntity
  8
Layer 1
370
    25
100
AcDbSpline
210
0.0
220
0.0
230
1.0
 70
    24
 71
     3
 72
     8
 73
     4
 74
     0
 42
0.000000001
 43
0.0000000001
 40
0.0
 40
0.0
 40
0.0
 40
0.0
 40
1.0
 40
1.0
 40
1.0
 40
1.0
 10
1.83019
 20
2.38301
 30
0.0
 10
1.83019
 20
2.38301
 30
0.0
 10
1.83019
 20
2.05846
 30
0.0
 10
1.83019
 20
2.05846
 30
0.0
  0
SPLINE
  5
246
330
1F
100
AcDbEntity
  8
Layer 1
370
    25
100
AcDbSpline
210
0.0
220
0.0
230
1.0
 70
    24
 71
     3
 72
     8
 73
     4
 74
     0
 42
0.000000001
 43
0.0000000001
 40
0.0
 40
0.0
 40
0.0
 40
0.0
 40
1.0
 40
1.0
 40
1.0
 40
1.0
 10
1.83019
 20
2.38301
 30
0.0
 10
1.83019
 20
2.38301
 30
0.0
 10
1.72083
 20
2.38301
 30
0.0
 10
1.72083
 20
2.38301
 30
0.0
  0
SPLINE
  5
247
330
1F
100
AcDbEntity
  8
Layer 1
370
    25
100
AcDbSpline
210
0.0
220
0.0
230
1.0
 70
    24
 71
     3
 72
     8
 73
     4
 74
     0
 42
0.000000001
 43
0.0000000001
 40
0.0
 40
0.0
 40
0.0
 40
0.0
 40
1.0
 40
1.0
 40
1.0
 40
1.0
 10
1.83724
 20
0.65793
 30
0.0
 10
1.83724
 20
0.65793
 30
0.0
 10
1.83019
 20
0.65793
 30
0.0
 10
1.83019
 20
0.65793
 30
0.0
  0
SPLINE
  5
248
330
1F
100
AcDbEntity
  8
Layer 1
370
    25
100
AcDbSpline
210
0.0
220
0.0
230
1.0
 70
    24
 71
     3
 72
     8
 73
     4
 74
     0
 42
0.000000001
 43
0.0000000001
 40
0.0
 40
0.0
 40
0.0
 40
0.0
 40
1.0
 40
1.0
 40
1.0
 40
1.0
 10
1.72083
 20
3.85762
 30
0.0
 10
1.72083
 20
3.85762
 30
0.0
 10
1.72083
 20
2.79929
 30
0.0
 10
1.72083
 20
2.79929
 30
0.0
  0
SPLINE
  5
249
330
1F
100
AcDbEntity
  8
Layer 1
370
    25
100
AcDbSpline
210
0.0
220
0.0
230
1.0
 70
    24
 71
     3
 72
     8
 73
     4
 74
     0
 42
0.000000001
 43
0.0000000001
 40
0.0
 40
0.0
 40
0.0
 40
0.0
 40
1.0
 40
1.0
 40
1.0
 40
1.0
 10
1.72083
 20
3.85762
 30
0.0
 10
1.72083
 20
3.85762
 30
0.0
 10
0.93061
 20
3.85762
 30
0.0
 10
0.93061
 20
3.85762
 30
0.0
  0
SPLINE
  5
24A
330
1F
100
AcDbEntity
  8
Layer 1
370
    25
100
AcDbSpline
210
0.0
220
0.0
230
1.0
 70
    24
 71
     3
 72
     8
 73
     4
 74
     0
 42
0.000000001
 43
0.0000000001
 40
0.0
 40
0.0
 40
0.0
 40
0.0
 40
1.0
 40
1.0
 40
1.0
 40
1.0
 10
0.93061
 20
3.85762
 30
0.0
 10
0.93061
 20
3.85762
 30
0.0
 10
0.93061
 20
2.79929
 30
0.0
 10
0.93061
 20
2.79929
 30
0.0
  0
SPLINE
  5
24B
330
1F
100
AcDbEntity
  8
Layer 1
370
    25
100
AcDbSpline
210
0.0
220
0.0
230
1.0
 70
    24
 71
     3
 72
     8
 73
     4
 74
     0
 42
0.000000001
 43
0.0000000001
 40
0.0
 40
0.0
 40
0.0
 40
0.0
 40
1.0
 40
1.0
 40
1.0
 40
1.0
 10
1.72083
 20
2.79929
 30
0.0
 10
1.72083
 20
2.79929
 30
0.0
 10
0.93061
 20
2.79929
 30
0.0
 10
0.93061
 20
2.79929
 30
0.0
  0
SPLINE
  5
24C
330
1F
100
AcDbEntity
  8
Layer 1
370
    25
100
AcDbSpline
210
0.0
220
0.0
230
1.0
 70
    24
 71
     3
 72
     8
 73
     4
 74
     0
 42
0.000000001
 43
0.0000000001
 40
0.0
 40
0.0
 40
0.0
 40
0.0
 40
1.0
 40
1.0
 40
1.0
 40
1.0
 10
1.83019
 20
3.12385
 30
0.0
 10
1.83019
 20
3.12385
 30
0.0
 10
1.83019
 20
2.79929
 30
0.0
 10
1.83019
 20
2.79929
 30
0.0
  0
SPLINE
  5
24D
330
1F
100
AcDbEntity
  8
Layer 1
370
    25
100
AcDbSpline
210
0.0
220
0.0
230
1.0
 70
    24
 71
     3
 72
     8
 73
     4
 74
     0
 42
0.000000001
 43
0.0000000001
 40
0.0
 40
0.0
 40
0.0
 40
0.0
 40
1.0
 40
1.0
 40
1.0
 40
1.0
 10
1.72083
 20
3.12385
 30
0.0
 10
1.72083
 20
3.12385
 30
0.0
 10
1.83019
 20
3.12385
 30
0.0
 10
1.83019
 20
3.12385
 30
0.0
  0
SPLINE
  5
24E
330
1F
100
AcDbEntity
  8
Layer 1
370
    25
100
AcDbSpline
210
0.0
220
0.0
230
1.0
 70
    24
 71
     3
 72
     8
 73
     4
 74
     0
 42
0.000000001
 43
0.0000000001
 40
0.0
 40
0.0
 40
0.0
 40
0.0
 40
1.0
 40
1.0
 40
1.0
 40
1.0
 10
1.83019
 20
2.79929
 30
0.0
 10
1.83019
 20
2.79929
 30
0.0
 10
1.72083
 20
2.79929
 30
0.0
 10
1.72083
 20
2.79929
 30
0.0
  0
SPLINE
  5
24F
330
1F
100
AcDbEntity
  8
Layer 1
370
    25
100
AcDbSpline
210
0.0
220
0.0
230
1.0
 70
    24
 71
     3
 72
     8
 73
     4
 74
     0
 42
0.000000001
 43
0.0000000001
 40
0.0
 40
0.0
 40
0.0
 40
0.0
 40
1.0
 40
1.0
 40
1.0
 40
1.0
 10
1.72083
 20
3.4731
 30
0.0
 10
1.72083
 20
3.4731
 30
0.0
 10
1.83019
 20
3.4731
 30
0.0
 10
1.83019
 20
3.4731
 30
0.0
  0
SPLINE
  5
250
330
1F
100
AcDbEntity
  8
Layer 1
370
    25
100
AcDbSpline
210
0.0
220
0.0
230
1.0
 70
    24
 71
     3
 72
     8
 73
     4
 74
     0
 42
0.000000001
 43
0.0000000001
 40
0.0
 40
0.0
 40
0.0
 40
0.0
 40
1.0
 40
1.0
 40
1.0
 40
1.0
 10
1.83019
 20
3.4731
 30
0.0
 10
1.83019
 20
3.4731
 30
0.0
 10
1.83019
 20
3.18382
 30
0.0
 10
1.83019
 20
3.18382
 30
0.0
  0
SPLINE
  5
251
330
1F
100
AcDbEntity
  8
Layer 1
370
    25
100
AcDbSpline
210
0.0
220
0.0
230
1.0
 70
    24
 71
     3
 72
     8
 73
     4
 74
     0
 42
0.000000001
 43
0.0000000001
 40
0.0
 40
0.0
 40
0.0
 40
0.0
 40
1.0
 40
1.0
 40
1.0
 40
1.0
 10
1.72083
 20
3.18382
 30
0.0
 10
1.72083
 20
3.18382
 30
0.0
 10
1.83019
 20
3.18382
 30
0.0
 10
1.83019
 20
3.18382
 30
0.0
  0
SPLINE
  5
252
330
1F
100
AcDbEntity
  8
Layer 1
370
    25
100
AcDbSpline
210
0.0
220
0.0
230
1.0
 70
    24
 71
     3
 72
     8
 73
     4
 74
     0
 42
0.000000001
 43
0.0000000001
 40
0.0
 40
0.0
 40
0.0
 40
0.0
 40
1.0
 40
1.0
 40
1.0
 40
1.0
 10
1.72083
 20
3.53307
 30
0.0
 10
1.72083
 20
3.53307
 30
0.0
 10
1.83019
 20
3.53307
 30
0.0
 10
1.83019
 20
3.53307
 30
0.0
  0
SPLINE
  5
253
330
1F
100
AcDbEntity
  8
Layer 1
370
    25
100
AcDbSpline
210
0.0
220
0.0
230
1.0
 70
    24
 71
     3
 72
     8
 73
     4
 74
     0
 42
0.000000001
 43
0.0000000001
 40
0.0
 40
0.0
 40
0.0
 40
0.0
 40
1.0
 40
1.0
 40
1.0
 40
1.0
 10
1.83019
 20
3.85762
 30
0.0
 10
1.83019
 20
3.85762
 30
0.0
 10
1.83019
 20
3.53307
 30
0.0
 10
1.83019
 20
3.53307
 30
0.0
  0
SPLINE
  5
254
330
1F
100
AcDbEntity
  8
Layer 1
370
    25
100
AcDbSpline
210
0.0
220
0.0
230
1.0
 70
    24
 71
     3
 72
     8
 73
     4
 74
     0
 42
0.000000001
 43
0.0000000001
 40
0.0
 40
0.0
 40
0.0
 40
0.0
 40
1.0
 40
1.0
 40
1.0
 40
1.0
 10
1.83019
 20
3.85762
 30
0.0
 10
1.83019
 20
3.85762
 30
0.0
 10
1.72083
 20
3.85762
 30
0.0
 10
1.72083
 20
3.85762
 30
0.0
  0
SPLINE
  5
255
330
1F
100
AcDbEntity
  8
Layer 1
370
    25
100
AcDbSpline
210
0.0
220
0.0
230
1.0
 70
    24
 71
     3
 72
     8
 73
     4
 74
     0
 42
0.000000001
 43
0.0000000001
 40
0.0
 40
0.0
 40
0.0
 40
0.0
 40
1.0
 40
1.0
 40
1.0
 40
1.0
 10
1.83019
 20
3.9176
 30
0.0
 10
1.83019
 20
3.9176
 30
0.0
 10
1.83724
 20
3.9176
 30
0.0
 10
1.83724
 20
3.9176
 30
0.0
  0
SPLINE
  5
256
330
1F
100
AcDbEntity
  8
Layer 1
370
    25
100
AcDbSpline
210
0.0
220
0.0
230
1.0
 70
    24
 71
     3
 72
     8
 73
     4
 74
     0
 42
0.000000001
 43
0.0000000001
 40
0.0
 40
0.0
 40
0.0
 40
0.0
 40
1.0
 40
1.0
 40
1.0
 40
1.0
 10
1.83019
 20
2.73932
 30
0.0
 10
1.83019
 20
2.73932
 30
0.0
 10
1.83019
 20
3.9176
 30
0.0
 10
1.83019
 20
3.9176
 30
0.0
  0
SPLINE
  5
257
330
1F
100
AcDbEntity
  8
Layer 1
370
    25
100
AcDbSpline
210
0.0
220
0.0
230
1.0
 70
    24
 71
     3
 72
     8
 73
     4
 74
     0
 42
0.000000001
 43
0.0000000001
 40
0.0
 40
0.0
 40
0.0
 40
0.0
 40
1.0
 40
1.0
 40
1.0
 40
1.0
 10
1.83019
 20
2.73932
 30
0.0
 10
1.83019
 20
2.73932
 30
0.0
 10
1.83724
 20
2.73932
 30
0.0
 10
1.83724
 20
2.73932
 30
0.0
  0
SPLINE
  5
258
330
1F
100
AcDbEntity
  8
Layer 1
370
    25
100
AcDbSpline
210
0.0
220
0.0
230
1.0
 70
    24
 71
     3
 72
     8
 73
     4
 74
     0
 42
0.000000001
 43
0.0000000001
 40
0.0
 40
0.0
 40
0.0
 40
0.0
 40
1.0
 40
1.0
 40
1.0
 40
1.0
 10
1.83019
 20
2.73932
 30
0.0
 10
1.83019
 20
2.73932
 30
0.0
 10
1.83019
 20
2.79929
 30
0.0
 10
1.83019
 20
2.79929
 30
0.0
  0
SPLINE
  5
259
330
1F
100
AcDbEntity
  8
Layer 1
370
    25
100
AcDbSpline
210
0.0
220
0.0
230
1.0
 70
    24
 71
     3
 72
     8
 73
     4
 74
     0
 42
0.000000001
 43
0.0000000001
 40
0.0
 40
0.0
 40
0.0
 40
0.0
 40
1.0
 40
1.0
 40
1.0
 40
1.0
 10
1.83019
 20
3.12385
 30
0.0
 10
1.83019
 20
3.12385
 30
0.0
 10
1.83019
 20
3.18382
 30
0.0
 10
1.83019
 20
3.18382
 30
0.0
  0
SPLINE
  5
25A
330
1F
100
AcDbEntity
  8
Layer 1
370
    25
100
AcDbSpline
210
0.0
220
0.0
230
1.0
 70
    24
 71
     3
 72
     8
 73
     4
 74
     0
 42
0.000000001
 43
0.0000000001
 40
0.0
 40
0.0
 40
0.0
 40
0.0
 40
1.0
 40
1.0
 40
1.0
 40
1.0
 10
1.83019
 20
3.4731
 30
0.0
 10
1.83019
 20
3.4731
 30
0.0
 10
1.83019
 20
3.53307
 30
0.0
 10
1.83019
 20
3.53307
 30
0.0
  0
SPLINE
  5
25B
330
1F
100
AcDbEntity
  8
Layer 1
370
    25
100
AcDbSpline
210
0.0
220
0.0
230
1.0
 70
    24
 71
     3
 72
     8
 73
     4
 74
     0
 42
0.000000001
 43
0.0000000001
 40
0.0
 40
0.0
 40
0.0
 40
0.0
 40
1.0
 40
1.0
 40
1.0
 40
1.0
 10
1.83019
 20
3.85762
 30
0.0
 10
1.83019
 20
3.85762
 30
0.0
 10
1.83019
 20
3.9176
 30
0.0
 10
1.83019
 20
3.9176
 30
0.0
  0
SPLINE
  5
25E
330
1F
100
AcDbEntity
  8
Layer 1
370
    25
100
AcDbSpline
210
0.0
220
0.0
230
1.0
 70
    24
 71
     3
 72
     8
 73
     4
 74
     0
 42
0.000000001
 43
0.0000000001
 40
0.0
 40
0.0
 40
0.0
 40
0.0
 40
1.0
 40
1.0
 40
1.0
 40
1.0
 10
1.83019
 20
2.44299
 30
0.0
 10
1.83019
 20
2.44299
 30
0.0
 10
1.83724
 20
2.44299
 30
0.0
 10
1.83724
 20
2.44299
 30
0.0
  0
SPLINE
  5
25F
330
1F
100
AcDbEntity
  8
Layer 1
370
    25
100
AcDbSpline
210
0.0
220
0.0
230
1.0
 70
    24
 71
     3
 72
     8
 73
     4
 74
     0
 42
0.000000001
 43
0.0000000001
 40
0.0
 40
0.0
 40
0.0
 40
0.0
 40
1.0
 40
1.0
 40
1.0
 40
1.0
 10
1.83019
 20
0.91546
 30
0.0
 10
1.83019
 20
0.91546
 30
0.0
 10
1.83019
 20
2.44299
 30
0.0
 10
1.83019
 20
2.44299
 30
0.0
  0
SPLINE
  5
260
330
1F
100
AcDbEntity
  8
Layer 1
370
    25
100
AcDbSpline
210
0.0
220
0.0
230
1.0
 70
    24
 71
     3
 72
     8
 73
     4
 74
     0
 42
0.000000001
 43
0.0000000001
 40
0.0
 40
0.0
 40
0.0
 40
0.0
 40
1.0
 40
1.0
 40
1.0
 40
1.0
 10
1.83019
 20
0.91546
 30
0.0
 10
1.83019
 20
0.91546
 30
0.0
 10
1.83724
 20
0.91546
 30
0.0
 10
1.83724
 20
0.91546
 30
0.0
  0
SPLINE
  5
261
330
1F
100
AcDbEntity
  8
Layer 1
370
    25
100
AcDbSpline
210
0.0
220
0.0
230
1.0
 70
    24
 71
     3
 72
     8
 73
     4
 74
     0
 42
0.000000001
 43
0.0000000001
 40
0.0
 40
0.0
 40
0.0
 40
0.0
 40
1.0
 40
1.0
 40
1.0
 40
1.0
 10
1.83019
 20
0.95074
 30
0.0
 10
1.83019
 20
0.95074
 30
0.0
 10
1.83019
 20
1.01071
 30
0.0
 10
1.83019
 20
1.01071
 30
0.0
  0
SPLINE
  5
262
330
1F
100
AcDbEntity
  8
Layer 1
370
    25
100
AcDbSpline
210
0.0
220
0.0
230
1.0
 70
    24
 71
     3
 72
     8
 73
     4
 74
     0
 42
0.000000001
 43
0.0000000001
 40
0.0
 40
0.0
 40
0.0
 40
0.0
 40
1.0
 40
1.0
 40
1.0
 40
1.0
 10
1.83019
 20
1.29999
 30
0.0
 10
1.83019
 20
1.29999
 30
0.0
 10
1.83019
 20
1.35996
 30
0.0
 10
1.83019
 20
1.35996
 30
0.0
  0
SPLINE
  5
263
330
1F
100
AcDbEntity
  8
Layer 1
370
    25
100
AcDbSpline
210
0.0
220
0.0
230
1.0
 70
    24
 71
     3
 72
     8
 73
     4
 74
     0
 42
0.000000001
 43
0.0000000001
 40
0.0
 40
0.0
 40
0.0
 40
0.0
 40
1.0
 40
1.0
 40
1.0
 40
1.0
 10
1.83019
 20
1.64924
 30
0.0
 10
1.83019
 20
1.64924
 30
0.0
 10
1.83019
 20
1.70921
 30
0.0
 10
1.83019
 20
1.70921
 30
0.0
  0
SPLINE
  5
264
330
1F
100
AcDbEntity
  8
Layer 1
370
    25
100
AcDbSpline
210
0.0
220
0.0
230
1.0
 70
    24
 71
     3
 72
     8
 73
     4
 74
     0
 42
0.000000001
 43
0.0000000001
 40
0.0
 40
0.0
 40
0.0
 40
0.0
 40
1.0
 40
1.0
 40
1.0
 40
1.0
 10
1.83019
 20
1.99849
 30
0.0
 10
1.83019
 20
1.99849
 30
0.0
 10
1.83019
 20
2.05846
 30
0.0
 10
1.83019
 20
2.05846
 30
0.0
  0
SPLINE
  5
265
330
1F
100
AcDbEntity
  8
Layer 1
370
    25
100
AcDbSpline
210
0.0
220
0.0
230
1.0
 70
    24
 71
     3
 72
     8
 73
     4
 74
     0
 42
0.000000001
 43
0.0000000001
 40
0.0
 40
0.0
 40
0.0
 40
0.0
 40
1.0
 40
1.0
 40
1.0
 40
1.0
 10
1.83019
 20
2.38301
 30
0.0
 10
1.83019
 20
2.38301
 30
0.0
 10
1.83019
 20
2.44299
 30
0.0
 10
1.83019
 20
2.44299
 30
0.0
  0
SPLINE
  5
268
330
1F
100
AcDbEntity
  8
Layer 1
370
    25
100
AcDbSpline
210
0.0
220
0.0
230
1.0
 70
    24
 71
     3
 72
     8
 73
     4
 74
     0
 42
0.000000001
 43
0.0000000001
 40
0.0
 40
0.0
 40
0.0
 40
0.0
 40
1.0
 40
1.0
 40
1.0
 40
1.0
 10
1.83724
 20
-1.83621
 30
0.0
 10
1.83724
 20
-1.83621
 30
0.0
 10
1.83724
 20
5.59682
 30
0.0
 10
1.83724
 20
5.59682
 30
0.0
  0
SPLINE
  5
269
330
1F
100
AcDbEntity
  8
Layer 1
370
    25
100
AcDbSpline
210
0.0
220
0.0
230
1.0
 70
    24
 71
     3
 72
     8
 73
     4
 74
     0
 42
0.000000001
 43
0.0000000001
 40
0.0
 40
0.0
 40
0.0
 40
0.0
 40
1.0
 40
1.0
 40
1.0
 40
1.0
 10
1.83724
 20
-1.83621
 30
0.0
 10
1.83724
 20
-1.83621
 30
0.0
 10
2.50929
 20
-1.84261
 30
0.0
 10
2.50929
 20
-1.84261
 30
0.0
  0
SPLINE
  5
26A
330
1F
100
AcDbEntity
  8
Layer 1
370
    25
100
AcDbSpline
210
0.0
220
0.0
230
1.0
 70
    24
 71
     3
 72
     8
 73
     4
 74
     0
 42
0.000000001
 43
0.0000000001
 40
0.0
 40
0.0
 40
0.0
 40
0.0
 40
1.0
 40
1.0
 40
1.0
 40
1.0
 10
1.83724
 20
5.59682
 30
0.0
 10
1.83724
 20
5.59682
 30
0.0
 10
2.50929
 20
5.60322
 30
0.0
 10
2.50929
 20
5.60322
 30
0.0
  0
SPLINE
  5
26B
330
1F
100
AcDbEntity
  8
Layer 1
370
    25
100
AcDbSpline
210
0.0
220
0.0
230
1.0
 70
    24
 71
     3
 72
     8
 73
     4
 74
     0
 42
0.000000001
 43
0.0000000001
 40
0.0
 40
0.0
 40
0.0
 40
0.0
 40
1.0
 40
1.0
 40
1.0
 40
1.0
 10
-2.17664
 20
-7.48348
 30
0.0
 10
-2.17664
 20
-7.48348
 30
0.0
 10
-2.17312
 20
-7.50112
 30
0.0
 10
-2.17312
 20
-7.50112
 30
0.0
  0
SPLINE
  5
26C
330
1F
100
AcDbEntity
  8
Layer 1
370
    25
100
AcDbSpline
210
0.0
220
0.0
230
1.0
 70
    24
 71
     3
 72
     8
 73
     4
 74
     0
 42
0.000000001
 43
0.0000000001
 40
0.0
 40
0.0
 40
0.0
 40
0.0
 40
1.0
 40
1.0
 40
1.0
 40
1.0
 10
-1.16064
 20
-7.50112
 30
0.0
 10
-1.16064
 20
-7.50112
 30
0.0
 10
-1.15712
 20
-7.48348
 30
0.0
 10
-1.15712
 20
-7.48348
 30
0.0
  0
SPLINE
  5
26D
330
1F
100
AcDbEntity
  8
Layer 1
370
    25
100
AcDbSpline
210
0.0
220
0.0
230
1.0
 70
    24
 71
     3
 72
     8
 73
     4
 74
     0
 42
0.000000001
 43
0.0000000001
 40
0.0
 40
0.0
 40
0.0
 40
0.0
 40
1.0
 40
1.0
 40
1.0
 40
1.0
 10
-1.36878
 20
-7.50112
 30
0.0
 10
-1.36878
 20
-7.50112
 30
0.0
 10
-1.36525
 20
-7.48348
 30
0.0
 10
-1.36525
 20
-7.48348
 30
0.0
  0
SPLINE
  5
26E
330
1F
100
AcDbEntity
  8
Layer 1
370
    25
100
AcDbSpline
210
0.0
220
0.0
230
1.0
 70
    24
 71
     3
 72
     8
 73
     4
 74
     0
 42
0.000000001
 43
0.0000000001
 40
0.0
 40
0.0
 40
0.0
 40
0.0
 40
1.0
 40
1.0
 40
1.0
 40
1.0
 10
-1.16064
 20
-7.50112
 30
0.0
 10
-1.16064
 20
-7.50112
 30
0.0
 10
-1.15712
 20
-7.48348
 30
0.0
 10
-1.15712
 20
-7.48348
 30
0.0
  0
SPLINE
  5
26F
330
1F
100
AcDbEntity
  8
Layer 1
370
    25
100
AcDbSpline
210
0.0
220
0.0
230
1.0
 70
    24
 71
     3
 72
     8
 73
     4
 74
     0
 42
0.000000001
 43
0.0000000001
 40
0.0
 40
0.0
 40
0.0
 40
0.0
 40
1.0
 40
1.0
 40
1.0
 40
1.0
 10
-1.99673
 20
-7.50112
 30
0.0
 10
-1.99673
 20
-7.50112
 30
0.0
 10
-1.9932
 20
-7.48348
 30
0.0
 10
-1.9932
 20
-7.48348
 30
0.0
  0
SPLINE
  5
270
330
1F
100
AcDbEntity
  8
Layer 1
370
    25
100
AcDbSpline
210
0.0
220
0.0
230
1.0
 70
    24
 71
     3
 72
     8
 73
     4
 74
     0
 42
0.000000001
 43
0.0000000001
 40
0.0
 40
0.0
 40
0.0
 40
0.0
 40
1.0
 40
1.0
 40
1.0
 40
1.0
 10
0.14816
 20
-7.46231
 30
0.0
 10
0.14816
 20
-7.46231
 30
0.0
 10
0.16227
 20
-6.58389
 30
0.0
 10
0.16227
 20
-6.58389
 30
0.0
  0
SPLINE
  5
271
330
1F
100
AcDbEntity
  8
Layer 1
370
    25
100
AcDbSpline
210
0.0
220
0.0
230
1.0
 70
    24
 71
     3
 72
    36
 73
    32
 74
     0
 42
0.000000001
 43
0.0000000001
 40
0.0
 40
0.0
 40
0.0
 40
0.0
 40
0.1111111111111111
 40
0.1111111111111111
 40
0.1111111111111111
 40
0.1111111211111111
 40
0.2222222222222222
 40
0.2222222222222222
 40
0.2222222222222222
 40
0.2222222322222222
 40
0.3333333333333333
 40
0.3333333333333333
 40
0.3333333333333333
 40
0.3333333433333333
 40
0.4444444444444444
 40
0.4444444444444444
 40
0.4444444444444444
 40
0.4444444544444444
 40
0.5555555555555556
 40
0.5555555555555556
 40
0.5555555555555556
 40
0.5555555655555556
 40
0.6666666666666666
 40
0.6666666666666666
 40
0.6666666666666666
 40
0.6666666766666667
 40
0.7777777777777778
 40
0.7777777777777778
 40
0.7777777777777778
 40
0.7777777877777778
 40
1.0
 40
1.0
 40
1.0
 40
1.0
 10
-0.13759
 20
-7.46231
 30
0.0
 10
-0.13759
 20
-7.46231
 30
0.0
 10
-0.08114
 20
-7.46231
 30
0.0
 10
-0.08114
 20
-7.46231
 30
0.0
 10
-0.08114
 20
-7.46231
 30
0.0
 10
-0.08114
 20
-7.46231
 30
0.0
 10
-0.02823
 20
-7.46231
 30
0.0
 10
-0.02823
 20
-7.46231
 30
0.0
 10
-0.02823
 20
-7.46231
 30
0.0
 10
-0.02823
 20
-7.46231
 30
0.0
 10
0.02116
 20
-7.46231
 30
0.0
 10
0.02116
 20
-7.46231
 30
0.0
 10
0.02116
 20
-7.46231
 30
0.0
 10
0.02116
 20
-7.46231
 30
0.0
 10
0.0635
 20
-7.46231
 30
0.0
 10
0.0635
 20
-7.46231
 30
0.0
 10
0.0635
 20
-7.46231
 30
0.0
 10
0.0635
 20
-7.46231
 30
0.0
 10
0.09877
 20
-7.46231
 30
0.0
 10
0.09877
 20
-7.46231
 30
0.0
 10
0.09877
 20
-7.46231
 30
0.0
 10
0.09877
 20
-7.46231
 30
0.0
 10
0.127
 20
-7.46231
 30
0.0
 10
0.127
 20
-7.46231
 30
0.0
 10
0.127
 20
-7.46231
 30
0.0
 10
0.127
 20
-7.46231
 30
0.0
 10
0.14111
 20
-7.46231
 30
0.0
 10
0.14111
 20
-7.46231
 30
0.0
 10
0.14111
 20
-7.46231
 30
0.0
 10
0.14111
 20
-7.46231
 30
0.0
 10
0.14816
 20
-7.46231
 30
0.0
 10
0.14816
 20
-7.46231
 30
0.0
  0
SPLINE
  5
272
330
1F
100
AcDbEntity
  8
Layer 1
370
    25
100
AcDbSpline
210
0.0
220
0.0
230
1.0
 70
    24
 71
     3
 72
     8
 73
     4
 74
     0
 42
0.000000001
 43
0.0000000001
 40
0.0
 40
0.0
 40
0.0
 40
0.0
 40
1.0
 40
1.0
 40
1.0
 40
1.0
 10
-0.13759
 20
-7.46231
 30
0.0
 10
-0.13759
 20
-7.46231
 30
0.0
 10
-0.13759
 20
-6.58389
 30
0.0
 10
-0.13759
 20
-6.58389
 30
0.0
  0
SPLINE
  5
273
330
1F
100
AcDbEntity
  8
Layer 1
370
    25
100
AcDbSpline
210
0.0
220
0.0
230
1.0
 70
    24
 71
     3
 72
    36
 73
    32
 74
     0
 42
0.000000001
 43
0.0000000001
 40
0.0
 40
0.0
 40
0.0
 40
0.0
 40
0.1111111111111111
 40
0.1111111111111111
 40
0.1111111111111111
 40
0.1111111211111111
 40
0.2222222222222222
 40
0.2222222222222222
 40
0.2222222222222222
 40
0.2222222322222222
 40
0.3333333333333333
 40
0.3333333333333333
 40
0.3333333333333333
 40
0.3333333433333333
 40
0.4444444444444444
 40
0.4444444444444444
 40
0.4444444444444444
 40
0.4444444544444444
 40
0.5555555555555556
 40
0.5555555555555556
 40
0.5555555555555556
 40
0.5555555655555556
 40
0.6666666666666666
 40
0.6666666666666666
 40
0.6666666666666666
 40
0.6666666766666667
 40
0.7777777777777778
 40
0.7777777777777778
 40
0.7777777777777778
 40
0.7777777877777778
 40
1.0
 40
1.0
 40
1.0
 40
1.0
 10
0.16227
 20
-6.58389
 30
0.0
 10
0.16227
 20
-6.58389
 30
0.0
 10
0.15875
 20
-6.58389
 30
0.0
 10
0.15875
 20
-6.58389
 30
0.0
 10
0.15875
 20
-6.58389
 30
0.0
 10
0.15875
 20
-6.58389
 30
0.0
 10
0.14111
 20
-6.58389
 30
0.0
 10
0.14111
 20
-6.58389
 30
0.0
 10
0.14111
 20
-6.58389
 30
0.0
 10
0.14111
 20
-6.58389
 30
0.0
 10
0.11289
 20
-6.58389
 30
0.0
 10
0.11289
 20
-6.58389
 30
0.0
 10
0.11289
 20
-6.58389
 30
0.0
 10
0.11289
 20
-6.58389
 30
0.0
 10
0.07408
 20
-6.58389
 30
0.0
 10
0.07408
 20
-6.58389
 30
0.0
 10
0.07408
 20
-6.58389
 30
0.0
 10
0.07408
 20
-6.58389
 30
0.0
 10
0.03175
 20
-6.58389
 30
0.0
 10
0.03175
 20
-6.58389
 30
0.0
 10
0.03175
 20
-6.58389
 30
0.0
 10
0.03175
 20
-6.58389
 30
0.0
 10
-0.02117
 20
-6.58389
 30
0.0
 10
-0.02117
 20
-6.58389
 30
0.0
 10
-0.02117
 20
-6.58389
 30
0.0
 10
-0.02117
 20
-6.58389
 30
0.0
 10
-0.07762
 20
-6.58389
 30
0.0
 10
-0.07762
 20
-6.58389
 30
0.0
 10
-0.07762
 20
-6.58389
 30
0.0
 10
-0.07762
 20
-6.58389
 30
0.0
 10
-0.13759
 20
-6.58389
 30
0.0
 10
-0.13759
 20
-6.58389
 30
0.0
  0
SPLINE
  5
274
330
1F
100
AcDbEntity
  8
Layer 1
370
    25
100
AcDbSpline
210
0.0
220
0.0
230
1.0
 70
    24
 71
     3
 72
     8
 73
     4
 74
     0
 42
0.000000001
 43
0.0000000001
 40
0.0
 40
0.0
 40
0.0
 40
0.0
 40
1.0
 40
1.0
 40
1.0
 40
1.0
 10
-8.05745
 20
-7.46231
 30
0.0
 10
-8.05745
 20
-7.46231
 30
0.0
 10
-0.13759
 20
-7.46231
 30
0.0
 10
-0.13759
 20
-7.46231
 30
0.0
  0
SPLINE
  5
275
330
1F
100
AcDbEntity
  8
Layer 1
370
    25
100
AcDbSpline
210
0.0
220
0.0
230
1.0
 70
    24
 71
     3
 72
     8
 73
     4
 74
     0
 42
0.000000001
 43
0.0000000001
 40
0.0
 40
0.0
 40
0.0
 40
0.0
 40
1.0
 40
1.0
 40
1.0
 40
1.0
 10
-8.05745
 20
-7.46231
 30
0.0
 10
-8.05745
 20
-7.46231
 30
0.0
 10
-8.05745
 20
-6.58389
 30
0.0
 10
-8.05745
 20
-6.58389
 30
0.0
  0
SPLINE
  5
276
330
1F
100
AcDbEntity
  8
Layer 1
370
    25
100
AcDbSpline
210
0.0
220
0.0
230
1.0
 70
    24
 71
     3
 72
     8
 73
     4
 74
     0
 42
0.000000001
 43
0.0000000001
 40
0.0
 40
0.0
 40
0.0
 40
0.0
 40
1.0
 40
1.0
 40
1.0
 40
1.0
 10
-0.13759
 20
-6.58389
 30
0.0
 10
-0.13759
 20
-6.58389
 30
0.0
 10
-8.05745
 20
-6.58389
 30
0.0
 10
-8.05745
 20
-6.58389
 30
0.0
  0
SPLINE
  5
277
330
1F
100
AcDbEntity
  8
Layer 1
370
    25
100
AcDbSpline
210
0.0
220
0.0
230
1.0
 70
    24
 71
     3
 72
    36
 73
    32
 74
     0
 42
0.000000001
 43
0.0000000001
 40
0.0
 40
0.0
 40
0.0
 40
0.0
 40
0.1111111111111111
 40
0.1111111111111111
 40
0.1111111111111111
 40
0.1111111211111111
 40
0.2222222222222222
 40
0.2222222222222222
 40
0.2222222222222222
 40
0.2222222322222222
 40
0.3333333333333333
 40
0.3333333333333333
 40
0.3333333333333333
 40
0.3333333433333333
 40
0.4444444444444444
 40
0.4444444444444444
 40
0.4444444444444444
 40
0.4444444544444444
 40
0.5555555555555556
 40
0.5555555555555556
 40
0.5555555555555556
 40
0.5555555655555556
 40
0.6666666666666666
 40
0.6666666666666666
 40
0.6666666666666666
 40
0.6666666766666667
 40
0.7777777777777778
 40
0.7777777777777778
 40
0.7777777777777778
 40
0.7777777877777778
 40
1.0
 40
1.0
 40
1.0
 40
1.0
 10
-8.33967
 20
-7.46231
 30
0.0
 10
-8.33967
 20
-7.46231
 30
0.0
 10
-8.33614
 20
-7.46231
 30
0.0
 10
-8.33614
 20
-7.46231
 30
0.0
 10
-8.33614
 20
-7.46231
 30
0.0
 10
-8.33614
 20
-7.46231
 30
0.0
 10
-8.3185
 20
-7.46231
 30
0.0
 10
-8.3185
 20
-7.46231
 30
0.0
 10
-8.3185
 20
-7.46231
 30
0.0
 10
-8.3185
 20
-7.46231
 30
0.0
 10
-8.29381
 20
-7.46231
 30
0.0
 10
-8.29381
 20
-7.46231
 30
0.0
 10
-8.29381
 20
-7.46231
 30
0.0
 10
-8.29381
 20
-7.46231
 30
0.0
 10
-8.25853
 20
-7.46231
 30
0.0
 10
-8.25853
 20
-7.46231
 30
0.0
 10
-8.25853
 20
-7.46231
 30
0.0
 10
-8.25853
 20
-7.46231
 30
0.0
 10
-8.2162
 20
-7.46231
 30
0.0
 10
-8.2162
 20
-7.46231
 30
0.0
 10
-8.2162
 20
-7.46231
 30
0.0
 10
-8.2162
 20
-7.46231
 30
0.0
 10
-8.16681
 20
-7.46231
 30
0.0
 10
-8.16681
 20
-7.46231
 30
0.0
 10
-8.16681
 20
-7.46231
 30
0.0
 10
-8.16681
 20
-7.46231
 30
0.0
 10
-8.11389
 20
-7.46231
 30
0.0
 10
-8.11389
 20
-7.46231
 30
0.0
 10
-8.11389
 20
-7.46231
 30
0.0
 10
-8.11389
 20
-7.46231
 30
0.0
 10
-8.05745
 20
-7.46231
 30
0.0
 10
-8.05745
 20
-7.46231
 30
0.0
  0
SPLINE
  5
278
330
1F
100
AcDbEntity
  8
Layer 1
370
    25
100
AcDbSpline
210
0.0
220
0.0
230
1.0
 70
    24
 71
     3
 72
     8
 73
     4
 74
     0
 42
0.000000001
 43
0.0000000001
 40
0.0
 40
0.0
 40
0.0
 40
0.0
 40
1.0
 40
1.0
 40
1.0
 40
1.0
 10
-8.33967
 20
-7.46231
 30
0.0
 10
-8.33967
 20
-7.46231
 30
0.0
 10
-8.35731
 20
-6.58389
 30
0.0
 10
-8.35731
 20
-6.58389
 30
0.0
  0
SPLINE
  5
279
330
1F
100
AcDbEntity
  8
Layer 1
370
    25
100
AcDbSpline
210
0.0
220
0.0
230
1.0
 70
    24
 71
     3
 72
    36
 73
    32
 74
     0
 42
0.000000001
 43
0.0000000001
 40
0.0
 40
0.0
 40
0.0
 40
0.0
 40
0.1111111111111111
 40
0.1111111111111111
 40
0.1111111111111111
 40
0.1111111211111111
 40
0.2222222222222222
 40
0.2222222222222222
 40
0.2222222222222222
 40
0.2222222322222222
 40
0.3333333333333333
 40
0.3333333333333333
 40
0.3333333333333333
 40
0.3333333433333333
 40
0.4444444444444444
 40
0.4444444444444444
 40
0.4444444444444444
 40
0.4444444544444444
 40
0.5555555555555556
 40
0.5555555555555556
 40
0.5555555555555556
 40
0.5555555655555556
 40
0.6666666666666666
 40
0.6666666666666666
 40
0.6666666666666666
 40
0.6666666766666667
 40
0.7777777777777778
 40
0.7777777777777778
 40
0.7777777777777778
 40
0.7777777877777778
 40
1.0
 40
1.0
 40
1.0
 40
1.0
 10
-8.05745
 20
-6.58389
 30
0.0
 10
-8.05745
 20
-6.58389
 30
0.0
 10
-8.11389
 20
-6.58389
 30
0.0
 10
-8.11389
 20
-6.58389
 30
0.0
 10
-8.11389
 20
-6.58389
 30
0.0
 10
-8.11389
 20
-6.58389
 30
0.0
 10
-8.17034
 20
-6.58389
 30
0.0
 10
-8.17034
 20
-6.58389
 30
0.0
 10
-8.17034
 20
-6.58389
 30
0.0
 10
-8.17034
 20
-6.58389
 30
0.0
 10
-8.22325
 20
-6.58389
 30
0.0
 10
-8.22325
 20
-6.58389
 30
0.0
 10
-8.22325
 20
-6.58389
 30
0.0
 10
-8.22325
 20
-6.58389
 30
0.0
 10
-8.26912
 20
-6.58389
 30
0.0
 10
-8.26912
 20
-6.58389
 30
0.0
 10
-8.26912
 20
-6.58389
 30
0.0
 10
-8.26912
 20
-6.58389
 30
0.0
 10
-8.30439
 20
-6.58389
 30
0.0
 10
-8.30439
 20
-6.58389
 30
0.0
 10
-8.30439
 20
-6.58389
 30
0.0
 10
-8.30439
 20
-6.58389
 30
0.0
 10
-8.33262
 20
-6.58389
 30
0.0
 10
-8.33262
 20
-6.58389
 30
0.0
 10
-8.33262
 20
-6.58389
 30
0.0
 10
-8.33262
 20
-6.58389
 30
0.0
 10
-8.35025
 20
-6.58389
 30
0.0
 10
-8.35025
 20
-6.58389
 30
0.0
 10
-8.35025
 20
-6.58389
 30
0.0
 10
-8.35025
 20
-6.58389
 30
0.0
 10
-8.35731
 20
-6.58389
 30
0.0
 10
-8.35731
 20
-6.58389
 30
0.0
  0
SPLINE
  5
27A
330
1F
100
AcDbEntity
  8
Layer 1
370
    25
100
AcDbSpline
210
0.0
220
0.0
230
1.0
 70
     8
 71
     3
 72
    36
 73
    32
 74
     0
 42
0.000000001
 43
0.0000000001
 40
0.0
 40
0.0
 40
0.0
 40
0.0
 40
0.1111111111111111
 40
0.1111111111111111
 40
0.1111111111111111
 40
0.1111111211111111
 40
0.2222222222222222
 40
0.2222222222222222
 40
0.2222222222222222
 40
0.2222222322222222
 40
0.3333333333333333
 40
0.3333333333333333
 40
0.3333333333333333
 40
0.3333333433333333
 40
0.4444444444444444
 40
0.4444444444444444
 40
0.4444444444444444
 40
0.4444444544444444
 40
0.5555555555555556
 40
0.5555555555555556
 40
0.5555555555555556
 40
0.5555555655555556
 40
0.6666666666666666
 40
0.6666666666666666
 40
0.6666666666666666
 40
0.6666666766666667
 40
0.7777777777777778
 40
0.7777777777777778
 40
0.7777777777777778
 40
0.7777777877777778
 40
1.0
 40
1.0
 40
1.0
 40
1.0
 10
0.14816
 20
-7.46231
 30
0.0
 10
0.14816
 20
-7.46231
 30
0.0
 10
0.14816
 20
-7.46584
 30
0.0
 10
0.14816
 20
-7.46584
 30
0.0
 10
0.14816
 20
-7.46584
 30
0.0
 10
0.14816
 20
-7.46584
 30
0.0
 10
0.14463
 20
-7.46937
 30
0.0
 10
0.14463
 20
-7.46937
 30
0.0
 10
0.14463
 20
-7.46937
 30
0.0
 10
0.14463
 20
-7.46937
 30
0.0
 10
0.14463
 20
-7.47289
 30
0.0
 10
0.14463
 20
-7.47289
 30
0.0
 10
0.14463
 20
-7.47289
 30
0.0
 10
0.14463
 20
-7.47289
 30
0.0
 10
0.14111
 20
-7.47642
 30
0.0
 10
0.14111
 20
-7.47642
 30
0.0
 10
0.14111
 20
-7.47642
 30
0.0
 10
0.14111
 20
-7.47642
 30
0.0
 10
0.13758
 20
-7.47995
 30
0.0
 10
0.13758
 20
-7.47995
 30
0.0
 10
0.13758
 20
-7.47995
 30
0.0
 10
0.13758
 20
-7.47995
 30
0.0
 10
0.13405
 20
-7.47995
 30
0.0
 10
0.13405
 20
-7.47995
 30
0.0
 10
0.13405
 20
-7.47995
 30
0.0
 10
0.13405
 20
-7.47995
 30
0.0
 10
0.13052
 20
-7.48348
 30
0.0
 10
0.13052
 20
-7.48348
 30
0.0
 10
0.13052
 20
-7.48348
 30
0.0
 10
0.13052
 20
-7.48348
 30
0.0
 10
0.127
 20
-7.48348
 30
0.0
 10
0.127
 20
-7.48348
 30
0.0
  0
SPLINE
  5
27B
330
1F
100
AcDbEntity
  8
Layer 1
370
    25
100
AcDbSpline
210
0.0
220
0.0
230
1.0
 70
    24
 71
     3
 72
    36
 73
    32
 74
     0
 42
0.000000001
 43
0.0000000001
 40
0.0
 40
0.0
 40
0.0
 40
0.0
 40
0.1111111111111111
 40
0.1111111111111111
 40
0.1111111111111111
 40
0.1111111211111111
 40
0.2222222222222222
 40
0.2222222222222222
 40
0.2222222222222222
 40
0.2222222322222222
 40
0.3333333333333333
 40
0.3333333333333333
 40
0.3333333333333333
 40
0.3333333433333333
 40
0.4444444444444444
 40
0.4444444444444444
 40
0.4444444444444444
 40
0.4444444544444444
 40
0.5555555555555556
 40
0.5555555555555556
 40
0.5555555555555556
 40
0.5555555655555556
 40
0.6666666666666666
 40
0.6666666666666666
 40
0.6666666666666666
 40
0.6666666766666667
 40
0.7777777777777778
 40
0.7777777777777778
 40
0.7777777777777778
 40
0.7777777877777778
 40
1.0
 40
1.0
 40
1.0
 40
1.0
 10
0.127
 20
-7.48348
 30
0.0
 10
0.127
 20
-7.48348
 30
0.0
 10
0.12347
 20
-7.48348
 30
0.0
 10
0.12347
 20
-7.48348
 30
0.0
 10
0.12347
 20
-7.48348
 30
0.0
 10
0.12347
 20
-7.48348
 30
0.0
 10
0.10936
 20
-7.48348
 30
0.0
 10
0.10936
 20
-7.48348
 30
0.0
 10
0.10936
 20
-7.48348
 30
0.0
 10
0.10936
 20
-7.48348
 30
0.0
 10
0.08466
 20
-7.48348
 30
0.0
 10
0.08466
 20
-7.48348
 30
0.0
 10
0.08466
 20
-7.48348
 30
0.0
 10
0.08466
 20
-7.48348
 30
0.0
 10
0.04938
 20
-7.48348
 30
0.0
 10
0.04938
 20
-7.48348
 30
0.0
 10
0.04938
 20
-7.48348
 30
0.0
 10
0.04938
 20
-7.48348
 30
0.0
 10
0.01058
 20
-7.48348
 30
0.0
 10
0.01058
 20
-7.48348
 30
0.0
 10
0.01058
 20
-7.48348
 30
0.0
 10
0.01058
 20
-7.48348
 30
0.0
 10
-0.03528
 20
-7.48348
 30
0.0
 10
-0.03528
 20
-7.48348
 30
0.0
 10
-0.03528
 20
-7.48348
 30
0.0
 10
-0.03528
 20
-7.48348
 30
0.0
 10
-0.08467
 20
-7.48348
 30
0.0
 10
-0.08467
 20
-7.48348
 30
0.0
 10
-0.08467
 20
-7.48348
 30
0.0
 10
-0.08467
 20
-7.48348
 30
0.0
 10
-0.13759
 20
-7.48348
 30
0.0
 10
-0.13759
 20
-7.48348
 30
0.0
  0
SPLINE
  5
27C
330
1F
100
AcDbEntity
  8
Layer 1
370
    25
100
AcDbSpline
210
0.0
220
0.0
230
1.0
 70
    24
 71
     3
 72
    28
 73
    24
 74
     0
 42
0.000000001
 43
0.0000000001
 40
0.0
 40
0.0
 40
0.0
 40
0.0
 40
0.1428571428571428
 40
0.1428571428571428
 40
0.1428571428571428
 40
0.1428571528571428
 40
0.2857142857142857
 40
0.2857142857142857
 40
0.2857142857142857
 40
0.2857142957142857
 40
0.4285714285714285
 40
0.4285714285714285
 40
0.4285714285714285
 40
0.4285714385714285
 40
0.5714285714285714
 40
0.5714285714285714
 40
0.5714285714285714
 40
0.5714285814285714
 40
0.7142857142857143
 40
0.7142857142857143
 40
0.7142857142857143
 40
0.7142857242857144
 40
1.0
 40
1.0
 40
1.0
 40
1.0
 10
-0.13759
 20
-7.46231
 30
0.0
 10
-0.13759
 20
-7.46231
 30
0.0
 10
-0.13759
 20
-7.46584
 30
0.0
 10
-0.13759
 20
-7.46584
 30
0.0
 10
-0.13759
 20
-7.46584
 30
0.0
 10
-0.13759
 20
-7.46584
 30
0.0
 10
-0.13759
 20
-7.46937
 30
0.0
 10
-0.13759
 20
-7.46937
 30
0.0
 10
-0.13759
 20
-7.46937
 30
0.0
 10
-0.13759
 20
-7.46937
 30
0.0
 10
-0.13759
 20
-7.47289
 30
0.0
 10
-0.13759
 20
-7.47289
 30
0.0
 10
-0.13759
 20
-7.47289
 30
0.0
 10
-0.13759
 20
-7.47289
 30
0.0
 10
-0.13759
 20
-7.47642
 30
0.0
 10
-0.13759
 20
-7.47642
 30
0.0
 10
-0.13759
 20
-7.47642
 30
0.0
 10
-0.13759
 20
-7.47642
 30
0.0
 10
-0.13759
 20
-7.47995
 30
0.0
 10
-0.13759
 20
-7.47995
 30
0.0
 10
-0.13759
 20
-7.47995
 30
0.0
 10
-0.13759
 20
-7.47995
 30
0.0
 10
-0.13759
 20
-7.48348
 30
0.0
 10
-0.13759
 20
-7.48348
 30
0.0
  0
SPLINE
  5
27D
330
1F
100
AcDbEntity
  8
Layer 1
370
    25
100
AcDbSpline
210
0.0
220
0.0
230
1.0
 70
    24
 71
     3
 72
     8
 73
     4
 74
     0
 42
0.000000001
 43
0.0000000001
 40
0.0
 40
0.0
 40
0.0
 40
0.0
 40
1.0
 40
1.0
 40
1.0
 40
1.0
 10
-0.13759
 20
-7.48348
 30
0.0
 10
-0.13759
 20
-7.48348
 30
0.0
 10
-8.05745
 20
-7.48348
 30
0.0
 10
-8.05745
 20
-7.48348
 30
0.0
  0
SPLINE
  5
27E
330
1F
100
AcDbEntity
  8
Layer 1
370
    25
100
AcDbSpline
210
0.0
220
0.0
230
1.0
 70
    24
 71
     3
 72
    32
 73
    28
 74
     0
 42
0.000000001
 43
0.0000000001
 40
0.0
 40
0.0
 40
0.0
 40
0.0
 40
0.125
 40
0.125
 40
0.125
 40
0.12500001
 40
0.25
 40
0.25
 40
0.25
 40
0.25000001
 40
0.375
 40
0.375
 40
0.375
 40
0.37500001
 40
0.5
 40
0.5
 40
0.5
 40
0.50000001
 40
0.625
 40
0.625
 40
0.625
 40
0.62500001
 40
0.75
 40
0.75
 40
0.75
 40
0.75000001
 40
1.0
 40
1.0
 40
1.0
 40
1.0
 10
-8.05745
 20
-7.48348
 30
0.0
 10
-8.05745
 20
-7.48348
 30
0.0
 10
-8.05745
 20
-7.48348
 30
0.0
 10
-8.05745
 20
-7.48348
 30
0.0
 10
-8.05745
 20
-7.48348
 30
0.0
 10
-8.05745
 20
-7.48348
 30
0.0
 10
-8.05745
 20
-7.47995
 30
0.0
 10
-8.05745
 20
-7.47995
 30
0.0
 10
-8.05745
 20
-7.47995
 30
0.0
 10
-8.05745
 20
-7.47995
 30
0.0
 10
-8.05745
 20
-7.47642
 30
0.0
 10
-8.05745
 20
-7.47642
 30
0.0
 10
-8.05745
 20
-7.47642
 30
0.0
 10
-8.05745
 20
-7.47642
 30
0.0
 10
-8.05745
 20
-7.47289
 30
0.0
 10
-8.05745
 20
-7.47289
 30
0.0
 10
-8.05745
 20
-7.47289
 30
0.0
 10
-8.05745
 20
-7.47289
 30
0.0
 10
-8.05745
 20
-7.46937
 30
0.0
 10
-8.05745
 20
-7.46937
 30
0.0
 10
-8.05745
 20
-7.46937
 30
0.0
 10
-8.05745
 20
-7.46937
 30
0.0
 10
-8.05745
 20
-7.46584
 30
0.0
 10
-8.05745
 20
-7.46584
 30
0.0
 10
-8.05745
 20
-7.46584
 30
0.0
 10
-8.05745
 20
-7.46584
 30
0.0
 10
-8.05745
 20
-7.46231
 30
0.0
 10
-8.05745
 20
-7.46231
 30
0.0
  0
SPLINE
  5
27F
330
1F
100
AcDbEntity
  8
Layer 1
370
    25
100
AcDbSpline
210
0.0
220
0.0
230
1.0
 70
    24
 71
     3
 72
    36
 73
    32
 74
     0
 42
0.000000001
 43
0.0000000001
 40
0.0
 40
0.0
 40
0.0
 40
0.0
 40
0.1111111111111111
 40
0.1111111111111111
 40
0.1111111111111111
 40
0.1111111211111111
 40
0.2222222222222222
 40
0.2222222222222222
 40
0.2222222222222222
 40
0.2222222322222222
 40
0.3333333333333333
 40
0.3333333333333333
 40
0.3333333333333333
 40
0.3333333433333333
 40
0.4444444444444444
 40
0.4444444444444444
 40
0.4444444444444444
 40
0.4444444544444444
 40
0.5555555555555556
 40
0.5555555555555556
 40
0.5555555555555556
 40
0.5555555655555556
 40
0.6666666666666666
 40
0.6666666666666666
 40
0.6666666666666666
 40
0.6666666766666667
 40
0.7777777777777778
 40
0.7777777777777778
 40
0.7777777777777778
 40
0.7777777877777778
 40
1.0
 40
1.0
 40
1.0
 40
1.0
 10
-8.05745
 20
-7.48348
 30
0.0
 10
-8.05745
 20
-7.48348
 30
0.0
 10
-8.10684
 20
-7.48348
 30
0.0
 10
-8.10684
 20
-7.48348
 30
0.0
 10
-8.10684
 20
-7.48348
 30
0.0
 10
-8.10684
 20
-7.48348
 30
0.0
 10
-8.15623
 20
-7.48348
 30
0.0
 10
-8.15623
 20
-7.48348
 30
0.0
 10
-8.15623
 20
-7.48348
 30
0.0
 10
-8.15623
 20
-7.48348
 30
0.0
 10
-8.20209
 20
-7.48348
 30
0.0
 10
-8.20209
 20
-7.48348
 30
0.0
 10
-8.20209
 20
-7.48348
 30
0.0
 10
-8.20209
 20
-7.48348
 30
0.0
 10
-8.24442
 20
-7.48348
 30
0.0
 10
-8.24442
 20
-7.48348
 30
0.0
 10
-8.24442
 20
-7.48348
 30
0.0
 10
-8.24442
 20
-7.48348
 30
0.0
 10
-8.27617
 20
-7.48348
 30
0.0
 10
-8.27617
 20
-7.48348
 30
0.0
 10
-8.27617
 20
-7.48348
 30
0.0
 10
-8.27617
 20
-7.48348
 30
0.0
 10
-8.30087
 20
-7.48348
 30
0.0
 10
-8.30087
 20
-7.48348
 30
0.0
 10
-8.30087
 20
-7.48348
 30
0.0
 10
-8.30087
 20
-7.48348
 30
0.0
 10
-8.31498
 20
-7.48348
 30
0.0
 10
-8.31498
 20
-7.48348
 30
0.0
 10
-8.31498
 20
-7.48348
 30
0.0
 10
-8.31498
 20
-7.48348
 30
0.0
 10
-8.32203
 20
-7.48348
 30
0.0
 10
-8.32203
 20
-7.48348
 30
0.0
  0
SPLINE
  5
280
330
1F
100
AcDbEntity
  8
Layer 1
370
    25
100
AcDbSpline
210
0.0
220
0.0
230
1.0
 70
     8
 71
     3
 72
    36
 73
    32
 74
     0
 42
0.000000001
 43
0.0000000001
 40
0.0
 40
0.0
 40
0.0
 40
0.0
 40
0.1111111111111111
 40
0.1111111111111111
 40
0.1111111111111111
 40
0.1111111211111111
 40
0.2222222222222222
 40
0.2222222222222222
 40
0.2222222222222222
 40
0.2222222322222222
 40
0.3333333333333333
 40
0.3333333333333333
 40
0.3333333333333333
 40
0.3333333433333333
 40
0.4444444444444444
 40
0.4444444444444444
 40
0.4444444444444444
 40
0.4444444544444444
 40
0.5555555555555556
 40
0.5555555555555556
 40
0.5555555555555556
 40
0.5555555655555556
 40
0.6666666666666666
 40
0.6666666666666666
 40
0.6666666666666666
 40
0.6666666766666667
 40
0.7777777777777778
 40
0.7777777777777778
 40
0.7777777777777778
 40
0.7777777877777778
 40
1.0
 40
1.0
 40
1.0
 40
1.0
 10
-8.32203
 20
-7.48348
 30
0.0
 10
-8.32203
 20
-7.48348
 30
0.0
 10
-8.32556
 20
-7.48348
 30
0.0
 10
-8.32556
 20
-7.48348
 30
0.0
 10
-8.32556
 20
-7.48348
 30
0.0
 10
-8.32556
 20
-7.48348
 30
0.0
 10
-8.32909
 20
-7.47995
 30
0.0
 10
-8.32909
 20
-7.47995
 30
0.0
 10
-8.32909
 20
-7.47995
 30
0.0
 10
-8.32909
 20
-7.47995
 30
0.0
 10
-8.33262
 20
-7.47995
 30
0.0
 10
-8.33262
 20
-7.47995
 30
0.0
 10
-8.33262
 20
-7.47995
 30
0.0
 10
-8.33262
 20
-7.47995
 30
0.0
 10
-8.33614
 20
-7.47642
 30
0.0
 10
-8.33614
 20
-7.47642
 30
0.0
 10
-8.33614
 20
-7.47642
 30
0.0
 10
-8.33614
 20
-7.47642
 30
0.0
 10
-8.33614
 20
-7.47289
 30
0.0
 10
-8.33614
 20
-7.47289
 30
0.0
 10
-8.33614
 20
-7.47289
 30
0.0
 10
-8.33614
 20
-7.47289
 30
0.0
 10
-8.33967
 20
-7.46937
 30
0.0
 10
-8.33967
 20
-7.46937
 30
0.0
 10
-8.33967
 20
-7.46937
 30
0.0
 10
-8.33967
 20
-7.46937
 30
0.0
 10
-8.33967
 20
-7.46584
 30
0.0
 10
-8.33967
 20
-7.46584
 30
0.0
 10
-8.33967
 20
-7.46584
 30
0.0
 10
-8.33967
 20
-7.46584
 30
0.0
 10
-8.33967
 20
-7.46231
 30
0.0
 10
-8.33967
 20
-7.46231
 30
0.0
  0
SPLINE
  5
281
330
1F
100
AcDbEntity
  8
Layer 1
370
    25
100
AcDbSpline
210
0.0
220
0.0
230
1.0
 70
    24
 71
     3
 72
     8
 73
     4
 74
     0
 42
0.000000001
 43
0.0000000001
 40
0.0
 40
0.0
 40
0.0
 40
0.0
 40
1.0
 40
1.0
 40
1.0
 40
1.0
 10
-2.09903
 20
-7.50112
 30
0.0
 10
-2.09903
 20
-7.50112
 30
0.0
 10
-2.09903
 20
-7.48348
 30
0.0
 10
-2.09903
 20
-7.48348
 30
0.0
  0
SPLINE
  5
282
330
1F
100
AcDbEntity
  8
Layer 1
370
    25
100
AcDbSpline
210
0.0
220
0.0
230
1.0
 70
    24
 71
     3
 72
    16
 73
    12
 74
     0
 42
0.000000001
 43
0.0000000001
 40
0.0
 40
0.0
 40
0.0
 40
0.0
 40
0.25
 40
0.25
 40
0.25
 40
0.25000001
 40
0.5
 40
0.5
 40
0.5
 40
0.50000001
 40
1.0
 40
1.0
 40
1.0
 40
1.0
 10
-2.09903
 20
-7.50112
 30
0.0
 10
-2.09903
 20
-7.50112
 30
0.0
 10
-2.12373
 20
-7.50112
 30
0.0
 10
-2.12373
 20
-7.50112
 30
0.0
 10
-2.12373
 20
-7.50112
 30
0.0
 10
-2.12373
 20
-7.50112
 30
0.0
 10
-2.14842
 20
-7.50112
 30
0.0
 10
-2.14842
 20
-7.50112
 30
0.0
 10
-2.14842
 20
-7.50112
 30
0.0
 10
-2.14842
 20
-7.50112
 30
0.0
 10
-2.16253
 20
-7.50112
 30
0.0
 10
-2.16253
 20
-7.50112
 30
0.0
  0
SPLINE
  5
283
330
1F
100
AcDbEntity
  8
Layer 1
370
    25
100
AcDbSpline
210
0.0
220
0.0
230
1.0
 70
    24
 71
     3
 72
     8
 73
     4
 74
     0
 42
0.000000001
 43
0.0000000001
 40
0.0
 40
0.0
 40
0.0
 40
0.0
 40
1.0
 40
1.0
 40
1.0
 40
1.0
 10
-2.16253
 20
-7.50112
 30
0.0
 10
-2.16253
 20
-7.50112
 30
0.0
 10
-2.16606
 20
-7.48348
 30
0.0
 10
-2.16606
 20
-7.48348
 30
0.0
  0
SPLINE
  5
284
330
1F
100
AcDbEntity
  8
Layer 1
370
    25
100
AcDbSpline
210
0.0
220
0.0
230
1.0
 70
     8
 71
     3
 72
    12
 73
     8
 74
     0
 42
0.000000001
 43
0.0000000001
 40
0.0
 40
0.0
 40
0.0
 40
0.0
 40
0.3333333333333333
 40
0.3333333333333333
 40
0.3333333333333333
 40
0.3333333433333333
 40
1.0
 40
1.0
 40
1.0
 40
1.0
 10
-2.00025
 20
-7.50112
 30
0.0
 10
-2.00025
 20
-7.50112
 30
0.0
 10
-2.00025
 20
-7.49406
 30
0.0
 10
-2.00025
 20
-7.49406
 30
0.0
 10
-2.00025
 20
-7.49406
 30
0.0
 10
-2.00025
 20
-7.49406
 30
0.0
 10
-1.99673
 20
-7.48348
 30
0.0
 10
-1.99673
 20
-7.48348
 30
0.0
  0
SPLINE
  5
285
330
1F
100
AcDbEntity
  8
Layer 1
370
    25
100
AcDbSpline
210
0.0
220
0.0
230
1.0
 70
    24
 71
     3
 72
    20
 73
    16
 74
     0
 42
0.000000001
 43
0.0000000001
 40
0.0
 40
0.0
 40
0.0
 40
0.0
 40
0.2
 40
0.2
 40
0.2
 40
0.20000001
 40
0.4
 40
0.4
 40
0.4
 40
0.40000001
 40
0.6
 40
0.6
 40
0.6
 40
0.60000001
 40
1.0
 40
1.0
 40
1.0
 40
1.0
 10
-2.00025
 20
-7.50112
 30
0.0
 10
-2.00025
 20
-7.50112
 30
0.0
 10
-2.01084
 20
-7.50112
 30
0.0
 10
-2.01084
 20
-7.50112
 30
0.0
 10
-2.01084
 20
-7.50112
 30
0.0
 10
-2.01084
 20
-7.50112
 30
0.0
 10
-2.02848
 20
-7.50112
 30
0.0
 10
-2.02848
 20
-7.50112
 30
0.0
 10
-2.02848
 20
-7.50112
 30
0.0
 10
-2.02848
 20
-7.50112
 30
0.0
 10
-2.04964
 20
-7.50112
 30
0.0
 10
-2.04964
 20
-7.50112
 30
0.0
 10
-2.04964
 20
-7.50112
 30
0.0
 10
-2.04964
 20
-7.50112
 30
0.0
 10
-2.07434
 20
-7.50112
 30
0.0
 10
-2.07434
 20
-7.50112
 30
0.0
  0
SPLINE
  5
286
330
1F
100
AcDbEntity
  8
Layer 1
370
    25
100
AcDbSpline
210
0.0
220
0.0
230
1.0
 70
    24
 71
     3
 72
     8
 73
     4
 74
     0
 42
0.000000001
 43
0.0000000001
 40
0.0
 40
0.0
 40
0.0
 40
0.0
 40
1.0
 40
1.0
 40
1.0
 40
1.0
 10
-2.07434
 20
-7.50112
 30
0.0
 10
-2.07434
 20
-7.50112
 30
0.0
 10
-2.07434
 20
-7.48348
 30
0.0
 10
-2.07434
 20
-7.48348
 30
0.0
  0
SPLINE
  5
287
330
1F
100
AcDbEntity
  8
Layer 1
370
    25
100
AcDbSpline
210
0.0
220
0.0
230
1.0
 70
    24
 71
     3
 72
     8
 73
     4
 74
     0
 42
0.000000001
 43
0.0000000001
 40
0.0
 40
0.0
 40
0.0
 40
0.0
 40
1.0
 40
1.0
 40
1.0
 40
1.0
 10
-0.889
 20
-7.50112
 30
0.0
 10
-0.889
 20
-7.50112
 30
0.0
 10
-0.92781
 20
-7.50112
 30
0.0
 10
-0.92781
 20
-7.50112
 30
0.0
  0
SPLINE
  5
288
330
1F
100
AcDbEntity
  8
Layer 1
370
    25
100
AcDbSpline
210
0.0
220
0.0
230
1.0
 70
    24
 71
     3
 72
     8
 73
     4
 74
     0
 42
0.000000001
 43
0.0000000001
 40
0.0
 40
0.0
 40
0.0
 40
0.0
 40
1.0
 40
1.0
 40
1.0
 40
1.0
 10
-0.889
 20
-7.50112
 30
0.0
 10
-0.889
 20
-7.50112
 30
0.0
 10
-0.88548
 20
-7.48348
 30
0.0
 10
-0.88548
 20
-7.48348
 30
0.0
  0
SPLINE
  5
289
330
1F
100
AcDbEntity
  8
Layer 1
370
    25
100
AcDbSpline
210
0.0
220
0.0
230
1.0
 70
    24
 71
     3
 72
     8
 73
     4
 74
     0
 42
0.000000001
 43
0.0000000001
 40
0.0
 40
0.0
 40
0.0
 40
0.0
 40
1.0
 40
1.0
 40
1.0
 40
1.0
 10
-0.92781
 20
-7.50112
 30
0.0
 10
-0.92781
 20
-7.50112
 30
0.0
 10
-0.93134
 20
-7.48348
 30
0.0
 10
-0.93134
 20
-7.48348
 30
0.0
  0
SPLINE
  5
28A
330
1F
100
AcDbEntity
  8
Layer 1
370
    25
100
AcDbSpline
210
0.0
220
0.0
230
1.0
 70
    24
 71
     3
 72
     8
 73
     4
 74
     0
 42
0.000000001
 43
0.0000000001
 40
0.0
 40
0.0
 40
0.0
 40
0.0
 40
1.0
 40
1.0
 40
1.0
 40
1.0
 10
-2.07434
 20
-7.50112
 30
0.0
 10
-2.07434
 20
-7.50112
 30
0.0
 10
-2.09903
 20
-7.50112
 30
0.0
 10
-2.09903
 20
-7.50112
 30
0.0
  0
SPLINE
  5
28B
330
1F
100
AcDbEntity
  8
Layer 1
370
    25
100
AcDbSpline
210
0.0
220
0.0
230
1.0
 70
    24
 71
     3
 72
     8
 73
     4
 74
     0
 42
0.000000001
 43
0.0000000001
 40
0.0
 40
0.0
 40
0.0
 40
0.0
 40
1.0
 40
1.0
 40
1.0
 40
1.0
 10
-1.67923
 20
-7.50112
 30
0.0
 10
-1.67923
 20
-7.50112
 30
0.0
 10
-1.67923
 20
-7.48348
 30
0.0
 10
-1.67923
 20
-7.48348
 30
0.0
  0
SPLINE
  5
28C
330
1F
100
AcDbEntity
  8
Layer 1
370
    25
100
AcDbSpline
210
0.0
220
0.0
230
1.0
 70
    24
 71
     3
 72
    20
 73
    16
 74
     0
 42
0.000000001
 43
0.0000000001
 40
0.0
 40
0.0
 40
0.0
 40
0.0
 40
0.2
 40
0.2
 40
0.2
 40
0.20000001
 40
0.4
 40
0.4
 40
0.4
 40
0.40000001
 40
0.6
 40
0.6
 40
0.6
 40
0.60000001
 40
1.0
 40
1.0
 40
1.0
 40
1.0
 10
-1.67923
 20
-7.50112
 30
0.0
 10
-1.67923
 20
-7.50112
 30
0.0
 10
-1.70392
 20
-7.50112
 30
0.0
 10
-1.70392
 20
-7.50112
 30
0.0
 10
-1.70392
 20
-7.50112
 30
0.0
 10
-1.70392
 20
-7.50112
 30
0.0
 10
-1.72862
 20
-7.50112
 30
0.0
 10
-1.72862
 20
-7.50112
 30
0.0
 10
-1.72862
 20
-7.50112
 30
0.0
 10
-1.72862
 20
-7.50112
 30
0.0
 10
-1.74625
 20
-7.50112
 30
0.0
 10
-1.74625
 20
-7.50112
 30
0.0
 10
-1.74625
 20
-7.50112
 30
0.0
 10
-1.74625
 20
-7.50112
 30
0.0
 10
-1.75331
 20
-7.50112
 30
0.0
 10
-1.75331
 20
-7.50112
 30
0.0
  0
SPLINE
  5
28D
330
1F
100
AcDbEntity
  8
Layer 1
370
    25
100
AcDbSpline
210
0.0
220
0.0
230
1.0
 70
    24
 71
     3
 72
     8
 73
     4
 74
     0
 42
0.000000001
 43
0.0000000001
 40
0.0
 40
0.0
 40
0.0
 40
0.0
 40
1.0
 40
1.0
 40
1.0
 40
1.0
 10
-1.75331
 20
-7.50112
 30
0.0
 10
-1.75331
 20
-7.50112
 30
0.0
 10
-1.75684
 20
-7.48348
 30
0.0
 10
-1.75684
 20
-7.48348
 30
0.0
  0
SPLINE
  5
28E
330
1F
100
AcDbEntity
  8
Layer 1
370
    25
100
AcDbSpline
210
0.0
220
0.0
230
1.0
 70
    24
 71
     3
 72
    16
 73
    12
 74
     0
 42
0.000000001
 43
0.0000000001
 40
0.0
 40
0.0
 40
0.0
 40
0.0
 40
0.25
 40
0.25
 40
0.25
 40
0.25000001
 40
0.5
 40
0.5
 40
0.5
 40
0.50000001
 40
1.0
 40
1.0
 40
1.0
 40
1.0
 10
-1.89089
 20
-7.50112
 30
0.0
 10
-1.89089
 20
-7.50112
 30
0.0
 10
-1.89089
 20
-7.49759
 30
0.0
 10
-1.89089
 20
-7.49759
 30
0.0
 10
-1.89089
 20
-7.49759
 30
0.0
 10
-1.89089
 20
-7.49759
 30
0.0
 10
-1.89089
 20
-7.49053
 30
0.0
 10
-1.89089
 20
-7.49053
 30
0.0
 10
-1.89089
 20
-7.49053
 30
0.0
 10
-1.89089
 20
-7.49053
 30
0.0
 10
-1.89089
 20
-7.48348
 30
0.0
 10
-1.89089
 20
-7.48348
 30
0.0
  0
SPLINE
  5
28F
330
1F
100
AcDbEntity
  8
Layer 1
370
    25
100
AcDbSpline
210
0.0
220
0.0
230
1.0
 70
    24
 71
     3
 72
    24
 73
    20
 74
     0
 42
0.000000001
 43
0.0000000001
 40
0.0
 40
0.0
 40
0.0
 40
0.0
 40
0.1666666666666667
 40
0.1666666666666667
 40
0.1666666666666667
 40
0.1666666766666667
 40
0.3333333333333333
 40
0.3333333333333333
 40
0.3333333333333333
 40
0.3333333433333333
 40
0.5
 40
0.5
 40
0.5
 40
0.50000001
 40
0.6666666666666666
 40
0.6666666666666666
 40
0.6666666666666666
 40
0.6666666766666667
 40
1.0
 40
1.0
 40
1.0
 40
1.0
 10
-1.89089
 20
-7.50112
 30
0.0
 10
-1.89089
 20
-7.50112
 30
0.0
 10
-1.91559
 20
-7.50112
 30
0.0
 10
-1.91559
 20
-7.50112
 30
0.0
 10
-1.91559
 20
-7.50112
 30
0.0
 10
-1.91559
 20
-7.50112
 30
0.0
 10
-1.93675
 20
-7.50112
 30
0.0
 10
-1.93675
 20
-7.50112
 30
0.0
 10
-1.93675
 20
-7.50112
 30
0.0
 10
-1.93675
 20
-7.50112
 30
0.0
 10
-1.95439
 20
-7.50112
 30
0.0
 10
-1.95439
 20
-7.50112
 30
0.0
 10
-1.95439
 20
-7.50112
 30
0.0
 10
-1.95439
 20
-7.50112
 30
0.0
 10
-1.96145
 20
-7.50112
 30
0.0
 10
-1.96145
 20
-7.50112
 30
0.0
 10
-1.96145
 20
-7.50112
 30
0.0
 10
-1.96145
 20
-7.50112
 30
0.0
 10
-1.96498
 20
-7.50112
 30
0.0
 10
-1.96498
 20
-7.50112
 30
0.0
  0
SPLINE
  5
290
330
1F
100
AcDbEntity
  8
Layer 1
370
    25
100
AcDbSpline
210
0.0
220
0.0
230
1.0
 70
    24
 71
     3
 72
     8
 73
     4
 74
     0
 42
0.000000001
 43
0.0000000001
 40
0.0
 40
0.0
 40
0.0
 40
0.0
 40
1.0
 40
1.0
 40
1.0
 40
1.0
 10
-1.96498
 20
-7.50112
 30
0.0
 10
-1.96498
 20
-7.50112
 30
0.0
 10
-1.9685
 20
-7.48348
 30
0.0
 10
-1.9685
 20
-7.48348
 30
0.0
  0
SPLINE
  5
291
330
1F
100
AcDbEntity
  8
Layer 1
370
    25
100
AcDbSpline
210
0.0
220
0.0
230
1.0
 70
    24
 71
     3
 72
     8
 73
     4
 74
     0
 42
0.000000001
 43
0.0000000001
 40
0.0
 40
0.0
 40
0.0
 40
0.0
 40
1.0
 40
1.0
 40
1.0
 40
1.0
 10
-0.77964
 20
-7.50112
 30
0.0
 10
-0.77964
 20
-7.50112
 30
0.0
 10
-0.77964
 20
-7.48348
 30
0.0
 10
-0.77964
 20
-7.48348
 30
0.0
  0
SPLINE
  5
292
330
1F
100
AcDbEntity
  8
Layer 1
370
    25
100
AcDbSpline
210
0.0
220
0.0
230
1.0
 70
    24
 71
     3
 72
    20
 73
    16
 74
     0
 42
0.000000001
 43
0.0000000001
 40
0.0
 40
0.0
 40
0.0
 40
0.0
 40
0.2
 40
0.2
 40
0.2
 40
0.20000001
 40
0.4
 40
0.4
 40
0.4
 40
0.40000001
 40
0.6
 40
0.6
 40
0.6
 40
0.60000001
 40
1.0
 40
1.0
 40
1.0
 40
1.0
 10
-0.77964
 20
-7.50112
 30
0.0
 10
-0.77964
 20
-7.50112
 30
0.0
 10
-0.80434
 20
-7.50112
 30
0.0
 10
-0.80434
 20
-7.50112
 30
0.0
 10
-0.80434
 20
-7.50112
 30
0.0
 10
-0.80434
 20
-7.50112
 30
0.0
 10
-0.82903
 20
-7.50112
 30
0.0
 10
-0.82903
 20
-7.50112
 30
0.0
 10
-0.82903
 20
-7.50112
 30
0.0
 10
-0.82903
 20
-7.50112
 30
0.0
 10
-0.84314
 20
-7.50112
 30
0.0
 10
-0.84314
 20
-7.50112
 30
0.0
 10
-0.84314
 20
-7.50112
 30
0.0
 10
-0.84314
 20
-7.50112
 30
0.0
 10
-0.85373
 20
-7.50112
 30
0.0
 10
-0.85373
 20
-7.50112
 30
0.0
  0
SPLINE
  5
293
330
1F
100
AcDbEntity
  8
Layer 1
370
    25
100
AcDbSpline
210
0.0
220
0.0
230
1.0
 70
    24
 71
     3
 72
     8
 73
     4
 74
     0
 42
0.000000001
 43
0.0000000001
 40
0.0
 40
0.0
 40
0.0
 40
0.0
 40
1.0
 40
1.0
 40
1.0
 40
1.0
 10
-0.85373
 20
-7.50112
 30
0.0
 10
-0.85373
 20
-7.50112
 30
0.0
 10
-0.85725
 20
-7.48348
 30
0.0
 10
-0.85725
 20
-7.48348
 30
0.0
  0
SPLINE
  5
294
330
1F
100
AcDbEntity
  8
Layer 1
370
    25
100
AcDbSpline
210
0.0
220
0.0
230
1.0
 70
    24
 71
     3
 72
     8
 73
     4
 74
     0
 42
0.000000001
 43
0.0000000001
 40
0.0
 40
0.0
 40
0.0
 40
0.0
 40
1.0
 40
1.0
 40
1.0
 40
1.0
 10
-1.25942
 20
-7.50112
 30
0.0
 10
-1.25942
 20
-7.50112
 30
0.0
 10
-1.25942
 20
-7.48348
 30
0.0
 10
-1.25942
 20
-7.48348
 30
0.0
  0
SPLINE
  5
295
330
1F
100
AcDbEntity
  8
Layer 1
370
    25
100
AcDbSpline
210
0.0
220
0.0
230
1.0
 70
    24
 71
     3
 72
    16
 73
    12
 74
     0
 42
0.000000001
 43
0.0000000001
 40
0.0
 40
0.0
 40
0.0
 40
0.0
 40
0.25
 40
0.25
 40
0.25
 40
0.25000001
 40
0.5
 40
0.5
 40
0.5
 40
0.50000001
 40
1.0
 40
1.0
 40
1.0
 40
1.0
 10
-1.25942
 20
-7.50112
 30
0.0
 10
-1.25942
 20
-7.50112
 30
0.0
 10
-1.28412
 20
-7.50112
 30
0.0
 10
-1.28412
 20
-7.50112
 30
0.0
 10
-1.28412
 20
-7.50112
 30
0.0
 10
-1.28412
 20
-7.50112
 30
0.0
 10
-1.30881
 20
-7.50112
 30
0.0
 10
-1.30881
 20
-7.50112
 30
0.0
 10
-1.30881
 20
-7.50112
 30
0.0
 10
-1.30881
 20
-7.50112
 30
0.0
 10
-1.31587
 20
-7.50112
 30
0.0
 10
-1.31587
 20
-7.50112
 30
0.0
  0
SPLINE
  5
296
330
1F
100
AcDbEntity
  8
Layer 1
370
    25
100
AcDbSpline
210
0.0
220
0.0
230
1.0
 70
     8
 71
     3
 72
    12
 73
     8
 74
     0
 42
0.000000001
 43
0.0000000001
 40
0.0
 40
0.0
 40
0.0
 40
0.0
 40
0.3333333333333333
 40
0.3333333333333333
 40
0.3333333333333333
 40
0.3333333433333333
 40
1.0
 40
1.0
 40
1.0
 40
1.0
 10
-1.31587
 20
-7.50112
 30
0.0
 10
-1.31587
 20
-7.50112
 30
0.0
 10
-1.31939
 20
-7.49406
 30
0.0
 10
-1.31939
 20
-7.49406
 30
0.0
 10
-1.31939
 20
-7.49406
 30
0.0
 10
-1.31939
 20
-7.49406
 30
0.0
 10
-1.32292
 20
-7.48348
 30
0.0
 10
-1.32292
 20
-7.48348
 30
0.0
  0
SPLINE
  5
297
330
1F
100
AcDbEntity
  8
Layer 1
370
    25
100
AcDbSpline
210
0.0
220
0.0
230
1.0
 70
     8
 71
     3
 72
    16
 73
    12
 74
     0
 42
0.000000001
 43
0.0000000001
 40
0.0
 40
0.0
 40
0.0
 40
0.0
 40
0.25
 40
0.25
 40
0.25
 40
0.25000001
 40
0.5
 40
0.5
 40
0.5
 40
0.50000001
 40
1.0
 40
1.0
 40
1.0
 40
1.0
 10
-1.58045
 20
-7.50112
 30
0.0
 10
-1.58045
 20
-7.50112
 30
0.0
 10
-1.57692
 20
-7.49759
 30
0.0
 10
-1.57692
 20
-7.49759
 30
0.0
 10
-1.57692
 20
-7.49759
 30
0.0
 10
-1.57692
 20
-7.49759
 30
0.0
 10
-1.57692
 20
-7.49053
 30
0.0
 10
-1.57692
 20
-7.49053
 30
0.0
 10
-1.57692
 20
-7.49053
 30
0.0
 10
-1.57692
 20
-7.49053
 30
0.0
 10
-1.57692
 20
-7.48348
 30
0.0
 10
-1.57692
 20
-7.48348
 30
0.0
  0
SPLINE
  5
298
330
1F
100
AcDbEntity
  8
Layer 1
370
    25
100
AcDbSpline
210
0.0
220
0.0
230
1.0
 70
    24
 71
     3
 72
    24
 73
    20
 74
     0
 42
0.000000001
 43
0.0000000001
 40
0.0
 40
0.0
 40
0.0
 40
0.0
 40
0.1666666666666667
 40
0.1666666666666667
 40
0.1666666666666667
 40
0.1666666766666667
 40
0.3333333333333333
 40
0.3333333333333333
 40
0.3333333333333333
 40
0.3333333433333333
 40
0.5
 40
0.5
 40
0.5
 40
0.50000001
 40
0.6666666666666666
 40
0.6666666666666666
 40
0.6666666666666666
 40
0.6666666766666667
 40
1.0
 40
1.0
 40
1.0
 40
1.0
 10
-1.58045
 20
-7.50112
 30
0.0
 10
-1.58045
 20
-7.50112
 30
0.0
 10
-1.58398
 20
-7.50112
 30
0.0
 10
-1.58398
 20
-7.50112
 30
0.0
 10
-1.58398
 20
-7.50112
 30
0.0
 10
-1.58398
 20
-7.50112
 30
0.0
 10
-1.59809
 20
-7.50112
 30
0.0
 10
-1.59809
 20
-7.50112
 30
0.0
 10
-1.59809
 20
-7.50112
 30
0.0
 10
-1.59809
 20
-7.50112
 30
0.0
 10
-1.6122
 20
-7.50112
 30
0.0
 10
-1.6122
 20
-7.50112
 30
0.0
 10
-1.6122
 20
-7.50112
 30
0.0
 10
-1.6122
 20
-7.50112
 30
0.0
 10
-1.64042
 20
-7.50112
 30
0.0
 10
-1.64042
 20
-7.50112
 30
0.0
 10
-1.64042
 20
-7.50112
 30
0.0
 10
-1.64042
 20
-7.50112
 30
0.0
 10
-1.65453
 20
-7.50112
 30
0.0
 10
-1.65453
 20
-7.50112
 30
0.0
  0
SPLINE
  5
299
330
1F
100
AcDbEntity
  8
Layer 1
370
    25
100
AcDbSpline
210
0.0
220
0.0
230
1.0
 70
    24
 71
     3
 72
     8
 73
     4
 74
     0
 42
0.000000001
 43
0.0000000001
 40
0.0
 40
0.0
 40
0.0
 40
0.0
 40
1.0
 40
1.0
 40
1.0
 40
1.0
 10
-1.65453
 20
-7.50112
 30
0.0
 10
-1.65453
 20
-7.50112
 30
0.0
 10
-1.65453
 20
-7.48348
 30
0.0
 10
-1.65453
 20
-7.48348
 30
0.0
  0
SPLINE
  5
29A
330
1F
100
AcDbEntity
  8
Layer 1
370
    25
100
AcDbSpline
210
0.0
220
0.0
230
1.0
 70
     8
 71
     3
 72
    12
 73
     8
 74
     0
 42
0.000000001
 43
0.0000000001
 40
0.0
 40
0.0
 40
0.0
 40
0.0
 40
0.3333333333333333
 40
0.3333333333333333
 40
0.3333333333333333
 40
0.3333333433333333
 40
1.0
 40
1.0
 40
1.0
 40
1.0
 10
-1.79212
 20
-7.50112
 30
0.0
 10
-1.79212
 20
-7.50112
 30
0.0
 10
-1.78859
 20
-7.49406
 30
0.0
 10
-1.78859
 20
-7.49406
 30
0.0
 10
-1.78859
 20
-7.49406
 30
0.0
 10
-1.78859
 20
-7.49406
 30
0.0
 10
-1.78859
 20
-7.48348
 30
0.0
 10
-1.78859
 20
-7.48348
 30
0.0
  0
SPLINE
  5
29B
330
1F
100
AcDbEntity
  8
Layer 1
370
    25
100
AcDbSpline
210
0.0
220
0.0
230
1.0
 70
    24
 71
     3
 72
    20
 73
    16
 74
     0
 42
0.000000001
 43
0.0000000001
 40
0.0
 40
0.0
 40
0.0
 40
0.0
 40
0.2
 40
0.2
 40
0.2
 40
0.20000001
 40
0.4
 40
0.4
 40
0.4
 40
0.40000001
 40
0.6
 40
0.6
 40
0.6
 40
0.60000001
 40
1.0
 40
1.0
 40
1.0
 40
1.0
 10
-1.79212
 20
-7.50112
 30
0.0
 10
-1.79212
 20
-7.50112
 30
0.0
 10
-1.8027
 20
-7.50112
 30
0.0
 10
-1.8027
 20
-7.50112
 30
0.0
 10
-1.8027
 20
-7.50112
 30
0.0
 10
-1.8027
 20
-7.50112
 30
0.0
 10
-1.81681
 20
-7.50112
 30
0.0
 10
-1.81681
 20
-7.50112
 30
0.0
 10
-1.81681
 20
-7.50112
 30
0.0
 10
-1.81681
 20
-7.50112
 30
0.0
 10
-1.83798
 20
-7.50112
 30
0.0
 10
-1.83798
 20
-7.50112
 30
0.0
 10
-1.83798
 20
-7.50112
 30
0.0
 10
-1.83798
 20
-7.50112
 30
0.0
 10
-1.86267
 20
-7.50112
 30
0.0
 10
-1.86267
 20
-7.50112
 30
0.0
  0
SPLINE
  5
29C
330
1F
100
AcDbEntity
  8
Layer 1
370
    25
100
AcDbSpline
210
0.0
220
0.0
230
1.0
 70
    24
 71
     3
 72
     8
 73
     4
 74
     0
 42
0.000000001
 43
0.0000000001
 40
0.0
 40
0.0
 40
0.0
 40
0.0
 40
1.0
 40
1.0
 40
1.0
 40
1.0
 10
-1.86267
 20
-7.50112
 30
0.0
 10
-1.86267
 20
-7.50112
 30
0.0
 10
-1.86267
 20
-7.48348
 30
0.0
 10
-1.86267
 20
-7.48348
 30
0.0
  0
SPLINE
  5
29D
330
1F
100
AcDbEntity
  8
Layer 1
370
    25
100
AcDbSpline
210
0.0
220
0.0
230
1.0
 70
    24
 71
     3
 72
     8
 73
     4
 74
     0
 42
0.000000001
 43
0.0000000001
 40
0.0
 40
0.0
 40
0.0
 40
0.0
 40
1.0
 40
1.0
 40
1.0
 40
1.0
 10
-0.68087
 20
-7.50112
 30
0.0
 10
-0.68087
 20
-7.50112
 30
0.0
 10
-0.67734
 20
-7.48348
 30
0.0
 10
-0.67734
 20
-7.48348
 30
0.0
  0
SPLINE
  5
29E
330
1F
100
AcDbEntity
  8
Layer 1
370
    25
100
AcDbSpline
210
0.0
220
0.0
230
1.0
 70
    24
 71
     3
 72
    24
 73
    20
 74
     0
 42
0.000000001
 43
0.0000000001
 40
0.0
 40
0.0
 40
0.0
 40
0.0
 40
0.1666666666666667
 40
0.1666666666666667
 40
0.1666666666666667
 40
0.1666666766666667
 40
0.3333333333333333
 40
0.3333333333333333
 40
0.3333333333333333
 40
0.3333333433333333
 40
0.5
 40
0.5
 40
0.5
 40
0.50000001
 40
0.6666666666666666
 40
0.6666666666666666
 40
0.6666666666666666
 40
0.6666666766666667
 40
1.0
 40
1.0
 40
1.0
 40
1.0
 10
-0.68087
 20
-7.50112
 30
0.0
 10
-0.68087
 20
-7.50112
 30
0.0
 10
-0.68439
 20
-7.50112
 30
0.0
 10
-0.68439
 20
-7.50112
 30
0.0
 10
-0.68439
 20
-7.50112
 30
0.0
 10
-0.68439
 20
-7.50112
 30
0.0
 10
-0.69498
 20
-7.50112
 30
0.0
 10
-0.69498
 20
-7.50112
 30
0.0
 10
-0.69498
 20
-7.50112
 30
0.0
 10
-0.69498
 20
-7.50112
 30
0.0
 10
-0.71262
 20
-7.50112
 30
0.0
 10
-0.71262
 20
-7.50112
 30
0.0
 10
-0.71262
 20
-7.50112
 30
0.0
 10
-0.71262
 20
-7.50112
 30
0.0
 10
-0.73025
 20
-7.50112
 30
0.0
 10
-0.73025
 20
-7.50112
 30
0.0
 10
-0.73025
 20
-7.50112
 30
0.0
 10
-0.73025
 20
-7.50112
 30
0.0
 10
-0.75495
 20
-7.50112
 30
0.0
 10
-0.75495
 20
-7.50112
 30
0.0
  0
SPLINE
  5
29F
330
1F
100
AcDbEntity
  8
Layer 1
370
    25
100
AcDbSpline
210
0.0
220
0.0
230
1.0
 70
    24
 71
     3
 72
     8
 73
     4
 74
     0
 42
0.000000001
 43
0.0000000001
 40
0.0
 40
0.0
 40
0.0
 40
0.0
 40
1.0
 40
1.0
 40
1.0
 40
1.0
 10
-0.75495
 20
-7.50112
 30
0.0
 10
-0.75495
 20
-7.50112
 30
0.0
 10
-0.75495
 20
-7.48348
 30
0.0
 10
-0.75495
 20
-7.48348
 30
0.0
  0
SPLINE
  5
2A0
330
1F
100
AcDbEntity
  8
Layer 1
370
    25
100
AcDbSpline
210
0.0
220
0.0
230
1.0
 70
     8
 71
     3
 72
    12
 73
     8
 74
     0
 42
0.000000001
 43
0.0000000001
 40
0.0
 40
0.0
 40
0.0
 40
0.0
 40
0.3333333333333333
 40
0.3333333333333333
 40
0.3333333333333333
 40
0.3333333433333333
 40
1.0
 40
1.0
 40
1.0
 40
1.0
 10
-0.97367
 20
-7.50112
 30
0.0
 10
-0.97367
 20
-7.50112
 30
0.0
 10
-0.97014
 20
-7.49406
 30
0.0
 10
-0.97014
 20
-7.49406
 30
0.0
 10
-0.97014
 20
-7.49406
 30
0.0
 10
-0.97014
 20
-7.49406
 30
0.0
 10
-0.96662
 20
-7.48348
 30
0.0
 10
-0.96662
 20
-7.48348
 30
0.0
  0
SPLINE
  5
2A1
330
1F
100
AcDbEntity
  8
Layer 1
370
    25
100
AcDbSpline
210
0.0
220
0.0
230
1.0
 70
    24
 71
     3
 72
    16
 73
    12
 74
     0
 42
0.000000001
 43
0.0000000001
 40
0.0
 40
0.0
 40
0.0
 40
0.0
 40
0.25
 40
0.25
 40
0.25
 40
0.25000001
 40
0.5
 40
0.5
 40
0.5
 40
0.50000001
 40
1.0
 40
1.0
 40
1.0
 40
1.0
 10
-0.97367
 20
-7.50112
 30
0.0
 10
-0.97367
 20
-7.50112
 30
0.0
 10
-0.99131
 20
-7.50112
 30
0.0
 10
-0.99131
 20
-7.50112
 30
0.0
 10
-0.99131
 20
-7.50112
 30
0.0
 10
-0.99131
 20
-7.50112
 30
0.0
 10
-1.016
 20
-7.50112
 30
0.0
 10
-1.016
 20
-7.50112
 30
0.0
 10
-1.016
 20
-7.50112
 30
0.0
 10
-1.016
 20
-7.50112
 30
0.0
 10
-1.02306
 20
-7.50112
 30
0.0
 10
-1.02306
 20
-7.50112
 30
0.0
  0
SPLINE
  5
2A2
330
1F
100
AcDbEntity
  8
Layer 1
370
    25
100
AcDbSpline
210
0.0
220
0.0
230
1.0
 70
    24
 71
     3
 72
     8
 73
     4
 74
     0
 42
0.000000001
 43
0.0000000001
 40
0.0
 40
0.0
 40
0.0
 40
0.0
 40
1.0
 40
1.0
 40
1.0
 40
1.0
 10
-1.02306
 20
-7.50112
 30
0.0
 10
-1.02306
 20
-7.50112
 30
0.0
 10
-1.02306
 20
-7.48348
 30
0.0
 10
-1.02306
 20
-7.48348
 30
0.0
  0
SPLINE
  5
2A3
330
1F
100
AcDbEntity
  8
Layer 1
370
    25
100
AcDbSpline
210
0.0
220
0.0
230
1.0
 70
    24
 71
     3
 72
    24
 73
    20
 74
     0
 42
0.000000001
 43
0.0000000001
 40
0.0
 40
0.0
 40
0.0
 40
0.0
 40
0.1666666666666667
 40
0.1666666666666667
 40
0.1666666666666667
 40
0.1666666766666667
 40
0.3333333333333333
 40
0.3333333333333333
 40
0.3333333333333333
 40
0.3333333433333333
 40
0.5
 40
0.5
 40
0.5
 40
0.50000001
 40
0.6666666666666666
 40
0.6666666666666666
 40
0.6666666666666666
 40
0.6666666766666667
 40
1.0
 40
1.0
 40
1.0
 40
1.0
 10
-1.16064
 20
-7.50112
 30
0.0
 10
-1.16064
 20
-7.50112
 30
0.0
 10
-1.16417
 20
-7.50112
 30
0.0
 10
-1.16417
 20
-7.50112
 30
0.0
 10
-1.16417
 20
-7.50112
 30
0.0
 10
-1.16417
 20
-7.50112
 30
0.0
 10
-1.17475
 20
-7.50112
 30
0.0
 10
-1.17475
 20
-7.50112
 30
0.0
 10
-1.17475
 20
-7.50112
 30
0.0
 10
-1.17475
 20
-7.50112
 30
0.0
 10
-1.18887
 20
-7.50112
 30
0.0
 10
-1.18887
 20
-7.50112
 30
0.0
 10
-1.18887
 20
-7.50112
 30
0.0
 10
-1.18887
 20
-7.50112
 30
0.0
 10
-1.21003
 20
-7.50112
 30
0.0
 10
-1.21003
 20
-7.50112
 30
0.0
 10
-1.21003
 20
-7.50112
 30
0.0
 10
-1.21003
 20
-7.50112
 30
0.0
 10
-1.23473
 20
-7.50112
 30
0.0
 10
-1.23473
 20
-7.50112
 30
0.0
  0
SPLINE
  5
2A4
330
1F
100
AcDbEntity
  8
Layer 1
370
    25
100
AcDbSpline
210
0.0
220
0.0
230
1.0
 70
    24
 71
     3
 72
     8
 73
     4
 74
     0
 42
0.000000001
 43
0.0000000001
 40
0.0
 40
0.0
 40
0.0
 40
0.0
 40
1.0
 40
1.0
 40
1.0
 40
1.0
 10
-1.23473
 20
-7.50112
 30
0.0
 10
-1.23473
 20
-7.50112
 30
0.0
 10
-1.23473
 20
-7.48348
 30
0.0
 10
-1.23473
 20
-7.48348
 30
0.0
  0
SPLINE
  5
2A5
330
1F
100
AcDbEntity
  8
Layer 1
370
    25
100
AcDbSpline
210
0.0
220
0.0
230
1.0
 70
    24
 71
     3
 72
    24
 73
    20
 74
     0
 42
0.000000001
 43
0.0000000001
 40
0.0
 40
0.0
 40
0.0
 40
0.0
 40
0.1666666666666667
 40
0.1666666666666667
 40
0.1666666666666667
 40
0.1666666766666667
 40
0.3333333333333333
 40
0.3333333333333333
 40
0.3333333333333333
 40
0.3333333433333333
 40
0.5
 40
0.5
 40
0.5
 40
0.50000001
 40
0.6666666666666666
 40
0.6666666666666666
 40
0.6666666666666666
 40
0.6666666766666667
 40
1.0
 40
1.0
 40
1.0
 40
1.0
 10
-1.36878
 20
-7.50112
 30
0.0
 10
-1.36878
 20
-7.50112
 30
0.0
 10
-1.37231
 20
-7.50112
 30
0.0
 10
-1.37231
 20
-7.50112
 30
0.0
 10
-1.37231
 20
-7.50112
 30
0.0
 10
-1.37231
 20
-7.50112
 30
0.0
 10
-1.38289
 20
-7.50112
 30
0.0
 10
-1.38289
 20
-7.50112
 30
0.0
 10
-1.38289
 20
-7.50112
 30
0.0
 10
-1.38289
 20
-7.50112
 30
0.0
 10
-1.40053
 20
-7.50112
 30
0.0
 10
-1.40053
 20
-7.50112
 30
0.0
 10
-1.40053
 20
-7.50112
 30
0.0
 10
-1.40053
 20
-7.50112
 30
0.0
 10
-1.41817
 20
-7.50112
 30
0.0
 10
-1.41817
 20
-7.50112
 30
0.0
 10
-1.41817
 20
-7.50112
 30
0.0
 10
-1.41817
 20
-7.50112
 30
0.0
 10
-1.44287
 20
-7.50112
 30
0.0
 10
-1.44287
 20
-7.50112
 30
0.0
  0
SPLINE
  5
2A6
330
1F
100
AcDbEntity
  8
Layer 1
370
    25
100
AcDbSpline
210
0.0
220
0.0
230
1.0
 70
    24
 71
     3
 72
     8
 73
     4
 74
     0
 42
0.000000001
 43
0.0000000001
 40
0.0
 40
0.0
 40
0.0
 40
0.0
 40
1.0
 40
1.0
 40
1.0
 40
1.0
 10
-1.44287
 20
-7.50112
 30
0.0
 10
-1.44287
 20
-7.50112
 30
0.0
 10
-1.44287
 20
-7.48348
 30
0.0
 10
-1.44287
 20
-7.48348
 30
0.0
  0
SPLINE
  5
2A7
330
1F
100
AcDbEntity
  8
Layer 1
370
    25
100
AcDbSpline
210
0.0
220
0.0
230
1.0
 70
    24
 71
     3
 72
     8
 73
     4
 74
     0
 42
0.000000001
 43
0.0000000001
 40
0.0
 40
0.0
 40
0.0
 40
0.0
 40
1.0
 40
1.0
 40
1.0
 40
1.0
 10
-1.05128
 20
-7.50112
 30
0.0
 10
-1.05128
 20
-7.50112
 30
0.0
 10
-1.05128
 20
-7.48348
 30
0.0
 10
-1.05128
 20
-7.48348
 30
0.0
  0
SPLINE
  5
2A8
330
1F
100
AcDbEntity
  8
Layer 1
370
    25
100
AcDbSpline
210
0.0
220
0.0
230
1.0
 70
    24
 71
     3
 72
    16
 73
    12
 74
     0
 42
0.000000001
 43
0.0000000001
 40
0.0
 40
0.0
 40
0.0
 40
0.0
 40
0.25
 40
0.25
 40
0.25
 40
0.25000001
 40
0.5
 40
0.5
 40
0.5
 40
0.50000001
 40
1.0
 40
1.0
 40
1.0
 40
1.0
 10
-1.05128
 20
-7.50112
 30
0.0
 10
-1.05128
 20
-7.50112
 30
0.0
 10
-1.06187
 20
-7.50112
 30
0.0
 10
-1.06187
 20
-7.50112
 30
0.0
 10
-1.06187
 20
-7.50112
 30
0.0
 10
-1.06187
 20
-7.50112
 30
0.0
 10
-1.07598
 20
-7.50112
 30
0.0
 10
-1.07598
 20
-7.50112
 30
0.0
 10
-1.07598
 20
-7.50112
 30
0.0
 10
-1.07598
 20
-7.50112
 30
0.0
 10
-1.08656
 20
-7.50112
 30
0.0
 10
-1.08656
 20
-7.50112
 30
0.0
  0
SPLINE
  5
2A9
330
1F
100
AcDbEntity
  8
Layer 1
370
    25
100
AcDbSpline
210
0.0
220
0.0
230
1.0
 70
    24
 71
     3
 72
     8
 73
     4
 74
     0
 42
0.000000001
 43
0.0000000001
 40
0.0
 40
0.0
 40
0.0
 40
0.0
 40
1.0
 40
1.0
 40
1.0
 40
1.0
 10
-1.47109
 20
-7.50112
 30
0.0
 10
-1.47109
 20
-7.50112
 30
0.0
 10
-1.47109
 20
-7.48348
 30
0.0
 10
-1.47109
 20
-7.48348
 30
0.0
  0
SPLINE
  5
2AA
330
1F
100
AcDbEntity
  8
Layer 1
370
    25
100
AcDbSpline
210
0.0
220
0.0
230
1.0
 70
    24
 71
     3
 72
    16
 73
    12
 74
     0
 42
0.000000001
 43
0.0000000001
 40
0.0
 40
0.0
 40
0.0
 40
0.0
 40
0.25
 40
0.25
 40
0.25
 40
0.25000001
 40
0.5
 40
0.5
 40
0.5
 40
0.50000001
 40
1.0
 40
1.0
 40
1.0
 40
1.0
 10
-1.47109
 20
-7.50112
 30
0.0
 10
-1.47109
 20
-7.50112
 30
0.0
 10
-1.48167
 20
-7.50112
 30
0.0
 10
-1.48167
 20
-7.50112
 30
0.0
 10
-1.48167
 20
-7.50112
 30
0.0
 10
-1.48167
 20
-7.50112
 30
0.0
 10
-1.49578
 20
-7.50112
 30
0.0
 10
-1.49578
 20
-7.50112
 30
0.0
 10
-1.49578
 20
-7.50112
 30
0.0
 10
-1.49578
 20
-7.50112
 30
0.0
 10
-1.50637
 20
-7.50112
 30
0.0
 10
-1.50637
 20
-7.50112
 30
0.0
  0
SPLINE
  5
2AB
330
1F
100
AcDbEntity
  8
Layer 1
370
    25
100
AcDbSpline
210
0.0
220
0.0
230
1.0
 70
    24
 71
     3
 72
     8
 73
     4
 74
     0
 42
0.000000001
 43
0.0000000001
 40
0.0
 40
0.0
 40
0.0
 40
0.0
 40
1.0
 40
1.0
 40
1.0
 40
1.0
 10
-1.86267
 20
-7.50112
 30
0.0
 10
-1.86267
 20
-7.50112
 30
0.0
 10
-1.89089
 20
-7.50112
 30
0.0
 10
-1.89089
 20
-7.50112
 30
0.0
  0
SPLINE
  5
2AC
330
1F
100
AcDbEntity
  8
Layer 1
370
    25
100
AcDbSpline
210
0.0
220
0.0
230
1.0
 70
    24
 71
     3
 72
     8
 73
     4
 74
     0
 42
0.000000001
 43
0.0000000001
 40
0.0
 40
0.0
 40
0.0
 40
0.0
 40
1.0
 40
1.0
 40
1.0
 40
1.0
 10
-1.65453
 20
-7.50112
 30
0.0
 10
-1.65453
 20
-7.50112
 30
0.0
 10
-1.67923
 20
-7.50112
 30
0.0
 10
-1.67923
 20
-7.50112
 30
0.0
  0
SPLINE
  5
2AD
330
1F
100
AcDbEntity
  8
Layer 1
370
    25
100
AcDbSpline
210
0.0
220
0.0
230
1.0
 70
    24
 71
     3
 72
     8
 73
     4
 74
     0
 42
0.000000001
 43
0.0000000001
 40
0.0
 40
0.0
 40
0.0
 40
0.0
 40
1.0
 40
1.0
 40
1.0
 40
1.0
 10
-1.08656
 20
-7.50112
 30
0.0
 10
-1.08656
 20
-7.50112
 30
0.0
 10
-1.08303
 20
-7.48348
 30
0.0
 10
-1.08303
 20
-7.48348
 30
0.0
  0
SPLINE
  5
2AE
330
1F
100
AcDbEntity
  8
Layer 1
370
    25
100
AcDbSpline
210
0.0
220
0.0
230
1.0
 70
    24
 71
     3
 72
     8
 73
     4
 74
     0
 42
0.000000001
 43
0.0000000001
 40
0.0
 40
0.0
 40
0.0
 40
0.0
 40
1.0
 40
1.0
 40
1.0
 40
1.0
 10
-1.12537
 20
-7.50112
 30
0.0
 10
-1.12537
 20
-7.50112
 30
0.0
 10
-1.12889
 20
-7.48348
 30
0.0
 10
-1.12889
 20
-7.48348
 30
0.0
  0
SPLINE
  5
2AF
330
1F
100
AcDbEntity
  8
Layer 1
370
    25
100
AcDbSpline
210
0.0
220
0.0
230
1.0
 70
    24
 71
     3
 72
     8
 73
     4
 74
     0
 42
0.000000001
 43
0.0000000001
 40
0.0
 40
0.0
 40
0.0
 40
0.0
 40
1.0
 40
1.0
 40
1.0
 40
1.0
 10
-1.08656
 20
-7.50112
 30
0.0
 10
-1.08656
 20
-7.50112
 30
0.0
 10
-1.12537
 20
-7.50112
 30
0.0
 10
-1.12537
 20
-7.50112
 30
0.0
  0
SPLINE
  5
2B0
330
1F
100
AcDbEntity
  8
Layer 1
370
    25
100
AcDbSpline
210
0.0
220
0.0
230
1.0
 70
    24
 71
     3
 72
     8
 73
     4
 74
     0
 42
0.000000001
 43
0.0000000001
 40
0.0
 40
0.0
 40
0.0
 40
0.0
 40
1.0
 40
1.0
 40
1.0
 40
1.0
 10
-1.50637
 20
-7.50112
 30
0.0
 10
-1.50637
 20
-7.50112
 30
0.0
 10
-1.50284
 20
-7.48348
 30
0.0
 10
-1.50284
 20
-7.48348
 30
0.0
  0
SPLINE
  5
2B1
330
1F
100
AcDbEntity
  8
Layer 1
370
    25
100
AcDbSpline
210
0.0
220
0.0
230
1.0
 70
    24
 71
     3
 72
     8
 73
     4
 74
     0
 42
0.000000001
 43
0.0000000001
 40
0.0
 40
0.0
 40
0.0
 40
0.0
 40
1.0
 40
1.0
 40
1.0
 40
1.0
 10
-1.54517
 20
-7.50112
 30
0.0
 10
-1.54517
 20
-7.50112
 30
0.0
 10
-1.5487
 20
-7.48348
 30
0.0
 10
-1.5487
 20
-7.48348
 30
0.0
  0
SPLINE
  5
2B2
330
1F
100
AcDbEntity
  8
Layer 1
370
    25
100
AcDbSpline
210
0.0
220
0.0
230
1.0
 70
    24
 71
     3
 72
     8
 73
     4
 74
     0
 42
0.000000001
 43
0.0000000001
 40
0.0
 40
0.0
 40
0.0
 40
0.0
 40
1.0
 40
1.0
 40
1.0
 40
1.0
 10
-1.50637
 20
-7.50112
 30
0.0
 10
-1.50637
 20
-7.50112
 30
0.0
 10
-1.54517
 20
-7.50112
 30
0.0
 10
-1.54517
 20
-7.50112
 30
0.0
  0
SPLINE
  5
2B3
330
1F
100
AcDbEntity
  8
Layer 1
370
    25
100
AcDbSpline
210
0.0
220
0.0
230
1.0
 70
    24
 71
     3
 72
     8
 73
     4
 74
     0
 42
0.000000001
 43
0.0000000001
 40
0.0
 40
0.0
 40
0.0
 40
0.0
 40
1.0
 40
1.0
 40
1.0
 40
1.0
 10
-0.75495
 20
-7.50112
 30
0.0
 10
-0.75495
 20
-7.50112
 30
0.0
 10
-0.77964
 20
-7.50112
 30
0.0
 10
-0.77964
 20
-7.50112
 30
0.0
  0
SPLINE
  5
2B4
330
1F
100
AcDbEntity
  8
Layer 1
370
    25
100
AcDbSpline
210
0.0
220
0.0
230
1.0
 70
    24
 71
     3
 72
     8
 73
     4
 74
     0
 42
0.000000001
 43
0.0000000001
 40
0.0
 40
0.0
 40
0.0
 40
0.0
 40
1.0
 40
1.0
 40
1.0
 40
1.0
 10
-1.23473
 20
-7.50112
 30
0.0
 10
-1.23473
 20
-7.50112
 30
0.0
 10
-1.25942
 20
-7.50112
 30
0.0
 10
-1.25942
 20
-7.50112
 30
0.0
  0
SPLINE
  5
2B5
330
1F
100
AcDbEntity
  8
Layer 1
370
    25
100
AcDbSpline
210
0.0
220
0.0
230
1.0
 70
    24
 71
     3
 72
     8
 73
     4
 74
     0
 42
0.000000001
 43
0.0000000001
 40
0.0
 40
0.0
 40
0.0
 40
0.0
 40
1.0
 40
1.0
 40
1.0
 40
1.0
 10
-1.44287
 20
-7.50112
 30
0.0
 10
-1.44287
 20
-7.50112
 30
0.0
 10
-1.47109
 20
-7.50112
 30
0.0
 10
-1.47109
 20
-7.50112
 30
0.0
  0
SPLINE
  5
2B6
330
1F
100
AcDbEntity
  8
Layer 1
370
    25
100
AcDbSpline
210
0.0
220
0.0
230
1.0
 70
    24
 71
     3
 72
     8
 73
     4
 74
     0
 42
0.000000001
 43
0.0000000001
 40
0.0
 40
0.0
 40
0.0
 40
0.0
 40
1.0
 40
1.0
 40
1.0
 40
1.0
 10
-1.02306
 20
-7.50112
 30
0.0
 10
-1.02306
 20
-7.50112
 30
0.0
 10
-1.05128
 20
-7.50112
 30
0.0
 10
-1.05128
 20
-7.50112
 30
0.0
  0
SPLINE
  5
2B7
330
1F
100
AcDbEntity
  8
Layer 1
370
    25
100
AcDbSpline
210
0.0
220
0.0
230
1.0
 70
    24
 71
     3
 72
     8
 73
     4
 74
     0
 42
0.000000001
 43
0.0000000001
 40
0.0
 40
0.0
 40
0.0
 40
0.0
 40
1.0
 40
1.0
 40
1.0
 40
1.0
 10
-0.68087
 20
-7.50112
 30
0.0
 10
-0.68087
 20
-7.50112
 30
0.0
 10
-0.67734
 20
-7.48348
 30
0.0
 10
-0.67734
 20
-7.48348
 30
0.0
  0
SPLINE
  5
2B8
330
1F
100
AcDbEntity
  8
Layer 1
370
    25
100
AcDbSpline
210
0.0
220
0.0
230
1.0
 70
    24
 71
     3
 72
     8
 73
     4
 74
     0
 42
0.000000001
 43
0.0000000001
 40
0.0
 40
0.0
 40
0.0
 40
0.0
 40
1.0
 40
1.0
 40
1.0
 40
1.0
 10
-1.75331
 20
-7.50112
 30
0.0
 10
-1.75331
 20
-7.50112
 30
0.0
 10
-1.75684
 20
-7.48348
 30
0.0
 10
-1.75684
 20
-7.48348
 30
0.0
  0
SPLINE
  5
2B9
330
1F
100
AcDbEntity
  8
Layer 1
370
    25
100
AcDbSpline
210
0.0
220
0.0
230
1.0
 70
    24
 71
     3
 72
     8
 73
     4
 74
     0
 42
0.000000001
 43
0.0000000001
 40
0.0
 40
0.0
 40
0.0
 40
0.0
 40
1.0
 40
1.0
 40
1.0
 40
1.0
 10
-1.96498
 20
-7.50112
 30
0.0
 10
-1.96498
 20
-7.50112
 30
0.0
 10
-1.9685
 20
-7.48348
 30
0.0
 10
-1.9685
 20
-7.48348
 30
0.0
  0
SPLINE
  5
2BA
330
1F
100
AcDbEntity
  8
Layer 1
370
    25
100
AcDbSpline
210
0.0
220
0.0
230
1.0
 70
    24
 71
     3
 72
     8
 73
     4
 74
     0
 42
0.000000001
 43
0.0000000001
 40
0.0
 40
0.0
 40
0.0
 40
0.0
 40
1.0
 40
1.0
 40
1.0
 40
1.0
 10
-1.3335
 20
-7.50112
 30
0.0
 10
-1.3335
 20
-7.50112
 30
0.0
 10
-1.33703
 20
-7.48348
 30
0.0
 10
-1.33703
 20
-7.48348
 30
0.0
  0
SPLINE
  5
2BB
330
1F
100
AcDbEntity
  8
Layer 1
370
    25
100
AcDbSpline
210
0.0
220
0.0
230
1.0
 70
    24
 71
     3
 72
    12
 73
     8
 74
     0
 42
0.000000001
 43
0.0000000001
 40
0.0
 40
0.0
 40
0.0
 40
0.0
 40
0.3333333333333333
 40
0.3333333333333333
 40
0.3333333333333333
 40
0.3333333433333333
 40
1.0
 40
1.0
 40
1.0
 40
1.0
 10
-1.32292
 20
-7.50112
 30
0.0
 10
-1.32292
 20
-7.50112
 30
0.0
 10
-1.32645
 20
-7.50112
 30
0.0
 10
-1.32645
 20
-7.50112
 30
0.0
 10
-1.32645
 20
-7.50112
 30
0.0
 10
-1.32645
 20
-7.50112
 30
0.0
 10
-1.3335
 20
-7.50112
 30
0.0
 10
-1.3335
 20
-7.50112
 30
0.0
  0
SPLINE
  5
2BC
330
1F
100
AcDbEntity
  8
Layer 1
370
    25
100
AcDbSpline
210
0.0
220
0.0
230
1.0
 70
    24
 71
     3
 72
     8
 73
     4
 74
     0
 42
0.000000001
 43
0.0000000001
 40
0.0
 40
0.0
 40
0.0
 40
0.0
 40
1.0
 40
1.0
 40
1.0
 40
1.0
 10
-2.17312
 20
-7.50112
 30
0.0
 10
-2.17312
 20
-7.50112
 30
0.0
 10
-2.17664
 20
-7.48348
 30
0.0
 10
-2.17664
 20
-7.48348
 30
0.0
  0
SPLINE
  5
2BD
330
1F
100
AcDbEntity
  8
Layer 1
370
    25
100
AcDbSpline
210
0.0
220
0.0
230
1.0
 70
    24
 71
     3
 72
     8
 73
     4
 74
     0
 42
0.000000001
 43
0.0000000001
 40
0.0
 40
0.0
 40
0.0
 40
0.0
 40
1.0
 40
1.0
 40
1.0
 40
1.0
 10
-1.3335
 20
-7.50112
 30
0.0
 10
-1.3335
 20
-7.50112
 30
0.0
 10
-1.33703
 20
-7.48348
 30
0.0
 10
-1.33703
 20
-7.48348
 30
0.0
  0
SPLINE
  5
2BE
330
1F
100
AcDbEntity
  8
Layer 1
370
    25
100
AcDbSpline
210
0.0
220
0.0
230
1.0
 70
     8
 71
     3
 72
    12
 73
     8
 74
     0
 42
0.000000001
 43
0.0000000001
 40
0.0
 40
0.0
 40
0.0
 40
0.0
 40
0.3333333333333333
 40
0.3333333333333333
 40
0.3333333333333333
 40
0.3333333433333333
 40
1.0
 40
1.0
 40
1.0
 40
1.0
 10
-1.79212
 20
-7.50112
 30
0.0
 10
-1.79212
 20
-7.50112
 30
0.0
 10
-1.78859
 20
-7.49406
 30
0.0
 10
-1.78859
 20
-7.49406
 30
0.0
 10
-1.78859
 20
-7.49406
 30
0.0
 10
-1.78859
 20
-7.49406
 30
0.0
 10
-1.78859
 20
-7.48348
 30
0.0
 10
-1.78859
 20
-7.48348
 30
0.0
  0
SPLINE
  5
2BF
330
1F
100
AcDbEntity
  8
Layer 1
370
    25
100
AcDbSpline
210
0.0
220
0.0
230
1.0
 70
    24
 71
     3
 72
     8
 73
     4
 74
     0
 42
0.000000001
 43
0.0000000001
 40
0.0
 40
0.0
 40
0.0
 40
0.0
 40
1.0
 40
1.0
 40
1.0
 40
1.0
 10
-3.52071
 20
-5.79543
 30
0.0
 10
-3.52071
 20
-5.79543
 30
0.0
 10
-3.43252
 20
-5.79543
 30
0.0
 10
-3.43252
 20
-5.79543
 30
0.0
  0
SPLINE
  5
2C0
330
1F
100
AcDbEntity
  8
Layer 1
370
    25
100
AcDbSpline
210
0.0
220
0.0
230
1.0
 70
    24
 71
     3
 72
     8
 73
     4
 74
     0
 42
0.000000001
 43
0.0000000001
 40
0.0
 40
0.0
 40
0.0
 40
0.0
 40
1.0
 40
1.0
 40
1.0
 40
1.0
 10
-3.52071
 20
-5.90479
 30
0.0
 10
-3.52071
 20
-5.90479
 30
0.0
 10
-3.52071
 20
-5.79543
 30
0.0
 10
-3.52071
 20
-5.79543
 30
0.0
  0
SPLINE
  5
2C1
330
1F
100
AcDbEntity
  8
Layer 1
370
    25
100
AcDbSpline
210
0.0
220
0.0
230
1.0
 70
    24
 71
     3
 72
     8
 73
     4
 74
     0
 42
0.000000001
 43
0.0000000001
 40
0.0
 40
0.0
 40
0.0
 40
0.0
 40
1.0
 40
1.0
 40
1.0
 40
1.0
 10
-3.8241
 20
-5.90479
 30
0.0
 10
-3.8241
 20
-5.90479
 30
0.0
 10
-3.52071
 20
-5.90479
 30
0.0
 10
-3.52071
 20
-5.90479
 30
0.0
  0
SPLINE
  5
2C2
330
1F
100
AcDbEntity
  8
Layer 1
370
    25
100
AcDbSpline
210
0.0
220
0.0
230
1.0
 70
    24
 71
     3
 72
     8
 73
     4
 74
     0
 42
0.000000001
 43
0.0000000001
 40
0.0
 40
0.0
 40
0.0
 40
0.0
 40
1.0
 40
1.0
 40
1.0
 40
1.0
 10
-4.2933
 20
-5.79543
 30
0.0
 10
-4.2933
 20
-5.79543
 30
0.0
 10
-4.2933
 20
-5.90479
 30
0.0
 10
-4.2933
 20
-5.90479
 30
0.0
  0
SPLINE
  5
2C3
330
1F
100
AcDbEntity
  8
Layer 1
370
    25
100
AcDbSpline
210
0.0
220
0.0
230
1.0
 70
    24
 71
     3
 72
     8
 73
     4
 74
     0
 42
0.000000001
 43
0.0000000001
 40
0.0
 40
0.0
 40
0.0
 40
0.0
 40
1.0
 40
1.0
 40
1.0
 40
1.0
 10
-4.59316
 20
-5.79543
 30
0.0
 10
-4.59316
 20
-5.79543
 30
0.0
 10
-4.2933
 20
-5.79543
 30
0.0
 10
-4.2933
 20
-5.79543
 30
0.0
  0
SPLINE
  5
2C4
330
1F
100
AcDbEntity
  8
Layer 1
370
    25
100
AcDbSpline
210
0.0
220
0.0
230
1.0
 70
    24
 71
     3
 72
     8
 73
     4
 74
     0
 42
0.000000001
 43
0.0000000001
 40
0.0
 40
0.0
 40
0.0
 40
0.0
 40
1.0
 40
1.0
 40
1.0
 40
1.0
 10
-4.59316
 20
-5.11457
 30
0.0
 10
-4.59316
 20
-5.11457
 30
0.0
 10
-4.59316
 20
-5.79543
 30
0.0
 10
-4.59316
 20
-5.79543
 30
0.0
  0
SPLINE
  5
2C5
330
1F
100
AcDbEntity
  8
Layer 1
370
    25
100
AcDbSpline
210
0.0
220
0.0
230
1.0
 70
    24
 71
     3
 72
     8
 73
     4
 74
     0
 42
0.000000001
 43
0.0000000001
 40
0.0
 40
0.0
 40
0.0
 40
0.0
 40
1.0
 40
1.0
 40
1.0
 40
1.0
 10
-4.49085
 20
-5.11457
 30
0.0
 10
-4.49085
 20
-5.11457
 30
0.0
 10
-4.59316
 20
-5.11457
 30
0.0
 10
-4.59316
 20
-5.11457
 30
0.0
  0
SPLINE
  5
2C6
330
1F
100
AcDbEntity
  8
Layer 1
370
    25
100
AcDbSpline
210
0.0
220
0.0
230
1.0
 70
    24
 71
     3
 72
     8
 73
     4
 74
     0
 42
0.000000001
 43
0.0000000001
 40
0.0
 40
0.0
 40
0.0
 40
0.0
 40
1.0
 40
1.0
 40
1.0
 40
1.0
 10
-4.08163
 20
-5.04401
 30
0.0
 10
-4.08163
 20
-5.04401
 30
0.0
 10
-4.49085
 20
-5.11457
 30
0.0
 10
-4.49085
 20
-5.11457
 30
0.0
  0
SPLINE
  5
2C7
330
1F
100
AcDbEntity
  8
Layer 1
370
    25
100
AcDbSpline
210
0.0
220
0.0
230
1.0
 70
    24
 71
     3
 72
     8
 73
     4
 74
     0
 42
0.000000001
 43
0.0000000001
 40
0.0
 40
0.0
 40
0.0
 40
0.0
 40
1.0
 40
1.0
 40
1.0
 40
1.0
 10
-4.08163
 20
-5.00521
 30
0.0
 10
-4.08163
 20
-5.00521
 30
0.0
 10
-4.08163
 20
-5.04401
 30
0.0
 10
-4.08163
 20
-5.04401
 30
0.0
  0
SPLINE
  5
2C8
330
1F
100
AcDbEntity
  8
Layer 1
370
    25
100
AcDbSpline
210
0.0
220
0.0
230
1.0
 70
    24
 71
     3
 72
     8
 73
     4
 74
     0
 42
0.000000001
 43
0.0000000001
 40
0.0
 40
0.0
 40
0.0
 40
0.0
 40
1.0
 40
1.0
 40
1.0
 40
1.0
 10
-3.43252
 20
-5.00521
 30
0.0
 10
-3.43252
 20
-5.00521
 30
0.0
 10
-4.08163
 20
-5.00521
 30
0.0
 10
-4.08163
 20
-5.00521
 30
0.0
  0
SPLINE
  5
2C9
330
1F
100
AcDbEntity
  8
Layer 1
370
    25
100
AcDbSpline
210
0.0
220
0.0
230
1.0
 70
    24
 71
     3
 72
     8
 73
     4
 74
     0
 42
0.000000001
 43
0.0000000001
 40
0.0
 40
0.0
 40
0.0
 40
0.0
 40
1.0
 40
1.0
 40
1.0
 40
1.0
 10
-3.43252
 20
-5.79543
 30
0.0
 10
-3.43252
 20
-5.79543
 30
0.0
 10
-3.43252
 20
-5.00521
 30
0.0
 10
-3.43252
 20
-5.00521
 30
0.0
  0
SPLINE
  5
2CA
330
1F
100
AcDbEntity
  8
Layer 1
370
    25
100
AcDbSpline
210
0.0
220
0.0
230
1.0
 70
    24
 71
     3
 72
     8
 73
     4
 74
     0
 42
0.000000001
 43
0.0000000001
 40
0.0
 40
0.0
 40
0.0
 40
0.0
 40
1.0
 40
1.0
 40
1.0
 40
1.0
 10
-4.51202
 20
-5.91185
 30
0.0
 10
-4.51202
 20
-5.91185
 30
0.0
 10
-4.51202
 20
-5.90479
 30
0.0
 10
-4.51202
 20
-5.90479
 30
0.0
  0
SPLINE
  5
2CC
330
1F
100
AcDbEntity
  8
Layer 1
370
    25
100
AcDbSpline
210
0.0
220
0.0
230
1.0
 70
    24
 71
     3
 72
     8
 73
     4
 74
     0
 42
0.000000001
 43
0.0000000001
 40
0.0
 40
0.0
 40
0.0
 40
0.0
 40
1.0
 40
1.0
 40
1.0
 40
1.0
 10
-4.51202
 20
-5.90479
 30
0.0
 10
-4.51202
 20
-5.90479
 30
0.0
 10
-3.8241
 20
-5.90479
 30
0.0
 10
-3.8241
 20
-5.90479
 30
0.0
  0
SPLINE
  5
2CD
330
1F
100
AcDbEntity
  8
Layer 1
370
    25
100
AcDbSpline
210
0.0
220
0.0
230
1.0
 70
    24
 71
     3
 72
    12
 73
     8
 74
     0
 42
0.000000001
 43
0.0000000001
 40
0.0
 40
0.0
 40
0.0
 40
0.0
 40
0.3333333333333333
 40
0.3333333333333333
 40
0.3333333333333333
 40
0.3333333433333333
 40
1.0
 40
1.0
 40
1.0
 40
1.0
 10
-3.8241
 20
-5.90479
 30
0.0
 10
-3.8241
 20
-5.90479
 30
0.0
 10
-3.8241
 20
-5.90479
 30
0.0
 10
-3.8241
 20
-5.90479
 30
0.0
 10
-3.8241
 20
-5.90479
 30
0.0
 10
-3.8241
 20
-5.90479
 30
0.0
 10
-3.82058
 20
-5.90479
 30
0.0
 10
-3.82058
 20
-5.90479
 30
0.0
  0
SPLINE
  5
2CE
330
1F
100
AcDbEntity
  8
Layer 1
370
    25
100
AcDbSpline
210
0.0
220
0.0
230
1.0
 70
    24
 71
     3
 72
     8
 73
     4
 74
     0
 42
0.000000001
 43
0.0000000001
 40
0.0
 40
0.0
 40
0.0
 40
0.0
 40
1.0
 40
1.0
 40
1.0
 40
1.0
 10
-3.82058
 20
-5.90479
 30
0.0
 10
-3.82058
 20
-5.90479
 30
0.0
 10
-3.82058
 20
-5.91185
 30
0.0
 10
-3.82058
 20
-5.91185
 30
0.0
  0
SPLINE
  5
2CF
330
1F
100
AcDbEntity
  8
Layer 1
370
    25
100
AcDbSpline
210
0.0
220
0.0
230
1.0
 70
    24
 71
     3
 72
     8
 73
     4
 74
     0
 42
0.000000001
 43
0.0000000001
 40
0.0
 40
0.0
 40
0.0
 40
0.0
 40
1.0
 40
1.0
 40
1.0
 40
1.0
 10
-6.31119
 20
-5.91185
 30
0.0
 10
-6.31119
 20
-5.91185
 30
0.0
 10
-6.31599
 20
-6.58389
 30
0.0
 10
-6.31599
 20
-6.58389
 30
0.0
  0
SPLINE
  5
2D0
330
1F
100
AcDbEntity
  8
Layer 1
370
    25
100
AcDbSpline
210
0.0
220
0.0
230
1.0
 70
    24
 71
     3
 72
     8
 73
     4
 74
     0
 42
0.000000001
 43
0.0000000001
 40
0.0
 40
0.0
 40
0.0
 40
0.0
 40
1.0
 40
1.0
 40
1.0
 40
1.0
 10
-1.87677
 20
-5.91185
 30
0.0
 10
-1.87677
 20
-5.91185
 30
0.0
 10
-6.31119
 20
-5.91185
 30
0.0
 10
-6.31119
 20
-5.91185
 30
0.0
  0
SPLINE
  5
2D1
330
1F
100
AcDbEntity
  8
Layer 1
370
    25
100
AcDbSpline
210
0.0
220
0.0
230
1.0
 70
    24
 71
     3
 72
     8
 73
     4
 74
     0
 42
0.000000001
 43
0.0000000001
 40
0.0
 40
0.0
 40
0.0
 40
0.0
 40
1.0
 40
1.0
 40
1.0
 40
1.0
 10
-1.87677
 20
-5.91185
 30
0.0
 10
-1.87677
 20
-5.91185
 30
0.0
 10
-1.87037
 20
-6.58389
 30
0.0
 10
-1.87037
 20
-6.58389
 30
0.0
  0
SPLINE
  5
2D2
330
1F
100
AcDbEntity
  8
Layer 1
370
    25
100
AcDbSpline
210
0.0
220
0.0
230
1.0
 70
     8
 71
     3
 72
    36
 73
    32
 74
     0
 42
0.000000001
 43
0.0000000001
 40
0.0
 40
0.0
 40
0.0
 40
0.0
 40
0.1111111111111111
 40
0.1111111111111111
 40
0.1111111111111111
 40
0.1111111211111111
 40
0.2222222222222222
 40
0.2222222222222222
 40
0.2222222222222222
 40
0.2222222322222222
 40
0.3333333333333333
 40
0.3333333333333333
 40
0.3333333333333333
 40
0.3333333433333333
 40
0.4444444444444444
 40
0.4444444444444444
 40
0.4444444444444444
 40
0.4444444544444444
 40
0.5555555555555556
 40
0.5555555555555556
 40
0.5555555555555556
 40
0.5555555655555556
 40
0.6666666666666666
 40
0.6666666666666666
 40
0.6666666666666666
 40
0.6666666766666667
 40
0.7777777777777778
 40
0.7777777777777778
 40
0.7777777777777778
 40
0.7777777877777778
 40
1.0
 40
1.0
 40
1.0
 40
1.0
 10
-2.33538
 20
-7.76348
 30
0.0
 10
-2.33538
 20
-7.76348
 30
0.0
 10
-2.33185
 20
-7.76348
 30
0.0
 10
-2.33185
 20
-7.76348
 30
0.0
 10
-2.33185
 20
-7.76348
 30
0.0
 10
-2.33185
 20
-7.76348
 30
0.0
 10
-2.32656
 20
-7.76348
 30
0.0
 10
-2.32656
 20
-7.76348
 30
0.0
 10
-2.32656
 20
-7.76348
 30
0.0
 10
-2.32656
 20
-7.76348
 30
0.0
 10
-2.32303
 20
-7.76172
 30
0.0
 10
-2.32303
 20
-7.76172
 30
0.0
 10
-2.32303
 20
-7.76172
 30
0.0
 10
-2.32303
 20
-7.76172
 30
0.0
 10
-2.31951
 20
-7.75995
 30
0.0
 10
-2.31951
 20
-7.75995
 30
0.0
 10
-2.31951
 20
-7.75995
 30
0.0
 10
-2.31951
 20
-7.75995
 30
0.0
 10
-2.31598
 20
-7.75642
 30
0.0
 10
-2.31598
 20
-7.75642
 30
0.0
 10
-2.31598
 20
-7.75642
 30
0.0
 10
-2.31598
 20
-7.75642
 30
0.0
 10
-2.31421
 20
-7.7529
 30
0.0
 10
-2.31421
 20
-7.7529
 30
0.0
 10
-2.31421
 20
-7.7529
 30
0.0
 10
-2.31421
 20
-7.7529
 30
0.0
 10
-2.31069
 20
-7.75113
 30
0.0
 10
-2.31069
 20
-7.75113
 30
0.0
 10
-2.31069
 20
-7.75113
 30
0.0
 10
-2.31069
 20
-7.75113
 30
0.0
 10
-2.30892
 20
-7.7476
 30
0.0
 10
-2.30892
 20
-7.7476
 30
0.0
  0
SPLINE
  5
2D3
330
1F
100
AcDbEntity
  8
Layer 1
370
    25
100
AcDbSpline
210
0.0
220
0.0
230
1.0
 70
    24
 71
     3
 72
     8
 73
     4
 74
     0
 42
0.000000001
 43
0.0000000001
 40
0.0
 40
0.0
 40
0.0
 40
0.0
 40
1.0
 40
1.0
 40
1.0
 40
1.0
 10
-2.33715
 20
-7.76348
 30
0.0
 10
-2.33715
 20
-7.76348
 30
0.0
 10
-5.84728
 20
-7.76348
 30
0.0
 10
-5.84728
 20
-7.76348
 30
0.0
  0
SPLINE
  5
2D4
330
1F
100
AcDbEntity
  8
Layer 1
370
    25
100
AcDbSpline
210
0.0
220
0.0
230
1.0
 70
     8
 71
     3
 72
    36
 73
    32
 74
     0
 42
0.000000001
 43
0.0000000001
 40
0.0
 40
0.0
 40
0.0
 40
0.0
 40
0.1111111111111111
 40
0.1111111111111111
 40
0.1111111111111111
 40
0.1111111211111111
 40
0.2222222222222222
 40
0.2222222222222222
 40
0.2222222222222222
 40
0.2222222322222222
 40
0.3333333333333333
 40
0.3333333333333333
 40
0.3333333333333333
 40
0.3333333433333333
 40
0.4444444444444444
 40
0.4444444444444444
 40
0.4444444444444444
 40
0.4444444544444444
 40
0.5555555555555556
 40
0.5555555555555556
 40
0.5555555555555556
 40
0.5555555655555556
 40
0.6666666666666666
 40
0.6666666666666666
 40
0.6666666666666666
 40
0.6666666766666667
 40
0.7777777777777778
 40
0.7777777777777778
 40
0.7777777777777778
 40
0.7777777877777778
 40
1.0
 40
1.0
 40
1.0
 40
1.0
 10
-5.87374
 20
-7.7476
 30
0.0
 10
-5.87374
 20
-7.7476
 30
0.0
 10
-5.87198
 20
-7.75113
 30
0.0
 10
-5.87198
 20
-7.75113
 30
0.0
 10
-5.87198
 20
-7.75113
 30
0.0
 10
-5.87198
 20
-7.75113
 30
0.0
 10
-5.87021
 20
-7.75466
 30
0.0
 10
-5.87021
 20
-7.75466
 30
0.0
 10
-5.87021
 20
-7.75466
 30
0.0
 10
-5.87021
 20
-7.75466
 30
0.0
 10
-5.86669
 20
-7.75642
 30
0.0
 10
-5.86669
 20
-7.75642
 30
0.0
 10
-5.86669
 20
-7.75642
 30
0.0
 10
-5.86669
 20
-7.75642
 30
0.0
 10
-5.86316
 20
-7.75995
 30
0.0
 10
-5.86316
 20
-7.75995
 30
0.0
 10
-5.86316
 20
-7.75995
 30
0.0
 10
-5.86316
 20
-7.75995
 30
0.0
 10
-5.85963
 20
-7.76172
 30
0.0
 10
-5.85963
 20
-7.76172
 30
0.0
 10
-5.85963
 20
-7.76172
 30
0.0
 10
-5.85963
 20
-7.76172
 30
0.0
 10
-5.8561
 20
-7.76348
 30
0.0
 10
-5.8561
 20
-7.76348
 30
0.0
 10
-5.8561
 20
-7.76348
 30
0.0
 10
-5.8561
 20
-7.76348
 30
0.0
 10
-5.85258
 20
-7.76348
 30
0.0
 10
-5.85258
 20
-7.76348
 30
0.0
 10
-5.85258
 20
-7.76348
 30
0.0
 10
-5.85258
 20
-7.76348
 30
0.0
 10
-5.84728
 20
-7.76348
 30
0.0
 10
-5.84728
 20
-7.76348
 30
0.0
  0
SPLINE
  5
2D5
330
1F
100
AcDbEntity
  8
Layer 1
370
    25
100
AcDbSpline
210
0.0
220
0.0
230
1.0
 70
    24
 71
     3
 72
    12
 73
     8
 74
     0
 42
0.000000001
 43
0.0000000001
 40
0.0
 40
0.0
 40
0.0
 40
0.0
 40
0.3333333333333333
 40
0.3333333333333333
 40
0.3333333333333333
 40
0.3333333433333333
 40
1.0
 40
1.0
 40
1.0
 40
1.0
 10
-5.7538
 20
-7.4936
 30
0.0
 10
-5.7538
 20
-7.4936
 30
0.0
 10
-5.7538
 20
-7.4936
 30
0.0
 10
-5.7538
 20
-7.4936
 30
0.0
 10
-5.7538
 20
-7.4936
 30
0.0
 10
-5.7538
 20
-7.4936
 30
0.0
 10
-5.7538
 20
-7.49008
 30
0.0
 10
-5.7538
 20
-7.49008
 30
0.0
  0
SPLINE
  5
2D6
330
1F
100
AcDbEntity
  8
Layer 1
370
    25
100
AcDbSpline
210
0.0
220
0.0
230
1.0
 70
    24
 71
     3
 72
     8
 73
     4
 74
     0
 42
0.000000001
 43
0.0000000001
 40
0.0
 40
0.0
 40
0.0
 40
0.0
 40
1.0
 40
1.0
 40
1.0
 40
1.0
 10
-5.7538
 20
-7.49008
 30
0.0
 10
-5.7538
 20
-7.49008
 30
0.0
 10
-5.7538
 20
-7.46231
 30
0.0
 10
-5.7538
 20
-7.46231
 30
0.0
  0
SPLINE
  5
2D7
330
1F
100
AcDbEntity
  8
Layer 1
370
    25
100
AcDbSpline
210
0.0
220
0.0
230
1.0
 70
    24
 71
     3
 72
     8
 73
     4
 74
     0
 42
0.000000001
 43
0.0000000001
 40
0.0
 40
0.0
 40
0.0
 40
0.0
 40
1.0
 40
1.0
 40
1.0
 40
1.0
 10
-5.7538
 20
-7.4936
 30
0.0
 10
-5.7538
 20
-7.4936
 30
0.0
 10
-5.7538
 20
-7.49008
 30
0.0
 10
-5.7538
 20
-7.49008
 30
0.0
  0
SPLINE
  5
2D8
330
1F
100
AcDbEntity
  8
Layer 1
370
    25
100
AcDbSpline
210
0.0
220
0.0
230
1.0
 70
    24
 71
     3
 72
     8
 73
     4
 74
     0
 42
0.000000001
 43
0.0000000001
 40
0.0
 40
0.0
 40
0.0
 40
0.0
 40
1.0
 40
1.0
 40
1.0
 40
1.0
 10
-2.35826
 20
-7.46231
 30
0.0
 10
-2.35826
 20
-7.46231
 30
0.0
 10
-2.35831
 20
-7.46538
 30
0.0
 10
-2.35831
 20
-7.46538
 30
0.0
  0
SPLINE
  5
2D9
330
1F
100
AcDbEntity
  8
Layer 1
370
    25
100
AcDbSpline
210
0.0
220
0.0
230
1.0
 70
     8
 71
     3
 72
    36
 73
    32
 74
     0
 42
0.000000001
 43
0.0000000001
 40
0.0
 40
0.0
 40
0.0
 40
0.0
 40
0.1111111111111111
 40
0.1111111111111111
 40
0.1111111111111111
 40
0.1111111211111111
 40
0.2222222222222222
 40
0.2222222222222222
 40
0.2222222222222222
 40
0.2222222322222222
 40
0.3333333333333333
 40
0.3333333333333333
 40
0.3333333333333333
 40
0.3333333433333333
 40
0.4444444444444444
 40
0.4444444444444444
 40
0.4444444444444444
 40
0.4444444544444444
 40
0.5555555555555556
 40
0.5555555555555556
 40
0.5555555555555556
 40
0.5555555655555556
 40
0.6666666666666666
 40
0.6666666666666666
 40
0.6666666666666666
 40
0.6666666766666667
 40
0.7777777777777778
 40
0.7777777777777778
 40
0.7777777777777778
 40
0.7777777877777778
 40
1.0
 40
1.0
 40
1.0
 40
1.0
 10
-2.3883
 20
-7.49537
 30
0.0
 10
-2.3883
 20
-7.49537
 30
0.0
 10
-2.38301
 20
-7.49537
 30
0.0
 10
-2.38301
 20
-7.49537
 30
0.0
 10
-2.38301
 20
-7.49537
 30
0.0
 10
-2.38301
 20
-7.49537
 30
0.0
 10
-2.37771
 20
-7.4936
 30
0.0
 10
-2.37771
 20
-7.4936
 30
0.0
 10
-2.37771
 20
-7.4936
 30
0.0
 10
-2.37771
 20
-7.4936
 30
0.0
 10
-2.37242
 20
-7.49008
 30
0.0
 10
-2.37242
 20
-7.49008
 30
0.0
 10
-2.37242
 20
-7.49008
 30
0.0
 10
-2.37242
 20
-7.49008
 30
0.0
 10
-2.36713
 20
-7.48655
 30
0.0
 10
-2.36713
 20
-7.48655
 30
0.0
 10
-2.36713
 20
-7.48655
 30
0.0
 10
-2.36713
 20
-7.48655
 30
0.0
 10
-2.3636
 20
-7.48302
 30
0.0
 10
-2.3636
 20
-7.48302
 30
0.0
 10
-2.3636
 20
-7.48302
 30
0.0
 10
-2.3636
 20
-7.48302
 30
0.0
 10
-2.36184
 20
-7.47773
 30
0.0
 10
-2.36184
 20
-7.47773
 30
0.0
 10
-2.36184
 20
-7.47773
 30
0.0
 10
-2.36184
 20
-7.47773
 30
0.0
 10
-2.36008
 20
-7.47244
 30
0.0
 10
-2.36008
 20
-7.47244
 30
0.0
 10
-2.36008
 20
-7.47244
 30
0.0
 10
-2.36008
 20
-7.47244
 30
0.0
 10
-2.35831
 20
-7.46538
 30
0.0
 10
-2.35831
 20
-7.46538
 30
0.0
  0
SPLINE
  5
2DA
330
1F
100
AcDbEntity
  8
Layer 1
370
    25
100
AcDbSpline
210
0.0
220
0.0
230
1.0
 70
    24
 71
     3
 72
     8
 73
     4
 74
     0
 42
0.000000001
 43
0.0000000001
 40
0.0
 40
0.0
 40
0.0
 40
0.0
 40
1.0
 40
1.0
 40
1.0
 40
1.0
 10
-2.46062
 20
-7.49537
 30
0.0
 10
-2.46062
 20
-7.49537
 30
0.0
 10
-2.3883
 20
-7.49537
 30
0.0
 10
-2.3883
 20
-7.49537
 30
0.0
  0
SPLINE
  5
2DB
330
1F
100
AcDbEntity
  8
Layer 1
370
    25
100
AcDbSpline
210
0.0
220
0.0
230
1.0
 70
    24
 71
     3
 72
     8
 73
     4
 74
     0
 42
0.000000001
 43
0.0000000001
 40
0.0
 40
0.0
 40
0.0
 40
0.0
 40
1.0
 40
1.0
 40
1.0
 40
1.0
 10
-2.4612
 20
-7.46231
 30
0.0
 10
-2.4612
 20
-7.46231
 30
0.0
 10
-2.46062
 20
-7.49537
 30
0.0
 10
-2.46062
 20
-7.49537
 30
0.0
  0
SPLINE
  5
2DC
330
1F
100
AcDbEntity
  8
Layer 1
370
    25
100
AcDbSpline
210
0.0
220
0.0
230
1.0
 70
    24
 71
     3
 72
     8
 73
     4
 74
     0
 42
0.000000001
 43
0.0000000001
 40
0.0
 40
0.0
 40
0.0
 40
0.0
 40
1.0
 40
1.0
 40
1.0
 40
1.0
 10
-5.72205
 20
-7.49537
 30
0.0
 10
-5.72205
 20
-7.49537
 30
0.0
 10
-5.72147
 20
-7.46231
 30
0.0
 10
-5.72147
 20
-7.46231
 30
0.0
  0
SPLINE
  5
2DD
330
1F
100
AcDbEntity
  8
Layer 1
370
    25
100
AcDbSpline
210
0.0
220
0.0
230
1.0
 70
    24
 71
     3
 72
     8
 73
     4
 74
     0
 42
0.000000001
 43
0.0000000001
 40
0.0
 40
0.0
 40
0.0
 40
0.0
 40
1.0
 40
1.0
 40
1.0
 40
1.0
 10
-5.79437
 20
-7.49537
 30
0.0
 10
-5.79437
 20
-7.49537
 30
0.0
 10
-5.72205
 20
-7.49537
 30
0.0
 10
-5.72205
 20
-7.49537
 30
0.0
  0
SPLINE
  5
2DE
330
1F
100
AcDbEntity
  8
Layer 1
370
    25
100
AcDbSpline
210
0.0
220
0.0
230
1.0
 70
     8
 71
     3
 72
    36
 73
    32
 74
     0
 42
0.000000001
 43
0.0000000001
 40
0.0
 40
0.0
 40
0.0
 40
0.0
 40
0.1111111111111111
 40
0.1111111111111111
 40
0.1111111111111111
 40
0.1111111211111111
 40
0.2222222222222222
 40
0.2222222222222222
 40
0.2222222222222222
 40
0.2222222322222222
 40
0.3333333333333333
 40
0.3333333333333333
 40
0.3333333333333333
 40
0.3333333433333333
 40
0.4444444444444444
 40
0.4444444444444444
 40
0.4444444444444444
 40
0.4444444544444444
 40
0.5555555555555556
 40
0.5555555555555556
 40
0.5555555555555556
 40
0.5555555655555556
 40
0.6666666666666666
 40
0.6666666666666666
 40
0.6666666666666666
 40
0.6666666766666667
 40
0.7777777777777778
 40
0.7777777777777778
 40
0.7777777777777778
 40
0.7777777877777778
 40
1.0
 40
1.0
 40
1.0
 40
1.0
 10
-5.82435
 20
-7.46538
 30
0.0
 10
-5.82435
 20
-7.46538
 30
0.0
 10
-5.82435
 20
-7.47244
 30
0.0
 10
-5.82435
 20
-7.47244
 30
0.0
 10
-5.82435
 20
-7.47244
 30
0.0
 10
-5.82435
 20
-7.47244
 30
0.0
 10
-5.82259
 20
-7.47773
 30
0.0
 10
-5.82259
 20
-7.47773
 30
0.0
 10
-5.82259
 20
-7.47773
 30
0.0
 10
-5.82259
 20
-7.47773
 30
0.0
 10
-5.81906
 20
-7.48302
 30
0.0
 10
-5.81906
 20
-7.48302
 30
0.0
 10
-5.81906
 20
-7.48302
 30
0.0
 10
-5.81906
 20
-7.48302
 30
0.0
 10
-5.81553
 20
-7.48655
 30
0.0
 10
-5.81553
 20
-7.48655
 30
0.0
 10
-5.81553
 20
-7.48655
 30
0.0
 10
-5.81553
 20
-7.48655
 30
0.0
 10
-5.81024
 20
-7.49008
 30
0.0
 10
-5.81024
 20
-7.49008
 30
0.0
 10
-5.81024
 20
-7.49008
 30
0.0
 10
-5.81024
 20
-7.49008
 30
0.0
 10
-5.80495
 20
-7.4936
 30
0.0
 10
-5.80495
 20
-7.4936
 30
0.0
 10
-5.80495
 20
-7.4936
 30
0.0
 10
-5.80495
 20
-7.4936
 30
0.0
 10
-5.79966
 20
-7.49537
 30
0.0
 10
-5.79966
 20
-7.49537
 30
0.0
 10
-5.79966
 20
-7.49537
 30
0.0
 10
-5.79966
 20
-7.49537
 30
0.0
 10
-5.79437
 20
-7.49537
 30
0.0
 10
-5.79437
 20
-7.49537
 30
0.0
  0
SPLINE
  5
2DF
330
1F
100
AcDbEntity
  8
Layer 1
370
    25
100
AcDbSpline
210
0.0
220
0.0
230
1.0
 70
    24
 71
     3
 72
     8
 73
     4
 74
     0
 42
0.000000001
 43
0.0000000001
 40
0.0
 40
0.0
 40
0.0
 40
0.0
 40
1.0
 40
1.0
 40
1.0
 40
1.0
 10
-5.82435
 20
-7.46538
 30
0.0
 10
-5.82435
 20
-7.46538
 30
0.0
 10
-5.8244
 20
-7.46231
 30
0.0
 10
-5.8244
 20
-7.46231
 30
0.0
  0
SPLINE
  5
2E0
330
1F
100
AcDbEntity
  8
Layer 1
370
    25
100
AcDbSpline
210
0.0
220
0.0
230
1.0
 70
    24
 71
     3
 72
     8
 73
     4
 74
     0
 42
0.000000001
 43
0.0000000001
 40
0.0
 40
0.0
 40
0.0
 40
0.0
 40
1.0
 40
1.0
 40
1.0
 40
1.0
 10
-5.94253
 20
-7.52359
 30
0.0
 10
-5.94253
 20
-7.52359
 30
0.0
 10
-5.94366
 20
-7.46231
 30
0.0
 10
-5.94366
 20
-7.46231
 30
0.0
  0
SPLINE
  5
2E1
330
1F
100
AcDbEntity
  8
Layer 1
370
    25
100
AcDbSpline
210
0.0
220
0.0
230
1.0
 70
     8
 71
     3
 72
    16
 73
    12
 74
     0
 42
0.000000001
 43
0.0000000001
 40
0.0
 40
0.0
 40
0.0
 40
0.0
 40
0.25
 40
0.25
 40
0.25
 40
0.25000001
 40
0.5
 40
0.5
 40
0.5
 40
0.50000001
 40
1.0
 40
1.0
 40
1.0
 40
1.0
 10
-5.94077
 20
-7.53241
 30
0.0
 10
-5.94077
 20
-7.53241
 30
0.0
 10
-5.94253
 20
-7.52888
 30
0.0
 10
-5.94253
 20
-7.52888
 30
0.0
 10
-5.94253
 20
-7.52888
 30
0.0
 10
-5.94253
 20
-7.52888
 30
0.0
 10
-5.94253
 20
-7.52712
 30
0.0
 10
-5.94253
 20
-7.52712
 30
0.0
 10
-5.94253
 20
-7.52712
 30
0.0
 10
-5.94253
 20
-7.52712
 30
0.0
 10
-5.94253
 20
-7.52359
 30
0.0
 10
-5.94253
 20
-7.52359
 30
0.0
  0
SPLINE
  5
2E2
330
1F
100
AcDbEntity
  8
Layer 1
370
    25
100
AcDbSpline
210
0.0
220
0.0
230
1.0
 70
    24
 71
     3
 72
     8
 73
     4
 74
     0
 42
0.000000001
 43
0.0000000001
 40
0.0
 40
0.0
 40
0.0
 40
0.0
 40
1.0
 40
1.0
 40
1.0
 40
1.0
 10
-5.94077
 20
-7.53417
 30
0.0
 10
-5.94077
 20
-7.53417
 30
0.0
 10
-5.94077
 20
-7.53241
 30
0.0
 10
-5.94077
 20
-7.53241
 30
0.0
  0
SPLINE
  5
2E3
330
1F
100
AcDbEntity
  8
Layer 1
370
    25
100
AcDbSpline
210
0.0
220
0.0
230
1.0
 70
    24
 71
     3
 72
     8
 73
     4
 74
     0
 42
0.000000001
 43
0.0000000001
 40
0.0
 40
0.0
 40
0.0
 40
0.0
 40
1.0
 40
1.0
 40
1.0
 40
1.0
 10
-2.24366
 20
-7.53417
 30
0.0
 10
-2.24366
 20
-7.53417
 30
0.0
 10
-5.94077
 20
-7.53417
 30
0.0
 10
-5.94077
 20
-7.53417
 30
0.0
  0
SPLINE
  5
2E4
330
1F
100
AcDbEntity
  8
Layer 1
370
    25
100
AcDbSpline
210
0.0
220
0.0
230
1.0
 70
    24
 71
     3
 72
     8
 73
     4
 74
     0
 42
0.000000001
 43
0.0000000001
 40
0.0
 40
0.0
 40
0.0
 40
0.0
 40
1.0
 40
1.0
 40
1.0
 40
1.0
 10
-2.2419
 20
-7.53241
 30
0.0
 10
-2.2419
 20
-7.53241
 30
0.0
 10
-2.24366
 20
-7.53417
 30
0.0
 10
-2.24366
 20
-7.53417
 30
0.0
  0
SPLINE
  5
2E5
330
1F
100
AcDbEntity
  8
Layer 1
370
    25
100
AcDbSpline
210
0.0
220
0.0
230
1.0
 70
     8
 71
     3
 72
    16
 73
    12
 74
     0
 42
0.000000001
 43
0.0000000001
 40
0.0
 40
0.0
 40
0.0
 40
0.0
 40
0.25
 40
0.25
 40
0.25
 40
0.25000001
 40
0.5
 40
0.5
 40
0.5
 40
0.50000001
 40
1.0
 40
1.0
 40
1.0
 40
1.0
 10
-2.24013
 20
-7.52359
 30
0.0
 10
-2.24013
 20
-7.52359
 30
0.0
 10
-2.24013
 20
-7.52712
 30
0.0
 10
-2.24013
 20
-7.52712
 30
0.0
 10
-2.24013
 20
-7.52712
 30
0.0
 10
-2.24013
 20
-7.52712
 30
0.0
 10
-2.24013
 20
-7.52888
 30
0.0
 10
-2.24013
 20
-7.52888
 30
0.0
 10
-2.24013
 20
-7.52888
 30
0.0
 10
-2.24013
 20
-7.52888
 30
0.0
 10
-2.2419
 20
-7.53241
 30
0.0
 10
-2.2419
 20
-7.53241
 30
0.0
  0
SPLINE
  5
2E6
330
1F
100
AcDbEntity
  8
Layer 1
370
    25
100
AcDbSpline
210
0.0
220
0.0
230
1.0
 70
    24
 71
     3
 72
     8
 73
     4
 74
     0
 42
0.000000001
 43
0.0000000001
 40
0.0
 40
0.0
 40
0.0
 40
0.0
 40
1.0
 40
1.0
 40
1.0
 40
1.0
 10
-2.239
 20
-7.46231
 30
0.0
 10
-2.239
 20
-7.46231
 30
0.0
 10
-2.24013
 20
-7.52359
 30
0.0
 10
-2.24013
 20
-7.52359
 30
0.0
  0
SPLINE
  5
2E7
330
1F
100
AcDbEntity
  8
Layer 1
370
    25
100
AcDbSpline
210
0.0
220
0.0
230
1.0
 70
    24
 71
     3
 72
    32
 73
    28
 74
     0
 42
0.000000001
 43
0.0000000001
 40
0.0
 40
0.0
 40
0.0
 40
0.0
 40
0.125
 40
0.125
 40
0.125
 40
0.12500001
 40
0.25
 40
0.25
 40
0.25
 40
0.25000001
 40
0.375
 40
0.375
 40
0.375
 40
0.37500001
 40
0.5
 40
0.5
 40
0.5
 40
0.50000001
 40
0.625
 40
0.625
 40
0.625
 40
0.62500001
 40
0.75
 40
0.75
 40
0.75
 40
0.75000001
 40
1.0
 40
1.0
 40
1.0
 40
1.0
 10
-2.24013
 20
-7.52359
 30
0.0
 10
-2.24013
 20
-7.52359
 30
0.0
 10
-2.23484
 20
-7.52359
 30
0.0
 10
-2.23484
 20
-7.52359
 30
0.0
 10
-2.23484
 20
-7.52359
 30
0.0
 10
-2.23484
 20
-7.52359
 30
0.0
 10
-2.22778
 20
-7.52359
 30
0.0
 10
-2.22778
 20
-7.52359
 30
0.0
 10
-2.22778
 20
-7.52359
 30
0.0
 10
-2.22778
 20
-7.52359
 30
0.0
 10
-2.22249
 20
-7.52359
 30
0.0
 10
-2.22249
 20
-7.52359
 30
0.0
 10
-2.22249
 20
-7.52359
 30
0.0
 10
-2.22249
 20
-7.52359
 30
0.0
 10
-2.21896
 20
-7.52359
 30
0.0
 10
-2.21896
 20
-7.52359
 30
0.0
 10
-2.21896
 20
-7.52359
 30
0.0
 10
-2.21896
 20
-7.52359
 30
0.0
 10
-2.21544
 20
-7.52359
 30
0.0
 10
-2.21544
 20
-7.52359
 30
0.0
 10
-2.21544
 20
-7.52359
 30
0.0
 10
-2.21544
 20
-7.52359
 30
0.0
 10
-2.21191
 20
-7.52359
 30
0.0
 10
-2.21191
 20
-7.52359
 30
0.0
 10
-2.21191
 20
-7.52359
 30
0.0
 10
-2.21191
 20
-7.52359
 30
0.0
 10
-2.21015
 20
-7.52359
 30
0.0
 10
-2.21015
 20
-7.52359
 30
0.0
  0
SPLINE
  5
2E8
330
1F
100
AcDbEntity
  8
Layer 1
370
    25
100
AcDbSpline
210
0.0
220
0.0
230
1.0
 70
    24
 71
     3
 72
     8
 73
     4
 74
     0
 42
0.000000001
 43
0.0000000001
 40
0.0
 40
0.0
 40
0.0
 40
0.0
 40
1.0
 40
1.0
 40
1.0
 40
1.0
 10
-2.21015
 20
-7.52359
 30
0.0
 10
-2.21015
 20
-7.52359
 30
0.0
 10
-2.20902
 20
-7.46231
 30
0.0
 10
-2.20902
 20
-7.46231
 30
0.0
  0
SPLINE
  5
2E9
330
1F
100
AcDbEntity
  8
Layer 1
370
    25
100
AcDbSpline
210
0.0
220
0.0
230
1.0
 70
    24
 71
     3
 72
     8
 73
     4
 74
     0
 42
0.000000001
 43
0.0000000001
 40
0.0
 40
0.0
 40
0.0
 40
0.0
 40
1.0
 40
1.0
 40
1.0
 40
1.0
 10
-5.97365
 20
-7.46231
 30
0.0
 10
-5.97365
 20
-7.46231
 30
0.0
 10
-5.97252
 20
-7.52359
 30
0.0
 10
-5.97252
 20
-7.52359
 30
0.0
  0
SPLINE
  5
2EA
330
1F
100
AcDbEntity
  8
Layer 1
370
    25
100
AcDbSpline
210
0.0
220
0.0
230
1.0
 70
    24
 71
     3
 72
    32
 73
    28
 74
     0
 42
0.000000001
 43
0.0000000001
 40
0.0
 40
0.0
 40
0.0
 40
0.0
 40
0.125
 40
0.125
 40
0.125
 40
0.12500001
 40
0.25
 40
0.25
 40
0.25
 40
0.25000001
 40
0.375
 40
0.375
 40
0.375
 40
0.37500001
 40
0.5
 40
0.5
 40
0.5
 40
0.50000001
 40
0.625
 40
0.625
 40
0.625
 40
0.62500001
 40
0.75
 40
0.75
 40
0.75
 40
0.75000001
 40
1.0
 40
1.0
 40
1.0
 40
1.0
 10
-5.94253
 20
-7.52359
 30
0.0
 10
-5.94253
 20
-7.52359
 30
0.0
 10
-5.94959
 20
-7.52359
 30
0.0
 10
-5.94959
 20
-7.52359
 30
0.0
 10
-5.94959
 20
-7.52359
 30
0.0
 10
-5.94959
 20
-7.52359
 30
0.0
 10
-5.95488
 20
-7.52359
 30
0.0
 10
-5.95488
 20
-7.52359
 30
0.0
 10
-5.95488
 20
-7.52359
 30
0.0
 10
-5.95488
 20
-7.52359
 30
0.0
 10
-5.96017
 20
-7.52359
 30
0.0
 10
-5.96017
 20
-7.52359
 30
0.0
 10
-5.96017
 20
-7.52359
 30
0.0
 10
-5.96017
 20
-7.52359
 30
0.0
 10
-5.9637
 20
-7.52359
 30
0.0
 10
-5.9637
 20
-7.52359
 30
0.0
 10
-5.9637
 20
-7.52359
 30
0.0
 10
-5.9637
 20
-7.52359
 30
0.0
 10
-5.96899
 20
-7.52359
 30
0.0
 10
-5.96899
 20
-7.52359
 30
0.0
 10
-5.96899
 20
-7.52359
 30
0.0
 10
-5.96899
 20
-7.52359
 30
0.0
 10
-5.97076
 20
-7.52359
 30
0.0
 10
-5.97076
 20
-7.52359
 30
0.0
 10
-5.97076
 20
-7.52359
 30
0.0
 10
-5.97076
 20
-7.52359
 30
0.0
 10
-5.97252
 20
-7.52359
 30
0.0
 10
-5.97252
 20
-7.52359
 30
0.0
  0
SPLINE
  5
2EB
330
1F
100
AcDbEntity
  8
Layer 1
370
    25
100
AcDbSpline
210
0.0
220
0.0
230
1.0
 70
     8
 71
     3
 72
    32
 73
    28
 74
     0
 42
0.000000001
 43
0.0000000001
 40
0.0
 40
0.0
 40
0.0
 40
0.0
 40
0.125
 40
0.125
 40
0.125
 40
0.12500001
 40
0.25
 40
0.25
 40
0.25
 40
0.25000001
 40
0.375
 40
0.375
 40
0.375
 40
0.37500001
 40
0.5
 40
0.5
 40
0.5
 40
0.50000001
 40
0.625
 40
0.625
 40
0.625
 40
0.62500001
 40
0.75
 40
0.75
 40
0.75
 40
0.75000001
 40
1.0
 40
1.0
 40
1.0
 40
1.0
 10
-2.2419
 20
-7.53241
 30
0.0
 10
-2.2419
 20
-7.53241
 30
0.0
 10
-2.2366
 20
-7.53417
 30
0.0
 10
-2.2366
 20
-7.53417
 30
0.0
 10
-2.2366
 20
-7.53417
 30
0.0
 10
-2.2366
 20
-7.53417
 30
0.0
 10
-2.23131
 20
-7.53594
 30
0.0
 10
-2.23131
 20
-7.53594
 30
0.0
 10
-2.23131
 20
-7.53594
 30
0.0
 10
-2.23131
 20
-7.53594
 30
0.0
 10
-2.22602
 20
-7.53947
 30
0.0
 10
-2.22602
 20
-7.53947
 30
0.0
 10
-2.22602
 20
-7.53947
 30
0.0
 10
-2.22602
 20
-7.53947
 30
0.0
 10
-2.22249
 20
-7.54123
 30
0.0
 10
-2.22249
 20
-7.54123
 30
0.0
 10
-2.22249
 20
-7.54123
 30
0.0
 10
-2.22249
 20
-7.54123
 30
0.0
 10
-2.21896
 20
-7.54299
 30
0.0
 10
-2.21896
 20
-7.54299
 30
0.0
 10
-2.21896
 20
-7.54299
 30
0.0
 10
-2.21896
 20
-7.54299
 30
0.0
 10
-2.2172
 20
-7.54299
 30
0.0
 10
-2.2172
 20
-7.54299
 30
0.0
 10
-2.2172
 20
-7.54299
 30
0.0
 10
-2.2172
 20
-7.54299
 30
0.0
 10
-2.21544
 20
-7.54476
 30
0.0
 10
-2.21544
 20
-7.54476
 30
0.0
  0
SPLINE
  5
2EC
330
1F
100
AcDbEntity
  8
Layer 1
370
    25
100
AcDbSpline
210
0.0
220
0.0
230
1.0
 70
     8
 71
     3
 72
    16
 73
    12
 74
     0
 42
0.000000001
 43
0.0000000001
 40
0.0
 40
0.0
 40
0.0
 40
0.0
 40
0.25
 40
0.25
 40
0.25
 40
0.25000001
 40
0.5
 40
0.5
 40
0.5
 40
0.50000001
 40
1.0
 40
1.0
 40
1.0
 40
1.0
 10
-2.21544
 20
-7.54476
 30
0.0
 10
-2.21544
 20
-7.54476
 30
0.0
 10
-2.21191
 20
-7.5377
 30
0.0
 10
-2.21191
 20
-7.5377
 30
0.0
 10
-2.21191
 20
-7.5377
 30
0.0
 10
-2.21191
 20
-7.5377
 30
0.0
 10
-2.21015
 20
-7.53065
 30
0.0
 10
-2.21015
 20
-7.53065
 30
0.0
 10
-2.21015
 20
-7.53065
 30
0.0
 10
-2.21015
 20
-7.53065
 30
0.0
 10
-2.21015
 20
-7.52359
 30
0.0
 10
-2.21015
 20
-7.52359
 30
0.0
  0
SPLINE
  5
2ED
330
1F
100
AcDbEntity
  8
Layer 1
370
    25
100
AcDbSpline
210
0.0
220
0.0
230
1.0
 70
     8
 71
     3
 72
    16
 73
    12
 74
     0
 42
0.000000001
 43
0.0000000001
 40
0.0
 40
0.0
 40
0.0
 40
0.0
 40
0.25
 40
0.25
 40
0.25
 40
0.25000001
 40
0.5
 40
0.5
 40
0.5
 40
0.50000001
 40
1.0
 40
1.0
 40
1.0
 40
1.0
 10
-5.97252
 20
-7.52359
 30
0.0
 10
-5.97252
 20
-7.52359
 30
0.0
 10
-5.97252
 20
-7.53065
 30
0.0
 10
-5.97252
 20
-7.53065
 30
0.0
 10
-5.97252
 20
-7.53065
 30
0.0
 10
-5.97252
 20
-7.53065
 30
0.0
 10
-5.97076
 20
-7.5377
 30
0.0
 10
-5.97076
 20
-7.5377
 30
0.0
 10
-5.97076
 20
-7.5377
 30
0.0
 10
-5.97076
 20
-7.5377
 30
0.0
 10
-5.96899
 20
-7.54476
 30
0.0
 10
-5.96899
 20
-7.54476
 30
0.0
  0
SPLINE
  5
2EE
330
1F
100
AcDbEntity
  8
Layer 1
370
    25
100
AcDbSpline
210
0.0
220
0.0
230
1.0
 70
     8
 71
     3
 72
    36
 73
    32
 74
     0
 42
0.000000001
 43
0.0000000001
 40
0.0
 40
0.0
 40
0.0
 40
0.0
 40
0.1111111111111111
 40
0.1111111111111111
 40
0.1111111111111111
 40
0.1111111211111111
 40
0.2222222222222222
 40
0.2222222222222222
 40
0.2222222222222222
 40
0.2222222322222222
 40
0.3333333333333333
 40
0.3333333333333333
 40
0.3333333333333333
 40
0.3333333433333333
 40
0.4444444444444444
 40
0.4444444444444444
 40
0.4444444444444444
 40
0.4444444544444444
 40
0.5555555555555556
 40
0.5555555555555556
 40
0.5555555555555556
 40
0.5555555655555556
 40
0.6666666666666666
 40
0.6666666666666666
 40
0.6666666666666666
 40
0.6666666766666667
 40
0.7777777777777778
 40
0.7777777777777778
 40
0.7777777777777778
 40
0.7777777877777778
 40
1.0
 40
1.0
 40
1.0
 40
1.0
 10
-5.94077
 20
-7.53241
 30
0.0
 10
-5.94077
 20
-7.53241
 30
0.0
 10
-5.94606
 20
-7.53417
 30
0.0
 10
-5.94606
 20
-7.53417
 30
0.0
 10
-5.94606
 20
-7.53417
 30
0.0
 10
-5.94606
 20
-7.53417
 30
0.0
 10
-5.95135
 20
-7.53594
 30
0.0
 10
-5.95135
 20
-7.53594
 30
0.0
 10
-5.95135
 20
-7.53594
 30
0.0
 10
-5.95135
 20
-7.53594
 30
0.0
 10
-5.95665
 20
-7.53947
 30
0.0
 10
-5.95665
 20
-7.53947
 30
0.0
 10
-5.95665
 20
-7.53947
 30
0.0
 10
-5.95665
 20
-7.53947
 30
0.0
 10
-5.96017
 20
-7.54123
 30
0.0
 10
-5.96017
 20
-7.54123
 30
0.0
 10
-5.96017
 20
-7.54123
 30
0.0
 10
-5.96017
 20
-7.54123
 30
0.0
 10
-5.9637
 20
-7.54299
 30
0.0
 10
-5.9637
 20
-7.54299
 30
0.0
 10
-5.9637
 20
-7.54299
 30
0.0
 10
-5.9637
 20
-7.54299
 30
0.0
 10
-5.96723
 20
-7.54299
 30
0.0
 10
-5.96723
 20
-7.54299
 30
0.0
 10
-5.96723
 20
-7.54299
 30
0.0
 10
-5.96723
 20
-7.54299
 30
0.0
 10
-5.96723
 20
-7.54476
 30
0.0
 10
-5.96723
 20
-7.54476
 30
0.0
 10
-5.96723
 20
-7.54476
 30
0.0
 10
-5.96723
 20
-7.54476
 30
0.0
 10
-5.96899
 20
-7.54476
 30
0.0
 10
-5.96899
 20
-7.54476
 30
0.0
  0
SPLINE
  5
2EF
330
1F
100
AcDbEntity
  8
Layer 1
370
    25
100
AcDbSpline
210
0.0
220
0.0
230
1.0
 70
     8
 71
     3
 72
    32
 73
    28
 74
     0
 42
0.000000001
 43
0.0000000001
 40
0.0
 40
0.0
 40
0.0
 40
0.0
 40
0.125
 40
0.125
 40
0.125
 40
0.12500001
 40
0.25
 40
0.25
 40
0.25
 40
0.25000001
 40
0.375
 40
0.375
 40
0.375
 40
0.37500001
 40
0.5
 40
0.5
 40
0.5
 40
0.50000001
 40
0.625
 40
0.625
 40
0.625
 40
0.62500001
 40
0.75
 40
0.75
 40
0.75
 40
0.75000001
 40
1.0
 40
1.0
 40
1.0
 40
1.0
 10
-2.24366
 20
-7.53417
 30
0.0
 10
-2.24366
 20
-7.53417
 30
0.0
 10
-2.23837
 20
-7.5377
 30
0.0
 10
-2.23837
 20
-7.5377
 30
0.0
 10
-2.23837
 20
-7.5377
 30
0.0
 10
-2.23837
 20
-7.5377
 30
0.0
 10
-2.23308
 20
-7.53947
 30
0.0
 10
-2.23308
 20
-7.53947
 30
0.0
 10
-2.23308
 20
-7.53947
 30
0.0
 10
-2.23308
 20
-7.53947
 30
0.0
 10
-2.22778
 20
-7.54123
 30
0.0
 10
-2.22778
 20
-7.54123
 30
0.0
 10
-2.22778
 20
-7.54123
 30
0.0
 10
-2.22778
 20
-7.54123
 30
0.0
 10
-2.22426
 20
-7.54299
 30
0.0
 10
-2.22426
 20
-7.54299
 30
0.0
 10
-2.22426
 20
-7.54299
 30
0.0
 10
-2.22426
 20
-7.54299
 30
0.0
 10
-2.22073
 20
-7.54476
 30
0.0
 10
-2.22073
 20
-7.54476
 30
0.0
 10
-2.22073
 20
-7.54476
 30
0.0
 10
-2.22073
 20
-7.54476
 30
0.0
 10
-2.2172
 20
-7.54652
 30
0.0
 10
-2.2172
 20
-7.54652
 30
0.0
 10
-2.2172
 20
-7.54652
 30
0.0
 10
-2.2172
 20
-7.54652
 30
0.0
 10
-2.21544
 20
-7.54652
 30
0.0
 10
-2.21544
 20
-7.54652
 30
0.0
  0
SPLINE
  5
2F0
330
1F
100
AcDbEntity
  8
Layer 1
370
    25
100
AcDbSpline
210
0.0
220
0.0
230
1.0
 70
    24
 71
     3
 72
     8
 73
     4
 74
     0
 42
0.000000001
 43
0.0000000001
 40
0.0
 40
0.0
 40
0.0
 40
0.0
 40
1.0
 40
1.0
 40
1.0
 40
1.0
 10
-2.21544
 20
-7.54652
 30
0.0
 10
-2.21544
 20
-7.54652
 30
0.0
 10
-2.21544
 20
-7.54476
 30
0.0
 10
-2.21544
 20
-7.54476
 30
0.0
  0
SPLINE
  5
2F1
330
1F
100
AcDbEntity
  8
Layer 1
370
    25
100
AcDbSpline
210
0.0
220
0.0
230
1.0
 70
    24
 71
     3
 72
     8
 73
     4
 74
     0
 42
0.000000001
 43
0.0000000001
 40
0.0
 40
0.0
 40
0.0
 40
0.0
 40
1.0
 40
1.0
 40
1.0
 40
1.0
 10
-5.96899
 20
-7.54476
 30
0.0
 10
-5.96899
 20
-7.54476
 30
0.0
 10
-5.96723
 20
-7.54652
 30
0.0
 10
-5.96723
 20
-7.54652
 30
0.0
  0
SPLINE
  5
2F2
330
1F
100
AcDbEntity
  8
Layer 1
370
    25
100
AcDbSpline
210
0.0
220
0.0
230
1.0
 70
     8
 71
     3
 72
    32
 73
    28
 74
     0
 42
0.000000001
 43
0.0000000001
 40
0.0
 40
0.0
 40
0.0
 40
0.0
 40
0.125
 40
0.125
 40
0.125
 40
0.12500001
 40
0.25
 40
0.25
 40
0.25
 40
0.25000001
 40
0.375
 40
0.375
 40
0.375
 40
0.37500001
 40
0.5
 40
0.5
 40
0.5
 40
0.50000001
 40
0.625
 40
0.625
 40
0.625
 40
0.62500001
 40
0.75
 40
0.75
 40
0.75
 40
0.75000001
 40
1.0
 40
1.0
 40
1.0
 40
1.0
 10
-5.94077
 20
-7.53417
 30
0.0
 10
-5.94077
 20
-7.53417
 30
0.0
 10
-5.94606
 20
-7.5377
 30
0.0
 10
-5.94606
 20
-7.5377
 30
0.0
 10
-5.94606
 20
-7.5377
 30
0.0
 10
-5.94606
 20
-7.5377
 30
0.0
 10
-5.95135
 20
-7.53947
 30
0.0
 10
-5.95135
 20
-7.53947
 30
0.0
 10
-5.95135
 20
-7.53947
 30
0.0
 10
-5.95135
 20
-7.53947
 30
0.0
 10
-5.95488
 20
-7.54123
 30
0.0
 10
-5.95488
 20
-7.54123
 30
0.0
 10
-5.95488
 20
-7.54123
 30
0.0
 10
-5.95488
 20
-7.54123
 30
0.0
 10
-5.96017
 20
-7.54299
 30
0.0
 10
-5.96017
 20
-7.54299
 30
0.0
 10
-5.96017
 20
-7.54299
 30
0.0
 10
-5.96017
 20
-7.54299
 30
0.0
 10
-5.96194
 20
-7.54476
 30
0.0
 10
-5.96194
 20
-7.54476
 30
0.0
 10
-5.96194
 20
-7.54476
 30
0.0
 10
-5.96194
 20
-7.54476
 30
0.0
 10
-5.96546
 20
-7.54652
 30
0.0
 10
-5.96546
 20
-7.54652
 30
0.0
 10
-5.96546
 20
-7.54652
 30
0.0
 10
-5.96546
 20
-7.54652
 30
0.0
 10
-5.96723
 20
-7.54652
 30
0.0
 10
-5.96723
 20
-7.54652
 30
0.0
  0
SPLINE
  5
2F3
330
1F
100
AcDbEntity
  8
Layer 1
370
    25
100
AcDbSpline
210
0.0
220
0.0
230
1.0
 70
     8
 71
     3
 72
    32
 73
    28
 74
     0
 42
0.000000001
 43
0.0000000001
 40
0.0
 40
0.0
 40
0.0
 40
0.0
 40
0.125
 40
0.125
 40
0.125
 40
0.12500001
 40
0.25
 40
0.25
 40
0.25
 40
0.25000001
 40
0.375
 40
0.375
 40
0.375
 40
0.37500001
 40
0.5
 40
0.5
 40
0.5
 40
0.50000001
 40
0.625
 40
0.625
 40
0.625
 40
0.62500001
 40
0.75
 40
0.75
 40
0.75
 40
0.75000001
 40
1.0
 40
1.0
 40
1.0
 40
1.0
 10
-2.24366
 20
-7.53417
 30
0.0
 10
-2.24366
 20
-7.53417
 30
0.0
 10
-2.24895
 20
-7.55358
 30
0.0
 10
-2.24895
 20
-7.55358
 30
0.0
 10
-2.24895
 20
-7.55358
 30
0.0
 10
-2.24895
 20
-7.55358
 30
0.0
 10
-2.25601
 20
-7.57298
 30
0.0
 10
-2.25601
 20
-7.57298
 30
0.0
 10
-2.25601
 20
-7.57298
 30
0.0
 10
-2.25601
 20
-7.57298
 30
0.0
 10
-2.2613
 20
-7.59062
 30
0.0
 10
-2.2613
 20
-7.59062
 30
0.0
 10
-2.2613
 20
-7.59062
 30
0.0
 10
-2.2613
 20
-7.59062
 30
0.0
 10
-2.26659
 20
-7.60473
 30
0.0
 10
-2.26659
 20
-7.60473
 30
0.0
 10
-2.26659
 20
-7.60473
 30
0.0
 10
-2.26659
 20
-7.60473
 30
0.0
 10
-2.27012
 20
-7.61708
 30
0.0
 10
-2.27012
 20
-7.61708
 30
0.0
 10
-2.27012
 20
-7.61708
 30
0.0
 10
-2.27012
 20
-7.61708
 30
0.0
 10
-2.27365
 20
-7.6259
 30
0.0
 10
-2.27365
 20
-7.6259
 30
0.0
 10
-2.27365
 20
-7.6259
 30
0.0
 10
-2.27365
 20
-7.6259
 30
0.0
 10
-2.27541
 20
-7.63119
 30
0.0
 10
-2.27541
 20
-7.63119
 30
0.0
  0
SPLINE
  5
2F4
330
1F
100
AcDbEntity
  8
Layer 1
370
    25
100
AcDbSpline
210
0.0
220
0.0
230
1.0
 70
     8
 71
     3
 72
    36
 73
    32
 74
     0
 42
0.000000001
 43
0.0000000001
 40
0.0
 40
0.0
 40
0.0
 40
0.0
 40
0.1111111111111111
 40
0.1111111111111111
 40
0.1111111111111111
 40
0.1111111211111111
 40
0.2222222222222222
 40
0.2222222222222222
 40
0.2222222222222222
 40
0.2222222322222222
 40
0.3333333333333333
 40
0.3333333333333333
 40
0.3333333333333333
 40
0.3333333433333333
 40
0.4444444444444444
 40
0.4444444444444444
 40
0.4444444444444444
 40
0.4444444544444444
 40
0.5555555555555556
 40
0.5555555555555556
 40
0.5555555555555556
 40
0.5555555655555556
 40
0.6666666666666666
 40
0.6666666666666666
 40
0.6666666666666666
 40
0.6666666766666667
 40
0.7777777777777778
 40
0.7777777777777778
 40
0.7777777777777778
 40
0.7777777877777778
 40
1.0
 40
1.0
 40
1.0
 40
1.0
 10
-2.27541
 20
-7.63119
 30
0.0
 10
-2.27541
 20
-7.63119
 30
0.0
 10
-2.27012
 20
-7.63119
 30
0.0
 10
-2.27012
 20
-7.63119
 30
0.0
 10
-2.27012
 20
-7.63119
 30
0.0
 10
-2.27012
 20
-7.63119
 30
0.0
 10
-2.26659
 20
-7.63119
 30
0.0
 10
-2.26659
 20
-7.63119
 30
0.0
 10
-2.26659
 20
-7.63119
 30
0.0
 10
-2.26659
 20
-7.63119
 30
0.0
 10
-2.26306
 20
-7.62942
 30
0.0
 10
-2.26306
 20
-7.62942
 30
0.0
 10
-2.26306
 20
-7.62942
 30
0.0
 10
-2.26306
 20
-7.62942
 30
0.0
 10
-2.25777
 20
-7.62766
 30
0.0
 10
-2.25777
 20
-7.62766
 30
0.0
 10
-2.25777
 20
-7.62766
 30
0.0
 10
-2.25777
 20
-7.62766
 30
0.0
 10
-2.25424
 20
-7.62413
 30
0.0
 10
-2.25424
 20
-7.62413
 30
0.0
 10
-2.25424
 20
-7.62413
 30
0.0
 10
-2.25424
 20
-7.62413
 30
0.0
 10
-2.25248
 20
-7.62237
 30
0.0
 10
-2.25248
 20
-7.62237
 30
0.0
 10
-2.25248
 20
-7.62237
 30
0.0
 10
-2.25248
 20
-7.62237
 30
0.0
 10
-2.24895
 20
-7.61884
 30
0.0
 10
-2.24895
 20
-7.61884
 30
0.0
 10
-2.24895
 20
-7.61884
 30
0.0
 10
-2.24895
 20
-7.61884
 30
0.0
 10
-2.24719
 20
-7.61531
 30
0.0
 10
-2.24719
 20
-7.61531
 30
0.0
  0
SPLINE
  5
2F5
330
1F
100
AcDbEntity
  8
Layer 1
370
    25
100
AcDbSpline
210
0.0
220
0.0
230
1.0
 70
     8
 71
     3
 72
    32
 73
    28
 74
     0
 42
0.000000001
 43
0.0000000001
 40
0.0
 40
0.0
 40
0.0
 40
0.0
 40
0.125
 40
0.125
 40
0.125
 40
0.12500001
 40
0.25
 40
0.25
 40
0.25
 40
0.25000001
 40
0.375
 40
0.375
 40
0.375
 40
0.37500001
 40
0.5
 40
0.5
 40
0.5
 40
0.50000001
 40
0.625
 40
0.625
 40
0.625
 40
0.62500001
 40
0.75
 40
0.75
 40
0.75
 40
0.75000001
 40
1.0
 40
1.0
 40
1.0
 40
1.0
 10
-2.24719
 20
-7.61531
 30
0.0
 10
-2.24719
 20
-7.61531
 30
0.0
 10
-2.24542
 20
-7.61178
 30
0.0
 10
-2.24542
 20
-7.61178
 30
0.0
 10
-2.24542
 20
-7.61178
 30
0.0
 10
-2.24542
 20
-7.61178
 30
0.0
 10
-2.24366
 20
-7.60473
 30
0.0
 10
-2.24366
 20
-7.60473
 30
0.0
 10
-2.24366
 20
-7.60473
 30
0.0
 10
-2.24366
 20
-7.60473
 30
0.0
 10
-2.23837
 20
-7.59591
 30
0.0
 10
-2.23837
 20
-7.59591
 30
0.0
 10
-2.23837
 20
-7.59591
 30
0.0
 10
-2.23837
 20
-7.59591
 30
0.0
 10
-2.23484
 20
-7.58533
 30
0.0
 10
-2.23484
 20
-7.58533
 30
0.0
 10
-2.23484
 20
-7.58533
 30
0.0
 10
-2.23484
 20
-7.58533
 30
0.0
 10
-2.22778
 20
-7.57298
 30
0.0
 10
-2.22778
 20
-7.57298
 30
0.0
 10
-2.22778
 20
-7.57298
 30
0.0
 10
-2.22778
 20
-7.57298
 30
0.0
 10
-2.22249
 20
-7.56063
 30
0.0
 10
-2.22249
 20
-7.56063
 30
0.0
 10
-2.22249
 20
-7.56063
 30
0.0
 10
-2.22249
 20
-7.56063
 30
0.0
 10
-2.21544
 20
-7.54652
 30
0.0
 10
-2.21544
 20
-7.54652
 30
0.0
  0
SPLINE
  5
2F6
330
1F
100
AcDbEntity
  8
Layer 1
370
    25
100
AcDbSpline
210
0.0
220
0.0
230
1.0
 70
     8
 71
     3
 72
    32
 73
    28
 74
     0
 42
0.000000001
 43
0.0000000001
 40
0.0
 40
0.0
 40
0.0
 40
0.0
 40
0.125
 40
0.125
 40
0.125
 40
0.12500001
 40
0.25
 40
0.25
 40
0.25
 40
0.25000001
 40
0.375
 40
0.375
 40
0.375
 40
0.37500001
 40
0.5
 40
0.5
 40
0.5
 40
0.50000001
 40
0.625
 40
0.625
 40
0.625
 40
0.62500001
 40
0.75
 40
0.75
 40
0.75
 40
0.75000001
 40
1.0
 40
1.0
 40
1.0
 40
1.0
 10
-5.90902
 20
-7.63119
 30
0.0
 10
-5.90902
 20
-7.63119
 30
0.0
 10
-5.91078
 20
-7.6259
 30
0.0
 10
-5.91078
 20
-7.6259
 30
0.0
 10
-5.91078
 20
-7.6259
 30
0.0
 10
-5.91078
 20
-7.6259
 30
0.0
 10
-5.91255
 20
-7.61708
 30
0.0
 10
-5.91255
 20
-7.61708
 30
0.0
 10
-5.91255
 20
-7.61708
 30
0.0
 10
-5.91255
 20
-7.61708
 30
0.0
 10
-5.91784
 20
-7.60473
 30
0.0
 10
-5.91784
 20
-7.60473
 30
0.0
 10
-5.91784
 20
-7.60473
 30
0.0
 10
-5.91784
 20
-7.60473
 30
0.0
 10
-5.92137
 20
-7.59062
 30
0.0
 10
-5.92137
 20
-7.59062
 30
0.0
 10
-5.92137
 20
-7.59062
 30
0.0
 10
-5.92137
 20
-7.59062
 30
0.0
 10
-5.92842
 20
-7.57298
 30
0.0
 10
-5.92842
 20
-7.57298
 30
0.0
 10
-5.92842
 20
-7.57298
 30
0.0
 10
-5.92842
 20
-7.57298
 30
0.0
 10
-5.93371
 20
-7.55358
 30
0.0
 10
-5.93371
 20
-7.55358
 30
0.0
 10
-5.93371
 20
-7.55358
 30
0.0
 10
-5.93371
 20
-7.55358
 30
0.0
 10
-5.94077
 20
-7.53417
 30
0.0
 10
-5.94077
 20
-7.53417
 30
0.0
  0
SPLINE
  5
2F7
330
1F
100
AcDbEntity
  8
Layer 1
370
    25
100
AcDbSpline
210
0.0
220
0.0
230
1.0
 70
    24
 71
     3
 72
     8
 73
     4
 74
     0
 42
0.000000001
 43
0.0000000001
 40
0.0
 40
0.0
 40
0.0
 40
0.0
 40
1.0
 40
1.0
 40
1.0
 40
1.0
 10
-2.27541
 20
-7.63119
 30
0.0
 10
-2.27541
 20
-7.63119
 30
0.0
 10
-5.90902
 20
-7.63119
 30
0.0
 10
-5.90902
 20
-7.63119
 30
0.0
  0
SPLINE
  5
2F8
330
1F
100
AcDbEntity
  8
Layer 1
370
    25
100
AcDbSpline
210
0.0
220
0.0
230
1.0
 70
     8
 71
     3
 72
    32
 73
    28
 74
     0
 42
0.000000001
 43
0.0000000001
 40
0.0
 40
0.0
 40
0.0
 40
0.0
 40
0.125
 40
0.125
 40
0.125
 40
0.12500001
 40
0.25
 40
0.25
 40
0.25
 40
0.25000001
 40
0.375
 40
0.375
 40
0.375
 40
0.37500001
 40
0.5
 40
0.5
 40
0.5
 40
0.50000001
 40
0.625
 40
0.625
 40
0.625
 40
0.62500001
 40
0.75
 40
0.75
 40
0.75
 40
0.75000001
 40
1.0
 40
1.0
 40
1.0
 40
1.0
 10
-5.96723
 20
-7.54652
 30
0.0
 10
-5.96723
 20
-7.54652
 30
0.0
 10
-5.96017
 20
-7.56063
 30
0.0
 10
-5.96017
 20
-7.56063
 30
0.0
 10
-5.96017
 20
-7.56063
 30
0.0
 10
-5.96017
 20
-7.56063
 30
0.0
 10
-5.95488
 20
-7.57298
 30
0.0
 10
-5.95488
 20
-7.57298
 30
0.0
 10
-5.95488
 20
-7.57298
 30
0.0
 10
-5.95488
 20
-7.57298
 30
0.0
 10
-5.94959
 20
-7.58533
 30
0.0
 10
-5.94959
 20
-7.58533
 30
0.0
 10
-5.94959
 20
-7.58533
 30
0.0
 10
-5.94959
 20
-7.58533
 30
0.0
 10
-5.9443
 20
-7.59591
 30
0.0
 10
-5.9443
 20
-7.59591
 30
0.0
 10
-5.9443
 20
-7.59591
 30
0.0
 10
-5.9443
 20
-7.59591
 30
0.0
 10
-5.94077
 20
-7.60473
 30
0.0
 10
-5.94077
 20
-7.60473
 30
0.0
 10
-5.94077
 20
-7.60473
 30
0.0
 10
-5.94077
 20
-7.60473
 30
0.0
 10
-5.93724
 20
-7.61178
 30
0.0
 10
-5.93724
 20
-7.61178
 30
0.0
 10
-5.93724
 20
-7.61178
 30
0.0
 10
-5.93724
 20
-7.61178
 30
0.0
 10
-5.93548
 20
-7.61531
 30
0.0
 10
-5.93548
 20
-7.61531
 30
0.0
  0
SPLINE
  5
2F9
330
1F
100
AcDbEntity
  8
Layer 1
370
    25
100
AcDbSpline
210
0.0
220
0.0
230
1.0
 70
     8
 71
     3
 72
    36
 73
    32
 74
     0
 42
0.000000001
 43
0.0000000001
 40
0.0
 40
0.0
 40
0.0
 40
0.0
 40
0.1111111111111111
 40
0.1111111111111111
 40
0.1111111111111111
 40
0.1111111211111111
 40
0.2222222222222222
 40
0.2222222222222222
 40
0.2222222222222222
 40
0.2222222322222222
 40
0.3333333333333333
 40
0.3333333333333333
 40
0.3333333333333333
 40
0.3333333433333333
 40
0.4444444444444444
 40
0.4444444444444444
 40
0.4444444444444444
 40
0.4444444544444444
 40
0.5555555555555556
 40
0.5555555555555556
 40
0.5555555555555556
 40
0.5555555655555556
 40
0.6666666666666666
 40
0.6666666666666666
 40
0.6666666666666666
 40
0.6666666766666667
 40
0.7777777777777778
 40
0.7777777777777778
 40
0.7777777777777778
 40
0.7777777877777778
 40
1.0
 40
1.0
 40
1.0
 40
1.0
 10
-5.90902
 20
-7.63119
 30
0.0
 10
-5.90902
 20
-7.63119
 30
0.0
 10
-5.91255
 20
-7.63119
 30
0.0
 10
-5.91255
 20
-7.63119
 30
0.0
 10
-5.91255
 20
-7.63119
 30
0.0
 10
-5.91255
 20
-7.63119
 30
0.0
 10
-5.91608
 20
-7.63119
 30
0.0
 10
-5.91608
 20
-7.63119
 30
0.0
 10
-5.91608
 20
-7.63119
 30
0.0
 10
-5.91608
 20
-7.63119
 30
0.0
 10
-5.92137
 20
-7.62942
 30
0.0
 10
-5.92137
 20
-7.62942
 30
0.0
 10
-5.92137
 20
-7.62942
 30
0.0
 10
-5.92137
 20
-7.62942
 30
0.0
 10
-5.9249
 20
-7.62766
 30
0.0
 10
-5.9249
 20
-7.62766
 30
0.0
 10
-5.9249
 20
-7.62766
 30
0.0
 10
-5.9249
 20
-7.62766
 30
0.0
 10
-5.92842
 20
-7.62413
 30
0.0
 10
-5.92842
 20
-7.62413
 30
0.0
 10
-5.92842
 20
-7.62413
 30
0.0
 10
-5.92842
 20
-7.62413
 30
0.0
 10
-5.93195
 20
-7.62237
 30
0.0
 10
-5.93195
 20
-7.62237
 30
0.0
 10
-5.93195
 20
-7.62237
 30
0.0
 10
-5.93195
 20
-7.62237
 30
0.0
 10
-5.93371
 20
-7.61884
 30
0.0
 10
-5.93371
 20
-7.61884
 30
0.0
 10
-5.93371
 20
-7.61884
 30
0.0
 10
-5.93371
 20
-7.61884
 30
0.0
 10
-5.93548
 20
-7.61531
 30
0.0
 10
-5.93548
 20
-7.61531
 30
0.0
  0
SPLINE
  5
2FA
330
1F
100
AcDbEntity
  8
Layer 1
370
    25
100
AcDbSpline
210
0.0
220
0.0
230
1.0
 70
     8
 71
     3
 72
    32
 73
    28
 74
     0
 42
0.000000001
 43
0.0000000001
 40
0.0
 40
0.0
 40
0.0
 40
0.0
 40
0.125
 40
0.125
 40
0.125
 40
0.12500001
 40
0.25
 40
0.25
 40
0.25
 40
0.25000001
 40
0.375
 40
0.375
 40
0.375
 40
0.37500001
 40
0.5
 40
0.5
 40
0.5
 40
0.50000001
 40
0.625
 40
0.625
 40
0.625
 40
0.62500001
 40
0.75
 40
0.75
 40
0.75
 40
0.75000001
 40
1.0
 40
1.0
 40
1.0
 40
1.0
 10
-2.30892
 20
-7.7476
 30
0.0
 10
-2.30892
 20
-7.7476
 30
0.0
 10
-2.30892
 20
-7.7476
 30
0.0
 10
-2.30892
 20
-7.7476
 30
0.0
 10
-2.30892
 20
-7.7476
 30
0.0
 10
-2.30892
 20
-7.7476
 30
0.0
 10
-2.30716
 20
-7.74408
 30
0.0
 10
-2.30716
 20
-7.74408
 30
0.0
 10
-2.30716
 20
-7.74408
 30
0.0
 10
-2.30716
 20
-7.74408
 30
0.0
 10
-2.30187
 20
-7.73173
 30
0.0
 10
-2.30187
 20
-7.73173
 30
0.0
 10
-2.30187
 20
-7.73173
 30
0.0
 10
-2.30187
 20
-7.73173
 30
0.0
 10
-2.29305
 20
-7.71409
 30
0.0
 10
-2.29305
 20
-7.71409
 30
0.0
 10
-2.29305
 20
-7.71409
 30
0.0
 10
-2.29305
 20
-7.71409
 30
0.0
 10
-2.28246
 20
-7.68763
 30
0.0
 10
-2.28246
 20
-7.68763
 30
0.0
 10
-2.28246
 20
-7.68763
 30
0.0
 10
-2.28246
 20
-7.68763
 30
0.0
 10
-2.26659
 20
-7.65412
 30
0.0
 10
-2.26659
 20
-7.65412
 30
0.0
 10
-2.26659
 20
-7.65412
 30
0.0
 10
-2.26659
 20
-7.65412
 30
0.0
 10
-2.24719
 20
-7.61531
 30
0.0
 10
-2.24719
 20
-7.61531
 30
0.0
  0
SPLINE
  5
2FB
330
1F
100
AcDbEntity
  8
Layer 1
370
    25
100
AcDbSpline
210
0.0
220
0.0
230
1.0
 70
     8
 71
     3
 72
    28
 73
    24
 74
     0
 42
0.000000001
 43
0.0000000001
 40
0.0
 40
0.0
 40
0.0
 40
0.0
 40
0.1428571428571428
 40
0.1428571428571428
 40
0.1428571428571428
 40
0.1428571528571428
 40
0.2857142857142857
 40
0.2857142857142857
 40
0.2857142857142857
 40
0.2857142957142857
 40
0.4285714285714285
 40
0.4285714285714285
 40
0.4285714285714285
 40
0.4285714385714285
 40
0.5714285714285714
 40
0.5714285714285714
 40
0.5714285714285714
 40
0.5714285814285714
 40
0.7142857142857143
 40
0.7142857142857143
 40
0.7142857142857143
 40
0.7142857242857144
 40
1.0
 40
1.0
 40
1.0
 40
1.0
 10
-5.93548
 20
-7.61531
 30
0.0
 10
-5.93548
 20
-7.61531
 30
0.0
 10
-5.91608
 20
-7.65412
 30
0.0
 10
-5.91608
 20
-7.65412
 30
0.0
 10
-5.91608
 20
-7.65412
 30
0.0
 10
-5.91608
 20
-7.65412
 30
0.0
 10
-5.90196
 20
-7.68763
 30
0.0
 10
-5.90196
 20
-7.68763
 30
0.0
 10
-5.90196
 20
-7.68763
 30
0.0
 10
-5.90196
 20
-7.68763
 30
0.0
 10
-5.88962
 20
-7.71409
 30
0.0
 10
-5.88962
 20
-7.71409
 30
0.0
 10
-5.88962
 20
-7.71409
 30
0.0
 10
-5.88962
 20
-7.71409
 30
0.0
 10
-5.8808
 20
-7.73173
 30
0.0
 10
-5.8808
 20
-7.73173
 30
0.0
 10
-5.8808
 20
-7.73173
 30
0.0
 10
-5.8808
 20
-7.73173
 30
0.0
 10
-5.87551
 20
-7.74408
 30
0.0
 10
-5.87551
 20
-7.74408
 30
0.0
 10
-5.87551
 20
-7.74408
 30
0.0
 10
-5.87551
 20
-7.74408
 30
0.0
 10
-5.87374
 20
-7.7476
 30
0.0
 10
-5.87374
 20
-7.7476
 30
0.0
  0
SPLINE
  5
2FC
330
1F
100
AcDbEntity
  8
Layer 1
370
    25
100
AcDbSpline
210
0.0
220
0.0
230
1.0
 70
    24
 71
     3
 72
     8
 73
     4
 74
     0
 42
0.000000001
 43
0.0000000001
 40
0.0
 40
0.0
 40
0.0
 40
0.0
 40
1.0
 40
1.0
 40
1.0
 40
1.0
 10
-5.7538
 20
-7.49008
 30
0.0
 10
-5.7538
 20
-7.49008
 30
0.0
 10
-5.7538
 20
-7.46231
 30
0.0
 10
-5.7538
 20
-7.46231
 30
0.0
  0
SPLINE
  5
2FD
330
1F
100
AcDbEntity
  8
Layer 1
370
    25
100
AcDbSpline
210
0.0
220
0.0
230
1.0
 70
     8
 71
     3
 72
    28
 73
    24
 74
     0
 42
0.000000001
 43
0.0000000001
 40
0.0
 40
0.0
 40
0.0
 40
0.0
 40
0.1428571428571428
 40
0.1428571428571428
 40
0.1428571428571428
 40
0.1428571528571428
 40
0.2857142857142857
 40
0.2857142857142857
 40
0.2857142857142857
 40
0.2857142957142857
 40
0.4285714285714285
 40
0.4285714285714285
 40
0.4285714285714285
 40
0.4285714385714285
 40
0.5714285714285714
 40
0.5714285714285714
 40
0.5714285714285714
 40
0.5714285814285714
 40
0.7142857142857143
 40
0.7142857142857143
 40
0.7142857142857143
 40
0.7142857242857144
 40
1.0
 40
1.0
 40
1.0
 40
1.0
 10
-2.27541
 20
-7.63119
 30
0.0
 10
-2.27541
 20
-7.63119
 30
0.0
 10
-2.29305
 20
-7.67176
 30
0.0
 10
-2.29305
 20
-7.67176
 30
0.0
 10
-2.29305
 20
-7.67176
 30
0.0
 10
-2.29305
 20
-7.67176
 30
0.0
 10
-2.30892
 20
-7.70527
 30
0.0
 10
-2.30892
 20
-7.70527
 30
0.0
 10
-2.30892
 20
-7.70527
 30
0.0
 10
-2.30892
 20
-7.70527
 30
0.0
 10
-2.32127
 20
-7.73173
 30
0.0
 10
-2.32127
 20
-7.73173
 30
0.0
 10
-2.32127
 20
-7.73173
 30
0.0
 10
-2.32127
 20
-7.73173
 30
0.0
 10
-2.33009
 20
-7.74937
 30
0.0
 10
-2.33009
 20
-7.74937
 30
0.0
 10
-2.33009
 20
-7.74937
 30
0.0
 10
-2.33009
 20
-7.74937
 30
0.0
 10
-2.33538
 20
-7.75995
 30
0.0
 10
-2.33538
 20
-7.75995
 30
0.0
 10
-2.33538
 20
-7.75995
 30
0.0
 10
-2.33538
 20
-7.75995
 30
0.0
 10
-2.33715
 20
-7.76348
 30
0.0
 10
-2.33715
 20
-7.76348
 30
0.0
  0
SPLINE
  5
2FE
330
1F
100
AcDbEntity
  8
Layer 1
370
    25
100
AcDbSpline
210
0.0
220
0.0
230
1.0
 70
     8
 71
     3
 72
    28
 73
    24
 74
     0
 42
0.000000001
 43
0.0000000001
 40
0.0
 40
0.0
 40
0.0
 40
0.0
 40
0.1428571428571428
 40
0.1428571428571428
 40
0.1428571428571428
 40
0.1428571528571428
 40
0.2857142857142857
 40
0.2857142857142857
 40
0.2857142857142857
 40
0.2857142957142857
 40
0.4285714285714285
 40
0.4285714285714285
 40
0.4285714285714285
 40
0.4285714385714285
 40
0.5714285714285714
 40
0.5714285714285714
 40
0.5714285714285714
 40
0.5714285814285714
 40
0.7142857142857143
 40
0.7142857142857143
 40
0.7142857142857143
 40
0.7142857242857144
 40
1.0
 40
1.0
 40
1.0
 40
1.0
 10
-5.84728
 20
-7.76348
 30
0.0
 10
-5.84728
 20
-7.76348
 30
0.0
 10
-5.84905
 20
-7.75995
 30
0.0
 10
-5.84905
 20
-7.75995
 30
0.0
 10
-5.84905
 20
-7.75995
 30
0.0
 10
-5.84905
 20
-7.75995
 30
0.0
 10
-5.85434
 20
-7.74937
 30
0.0
 10
-5.85434
 20
-7.74937
 30
0.0
 10
-5.85434
 20
-7.74937
 30
0.0
 10
-5.85434
 20
-7.74937
 30
0.0
 10
-5.8614
 20
-7.73173
 30
0.0
 10
-5.8614
 20
-7.73173
 30
0.0
 10
-5.8614
 20
-7.73173
 30
0.0
 10
-5.8614
 20
-7.73173
 30
0.0
 10
-5.87374
 20
-7.70527
 30
0.0
 10
-5.87374
 20
-7.70527
 30
0.0
 10
-5.87374
 20
-7.70527
 30
0.0
 10
-5.87374
 20
-7.70527
 30
0.0
 10
-5.88962
 20
-7.67176
 30
0.0
 10
-5.88962
 20
-7.67176
 30
0.0
 10
-5.88962
 20
-7.67176
 30
0.0
 10
-5.88962
 20
-7.67176
 30
0.0
 10
-5.90902
 20
-7.63119
 30
0.0
 10
-5.90902
 20
-7.63119
 30
0.0
  0
SPLINE
  5
2FF
330
1F
100
AcDbEntity
  8
Layer 1
370
    25
100
AcDbSpline
210
0.0
220
0.0
230
1.0
 70
    24
 71
     3
 72
    12
 73
     8
 74
     0
 42
0.000000001
 43
0.0000000001
 40
0.0
 40
0.0
 40
0.0
 40
0.0
 40
0.3333333333333333
 40
0.3333333333333333
 40
0.3333333333333333
 40
0.3333333433333333
 40
1.0
 40
1.0
 40
1.0
 40
1.0
 10
-5.7538
 20
-7.49008
 30
0.0
 10
-5.7538
 20
-7.49008
 30
0.0
 10
-5.7538
 20
-7.4936
 30
0.0
 10
-5.7538
 20
-7.4936
 30
0.0
 10
-5.7538
 20
-7.4936
 30
0.0
 10
-5.7538
 20
-7.4936
 30
0.0
 10
-5.7538
 20
-7.49537
 30
0.0
 10
-5.7538
 20
-7.49537
 30
0.0
  0
SPLINE
  5
301
330
1F
100
AcDbEntity
  8
Layer 1
 62
   250
370
    25
100
AcDbSpline
210
0.0
220
0.0
230
1.0
 70
    11
 71
     3
 72
    84
 73
    80
 74
     0
 42
0.000000001
 43
0.0000000001
 40
0.0
 40
0.0
 40
0.0
 40
0.0
 40
0.0476190476190476
 40
0.0476190476190476
 40
0.0476190476190476
 40
0.0476190576190476
 40
0.0952380952380952
 40
0.0952380952380952
 40
0.0952380952380952
 40
0.0952381052380952
 40
0.1428571428571428
 40
0.1428571428571428
 40
0.1428571428571428
 40
0.1428571528571428
 40
0.1904761904761905
 40
0.1904761904761905
 40
0.1904761904761905
 40
0.1904762004761905
 40
0.2380952380952381
 40
0.2380952380952381
 40
0.2380952380952381
 40
0.2380952480952381
 40
0.2857142857142857
 40
0.2857142857142857
 40
0.2857142857142857
 40
0.2857142957142857
 40
0.3333333333333333
 40
0.3333333333333333
 40
0.3333333333333333
 40
0.3333333433333333
 40
0.3809523809523809
 40
0.3809523809523809
 40
0.3809523809523809
 40
0.3809523909523809
 40
0.4285714285714285
 40
0.4285714285714285
 40
0.4285714285714285
 40
0.4285714385714285
 40
0.4761904761904762
 40
0.4761904761904762
 40
0.4761904761904762
 40
0.4761904861904762
 40
0.5238095238095238
 40
0.5238095238095238
 40
0.5238095238095238
 40
0.5238095338095239
 40
0.5714285714285714
 40
0.5714285714285714
 40
0.5714285714285714
 40
0.5714285814285714
 40
0.6190476190476191
 40
0.6190476190476191
 40
0.6190476190476191
 40
0.6190476290476191
 40
0.6666666666666666
 40
0.6666666666666666
 40
0.6666666666666666
 40
0.6666666766666667
 40
0.7142857142857143
 40
0.7142857142857143
 40
0.7142857142857143
 40
0.7142857242857144
 40
0.7619047619047619
 40
0.7619047619047619
 40
0.7619047619047619
 40
0.7619047719047619
 40
0.8095238095238095
 40
0.8095238095238095
 40
0.8095238095238095
 40
0.8095238195238096
 40
0.8571428571428571
 40
0.8571428571428571
 40
0.8571428571428571
 40
0.8571428671428571
 40
0.9047619047619048
 40
0.9047619047619048
 40
0.9047619047619048
 40
0.9047619147619048
 40
1.0
 40
1.0
 40
1.0
 40
1.0
 10
-5.6103
 20
4.75851
 30
0.0
 10
-5.6103
 20
4.75851
 30
0.0
 10
-5.58735
 20
4.7638
 30
0.0
 10
-5.58735
 20
4.7638
 30
0.0
 10
-5.58735
 20
4.7638
 30
0.0
 10
-5.58735
 20
4.7638
 30
0.0
 10
-5.56794
 20
4.77616
 30
0.0
 10
-5.56794
 20
4.77616
 30
0.0
 10
-5.56794
 20
4.77616
 30
0.0
 10
-5.56794
 20
4.77616
 30
0.0
 10
-5.55205
 20
4.79381
 30
0.0
 10
-5.55205
 20
4.79381
 30
0.0
 10
-5.55205
 20
4.79381
 30
0.0
 10
-5.55205
 20
4.79381
 30
0.0
 10
-5.54499
 20
4.81676
 30
0.0
 10
-5.54499
 20
4.81676
 30
0.0
 10
-5.54499
 20
4.81676
 30
0.0
 10
-5.54499
 20
4.81676
 30
0.0
 10
-5.54322
 20
4.83971
 30
0.0
 10
-5.54322
 20
4.83971
 30
0.0
 10
-5.54322
 20
4.83971
 30
0.0
 10
-5.54322
 20
4.83971
 30
0.0
 10
-5.55205
 20
4.86266
 30
0.0
 10
-5.55205
 20
4.86266
 30
0.0
 10
-5.55205
 20
4.86266
 30
0.0
 10
-5.55205
 20
4.86266
 30
0.0
 10
-5.56617
 20
4.88031
 30
0.0
 10
-5.56617
 20
4.88031
 30
0.0
 10
-5.56617
 20
4.88031
 30
0.0
 10
-5.56617
 20
4.88031
 30
0.0
 10
-5.58559
 20
4.89266
 30
0.0
 10
-5.58559
 20
4.89266
 30
0.0
 10
-5.58559
 20
4.89266
 30
0.0
 10
-5.58559
 20
4.89266
 30
0.0
 10
-5.60854
 20
4.89796
 30
0.0
 10
-5.60854
 20
4.89796
 30
0.0
 10
-5.60854
 20
4.89796
 30
0.0
 10
-5.60854
 20
4.89796
 30
0.0
 10
-5.63325
 20
4.8962
 30
0.0
 10
-5.63325
 20
4.8962
 30
0.0
 10
-5.63325
 20
4.8962
 30
0.0
 10
-5.63325
 20
4.8962
 30
0.0
 10
-5.65267
 20
4.8856
 30
0.0
 10
-5.65267
 20
4.8856
 30
0.0
 10
-5.65267
 20
4.8856
 30
0.0
 10
-5.65267
 20
4.8856
 30
0.0
 10
-5.67032
 20
4.86972
 30
0.0
 10
-5.67032
 20
4.86972
 30
0.0
 10
-5.67032
 20
4.86972
 30
0.0
 10
-5.67032
 20
4.86972
 30
0.0
 10
-5.68091
 20
4.84854
 30
0.0
 10
-5.68091
 20
4.84854
 30
0.0
 10
-5.68091
 20
4.84854
 30
0.0
 10
-5.68091
 20
4.84854
 30
0.0
 10
-5.68267
 20
4.82558
 30
0.0
 10
-5.68267
 20
4.82558
 30
0.0
 10
-5.68267
 20
4.82558
 30
0.0
 10
-5.68267
 20
4.82558
 30
0.0
 10
-5.67738
 20
4.80264
 30
0.0
 10
-5.67738
 20
4.80264
 30
0.0
 10
-5.67738
 20
4.80264
 30
0.0
 10
-5.67738
 20
4.80264
 30
0.0
 10
-5.66502
 20
4.78146
 30
0.0
 10
-5.66502
 20
4.78146
 30
0.0
 10
-5.66502
 20
4.78146
 30
0.0
 10
-5.66502
 20
4.78146
 30
0.0
 10
-5.64737
 20
4.76733
 30
0.0
 10
-5.64737
 20
4.76733
 30
0.0
 10
-5.64737
 20
4.76733
 30
0.0
 10
-5.64737
 20
4.76733
 30
0.0
 10
-5.62442
 20
4.76027
 30
0.0
 10
-5.62442
 20
4.76027
 30
0.0
 10
-5.62442
 20
4.76027
 30
0.0
 10
-5.62442
 20
4.76027
 30
0.0
 10
-5.61736
 20
4.75851
 30
0.0
 10
-5.61736
 20
4.75851
 30
0.0
 10
-5.61736
 20
4.75851
 30
0.0
 10
-5.61736
 20
4.75851
 30
0.0
 10
-5.6103
 20
4.75851
 30
0.0
 10
-5.6103
 20
4.75851
 30
0.0
  0
SPLINE
  5
302
330
1F
100
AcDbEntity
  8
Layer 1
 62
   250
370
    25
100
AcDbSpline
210
0.0
220
0.0
230
1.0
 70
     8
 71
     3
 72
    76
 73
    72
 74
     0
 42
0.000000001
 43
0.0000000001
 40
0.0
 40
0.0
 40
0.0
 40
0.0
 40
0.0526315789473684
 40
0.0526315789473684
 40
0.0526315789473684
 40
0.0526315889473684
 40
0.1052631578947368
 40
0.1052631578947368
 40
0.1052631578947368
 40
0.1052631678947368
 40
0.1578947368421053
 40
0.1578947368421053
 40
0.1578947368421053
 40
0.1578947468421052
 40
0.2105263157894737
 40
0.2105263157894737
 40
0.2105263157894737
 40
0.2105263257894737
 40
0.2631578947368421
 40
0.2631578947368421
 40
0.2631578947368421
 40
0.2631579047368421
 40
0.3157894736842105
 40
0.3157894736842105
 40
0.3157894736842105
 40
0.3157894836842105
 40
0.3684210526315789
 40
0.3684210526315789
 40
0.3684210526315789
 40
0.3684210626315789
 40
0.4210526315789473
 40
0.4210526315789473
 40
0.4210526315789473
 40
0.4210526415789473
 40
0.4736842105263158
 40
0.4736842105263158
 40
0.4736842105263158
 40
0.4736842205263158
 40
0.5263157894736842
 40
0.5263157894736842
 40
0.5263157894736842
 40
0.5263157994736842
 40
0.5789473684210527
 40
0.5789473684210527
 40
0.5789473684210527
 40
0.5789473784210527
 40
0.631578947368421
 40
0.631578947368421
 40
0.631578947368421
 40
0.6315789573684211
 40
0.6842105263157895
 40
0.6842105263157895
 40
0.6842105263157895
 40
0.6842105363157895
 40
0.7368421052631579
 40
0.7368421052631579
 40
0.7368421052631579
 40
0.7368421152631579
 40
0.7894736842105263
 40
0.7894736842105263
 40
0.7894736842105263
 40
0.7894736942105264
 40
0.8421052631578947
 40
0.8421052631578947
 40
0.8421052631578947
 40
0.8421052731578947
 40
0.8947368421052632
 40
0.8947368421052632
 40
0.8947368421052632
 40
0.8947368521052632
 40
1.0
 40
1.0
 40
1.0
 40
1.0
 10
-2.27403
 20
3.15215
 30
0.0
 10
-2.27403
 20
3.15215
 30
0.0
 10
-2.28638
 20
3.27042
 30
0.0
 10
-2.28638
 20
3.27042
 30
0.0
 10
-2.28638
 20
3.27042
 30
0.0
 10
-2.28638
 20
3.27042
 30
0.0
 10
-2.29698
 20
3.39046
 30
0.0
 10
-2.29698
 20
3.39046
 30
0.0
 10
-2.29698
 20
3.39046
 30
0.0
 10
-2.29698
 20
3.39046
 30
0.0
 10
-2.30757
 20
3.51049
 30
0.0
 10
-2.30757
 20
3.51049
 30
0.0
 10
-2.30757
 20
3.51049
 30
0.0
 10
-2.30757
 20
3.51049
 30
0.0
 10
-2.31639
 20
3.63053
 30
0.0
 10
-2.31639
 20
3.63053
 30
0.0
 10
-2.31639
 20
3.63053
 30
0.0
 10
-2.31639
 20
3.63053
 30
0.0
 10
-2.32345
 20
3.75057
 30
0.0
 10
-2.32345
 20
3.75057
 30
0.0
 10
-2.32345
 20
3.75057
 30
0.0
 10
-2.32345
 20
3.75057
 30
0.0
 10
-2.32875
 20
3.87236
 30
0.0
 10
-2.32875
 20
3.87236
 30
0.0
 10
-2.32875
 20
3.87236
 30
0.0
 10
-2.32875
 20
3.87236
 30
0.0
 10
-2.33228
 20
3.99417
 30
0.0
 10
-2.33228
 20
3.99417
 30
0.0
 10
-2.33228
 20
3.99417
 30
0.0
 10
-2.33228
 20
3.99417
 30
0.0
 10
-2.33405
 20
4.11597
 30
0.0
 10
-2.33405
 20
4.11597
 30
0.0
 10
-2.33405
 20
4.11597
 30
0.0
 10
-2.33405
 20
4.11597
 30
0.0
 10
-2.33581
 20
4.23776
 30
0.0
 10
-2.33581
 20
4.23776
 30
0.0
 10
-2.33581
 20
4.23776
 30
0.0
 10
-2.33581
 20
4.23776
 30
0.0
 10
-2.33405
 20
4.35957
 30
0.0
 10
-2.33405
 20
4.35957
 30
0.0
 10
-2.33405
 20
4.35957
 30
0.0
 10
-2.33405
 20
4.35957
 30
0.0
 10
-2.33228
 20
4.48137
 30
0.0
 10
-2.33228
 20
4.48137
 30
0.0
 10
-2.33228
 20
4.48137
 30
0.0
 10
-2.33228
 20
4.48137
 30
0.0
 10
-2.32875
 20
4.60317
 30
0.0
 10
-2.32875
 20
4.60317
 30
0.0
 10
-2.32875
 20
4.60317
 30
0.0
 10
-2.32875
 20
4.60317
 30
0.0
 10
-2.32345
 20
4.72497
 30
0.0
 10
-2.32345
 20
4.72497
 30
0.0
 10
-2.32345
 20
4.72497
 30
0.0
 10
-2.32345
 20
4.72497
 30
0.0
 10
-2.31639
 20
4.84677
 30
0.0
 10
-2.31639
 20
4.84677
 30
0.0
 10
-2.31639
 20
4.84677
 30
0.0
 10
-2.31639
 20
4.84677
 30
0.0
 10
-2.30757
 20
4.96681
 30
0.0
 10
-2.30757
 20
4.96681
 30
0.0
 10
-2.30757
 20
4.96681
 30
0.0
 10
-2.30757
 20
4.96681
 30
0.0
 10
-2.29698
 20
5.08684
 30
0.0
 10
-2.29698
 20
5.08684
 30
0.0
 10
-2.29698
 20
5.08684
 30
0.0
 10
-2.29698
 20
5.08684
 30
0.0
 10
-2.28638
 20
5.20687
 30
0.0
 10
-2.28638
 20
5.20687
 30
0.0
 10
-2.28638
 20
5.20687
 30
0.0
 10
-2.28638
 20
5.20687
 30
0.0
 10
-2.27403
 20
5.32515
 30
0.0
 10
-2.27403
 20
5.32515
 30
0.0
  0
SPLINE
  5
303
330
1F
100
AcDbEntity
  8
Layer 1
 62
   250
370
    25
100
AcDbSpline
210
0.0
220
0.0
230
1.0
 70
     8
 71
     3
 72
    36
 73
    32
 74
     0
 42
0.000000001
 43
0.0000000001
 40
0.0
 40
0.0
 40
0.0
 40
0.0
 40
0.1111111111111111
 40
0.1111111111111111
 40
0.1111111111111111
 40
0.1111111211111111
 40
0.2222222222222222
 40
0.2222222222222222
 40
0.2222222222222222
 40
0.2222222322222222
 40
0.3333333333333333
 40
0.3333333333333333
 40
0.3333333333333333
 40
0.3333333433333333
 40
0.4444444444444444
 40
0.4444444444444444
 40
0.4444444444444444
 40
0.4444444544444444
 40
0.5555555555555556
 40
0.5555555555555556
 40
0.5555555555555556
 40
0.5555555655555556
 40
0.6666666666666666
 40
0.6666666666666666
 40
0.6666666666666666
 40
0.6666666766666667
 40
0.7777777777777778
 40
0.7777777777777778
 40
0.7777777777777778
 40
0.7777777877777778
 40
1.0
 40
1.0
 40
1.0
 40
1.0
 10
-2.27403
 20
5.32515
 30
0.0
 10
-2.27403
 20
5.32515
 30
0.0
 10
-2.26873
 20
5.32515
 30
0.0
 10
-2.26873
 20
5.32515
 30
0.0
 10
-2.26873
 20
5.32515
 30
0.0
 10
-2.26873
 20
5.32515
 30
0.0
 10
-2.2652
 20
5.32338
 30
0.0
 10
-2.2652
 20
5.32338
 30
0.0
 10
-2.2652
 20
5.32338
 30
0.0
 10
-2.2652
 20
5.32338
 30
0.0
 10
-2.26167
 20
5.32338
 30
0.0
 10
-2.26167
 20
5.32338
 30
0.0
 10
-2.26167
 20
5.32338
 30
0.0
 10
-2.26167
 20
5.32338
 30
0.0
 10
-2.25638
 20
5.32161
 30
0.0
 10
-2.25638
 20
5.32161
 30
0.0
 10
-2.25638
 20
5.32161
 30
0.0
 10
-2.25638
 20
5.32161
 30
0.0
 10
-2.25284
 20
5.32161
 30
0.0
 10
-2.25284
 20
5.32161
 30
0.0
 10
-2.25284
 20
5.32161
 30
0.0
 10
-2.25284
 20
5.32161
 30
0.0
 10
-2.25108
 20
5.31985
 30
0.0
 10
-2.25108
 20
5.31985
 30
0.0
 10
-2.25108
 20
5.31985
 30
0.0
 10
-2.25108
 20
5.31985
 30
0.0
 10
-2.24755
 20
5.31808
 30
0.0
 10
-2.24755
 20
5.31808
 30
0.0
 10
-2.24755
 20
5.31808
 30
0.0
 10
-2.24755
 20
5.31808
 30
0.0
 10
-2.24578
 20
5.31808
 30
0.0
 10
-2.24578
 20
5.31808
 30
0.0
  0
SPLINE
  5
304
330
1F
100
AcDbEntity
  8
Layer 1
 62
   250
370
    25
100
AcDbSpline
210
0.0
220
0.0
230
1.0
 70
     8
 71
     3
 72
    76
 73
    72
 74
     0
 42
0.000000001
 43
0.0000000001
 40
0.0
 40
0.0
 40
0.0
 40
0.0
 40
0.0526315789473684
 40
0.0526315789473684
 40
0.0526315789473684
 40
0.0526315889473684
 40
0.1052631578947368
 40
0.1052631578947368
 40
0.1052631578947368
 40
0.1052631678947368
 40
0.1578947368421053
 40
0.1578947368421053
 40
0.1578947368421053
 40
0.1578947468421052
 40
0.2105263157894737
 40
0.2105263157894737
 40
0.2105263157894737
 40
0.2105263257894737
 40
0.2631578947368421
 40
0.2631578947368421
 40
0.2631578947368421
 40
0.2631579047368421
 40
0.3157894736842105
 40
0.3157894736842105
 40
0.3157894736842105
 40
0.3157894836842105
 40
0.3684210526315789
 40
0.3684210526315789
 40
0.3684210526315789
 40
0.3684210626315789
 40
0.4210526315789473
 40
0.4210526315789473
 40
0.4210526315789473
 40
0.4210526415789473
 40
0.4736842105263158
 40
0.4736842105263158
 40
0.4736842105263158
 40
0.4736842205263158
 40
0.5263157894736842
 40
0.5263157894736842
 40
0.5263157894736842
 40
0.5263157994736842
 40
0.5789473684210527
 40
0.5789473684210527
 40
0.5789473684210527
 40
0.5789473784210527
 40
0.631578947368421
 40
0.631578947368421
 40
0.631578947368421
 40
0.6315789573684211
 40
0.6842105263157895
 40
0.6842105263157895
 40
0.6842105263157895
 40
0.6842105363157895
 40
0.7368421052631579
 40
0.7368421052631579
 40
0.7368421052631579
 40
0.7368421152631579
 40
0.7894736842105263
 40
0.7894736842105263
 40
0.7894736842105263
 40
0.7894736942105264
 40
0.8421052631578947
 40
0.8421052631578947
 40
0.8421052631578947
 40
0.8421052731578947
 40
0.8947368421052632
 40
0.8947368421052632
 40
0.8947368421052632
 40
0.8947368521052632
 40
1.0
 40
1.0
 40
1.0
 40
1.0
 10
-2.24578
 20
5.31808
 30
0.0
 10
-2.24578
 20
5.31808
 30
0.0
 10
-2.2599
 20
5.19981
 30
0.0
 10
-2.2599
 20
5.19981
 30
0.0
 10
-2.2599
 20
5.19981
 30
0.0
 10
-2.2599
 20
5.19981
 30
0.0
 10
-2.2705
 20
5.08154
 30
0.0
 10
-2.2705
 20
5.08154
 30
0.0
 10
-2.2705
 20
5.08154
 30
0.0
 10
-2.2705
 20
5.08154
 30
0.0
 10
-2.28109
 20
4.96151
 30
0.0
 10
-2.28109
 20
4.96151
 30
0.0
 10
-2.28109
 20
4.96151
 30
0.0
 10
-2.28109
 20
4.96151
 30
0.0
 10
-2.28992
 20
4.84147
 30
0.0
 10
-2.28992
 20
4.84147
 30
0.0
 10
-2.28992
 20
4.84147
 30
0.0
 10
-2.28992
 20
4.84147
 30
0.0
 10
-2.29521
 20
4.72144
 30
0.0
 10
-2.29521
 20
4.72144
 30
0.0
 10
-2.29521
 20
4.72144
 30
0.0
 10
-2.29521
 20
4.72144
 30
0.0
 10
-2.3005
 20
4.6014
 30
0.0
 10
-2.3005
 20
4.6014
 30
0.0
 10
-2.3005
 20
4.6014
 30
0.0
 10
-2.3005
 20
4.6014
 30
0.0
 10
-2.3058
 20
4.4796
 30
0.0
 10
-2.3058
 20
4.4796
 30
0.0
 10
-2.3058
 20
4.4796
 30
0.0
 10
-2.3058
 20
4.4796
 30
0.0
 10
-2.30757
 20
4.35957
 30
0.0
 10
-2.30757
 20
4.35957
 30
0.0
 10
-2.30757
 20
4.35957
 30
0.0
 10
-2.30757
 20
4.35957
 30
0.0
 10
-2.30757
 20
4.23776
 30
0.0
 10
-2.30757
 20
4.23776
 30
0.0
 10
-2.30757
 20
4.23776
 30
0.0
 10
-2.30757
 20
4.23776
 30
0.0
 10
-2.30757
 20
4.11773
 30
0.0
 10
-2.30757
 20
4.11773
 30
0.0
 10
-2.30757
 20
4.11773
 30
0.0
 10
-2.30757
 20
4.11773
 30
0.0
 10
-2.3058
 20
3.99593
 30
0.0
 10
-2.3058
 20
3.99593
 30
0.0
 10
-2.3058
 20
3.99593
 30
0.0
 10
-2.3058
 20
3.99593
 30
0.0
 10
-2.3005
 20
3.8759
 30
0.0
 10
-2.3005
 20
3.8759
 30
0.0
 10
-2.3005
 20
3.8759
 30
0.0
 10
-2.3005
 20
3.8759
 30
0.0
 10
-2.29521
 20
3.75409
 30
0.0
 10
-2.29521
 20
3.75409
 30
0.0
 10
-2.29521
 20
3.75409
 30
0.0
 10
-2.29521
 20
3.75409
 30
0.0
 10
-2.28992
 20
3.63406
 30
0.0
 10
-2.28992
 20
3.63406
 30
0.0
 10
-2.28992
 20
3.63406
 30
0.0
 10
-2.28992
 20
3.63406
 30
0.0
 10
-2.28109
 20
3.51403
 30
0.0
 10
-2.28109
 20
3.51403
 30
0.0
 10
-2.28109
 20
3.51403
 30
0.0
 10
-2.28109
 20
3.51403
 30
0.0
 10
-2.2705
 20
3.39575
 30
0.0
 10
-2.2705
 20
3.39575
 30
0.0
 10
-2.2705
 20
3.39575
 30
0.0
 10
-2.2705
 20
3.39575
 30
0.0
 10
-2.2599
 20
3.27748
 30
0.0
 10
-2.2599
 20
3.27748
 30
0.0
 10
-2.2599
 20
3.27748
 30
0.0
 10
-2.2599
 20
3.27748
 30
0.0
 10
-2.24578
 20
3.15921
 30
0.0
 10
-2.24578
 20
3.15921
 30
0.0
  0
SPLINE
  5
305
330
1F
100
AcDbEntity
  8
Layer 1
 62
   250
370
    25
100
AcDbSpline
210
0.0
220
0.0
230
1.0
 70
     8
 71
     3
 72
    36
 73
    32
 74
     0
 42
0.000000001
 43
0.0000000001
 40
0.0
 40
0.0
 40
0.0
 40
0.0
 40
0.1111111111111111
 40
0.1111111111111111
 40
0.1111111111111111
 40
0.1111111211111111
 40
0.2222222222222222
 40
0.2222222222222222
 40
0.2222222222222222
 40
0.2222222322222222
 40
0.3333333333333333
 40
0.3333333333333333
 40
0.3333333333333333
 40
0.3333333433333333
 40
0.4444444444444444
 40
0.4444444444444444
 40
0.4444444444444444
 40
0.4444444544444444
 40
0.5555555555555556
 40
0.5555555555555556
 40
0.5555555555555556
 40
0.5555555655555556
 40
0.6666666666666666
 40
0.6666666666666666
 40
0.6666666666666666
 40
0.6666666766666667
 40
0.7777777777777778
 40
0.7777777777777778
 40
0.7777777777777778
 40
0.7777777877777778
 40
1.0
 40
1.0
 40
1.0
 40
1.0
 10
-2.27403
 20
3.15215
 30
0.0
 10
-2.27403
 20
3.15215
 30
0.0
 10
-2.26873
 20
3.15215
 30
0.0
 10
-2.26873
 20
3.15215
 30
0.0
 10
-2.26873
 20
3.15215
 30
0.0
 10
-2.26873
 20
3.15215
 30
0.0
 10
-2.2652
 20
3.15215
 30
0.0
 10
-2.2652
 20
3.15215
 30
0.0
 10
-2.2652
 20
3.15215
 30
0.0
 10
-2.2652
 20
3.15215
 30
0.0
 10
-2.26167
 20
3.15392
 30
0.0
 10
-2.26167
 20
3.15392
 30
0.0
 10
-2.26167
 20
3.15392
 30
0.0
 10
-2.26167
 20
3.15392
 30
0.0
 10
-2.25638
 20
3.15392
 30
0.0
 10
-2.25638
 20
3.15392
 30
0.0
 10
-2.25638
 20
3.15392
 30
0.0
 10
-2.25638
 20
3.15392
 30
0.0
 10
-2.25284
 20
3.15569
 30
0.0
 10
-2.25284
 20
3.15569
 30
0.0
 10
-2.25284
 20
3.15569
 30
0.0
 10
-2.25284
 20
3.15569
 30
0.0
 10
-2.25108
 20
3.15745
 30
0.0
 10
-2.25108
 20
3.15745
 30
0.0
 10
-2.25108
 20
3.15745
 30
0.0
 10
-2.25108
 20
3.15745
 30
0.0
 10
-2.24755
 20
3.15745
 30
0.0
 10
-2.24755
 20
3.15745
 30
0.0
 10
-2.24755
 20
3.15745
 30
0.0
 10
-2.24755
 20
3.15745
 30
0.0
 10
-2.24578
 20
3.15921
 30
0.0
 10
-2.24578
 20
3.15921
 30
0.0
  0
SPLINE
  5
306
330
1F
100
AcDbEntity
  8
Layer 1
 62
   250
370
    25
100
AcDbSpline
210
0.0
220
0.0
230
1.0
 70
    11
 71
     3
 72
    80
 73
    76
 74
     0
 42
0.000000001
 43
0.0000000001
 40
0.0
 40
0.0
 40
0.0
 40
0.0
 40
0.05
 40
0.05
 40
0.05
 40
0.05000001
 40
0.1
 40
0.1
 40
0.1
 40
0.10000001
 40
0.15
 40
0.15
 40
0.15
 40
0.15000001
 40
0.2
 40
0.2
 40
0.2
 40
0.20000001
 40
0.25
 40
0.25
 40
0.25
 40
0.25000001
 40
0.3
 40
0.3
 40
0.3
 40
0.30000001
 40
0.35
 40
0.35
 40
0.35
 40
0.35000001
 40
0.4
 40
0.4
 40
0.4
 40
0.40000001
 40
0.45
 40
0.45
 40
0.45
 40
0.45000001
 40
0.5
 40
0.5
 40
0.5
 40
0.50000001
 40
0.55
 40
0.55
 40
0.55
 40
0.5500000100000001
 40
0.6
 40
0.6
 40
0.6
 40
0.60000001
 40
0.65
 40
0.65
 40
0.65
 40
0.6500000100000001
 40
0.7
 40
0.7
 40
0.7
 40
0.70000001
 40
0.75
 40
0.75
 40
0.75
 40
0.75000001
 40
0.8
 40
0.8
 40
0.8
 40
0.8000000100000001
 40
0.85
 40
0.85
 40
0.85
 40
0.85000001
 40
0.9
 40
0.9
 40
0.9
 40
0.9000000100000001
 40
1.0
 40
1.0
 40
1.0
 40
1.0
 10
-5.54322
 20
4.82912
 30
0.0
 10
-5.54322
 20
4.82912
 30
0.0
 10
-5.54676
 20
4.80617
 30
0.0
 10
-5.54676
 20
4.80617
 30
0.0
 10
-5.54676
 20
4.80617
 30
0.0
 10
-5.54676
 20
4.80617
 30
0.0
 10
-5.55911
 20
4.78499
 30
0.0
 10
-5.55911
 20
4.78499
 30
0.0
 10
-5.55911
 20
4.78499
 30
0.0
 10
-5.55911
 20
4.78499
 30
0.0
 10
-5.57676
 20
4.7691
 30
0.0
 10
-5.57676
 20
4.7691
 30
0.0
 10
-5.57676
 20
4.7691
 30
0.0
 10
-5.57676
 20
4.7691
 30
0.0
 10
-5.59794
 20
4.76027
 30
0.0
 10
-5.59794
 20
4.76027
 30
0.0
 10
-5.59794
 20
4.76027
 30
0.0
 10
-5.59794
 20
4.76027
 30
0.0
 10
-5.62266
 20
4.75851
 30
0.0
 10
-5.62266
 20
4.75851
 30
0.0
 10
-5.62266
 20
4.75851
 30
0.0
 10
-5.62266
 20
4.75851
 30
0.0
 10
-5.64384
 20
4.76557
 30
0.0
 10
-5.64384
 20
4.76557
 30
0.0
 10
-5.64384
 20
4.76557
 30
0.0
 10
-5.64384
 20
4.76557
 30
0.0
 10
-5.66326
 20
4.77969
 30
0.0
 10
-5.66326
 20
4.77969
 30
0.0
 10
-5.66326
 20
4.77969
 30
0.0
 10
-5.66326
 20
4.77969
 30
0.0
 10
-5.67738
 20
4.79911
 30
0.0
 10
-5.67738
 20
4.79911
 30
0.0
 10
-5.67738
 20
4.79911
 30
0.0
 10
-5.67738
 20
4.79911
 30
0.0
 10
-5.68267
 20
4.82206
 30
0.0
 10
-5.68267
 20
4.82206
 30
0.0
 10
-5.68267
 20
4.82206
 30
0.0
 10
-5.68267
 20
4.82206
 30
0.0
 10
-5.68091
 20
4.845
 30
0.0
 10
-5.68091
 20
4.845
 30
0.0
 10
-5.68091
 20
4.845
 30
0.0
 10
-5.68091
 20
4.845
 30
0.0
 10
-5.67208
 20
4.86618
 30
0.0
 10
-5.67208
 20
4.86618
 30
0.0
 10
-5.67208
 20
4.86618
 30
0.0
 10
-5.67208
 20
4.86618
 30
0.0
 10
-5.6562
 20
4.88384
 30
0.0
 10
-5.6562
 20
4.88384
 30
0.0
 10
-5.6562
 20
4.88384
 30
0.0
 10
-5.6562
 20
4.88384
 30
0.0
 10
-5.63501
 20
4.89443
 30
0.0
 10
-5.63501
 20
4.89443
 30
0.0
 10
-5.63501
 20
4.89443
 30
0.0
 10
-5.63501
 20
4.89443
 30
0.0
 10
-5.61206
 20
4.89796
 30
0.0
 10
-5.61206
 20
4.89796
 30
0.0
 10
-5.61206
 20
4.89796
 30
0.0
 10
-5.61206
 20
4.89796
 30
0.0
 10
-5.58912
 20
4.89443
 30
0.0
 10
-5.58912
 20
4.89443
 30
0.0
 10
-5.58912
 20
4.89443
 30
0.0
 10
-5.58912
 20
4.89443
 30
0.0
 10
-5.5697
 20
4.88207
 30
0.0
 10
-5.5697
 20
4.88207
 30
0.0
 10
-5.5697
 20
4.88207
 30
0.0
 10
-5.5697
 20
4.88207
 30
0.0
 10
-5.55382
 20
4.86618
 30
0.0
 10
-5.55382
 20
4.86618
 30
0.0
 10
-5.55382
 20
4.86618
 30
0.0
 10
-5.55382
 20
4.86618
 30
0.0
 10
-5.54499
 20
4.84324
 30
0.0
 10
-5.54499
 20
4.84324
 30
0.0
 10
-5.54499
 20
4.84324
 30
0.0
 10
-5.54499
 20
4.84324
 30
0.0
 10
-5.54322
 20
4.82912
 30
0.0
 10
-5.54322
 20
4.82912
 30
0.0
  0
SPLINE
  5
307
330
1F
100
AcDbEntity
  8
Layer 1
 62
   250
370
    25
100
AcDbSpline
210
0.0
220
0.0
230
1.0
 70
     8
 71
     3
 72
    76
 73
    72
 74
     0
 42
0.000000001
 43
0.0000000001
 40
0.0
 40
0.0
 40
0.0
 40
0.0
 40
0.0526315789473684
 40
0.0526315789473684
 40
0.0526315789473684
 40
0.0526315889473684
 40
0.1052631578947368
 40
0.1052631578947368
 40
0.1052631578947368
 40
0.1052631678947368
 40
0.1578947368421053
 40
0.1578947368421053
 40
0.1578947368421053
 40
0.1578947468421052
 40
0.2105263157894737
 40
0.2105263157894737
 40
0.2105263157894737
 40
0.2105263257894737
 40
0.2631578947368421
 40
0.2631578947368421
 40
0.2631578947368421
 40
0.2631579047368421
 40
0.3157894736842105
 40
0.3157894736842105
 40
0.3157894736842105
 40
0.3157894836842105
 40
0.3684210526315789
 40
0.3684210526315789
 40
0.3684210526315789
 40
0.3684210626315789
 40
0.4210526315789473
 40
0.4210526315789473
 40
0.4210526315789473
 40
0.4210526415789473
 40
0.4736842105263158
 40
0.4736842105263158
 40
0.4736842105263158
 40
0.4736842205263158
 40
0.5263157894736842
 40
0.5263157894736842
 40
0.5263157894736842
 40
0.5263157994736842
 40
0.5789473684210527
 40
0.5789473684210527
 40
0.5789473684210527
 40
0.5789473784210527
 40
0.631578947368421
 40
0.631578947368421
 40
0.631578947368421
 40
0.6315789573684211
 40
0.6842105263157895
 40
0.6842105263157895
 40
0.6842105263157895
 40
0.6842105363157895
 40
0.7368421052631579
 40
0.7368421052631579
 40
0.7368421052631579
 40
0.7368421152631579
 40
0.7894736842105263
 40
0.7894736842105263
 40
0.7894736842105263
 40
0.7894736942105264
 40
0.8421052631578947
 40
0.8421052631578947
 40
0.8421052631578947
 40
0.8421052731578947
 40
0.8947368421052632
 40
0.8947368421052632
 40
0.8947368421052632
 40
0.8947368521052632
 40
1.0
 40
1.0
 40
1.0
 40
1.0
 10
-5.91039
 20
5.32515
 30
0.0
 10
-5.91039
 20
5.32515
 30
0.0
 10
-5.89803
 20
5.20687
 30
0.0
 10
-5.89803
 20
5.20687
 30
0.0
 10
-5.89803
 20
5.20687
 30
0.0
 10
-5.89803
 20
5.20687
 30
0.0
 10
-5.88568
 20
5.08684
 30
0.0
 10
-5.88568
 20
5.08684
 30
0.0
 10
-5.88568
 20
5.08684
 30
0.0
 10
-5.88568
 20
5.08684
 30
0.0
 10
-5.87685
 20
4.96681
 30
0.0
 10
-5.87685
 20
4.96681
 30
0.0
 10
-5.87685
 20
4.96681
 30
0.0
 10
-5.87685
 20
4.96681
 30
0.0
 10
-5.86802
 20
4.84677
 30
0.0
 10
-5.86802
 20
4.84677
 30
0.0
 10
-5.86802
 20
4.84677
 30
0.0
 10
-5.86802
 20
4.84677
 30
0.0
 10
-5.86096
 20
4.72497
 30
0.0
 10
-5.86096
 20
4.72497
 30
0.0
 10
-5.86096
 20
4.72497
 30
0.0
 10
-5.86096
 20
4.72497
 30
0.0
 10
-5.85567
 20
4.60317
 30
0.0
 10
-5.85567
 20
4.60317
 30
0.0
 10
-5.85567
 20
4.60317
 30
0.0
 10
-5.85567
 20
4.60317
 30
0.0
 10
-5.85214
 20
4.48137
 30
0.0
 10
-5.85214
 20
4.48137
 30
0.0
 10
-5.85214
 20
4.48137
 30
0.0
 10
-5.85214
 20
4.48137
 30
0.0
 10
-5.85037
 20
4.35957
 30
0.0
 10
-5.85037
 20
4.35957
 30
0.0
 10
-5.85037
 20
4.35957
 30
0.0
 10
-5.85037
 20
4.35957
 30
0.0
 10
-5.84861
 20
4.23776
 30
0.0
 10
-5.84861
 20
4.23776
 30
0.0
 10
-5.84861
 20
4.23776
 30
0.0
 10
-5.84861
 20
4.23776
 30
0.0
 10
-5.85037
 20
4.11597
 30
0.0
 10
-5.85037
 20
4.11597
 30
0.0
 10
-5.85037
 20
4.11597
 30
0.0
 10
-5.85037
 20
4.11597
 30
0.0
 10
-5.85214
 20
3.99417
 30
0.0
 10
-5.85214
 20
3.99417
 30
0.0
 10
-5.85214
 20
3.99417
 30
0.0
 10
-5.85214
 20
3.99417
 30
0.0
 10
-5.85567
 20
3.87236
 30
0.0
 10
-5.85567
 20
3.87236
 30
0.0
 10
-5.85567
 20
3.87236
 30
0.0
 10
-5.85567
 20
3.87236
 30
0.0
 10
-5.86096
 20
3.75057
 30
0.0
 10
-5.86096
 20
3.75057
 30
0.0
 10
-5.86096
 20
3.75057
 30
0.0
 10
-5.86096
 20
3.75057
 30
0.0
 10
-5.86802
 20
3.63053
 30
0.0
 10
-5.86802
 20
3.63053
 30
0.0
 10
-5.86802
 20
3.63053
 30
0.0
 10
-5.86802
 20
3.63053
 30
0.0
 10
-5.87685
 20
3.51049
 30
0.0
 10
-5.87685
 20
3.51049
 30
0.0
 10
-5.87685
 20
3.51049
 30
0.0
 10
-5.87685
 20
3.51049
 30
0.0
 10
-5.88568
 20
3.39046
 30
0.0
 10
-5.88568
 20
3.39046
 30
0.0
 10
-5.88568
 20
3.39046
 30
0.0
 10
-5.88568
 20
3.39046
 30
0.0
 10
-5.89803
 20
3.27042
 30
0.0
 10
-5.89803
 20
3.27042
 30
0.0
 10
-5.89803
 20
3.27042
 30
0.0
 10
-5.89803
 20
3.27042
 30
0.0
 10
-5.91039
 20
3.15215
 30
0.0
 10
-5.91039
 20
3.15215
 30
0.0
  0
SPLINE
  5
308
330
1F
100
AcDbEntity
  8
Layer 1
 62
   250
370
    25
100
AcDbSpline
210
0.0
220
0.0
230
1.0
 70
    24
 71
     3
 72
     8
 73
     4
 74
     0
 42
0.000000001
 43
0.0000000001
 40
0.0
 40
0.0
 40
0.0
 40
0.0
 40
1.0
 40
1.0
 40
1.0
 40
1.0
 10
-2.27403
 20
5.32515
 30
0.0
 10
-2.27403
 20
5.32515
 30
0.0
 10
-5.91039
 20
5.32515
 30
0.0
 10
-5.91039
 20
5.32515
 30
0.0
  0
SPLINE
  5
309
330
1F
100
AcDbEntity
  8
Layer 1
 62
   250
370
    25
100
AcDbSpline
210
0.0
220
0.0
230
1.0
 70
    24
 71
     3
 72
     8
 73
     4
 74
     0
 42
0.000000001
 43
0.0000000001
 40
0.0
 40
0.0
 40
0.0
 40
0.0
 40
1.0
 40
1.0
 40
1.0
 40
1.0
 10
-2.27403
 20
3.15215
 30
0.0
 10
-2.27403
 20
3.15215
 30
0.0
 10
-5.91039
 20
3.15215
 30
0.0
 10
-5.91039
 20
3.15215
 30
0.0
  0
SPLINE
  5
30A
330
1F
100
AcDbEntity
  8
Layer 1
 62
   250
370
    25
100
AcDbSpline
210
0.0
220
0.0
230
1.0
 70
     8
 71
     3
 72
    36
 73
    32
 74
     0
 42
0.000000001
 43
0.0000000001
 40
0.0
 40
0.0
 40
0.0
 40
0.0
 40
0.1111111111111111
 40
0.1111111111111111
 40
0.1111111111111111
 40
0.1111111211111111
 40
0.2222222222222222
 40
0.2222222222222222
 40
0.2222222222222222
 40
0.2222222322222222
 40
0.3333333333333333
 40
0.3333333333333333
 40
0.3333333333333333
 40
0.3333333433333333
 40
0.4444444444444444
 40
0.4444444444444444
 40
0.4444444444444444
 40
0.4444444544444444
 40
0.5555555555555556
 40
0.5555555555555556
 40
0.5555555555555556
 40
0.5555555655555556
 40
0.6666666666666666
 40
0.6666666666666666
 40
0.6666666666666666
 40
0.6666666766666667
 40
0.7777777777777778
 40
0.7777777777777778
 40
0.7777777777777778
 40
0.7777777877777778
 40
1.0
 40
1.0
 40
1.0
 40
1.0
 10
-5.91039
 20
3.15215
 30
0.0
 10
-5.91039
 20
3.15215
 30
0.0
 10
-5.91568
 20
3.15215
 30
0.0
 10
-5.91568
 20
3.15215
 30
0.0
 10
-5.91568
 20
3.15215
 30
0.0
 10
-5.91568
 20
3.15215
 30
0.0
 10
-5.91922
 20
3.15215
 30
0.0
 10
-5.91922
 20
3.15215
 30
0.0
 10
-5.91922
 20
3.15215
 30
0.0
 10
-5.91922
 20
3.15215
 30
0.0
 10
-5.92274
 20
3.15392
 30
0.0
 10
-5.92274
 20
3.15392
 30
0.0
 10
-5.92274
 20
3.15392
 30
0.0
 10
-5.92274
 20
3.15392
 30
0.0
 10
-5.92804
 20
3.15392
 30
0.0
 10
-5.92804
 20
3.15392
 30
0.0
 10
-5.92804
 20
3.15392
 30
0.0
 10
-5.92804
 20
3.15392
 30
0.0
 10
-5.9298
 20
3.15569
 30
0.0
 10
-5.9298
 20
3.15569
 30
0.0
 10
-5.9298
 20
3.15569
 30
0.0
 10
-5.9298
 20
3.15569
 30
0.0
 10
-5.93334
 20
3.15745
 30
0.0
 10
-5.93334
 20
3.15745
 30
0.0
 10
-5.93334
 20
3.15745
 30
0.0
 10
-5.93334
 20
3.15745
 30
0.0
 10
-5.93687
 20
3.15745
 30
0.0
 10
-5.93687
 20
3.15745
 30
0.0
 10
-5.93687
 20
3.15745
 30
0.0
 10
-5.93687
 20
3.15745
 30
0.0
 10
-5.93863
 20
3.15921
 30
0.0
 10
-5.93863
 20
3.15921
 30
0.0
  0
SPLINE
  5
30B
330
1F
100
AcDbEntity
  8
Layer 1
 62
   250
370
    25
100
AcDbSpline
210
0.0
220
0.0
230
1.0
 70
     8
 71
     3
 72
    76
 73
    72
 74
     0
 42
0.000000001
 43
0.0000000001
 40
0.0
 40
0.0
 40
0.0
 40
0.0
 40
0.0526315789473684
 40
0.0526315789473684
 40
0.0526315789473684
 40
0.0526315889473684
 40
0.1052631578947368
 40
0.1052631578947368
 40
0.1052631578947368
 40
0.1052631678947368
 40
0.1578947368421053
 40
0.1578947368421053
 40
0.1578947368421053
 40
0.1578947468421052
 40
0.2105263157894737
 40
0.2105263157894737
 40
0.2105263157894737
 40
0.2105263257894737
 40
0.2631578947368421
 40
0.2631578947368421
 40
0.2631578947368421
 40
0.2631579047368421
 40
0.3157894736842105
 40
0.3157894736842105
 40
0.3157894736842105
 40
0.3157894836842105
 40
0.3684210526315789
 40
0.3684210526315789
 40
0.3684210526315789
 40
0.3684210626315789
 40
0.4210526315789473
 40
0.4210526315789473
 40
0.4210526315789473
 40
0.4210526415789473
 40
0.4736842105263158
 40
0.4736842105263158
 40
0.4736842105263158
 40
0.4736842205263158
 40
0.5263157894736842
 40
0.5263157894736842
 40
0.5263157894736842
 40
0.5263157994736842
 40
0.5789473684210527
 40
0.5789473684210527
 40
0.5789473684210527
 40
0.5789473784210527
 40
0.631578947368421
 40
0.631578947368421
 40
0.631578947368421
 40
0.6315789573684211
 40
0.6842105263157895
 40
0.6842105263157895
 40
0.6842105263157895
 40
0.6842105363157895
 40
0.7368421052631579
 40
0.7368421052631579
 40
0.7368421052631579
 40
0.7368421152631579
 40
0.7894736842105263
 40
0.7894736842105263
 40
0.7894736842105263
 40
0.7894736942105264
 40
0.8421052631578947
 40
0.8421052631578947
 40
0.8421052631578947
 40
0.8421052731578947
 40
0.8947368421052632
 40
0.8947368421052632
 40
0.8947368421052632
 40
0.8947368521052632
 40
1.0
 40
1.0
 40
1.0
 40
1.0
 10
-5.93863
 20
3.15921
 30
0.0
 10
-5.93863
 20
3.15921
 30
0.0
 10
-5.92451
 20
3.27748
 30
0.0
 10
-5.92451
 20
3.27748
 30
0.0
 10
-5.92451
 20
3.27748
 30
0.0
 10
-5.92451
 20
3.27748
 30
0.0
 10
-5.91392
 20
3.39575
 30
0.0
 10
-5.91392
 20
3.39575
 30
0.0
 10
-5.91392
 20
3.39575
 30
0.0
 10
-5.91392
 20
3.39575
 30
0.0
 10
-5.90333
 20
3.51403
 30
0.0
 10
-5.90333
 20
3.51403
 30
0.0
 10
-5.90333
 20
3.51403
 30
0.0
 10
-5.90333
 20
3.51403
 30
0.0
 10
-5.8945
 20
3.63406
 30
0.0
 10
-5.8945
 20
3.63406
 30
0.0
 10
-5.8945
 20
3.63406
 30
0.0
 10
-5.8945
 20
3.63406
 30
0.0
 10
-5.8892
 20
3.75409
 30
0.0
 10
-5.8892
 20
3.75409
 30
0.0
 10
-5.8892
 20
3.75409
 30
0.0
 10
-5.8892
 20
3.75409
 30
0.0
 10
-5.88214
 20
3.8759
 30
0.0
 10
-5.88214
 20
3.8759
 30
0.0
 10
-5.88214
 20
3.8759
 30
0.0
 10
-5.88214
 20
3.8759
 30
0.0
 10
-5.87862
 20
3.99593
 30
0.0
 10
-5.87862
 20
3.99593
 30
0.0
 10
-5.87862
 20
3.99593
 30
0.0
 10
-5.87862
 20
3.99593
 30
0.0
 10
-5.87685
 20
4.11773
 30
0.0
 10
-5.87685
 20
4.11773
 30
0.0
 10
-5.87685
 20
4.11773
 30
0.0
 10
-5.87685
 20
4.11773
 30
0.0
 10
-5.87685
 20
4.23776
 30
0.0
 10
-5.87685
 20
4.23776
 30
0.0
 10
-5.87685
 20
4.23776
 30
0.0
 10
-5.87685
 20
4.23776
 30
0.0
 10
-5.87685
 20
4.35957
 30
0.0
 10
-5.87685
 20
4.35957
 30
0.0
 10
-5.87685
 20
4.35957
 30
0.0
 10
-5.87685
 20
4.35957
 30
0.0
 10
-5.87862
 20
4.4796
 30
0.0
 10
-5.87862
 20
4.4796
 30
0.0
 10
-5.87862
 20
4.4796
 30
0.0
 10
-5.87862
 20
4.4796
 30
0.0
 10
-5.88214
 20
4.6014
 30
0.0
 10
-5.88214
 20
4.6014
 30
0.0
 10
-5.88214
 20
4.6014
 30
0.0
 10
-5.88214
 20
4.6014
 30
0.0
 10
-5.8892
 20
4.72144
 30
0.0
 10
-5.8892
 20
4.72144
 30
0.0
 10
-5.8892
 20
4.72144
 30
0.0
 10
-5.8892
 20
4.72144
 30
0.0
 10
-5.8945
 20
4.84147
 30
0.0
 10
-5.8945
 20
4.84147
 30
0.0
 10
-5.8945
 20
4.84147
 30
0.0
 10
-5.8945
 20
4.84147
 30
0.0
 10
-5.90333
 20
4.96151
 30
0.0
 10
-5.90333
 20
4.96151
 30
0.0
 10
-5.90333
 20
4.96151
 30
0.0
 10
-5.90333
 20
4.96151
 30
0.0
 10
-5.91392
 20
5.08154
 30
0.0
 10
-5.91392
 20
5.08154
 30
0.0
 10
-5.91392
 20
5.08154
 30
0.0
 10
-5.91392
 20
5.08154
 30
0.0
 10
-5.92451
 20
5.19981
 30
0.0
 10
-5.92451
 20
5.19981
 30
0.0
 10
-5.92451
 20
5.19981
 30
0.0
 10
-5.92451
 20
5.19981
 30
0.0
 10
-5.93863
 20
5.31808
 30
0.0
 10
-5.93863
 20
5.31808
 30
0.0
  0
SPLINE
  5
30C
330
1F
100
AcDbEntity
  8
Layer 1
 62
   250
370
    25
100
AcDbSpline
210
0.0
220
0.0
230
1.0
 70
     8
 71
     3
 72
    36
 73
    32
 74
     0
 42
0.000000001
 43
0.0000000001
 40
0.0
 40
0.0
 40
0.0
 40
0.0
 40
0.1111111111111111
 40
0.1111111111111111
 40
0.1111111111111111
 40
0.1111111211111111
 40
0.2222222222222222
 40
0.2222222222222222
 40
0.2222222222222222
 40
0.2222222322222222
 40
0.3333333333333333
 40
0.3333333333333333
 40
0.3333333333333333
 40
0.3333333433333333
 40
0.4444444444444444
 40
0.4444444444444444
 40
0.4444444444444444
 40
0.4444444544444444
 40
0.5555555555555556
 40
0.5555555555555556
 40
0.5555555555555556
 40
0.5555555655555556
 40
0.6666666666666666
 40
0.6666666666666666
 40
0.6666666666666666
 40
0.6666666766666667
 40
0.7777777777777778
 40
0.7777777777777778
 40
0.7777777777777778
 40
0.7777777877777778
 40
1.0
 40
1.0
 40
1.0
 40
1.0
 10
-5.91039
 20
5.32515
 30
0.0
 10
-5.91039
 20
5.32515
 30
0.0
 10
-5.91568
 20
5.32515
 30
0.0
 10
-5.91568
 20
5.32515
 30
0.0
 10
-5.91568
 20
5.32515
 30
0.0
 10
-5.91568
 20
5.32515
 30
0.0
 10
-5.91922
 20
5.32338
 30
0.0
 10
-5.91922
 20
5.32338
 30
0.0
 10
-5.91922
 20
5.32338
 30
0.0
 10
-5.91922
 20
5.32338
 30
0.0
 10
-5.92274
 20
5.32338
 30
0.0
 10
-5.92274
 20
5.32338
 30
0.0
 10
-5.92274
 20
5.32338
 30
0.0
 10
-5.92274
 20
5.32338
 30
0.0
 10
-5.92804
 20
5.32161
 30
0.0
 10
-5.92804
 20
5.32161
 30
0.0
 10
-5.92804
 20
5.32161
 30
0.0
 10
-5.92804
 20
5.32161
 30
0.0
 10
-5.9298
 20
5.32161
 30
0.0
 10
-5.9298
 20
5.32161
 30
0.0
 10
-5.9298
 20
5.32161
 30
0.0
 10
-5.9298
 20
5.32161
 30
0.0
 10
-5.93334
 20
5.31985
 30
0.0
 10
-5.93334
 20
5.31985
 30
0.0
 10
-5.93334
 20
5.31985
 30
0.0
 10
-5.93334
 20
5.31985
 30
0.0
 10
-5.93687
 20
5.31808
 30
0.0
 10
-5.93687
 20
5.31808
 30
0.0
 10
-5.93687
 20
5.31808
 30
0.0
 10
-5.93687
 20
5.31808
 30
0.0
 10
-5.93863
 20
5.31808
 30
0.0
 10
-5.93863
 20
5.31808
 30
0.0
  0
SPLINE
  5
30D
330
1F
100
AcDbEntity
  8
Layer 1
 62
   250
370
    25
100
AcDbSpline
210
0.0
220
0.0
230
1.0
 70
    24
 71
     3
 72
     8
 73
     4
 74
     0
 42
0.000000001
 43
0.0000000001
 40
0.0
 40
0.0
 40
0.0
 40
0.0
 40
1.0
 40
1.0
 40
1.0
 40
1.0
 10
-2.21578
 20
3.10626
 30
0.0
 10
-2.21578
 20
3.10626
 30
0.0
 10
-2.21401
 20
3.10626
 30
0.0
 10
-2.21401
 20
3.10626
 30
0.0
  0
SPLINE
  5
30E
330
1F
100
AcDbEntity
  8
Layer 1
 62
   250
370
    25
100
AcDbSpline
210
0.0
220
0.0
230
1.0
 70
     8
 71
     3
 72
    32
 73
    28
 74
     0
 42
0.000000001
 43
0.0000000001
 40
0.0
 40
0.0
 40
0.0
 40
0.0
 40
0.125
 40
0.125
 40
0.125
 40
0.12500001
 40
0.25
 40
0.25
 40
0.25
 40
0.25000001
 40
0.375
 40
0.375
 40
0.375
 40
0.37500001
 40
0.5
 40
0.5
 40
0.5
 40
0.50000001
 40
0.625
 40
0.625
 40
0.625
 40
0.62500001
 40
0.75
 40
0.75
 40
0.75
 40
0.75000001
 40
1.0
 40
1.0
 40
1.0
 40
1.0
 10
-2.24578
 20
3.15921
 30
0.0
 10
-2.24578
 20
3.15921
 30
0.0
 10
-2.24402
 20
3.14686
 30
0.0
 10
-2.24402
 20
3.14686
 30
0.0
 10
-2.24402
 20
3.14686
 30
0.0
 10
-2.24402
 20
3.14686
 30
0.0
 10
-2.24049
 20
3.1345
 30
0.0
 10
-2.24049
 20
3.1345
 30
0.0
 10
-2.24049
 20
3.1345
 30
0.0
 10
-2.24049
 20
3.1345
 30
0.0
 10
-2.23696
 20
3.12567
 30
0.0
 10
-2.23696
 20
3.12567
 30
0.0
 10
-2.23696
 20
3.12567
 30
0.0
 10
-2.23696
 20
3.12567
 30
0.0
 10
-2.23166
 20
3.11685
 30
0.0
 10
-2.23166
 20
3.11685
 30
0.0
 10
-2.23166
 20
3.11685
 30
0.0
 10
-2.23166
 20
3.11685
 30
0.0
 10
-2.22637
 20
3.11155
 30
0.0
 10
-2.22637
 20
3.11155
 30
0.0
 10
-2.22637
 20
3.11155
 30
0.0
 10
-2.22637
 20
3.11155
 30
0.0
 10
-2.22107
 20
3.10803
 30
0.0
 10
-2.22107
 20
3.10803
 30
0.0
 10
-2.22107
 20
3.10803
 30
0.0
 10
-2.22107
 20
3.10803
 30
0.0
 10
-2.21578
 20
3.10626
 30
0.0
 10
-2.21578
 20
3.10626
 30
0.0
  0
SPLINE
  5
30F
330
1F
100
AcDbEntity
  8
Layer 1
 62
   250
370
    25
100
AcDbSpline
210
0.0
220
0.0
230
1.0
 70
     8
 71
     3
 72
    32
 73
    28
 74
     0
 42
0.000000001
 43
0.0000000001
 40
0.0
 40
0.0
 40
0.0
 40
0.0
 40
0.125
 40
0.125
 40
0.125
 40
0.12500001
 40
0.25
 40
0.25
 40
0.25
 40
0.25000001
 40
0.375
 40
0.375
 40
0.375
 40
0.37500001
 40
0.5
 40
0.5
 40
0.5
 40
0.50000001
 40
0.625
 40
0.625
 40
0.625
 40
0.62500001
 40
0.75
 40
0.75
 40
0.75
 40
0.75000001
 40
1.0
 40
1.0
 40
1.0
 40
1.0
 10
-2.21578
 20
5.37104
 30
0.0
 10
-2.21578
 20
5.37104
 30
0.0
 10
-2.22107
 20
5.36927
 30
0.0
 10
-2.22107
 20
5.36927
 30
0.0
 10
-2.22107
 20
5.36927
 30
0.0
 10
-2.22107
 20
5.36927
 30
0.0
 10
-2.22637
 20
5.36574
 30
0.0
 10
-2.22637
 20
5.36574
 30
0.0
 10
-2.22637
 20
5.36574
 30
0.0
 10
-2.22637
 20
5.36574
 30
0.0
 10
-2.23166
 20
5.35868
 30
0.0
 10
-2.23166
 20
5.35868
 30
0.0
 10
-2.23166
 20
5.35868
 30
0.0
 10
-2.23166
 20
5.35868
 30
0.0
 10
-2.23696
 20
5.35162
 30
0.0
 10
-2.23696
 20
5.35162
 30
0.0
 10
-2.23696
 20
5.35162
 30
0.0
 10
-2.23696
 20
5.35162
 30
0.0
 10
-2.24049
 20
5.34103
 30
0.0
 10
-2.24049
 20
5.34103
 30
0.0
 10
-2.24049
 20
5.34103
 30
0.0
 10
-2.24049
 20
5.34103
 30
0.0
 10
-2.24402
 20
5.33044
 30
0.0
 10
-2.24402
 20
5.33044
 30
0.0
 10
-2.24402
 20
5.33044
 30
0.0
 10
-2.24402
 20
5.33044
 30
0.0
 10
-2.24578
 20
5.31808
 30
0.0
 10
-2.24578
 20
5.31808
 30
0.0
  0
SPLINE
  5
310
330
1F
100
AcDbEntity
  8
Layer 1
 62
   250
370
    25
100
AcDbSpline
210
0.0
220
0.0
230
1.0
 70
    24
 71
     3
 72
     8
 73
     4
 74
     0
 42
0.000000001
 43
0.0000000001
 40
0.0
 40
0.0
 40
0.0
 40
0.0
 40
1.0
 40
1.0
 40
1.0
 40
1.0
 10
-2.21401
 20
5.37104
 30
0.0
 10
-2.21401
 20
5.37104
 30
0.0
 10
-2.21578
 20
5.37104
 30
0.0
 10
-2.21578
 20
5.37104
 30
0.0
  0
SPLINE
  5
311
330
1F
100
AcDbEntity
  8
Layer 1
 62
   250
370
    25
100
AcDbSpline
210
0.0
220
0.0
230
1.0
 70
    24
 71
     3
 72
     8
 73
     4
 74
     0
 42
0.000000001
 43
0.0000000001
 40
0.0
 40
0.0
 40
0.0
 40
0.0
 40
1.0
 40
1.0
 40
1.0
 40
1.0
 10
-2.21401
 20
3.10626
 30
0.0
 10
-2.21401
 20
3.10626
 30
0.0
 10
-2.21401
 20
5.37104
 30
0.0
 10
-2.21401
 20
5.37104
 30
0.0
  0
SPLINE
  5
312
330
1F
100
AcDbEntity
  8
Layer 1
 62
   250
370
    25
100
AcDbSpline
210
0.0
220
0.0
230
1.0
 70
    24
 71
     3
 72
     8
 73
     4
 74
     0
 42
0.000000001
 43
0.0000000001
 40
0.0
 40
0.0
 40
0.0
 40
0.0
 40
1.0
 40
1.0
 40
1.0
 40
1.0
 10
-5.96864
 20
5.37104
 30
0.0
 10
-5.96864
 20
5.37104
 30
0.0
 10
-5.97041
 20
5.37104
 30
0.0
 10
-5.97041
 20
5.37104
 30
0.0
  0
SPLINE
  5
313
330
1F
100
AcDbEntity
  8
Layer 1
 62
   250
370
    25
100
AcDbSpline
210
0.0
220
0.0
230
1.0
 70
     8
 71
     3
 72
    32
 73
    28
 74
     0
 42
0.000000001
 43
0.0000000001
 40
0.0
 40
0.0
 40
0.0
 40
0.0
 40
0.125
 40
0.125
 40
0.125
 40
0.12500001
 40
0.25
 40
0.25
 40
0.25
 40
0.25000001
 40
0.375
 40
0.375
 40
0.375
 40
0.37500001
 40
0.5
 40
0.5
 40
0.5
 40
0.50000001
 40
0.625
 40
0.625
 40
0.625
 40
0.62500001
 40
0.75
 40
0.75
 40
0.75
 40
0.75000001
 40
1.0
 40
1.0
 40
1.0
 40
1.0
 10
-5.93863
 20
5.31808
 30
0.0
 10
-5.93863
 20
5.31808
 30
0.0
 10
-5.9404
 20
5.33044
 30
0.0
 10
-5.9404
 20
5.33044
 30
0.0
 10
-5.9404
 20
5.33044
 30
0.0
 10
-5.9404
 20
5.33044
 30
0.0
 10
-5.94393
 20
5.34103
 30
0.0
 10
-5.94393
 20
5.34103
 30
0.0
 10
-5.94393
 20
5.34103
 30
0.0
 10
-5.94393
 20
5.34103
 30
0.0
 10
-5.94746
 20
5.35162
 30
0.0
 10
-5.94746
 20
5.35162
 30
0.0
 10
-5.94746
 20
5.35162
 30
0.0
 10
-5.94746
 20
5.35162
 30
0.0
 10
-5.95275
 20
5.35868
 30
0.0
 10
-5.95275
 20
5.35868
 30
0.0
 10
-5.95275
 20
5.35868
 30
0.0
 10
-5.95275
 20
5.35868
 30
0.0
 10
-5.95805
 20
5.36574
 30
0.0
 10
-5.95805
 20
5.36574
 30
0.0
 10
-5.95805
 20
5.36574
 30
0.0
 10
-5.95805
 20
5.36574
 30
0.0
 10
-5.96335
 20
5.36927
 30
0.0
 10
-5.96335
 20
5.36927
 30
0.0
 10
-5.96335
 20
5.36927
 30
0.0
 10
-5.96335
 20
5.36927
 30
0.0
 10
-5.96864
 20
5.37104
 30
0.0
 10
-5.96864
 20
5.37104
 30
0.0
  0
SPLINE
  5
314
330
1F
100
AcDbEntity
  8
Layer 1
 62
   250
370
    25
100
AcDbSpline
210
0.0
220
0.0
230
1.0
 70
     8
 71
     3
 72
    32
 73
    28
 74
     0
 42
0.000000001
 43
0.0000000001
 40
0.0
 40
0.0
 40
0.0
 40
0.0
 40
0.125
 40
0.125
 40
0.125
 40
0.12500001
 40
0.25
 40
0.25
 40
0.25
 40
0.25000001
 40
0.375
 40
0.375
 40
0.375
 40
0.37500001
 40
0.5
 40
0.5
 40
0.5
 40
0.50000001
 40
0.625
 40
0.625
 40
0.625
 40
0.62500001
 40
0.75
 40
0.75
 40
0.75
 40
0.75000001
 40
1.0
 40
1.0
 40
1.0
 40
1.0
 10
-5.96864
 20
3.10626
 30
0.0
 10
-5.96864
 20
3.10626
 30
0.0
 10
-5.96335
 20
3.10803
 30
0.0
 10
-5.96335
 20
3.10803
 30
0.0
 10
-5.96335
 20
3.10803
 30
0.0
 10
-5.96335
 20
3.10803
 30
0.0
 10
-5.95805
 20
3.11155
 30
0.0
 10
-5.95805
 20
3.11155
 30
0.0
 10
-5.95805
 20
3.11155
 30
0.0
 10
-5.95805
 20
3.11155
 30
0.0
 10
-5.95275
 20
3.11685
 30
0.0
 10
-5.95275
 20
3.11685
 30
0.0
 10
-5.95275
 20
3.11685
 30
0.0
 10
-5.95275
 20
3.11685
 30
0.0
 10
-5.94746
 20
3.12567
 30
0.0
 10
-5.94746
 20
3.12567
 30
0.0
 10
-5.94746
 20
3.12567
 30
0.0
 10
-5.94746
 20
3.12567
 30
0.0
 10
-5.94393
 20
3.1345
 30
0.0
 10
-5.94393
 20
3.1345
 30
0.0
 10
-5.94393
 20
3.1345
 30
0.0
 10
-5.94393
 20
3.1345
 30
0.0
 10
-5.9404
 20
3.14686
 30
0.0
 10
-5.9404
 20
3.14686
 30
0.0
 10
-5.9404
 20
3.14686
 30
0.0
 10
-5.9404
 20
3.14686
 30
0.0
 10
-5.93863
 20
3.15921
 30
0.0
 10
-5.93863
 20
3.15921
 30
0.0
  0
SPLINE
  5
315
330
1F
100
AcDbEntity
  8
Layer 1
 62
   250
370
    25
100
AcDbSpline
210
0.0
220
0.0
230
1.0
 70
    24
 71
     3
 72
     8
 73
     4
 74
     0
 42
0.000000001
 43
0.0000000001
 40
0.0
 40
0.0
 40
0.0
 40
0.0
 40
1.0
 40
1.0
 40
1.0
 40
1.0
 10
-5.97041
 20
3.10626
 30
0.0
 10
-5.97041
 20
3.10626
 30
0.0
 10
-5.96864
 20
3.10626
 30
0.0
 10
-5.96864
 20
3.10626
 30
0.0
  0
SPLINE
  5
316
330
1F
100
AcDbEntity
  8
Layer 1
 62
   250
370
    25
100
AcDbSpline
210
0.0
220
0.0
230
1.0
 70
    24
 71
     3
 72
     8
 73
     4
 74
     0
 42
0.000000001
 43
0.0000000001
 40
0.0
 40
0.0
 40
0.0
 40
0.0
 40
1.0
 40
1.0
 40
1.0
 40
1.0
 10
-5.97041
 20
5.37104
 30
0.0
 10
-5.97041
 20
5.37104
 30
0.0
 10
-5.97041
 20
3.10626
 30
0.0
 10
-5.97041
 20
3.10626
 30
0.0
  0
SPLINE
  5
317
330
1F
100
AcDbEntity
  8
Layer 1
 62
   250
370
    25
100
AcDbSpline
210
0.0
220
0.0
230
1.0
 70
     8
 71
     3
 72
    32
 73
    28
 74
     0
 42
0.000000001
 43
0.0000000001
 40
0.0
 40
0.0
 40
0.0
 40
0.0
 40
0.125
 40
0.125
 40
0.125
 40
0.12500001
 40
0.25
 40
0.25
 40
0.25
 40
0.25000001
 40
0.375
 40
0.375
 40
0.375
 40
0.37500001
 40
0.5
 40
0.5
 40
0.5
 40
0.50000001
 40
0.625
 40
0.625
 40
0.625
 40
0.62500001
 40
0.75
 40
0.75
 40
0.75
 40
0.75000001
 40
1.0
 40
1.0
 40
1.0
 40
1.0
 10
-2.24226
 20
3.07625
 30
0.0
 10
-2.24226
 20
3.07625
 30
0.0
 10
-2.24755
 20
3.07801
 30
0.0
 10
-2.24755
 20
3.07801
 30
0.0
 10
-2.24755
 20
3.07801
 30
0.0
 10
-2.24755
 20
3.07801
 30
0.0
 10
-2.25461
 20
3.08331
 30
0.0
 10
-2.25461
 20
3.08331
 30
0.0
 10
-2.25461
 20
3.08331
 30
0.0
 10
-2.25461
 20
3.08331
 30
0.0
 10
-2.2599
 20
3.09214
 30
0.0
 10
-2.2599
 20
3.09214
 30
0.0
 10
-2.2599
 20
3.09214
 30
0.0
 10
-2.2599
 20
3.09214
 30
0.0
 10
-2.26344
 20
3.10449
 30
0.0
 10
-2.26344
 20
3.10449
 30
0.0
 10
-2.26344
 20
3.10449
 30
0.0
 10
-2.26344
 20
3.10449
 30
0.0
 10
-2.26873
 20
3.11861
 30
0.0
 10
-2.26873
 20
3.11861
 30
0.0
 10
-2.26873
 20
3.11861
 30
0.0
 10
-2.26873
 20
3.11861
 30
0.0
 10
-2.2705
 20
3.1345
 30
0.0
 10
-2.2705
 20
3.1345
 30
0.0
 10
-2.2705
 20
3.1345
 30
0.0
 10
-2.2705
 20
3.1345
 30
0.0
 10
-2.27403
 20
3.15215
 30
0.0
 10
-2.27403
 20
3.15215
 30
0.0
  0
SPLINE
  5
318
330
1F
100
AcDbEntity
  8
Layer 1
 62
   250
370
    25
100
AcDbSpline
210
0.0
220
0.0
230
1.0
 70
     8
 71
     3
 72
    36
 73
    32
 74
     0
 42
0.000000001
 43
0.0000000001
 40
0.0
 40
0.0
 40
0.0
 40
0.0
 40
0.1111111111111111
 40
0.1111111111111111
 40
0.1111111111111111
 40
0.1111111211111111
 40
0.2222222222222222
 40
0.2222222222222222
 40
0.2222222222222222
 40
0.2222222322222222
 40
0.3333333333333333
 40
0.3333333333333333
 40
0.3333333333333333
 40
0.3333333433333333
 40
0.4444444444444444
 40
0.4444444444444444
 40
0.4444444444444444
 40
0.4444444544444444
 40
0.5555555555555556
 40
0.5555555555555556
 40
0.5555555555555556
 40
0.5555555655555556
 40
0.6666666666666666
 40
0.6666666666666666
 40
0.6666666666666666
 40
0.6666666766666667
 40
0.7777777777777778
 40
0.7777777777777778
 40
0.7777777777777778
 40
0.7777777877777778
 40
1.0
 40
1.0
 40
1.0
 40
1.0
 10
-2.24226
 20
3.07625
 30
0.0
 10
-2.24226
 20
3.07625
 30
0.0
 10
-2.23696
 20
3.07625
 30
0.0
 10
-2.23696
 20
3.07625
 30
0.0
 10
-2.23696
 20
3.07625
 30
0.0
 10
-2.23696
 20
3.07625
 30
0.0
 10
-2.23166
 20
3.07801
 30
0.0
 10
-2.23166
 20
3.07801
 30
0.0
 10
-2.23166
 20
3.07801
 30
0.0
 10
-2.23166
 20
3.07801
 30
0.0
 10
-2.22637
 20
3.08155
 30
0.0
 10
-2.22637
 20
3.08155
 30
0.0
 10
-2.22637
 20
3.08155
 30
0.0
 10
-2.22637
 20
3.08155
 30
0.0
 10
-2.22284
 20
3.08508
 30
0.0
 10
-2.22284
 20
3.08508
 30
0.0
 10
-2.22284
 20
3.08508
 30
0.0
 10
-2.22284
 20
3.08508
 30
0.0
 10
-2.2193
 20
3.08861
 30
0.0
 10
-2.2193
 20
3.08861
 30
0.0
 10
-2.2193
 20
3.08861
 30
0.0
 10
-2.2193
 20
3.08861
 30
0.0
 10
-2.21754
 20
3.0939
 30
0.0
 10
-2.21754
 20
3.0939
 30
0.0
 10
-2.21754
 20
3.0939
 30
0.0
 10
-2.21754
 20
3.0939
 30
0.0
 10
-2.21578
 20
3.0992
 30
0.0
 10
-2.21578
 20
3.0992
 30
0.0
 10
-2.21578
 20
3.0992
 30
0.0
 10
-2.21578
 20
3.0992
 30
0.0
 10
-2.21578
 20
3.10626
 30
0.0
 10
-2.21578
 20
3.10626
 30
0.0
  0
SPLINE
  5
319
330
1F
100
AcDbEntity
  8
Layer 1
 62
   250
370
    25
100
AcDbSpline
210
0.0
220
0.0
230
1.0
 70
     8
 71
     3
 72
    32
 73
    28
 74
     0
 42
0.000000001
 43
0.0000000001
 40
0.0
 40
0.0
 40
0.0
 40
0.0
 40
0.125
 40
0.125
 40
0.125
 40
0.12500001
 40
0.25
 40
0.25
 40
0.25
 40
0.25000001
 40
0.375
 40
0.375
 40
0.375
 40
0.37500001
 40
0.5
 40
0.5
 40
0.5
 40
0.50000001
 40
0.625
 40
0.625
 40
0.625
 40
0.62500001
 40
0.75
 40
0.75
 40
0.75
 40
0.75000001
 40
1.0
 40
1.0
 40
1.0
 40
1.0
 10
-2.27403
 20
5.32515
 30
0.0
 10
-2.27403
 20
5.32515
 30
0.0
 10
-2.2705
 20
5.34279
 30
0.0
 10
-2.2705
 20
5.34279
 30
0.0
 10
-2.2705
 20
5.34279
 30
0.0
 10
-2.2705
 20
5.34279
 30
0.0
 10
-2.26873
 20
5.35868
 30
0.0
 10
-2.26873
 20
5.35868
 30
0.0
 10
-2.26873
 20
5.35868
 30
0.0
 10
-2.26873
 20
5.35868
 30
0.0
 10
-2.26344
 20
5.37281
 30
0.0
 10
-2.26344
 20
5.37281
 30
0.0
 10
-2.26344
 20
5.37281
 30
0.0
 10
-2.26344
 20
5.37281
 30
0.0
 10
-2.2599
 20
5.38516
 30
0.0
 10
-2.2599
 20
5.38516
 30
0.0
 10
-2.2599
 20
5.38516
 30
0.0
 10
-2.2599
 20
5.38516
 30
0.0
 10
-2.25461
 20
5.39222
 30
0.0
 10
-2.25461
 20
5.39222
 30
0.0
 10
-2.25461
 20
5.39222
 30
0.0
 10
-2.25461
 20
5.39222
 30
0.0
 10
-2.24755
 20
5.39928
 30
0.0
 10
-2.24755
 20
5.39928
 30
0.0
 10
-2.24755
 20
5.39928
 30
0.0
 10
-2.24755
 20
5.39928
 30
0.0
 10
-2.24226
 20
5.40105
 30
0.0
 10
-2.24226
 20
5.40105
 30
0.0
  0
SPLINE
  5
31A
330
1F
100
AcDbEntity
  8
Layer 1
 62
   250
370
    25
100
AcDbSpline
210
0.0
220
0.0
230
1.0
 70
     8
 71
     3
 72
    36
 73
    32
 74
     0
 42
0.000000001
 43
0.0000000001
 40
0.0
 40
0.0
 40
0.0
 40
0.0
 40
0.1111111111111111
 40
0.1111111111111111
 40
0.1111111111111111
 40
0.1111111211111111
 40
0.2222222222222222
 40
0.2222222222222222
 40
0.2222222222222222
 40
0.2222222322222222
 40
0.3333333333333333
 40
0.3333333333333333
 40
0.3333333333333333
 40
0.3333333433333333
 40
0.4444444444444444
 40
0.4444444444444444
 40
0.4444444444444444
 40
0.4444444544444444
 40
0.5555555555555556
 40
0.5555555555555556
 40
0.5555555555555556
 40
0.5555555655555556
 40
0.6666666666666666
 40
0.6666666666666666
 40
0.6666666666666666
 40
0.6666666766666667
 40
0.7777777777777778
 40
0.7777777777777778
 40
0.7777777777777778
 40
0.7777777877777778
 40
1.0
 40
1.0
 40
1.0
 40
1.0
 10
-2.24226
 20
5.40105
 30
0.0
 10
-2.24226
 20
5.40105
 30
0.0
 10
-2.23696
 20
5.39928
 30
0.0
 10
-2.23696
 20
5.39928
 30
0.0
 10
-2.23696
 20
5.39928
 30
0.0
 10
-2.23696
 20
5.39928
 30
0.0
 10
-2.23166
 20
5.39752
 30
0.0
 10
-2.23166
 20
5.39752
 30
0.0
 10
-2.23166
 20
5.39752
 30
0.0
 10
-2.23166
 20
5.39752
 30
0.0
 10
-2.22637
 20
5.39575
 30
0.0
 10
-2.22637
 20
5.39575
 30
0.0
 10
-2.22637
 20
5.39575
 30
0.0
 10
-2.22637
 20
5.39575
 30
0.0
 10
-2.22284
 20
5.39222
 30
0.0
 10
-2.22284
 20
5.39222
 30
0.0
 10
-2.22284
 20
5.39222
 30
0.0
 10
-2.22284
 20
5.39222
 30
0.0
 10
-2.2193
 20
5.38693
 30
0.0
 10
-2.2193
 20
5.38693
 30
0.0
 10
-2.2193
 20
5.38693
 30
0.0
 10
-2.2193
 20
5.38693
 30
0.0
 10
-2.21754
 20
5.38163
 30
0.0
 10
-2.21754
 20
5.38163
 30
0.0
 10
-2.21754
 20
5.38163
 30
0.0
 10
-2.21754
 20
5.38163
 30
0.0
 10
-2.21578
 20
5.37633
 30
0.0
 10
-2.21578
 20
5.37633
 30
0.0
 10
-2.21578
 20
5.37633
 30
0.0
 10
-2.21578
 20
5.37633
 30
0.0
 10
-2.21578
 20
5.37104
 30
0.0
 10
-2.21578
 20
5.37104
 30
0.0
  0
SPLINE
  5
31B
330
1F
100
AcDbEntity
  8
Layer 1
 62
   250
370
    25
100
AcDbSpline
210
0.0
220
0.0
230
1.0
 70
     8
 71
     3
 72
    32
 73
    28
 74
     0
 42
0.000000001
 43
0.0000000001
 40
0.0
 40
0.0
 40
0.0
 40
0.0
 40
0.125
 40
0.125
 40
0.125
 40
0.12500001
 40
0.25
 40
0.25
 40
0.25
 40
0.25000001
 40
0.375
 40
0.375
 40
0.375
 40
0.37500001
 40
0.5
 40
0.5
 40
0.5
 40
0.50000001
 40
0.625
 40
0.625
 40
0.625
 40
0.62500001
 40
0.75
 40
0.75
 40
0.75
 40
0.75000001
 40
1.0
 40
1.0
 40
1.0
 40
1.0
 10
-5.94216
 20
5.40105
 30
0.0
 10
-5.94216
 20
5.40105
 30
0.0
 10
-5.93687
 20
5.39928
 30
0.0
 10
-5.93687
 20
5.39928
 30
0.0
 10
-5.93687
 20
5.39928
 30
0.0
 10
-5.93687
 20
5.39928
 30
0.0
 10
-5.9298
 20
5.39222
 30
0.0
 10
-5.9298
 20
5.39222
 30
0.0
 10
-5.9298
 20
5.39222
 30
0.0
 10
-5.9298
 20
5.39222
 30
0.0
 10
-5.92451
 20
5.38516
 30
0.0
 10
-5.92451
 20
5.38516
 30
0.0
 10
-5.92451
 20
5.38516
 30
0.0
 10
-5.92451
 20
5.38516
 30
0.0
 10
-5.92098
 20
5.37281
 30
0.0
 10
-5.92098
 20
5.37281
 30
0.0
 10
-5.92098
 20
5.37281
 30
0.0
 10
-5.92098
 20
5.37281
 30
0.0
 10
-5.91568
 20
5.35868
 30
0.0
 10
-5.91568
 20
5.35868
 30
0.0
 10
-5.91568
 20
5.35868
 30
0.0
 10
-5.91568
 20
5.35868
 30
0.0
 10
-5.91392
 20
5.34279
 30
0.0
 10
-5.91392
 20
5.34279
 30
0.0
 10
-5.91392
 20
5.34279
 30
0.0
 10
-5.91392
 20
5.34279
 30
0.0
 10
-5.91039
 20
5.32515
 30
0.0
 10
-5.91039
 20
5.32515
 30
0.0
  0
SPLINE
  5
31C
330
1F
100
AcDbEntity
  8
Layer 1
 62
   250
370
    25
100
AcDbSpline
210
0.0
220
0.0
230
1.0
 70
     8
 71
     3
 72
    36
 73
    32
 74
     0
 42
0.000000001
 43
0.0000000001
 40
0.0
 40
0.0
 40
0.0
 40
0.0
 40
0.1111111111111111
 40
0.1111111111111111
 40
0.1111111111111111
 40
0.1111111211111111
 40
0.2222222222222222
 40
0.2222222222222222
 40
0.2222222222222222
 40
0.2222222322222222
 40
0.3333333333333333
 40
0.3333333333333333
 40
0.3333333333333333
 40
0.3333333433333333
 40
0.4444444444444444
 40
0.4444444444444444
 40
0.4444444444444444
 40
0.4444444544444444
 40
0.5555555555555556
 40
0.5555555555555556
 40
0.5555555555555556
 40
0.5555555655555556
 40
0.6666666666666666
 40
0.6666666666666666
 40
0.6666666666666666
 40
0.6666666766666667
 40
0.7777777777777778
 40
0.7777777777777778
 40
0.7777777777777778
 40
0.7777777877777778
 40
1.0
 40
1.0
 40
1.0
 40
1.0
 10
-5.94216
 20
5.40105
 30
0.0
 10
-5.94216
 20
5.40105
 30
0.0
 10
-5.94746
 20
5.39928
 30
0.0
 10
-5.94746
 20
5.39928
 30
0.0
 10
-5.94746
 20
5.39928
 30
0.0
 10
-5.94746
 20
5.39928
 30
0.0
 10
-5.95275
 20
5.39752
 30
0.0
 10
-5.95275
 20
5.39752
 30
0.0
 10
-5.95275
 20
5.39752
 30
0.0
 10
-5.95275
 20
5.39752
 30
0.0
 10
-5.95805
 20
5.39575
 30
0.0
 10
-5.95805
 20
5.39575
 30
0.0
 10
-5.95805
 20
5.39575
 30
0.0
 10
-5.95805
 20
5.39575
 30
0.0
 10
-5.96158
 20
5.39222
 30
0.0
 10
-5.96158
 20
5.39222
 30
0.0
 10
-5.96158
 20
5.39222
 30
0.0
 10
-5.96158
 20
5.39222
 30
0.0
 10
-5.96511
 20
5.38693
 30
0.0
 10
-5.96511
 20
5.38693
 30
0.0
 10
-5.96511
 20
5.38693
 30
0.0
 10
-5.96511
 20
5.38693
 30
0.0
 10
-5.96688
 20
5.38163
 30
0.0
 10
-5.96688
 20
5.38163
 30
0.0
 10
-5.96688
 20
5.38163
 30
0.0
 10
-5.96688
 20
5.38163
 30
0.0
 10
-5.96864
 20
5.37633
 30
0.0
 10
-5.96864
 20
5.37633
 30
0.0
 10
-5.96864
 20
5.37633
 30
0.0
 10
-5.96864
 20
5.37633
 30
0.0
 10
-5.96864
 20
5.37104
 30
0.0
 10
-5.96864
 20
5.37104
 30
0.0
  0
SPLINE
  5
31D
330
1F
100
AcDbEntity
  8
Layer 1
 62
   250
370
    25
100
AcDbSpline
210
0.0
220
0.0
230
1.0
 70
     8
 71
     3
 72
    32
 73
    28
 74
     0
 42
0.000000001
 43
0.0000000001
 40
0.0
 40
0.0
 40
0.0
 40
0.0
 40
0.125
 40
0.125
 40
0.125
 40
0.12500001
 40
0.25
 40
0.25
 40
0.25
 40
0.25000001
 40
0.375
 40
0.375
 40
0.375
 40
0.37500001
 40
0.5
 40
0.5
 40
0.5
 40
0.50000001
 40
0.625
 40
0.625
 40
0.625
 40
0.62500001
 40
0.75
 40
0.75
 40
0.75
 40
0.75000001
 40
1.0
 40
1.0
 40
1.0
 40
1.0
 10
-5.91039
 20
3.15215
 30
0.0
 10
-5.91039
 20
3.15215
 30
0.0
 10
-5.91392
 20
3.1345
 30
0.0
 10
-5.91392
 20
3.1345
 30
0.0
 10
-5.91392
 20
3.1345
 30
0.0
 10
-5.91392
 20
3.1345
 30
0.0
 10
-5.91568
 20
3.11861
 30
0.0
 10
-5.91568
 20
3.11861
 30
0.0
 10
-5.91568
 20
3.11861
 30
0.0
 10
-5.91568
 20
3.11861
 30
0.0
 10
-5.92098
 20
3.10449
 30
0.0
 10
-5.92098
 20
3.10449
 30
0.0
 10
-5.92098
 20
3.10449
 30
0.0
 10
-5.92098
 20
3.10449
 30
0.0
 10
-5.92451
 20
3.09214
 30
0.0
 10
-5.92451
 20
3.09214
 30
0.0
 10
-5.92451
 20
3.09214
 30
0.0
 10
-5.92451
 20
3.09214
 30
0.0
 10
-5.9298
 20
3.08331
 30
0.0
 10
-5.9298
 20
3.08331
 30
0.0
 10
-5.9298
 20
3.08331
 30
0.0
 10
-5.9298
 20
3.08331
 30
0.0
 10
-5.93687
 20
3.07801
 30
0.0
 10
-5.93687
 20
3.07801
 30
0.0
 10
-5.93687
 20
3.07801
 30
0.0
 10
-5.93687
 20
3.07801
 30
0.0
 10
-5.94216
 20
3.07625
 30
0.0
 10
-5.94216
 20
3.07625
 30
0.0
  0
SPLINE
  5
31E
330
1F
100
AcDbEntity
  8
Layer 1
 62
   250
370
    25
100
AcDbSpline
210
0.0
220
0.0
230
1.0
 70
     8
 71
     3
 72
    36
 73
    32
 74
     0
 42
0.000000001
 43
0.0000000001
 40
0.0
 40
0.0
 40
0.0
 40
0.0
 40
0.1111111111111111
 40
0.1111111111111111
 40
0.1111111111111111
 40
0.1111111211111111
 40
0.2222222222222222
 40
0.2222222222222222
 40
0.2222222222222222
 40
0.2222222322222222
 40
0.3333333333333333
 40
0.3333333333333333
 40
0.3333333333333333
 40
0.3333333433333333
 40
0.4444444444444444
 40
0.4444444444444444
 40
0.4444444444444444
 40
0.4444444544444444
 40
0.5555555555555556
 40
0.5555555555555556
 40
0.5555555555555556
 40
0.5555555655555556
 40
0.6666666666666666
 40
0.6666666666666666
 40
0.6666666666666666
 40
0.6666666766666667
 40
0.7777777777777778
 40
0.7777777777777778
 40
0.7777777777777778
 40
0.7777777877777778
 40
1.0
 40
1.0
 40
1.0
 40
1.0
 10
-5.94216
 20
3.07625
 30
0.0
 10
-5.94216
 20
3.07625
 30
0.0
 10
-5.94746
 20
3.07625
 30
0.0
 10
-5.94746
 20
3.07625
 30
0.0
 10
-5.94746
 20
3.07625
 30
0.0
 10
-5.94746
 20
3.07625
 30
0.0
 10
-5.95275
 20
3.07801
 30
0.0
 10
-5.95275
 20
3.07801
 30
0.0
 10
-5.95275
 20
3.07801
 30
0.0
 10
-5.95275
 20
3.07801
 30
0.0
 10
-5.95805
 20
3.08155
 30
0.0
 10
-5.95805
 20
3.08155
 30
0.0
 10
-5.95805
 20
3.08155
 30
0.0
 10
-5.95805
 20
3.08155
 30
0.0
 10
-5.96158
 20
3.08508
 30
0.0
 10
-5.96158
 20
3.08508
 30
0.0
 10
-5.96158
 20
3.08508
 30
0.0
 10
-5.96158
 20
3.08508
 30
0.0
 10
-5.96511
 20
3.08861
 30
0.0
 10
-5.96511
 20
3.08861
 30
0.0
 10
-5.96511
 20
3.08861
 30
0.0
 10
-5.96511
 20
3.08861
 30
0.0
 10
-5.96688
 20
3.0939
 30
0.0
 10
-5.96688
 20
3.0939
 30
0.0
 10
-5.96688
 20
3.0939
 30
0.0
 10
-5.96688
 20
3.0939
 30
0.0
 10
-5.96864
 20
3.0992
 30
0.0
 10
-5.96864
 20
3.0992
 30
0.0
 10
-5.96864
 20
3.0992
 30
0.0
 10
-5.96864
 20
3.0992
 30
0.0
 10
-5.96864
 20
3.10626
 30
0.0
 10
-5.96864
 20
3.10626
 30
0.0
  0
SPLINE
  5
31F
330
1F
100
AcDbEntity
  8
Layer 1
 62
   250
370
    25
100
AcDbSpline
210
0.0
220
0.0
230
1.0
 70
    24
 71
     3
 72
     8
 73
     4
 74
     0
 42
0.000000001
 43
0.0000000001
 40
0.0
 40
0.0
 40
0.0
 40
0.0
 40
1.0
 40
1.0
 40
1.0
 40
1.0
 10
-2.24226
 20
3.07625
 30
0.0
 10
-2.24226
 20
3.07625
 30
0.0
 10
-5.94216
 20
3.07625
 30
0.0
 10
-5.94216
 20
3.07625
 30
0.0
  0
SPLINE
  5
320
330
1F
100
AcDbEntity
  8
Layer 1
 62
   250
370
    25
100
AcDbSpline
210
0.0
220
0.0
230
1.0
 70
    24
 71
     3
 72
     8
 73
     4
 74
     0
 42
0.000000001
 43
0.0000000001
 40
0.0
 40
0.0
 40
0.0
 40
0.0
 40
1.0
 40
1.0
 40
1.0
 40
1.0
 10
-2.24226
 20
5.40105
 30
0.0
 10
-2.24226
 20
5.40105
 30
0.0
 10
-5.94216
 20
5.40105
 30
0.0
 10
-5.94216
 20
5.40105
 30
0.0
  0
SPLINE
  5
321
330
1F
100
AcDbEntity
  8
Layer 1
 62
   250
370
    25
100
AcDbSpline
210
0.0
220
0.0
230
1.0
 70
    24
 71
     3
 72
     8
 73
     4
 74
     0
 42
0.000000001
 43
0.0000000001
 40
0.0
 40
0.0
 40
0.0
 40
0.0
 40
1.0
 40
1.0
 40
1.0
 40
1.0
 10
-2.24049
 20
3.07625
 30
0.0
 10
-2.24049
 20
3.07625
 30
0.0
 10
-2.24226
 20
3.07625
 30
0.0
 10
-2.24226
 20
3.07625
 30
0.0
  0
SPLINE
  5
322
330
1F
100
AcDbEntity
  8
Layer 1
 62
   250
370
    25
100
AcDbSpline
210
0.0
220
0.0
230
1.0
 70
     8
 71
     3
 72
    36
 73
    32
 74
     0
 42
0.000000001
 43
0.0000000001
 40
0.0
 40
0.0
 40
0.0
 40
0.0
 40
0.1111111111111111
 40
0.1111111111111111
 40
0.1111111111111111
 40
0.1111111211111111
 40
0.2222222222222222
 40
0.2222222222222222
 40
0.2222222222222222
 40
0.2222222322222222
 40
0.3333333333333333
 40
0.3333333333333333
 40
0.3333333333333333
 40
0.3333333433333333
 40
0.4444444444444444
 40
0.4444444444444444
 40
0.4444444444444444
 40
0.4444444544444444
 40
0.5555555555555556
 40
0.5555555555555556
 40
0.5555555555555556
 40
0.5555555655555556
 40
0.6666666666666666
 40
0.6666666666666666
 40
0.6666666666666666
 40
0.6666666766666667
 40
0.7777777777777778
 40
0.7777777777777778
 40
0.7777777777777778
 40
0.7777777877777778
 40
1.0
 40
1.0
 40
1.0
 40
1.0
 10
-2.24049
 20
3.07625
 30
0.0
 10
-2.24049
 20
3.07625
 30
0.0
 10
-2.23519
 20
3.07625
 30
0.0
 10
-2.23519
 20
3.07625
 30
0.0
 10
-2.23519
 20
3.07625
 30
0.0
 10
-2.23519
 20
3.07625
 30
0.0
 10
-2.2299
 20
3.07801
 30
0.0
 10
-2.2299
 20
3.07801
 30
0.0
 10
-2.2299
 20
3.07801
 30
0.0
 10
-2.2299
 20
3.07801
 30
0.0
 10
-2.22637
 20
3.08155
 30
0.0
 10
-2.22637
 20
3.08155
 30
0.0
 10
-2.22637
 20
3.08155
 30
0.0
 10
-2.22637
 20
3.08155
 30
0.0
 10
-2.22107
 20
3.08508
 30
0.0
 10
-2.22107
 20
3.08508
 30
0.0
 10
-2.22107
 20
3.08508
 30
0.0
 10
-2.22107
 20
3.08508
 30
0.0
 10
-2.2193
 20
3.08861
 30
0.0
 10
-2.2193
 20
3.08861
 30
0.0
 10
-2.2193
 20
3.08861
 30
0.0
 10
-2.2193
 20
3.08861
 30
0.0
 10
-2.21578
 20
3.0939
 30
0.0
 10
-2.21578
 20
3.0939
 30
0.0
 10
-2.21578
 20
3.0939
 30
0.0
 10
-2.21578
 20
3.0939
 30
0.0
 10
-2.21401
 20
3.0992
 30
0.0
 10
-2.21401
 20
3.0992
 30
0.0
 10
-2.21401
 20
3.0992
 30
0.0
 10
-2.21401
 20
3.0992
 30
0.0
 10
-2.21401
 20
3.10626
 30
0.0
 10
-2.21401
 20
3.10626
 30
0.0
  0
SPLINE
  5
323
330
1F
100
AcDbEntity
  8
Layer 1
 62
   250
370
    25
100
AcDbSpline
210
0.0
220
0.0
230
1.0
 70
    24
 71
     3
 72
     8
 73
     4
 74
     0
 42
0.000000001
 43
0.0000000001
 40
0.0
 40
0.0
 40
0.0
 40
0.0
 40
1.0
 40
1.0
 40
1.0
 40
1.0
 10
-2.24226
 20
5.40105
 30
0.0
 10
-2.24226
 20
5.40105
 30
0.0
 10
-2.24049
 20
5.40105
 30
0.0
 10
-2.24049
 20
5.40105
 30
0.0
  0
SPLINE
  5
324
330
1F
100
AcDbEntity
  8
Layer 1
 62
   250
370
    25
100
AcDbSpline
210
0.0
220
0.0
230
1.0
 70
     8
 71
     3
 72
    36
 73
    32
 74
     0
 42
0.000000001
 43
0.0000000001
 40
0.0
 40
0.0
 40
0.0
 40
0.0
 40
0.1111111111111111
 40
0.1111111111111111
 40
0.1111111111111111
 40
0.1111111211111111
 40
0.2222222222222222
 40
0.2222222222222222
 40
0.2222222222222222
 40
0.2222222322222222
 40
0.3333333333333333
 40
0.3333333333333333
 40
0.3333333333333333
 40
0.3333333433333333
 40
0.4444444444444444
 40
0.4444444444444444
 40
0.4444444444444444
 40
0.4444444544444444
 40
0.5555555555555556
 40
0.5555555555555556
 40
0.5555555555555556
 40
0.5555555655555556
 40
0.6666666666666666
 40
0.6666666666666666
 40
0.6666666666666666
 40
0.6666666766666667
 40
0.7777777777777778
 40
0.7777777777777778
 40
0.7777777777777778
 40
0.7777777877777778
 40
1.0
 40
1.0
 40
1.0
 40
1.0
 10
-2.24049
 20
5.40105
 30
0.0
 10
-2.24049
 20
5.40105
 30
0.0
 10
-2.23519
 20
5.39928
 30
0.0
 10
-2.23519
 20
5.39928
 30
0.0
 10
-2.23519
 20
5.39928
 30
0.0
 10
-2.23519
 20
5.39928
 30
0.0
 10
-2.2299
 20
5.39752
 30
0.0
 10
-2.2299
 20
5.39752
 30
0.0
 10
-2.2299
 20
5.39752
 30
0.0
 10
-2.2299
 20
5.39752
 30
0.0
 10
-2.22637
 20
5.39575
 30
0.0
 10
-2.22637
 20
5.39575
 30
0.0
 10
-2.22637
 20
5.39575
 30
0.0
 10
-2.22637
 20
5.39575
 30
0.0
 10
-2.22107
 20
5.39222
 30
0.0
 10
-2.22107
 20
5.39222
 30
0.0
 10
-2.22107
 20
5.39222
 30
0.0
 10
-2.22107
 20
5.39222
 30
0.0
 10
-2.2193
 20
5.38693
 30
0.0
 10
-2.2193
 20
5.38693
 30
0.0
 10
-2.2193
 20
5.38693
 30
0.0
 10
-2.2193
 20
5.38693
 30
0.0
 10
-2.21578
 20
5.38163
 30
0.0
 10
-2.21578
 20
5.38163
 30
0.0
 10
-2.21578
 20
5.38163
 30
0.0
 10
-2.21578
 20
5.38163
 30
0.0
 10
-2.21401
 20
5.37633
 30
0.0
 10
-2.21401
 20
5.37633
 30
0.0
 10
-2.21401
 20
5.37633
 30
0.0
 10
-2.21401
 20
5.37633
 30
0.0
 10
-2.21401
 20
5.37104
 30
0.0
 10
-2.21401
 20
5.37104
 30
0.0
  0
SPLINE
  5
325
330
1F
100
AcDbEntity
  8
Layer 1
 62
   250
370
    25
100
AcDbSpline
210
0.0
220
0.0
230
1.0
 70
    24
 71
     3
 72
     8
 73
     4
 74
     0
 42
0.000000001
 43
0.0000000001
 40
0.0
 40
0.0
 40
0.0
 40
0.0
 40
1.0
 40
1.0
 40
1.0
 40
1.0
 10
-5.94216
 20
3.07625
 30
0.0
 10
-5.94216
 20
3.07625
 30
0.0
 10
-5.94393
 20
3.07625
 30
0.0
 10
-5.94393
 20
3.07625
 30
0.0
  0
SPLINE
  5
326
330
1F
100
AcDbEntity
  8
Layer 1
 62
   250
370
    25
100
AcDbSpline
210
0.0
220
0.0
230
1.0
 70
     8
 71
     3
 72
    36
 73
    32
 74
     0
 42
0.000000001
 43
0.0000000001
 40
0.0
 40
0.0
 40
0.0
 40
0.0
 40
0.1111111111111111
 40
0.1111111111111111
 40
0.1111111111111111
 40
0.1111111211111111
 40
0.2222222222222222
 40
0.2222222222222222
 40
0.2222222222222222
 40
0.2222222322222222
 40
0.3333333333333333
 40
0.3333333333333333
 40
0.3333333333333333
 40
0.3333333433333333
 40
0.4444444444444444
 40
0.4444444444444444
 40
0.4444444444444444
 40
0.4444444544444444
 40
0.5555555555555556
 40
0.5555555555555556
 40
0.5555555555555556
 40
0.5555555655555556
 40
0.6666666666666666
 40
0.6666666666666666
 40
0.6666666666666666
 40
0.6666666766666667
 40
0.7777777777777778
 40
0.7777777777777778
 40
0.7777777777777778
 40
0.7777777877777778
 40
1.0
 40
1.0
 40
1.0
 40
1.0
 10
-5.94393
 20
3.07625
 30
0.0
 10
-5.94393
 20
3.07625
 30
0.0
 10
-5.94922
 20
3.07625
 30
0.0
 10
-5.94922
 20
3.07625
 30
0.0
 10
-5.94922
 20
3.07625
 30
0.0
 10
-5.94922
 20
3.07625
 30
0.0
 10
-5.95452
 20
3.07801
 30
0.0
 10
-5.95452
 20
3.07801
 30
0.0
 10
-5.95452
 20
3.07801
 30
0.0
 10
-5.95452
 20
3.07801
 30
0.0
 10
-5.95805
 20
3.08155
 30
0.0
 10
-5.95805
 20
3.08155
 30
0.0
 10
-5.95805
 20
3.08155
 30
0.0
 10
-5.95805
 20
3.08155
 30
0.0
 10
-5.96335
 20
3.08508
 30
0.0
 10
-5.96335
 20
3.08508
 30
0.0
 10
-5.96335
 20
3.08508
 30
0.0
 10
-5.96335
 20
3.08508
 30
0.0
 10
-5.96511
 20
3.08861
 30
0.0
 10
-5.96511
 20
3.08861
 30
0.0
 10
-5.96511
 20
3.08861
 30
0.0
 10
-5.96511
 20
3.08861
 30
0.0
 10
-5.96864
 20
3.0939
 30
0.0
 10
-5.96864
 20
3.0939
 30
0.0
 10
-5.96864
 20
3.0939
 30
0.0
 10
-5.96864
 20
3.0939
 30
0.0
 10
-5.97041
 20
3.0992
 30
0.0
 10
-5.97041
 20
3.0992
 30
0.0
 10
-5.97041
 20
3.0992
 30
0.0
 10
-5.97041
 20
3.0992
 30
0.0
 10
-5.97041
 20
3.10626
 30
0.0
 10
-5.97041
 20
3.10626
 30
0.0
  0
SPLINE
  5
327
330
1F
100
AcDbEntity
  8
Layer 1
 62
   250
370
    25
100
AcDbSpline
210
0.0
220
0.0
230
1.0
 70
    24
 71
     3
 72
     8
 73
     4
 74
     0
 42
0.000000001
 43
0.0000000001
 40
0.0
 40
0.0
 40
0.0
 40
0.0
 40
1.0
 40
1.0
 40
1.0
 40
1.0
 10
-5.94393
 20
5.40105
 30
0.0
 10
-5.94393
 20
5.40105
 30
0.0
 10
-5.94216
 20
5.40105
 30
0.0
 10
-5.94216
 20
5.40105
 30
0.0
  0
SPLINE
  5
328
330
1F
100
AcDbEntity
  8
Layer 1
 62
   250
370
    25
100
AcDbSpline
210
0.0
220
0.0
230
1.0
 70
     8
 71
     3
 72
    36
 73
    32
 74
     0
 42
0.000000001
 43
0.0000000001
 40
0.0
 40
0.0
 40
0.0
 40
0.0
 40
0.1111111111111111
 40
0.1111111111111111
 40
0.1111111111111111
 40
0.1111111211111111
 40
0.2222222222222222
 40
0.2222222222222222
 40
0.2222222222222222
 40
0.2222222322222222
 40
0.3333333333333333
 40
0.3333333333333333
 40
0.3333333333333333
 40
0.3333333433333333
 40
0.4444444444444444
 40
0.4444444444444444
 40
0.4444444444444444
 40
0.4444444544444444
 40
0.5555555555555556
 40
0.5555555555555556
 40
0.5555555555555556
 40
0.5555555655555556
 40
0.6666666666666666
 40
0.6666666666666666
 40
0.6666666666666666
 40
0.6666666766666667
 40
0.7777777777777778
 40
0.7777777777777778
 40
0.7777777777777778
 40
0.7777777877777778
 40
1.0
 40
1.0
 40
1.0
 40
1.0
 10
-5.94393
 20
5.40105
 30
0.0
 10
-5.94393
 20
5.40105
 30
0.0
 10
-5.94922
 20
5.39928
 30
0.0
 10
-5.94922
 20
5.39928
 30
0.0
 10
-5.94922
 20
5.39928
 30
0.0
 10
-5.94922
 20
5.39928
 30
0.0
 10
-5.95452
 20
5.39752
 30
0.0
 10
-5.95452
 20
5.39752
 30
0.0
 10
-5.95452
 20
5.39752
 30
0.0
 10
-5.95452
 20
5.39752
 30
0.0
 10
-5.95805
 20
5.39575
 30
0.0
 10
-5.95805
 20
5.39575
 30
0.0
 10
-5.95805
 20
5.39575
 30
0.0
 10
-5.95805
 20
5.39575
 30
0.0
 10
-5.96335
 20
5.39222
 30
0.0
 10
-5.96335
 20
5.39222
 30
0.0
 10
-5.96335
 20
5.39222
 30
0.0
 10
-5.96335
 20
5.39222
 30
0.0
 10
-5.96511
 20
5.38693
 30
0.0
 10
-5.96511
 20
5.38693
 30
0.0
 10
-5.96511
 20
5.38693
 30
0.0
 10
-5.96511
 20
5.38693
 30
0.0
 10
-5.96864
 20
5.38163
 30
0.0
 10
-5.96864
 20
5.38163
 30
0.0
 10
-5.96864
 20
5.38163
 30
0.0
 10
-5.96864
 20
5.38163
 30
0.0
 10
-5.97041
 20
5.37633
 30
0.0
 10
-5.97041
 20
5.37633
 30
0.0
 10
-5.97041
 20
5.37633
 30
0.0
 10
-5.97041
 20
5.37633
 30
0.0
 10
-5.97041
 20
5.37104
 30
0.0
 10
-5.97041
 20
5.37104
 30
0.0
  0
SPLINE
  5
329
330
1F
100
AcDbEntity
  8
Layer 1
 62
   250
370
    25
100
AcDbSpline
210
0.0
220
0.0
230
1.0
 70
    24
 71
     3
 72
    12
 73
     8
 74
     0
 42
0.000000001
 43
0.0000000001
 40
0.0
 40
0.0
 40
0.0
 40
0.0
 40
0.3333333333333333
 40
0.3333333333333333
 40
0.3333333333333333
 40
0.3333333433333333
 40
1.0
 40
1.0
 40
1.0
 40
1.0
 10
-2.24049
 20
5.40105
 30
0.0
 10
-2.24049
 20
5.40105
 30
0.0
 10
-2.24049
 20
5.40105
 30
0.0
 10
-2.24049
 20
5.40105
 30
0.0
 10
-2.24049
 20
5.40105
 30
0.0
 10
-2.24049
 20
5.40105
 30
0.0
 10
-2.23872
 20
5.40105
 30
0.0
 10
-2.23872
 20
5.40105
 30
0.0
  0
SPLINE
  5
32A
330
1F
100
AcDbEntity
  8
Layer 1
 62
   250
370
    25
100
AcDbSpline
210
0.0
220
0.0
230
1.0
 70
     8
 71
     3
 72
    36
 73
    32
 74
     0
 42
0.000000001
 43
0.0000000001
 40
0.0
 40
0.0
 40
0.0
 40
0.0
 40
0.1111111111111111
 40
0.1111111111111111
 40
0.1111111111111111
 40
0.1111111211111111
 40
0.2222222222222222
 40
0.2222222222222222
 40
0.2222222222222222
 40
0.2222222322222222
 40
0.3333333333333333
 40
0.3333333333333333
 40
0.3333333333333333
 40
0.3333333433333333
 40
0.4444444444444444
 40
0.4444444444444444
 40
0.4444444444444444
 40
0.4444444544444444
 40
0.5555555555555556
 40
0.5555555555555556
 40
0.5555555555555556
 40
0.5555555655555556
 40
0.6666666666666666
 40
0.6666666666666666
 40
0.6666666666666666
 40
0.6666666766666667
 40
0.7777777777777778
 40
0.7777777777777778
 40
0.7777777777777778
 40
0.7777777877777778
 40
1.0
 40
1.0
 40
1.0
 40
1.0
 10
-2.23872
 20
5.40105
 30
0.0
 10
-2.23872
 20
5.40105
 30
0.0
 10
-2.23343
 20
5.39928
 30
0.0
 10
-2.23343
 20
5.39928
 30
0.0
 10
-2.23343
 20
5.39928
 30
0.0
 10
-2.23343
 20
5.39928
 30
0.0
 10
-2.22813
 20
5.39928
 30
0.0
 10
-2.22813
 20
5.39928
 30
0.0
 10
-2.22813
 20
5.39928
 30
0.0
 10
-2.22813
 20
5.39928
 30
0.0
 10
-2.22284
 20
5.39575
 30
0.0
 10
-2.22284
 20
5.39575
 30
0.0
 10
-2.22284
 20
5.39575
 30
0.0
 10
-2.22284
 20
5.39575
 30
0.0
 10
-2.21754
 20
5.39222
 30
0.0
 10
-2.21754
 20
5.39222
 30
0.0
 10
-2.21754
 20
5.39222
 30
0.0
 10
-2.21754
 20
5.39222
 30
0.0
 10
-2.21401
 20
5.38693
 30
0.0
 10
-2.21401
 20
5.38693
 30
0.0
 10
-2.21401
 20
5.38693
 30
0.0
 10
-2.21401
 20
5.38693
 30
0.0
 10
-2.21224
 20
5.38163
 30
0.0
 10
-2.21224
 20
5.38163
 30
0.0
 10
-2.21224
 20
5.38163
 30
0.0
 10
-2.21224
 20
5.38163
 30
0.0
 10
-2.21048
 20
5.37633
 30
0.0
 10
-2.21048
 20
5.37633
 30
0.0
 10
-2.21048
 20
5.37633
 30
0.0
 10
-2.21048
 20
5.37633
 30
0.0
 10
-2.20872
 20
5.37104
 30
0.0
 10
-2.20872
 20
5.37104
 30
0.0
  0
SPLINE
  5
32B
330
1F
100
AcDbEntity
  8
Layer 1
 62
   250
370
    25
100
AcDbSpline
210
0.0
220
0.0
230
1.0
 70
    24
 71
     3
 72
    12
 73
     8
 74
     0
 42
0.000000001
 43
0.0000000001
 40
0.0
 40
0.0
 40
0.0
 40
0.0
 40
0.3333333333333333
 40
0.3333333333333333
 40
0.3333333333333333
 40
0.3333333433333333
 40
1.0
 40
1.0
 40
1.0
 40
1.0
 10
-2.20872
 20
5.37104
 30
0.0
 10
-2.20872
 20
5.37104
 30
0.0
 10
-2.21048
 20
5.37104
 30
0.0
 10
-2.21048
 20
5.37104
 30
0.0
 10
-2.21048
 20
5.37104
 30
0.0
 10
-2.21048
 20
5.37104
 30
0.0
 10
-2.21401
 20
5.37104
 30
0.0
 10
-2.21401
 20
5.37104
 30
0.0
  0
SPLINE
  5
32C
330
1F
100
AcDbEntity
  8
Layer 1
 62
   250
370
    25
100
AcDbSpline
210
0.0
220
0.0
230
1.0
 70
    24
 71
     3
 72
    12
 73
     8
 74
     0
 42
0.000000001
 43
0.0000000001
 40
0.0
 40
0.0
 40
0.0
 40
0.0
 40
0.3333333333333333
 40
0.3333333333333333
 40
0.3333333333333333
 40
0.3333333433333333
 40
1.0
 40
1.0
 40
1.0
 40
1.0
 10
-2.23872
 20
3.07625
 30
0.0
 10
-2.23872
 20
3.07625
 30
0.0
 10
-2.23872
 20
3.07625
 30
0.0
 10
-2.23872
 20
3.07625
 30
0.0
 10
-2.23872
 20
3.07625
 30
0.0
 10
-2.23872
 20
3.07625
 30
0.0
 10
-2.24049
 20
3.07625
 30
0.0
 10
-2.24049
 20
3.07625
 30
0.0
  0
SPLINE
  5
32D
330
1F
100
AcDbEntity
  8
Layer 1
 62
   250
370
    25
100
AcDbSpline
210
0.0
220
0.0
230
1.0
 70
    24
 71
     3
 72
    12
 73
     8
 74
     0
 42
0.000000001
 43
0.0000000001
 40
0.0
 40
0.0
 40
0.0
 40
0.0
 40
0.3333333333333333
 40
0.3333333333333333
 40
0.3333333333333333
 40
0.3333333433333333
 40
1.0
 40
1.0
 40
1.0
 40
1.0
 10
-2.21401
 20
3.10626
 30
0.0
 10
-2.21401
 20
3.10626
 30
0.0
 10
-2.21048
 20
3.10626
 30
0.0
 10
-2.21048
 20
3.10626
 30
0.0
 10
-2.21048
 20
3.10626
 30
0.0
 10
-2.21048
 20
3.10626
 30
0.0
 10
-2.20872
 20
3.10626
 30
0.0
 10
-2.20872
 20
3.10626
 30
0.0
  0
SPLINE
  5
32E
330
1F
100
AcDbEntity
  8
Layer 1
 62
   250
370
    25
100
AcDbSpline
210
0.0
220
0.0
230
1.0
 70
     8
 71
     3
 72
    36
 73
    32
 74
     0
 42
0.000000001
 43
0.0000000001
 40
0.0
 40
0.0
 40
0.0
 40
0.0
 40
0.1111111111111111
 40
0.1111111111111111
 40
0.1111111111111111
 40
0.1111111211111111
 40
0.2222222222222222
 40
0.2222222222222222
 40
0.2222222222222222
 40
0.2222222322222222
 40
0.3333333333333333
 40
0.3333333333333333
 40
0.3333333333333333
 40
0.3333333433333333
 40
0.4444444444444444
 40
0.4444444444444444
 40
0.4444444444444444
 40
0.4444444544444444
 40
0.5555555555555556
 40
0.5555555555555556
 40
0.5555555555555556
 40
0.5555555655555556
 40
0.6666666666666666
 40
0.6666666666666666
 40
0.6666666666666666
 40
0.6666666766666667
 40
0.7777777777777778
 40
0.7777777777777778
 40
0.7777777777777778
 40
0.7777777877777778
 40
1.0
 40
1.0
 40
1.0
 40
1.0
 10
-2.23872
 20
3.07625
 30
0.0
 10
-2.23872
 20
3.07625
 30
0.0
 10
-2.23343
 20
3.07625
 30
0.0
 10
-2.23343
 20
3.07625
 30
0.0
 10
-2.23343
 20
3.07625
 30
0.0
 10
-2.23343
 20
3.07625
 30
0.0
 10
-2.22813
 20
3.07801
 30
0.0
 10
-2.22813
 20
3.07801
 30
0.0
 10
-2.22813
 20
3.07801
 30
0.0
 10
-2.22813
 20
3.07801
 30
0.0
 10
-2.22284
 20
3.08155
 30
0.0
 10
-2.22284
 20
3.08155
 30
0.0
 10
-2.22284
 20
3.08155
 30
0.0
 10
-2.22284
 20
3.08155
 30
0.0
 10
-2.21754
 20
3.08508
 30
0.0
 10
-2.21754
 20
3.08508
 30
0.0
 10
-2.21754
 20
3.08508
 30
0.0
 10
-2.21754
 20
3.08508
 30
0.0
 10
-2.21401
 20
3.08861
 30
0.0
 10
-2.21401
 20
3.08861
 30
0.0
 10
-2.21401
 20
3.08861
 30
0.0
 10
-2.21401
 20
3.08861
 30
0.0
 10
-2.21224
 20
3.0939
 30
0.0
 10
-2.21224
 20
3.0939
 30
0.0
 10
-2.21224
 20
3.0939
 30
0.0
 10
-2.21224
 20
3.0939
 30
0.0
 10
-2.21048
 20
3.0992
 30
0.0
 10
-2.21048
 20
3.0992
 30
0.0
 10
-2.21048
 20
3.0992
 30
0.0
 10
-2.21048
 20
3.0992
 30
0.0
 10
-2.20872
 20
3.10626
 30
0.0
 10
-2.20872
 20
3.10626
 30
0.0
  0
SPLINE
  5
32F
330
1F
100
AcDbEntity
  8
Layer 1
 62
   250
370
    25
100
AcDbSpline
210
0.0
220
0.0
230
1.0
 70
    24
 71
     3
 72
    12
 73
     8
 74
     0
 42
0.000000001
 43
0.0000000001
 40
0.0
 40
0.0
 40
0.0
 40
0.0
 40
0.3333333333333333
 40
0.3333333333333333
 40
0.3333333333333333
 40
0.3333333433333333
 40
1.0
 40
1.0
 40
1.0
 40
1.0
 10
-5.94393
 20
3.07625
 30
0.0
 10
-5.94393
 20
3.07625
 30
0.0
 10
-5.94393
 20
3.07625
 30
0.0
 10
-5.94393
 20
3.07625
 30
0.0
 10
-5.94393
 20
3.07625
 30
0.0
 10
-5.94393
 20
3.07625
 30
0.0
 10
-5.94569
 20
3.07625
 30
0.0
 10
-5.94569
 20
3.07625
 30
0.0
  0
SPLINE
  5
330
330
1F
100
AcDbEntity
  8
Layer 1
 62
   250
370
    25
100
AcDbSpline
210
0.0
220
0.0
230
1.0
 70
     8
 71
     3
 72
    36
 73
    32
 74
     0
 42
0.000000001
 43
0.0000000001
 40
0.0
 40
0.0
 40
0.0
 40
0.0
 40
0.1111111111111111
 40
0.1111111111111111
 40
0.1111111111111111
 40
0.1111111211111111
 40
0.2222222222222222
 40
0.2222222222222222
 40
0.2222222222222222
 40
0.2222222322222222
 40
0.3333333333333333
 40
0.3333333333333333
 40
0.3333333333333333
 40
0.3333333433333333
 40
0.4444444444444444
 40
0.4444444444444444
 40
0.4444444444444444
 40
0.4444444544444444
 40
0.5555555555555556
 40
0.5555555555555556
 40
0.5555555555555556
 40
0.5555555655555556
 40
0.6666666666666666
 40
0.6666666666666666
 40
0.6666666666666666
 40
0.6666666766666667
 40
0.7777777777777778
 40
0.7777777777777778
 40
0.7777777777777778
 40
0.7777777877777778
 40
1.0
 40
1.0
 40
1.0
 40
1.0
 10
-5.94569
 20
3.07625
 30
0.0
 10
-5.94569
 20
3.07625
 30
0.0
 10
-5.95099
 20
3.07625
 30
0.0
 10
-5.95099
 20
3.07625
 30
0.0
 10
-5.95099
 20
3.07625
 30
0.0
 10
-5.95099
 20
3.07625
 30
0.0
 10
-5.95628
 20
3.07801
 30
0.0
 10
-5.95628
 20
3.07801
 30
0.0
 10
-5.95628
 20
3.07801
 30
0.0
 10
-5.95628
 20
3.07801
 30
0.0
 10
-5.96158
 20
3.08155
 30
0.0
 10
-5.96158
 20
3.08155
 30
0.0
 10
-5.96158
 20
3.08155
 30
0.0
 10
-5.96158
 20
3.08155
 30
0.0
 10
-5.96688
 20
3.08508
 30
0.0
 10
-5.96688
 20
3.08508
 30
0.0
 10
-5.96688
 20
3.08508
 30
0.0
 10
-5.96688
 20
3.08508
 30
0.0
 10
-5.97041
 20
3.08861
 30
0.0
 10
-5.97041
 20
3.08861
 30
0.0
 10
-5.97041
 20
3.08861
 30
0.0
 10
-5.97041
 20
3.08861
 30
0.0
 10
-5.97217
 20
3.0939
 30
0.0
 10
-5.97217
 20
3.0939
 30
0.0
 10
-5.97217
 20
3.0939
 30
0.0
 10
-5.97217
 20
3.0939
 30
0.0
 10
-5.97394
 20
3.0992
 30
0.0
 10
-5.97394
 20
3.0992
 30
0.0
 10
-5.97394
 20
3.0992
 30
0.0
 10
-5.97394
 20
3.0992
 30
0.0
 10
-5.9757
 20
3.10626
 30
0.0
 10
-5.9757
 20
3.10626
 30
0.0
  0
SPLINE
  5
331
330
1F
100
AcDbEntity
  8
Layer 1
 62
   250
370
    25
100
AcDbSpline
210
0.0
220
0.0
230
1.0
 70
    24
 71
     3
 72
    16
 73
    12
 74
     0
 42
0.000000001
 43
0.0000000001
 40
0.0
 40
0.0
 40
0.0
 40
0.0
 40
0.25
 40
0.25
 40
0.25
 40
0.25000001
 40
0.5
 40
0.5
 40
0.5
 40
0.50000001
 40
1.0
 40
1.0
 40
1.0
 40
1.0
 10
-5.9757
 20
3.10626
 30
0.0
 10
-5.9757
 20
3.10626
 30
0.0
 10
-5.97394
 20
3.10626
 30
0.0
 10
-5.97394
 20
3.10626
 30
0.0
 10
-5.97394
 20
3.10626
 30
0.0
 10
-5.97394
 20
3.10626
 30
0.0
 10
-5.97217
 20
3.10626
 30
0.0
 10
-5.97217
 20
3.10626
 30
0.0
 10
-5.97217
 20
3.10626
 30
0.0
 10
-5.97217
 20
3.10626
 30
0.0
 10
-5.97041
 20
3.10626
 30
0.0
 10
-5.97041
 20
3.10626
 30
0.0
  0
SPLINE
  5
332
330
1F
100
AcDbEntity
  8
Layer 1
 62
   250
370
    25
100
AcDbSpline
210
0.0
220
0.0
230
1.0
 70
    24
 71
     3
 72
    12
 73
     8
 74
     0
 42
0.000000001
 43
0.0000000001
 40
0.0
 40
0.0
 40
0.0
 40
0.0
 40
0.3333333333333333
 40
0.3333333333333333
 40
0.3333333333333333
 40
0.3333333433333333
 40
1.0
 40
1.0
 40
1.0
 40
1.0
 10
-5.94569
 20
5.40105
 30
0.0
 10
-5.94569
 20
5.40105
 30
0.0
 10
-5.94569
 20
5.40105
 30
0.0
 10
-5.94569
 20
5.40105
 30
0.0
 10
-5.94569
 20
5.40105
 30
0.0
 10
-5.94569
 20
5.40105
 30
0.0
 10
-5.94393
 20
5.40105
 30
0.0
 10
-5.94393
 20
5.40105
 30
0.0
  0
SPLINE
  5
333
330
1F
100
AcDbEntity
  8
Layer 1
 62
   250
370
    25
100
AcDbSpline
210
0.0
220
0.0
230
1.0
 70
    24
 71
     3
 72
    16
 73
    12
 74
     0
 42
0.000000001
 43
0.0000000001
 40
0.0
 40
0.0
 40
0.0
 40
0.0
 40
0.25
 40
0.25
 40
0.25
 40
0.25000001
 40
0.5
 40
0.5
 40
0.5
 40
0.50000001
 40
1.0
 40
1.0
 40
1.0
 40
1.0
 10
-5.97041
 20
5.37104
 30
0.0
 10
-5.97041
 20
5.37104
 30
0.0
 10
-5.97217
 20
5.37104
 30
0.0
 10
-5.97217
 20
5.37104
 30
0.0
 10
-5.97217
 20
5.37104
 30
0.0
 10
-5.97217
 20
5.37104
 30
0.0
 10
-5.97394
 20
5.37104
 30
0.0
 10
-5.97394
 20
5.37104
 30
0.0
 10
-5.97394
 20
5.37104
 30
0.0
 10
-5.97394
 20
5.37104
 30
0.0
 10
-5.9757
 20
5.37104
 30
0.0
 10
-5.9757
 20
5.37104
 30
0.0
  0
SPLINE
  5
334
330
1F
100
AcDbEntity
  8
Layer 1
 62
   250
370
    25
100
AcDbSpline
210
0.0
220
0.0
230
1.0
 70
     8
 71
     3
 72
    36
 73
    32
 74
     0
 42
0.000000001
 43
0.0000000001
 40
0.0
 40
0.0
 40
0.0
 40
0.0
 40
0.1111111111111111
 40
0.1111111111111111
 40
0.1111111111111111
 40
0.1111111211111111
 40
0.2222222222222222
 40
0.2222222222222222
 40
0.2222222222222222
 40
0.2222222322222222
 40
0.3333333333333333
 40
0.3333333333333333
 40
0.3333333333333333
 40
0.3333333433333333
 40
0.4444444444444444
 40
0.4444444444444444
 40
0.4444444444444444
 40
0.4444444544444444
 40
0.5555555555555556
 40
0.5555555555555556
 40
0.5555555555555556
 40
0.5555555655555556
 40
0.6666666666666666
 40
0.6666666666666666
 40
0.6666666666666666
 40
0.6666666766666667
 40
0.7777777777777778
 40
0.7777777777777778
 40
0.7777777777777778
 40
0.7777777877777778
 40
1.0
 40
1.0
 40
1.0
 40
1.0
 10
-5.94569
 20
5.40105
 30
0.0
 10
-5.94569
 20
5.40105
 30
0.0
 10
-5.95099
 20
5.39928
 30
0.0
 10
-5.95099
 20
5.39928
 30
0.0
 10
-5.95099
 20
5.39928
 30
0.0
 10
-5.95099
 20
5.39928
 30
0.0
 10
-5.95628
 20
5.39928
 30
0.0
 10
-5.95628
 20
5.39928
 30
0.0
 10
-5.95628
 20
5.39928
 30
0.0
 10
-5.95628
 20
5.39928
 30
0.0
 10
-5.96158
 20
5.39575
 30
0.0
 10
-5.96158
 20
5.39575
 30
0.0
 10
-5.96158
 20
5.39575
 30
0.0
 10
-5.96158
 20
5.39575
 30
0.0
 10
-5.96688
 20
5.39222
 30
0.0
 10
-5.96688
 20
5.39222
 30
0.0
 10
-5.96688
 20
5.39222
 30
0.0
 10
-5.96688
 20
5.39222
 30
0.0
 10
-5.97041
 20
5.38693
 30
0.0
 10
-5.97041
 20
5.38693
 30
0.0
 10
-5.97041
 20
5.38693
 30
0.0
 10
-5.97041
 20
5.38693
 30
0.0
 10
-5.97217
 20
5.38163
 30
0.0
 10
-5.97217
 20
5.38163
 30
0.0
 10
-5.97217
 20
5.38163
 30
0.0
 10
-5.97217
 20
5.38163
 30
0.0
 10
-5.97394
 20
5.37633
 30
0.0
 10
-5.97394
 20
5.37633
 30
0.0
 10
-5.97394
 20
5.37633
 30
0.0
 10
-5.97394
 20
5.37633
 30
0.0
 10
-5.9757
 20
5.37104
 30
0.0
 10
-5.9757
 20
5.37104
 30
0.0
  0
SPLINE
  5
335
330
1F
100
AcDbEntity
  8
Layer 1
 62
   250
370
    25
100
AcDbSpline
210
0.0
220
0.0
230
1.0
 70
    24
 71
     3
 72
     8
 73
     4
 74
     0
 42
0.000000001
 43
0.0000000001
 40
0.0
 40
0.0
 40
0.0
 40
0.0
 40
1.0
 40
1.0
 40
1.0
 40
1.0
 10
-2.20872
 20
5.37104
 30
0.0
 10
-2.20872
 20
5.37104
 30
0.0
 10
-2.20872
 20
3.10626
 30
0.0
 10
-2.20872
 20
3.10626
 30
0.0
  0
SPLINE
  5
336
330
1F
100
AcDbEntity
  8
Layer 1
 62
   250
370
    25
100
AcDbSpline
210
0.0
220
0.0
230
1.0
 70
    24
 71
     3
 72
     8
 73
     4
 74
     0
 42
0.000000001
 43
0.0000000001
 40
0.0
 40
0.0
 40
0.0
 40
0.0
 40
1.0
 40
1.0
 40
1.0
 40
1.0
 10
-5.9757
 20
3.10626
 30
0.0
 10
-5.9757
 20
3.10626
 30
0.0
 10
-5.9757
 20
5.37104
 30
0.0
 10
-5.9757
 20
5.37104
 30
0.0
  0
SPLINE
  5
337
330
1F
100
AcDbEntity
  8
Layer 1
 62
   250
370
    25
100
AcDbSpline
210
0.0
220
0.0
230
1.0
 70
    24
 71
     3
 72
    32
 73
    28
 74
     0
 42
0.000000001
 43
0.0000000001
 40
0.0
 40
0.0
 40
0.0
 40
0.0
 40
0.125
 40
0.125
 40
0.125
 40
0.12500001
 40
0.25
 40
0.25
 40
0.25
 40
0.25000001
 40
0.375
 40
0.375
 40
0.375
 40
0.37500001
 40
0.5
 40
0.5
 40
0.5
 40
0.50000001
 40
0.625
 40
0.625
 40
0.625
 40
0.62500001
 40
0.75
 40
0.75
 40
0.75
 40
0.75000001
 40
1.0
 40
1.0
 40
1.0
 40
1.0
 10
-2.38877
 20
3.07449
 30
0.0
 10
-2.38877
 20
3.07449
 30
0.0
 10
-2.38171
 20
3.07449
 30
0.0
 10
-2.38171
 20
3.07449
 30
0.0
 10
-2.38171
 20
3.07449
 30
0.0
 10
-2.38171
 20
3.07449
 30
0.0
 10
-2.37641
 20
3.07449
 30
0.0
 10
-2.37641
 20
3.07449
 30
0.0
 10
-2.37641
 20
3.07449
 30
0.0
 10
-2.37641
 20
3.07449
 30
0.0
 10
-2.37111
 20
3.07449
 30
0.0
 10
-2.37111
 20
3.07449
 30
0.0
 10
-2.37111
 20
3.07449
 30
0.0
 10
-2.37111
 20
3.07449
 30
0.0
 10
-2.36759
 20
3.07449
 30
0.0
 10
-2.36759
 20
3.07449
 30
0.0
 10
-2.36759
 20
3.07449
 30
0.0
 10
-2.36759
 20
3.07449
 30
0.0
 10
-2.36405
 20
3.07449
 30
0.0
 10
-2.36405
 20
3.07449
 30
0.0
 10
-2.36405
 20
3.07449
 30
0.0
 10
-2.36405
 20
3.07449
 30
0.0
 10
-2.36053
 20
3.07449
 30
0.0
 10
-2.36053
 20
3.07449
 30
0.0
 10
-2.36053
 20
3.07449
 30
0.0
 10
-2.36053
 20
3.07449
 30
0.0
 10
-2.35876
 20
3.07449
 30
0.0
 10
-2.35876
 20
3.07449
 30
0.0
  0
SPLINE
  5
338
330
1F
100
AcDbEntity
  8
Layer 1
 62
   250
370
    25
100
AcDbSpline
210
0.0
220
0.0
230
1.0
 70
    24
 71
     3
 72
     8
 73
     4
 74
     0
 42
0.000000001
 43
0.0000000001
 40
0.0
 40
0.0
 40
0.0
 40
0.0
 40
1.0
 40
1.0
 40
1.0
 40
1.0
 10
-2.45938
 20
3.07449
 30
0.0
 10
-2.45938
 20
3.07449
 30
0.0
 10
-2.38877
 20
3.07449
 30
0.0
 10
-2.38877
 20
3.07449
 30
0.0
  0
SPLINE
  5
339
330
1F
100
AcDbEntity
  8
Layer 1
 62
   250
370
    25
100
AcDbSpline
210
0.0
220
0.0
230
1.0
 70
    24
 71
     3
 72
     8
 73
     4
 74
     0
 42
0.000000001
 43
0.0000000001
 40
0.0
 40
0.0
 40
0.0
 40
0.0
 40
1.0
 40
1.0
 40
1.0
 40
1.0
 10
-2.46467
 20
3.06919
 30
0.0
 10
-2.46467
 20
3.06919
 30
0.0
 10
-2.45938
 20
3.07449
 30
0.0
 10
-2.45938
 20
3.07449
 30
0.0
  0
SPLINE
  5
33A
330
1F
100
AcDbEntity
  8
Layer 1
 62
   250
370
    25
100
AcDbSpline
210
0.0
220
0.0
230
1.0
 70
    24
 71
     3
 72
     8
 73
     4
 74
     0
 42
0.000000001
 43
0.0000000001
 40
0.0
 40
0.0
 40
0.0
 40
0.0
 40
1.0
 40
1.0
 40
1.0
 40
1.0
 10
-2.46467
 20
3.06919
 30
0.0
 10
-2.46467
 20
3.06919
 30
0.0
 10
-5.71975
 20
3.06919
 30
0.0
 10
-5.71975
 20
3.06919
 30
0.0
  0
SPLINE
  5
33B
330
1F
100
AcDbEntity
  8
Layer 1
 62
   250
370
    25
100
AcDbSpline
210
0.0
220
0.0
230
1.0
 70
    24
 71
     3
 72
     8
 73
     4
 74
     0
 42
0.000000001
 43
0.0000000001
 40
0.0
 40
0.0
 40
0.0
 40
0.0
 40
1.0
 40
1.0
 40
1.0
 40
1.0
 10
-5.72327
 20
3.07449
 30
0.0
 10
-5.72327
 20
3.07449
 30
0.0
 10
-5.71975
 20
3.06919
 30
0.0
 10
-5.71975
 20
3.06919
 30
0.0
  0
SPLINE
  5
33C
330
1F
100
AcDbEntity
  8
Layer 1
 62
   250
370
    25
100
AcDbSpline
210
0.0
220
0.0
230
1.0
 70
    24
 71
     3
 72
     8
 73
     4
 74
     0
 42
0.000000001
 43
0.0000000001
 40
0.0
 40
0.0
 40
0.0
 40
0.0
 40
1.0
 40
1.0
 40
1.0
 40
1.0
 10
-5.79565
 20
3.07449
 30
0.0
 10
-5.79565
 20
3.07449
 30
0.0
 10
-5.72327
 20
3.07449
 30
0.0
 10
-5.72327
 20
3.07449
 30
0.0
  0
SPLINE
  5
33D
330
1F
100
AcDbEntity
  8
Layer 1
 62
   250
370
    25
100
AcDbSpline
210
0.0
220
0.0
230
1.0
 70
    24
 71
     3
 72
    36
 73
    32
 74
     0
 42
0.000000001
 43
0.0000000001
 40
0.0
 40
0.0
 40
0.0
 40
0.0
 40
0.1111111111111111
 40
0.1111111111111111
 40
0.1111111111111111
 40
0.1111111211111111
 40
0.2222222222222222
 40
0.2222222222222222
 40
0.2222222222222222
 40
0.2222222322222222
 40
0.3333333333333333
 40
0.3333333333333333
 40
0.3333333333333333
 40
0.3333333433333333
 40
0.4444444444444444
 40
0.4444444444444444
 40
0.4444444444444444
 40
0.4444444544444444
 40
0.5555555555555556
 40
0.5555555555555556
 40
0.5555555555555556
 40
0.5555555655555556
 40
0.6666666666666666
 40
0.6666666666666666
 40
0.6666666666666666
 40
0.6666666766666667
 40
0.7777777777777778
 40
0.7777777777777778
 40
0.7777777777777778
 40
0.7777777877777778
 40
1.0
 40
1.0
 40
1.0
 40
1.0
 10
-5.82566
 20
3.07449
 30
0.0
 10
-5.82566
 20
3.07449
 30
0.0
 10
-5.82566
 20
3.07449
 30
0.0
 10
-5.82566
 20
3.07449
 30
0.0
 10
-5.82566
 20
3.07449
 30
0.0
 10
-5.82566
 20
3.07449
 30
0.0
 10
-5.82389
 20
3.07449
 30
0.0
 10
-5.82389
 20
3.07449
 30
0.0
 10
-5.82389
 20
3.07449
 30
0.0
 10
-5.82389
 20
3.07449
 30
0.0
 10
-5.82036
 20
3.07449
 30
0.0
 10
-5.82036
 20
3.07449
 30
0.0
 10
-5.82036
 20
3.07449
 30
0.0
 10
-5.82036
 20
3.07449
 30
0.0
 10
-5.81683
 20
3.07449
 30
0.0
 10
-5.81683
 20
3.07449
 30
0.0
 10
-5.81683
 20
3.07449
 30
0.0
 10
-5.81683
 20
3.07449
 30
0.0
 10
-5.8133
 20
3.07449
 30
0.0
 10
-5.8133
 20
3.07449
 30
0.0
 10
-5.8133
 20
3.07449
 30
0.0
 10
-5.8133
 20
3.07449
 30
0.0
 10
-5.80801
 20
3.07449
 30
0.0
 10
-5.80801
 20
3.07449
 30
0.0
 10
-5.80801
 20
3.07449
 30
0.0
 10
-5.80801
 20
3.07449
 30
0.0
 10
-5.80271
 20
3.07449
 30
0.0
 10
-5.80271
 20
3.07449
 30
0.0
 10
-5.80271
 20
3.07449
 30
0.0
 10
-5.80271
 20
3.07449
 30
0.0
 10
-5.79565
 20
3.07449
 30
0.0
 10
-5.79565
 20
3.07449
 30
0.0
  0
SPLINE
  5
33E
330
1F
100
AcDbEntity
  8
Layer 1
 62
   250
370
    25
100
AcDbSpline
210
0.0
220
0.0
230
1.0
 70
    24
 71
     3
 72
     8
 73
     4
 74
     0
 42
0.000000001
 43
0.0000000001
 40
0.0
 40
0.0
 40
0.0
 40
0.0
 40
1.0
 40
1.0
 40
1.0
 40
1.0
 10
-5.83272
 20
3.06743
 30
0.0
 10
-5.83272
 20
3.06743
 30
0.0
 10
-5.95275
 20
3.06743
 30
0.0
 10
-5.95275
 20
3.06743
 30
0.0
  0
SPLINE
  5
33F
330
1F
100
AcDbEntity
  8
Layer 1
 62
   250
370
    25
100
AcDbSpline
210
0.0
220
0.0
230
1.0
 70
    24
 71
     3
 72
     8
 73
     4
 74
     0
 42
0.000000001
 43
0.0000000001
 40
0.0
 40
0.0
 40
0.0
 40
0.0
 40
1.0
 40
1.0
 40
1.0
 40
1.0
 10
-5.94569
 20
3.07625
 30
0.0
 10
-5.94569
 20
3.07625
 30
0.0
 10
-5.95275
 20
3.06743
 30
0.0
 10
-5.95275
 20
3.06743
 30
0.0
  0
SPLINE
  5
340
330
1F
100
AcDbEntity
  8
Layer 1
 62
   250
370
    25
100
AcDbSpline
210
0.0
220
0.0
230
1.0
 70
    24
 71
     3
 72
     8
 73
     4
 74
     0
 42
0.000000001
 43
0.0000000001
 40
0.0
 40
0.0
 40
0.0
 40
0.0
 40
1.0
 40
1.0
 40
1.0
 40
1.0
 10
-2.2299
 20
3.06743
 30
0.0
 10
-2.2299
 20
3.06743
 30
0.0
 10
-2.23872
 20
3.07625
 30
0.0
 10
-2.23872
 20
3.07625
 30
0.0
  0
SPLINE
  5
341
330
1F
100
AcDbEntity
  8
Layer 1
 62
   250
370
    25
100
AcDbSpline
210
0.0
220
0.0
230
1.0
 70
    24
 71
     3
 72
     8
 73
     4
 74
     0
 42
0.000000001
 43
0.0000000001
 40
0.0
 40
0.0
 40
0.0
 40
0.0
 40
1.0
 40
1.0
 40
1.0
 40
1.0
 10
-2.2299
 20
3.06743
 30
0.0
 10
-2.2299
 20
3.06743
 30
0.0
 10
-2.3517
 20
3.06743
 30
0.0
 10
-2.3517
 20
3.06743
 30
0.0
  0
SPLINE
  5
342
330
1F
100
AcDbEntity
  8
Layer 1
 62
   250
370
    25
100
AcDbSpline
210
0.0
220
0.0
230
1.0
 70
    24
 71
     3
 72
     8
 73
     4
 74
     0
 42
0.000000001
 43
0.0000000001
 40
0.0
 40
0.0
 40
0.0
 40
0.0
 40
1.0
 40
1.0
 40
1.0
 40
1.0
 10
-5.82566
 20
3.07449
 30
0.0
 10
-5.82566
 20
3.07449
 30
0.0
 10
-5.83272
 20
3.06743
 30
0.0
 10
-5.83272
 20
3.06743
 30
0.0
  0
SPLINE
  5
343
330
1F
100
AcDbEntity
  8
Layer 1
 62
   250
370
    25
100
AcDbSpline
210
0.0
220
0.0
230
1.0
 70
    24
 71
     3
 72
     8
 73
     4
 74
     0
 42
0.000000001
 43
0.0000000001
 40
0.0
 40
0.0
 40
0.0
 40
0.0
 40
1.0
 40
1.0
 40
1.0
 40
1.0
 10
-2.3517
 20
3.06743
 30
0.0
 10
-2.3517
 20
3.06743
 30
0.0
 10
-2.35876
 20
3.07449
 30
0.0
 10
-2.35876
 20
3.07449
 30
0.0
  0
SPLINE
  5
344
330
1F
100
AcDbEntity
  8
Layer 1
 62
   250
370
    25
100
AcDbSpline
210
0.0
220
0.0
230
1.0
 70
    24
 71
     3
 72
     8
 73
     4
 74
     0
 42
0.000000001
 43
0.0000000001
 40
0.0
 40
0.0
 40
0.0
 40
0.0
 40
1.0
 40
1.0
 40
1.0
 40
1.0
 10
-5.95275
 20
5.40987
 30
0.0
 10
-5.95275
 20
5.40987
 30
0.0
 10
-5.94569
 20
5.40105
 30
0.0
 10
-5.94569
 20
5.40105
 30
0.0
  0
SPLINE
  5
345
330
1F
100
AcDbEntity
  8
Layer 1
 62
   250
370
    25
100
AcDbSpline
210
0.0
220
0.0
230
1.0
 70
    24
 71
     3
 72
     8
 73
     4
 74
     0
 42
0.000000001
 43
0.0000000001
 40
0.0
 40
0.0
 40
0.0
 40
0.0
 40
1.0
 40
1.0
 40
1.0
 40
1.0
 10
-5.83272
 20
5.40987
 30
0.0
 10
-5.83272
 20
5.40987
 30
0.0
 10
-5.95275
 20
5.40987
 30
0.0
 10
-5.95275
 20
5.40987
 30
0.0
  0
SPLINE
  5
346
330
1F
100
AcDbEntity
  8
Layer 1
 62
   250
370
    25
100
AcDbSpline
210
0.0
220
0.0
230
1.0
 70
    24
 71
     3
 72
    32
 73
    28
 74
     0
 42
0.000000001
 43
0.0000000001
 40
0.0
 40
0.0
 40
0.0
 40
0.0
 40
0.125
 40
0.125
 40
0.125
 40
0.12500001
 40
0.25
 40
0.25
 40
0.25
 40
0.25000001
 40
0.375
 40
0.375
 40
0.375
 40
0.37500001
 40
0.5
 40
0.5
 40
0.5
 40
0.50000001
 40
0.625
 40
0.625
 40
0.625
 40
0.62500001
 40
0.75
 40
0.75
 40
0.75
 40
0.75000001
 40
1.0
 40
1.0
 40
1.0
 40
1.0
 10
-5.79565
 20
5.40105
 30
0.0
 10
-5.79565
 20
5.40105
 30
0.0
 10
-5.80271
 20
5.40105
 30
0.0
 10
-5.80271
 20
5.40105
 30
0.0
 10
-5.80271
 20
5.40105
 30
0.0
 10
-5.80271
 20
5.40105
 30
0.0
 10
-5.80801
 20
5.40105
 30
0.0
 10
-5.80801
 20
5.40105
 30
0.0
 10
-5.80801
 20
5.40105
 30
0.0
 10
-5.80801
 20
5.40105
 30
0.0
 10
-5.8133
 20
5.40105
 30
0.0
 10
-5.8133
 20
5.40105
 30
0.0
 10
-5.8133
 20
5.40105
 30
0.0
 10
-5.8133
 20
5.40105
 30
0.0
 10
-5.81683
 20
5.40105
 30
0.0
 10
-5.81683
 20
5.40105
 30
0.0
 10
-5.81683
 20
5.40105
 30
0.0
 10
-5.81683
 20
5.40105
 30
0.0
 10
-5.82036
 20
5.40105
 30
0.0
 10
-5.82036
 20
5.40105
 30
0.0
 10
-5.82036
 20
5.40105
 30
0.0
 10
-5.82036
 20
5.40105
 30
0.0
 10
-5.82389
 20
5.40105
 30
0.0
 10
-5.82389
 20
5.40105
 30
0.0
 10
-5.82389
 20
5.40105
 30
0.0
 10
-5.82389
 20
5.40105
 30
0.0
 10
-5.82566
 20
5.40105
 30
0.0
 10
-5.82566
 20
5.40105
 30
0.0
  0
SPLINE
  5
347
330
1F
100
AcDbEntity
  8
Layer 1
 62
   250
370
    25
100
AcDbSpline
210
0.0
220
0.0
230
1.0
 70
    24
 71
     3
 72
     8
 73
     4
 74
     0
 42
0.000000001
 43
0.0000000001
 40
0.0
 40
0.0
 40
0.0
 40
0.0
 40
1.0
 40
1.0
 40
1.0
 40
1.0
 10
-5.79565
 20
5.40105
 30
0.0
 10
-5.79565
 20
5.40105
 30
0.0
 10
-5.72327
 20
5.40105
 30
0.0
 10
-5.72327
 20
5.40105
 30
0.0
  0
SPLINE
  5
348
330
1F
100
AcDbEntity
  8
Layer 1
 62
   250
370
    25
100
AcDbSpline
210
0.0
220
0.0
230
1.0
 70
    24
 71
     3
 72
     8
 73
     4
 74
     0
 42
0.000000001
 43
0.0000000001
 40
0.0
 40
0.0
 40
0.0
 40
0.0
 40
1.0
 40
1.0
 40
1.0
 40
1.0
 10
-5.72327
 20
5.40105
 30
0.0
 10
-5.72327
 20
5.40105
 30
0.0
 10
-5.71975
 20
5.40634
 30
0.0
 10
-5.71975
 20
5.40634
 30
0.0
  0
SPLINE
  5
349
330
1F
100
AcDbEntity
  8
Layer 1
 62
   250
370
    25
100
AcDbSpline
210
0.0
220
0.0
230
1.0
 70
    24
 71
     3
 72
     8
 73
     4
 74
     0
 42
0.000000001
 43
0.0000000001
 40
0.0
 40
0.0
 40
0.0
 40
0.0
 40
1.0
 40
1.0
 40
1.0
 40
1.0
 10
-5.71975
 20
5.40634
 30
0.0
 10
-5.71975
 20
5.40634
 30
0.0
 10
-2.46467
 20
5.40634
 30
0.0
 10
-2.46467
 20
5.40634
 30
0.0
  0
SPLINE
  5
34A
330
1F
100
AcDbEntity
  8
Layer 1
 62
   250
370
    25
100
AcDbSpline
210
0.0
220
0.0
230
1.0
 70
    24
 71
     3
 72
     8
 73
     4
 74
     0
 42
0.000000001
 43
0.0000000001
 40
0.0
 40
0.0
 40
0.0
 40
0.0
 40
1.0
 40
1.0
 40
1.0
 40
1.0
 10
-2.46467
 20
5.40634
 30
0.0
 10
-2.46467
 20
5.40634
 30
0.0
 10
-2.45938
 20
5.40105
 30
0.0
 10
-2.45938
 20
5.40105
 30
0.0
  0
SPLINE
  5
34B
330
1F
100
AcDbEntity
  8
Layer 1
 62
   250
370
    25
100
AcDbSpline
210
0.0
220
0.0
230
1.0
 70
    24
 71
     3
 72
     8
 73
     4
 74
     0
 42
0.000000001
 43
0.0000000001
 40
0.0
 40
0.0
 40
0.0
 40
0.0
 40
1.0
 40
1.0
 40
1.0
 40
1.0
 10
-2.45938
 20
5.40105
 30
0.0
 10
-2.45938
 20
5.40105
 30
0.0
 10
-2.38877
 20
5.40105
 30
0.0
 10
-2.38877
 20
5.40105
 30
0.0
  0
SPLINE
  5
34C
330
1F
100
AcDbEntity
  8
Layer 1
 62
   250
370
    25
100
AcDbSpline
210
0.0
220
0.0
230
1.0
 70
    24
 71
     3
 72
    36
 73
    32
 74
     0
 42
0.000000001
 43
0.0000000001
 40
0.0
 40
0.0
 40
0.0
 40
0.0
 40
0.1111111111111111
 40
0.1111111111111111
 40
0.1111111111111111
 40
0.1111111211111111
 40
0.2222222222222222
 40
0.2222222222222222
 40
0.2222222222222222
 40
0.2222222322222222
 40
0.3333333333333333
 40
0.3333333333333333
 40
0.3333333333333333
 40
0.3333333433333333
 40
0.4444444444444444
 40
0.4444444444444444
 40
0.4444444444444444
 40
0.4444444544444444
 40
0.5555555555555556
 40
0.5555555555555556
 40
0.5555555555555556
 40
0.5555555655555556
 40
0.6666666666666666
 40
0.6666666666666666
 40
0.6666666666666666
 40
0.6666666766666667
 40
0.7777777777777778
 40
0.7777777777777778
 40
0.7777777777777778
 40
0.7777777877777778
 40
1.0
 40
1.0
 40
1.0
 40
1.0
 10
-2.35876
 20
5.40105
 30
0.0
 10
-2.35876
 20
5.40105
 30
0.0
 10
-2.35876
 20
5.40105
 30
0.0
 10
-2.35876
 20
5.40105
 30
0.0
 10
-2.35876
 20
5.40105
 30
0.0
 10
-2.35876
 20
5.40105
 30
0.0
 10
-2.36053
 20
5.40105
 30
0.0
 10
-2.36053
 20
5.40105
 30
0.0
 10
-2.36053
 20
5.40105
 30
0.0
 10
-2.36053
 20
5.40105
 30
0.0
 10
-2.36405
 20
5.40105
 30
0.0
 10
-2.36405
 20
5.40105
 30
0.0
 10
-2.36405
 20
5.40105
 30
0.0
 10
-2.36405
 20
5.40105
 30
0.0
 10
-2.36759
 20
5.40105
 30
0.0
 10
-2.36759
 20
5.40105
 30
0.0
 10
-2.36759
 20
5.40105
 30
0.0
 10
-2.36759
 20
5.40105
 30
0.0
 10
-2.37111
 20
5.40105
 30
0.0
 10
-2.37111
 20
5.40105
 30
0.0
 10
-2.37111
 20
5.40105
 30
0.0
 10
-2.37111
 20
5.40105
 30
0.0
 10
-2.37641
 20
5.40105
 30
0.0
 10
-2.37641
 20
5.40105
 30
0.0
 10
-2.37641
 20
5.40105
 30
0.0
 10
-2.37641
 20
5.40105
 30
0.0
 10
-2.38171
 20
5.40105
 30
0.0
 10
-2.38171
 20
5.40105
 30
0.0
 10
-2.38171
 20
5.40105
 30
0.0
 10
-2.38171
 20
5.40105
 30
0.0
 10
-2.38877
 20
5.40105
 30
0.0
 10
-2.38877
 20
5.40105
 30
0.0
  0
SPLINE
  5
34D
330
1F
100
AcDbEntity
  8
Layer 1
 62
   250
370
    25
100
AcDbSpline
210
0.0
220
0.0
230
1.0
 70
    24
 71
     3
 72
     8
 73
     4
 74
     0
 42
0.000000001
 43
0.0000000001
 40
0.0
 40
0.0
 40
0.0
 40
0.0
 40
1.0
 40
1.0
 40
1.0
 40
1.0
 10
-2.2299
 20
5.40987
 30
0.0
 10
-2.2299
 20
5.40987
 30
0.0
 10
-2.3517
 20
5.40987
 30
0.0
 10
-2.3517
 20
5.40987
 30
0.0
  0
SPLINE
  5
34E
330
1F
100
AcDbEntity
  8
Layer 1
 62
   250
370
    25
100
AcDbSpline
210
0.0
220
0.0
230
1.0
 70
    24
 71
     3
 72
     8
 73
     4
 74
     0
 42
0.000000001
 43
0.0000000001
 40
0.0
 40
0.0
 40
0.0
 40
0.0
 40
1.0
 40
1.0
 40
1.0
 40
1.0
 10
-2.23872
 20
5.40105
 30
0.0
 10
-2.23872
 20
5.40105
 30
0.0
 10
-2.2299
 20
5.40987
 30
0.0
 10
-2.2299
 20
5.40987
 30
0.0
  0
SPLINE
  5
34F
330
1F
100
AcDbEntity
  8
Layer 1
 62
   250
370
    25
100
AcDbSpline
210
0.0
220
0.0
230
1.0
 70
    24
 71
     3
 72
     8
 73
     4
 74
     0
 42
0.000000001
 43
0.0000000001
 40
0.0
 40
0.0
 40
0.0
 40
0.0
 40
1.0
 40
1.0
 40
1.0
 40
1.0
 10
-5.83272
 20
5.40987
 30
0.0
 10
-5.83272
 20
5.40987
 30
0.0
 10
-5.82566
 20
5.40105
 30
0.0
 10
-5.82566
 20
5.40105
 30
0.0
  0
SPLINE
  5
350
330
1F
100
AcDbEntity
  8
Layer 1
 62
   250
370
    25
100
AcDbSpline
210
0.0
220
0.0
230
1.0
 70
    24
 71
     3
 72
     8
 73
     4
 74
     0
 42
0.000000001
 43
0.0000000001
 40
0.0
 40
0.0
 40
0.0
 40
0.0
 40
1.0
 40
1.0
 40
1.0
 40
1.0
 10
-2.35876
 20
5.40105
 30
0.0
 10
-2.35876
 20
5.40105
 30
0.0
 10
-2.3517
 20
5.40987
 30
0.0
 10
-2.3517
 20
5.40987
 30
0.0
  0
SPLINE
  5
351
330
1F
100
AcDbEntity
  8
Layer 1
 62
   250
370
    25
100
AcDbSpline
210
0.0
220
0.0
230
1.0
 70
    24
 71
     3
 72
     8
 73
     4
 74
     0
 42
0.000000001
 43
0.0000000001
 40
0.0
 40
0.0
 40
0.0
 40
0.0
 40
1.0
 40
1.0
 40
1.0
 40
1.0
 10
-2.19989
 20
5.37987
 30
0.0
 10
-2.19989
 20
5.37987
 30
0.0
 10
-2.20872
 20
5.37104
 30
0.0
 10
-2.20872
 20
5.37104
 30
0.0
  0
SPLINE
  5
352
330
1F
100
AcDbEntity
  8
Layer 1
 62
   250
370
    25
100
AcDbSpline
210
0.0
220
0.0
230
1.0
 70
     8
 71
     3
 72
    36
 73
    32
 74
     0
 42
0.000000001
 43
0.0000000001
 40
0.0
 40
0.0
 40
0.0
 40
0.0
 40
0.1111111111111111
 40
0.1111111111111111
 40
0.1111111111111111
 40
0.1111111211111111
 40
0.2222222222222222
 40
0.2222222222222222
 40
0.2222222222222222
 40
0.2222222322222222
 40
0.3333333333333333
 40
0.3333333333333333
 40
0.3333333333333333
 40
0.3333333433333333
 40
0.4444444444444444
 40
0.4444444444444444
 40
0.4444444444444444
 40
0.4444444544444444
 40
0.5555555555555556
 40
0.5555555555555556
 40
0.5555555555555556
 40
0.5555555655555556
 40
0.6666666666666666
 40
0.6666666666666666
 40
0.6666666666666666
 40
0.6666666766666667
 40
0.7777777777777778
 40
0.7777777777777778
 40
0.7777777777777778
 40
0.7777777877777778
 40
1.0
 40
1.0
 40
1.0
 40
1.0
 10
-2.2299
 20
5.40987
 30
0.0
 10
-2.2299
 20
5.40987
 30
0.0
 10
-2.2246
 20
5.40811
 30
0.0
 10
-2.2246
 20
5.40811
 30
0.0
 10
-2.2246
 20
5.40811
 30
0.0
 10
-2.2246
 20
5.40811
 30
0.0
 10
-2.2193
 20
5.40634
 30
0.0
 10
-2.2193
 20
5.40634
 30
0.0
 10
-2.2193
 20
5.40634
 30
0.0
 10
-2.2193
 20
5.40634
 30
0.0
 10
-2.21401
 20
5.40458
 30
0.0
 10
-2.21401
 20
5.40458
 30
0.0
 10
-2.21401
 20
5.40458
 30
0.0
 10
-2.21401
 20
5.40458
 30
0.0
 10
-2.20872
 20
5.40105
 30
0.0
 10
-2.20872
 20
5.40105
 30
0.0
 10
-2.20872
 20
5.40105
 30
0.0
 10
-2.20872
 20
5.40105
 30
0.0
 10
-2.20518
 20
5.39575
 30
0.0
 10
-2.20518
 20
5.39575
 30
0.0
 10
-2.20518
 20
5.39575
 30
0.0
 10
-2.20518
 20
5.39575
 30
0.0
 10
-2.20342
 20
5.39046
 30
0.0
 10
-2.20342
 20
5.39046
 30
0.0
 10
-2.20342
 20
5.39046
 30
0.0
 10
-2.20342
 20
5.39046
 30
0.0
 10
-2.20166
 20
5.38516
 30
0.0
 10
-2.20166
 20
5.38516
 30
0.0
 10
-2.20166
 20
5.38516
 30
0.0
 10
-2.20166
 20
5.38516
 30
0.0
 10
-2.19989
 20
5.37987
 30
0.0
 10
-2.19989
 20
5.37987
 30
0.0
  0
SPLINE
  5
353
330
1F
100
AcDbEntity
  8
Layer 1
 62
   250
370
    25
100
AcDbSpline
210
0.0
220
0.0
230
1.0
 70
    24
 71
     3
 72
     8
 73
     4
 74
     0
 42
0.000000001
 43
0.0000000001
 40
0.0
 40
0.0
 40
0.0
 40
0.0
 40
1.0
 40
1.0
 40
1.0
 40
1.0
 10
-2.20872
 20
3.10626
 30
0.0
 10
-2.20872
 20
3.10626
 30
0.0
 10
-2.19989
 20
3.09743
 30
0.0
 10
-2.19989
 20
3.09743
 30
0.0
  0
SPLINE
  5
354
330
1F
100
AcDbEntity
  8
Layer 1
 62
   250
370
    25
100
AcDbSpline
210
0.0
220
0.0
230
1.0
 70
     8
 71
     3
 72
    36
 73
    32
 74
     0
 42
0.000000001
 43
0.0000000001
 40
0.0
 40
0.0
 40
0.0
 40
0.0
 40
0.1111111111111111
 40
0.1111111111111111
 40
0.1111111111111111
 40
0.1111111211111111
 40
0.2222222222222222
 40
0.2222222222222222
 40
0.2222222222222222
 40
0.2222222322222222
 40
0.3333333333333333
 40
0.3333333333333333
 40
0.3333333333333333
 40
0.3333333433333333
 40
0.4444444444444444
 40
0.4444444444444444
 40
0.4444444444444444
 40
0.4444444544444444
 40
0.5555555555555556
 40
0.5555555555555556
 40
0.5555555555555556
 40
0.5555555655555556
 40
0.6666666666666666
 40
0.6666666666666666
 40
0.6666666666666666
 40
0.6666666766666667
 40
0.7777777777777778
 40
0.7777777777777778
 40
0.7777777777777778
 40
0.7777777877777778
 40
1.0
 40
1.0
 40
1.0
 40
1.0
 10
-2.19989
 20
3.09743
 30
0.0
 10
-2.19989
 20
3.09743
 30
0.0
 10
-2.20166
 20
3.09214
 30
0.0
 10
-2.20166
 20
3.09214
 30
0.0
 10
-2.20166
 20
3.09214
 30
0.0
 10
-2.20166
 20
3.09214
 30
0.0
 10
-2.20342
 20
3.08508
 30
0.0
 10
-2.20342
 20
3.08508
 30
0.0
 10
-2.20342
 20
3.08508
 30
0.0
 10
-2.20342
 20
3.08508
 30
0.0
 10
-2.20518
 20
3.07978
 30
0.0
 10
-2.20518
 20
3.07978
 30
0.0
 10
-2.20518
 20
3.07978
 30
0.0
 10
-2.20518
 20
3.07978
 30
0.0
 10
-2.20872
 20
3.07625
 30
0.0
 10
-2.20872
 20
3.07625
 30
0.0
 10
-2.20872
 20
3.07625
 30
0.0
 10
-2.20872
 20
3.07625
 30
0.0
 10
-2.21401
 20
3.07272
 30
0.0
 10
-2.21401
 20
3.07272
 30
0.0
 10
-2.21401
 20
3.07272
 30
0.0
 10
-2.21401
 20
3.07272
 30
0.0
 10
-2.2193
 20
3.06919
 30
0.0
 10
-2.2193
 20
3.06919
 30
0.0
 10
-2.2193
 20
3.06919
 30
0.0
 10
-2.2193
 20
3.06919
 30
0.0
 10
-2.2246
 20
3.06743
 30
0.0
 10
-2.2246
 20
3.06743
 30
0.0
 10
-2.2246
 20
3.06743
 30
0.0
 10
-2.2246
 20
3.06743
 30
0.0
 10
-2.2299
 20
3.06743
 30
0.0
 10
-2.2299
 20
3.06743
 30
0.0
  0
SPLINE
  5
355
330
1F
100
AcDbEntity
  8
Layer 1
 62
   250
370
    25
100
AcDbSpline
210
0.0
220
0.0
230
1.0
 70
    24
 71
     3
 72
     8
 73
     4
 74
     0
 42
0.000000001
 43
0.0000000001
 40
0.0
 40
0.0
 40
0.0
 40
0.0
 40
1.0
 40
1.0
 40
1.0
 40
1.0
 10
-5.9757
 20
5.37104
 30
0.0
 10
-5.9757
 20
5.37104
 30
0.0
 10
-5.98276
 20
5.37987
 30
0.0
 10
-5.98276
 20
5.37987
 30
0.0
  0
SPLINE
  5
356
330
1F
100
AcDbEntity
  8
Layer 1
 62
   250
370
    25
100
AcDbSpline
210
0.0
220
0.0
230
1.0
 70
     8
 71
     3
 72
    36
 73
    32
 74
     0
 42
0.000000001
 43
0.0000000001
 40
0.0
 40
0.0
 40
0.0
 40
0.0
 40
0.1111111111111111
 40
0.1111111111111111
 40
0.1111111111111111
 40
0.1111111211111111
 40
0.2222222222222222
 40
0.2222222222222222
 40
0.2222222222222222
 40
0.2222222322222222
 40
0.3333333333333333
 40
0.3333333333333333
 40
0.3333333333333333
 40
0.3333333433333333
 40
0.4444444444444444
 40
0.4444444444444444
 40
0.4444444444444444
 40
0.4444444544444444
 40
0.5555555555555556
 40
0.5555555555555556
 40
0.5555555555555556
 40
0.5555555655555556
 40
0.6666666666666666
 40
0.6666666666666666
 40
0.6666666666666666
 40
0.6666666766666667
 40
0.7777777777777778
 40
0.7777777777777778
 40
0.7777777777777778
 40
0.7777777877777778
 40
1.0
 40
1.0
 40
1.0
 40
1.0
 10
-5.98276
 20
5.37987
 30
0.0
 10
-5.98276
 20
5.37987
 30
0.0
 10
-5.98276
 20
5.38516
 30
0.0
 10
-5.98276
 20
5.38516
 30
0.0
 10
-5.98276
 20
5.38516
 30
0.0
 10
-5.98276
 20
5.38516
 30
0.0
 10
-5.981
 20
5.39046
 30
0.0
 10
-5.981
 20
5.39046
 30
0.0
 10
-5.981
 20
5.39046
 30
0.0
 10
-5.981
 20
5.39046
 30
0.0
 10
-5.97923
 20
5.39575
 30
0.0
 10
-5.97923
 20
5.39575
 30
0.0
 10
-5.97923
 20
5.39575
 30
0.0
 10
-5.97923
 20
5.39575
 30
0.0
 10
-5.97394
 20
5.40105
 30
0.0
 10
-5.97394
 20
5.40105
 30
0.0
 10
-5.97394
 20
5.40105
 30
0.0
 10
-5.97394
 20
5.40105
 30
0.0
 10
-5.97041
 20
5.40458
 30
0.0
 10
-5.97041
 20
5.40458
 30
0.0
 10
-5.97041
 20
5.40458
 30
0.0
 10
-5.97041
 20
5.40458
 30
0.0
 10
-5.96511
 20
5.40634
 30
0.0
 10
-5.96511
 20
5.40634
 30
0.0
 10
-5.96511
 20
5.40634
 30
0.0
 10
-5.96511
 20
5.40634
 30
0.0
 10
-5.95982
 20
5.40811
 30
0.0
 10
-5.95982
 20
5.40811
 30
0.0
 10
-5.95982
 20
5.40811
 30
0.0
 10
-5.95982
 20
5.40811
 30
0.0
 10
-5.95275
 20
5.40987
 30
0.0
 10
-5.95275
 20
5.40987
 30
0.0
  0
SPLINE
  5
357
330
1F
100
AcDbEntity
  8
Layer 1
 62
   250
370
    25
100
AcDbSpline
210
0.0
220
0.0
230
1.0
 70
    24
 71
     3
 72
     8
 73
     4
 74
     0
 42
0.000000001
 43
0.0000000001
 40
0.0
 40
0.0
 40
0.0
 40
0.0
 40
1.0
 40
1.0
 40
1.0
 40
1.0
 10
-5.98276
 20
3.09743
 30
0.0
 10
-5.98276
 20
3.09743
 30
0.0
 10
-5.9757
 20
3.10626
 30
0.0
 10
-5.9757
 20
3.10626
 30
0.0
  0
SPLINE
  5
358
330
1F
100
AcDbEntity
  8
Layer 1
 62
   250
370
    25
100
AcDbSpline
210
0.0
220
0.0
230
1.0
 70
     8
 71
     3
 72
    36
 73
    32
 74
     0
 42
0.000000001
 43
0.0000000001
 40
0.0
 40
0.0
 40
0.0
 40
0.0
 40
0.1111111111111111
 40
0.1111111111111111
 40
0.1111111111111111
 40
0.1111111211111111
 40
0.2222222222222222
 40
0.2222222222222222
 40
0.2222222222222222
 40
0.2222222322222222
 40
0.3333333333333333
 40
0.3333333333333333
 40
0.3333333333333333
 40
0.3333333433333333
 40
0.4444444444444444
 40
0.4444444444444444
 40
0.4444444444444444
 40
0.4444444544444444
 40
0.5555555555555556
 40
0.5555555555555556
 40
0.5555555555555556
 40
0.5555555655555556
 40
0.6666666666666666
 40
0.6666666666666666
 40
0.6666666666666666
 40
0.6666666766666667
 40
0.7777777777777778
 40
0.7777777777777778
 40
0.7777777777777778
 40
0.7777777877777778
 40
1.0
 40
1.0
 40
1.0
 40
1.0
 10
-5.95275
 20
3.06743
 30
0.0
 10
-5.95275
 20
3.06743
 30
0.0
 10
-5.95982
 20
3.06743
 30
0.0
 10
-5.95982
 20
3.06743
 30
0.0
 10
-5.95982
 20
3.06743
 30
0.0
 10
-5.95982
 20
3.06743
 30
0.0
 10
-5.96511
 20
3.06919
 30
0.0
 10
-5.96511
 20
3.06919
 30
0.0
 10
-5.96511
 20
3.06919
 30
0.0
 10
-5.96511
 20
3.06919
 30
0.0
 10
-5.97041
 20
3.07272
 30
0.0
 10
-5.97041
 20
3.07272
 30
0.0
 10
-5.97041
 20
3.07272
 30
0.0
 10
-5.97041
 20
3.07272
 30
0.0
 10
-5.97394
 20
3.07625
 30
0.0
 10
-5.97394
 20
3.07625
 30
0.0
 10
-5.97394
 20
3.07625
 30
0.0
 10
-5.97394
 20
3.07625
 30
0.0
 10
-5.97923
 20
3.07978
 30
0.0
 10
-5.97923
 20
3.07978
 30
0.0
 10
-5.97923
 20
3.07978
 30
0.0
 10
-5.97923
 20
3.07978
 30
0.0
 10
-5.981
 20
3.08508
 30
0.0
 10
-5.981
 20
3.08508
 30
0.0
 10
-5.981
 20
3.08508
 30
0.0
 10
-5.981
 20
3.08508
 30
0.0
 10
-5.98276
 20
3.09214
 30
0.0
 10
-5.98276
 20
3.09214
 30
0.0
 10
-5.98276
 20
3.09214
 30
0.0
 10
-5.98276
 20
3.09214
 30
0.0
 10
-5.98276
 20
3.09743
 30
0.0
 10
-5.98276
 20
3.09743
 30
0.0
  0
SPLINE
  5
359
330
1F
100
AcDbEntity
  8
Layer 1
 62
   250
370
    25
100
AcDbSpline
210
0.0
220
0.0
230
1.0
 70
    24
 71
     3
 72
     8
 73
     4
 74
     0
 42
0.000000001
 43
0.0000000001
 40
0.0
 40
0.0
 40
0.0
 40
0.0
 40
1.0
 40
1.0
 40
1.0
 40
1.0
 10
-2.20342
 20
3.14156
 30
0.0
 10
-2.20342
 20
3.14156
 30
0.0
 10
-2.20342
 20
3.63759
 30
0.0
 10
-2.20342
 20
3.63759
 30
0.0
  0
SPLINE
  5
35A
330
1F
100
AcDbEntity
  8
Layer 1
 62
   250
370
    25
100
AcDbSpline
210
0.0
220
0.0
230
1.0
 70
    24
 71
     3
 72
     8
 73
     4
 74
     0
 42
0.000000001
 43
0.0000000001
 40
0.0
 40
0.0
 40
0.0
 40
0.0
 40
1.0
 40
1.0
 40
1.0
 40
1.0
 10
-2.19989
 20
3.14156
 30
0.0
 10
-2.19989
 20
3.14156
 30
0.0
 10
-2.19989
 20
3.09743
 30
0.0
 10
-2.19989
 20
3.09743
 30
0.0
  0
SPLINE
  5
35B
330
1F
100
AcDbEntity
  8
Layer 1
 62
   250
370
    25
100
AcDbSpline
210
0.0
220
0.0
230
1.0
 70
    24
 71
     3
 72
     8
 73
     4
 74
     0
 42
0.000000001
 43
0.0000000001
 40
0.0
 40
0.0
 40
0.0
 40
0.0
 40
1.0
 40
1.0
 40
1.0
 40
1.0
 10
-2.19989
 20
5.37987
 30
0.0
 10
-2.19989
 20
5.37987
 30
0.0
 10
-2.19989
 20
5.33397
 30
0.0
 10
-2.19989
 20
5.33397
 30
0.0
  0
SPLINE
  5
35C
330
1F
100
AcDbEntity
  8
Layer 1
 62
   250
370
    25
100
AcDbSpline
210
0.0
220
0.0
230
1.0
 70
    24
 71
     3
 72
     8
 73
     4
 74
     0
 42
0.000000001
 43
0.0000000001
 40
0.0
 40
0.0
 40
0.0
 40
0.0
 40
1.0
 40
1.0
 40
1.0
 40
1.0
 10
-2.20342
 20
4.83794
 30
0.0
 10
-2.20342
 20
4.83794
 30
0.0
 10
-2.20342
 20
5.33397
 30
0.0
 10
-2.20342
 20
5.33397
 30
0.0
  0
SPLINE
  5
35D
330
1F
100
AcDbEntity
  8
Layer 1
 62
   250
370
    25
100
AcDbSpline
210
0.0
220
0.0
230
1.0
 70
    24
 71
     3
 72
     8
 73
     4
 74
     0
 42
0.000000001
 43
0.0000000001
 40
0.0
 40
0.0
 40
0.0
 40
0.0
 40
1.0
 40
1.0
 40
1.0
 40
1.0
 10
-2.20695
 20
4.83794
 30
0.0
 10
-2.20695
 20
4.83794
 30
0.0
 10
-2.20342
 20
4.83794
 30
0.0
 10
-2.20342
 20
4.83794
 30
0.0
  0
SPLINE
  5
35E
330
1F
100
AcDbEntity
  8
Layer 1
 62
   250
370
    25
100
AcDbSpline
210
0.0
220
0.0
230
1.0
 70
    24
 71
     3
 72
     8
 73
     4
 74
     0
 42
0.000000001
 43
0.0000000001
 40
0.0
 40
0.0
 40
0.0
 40
0.0
 40
1.0
 40
1.0
 40
1.0
 40
1.0
 10
-2.20695
 20
4.73909
 30
0.0
 10
-2.20695
 20
4.73909
 30
0.0
 10
-2.20695
 20
4.83794
 30
0.0
 10
-2.20695
 20
4.83794
 30
0.0
  0
SPLINE
  5
35F
330
1F
100
AcDbEntity
  8
Layer 1
 62
   250
370
    25
100
AcDbSpline
210
0.0
220
0.0
230
1.0
 70
    24
 71
     3
 72
     8
 73
     4
 74
     0
 42
0.000000001
 43
0.0000000001
 40
0.0
 40
0.0
 40
0.0
 40
0.0
 40
1.0
 40
1.0
 40
1.0
 40
1.0
 10
-2.19989
 20
4.73909
 30
0.0
 10
-2.19989
 20
4.73909
 30
0.0
 10
-2.20695
 20
4.73909
 30
0.0
 10
-2.20695
 20
4.73909
 30
0.0
  0
SPLINE
  5
360
330
1F
100
AcDbEntity
  8
Layer 1
 62
   250
370
    25
100
AcDbSpline
210
0.0
220
0.0
230
1.0
 70
    24
 71
     3
 72
     8
 73
     4
 74
     0
 42
0.000000001
 43
0.0000000001
 40
0.0
 40
0.0
 40
0.0
 40
0.0
 40
1.0
 40
1.0
 40
1.0
 40
1.0
 10
-2.19989
 20
3.73821
 30
0.0
 10
-2.19989
 20
3.73821
 30
0.0
 10
-2.19989
 20
4.73909
 30
0.0
 10
-2.19989
 20
4.73909
 30
0.0
  0
SPLINE
  5
361
330
1F
100
AcDbEntity
  8
Layer 1
 62
   250
370
    25
100
AcDbSpline
210
0.0
220
0.0
230
1.0
 70
    24
 71
     3
 72
     8
 73
     4
 74
     0
 42
0.000000001
 43
0.0000000001
 40
0.0
 40
0.0
 40
0.0
 40
0.0
 40
1.0
 40
1.0
 40
1.0
 40
1.0
 10
-2.20695
 20
3.73821
 30
0.0
 10
-2.20695
 20
3.73821
 30
0.0
 10
-2.19989
 20
3.73821
 30
0.0
 10
-2.19989
 20
3.73821
 30
0.0
  0
SPLINE
  5
362
330
1F
100
AcDbEntity
  8
Layer 1
 62
   250
370
    25
100
AcDbSpline
210
0.0
220
0.0
230
1.0
 70
    24
 71
     3
 72
     8
 73
     4
 74
     0
 42
0.000000001
 43
0.0000000001
 40
0.0
 40
0.0
 40
0.0
 40
0.0
 40
1.0
 40
1.0
 40
1.0
 40
1.0
 10
-2.20695
 20
3.63759
 30
0.0
 10
-2.20695
 20
3.63759
 30
0.0
 10
-2.20695
 20
3.73821
 30
0.0
 10
-2.20695
 20
3.73821
 30
0.0
  0
SPLINE
  5
363
330
1F
100
AcDbEntity
  8
Layer 1
 62
   250
370
    25
100
AcDbSpline
210
0.0
220
0.0
230
1.0
 70
    24
 71
     3
 72
     8
 73
     4
 74
     0
 42
0.000000001
 43
0.0000000001
 40
0.0
 40
0.0
 40
0.0
 40
0.0
 40
1.0
 40
1.0
 40
1.0
 40
1.0
 10
-2.20342
 20
3.63759
 30
0.0
 10
-2.20342
 20
3.63759
 30
0.0
 10
-2.20695
 20
3.63759
 30
0.0
 10
-2.20695
 20
3.63759
 30
0.0
  0
SPLINE
  5
364
330
1F
100
AcDbEntity
  8
Layer 1
 62
   250
370
    25
100
AcDbSpline
210
0.0
220
0.0
230
1.0
 70
    24
 71
     3
 72
     8
 73
     4
 74
     0
 42
0.000000001
 43
0.0000000001
 40
0.0
 40
0.0
 40
0.0
 40
0.0
 40
1.0
 40
1.0
 40
1.0
 40
1.0
 10
-5.97747
 20
3.73821
 30
0.0
 10
-5.97747
 20
3.73821
 30
0.0
 10
-5.98276
 20
3.73821
 30
0.0
 10
-5.98276
 20
3.73821
 30
0.0
  0
SPLINE
  5
365
330
1F
100
AcDbEntity
  8
Layer 1
 62
   250
370
    25
100
AcDbSpline
210
0.0
220
0.0
230
1.0
 70
    24
 71
     3
 72
     8
 73
     4
 74
     0
 42
0.000000001
 43
0.0000000001
 40
0.0
 40
0.0
 40
0.0
 40
0.0
 40
1.0
 40
1.0
 40
1.0
 40
1.0
 10
-5.98276
 20
4.73909
 30
0.0
 10
-5.98276
 20
4.73909
 30
0.0
 10
-5.98276
 20
3.73821
 30
0.0
 10
-5.98276
 20
3.73821
 30
0.0
  0
SPLINE
  5
366
330
1F
100
AcDbEntity
  8
Layer 1
 62
   250
370
    25
100
AcDbSpline
210
0.0
220
0.0
230
1.0
 70
    24
 71
     3
 72
     8
 73
     4
 74
     0
 42
0.000000001
 43
0.0000000001
 40
0.0
 40
0.0
 40
0.0
 40
0.0
 40
1.0
 40
1.0
 40
1.0
 40
1.0
 10
-5.98276
 20
4.73909
 30
0.0
 10
-5.98276
 20
4.73909
 30
0.0
 10
-5.97747
 20
4.73909
 30
0.0
 10
-5.97747
 20
4.73909
 30
0.0
  0
SPLINE
  5
367
330
1F
100
AcDbEntity
  8
Layer 1
 62
   250
370
    25
100
AcDbSpline
210
0.0
220
0.0
230
1.0
 70
    24
 71
     3
 72
     8
 73
     4
 74
     0
 42
0.000000001
 43
0.0000000001
 40
0.0
 40
0.0
 40
0.0
 40
0.0
 40
1.0
 40
1.0
 40
1.0
 40
1.0
 10
-5.97747
 20
4.73909
 30
0.0
 10
-5.97747
 20
4.73909
 30
0.0
 10
-5.97747
 20
4.83794
 30
0.0
 10
-5.97747
 20
4.83794
 30
0.0
  0
SPLINE
  5
368
330
1F
100
AcDbEntity
  8
Layer 1
 62
   250
370
    25
100
AcDbSpline
210
0.0
220
0.0
230
1.0
 70
    24
 71
     3
 72
     8
 73
     4
 74
     0
 42
0.000000001
 43
0.0000000001
 40
0.0
 40
0.0
 40
0.0
 40
0.0
 40
1.0
 40
1.0
 40
1.0
 40
1.0
 10
-5.97747
 20
4.83794
 30
0.0
 10
-5.97747
 20
4.83794
 30
0.0
 10
-5.981
 20
4.83794
 30
0.0
 10
-5.981
 20
4.83794
 30
0.0
  0
SPLINE
  5
369
330
1F
100
AcDbEntity
  8
Layer 1
 62
   250
370
    25
100
AcDbSpline
210
0.0
220
0.0
230
1.0
 70
    24
 71
     3
 72
     8
 73
     4
 74
     0
 42
0.000000001
 43
0.0000000001
 40
0.0
 40
0.0
 40
0.0
 40
0.0
 40
1.0
 40
1.0
 40
1.0
 40
1.0
 10
-5.981
 20
4.83794
 30
0.0
 10
-5.981
 20
4.83794
 30
0.0
 10
-5.981
 20
5.33397
 30
0.0
 10
-5.981
 20
5.33397
 30
0.0
  0
SPLINE
  5
36A
330
1F
100
AcDbEntity
  8
Layer 1
 62
   250
370
    25
100
AcDbSpline
210
0.0
220
0.0
230
1.0
 70
    24
 71
     3
 72
     8
 73
     4
 74
     0
 42
0.000000001
 43
0.0000000001
 40
0.0
 40
0.0
 40
0.0
 40
0.0
 40
1.0
 40
1.0
 40
1.0
 40
1.0
 10
-5.98276
 20
5.37987
 30
0.0
 10
-5.98276
 20
5.37987
 30
0.0
 10
-5.98276
 20
5.33397
 30
0.0
 10
-5.98276
 20
5.33397
 30
0.0
  0
SPLINE
  5
36B
330
1F
100
AcDbEntity
  8
Layer 1
 62
   250
370
    25
100
AcDbSpline
210
0.0
220
0.0
230
1.0
 70
    24
 71
     3
 72
     8
 73
     4
 74
     0
 42
0.000000001
 43
0.0000000001
 40
0.0
 40
0.0
 40
0.0
 40
0.0
 40
1.0
 40
1.0
 40
1.0
 40
1.0
 10
-5.98276
 20
3.14156
 30
0.0
 10
-5.98276
 20
3.14156
 30
0.0
 10
-5.98276
 20
3.09743
 30
0.0
 10
-5.98276
 20
3.09743
 30
0.0
  0
SPLINE
  5
36C
330
1F
100
AcDbEntity
  8
Layer 1
 62
   250
370
    25
100
AcDbSpline
210
0.0
220
0.0
230
1.0
 70
    24
 71
     3
 72
     8
 73
     4
 74
     0
 42
0.000000001
 43
0.0000000001
 40
0.0
 40
0.0
 40
0.0
 40
0.0
 40
1.0
 40
1.0
 40
1.0
 40
1.0
 10
-5.981
 20
3.14156
 30
0.0
 10
-5.981
 20
3.14156
 30
0.0
 10
-5.981
 20
3.63759
 30
0.0
 10
-5.981
 20
3.63759
 30
0.0
  0
SPLINE
  5
36D
330
1F
100
AcDbEntity
  8
Layer 1
 62
   250
370
    25
100
AcDbSpline
210
0.0
220
0.0
230
1.0
 70
    24
 71
     3
 72
     8
 73
     4
 74
     0
 42
0.000000001
 43
0.0000000001
 40
0.0
 40
0.0
 40
0.0
 40
0.0
 40
1.0
 40
1.0
 40
1.0
 40
1.0
 10
-5.981
 20
3.63759
 30
0.0
 10
-5.981
 20
3.63759
 30
0.0
 10
-5.97747
 20
3.63759
 30
0.0
 10
-5.97747
 20
3.63759
 30
0.0
  0
SPLINE
  5
36E
330
1F
100
AcDbEntity
  8
Layer 1
 62
   250
370
    25
100
AcDbSpline
210
0.0
220
0.0
230
1.0
 70
    24
 71
     3
 72
     8
 73
     4
 74
     0
 42
0.000000001
 43
0.0000000001
 40
0.0
 40
0.0
 40
0.0
 40
0.0
 40
1.0
 40
1.0
 40
1.0
 40
1.0
 10
-5.97747
 20
3.63759
 30
0.0
 10
-5.97747
 20
3.63759
 30
0.0
 10
-5.97747
 20
3.73821
 30
0.0
 10
-5.97747
 20
3.73821
 30
0.0
  0
SPLINE
  5
36F
330
1F
100
AcDbEntity
  8
Layer 1
 62
   250
370
    25
100
AcDbSpline
210
0.0
220
0.0
230
1.0
 70
    24
 71
     3
 72
     8
 73
     4
 74
     0
 42
0.000000001
 43
0.0000000001
 40
0.0
 40
0.0
 40
0.0
 40
0.0
 40
1.0
 40
1.0
 40
1.0
 40
1.0
 10
-2.16253
 20
5.33397
 30
0.0
 10
-2.16253
 20
5.33397
 30
0.0
 10
-2.20342
 20
5.33397
 30
0.0
 10
-2.20342
 20
5.33397
 30
0.0
  0
SPLINE
  5
370
330
1F
100
AcDbEntity
  8
Layer 1
 62
   250
370
    25
100
AcDbSpline
210
0.0
220
0.0
230
1.0
 70
    24
 71
     3
 72
     8
 73
     4
 74
     0
 42
0.000000001
 43
0.0000000001
 40
0.0
 40
0.0
 40
0.0
 40
0.0
 40
1.0
 40
1.0
 40
1.0
 40
1.0
 10
-2.20342
 20
4.83794
 30
0.0
 10
-2.20342
 20
4.83794
 30
0.0
 10
-2.16253
 20
4.83794
 30
0.0
 10
-2.16253
 20
4.83794
 30
0.0
  0
SPLINE
  5
371
330
1F
100
AcDbEntity
  8
Layer 1
 62
   250
370
    25
100
AcDbSpline
210
0.0
220
0.0
230
1.0
 70
    24
 71
     3
 72
     8
 73
     4
 74
     0
 42
0.000000001
 43
0.0000000001
 40
0.0
 40
0.0
 40
0.0
 40
0.0
 40
1.0
 40
1.0
 40
1.0
 40
1.0
 10
-2.16253
 20
3.14156
 30
0.0
 10
-2.16253
 20
3.14156
 30
0.0
 10
-2.20342
 20
3.14156
 30
0.0
 10
-2.20342
 20
3.14156
 30
0.0
  0
SPLINE
  5
372
330
1F
100
AcDbEntity
  8
Layer 1
 62
   250
370
    25
100
AcDbSpline
210
0.0
220
0.0
230
1.0
 70
    24
 71
     3
 72
     8
 73
     4
 74
     0
 42
0.000000001
 43
0.0000000001
 40
0.0
 40
0.0
 40
0.0
 40
0.0
 40
1.0
 40
1.0
 40
1.0
 40
1.0
 10
-2.20342
 20
3.63759
 30
0.0
 10
-2.20342
 20
3.63759
 30
0.0
 10
-2.16253
 20
3.63759
 30
0.0
 10
-2.16253
 20
3.63759
 30
0.0
  0
SPLINE
  5
373
330
1F
100
AcDbEntity
  8
Layer 1
 62
   250
370
    25
100
AcDbSpline
210
0.0
220
0.0
230
1.0
 70
    24
 71
     3
 72
     8
 73
     4
 74
     0
 42
0.000000001
 43
0.0000000001
 40
0.0
 40
0.0
 40
0.0
 40
0.0
 40
1.0
 40
1.0
 40
1.0
 40
1.0
 10
-5.981
 20
3.14156
 30
0.0
 10
-5.981
 20
3.14156
 30
0.0
 10
-6.02897
 20
3.14156
 30
0.0
 10
-6.02897
 20
3.14156
 30
0.0
  0
SPLINE
  5
374
330
1F
100
AcDbEntity
  8
Layer 1
 62
   250
370
    25
100
AcDbSpline
210
0.0
220
0.0
230
1.0
 70
    24
 71
     3
 72
     8
 73
     4
 74
     0
 42
0.000000001
 43
0.0000000001
 40
0.0
 40
0.0
 40
0.0
 40
0.0
 40
1.0
 40
1.0
 40
1.0
 40
1.0
 10
-6.02897
 20
3.63759
 30
0.0
 10
-6.02897
 20
3.63759
 30
0.0
 10
-5.981
 20
3.63759
 30
0.0
 10
-5.981
 20
3.63759
 30
0.0
  0
SPLINE
  5
375
330
1F
100
AcDbEntity
  8
Layer 1
 62
   250
370
    25
100
AcDbSpline
210
0.0
220
0.0
230
1.0
 70
    24
 71
     3
 72
     8
 73
     4
 74
     0
 42
0.000000001
 43
0.0000000001
 40
0.0
 40
0.0
 40
0.0
 40
0.0
 40
1.0
 40
1.0
 40
1.0
 40
1.0
 10
-5.981
 20
5.33397
 30
0.0
 10
-5.981
 20
5.33397
 30
0.0
 10
-6.02897
 20
5.33397
 30
0.0
 10
-6.02897
 20
5.33397
 30
0.0
  0
SPLINE
  5
376
330
1F
100
AcDbEntity
  8
Layer 1
 62
   250
370
    25
100
AcDbSpline
210
0.0
220
0.0
230
1.0
 70
    24
 71
     3
 72
     8
 73
     4
 74
     0
 42
0.000000001
 43
0.0000000001
 40
0.0
 40
0.0
 40
0.0
 40
0.0
 40
1.0
 40
1.0
 40
1.0
 40
1.0
 10
-6.02897
 20
4.83794
 30
0.0
 10
-6.02897
 20
4.83794
 30
0.0
 10
-5.981
 20
4.83794
 30
0.0
 10
-5.981
 20
4.83794
 30
0.0
  0
SPLINE
  5
377
330
1F
100
AcDbEntity
  8
Layer 1
 62
   250
370
    25
100
AcDbSpline
210
0.0
220
0.0
230
1.0
 70
    11
 71
     3
 72
    84
 73
    80
 74
     0
 42
0.000000001
 43
0.0000000001
 40
0.0
 40
0.0
 40
0.0
 40
0.0
 40
0.0476190476190476
 40
0.0476190476190476
 40
0.0476190476190476
 40
0.0476190576190476
 40
0.0952380952380952
 40
0.0952380952380952
 40
0.0952380952380952
 40
0.0952381052380952
 40
0.1428571428571428
 40
0.1428571428571428
 40
0.1428571428571428
 40
0.1428571528571428
 40
0.1904761904761905
 40
0.1904761904761905
 40
0.1904761904761905
 40
0.1904762004761905
 40
0.2380952380952381
 40
0.2380952380952381
 40
0.2380952380952381
 40
0.2380952480952381
 40
0.2857142857142857
 40
0.2857142857142857
 40
0.2857142857142857
 40
0.2857142957142857
 40
0.3333333333333333
 40
0.3333333333333333
 40
0.3333333333333333
 40
0.3333333433333333
 40
0.3809523809523809
 40
0.3809523809523809
 40
0.3809523809523809
 40
0.3809523909523809
 40
0.4285714285714285
 40
0.4285714285714285
 40
0.4285714285714285
 40
0.4285714385714285
 40
0.4761904761904762
 40
0.4761904761904762
 40
0.4761904761904762
 40
0.4761904861904762
 40
0.5238095238095238
 40
0.5238095238095238
 40
0.5238095238095238
 40
0.5238095338095239
 40
0.5714285714285714
 40
0.5714285714285714
 40
0.5714285714285714
 40
0.5714285814285714
 40
0.6190476190476191
 40
0.6190476190476191
 40
0.6190476190476191
 40
0.6190476290476191
 40
0.6666666666666666
 40
0.6666666666666666
 40
0.6666666666666666
 40
0.6666666766666667
 40
0.7142857142857143
 40
0.7142857142857143
 40
0.7142857142857143
 40
0.7142857242857144
 40
0.7619047619047619
 40
0.7619047619047619
 40
0.7619047619047619
 40
0.7619047719047619
 40
0.8095238095238095
 40
0.8095238095238095
 40
0.8095238095238095
 40
0.8095238195238096
 40
0.8571428571428571
 40
0.8571428571428571
 40
0.8571428571428571
 40
0.8571428671428571
 40
0.9047619047619048
 40
0.9047619047619048
 40
0.9047619047619048
 40
0.9047619147619048
 40
1.0
 40
1.0
 40
1.0
 40
1.0
 10
-5.6103
 20
2.39293
 30
0.0
 10
-5.6103
 20
2.39293
 30
0.0
 10
-5.58735
 20
2.39822
 30
0.0
 10
-5.58735
 20
2.39822
 30
0.0
 10
-5.58735
 20
2.39822
 30
0.0
 10
-5.58735
 20
2.39822
 30
0.0
 10
-5.56794
 20
2.41058
 30
0.0
 10
-5.56794
 20
2.41058
 30
0.0
 10
-5.56794
 20
2.41058
 30
0.0
 10
-5.56794
 20
2.41058
 30
0.0
 10
-5.55205
 20
2.42823
 30
0.0
 10
-5.55205
 20
2.42823
 30
0.0
 10
-5.55205
 20
2.42823
 30
0.0
 10
-5.55205
 20
2.42823
 30
0.0
 10
-5.54499
 20
2.45118
 30
0.0
 10
-5.54499
 20
2.45118
 30
0.0
 10
-5.54499
 20
2.45118
 30
0.0
 10
-5.54499
 20
2.45118
 30
0.0
 10
-5.54322
 20
2.47413
 30
0.0
 10
-5.54322
 20
2.47413
 30
0.0
 10
-5.54322
 20
2.47413
 30
0.0
 10
-5.54322
 20
2.47413
 30
0.0
 10
-5.55205
 20
2.49708
 30
0.0
 10
-5.55205
 20
2.49708
 30
0.0
 10
-5.55205
 20
2.49708
 30
0.0
 10
-5.55205
 20
2.49708
 30
0.0
 10
-5.56617
 20
2.51473
 30
0.0
 10
-5.56617
 20
2.51473
 30
0.0
 10
-5.56617
 20
2.51473
 30
0.0
 10
-5.56617
 20
2.51473
 30
0.0
 10
-5.58559
 20
2.52708
 30
0.0
 10
-5.58559
 20
2.52708
 30
0.0
 10
-5.58559
 20
2.52708
 30
0.0
 10
-5.58559
 20
2.52708
 30
0.0
 10
-5.60854
 20
2.53238
 30
0.0
 10
-5.60854
 20
2.53238
 30
0.0
 10
-5.60854
 20
2.53238
 30
0.0
 10
-5.60854
 20
2.53238
 30
0.0
 10
-5.63325
 20
2.53062
 30
0.0
 10
-5.63325
 20
2.53062
 30
0.0
 10
-5.63325
 20
2.53062
 30
0.0
 10
-5.63325
 20
2.53062
 30
0.0
 10
-5.65267
 20
2.52002
 30
0.0
 10
-5.65267
 20
2.52002
 30
0.0
 10
-5.65267
 20
2.52002
 30
0.0
 10
-5.65267
 20
2.52002
 30
0.0
 10
-5.67032
 20
2.50414
 30
0.0
 10
-5.67032
 20
2.50414
 30
0.0
 10
-5.67032
 20
2.50414
 30
0.0
 10
-5.67032
 20
2.50414
 30
0.0
 10
-5.68091
 20
2.48296
 30
0.0
 10
-5.68091
 20
2.48296
 30
0.0
 10
-5.68091
 20
2.48296
 30
0.0
 10
-5.68091
 20
2.48296
 30
0.0
 10
-5.68267
 20
2.46
 30
0.0
 10
-5.68267
 20
2.46
 30
0.0
 10
-5.68267
 20
2.46
 30
0.0
 10
-5.68267
 20
2.46
 30
0.0
 10
-5.67738
 20
2.43706
 30
0.0
 10
-5.67738
 20
2.43706
 30
0.0
 10
-5.67738
 20
2.43706
 30
0.0
 10
-5.67738
 20
2.43706
 30
0.0
 10
-5.66502
 20
2.41588
 30
0.0
 10
-5.66502
 20
2.41588
 30
0.0
 10
-5.66502
 20
2.41588
 30
0.0
 10
-5.66502
 20
2.41588
 30
0.0
 10
-5.64737
 20
2.40175
 30
0.0
 10
-5.64737
 20
2.40175
 30
0.0
 10
-5.64737
 20
2.40175
 30
0.0
 10
-5.64737
 20
2.40175
 30
0.0
 10
-5.62442
 20
2.39469
 30
0.0
 10
-5.62442
 20
2.39469
 30
0.0
 10
-5.62442
 20
2.39469
 30
0.0
 10
-5.62442
 20
2.39469
 30
0.0
 10
-5.61736
 20
2.39293
 30
0.0
 10
-5.61736
 20
2.39293
 30
0.0
 10
-5.61736
 20
2.39293
 30
0.0
 10
-5.61736
 20
2.39293
 30
0.0
 10
-5.6103
 20
2.39293
 30
0.0
 10
-5.6103
 20
2.39293
 30
0.0
  0
SPLINE
  5
378
330
1F
100
AcDbEntity
  8
Layer 1
 62
   250
370
    25
100
AcDbSpline
210
0.0
220
0.0
230
1.0
 70
     8
 71
     3
 72
    76
 73
    72
 74
     0
 42
0.000000001
 43
0.0000000001
 40
0.0
 40
0.0
 40
0.0
 40
0.0
 40
0.0526315789473684
 40
0.0526315789473684
 40
0.0526315789473684
 40
0.0526315889473684
 40
0.1052631578947368
 40
0.1052631578947368
 40
0.1052631578947368
 40
0.1052631678947368
 40
0.1578947368421053
 40
0.1578947368421053
 40
0.1578947368421053
 40
0.1578947468421052
 40
0.2105263157894737
 40
0.2105263157894737
 40
0.2105263157894737
 40
0.2105263257894737
 40
0.2631578947368421
 40
0.2631578947368421
 40
0.2631578947368421
 40
0.2631579047368421
 40
0.3157894736842105
 40
0.3157894736842105
 40
0.3157894736842105
 40
0.3157894836842105
 40
0.3684210526315789
 40
0.3684210526315789
 40
0.3684210526315789
 40
0.3684210626315789
 40
0.4210526315789473
 40
0.4210526315789473
 40
0.4210526315789473
 40
0.4210526415789473
 40
0.4736842105263158
 40
0.4736842105263158
 40
0.4736842105263158
 40
0.4736842205263158
 40
0.5263157894736842
 40
0.5263157894736842
 40
0.5263157894736842
 40
0.5263157994736842
 40
0.5789473684210527
 40
0.5789473684210527
 40
0.5789473684210527
 40
0.5789473784210527
 40
0.631578947368421
 40
0.631578947368421
 40
0.631578947368421
 40
0.6315789573684211
 40
0.6842105263157895
 40
0.6842105263157895
 40
0.6842105263157895
 40
0.6842105363157895
 40
0.7368421052631579
 40
0.7368421052631579
 40
0.7368421052631579
 40
0.7368421152631579
 40
0.7894736842105263
 40
0.7894736842105263
 40
0.7894736842105263
 40
0.7894736942105264
 40
0.8421052631578947
 40
0.8421052631578947
 40
0.8421052631578947
 40
0.8421052731578947
 40
0.8947368421052632
 40
0.8947368421052632
 40
0.8947368421052632
 40
0.8947368521052632
 40
1.0
 40
1.0
 40
1.0
 40
1.0
 10
-2.27403
 20
0.78657
 30
0.0
 10
-2.27403
 20
0.78657
 30
0.0
 10
-2.28638
 20
0.90484
 30
0.0
 10
-2.28638
 20
0.90484
 30
0.0
 10
-2.28638
 20
0.90484
 30
0.0
 10
-2.28638
 20
0.90484
 30
0.0
 10
-2.29698
 20
1.02488
 30
0.0
 10
-2.29698
 20
1.02488
 30
0.0
 10
-2.29698
 20
1.02488
 30
0.0
 10
-2.29698
 20
1.02488
 30
0.0
 10
-2.30757
 20
1.14491
 30
0.0
 10
-2.30757
 20
1.14491
 30
0.0
 10
-2.30757
 20
1.14491
 30
0.0
 10
-2.30757
 20
1.14491
 30
0.0
 10
-2.31639
 20
1.26495
 30
0.0
 10
-2.31639
 20
1.26495
 30
0.0
 10
-2.31639
 20
1.26495
 30
0.0
 10
-2.31639
 20
1.26495
 30
0.0
 10
-2.32345
 20
1.38499
 30
0.0
 10
-2.32345
 20
1.38499
 30
0.0
 10
-2.32345
 20
1.38499
 30
0.0
 10
-2.32345
 20
1.38499
 30
0.0
 10
-2.32875
 20
1.50678
 30
0.0
 10
-2.32875
 20
1.50678
 30
0.0
 10
-2.32875
 20
1.50678
 30
0.0
 10
-2.32875
 20
1.50678
 30
0.0
 10
-2.33228
 20
1.62859
 30
0.0
 10
-2.33228
 20
1.62859
 30
0.0
 10
-2.33228
 20
1.62859
 30
0.0
 10
-2.33228
 20
1.62859
 30
0.0
 10
-2.33405
 20
1.75039
 30
0.0
 10
-2.33405
 20
1.75039
 30
0.0
 10
-2.33405
 20
1.75039
 30
0.0
 10
-2.33405
 20
1.75039
 30
0.0
 10
-2.33581
 20
1.87218
 30
0.0
 10
-2.33581
 20
1.87218
 30
0.0
 10
-2.33581
 20
1.87218
 30
0.0
 10
-2.33581
 20
1.87218
 30
0.0
 10
-2.33405
 20
1.99399
 30
0.0
 10
-2.33405
 20
1.99399
 30
0.0
 10
-2.33405
 20
1.99399
 30
0.0
 10
-2.33405
 20
1.99399
 30
0.0
 10
-2.33228
 20
2.11579
 30
0.0
 10
-2.33228
 20
2.11579
 30
0.0
 10
-2.33228
 20
2.11579
 30
0.0
 10
-2.33228
 20
2.11579
 30
0.0
 10
-2.32875
 20
2.23759
 30
0.0
 10
-2.32875
 20
2.23759
 30
0.0
 10
-2.32875
 20
2.23759
 30
0.0
 10
-2.32875
 20
2.23759
 30
0.0
 10
-2.32345
 20
2.35939
 30
0.0
 10
-2.32345
 20
2.35939
 30
0.0
 10
-2.32345
 20
2.35939
 30
0.0
 10
-2.32345
 20
2.35939
 30
0.0
 10
-2.31639
 20
2.48119
 30
0.0
 10
-2.31639
 20
2.48119
 30
0.0
 10
-2.31639
 20
2.48119
 30
0.0
 10
-2.31639
 20
2.48119
 30
0.0
 10
-2.30757
 20
2.60123
 30
0.0
 10
-2.30757
 20
2.60123
 30
0.0
 10
-2.30757
 20
2.60123
 30
0.0
 10
-2.30757
 20
2.60123
 30
0.0
 10
-2.29698
 20
2.72126
 30
0.0
 10
-2.29698
 20
2.72126
 30
0.0
 10
-2.29698
 20
2.72126
 30
0.0
 10
-2.29698
 20
2.72126
 30
0.0
 10
-2.28638
 20
2.84129
 30
0.0
 10
-2.28638
 20
2.84129
 30
0.0
 10
-2.28638
 20
2.84129
 30
0.0
 10
-2.28638
 20
2.84129
 30
0.0
 10
-2.27403
 20
2.95957
 30
0.0
 10
-2.27403
 20
2.95957
 30
0.0
  0
SPLINE
  5
379
330
1F
100
AcDbEntity
  8
Layer 1
 62
   250
370
    25
100
AcDbSpline
210
0.0
220
0.0
230
1.0
 70
     8
 71
     3
 72
    36
 73
    32
 74
     0
 42
0.000000001
 43
0.0000000001
 40
0.0
 40
0.0
 40
0.0
 40
0.0
 40
0.1111111111111111
 40
0.1111111111111111
 40
0.1111111111111111
 40
0.1111111211111111
 40
0.2222222222222222
 40
0.2222222222222222
 40
0.2222222222222222
 40
0.2222222322222222
 40
0.3333333333333333
 40
0.3333333333333333
 40
0.3333333333333333
 40
0.3333333433333333
 40
0.4444444444444444
 40
0.4444444444444444
 40
0.4444444444444444
 40
0.4444444544444444
 40
0.5555555555555556
 40
0.5555555555555556
 40
0.5555555555555556
 40
0.5555555655555556
 40
0.6666666666666666
 40
0.6666666666666666
 40
0.6666666666666666
 40
0.6666666766666667
 40
0.7777777777777778
 40
0.7777777777777778
 40
0.7777777777777778
 40
0.7777777877777778
 40
1.0
 40
1.0
 40
1.0
 40
1.0
 10
-2.27403
 20
2.95957
 30
0.0
 10
-2.27403
 20
2.95957
 30
0.0
 10
-2.26873
 20
2.95957
 30
0.0
 10
-2.26873
 20
2.95957
 30
0.0
 10
-2.26873
 20
2.95957
 30
0.0
 10
-2.26873
 20
2.95957
 30
0.0
 10
-2.2652
 20
2.9578
 30
0.0
 10
-2.2652
 20
2.9578
 30
0.0
 10
-2.2652
 20
2.9578
 30
0.0
 10
-2.2652
 20
2.9578
 30
0.0
 10
-2.26167
 20
2.9578
 30
0.0
 10
-2.26167
 20
2.9578
 30
0.0
 10
-2.26167
 20
2.9578
 30
0.0
 10
-2.26167
 20
2.9578
 30
0.0
 10
-2.25638
 20
2.95603
 30
0.0
 10
-2.25638
 20
2.95603
 30
0.0
 10
-2.25638
 20
2.95603
 30
0.0
 10
-2.25638
 20
2.95603
 30
0.0
 10
-2.25284
 20
2.95603
 30
0.0
 10
-2.25284
 20
2.95603
 30
0.0
 10
-2.25284
 20
2.95603
 30
0.0
 10
-2.25284
 20
2.95603
 30
0.0
 10
-2.25108
 20
2.95427
 30
0.0
 10
-2.25108
 20
2.95427
 30
0.0
 10
-2.25108
 20
2.95427
 30
0.0
 10
-2.25108
 20
2.95427
 30
0.0
 10
-2.24755
 20
2.9525
 30
0.0
 10
-2.24755
 20
2.9525
 30
0.0
 10
-2.24755
 20
2.9525
 30
0.0
 10
-2.24755
 20
2.9525
 30
0.0
 10
-2.24578
 20
2.9525
 30
0.0
 10
-2.24578
 20
2.9525
 30
0.0
  0
SPLINE
  5
37A
330
1F
100
AcDbEntity
  8
Layer 1
 62
   250
370
    25
100
AcDbSpline
210
0.0
220
0.0
230
1.0
 70
     8
 71
     3
 72
    76
 73
    72
 74
     0
 42
0.000000001
 43
0.0000000001
 40
0.0
 40
0.0
 40
0.0
 40
0.0
 40
0.0526315789473684
 40
0.0526315789473684
 40
0.0526315789473684
 40
0.0526315889473684
 40
0.1052631578947368
 40
0.1052631578947368
 40
0.1052631578947368
 40
0.1052631678947368
 40
0.1578947368421053
 40
0.1578947368421053
 40
0.1578947368421053
 40
0.1578947468421052
 40
0.2105263157894737
 40
0.2105263157894737
 40
0.2105263157894737
 40
0.2105263257894737
 40
0.2631578947368421
 40
0.2631578947368421
 40
0.2631578947368421
 40
0.2631579047368421
 40
0.3157894736842105
 40
0.3157894736842105
 40
0.3157894736842105
 40
0.3157894836842105
 40
0.3684210526315789
 40
0.3684210526315789
 40
0.3684210526315789
 40
0.3684210626315789
 40
0.4210526315789473
 40
0.4210526315789473
 40
0.4210526315789473
 40
0.4210526415789473
 40
0.4736842105263158
 40
0.4736842105263158
 40
0.4736842105263158
 40
0.4736842205263158
 40
0.5263157894736842
 40
0.5263157894736842
 40
0.5263157894736842
 40
0.5263157994736842
 40
0.5789473684210527
 40
0.5789473684210527
 40
0.5789473684210527
 40
0.5789473784210527
 40
0.631578947368421
 40
0.631578947368421
 40
0.631578947368421
 40
0.6315789573684211
 40
0.6842105263157895
 40
0.6842105263157895
 40
0.6842105263157895
 40
0.6842105363157895
 40
0.7368421052631579
 40
0.7368421052631579
 40
0.7368421052631579
 40
0.7368421152631579
 40
0.7894736842105263
 40
0.7894736842105263
 40
0.7894736842105263
 40
0.7894736942105264
 40
0.8421052631578947
 40
0.8421052631578947
 40
0.8421052631578947
 40
0.8421052731578947
 40
0.8947368421052632
 40
0.8947368421052632
 40
0.8947368421052632
 40
0.8947368521052632
 40
1.0
 40
1.0
 40
1.0
 40
1.0
 10
-2.24578
 20
2.9525
 30
0.0
 10
-2.24578
 20
2.9525
 30
0.0
 10
-2.2599
 20
2.83423
 30
0.0
 10
-2.2599
 20
2.83423
 30
0.0
 10
-2.2599
 20
2.83423
 30
0.0
 10
-2.2599
 20
2.83423
 30
0.0
 10
-2.2705
 20
2.71596
 30
0.0
 10
-2.2705
 20
2.71596
 30
0.0
 10
-2.2705
 20
2.71596
 30
0.0
 10
-2.2705
 20
2.71596
 30
0.0
 10
-2.28109
 20
2.59593
 30
0.0
 10
-2.28109
 20
2.59593
 30
0.0
 10
-2.28109
 20
2.59593
 30
0.0
 10
-2.28109
 20
2.59593
 30
0.0
 10
-2.28992
 20
2.47589
 30
0.0
 10
-2.28992
 20
2.47589
 30
0.0
 10
-2.28992
 20
2.47589
 30
0.0
 10
-2.28992
 20
2.47589
 30
0.0
 10
-2.29521
 20
2.35586
 30
0.0
 10
-2.29521
 20
2.35586
 30
0.0
 10
-2.29521
 20
2.35586
 30
0.0
 10
-2.29521
 20
2.35586
 30
0.0
 10
-2.3005
 20
2.23582
 30
0.0
 10
-2.3005
 20
2.23582
 30
0.0
 10
-2.3005
 20
2.23582
 30
0.0
 10
-2.3005
 20
2.23582
 30
0.0
 10
-2.3058
 20
2.11402
 30
0.0
 10
-2.3058
 20
2.11402
 30
0.0
 10
-2.3058
 20
2.11402
 30
0.0
 10
-2.3058
 20
2.11402
 30
0.0
 10
-2.30757
 20
1.99399
 30
0.0
 10
-2.30757
 20
1.99399
 30
0.0
 10
-2.30757
 20
1.99399
 30
0.0
 10
-2.30757
 20
1.99399
 30
0.0
 10
-2.30757
 20
1.87218
 30
0.0
 10
-2.30757
 20
1.87218
 30
0.0
 10
-2.30757
 20
1.87218
 30
0.0
 10
-2.30757
 20
1.87218
 30
0.0
 10
-2.30757
 20
1.75215
 30
0.0
 10
-2.30757
 20
1.75215
 30
0.0
 10
-2.30757
 20
1.75215
 30
0.0
 10
-2.30757
 20
1.75215
 30
0.0
 10
-2.3058
 20
1.63035
 30
0.0
 10
-2.3058
 20
1.63035
 30
0.0
 10
-2.3058
 20
1.63035
 30
0.0
 10
-2.3058
 20
1.63035
 30
0.0
 10
-2.3005
 20
1.51032
 30
0.0
 10
-2.3005
 20
1.51032
 30
0.0
 10
-2.3005
 20
1.51032
 30
0.0
 10
-2.3005
 20
1.51032
 30
0.0
 10
-2.29521
 20
1.38851
 30
0.0
 10
-2.29521
 20
1.38851
 30
0.0
 10
-2.29521
 20
1.38851
 30
0.0
 10
-2.29521
 20
1.38851
 30
0.0
 10
-2.28992
 20
1.26848
 30
0.0
 10
-2.28992
 20
1.26848
 30
0.0
 10
-2.28992
 20
1.26848
 30
0.0
 10
-2.28992
 20
1.26848
 30
0.0
 10
-2.28109
 20
1.14845
 30
0.0
 10
-2.28109
 20
1.14845
 30
0.0
 10
-2.28109
 20
1.14845
 30
0.0
 10
-2.28109
 20
1.14845
 30
0.0
 10
-2.2705
 20
1.03017
 30
0.0
 10
-2.2705
 20
1.03017
 30
0.0
 10
-2.2705
 20
1.03017
 30
0.0
 10
-2.2705
 20
1.03017
 30
0.0
 10
-2.2599
 20
0.9119
 30
0.0
 10
-2.2599
 20
0.9119
 30
0.0
 10
-2.2599
 20
0.9119
 30
0.0
 10
-2.2599
 20
0.9119
 30
0.0
 10
-2.24578
 20
0.79363
 30
0.0
 10
-2.24578
 20
0.79363
 30
0.0
  0
SPLINE
  5
37B
330
1F
100
AcDbEntity
  8
Layer 1
 62
   250
370
    25
100
AcDbSpline
210
0.0
220
0.0
230
1.0
 70
     8
 71
     3
 72
    36
 73
    32
 74
     0
 42
0.000000001
 43
0.0000000001
 40
0.0
 40
0.0
 40
0.0
 40
0.0
 40
0.1111111111111111
 40
0.1111111111111111
 40
0.1111111111111111
 40
0.1111111211111111
 40
0.2222222222222222
 40
0.2222222222222222
 40
0.2222222222222222
 40
0.2222222322222222
 40
0.3333333333333333
 40
0.3333333333333333
 40
0.3333333333333333
 40
0.3333333433333333
 40
0.4444444444444444
 40
0.4444444444444444
 40
0.4444444444444444
 40
0.4444444544444444
 40
0.5555555555555556
 40
0.5555555555555556
 40
0.5555555555555556
 40
0.5555555655555556
 40
0.6666666666666666
 40
0.6666666666666666
 40
0.6666666666666666
 40
0.6666666766666667
 40
0.7777777777777778
 40
0.7777777777777778
 40
0.7777777777777778
 40
0.7777777877777778
 40
1.0
 40
1.0
 40
1.0
 40
1.0
 10
-2.27403
 20
0.78657
 30
0.0
 10
-2.27403
 20
0.78657
 30
0.0
 10
-2.26873
 20
0.78657
 30
0.0
 10
-2.26873
 20
0.78657
 30
0.0
 10
-2.26873
 20
0.78657
 30
0.0
 10
-2.26873
 20
0.78657
 30
0.0
 10
-2.2652
 20
0.78657
 30
0.0
 10
-2.2652
 20
0.78657
 30
0.0
 10
-2.2652
 20
0.78657
 30
0.0
 10
-2.2652
 20
0.78657
 30
0.0
 10
-2.26167
 20
0.78834
 30
0.0
 10
-2.26167
 20
0.78834
 30
0.0
 10
-2.26167
 20
0.78834
 30
0.0
 10
-2.26167
 20
0.78834
 30
0.0
 10
-2.25638
 20
0.78834
 30
0.0
 10
-2.25638
 20
0.78834
 30
0.0
 10
-2.25638
 20
0.78834
 30
0.0
 10
-2.25638
 20
0.78834
 30
0.0
 10
-2.25284
 20
0.79011
 30
0.0
 10
-2.25284
 20
0.79011
 30
0.0
 10
-2.25284
 20
0.79011
 30
0.0
 10
-2.25284
 20
0.79011
 30
0.0
 10
-2.25108
 20
0.79187
 30
0.0
 10
-2.25108
 20
0.79187
 30
0.0
 10
-2.25108
 20
0.79187
 30
0.0
 10
-2.25108
 20
0.79187
 30
0.0
 10
-2.24755
 20
0.79187
 30
0.0
 10
-2.24755
 20
0.79187
 30
0.0
 10
-2.24755
 20
0.79187
 30
0.0
 10
-2.24755
 20
0.79187
 30
0.0
 10
-2.24578
 20
0.79363
 30
0.0
 10
-2.24578
 20
0.79363
 30
0.0
  0
SPLINE
  5
37C
330
1F
100
AcDbEntity
  8
Layer 1
 62
   250
370
    25
100
AcDbSpline
210
0.0
220
0.0
230
1.0
 70
    11
 71
     3
 72
    80
 73
    76
 74
     0
 42
0.000000001
 43
0.0000000001
 40
0.0
 40
0.0
 40
0.0
 40
0.0
 40
0.05
 40
0.05
 40
0.05
 40
0.05000001
 40
0.1
 40
0.1
 40
0.1
 40
0.10000001
 40
0.15
 40
0.15
 40
0.15
 40
0.15000001
 40
0.2
 40
0.2
 40
0.2
 40
0.20000001
 40
0.25
 40
0.25
 40
0.25
 40
0.25000001
 40
0.3
 40
0.3
 40
0.3
 40
0.30000001
 40
0.35
 40
0.35
 40
0.35
 40
0.35000001
 40
0.4
 40
0.4
 40
0.4
 40
0.40000001
 40
0.45
 40
0.45
 40
0.45
 40
0.45000001
 40
0.5
 40
0.5
 40
0.5
 40
0.50000001
 40
0.55
 40
0.55
 40
0.55
 40
0.5500000100000001
 40
0.6
 40
0.6
 40
0.6
 40
0.60000001
 40
0.65
 40
0.65
 40
0.65
 40
0.6500000100000001
 40
0.7
 40
0.7
 40
0.7
 40
0.70000001
 40
0.75
 40
0.75
 40
0.75
 40
0.75000001
 40
0.8
 40
0.8
 40
0.8
 40
0.8000000100000001
 40
0.85
 40
0.85
 40
0.85
 40
0.85000001
 40
0.9
 40
0.9
 40
0.9
 40
0.9000000100000001
 40
1.0
 40
1.0
 40
1.0
 40
1.0
 10
-5.54322
 20
2.46354
 30
0.0
 10
-5.54322
 20
2.46354
 30
0.0
 10
-5.54676
 20
2.44059
 30
0.0
 10
-5.54676
 20
2.44059
 30
0.0
 10
-5.54676
 20
2.44059
 30
0.0
 10
-5.54676
 20
2.44059
 30
0.0
 10
-5.55911
 20
2.41941
 30
0.0
 10
-5.55911
 20
2.41941
 30
0.0
 10
-5.55911
 20
2.41941
 30
0.0
 10
-5.55911
 20
2.41941
 30
0.0
 10
-5.57676
 20
2.40352
 30
0.0
 10
-5.57676
 20
2.40352
 30
0.0
 10
-5.57676
 20
2.40352
 30
0.0
 10
-5.57676
 20
2.40352
 30
0.0
 10
-5.59794
 20
2.39469
 30
0.0
 10
-5.59794
 20
2.39469
 30
0.0
 10
-5.59794
 20
2.39469
 30
0.0
 10
-5.59794
 20
2.39469
 30
0.0
 10
-5.62266
 20
2.39293
 30
0.0
 10
-5.62266
 20
2.39293
 30
0.0
 10
-5.62266
 20
2.39293
 30
0.0
 10
-5.62266
 20
2.39293
 30
0.0
 10
-5.64384
 20
2.39999
 30
0.0
 10
-5.64384
 20
2.39999
 30
0.0
 10
-5.64384
 20
2.39999
 30
0.0
 10
-5.64384
 20
2.39999
 30
0.0
 10
-5.66326
 20
2.41411
 30
0.0
 10
-5.66326
 20
2.41411
 30
0.0
 10
-5.66326
 20
2.41411
 30
0.0
 10
-5.66326
 20
2.41411
 30
0.0
 10
-5.67738
 20
2.43353
 30
0.0
 10
-5.67738
 20
2.43353
 30
0.0
 10
-5.67738
 20
2.43353
 30
0.0
 10
-5.67738
 20
2.43353
 30
0.0
 10
-5.68267
 20
2.45648
 30
0.0
 10
-5.68267
 20
2.45648
 30
0.0
 10
-5.68267
 20
2.45648
 30
0.0
 10
-5.68267
 20
2.45648
 30
0.0
 10
-5.68091
 20
2.47942
 30
0.0
 10
-5.68091
 20
2.47942
 30
0.0
 10
-5.68091
 20
2.47942
 30
0.0
 10
-5.68091
 20
2.47942
 30
0.0
 10
-5.67208
 20
2.5006
 30
0.0
 10
-5.67208
 20
2.5006
 30
0.0
 10
-5.67208
 20
2.5006
 30
0.0
 10
-5.67208
 20
2.5006
 30
0.0
 10
-5.6562
 20
2.51826
 30
0.0
 10
-5.6562
 20
2.51826
 30
0.0
 10
-5.6562
 20
2.51826
 30
0.0
 10
-5.6562
 20
2.51826
 30
0.0
 10
-5.63501
 20
2.52885
 30
0.0
 10
-5.63501
 20
2.52885
 30
0.0
 10
-5.63501
 20
2.52885
 30
0.0
 10
-5.63501
 20
2.52885
 30
0.0
 10
-5.61206
 20
2.53238
 30
0.0
 10
-5.61206
 20
2.53238
 30
0.0
 10
-5.61206
 20
2.53238
 30
0.0
 10
-5.61206
 20
2.53238
 30
0.0
 10
-5.58912
 20
2.52885
 30
0.0
 10
-5.58912
 20
2.52885
 30
0.0
 10
-5.58912
 20
2.52885
 30
0.0
 10
-5.58912
 20
2.52885
 30
0.0
 10
-5.5697
 20
2.51649
 30
0.0
 10
-5.5697
 20
2.51649
 30
0.0
 10
-5.5697
 20
2.51649
 30
0.0
 10
-5.5697
 20
2.51649
 30
0.0
 10
-5.55382
 20
2.5006
 30
0.0
 10
-5.55382
 20
2.5006
 30
0.0
 10
-5.55382
 20
2.5006
 30
0.0
 10
-5.55382
 20
2.5006
 30
0.0
 10
-5.54499
 20
2.47766
 30
0.0
 10
-5.54499
 20
2.47766
 30
0.0
 10
-5.54499
 20
2.47766
 30
0.0
 10
-5.54499
 20
2.47766
 30
0.0
 10
-5.54322
 20
2.46354
 30
0.0
 10
-5.54322
 20
2.46354
 30
0.0
  0
SPLINE
  5
37D
330
1F
100
AcDbEntity
  8
Layer 1
 62
   250
370
    25
100
AcDbSpline
210
0.0
220
0.0
230
1.0
 70
     8
 71
     3
 72
    76
 73
    72
 74
     0
 42
0.000000001
 43
0.0000000001
 40
0.0
 40
0.0
 40
0.0
 40
0.0
 40
0.0526315789473684
 40
0.0526315789473684
 40
0.0526315789473684
 40
0.0526315889473684
 40
0.1052631578947368
 40
0.1052631578947368
 40
0.1052631578947368
 40
0.1052631678947368
 40
0.1578947368421053
 40
0.1578947368421053
 40
0.1578947368421053
 40
0.1578947468421052
 40
0.2105263157894737
 40
0.2105263157894737
 40
0.2105263157894737
 40
0.2105263257894737
 40
0.2631578947368421
 40
0.2631578947368421
 40
0.2631578947368421
 40
0.2631579047368421
 40
0.3157894736842105
 40
0.3157894736842105
 40
0.3157894736842105
 40
0.3157894836842105
 40
0.3684210526315789
 40
0.3684210526315789
 40
0.3684210526315789
 40
0.3684210626315789
 40
0.4210526315789473
 40
0.4210526315789473
 40
0.4210526315789473
 40
0.4210526415789473
 40
0.4736842105263158
 40
0.4736842105263158
 40
0.4736842105263158
 40
0.4736842205263158
 40
0.5263157894736842
 40
0.5263157894736842
 40
0.5263157894736842
 40
0.5263157994736842
 40
0.5789473684210527
 40
0.5789473684210527
 40
0.5789473684210527
 40
0.5789473784210527
 40
0.631578947368421
 40
0.631578947368421
 40
0.631578947368421
 40
0.6315789573684211
 40
0.6842105263157895
 40
0.6842105263157895
 40
0.6842105263157895
 40
0.6842105363157895
 40
0.7368421052631579
 40
0.7368421052631579
 40
0.7368421052631579
 40
0.7368421152631579
 40
0.7894736842105263
 40
0.7894736842105263
 40
0.7894736842105263
 40
0.7894736942105264
 40
0.8421052631578947
 40
0.8421052631578947
 40
0.8421052631578947
 40
0.8421052731578947
 40
0.8947368421052632
 40
0.8947368421052632
 40
0.8947368421052632
 40
0.8947368521052632
 40
1.0
 40
1.0
 40
1.0
 40
1.0
 10
-5.91039
 20
2.95957
 30
0.0
 10
-5.91039
 20
2.95957
 30
0.0
 10
-5.89803
 20
2.84129
 30
0.0
 10
-5.89803
 20
2.84129
 30
0.0
 10
-5.89803
 20
2.84129
 30
0.0
 10
-5.89803
 20
2.84129
 30
0.0
 10
-5.88568
 20
2.72126
 30
0.0
 10
-5.88568
 20
2.72126
 30
0.0
 10
-5.88568
 20
2.72126
 30
0.0
 10
-5.88568
 20
2.72126
 30
0.0
 10
-5.87685
 20
2.60123
 30
0.0
 10
-5.87685
 20
2.60123
 30
0.0
 10
-5.87685
 20
2.60123
 30
0.0
 10
-5.87685
 20
2.60123
 30
0.0
 10
-5.86802
 20
2.48119
 30
0.0
 10
-5.86802
 20
2.48119
 30
0.0
 10
-5.86802
 20
2.48119
 30
0.0
 10
-5.86802
 20
2.48119
 30
0.0
 10
-5.86096
 20
2.35939
 30
0.0
 10
-5.86096
 20
2.35939
 30
0.0
 10
-5.86096
 20
2.35939
 30
0.0
 10
-5.86096
 20
2.35939
 30
0.0
 10
-5.85567
 20
2.23759
 30
0.0
 10
-5.85567
 20
2.23759
 30
0.0
 10
-5.85567
 20
2.23759
 30
0.0
 10
-5.85567
 20
2.23759
 30
0.0
 10
-5.85214
 20
2.11579
 30
0.0
 10
-5.85214
 20
2.11579
 30
0.0
 10
-5.85214
 20
2.11579
 30
0.0
 10
-5.85214
 20
2.11579
 30
0.0
 10
-5.85037
 20
1.99399
 30
0.0
 10
-5.85037
 20
1.99399
 30
0.0
 10
-5.85037
 20
1.99399
 30
0.0
 10
-5.85037
 20
1.99399
 30
0.0
 10
-5.84861
 20
1.87218
 30
0.0
 10
-5.84861
 20
1.87218
 30
0.0
 10
-5.84861
 20
1.87218
 30
0.0
 10
-5.84861
 20
1.87218
 30
0.0
 10
-5.85037
 20
1.75039
 30
0.0
 10
-5.85037
 20
1.75039
 30
0.0
 10
-5.85037
 20
1.75039
 30
0.0
 10
-5.85037
 20
1.75039
 30
0.0
 10
-5.85214
 20
1.62859
 30
0.0
 10
-5.85214
 20
1.62859
 30
0.0
 10
-5.85214
 20
1.62859
 30
0.0
 10
-5.85214
 20
1.62859
 30
0.0
 10
-5.85567
 20
1.50678
 30
0.0
 10
-5.85567
 20
1.50678
 30
0.0
 10
-5.85567
 20
1.50678
 30
0.0
 10
-5.85567
 20
1.50678
 30
0.0
 10
-5.86096
 20
1.38499
 30
0.0
 10
-5.86096
 20
1.38499
 30
0.0
 10
-5.86096
 20
1.38499
 30
0.0
 10
-5.86096
 20
1.38499
 30
0.0
 10
-5.86802
 20
1.26495
 30
0.0
 10
-5.86802
 20
1.26495
 30
0.0
 10
-5.86802
 20
1.26495
 30
0.0
 10
-5.86802
 20
1.26495
 30
0.0
 10
-5.87685
 20
1.14491
 30
0.0
 10
-5.87685
 20
1.14491
 30
0.0
 10
-5.87685
 20
1.14491
 30
0.0
 10
-5.87685
 20
1.14491
 30
0.0
 10
-5.88568
 20
1.02488
 30
0.0
 10
-5.88568
 20
1.02488
 30
0.0
 10
-5.88568
 20
1.02488
 30
0.0
 10
-5.88568
 20
1.02488
 30
0.0
 10
-5.89803
 20
0.90484
 30
0.0
 10
-5.89803
 20
0.90484
 30
0.0
 10
-5.89803
 20
0.90484
 30
0.0
 10
-5.89803
 20
0.90484
 30
0.0
 10
-5.91039
 20
0.78657
 30
0.0
 10
-5.91039
 20
0.78657
 30
0.0
  0
SPLINE
  5
37E
330
1F
100
AcDbEntity
  8
Layer 1
 62
   250
370
    25
100
AcDbSpline
210
0.0
220
0.0
230
1.0
 70
    24
 71
     3
 72
     8
 73
     4
 74
     0
 42
0.000000001
 43
0.0000000001
 40
0.0
 40
0.0
 40
0.0
 40
0.0
 40
1.0
 40
1.0
 40
1.0
 40
1.0
 10
-2.27403
 20
2.95957
 30
0.0
 10
-2.27403
 20
2.95957
 30
0.0
 10
-5.91039
 20
2.95957
 30
0.0
 10
-5.91039
 20
2.95957
 30
0.0
  0
SPLINE
  5
37F
330
1F
100
AcDbEntity
  8
Layer 1
 62
   250
370
    25
100
AcDbSpline
210
0.0
220
0.0
230
1.0
 70
    24
 71
     3
 72
     8
 73
     4
 74
     0
 42
0.000000001
 43
0.0000000001
 40
0.0
 40
0.0
 40
0.0
 40
0.0
 40
1.0
 40
1.0
 40
1.0
 40
1.0
 10
-2.27403
 20
0.78657
 30
0.0
 10
-2.27403
 20
0.78657
 30
0.0
 10
-5.91039
 20
0.78657
 30
0.0
 10
-5.91039
 20
0.78657
 30
0.0
  0
SPLINE
  5
380
330
1F
100
AcDbEntity
  8
Layer 1
 62
   250
370
    25
100
AcDbSpline
210
0.0
220
0.0
230
1.0
 70
     8
 71
     3
 72
    36
 73
    32
 74
     0
 42
0.000000001
 43
0.0000000001
 40
0.0
 40
0.0
 40
0.0
 40
0.0
 40
0.1111111111111111
 40
0.1111111111111111
 40
0.1111111111111111
 40
0.1111111211111111
 40
0.2222222222222222
 40
0.2222222222222222
 40
0.2222222222222222
 40
0.2222222322222222
 40
0.3333333333333333
 40
0.3333333333333333
 40
0.3333333333333333
 40
0.3333333433333333
 40
0.4444444444444444
 40
0.4444444444444444
 40
0.4444444444444444
 40
0.4444444544444444
 40
0.5555555555555556
 40
0.5555555555555556
 40
0.5555555555555556
 40
0.5555555655555556
 40
0.6666666666666666
 40
0.6666666666666666
 40
0.6666666666666666
 40
0.6666666766666667
 40
0.7777777777777778
 40
0.7777777777777778
 40
0.7777777777777778
 40
0.7777777877777778
 40
1.0
 40
1.0
 40
1.0
 40
1.0
 10
-5.91039
 20
0.78657
 30
0.0
 10
-5.91039
 20
0.78657
 30
0.0
 10
-5.91568
 20
0.78657
 30
0.0
 10
-5.91568
 20
0.78657
 30
0.0
 10
-5.91568
 20
0.78657
 30
0.0
 10
-5.91568
 20
0.78657
 30
0.0
 10
-5.91922
 20
0.78657
 30
0.0
 10
-5.91922
 20
0.78657
 30
0.0
 10
-5.91922
 20
0.78657
 30
0.0
 10
-5.91922
 20
0.78657
 30
0.0
 10
-5.92274
 20
0.78834
 30
0.0
 10
-5.92274
 20
0.78834
 30
0.0
 10
-5.92274
 20
0.78834
 30
0.0
 10
-5.92274
 20
0.78834
 30
0.0
 10
-5.92804
 20
0.78834
 30
0.0
 10
-5.92804
 20
0.78834
 30
0.0
 10
-5.92804
 20
0.78834
 30
0.0
 10
-5.92804
 20
0.78834
 30
0.0
 10
-5.9298
 20
0.79011
 30
0.0
 10
-5.9298
 20
0.79011
 30
0.0
 10
-5.9298
 20
0.79011
 30
0.0
 10
-5.9298
 20
0.79011
 30
0.0
 10
-5.93334
 20
0.79187
 30
0.0
 10
-5.93334
 20
0.79187
 30
0.0
 10
-5.93334
 20
0.79187
 30
0.0
 10
-5.93334
 20
0.79187
 30
0.0
 10
-5.93687
 20
0.79187
 30
0.0
 10
-5.93687
 20
0.79187
 30
0.0
 10
-5.93687
 20
0.79187
 30
0.0
 10
-5.93687
 20
0.79187
 30
0.0
 10
-5.93863
 20
0.79363
 30
0.0
 10
-5.93863
 20
0.79363
 30
0.0
  0
SPLINE
  5
381
330
1F
100
AcDbEntity
  8
Layer 1
 62
   250
370
    25
100
AcDbSpline
210
0.0
220
0.0
230
1.0
 70
     8
 71
     3
 72
    76
 73
    72
 74
     0
 42
0.000000001
 43
0.0000000001
 40
0.0
 40
0.0
 40
0.0
 40
0.0
 40
0.0526315789473684
 40
0.0526315789473684
 40
0.0526315789473684
 40
0.0526315889473684
 40
0.1052631578947368
 40
0.1052631578947368
 40
0.1052631578947368
 40
0.1052631678947368
 40
0.1578947368421053
 40
0.1578947368421053
 40
0.1578947368421053
 40
0.1578947468421052
 40
0.2105263157894737
 40
0.2105263157894737
 40
0.2105263157894737
 40
0.2105263257894737
 40
0.2631578947368421
 40
0.2631578947368421
 40
0.2631578947368421
 40
0.2631579047368421
 40
0.3157894736842105
 40
0.3157894736842105
 40
0.3157894736842105
 40
0.3157894836842105
 40
0.3684210526315789
 40
0.3684210526315789
 40
0.3684210526315789
 40
0.3684210626315789
 40
0.4210526315789473
 40
0.4210526315789473
 40
0.4210526315789473
 40
0.4210526415789473
 40
0.4736842105263158
 40
0.4736842105263158
 40
0.4736842105263158
 40
0.4736842205263158
 40
0.5263157894736842
 40
0.5263157894736842
 40
0.5263157894736842
 40
0.5263157994736842
 40
0.5789473684210527
 40
0.5789473684210527
 40
0.5789473684210527
 40
0.5789473784210527
 40
0.631578947368421
 40
0.631578947368421
 40
0.631578947368421
 40
0.6315789573684211
 40
0.6842105263157895
 40
0.6842105263157895
 40
0.6842105263157895
 40
0.6842105363157895
 40
0.7368421052631579
 40
0.7368421052631579
 40
0.7368421052631579
 40
0.7368421152631579
 40
0.7894736842105263
 40
0.7894736842105263
 40
0.7894736842105263
 40
0.7894736942105264
 40
0.8421052631578947
 40
0.8421052631578947
 40
0.8421052631578947
 40
0.8421052731578947
 40
0.8947368421052632
 40
0.8947368421052632
 40
0.8947368421052632
 40
0.8947368521052632
 40
1.0
 40
1.0
 40
1.0
 40
1.0
 10
-5.93863
 20
0.79363
 30
0.0
 10
-5.93863
 20
0.79363
 30
0.0
 10
-5.92451
 20
0.9119
 30
0.0
 10
-5.92451
 20
0.9119
 30
0.0
 10
-5.92451
 20
0.9119
 30
0.0
 10
-5.92451
 20
0.9119
 30
0.0
 10
-5.91392
 20
1.03017
 30
0.0
 10
-5.91392
 20
1.03017
 30
0.0
 10
-5.91392
 20
1.03017
 30
0.0
 10
-5.91392
 20
1.03017
 30
0.0
 10
-5.90333
 20
1.14845
 30
0.0
 10
-5.90333
 20
1.14845
 30
0.0
 10
-5.90333
 20
1.14845
 30
0.0
 10
-5.90333
 20
1.14845
 30
0.0
 10
-5.8945
 20
1.26848
 30
0.0
 10
-5.8945
 20
1.26848
 30
0.0
 10
-5.8945
 20
1.26848
 30
0.0
 10
-5.8945
 20
1.26848
 30
0.0
 10
-5.8892
 20
1.38851
 30
0.0
 10
-5.8892
 20
1.38851
 30
0.0
 10
-5.8892
 20
1.38851
 30
0.0
 10
-5.8892
 20
1.38851
 30
0.0
 10
-5.88214
 20
1.51032
 30
0.0
 10
-5.88214
 20
1.51032
 30
0.0
 10
-5.88214
 20
1.51032
 30
0.0
 10
-5.88214
 20
1.51032
 30
0.0
 10
-5.87862
 20
1.63035
 30
0.0
 10
-5.87862
 20
1.63035
 30
0.0
 10
-5.87862
 20
1.63035
 30
0.0
 10
-5.87862
 20
1.63035
 30
0.0
 10
-5.87685
 20
1.75215
 30
0.0
 10
-5.87685
 20
1.75215
 30
0.0
 10
-5.87685
 20
1.75215
 30
0.0
 10
-5.87685
 20
1.75215
 30
0.0
 10
-5.87685
 20
1.87218
 30
0.0
 10
-5.87685
 20
1.87218
 30
0.0
 10
-5.87685
 20
1.87218
 30
0.0
 10
-5.87685
 20
1.87218
 30
0.0
 10
-5.87685
 20
1.99399
 30
0.0
 10
-5.87685
 20
1.99399
 30
0.0
 10
-5.87685
 20
1.99399
 30
0.0
 10
-5.87685
 20
1.99399
 30
0.0
 10
-5.87862
 20
2.11402
 30
0.0
 10
-5.87862
 20
2.11402
 30
0.0
 10
-5.87862
 20
2.11402
 30
0.0
 10
-5.87862
 20
2.11402
 30
0.0
 10
-5.88214
 20
2.23582
 30
0.0
 10
-5.88214
 20
2.23582
 30
0.0
 10
-5.88214
 20
2.23582
 30
0.0
 10
-5.88214
 20
2.23582
 30
0.0
 10
-5.8892
 20
2.35586
 30
0.0
 10
-5.8892
 20
2.35586
 30
0.0
 10
-5.8892
 20
2.35586
 30
0.0
 10
-5.8892
 20
2.35586
 30
0.0
 10
-5.8945
 20
2.47589
 30
0.0
 10
-5.8945
 20
2.47589
 30
0.0
 10
-5.8945
 20
2.47589
 30
0.0
 10
-5.8945
 20
2.47589
 30
0.0
 10
-5.90333
 20
2.59593
 30
0.0
 10
-5.90333
 20
2.59593
 30
0.0
 10
-5.90333
 20
2.59593
 30
0.0
 10
-5.90333
 20
2.59593
 30
0.0
 10
-5.91392
 20
2.71596
 30
0.0
 10
-5.91392
 20
2.71596
 30
0.0
 10
-5.91392
 20
2.71596
 30
0.0
 10
-5.91392
 20
2.71596
 30
0.0
 10
-5.92451
 20
2.83423
 30
0.0
 10
-5.92451
 20
2.83423
 30
0.0
 10
-5.92451
 20
2.83423
 30
0.0
 10
-5.92451
 20
2.83423
 30
0.0
 10
-5.93863
 20
2.9525
 30
0.0
 10
-5.93863
 20
2.9525
 30
0.0
  0
SPLINE
  5
382
330
1F
100
AcDbEntity
  8
Layer 1
 62
   250
370
    25
100
AcDbSpline
210
0.0
220
0.0
230
1.0
 70
     8
 71
     3
 72
    36
 73
    32
 74
     0
 42
0.000000001
 43
0.0000000001
 40
0.0
 40
0.0
 40
0.0
 40
0.0
 40
0.1111111111111111
 40
0.1111111111111111
 40
0.1111111111111111
 40
0.1111111211111111
 40
0.2222222222222222
 40
0.2222222222222222
 40
0.2222222222222222
 40
0.2222222322222222
 40
0.3333333333333333
 40
0.3333333333333333
 40
0.3333333333333333
 40
0.3333333433333333
 40
0.4444444444444444
 40
0.4444444444444444
 40
0.4444444444444444
 40
0.4444444544444444
 40
0.5555555555555556
 40
0.5555555555555556
 40
0.5555555555555556
 40
0.5555555655555556
 40
0.6666666666666666
 40
0.6666666666666666
 40
0.6666666666666666
 40
0.6666666766666667
 40
0.7777777777777778
 40
0.7777777777777778
 40
0.7777777777777778
 40
0.7777777877777778
 40
1.0
 40
1.0
 40
1.0
 40
1.0
 10
-5.91039
 20
2.95957
 30
0.0
 10
-5.91039
 20
2.95957
 30
0.0
 10
-5.91568
 20
2.95957
 30
0.0
 10
-5.91568
 20
2.95957
 30
0.0
 10
-5.91568
 20
2.95957
 30
0.0
 10
-5.91568
 20
2.95957
 30
0.0
 10
-5.91922
 20
2.9578
 30
0.0
 10
-5.91922
 20
2.9578
 30
0.0
 10
-5.91922
 20
2.9578
 30
0.0
 10
-5.91922
 20
2.9578
 30
0.0
 10
-5.92274
 20
2.9578
 30
0.0
 10
-5.92274
 20
2.9578
 30
0.0
 10
-5.92274
 20
2.9578
 30
0.0
 10
-5.92274
 20
2.9578
 30
0.0
 10
-5.92804
 20
2.95603
 30
0.0
 10
-5.92804
 20
2.95603
 30
0.0
 10
-5.92804
 20
2.95603
 30
0.0
 10
-5.92804
 20
2.95603
 30
0.0
 10
-5.9298
 20
2.95603
 30
0.0
 10
-5.9298
 20
2.95603
 30
0.0
 10
-5.9298
 20
2.95603
 30
0.0
 10
-5.9298
 20
2.95603
 30
0.0
 10
-5.93334
 20
2.95427
 30
0.0
 10
-5.93334
 20
2.95427
 30
0.0
 10
-5.93334
 20
2.95427
 30
0.0
 10
-5.93334
 20
2.95427
 30
0.0
 10
-5.93687
 20
2.9525
 30
0.0
 10
-5.93687
 20
2.9525
 30
0.0
 10
-5.93687
 20
2.9525
 30
0.0
 10
-5.93687
 20
2.9525
 30
0.0
 10
-5.93863
 20
2.9525
 30
0.0
 10
-5.93863
 20
2.9525
 30
0.0
  0
SPLINE
  5
383
330
1F
100
AcDbEntity
  8
Layer 1
 62
   250
370
    25
100
AcDbSpline
210
0.0
220
0.0
230
1.0
 70
    24
 71
     3
 72
     8
 73
     4
 74
     0
 42
0.000000001
 43
0.0000000001
 40
0.0
 40
0.0
 40
0.0
 40
0.0
 40
1.0
 40
1.0
 40
1.0
 40
1.0
 10
-2.21578
 20
0.74068
 30
0.0
 10
-2.21578
 20
0.74068
 30
0.0
 10
-2.21401
 20
0.74068
 30
0.0
 10
-2.21401
 20
0.74068
 30
0.0
  0
SPLINE
  5
384
330
1F
100
AcDbEntity
  8
Layer 1
 62
   250
370
    25
100
AcDbSpline
210
0.0
220
0.0
230
1.0
 70
     8
 71
     3
 72
    32
 73
    28
 74
     0
 42
0.000000001
 43
0.0000000001
 40
0.0
 40
0.0
 40
0.0
 40
0.0
 40
0.125
 40
0.125
 40
0.125
 40
0.12500001
 40
0.25
 40
0.25
 40
0.25
 40
0.25000001
 40
0.375
 40
0.375
 40
0.375
 40
0.37500001
 40
0.5
 40
0.5
 40
0.5
 40
0.50000001
 40
0.625
 40
0.625
 40
0.625
 40
0.62500001
 40
0.75
 40
0.75
 40
0.75
 40
0.75000001
 40
1.0
 40
1.0
 40
1.0
 40
1.0
 10
-2.24578
 20
0.79363
 30
0.0
 10
-2.24578
 20
0.79363
 30
0.0
 10
-2.24402
 20
0.78128
 30
0.0
 10
-2.24402
 20
0.78128
 30
0.0
 10
-2.24402
 20
0.78128
 30
0.0
 10
-2.24402
 20
0.78128
 30
0.0
 10
-2.24049
 20
0.76892
 30
0.0
 10
-2.24049
 20
0.76892
 30
0.0
 10
-2.24049
 20
0.76892
 30
0.0
 10
-2.24049
 20
0.76892
 30
0.0
 10
-2.23696
 20
0.76009
 30
0.0
 10
-2.23696
 20
0.76009
 30
0.0
 10
-2.23696
 20
0.76009
 30
0.0
 10
-2.23696
 20
0.76009
 30
0.0
 10
-2.23166
 20
0.75127
 30
0.0
 10
-2.23166
 20
0.75127
 30
0.0
 10
-2.23166
 20
0.75127
 30
0.0
 10
-2.23166
 20
0.75127
 30
0.0
 10
-2.22637
 20
0.74597
 30
0.0
 10
-2.22637
 20
0.74597
 30
0.0
 10
-2.22637
 20
0.74597
 30
0.0
 10
-2.22637
 20
0.74597
 30
0.0
 10
-2.22107
 20
0.74245
 30
0.0
 10
-2.22107
 20
0.74245
 30
0.0
 10
-2.22107
 20
0.74245
 30
0.0
 10
-2.22107
 20
0.74245
 30
0.0
 10
-2.21578
 20
0.74068
 30
0.0
 10
-2.21578
 20
0.74068
 30
0.0
  0
SPLINE
  5
385
330
1F
100
AcDbEntity
  8
Layer 1
 62
   250
370
    25
100
AcDbSpline
210
0.0
220
0.0
230
1.0
 70
     8
 71
     3
 72
    32
 73
    28
 74
     0
 42
0.000000001
 43
0.0000000001
 40
0.0
 40
0.0
 40
0.0
 40
0.0
 40
0.125
 40
0.125
 40
0.125
 40
0.12500001
 40
0.25
 40
0.25
 40
0.25
 40
0.25000001
 40
0.375
 40
0.375
 40
0.375
 40
0.37500001
 40
0.5
 40
0.5
 40
0.5
 40
0.50000001
 40
0.625
 40
0.625
 40
0.625
 40
0.62500001
 40
0.75
 40
0.75
 40
0.75
 40
0.75000001
 40
1.0
 40
1.0
 40
1.0
 40
1.0
 10
-2.21578
 20
3.00546
 30
0.0
 10
-2.21578
 20
3.00546
 30
0.0
 10
-2.22107
 20
3.00369
 30
0.0
 10
-2.22107
 20
3.00369
 30
0.0
 10
-2.22107
 20
3.00369
 30
0.0
 10
-2.22107
 20
3.00369
 30
0.0
 10
-2.22637
 20
3.00016
 30
0.0
 10
-2.22637
 20
3.00016
 30
0.0
 10
-2.22637
 20
3.00016
 30
0.0
 10
-2.22637
 20
3.00016
 30
0.0
 10
-2.23166
 20
2.9931
 30
0.0
 10
-2.23166
 20
2.9931
 30
0.0
 10
-2.23166
 20
2.9931
 30
0.0
 10
-2.23166
 20
2.9931
 30
0.0
 10
-2.23696
 20
2.98604
 30
0.0
 10
-2.23696
 20
2.98604
 30
0.0
 10
-2.23696
 20
2.98604
 30
0.0
 10
-2.23696
 20
2.98604
 30
0.0
 10
-2.24049
 20
2.97545
 30
0.0
 10
-2.24049
 20
2.97545
 30
0.0
 10
-2.24049
 20
2.97545
 30
0.0
 10
-2.24049
 20
2.97545
 30
0.0
 10
-2.24402
 20
2.96486
 30
0.0
 10
-2.24402
 20
2.96486
 30
0.0
 10
-2.24402
 20
2.96486
 30
0.0
 10
-2.24402
 20
2.96486
 30
0.0
 10
-2.24578
 20
2.9525
 30
0.0
 10
-2.24578
 20
2.9525
 30
0.0
  0
SPLINE
  5
386
330
1F
100
AcDbEntity
  8
Layer 1
 62
   250
370
    25
100
AcDbSpline
210
0.0
220
0.0
230
1.0
 70
    24
 71
     3
 72
     8
 73
     4
 74
     0
 42
0.000000001
 43
0.0000000001
 40
0.0
 40
0.0
 40
0.0
 40
0.0
 40
1.0
 40
1.0
 40
1.0
 40
1.0
 10
-2.21401
 20
3.00546
 30
0.0
 10
-2.21401
 20
3.00546
 30
0.0
 10
-2.21578
 20
3.00546
 30
0.0
 10
-2.21578
 20
3.00546
 30
0.0
  0
SPLINE
  5
387
330
1F
100
AcDbEntity
  8
Layer 1
 62
   250
370
    25
100
AcDbSpline
210
0.0
220
0.0
230
1.0
 70
    24
 71
     3
 72
     8
 73
     4
 74
     0
 42
0.000000001
 43
0.0000000001
 40
0.0
 40
0.0
 40
0.0
 40
0.0
 40
1.0
 40
1.0
 40
1.0
 40
1.0
 10
-2.21401
 20
0.74068
 30
0.0
 10
-2.21401
 20
0.74068
 30
0.0
 10
-2.21401
 20
3.00546
 30
0.0
 10
-2.21401
 20
3.00546
 30
0.0
  0
SPLINE
  5
388
330
1F
100
AcDbEntity
  8
Layer 1
 62
   250
370
    25
100
AcDbSpline
210
0.0
220
0.0
230
1.0
 70
    24
 71
     3
 72
     8
 73
     4
 74
     0
 42
0.000000001
 43
0.0000000001
 40
0.0
 40
0.0
 40
0.0
 40
0.0
 40
1.0
 40
1.0
 40
1.0
 40
1.0
 10
-5.96864
 20
3.00546
 30
0.0
 10
-5.96864
 20
3.00546
 30
0.0
 10
-5.97041
 20
3.00546
 30
0.0
 10
-5.97041
 20
3.00546
 30
0.0
  0
SPLINE
  5
389
330
1F
100
AcDbEntity
  8
Layer 1
 62
   250
370
    25
100
AcDbSpline
210
0.0
220
0.0
230
1.0
 70
     8
 71
     3
 72
    32
 73
    28
 74
     0
 42
0.000000001
 43
0.0000000001
 40
0.0
 40
0.0
 40
0.0
 40
0.0
 40
0.125
 40
0.125
 40
0.125
 40
0.12500001
 40
0.25
 40
0.25
 40
0.25
 40
0.25000001
 40
0.375
 40
0.375
 40
0.375
 40
0.37500001
 40
0.5
 40
0.5
 40
0.5
 40
0.50000001
 40
0.625
 40
0.625
 40
0.625
 40
0.62500001
 40
0.75
 40
0.75
 40
0.75
 40
0.75000001
 40
1.0
 40
1.0
 40
1.0
 40
1.0
 10
-5.93863
 20
2.9525
 30
0.0
 10
-5.93863
 20
2.9525
 30
0.0
 10
-5.9404
 20
2.96486
 30
0.0
 10
-5.9404
 20
2.96486
 30
0.0
 10
-5.9404
 20
2.96486
 30
0.0
 10
-5.9404
 20
2.96486
 30
0.0
 10
-5.94393
 20
2.97545
 30
0.0
 10
-5.94393
 20
2.97545
 30
0.0
 10
-5.94393
 20
2.97545
 30
0.0
 10
-5.94393
 20
2.97545
 30
0.0
 10
-5.94746
 20
2.98604
 30
0.0
 10
-5.94746
 20
2.98604
 30
0.0
 10
-5.94746
 20
2.98604
 30
0.0
 10
-5.94746
 20
2.98604
 30
0.0
 10
-5.95275
 20
2.9931
 30
0.0
 10
-5.95275
 20
2.9931
 30
0.0
 10
-5.95275
 20
2.9931
 30
0.0
 10
-5.95275
 20
2.9931
 30
0.0
 10
-5.95805
 20
3.00016
 30
0.0
 10
-5.95805
 20
3.00016
 30
0.0
 10
-5.95805
 20
3.00016
 30
0.0
 10
-5.95805
 20
3.00016
 30
0.0
 10
-5.96335
 20
3.00369
 30
0.0
 10
-5.96335
 20
3.00369
 30
0.0
 10
-5.96335
 20
3.00369
 30
0.0
 10
-5.96335
 20
3.00369
 30
0.0
 10
-5.96864
 20
3.00546
 30
0.0
 10
-5.96864
 20
3.00546
 30
0.0
  0
SPLINE
  5
38A
330
1F
100
AcDbEntity
  8
Layer 1
 62
   250
370
    25
100
AcDbSpline
210
0.0
220
0.0
230
1.0
 70
     8
 71
     3
 72
    32
 73
    28
 74
     0
 42
0.000000001
 43
0.0000000001
 40
0.0
 40
0.0
 40
0.0
 40
0.0
 40
0.125
 40
0.125
 40
0.125
 40
0.12500001
 40
0.25
 40
0.25
 40
0.25
 40
0.25000001
 40
0.375
 40
0.375
 40
0.375
 40
0.37500001
 40
0.5
 40
0.5
 40
0.5
 40
0.50000001
 40
0.625
 40
0.625
 40
0.625
 40
0.62500001
 40
0.75
 40
0.75
 40
0.75
 40
0.75000001
 40
1.0
 40
1.0
 40
1.0
 40
1.0
 10
-5.96864
 20
0.74068
 30
0.0
 10
-5.96864
 20
0.74068
 30
0.0
 10
-5.96335
 20
0.74245
 30
0.0
 10
-5.96335
 20
0.74245
 30
0.0
 10
-5.96335
 20
0.74245
 30
0.0
 10
-5.96335
 20
0.74245
 30
0.0
 10
-5.95805
 20
0.74597
 30
0.0
 10
-5.95805
 20
0.74597
 30
0.0
 10
-5.95805
 20
0.74597
 30
0.0
 10
-5.95805
 20
0.74597
 30
0.0
 10
-5.95275
 20
0.75127
 30
0.0
 10
-5.95275
 20
0.75127
 30
0.0
 10
-5.95275
 20
0.75127
 30
0.0
 10
-5.95275
 20
0.75127
 30
0.0
 10
-5.94746
 20
0.76009
 30
0.0
 10
-5.94746
 20
0.76009
 30
0.0
 10
-5.94746
 20
0.76009
 30
0.0
 10
-5.94746
 20
0.76009
 30
0.0
 10
-5.94393
 20
0.76892
 30
0.0
 10
-5.94393
 20
0.76892
 30
0.0
 10
-5.94393
 20
0.76892
 30
0.0
 10
-5.94393
 20
0.76892
 30
0.0
 10
-5.9404
 20
0.78128
 30
0.0
 10
-5.9404
 20
0.78128
 30
0.0
 10
-5.9404
 20
0.78128
 30
0.0
 10
-5.9404
 20
0.78128
 30
0.0
 10
-5.93863
 20
0.79363
 30
0.0
 10
-5.93863
 20
0.79363
 30
0.0
  0
SPLINE
  5
38B
330
1F
100
AcDbEntity
  8
Layer 1
 62
   250
370
    25
100
AcDbSpline
210
0.0
220
0.0
230
1.0
 70
    24
 71
     3
 72
     8
 73
     4
 74
     0
 42
0.000000001
 43
0.0000000001
 40
0.0
 40
0.0
 40
0.0
 40
0.0
 40
1.0
 40
1.0
 40
1.0
 40
1.0
 10
-5.97041
 20
0.74068
 30
0.0
 10
-5.97041
 20
0.74068
 30
0.0
 10
-5.96864
 20
0.74068
 30
0.0
 10
-5.96864
 20
0.74068
 30
0.0
  0
SPLINE
  5
38C
330
1F
100
AcDbEntity
  8
Layer 1
 62
   250
370
    25
100
AcDbSpline
210
0.0
220
0.0
230
1.0
 70
    24
 71
     3
 72
     8
 73
     4
 74
     0
 42
0.000000001
 43
0.0000000001
 40
0.0
 40
0.0
 40
0.0
 40
0.0
 40
1.0
 40
1.0
 40
1.0
 40
1.0
 10
-5.97041
 20
3.00546
 30
0.0
 10
-5.97041
 20
3.00546
 30
0.0
 10
-5.97041
 20
0.74068
 30
0.0
 10
-5.97041
 20
0.74068
 30
0.0
  0
SPLINE
  5
38D
330
1F
100
AcDbEntity
  8
Layer 1
 62
   250
370
    25
100
AcDbSpline
210
0.0
220
0.0
230
1.0
 70
     8
 71
     3
 72
    32
 73
    28
 74
     0
 42
0.000000001
 43
0.0000000001
 40
0.0
 40
0.0
 40
0.0
 40
0.0
 40
0.125
 40
0.125
 40
0.125
 40
0.12500001
 40
0.25
 40
0.25
 40
0.25
 40
0.25000001
 40
0.375
 40
0.375
 40
0.375
 40
0.37500001
 40
0.5
 40
0.5
 40
0.5
 40
0.50000001
 40
0.625
 40
0.625
 40
0.625
 40
0.62500001
 40
0.75
 40
0.75
 40
0.75
 40
0.75000001
 40
1.0
 40
1.0
 40
1.0
 40
1.0
 10
-2.24226
 20
0.71067
 30
0.0
 10
-2.24226
 20
0.71067
 30
0.0
 10
-2.24755
 20
0.71243
 30
0.0
 10
-2.24755
 20
0.71243
 30
0.0
 10
-2.24755
 20
0.71243
 30
0.0
 10
-2.24755
 20
0.71243
 30
0.0
 10
-2.25461
 20
0.71773
 30
0.0
 10
-2.25461
 20
0.71773
 30
0.0
 10
-2.25461
 20
0.71773
 30
0.0
 10
-2.25461
 20
0.71773
 30
0.0
 10
-2.2599
 20
0.72656
 30
0.0
 10
-2.2599
 20
0.72656
 30
0.0
 10
-2.2599
 20
0.72656
 30
0.0
 10
-2.2599
 20
0.72656
 30
0.0
 10
-2.26344
 20
0.73891
 30
0.0
 10
-2.26344
 20
0.73891
 30
0.0
 10
-2.26344
 20
0.73891
 30
0.0
 10
-2.26344
 20
0.73891
 30
0.0
 10
-2.26873
 20
0.75303
 30
0.0
 10
-2.26873
 20
0.75303
 30
0.0
 10
-2.26873
 20
0.75303
 30
0.0
 10
-2.26873
 20
0.75303
 30
0.0
 10
-2.2705
 20
0.76892
 30
0.0
 10
-2.2705
 20
0.76892
 30
0.0
 10
-2.2705
 20
0.76892
 30
0.0
 10
-2.2705
 20
0.76892
 30
0.0
 10
-2.27403
 20
0.78657
 30
0.0
 10
-2.27403
 20
0.78657
 30
0.0
  0
SPLINE
  5
38E
330
1F
100
AcDbEntity
  8
Layer 1
 62
   250
370
    25
100
AcDbSpline
210
0.0
220
0.0
230
1.0
 70
     8
 71
     3
 72
    36
 73
    32
 74
     0
 42
0.000000001
 43
0.0000000001
 40
0.0
 40
0.0
 40
0.0
 40
0.0
 40
0.1111111111111111
 40
0.1111111111111111
 40
0.1111111111111111
 40
0.1111111211111111
 40
0.2222222222222222
 40
0.2222222222222222
 40
0.2222222222222222
 40
0.2222222322222222
 40
0.3333333333333333
 40
0.3333333333333333
 40
0.3333333333333333
 40
0.3333333433333333
 40
0.4444444444444444
 40
0.4444444444444444
 40
0.4444444444444444
 40
0.4444444544444444
 40
0.5555555555555556
 40
0.5555555555555556
 40
0.5555555555555556
 40
0.5555555655555556
 40
0.6666666666666666
 40
0.6666666666666666
 40
0.6666666666666666
 40
0.6666666766666667
 40
0.7777777777777778
 40
0.7777777777777778
 40
0.7777777777777778
 40
0.7777777877777778
 40
1.0
 40
1.0
 40
1.0
 40
1.0
 10
-2.24226
 20
0.71067
 30
0.0
 10
-2.24226
 20
0.71067
 30
0.0
 10
-2.23696
 20
0.71067
 30
0.0
 10
-2.23696
 20
0.71067
 30
0.0
 10
-2.23696
 20
0.71067
 30
0.0
 10
-2.23696
 20
0.71067
 30
0.0
 10
-2.23166
 20
0.71243
 30
0.0
 10
-2.23166
 20
0.71243
 30
0.0
 10
-2.23166
 20
0.71243
 30
0.0
 10
-2.23166
 20
0.71243
 30
0.0
 10
-2.22637
 20
0.71597
 30
0.0
 10
-2.22637
 20
0.71597
 30
0.0
 10
-2.22637
 20
0.71597
 30
0.0
 10
-2.22637
 20
0.71597
 30
0.0
 10
-2.22284
 20
0.7195
 30
0.0
 10
-2.22284
 20
0.7195
 30
0.0
 10
-2.22284
 20
0.7195
 30
0.0
 10
-2.22284
 20
0.7195
 30
0.0
 10
-2.2193
 20
0.72303
 30
0.0
 10
-2.2193
 20
0.72303
 30
0.0
 10
-2.2193
 20
0.72303
 30
0.0
 10
-2.2193
 20
0.72303
 30
0.0
 10
-2.21754
 20
0.72832
 30
0.0
 10
-2.21754
 20
0.72832
 30
0.0
 10
-2.21754
 20
0.72832
 30
0.0
 10
-2.21754
 20
0.72832
 30
0.0
 10
-2.21578
 20
0.73362
 30
0.0
 10
-2.21578
 20
0.73362
 30
0.0
 10
-2.21578
 20
0.73362
 30
0.0
 10
-2.21578
 20
0.73362
 30
0.0
 10
-2.21578
 20
0.74068
 30
0.0
 10
-2.21578
 20
0.74068
 30
0.0
  0
SPLINE
  5
38F
330
1F
100
AcDbEntity
  8
Layer 1
 62
   250
370
    25
100
AcDbSpline
210
0.0
220
0.0
230
1.0
 70
     8
 71
     3
 72
    32
 73
    28
 74
     0
 42
0.000000001
 43
0.0000000001
 40
0.0
 40
0.0
 40
0.0
 40
0.0
 40
0.125
 40
0.125
 40
0.125
 40
0.12500001
 40
0.25
 40
0.25
 40
0.25
 40
0.25000001
 40
0.375
 40
0.375
 40
0.375
 40
0.37500001
 40
0.5
 40
0.5
 40
0.5
 40
0.50000001
 40
0.625
 40
0.625
 40
0.625
 40
0.62500001
 40
0.75
 40
0.75
 40
0.75
 40
0.75000001
 40
1.0
 40
1.0
 40
1.0
 40
1.0
 10
-2.27403
 20
2.95957
 30
0.0
 10
-2.27403
 20
2.95957
 30
0.0
 10
-2.2705
 20
2.97721
 30
0.0
 10
-2.2705
 20
2.97721
 30
0.0
 10
-2.2705
 20
2.97721
 30
0.0
 10
-2.2705
 20
2.97721
 30
0.0
 10
-2.26873
 20
2.9931
 30
0.0
 10
-2.26873
 20
2.9931
 30
0.0
 10
-2.26873
 20
2.9931
 30
0.0
 10
-2.26873
 20
2.9931
 30
0.0
 10
-2.26344
 20
3.00723
 30
0.0
 10
-2.26344
 20
3.00723
 30
0.0
 10
-2.26344
 20
3.00723
 30
0.0
 10
-2.26344
 20
3.00723
 30
0.0
 10
-2.2599
 20
3.01958
 30
0.0
 10
-2.2599
 20
3.01958
 30
0.0
 10
-2.2599
 20
3.01958
 30
0.0
 10
-2.2599
 20
3.01958
 30
0.0
 10
-2.25461
 20
3.02664
 30
0.0
 10
-2.25461
 20
3.02664
 30
0.0
 10
-2.25461
 20
3.02664
 30
0.0
 10
-2.25461
 20
3.02664
 30
0.0
 10
-2.24755
 20
3.0337
 30
0.0
 10
-2.24755
 20
3.0337
 30
0.0
 10
-2.24755
 20
3.0337
 30
0.0
 10
-2.24755
 20
3.0337
 30
0.0
 10
-2.24226
 20
3.03547
 30
0.0
 10
-2.24226
 20
3.03547
 30
0.0
  0
SPLINE
  5
390
330
1F
100
AcDbEntity
  8
Layer 1
 62
   250
370
    25
100
AcDbSpline
210
0.0
220
0.0
230
1.0
 70
     8
 71
     3
 72
    36
 73
    32
 74
     0
 42
0.000000001
 43
0.0000000001
 40
0.0
 40
0.0
 40
0.0
 40
0.0
 40
0.1111111111111111
 40
0.1111111111111111
 40
0.1111111111111111
 40
0.1111111211111111
 40
0.2222222222222222
 40
0.2222222222222222
 40
0.2222222222222222
 40
0.2222222322222222
 40
0.3333333333333333
 40
0.3333333333333333
 40
0.3333333333333333
 40
0.3333333433333333
 40
0.4444444444444444
 40
0.4444444444444444
 40
0.4444444444444444
 40
0.4444444544444444
 40
0.5555555555555556
 40
0.5555555555555556
 40
0.5555555555555556
 40
0.5555555655555556
 40
0.6666666666666666
 40
0.6666666666666666
 40
0.6666666666666666
 40
0.6666666766666667
 40
0.7777777777777778
 40
0.7777777777777778
 40
0.7777777777777778
 40
0.7777777877777778
 40
1.0
 40
1.0
 40
1.0
 40
1.0
 10
-2.24226
 20
3.03547
 30
0.0
 10
-2.24226
 20
3.03547
 30
0.0
 10
-2.23696
 20
3.0337
 30
0.0
 10
-2.23696
 20
3.0337
 30
0.0
 10
-2.23696
 20
3.0337
 30
0.0
 10
-2.23696
 20
3.0337
 30
0.0
 10
-2.23166
 20
3.03194
 30
0.0
 10
-2.23166
 20
3.03194
 30
0.0
 10
-2.23166
 20
3.03194
 30
0.0
 10
-2.23166
 20
3.03194
 30
0.0
 10
-2.22637
 20
3.03017
 30
0.0
 10
-2.22637
 20
3.03017
 30
0.0
 10
-2.22637
 20
3.03017
 30
0.0
 10
-2.22637
 20
3.03017
 30
0.0
 10
-2.22284
 20
3.02664
 30
0.0
 10
-2.22284
 20
3.02664
 30
0.0
 10
-2.22284
 20
3.02664
 30
0.0
 10
-2.22284
 20
3.02664
 30
0.0
 10
-2.2193
 20
3.02135
 30
0.0
 10
-2.2193
 20
3.02135
 30
0.0
 10
-2.2193
 20
3.02135
 30
0.0
 10
-2.2193
 20
3.02135
 30
0.0
 10
-2.21754
 20
3.01605
 30
0.0
 10
-2.21754
 20
3.01605
 30
0.0
 10
-2.21754
 20
3.01605
 30
0.0
 10
-2.21754
 20
3.01605
 30
0.0
 10
-2.21578
 20
3.01075
 30
0.0
 10
-2.21578
 20
3.01075
 30
0.0
 10
-2.21578
 20
3.01075
 30
0.0
 10
-2.21578
 20
3.01075
 30
0.0
 10
-2.21578
 20
3.00546
 30
0.0
 10
-2.21578
 20
3.00546
 30
0.0
  0
SPLINE
  5
391
330
1F
100
AcDbEntity
  8
Layer 1
 62
   250
370
    25
100
AcDbSpline
210
0.0
220
0.0
230
1.0
 70
     8
 71
     3
 72
    32
 73
    28
 74
     0
 42
0.000000001
 43
0.0000000001
 40
0.0
 40
0.0
 40
0.0
 40
0.0
 40
0.125
 40
0.125
 40
0.125
 40
0.12500001
 40
0.25
 40
0.25
 40
0.25
 40
0.25000001
 40
0.375
 40
0.375
 40
0.375
 40
0.37500001
 40
0.5
 40
0.5
 40
0.5
 40
0.50000001
 40
0.625
 40
0.625
 40
0.625
 40
0.62500001
 40
0.75
 40
0.75
 40
0.75
 40
0.75000001
 40
1.0
 40
1.0
 40
1.0
 40
1.0
 10
-5.94216
 20
3.03547
 30
0.0
 10
-5.94216
 20
3.03547
 30
0.0
 10
-5.93687
 20
3.0337
 30
0.0
 10
-5.93687
 20
3.0337
 30
0.0
 10
-5.93687
 20
3.0337
 30
0.0
 10
-5.93687
 20
3.0337
 30
0.0
 10
-5.9298
 20
3.02664
 30
0.0
 10
-5.9298
 20
3.02664
 30
0.0
 10
-5.9298
 20
3.02664
 30
0.0
 10
-5.9298
 20
3.02664
 30
0.0
 10
-5.92451
 20
3.01958
 30
0.0
 10
-5.92451
 20
3.01958
 30
0.0
 10
-5.92451
 20
3.01958
 30
0.0
 10
-5.92451
 20
3.01958
 30
0.0
 10
-5.92098
 20
3.00723
 30
0.0
 10
-5.92098
 20
3.00723
 30
0.0
 10
-5.92098
 20
3.00723
 30
0.0
 10
-5.92098
 20
3.00723
 30
0.0
 10
-5.91568
 20
2.9931
 30
0.0
 10
-5.91568
 20
2.9931
 30
0.0
 10
-5.91568
 20
2.9931
 30
0.0
 10
-5.91568
 20
2.9931
 30
0.0
 10
-5.91392
 20
2.97721
 30
0.0
 10
-5.91392
 20
2.97721
 30
0.0
 10
-5.91392
 20
2.97721
 30
0.0
 10
-5.91392
 20
2.97721
 30
0.0
 10
-5.91039
 20
2.95957
 30
0.0
 10
-5.91039
 20
2.95957
 30
0.0
  0
SPLINE
  5
392
330
1F
100
AcDbEntity
  8
Layer 1
 62
   250
370
    25
100
AcDbSpline
210
0.0
220
0.0
230
1.0
 70
     8
 71
     3
 72
    36
 73
    32
 74
     0
 42
0.000000001
 43
0.0000000001
 40
0.0
 40
0.0
 40
0.0
 40
0.0
 40
0.1111111111111111
 40
0.1111111111111111
 40
0.1111111111111111
 40
0.1111111211111111
 40
0.2222222222222222
 40
0.2222222222222222
 40
0.2222222222222222
 40
0.2222222322222222
 40
0.3333333333333333
 40
0.3333333333333333
 40
0.3333333333333333
 40
0.3333333433333333
 40
0.4444444444444444
 40
0.4444444444444444
 40
0.4444444444444444
 40
0.4444444544444444
 40
0.5555555555555556
 40
0.5555555555555556
 40
0.5555555555555556
 40
0.5555555655555556
 40
0.6666666666666666
 40
0.6666666666666666
 40
0.6666666666666666
 40
0.6666666766666667
 40
0.7777777777777778
 40
0.7777777777777778
 40
0.7777777777777778
 40
0.7777777877777778
 40
1.0
 40
1.0
 40
1.0
 40
1.0
 10
-5.94216
 20
3.03547
 30
0.0
 10
-5.94216
 20
3.03547
 30
0.0
 10
-5.94746
 20
3.0337
 30
0.0
 10
-5.94746
 20
3.0337
 30
0.0
 10
-5.94746
 20
3.0337
 30
0.0
 10
-5.94746
 20
3.0337
 30
0.0
 10
-5.95275
 20
3.03194
 30
0.0
 10
-5.95275
 20
3.03194
 30
0.0
 10
-5.95275
 20
3.03194
 30
0.0
 10
-5.95275
 20
3.03194
 30
0.0
 10
-5.95805
 20
3.03017
 30
0.0
 10
-5.95805
 20
3.03017
 30
0.0
 10
-5.95805
 20
3.03017
 30
0.0
 10
-5.95805
 20
3.03017
 30
0.0
 10
-5.96158
 20
3.02664
 30
0.0
 10
-5.96158
 20
3.02664
 30
0.0
 10
-5.96158
 20
3.02664
 30
0.0
 10
-5.96158
 20
3.02664
 30
0.0
 10
-5.96511
 20
3.02135
 30
0.0
 10
-5.96511
 20
3.02135
 30
0.0
 10
-5.96511
 20
3.02135
 30
0.0
 10
-5.96511
 20
3.02135
 30
0.0
 10
-5.96688
 20
3.01605
 30
0.0
 10
-5.96688
 20
3.01605
 30
0.0
 10
-5.96688
 20
3.01605
 30
0.0
 10
-5.96688
 20
3.01605
 30
0.0
 10
-5.96864
 20
3.01075
 30
0.0
 10
-5.96864
 20
3.01075
 30
0.0
 10
-5.96864
 20
3.01075
 30
0.0
 10
-5.96864
 20
3.01075
 30
0.0
 10
-5.96864
 20
3.00546
 30
0.0
 10
-5.96864
 20
3.00546
 30
0.0
  0
SPLINE
  5
393
330
1F
100
AcDbEntity
  8
Layer 1
 62
   250
370
    25
100
AcDbSpline
210
0.0
220
0.0
230
1.0
 70
     8
 71
     3
 72
    32
 73
    28
 74
     0
 42
0.000000001
 43
0.0000000001
 40
0.0
 40
0.0
 40
0.0
 40
0.0
 40
0.125
 40
0.125
 40
0.125
 40
0.12500001
 40
0.25
 40
0.25
 40
0.25
 40
0.25000001
 40
0.375
 40
0.375
 40
0.375
 40
0.37500001
 40
0.5
 40
0.5
 40
0.5
 40
0.50000001
 40
0.625
 40
0.625
 40
0.625
 40
0.62500001
 40
0.75
 40
0.75
 40
0.75
 40
0.75000001
 40
1.0
 40
1.0
 40
1.0
 40
1.0
 10
-5.91039
 20
0.78657
 30
0.0
 10
-5.91039
 20
0.78657
 30
0.0
 10
-5.91392
 20
0.76892
 30
0.0
 10
-5.91392
 20
0.76892
 30
0.0
 10
-5.91392
 20
0.76892
 30
0.0
 10
-5.91392
 20
0.76892
 30
0.0
 10
-5.91568
 20
0.75303
 30
0.0
 10
-5.91568
 20
0.75303
 30
0.0
 10
-5.91568
 20
0.75303
 30
0.0
 10
-5.91568
 20
0.75303
 30
0.0
 10
-5.92098
 20
0.73891
 30
0.0
 10
-5.92098
 20
0.73891
 30
0.0
 10
-5.92098
 20
0.73891
 30
0.0
 10
-5.92098
 20
0.73891
 30
0.0
 10
-5.92451
 20
0.72656
 30
0.0
 10
-5.92451
 20
0.72656
 30
0.0
 10
-5.92451
 20
0.72656
 30
0.0
 10
-5.92451
 20
0.72656
 30
0.0
 10
-5.9298
 20
0.71773
 30
0.0
 10
-5.9298
 20
0.71773
 30
0.0
 10
-5.9298
 20
0.71773
 30
0.0
 10
-5.9298
 20
0.71773
 30
0.0
 10
-5.93687
 20
0.71243
 30
0.0
 10
-5.93687
 20
0.71243
 30
0.0
 10
-5.93687
 20
0.71243
 30
0.0
 10
-5.93687
 20
0.71243
 30
0.0
 10
-5.94216
 20
0.71067
 30
0.0
 10
-5.94216
 20
0.71067
 30
0.0
  0
SPLINE
  5
394
330
1F
100
AcDbEntity
  8
Layer 1
 62
   250
370
    25
100
AcDbSpline
210
0.0
220
0.0
230
1.0
 70
     8
 71
     3
 72
    36
 73
    32
 74
     0
 42
0.000000001
 43
0.0000000001
 40
0.0
 40
0.0
 40
0.0
 40
0.0
 40
0.1111111111111111
 40
0.1111111111111111
 40
0.1111111111111111
 40
0.1111111211111111
 40
0.2222222222222222
 40
0.2222222222222222
 40
0.2222222222222222
 40
0.2222222322222222
 40
0.3333333333333333
 40
0.3333333333333333
 40
0.3333333333333333
 40
0.3333333433333333
 40
0.4444444444444444
 40
0.4444444444444444
 40
0.4444444444444444
 40
0.4444444544444444
 40
0.5555555555555556
 40
0.5555555555555556
 40
0.5555555555555556
 40
0.5555555655555556
 40
0.6666666666666666
 40
0.6666666666666666
 40
0.6666666666666666
 40
0.6666666766666667
 40
0.7777777777777778
 40
0.7777777777777778
 40
0.7777777777777778
 40
0.7777777877777778
 40
1.0
 40
1.0
 40
1.0
 40
1.0
 10
-5.94216
 20
0.71067
 30
0.0
 10
-5.94216
 20
0.71067
 30
0.0
 10
-5.94746
 20
0.71067
 30
0.0
 10
-5.94746
 20
0.71067
 30
0.0
 10
-5.94746
 20
0.71067
 30
0.0
 10
-5.94746
 20
0.71067
 30
0.0
 10
-5.95275
 20
0.71243
 30
0.0
 10
-5.95275
 20
0.71243
 30
0.0
 10
-5.95275
 20
0.71243
 30
0.0
 10
-5.95275
 20
0.71243
 30
0.0
 10
-5.95805
 20
0.71597
 30
0.0
 10
-5.95805
 20
0.71597
 30
0.0
 10
-5.95805
 20
0.71597
 30
0.0
 10
-5.95805
 20
0.71597
 30
0.0
 10
-5.96158
 20
0.7195
 30
0.0
 10
-5.96158
 20
0.7195
 30
0.0
 10
-5.96158
 20
0.7195
 30
0.0
 10
-5.96158
 20
0.7195
 30
0.0
 10
-5.96511
 20
0.72303
 30
0.0
 10
-5.96511
 20
0.72303
 30
0.0
 10
-5.96511
 20
0.72303
 30
0.0
 10
-5.96511
 20
0.72303
 30
0.0
 10
-5.96688
 20
0.72832
 30
0.0
 10
-5.96688
 20
0.72832
 30
0.0
 10
-5.96688
 20
0.72832
 30
0.0
 10
-5.96688
 20
0.72832
 30
0.0
 10
-5.96864
 20
0.73362
 30
0.0
 10
-5.96864
 20
0.73362
 30
0.0
 10
-5.96864
 20
0.73362
 30
0.0
 10
-5.96864
 20
0.73362
 30
0.0
 10
-5.96864
 20
0.74068
 30
0.0
 10
-5.96864
 20
0.74068
 30
0.0
  0
SPLINE
  5
395
330
1F
100
AcDbEntity
  8
Layer 1
 62
   250
370
    25
100
AcDbSpline
210
0.0
220
0.0
230
1.0
 70
    24
 71
     3
 72
     8
 73
     4
 74
     0
 42
0.000000001
 43
0.0000000001
 40
0.0
 40
0.0
 40
0.0
 40
0.0
 40
1.0
 40
1.0
 40
1.0
 40
1.0
 10
-2.24226
 20
0.71067
 30
0.0
 10
-2.24226
 20
0.71067
 30
0.0
 10
-5.94216
 20
0.71067
 30
0.0
 10
-5.94216
 20
0.71067
 30
0.0
  0
SPLINE
  5
396
330
1F
100
AcDbEntity
  8
Layer 1
 62
   250
370
    25
100
AcDbSpline
210
0.0
220
0.0
230
1.0
 70
    24
 71
     3
 72
     8
 73
     4
 74
     0
 42
0.000000001
 43
0.0000000001
 40
0.0
 40
0.0
 40
0.0
 40
0.0
 40
1.0
 40
1.0
 40
1.0
 40
1.0
 10
-2.24226
 20
3.03547
 30
0.0
 10
-2.24226
 20
3.03547
 30
0.0
 10
-5.94216
 20
3.03547
 30
0.0
 10
-5.94216
 20
3.03547
 30
0.0
  0
SPLINE
  5
397
330
1F
100
AcDbEntity
  8
Layer 1
 62
   250
370
    25
100
AcDbSpline
210
0.0
220
0.0
230
1.0
 70
    24
 71
     3
 72
     8
 73
     4
 74
     0
 42
0.000000001
 43
0.0000000001
 40
0.0
 40
0.0
 40
0.0
 40
0.0
 40
1.0
 40
1.0
 40
1.0
 40
1.0
 10
-2.24049
 20
0.71067
 30
0.0
 10
-2.24049
 20
0.71067
 30
0.0
 10
-2.24226
 20
0.71067
 30
0.0
 10
-2.24226
 20
0.71067
 30
0.0
  0
SPLINE
  5
398
330
1F
100
AcDbEntity
  8
Layer 1
 62
   250
370
    25
100
AcDbSpline
210
0.0
220
0.0
230
1.0
 70
     8
 71
     3
 72
    36
 73
    32
 74
     0
 42
0.000000001
 43
0.0000000001
 40
0.0
 40
0.0
 40
0.0
 40
0.0
 40
0.1111111111111111
 40
0.1111111111111111
 40
0.1111111111111111
 40
0.1111111211111111
 40
0.2222222222222222
 40
0.2222222222222222
 40
0.2222222222222222
 40
0.2222222322222222
 40
0.3333333333333333
 40
0.3333333333333333
 40
0.3333333333333333
 40
0.3333333433333333
 40
0.4444444444444444
 40
0.4444444444444444
 40
0.4444444444444444
 40
0.4444444544444444
 40
0.5555555555555556
 40
0.5555555555555556
 40
0.5555555555555556
 40
0.5555555655555556
 40
0.6666666666666666
 40
0.6666666666666666
 40
0.6666666666666666
 40
0.6666666766666667
 40
0.7777777777777778
 40
0.7777777777777778
 40
0.7777777777777778
 40
0.7777777877777778
 40
1.0
 40
1.0
 40
1.0
 40
1.0
 10
-2.24049
 20
0.71067
 30
0.0
 10
-2.24049
 20
0.71067
 30
0.0
 10
-2.23519
 20
0.71067
 30
0.0
 10
-2.23519
 20
0.71067
 30
0.0
 10
-2.23519
 20
0.71067
 30
0.0
 10
-2.23519
 20
0.71067
 30
0.0
 10
-2.2299
 20
0.71243
 30
0.0
 10
-2.2299
 20
0.71243
 30
0.0
 10
-2.2299
 20
0.71243
 30
0.0
 10
-2.2299
 20
0.71243
 30
0.0
 10
-2.22637
 20
0.71597
 30
0.0
 10
-2.22637
 20
0.71597
 30
0.0
 10
-2.22637
 20
0.71597
 30
0.0
 10
-2.22637
 20
0.71597
 30
0.0
 10
-2.22107
 20
0.7195
 30
0.0
 10
-2.22107
 20
0.7195
 30
0.0
 10
-2.22107
 20
0.7195
 30
0.0
 10
-2.22107
 20
0.7195
 30
0.0
 10
-2.2193
 20
0.72303
 30
0.0
 10
-2.2193
 20
0.72303
 30
0.0
 10
-2.2193
 20
0.72303
 30
0.0
 10
-2.2193
 20
0.72303
 30
0.0
 10
-2.21578
 20
0.72832
 30
0.0
 10
-2.21578
 20
0.72832
 30
0.0
 10
-2.21578
 20
0.72832
 30
0.0
 10
-2.21578
 20
0.72832
 30
0.0
 10
-2.21401
 20
0.73362
 30
0.0
 10
-2.21401
 20
0.73362
 30
0.0
 10
-2.21401
 20
0.73362
 30
0.0
 10
-2.21401
 20
0.73362
 30
0.0
 10
-2.21401
 20
0.74068
 30
0.0
 10
-2.21401
 20
0.74068
 30
0.0
  0
SPLINE
  5
399
330
1F
100
AcDbEntity
  8
Layer 1
 62
   250
370
    25
100
AcDbSpline
210
0.0
220
0.0
230
1.0
 70
    24
 71
     3
 72
     8
 73
     4
 74
     0
 42
0.000000001
 43
0.0000000001
 40
0.0
 40
0.0
 40
0.0
 40
0.0
 40
1.0
 40
1.0
 40
1.0
 40
1.0
 10
-2.24226
 20
3.03547
 30
0.0
 10
-2.24226
 20
3.03547
 30
0.0
 10
-2.24049
 20
3.03547
 30
0.0
 10
-2.24049
 20
3.03547
 30
0.0
  0
SPLINE
  5
39A
330
1F
100
AcDbEntity
  8
Layer 1
 62
   250
370
    25
100
AcDbSpline
210
0.0
220
0.0
230
1.0
 70
     8
 71
     3
 72
    36
 73
    32
 74
     0
 42
0.000000001
 43
0.0000000001
 40
0.0
 40
0.0
 40
0.0
 40
0.0
 40
0.1111111111111111
 40
0.1111111111111111
 40
0.1111111111111111
 40
0.1111111211111111
 40
0.2222222222222222
 40
0.2222222222222222
 40
0.2222222222222222
 40
0.2222222322222222
 40
0.3333333333333333
 40
0.3333333333333333
 40
0.3333333333333333
 40
0.3333333433333333
 40
0.4444444444444444
 40
0.4444444444444444
 40
0.4444444444444444
 40
0.4444444544444444
 40
0.5555555555555556
 40
0.5555555555555556
 40
0.5555555555555556
 40
0.5555555655555556
 40
0.6666666666666666
 40
0.6666666666666666
 40
0.6666666666666666
 40
0.6666666766666667
 40
0.7777777777777778
 40
0.7777777777777778
 40
0.7777777777777778
 40
0.7777777877777778
 40
1.0
 40
1.0
 40
1.0
 40
1.0
 10
-2.24049
 20
3.03547
 30
0.0
 10
-2.24049
 20
3.03547
 30
0.0
 10
-2.23519
 20
3.0337
 30
0.0
 10
-2.23519
 20
3.0337
 30
0.0
 10
-2.23519
 20
3.0337
 30
0.0
 10
-2.23519
 20
3.0337
 30
0.0
 10
-2.2299
 20
3.03194
 30
0.0
 10
-2.2299
 20
3.03194
 30
0.0
 10
-2.2299
 20
3.03194
 30
0.0
 10
-2.2299
 20
3.03194
 30
0.0
 10
-2.22637
 20
3.03017
 30
0.0
 10
-2.22637
 20
3.03017
 30
0.0
 10
-2.22637
 20
3.03017
 30
0.0
 10
-2.22637
 20
3.03017
 30
0.0
 10
-2.22107
 20
3.02664
 30
0.0
 10
-2.22107
 20
3.02664
 30
0.0
 10
-2.22107
 20
3.02664
 30
0.0
 10
-2.22107
 20
3.02664
 30
0.0
 10
-2.2193
 20
3.02135
 30
0.0
 10
-2.2193
 20
3.02135
 30
0.0
 10
-2.2193
 20
3.02135
 30
0.0
 10
-2.2193
 20
3.02135
 30
0.0
 10
-2.21578
 20
3.01605
 30
0.0
 10
-2.21578
 20
3.01605
 30
0.0
 10
-2.21578
 20
3.01605
 30
0.0
 10
-2.21578
 20
3.01605
 30
0.0
 10
-2.21401
 20
3.01075
 30
0.0
 10
-2.21401
 20
3.01075
 30
0.0
 10
-2.21401
 20
3.01075
 30
0.0
 10
-2.21401
 20
3.01075
 30
0.0
 10
-2.21401
 20
3.00546
 30
0.0
 10
-2.21401
 20
3.00546
 30
0.0
  0
SPLINE
  5
39B
330
1F
100
AcDbEntity
  8
Layer 1
 62
   250
370
    25
100
AcDbSpline
210
0.0
220
0.0
230
1.0
 70
    24
 71
     3
 72
     8
 73
     4
 74
     0
 42
0.000000001
 43
0.0000000001
 40
0.0
 40
0.0
 40
0.0
 40
0.0
 40
1.0
 40
1.0
 40
1.0
 40
1.0
 10
-5.94216
 20
0.71067
 30
0.0
 10
-5.94216
 20
0.71067
 30
0.0
 10
-5.94393
 20
0.71067
 30
0.0
 10
-5.94393
 20
0.71067
 30
0.0
  0
SPLINE
  5
39C
330
1F
100
AcDbEntity
  8
Layer 1
 62
   250
370
    25
100
AcDbSpline
210
0.0
220
0.0
230
1.0
 70
     8
 71
     3
 72
    36
 73
    32
 74
     0
 42
0.000000001
 43
0.0000000001
 40
0.0
 40
0.0
 40
0.0
 40
0.0
 40
0.1111111111111111
 40
0.1111111111111111
 40
0.1111111111111111
 40
0.1111111211111111
 40
0.2222222222222222
 40
0.2222222222222222
 40
0.2222222222222222
 40
0.2222222322222222
 40
0.3333333333333333
 40
0.3333333333333333
 40
0.3333333333333333
 40
0.3333333433333333
 40
0.4444444444444444
 40
0.4444444444444444
 40
0.4444444444444444
 40
0.4444444544444444
 40
0.5555555555555556
 40
0.5555555555555556
 40
0.5555555555555556
 40
0.5555555655555556
 40
0.6666666666666666
 40
0.6666666666666666
 40
0.6666666666666666
 40
0.6666666766666667
 40
0.7777777777777778
 40
0.7777777777777778
 40
0.7777777777777778
 40
0.7777777877777778
 40
1.0
 40
1.0
 40
1.0
 40
1.0
 10
-5.94393
 20
0.71067
 30
0.0
 10
-5.94393
 20
0.71067
 30
0.0
 10
-5.94922
 20
0.71067
 30
0.0
 10
-5.94922
 20
0.71067
 30
0.0
 10
-5.94922
 20
0.71067
 30
0.0
 10
-5.94922
 20
0.71067
 30
0.0
 10
-5.95452
 20
0.71243
 30
0.0
 10
-5.95452
 20
0.71243
 30
0.0
 10
-5.95452
 20
0.71243
 30
0.0
 10
-5.95452
 20
0.71243
 30
0.0
 10
-5.95805
 20
0.71597
 30
0.0
 10
-5.95805
 20
0.71597
 30
0.0
 10
-5.95805
 20
0.71597
 30
0.0
 10
-5.95805
 20
0.71597
 30
0.0
 10
-5.96335
 20
0.7195
 30
0.0
 10
-5.96335
 20
0.7195
 30
0.0
 10
-5.96335
 20
0.7195
 30
0.0
 10
-5.96335
 20
0.7195
 30
0.0
 10
-5.96511
 20
0.72303
 30
0.0
 10
-5.96511
 20
0.72303
 30
0.0
 10
-5.96511
 20
0.72303
 30
0.0
 10
-5.96511
 20
0.72303
 30
0.0
 10
-5.96864
 20
0.72832
 30
0.0
 10
-5.96864
 20
0.72832
 30
0.0
 10
-5.96864
 20
0.72832
 30
0.0
 10
-5.96864
 20
0.72832
 30
0.0
 10
-5.97041
 20
0.73362
 30
0.0
 10
-5.97041
 20
0.73362
 30
0.0
 10
-5.97041
 20
0.73362
 30
0.0
 10
-5.97041
 20
0.73362
 30
0.0
 10
-5.97041
 20
0.74068
 30
0.0
 10
-5.97041
 20
0.74068
 30
0.0
  0
SPLINE
  5
39D
330
1F
100
AcDbEntity
  8
Layer 1
 62
   250
370
    25
100
AcDbSpline
210
0.0
220
0.0
230
1.0
 70
    24
 71
     3
 72
     8
 73
     4
 74
     0
 42
0.000000001
 43
0.0000000001
 40
0.0
 40
0.0
 40
0.0
 40
0.0
 40
1.0
 40
1.0
 40
1.0
 40
1.0
 10
-5.94393
 20
3.03547
 30
0.0
 10
-5.94393
 20
3.03547
 30
0.0
 10
-5.94216
 20
3.03547
 30
0.0
 10
-5.94216
 20
3.03547
 30
0.0
  0
SPLINE
  5
39E
330
1F
100
AcDbEntity
  8
Layer 1
 62
   250
370
    25
100
AcDbSpline
210
0.0
220
0.0
230
1.0
 70
     8
 71
     3
 72
    36
 73
    32
 74
     0
 42
0.000000001
 43
0.0000000001
 40
0.0
 40
0.0
 40
0.0
 40
0.0
 40
0.1111111111111111
 40
0.1111111111111111
 40
0.1111111111111111
 40
0.1111111211111111
 40
0.2222222222222222
 40
0.2222222222222222
 40
0.2222222222222222
 40
0.2222222322222222
 40
0.3333333333333333
 40
0.3333333333333333
 40
0.3333333333333333
 40
0.3333333433333333
 40
0.4444444444444444
 40
0.4444444444444444
 40
0.4444444444444444
 40
0.4444444544444444
 40
0.5555555555555556
 40
0.5555555555555556
 40
0.5555555555555556
 40
0.5555555655555556
 40
0.6666666666666666
 40
0.6666666666666666
 40
0.6666666666666666
 40
0.6666666766666667
 40
0.7777777777777778
 40
0.7777777777777778
 40
0.7777777777777778
 40
0.7777777877777778
 40
1.0
 40
1.0
 40
1.0
 40
1.0
 10
-5.94393
 20
3.03547
 30
0.0
 10
-5.94393
 20
3.03547
 30
0.0
 10
-5.94922
 20
3.0337
 30
0.0
 10
-5.94922
 20
3.0337
 30
0.0
 10
-5.94922
 20
3.0337
 30
0.0
 10
-5.94922
 20
3.0337
 30
0.0
 10
-5.95452
 20
3.03194
 30
0.0
 10
-5.95452
 20
3.03194
 30
0.0
 10
-5.95452
 20
3.03194
 30
0.0
 10
-5.95452
 20
3.03194
 30
0.0
 10
-5.95805
 20
3.03017
 30
0.0
 10
-5.95805
 20
3.03017
 30
0.0
 10
-5.95805
 20
3.03017
 30
0.0
 10
-5.95805
 20
3.03017
 30
0.0
 10
-5.96335
 20
3.02664
 30
0.0
 10
-5.96335
 20
3.02664
 30
0.0
 10
-5.96335
 20
3.02664
 30
0.0
 10
-5.96335
 20
3.02664
 30
0.0
 10
-5.96511
 20
3.02135
 30
0.0
 10
-5.96511
 20
3.02135
 30
0.0
 10
-5.96511
 20
3.02135
 30
0.0
 10
-5.96511
 20
3.02135
 30
0.0
 10
-5.96864
 20
3.01605
 30
0.0
 10
-5.96864
 20
3.01605
 30
0.0
 10
-5.96864
 20
3.01605
 30
0.0
 10
-5.96864
 20
3.01605
 30
0.0
 10
-5.97041
 20
3.01075
 30
0.0
 10
-5.97041
 20
3.01075
 30
0.0
 10
-5.97041
 20
3.01075
 30
0.0
 10
-5.97041
 20
3.01075
 30
0.0
 10
-5.97041
 20
3.00546
 30
0.0
 10
-5.97041
 20
3.00546
 30
0.0
  0
SPLINE
  5
39F
330
1F
100
AcDbEntity
  8
Layer 1
 62
   250
370
    25
100
AcDbSpline
210
0.0
220
0.0
230
1.0
 70
    24
 71
     3
 72
    12
 73
     8
 74
     0
 42
0.000000001
 43
0.0000000001
 40
0.0
 40
0.0
 40
0.0
 40
0.0
 40
0.3333333333333333
 40
0.3333333333333333
 40
0.3333333333333333
 40
0.3333333433333333
 40
1.0
 40
1.0
 40
1.0
 40
1.0
 10
-2.24049
 20
3.03547
 30
0.0
 10
-2.24049
 20
3.03547
 30
0.0
 10
-2.24049
 20
3.03547
 30
0.0
 10
-2.24049
 20
3.03547
 30
0.0
 10
-2.24049
 20
3.03547
 30
0.0
 10
-2.24049
 20
3.03547
 30
0.0
 10
-2.23872
 20
3.03547
 30
0.0
 10
-2.23872
 20
3.03547
 30
0.0
  0
SPLINE
  5
3A0
330
1F
100
AcDbEntity
  8
Layer 1
 62
   250
370
    25
100
AcDbSpline
210
0.0
220
0.0
230
1.0
 70
     8
 71
     3
 72
    36
 73
    32
 74
     0
 42
0.000000001
 43
0.0000000001
 40
0.0
 40
0.0
 40
0.0
 40
0.0
 40
0.1111111111111111
 40
0.1111111111111111
 40
0.1111111111111111
 40
0.1111111211111111
 40
0.2222222222222222
 40
0.2222222222222222
 40
0.2222222222222222
 40
0.2222222322222222
 40
0.3333333333333333
 40
0.3333333333333333
 40
0.3333333333333333
 40
0.3333333433333333
 40
0.4444444444444444
 40
0.4444444444444444
 40
0.4444444444444444
 40
0.4444444544444444
 40
0.5555555555555556
 40
0.5555555555555556
 40
0.5555555555555556
 40
0.5555555655555556
 40
0.6666666666666666
 40
0.6666666666666666
 40
0.6666666666666666
 40
0.6666666766666667
 40
0.7777777777777778
 40
0.7777777777777778
 40
0.7777777777777778
 40
0.7777777877777778
 40
1.0
 40
1.0
 40
1.0
 40
1.0
 10
-2.23872
 20
3.03547
 30
0.0
 10
-2.23872
 20
3.03547
 30
0.0
 10
-2.23343
 20
3.0337
 30
0.0
 10
-2.23343
 20
3.0337
 30
0.0
 10
-2.23343
 20
3.0337
 30
0.0
 10
-2.23343
 20
3.0337
 30
0.0
 10
-2.22813
 20
3.0337
 30
0.0
 10
-2.22813
 20
3.0337
 30
0.0
 10
-2.22813
 20
3.0337
 30
0.0
 10
-2.22813
 20
3.0337
 30
0.0
 10
-2.22284
 20
3.03017
 30
0.0
 10
-2.22284
 20
3.03017
 30
0.0
 10
-2.22284
 20
3.03017
 30
0.0
 10
-2.22284
 20
3.03017
 30
0.0
 10
-2.21754
 20
3.02664
 30
0.0
 10
-2.21754
 20
3.02664
 30
0.0
 10
-2.21754
 20
3.02664
 30
0.0
 10
-2.21754
 20
3.02664
 30
0.0
 10
-2.21401
 20
3.02135
 30
0.0
 10
-2.21401
 20
3.02135
 30
0.0
 10
-2.21401
 20
3.02135
 30
0.0
 10
-2.21401
 20
3.02135
 30
0.0
 10
-2.21224
 20
3.01605
 30
0.0
 10
-2.21224
 20
3.01605
 30
0.0
 10
-2.21224
 20
3.01605
 30
0.0
 10
-2.21224
 20
3.01605
 30
0.0
 10
-2.21048
 20
3.01075
 30
0.0
 10
-2.21048
 20
3.01075
 30
0.0
 10
-2.21048
 20
3.01075
 30
0.0
 10
-2.21048
 20
3.01075
 30
0.0
 10
-2.20872
 20
3.00546
 30
0.0
 10
-2.20872
 20
3.00546
 30
0.0
  0
SPLINE
  5
3A1
330
1F
100
AcDbEntity
  8
Layer 1
 62
   250
370
    25
100
AcDbSpline
210
0.0
220
0.0
230
1.0
 70
    24
 71
     3
 72
    12
 73
     8
 74
     0
 42
0.000000001
 43
0.0000000001
 40
0.0
 40
0.0
 40
0.0
 40
0.0
 40
0.3333333333333333
 40
0.3333333333333333
 40
0.3333333333333333
 40
0.3333333433333333
 40
1.0
 40
1.0
 40
1.0
 40
1.0
 10
-2.20872
 20
3.00546
 30
0.0
 10
-2.20872
 20
3.00546
 30
0.0
 10
-2.21048
 20
3.00546
 30
0.0
 10
-2.21048
 20
3.00546
 30
0.0
 10
-2.21048
 20
3.00546
 30
0.0
 10
-2.21048
 20
3.00546
 30
0.0
 10
-2.21401
 20
3.00546
 30
0.0
 10
-2.21401
 20
3.00546
 30
0.0
  0
SPLINE
  5
3A2
330
1F
100
AcDbEntity
  8
Layer 1
 62
   250
370
    25
100
AcDbSpline
210
0.0
220
0.0
230
1.0
 70
    24
 71
     3
 72
    12
 73
     8
 74
     0
 42
0.000000001
 43
0.0000000001
 40
0.0
 40
0.0
 40
0.0
 40
0.0
 40
0.3333333333333333
 40
0.3333333333333333
 40
0.3333333333333333
 40
0.3333333433333333
 40
1.0
 40
1.0
 40
1.0
 40
1.0
 10
-2.23872
 20
0.71067
 30
0.0
 10
-2.23872
 20
0.71067
 30
0.0
 10
-2.23872
 20
0.71067
 30
0.0
 10
-2.23872
 20
0.71067
 30
0.0
 10
-2.23872
 20
0.71067
 30
0.0
 10
-2.23872
 20
0.71067
 30
0.0
 10
-2.24049
 20
0.71067
 30
0.0
 10
-2.24049
 20
0.71067
 30
0.0
  0
SPLINE
  5
3A3
330
1F
100
AcDbEntity
  8
Layer 1
 62
   250
370
    25
100
AcDbSpline
210
0.0
220
0.0
230
1.0
 70
    24
 71
     3
 72
    12
 73
     8
 74
     0
 42
0.000000001
 43
0.0000000001
 40
0.0
 40
0.0
 40
0.0
 40
0.0
 40
0.3333333333333333
 40
0.3333333333333333
 40
0.3333333333333333
 40
0.3333333433333333
 40
1.0
 40
1.0
 40
1.0
 40
1.0
 10
-2.21401
 20
0.74068
 30
0.0
 10
-2.21401
 20
0.74068
 30
0.0
 10
-2.21048
 20
0.74068
 30
0.0
 10
-2.21048
 20
0.74068
 30
0.0
 10
-2.21048
 20
0.74068
 30
0.0
 10
-2.21048
 20
0.74068
 30
0.0
 10
-2.20872
 20
0.74068
 30
0.0
 10
-2.20872
 20
0.74068
 30
0.0
  0
SPLINE
  5
3A4
330
1F
100
AcDbEntity
  8
Layer 1
 62
   250
370
    25
100
AcDbSpline
210
0.0
220
0.0
230
1.0
 70
     8
 71
     3
 72
    36
 73
    32
 74
     0
 42
0.000000001
 43
0.0000000001
 40
0.0
 40
0.0
 40
0.0
 40
0.0
 40
0.1111111111111111
 40
0.1111111111111111
 40
0.1111111111111111
 40
0.1111111211111111
 40
0.2222222222222222
 40
0.2222222222222222
 40
0.2222222222222222
 40
0.2222222322222222
 40
0.3333333333333333
 40
0.3333333333333333
 40
0.3333333333333333
 40
0.3333333433333333
 40
0.4444444444444444
 40
0.4444444444444444
 40
0.4444444444444444
 40
0.4444444544444444
 40
0.5555555555555556
 40
0.5555555555555556
 40
0.5555555555555556
 40
0.5555555655555556
 40
0.6666666666666666
 40
0.6666666666666666
 40
0.6666666666666666
 40
0.6666666766666667
 40
0.7777777777777778
 40
0.7777777777777778
 40
0.7777777777777778
 40
0.7777777877777778
 40
1.0
 40
1.0
 40
1.0
 40
1.0
 10
-2.23872
 20
0.71067
 30
0.0
 10
-2.23872
 20
0.71067
 30
0.0
 10
-2.23343
 20
0.71067
 30
0.0
 10
-2.23343
 20
0.71067
 30
0.0
 10
-2.23343
 20
0.71067
 30
0.0
 10
-2.23343
 20
0.71067
 30
0.0
 10
-2.22813
 20
0.71243
 30
0.0
 10
-2.22813
 20
0.71243
 30
0.0
 10
-2.22813
 20
0.71243
 30
0.0
 10
-2.22813
 20
0.71243
 30
0.0
 10
-2.22284
 20
0.71597
 30
0.0
 10
-2.22284
 20
0.71597
 30
0.0
 10
-2.22284
 20
0.71597
 30
0.0
 10
-2.22284
 20
0.71597
 30
0.0
 10
-2.21754
 20
0.7195
 30
0.0
 10
-2.21754
 20
0.7195
 30
0.0
 10
-2.21754
 20
0.7195
 30
0.0
 10
-2.21754
 20
0.7195
 30
0.0
 10
-2.21401
 20
0.72303
 30
0.0
 10
-2.21401
 20
0.72303
 30
0.0
 10
-2.21401
 20
0.72303
 30
0.0
 10
-2.21401
 20
0.72303
 30
0.0
 10
-2.21224
 20
0.72832
 30
0.0
 10
-2.21224
 20
0.72832
 30
0.0
 10
-2.21224
 20
0.72832
 30
0.0
 10
-2.21224
 20
0.72832
 30
0.0
 10
-2.21048
 20
0.73362
 30
0.0
 10
-2.21048
 20
0.73362
 30
0.0
 10
-2.21048
 20
0.73362
 30
0.0
 10
-2.21048
 20
0.73362
 30
0.0
 10
-2.20872
 20
0.74068
 30
0.0
 10
-2.20872
 20
0.74068
 30
0.0
  0
SPLINE
  5
3A5
330
1F
100
AcDbEntity
  8
Layer 1
 62
   250
370
    25
100
AcDbSpline
210
0.0
220
0.0
230
1.0
 70
    24
 71
     3
 72
    12
 73
     8
 74
     0
 42
0.000000001
 43
0.0000000001
 40
0.0
 40
0.0
 40
0.0
 40
0.0
 40
0.3333333333333333
 40
0.3333333333333333
 40
0.3333333333333333
 40
0.3333333433333333
 40
1.0
 40
1.0
 40
1.0
 40
1.0
 10
-5.94393
 20
0.71067
 30
0.0
 10
-5.94393
 20
0.71067
 30
0.0
 10
-5.94393
 20
0.71067
 30
0.0
 10
-5.94393
 20
0.71067
 30
0.0
 10
-5.94393
 20
0.71067
 30
0.0
 10
-5.94393
 20
0.71067
 30
0.0
 10
-5.94569
 20
0.71067
 30
0.0
 10
-5.94569
 20
0.71067
 30
0.0
  0
SPLINE
  5
3A6
330
1F
100
AcDbEntity
  8
Layer 1
 62
   250
370
    25
100
AcDbSpline
210
0.0
220
0.0
230
1.0
 70
     8
 71
     3
 72
    36
 73
    32
 74
     0
 42
0.000000001
 43
0.0000000001
 40
0.0
 40
0.0
 40
0.0
 40
0.0
 40
0.1111111111111111
 40
0.1111111111111111
 40
0.1111111111111111
 40
0.1111111211111111
 40
0.2222222222222222
 40
0.2222222222222222
 40
0.2222222222222222
 40
0.2222222322222222
 40
0.3333333333333333
 40
0.3333333333333333
 40
0.3333333333333333
 40
0.3333333433333333
 40
0.4444444444444444
 40
0.4444444444444444
 40
0.4444444444444444
 40
0.4444444544444444
 40
0.5555555555555556
 40
0.5555555555555556
 40
0.5555555555555556
 40
0.5555555655555556
 40
0.6666666666666666
 40
0.6666666666666666
 40
0.6666666666666666
 40
0.6666666766666667
 40
0.7777777777777778
 40
0.7777777777777778
 40
0.7777777777777778
 40
0.7777777877777778
 40
1.0
 40
1.0
 40
1.0
 40
1.0
 10
-5.94569
 20
0.71067
 30
0.0
 10
-5.94569
 20
0.71067
 30
0.0
 10
-5.95099
 20
0.71067
 30
0.0
 10
-5.95099
 20
0.71067
 30
0.0
 10
-5.95099
 20
0.71067
 30
0.0
 10
-5.95099
 20
0.71067
 30
0.0
 10
-5.95628
 20
0.71243
 30
0.0
 10
-5.95628
 20
0.71243
 30
0.0
 10
-5.95628
 20
0.71243
 30
0.0
 10
-5.95628
 20
0.71243
 30
0.0
 10
-5.96158
 20
0.71597
 30
0.0
 10
-5.96158
 20
0.71597
 30
0.0
 10
-5.96158
 20
0.71597
 30
0.0
 10
-5.96158
 20
0.71597
 30
0.0
 10
-5.96688
 20
0.7195
 30
0.0
 10
-5.96688
 20
0.7195
 30
0.0
 10
-5.96688
 20
0.7195
 30
0.0
 10
-5.96688
 20
0.7195
 30
0.0
 10
-5.97041
 20
0.72303
 30
0.0
 10
-5.97041
 20
0.72303
 30
0.0
 10
-5.97041
 20
0.72303
 30
0.0
 10
-5.97041
 20
0.72303
 30
0.0
 10
-5.97217
 20
0.72832
 30
0.0
 10
-5.97217
 20
0.72832
 30
0.0
 10
-5.97217
 20
0.72832
 30
0.0
 10
-5.97217
 20
0.72832
 30
0.0
 10
-5.97394
 20
0.73362
 30
0.0
 10
-5.97394
 20
0.73362
 30
0.0
 10
-5.97394
 20
0.73362
 30
0.0
 10
-5.97394
 20
0.73362
 30
0.0
 10
-5.9757
 20
0.74068
 30
0.0
 10
-5.9757
 20
0.74068
 30
0.0
  0
SPLINE
  5
3A7
330
1F
100
AcDbEntity
  8
Layer 1
 62
   250
370
    25
100
AcDbSpline
210
0.0
220
0.0
230
1.0
 70
    24
 71
     3
 72
    16
 73
    12
 74
     0
 42
0.000000001
 43
0.0000000001
 40
0.0
 40
0.0
 40
0.0
 40
0.0
 40
0.25
 40
0.25
 40
0.25
 40
0.25000001
 40
0.5
 40
0.5
 40
0.5
 40
0.50000001
 40
1.0
 40
1.0
 40
1.0
 40
1.0
 10
-5.9757
 20
0.74068
 30
0.0
 10
-5.9757
 20
0.74068
 30
0.0
 10
-5.97394
 20
0.74068
 30
0.0
 10
-5.97394
 20
0.74068
 30
0.0
 10
-5.97394
 20
0.74068
 30
0.0
 10
-5.97394
 20
0.74068
 30
0.0
 10
-5.97217
 20
0.74068
 30
0.0
 10
-5.97217
 20
0.74068
 30
0.0
 10
-5.97217
 20
0.74068
 30
0.0
 10
-5.97217
 20
0.74068
 30
0.0
 10
-5.97041
 20
0.74068
 30
0.0
 10
-5.97041
 20
0.74068
 30
0.0
  0
SPLINE
  5
3A8
330
1F
100
AcDbEntity
  8
Layer 1
 62
   250
370
    25
100
AcDbSpline
210
0.0
220
0.0
230
1.0
 70
    24
 71
     3
 72
    12
 73
     8
 74
     0
 42
0.000000001
 43
0.0000000001
 40
0.0
 40
0.0
 40
0.0
 40
0.0
 40
0.3333333333333333
 40
0.3333333333333333
 40
0.3333333333333333
 40
0.3333333433333333
 40
1.0
 40
1.0
 40
1.0
 40
1.0
 10
-5.94569
 20
3.03547
 30
0.0
 10
-5.94569
 20
3.03547
 30
0.0
 10
-5.94569
 20
3.03547
 30
0.0
 10
-5.94569
 20
3.03547
 30
0.0
 10
-5.94569
 20
3.03547
 30
0.0
 10
-5.94569
 20
3.03547
 30
0.0
 10
-5.94393
 20
3.03547
 30
0.0
 10
-5.94393
 20
3.03547
 30
0.0
  0
SPLINE
  5
3A9
330
1F
100
AcDbEntity
  8
Layer 1
 62
   250
370
    25
100
AcDbSpline
210
0.0
220
0.0
230
1.0
 70
    24
 71
     3
 72
    16
 73
    12
 74
     0
 42
0.000000001
 43
0.0000000001
 40
0.0
 40
0.0
 40
0.0
 40
0.0
 40
0.25
 40
0.25
 40
0.25
 40
0.25000001
 40
0.5
 40
0.5
 40
0.5
 40
0.50000001
 40
1.0
 40
1.0
 40
1.0
 40
1.0
 10
-5.97041
 20
3.00546
 30
0.0
 10
-5.97041
 20
3.00546
 30
0.0
 10
-5.97217
 20
3.00546
 30
0.0
 10
-5.97217
 20
3.00546
 30
0.0
 10
-5.97217
 20
3.00546
 30
0.0
 10
-5.97217
 20
3.00546
 30
0.0
 10
-5.97394
 20
3.00546
 30
0.0
 10
-5.97394
 20
3.00546
 30
0.0
 10
-5.97394
 20
3.00546
 30
0.0
 10
-5.97394
 20
3.00546
 30
0.0
 10
-5.9757
 20
3.00546
 30
0.0
 10
-5.9757
 20
3.00546
 30
0.0
  0
SPLINE
  5
3AA
330
1F
100
AcDbEntity
  8
Layer 1
 62
   250
370
    25
100
AcDbSpline
210
0.0
220
0.0
230
1.0
 70
     8
 71
     3
 72
    36
 73
    32
 74
     0
 42
0.000000001
 43
0.0000000001
 40
0.0
 40
0.0
 40
0.0
 40
0.0
 40
0.1111111111111111
 40
0.1111111111111111
 40
0.1111111111111111
 40
0.1111111211111111
 40
0.2222222222222222
 40
0.2222222222222222
 40
0.2222222222222222
 40
0.2222222322222222
 40
0.3333333333333333
 40
0.3333333333333333
 40
0.3333333333333333
 40
0.3333333433333333
 40
0.4444444444444444
 40
0.4444444444444444
 40
0.4444444444444444
 40
0.4444444544444444
 40
0.5555555555555556
 40
0.5555555555555556
 40
0.5555555555555556
 40
0.5555555655555556
 40
0.6666666666666666
 40
0.6666666666666666
 40
0.6666666666666666
 40
0.6666666766666667
 40
0.7777777777777778
 40
0.7777777777777778
 40
0.7777777777777778
 40
0.7777777877777778
 40
1.0
 40
1.0
 40
1.0
 40
1.0
 10
-5.94569
 20
3.03547
 30
0.0
 10
-5.94569
 20
3.03547
 30
0.0
 10
-5.95099
 20
3.0337
 30
0.0
 10
-5.95099
 20
3.0337
 30
0.0
 10
-5.95099
 20
3.0337
 30
0.0
 10
-5.95099
 20
3.0337
 30
0.0
 10
-5.95628
 20
3.0337
 30
0.0
 10
-5.95628
 20
3.0337
 30
0.0
 10
-5.95628
 20
3.0337
 30
0.0
 10
-5.95628
 20
3.0337
 30
0.0
 10
-5.96158
 20
3.03017
 30
0.0
 10
-5.96158
 20
3.03017
 30
0.0
 10
-5.96158
 20
3.03017
 30
0.0
 10
-5.96158
 20
3.03017
 30
0.0
 10
-5.96688
 20
3.02664
 30
0.0
 10
-5.96688
 20
3.02664
 30
0.0
 10
-5.96688
 20
3.02664
 30
0.0
 10
-5.96688
 20
3.02664
 30
0.0
 10
-5.97041
 20
3.02135
 30
0.0
 10
-5.97041
 20
3.02135
 30
0.0
 10
-5.97041
 20
3.02135
 30
0.0
 10
-5.97041
 20
3.02135
 30
0.0
 10
-5.97217
 20
3.01605
 30
0.0
 10
-5.97217
 20
3.01605
 30
0.0
 10
-5.97217
 20
3.01605
 30
0.0
 10
-5.97217
 20
3.01605
 30
0.0
 10
-5.97394
 20
3.01075
 30
0.0
 10
-5.97394
 20
3.01075
 30
0.0
 10
-5.97394
 20
3.01075
 30
0.0
 10
-5.97394
 20
3.01075
 30
0.0
 10
-5.9757
 20
3.00546
 30
0.0
 10
-5.9757
 20
3.00546
 30
0.0
  0
SPLINE
  5
3AB
330
1F
100
AcDbEntity
  8
Layer 1
 62
   250
370
    25
100
AcDbSpline
210
0.0
220
0.0
230
1.0
 70
    24
 71
     3
 72
     8
 73
     4
 74
     0
 42
0.000000001
 43
0.0000000001
 40
0.0
 40
0.0
 40
0.0
 40
0.0
 40
1.0
 40
1.0
 40
1.0
 40
1.0
 10
-2.20872
 20
3.00546
 30
0.0
 10
-2.20872
 20
3.00546
 30
0.0
 10
-2.20872
 20
0.74068
 30
0.0
 10
-2.20872
 20
0.74068
 30
0.0
  0
SPLINE
  5
3AC
330
1F
100
AcDbEntity
  8
Layer 1
 62
   250
370
    25
100
AcDbSpline
210
0.0
220
0.0
230
1.0
 70
    24
 71
     3
 72
     8
 73
     4
 74
     0
 42
0.000000001
 43
0.0000000001
 40
0.0
 40
0.0
 40
0.0
 40
0.0
 40
1.0
 40
1.0
 40
1.0
 40
1.0
 10
-5.9757
 20
0.74068
 30
0.0
 10
-5.9757
 20
0.74068
 30
0.0
 10
-5.9757
 20
3.00546
 30
0.0
 10
-5.9757
 20
3.00546
 30
0.0
  0
SPLINE
  5
3AD
330
1F
100
AcDbEntity
  8
Layer 1
 62
   250
370
    25
100
AcDbSpline
210
0.0
220
0.0
230
1.0
 70
    24
 71
     3
 72
    32
 73
    28
 74
     0
 42
0.000000001
 43
0.0000000001
 40
0.0
 40
0.0
 40
0.0
 40
0.0
 40
0.125
 40
0.125
 40
0.125
 40
0.12500001
 40
0.25
 40
0.25
 40
0.25
 40
0.25000001
 40
0.375
 40
0.375
 40
0.375
 40
0.37500001
 40
0.5
 40
0.5
 40
0.5
 40
0.50000001
 40
0.625
 40
0.625
 40
0.625
 40
0.62500001
 40
0.75
 40
0.75
 40
0.75
 40
0.75000001
 40
1.0
 40
1.0
 40
1.0
 40
1.0
 10
-2.38877
 20
0.70891
 30
0.0
 10
-2.38877
 20
0.70891
 30
0.0
 10
-2.38171
 20
0.70891
 30
0.0
 10
-2.38171
 20
0.70891
 30
0.0
 10
-2.38171
 20
0.70891
 30
0.0
 10
-2.38171
 20
0.70891
 30
0.0
 10
-2.37641
 20
0.70891
 30
0.0
 10
-2.37641
 20
0.70891
 30
0.0
 10
-2.37641
 20
0.70891
 30
0.0
 10
-2.37641
 20
0.70891
 30
0.0
 10
-2.37111
 20
0.70891
 30
0.0
 10
-2.37111
 20
0.70891
 30
0.0
 10
-2.37111
 20
0.70891
 30
0.0
 10
-2.37111
 20
0.70891
 30
0.0
 10
-2.36759
 20
0.70891
 30
0.0
 10
-2.36759
 20
0.70891
 30
0.0
 10
-2.36759
 20
0.70891
 30
0.0
 10
-2.36759
 20
0.70891
 30
0.0
 10
-2.36405
 20
0.70891
 30
0.0
 10
-2.36405
 20
0.70891
 30
0.0
 10
-2.36405
 20
0.70891
 30
0.0
 10
-2.36405
 20
0.70891
 30
0.0
 10
-2.36053
 20
0.70891
 30
0.0
 10
-2.36053
 20
0.70891
 30
0.0
 10
-2.36053
 20
0.70891
 30
0.0
 10
-2.36053
 20
0.70891
 30
0.0
 10
-2.35876
 20
0.70891
 30
0.0
 10
-2.35876
 20
0.70891
 30
0.0
  0
SPLINE
  5
3AE
330
1F
100
AcDbEntity
  8
Layer 1
 62
   250
370
    25
100
AcDbSpline
210
0.0
220
0.0
230
1.0
 70
    24
 71
     3
 72
     8
 73
     4
 74
     0
 42
0.000000001
 43
0.0000000001
 40
0.0
 40
0.0
 40
0.0
 40
0.0
 40
1.0
 40
1.0
 40
1.0
 40
1.0
 10
-2.45938
 20
0.70891
 30
0.0
 10
-2.45938
 20
0.70891
 30
0.0
 10
-2.38877
 20
0.70891
 30
0.0
 10
-2.38877
 20
0.70891
 30
0.0
  0
SPLINE
  5
3AF
330
1F
100
AcDbEntity
  8
Layer 1
 62
   250
370
    25
100
AcDbSpline
210
0.0
220
0.0
230
1.0
 70
    24
 71
     3
 72
     8
 73
     4
 74
     0
 42
0.000000001
 43
0.0000000001
 40
0.0
 40
0.0
 40
0.0
 40
0.0
 40
1.0
 40
1.0
 40
1.0
 40
1.0
 10
-2.46467
 20
0.70361
 30
0.0
 10
-2.46467
 20
0.70361
 30
0.0
 10
-2.45938
 20
0.70891
 30
0.0
 10
-2.45938
 20
0.70891
 30
0.0
  0
SPLINE
  5
3B0
330
1F
100
AcDbEntity
  8
Layer 1
 62
   250
370
    25
100
AcDbSpline
210
0.0
220
0.0
230
1.0
 70
    24
 71
     3
 72
     8
 73
     4
 74
     0
 42
0.000000001
 43
0.0000000001
 40
0.0
 40
0.0
 40
0.0
 40
0.0
 40
1.0
 40
1.0
 40
1.0
 40
1.0
 10
-2.46467
 20
0.70361
 30
0.0
 10
-2.46467
 20
0.70361
 30
0.0
 10
-5.71975
 20
0.70361
 30
0.0
 10
-5.71975
 20
0.70361
 30
0.0
  0
SPLINE
  5
3B1
330
1F
100
AcDbEntity
  8
Layer 1
 62
   250
370
    25
100
AcDbSpline
210
0.0
220
0.0
230
1.0
 70
    24
 71
     3
 72
     8
 73
     4
 74
     0
 42
0.000000001
 43
0.0000000001
 40
0.0
 40
0.0
 40
0.0
 40
0.0
 40
1.0
 40
1.0
 40
1.0
 40
1.0
 10
-5.72327
 20
0.70891
 30
0.0
 10
-5.72327
 20
0.70891
 30
0.0
 10
-5.71975
 20
0.70361
 30
0.0
 10
-5.71975
 20
0.70361
 30
0.0
  0
SPLINE
  5
3B2
330
1F
100
AcDbEntity
  8
Layer 1
 62
   250
370
    25
100
AcDbSpline
210
0.0
220
0.0
230
1.0
 70
    24
 71
     3
 72
     8
 73
     4
 74
     0
 42
0.000000001
 43
0.0000000001
 40
0.0
 40
0.0
 40
0.0
 40
0.0
 40
1.0
 40
1.0
 40
1.0
 40
1.0
 10
-5.79565
 20
0.70891
 30
0.0
 10
-5.79565
 20
0.70891
 30
0.0
 10
-5.72327
 20
0.70891
 30
0.0
 10
-5.72327
 20
0.70891
 30
0.0
  0
SPLINE
  5
3B3
330
1F
100
AcDbEntity
  8
Layer 1
 62
   250
370
    25
100
AcDbSpline
210
0.0
220
0.0
230
1.0
 70
    24
 71
     3
 72
    36
 73
    32
 74
     0
 42
0.000000001
 43
0.0000000001
 40
0.0
 40
0.0
 40
0.0
 40
0.0
 40
0.1111111111111111
 40
0.1111111111111111
 40
0.1111111111111111
 40
0.1111111211111111
 40
0.2222222222222222
 40
0.2222222222222222
 40
0.2222222222222222
 40
0.2222222322222222
 40
0.3333333333333333
 40
0.3333333333333333
 40
0.3333333333333333
 40
0.3333333433333333
 40
0.4444444444444444
 40
0.4444444444444444
 40
0.4444444444444444
 40
0.4444444544444444
 40
0.5555555555555556
 40
0.5555555555555556
 40
0.5555555555555556
 40
0.5555555655555556
 40
0.6666666666666666
 40
0.6666666666666666
 40
0.6666666666666666
 40
0.6666666766666667
 40
0.7777777777777778
 40
0.7777777777777778
 40
0.7777777777777778
 40
0.7777777877777778
 40
1.0
 40
1.0
 40
1.0
 40
1.0
 10
-5.82566
 20
0.70891
 30
0.0
 10
-5.82566
 20
0.70891
 30
0.0
 10
-5.82566
 20
0.70891
 30
0.0
 10
-5.82566
 20
0.70891
 30
0.0
 10
-5.82566
 20
0.70891
 30
0.0
 10
-5.82566
 20
0.70891
 30
0.0
 10
-5.82389
 20
0.70891
 30
0.0
 10
-5.82389
 20
0.70891
 30
0.0
 10
-5.82389
 20
0.70891
 30
0.0
 10
-5.82389
 20
0.70891
 30
0.0
 10
-5.82036
 20
0.70891
 30
0.0
 10
-5.82036
 20
0.70891
 30
0.0
 10
-5.82036
 20
0.70891
 30
0.0
 10
-5.82036
 20
0.70891
 30
0.0
 10
-5.81683
 20
0.70891
 30
0.0
 10
-5.81683
 20
0.70891
 30
0.0
 10
-5.81683
 20
0.70891
 30
0.0
 10
-5.81683
 20
0.70891
 30
0.0
 10
-5.8133
 20
0.70891
 30
0.0
 10
-5.8133
 20
0.70891
 30
0.0
 10
-5.8133
 20
0.70891
 30
0.0
 10
-5.8133
 20
0.70891
 30
0.0
 10
-5.80801
 20
0.70891
 30
0.0
 10
-5.80801
 20
0.70891
 30
0.0
 10
-5.80801
 20
0.70891
 30
0.0
 10
-5.80801
 20
0.70891
 30
0.0
 10
-5.80271
 20
0.70891
 30
0.0
 10
-5.80271
 20
0.70891
 30
0.0
 10
-5.80271
 20
0.70891
 30
0.0
 10
-5.80271
 20
0.70891
 30
0.0
 10
-5.79565
 20
0.70891
 30
0.0
 10
-5.79565
 20
0.70891
 30
0.0
  0
SPLINE
  5
3B4
330
1F
100
AcDbEntity
  8
Layer 1
 62
   250
370
    25
100
AcDbSpline
210
0.0
220
0.0
230
1.0
 70
    24
 71
     3
 72
     8
 73
     4
 74
     0
 42
0.000000001
 43
0.0000000001
 40
0.0
 40
0.0
 40
0.0
 40
0.0
 40
1.0
 40
1.0
 40
1.0
 40
1.0
 10
-5.83272
 20
0.70185
 30
0.0
 10
-5.83272
 20
0.70185
 30
0.0
 10
-5.95275
 20
0.70185
 30
0.0
 10
-5.95275
 20
0.70185
 30
0.0
  0
SPLINE
  5
3B5
330
1F
100
AcDbEntity
  8
Layer 1
 62
   250
370
    25
100
AcDbSpline
210
0.0
220
0.0
230
1.0
 70
    24
 71
     3
 72
     8
 73
     4
 74
     0
 42
0.000000001
 43
0.0000000001
 40
0.0
 40
0.0
 40
0.0
 40
0.0
 40
1.0
 40
1.0
 40
1.0
 40
1.0
 10
-5.94569
 20
0.71067
 30
0.0
 10
-5.94569
 20
0.71067
 30
0.0
 10
-5.95275
 20
0.70185
 30
0.0
 10
-5.95275
 20
0.70185
 30
0.0
  0
SPLINE
  5
3B6
330
1F
100
AcDbEntity
  8
Layer 1
 62
   250
370
    25
100
AcDbSpline
210
0.0
220
0.0
230
1.0
 70
    24
 71
     3
 72
     8
 73
     4
 74
     0
 42
0.000000001
 43
0.0000000001
 40
0.0
 40
0.0
 40
0.0
 40
0.0
 40
1.0
 40
1.0
 40
1.0
 40
1.0
 10
-2.2299
 20
0.70185
 30
0.0
 10
-2.2299
 20
0.70185
 30
0.0
 10
-2.23872
 20
0.71067
 30
0.0
 10
-2.23872
 20
0.71067
 30
0.0
  0
SPLINE
  5
3B7
330
1F
100
AcDbEntity
  8
Layer 1
 62
   250
370
    25
100
AcDbSpline
210
0.0
220
0.0
230
1.0
 70
    24
 71
     3
 72
     8
 73
     4
 74
     0
 42
0.000000001
 43
0.0000000001
 40
0.0
 40
0.0
 40
0.0
 40
0.0
 40
1.0
 40
1.0
 40
1.0
 40
1.0
 10
-2.2299
 20
0.70185
 30
0.0
 10
-2.2299
 20
0.70185
 30
0.0
 10
-2.3517
 20
0.70185
 30
0.0
 10
-2.3517
 20
0.70185
 30
0.0
  0
SPLINE
  5
3B8
330
1F
100
AcDbEntity
  8
Layer 1
 62
   250
370
    25
100
AcDbSpline
210
0.0
220
0.0
230
1.0
 70
    24
 71
     3
 72
     8
 73
     4
 74
     0
 42
0.000000001
 43
0.0000000001
 40
0.0
 40
0.0
 40
0.0
 40
0.0
 40
1.0
 40
1.0
 40
1.0
 40
1.0
 10
-5.82566
 20
0.70891
 30
0.0
 10
-5.82566
 20
0.70891
 30
0.0
 10
-5.83272
 20
0.70185
 30
0.0
 10
-5.83272
 20
0.70185
 30
0.0
  0
SPLINE
  5
3B9
330
1F
100
AcDbEntity
  8
Layer 1
 62
   250
370
    25
100
AcDbSpline
210
0.0
220
0.0
230
1.0
 70
    24
 71
     3
 72
     8
 73
     4
 74
     0
 42
0.000000001
 43
0.0000000001
 40
0.0
 40
0.0
 40
0.0
 40
0.0
 40
1.0
 40
1.0
 40
1.0
 40
1.0
 10
-2.3517
 20
0.70185
 30
0.0
 10
-2.3517
 20
0.70185
 30
0.0
 10
-2.35876
 20
0.70891
 30
0.0
 10
-2.35876
 20
0.70891
 30
0.0
  0
SPLINE
  5
3BA
330
1F
100
AcDbEntity
  8
Layer 1
 62
   250
370
    25
100
AcDbSpline
210
0.0
220
0.0
230
1.0
 70
    24
 71
     3
 72
     8
 73
     4
 74
     0
 42
0.000000001
 43
0.0000000001
 40
0.0
 40
0.0
 40
0.0
 40
0.0
 40
1.0
 40
1.0
 40
1.0
 40
1.0
 10
-5.95275
 20
3.04429
 30
0.0
 10
-5.95275
 20
3.04429
 30
0.0
 10
-5.94569
 20
3.03547
 30
0.0
 10
-5.94569
 20
3.03547
 30
0.0
  0
SPLINE
  5
3BB
330
1F
100
AcDbEntity
  8
Layer 1
 62
   250
370
    25
100
AcDbSpline
210
0.0
220
0.0
230
1.0
 70
    24
 71
     3
 72
     8
 73
     4
 74
     0
 42
0.000000001
 43
0.0000000001
 40
0.0
 40
0.0
 40
0.0
 40
0.0
 40
1.0
 40
1.0
 40
1.0
 40
1.0
 10
-5.83272
 20
3.04429
 30
0.0
 10
-5.83272
 20
3.04429
 30
0.0
 10
-5.95275
 20
3.04429
 30
0.0
 10
-5.95275
 20
3.04429
 30
0.0
  0
SPLINE
  5
3BC
330
1F
100
AcDbEntity
  8
Layer 1
 62
   250
370
    25
100
AcDbSpline
210
0.0
220
0.0
230
1.0
 70
    24
 71
     3
 72
    32
 73
    28
 74
     0
 42
0.000000001
 43
0.0000000001
 40
0.0
 40
0.0
 40
0.0
 40
0.0
 40
0.125
 40
0.125
 40
0.125
 40
0.12500001
 40
0.25
 40
0.25
 40
0.25
 40
0.25000001
 40
0.375
 40
0.375
 40
0.375
 40
0.37500001
 40
0.5
 40
0.5
 40
0.5
 40
0.50000001
 40
0.625
 40
0.625
 40
0.625
 40
0.62500001
 40
0.75
 40
0.75
 40
0.75
 40
0.75000001
 40
1.0
 40
1.0
 40
1.0
 40
1.0
 10
-5.79565
 20
3.03547
 30
0.0
 10
-5.79565
 20
3.03547
 30
0.0
 10
-5.80271
 20
3.03547
 30
0.0
 10
-5.80271
 20
3.03547
 30
0.0
 10
-5.80271
 20
3.03547
 30
0.0
 10
-5.80271
 20
3.03547
 30
0.0
 10
-5.80801
 20
3.03547
 30
0.0
 10
-5.80801
 20
3.03547
 30
0.0
 10
-5.80801
 20
3.03547
 30
0.0
 10
-5.80801
 20
3.03547
 30
0.0
 10
-5.8133
 20
3.03547
 30
0.0
 10
-5.8133
 20
3.03547
 30
0.0
 10
-5.8133
 20
3.03547
 30
0.0
 10
-5.8133
 20
3.03547
 30
0.0
 10
-5.81683
 20
3.03547
 30
0.0
 10
-5.81683
 20
3.03547
 30
0.0
 10
-5.81683
 20
3.03547
 30
0.0
 10
-5.81683
 20
3.03547
 30
0.0
 10
-5.82036
 20
3.03547
 30
0.0
 10
-5.82036
 20
3.03547
 30
0.0
 10
-5.82036
 20
3.03547
 30
0.0
 10
-5.82036
 20
3.03547
 30
0.0
 10
-5.82389
 20
3.03547
 30
0.0
 10
-5.82389
 20
3.03547
 30
0.0
 10
-5.82389
 20
3.03547
 30
0.0
 10
-5.82389
 20
3.03547
 30
0.0
 10
-5.82566
 20
3.03547
 30
0.0
 10
-5.82566
 20
3.03547
 30
0.0
  0
SPLINE
  5
3BD
330
1F
100
AcDbEntity
  8
Layer 1
 62
   250
370
    25
100
AcDbSpline
210
0.0
220
0.0
230
1.0
 70
    24
 71
     3
 72
     8
 73
     4
 74
     0
 42
0.000000001
 43
0.0000000001
 40
0.0
 40
0.0
 40
0.0
 40
0.0
 40
1.0
 40
1.0
 40
1.0
 40
1.0
 10
-5.79565
 20
3.03547
 30
0.0
 10
-5.79565
 20
3.03547
 30
0.0
 10
-5.72327
 20
3.03547
 30
0.0
 10
-5.72327
 20
3.03547
 30
0.0
  0
SPLINE
  5
3BE
330
1F
100
AcDbEntity
  8
Layer 1
 62
   250
370
    25
100
AcDbSpline
210
0.0
220
0.0
230
1.0
 70
    24
 71
     3
 72
     8
 73
     4
 74
     0
 42
0.000000001
 43
0.0000000001
 40
0.0
 40
0.0
 40
0.0
 40
0.0
 40
1.0
 40
1.0
 40
1.0
 40
1.0
 10
-5.72327
 20
3.03547
 30
0.0
 10
-5.72327
 20
3.03547
 30
0.0
 10
-5.71975
 20
3.04076
 30
0.0
 10
-5.71975
 20
3.04076
 30
0.0
  0
SPLINE
  5
3BF
330
1F
100
AcDbEntity
  8
Layer 1
 62
   250
370
    25
100
AcDbSpline
210
0.0
220
0.0
230
1.0
 70
    24
 71
     3
 72
     8
 73
     4
 74
     0
 42
0.000000001
 43
0.0000000001
 40
0.0
 40
0.0
 40
0.0
 40
0.0
 40
1.0
 40
1.0
 40
1.0
 40
1.0
 10
-5.71975
 20
3.04076
 30
0.0
 10
-5.71975
 20
3.04076
 30
0.0
 10
-2.46467
 20
3.04076
 30
0.0
 10
-2.46467
 20
3.04076
 30
0.0
  0
SPLINE
  5
3C0
330
1F
100
AcDbEntity
  8
Layer 1
 62
   250
370
    25
100
AcDbSpline
210
0.0
220
0.0
230
1.0
 70
    24
 71
     3
 72
     8
 73
     4
 74
     0
 42
0.000000001
 43
0.0000000001
 40
0.0
 40
0.0
 40
0.0
 40
0.0
 40
1.0
 40
1.0
 40
1.0
 40
1.0
 10
-2.46467
 20
3.04076
 30
0.0
 10
-2.46467
 20
3.04076
 30
0.0
 10
-2.45938
 20
3.03547
 30
0.0
 10
-2.45938
 20
3.03547
 30
0.0
  0
SPLINE
  5
3C1
330
1F
100
AcDbEntity
  8
Layer 1
 62
   250
370
    25
100
AcDbSpline
210
0.0
220
0.0
230
1.0
 70
    24
 71
     3
 72
     8
 73
     4
 74
     0
 42
0.000000001
 43
0.0000000001
 40
0.0
 40
0.0
 40
0.0
 40
0.0
 40
1.0
 40
1.0
 40
1.0
 40
1.0
 10
-2.45938
 20
3.03547
 30
0.0
 10
-2.45938
 20
3.03547
 30
0.0
 10
-2.38877
 20
3.03547
 30
0.0
 10
-2.38877
 20
3.03547
 30
0.0
  0
SPLINE
  5
3C2
330
1F
100
AcDbEntity
  8
Layer 1
 62
   250
370
    25
100
AcDbSpline
210
0.0
220
0.0
230
1.0
 70
    24
 71
     3
 72
    36
 73
    32
 74
     0
 42
0.000000001
 43
0.0000000001
 40
0.0
 40
0.0
 40
0.0
 40
0.0
 40
0.1111111111111111
 40
0.1111111111111111
 40
0.1111111111111111
 40
0.1111111211111111
 40
0.2222222222222222
 40
0.2222222222222222
 40
0.2222222222222222
 40
0.2222222322222222
 40
0.3333333333333333
 40
0.3333333333333333
 40
0.3333333333333333
 40
0.3333333433333333
 40
0.4444444444444444
 40
0.4444444444444444
 40
0.4444444444444444
 40
0.4444444544444444
 40
0.5555555555555556
 40
0.5555555555555556
 40
0.5555555555555556
 40
0.5555555655555556
 40
0.6666666666666666
 40
0.6666666666666666
 40
0.6666666666666666
 40
0.6666666766666667
 40
0.7777777777777778
 40
0.7777777777777778
 40
0.7777777777777778
 40
0.7777777877777778
 40
1.0
 40
1.0
 40
1.0
 40
1.0
 10
-2.35876
 20
3.03547
 30
0.0
 10
-2.35876
 20
3.03547
 30
0.0
 10
-2.35876
 20
3.03547
 30
0.0
 10
-2.35876
 20
3.03547
 30
0.0
 10
-2.35876
 20
3.03547
 30
0.0
 10
-2.35876
 20
3.03547
 30
0.0
 10
-2.36053
 20
3.03547
 30
0.0
 10
-2.36053
 20
3.03547
 30
0.0
 10
-2.36053
 20
3.03547
 30
0.0
 10
-2.36053
 20
3.03547
 30
0.0
 10
-2.36405
 20
3.03547
 30
0.0
 10
-2.36405
 20
3.03547
 30
0.0
 10
-2.36405
 20
3.03547
 30
0.0
 10
-2.36405
 20
3.03547
 30
0.0
 10
-2.36759
 20
3.03547
 30
0.0
 10
-2.36759
 20
3.03547
 30
0.0
 10
-2.36759
 20
3.03547
 30
0.0
 10
-2.36759
 20
3.03547
 30
0.0
 10
-2.37111
 20
3.03547
 30
0.0
 10
-2.37111
 20
3.03547
 30
0.0
 10
-2.37111
 20
3.03547
 30
0.0
 10
-2.37111
 20
3.03547
 30
0.0
 10
-2.37641
 20
3.03547
 30
0.0
 10
-2.37641
 20
3.03547
 30
0.0
 10
-2.37641
 20
3.03547
 30
0.0
 10
-2.37641
 20
3.03547
 30
0.0
 10
-2.38171
 20
3.03547
 30
0.0
 10
-2.38171
 20
3.03547
 30
0.0
 10
-2.38171
 20
3.03547
 30
0.0
 10
-2.38171
 20
3.03547
 30
0.0
 10
-2.38877
 20
3.03547
 30
0.0
 10
-2.38877
 20
3.03547
 30
0.0
  0
SPLINE
  5
3C3
330
1F
100
AcDbEntity
  8
Layer 1
 62
   250
370
    25
100
AcDbSpline
210
0.0
220
0.0
230
1.0
 70
    24
 71
     3
 72
     8
 73
     4
 74
     0
 42
0.000000001
 43
0.0000000001
 40
0.0
 40
0.0
 40
0.0
 40
0.0
 40
1.0
 40
1.0
 40
1.0
 40
1.0
 10
-2.2299
 20
3.04429
 30
0.0
 10
-2.2299
 20
3.04429
 30
0.0
 10
-2.3517
 20
3.04429
 30
0.0
 10
-2.3517
 20
3.04429
 30
0.0
  0
SPLINE
  5
3C4
330
1F
100
AcDbEntity
  8
Layer 1
 62
   250
370
    25
100
AcDbSpline
210
0.0
220
0.0
230
1.0
 70
    24
 71
     3
 72
     8
 73
     4
 74
     0
 42
0.000000001
 43
0.0000000001
 40
0.0
 40
0.0
 40
0.0
 40
0.0
 40
1.0
 40
1.0
 40
1.0
 40
1.0
 10
-2.23872
 20
3.03547
 30
0.0
 10
-2.23872
 20
3.03547
 30
0.0
 10
-2.2299
 20
3.04429
 30
0.0
 10
-2.2299
 20
3.04429
 30
0.0
  0
SPLINE
  5
3C5
330
1F
100
AcDbEntity
  8
Layer 1
 62
   250
370
    25
100
AcDbSpline
210
0.0
220
0.0
230
1.0
 70
    24
 71
     3
 72
     8
 73
     4
 74
     0
 42
0.000000001
 43
0.0000000001
 40
0.0
 40
0.0
 40
0.0
 40
0.0
 40
1.0
 40
1.0
 40
1.0
 40
1.0
 10
-5.83272
 20
3.04429
 30
0.0
 10
-5.83272
 20
3.04429
 30
0.0
 10
-5.82566
 20
3.03547
 30
0.0
 10
-5.82566
 20
3.03547
 30
0.0
  0
SPLINE
  5
3C6
330
1F
100
AcDbEntity
  8
Layer 1
 62
   250
370
    25
100
AcDbSpline
210
0.0
220
0.0
230
1.0
 70
    24
 71
     3
 72
     8
 73
     4
 74
     0
 42
0.000000001
 43
0.0000000001
 40
0.0
 40
0.0
 40
0.0
 40
0.0
 40
1.0
 40
1.0
 40
1.0
 40
1.0
 10
-2.35876
 20
3.03547
 30
0.0
 10
-2.35876
 20
3.03547
 30
0.0
 10
-2.3517
 20
3.04429
 30
0.0
 10
-2.3517
 20
3.04429
 30
0.0
  0
SPLINE
  5
3C7
330
1F
100
AcDbEntity
  8
Layer 1
 62
   250
370
    25
100
AcDbSpline
210
0.0
220
0.0
230
1.0
 70
    24
 71
     3
 72
     8
 73
     4
 74
     0
 42
0.000000001
 43
0.0000000001
 40
0.0
 40
0.0
 40
0.0
 40
0.0
 40
1.0
 40
1.0
 40
1.0
 40
1.0
 10
-2.19989
 20
3.01429
 30
0.0
 10
-2.19989
 20
3.01429
 30
0.0
 10
-2.20872
 20
3.00546
 30
0.0
 10
-2.20872
 20
3.00546
 30
0.0
  0
SPLINE
  5
3C8
330
1F
100
AcDbEntity
  8
Layer 1
 62
   250
370
    25
100
AcDbSpline
210
0.0
220
0.0
230
1.0
 70
     8
 71
     3
 72
    36
 73
    32
 74
     0
 42
0.000000001
 43
0.0000000001
 40
0.0
 40
0.0
 40
0.0
 40
0.0
 40
0.1111111111111111
 40
0.1111111111111111
 40
0.1111111111111111
 40
0.1111111211111111
 40
0.2222222222222222
 40
0.2222222222222222
 40
0.2222222222222222
 40
0.2222222322222222
 40
0.3333333333333333
 40
0.3333333333333333
 40
0.3333333333333333
 40
0.3333333433333333
 40
0.4444444444444444
 40
0.4444444444444444
 40
0.4444444444444444
 40
0.4444444544444444
 40
0.5555555555555556
 40
0.5555555555555556
 40
0.5555555555555556
 40
0.5555555655555556
 40
0.6666666666666666
 40
0.6666666666666666
 40
0.6666666666666666
 40
0.6666666766666667
 40
0.7777777777777778
 40
0.7777777777777778
 40
0.7777777777777778
 40
0.7777777877777778
 40
1.0
 40
1.0
 40
1.0
 40
1.0
 10
-2.2299
 20
3.04429
 30
0.0
 10
-2.2299
 20
3.04429
 30
0.0
 10
-2.2246
 20
3.04253
 30
0.0
 10
-2.2246
 20
3.04253
 30
0.0
 10
-2.2246
 20
3.04253
 30
0.0
 10
-2.2246
 20
3.04253
 30
0.0
 10
-2.2193
 20
3.04076
 30
0.0
 10
-2.2193
 20
3.04076
 30
0.0
 10
-2.2193
 20
3.04076
 30
0.0
 10
-2.2193
 20
3.04076
 30
0.0
 10
-2.21401
 20
3.039
 30
0.0
 10
-2.21401
 20
3.039
 30
0.0
 10
-2.21401
 20
3.039
 30
0.0
 10
-2.21401
 20
3.039
 30
0.0
 10
-2.20872
 20
3.03547
 30
0.0
 10
-2.20872
 20
3.03547
 30
0.0
 10
-2.20872
 20
3.03547
 30
0.0
 10
-2.20872
 20
3.03547
 30
0.0
 10
-2.20518
 20
3.03017
 30
0.0
 10
-2.20518
 20
3.03017
 30
0.0
 10
-2.20518
 20
3.03017
 30
0.0
 10
-2.20518
 20
3.03017
 30
0.0
 10
-2.20342
 20
3.02488
 30
0.0
 10
-2.20342
 20
3.02488
 30
0.0
 10
-2.20342
 20
3.02488
 30
0.0
 10
-2.20342
 20
3.02488
 30
0.0
 10
-2.20166
 20
3.01958
 30
0.0
 10
-2.20166
 20
3.01958
 30
0.0
 10
-2.20166
 20
3.01958
 30
0.0
 10
-2.20166
 20
3.01958
 30
0.0
 10
-2.19989
 20
3.01429
 30
0.0
 10
-2.19989
 20
3.01429
 30
0.0
  0
SPLINE
  5
3C9
330
1F
100
AcDbEntity
  8
Layer 1
 62
   250
370
    25
100
AcDbSpline
210
0.0
220
0.0
230
1.0
 70
    24
 71
     3
 72
     8
 73
     4
 74
     0
 42
0.000000001
 43
0.0000000001
 40
0.0
 40
0.0
 40
0.0
 40
0.0
 40
1.0
 40
1.0
 40
1.0
 40
1.0
 10
-2.20872
 20
0.74068
 30
0.0
 10
-2.20872
 20
0.74068
 30
0.0
 10
-2.19989
 20
0.73185
 30
0.0
 10
-2.19989
 20
0.73185
 30
0.0
  0
SPLINE
  5
3CA
330
1F
100
AcDbEntity
  8
Layer 1
 62
   250
370
    25
100
AcDbSpline
210
0.0
220
0.0
230
1.0
 70
     8
 71
     3
 72
    36
 73
    32
 74
     0
 42
0.000000001
 43
0.0000000001
 40
0.0
 40
0.0
 40
0.0
 40
0.0
 40
0.1111111111111111
 40
0.1111111111111111
 40
0.1111111111111111
 40
0.1111111211111111
 40
0.2222222222222222
 40
0.2222222222222222
 40
0.2222222222222222
 40
0.2222222322222222
 40
0.3333333333333333
 40
0.3333333333333333
 40
0.3333333333333333
 40
0.3333333433333333
 40
0.4444444444444444
 40
0.4444444444444444
 40
0.4444444444444444
 40
0.4444444544444444
 40
0.5555555555555556
 40
0.5555555555555556
 40
0.5555555555555556
 40
0.5555555655555556
 40
0.6666666666666666
 40
0.6666666666666666
 40
0.6666666666666666
 40
0.6666666766666667
 40
0.7777777777777778
 40
0.7777777777777778
 40
0.7777777777777778
 40
0.7777777877777778
 40
1.0
 40
1.0
 40
1.0
 40
1.0
 10
-2.19989
 20
0.73185
 30
0.0
 10
-2.19989
 20
0.73185
 30
0.0
 10
-2.20166
 20
0.72656
 30
0.0
 10
-2.20166
 20
0.72656
 30
0.0
 10
-2.20166
 20
0.72656
 30
0.0
 10
-2.20166
 20
0.72656
 30
0.0
 10
-2.20342
 20
0.7195
 30
0.0
 10
-2.20342
 20
0.7195
 30
0.0
 10
-2.20342
 20
0.7195
 30
0.0
 10
-2.20342
 20
0.7195
 30
0.0
 10
-2.20518
 20
0.7142
 30
0.0
 10
-2.20518
 20
0.7142
 30
0.0
 10
-2.20518
 20
0.7142
 30
0.0
 10
-2.20518
 20
0.7142
 30
0.0
 10
-2.20872
 20
0.71067
 30
0.0
 10
-2.20872
 20
0.71067
 30
0.0
 10
-2.20872
 20
0.71067
 30
0.0
 10
-2.20872
 20
0.71067
 30
0.0
 10
-2.21401
 20
0.70714
 30
0.0
 10
-2.21401
 20
0.70714
 30
0.0
 10
-2.21401
 20
0.70714
 30
0.0
 10
-2.21401
 20
0.70714
 30
0.0
 10
-2.2193
 20
0.70361
 30
0.0
 10
-2.2193
 20
0.70361
 30
0.0
 10
-2.2193
 20
0.70361
 30
0.0
 10
-2.2193
 20
0.70361
 30
0.0
 10
-2.2246
 20
0.70185
 30
0.0
 10
-2.2246
 20
0.70185
 30
0.0
 10
-2.2246
 20
0.70185
 30
0.0
 10
-2.2246
 20
0.70185
 30
0.0
 10
-2.2299
 20
0.70185
 30
0.0
 10
-2.2299
 20
0.70185
 30
0.0
  0
SPLINE
  5
3CB
330
1F
100
AcDbEntity
  8
Layer 1
 62
   250
370
    25
100
AcDbSpline
210
0.0
220
0.0
230
1.0
 70
    24
 71
     3
 72
     8
 73
     4
 74
     0
 42
0.000000001
 43
0.0000000001
 40
0.0
 40
0.0
 40
0.0
 40
0.0
 40
1.0
 40
1.0
 40
1.0
 40
1.0
 10
-5.9757
 20
3.00546
 30
0.0
 10
-5.9757
 20
3.00546
 30
0.0
 10
-5.98276
 20
3.01429
 30
0.0
 10
-5.98276
 20
3.01429
 30
0.0
  0
SPLINE
  5
3CC
330
1F
100
AcDbEntity
  8
Layer 1
 62
   250
370
    25
100
AcDbSpline
210
0.0
220
0.0
230
1.0
 70
     8
 71
     3
 72
    36
 73
    32
 74
     0
 42
0.000000001
 43
0.0000000001
 40
0.0
 40
0.0
 40
0.0
 40
0.0
 40
0.1111111111111111
 40
0.1111111111111111
 40
0.1111111111111111
 40
0.1111111211111111
 40
0.2222222222222222
 40
0.2222222222222222
 40
0.2222222222222222
 40
0.2222222322222222
 40
0.3333333333333333
 40
0.3333333333333333
 40
0.3333333333333333
 40
0.3333333433333333
 40
0.4444444444444444
 40
0.4444444444444444
 40
0.4444444444444444
 40
0.4444444544444444
 40
0.5555555555555556
 40
0.5555555555555556
 40
0.5555555555555556
 40
0.5555555655555556
 40
0.6666666666666666
 40
0.6666666666666666
 40
0.6666666666666666
 40
0.6666666766666667
 40
0.7777777777777778
 40
0.7777777777777778
 40
0.7777777777777778
 40
0.7777777877777778
 40
1.0
 40
1.0
 40
1.0
 40
1.0
 10
-5.98276
 20
3.01429
 30
0.0
 10
-5.98276
 20
3.01429
 30
0.0
 10
-5.98276
 20
3.01958
 30
0.0
 10
-5.98276
 20
3.01958
 30
0.0
 10
-5.98276
 20
3.01958
 30
0.0
 10
-5.98276
 20
3.01958
 30
0.0
 10
-5.981
 20
3.02488
 30
0.0
 10
-5.981
 20
3.02488
 30
0.0
 10
-5.981
 20
3.02488
 30
0.0
 10
-5.981
 20
3.02488
 30
0.0
 10
-5.97923
 20
3.03017
 30
0.0
 10
-5.97923
 20
3.03017
 30
0.0
 10
-5.97923
 20
3.03017
 30
0.0
 10
-5.97923
 20
3.03017
 30
0.0
 10
-5.97394
 20
3.03547
 30
0.0
 10
-5.97394
 20
3.03547
 30
0.0
 10
-5.97394
 20
3.03547
 30
0.0
 10
-5.97394
 20
3.03547
 30
0.0
 10
-5.97041
 20
3.039
 30
0.0
 10
-5.97041
 20
3.039
 30
0.0
 10
-5.97041
 20
3.039
 30
0.0
 10
-5.97041
 20
3.039
 30
0.0
 10
-5.96511
 20
3.04076
 30
0.0
 10
-5.96511
 20
3.04076
 30
0.0
 10
-5.96511
 20
3.04076
 30
0.0
 10
-5.96511
 20
3.04076
 30
0.0
 10
-5.95982
 20
3.04253
 30
0.0
 10
-5.95982
 20
3.04253
 30
0.0
 10
-5.95982
 20
3.04253
 30
0.0
 10
-5.95982
 20
3.04253
 30
0.0
 10
-5.95275
 20
3.04429
 30
0.0
 10
-5.95275
 20
3.04429
 30
0.0
  0
SPLINE
  5
3CD
330
1F
100
AcDbEntity
  8
Layer 1
 62
   250
370
    25
100
AcDbSpline
210
0.0
220
0.0
230
1.0
 70
    24
 71
     3
 72
     8
 73
     4
 74
     0
 42
0.000000001
 43
0.0000000001
 40
0.0
 40
0.0
 40
0.0
 40
0.0
 40
1.0
 40
1.0
 40
1.0
 40
1.0
 10
-5.98276
 20
0.73185
 30
0.0
 10
-5.98276
 20
0.73185
 30
0.0
 10
-5.9757
 20
0.74068
 30
0.0
 10
-5.9757
 20
0.74068
 30
0.0
  0
SPLINE
  5
3CE
330
1F
100
AcDbEntity
  8
Layer 1
 62
   250
370
    25
100
AcDbSpline
210
0.0
220
0.0
230
1.0
 70
     8
 71
     3
 72
    36
 73
    32
 74
     0
 42
0.000000001
 43
0.0000000001
 40
0.0
 40
0.0
 40
0.0
 40
0.0
 40
0.1111111111111111
 40
0.1111111111111111
 40
0.1111111111111111
 40
0.1111111211111111
 40
0.2222222222222222
 40
0.2222222222222222
 40
0.2222222222222222
 40
0.2222222322222222
 40
0.3333333333333333
 40
0.3333333333333333
 40
0.3333333333333333
 40
0.3333333433333333
 40
0.4444444444444444
 40
0.4444444444444444
 40
0.4444444444444444
 40
0.4444444544444444
 40
0.5555555555555556
 40
0.5555555555555556
 40
0.5555555555555556
 40
0.5555555655555556
 40
0.6666666666666666
 40
0.6666666666666666
 40
0.6666666666666666
 40
0.6666666766666667
 40
0.7777777777777778
 40
0.7777777777777778
 40
0.7777777777777778
 40
0.7777777877777778
 40
1.0
 40
1.0
 40
1.0
 40
1.0
 10
-5.95275
 20
0.70185
 30
0.0
 10
-5.95275
 20
0.70185
 30
0.0
 10
-5.95982
 20
0.70185
 30
0.0
 10
-5.95982
 20
0.70185
 30
0.0
 10
-5.95982
 20
0.70185
 30
0.0
 10
-5.95982
 20
0.70185
 30
0.0
 10
-5.96511
 20
0.70361
 30
0.0
 10
-5.96511
 20
0.70361
 30
0.0
 10
-5.96511
 20
0.70361
 30
0.0
 10
-5.96511
 20
0.70361
 30
0.0
 10
-5.97041
 20
0.70714
 30
0.0
 10
-5.97041
 20
0.70714
 30
0.0
 10
-5.97041
 20
0.70714
 30
0.0
 10
-5.97041
 20
0.70714
 30
0.0
 10
-5.97394
 20
0.71067
 30
0.0
 10
-5.97394
 20
0.71067
 30
0.0
 10
-5.97394
 20
0.71067
 30
0.0
 10
-5.97394
 20
0.71067
 30
0.0
 10
-5.97923
 20
0.7142
 30
0.0
 10
-5.97923
 20
0.7142
 30
0.0
 10
-5.97923
 20
0.7142
 30
0.0
 10
-5.97923
 20
0.7142
 30
0.0
 10
-5.981
 20
0.7195
 30
0.0
 10
-5.981
 20
0.7195
 30
0.0
 10
-5.981
 20
0.7195
 30
0.0
 10
-5.981
 20
0.7195
 30
0.0
 10
-5.98276
 20
0.72656
 30
0.0
 10
-5.98276
 20
0.72656
 30
0.0
 10
-5.98276
 20
0.72656
 30
0.0
 10
-5.98276
 20
0.72656
 30
0.0
 10
-5.98276
 20
0.73185
 30
0.0
 10
-5.98276
 20
0.73185
 30
0.0
  0
SPLINE
  5
3CF
330
1F
100
AcDbEntity
  8
Layer 1
 62
   250
370
    25
100
AcDbSpline
210
0.0
220
0.0
230
1.0
 70
    24
 71
     3
 72
     8
 73
     4
 74
     0
 42
0.000000001
 43
0.0000000001
 40
0.0
 40
0.0
 40
0.0
 40
0.0
 40
1.0
 40
1.0
 40
1.0
 40
1.0
 10
-2.20342
 20
0.77598
 30
0.0
 10
-2.20342
 20
0.77598
 30
0.0
 10
-2.20342
 20
1.27201
 30
0.0
 10
-2.20342
 20
1.27201
 30
0.0
  0
SPLINE
  5
3D0
330
1F
100
AcDbEntity
  8
Layer 1
 62
   250
370
    25
100
AcDbSpline
210
0.0
220
0.0
230
1.0
 70
    24
 71
     3
 72
     8
 73
     4
 74
     0
 42
0.000000001
 43
0.0000000001
 40
0.0
 40
0.0
 40
0.0
 40
0.0
 40
1.0
 40
1.0
 40
1.0
 40
1.0
 10
-2.19989
 20
0.77598
 30
0.0
 10
-2.19989
 20
0.77598
 30
0.0
 10
-2.19989
 20
0.73185
 30
0.0
 10
-2.19989
 20
0.73185
 30
0.0
  0
SPLINE
  5
3D1
330
1F
100
AcDbEntity
  8
Layer 1
 62
   250
370
    25
100
AcDbSpline
210
0.0
220
0.0
230
1.0
 70
    24
 71
     3
 72
     8
 73
     4
 74
     0
 42
0.000000001
 43
0.0000000001
 40
0.0
 40
0.0
 40
0.0
 40
0.0
 40
1.0
 40
1.0
 40
1.0
 40
1.0
 10
-2.19989
 20
3.01429
 30
0.0
 10
-2.19989
 20
3.01429
 30
0.0
 10
-2.19989
 20
2.96839
 30
0.0
 10
-2.19989
 20
2.96839
 30
0.0
  0
SPLINE
  5
3D2
330
1F
100
AcDbEntity
  8
Layer 1
 62
   250
370
    25
100
AcDbSpline
210
0.0
220
0.0
230
1.0
 70
    24
 71
     3
 72
     8
 73
     4
 74
     0
 42
0.000000001
 43
0.0000000001
 40
0.0
 40
0.0
 40
0.0
 40
0.0
 40
1.0
 40
1.0
 40
1.0
 40
1.0
 10
-2.20342
 20
2.47236
 30
0.0
 10
-2.20342
 20
2.47236
 30
0.0
 10
-2.20342
 20
2.96839
 30
0.0
 10
-2.20342
 20
2.96839
 30
0.0
  0
SPLINE
  5
3D3
330
1F
100
AcDbEntity
  8
Layer 1
 62
   250
370
    25
100
AcDbSpline
210
0.0
220
0.0
230
1.0
 70
    24
 71
     3
 72
     8
 73
     4
 74
     0
 42
0.000000001
 43
0.0000000001
 40
0.0
 40
0.0
 40
0.0
 40
0.0
 40
1.0
 40
1.0
 40
1.0
 40
1.0
 10
-2.20695
 20
2.47236
 30
0.0
 10
-2.20695
 20
2.47236
 30
0.0
 10
-2.20342
 20
2.47236
 30
0.0
 10
-2.20342
 20
2.47236
 30
0.0
  0
SPLINE
  5
3D4
330
1F
100
AcDbEntity
  8
Layer 1
 62
   250
370
    25
100
AcDbSpline
210
0.0
220
0.0
230
1.0
 70
    24
 71
     3
 72
     8
 73
     4
 74
     0
 42
0.000000001
 43
0.0000000001
 40
0.0
 40
0.0
 40
0.0
 40
0.0
 40
1.0
 40
1.0
 40
1.0
 40
1.0
 10
-2.20695
 20
2.37351
 30
0.0
 10
-2.20695
 20
2.37351
 30
0.0
 10
-2.20695
 20
2.47236
 30
0.0
 10
-2.20695
 20
2.47236
 30
0.0
  0
SPLINE
  5
3D5
330
1F
100
AcDbEntity
  8
Layer 1
 62
   250
370
    25
100
AcDbSpline
210
0.0
220
0.0
230
1.0
 70
    24
 71
     3
 72
     8
 73
     4
 74
     0
 42
0.000000001
 43
0.0000000001
 40
0.0
 40
0.0
 40
0.0
 40
0.0
 40
1.0
 40
1.0
 40
1.0
 40
1.0
 10
-2.19989
 20
2.37351
 30
0.0
 10
-2.19989
 20
2.37351
 30
0.0
 10
-2.20695
 20
2.37351
 30
0.0
 10
-2.20695
 20
2.37351
 30
0.0
  0
SPLINE
  5
3D6
330
1F
100
AcDbEntity
  8
Layer 1
 62
   250
370
    25
100
AcDbSpline
210
0.0
220
0.0
230
1.0
 70
    24
 71
     3
 72
     8
 73
     4
 74
     0
 42
0.000000001
 43
0.0000000001
 40
0.0
 40
0.0
 40
0.0
 40
0.0
 40
1.0
 40
1.0
 40
1.0
 40
1.0
 10
-2.19989
 20
1.37263
 30
0.0
 10
-2.19989
 20
1.37263
 30
0.0
 10
-2.19989
 20
2.37351
 30
0.0
 10
-2.19989
 20
2.37351
 30
0.0
  0
SPLINE
  5
3D7
330
1F
100
AcDbEntity
  8
Layer 1
 62
   250
370
    25
100
AcDbSpline
210
0.0
220
0.0
230
1.0
 70
    24
 71
     3
 72
     8
 73
     4
 74
     0
 42
0.000000001
 43
0.0000000001
 40
0.0
 40
0.0
 40
0.0
 40
0.0
 40
1.0
 40
1.0
 40
1.0
 40
1.0
 10
-2.20695
 20
1.37263
 30
0.0
 10
-2.20695
 20
1.37263
 30
0.0
 10
-2.19989
 20
1.37263
 30
0.0
 10
-2.19989
 20
1.37263
 30
0.0
  0
SPLINE
  5
3D8
330
1F
100
AcDbEntity
  8
Layer 1
 62
   250
370
    25
100
AcDbSpline
210
0.0
220
0.0
230
1.0
 70
    24
 71
     3
 72
     8
 73
     4
 74
     0
 42
0.000000001
 43
0.0000000001
 40
0.0
 40
0.0
 40
0.0
 40
0.0
 40
1.0
 40
1.0
 40
1.0
 40
1.0
 10
-2.20695
 20
1.27201
 30
0.0
 10
-2.20695
 20
1.27201
 30
0.0
 10
-2.20695
 20
1.37263
 30
0.0
 10
-2.20695
 20
1.37263
 30
0.0
  0
SPLINE
  5
3D9
330
1F
100
AcDbEntity
  8
Layer 1
 62
   250
370
    25
100
AcDbSpline
210
0.0
220
0.0
230
1.0
 70
    24
 71
     3
 72
     8
 73
     4
 74
     0
 42
0.000000001
 43
0.0000000001
 40
0.0
 40
0.0
 40
0.0
 40
0.0
 40
1.0
 40
1.0
 40
1.0
 40
1.0
 10
-2.20342
 20
1.27201
 30
0.0
 10
-2.20342
 20
1.27201
 30
0.0
 10
-2.20695
 20
1.27201
 30
0.0
 10
-2.20695
 20
1.27201
 30
0.0
  0
SPLINE
  5
3DA
330
1F
100
AcDbEntity
  8
Layer 1
 62
   250
370
    25
100
AcDbSpline
210
0.0
220
0.0
230
1.0
 70
    24
 71
     3
 72
     8
 73
     4
 74
     0
 42
0.000000001
 43
0.0000000001
 40
0.0
 40
0.0
 40
0.0
 40
0.0
 40
1.0
 40
1.0
 40
1.0
 40
1.0
 10
-5.97747
 20
1.37263
 30
0.0
 10
-5.97747
 20
1.37263
 30
0.0
 10
-5.98276
 20
1.37263
 30
0.0
 10
-5.98276
 20
1.37263
 30
0.0
  0
SPLINE
  5
3DB
330
1F
100
AcDbEntity
  8
Layer 1
 62
   250
370
    25
100
AcDbSpline
210
0.0
220
0.0
230
1.0
 70
    24
 71
     3
 72
     8
 73
     4
 74
     0
 42
0.000000001
 43
0.0000000001
 40
0.0
 40
0.0
 40
0.0
 40
0.0
 40
1.0
 40
1.0
 40
1.0
 40
1.0
 10
-5.98276
 20
2.37351
 30
0.0
 10
-5.98276
 20
2.37351
 30
0.0
 10
-5.98276
 20
1.37263
 30
0.0
 10
-5.98276
 20
1.37263
 30
0.0
  0
SPLINE
  5
3DC
330
1F
100
AcDbEntity
  8
Layer 1
 62
   250
370
    25
100
AcDbSpline
210
0.0
220
0.0
230
1.0
 70
    24
 71
     3
 72
     8
 73
     4
 74
     0
 42
0.000000001
 43
0.0000000001
 40
0.0
 40
0.0
 40
0.0
 40
0.0
 40
1.0
 40
1.0
 40
1.0
 40
1.0
 10
-5.98276
 20
2.37351
 30
0.0
 10
-5.98276
 20
2.37351
 30
0.0
 10
-5.97747
 20
2.37351
 30
0.0
 10
-5.97747
 20
2.37351
 30
0.0
  0
SPLINE
  5
3DD
330
1F
100
AcDbEntity
  8
Layer 1
 62
   250
370
    25
100
AcDbSpline
210
0.0
220
0.0
230
1.0
 70
    24
 71
     3
 72
     8
 73
     4
 74
     0
 42
0.000000001
 43
0.0000000001
 40
0.0
 40
0.0
 40
0.0
 40
0.0
 40
1.0
 40
1.0
 40
1.0
 40
1.0
 10
-5.97747
 20
2.37351
 30
0.0
 10
-5.97747
 20
2.37351
 30
0.0
 10
-5.97747
 20
2.47236
 30
0.0
 10
-5.97747
 20
2.47236
 30
0.0
  0
SPLINE
  5
3DE
330
1F
100
AcDbEntity
  8
Layer 1
 62
   250
370
    25
100
AcDbSpline
210
0.0
220
0.0
230
1.0
 70
    24
 71
     3
 72
     8
 73
     4
 74
     0
 42
0.000000001
 43
0.0000000001
 40
0.0
 40
0.0
 40
0.0
 40
0.0
 40
1.0
 40
1.0
 40
1.0
 40
1.0
 10
-5.97747
 20
2.47236
 30
0.0
 10
-5.97747
 20
2.47236
 30
0.0
 10
-5.981
 20
2.47236
 30
0.0
 10
-5.981
 20
2.47236
 30
0.0
  0
SPLINE
  5
3DF
330
1F
100
AcDbEntity
  8
Layer 1
 62
   250
370
    25
100
AcDbSpline
210
0.0
220
0.0
230
1.0
 70
    24
 71
     3
 72
     8
 73
     4
 74
     0
 42
0.000000001
 43
0.0000000001
 40
0.0
 40
0.0
 40
0.0
 40
0.0
 40
1.0
 40
1.0
 40
1.0
 40
1.0
 10
-5.981
 20
2.47236
 30
0.0
 10
-5.981
 20
2.47236
 30
0.0
 10
-5.981
 20
2.96839
 30
0.0
 10
-5.981
 20
2.96839
 30
0.0
  0
SPLINE
  5
3E0
330
1F
100
AcDbEntity
  8
Layer 1
 62
   250
370
    25
100
AcDbSpline
210
0.0
220
0.0
230
1.0
 70
    24
 71
     3
 72
     8
 73
     4
 74
     0
 42
0.000000001
 43
0.0000000001
 40
0.0
 40
0.0
 40
0.0
 40
0.0
 40
1.0
 40
1.0
 40
1.0
 40
1.0
 10
-5.98276
 20
3.01429
 30
0.0
 10
-5.98276
 20
3.01429
 30
0.0
 10
-5.98276
 20
2.96839
 30
0.0
 10
-5.98276
 20
2.96839
 30
0.0
  0
SPLINE
  5
3E1
330
1F
100
AcDbEntity
  8
Layer 1
 62
   250
370
    25
100
AcDbSpline
210
0.0
220
0.0
230
1.0
 70
    24
 71
     3
 72
     8
 73
     4
 74
     0
 42
0.000000001
 43
0.0000000001
 40
0.0
 40
0.0
 40
0.0
 40
0.0
 40
1.0
 40
1.0
 40
1.0
 40
1.0
 10
-5.98276
 20
0.77598
 30
0.0
 10
-5.98276
 20
0.77598
 30
0.0
 10
-5.98276
 20
0.73185
 30
0.0
 10
-5.98276
 20
0.73185
 30
0.0
  0
SPLINE
  5
3E2
330
1F
100
AcDbEntity
  8
Layer 1
 62
   250
370
    25
100
AcDbSpline
210
0.0
220
0.0
230
1.0
 70
    24
 71
     3
 72
     8
 73
     4
 74
     0
 42
0.000000001
 43
0.0000000001
 40
0.0
 40
0.0
 40
0.0
 40
0.0
 40
1.0
 40
1.0
 40
1.0
 40
1.0
 10
-5.981
 20
0.77598
 30
0.0
 10
-5.981
 20
0.77598
 30
0.0
 10
-5.981
 20
1.27201
 30
0.0
 10
-5.981
 20
1.27201
 30
0.0
  0
SPLINE
  5
3E3
330
1F
100
AcDbEntity
  8
Layer 1
 62
   250
370
    25
100
AcDbSpline
210
0.0
220
0.0
230
1.0
 70
    24
 71
     3
 72
     8
 73
     4
 74
     0
 42
0.000000001
 43
0.0000000001
 40
0.0
 40
0.0
 40
0.0
 40
0.0
 40
1.0
 40
1.0
 40
1.0
 40
1.0
 10
-5.981
 20
1.27201
 30
0.0
 10
-5.981
 20
1.27201
 30
0.0
 10
-5.97747
 20
1.27201
 30
0.0
 10
-5.97747
 20
1.27201
 30
0.0
  0
SPLINE
  5
3E4
330
1F
100
AcDbEntity
  8
Layer 1
 62
   250
370
    25
100
AcDbSpline
210
0.0
220
0.0
230
1.0
 70
    24
 71
     3
 72
     8
 73
     4
 74
     0
 42
0.000000001
 43
0.0000000001
 40
0.0
 40
0.0
 40
0.0
 40
0.0
 40
1.0
 40
1.0
 40
1.0
 40
1.0
 10
-5.97747
 20
1.27201
 30
0.0
 10
-5.97747
 20
1.27201
 30
0.0
 10
-5.97747
 20
1.37263
 30
0.0
 10
-5.97747
 20
1.37263
 30
0.0
  0
SPLINE
  5
3E5
330
1F
100
AcDbEntity
  8
Layer 1
 62
   250
370
    25
100
AcDbSpline
210
0.0
220
0.0
230
1.0
 70
    24
 71
     3
 72
     8
 73
     4
 74
     0
 42
0.000000001
 43
0.0000000001
 40
0.0
 40
0.0
 40
0.0
 40
0.0
 40
1.0
 40
1.0
 40
1.0
 40
1.0
 10
-2.16253
 20
2.96839
 30
0.0
 10
-2.16253
 20
2.96839
 30
0.0
 10
-2.20342
 20
2.96839
 30
0.0
 10
-2.20342
 20
2.96839
 30
0.0
  0
SPLINE
  5
3E6
330
1F
100
AcDbEntity
  8
Layer 1
 62
   250
370
    25
100
AcDbSpline
210
0.0
220
0.0
230
1.0
 70
    24
 71
     3
 72
     8
 73
     4
 74
     0
 42
0.000000001
 43
0.0000000001
 40
0.0
 40
0.0
 40
0.0
 40
0.0
 40
1.0
 40
1.0
 40
1.0
 40
1.0
 10
-2.20342
 20
2.47236
 30
0.0
 10
-2.20342
 20
2.47236
 30
0.0
 10
-2.16253
 20
2.47236
 30
0.0
 10
-2.16253
 20
2.47236
 30
0.0
  0
SPLINE
  5
3E7
330
1F
100
AcDbEntity
  8
Layer 1
 62
   250
370
    25
100
AcDbSpline
210
0.0
220
0.0
230
1.0
 70
    24
 71
     3
 72
     8
 73
     4
 74
     0
 42
0.000000001
 43
0.0000000001
 40
0.0
 40
0.0
 40
0.0
 40
0.0
 40
1.0
 40
1.0
 40
1.0
 40
1.0
 10
-2.16253
 20
0.77598
 30
0.0
 10
-2.16253
 20
0.77598
 30
0.0
 10
-2.20342
 20
0.77598
 30
0.0
 10
-2.20342
 20
0.77598
 30
0.0
  0
SPLINE
  5
3E8
330
1F
100
AcDbEntity
  8
Layer 1
 62
   250
370
    25
100
AcDbSpline
210
0.0
220
0.0
230
1.0
 70
    24
 71
     3
 72
     8
 73
     4
 74
     0
 42
0.000000001
 43
0.0000000001
 40
0.0
 40
0.0
 40
0.0
 40
0.0
 40
1.0
 40
1.0
 40
1.0
 40
1.0
 10
-2.20342
 20
1.27201
 30
0.0
 10
-2.20342
 20
1.27201
 30
0.0
 10
-2.16253
 20
1.27201
 30
0.0
 10
-2.16253
 20
1.27201
 30
0.0
  0
SPLINE
  5
3E9
330
1F
100
AcDbEntity
  8
Layer 1
 62
   250
370
    25
100
AcDbSpline
210
0.0
220
0.0
230
1.0
 70
    24
 71
     3
 72
     8
 73
     4
 74
     0
 42
0.000000001
 43
0.0000000001
 40
0.0
 40
0.0
 40
0.0
 40
0.0
 40
1.0
 40
1.0
 40
1.0
 40
1.0
 10
-5.981
 20
0.77598
 30
0.0
 10
-5.981
 20
0.77598
 30
0.0
 10
-6.02897
 20
0.77598
 30
0.0
 10
-6.02897
 20
0.77598
 30
0.0
  0
SPLINE
  5
3EA
330
1F
100
AcDbEntity
  8
Layer 1
 62
   250
370
    25
100
AcDbSpline
210
0.0
220
0.0
230
1.0
 70
    24
 71
     3
 72
     8
 73
     4
 74
     0
 42
0.000000001
 43
0.0000000001
 40
0.0
 40
0.0
 40
0.0
 40
0.0
 40
1.0
 40
1.0
 40
1.0
 40
1.0
 10
-6.02897
 20
1.27201
 30
0.0
 10
-6.02897
 20
1.27201
 30
0.0
 10
-5.981
 20
1.27201
 30
0.0
 10
-5.981
 20
1.27201
 30
0.0
  0
SPLINE
  5
3EB
330
1F
100
AcDbEntity
  8
Layer 1
 62
   250
370
    25
100
AcDbSpline
210
0.0
220
0.0
230
1.0
 70
    24
 71
     3
 72
     8
 73
     4
 74
     0
 42
0.000000001
 43
0.0000000001
 40
0.0
 40
0.0
 40
0.0
 40
0.0
 40
1.0
 40
1.0
 40
1.0
 40
1.0
 10
-5.981
 20
2.96839
 30
0.0
 10
-5.981
 20
2.96839
 30
0.0
 10
-6.02897
 20
2.96839
 30
0.0
 10
-6.02897
 20
2.96839
 30
0.0
  0
SPLINE
  5
3EC
330
1F
100
AcDbEntity
  8
Layer 1
 62
   250
370
    25
100
AcDbSpline
210
0.0
220
0.0
230
1.0
 70
    24
 71
     3
 72
     8
 73
     4
 74
     0
 42
0.000000001
 43
0.0000000001
 40
0.0
 40
0.0
 40
0.0
 40
0.0
 40
1.0
 40
1.0
 40
1.0
 40
1.0
 10
-6.02897
 20
2.47236
 30
0.0
 10
-6.02897
 20
2.47236
 30
0.0
 10
-5.981
 20
2.47236
 30
0.0
 10
-5.981
 20
2.47236
 30
0.0
  0
SPLINE
  5
3ED
330
1F
100
AcDbEntity
  8
Layer 1
 62
   250
370
    25
100
AcDbSpline
210
0.0
220
0.0
230
1.0
 70
    11
 71
     3
 72
    84
 73
    80
 74
     0
 42
0.000000001
 43
0.0000000001
 40
0.0
 40
0.0
 40
0.0
 40
0.0
 40
0.0476190476190476
 40
0.0476190476190476
 40
0.0476190476190476
 40
0.0476190576190476
 40
0.0952380952380952
 40
0.0952380952380952
 40
0.0952380952380952
 40
0.0952381052380952
 40
0.1428571428571428
 40
0.1428571428571428
 40
0.1428571428571428
 40
0.1428571528571428
 40
0.1904761904761905
 40
0.1904761904761905
 40
0.1904761904761905
 40
0.1904762004761905
 40
0.2380952380952381
 40
0.2380952380952381
 40
0.2380952380952381
 40
0.2380952480952381
 40
0.2857142857142857
 40
0.2857142857142857
 40
0.2857142857142857
 40
0.2857142957142857
 40
0.3333333333333333
 40
0.3333333333333333
 40
0.3333333333333333
 40
0.3333333433333333
 40
0.3809523809523809
 40
0.3809523809523809
 40
0.3809523809523809
 40
0.3809523909523809
 40
0.4285714285714285
 40
0.4285714285714285
 40
0.4285714285714285
 40
0.4285714385714285
 40
0.4761904761904762
 40
0.4761904761904762
 40
0.4761904761904762
 40
0.4761904861904762
 40
0.5238095238095238
 40
0.5238095238095238
 40
0.5238095238095238
 40
0.5238095338095239
 40
0.5714285714285714
 40
0.5714285714285714
 40
0.5714285714285714
 40
0.5714285814285714
 40
0.6190476190476191
 40
0.6190476190476191
 40
0.6190476190476191
 40
0.6190476290476191
 40
0.6666666666666666
 40
0.6666666666666666
 40
0.6666666666666666
 40
0.6666666766666667
 40
0.7142857142857143
 40
0.7142857142857143
 40
0.7142857142857143
 40
0.7142857242857144
 40
0.7619047619047619
 40
0.7619047619047619
 40
0.7619047619047619
 40
0.7619047719047619
 40
0.8095238095238095
 40
0.8095238095238095
 40
0.8095238095238095
 40
0.8095238195238096
 40
0.8571428571428571
 40
0.8571428571428571
 40
0.8571428571428571
 40
0.8571428671428571
 40
0.9047619047619048
 40
0.9047619047619048
 40
0.9047619047619048
 40
0.9047619147619048
 40
1.0
 40
1.0
 40
1.0
 40
1.0
 10
-5.6103
 20
0.02735
 30
0.0
 10
-5.6103
 20
0.02735
 30
0.0
 10
-5.58735
 20
0.03264
 30
0.0
 10
-5.58735
 20
0.03264
 30
0.0
 10
-5.58735
 20
0.03264
 30
0.0
 10
-5.58735
 20
0.03264
 30
0.0
 10
-5.56794
 20
0.045
 30
0.0
 10
-5.56794
 20
0.045
 30
0.0
 10
-5.56794
 20
0.045
 30
0.0
 10
-5.56794
 20
0.045
 30
0.0
 10
-5.55205
 20
0.06265
 30
0.0
 10
-5.55205
 20
0.06265
 30
0.0
 10
-5.55205
 20
0.06265
 30
0.0
 10
-5.55205
 20
0.06265
 30
0.0
 10
-5.54499
 20
0.0856
 30
0.0
 10
-5.54499
 20
0.0856
 30
0.0
 10
-5.54499
 20
0.0856
 30
0.0
 10
-5.54499
 20
0.0856
 30
0.0
 10
-5.54322
 20
0.10855
 30
0.0
 10
-5.54322
 20
0.10855
 30
0.0
 10
-5.54322
 20
0.10855
 30
0.0
 10
-5.54322
 20
0.10855
 30
0.0
 10
-5.55205
 20
0.1315
 30
0.0
 10
-5.55205
 20
0.1315
 30
0.0
 10
-5.55205
 20
0.1315
 30
0.0
 10
-5.55205
 20
0.1315
 30
0.0
 10
-5.56617
 20
0.14915
 30
0.0
 10
-5.56617
 20
0.14915
 30
0.0
 10
-5.56617
 20
0.14915
 30
0.0
 10
-5.56617
 20
0.14915
 30
0.0
 10
-5.58559
 20
0.1615
 30
0.0
 10
-5.58559
 20
0.1615
 30
0.0
 10
-5.58559
 20
0.1615
 30
0.0
 10
-5.58559
 20
0.1615
 30
0.0
 10
-5.60854
 20
0.1668
 30
0.0
 10
-5.60854
 20
0.1668
 30
0.0
 10
-5.60854
 20
0.1668
 30
0.0
 10
-5.60854
 20
0.1668
 30
0.0
 10
-5.63325
 20
0.16504
 30
0.0
 10
-5.63325
 20
0.16504
 30
0.0
 10
-5.63325
 20
0.16504
 30
0.0
 10
-5.63325
 20
0.16504
 30
0.0
 10
-5.65267
 20
0.15444
 30
0.0
 10
-5.65267
 20
0.15444
 30
0.0
 10
-5.65267
 20
0.15444
 30
0.0
 10
-5.65267
 20
0.15444
 30
0.0
 10
-5.67032
 20
0.13856
 30
0.0
 10
-5.67032
 20
0.13856
 30
0.0
 10
-5.67032
 20
0.13856
 30
0.0
 10
-5.67032
 20
0.13856
 30
0.0
 10
-5.68091
 20
0.11738
 30
0.0
 10
-5.68091
 20
0.11738
 30
0.0
 10
-5.68091
 20
0.11738
 30
0.0
 10
-5.68091
 20
0.11738
 30
0.0
 10
-5.68267
 20
0.09442
 30
0.0
 10
-5.68267
 20
0.09442
 30
0.0
 10
-5.68267
 20
0.09442
 30
0.0
 10
-5.68267
 20
0.09442
 30
0.0
 10
-5.67738
 20
0.07148
 30
0.0
 10
-5.67738
 20
0.07148
 30
0.0
 10
-5.67738
 20
0.07148
 30
0.0
 10
-5.67738
 20
0.07148
 30
0.0
 10
-5.66502
 20
0.0503
 30
0.0
 10
-5.66502
 20
0.0503
 30
0.0
 10
-5.66502
 20
0.0503
 30
0.0
 10
-5.66502
 20
0.0503
 30
0.0
 10
-5.64737
 20
0.03617
 30
0.0
 10
-5.64737
 20
0.03617
 30
0.0
 10
-5.64737
 20
0.03617
 30
0.0
 10
-5.64737
 20
0.03617
 30
0.0
 10
-5.62442
 20
0.02911
 30
0.0
 10
-5.62442
 20
0.02911
 30
0.0
 10
-5.62442
 20
0.02911
 30
0.0
 10
-5.62442
 20
0.02911
 30
0.0
 10
-5.61736
 20
0.02735
 30
0.0
 10
-5.61736
 20
0.02735
 30
0.0
 10
-5.61736
 20
0.02735
 30
0.0
 10
-5.61736
 20
0.02735
 30
0.0
 10
-5.6103
 20
0.02735
 30
0.0
 10
-5.6103
 20
0.02735
 30
0.0
  0
SPLINE
  5
3EE
330
1F
100
AcDbEntity
  8
Layer 1
 62
   250
370
    25
100
AcDbSpline
210
0.0
220
0.0
230
1.0
 70
     8
 71
     3
 72
    76
 73
    72
 74
     0
 42
0.000000001
 43
0.0000000001
 40
0.0
 40
0.0
 40
0.0
 40
0.0
 40
0.0526315789473684
 40
0.0526315789473684
 40
0.0526315789473684
 40
0.0526315889473684
 40
0.1052631578947368
 40
0.1052631578947368
 40
0.1052631578947368
 40
0.1052631678947368
 40
0.1578947368421053
 40
0.1578947368421053
 40
0.1578947368421053
 40
0.1578947468421052
 40
0.2105263157894737
 40
0.2105263157894737
 40
0.2105263157894737
 40
0.2105263257894737
 40
0.2631578947368421
 40
0.2631578947368421
 40
0.2631578947368421
 40
0.2631579047368421
 40
0.3157894736842105
 40
0.3157894736842105
 40
0.3157894736842105
 40
0.3157894836842105
 40
0.3684210526315789
 40
0.3684210526315789
 40
0.3684210526315789
 40
0.3684210626315789
 40
0.4210526315789473
 40
0.4210526315789473
 40
0.4210526315789473
 40
0.4210526415789473
 40
0.4736842105263158
 40
0.4736842105263158
 40
0.4736842105263158
 40
0.4736842205263158
 40
0.5263157894736842
 40
0.5263157894736842
 40
0.5263157894736842
 40
0.5263157994736842
 40
0.5789473684210527
 40
0.5789473684210527
 40
0.5789473684210527
 40
0.5789473784210527
 40
0.631578947368421
 40
0.631578947368421
 40
0.631578947368421
 40
0.6315789573684211
 40
0.6842105263157895
 40
0.6842105263157895
 40
0.6842105263157895
 40
0.6842105363157895
 40
0.7368421052631579
 40
0.7368421052631579
 40
0.7368421052631579
 40
0.7368421152631579
 40
0.7894736842105263
 40
0.7894736842105263
 40
0.7894736842105263
 40
0.7894736942105264
 40
0.8421052631578947
 40
0.8421052631578947
 40
0.8421052631578947
 40
0.8421052731578947
 40
0.8947368421052632
 40
0.8947368421052632
 40
0.8947368421052632
 40
0.8947368521052632
 40
1.0
 40
1.0
 40
1.0
 40
1.0
 10
-2.27403
 20
-1.57901
 30
0.0
 10
-2.27403
 20
-1.57901
 30
0.0
 10
-2.28638
 20
-1.46074
 30
0.0
 10
-2.28638
 20
-1.46074
 30
0.0
 10
-2.28638
 20
-1.46074
 30
0.0
 10
-2.28638
 20
-1.46074
 30
0.0
 10
-2.29698
 20
-1.3407
 30
0.0
 10
-2.29698
 20
-1.3407
 30
0.0
 10
-2.29698
 20
-1.3407
 30
0.0
 10
-2.29698
 20
-1.3407
 30
0.0
 10
-2.30757
 20
-1.22067
 30
0.0
 10
-2.30757
 20
-1.22067
 30
0.0
 10
-2.30757
 20
-1.22067
 30
0.0
 10
-2.30757
 20
-1.22067
 30
0.0
 10
-2.31639
 20
-1.10063
 30
0.0
 10
-2.31639
 20
-1.10063
 30
0.0
 10
-2.31639
 20
-1.10063
 30
0.0
 10
-2.31639
 20
-1.10063
 30
0.0
 10
-2.32345
 20
-0.98059
 30
0.0
 10
-2.32345
 20
-0.98059
 30
0.0
 10
-2.32345
 20
-0.98059
 30
0.0
 10
-2.32345
 20
-0.98059
 30
0.0
 10
-2.32875
 20
-0.8588
 30
0.0
 10
-2.32875
 20
-0.8588
 30
0.0
 10
-2.32875
 20
-0.8588
 30
0.0
 10
-2.32875
 20
-0.8588
 30
0.0
 10
-2.33228
 20
-0.73699
 30
0.0
 10
-2.33228
 20
-0.73699
 30
0.0
 10
-2.33228
 20
-0.73699
 30
0.0
 10
-2.33228
 20
-0.73699
 30
0.0
 10
-2.33405
 20
-0.61519
 30
0.0
 10
-2.33405
 20
-0.61519
 30
0.0
 10
-2.33405
 20
-0.61519
 30
0.0
 10
-2.33405
 20
-0.61519
 30
0.0
 10
-2.33581
 20
-0.4934
 30
0.0
 10
-2.33581
 20
-0.4934
 30
0.0
 10
-2.33581
 20
-0.4934
 30
0.0
 10
-2.33581
 20
-0.4934
 30
0.0
 10
-2.33405
 20
-0.37159
 30
0.0
 10
-2.33405
 20
-0.37159
 30
0.0
 10
-2.33405
 20
-0.37159
 30
0.0
 10
-2.33405
 20
-0.37159
 30
0.0
 10
-2.33228
 20
-0.24979
 30
0.0
 10
-2.33228
 20
-0.24979
 30
0.0
 10
-2.33228
 20
-0.24979
 30
0.0
 10
-2.33228
 20
-0.24979
 30
0.0
 10
-2.32875
 20
-0.12799
 30
0.0
 10
-2.32875
 20
-0.12799
 30
0.0
 10
-2.32875
 20
-0.12799
 30
0.0
 10
-2.32875
 20
-0.12799
 30
0.0
 10
-2.32345
 20
-0.00619
 30
0.0
 10
-2.32345
 20
-0.00619
 30
0.0
 10
-2.32345
 20
-0.00619
 30
0.0
 10
-2.32345
 20
-0.00619
 30
0.0
 10
-2.31639
 20
0.11561
 30
0.0
 10
-2.31639
 20
0.11561
 30
0.0
 10
-2.31639
 20
0.11561
 30
0.0
 10
-2.31639
 20
0.11561
 30
0.0
 10
-2.30757
 20
0.23565
 30
0.0
 10
-2.30757
 20
0.23565
 30
0.0
 10
-2.30757
 20
0.23565
 30
0.0
 10
-2.30757
 20
0.23565
 30
0.0
 10
-2.29698
 20
0.35568
 30
0.0
 10
-2.29698
 20
0.35568
 30
0.0
 10
-2.29698
 20
0.35568
 30
0.0
 10
-2.29698
 20
0.35568
 30
0.0
 10
-2.28638
 20
0.47571
 30
0.0
 10
-2.28638
 20
0.47571
 30
0.0
 10
-2.28638
 20
0.47571
 30
0.0
 10
-2.28638
 20
0.47571
 30
0.0
 10
-2.27403
 20
0.59399
 30
0.0
 10
-2.27403
 20
0.59399
 30
0.0
  0
SPLINE
  5
3EF
330
1F
100
AcDbEntity
  8
Layer 1
 62
   250
370
    25
100
AcDbSpline
210
0.0
220
0.0
230
1.0
 70
     8
 71
     3
 72
    36
 73
    32
 74
     0
 42
0.000000001
 43
0.0000000001
 40
0.0
 40
0.0
 40
0.0
 40
0.0
 40
0.1111111111111111
 40
0.1111111111111111
 40
0.1111111111111111
 40
0.1111111211111111
 40
0.2222222222222222
 40
0.2222222222222222
 40
0.2222222222222222
 40
0.2222222322222222
 40
0.3333333333333333
 40
0.3333333333333333
 40
0.3333333333333333
 40
0.3333333433333333
 40
0.4444444444444444
 40
0.4444444444444444
 40
0.4444444444444444
 40
0.4444444544444444
 40
0.5555555555555556
 40
0.5555555555555556
 40
0.5555555555555556
 40
0.5555555655555556
 40
0.6666666666666666
 40
0.6666666666666666
 40
0.6666666666666666
 40
0.6666666766666667
 40
0.7777777777777778
 40
0.7777777777777778
 40
0.7777777777777778
 40
0.7777777877777778
 40
1.0
 40
1.0
 40
1.0
 40
1.0
 10
-2.27403
 20
0.59399
 30
0.0
 10
-2.27403
 20
0.59399
 30
0.0
 10
-2.26873
 20
0.59399
 30
0.0
 10
-2.26873
 20
0.59399
 30
0.0
 10
-2.26873
 20
0.59399
 30
0.0
 10
-2.26873
 20
0.59399
 30
0.0
 10
-2.2652
 20
0.59222
 30
0.0
 10
-2.2652
 20
0.59222
 30
0.0
 10
-2.2652
 20
0.59222
 30
0.0
 10
-2.2652
 20
0.59222
 30
0.0
 10
-2.26167
 20
0.59222
 30
0.0
 10
-2.26167
 20
0.59222
 30
0.0
 10
-2.26167
 20
0.59222
 30
0.0
 10
-2.26167
 20
0.59222
 30
0.0
 10
-2.25638
 20
0.59045
 30
0.0
 10
-2.25638
 20
0.59045
 30
0.0
 10
-2.25638
 20
0.59045
 30
0.0
 10
-2.25638
 20
0.59045
 30
0.0
 10
-2.25284
 20
0.59045
 30
0.0
 10
-2.25284
 20
0.59045
 30
0.0
 10
-2.25284
 20
0.59045
 30
0.0
 10
-2.25284
 20
0.59045
 30
0.0
 10
-2.25108
 20
0.58869
 30
0.0
 10
-2.25108
 20
0.58869
 30
0.0
 10
-2.25108
 20
0.58869
 30
0.0
 10
-2.25108
 20
0.58869
 30
0.0
 10
-2.24755
 20
0.58692
 30
0.0
 10
-2.24755
 20
0.58692
 30
0.0
 10
-2.24755
 20
0.58692
 30
0.0
 10
-2.24755
 20
0.58692
 30
0.0
 10
-2.24578
 20
0.58692
 30
0.0
 10
-2.24578
 20
0.58692
 30
0.0
  0
SPLINE
  5
3F0
330
1F
100
AcDbEntity
  8
Layer 1
 62
   250
370
    25
100
AcDbSpline
210
0.0
220
0.0
230
1.0
 70
     8
 71
     3
 72
    76
 73
    72
 74
     0
 42
0.000000001
 43
0.0000000001
 40
0.0
 40
0.0
 40
0.0
 40
0.0
 40
0.0526315789473684
 40
0.0526315789473684
 40
0.0526315789473684
 40
0.0526315889473684
 40
0.1052631578947368
 40
0.1052631578947368
 40
0.1052631578947368
 40
0.1052631678947368
 40
0.1578947368421053
 40
0.1578947368421053
 40
0.1578947368421053
 40
0.1578947468421052
 40
0.2105263157894737
 40
0.2105263157894737
 40
0.2105263157894737
 40
0.2105263257894737
 40
0.2631578947368421
 40
0.2631578947368421
 40
0.2631578947368421
 40
0.2631579047368421
 40
0.3157894736842105
 40
0.3157894736842105
 40
0.3157894736842105
 40
0.3157894836842105
 40
0.3684210526315789
 40
0.3684210526315789
 40
0.3684210526315789
 40
0.3684210626315789
 40
0.4210526315789473
 40
0.4210526315789473
 40
0.4210526315789473
 40
0.4210526415789473
 40
0.4736842105263158
 40
0.4736842105263158
 40
0.4736842105263158
 40
0.4736842205263158
 40
0.5263157894736842
 40
0.5263157894736842
 40
0.5263157894736842
 40
0.5263157994736842
 40
0.5789473684210527
 40
0.5789473684210527
 40
0.5789473684210527
 40
0.5789473784210527
 40
0.631578947368421
 40
0.631578947368421
 40
0.631578947368421
 40
0.6315789573684211
 40
0.6842105263157895
 40
0.6842105263157895
 40
0.6842105263157895
 40
0.6842105363157895
 40
0.7368421052631579
 40
0.7368421052631579
 40
0.7368421052631579
 40
0.7368421152631579
 40
0.7894736842105263
 40
0.7894736842105263
 40
0.7894736842105263
 40
0.7894736942105264
 40
0.8421052631578947
 40
0.8421052631578947
 40
0.8421052631578947
 40
0.8421052731578947
 40
0.8947368421052632
 40
0.8947368421052632
 40
0.8947368421052632
 40
0.8947368521052632
 40
1.0
 40
1.0
 40
1.0
 40
1.0
 10
-2.24578
 20
0.58692
 30
0.0
 10
-2.24578
 20
0.58692
 30
0.0
 10
-2.2599
 20
0.46865
 30
0.0
 10
-2.2599
 20
0.46865
 30
0.0
 10
-2.2599
 20
0.46865
 30
0.0
 10
-2.2599
 20
0.46865
 30
0.0
 10
-2.2705
 20
0.35038
 30
0.0
 10
-2.2705
 20
0.35038
 30
0.0
 10
-2.2705
 20
0.35038
 30
0.0
 10
-2.2705
 20
0.35038
 30
0.0
 10
-2.28109
 20
0.23035
 30
0.0
 10
-2.28109
 20
0.23035
 30
0.0
 10
-2.28109
 20
0.23035
 30
0.0
 10
-2.28109
 20
0.23035
 30
0.0
 10
-2.28992
 20
0.11031
 30
0.0
 10
-2.28992
 20
0.11031
 30
0.0
 10
-2.28992
 20
0.11031
 30
0.0
 10
-2.28992
 20
0.11031
 30
0.0
 10
-2.29521
 20
-0.00972
 30
0.0
 10
-2.29521
 20
-0.00972
 30
0.0
 10
-2.29521
 20
-0.00972
 30
0.0
 10
-2.29521
 20
-0.00972
 30
0.0
 10
-2.3005
 20
-0.12976
 30
0.0
 10
-2.3005
 20
-0.12976
 30
0.0
 10
-2.3005
 20
-0.12976
 30
0.0
 10
-2.3005
 20
-0.12976
 30
0.0
 10
-2.3058
 20
-0.25156
 30
0.0
 10
-2.3058
 20
-0.25156
 30
0.0
 10
-2.3058
 20
-0.25156
 30
0.0
 10
-2.3058
 20
-0.25156
 30
0.0
 10
-2.30757
 20
-0.37159
 30
0.0
 10
-2.30757
 20
-0.37159
 30
0.0
 10
-2.30757
 20
-0.37159
 30
0.0
 10
-2.30757
 20
-0.37159
 30
0.0
 10
-2.30757
 20
-0.4934
 30
0.0
 10
-2.30757
 20
-0.4934
 30
0.0
 10
-2.30757
 20
-0.4934
 30
0.0
 10
-2.30757
 20
-0.4934
 30
0.0
 10
-2.30757
 20
-0.61343
 30
0.0
 10
-2.30757
 20
-0.61343
 30
0.0
 10
-2.30757
 20
-0.61343
 30
0.0
 10
-2.30757
 20
-0.61343
 30
0.0
 10
-2.3058
 20
-0.73523
 30
0.0
 10
-2.3058
 20
-0.73523
 30
0.0
 10
-2.3058
 20
-0.73523
 30
0.0
 10
-2.3058
 20
-0.73523
 30
0.0
 10
-2.3005
 20
-0.85526
 30
0.0
 10
-2.3005
 20
-0.85526
 30
0.0
 10
-2.3005
 20
-0.85526
 30
0.0
 10
-2.3005
 20
-0.85526
 30
0.0
 10
-2.29521
 20
-0.97707
 30
0.0
 10
-2.29521
 20
-0.97707
 30
0.0
 10
-2.29521
 20
-0.97707
 30
0.0
 10
-2.29521
 20
-0.97707
 30
0.0
 10
-2.28992
 20
-1.0971
 30
0.0
 10
-2.28992
 20
-1.0971
 30
0.0
 10
-2.28992
 20
-1.0971
 30
0.0
 10
-2.28992
 20
-1.0971
 30
0.0
 10
-2.28109
 20
-1.21713
 30
0.0
 10
-2.28109
 20
-1.21713
 30
0.0
 10
-2.28109
 20
-1.21713
 30
0.0
 10
-2.28109
 20
-1.21713
 30
0.0
 10
-2.2705
 20
-1.33541
 30
0.0
 10
-2.2705
 20
-1.33541
 30
0.0
 10
-2.2705
 20
-1.33541
 30
0.0
 10
-2.2705
 20
-1.33541
 30
0.0
 10
-2.2599
 20
-1.45368
 30
0.0
 10
-2.2599
 20
-1.45368
 30
0.0
 10
-2.2599
 20
-1.45368
 30
0.0
 10
-2.2599
 20
-1.45368
 30
0.0
 10
-2.24578
 20
-1.57195
 30
0.0
 10
-2.24578
 20
-1.57195
 30
0.0
  0
SPLINE
  5
3F1
330
1F
100
AcDbEntity
  8
Layer 1
 62
   250
370
    25
100
AcDbSpline
210
0.0
220
0.0
230
1.0
 70
     8
 71
     3
 72
    36
 73
    32
 74
     0
 42
0.000000001
 43
0.0000000001
 40
0.0
 40
0.0
 40
0.0
 40
0.0
 40
0.1111111111111111
 40
0.1111111111111111
 40
0.1111111111111111
 40
0.1111111211111111
 40
0.2222222222222222
 40
0.2222222222222222
 40
0.2222222222222222
 40
0.2222222322222222
 40
0.3333333333333333
 40
0.3333333333333333
 40
0.3333333333333333
 40
0.3333333433333333
 40
0.4444444444444444
 40
0.4444444444444444
 40
0.4444444444444444
 40
0.4444444544444444
 40
0.5555555555555556
 40
0.5555555555555556
 40
0.5555555555555556
 40
0.5555555655555556
 40
0.6666666666666666
 40
0.6666666666666666
 40
0.6666666666666666
 40
0.6666666766666667
 40
0.7777777777777778
 40
0.7777777777777778
 40
0.7777777777777778
 40
0.7777777877777778
 40
1.0
 40
1.0
 40
1.0
 40
1.0
 10
-2.27403
 20
-1.57901
 30
0.0
 10
-2.27403
 20
-1.57901
 30
0.0
 10
-2.26873
 20
-1.57901
 30
0.0
 10
-2.26873
 20
-1.57901
 30
0.0
 10
-2.26873
 20
-1.57901
 30
0.0
 10
-2.26873
 20
-1.57901
 30
0.0
 10
-2.2652
 20
-1.57901
 30
0.0
 10
-2.2652
 20
-1.57901
 30
0.0
 10
-2.2652
 20
-1.57901
 30
0.0
 10
-2.2652
 20
-1.57901
 30
0.0
 10
-2.26167
 20
-1.57724
 30
0.0
 10
-2.26167
 20
-1.57724
 30
0.0
 10
-2.26167
 20
-1.57724
 30
0.0
 10
-2.26167
 20
-1.57724
 30
0.0
 10
-2.25638
 20
-1.57724
 30
0.0
 10
-2.25638
 20
-1.57724
 30
0.0
 10
-2.25638
 20
-1.57724
 30
0.0
 10
-2.25638
 20
-1.57724
 30
0.0
 10
-2.25284
 20
-1.57547
 30
0.0
 10
-2.25284
 20
-1.57547
 30
0.0
 10
-2.25284
 20
-1.57547
 30
0.0
 10
-2.25284
 20
-1.57547
 30
0.0
 10
-2.25108
 20
-1.57371
 30
0.0
 10
-2.25108
 20
-1.57371
 30
0.0
 10
-2.25108
 20
-1.57371
 30
0.0
 10
-2.25108
 20
-1.57371
 30
0.0
 10
-2.24755
 20
-1.57371
 30
0.0
 10
-2.24755
 20
-1.57371
 30
0.0
 10
-2.24755
 20
-1.57371
 30
0.0
 10
-2.24755
 20
-1.57371
 30
0.0
 10
-2.24578
 20
-1.57195
 30
0.0
 10
-2.24578
 20
-1.57195
 30
0.0
  0
SPLINE
  5
3F2
330
1F
100
AcDbEntity
  8
Layer 1
 62
   250
370
    25
100
AcDbSpline
210
0.0
220
0.0
230
1.0
 70
    11
 71
     3
 72
    80
 73
    76
 74
     0
 42
0.000000001
 43
0.0000000001
 40
0.0
 40
0.0
 40
0.0
 40
0.0
 40
0.05
 40
0.05
 40
0.05
 40
0.05000001
 40
0.1
 40
0.1
 40
0.1
 40
0.10000001
 40
0.15
 40
0.15
 40
0.15
 40
0.15000001
 40
0.2
 40
0.2
 40
0.2
 40
0.20000001
 40
0.25
 40
0.25
 40
0.25
 40
0.25000001
 40
0.3
 40
0.3
 40
0.3
 40
0.30000001
 40
0.35
 40
0.35
 40
0.35
 40
0.35000001
 40
0.4
 40
0.4
 40
0.4
 40
0.40000001
 40
0.45
 40
0.45
 40
0.45
 40
0.45000001
 40
0.5
 40
0.5
 40
0.5
 40
0.50000001
 40
0.55
 40
0.55
 40
0.55
 40
0.5500000100000001
 40
0.6
 40
0.6
 40
0.6
 40
0.60000001
 40
0.65
 40
0.65
 40
0.65
 40
0.6500000100000001
 40
0.7
 40
0.7
 40
0.7
 40
0.70000001
 40
0.75
 40
0.75
 40
0.75
 40
0.75000001
 40
0.8
 40
0.8
 40
0.8
 40
0.8000000100000001
 40
0.85
 40
0.85
 40
0.85
 40
0.85000001
 40
0.9
 40
0.9
 40
0.9
 40
0.9000000100000001
 40
1.0
 40
1.0
 40
1.0
 40
1.0
 10
-5.54322
 20
0.09796
 30
0.0
 10
-5.54322
 20
0.09796
 30
0.0
 10
-5.54676
 20
0.07501
 30
0.0
 10
-5.54676
 20
0.07501
 30
0.0
 10
-5.54676
 20
0.07501
 30
0.0
 10
-5.54676
 20
0.07501
 30
0.0
 10
-5.55911
 20
0.05383
 30
0.0
 10
-5.55911
 20
0.05383
 30
0.0
 10
-5.55911
 20
0.05383
 30
0.0
 10
-5.55911
 20
0.05383
 30
0.0
 10
-5.57676
 20
0.03794
 30
0.0
 10
-5.57676
 20
0.03794
 30
0.0
 10
-5.57676
 20
0.03794
 30
0.0
 10
-5.57676
 20
0.03794
 30
0.0
 10
-5.59794
 20
0.02911
 30
0.0
 10
-5.59794
 20
0.02911
 30
0.0
 10
-5.59794
 20
0.02911
 30
0.0
 10
-5.59794
 20
0.02911
 30
0.0
 10
-5.62266
 20
0.02735
 30
0.0
 10
-5.62266
 20
0.02735
 30
0.0
 10
-5.62266
 20
0.02735
 30
0.0
 10
-5.62266
 20
0.02735
 30
0.0
 10
-5.64384
 20
0.03441
 30
0.0
 10
-5.64384
 20
0.03441
 30
0.0
 10
-5.64384
 20
0.03441
 30
0.0
 10
-5.64384
 20
0.03441
 30
0.0
 10
-5.66326
 20
0.04853
 30
0.0
 10
-5.66326
 20
0.04853
 30
0.0
 10
-5.66326
 20
0.04853
 30
0.0
 10
-5.66326
 20
0.04853
 30
0.0
 10
-5.67738
 20
0.06795
 30
0.0
 10
-5.67738
 20
0.06795
 30
0.0
 10
-5.67738
 20
0.06795
 30
0.0
 10
-5.67738
 20
0.06795
 30
0.0
 10
-5.68267
 20
0.0909
 30
0.0
 10
-5.68267
 20
0.0909
 30
0.0
 10
-5.68267
 20
0.0909
 30
0.0
 10
-5.68267
 20
0.0909
 30
0.0
 10
-5.68091
 20
0.11384
 30
0.0
 10
-5.68091
 20
0.11384
 30
0.0
 10
-5.68091
 20
0.11384
 30
0.0
 10
-5.68091
 20
0.11384
 30
0.0
 10
-5.67208
 20
0.13502
 30
0.0
 10
-5.67208
 20
0.13502
 30
0.0
 10
-5.67208
 20
0.13502
 30
0.0
 10
-5.67208
 20
0.13502
 30
0.0
 10
-5.6562
 20
0.15268
 30
0.0
 10
-5.6562
 20
0.15268
 30
0.0
 10
-5.6562
 20
0.15268
 30
0.0
 10
-5.6562
 20
0.15268
 30
0.0
 10
-5.63501
 20
0.16327
 30
0.0
 10
-5.63501
 20
0.16327
 30
0.0
 10
-5.63501
 20
0.16327
 30
0.0
 10
-5.63501
 20
0.16327
 30
0.0
 10
-5.61206
 20
0.1668
 30
0.0
 10
-5.61206
 20
0.1668
 30
0.0
 10
-5.61206
 20
0.1668
 30
0.0
 10
-5.61206
 20
0.1668
 30
0.0
 10
-5.58912
 20
0.16327
 30
0.0
 10
-5.58912
 20
0.16327
 30
0.0
 10
-5.58912
 20
0.16327
 30
0.0
 10
-5.58912
 20
0.16327
 30
0.0
 10
-5.5697
 20
0.15091
 30
0.0
 10
-5.5697
 20
0.15091
 30
0.0
 10
-5.5697
 20
0.15091
 30
0.0
 10
-5.5697
 20
0.15091
 30
0.0
 10
-5.55382
 20
0.13502
 30
0.0
 10
-5.55382
 20
0.13502
 30
0.0
 10
-5.55382
 20
0.13502
 30
0.0
 10
-5.55382
 20
0.13502
 30
0.0
 10
-5.54499
 20
0.11208
 30
0.0
 10
-5.54499
 20
0.11208
 30
0.0
 10
-5.54499
 20
0.11208
 30
0.0
 10
-5.54499
 20
0.11208
 30
0.0
 10
-5.54322
 20
0.09796
 30
0.0
 10
-5.54322
 20
0.09796
 30
0.0
  0
SPLINE
  5
3F3
330
1F
100
AcDbEntity
  8
Layer 1
 62
   250
370
    25
100
AcDbSpline
210
0.0
220
0.0
230
1.0
 70
     8
 71
     3
 72
    76
 73
    72
 74
     0
 42
0.000000001
 43
0.0000000001
 40
0.0
 40
0.0
 40
0.0
 40
0.0
 40
0.0526315789473684
 40
0.0526315789473684
 40
0.0526315789473684
 40
0.0526315889473684
 40
0.1052631578947368
 40
0.1052631578947368
 40
0.1052631578947368
 40
0.1052631678947368
 40
0.1578947368421053
 40
0.1578947368421053
 40
0.1578947368421053
 40
0.1578947468421052
 40
0.2105263157894737
 40
0.2105263157894737
 40
0.2105263157894737
 40
0.2105263257894737
 40
0.2631578947368421
 40
0.2631578947368421
 40
0.2631578947368421
 40
0.2631579047368421
 40
0.3157894736842105
 40
0.3157894736842105
 40
0.3157894736842105
 40
0.3157894836842105
 40
0.3684210526315789
 40
0.3684210526315789
 40
0.3684210526315789
 40
0.3684210626315789
 40
0.4210526315789473
 40
0.4210526315789473
 40
0.4210526315789473
 40
0.4210526415789473
 40
0.4736842105263158
 40
0.4736842105263158
 40
0.4736842105263158
 40
0.4736842205263158
 40
0.5263157894736842
 40
0.5263157894736842
 40
0.5263157894736842
 40
0.5263157994736842
 40
0.5789473684210527
 40
0.5789473684210527
 40
0.5789473684210527
 40
0.5789473784210527
 40
0.631578947368421
 40
0.631578947368421
 40
0.631578947368421
 40
0.6315789573684211
 40
0.6842105263157895
 40
0.6842105263157895
 40
0.6842105263157895
 40
0.6842105363157895
 40
0.7368421052631579
 40
0.7368421052631579
 40
0.7368421052631579
 40
0.7368421152631579
 40
0.7894736842105263
 40
0.7894736842105263
 40
0.7894736842105263
 40
0.7894736942105264
 40
0.8421052631578947
 40
0.8421052631578947
 40
0.8421052631578947
 40
0.8421052731578947
 40
0.8947368421052632
 40
0.8947368421052632
 40
0.8947368421052632
 40
0.8947368521052632
 40
1.0
 40
1.0
 40
1.0
 40
1.0
 10
-5.91039
 20
0.59399
 30
0.0
 10
-5.91039
 20
0.59399
 30
0.0
 10
-5.89803
 20
0.47571
 30
0.0
 10
-5.89803
 20
0.47571
 30
0.0
 10
-5.89803
 20
0.47571
 30
0.0
 10
-5.89803
 20
0.47571
 30
0.0
 10
-5.88568
 20
0.35568
 30
0.0
 10
-5.88568
 20
0.35568
 30
0.0
 10
-5.88568
 20
0.35568
 30
0.0
 10
-5.88568
 20
0.35568
 30
0.0
 10
-5.87685
 20
0.23565
 30
0.0
 10
-5.87685
 20
0.23565
 30
0.0
 10
-5.87685
 20
0.23565
 30
0.0
 10
-5.87685
 20
0.23565
 30
0.0
 10
-5.86802
 20
0.11561
 30
0.0
 10
-5.86802
 20
0.11561
 30
0.0
 10
-5.86802
 20
0.11561
 30
0.0
 10
-5.86802
 20
0.11561
 30
0.0
 10
-5.86096
 20
-0.00619
 30
0.0
 10
-5.86096
 20
-0.00619
 30
0.0
 10
-5.86096
 20
-0.00619
 30
0.0
 10
-5.86096
 20
-0.00619
 30
0.0
 10
-5.85567
 20
-0.12799
 30
0.0
 10
-5.85567
 20
-0.12799
 30
0.0
 10
-5.85567
 20
-0.12799
 30
0.0
 10
-5.85567
 20
-0.12799
 30
0.0
 10
-5.85214
 20
-0.24979
 30
0.0
 10
-5.85214
 20
-0.24979
 30
0.0
 10
-5.85214
 20
-0.24979
 30
0.0
 10
-5.85214
 20
-0.24979
 30
0.0
 10
-5.85037
 20
-0.37159
 30
0.0
 10
-5.85037
 20
-0.37159
 30
0.0
 10
-5.85037
 20
-0.37159
 30
0.0
 10
-5.85037
 20
-0.37159
 30
0.0
 10
-5.84861
 20
-0.4934
 30
0.0
 10
-5.84861
 20
-0.4934
 30
0.0
 10
-5.84861
 20
-0.4934
 30
0.0
 10
-5.84861
 20
-0.4934
 30
0.0
 10
-5.85037
 20
-0.61519
 30
0.0
 10
-5.85037
 20
-0.61519
 30
0.0
 10
-5.85037
 20
-0.61519
 30
0.0
 10
-5.85037
 20
-0.61519
 30
0.0
 10
-5.85214
 20
-0.73699
 30
0.0
 10
-5.85214
 20
-0.73699
 30
0.0
 10
-5.85214
 20
-0.73699
 30
0.0
 10
-5.85214
 20
-0.73699
 30
0.0
 10
-5.85567
 20
-0.8588
 30
0.0
 10
-5.85567
 20
-0.8588
 30
0.0
 10
-5.85567
 20
-0.8588
 30
0.0
 10
-5.85567
 20
-0.8588
 30
0.0
 10
-5.86096
 20
-0.98059
 30
0.0
 10
-5.86096
 20
-0.98059
 30
0.0
 10
-5.86096
 20
-0.98059
 30
0.0
 10
-5.86096
 20
-0.98059
 30
0.0
 10
-5.86802
 20
-1.10063
 30
0.0
 10
-5.86802
 20
-1.10063
 30
0.0
 10
-5.86802
 20
-1.10063
 30
0.0
 10
-5.86802
 20
-1.10063
 30
0.0
 10
-5.87685
 20
-1.22067
 30
0.0
 10
-5.87685
 20
-1.22067
 30
0.0
 10
-5.87685
 20
-1.22067
 30
0.0
 10
-5.87685
 20
-1.22067
 30
0.0
 10
-5.88568
 20
-1.3407
 30
0.0
 10
-5.88568
 20
-1.3407
 30
0.0
 10
-5.88568
 20
-1.3407
 30
0.0
 10
-5.88568
 20
-1.3407
 30
0.0
 10
-5.89803
 20
-1.46074
 30
0.0
 10
-5.89803
 20
-1.46074
 30
0.0
 10
-5.89803
 20
-1.46074
 30
0.0
 10
-5.89803
 20
-1.46074
 30
0.0
 10
-5.91039
 20
-1.57901
 30
0.0
 10
-5.91039
 20
-1.57901
 30
0.0
  0
SPLINE
  5
3F4
330
1F
100
AcDbEntity
  8
Layer 1
 62
   250
370
    25
100
AcDbSpline
210
0.0
220
0.0
230
1.0
 70
    24
 71
     3
 72
     8
 73
     4
 74
     0
 42
0.000000001
 43
0.0000000001
 40
0.0
 40
0.0
 40
0.0
 40
0.0
 40
1.0
 40
1.0
 40
1.0
 40
1.0
 10
-2.27403
 20
0.59399
 30
0.0
 10
-2.27403
 20
0.59399
 30
0.0
 10
-5.91039
 20
0.59399
 30
0.0
 10
-5.91039
 20
0.59399
 30
0.0
  0
SPLINE
  5
3F5
330
1F
100
AcDbEntity
  8
Layer 1
 62
   250
370
    25
100
AcDbSpline
210
0.0
220
0.0
230
1.0
 70
    24
 71
     3
 72
     8
 73
     4
 74
     0
 42
0.000000001
 43
0.0000000001
 40
0.0
 40
0.0
 40
0.0
 40
0.0
 40
1.0
 40
1.0
 40
1.0
 40
1.0
 10
-2.27403
 20
-1.57901
 30
0.0
 10
-2.27403
 20
-1.57901
 30
0.0
 10
-5.91039
 20
-1.57901
 30
0.0
 10
-5.91039
 20
-1.57901
 30
0.0
  0
SPLINE
  5
3F6
330
1F
100
AcDbEntity
  8
Layer 1
 62
   250
370
    25
100
AcDbSpline
210
0.0
220
0.0
230
1.0
 70
     8
 71
     3
 72
    36
 73
    32
 74
     0
 42
0.000000001
 43
0.0000000001
 40
0.0
 40
0.0
 40
0.0
 40
0.0
 40
0.1111111111111111
 40
0.1111111111111111
 40
0.1111111111111111
 40
0.1111111211111111
 40
0.2222222222222222
 40
0.2222222222222222
 40
0.2222222222222222
 40
0.2222222322222222
 40
0.3333333333333333
 40
0.3333333333333333
 40
0.3333333333333333
 40
0.3333333433333333
 40
0.4444444444444444
 40
0.4444444444444444
 40
0.4444444444444444
 40
0.4444444544444444
 40
0.5555555555555556
 40
0.5555555555555556
 40
0.5555555555555556
 40
0.5555555655555556
 40
0.6666666666666666
 40
0.6666666666666666
 40
0.6666666666666666
 40
0.6666666766666667
 40
0.7777777777777778
 40
0.7777777777777778
 40
0.7777777777777778
 40
0.7777777877777778
 40
1.0
 40
1.0
 40
1.0
 40
1.0
 10
-5.91039
 20
-1.57901
 30
0.0
 10
-5.91039
 20
-1.57901
 30
0.0
 10
-5.91568
 20
-1.57901
 30
0.0
 10
-5.91568
 20
-1.57901
 30
0.0
 10
-5.91568
 20
-1.57901
 30
0.0
 10
-5.91568
 20
-1.57901
 30
0.0
 10
-5.91922
 20
-1.57901
 30
0.0
 10
-5.91922
 20
-1.57901
 30
0.0
 10
-5.91922
 20
-1.57901
 30
0.0
 10
-5.91922
 20
-1.57901
 30
0.0
 10
-5.92274
 20
-1.57724
 30
0.0
 10
-5.92274
 20
-1.57724
 30
0.0
 10
-5.92274
 20
-1.57724
 30
0.0
 10
-5.92274
 20
-1.57724
 30
0.0
 10
-5.92804
 20
-1.57724
 30
0.0
 10
-5.92804
 20
-1.57724
 30
0.0
 10
-5.92804
 20
-1.57724
 30
0.0
 10
-5.92804
 20
-1.57724
 30
0.0
 10
-5.9298
 20
-1.57547
 30
0.0
 10
-5.9298
 20
-1.57547
 30
0.0
 10
-5.9298
 20
-1.57547
 30
0.0
 10
-5.9298
 20
-1.57547
 30
0.0
 10
-5.93334
 20
-1.57371
 30
0.0
 10
-5.93334
 20
-1.57371
 30
0.0
 10
-5.93334
 20
-1.57371
 30
0.0
 10
-5.93334
 20
-1.57371
 30
0.0
 10
-5.93687
 20
-1.57371
 30
0.0
 10
-5.93687
 20
-1.57371
 30
0.0
 10
-5.93687
 20
-1.57371
 30
0.0
 10
-5.93687
 20
-1.57371
 30
0.0
 10
-5.93863
 20
-1.57195
 30
0.0
 10
-5.93863
 20
-1.57195
 30
0.0
  0
SPLINE
  5
3F7
330
1F
100
AcDbEntity
  8
Layer 1
 62
   250
370
    25
100
AcDbSpline
210
0.0
220
0.0
230
1.0
 70
     8
 71
     3
 72
    76
 73
    72
 74
     0
 42
0.000000001
 43
0.0000000001
 40
0.0
 40
0.0
 40
0.0
 40
0.0
 40
0.0526315789473684
 40
0.0526315789473684
 40
0.0526315789473684
 40
0.0526315889473684
 40
0.1052631578947368
 40
0.1052631578947368
 40
0.1052631578947368
 40
0.1052631678947368
 40
0.1578947368421053
 40
0.1578947368421053
 40
0.1578947368421053
 40
0.1578947468421052
 40
0.2105263157894737
 40
0.2105263157894737
 40
0.2105263157894737
 40
0.2105263257894737
 40
0.2631578947368421
 40
0.2631578947368421
 40
0.2631578947368421
 40
0.2631579047368421
 40
0.3157894736842105
 40
0.3157894736842105
 40
0.3157894736842105
 40
0.3157894836842105
 40
0.3684210526315789
 40
0.3684210526315789
 40
0.3684210526315789
 40
0.3684210626315789
 40
0.4210526315789473
 40
0.4210526315789473
 40
0.4210526315789473
 40
0.4210526415789473
 40
0.4736842105263158
 40
0.4736842105263158
 40
0.4736842105263158
 40
0.4736842205263158
 40
0.5263157894736842
 40
0.5263157894736842
 40
0.5263157894736842
 40
0.5263157994736842
 40
0.5789473684210527
 40
0.5789473684210527
 40
0.5789473684210527
 40
0.5789473784210527
 40
0.631578947368421
 40
0.631578947368421
 40
0.631578947368421
 40
0.6315789573684211
 40
0.6842105263157895
 40
0.6842105263157895
 40
0.6842105263157895
 40
0.6842105363157895
 40
0.7368421052631579
 40
0.7368421052631579
 40
0.7368421052631579
 40
0.7368421152631579
 40
0.7894736842105263
 40
0.7894736842105263
 40
0.7894736842105263
 40
0.7894736942105264
 40
0.8421052631578947
 40
0.8421052631578947
 40
0.8421052631578947
 40
0.8421052731578947
 40
0.8947368421052632
 40
0.8947368421052632
 40
0.8947368421052632
 40
0.8947368521052632
 40
1.0
 40
1.0
 40
1.0
 40
1.0
 10
-5.93863
 20
-1.57195
 30
0.0
 10
-5.93863
 20
-1.57195
 30
0.0
 10
-5.92451
 20
-1.45368
 30
0.0
 10
-5.92451
 20
-1.45368
 30
0.0
 10
-5.92451
 20
-1.45368
 30
0.0
 10
-5.92451
 20
-1.45368
 30
0.0
 10
-5.91392
 20
-1.33541
 30
0.0
 10
-5.91392
 20
-1.33541
 30
0.0
 10
-5.91392
 20
-1.33541
 30
0.0
 10
-5.91392
 20
-1.33541
 30
0.0
 10
-5.90333
 20
-1.21713
 30
0.0
 10
-5.90333
 20
-1.21713
 30
0.0
 10
-5.90333
 20
-1.21713
 30
0.0
 10
-5.90333
 20
-1.21713
 30
0.0
 10
-5.8945
 20
-1.0971
 30
0.0
 10
-5.8945
 20
-1.0971
 30
0.0
 10
-5.8945
 20
-1.0971
 30
0.0
 10
-5.8945
 20
-1.0971
 30
0.0
 10
-5.8892
 20
-0.97707
 30
0.0
 10
-5.8892
 20
-0.97707
 30
0.0
 10
-5.8892
 20
-0.97707
 30
0.0
 10
-5.8892
 20
-0.97707
 30
0.0
 10
-5.88214
 20
-0.85526
 30
0.0
 10
-5.88214
 20
-0.85526
 30
0.0
 10
-5.88214
 20
-0.85526
 30
0.0
 10
-5.88214
 20
-0.85526
 30
0.0
 10
-5.87862
 20
-0.73523
 30
0.0
 10
-5.87862
 20
-0.73523
 30
0.0
 10
-5.87862
 20
-0.73523
 30
0.0
 10
-5.87862
 20
-0.73523
 30
0.0
 10
-5.87685
 20
-0.61343
 30
0.0
 10
-5.87685
 20
-0.61343
 30
0.0
 10
-5.87685
 20
-0.61343
 30
0.0
 10
-5.87685
 20
-0.61343
 30
0.0
 10
-5.87685
 20
-0.4934
 30
0.0
 10
-5.87685
 20
-0.4934
 30
0.0
 10
-5.87685
 20
-0.4934
 30
0.0
 10
-5.87685
 20
-0.4934
 30
0.0
 10
-5.87685
 20
-0.37159
 30
0.0
 10
-5.87685
 20
-0.37159
 30
0.0
 10
-5.87685
 20
-0.37159
 30
0.0
 10
-5.87685
 20
-0.37159
 30
0.0
 10
-5.87862
 20
-0.25156
 30
0.0
 10
-5.87862
 20
-0.25156
 30
0.0
 10
-5.87862
 20
-0.25156
 30
0.0
 10
-5.87862
 20
-0.25156
 30
0.0
 10
-5.88214
 20
-0.12976
 30
0.0
 10
-5.88214
 20
-0.12976
 30
0.0
 10
-5.88214
 20
-0.12976
 30
0.0
 10
-5.88214
 20
-0.12976
 30
0.0
 10
-5.8892
 20
-0.00972
 30
0.0
 10
-5.8892
 20
-0.00972
 30
0.0
 10
-5.8892
 20
-0.00972
 30
0.0
 10
-5.8892
 20
-0.00972
 30
0.0
 10
-5.8945
 20
0.11031
 30
0.0
 10
-5.8945
 20
0.11031
 30
0.0
 10
-5.8945
 20
0.11031
 30
0.0
 10
-5.8945
 20
0.11031
 30
0.0
 10
-5.90333
 20
0.23035
 30
0.0
 10
-5.90333
 20
0.23035
 30
0.0
 10
-5.90333
 20
0.23035
 30
0.0
 10
-5.90333
 20
0.23035
 30
0.0
 10
-5.91392
 20
0.35038
 30
0.0
 10
-5.91392
 20
0.35038
 30
0.0
 10
-5.91392
 20
0.35038
 30
0.0
 10
-5.91392
 20
0.35038
 30
0.0
 10
-5.92451
 20
0.46865
 30
0.0
 10
-5.92451
 20
0.46865
 30
0.0
 10
-5.92451
 20
0.46865
 30
0.0
 10
-5.92451
 20
0.46865
 30
0.0
 10
-5.93863
 20
0.58692
 30
0.0
 10
-5.93863
 20
0.58692
 30
0.0
  0
SPLINE
  5
3F8
330
1F
100
AcDbEntity
  8
Layer 1
 62
   250
370
    25
100
AcDbSpline
210
0.0
220
0.0
230
1.0
 70
     8
 71
     3
 72
    36
 73
    32
 74
     0
 42
0.000000001
 43
0.0000000001
 40
0.0
 40
0.0
 40
0.0
 40
0.0
 40
0.1111111111111111
 40
0.1111111111111111
 40
0.1111111111111111
 40
0.1111111211111111
 40
0.2222222222222222
 40
0.2222222222222222
 40
0.2222222222222222
 40
0.2222222322222222
 40
0.3333333333333333
 40
0.3333333333333333
 40
0.3333333333333333
 40
0.3333333433333333
 40
0.4444444444444444
 40
0.4444444444444444
 40
0.4444444444444444
 40
0.4444444544444444
 40
0.5555555555555556
 40
0.5555555555555556
 40
0.5555555555555556
 40
0.5555555655555556
 40
0.6666666666666666
 40
0.6666666666666666
 40
0.6666666666666666
 40
0.6666666766666667
 40
0.7777777777777778
 40
0.7777777777777778
 40
0.7777777777777778
 40
0.7777777877777778
 40
1.0
 40
1.0
 40
1.0
 40
1.0
 10
-5.91039
 20
0.59399
 30
0.0
 10
-5.91039
 20
0.59399
 30
0.0
 10
-5.91568
 20
0.59399
 30
0.0
 10
-5.91568
 20
0.59399
 30
0.0
 10
-5.91568
 20
0.59399
 30
0.0
 10
-5.91568
 20
0.59399
 30
0.0
 10
-5.91922
 20
0.59222
 30
0.0
 10
-5.91922
 20
0.59222
 30
0.0
 10
-5.91922
 20
0.59222
 30
0.0
 10
-5.91922
 20
0.59222
 30
0.0
 10
-5.92274
 20
0.59222
 30
0.0
 10
-5.92274
 20
0.59222
 30
0.0
 10
-5.92274
 20
0.59222
 30
0.0
 10
-5.92274
 20
0.59222
 30
0.0
 10
-5.92804
 20
0.59045
 30
0.0
 10
-5.92804
 20
0.59045
 30
0.0
 10
-5.92804
 20
0.59045
 30
0.0
 10
-5.92804
 20
0.59045
 30
0.0
 10
-5.9298
 20
0.59045
 30
0.0
 10
-5.9298
 20
0.59045
 30
0.0
 10
-5.9298
 20
0.59045
 30
0.0
 10
-5.9298
 20
0.59045
 30
0.0
 10
-5.93334
 20
0.58869
 30
0.0
 10
-5.93334
 20
0.58869
 30
0.0
 10
-5.93334
 20
0.58869
 30
0.0
 10
-5.93334
 20
0.58869
 30
0.0
 10
-5.93687
 20
0.58692
 30
0.0
 10
-5.93687
 20
0.58692
 30
0.0
 10
-5.93687
 20
0.58692
 30
0.0
 10
-5.93687
 20
0.58692
 30
0.0
 10
-5.93863
 20
0.58692
 30
0.0
 10
-5.93863
 20
0.58692
 30
0.0
  0
SPLINE
  5
3F9
330
1F
100
AcDbEntity
  8
Layer 1
 62
   250
370
    25
100
AcDbSpline
210
0.0
220
0.0
230
1.0
 70
    24
 71
     3
 72
     8
 73
     4
 74
     0
 42
0.000000001
 43
0.0000000001
 40
0.0
 40
0.0
 40
0.0
 40
0.0
 40
1.0
 40
1.0
 40
1.0
 40
1.0
 10
-2.21578
 20
-1.6249
 30
0.0
 10
-2.21578
 20
-1.6249
 30
0.0
 10
-2.21401
 20
-1.6249
 30
0.0
 10
-2.21401
 20
-1.6249
 30
0.0
  0
SPLINE
  5
3FA
330
1F
100
AcDbEntity
  8
Layer 1
 62
   250
370
    25
100
AcDbSpline
210
0.0
220
0.0
230
1.0
 70
     8
 71
     3
 72
    32
 73
    28
 74
     0
 42
0.000000001
 43
0.0000000001
 40
0.0
 40
0.0
 40
0.0
 40
0.0
 40
0.125
 40
0.125
 40
0.125
 40
0.12500001
 40
0.25
 40
0.25
 40
0.25
 40
0.25000001
 40
0.375
 40
0.375
 40
0.375
 40
0.37500001
 40
0.5
 40
0.5
 40
0.5
 40
0.50000001
 40
0.625
 40
0.625
 40
0.625
 40
0.62500001
 40
0.75
 40
0.75
 40
0.75
 40
0.75000001
 40
1.0
 40
1.0
 40
1.0
 40
1.0
 10
-2.24578
 20
-1.57195
 30
0.0
 10
-2.24578
 20
-1.57195
 30
0.0
 10
-2.24402
 20
-1.5843
 30
0.0
 10
-2.24402
 20
-1.5843
 30
0.0
 10
-2.24402
 20
-1.5843
 30
0.0
 10
-2.24402
 20
-1.5843
 30
0.0
 10
-2.24049
 20
-1.59666
 30
0.0
 10
-2.24049
 20
-1.59666
 30
0.0
 10
-2.24049
 20
-1.59666
 30
0.0
 10
-2.24049
 20
-1.59666
 30
0.0
 10
-2.23696
 20
-1.60549
 30
0.0
 10
-2.23696
 20
-1.60549
 30
0.0
 10
-2.23696
 20
-1.60549
 30
0.0
 10
-2.23696
 20
-1.60549
 30
0.0
 10
-2.23166
 20
-1.61431
 30
0.0
 10
-2.23166
 20
-1.61431
 30
0.0
 10
-2.23166
 20
-1.61431
 30
0.0
 10
-2.23166
 20
-1.61431
 30
0.0
 10
-2.22637
 20
-1.61961
 30
0.0
 10
-2.22637
 20
-1.61961
 30
0.0
 10
-2.22637
 20
-1.61961
 30
0.0
 10
-2.22637
 20
-1.61961
 30
0.0
 10
-2.22107
 20
-1.62313
 30
0.0
 10
-2.22107
 20
-1.62313
 30
0.0
 10
-2.22107
 20
-1.62313
 30
0.0
 10
-2.22107
 20
-1.62313
 30
0.0
 10
-2.21578
 20
-1.6249
 30
0.0
 10
-2.21578
 20
-1.6249
 30
0.0
  0
SPLINE
  5
3FB
330
1F
100
AcDbEntity
  8
Layer 1
 62
   250
370
    25
100
AcDbSpline
210
0.0
220
0.0
230
1.0
 70
     8
 71
     3
 72
    32
 73
    28
 74
     0
 42
0.000000001
 43
0.0000000001
 40
0.0
 40
0.0
 40
0.0
 40
0.0
 40
0.125
 40
0.125
 40
0.125
 40
0.12500001
 40
0.25
 40
0.25
 40
0.25
 40
0.25000001
 40
0.375
 40
0.375
 40
0.375
 40
0.37500001
 40
0.5
 40
0.5
 40
0.5
 40
0.50000001
 40
0.625
 40
0.625
 40
0.625
 40
0.62500001
 40
0.75
 40
0.75
 40
0.75
 40
0.75000001
 40
1.0
 40
1.0
 40
1.0
 40
1.0
 10
-2.21578
 20
0.63988
 30
0.0
 10
-2.21578
 20
0.63988
 30
0.0
 10
-2.22107
 20
0.63811
 30
0.0
 10
-2.22107
 20
0.63811
 30
0.0
 10
-2.22107
 20
0.63811
 30
0.0
 10
-2.22107
 20
0.63811
 30
0.0
 10
-2.22637
 20
0.63458
 30
0.0
 10
-2.22637
 20
0.63458
 30
0.0
 10
-2.22637
 20
0.63458
 30
0.0
 10
-2.22637
 20
0.63458
 30
0.0
 10
-2.23166
 20
0.62752
 30
0.0
 10
-2.23166
 20
0.62752
 30
0.0
 10
-2.23166
 20
0.62752
 30
0.0
 10
-2.23166
 20
0.62752
 30
0.0
 10
-2.23696
 20
0.62046
 30
0.0
 10
-2.23696
 20
0.62046
 30
0.0
 10
-2.23696
 20
0.62046
 30
0.0
 10
-2.23696
 20
0.62046
 30
0.0
 10
-2.24049
 20
0.60987
 30
0.0
 10
-2.24049
 20
0.60987
 30
0.0
 10
-2.24049
 20
0.60987
 30
0.0
 10
-2.24049
 20
0.60987
 30
0.0
 10
-2.24402
 20
0.59928
 30
0.0
 10
-2.24402
 20
0.59928
 30
0.0
 10
-2.24402
 20
0.59928
 30
0.0
 10
-2.24402
 20
0.59928
 30
0.0
 10
-2.24578
 20
0.58692
 30
0.0
 10
-2.24578
 20
0.58692
 30
0.0
  0
SPLINE
  5
3FC
330
1F
100
AcDbEntity
  8
Layer 1
 62
   250
370
    25
100
AcDbSpline
210
0.0
220
0.0
230
1.0
 70
    24
 71
     3
 72
     8
 73
     4
 74
     0
 42
0.000000001
 43
0.0000000001
 40
0.0
 40
0.0
 40
0.0
 40
0.0
 40
1.0
 40
1.0
 40
1.0
 40
1.0
 10
-2.21401
 20
0.63988
 30
0.0
 10
-2.21401
 20
0.63988
 30
0.0
 10
-2.21578
 20
0.63988
 30
0.0
 10
-2.21578
 20
0.63988
 30
0.0
  0
SPLINE
  5
3FD
330
1F
100
AcDbEntity
  8
Layer 1
 62
   250
370
    25
100
AcDbSpline
210
0.0
220
0.0
230
1.0
 70
    24
 71
     3
 72
     8
 73
     4
 74
     0
 42
0.000000001
 43
0.0000000001
 40
0.0
 40
0.0
 40
0.0
 40
0.0
 40
1.0
 40
1.0
 40
1.0
 40
1.0
 10
-2.21401
 20
-1.6249
 30
0.0
 10
-2.21401
 20
-1.6249
 30
0.0
 10
-2.21401
 20
0.63988
 30
0.0
 10
-2.21401
 20
0.63988
 30
0.0
  0
SPLINE
  5
3FE
330
1F
100
AcDbEntity
  8
Layer 1
 62
   250
370
    25
100
AcDbSpline
210
0.0
220
0.0
230
1.0
 70
    24
 71
     3
 72
     8
 73
     4
 74
     0
 42
0.000000001
 43
0.0000000001
 40
0.0
 40
0.0
 40
0.0
 40
0.0
 40
1.0
 40
1.0
 40
1.0
 40
1.0
 10
-5.96864
 20
0.63988
 30
0.0
 10
-5.96864
 20
0.63988
 30
0.0
 10
-5.97041
 20
0.63988
 30
0.0
 10
-5.97041
 20
0.63988
 30
0.0
  0
SPLINE
  5
3FF
330
1F
100
AcDbEntity
  8
Layer 1
 62
   250
370
    25
100
AcDbSpline
210
0.0
220
0.0
230
1.0
 70
     8
 71
     3
 72
    32
 73
    28
 74
     0
 42
0.000000001
 43
0.0000000001
 40
0.0
 40
0.0
 40
0.0
 40
0.0
 40
0.125
 40
0.125
 40
0.125
 40
0.12500001
 40
0.25
 40
0.25
 40
0.25
 40
0.25000001
 40
0.375
 40
0.375
 40
0.375
 40
0.37500001
 40
0.5
 40
0.5
 40
0.5
 40
0.50000001
 40
0.625
 40
0.625
 40
0.625
 40
0.62500001
 40
0.75
 40
0.75
 40
0.75
 40
0.75000001
 40
1.0
 40
1.0
 40
1.0
 40
1.0
 10
-5.93863
 20
0.58692
 30
0.0
 10
-5.93863
 20
0.58692
 30
0.0
 10
-5.9404
 20
0.59928
 30
0.0
 10
-5.9404
 20
0.59928
 30
0.0
 10
-5.9404
 20
0.59928
 30
0.0
 10
-5.9404
 20
0.59928
 30
0.0
 10
-5.94393
 20
0.60987
 30
0.0
 10
-5.94393
 20
0.60987
 30
0.0
 10
-5.94393
 20
0.60987
 30
0.0
 10
-5.94393
 20
0.60987
 30
0.0
 10
-5.94746
 20
0.62046
 30
0.0
 10
-5.94746
 20
0.62046
 30
0.0
 10
-5.94746
 20
0.62046
 30
0.0
 10
-5.94746
 20
0.62046
 30
0.0
 10
-5.95275
 20
0.62752
 30
0.0
 10
-5.95275
 20
0.62752
 30
0.0
 10
-5.95275
 20
0.62752
 30
0.0
 10
-5.95275
 20
0.62752
 30
0.0
 10
-5.95805
 20
0.63458
 30
0.0
 10
-5.95805
 20
0.63458
 30
0.0
 10
-5.95805
 20
0.63458
 30
0.0
 10
-5.95805
 20
0.63458
 30
0.0
 10
-5.96335
 20
0.63811
 30
0.0
 10
-5.96335
 20
0.63811
 30
0.0
 10
-5.96335
 20
0.63811
 30
0.0
 10
-5.96335
 20
0.63811
 30
0.0
 10
-5.96864
 20
0.63988
 30
0.0
 10
-5.96864
 20
0.63988
 30
0.0
  0
SPLINE
  5
400
330
1F
100
AcDbEntity
  8
Layer 1
 62
   250
370
    25
100
AcDbSpline
210
0.0
220
0.0
230
1.0
 70
     8
 71
     3
 72
    32
 73
    28
 74
     0
 42
0.000000001
 43
0.0000000001
 40
0.0
 40
0.0
 40
0.0
 40
0.0
 40
0.125
 40
0.125
 40
0.125
 40
0.12500001
 40
0.25
 40
0.25
 40
0.25
 40
0.25000001
 40
0.375
 40
0.375
 40
0.375
 40
0.37500001
 40
0.5
 40
0.5
 40
0.5
 40
0.50000001
 40
0.625
 40
0.625
 40
0.625
 40
0.62500001
 40
0.75
 40
0.75
 40
0.75
 40
0.75000001
 40
1.0
 40
1.0
 40
1.0
 40
1.0
 10
-5.96864
 20
-1.6249
 30
0.0
 10
-5.96864
 20
-1.6249
 30
0.0
 10
-5.96335
 20
-1.62313
 30
0.0
 10
-5.96335
 20
-1.62313
 30
0.0
 10
-5.96335
 20
-1.62313
 30
0.0
 10
-5.96335
 20
-1.62313
 30
0.0
 10
-5.95805
 20
-1.61961
 30
0.0
 10
-5.95805
 20
-1.61961
 30
0.0
 10
-5.95805
 20
-1.61961
 30
0.0
 10
-5.95805
 20
-1.61961
 30
0.0
 10
-5.95275
 20
-1.61431
 30
0.0
 10
-5.95275
 20
-1.61431
 30
0.0
 10
-5.95275
 20
-1.61431
 30
0.0
 10
-5.95275
 20
-1.61431
 30
0.0
 10
-5.94746
 20
-1.60549
 30
0.0
 10
-5.94746
 20
-1.60549
 30
0.0
 10
-5.94746
 20
-1.60549
 30
0.0
 10
-5.94746
 20
-1.60549
 30
0.0
 10
-5.94393
 20
-1.59666
 30
0.0
 10
-5.94393
 20
-1.59666
 30
0.0
 10
-5.94393
 20
-1.59666
 30
0.0
 10
-5.94393
 20
-1.59666
 30
0.0
 10
-5.9404
 20
-1.5843
 30
0.0
 10
-5.9404
 20
-1.5843
 30
0.0
 10
-5.9404
 20
-1.5843
 30
0.0
 10
-5.9404
 20
-1.5843
 30
0.0
 10
-5.93863
 20
-1.57195
 30
0.0
 10
-5.93863
 20
-1.57195
 30
0.0
  0
SPLINE
  5
401
330
1F
100
AcDbEntity
  8
Layer 1
 62
   250
370
    25
100
AcDbSpline
210
0.0
220
0.0
230
1.0
 70
    24
 71
     3
 72
     8
 73
     4
 74
     0
 42
0.000000001
 43
0.0000000001
 40
0.0
 40
0.0
 40
0.0
 40
0.0
 40
1.0
 40
1.0
 40
1.0
 40
1.0
 10
-5.97041
 20
-1.6249
 30
0.0
 10
-5.97041
 20
-1.6249
 30
0.0
 10
-5.96864
 20
-1.6249
 30
0.0
 10
-5.96864
 20
-1.6249
 30
0.0
  0
SPLINE
  5
402
330
1F
100
AcDbEntity
  8
Layer 1
 62
   250
370
    25
100
AcDbSpline
210
0.0
220
0.0
230
1.0
 70
    24
 71
     3
 72
     8
 73
     4
 74
     0
 42
0.000000001
 43
0.0000000001
 40
0.0
 40
0.0
 40
0.0
 40
0.0
 40
1.0
 40
1.0
 40
1.0
 40
1.0
 10
-5.97041
 20
0.63988
 30
0.0
 10
-5.97041
 20
0.63988
 30
0.0
 10
-5.97041
 20
-1.6249
 30
0.0
 10
-5.97041
 20
-1.6249
 30
0.0
  0
SPLINE
  5
403
330
1F
100
AcDbEntity
  8
Layer 1
 62
   250
370
    25
100
AcDbSpline
210
0.0
220
0.0
230
1.0
 70
     8
 71
     3
 72
    32
 73
    28
 74
     0
 42
0.000000001
 43
0.0000000001
 40
0.0
 40
0.0
 40
0.0
 40
0.0
 40
0.125
 40
0.125
 40
0.125
 40
0.12500001
 40
0.25
 40
0.25
 40
0.25
 40
0.25000001
 40
0.375
 40
0.375
 40
0.375
 40
0.37500001
 40
0.5
 40
0.5
 40
0.5
 40
0.50000001
 40
0.625
 40
0.625
 40
0.625
 40
0.62500001
 40
0.75
 40
0.75
 40
0.75
 40
0.75000001
 40
1.0
 40
1.0
 40
1.0
 40
1.0
 10
-2.24226
 20
-1.65491
 30
0.0
 10
-2.24226
 20
-1.65491
 30
0.0
 10
-2.24755
 20
-1.65315
 30
0.0
 10
-2.24755
 20
-1.65315
 30
0.0
 10
-2.24755
 20
-1.65315
 30
0.0
 10
-2.24755
 20
-1.65315
 30
0.0
 10
-2.25461
 20
-1.64785
 30
0.0
 10
-2.25461
 20
-1.64785
 30
0.0
 10
-2.25461
 20
-1.64785
 30
0.0
 10
-2.25461
 20
-1.64785
 30
0.0
 10
-2.2599
 20
-1.63902
 30
0.0
 10
-2.2599
 20
-1.63902
 30
0.0
 10
-2.2599
 20
-1.63902
 30
0.0
 10
-2.2599
 20
-1.63902
 30
0.0
 10
-2.26344
 20
-1.62667
 30
0.0
 10
-2.26344
 20
-1.62667
 30
0.0
 10
-2.26344
 20
-1.62667
 30
0.0
 10
-2.26344
 20
-1.62667
 30
0.0
 10
-2.26873
 20
-1.61255
 30
0.0
 10
-2.26873
 20
-1.61255
 30
0.0
 10
-2.26873
 20
-1.61255
 30
0.0
 10
-2.26873
 20
-1.61255
 30
0.0
 10
-2.2705
 20
-1.59666
 30
0.0
 10
-2.2705
 20
-1.59666
 30
0.0
 10
-2.2705
 20
-1.59666
 30
0.0
 10
-2.2705
 20
-1.59666
 30
0.0
 10
-2.27403
 20
-1.57901
 30
0.0
 10
-2.27403
 20
-1.57901
 30
0.0
  0
SPLINE
  5
404
330
1F
100
AcDbEntity
  8
Layer 1
 62
   250
370
    25
100
AcDbSpline
210
0.0
220
0.0
230
1.0
 70
     8
 71
     3
 72
    36
 73
    32
 74
     0
 42
0.000000001
 43
0.0000000001
 40
0.0
 40
0.0
 40
0.0
 40
0.0
 40
0.1111111111111111
 40
0.1111111111111111
 40
0.1111111111111111
 40
0.1111111211111111
 40
0.2222222222222222
 40
0.2222222222222222
 40
0.2222222222222222
 40
0.2222222322222222
 40
0.3333333333333333
 40
0.3333333333333333
 40
0.3333333333333333
 40
0.3333333433333333
 40
0.4444444444444444
 40
0.4444444444444444
 40
0.4444444444444444
 40
0.4444444544444444
 40
0.5555555555555556
 40
0.5555555555555556
 40
0.5555555555555556
 40
0.5555555655555556
 40
0.6666666666666666
 40
0.6666666666666666
 40
0.6666666666666666
 40
0.6666666766666667
 40
0.7777777777777778
 40
0.7777777777777778
 40
0.7777777777777778
 40
0.7777777877777778
 40
1.0
 40
1.0
 40
1.0
 40
1.0
 10
-2.24226
 20
-1.65491
 30
0.0
 10
-2.24226
 20
-1.65491
 30
0.0
 10
-2.23696
 20
-1.65491
 30
0.0
 10
-2.23696
 20
-1.65491
 30
0.0
 10
-2.23696
 20
-1.65491
 30
0.0
 10
-2.23696
 20
-1.65491
 30
0.0
 10
-2.23166
 20
-1.65315
 30
0.0
 10
-2.23166
 20
-1.65315
 30
0.0
 10
-2.23166
 20
-1.65315
 30
0.0
 10
-2.23166
 20
-1.65315
 30
0.0
 10
-2.22637
 20
-1.64961
 30
0.0
 10
-2.22637
 20
-1.64961
 30
0.0
 10
-2.22637
 20
-1.64961
 30
0.0
 10
-2.22637
 20
-1.64961
 30
0.0
 10
-2.22284
 20
-1.64608
 30
0.0
 10
-2.22284
 20
-1.64608
 30
0.0
 10
-2.22284
 20
-1.64608
 30
0.0
 10
-2.22284
 20
-1.64608
 30
0.0
 10
-2.2193
 20
-1.64255
 30
0.0
 10
-2.2193
 20
-1.64255
 30
0.0
 10
-2.2193
 20
-1.64255
 30
0.0
 10
-2.2193
 20
-1.64255
 30
0.0
 10
-2.21754
 20
-1.63726
 30
0.0
 10
-2.21754
 20
-1.63726
 30
0.0
 10
-2.21754
 20
-1.63726
 30
0.0
 10
-2.21754
 20
-1.63726
 30
0.0
 10
-2.21578
 20
-1.63196
 30
0.0
 10
-2.21578
 20
-1.63196
 30
0.0
 10
-2.21578
 20
-1.63196
 30
0.0
 10
-2.21578
 20
-1.63196
 30
0.0
 10
-2.21578
 20
-1.6249
 30
0.0
 10
-2.21578
 20
-1.6249
 30
0.0
  0
SPLINE
  5
405
330
1F
100
AcDbEntity
  8
Layer 1
 62
   250
370
    25
100
AcDbSpline
210
0.0
220
0.0
230
1.0
 70
     8
 71
     3
 72
    32
 73
    28
 74
     0
 42
0.000000001
 43
0.0000000001
 40
0.0
 40
0.0
 40
0.0
 40
0.0
 40
0.125
 40
0.125
 40
0.125
 40
0.12500001
 40
0.25
 40
0.25
 40
0.25
 40
0.25000001
 40
0.375
 40
0.375
 40
0.375
 40
0.37500001
 40
0.5
 40
0.5
 40
0.5
 40
0.50000001
 40
0.625
 40
0.625
 40
0.625
 40
0.62500001
 40
0.75
 40
0.75
 40
0.75
 40
0.75000001
 40
1.0
 40
1.0
 40
1.0
 40
1.0
 10
-2.27403
 20
0.59399
 30
0.0
 10
-2.27403
 20
0.59399
 30
0.0
 10
-2.2705
 20
0.61163
 30
0.0
 10
-2.2705
 20
0.61163
 30
0.0
 10
-2.2705
 20
0.61163
 30
0.0
 10
-2.2705
 20
0.61163
 30
0.0
 10
-2.26873
 20
0.62752
 30
0.0
 10
-2.26873
 20
0.62752
 30
0.0
 10
-2.26873
 20
0.62752
 30
0.0
 10
-2.26873
 20
0.62752
 30
0.0
 10
-2.26344
 20
0.64165
 30
0.0
 10
-2.26344
 20
0.64165
 30
0.0
 10
-2.26344
 20
0.64165
 30
0.0
 10
-2.26344
 20
0.64165
 30
0.0
 10
-2.2599
 20
0.654
 30
0.0
 10
-2.2599
 20
0.654
 30
0.0
 10
-2.2599
 20
0.654
 30
0.0
 10
-2.2599
 20
0.654
 30
0.0
 10
-2.25461
 20
0.66106
 30
0.0
 10
-2.25461
 20
0.66106
 30
0.0
 10
-2.25461
 20
0.66106
 30
0.0
 10
-2.25461
 20
0.66106
 30
0.0
 10
-2.24755
 20
0.66812
 30
0.0
 10
-2.24755
 20
0.66812
 30
0.0
 10
-2.24755
 20
0.66812
 30
0.0
 10
-2.24755
 20
0.66812
 30
0.0
 10
-2.24226
 20
0.66989
 30
0.0
 10
-2.24226
 20
0.66989
 30
0.0
  0
SPLINE
  5
406
330
1F
100
AcDbEntity
  8
Layer 1
 62
   250
370
    25
100
AcDbSpline
210
0.0
220
0.0
230
1.0
 70
     8
 71
     3
 72
    36
 73
    32
 74
     0
 42
0.000000001
 43
0.0000000001
 40
0.0
 40
0.0
 40
0.0
 40
0.0
 40
0.1111111111111111
 40
0.1111111111111111
 40
0.1111111111111111
 40
0.1111111211111111
 40
0.2222222222222222
 40
0.2222222222222222
 40
0.2222222222222222
 40
0.2222222322222222
 40
0.3333333333333333
 40
0.3333333333333333
 40
0.3333333333333333
 40
0.3333333433333333
 40
0.4444444444444444
 40
0.4444444444444444
 40
0.4444444444444444
 40
0.4444444544444444
 40
0.5555555555555556
 40
0.5555555555555556
 40
0.5555555555555556
 40
0.5555555655555556
 40
0.6666666666666666
 40
0.6666666666666666
 40
0.6666666666666666
 40
0.6666666766666667
 40
0.7777777777777778
 40
0.7777777777777778
 40
0.7777777777777778
 40
0.7777777877777778
 40
1.0
 40
1.0
 40
1.0
 40
1.0
 10
-2.24226
 20
0.66989
 30
0.0
 10
-2.24226
 20
0.66989
 30
0.0
 10
-2.23696
 20
0.66812
 30
0.0
 10
-2.23696
 20
0.66812
 30
0.0
 10
-2.23696
 20
0.66812
 30
0.0
 10
-2.23696
 20
0.66812
 30
0.0
 10
-2.23166
 20
0.66636
 30
0.0
 10
-2.23166
 20
0.66636
 30
0.0
 10
-2.23166
 20
0.66636
 30
0.0
 10
-2.23166
 20
0.66636
 30
0.0
 10
-2.22637
 20
0.66459
 30
0.0
 10
-2.22637
 20
0.66459
 30
0.0
 10
-2.22637
 20
0.66459
 30
0.0
 10
-2.22637
 20
0.66459
 30
0.0
 10
-2.22284
 20
0.66106
 30
0.0
 10
-2.22284
 20
0.66106
 30
0.0
 10
-2.22284
 20
0.66106
 30
0.0
 10
-2.22284
 20
0.66106
 30
0.0
 10
-2.2193
 20
0.65577
 30
0.0
 10
-2.2193
 20
0.65577
 30
0.0
 10
-2.2193
 20
0.65577
 30
0.0
 10
-2.2193
 20
0.65577
 30
0.0
 10
-2.21754
 20
0.65047
 30
0.0
 10
-2.21754
 20
0.65047
 30
0.0
 10
-2.21754
 20
0.65047
 30
0.0
 10
-2.21754
 20
0.65047
 30
0.0
 10
-2.21578
 20
0.64517
 30
0.0
 10
-2.21578
 20
0.64517
 30
0.0
 10
-2.21578
 20
0.64517
 30
0.0
 10
-2.21578
 20
0.64517
 30
0.0
 10
-2.21578
 20
0.63988
 30
0.0
 10
-2.21578
 20
0.63988
 30
0.0
  0
SPLINE
  5
407
330
1F
100
AcDbEntity
  8
Layer 1
 62
   250
370
    25
100
AcDbSpline
210
0.0
220
0.0
230
1.0
 70
     8
 71
     3
 72
    32
 73
    28
 74
     0
 42
0.000000001
 43
0.0000000001
 40
0.0
 40
0.0
 40
0.0
 40
0.0
 40
0.125
 40
0.125
 40
0.125
 40
0.12500001
 40
0.25
 40
0.25
 40
0.25
 40
0.25000001
 40
0.375
 40
0.375
 40
0.375
 40
0.37500001
 40
0.5
 40
0.5
 40
0.5
 40
0.50000001
 40
0.625
 40
0.625
 40
0.625
 40
0.62500001
 40
0.75
 40
0.75
 40
0.75
 40
0.75000001
 40
1.0
 40
1.0
 40
1.0
 40
1.0
 10
-5.94216
 20
0.66989
 30
0.0
 10
-5.94216
 20
0.66989
 30
0.0
 10
-5.93687
 20
0.66812
 30
0.0
 10
-5.93687
 20
0.66812
 30
0.0
 10
-5.93687
 20
0.66812
 30
0.0
 10
-5.93687
 20
0.66812
 30
0.0
 10
-5.9298
 20
0.66106
 30
0.0
 10
-5.9298
 20
0.66106
 30
0.0
 10
-5.9298
 20
0.66106
 30
0.0
 10
-5.9298
 20
0.66106
 30
0.0
 10
-5.92451
 20
0.654
 30
0.0
 10
-5.92451
 20
0.654
 30
0.0
 10
-5.92451
 20
0.654
 30
0.0
 10
-5.92451
 20
0.654
 30
0.0
 10
-5.92098
 20
0.64165
 30
0.0
 10
-5.92098
 20
0.64165
 30
0.0
 10
-5.92098
 20
0.64165
 30
0.0
 10
-5.92098
 20
0.64165
 30
0.0
 10
-5.91568
 20
0.62752
 30
0.0
 10
-5.91568
 20
0.62752
 30
0.0
 10
-5.91568
 20
0.62752
 30
0.0
 10
-5.91568
 20
0.62752
 30
0.0
 10
-5.91392
 20
0.61163
 30
0.0
 10
-5.91392
 20
0.61163
 30
0.0
 10
-5.91392
 20
0.61163
 30
0.0
 10
-5.91392
 20
0.61163
 30
0.0
 10
-5.91039
 20
0.59399
 30
0.0
 10
-5.91039
 20
0.59399
 30
0.0
  0
SPLINE
  5
408
330
1F
100
AcDbEntity
  8
Layer 1
 62
   250
370
    25
100
AcDbSpline
210
0.0
220
0.0
230
1.0
 70
     8
 71
     3
 72
    36
 73
    32
 74
     0
 42
0.000000001
 43
0.0000000001
 40
0.0
 40
0.0
 40
0.0
 40
0.0
 40
0.1111111111111111
 40
0.1111111111111111
 40
0.1111111111111111
 40
0.1111111211111111
 40
0.2222222222222222
 40
0.2222222222222222
 40
0.2222222222222222
 40
0.2222222322222222
 40
0.3333333333333333
 40
0.3333333333333333
 40
0.3333333333333333
 40
0.3333333433333333
 40
0.4444444444444444
 40
0.4444444444444444
 40
0.4444444444444444
 40
0.4444444544444444
 40
0.5555555555555556
 40
0.5555555555555556
 40
0.5555555555555556
 40
0.5555555655555556
 40
0.6666666666666666
 40
0.6666666666666666
 40
0.6666666666666666
 40
0.6666666766666667
 40
0.7777777777777778
 40
0.7777777777777778
 40
0.7777777777777778
 40
0.7777777877777778
 40
1.0
 40
1.0
 40
1.0
 40
1.0
 10
-5.94216
 20
0.66989
 30
0.0
 10
-5.94216
 20
0.66989
 30
0.0
 10
-5.94746
 20
0.66812
 30
0.0
 10
-5.94746
 20
0.66812
 30
0.0
 10
-5.94746
 20
0.66812
 30
0.0
 10
-5.94746
 20
0.66812
 30
0.0
 10
-5.95275
 20
0.66636
 30
0.0
 10
-5.95275
 20
0.66636
 30
0.0
 10
-5.95275
 20
0.66636
 30
0.0
 10
-5.95275
 20
0.66636
 30
0.0
 10
-5.95805
 20
0.66459
 30
0.0
 10
-5.95805
 20
0.66459
 30
0.0
 10
-5.95805
 20
0.66459
 30
0.0
 10
-5.95805
 20
0.66459
 30
0.0
 10
-5.96158
 20
0.66106
 30
0.0
 10
-5.96158
 20
0.66106
 30
0.0
 10
-5.96158
 20
0.66106
 30
0.0
 10
-5.96158
 20
0.66106
 30
0.0
 10
-5.96511
 20
0.65577
 30
0.0
 10
-5.96511
 20
0.65577
 30
0.0
 10
-5.96511
 20
0.65577
 30
0.0
 10
-5.96511
 20
0.65577
 30
0.0
 10
-5.96688
 20
0.65047
 30
0.0
 10
-5.96688
 20
0.65047
 30
0.0
 10
-5.96688
 20
0.65047
 30
0.0
 10
-5.96688
 20
0.65047
 30
0.0
 10
-5.96864
 20
0.64517
 30
0.0
 10
-5.96864
 20
0.64517
 30
0.0
 10
-5.96864
 20
0.64517
 30
0.0
 10
-5.96864
 20
0.64517
 30
0.0
 10
-5.96864
 20
0.63988
 30
0.0
 10
-5.96864
 20
0.63988
 30
0.0
  0
SPLINE
  5
409
330
1F
100
AcDbEntity
  8
Layer 1
 62
   250
370
    25
100
AcDbSpline
210
0.0
220
0.0
230
1.0
 70
     8
 71
     3
 72
    32
 73
    28
 74
     0
 42
0.000000001
 43
0.0000000001
 40
0.0
 40
0.0
 40
0.0
 40
0.0
 40
0.125
 40
0.125
 40
0.125
 40
0.12500001
 40
0.25
 40
0.25
 40
0.25
 40
0.25000001
 40
0.375
 40
0.375
 40
0.375
 40
0.37500001
 40
0.5
 40
0.5
 40
0.5
 40
0.50000001
 40
0.625
 40
0.625
 40
0.625
 40
0.62500001
 40
0.75
 40
0.75
 40
0.75
 40
0.75000001
 40
1.0
 40
1.0
 40
1.0
 40
1.0
 10
-5.91039
 20
-1.57901
 30
0.0
 10
-5.91039
 20
-1.57901
 30
0.0
 10
-5.91392
 20
-1.59666
 30
0.0
 10
-5.91392
 20
-1.59666
 30
0.0
 10
-5.91392
 20
-1.59666
 30
0.0
 10
-5.91392
 20
-1.59666
 30
0.0
 10
-5.91568
 20
-1.61255
 30
0.0
 10
-5.91568
 20
-1.61255
 30
0.0
 10
-5.91568
 20
-1.61255
 30
0.0
 10
-5.91568
 20
-1.61255
 30
0.0
 10
-5.92098
 20
-1.62667
 30
0.0
 10
-5.92098
 20
-1.62667
 30
0.0
 10
-5.92098
 20
-1.62667
 30
0.0
 10
-5.92098
 20
-1.62667
 30
0.0
 10
-5.92451
 20
-1.63902
 30
0.0
 10
-5.92451
 20
-1.63902
 30
0.0
 10
-5.92451
 20
-1.63902
 30
0.0
 10
-5.92451
 20
-1.63902
 30
0.0
 10
-5.9298
 20
-1.64785
 30
0.0
 10
-5.9298
 20
-1.64785
 30
0.0
 10
-5.9298
 20
-1.64785
 30
0.0
 10
-5.9298
 20
-1.64785
 30
0.0
 10
-5.93687
 20
-1.65315
 30
0.0
 10
-5.93687
 20
-1.65315
 30
0.0
 10
-5.93687
 20
-1.65315
 30
0.0
 10
-5.93687
 20
-1.65315
 30
0.0
 10
-5.94216
 20
-1.65491
 30
0.0
 10
-5.94216
 20
-1.65491
 30
0.0
  0
SPLINE
  5
40A
330
1F
100
AcDbEntity
  8
Layer 1
 62
   250
370
    25
100
AcDbSpline
210
0.0
220
0.0
230
1.0
 70
     8
 71
     3
 72
    36
 73
    32
 74
     0
 42
0.000000001
 43
0.0000000001
 40
0.0
 40
0.0
 40
0.0
 40
0.0
 40
0.1111111111111111
 40
0.1111111111111111
 40
0.1111111111111111
 40
0.1111111211111111
 40
0.2222222222222222
 40
0.2222222222222222
 40
0.2222222222222222
 40
0.2222222322222222
 40
0.3333333333333333
 40
0.3333333333333333
 40
0.3333333333333333
 40
0.3333333433333333
 40
0.4444444444444444
 40
0.4444444444444444
 40
0.4444444444444444
 40
0.4444444544444444
 40
0.5555555555555556
 40
0.5555555555555556
 40
0.5555555555555556
 40
0.5555555655555556
 40
0.6666666666666666
 40
0.6666666666666666
 40
0.6666666666666666
 40
0.6666666766666667
 40
0.7777777777777778
 40
0.7777777777777778
 40
0.7777777777777778
 40
0.7777777877777778
 40
1.0
 40
1.0
 40
1.0
 40
1.0
 10
-5.94216
 20
-1.65491
 30
0.0
 10
-5.94216
 20
-1.65491
 30
0.0
 10
-5.94746
 20
-1.65491
 30
0.0
 10
-5.94746
 20
-1.65491
 30
0.0
 10
-5.94746
 20
-1.65491
 30
0.0
 10
-5.94746
 20
-1.65491
 30
0.0
 10
-5.95275
 20
-1.65315
 30
0.0
 10
-5.95275
 20
-1.65315
 30
0.0
 10
-5.95275
 20
-1.65315
 30
0.0
 10
-5.95275
 20
-1.65315
 30
0.0
 10
-5.95805
 20
-1.64961
 30
0.0
 10
-5.95805
 20
-1.64961
 30
0.0
 10
-5.95805
 20
-1.64961
 30
0.0
 10
-5.95805
 20
-1.64961
 30
0.0
 10
-5.96158
 20
-1.64608
 30
0.0
 10
-5.96158
 20
-1.64608
 30
0.0
 10
-5.96158
 20
-1.64608
 30
0.0
 10
-5.96158
 20
-1.64608
 30
0.0
 10
-5.96511
 20
-1.64255
 30
0.0
 10
-5.96511
 20
-1.64255
 30
0.0
 10
-5.96511
 20
-1.64255
 30
0.0
 10
-5.96511
 20
-1.64255
 30
0.0
 10
-5.96688
 20
-1.63726
 30
0.0
 10
-5.96688
 20
-1.63726
 30
0.0
 10
-5.96688
 20
-1.63726
 30
0.0
 10
-5.96688
 20
-1.63726
 30
0.0
 10
-5.96864
 20
-1.63196
 30
0.0
 10
-5.96864
 20
-1.63196
 30
0.0
 10
-5.96864
 20
-1.63196
 30
0.0
 10
-5.96864
 20
-1.63196
 30
0.0
 10
-5.96864
 20
-1.6249
 30
0.0
 10
-5.96864
 20
-1.6249
 30
0.0
  0
SPLINE
  5
40B
330
1F
100
AcDbEntity
  8
Layer 1
 62
   250
370
    25
100
AcDbSpline
210
0.0
220
0.0
230
1.0
 70
    24
 71
     3
 72
     8
 73
     4
 74
     0
 42
0.000000001
 43
0.0000000001
 40
0.0
 40
0.0
 40
0.0
 40
0.0
 40
1.0
 40
1.0
 40
1.0
 40
1.0
 10
-2.24226
 20
-1.65491
 30
0.0
 10
-2.24226
 20
-1.65491
 30
0.0
 10
-5.94216
 20
-1.65491
 30
0.0
 10
-5.94216
 20
-1.65491
 30
0.0
  0
SPLINE
  5
40C
330
1F
100
AcDbEntity
  8
Layer 1
 62
   250
370
    25
100
AcDbSpline
210
0.0
220
0.0
230
1.0
 70
    24
 71
     3
 72
     8
 73
     4
 74
     0
 42
0.000000001
 43
0.0000000001
 40
0.0
 40
0.0
 40
0.0
 40
0.0
 40
1.0
 40
1.0
 40
1.0
 40
1.0
 10
-2.24226
 20
0.66989
 30
0.0
 10
-2.24226
 20
0.66989
 30
0.0
 10
-5.94216
 20
0.66989
 30
0.0
 10
-5.94216
 20
0.66989
 30
0.0
  0
SPLINE
  5
40D
330
1F
100
AcDbEntity
  8
Layer 1
 62
   250
370
    25
100
AcDbSpline
210
0.0
220
0.0
230
1.0
 70
    24
 71
     3
 72
     8
 73
     4
 74
     0
 42
0.000000001
 43
0.0000000001
 40
0.0
 40
0.0
 40
0.0
 40
0.0
 40
1.0
 40
1.0
 40
1.0
 40
1.0
 10
-2.24049
 20
-1.65491
 30
0.0
 10
-2.24049
 20
-1.65491
 30
0.0
 10
-2.24226
 20
-1.65491
 30
0.0
 10
-2.24226
 20
-1.65491
 30
0.0
  0
SPLINE
  5
40E
330
1F
100
AcDbEntity
  8
Layer 1
 62
   250
370
    25
100
AcDbSpline
210
0.0
220
0.0
230
1.0
 70
     8
 71
     3
 72
    36
 73
    32
 74
     0
 42
0.000000001
 43
0.0000000001
 40
0.0
 40
0.0
 40
0.0
 40
0.0
 40
0.1111111111111111
 40
0.1111111111111111
 40
0.1111111111111111
 40
0.1111111211111111
 40
0.2222222222222222
 40
0.2222222222222222
 40
0.2222222222222222
 40
0.2222222322222222
 40
0.3333333333333333
 40
0.3333333333333333
 40
0.3333333333333333
 40
0.3333333433333333
 40
0.4444444444444444
 40
0.4444444444444444
 40
0.4444444444444444
 40
0.4444444544444444
 40
0.5555555555555556
 40
0.5555555555555556
 40
0.5555555555555556
 40
0.5555555655555556
 40
0.6666666666666666
 40
0.6666666666666666
 40
0.6666666666666666
 40
0.6666666766666667
 40
0.7777777777777778
 40
0.7777777777777778
 40
0.7777777777777778
 40
0.7777777877777778
 40
1.0
 40
1.0
 40
1.0
 40
1.0
 10
-2.24049
 20
-1.65491
 30
0.0
 10
-2.24049
 20
-1.65491
 30
0.0
 10
-2.23519
 20
-1.65491
 30
0.0
 10
-2.23519
 20
-1.65491
 30
0.0
 10
-2.23519
 20
-1.65491
 30
0.0
 10
-2.23519
 20
-1.65491
 30
0.0
 10
-2.2299
 20
-1.65315
 30
0.0
 10
-2.2299
 20
-1.65315
 30
0.0
 10
-2.2299
 20
-1.65315
 30
0.0
 10
-2.2299
 20
-1.65315
 30
0.0
 10
-2.22637
 20
-1.64961
 30
0.0
 10
-2.22637
 20
-1.64961
 30
0.0
 10
-2.22637
 20
-1.64961
 30
0.0
 10
-2.22637
 20
-1.64961
 30
0.0
 10
-2.22107
 20
-1.64608
 30
0.0
 10
-2.22107
 20
-1.64608
 30
0.0
 10
-2.22107
 20
-1.64608
 30
0.0
 10
-2.22107
 20
-1.64608
 30
0.0
 10
-2.2193
 20
-1.64255
 30
0.0
 10
-2.2193
 20
-1.64255
 30
0.0
 10
-2.2193
 20
-1.64255
 30
0.0
 10
-2.2193
 20
-1.64255
 30
0.0
 10
-2.21578
 20
-1.63726
 30
0.0
 10
-2.21578
 20
-1.63726
 30
0.0
 10
-2.21578
 20
-1.63726
 30
0.0
 10
-2.21578
 20
-1.63726
 30
0.0
 10
-2.21401
 20
-1.63196
 30
0.0
 10
-2.21401
 20
-1.63196
 30
0.0
 10
-2.21401
 20
-1.63196
 30
0.0
 10
-2.21401
 20
-1.63196
 30
0.0
 10
-2.21401
 20
-1.6249
 30
0.0
 10
-2.21401
 20
-1.6249
 30
0.0
  0
SPLINE
  5
40F
330
1F
100
AcDbEntity
  8
Layer 1
 62
   250
370
    25
100
AcDbSpline
210
0.0
220
0.0
230
1.0
 70
    24
 71
     3
 72
     8
 73
     4
 74
     0
 42
0.000000001
 43
0.0000000001
 40
0.0
 40
0.0
 40
0.0
 40
0.0
 40
1.0
 40
1.0
 40
1.0
 40
1.0
 10
-2.24226
 20
0.66989
 30
0.0
 10
-2.24226
 20
0.66989
 30
0.0
 10
-2.24049
 20
0.66989
 30
0.0
 10
-2.24049
 20
0.66989
 30
0.0
  0
SPLINE
  5
410
330
1F
100
AcDbEntity
  8
Layer 1
 62
   250
370
    25
100
AcDbSpline
210
0.0
220
0.0
230
1.0
 70
     8
 71
     3
 72
    36
 73
    32
 74
     0
 42
0.000000001
 43
0.0000000001
 40
0.0
 40
0.0
 40
0.0
 40
0.0
 40
0.1111111111111111
 40
0.1111111111111111
 40
0.1111111111111111
 40
0.1111111211111111
 40
0.2222222222222222
 40
0.2222222222222222
 40
0.2222222222222222
 40
0.2222222322222222
 40
0.3333333333333333
 40
0.3333333333333333
 40
0.3333333333333333
 40
0.3333333433333333
 40
0.4444444444444444
 40
0.4444444444444444
 40
0.4444444444444444
 40
0.4444444544444444
 40
0.5555555555555556
 40
0.5555555555555556
 40
0.5555555555555556
 40
0.5555555655555556
 40
0.6666666666666666
 40
0.6666666666666666
 40
0.6666666666666666
 40
0.6666666766666667
 40
0.7777777777777778
 40
0.7777777777777778
 40
0.7777777777777778
 40
0.7777777877777778
 40
1.0
 40
1.0
 40
1.0
 40
1.0
 10
-2.24049
 20
0.66989
 30
0.0
 10
-2.24049
 20
0.66989
 30
0.0
 10
-2.23519
 20
0.66812
 30
0.0
 10
-2.23519
 20
0.66812
 30
0.0
 10
-2.23519
 20
0.66812
 30
0.0
 10
-2.23519
 20
0.66812
 30
0.0
 10
-2.2299
 20
0.66636
 30
0.0
 10
-2.2299
 20
0.66636
 30
0.0
 10
-2.2299
 20
0.66636
 30
0.0
 10
-2.2299
 20
0.66636
 30
0.0
 10
-2.22637
 20
0.66459
 30
0.0
 10
-2.22637
 20
0.66459
 30
0.0
 10
-2.22637
 20
0.66459
 30
0.0
 10
-2.22637
 20
0.66459
 30
0.0
 10
-2.22107
 20
0.66106
 30
0.0
 10
-2.22107
 20
0.66106
 30
0.0
 10
-2.22107
 20
0.66106
 30
0.0
 10
-2.22107
 20
0.66106
 30
0.0
 10
-2.2193
 20
0.65577
 30
0.0
 10
-2.2193
 20
0.65577
 30
0.0
 10
-2.2193
 20
0.65577
 30
0.0
 10
-2.2193
 20
0.65577
 30
0.0
 10
-2.21578
 20
0.65047
 30
0.0
 10
-2.21578
 20
0.65047
 30
0.0
 10
-2.21578
 20
0.65047
 30
0.0
 10
-2.21578
 20
0.65047
 30
0.0
 10
-2.21401
 20
0.64517
 30
0.0
 10
-2.21401
 20
0.64517
 30
0.0
 10
-2.21401
 20
0.64517
 30
0.0
 10
-2.21401
 20
0.64517
 30
0.0
 10
-2.21401
 20
0.63988
 30
0.0
 10
-2.21401
 20
0.63988
 30
0.0
  0
SPLINE
  5
411
330
1F
100
AcDbEntity
  8
Layer 1
 62
   250
370
    25
100
AcDbSpline
210
0.0
220
0.0
230
1.0
 70
    24
 71
     3
 72
     8
 73
     4
 74
     0
 42
0.000000001
 43
0.0000000001
 40
0.0
 40
0.0
 40
0.0
 40
0.0
 40
1.0
 40
1.0
 40
1.0
 40
1.0
 10
-5.94216
 20
-1.65491
 30
0.0
 10
-5.94216
 20
-1.65491
 30
0.0
 10
-5.94393
 20
-1.65491
 30
0.0
 10
-5.94393
 20
-1.65491
 30
0.0
  0
SPLINE
  5
412
330
1F
100
AcDbEntity
  8
Layer 1
 62
   250
370
    25
100
AcDbSpline
210
0.0
220
0.0
230
1.0
 70
     8
 71
     3
 72
    36
 73
    32
 74
     0
 42
0.000000001
 43
0.0000000001
 40
0.0
 40
0.0
 40
0.0
 40
0.0
 40
0.1111111111111111
 40
0.1111111111111111
 40
0.1111111111111111
 40
0.1111111211111111
 40
0.2222222222222222
 40
0.2222222222222222
 40
0.2222222222222222
 40
0.2222222322222222
 40
0.3333333333333333
 40
0.3333333333333333
 40
0.3333333333333333
 40
0.3333333433333333
 40
0.4444444444444444
 40
0.4444444444444444
 40
0.4444444444444444
 40
0.4444444544444444
 40
0.5555555555555556
 40
0.5555555555555556
 40
0.5555555555555556
 40
0.5555555655555556
 40
0.6666666666666666
 40
0.6666666666666666
 40
0.6666666666666666
 40
0.6666666766666667
 40
0.7777777777777778
 40
0.7777777777777778
 40
0.7777777777777778
 40
0.7777777877777778
 40
1.0
 40
1.0
 40
1.0
 40
1.0
 10
-5.94393
 20
-1.65491
 30
0.0
 10
-5.94393
 20
-1.65491
 30
0.0
 10
-5.94922
 20
-1.65491
 30
0.0
 10
-5.94922
 20
-1.65491
 30
0.0
 10
-5.94922
 20
-1.65491
 30
0.0
 10
-5.94922
 20
-1.65491
 30
0.0
 10
-5.95452
 20
-1.65315
 30
0.0
 10
-5.95452
 20
-1.65315
 30
0.0
 10
-5.95452
 20
-1.65315
 30
0.0
 10
-5.95452
 20
-1.65315
 30
0.0
 10
-5.95805
 20
-1.64961
 30
0.0
 10
-5.95805
 20
-1.64961
 30
0.0
 10
-5.95805
 20
-1.64961
 30
0.0
 10
-5.95805
 20
-1.64961
 30
0.0
 10
-5.96335
 20
-1.64608
 30
0.0
 10
-5.96335
 20
-1.64608
 30
0.0
 10
-5.96335
 20
-1.64608
 30
0.0
 10
-5.96335
 20
-1.64608
 30
0.0
 10
-5.96511
 20
-1.64255
 30
0.0
 10
-5.96511
 20
-1.64255
 30
0.0
 10
-5.96511
 20
-1.64255
 30
0.0
 10
-5.96511
 20
-1.64255
 30
0.0
 10
-5.96864
 20
-1.63726
 30
0.0
 10
-5.96864
 20
-1.63726
 30
0.0
 10
-5.96864
 20
-1.63726
 30
0.0
 10
-5.96864
 20
-1.63726
 30
0.0
 10
-5.97041
 20
-1.63196
 30
0.0
 10
-5.97041
 20
-1.63196
 30
0.0
 10
-5.97041
 20
-1.63196
 30
0.0
 10
-5.97041
 20
-1.63196
 30
0.0
 10
-5.97041
 20
-1.6249
 30
0.0
 10
-5.97041
 20
-1.6249
 30
0.0
  0
SPLINE
  5
413
330
1F
100
AcDbEntity
  8
Layer 1
 62
   250
370
    25
100
AcDbSpline
210
0.0
220
0.0
230
1.0
 70
    24
 71
     3
 72
     8
 73
     4
 74
     0
 42
0.000000001
 43
0.0000000001
 40
0.0
 40
0.0
 40
0.0
 40
0.0
 40
1.0
 40
1.0
 40
1.0
 40
1.0
 10
-5.94393
 20
0.66989
 30
0.0
 10
-5.94393
 20
0.66989
 30
0.0
 10
-5.94216
 20
0.66989
 30
0.0
 10
-5.94216
 20
0.66989
 30
0.0
  0
SPLINE
  5
414
330
1F
100
AcDbEntity
  8
Layer 1
 62
   250
370
    25
100
AcDbSpline
210
0.0
220
0.0
230
1.0
 70
     8
 71
     3
 72
    36
 73
    32
 74
     0
 42
0.000000001
 43
0.0000000001
 40
0.0
 40
0.0
 40
0.0
 40
0.0
 40
0.1111111111111111
 40
0.1111111111111111
 40
0.1111111111111111
 40
0.1111111211111111
 40
0.2222222222222222
 40
0.2222222222222222
 40
0.2222222222222222
 40
0.2222222322222222
 40
0.3333333333333333
 40
0.3333333333333333
 40
0.3333333333333333
 40
0.3333333433333333
 40
0.4444444444444444
 40
0.4444444444444444
 40
0.4444444444444444
 40
0.4444444544444444
 40
0.5555555555555556
 40
0.5555555555555556
 40
0.5555555555555556
 40
0.5555555655555556
 40
0.6666666666666666
 40
0.6666666666666666
 40
0.6666666666666666
 40
0.6666666766666667
 40
0.7777777777777778
 40
0.7777777777777778
 40
0.7777777777777778
 40
0.7777777877777778
 40
1.0
 40
1.0
 40
1.0
 40
1.0
 10
-5.94393
 20
0.66989
 30
0.0
 10
-5.94393
 20
0.66989
 30
0.0
 10
-5.94922
 20
0.66812
 30
0.0
 10
-5.94922
 20
0.66812
 30
0.0
 10
-5.94922
 20
0.66812
 30
0.0
 10
-5.94922
 20
0.66812
 30
0.0
 10
-5.95452
 20
0.66636
 30
0.0
 10
-5.95452
 20
0.66636
 30
0.0
 10
-5.95452
 20
0.66636
 30
0.0
 10
-5.95452
 20
0.66636
 30
0.0
 10
-5.95805
 20
0.66459
 30
0.0
 10
-5.95805
 20
0.66459
 30
0.0
 10
-5.95805
 20
0.66459
 30
0.0
 10
-5.95805
 20
0.66459
 30
0.0
 10
-5.96335
 20
0.66106
 30
0.0
 10
-5.96335
 20
0.66106
 30
0.0
 10
-5.96335
 20
0.66106
 30
0.0
 10
-5.96335
 20
0.66106
 30
0.0
 10
-5.96511
 20
0.65577
 30
0.0
 10
-5.96511
 20
0.65577
 30
0.0
 10
-5.96511
 20
0.65577
 30
0.0
 10
-5.96511
 20
0.65577
 30
0.0
 10
-5.96864
 20
0.65047
 30
0.0
 10
-5.96864
 20
0.65047
 30
0.0
 10
-5.96864
 20
0.65047
 30
0.0
 10
-5.96864
 20
0.65047
 30
0.0
 10
-5.97041
 20
0.64517
 30
0.0
 10
-5.97041
 20
0.64517
 30
0.0
 10
-5.97041
 20
0.64517
 30
0.0
 10
-5.97041
 20
0.64517
 30
0.0
 10
-5.97041
 20
0.63988
 30
0.0
 10
-5.97041
 20
0.63988
 30
0.0
  0
SPLINE
  5
415
330
1F
100
AcDbEntity
  8
Layer 1
 62
   250
370
    25
100
AcDbSpline
210
0.0
220
0.0
230
1.0
 70
    24
 71
     3
 72
    12
 73
     8
 74
     0
 42
0.000000001
 43
0.0000000001
 40
0.0
 40
0.0
 40
0.0
 40
0.0
 40
0.3333333333333333
 40
0.3333333333333333
 40
0.3333333333333333
 40
0.3333333433333333
 40
1.0
 40
1.0
 40
1.0
 40
1.0
 10
-2.24049
 20
0.66989
 30
0.0
 10
-2.24049
 20
0.66989
 30
0.0
 10
-2.24049
 20
0.66989
 30
0.0
 10
-2.24049
 20
0.66989
 30
0.0
 10
-2.24049
 20
0.66989
 30
0.0
 10
-2.24049
 20
0.66989
 30
0.0
 10
-2.23872
 20
0.66989
 30
0.0
 10
-2.23872
 20
0.66989
 30
0.0
  0
SPLINE
  5
416
330
1F
100
AcDbEntity
  8
Layer 1
 62
   250
370
    25
100
AcDbSpline
210
0.0
220
0.0
230
1.0
 70
     8
 71
     3
 72
    36
 73
    32
 74
     0
 42
0.000000001
 43
0.0000000001
 40
0.0
 40
0.0
 40
0.0
 40
0.0
 40
0.1111111111111111
 40
0.1111111111111111
 40
0.1111111111111111
 40
0.1111111211111111
 40
0.2222222222222222
 40
0.2222222222222222
 40
0.2222222222222222
 40
0.2222222322222222
 40
0.3333333333333333
 40
0.3333333333333333
 40
0.3333333333333333
 40
0.3333333433333333
 40
0.4444444444444444
 40
0.4444444444444444
 40
0.4444444444444444
 40
0.4444444544444444
 40
0.5555555555555556
 40
0.5555555555555556
 40
0.5555555555555556
 40
0.5555555655555556
 40
0.6666666666666666
 40
0.6666666666666666
 40
0.6666666666666666
 40
0.6666666766666667
 40
0.7777777777777778
 40
0.7777777777777778
 40
0.7777777777777778
 40
0.7777777877777778
 40
1.0
 40
1.0
 40
1.0
 40
1.0
 10
-2.23872
 20
0.66989
 30
0.0
 10
-2.23872
 20
0.66989
 30
0.0
 10
-2.23343
 20
0.66812
 30
0.0
 10
-2.23343
 20
0.66812
 30
0.0
 10
-2.23343
 20
0.66812
 30
0.0
 10
-2.23343
 20
0.66812
 30
0.0
 10
-2.22813
 20
0.66812
 30
0.0
 10
-2.22813
 20
0.66812
 30
0.0
 10
-2.22813
 20
0.66812
 30
0.0
 10
-2.22813
 20
0.66812
 30
0.0
 10
-2.22284
 20
0.66459
 30
0.0
 10
-2.22284
 20
0.66459
 30
0.0
 10
-2.22284
 20
0.66459
 30
0.0
 10
-2.22284
 20
0.66459
 30
0.0
 10
-2.21754
 20
0.66106
 30
0.0
 10
-2.21754
 20
0.66106
 30
0.0
 10
-2.21754
 20
0.66106
 30
0.0
 10
-2.21754
 20
0.66106
 30
0.0
 10
-2.21401
 20
0.65577
 30
0.0
 10
-2.21401
 20
0.65577
 30
0.0
 10
-2.21401
 20
0.65577
 30
0.0
 10
-2.21401
 20
0.65577
 30
0.0
 10
-2.21224
 20
0.65047
 30
0.0
 10
-2.21224
 20
0.65047
 30
0.0
 10
-2.21224
 20
0.65047
 30
0.0
 10
-2.21224
 20
0.65047
 30
0.0
 10
-2.21048
 20
0.64517
 30
0.0
 10
-2.21048
 20
0.64517
 30
0.0
 10
-2.21048
 20
0.64517
 30
0.0
 10
-2.21048
 20
0.64517
 30
0.0
 10
-2.20872
 20
0.63988
 30
0.0
 10
-2.20872
 20
0.63988
 30
0.0
  0
SPLINE
  5
417
330
1F
100
AcDbEntity
  8
Layer 1
 62
   250
370
    25
100
AcDbSpline
210
0.0
220
0.0
230
1.0
 70
    24
 71
     3
 72
    12
 73
     8
 74
     0
 42
0.000000001
 43
0.0000000001
 40
0.0
 40
0.0
 40
0.0
 40
0.0
 40
0.3333333333333333
 40
0.3333333333333333
 40
0.3333333333333333
 40
0.3333333433333333
 40
1.0
 40
1.0
 40
1.0
 40
1.0
 10
-2.20872
 20
0.63988
 30
0.0
 10
-2.20872
 20
0.63988
 30
0.0
 10
-2.21048
 20
0.63988
 30
0.0
 10
-2.21048
 20
0.63988
 30
0.0
 10
-2.21048
 20
0.63988
 30
0.0
 10
-2.21048
 20
0.63988
 30
0.0
 10
-2.21401
 20
0.63988
 30
0.0
 10
-2.21401
 20
0.63988
 30
0.0
  0
SPLINE
  5
418
330
1F
100
AcDbEntity
  8
Layer 1
 62
   250
370
    25
100
AcDbSpline
210
0.0
220
0.0
230
1.0
 70
    24
 71
     3
 72
    12
 73
     8
 74
     0
 42
0.000000001
 43
0.0000000001
 40
0.0
 40
0.0
 40
0.0
 40
0.0
 40
0.3333333333333333
 40
0.3333333333333333
 40
0.3333333333333333
 40
0.3333333433333333
 40
1.0
 40
1.0
 40
1.0
 40
1.0
 10
-2.23872
 20
-1.65491
 30
0.0
 10
-2.23872
 20
-1.65491
 30
0.0
 10
-2.23872
 20
-1.65491
 30
0.0
 10
-2.23872
 20
-1.65491
 30
0.0
 10
-2.23872
 20
-1.65491
 30
0.0
 10
-2.23872
 20
-1.65491
 30
0.0
 10
-2.24049
 20
-1.65491
 30
0.0
 10
-2.24049
 20
-1.65491
 30
0.0
  0
SPLINE
  5
419
330
1F
100
AcDbEntity
  8
Layer 1
 62
   250
370
    25
100
AcDbSpline
210
0.0
220
0.0
230
1.0
 70
    24
 71
     3
 72
    12
 73
     8
 74
     0
 42
0.000000001
 43
0.0000000001
 40
0.0
 40
0.0
 40
0.0
 40
0.0
 40
0.3333333333333333
 40
0.3333333333333333
 40
0.3333333333333333
 40
0.3333333433333333
 40
1.0
 40
1.0
 40
1.0
 40
1.0
 10
-2.21401
 20
-1.6249
 30
0.0
 10
-2.21401
 20
-1.6249
 30
0.0
 10
-2.21048
 20
-1.6249
 30
0.0
 10
-2.21048
 20
-1.6249
 30
0.0
 10
-2.21048
 20
-1.6249
 30
0.0
 10
-2.21048
 20
-1.6249
 30
0.0
 10
-2.20872
 20
-1.6249
 30
0.0
 10
-2.20872
 20
-1.6249
 30
0.0
  0
SPLINE
  5
41A
330
1F
100
AcDbEntity
  8
Layer 1
 62
   250
370
    25
100
AcDbSpline
210
0.0
220
0.0
230
1.0
 70
     8
 71
     3
 72
    36
 73
    32
 74
     0
 42
0.000000001
 43
0.0000000001
 40
0.0
 40
0.0
 40
0.0
 40
0.0
 40
0.1111111111111111
 40
0.1111111111111111
 40
0.1111111111111111
 40
0.1111111211111111
 40
0.2222222222222222
 40
0.2222222222222222
 40
0.2222222222222222
 40
0.2222222322222222
 40
0.3333333333333333
 40
0.3333333333333333
 40
0.3333333333333333
 40
0.3333333433333333
 40
0.4444444444444444
 40
0.4444444444444444
 40
0.4444444444444444
 40
0.4444444544444444
 40
0.5555555555555556
 40
0.5555555555555556
 40
0.5555555555555556
 40
0.5555555655555556
 40
0.6666666666666666
 40
0.6666666666666666
 40
0.6666666666666666
 40
0.6666666766666667
 40
0.7777777777777778
 40
0.7777777777777778
 40
0.7777777777777778
 40
0.7777777877777778
 40
1.0
 40
1.0
 40
1.0
 40
1.0
 10
-2.23872
 20
-1.65491
 30
0.0
 10
-2.23872
 20
-1.65491
 30
0.0
 10
-2.23343
 20
-1.65491
 30
0.0
 10
-2.23343
 20
-1.65491
 30
0.0
 10
-2.23343
 20
-1.65491
 30
0.0
 10
-2.23343
 20
-1.65491
 30
0.0
 10
-2.22813
 20
-1.65315
 30
0.0
 10
-2.22813
 20
-1.65315
 30
0.0
 10
-2.22813
 20
-1.65315
 30
0.0
 10
-2.22813
 20
-1.65315
 30
0.0
 10
-2.22284
 20
-1.64961
 30
0.0
 10
-2.22284
 20
-1.64961
 30
0.0
 10
-2.22284
 20
-1.64961
 30
0.0
 10
-2.22284
 20
-1.64961
 30
0.0
 10
-2.21754
 20
-1.64608
 30
0.0
 10
-2.21754
 20
-1.64608
 30
0.0
 10
-2.21754
 20
-1.64608
 30
0.0
 10
-2.21754
 20
-1.64608
 30
0.0
 10
-2.21401
 20
-1.64255
 30
0.0
 10
-2.21401
 20
-1.64255
 30
0.0
 10
-2.21401
 20
-1.64255
 30
0.0
 10
-2.21401
 20
-1.64255
 30
0.0
 10
-2.21224
 20
-1.63726
 30
0.0
 10
-2.21224
 20
-1.63726
 30
0.0
 10
-2.21224
 20
-1.63726
 30
0.0
 10
-2.21224
 20
-1.63726
 30
0.0
 10
-2.21048
 20
-1.63196
 30
0.0
 10
-2.21048
 20
-1.63196
 30
0.0
 10
-2.21048
 20
-1.63196
 30
0.0
 10
-2.21048
 20
-1.63196
 30
0.0
 10
-2.20872
 20
-1.6249
 30
0.0
 10
-2.20872
 20
-1.6249
 30
0.0
  0
SPLINE
  5
41B
330
1F
100
AcDbEntity
  8
Layer 1
 62
   250
370
    25
100
AcDbSpline
210
0.0
220
0.0
230
1.0
 70
    24
 71
     3
 72
    12
 73
     8
 74
     0
 42
0.000000001
 43
0.0000000001
 40
0.0
 40
0.0
 40
0.0
 40
0.0
 40
0.3333333333333333
 40
0.3333333333333333
 40
0.3333333333333333
 40
0.3333333433333333
 40
1.0
 40
1.0
 40
1.0
 40
1.0
 10
-5.94393
 20
-1.65491
 30
0.0
 10
-5.94393
 20
-1.65491
 30
0.0
 10
-5.94393
 20
-1.65491
 30
0.0
 10
-5.94393
 20
-1.65491
 30
0.0
 10
-5.94393
 20
-1.65491
 30
0.0
 10
-5.94393
 20
-1.65491
 30
0.0
 10
-5.94569
 20
-1.65491
 30
0.0
 10
-5.94569
 20
-1.65491
 30
0.0
  0
SPLINE
  5
41C
330
1F
100
AcDbEntity
  8
Layer 1
 62
   250
370
    25
100
AcDbSpline
210
0.0
220
0.0
230
1.0
 70
     8
 71
     3
 72
    36
 73
    32
 74
     0
 42
0.000000001
 43
0.0000000001
 40
0.0
 40
0.0
 40
0.0
 40
0.0
 40
0.1111111111111111
 40
0.1111111111111111
 40
0.1111111111111111
 40
0.1111111211111111
 40
0.2222222222222222
 40
0.2222222222222222
 40
0.2222222222222222
 40
0.2222222322222222
 40
0.3333333333333333
 40
0.3333333333333333
 40
0.3333333333333333
 40
0.3333333433333333
 40
0.4444444444444444
 40
0.4444444444444444
 40
0.4444444444444444
 40
0.4444444544444444
 40
0.5555555555555556
 40
0.5555555555555556
 40
0.5555555555555556
 40
0.5555555655555556
 40
0.6666666666666666
 40
0.6666666666666666
 40
0.6666666666666666
 40
0.6666666766666667
 40
0.7777777777777778
 40
0.7777777777777778
 40
0.7777777777777778
 40
0.7777777877777778
 40
1.0
 40
1.0
 40
1.0
 40
1.0
 10
-5.94569
 20
-1.65491
 30
0.0
 10
-5.94569
 20
-1.65491
 30
0.0
 10
-5.95099
 20
-1.65491
 30
0.0
 10
-5.95099
 20
-1.65491
 30
0.0
 10
-5.95099
 20
-1.65491
 30
0.0
 10
-5.95099
 20
-1.65491
 30
0.0
 10
-5.95628
 20
-1.65315
 30
0.0
 10
-5.95628
 20
-1.65315
 30
0.0
 10
-5.95628
 20
-1.65315
 30
0.0
 10
-5.95628
 20
-1.65315
 30
0.0
 10
-5.96158
 20
-1.64961
 30
0.0
 10
-5.96158
 20
-1.64961
 30
0.0
 10
-5.96158
 20
-1.64961
 30
0.0
 10
-5.96158
 20
-1.64961
 30
0.0
 10
-5.96688
 20
-1.64608
 30
0.0
 10
-5.96688
 20
-1.64608
 30
0.0
 10
-5.96688
 20
-1.64608
 30
0.0
 10
-5.96688
 20
-1.64608
 30
0.0
 10
-5.97041
 20
-1.64255
 30
0.0
 10
-5.97041
 20
-1.64255
 30
0.0
 10
-5.97041
 20
-1.64255
 30
0.0
 10
-5.97041
 20
-1.64255
 30
0.0
 10
-5.97217
 20
-1.63726
 30
0.0
 10
-5.97217
 20
-1.63726
 30
0.0
 10
-5.97217
 20
-1.63726
 30
0.0
 10
-5.97217
 20
-1.63726
 30
0.0
 10
-5.97394
 20
-1.63196
 30
0.0
 10
-5.97394
 20
-1.63196
 30
0.0
 10
-5.97394
 20
-1.63196
 30
0.0
 10
-5.97394
 20
-1.63196
 30
0.0
 10
-5.9757
 20
-1.6249
 30
0.0
 10
-5.9757
 20
-1.6249
 30
0.0
  0
SPLINE
  5
41D
330
1F
100
AcDbEntity
  8
Layer 1
 62
   250
370
    25
100
AcDbSpline
210
0.0
220
0.0
230
1.0
 70
    24
 71
     3
 72
    16
 73
    12
 74
     0
 42
0.000000001
 43
0.0000000001
 40
0.0
 40
0.0
 40
0.0
 40
0.0
 40
0.25
 40
0.25
 40
0.25
 40
0.25000001
 40
0.5
 40
0.5
 40
0.5
 40
0.50000001
 40
1.0
 40
1.0
 40
1.0
 40
1.0
 10
-5.9757
 20
-1.6249
 30
0.0
 10
-5.9757
 20
-1.6249
 30
0.0
 10
-5.97394
 20
-1.6249
 30
0.0
 10
-5.97394
 20
-1.6249
 30
0.0
 10
-5.97394
 20
-1.6249
 30
0.0
 10
-5.97394
 20
-1.6249
 30
0.0
 10
-5.97217
 20
-1.6249
 30
0.0
 10
-5.97217
 20
-1.6249
 30
0.0
 10
-5.97217
 20
-1.6249
 30
0.0
 10
-5.97217
 20
-1.6249
 30
0.0
 10
-5.97041
 20
-1.6249
 30
0.0
 10
-5.97041
 20
-1.6249
 30
0.0
  0
SPLINE
  5
41E
330
1F
100
AcDbEntity
  8
Layer 1
 62
   250
370
    25
100
AcDbSpline
210
0.0
220
0.0
230
1.0
 70
    24
 71
     3
 72
    12
 73
     8
 74
     0
 42
0.000000001
 43
0.0000000001
 40
0.0
 40
0.0
 40
0.0
 40
0.0
 40
0.3333333333333333
 40
0.3333333333333333
 40
0.3333333333333333
 40
0.3333333433333333
 40
1.0
 40
1.0
 40
1.0
 40
1.0
 10
-5.94569
 20
0.66989
 30
0.0
 10
-5.94569
 20
0.66989
 30
0.0
 10
-5.94569
 20
0.66989
 30
0.0
 10
-5.94569
 20
0.66989
 30
0.0
 10
-5.94569
 20
0.66989
 30
0.0
 10
-5.94569
 20
0.66989
 30
0.0
 10
-5.94393
 20
0.66989
 30
0.0
 10
-5.94393
 20
0.66989
 30
0.0
  0
SPLINE
  5
41F
330
1F
100
AcDbEntity
  8
Layer 1
 62
   250
370
    25
100
AcDbSpline
210
0.0
220
0.0
230
1.0
 70
    24
 71
     3
 72
    16
 73
    12
 74
     0
 42
0.000000001
 43
0.0000000001
 40
0.0
 40
0.0
 40
0.0
 40
0.0
 40
0.25
 40
0.25
 40
0.25
 40
0.25000001
 40
0.5
 40
0.5
 40
0.5
 40
0.50000001
 40
1.0
 40
1.0
 40
1.0
 40
1.0
 10
-5.97041
 20
0.63988
 30
0.0
 10
-5.97041
 20
0.63988
 30
0.0
 10
-5.97217
 20
0.63988
 30
0.0
 10
-5.97217
 20
0.63988
 30
0.0
 10
-5.97217
 20
0.63988
 30
0.0
 10
-5.97217
 20
0.63988
 30
0.0
 10
-5.97394
 20
0.63988
 30
0.0
 10
-5.97394
 20
0.63988
 30
0.0
 10
-5.97394
 20
0.63988
 30
0.0
 10
-5.97394
 20
0.63988
 30
0.0
 10
-5.9757
 20
0.63988
 30
0.0
 10
-5.9757
 20
0.63988
 30
0.0
  0
SPLINE
  5
420
330
1F
100
AcDbEntity
  8
Layer 1
 62
   250
370
    25
100
AcDbSpline
210
0.0
220
0.0
230
1.0
 70
     8
 71
     3
 72
    36
 73
    32
 74
     0
 42
0.000000001
 43
0.0000000001
 40
0.0
 40
0.0
 40
0.0
 40
0.0
 40
0.1111111111111111
 40
0.1111111111111111
 40
0.1111111111111111
 40
0.1111111211111111
 40
0.2222222222222222
 40
0.2222222222222222
 40
0.2222222222222222
 40
0.2222222322222222
 40
0.3333333333333333
 40
0.3333333333333333
 40
0.3333333333333333
 40
0.3333333433333333
 40
0.4444444444444444
 40
0.4444444444444444
 40
0.4444444444444444
 40
0.4444444544444444
 40
0.5555555555555556
 40
0.5555555555555556
 40
0.5555555555555556
 40
0.5555555655555556
 40
0.6666666666666666
 40
0.6666666666666666
 40
0.6666666666666666
 40
0.6666666766666667
 40
0.7777777777777778
 40
0.7777777777777778
 40
0.7777777777777778
 40
0.7777777877777778
 40
1.0
 40
1.0
 40
1.0
 40
1.0
 10
-5.94569
 20
0.66989
 30
0.0
 10
-5.94569
 20
0.66989
 30
0.0
 10
-5.95099
 20
0.66812
 30
0.0
 10
-5.95099
 20
0.66812
 30
0.0
 10
-5.95099
 20
0.66812
 30
0.0
 10
-5.95099
 20
0.66812
 30
0.0
 10
-5.95628
 20
0.66812
 30
0.0
 10
-5.95628
 20
0.66812
 30
0.0
 10
-5.95628
 20
0.66812
 30
0.0
 10
-5.95628
 20
0.66812
 30
0.0
 10
-5.96158
 20
0.66459
 30
0.0
 10
-5.96158
 20
0.66459
 30
0.0
 10
-5.96158
 20
0.66459
 30
0.0
 10
-5.96158
 20
0.66459
 30
0.0
 10
-5.96688
 20
0.66106
 30
0.0
 10
-5.96688
 20
0.66106
 30
0.0
 10
-5.96688
 20
0.66106
 30
0.0
 10
-5.96688
 20
0.66106
 30
0.0
 10
-5.97041
 20
0.65577
 30
0.0
 10
-5.97041
 20
0.65577
 30
0.0
 10
-5.97041
 20
0.65577
 30
0.0
 10
-5.97041
 20
0.65577
 30
0.0
 10
-5.97217
 20
0.65047
 30
0.0
 10
-5.97217
 20
0.65047
 30
0.0
 10
-5.97217
 20
0.65047
 30
0.0
 10
-5.97217
 20
0.65047
 30
0.0
 10
-5.97394
 20
0.64517
 30
0.0
 10
-5.97394
 20
0.64517
 30
0.0
 10
-5.97394
 20
0.64517
 30
0.0
 10
-5.97394
 20
0.64517
 30
0.0
 10
-5.9757
 20
0.63988
 30
0.0
 10
-5.9757
 20
0.63988
 30
0.0
  0
SPLINE
  5
421
330
1F
100
AcDbEntity
  8
Layer 1
 62
   250
370
    25
100
AcDbSpline
210
0.0
220
0.0
230
1.0
 70
    24
 71
     3
 72
     8
 73
     4
 74
     0
 42
0.000000001
 43
0.0000000001
 40
0.0
 40
0.0
 40
0.0
 40
0.0
 40
1.0
 40
1.0
 40
1.0
 40
1.0
 10
-2.20872
 20
0.63988
 30
0.0
 10
-2.20872
 20
0.63988
 30
0.0
 10
-2.20872
 20
-1.6249
 30
0.0
 10
-2.20872
 20
-1.6249
 30
0.0
  0
SPLINE
  5
422
330
1F
100
AcDbEntity
  8
Layer 1
 62
   250
370
    25
100
AcDbSpline
210
0.0
220
0.0
230
1.0
 70
    24
 71
     3
 72
     8
 73
     4
 74
     0
 42
0.000000001
 43
0.0000000001
 40
0.0
 40
0.0
 40
0.0
 40
0.0
 40
1.0
 40
1.0
 40
1.0
 40
1.0
 10
-5.9757
 20
-1.6249
 30
0.0
 10
-5.9757
 20
-1.6249
 30
0.0
 10
-5.9757
 20
0.63988
 30
0.0
 10
-5.9757
 20
0.63988
 30
0.0
  0
SPLINE
  5
423
330
1F
100
AcDbEntity
  8
Layer 1
 62
   250
370
    25
100
AcDbSpline
210
0.0
220
0.0
230
1.0
 70
    24
 71
     3
 72
    32
 73
    28
 74
     0
 42
0.000000001
 43
0.0000000001
 40
0.0
 40
0.0
 40
0.0
 40
0.0
 40
0.125
 40
0.125
 40
0.125
 40
0.12500001
 40
0.25
 40
0.25
 40
0.25
 40
0.25000001
 40
0.375
 40
0.375
 40
0.375
 40
0.37500001
 40
0.5
 40
0.5
 40
0.5
 40
0.50000001
 40
0.625
 40
0.625
 40
0.625
 40
0.62500001
 40
0.75
 40
0.75
 40
0.75
 40
0.75000001
 40
1.0
 40
1.0
 40
1.0
 40
1.0
 10
-2.38877
 20
-1.65667
 30
0.0
 10
-2.38877
 20
-1.65667
 30
0.0
 10
-2.38171
 20
-1.65667
 30
0.0
 10
-2.38171
 20
-1.65667
 30
0.0
 10
-2.38171
 20
-1.65667
 30
0.0
 10
-2.38171
 20
-1.65667
 30
0.0
 10
-2.37641
 20
-1.65667
 30
0.0
 10
-2.37641
 20
-1.65667
 30
0.0
 10
-2.37641
 20
-1.65667
 30
0.0
 10
-2.37641
 20
-1.65667
 30
0.0
 10
-2.37111
 20
-1.65667
 30
0.0
 10
-2.37111
 20
-1.65667
 30
0.0
 10
-2.37111
 20
-1.65667
 30
0.0
 10
-2.37111
 20
-1.65667
 30
0.0
 10
-2.36759
 20
-1.65667
 30
0.0
 10
-2.36759
 20
-1.65667
 30
0.0
 10
-2.36759
 20
-1.65667
 30
0.0
 10
-2.36759
 20
-1.65667
 30
0.0
 10
-2.36405
 20
-1.65667
 30
0.0
 10
-2.36405
 20
-1.65667
 30
0.0
 10
-2.36405
 20
-1.65667
 30
0.0
 10
-2.36405
 20
-1.65667
 30
0.0
 10
-2.36053
 20
-1.65667
 30
0.0
 10
-2.36053
 20
-1.65667
 30
0.0
 10
-2.36053
 20
-1.65667
 30
0.0
 10
-2.36053
 20
-1.65667
 30
0.0
 10
-2.35876
 20
-1.65667
 30
0.0
 10
-2.35876
 20
-1.65667
 30
0.0
  0
SPLINE
  5
424
330
1F
100
AcDbEntity
  8
Layer 1
 62
   250
370
    25
100
AcDbSpline
210
0.0
220
0.0
230
1.0
 70
    24
 71
     3
 72
     8
 73
     4
 74
     0
 42
0.000000001
 43
0.0000000001
 40
0.0
 40
0.0
 40
0.0
 40
0.0
 40
1.0
 40
1.0
 40
1.0
 40
1.0
 10
-2.45938
 20
-1.65667
 30
0.0
 10
-2.45938
 20
-1.65667
 30
0.0
 10
-2.38877
 20
-1.65667
 30
0.0
 10
-2.38877
 20
-1.65667
 30
0.0
  0
SPLINE
  5
425
330
1F
100
AcDbEntity
  8
Layer 1
 62
   250
370
    25
100
AcDbSpline
210
0.0
220
0.0
230
1.0
 70
    24
 71
     3
 72
     8
 73
     4
 74
     0
 42
0.000000001
 43
0.0000000001
 40
0.0
 40
0.0
 40
0.0
 40
0.0
 40
1.0
 40
1.0
 40
1.0
 40
1.0
 10
-2.46467
 20
-1.66197
 30
0.0
 10
-2.46467
 20
-1.66197
 30
0.0
 10
-2.45938
 20
-1.65667
 30
0.0
 10
-2.45938
 20
-1.65667
 30
0.0
  0
SPLINE
  5
426
330
1F
100
AcDbEntity
  8
Layer 1
 62
   250
370
    25
100
AcDbSpline
210
0.0
220
0.0
230
1.0
 70
    24
 71
     3
 72
     8
 73
     4
 74
     0
 42
0.000000001
 43
0.0000000001
 40
0.0
 40
0.0
 40
0.0
 40
0.0
 40
1.0
 40
1.0
 40
1.0
 40
1.0
 10
-2.46467
 20
-1.66197
 30
0.0
 10
-2.46467
 20
-1.66197
 30
0.0
 10
-5.71975
 20
-1.66197
 30
0.0
 10
-5.71975
 20
-1.66197
 30
0.0
  0
SPLINE
  5
427
330
1F
100
AcDbEntity
  8
Layer 1
 62
   250
370
    25
100
AcDbSpline
210
0.0
220
0.0
230
1.0
 70
    24
 71
     3
 72
     8
 73
     4
 74
     0
 42
0.000000001
 43
0.0000000001
 40
0.0
 40
0.0
 40
0.0
 40
0.0
 40
1.0
 40
1.0
 40
1.0
 40
1.0
 10
-5.72327
 20
-1.65667
 30
0.0
 10
-5.72327
 20
-1.65667
 30
0.0
 10
-5.71975
 20
-1.66197
 30
0.0
 10
-5.71975
 20
-1.66197
 30
0.0
  0
SPLINE
  5
428
330
1F
100
AcDbEntity
  8
Layer 1
 62
   250
370
    25
100
AcDbSpline
210
0.0
220
0.0
230
1.0
 70
    24
 71
     3
 72
     8
 73
     4
 74
     0
 42
0.000000001
 43
0.0000000001
 40
0.0
 40
0.0
 40
0.0
 40
0.0
 40
1.0
 40
1.0
 40
1.0
 40
1.0
 10
-5.79565
 20
-1.65667
 30
0.0
 10
-5.79565
 20
-1.65667
 30
0.0
 10
-5.72327
 20
-1.65667
 30
0.0
 10
-5.72327
 20
-1.65667
 30
0.0
  0
SPLINE
  5
429
330
1F
100
AcDbEntity
  8
Layer 1
 62
   250
370
    25
100
AcDbSpline
210
0.0
220
0.0
230
1.0
 70
    24
 71
     3
 72
    36
 73
    32
 74
     0
 42
0.000000001
 43
0.0000000001
 40
0.0
 40
0.0
 40
0.0
 40
0.0
 40
0.1111111111111111
 40
0.1111111111111111
 40
0.1111111111111111
 40
0.1111111211111111
 40
0.2222222222222222
 40
0.2222222222222222
 40
0.2222222222222222
 40
0.2222222322222222
 40
0.3333333333333333
 40
0.3333333333333333
 40
0.3333333333333333
 40
0.3333333433333333
 40
0.4444444444444444
 40
0.4444444444444444
 40
0.4444444444444444
 40
0.4444444544444444
 40
0.5555555555555556
 40
0.5555555555555556
 40
0.5555555555555556
 40
0.5555555655555556
 40
0.6666666666666666
 40
0.6666666666666666
 40
0.6666666666666666
 40
0.6666666766666667
 40
0.7777777777777778
 40
0.7777777777777778
 40
0.7777777777777778
 40
0.7777777877777778
 40
1.0
 40
1.0
 40
1.0
 40
1.0
 10
-5.82566
 20
-1.65667
 30
0.0
 10
-5.82566
 20
-1.65667
 30
0.0
 10
-5.82566
 20
-1.65667
 30
0.0
 10
-5.82566
 20
-1.65667
 30
0.0
 10
-5.82566
 20
-1.65667
 30
0.0
 10
-5.82566
 20
-1.65667
 30
0.0
 10
-5.82389
 20
-1.65667
 30
0.0
 10
-5.82389
 20
-1.65667
 30
0.0
 10
-5.82389
 20
-1.65667
 30
0.0
 10
-5.82389
 20
-1.65667
 30
0.0
 10
-5.82036
 20
-1.65667
 30
0.0
 10
-5.82036
 20
-1.65667
 30
0.0
 10
-5.82036
 20
-1.65667
 30
0.0
 10
-5.82036
 20
-1.65667
 30
0.0
 10
-5.81683
 20
-1.65667
 30
0.0
 10
-5.81683
 20
-1.65667
 30
0.0
 10
-5.81683
 20
-1.65667
 30
0.0
 10
-5.81683
 20
-1.65667
 30
0.0
 10
-5.8133
 20
-1.65667
 30
0.0
 10
-5.8133
 20
-1.65667
 30
0.0
 10
-5.8133
 20
-1.65667
 30
0.0
 10
-5.8133
 20
-1.65667
 30
0.0
 10
-5.80801
 20
-1.65667
 30
0.0
 10
-5.80801
 20
-1.65667
 30
0.0
 10
-5.80801
 20
-1.65667
 30
0.0
 10
-5.80801
 20
-1.65667
 30
0.0
 10
-5.80271
 20
-1.65667
 30
0.0
 10
-5.80271
 20
-1.65667
 30
0.0
 10
-5.80271
 20
-1.65667
 30
0.0
 10
-5.80271
 20
-1.65667
 30
0.0
 10
-5.79565
 20
-1.65667
 30
0.0
 10
-5.79565
 20
-1.65667
 30
0.0
  0
SPLINE
  5
42A
330
1F
100
AcDbEntity
  8
Layer 1
 62
   250
370
    25
100
AcDbSpline
210
0.0
220
0.0
230
1.0
 70
    24
 71
     3
 72
     8
 73
     4
 74
     0
 42
0.000000001
 43
0.0000000001
 40
0.0
 40
0.0
 40
0.0
 40
0.0
 40
1.0
 40
1.0
 40
1.0
 40
1.0
 10
-5.83272
 20
-1.66373
 30
0.0
 10
-5.83272
 20
-1.66373
 30
0.0
 10
-5.95275
 20
-1.66373
 30
0.0
 10
-5.95275
 20
-1.66373
 30
0.0
  0
SPLINE
  5
42B
330
1F
100
AcDbEntity
  8
Layer 1
 62
   250
370
    25
100
AcDbSpline
210
0.0
220
0.0
230
1.0
 70
    24
 71
     3
 72
     8
 73
     4
 74
     0
 42
0.000000001
 43
0.0000000001
 40
0.0
 40
0.0
 40
0.0
 40
0.0
 40
1.0
 40
1.0
 40
1.0
 40
1.0
 10
-5.94569
 20
-1.65491
 30
0.0
 10
-5.94569
 20
-1.65491
 30
0.0
 10
-5.95275
 20
-1.66373
 30
0.0
 10
-5.95275
 20
-1.66373
 30
0.0
  0
SPLINE
  5
42C
330
1F
100
AcDbEntity
  8
Layer 1
 62
   250
370
    25
100
AcDbSpline
210
0.0
220
0.0
230
1.0
 70
    24
 71
     3
 72
     8
 73
     4
 74
     0
 42
0.000000001
 43
0.0000000001
 40
0.0
 40
0.0
 40
0.0
 40
0.0
 40
1.0
 40
1.0
 40
1.0
 40
1.0
 10
-2.2299
 20
-1.66373
 30
0.0
 10
-2.2299
 20
-1.66373
 30
0.0
 10
-2.23872
 20
-1.65491
 30
0.0
 10
-2.23872
 20
-1.65491
 30
0.0
  0
SPLINE
  5
42D
330
1F
100
AcDbEntity
  8
Layer 1
 62
   250
370
    25
100
AcDbSpline
210
0.0
220
0.0
230
1.0
 70
    24
 71
     3
 72
     8
 73
     4
 74
     0
 42
0.000000001
 43
0.0000000001
 40
0.0
 40
0.0
 40
0.0
 40
0.0
 40
1.0
 40
1.0
 40
1.0
 40
1.0
 10
-2.2299
 20
-1.66373
 30
0.0
 10
-2.2299
 20
-1.66373
 30
0.0
 10
-2.3517
 20
-1.66373
 30
0.0
 10
-2.3517
 20
-1.66373
 30
0.0
  0
SPLINE
  5
42E
330
1F
100
AcDbEntity
  8
Layer 1
 62
   250
370
    25
100
AcDbSpline
210
0.0
220
0.0
230
1.0
 70
    24
 71
     3
 72
     8
 73
     4
 74
     0
 42
0.000000001
 43
0.0000000001
 40
0.0
 40
0.0
 40
0.0
 40
0.0
 40
1.0
 40
1.0
 40
1.0
 40
1.0
 10
-5.82566
 20
-1.65667
 30
0.0
 10
-5.82566
 20
-1.65667
 30
0.0
 10
-5.83272
 20
-1.66373
 30
0.0
 10
-5.83272
 20
-1.66373
 30
0.0
  0
SPLINE
  5
42F
330
1F
100
AcDbEntity
  8
Layer 1
 62
   250
370
    25
100
AcDbSpline
210
0.0
220
0.0
230
1.0
 70
    24
 71
     3
 72
     8
 73
     4
 74
     0
 42
0.000000001
 43
0.0000000001
 40
0.0
 40
0.0
 40
0.0
 40
0.0
 40
1.0
 40
1.0
 40
1.0
 40
1.0
 10
-2.3517
 20
-1.66373
 30
0.0
 10
-2.3517
 20
-1.66373
 30
0.0
 10
-2.35876
 20
-1.65667
 30
0.0
 10
-2.35876
 20
-1.65667
 30
0.0
  0
SPLINE
  5
430
330
1F
100
AcDbEntity
  8
Layer 1
 62
   250
370
    25
100
AcDbSpline
210
0.0
220
0.0
230
1.0
 70
    24
 71
     3
 72
     8
 73
     4
 74
     0
 42
0.000000001
 43
0.0000000001
 40
0.0
 40
0.0
 40
0.0
 40
0.0
 40
1.0
 40
1.0
 40
1.0
 40
1.0
 10
-5.95275
 20
0.67871
 30
0.0
 10
-5.95275
 20
0.67871
 30
0.0
 10
-5.94569
 20
0.66989
 30
0.0
 10
-5.94569
 20
0.66989
 30
0.0
  0
SPLINE
  5
431
330
1F
100
AcDbEntity
  8
Layer 1
 62
   250
370
    25
100
AcDbSpline
210
0.0
220
0.0
230
1.0
 70
    24
 71
     3
 72
     8
 73
     4
 74
     0
 42
0.000000001
 43
0.0000000001
 40
0.0
 40
0.0
 40
0.0
 40
0.0
 40
1.0
 40
1.0
 40
1.0
 40
1.0
 10
-5.83272
 20
0.67871
 30
0.0
 10
-5.83272
 20
0.67871
 30
0.0
 10
-5.95275
 20
0.67871
 30
0.0
 10
-5.95275
 20
0.67871
 30
0.0
  0
SPLINE
  5
432
330
1F
100
AcDbEntity
  8
Layer 1
 62
   250
370
    25
100
AcDbSpline
210
0.0
220
0.0
230
1.0
 70
    24
 71
     3
 72
    32
 73
    28
 74
     0
 42
0.000000001
 43
0.0000000001
 40
0.0
 40
0.0
 40
0.0
 40
0.0
 40
0.125
 40
0.125
 40
0.125
 40
0.12500001
 40
0.25
 40
0.25
 40
0.25
 40
0.25000001
 40
0.375
 40
0.375
 40
0.375
 40
0.37500001
 40
0.5
 40
0.5
 40
0.5
 40
0.50000001
 40
0.625
 40
0.625
 40
0.625
 40
0.62500001
 40
0.75
 40
0.75
 40
0.75
 40
0.75000001
 40
1.0
 40
1.0
 40
1.0
 40
1.0
 10
-5.79565
 20
0.66989
 30
0.0
 10
-5.79565
 20
0.66989
 30
0.0
 10
-5.80271
 20
0.66989
 30
0.0
 10
-5.80271
 20
0.66989
 30
0.0
 10
-5.80271
 20
0.66989
 30
0.0
 10
-5.80271
 20
0.66989
 30
0.0
 10
-5.80801
 20
0.66989
 30
0.0
 10
-5.80801
 20
0.66989
 30
0.0
 10
-5.80801
 20
0.66989
 30
0.0
 10
-5.80801
 20
0.66989
 30
0.0
 10
-5.8133
 20
0.66989
 30
0.0
 10
-5.8133
 20
0.66989
 30
0.0
 10
-5.8133
 20
0.66989
 30
0.0
 10
-5.8133
 20
0.66989
 30
0.0
 10
-5.81683
 20
0.66989
 30
0.0
 10
-5.81683
 20
0.66989
 30
0.0
 10
-5.81683
 20
0.66989
 30
0.0
 10
-5.81683
 20
0.66989
 30
0.0
 10
-5.82036
 20
0.66989
 30
0.0
 10
-5.82036
 20
0.66989
 30
0.0
 10
-5.82036
 20
0.66989
 30
0.0
 10
-5.82036
 20
0.66989
 30
0.0
 10
-5.82389
 20
0.66989
 30
0.0
 10
-5.82389
 20
0.66989
 30
0.0
 10
-5.82389
 20
0.66989
 30
0.0
 10
-5.82389
 20
0.66989
 30
0.0
 10
-5.82566
 20
0.66989
 30
0.0
 10
-5.82566
 20
0.66989
 30
0.0
  0
SPLINE
  5
433
330
1F
100
AcDbEntity
  8
Layer 1
 62
   250
370
    25
100
AcDbSpline
210
0.0
220
0.0
230
1.0
 70
    24
 71
     3
 72
     8
 73
     4
 74
     0
 42
0.000000001
 43
0.0000000001
 40
0.0
 40
0.0
 40
0.0
 40
0.0
 40
1.0
 40
1.0
 40
1.0
 40
1.0
 10
-5.79565
 20
0.66989
 30
0.0
 10
-5.79565
 20
0.66989
 30
0.0
 10
-5.72327
 20
0.66989
 30
0.0
 10
-5.72327
 20
0.66989
 30
0.0
  0
SPLINE
  5
434
330
1F
100
AcDbEntity
  8
Layer 1
 62
   250
370
    25
100
AcDbSpline
210
0.0
220
0.0
230
1.0
 70
    24
 71
     3
 72
     8
 73
     4
 74
     0
 42
0.000000001
 43
0.0000000001
 40
0.0
 40
0.0
 40
0.0
 40
0.0
 40
1.0
 40
1.0
 40
1.0
 40
1.0
 10
-5.72327
 20
0.66989
 30
0.0
 10
-5.72327
 20
0.66989
 30
0.0
 10
-5.71975
 20
0.67518
 30
0.0
 10
-5.71975
 20
0.67518
 30
0.0
  0
SPLINE
  5
435
330
1F
100
AcDbEntity
  8
Layer 1
 62
   250
370
    25
100
AcDbSpline
210
0.0
220
0.0
230
1.0
 70
    24
 71
     3
 72
     8
 73
     4
 74
     0
 42
0.000000001
 43
0.0000000001
 40
0.0
 40
0.0
 40
0.0
 40
0.0
 40
1.0
 40
1.0
 40
1.0
 40
1.0
 10
-5.71975
 20
0.67518
 30
0.0
 10
-5.71975
 20
0.67518
 30
0.0
 10
-2.46467
 20
0.67518
 30
0.0
 10
-2.46467
 20
0.67518
 30
0.0
  0
SPLINE
  5
436
330
1F
100
AcDbEntity
  8
Layer 1
 62
   250
370
    25
100
AcDbSpline
210
0.0
220
0.0
230
1.0
 70
    24
 71
     3
 72
     8
 73
     4
 74
     0
 42
0.000000001
 43
0.0000000001
 40
0.0
 40
0.0
 40
0.0
 40
0.0
 40
1.0
 40
1.0
 40
1.0
 40
1.0
 10
-2.46467
 20
0.67518
 30
0.0
 10
-2.46467
 20
0.67518
 30
0.0
 10
-2.45938
 20
0.66989
 30
0.0
 10
-2.45938
 20
0.66989
 30
0.0
  0
SPLINE
  5
437
330
1F
100
AcDbEntity
  8
Layer 1
 62
   250
370
    25
100
AcDbSpline
210
0.0
220
0.0
230
1.0
 70
    24
 71
     3
 72
     8
 73
     4
 74
     0
 42
0.000000001
 43
0.0000000001
 40
0.0
 40
0.0
 40
0.0
 40
0.0
 40
1.0
 40
1.0
 40
1.0
 40
1.0
 10
-2.45938
 20
0.66989
 30
0.0
 10
-2.45938
 20
0.66989
 30
0.0
 10
-2.38877
 20
0.66989
 30
0.0
 10
-2.38877
 20
0.66989
 30
0.0
  0
SPLINE
  5
438
330
1F
100
AcDbEntity
  8
Layer 1
 62
   250
370
    25
100
AcDbSpline
210
0.0
220
0.0
230
1.0
 70
    24
 71
     3
 72
    36
 73
    32
 74
     0
 42
0.000000001
 43
0.0000000001
 40
0.0
 40
0.0
 40
0.0
 40
0.0
 40
0.1111111111111111
 40
0.1111111111111111
 40
0.1111111111111111
 40
0.1111111211111111
 40
0.2222222222222222
 40
0.2222222222222222
 40
0.2222222222222222
 40
0.2222222322222222
 40
0.3333333333333333
 40
0.3333333333333333
 40
0.3333333333333333
 40
0.3333333433333333
 40
0.4444444444444444
 40
0.4444444444444444
 40
0.4444444444444444
 40
0.4444444544444444
 40
0.5555555555555556
 40
0.5555555555555556
 40
0.5555555555555556
 40
0.5555555655555556
 40
0.6666666666666666
 40
0.6666666666666666
 40
0.6666666666666666
 40
0.6666666766666667
 40
0.7777777777777778
 40
0.7777777777777778
 40
0.7777777777777778
 40
0.7777777877777778
 40
1.0
 40
1.0
 40
1.0
 40
1.0
 10
-2.35876
 20
0.66989
 30
0.0
 10
-2.35876
 20
0.66989
 30
0.0
 10
-2.35876
 20
0.66989
 30
0.0
 10
-2.35876
 20
0.66989
 30
0.0
 10
-2.35876
 20
0.66989
 30
0.0
 10
-2.35876
 20
0.66989
 30
0.0
 10
-2.36053
 20
0.66989
 30
0.0
 10
-2.36053
 20
0.66989
 30
0.0
 10
-2.36053
 20
0.66989
 30
0.0
 10
-2.36053
 20
0.66989
 30
0.0
 10
-2.36405
 20
0.66989
 30
0.0
 10
-2.36405
 20
0.66989
 30
0.0
 10
-2.36405
 20
0.66989
 30
0.0
 10
-2.36405
 20
0.66989
 30
0.0
 10
-2.36759
 20
0.66989
 30
0.0
 10
-2.36759
 20
0.66989
 30
0.0
 10
-2.36759
 20
0.66989
 30
0.0
 10
-2.36759
 20
0.66989
 30
0.0
 10
-2.37111
 20
0.66989
 30
0.0
 10
-2.37111
 20
0.66989
 30
0.0
 10
-2.37111
 20
0.66989
 30
0.0
 10
-2.37111
 20
0.66989
 30
0.0
 10
-2.37641
 20
0.66989
 30
0.0
 10
-2.37641
 20
0.66989
 30
0.0
 10
-2.37641
 20
0.66989
 30
0.0
 10
-2.37641
 20
0.66989
 30
0.0
 10
-2.38171
 20
0.66989
 30
0.0
 10
-2.38171
 20
0.66989
 30
0.0
 10
-2.38171
 20
0.66989
 30
0.0
 10
-2.38171
 20
0.66989
 30
0.0
 10
-2.38877
 20
0.66989
 30
0.0
 10
-2.38877
 20
0.66989
 30
0.0
  0
SPLINE
  5
439
330
1F
100
AcDbEntity
  8
Layer 1
 62
   250
370
    25
100
AcDbSpline
210
0.0
220
0.0
230
1.0
 70
    24
 71
     3
 72
     8
 73
     4
 74
     0
 42
0.000000001
 43
0.0000000001
 40
0.0
 40
0.0
 40
0.0
 40
0.0
 40
1.0
 40
1.0
 40
1.0
 40
1.0
 10
-2.2299
 20
0.67871
 30
0.0
 10
-2.2299
 20
0.67871
 30
0.0
 10
-2.3517
 20
0.67871
 30
0.0
 10
-2.3517
 20
0.67871
 30
0.0
  0
SPLINE
  5
43A
330
1F
100
AcDbEntity
  8
Layer 1
 62
   250
370
    25
100
AcDbSpline
210
0.0
220
0.0
230
1.0
 70
    24
 71
     3
 72
     8
 73
     4
 74
     0
 42
0.000000001
 43
0.0000000001
 40
0.0
 40
0.0
 40
0.0
 40
0.0
 40
1.0
 40
1.0
 40
1.0
 40
1.0
 10
-2.23872
 20
0.66989
 30
0.0
 10
-2.23872
 20
0.66989
 30
0.0
 10
-2.2299
 20
0.67871
 30
0.0
 10
-2.2299
 20
0.67871
 30
0.0
  0
SPLINE
  5
43B
330
1F
100
AcDbEntity
  8
Layer 1
 62
   250
370
    25
100
AcDbSpline
210
0.0
220
0.0
230
1.0
 70
    24
 71
     3
 72
     8
 73
     4
 74
     0
 42
0.000000001
 43
0.0000000001
 40
0.0
 40
0.0
 40
0.0
 40
0.0
 40
1.0
 40
1.0
 40
1.0
 40
1.0
 10
-5.83272
 20
0.67871
 30
0.0
 10
-5.83272
 20
0.67871
 30
0.0
 10
-5.82566
 20
0.66989
 30
0.0
 10
-5.82566
 20
0.66989
 30
0.0
  0
SPLINE
  5
43C
330
1F
100
AcDbEntity
  8
Layer 1
 62
   250
370
    25
100
AcDbSpline
210
0.0
220
0.0
230
1.0
 70
    24
 71
     3
 72
     8
 73
     4
 74
     0
 42
0.000000001
 43
0.0000000001
 40
0.0
 40
0.0
 40
0.0
 40
0.0
 40
1.0
 40
1.0
 40
1.0
 40
1.0
 10
-2.35876
 20
0.66989
 30
0.0
 10
-2.35876
 20
0.66989
 30
0.0
 10
-2.3517
 20
0.67871
 30
0.0
 10
-2.3517
 20
0.67871
 30
0.0
  0
SPLINE
  5
43D
330
1F
100
AcDbEntity
  8
Layer 1
 62
   250
370
    25
100
AcDbSpline
210
0.0
220
0.0
230
1.0
 70
    24
 71
     3
 72
     8
 73
     4
 74
     0
 42
0.000000001
 43
0.0000000001
 40
0.0
 40
0.0
 40
0.0
 40
0.0
 40
1.0
 40
1.0
 40
1.0
 40
1.0
 10
-2.19989
 20
0.64871
 30
0.0
 10
-2.19989
 20
0.64871
 30
0.0
 10
-2.20872
 20
0.63988
 30
0.0
 10
-2.20872
 20
0.63988
 30
0.0
  0
SPLINE
  5
43E
330
1F
100
AcDbEntity
  8
Layer 1
 62
   250
370
    25
100
AcDbSpline
210
0.0
220
0.0
230
1.0
 70
     8
 71
     3
 72
    36
 73
    32
 74
     0
 42
0.000000001
 43
0.0000000001
 40
0.0
 40
0.0
 40
0.0
 40
0.0
 40
0.1111111111111111
 40
0.1111111111111111
 40
0.1111111111111111
 40
0.1111111211111111
 40
0.2222222222222222
 40
0.2222222222222222
 40
0.2222222222222222
 40
0.2222222322222222
 40
0.3333333333333333
 40
0.3333333333333333
 40
0.3333333333333333
 40
0.3333333433333333
 40
0.4444444444444444
 40
0.4444444444444444
 40
0.4444444444444444
 40
0.4444444544444444
 40
0.5555555555555556
 40
0.5555555555555556
 40
0.5555555555555556
 40
0.5555555655555556
 40
0.6666666666666666
 40
0.6666666666666666
 40
0.6666666666666666
 40
0.6666666766666667
 40
0.7777777777777778
 40
0.7777777777777778
 40
0.7777777777777778
 40
0.7777777877777778
 40
1.0
 40
1.0
 40
1.0
 40
1.0
 10
-2.2299
 20
0.67871
 30
0.0
 10
-2.2299
 20
0.67871
 30
0.0
 10
-2.2246
 20
0.67695
 30
0.0
 10
-2.2246
 20
0.67695
 30
0.0
 10
-2.2246
 20
0.67695
 30
0.0
 10
-2.2246
 20
0.67695
 30
0.0
 10
-2.2193
 20
0.67518
 30
0.0
 10
-2.2193
 20
0.67518
 30
0.0
 10
-2.2193
 20
0.67518
 30
0.0
 10
-2.2193
 20
0.67518
 30
0.0
 10
-2.21401
 20
0.67342
 30
0.0
 10
-2.21401
 20
0.67342
 30
0.0
 10
-2.21401
 20
0.67342
 30
0.0
 10
-2.21401
 20
0.67342
 30
0.0
 10
-2.20872
 20
0.66989
 30
0.0
 10
-2.20872
 20
0.66989
 30
0.0
 10
-2.20872
 20
0.66989
 30
0.0
 10
-2.20872
 20
0.66989
 30
0.0
 10
-2.20518
 20
0.66459
 30
0.0
 10
-2.20518
 20
0.66459
 30
0.0
 10
-2.20518
 20
0.66459
 30
0.0
 10
-2.20518
 20
0.66459
 30
0.0
 10
-2.20342
 20
0.6593
 30
0.0
 10
-2.20342
 20
0.6593
 30
0.0
 10
-2.20342
 20
0.6593
 30
0.0
 10
-2.20342
 20
0.6593
 30
0.0
 10
-2.20166
 20
0.654
 30
0.0
 10
-2.20166
 20
0.654
 30
0.0
 10
-2.20166
 20
0.654
 30
0.0
 10
-2.20166
 20
0.654
 30
0.0
 10
-2.19989
 20
0.64871
 30
0.0
 10
-2.19989
 20
0.64871
 30
0.0
  0
SPLINE
  5
43F
330
1F
100
AcDbEntity
  8
Layer 1
 62
   250
370
    25
100
AcDbSpline
210
0.0
220
0.0
230
1.0
 70
    24
 71
     3
 72
     8
 73
     4
 74
     0
 42
0.000000001
 43
0.0000000001
 40
0.0
 40
0.0
 40
0.0
 40
0.0
 40
1.0
 40
1.0
 40
1.0
 40
1.0
 10
-2.20872
 20
-1.6249
 30
0.0
 10
-2.20872
 20
-1.6249
 30
0.0
 10
-2.19989
 20
-1.63373
 30
0.0
 10
-2.19989
 20
-1.63373
 30
0.0
  0
SPLINE
  5
440
330
1F
100
AcDbEntity
  8
Layer 1
 62
   250
370
    25
100
AcDbSpline
210
0.0
220
0.0
230
1.0
 70
     8
 71
     3
 72
    36
 73
    32
 74
     0
 42
0.000000001
 43
0.0000000001
 40
0.0
 40
0.0
 40
0.0
 40
0.0
 40
0.1111111111111111
 40
0.1111111111111111
 40
0.1111111111111111
 40
0.1111111211111111
 40
0.2222222222222222
 40
0.2222222222222222
 40
0.2222222222222222
 40
0.2222222322222222
 40
0.3333333333333333
 40
0.3333333333333333
 40
0.3333333333333333
 40
0.3333333433333333
 40
0.4444444444444444
 40
0.4444444444444444
 40
0.4444444444444444
 40
0.4444444544444444
 40
0.5555555555555556
 40
0.5555555555555556
 40
0.5555555555555556
 40
0.5555555655555556
 40
0.6666666666666666
 40
0.6666666666666666
 40
0.6666666666666666
 40
0.6666666766666667
 40
0.7777777777777778
 40
0.7777777777777778
 40
0.7777777777777778
 40
0.7777777877777778
 40
1.0
 40
1.0
 40
1.0
 40
1.0
 10
-2.19989
 20
-1.63373
 30
0.0
 10
-2.19989
 20
-1.63373
 30
0.0
 10
-2.20166
 20
-1.63902
 30
0.0
 10
-2.20166
 20
-1.63902
 30
0.0
 10
-2.20166
 20
-1.63902
 30
0.0
 10
-2.20166
 20
-1.63902
 30
0.0
 10
-2.20342
 20
-1.64608
 30
0.0
 10
-2.20342
 20
-1.64608
 30
0.0
 10
-2.20342
 20
-1.64608
 30
0.0
 10
-2.20342
 20
-1.64608
 30
0.0
 10
-2.20518
 20
-1.65138
 30
0.0
 10
-2.20518
 20
-1.65138
 30
0.0
 10
-2.20518
 20
-1.65138
 30
0.0
 10
-2.20518
 20
-1.65138
 30
0.0
 10
-2.20872
 20
-1.65491
 30
0.0
 10
-2.20872
 20
-1.65491
 30
0.0
 10
-2.20872
 20
-1.65491
 30
0.0
 10
-2.20872
 20
-1.65491
 30
0.0
 10
-2.21401
 20
-1.65844
 30
0.0
 10
-2.21401
 20
-1.65844
 30
0.0
 10
-2.21401
 20
-1.65844
 30
0.0
 10
-2.21401
 20
-1.65844
 30
0.0
 10
-2.2193
 20
-1.66197
 30
0.0
 10
-2.2193
 20
-1.66197
 30
0.0
 10
-2.2193
 20
-1.66197
 30
0.0
 10
-2.2193
 20
-1.66197
 30
0.0
 10
-2.2246
 20
-1.66373
 30
0.0
 10
-2.2246
 20
-1.66373
 30
0.0
 10
-2.2246
 20
-1.66373
 30
0.0
 10
-2.2246
 20
-1.66373
 30
0.0
 10
-2.2299
 20
-1.66373
 30
0.0
 10
-2.2299
 20
-1.66373
 30
0.0
  0
SPLINE
  5
441
330
1F
100
AcDbEntity
  8
Layer 1
 62
   250
370
    25
100
AcDbSpline
210
0.0
220
0.0
230
1.0
 70
    24
 71
     3
 72
     8
 73
     4
 74
     0
 42
0.000000001
 43
0.0000000001
 40
0.0
 40
0.0
 40
0.0
 40
0.0
 40
1.0
 40
1.0
 40
1.0
 40
1.0
 10
-5.9757
 20
0.63988
 30
0.0
 10
-5.9757
 20
0.63988
 30
0.0
 10
-5.98276
 20
0.64871
 30
0.0
 10
-5.98276
 20
0.64871
 30
0.0
  0
SPLINE
  5
442
330
1F
100
AcDbEntity
  8
Layer 1
 62
   250
370
    25
100
AcDbSpline
210
0.0
220
0.0
230
1.0
 70
     8
 71
     3
 72
    36
 73
    32
 74
     0
 42
0.000000001
 43
0.0000000001
 40
0.0
 40
0.0
 40
0.0
 40
0.0
 40
0.1111111111111111
 40
0.1111111111111111
 40
0.1111111111111111
 40
0.1111111211111111
 40
0.2222222222222222
 40
0.2222222222222222
 40
0.2222222222222222
 40
0.2222222322222222
 40
0.3333333333333333
 40
0.3333333333333333
 40
0.3333333333333333
 40
0.3333333433333333
 40
0.4444444444444444
 40
0.4444444444444444
 40
0.4444444444444444
 40
0.4444444544444444
 40
0.5555555555555556
 40
0.5555555555555556
 40
0.5555555555555556
 40
0.5555555655555556
 40
0.6666666666666666
 40
0.6666666666666666
 40
0.6666666666666666
 40
0.6666666766666667
 40
0.7777777777777778
 40
0.7777777777777778
 40
0.7777777777777778
 40
0.7777777877777778
 40
1.0
 40
1.0
 40
1.0
 40
1.0
 10
-5.98276
 20
0.64871
 30
0.0
 10
-5.98276
 20
0.64871
 30
0.0
 10
-5.98276
 20
0.654
 30
0.0
 10
-5.98276
 20
0.654
 30
0.0
 10
-5.98276
 20
0.654
 30
0.0
 10
-5.98276
 20
0.654
 30
0.0
 10
-5.981
 20
0.6593
 30
0.0
 10
-5.981
 20
0.6593
 30
0.0
 10
-5.981
 20
0.6593
 30
0.0
 10
-5.981
 20
0.6593
 30
0.0
 10
-5.97923
 20
0.66459
 30
0.0
 10
-5.97923
 20
0.66459
 30
0.0
 10
-5.97923
 20
0.66459
 30
0.0
 10
-5.97923
 20
0.66459
 30
0.0
 10
-5.97394
 20
0.66989
 30
0.0
 10
-5.97394
 20
0.66989
 30
0.0
 10
-5.97394
 20
0.66989
 30
0.0
 10
-5.97394
 20
0.66989
 30
0.0
 10
-5.97041
 20
0.67342
 30
0.0
 10
-5.97041
 20
0.67342
 30
0.0
 10
-5.97041
 20
0.67342
 30
0.0
 10
-5.97041
 20
0.67342
 30
0.0
 10
-5.96511
 20
0.67518
 30
0.0
 10
-5.96511
 20
0.67518
 30
0.0
 10
-5.96511
 20
0.67518
 30
0.0
 10
-5.96511
 20
0.67518
 30
0.0
 10
-5.95982
 20
0.67695
 30
0.0
 10
-5.95982
 20
0.67695
 30
0.0
 10
-5.95982
 20
0.67695
 30
0.0
 10
-5.95982
 20
0.67695
 30
0.0
 10
-5.95275
 20
0.67871
 30
0.0
 10
-5.95275
 20
0.67871
 30
0.0
  0
SPLINE
  5
443
330
1F
100
AcDbEntity
  8
Layer 1
 62
   250
370
    25
100
AcDbSpline
210
0.0
220
0.0
230
1.0
 70
    24
 71
     3
 72
     8
 73
     4
 74
     0
 42
0.000000001
 43
0.0000000001
 40
0.0
 40
0.0
 40
0.0
 40
0.0
 40
1.0
 40
1.0
 40
1.0
 40
1.0
 10
-5.98276
 20
-1.63373
 30
0.0
 10
-5.98276
 20
-1.63373
 30
0.0
 10
-5.9757
 20
-1.6249
 30
0.0
 10
-5.9757
 20
-1.6249
 30
0.0
  0
SPLINE
  5
444
330
1F
100
AcDbEntity
  8
Layer 1
 62
   250
370
    25
100
AcDbSpline
210
0.0
220
0.0
230
1.0
 70
     8
 71
     3
 72
    36
 73
    32
 74
     0
 42
0.000000001
 43
0.0000000001
 40
0.0
 40
0.0
 40
0.0
 40
0.0
 40
0.1111111111111111
 40
0.1111111111111111
 40
0.1111111111111111
 40
0.1111111211111111
 40
0.2222222222222222
 40
0.2222222222222222
 40
0.2222222222222222
 40
0.2222222322222222
 40
0.3333333333333333
 40
0.3333333333333333
 40
0.3333333333333333
 40
0.3333333433333333
 40
0.4444444444444444
 40
0.4444444444444444
 40
0.4444444444444444
 40
0.4444444544444444
 40
0.5555555555555556
 40
0.5555555555555556
 40
0.5555555555555556
 40
0.5555555655555556
 40
0.6666666666666666
 40
0.6666666666666666
 40
0.6666666666666666
 40
0.6666666766666667
 40
0.7777777777777778
 40
0.7777777777777778
 40
0.7777777777777778
 40
0.7777777877777778
 40
1.0
 40
1.0
 40
1.0
 40
1.0
 10
-5.95275
 20
-1.66373
 30
0.0
 10
-5.95275
 20
-1.66373
 30
0.0
 10
-5.95982
 20
-1.66373
 30
0.0
 10
-5.95982
 20
-1.66373
 30
0.0
 10
-5.95982
 20
-1.66373
 30
0.0
 10
-5.95982
 20
-1.66373
 30
0.0
 10
-5.96511
 20
-1.66197
 30
0.0
 10
-5.96511
 20
-1.66197
 30
0.0
 10
-5.96511
 20
-1.66197
 30
0.0
 10
-5.96511
 20
-1.66197
 30
0.0
 10
-5.97041
 20
-1.65844
 30
0.0
 10
-5.97041
 20
-1.65844
 30
0.0
 10
-5.97041
 20
-1.65844
 30
0.0
 10
-5.97041
 20
-1.65844
 30
0.0
 10
-5.97394
 20
-1.65491
 30
0.0
 10
-5.97394
 20
-1.65491
 30
0.0
 10
-5.97394
 20
-1.65491
 30
0.0
 10
-5.97394
 20
-1.65491
 30
0.0
 10
-5.97923
 20
-1.65138
 30
0.0
 10
-5.97923
 20
-1.65138
 30
0.0
 10
-5.97923
 20
-1.65138
 30
0.0
 10
-5.97923
 20
-1.65138
 30
0.0
 10
-5.981
 20
-1.64608
 30
0.0
 10
-5.981
 20
-1.64608
 30
0.0
 10
-5.981
 20
-1.64608
 30
0.0
 10
-5.981
 20
-1.64608
 30
0.0
 10
-5.98276
 20
-1.63902
 30
0.0
 10
-5.98276
 20
-1.63902
 30
0.0
 10
-5.98276
 20
-1.63902
 30
0.0
 10
-5.98276
 20
-1.63902
 30
0.0
 10
-5.98276
 20
-1.63373
 30
0.0
 10
-5.98276
 20
-1.63373
 30
0.0
  0
SPLINE
  5
445
330
1F
100
AcDbEntity
  8
Layer 1
 62
   250
370
    25
100
AcDbSpline
210
0.0
220
0.0
230
1.0
 70
    24
 71
     3
 72
     8
 73
     4
 74
     0
 42
0.000000001
 43
0.0000000001
 40
0.0
 40
0.0
 40
0.0
 40
0.0
 40
1.0
 40
1.0
 40
1.0
 40
1.0
 10
-2.20342
 20
-1.5896
 30
0.0
 10
-2.20342
 20
-1.5896
 30
0.0
 10
-2.20342
 20
-1.09357
 30
0.0
 10
-2.20342
 20
-1.09357
 30
0.0
  0
SPLINE
  5
446
330
1F
100
AcDbEntity
  8
Layer 1
 62
   250
370
    25
100
AcDbSpline
210
0.0
220
0.0
230
1.0
 70
    24
 71
     3
 72
     8
 73
     4
 74
     0
 42
0.000000001
 43
0.0000000001
 40
0.0
 40
0.0
 40
0.0
 40
0.0
 40
1.0
 40
1.0
 40
1.0
 40
1.0
 10
-2.19989
 20
-1.5896
 30
0.0
 10
-2.19989
 20
-1.5896
 30
0.0
 10
-2.19989
 20
-1.63373
 30
0.0
 10
-2.19989
 20
-1.63373
 30
0.0
  0
SPLINE
  5
447
330
1F
100
AcDbEntity
  8
Layer 1
 62
   250
370
    25
100
AcDbSpline
210
0.0
220
0.0
230
1.0
 70
    24
 71
     3
 72
     8
 73
     4
 74
     0
 42
0.000000001
 43
0.0000000001
 40
0.0
 40
0.0
 40
0.0
 40
0.0
 40
1.0
 40
1.0
 40
1.0
 40
1.0
 10
-2.19989
 20
0.64871
 30
0.0
 10
-2.19989
 20
0.64871
 30
0.0
 10
-2.19989
 20
0.60281
 30
0.0
 10
-2.19989
 20
0.60281
 30
0.0
  0
SPLINE
  5
448
330
1F
100
AcDbEntity
  8
Layer 1
 62
   250
370
    25
100
AcDbSpline
210
0.0
220
0.0
230
1.0
 70
    24
 71
     3
 72
     8
 73
     4
 74
     0
 42
0.000000001
 43
0.0000000001
 40
0.0
 40
0.0
 40
0.0
 40
0.0
 40
1.0
 40
1.0
 40
1.0
 40
1.0
 10
-2.20342
 20
0.10678
 30
0.0
 10
-2.20342
 20
0.10678
 30
0.0
 10
-2.20342
 20
0.60281
 30
0.0
 10
-2.20342
 20
0.60281
 30
0.0
  0
SPLINE
  5
449
330
1F
100
AcDbEntity
  8
Layer 1
 62
   250
370
    25
100
AcDbSpline
210
0.0
220
0.0
230
1.0
 70
    24
 71
     3
 72
     8
 73
     4
 74
     0
 42
0.000000001
 43
0.0000000001
 40
0.0
 40
0.0
 40
0.0
 40
0.0
 40
1.0
 40
1.0
 40
1.0
 40
1.0
 10
-2.20695
 20
0.10678
 30
0.0
 10
-2.20695
 20
0.10678
 30
0.0
 10
-2.20342
 20
0.10678
 30
0.0
 10
-2.20342
 20
0.10678
 30
0.0
  0
SPLINE
  5
44A
330
1F
100
AcDbEntity
  8
Layer 1
 62
   250
370
    25
100
AcDbSpline
210
0.0
220
0.0
230
1.0
 70
    24
 71
     3
 72
     8
 73
     4
 74
     0
 42
0.000000001
 43
0.0000000001
 40
0.0
 40
0.0
 40
0.0
 40
0.0
 40
1.0
 40
1.0
 40
1.0
 40
1.0
 10
-2.20695
 20
0.00793
 30
0.0
 10
-2.20695
 20
0.00793
 30
0.0
 10
-2.20695
 20
0.10678
 30
0.0
 10
-2.20695
 20
0.10678
 30
0.0
  0
SPLINE
  5
44B
330
1F
100
AcDbEntity
  8
Layer 1
 62
   250
370
    25
100
AcDbSpline
210
0.0
220
0.0
230
1.0
 70
    24
 71
     3
 72
     8
 73
     4
 74
     0
 42
0.000000001
 43
0.0000000001
 40
0.0
 40
0.0
 40
0.0
 40
0.0
 40
1.0
 40
1.0
 40
1.0
 40
1.0
 10
-2.19989
 20
0.00793
 30
0.0
 10
-2.19989
 20
0.00793
 30
0.0
 10
-2.20695
 20
0.00793
 30
0.0
 10
-2.20695
 20
0.00793
 30
0.0
  0
SPLINE
  5
44C
330
1F
100
AcDbEntity
  8
Layer 1
 62
   250
370
    25
100
AcDbSpline
210
0.0
220
0.0
230
1.0
 70
    24
 71
     3
 72
     8
 73
     4
 74
     0
 42
0.000000001
 43
0.0000000001
 40
0.0
 40
0.0
 40
0.0
 40
0.0
 40
1.0
 40
1.0
 40
1.0
 40
1.0
 10
-2.19989
 20
-0.99295
 30
0.0
 10
-2.19989
 20
-0.99295
 30
0.0
 10
-2.19989
 20
0.00793
 30
0.0
 10
-2.19989
 20
0.00793
 30
0.0
  0
SPLINE
  5
44D
330
1F
100
AcDbEntity
  8
Layer 1
 62
   250
370
    25
100
AcDbSpline
210
0.0
220
0.0
230
1.0
 70
    24
 71
     3
 72
     8
 73
     4
 74
     0
 42
0.000000001
 43
0.0000000001
 40
0.0
 40
0.0
 40
0.0
 40
0.0
 40
1.0
 40
1.0
 40
1.0
 40
1.0
 10
-2.20695
 20
-0.99295
 30
0.0
 10
-2.20695
 20
-0.99295
 30
0.0
 10
-2.19989
 20
-0.99295
 30
0.0
 10
-2.19989
 20
-0.99295
 30
0.0
  0
SPLINE
  5
44E
330
1F
100
AcDbEntity
  8
Layer 1
 62
   250
370
    25
100
AcDbSpline
210
0.0
220
0.0
230
1.0
 70
    24
 71
     3
 72
     8
 73
     4
 74
     0
 42
0.000000001
 43
0.0000000001
 40
0.0
 40
0.0
 40
0.0
 40
0.0
 40
1.0
 40
1.0
 40
1.0
 40
1.0
 10
-2.20695
 20
-1.09357
 30
0.0
 10
-2.20695
 20
-1.09357
 30
0.0
 10
-2.20695
 20
-0.99295
 30
0.0
 10
-2.20695
 20
-0.99295
 30
0.0
  0
SPLINE
  5
44F
330
1F
100
AcDbEntity
  8
Layer 1
 62
   250
370
    25
100
AcDbSpline
210
0.0
220
0.0
230
1.0
 70
    24
 71
     3
 72
     8
 73
     4
 74
     0
 42
0.000000001
 43
0.0000000001
 40
0.0
 40
0.0
 40
0.0
 40
0.0
 40
1.0
 40
1.0
 40
1.0
 40
1.0
 10
-2.20342
 20
-1.09357
 30
0.0
 10
-2.20342
 20
-1.09357
 30
0.0
 10
-2.20695
 20
-1.09357
 30
0.0
 10
-2.20695
 20
-1.09357
 30
0.0
  0
SPLINE
  5
450
330
1F
100
AcDbEntity
  8
Layer 1
 62
   250
370
    25
100
AcDbSpline
210
0.0
220
0.0
230
1.0
 70
    24
 71
     3
 72
     8
 73
     4
 74
     0
 42
0.000000001
 43
0.0000000001
 40
0.0
 40
0.0
 40
0.0
 40
0.0
 40
1.0
 40
1.0
 40
1.0
 40
1.0
 10
-5.97747
 20
-0.99295
 30
0.0
 10
-5.97747
 20
-0.99295
 30
0.0
 10
-5.98276
 20
-0.99295
 30
0.0
 10
-5.98276
 20
-0.99295
 30
0.0
  0
SPLINE
  5
451
330
1F
100
AcDbEntity
  8
Layer 1
 62
   250
370
    25
100
AcDbSpline
210
0.0
220
0.0
230
1.0
 70
    24
 71
     3
 72
     8
 73
     4
 74
     0
 42
0.000000001
 43
0.0000000001
 40
0.0
 40
0.0
 40
0.0
 40
0.0
 40
1.0
 40
1.0
 40
1.0
 40
1.0
 10
-5.98276
 20
0.00793
 30
0.0
 10
-5.98276
 20
0.00793
 30
0.0
 10
-5.98276
 20
-0.99295
 30
0.0
 10
-5.98276
 20
-0.99295
 30
0.0
  0
SPLINE
  5
452
330
1F
100
AcDbEntity
  8
Layer 1
 62
   250
370
    25
100
AcDbSpline
210
0.0
220
0.0
230
1.0
 70
    24
 71
     3
 72
     8
 73
     4
 74
     0
 42
0.000000001
 43
0.0000000001
 40
0.0
 40
0.0
 40
0.0
 40
0.0
 40
1.0
 40
1.0
 40
1.0
 40
1.0
 10
-5.98276
 20
0.00793
 30
0.0
 10
-5.98276
 20
0.00793
 30
0.0
 10
-5.97747
 20
0.00793
 30
0.0
 10
-5.97747
 20
0.00793
 30
0.0
  0
SPLINE
  5
453
330
1F
100
AcDbEntity
  8
Layer 1
 62
   250
370
    25
100
AcDbSpline
210
0.0
220
0.0
230
1.0
 70
    24
 71
     3
 72
     8
 73
     4
 74
     0
 42
0.000000001
 43
0.0000000001
 40
0.0
 40
0.0
 40
0.0
 40
0.0
 40
1.0
 40
1.0
 40
1.0
 40
1.0
 10
-5.97747
 20
0.00793
 30
0.0
 10
-5.97747
 20
0.00793
 30
0.0
 10
-5.97747
 20
0.10678
 30
0.0
 10
-5.97747
 20
0.10678
 30
0.0
  0
SPLINE
  5
454
330
1F
100
AcDbEntity
  8
Layer 1
 62
   250
370
    25
100
AcDbSpline
210
0.0
220
0.0
230
1.0
 70
    24
 71
     3
 72
     8
 73
     4
 74
     0
 42
0.000000001
 43
0.0000000001
 40
0.0
 40
0.0
 40
0.0
 40
0.0
 40
1.0
 40
1.0
 40
1.0
 40
1.0
 10
-5.97747
 20
0.10678
 30
0.0
 10
-5.97747
 20
0.10678
 30
0.0
 10
-5.981
 20
0.10678
 30
0.0
 10
-5.981
 20
0.10678
 30
0.0
  0
SPLINE
  5
455
330
1F
100
AcDbEntity
  8
Layer 1
 62
   250
370
    25
100
AcDbSpline
210
0.0
220
0.0
230
1.0
 70
    24
 71
     3
 72
     8
 73
     4
 74
     0
 42
0.000000001
 43
0.0000000001
 40
0.0
 40
0.0
 40
0.0
 40
0.0
 40
1.0
 40
1.0
 40
1.0
 40
1.0
 10
-5.981
 20
0.10678
 30
0.0
 10
-5.981
 20
0.10678
 30
0.0
 10
-5.981
 20
0.60281
 30
0.0
 10
-5.981
 20
0.60281
 30
0.0
  0
SPLINE
  5
456
330
1F
100
AcDbEntity
  8
Layer 1
 62
   250
370
    25
100
AcDbSpline
210
0.0
220
0.0
230
1.0
 70
    24
 71
     3
 72
     8
 73
     4
 74
     0
 42
0.000000001
 43
0.0000000001
 40
0.0
 40
0.0
 40
0.0
 40
0.0
 40
1.0
 40
1.0
 40
1.0
 40
1.0
 10
-5.98276
 20
0.64871
 30
0.0
 10
-5.98276
 20
0.64871
 30
0.0
 10
-5.98276
 20
0.60281
 30
0.0
 10
-5.98276
 20
0.60281
 30
0.0
  0
SPLINE
  5
457
330
1F
100
AcDbEntity
  8
Layer 1
 62
   250
370
    25
100
AcDbSpline
210
0.0
220
0.0
230
1.0
 70
    24
 71
     3
 72
     8
 73
     4
 74
     0
 42
0.000000001
 43
0.0000000001
 40
0.0
 40
0.0
 40
0.0
 40
0.0
 40
1.0
 40
1.0
 40
1.0
 40
1.0
 10
-5.98276
 20
-1.5896
 30
0.0
 10
-5.98276
 20
-1.5896
 30
0.0
 10
-5.98276
 20
-1.63373
 30
0.0
 10
-5.98276
 20
-1.63373
 30
0.0
  0
SPLINE
  5
458
330
1F
100
AcDbEntity
  8
Layer 1
 62
   250
370
    25
100
AcDbSpline
210
0.0
220
0.0
230
1.0
 70
    24
 71
     3
 72
     8
 73
     4
 74
     0
 42
0.000000001
 43
0.0000000001
 40
0.0
 40
0.0
 40
0.0
 40
0.0
 40
1.0
 40
1.0
 40
1.0
 40
1.0
 10
-5.981
 20
-1.5896
 30
0.0
 10
-5.981
 20
-1.5896
 30
0.0
 10
-5.981
 20
-1.09357
 30
0.0
 10
-5.981
 20
-1.09357
 30
0.0
  0
SPLINE
  5
459
330
1F
100
AcDbEntity
  8
Layer 1
 62
   250
370
    25
100
AcDbSpline
210
0.0
220
0.0
230
1.0
 70
    24
 71
     3
 72
     8
 73
     4
 74
     0
 42
0.000000001
 43
0.0000000001
 40
0.0
 40
0.0
 40
0.0
 40
0.0
 40
1.0
 40
1.0
 40
1.0
 40
1.0
 10
-5.981
 20
-1.09357
 30
0.0
 10
-5.981
 20
-1.09357
 30
0.0
 10
-5.97747
 20
-1.09357
 30
0.0
 10
-5.97747
 20
-1.09357
 30
0.0
  0
SPLINE
  5
45A
330
1F
100
AcDbEntity
  8
Layer 1
 62
   250
370
    25
100
AcDbSpline
210
0.0
220
0.0
230
1.0
 70
    24
 71
     3
 72
     8
 73
     4
 74
     0
 42
0.000000001
 43
0.0000000001
 40
0.0
 40
0.0
 40
0.0
 40
0.0
 40
1.0
 40
1.0
 40
1.0
 40
1.0
 10
-5.97747
 20
-1.09357
 30
0.0
 10
-5.97747
 20
-1.09357
 30
0.0
 10
-5.97747
 20
-0.99295
 30
0.0
 10
-5.97747
 20
-0.99295
 30
0.0
  0
SPLINE
  5
45B
330
1F
100
AcDbEntity
  8
Layer 1
 62
   250
370
    25
100
AcDbSpline
210
0.0
220
0.0
230
1.0
 70
    24
 71
     3
 72
     8
 73
     4
 74
     0
 42
0.000000001
 43
0.0000000001
 40
0.0
 40
0.0
 40
0.0
 40
0.0
 40
1.0
 40
1.0
 40
1.0
 40
1.0
 10
-2.16253
 20
0.60281
 30
0.0
 10
-2.16253
 20
0.60281
 30
0.0
 10
-2.20342
 20
0.60281
 30
0.0
 10
-2.20342
 20
0.60281
 30
0.0
  0
SPLINE
  5
45C
330
1F
100
AcDbEntity
  8
Layer 1
 62
   250
370
    25
100
AcDbSpline
210
0.0
220
0.0
230
1.0
 70
    24
 71
     3
 72
     8
 73
     4
 74
     0
 42
0.000000001
 43
0.0000000001
 40
0.0
 40
0.0
 40
0.0
 40
0.0
 40
1.0
 40
1.0
 40
1.0
 40
1.0
 10
-2.20342
 20
0.10678
 30
0.0
 10
-2.20342
 20
0.10678
 30
0.0
 10
-2.16253
 20
0.10678
 30
0.0
 10
-2.16253
 20
0.10678
 30
0.0
  0
SPLINE
  5
45D
330
1F
100
AcDbEntity
  8
Layer 1
 62
   250
370
    25
100
AcDbSpline
210
0.0
220
0.0
230
1.0
 70
    24
 71
     3
 72
     8
 73
     4
 74
     0
 42
0.000000001
 43
0.0000000001
 40
0.0
 40
0.0
 40
0.0
 40
0.0
 40
1.0
 40
1.0
 40
1.0
 40
1.0
 10
-2.16253
 20
-1.5896
 30
0.0
 10
-2.16253
 20
-1.5896
 30
0.0
 10
-2.20342
 20
-1.5896
 30
0.0
 10
-2.20342
 20
-1.5896
 30
0.0
  0
SPLINE
  5
45E
330
1F
100
AcDbEntity
  8
Layer 1
 62
   250
370
    25
100
AcDbSpline
210
0.0
220
0.0
230
1.0
 70
    24
 71
     3
 72
     8
 73
     4
 74
     0
 42
0.000000001
 43
0.0000000001
 40
0.0
 40
0.0
 40
0.0
 40
0.0
 40
1.0
 40
1.0
 40
1.0
 40
1.0
 10
-2.20342
 20
-1.09357
 30
0.0
 10
-2.20342
 20
-1.09357
 30
0.0
 10
-2.16253
 20
-1.09357
 30
0.0
 10
-2.16253
 20
-1.09357
 30
0.0
  0
SPLINE
  5
45F
330
1F
100
AcDbEntity
  8
Layer 1
 62
   250
370
    25
100
AcDbSpline
210
0.0
220
0.0
230
1.0
 70
    24
 71
     3
 72
     8
 73
     4
 74
     0
 42
0.000000001
 43
0.0000000001
 40
0.0
 40
0.0
 40
0.0
 40
0.0
 40
1.0
 40
1.0
 40
1.0
 40
1.0
 10
-5.981
 20
-1.5896
 30
0.0
 10
-5.981
 20
-1.5896
 30
0.0
 10
-6.02897
 20
-1.5896
 30
0.0
 10
-6.02897
 20
-1.5896
 30
0.0
  0
SPLINE
  5
460
330
1F
100
AcDbEntity
  8
Layer 1
 62
   250
370
    25
100
AcDbSpline
210
0.0
220
0.0
230
1.0
 70
    24
 71
     3
 72
     8
 73
     4
 74
     0
 42
0.000000001
 43
0.0000000001
 40
0.0
 40
0.0
 40
0.0
 40
0.0
 40
1.0
 40
1.0
 40
1.0
 40
1.0
 10
-6.02897
 20
-1.09357
 30
0.0
 10
-6.02897
 20
-1.09357
 30
0.0
 10
-5.981
 20
-1.09357
 30
0.0
 10
-5.981
 20
-1.09357
 30
0.0
  0
SPLINE
  5
461
330
1F
100
AcDbEntity
  8
Layer 1
 62
   250
370
    25
100
AcDbSpline
210
0.0
220
0.0
230
1.0
 70
    24
 71
     3
 72
     8
 73
     4
 74
     0
 42
0.000000001
 43
0.0000000001
 40
0.0
 40
0.0
 40
0.0
 40
0.0
 40
1.0
 40
1.0
 40
1.0
 40
1.0
 10
-5.981
 20
0.60281
 30
0.0
 10
-5.981
 20
0.60281
 30
0.0
 10
-6.02897
 20
0.60281
 30
0.0
 10
-6.02897
 20
0.60281
 30
0.0
  0
SPLINE
  5
462
330
1F
100
AcDbEntity
  8
Layer 1
 62
   250
370
    25
100
AcDbSpline
210
0.0
220
0.0
230
1.0
 70
    24
 71
     3
 72
     8
 73
     4
 74
     0
 42
0.000000001
 43
0.0000000001
 40
0.0
 40
0.0
 40
0.0
 40
0.0
 40
1.0
 40
1.0
 40
1.0
 40
1.0
 10
-6.02897
 20
0.10678
 30
0.0
 10
-6.02897
 20
0.10678
 30
0.0
 10
-5.981
 20
0.10678
 30
0.0
 10
-5.981
 20
0.10678
 30
0.0
  0
SPLINE
  5
464
330
1F
100
AcDbEntity
  8
Layer 1
370
    25
100
AcDbSpline
210
0.0
220
0.0
230
1.0
 70
     8
 71
     3
 72
    44
 73
    40
 74
     0
 42
0.000000001
 43
0.0000000001
 40
0.0
 40
0.0
 40
0.0
 40
0.0
 40
0.0909090909090909
 40
0.0909090909090909
 40
0.0909090909090909
 40
0.0909091009090909
 40
0.1818181818181818
 40
0.1818181818181818
 40
0.1818181818181818
 40
0.1818181918181818
 40
0.2727272727272727
 40
0.2727272727272727
 40
0.2727272727272727
 40
0.2727272827272727
 40
0.3636363636363636
 40
0.3636363636363636
 40
0.3636363636363636
 40
0.3636363736363636
 40
0.4545454545454545
 40
0.4545454545454545
 40
0.4545454545454545
 40
0.4545454645454545
 40
0.5454545454545454
 40
0.5454545454545454
 40
0.5454545454545454
 40
0.5454545554545455
 40
0.6363636363636364
 40
0.6363636363636364
 40
0.6363636363636364
 40
0.6363636463636364
 40
0.7272727272727273
 40
0.7272727272727273
 40
0.7272727272727273
 40
0.7272727372727273
 40
0.8181818181818182
 40
0.8181818181818182
 40
0.8181818181818182
 40
0.8181818281818183
 40
1.0
 40
1.0
 40
1.0
 40
1.0
 10
3.6395
 20
3.57984
 30
0.0
 10
3.6395
 20
3.57984
 30
0.0
 10
3.64126
 20
3.5816
 30
0.0
 10
3.64126
 20
3.5816
 30
0.0
 10
3.64126
 20
3.5816
 30
0.0
 10
3.64126
 20
3.5816
 30
0.0
 10
3.64126
 20
3.59219
 30
0.0
 10
3.64126
 20
3.59219
 30
0.0
 10
3.64126
 20
3.59219
 30
0.0
 10
3.64126
 20
3.59219
 30
0.0
 10
3.64479
 20
3.60806
 30
0.0
 10
3.64479
 20
3.60806
 30
0.0
 10
3.64479
 20
3.60806
 30
0.0
 10
3.64479
 20
3.60806
 30
0.0
 10
3.64655
 20
3.62923
 30
0.0
 10
3.64655
 20
3.62923
 30
0.0
 10
3.64655
 20
3.62923
 30
0.0
 10
3.64655
 20
3.62923
 30
0.0
 10
3.65008
 20
3.65216
 30
0.0
 10
3.65008
 20
3.65216
 30
0.0
 10
3.65008
 20
3.65216
 30
0.0
 10
3.65008
 20
3.65216
 30
0.0
 10
3.65361
 20
3.67509
 30
0.0
 10
3.65361
 20
3.67509
 30
0.0
 10
3.65361
 20
3.67509
 30
0.0
 10
3.65361
 20
3.67509
 30
0.0
 10
3.65537
 20
3.69626
 30
0.0
 10
3.65537
 20
3.69626
 30
0.0
 10
3.65537
 20
3.69626
 30
0.0
 10
3.65537
 20
3.69626
 30
0.0
 10
3.65714
 20
3.71037
 30
0.0
 10
3.65714
 20
3.71037
 30
0.0
 10
3.65714
 20
3.71037
 30
0.0
 10
3.65714
 20
3.71037
 30
0.0
 10
3.6589
 20
3.71742
 30
0.0
 10
3.6589
 20
3.71742
 30
0.0
 10
3.6589
 20
3.71742
 30
0.0
 10
3.6589
 20
3.71742
 30
0.0
 10
3.6589
 20
3.71919
 30
0.0
 10
3.6589
 20
3.71919
 30
0.0
  0
SPLINE
  5
465
330
1F
100
AcDbEntity
  8
Layer 1
370
    25
100
AcDbSpline
210
0.0
220
0.0
230
1.0
 70
    24
 71
     3
 72
     8
 73
     4
 74
     0
 42
0.000000001
 43
0.0000000001
 40
0.0
 40
0.0
 40
0.0
 40
0.0
 40
1.0
 40
1.0
 40
1.0
 40
1.0
 10
3.449
 20
3.10712
 30
0.0
 10
3.449
 20
3.10712
 30
0.0
 10
3.40887
 20
3.10638
 30
0.0
 10
3.40887
 20
3.10638
 30
0.0
  0
SPLINE
  5
466
330
1F
100
AcDbEntity
  8
Layer 1
370
    25
100
AcDbSpline
210
0.0
220
0.0
230
1.0
 70
    24
 71
     3
 72
     8
 73
     4
 74
     0
 42
0.000000001
 43
0.0000000001
 40
0.0
 40
0.0
 40
0.0
 40
0.0
 40
1.0
 40
1.0
 40
1.0
 40
1.0
 10
3.449
 20
5.37019
 30
0.0
 10
3.449
 20
5.37019
 30
0.0
 10
3.449
 20
3.10712
 30
0.0
 10
3.449
 20
3.10712
 30
0.0
  0
SPLINE
  5
467
330
1F
100
AcDbEntity
  8
Layer 1
370
    25
100
AcDbSpline
210
0.0
220
0.0
230
1.0
 70
    24
 71
     3
 72
     8
 73
     4
 74
     0
 42
0.000000001
 43
0.0000000001
 40
0.0
 40
0.0
 40
0.0
 40
0.0
 40
1.0
 40
1.0
 40
1.0
 40
1.0
 10
3.40887
 20
5.37093
 30
0.0
 10
3.40887
 20
5.37093
 30
0.0
 10
3.449
 20
5.37019
 30
0.0
 10
3.449
 20
5.37019
 30
0.0
  0
SPLINE
  5
468
330
1F
100
AcDbEntity
  8
Layer 1
370
    25
100
AcDbSpline
210
0.0
220
0.0
230
1.0
 70
    24
 71
     3
 72
     8
 73
     4
 74
     0
 42
0.000000001
 43
0.0000000001
 40
0.0
 40
0.0
 40
0.0
 40
0.0
 40
1.0
 40
1.0
 40
1.0
 40
1.0
 10
3.40887
 20
3.07639
 30
0.0
 10
3.40887
 20
3.07639
 30
0.0
 10
3.449
 20
3.07713
 30
0.0
 10
3.449
 20
3.07713
 30
0.0
  0
SPLINE
  5
469
330
1F
100
AcDbEntity
  8
Layer 1
370
    25
100
AcDbSpline
210
0.0
220
0.0
230
1.0
 70
    24
 71
     3
 72
    32
 73
    28
 74
     0
 42
0.000000001
 43
0.0000000001
 40
0.0
 40
0.0
 40
0.0
 40
0.0
 40
0.125
 40
0.125
 40
0.125
 40
0.12500001
 40
0.25
 40
0.25
 40
0.25
 40
0.25000001
 40
0.375
 40
0.375
 40
0.375
 40
0.37500001
 40
0.5
 40
0.5
 40
0.5
 40
0.50000001
 40
0.625
 40
0.625
 40
0.625
 40
0.62500001
 40
0.75
 40
0.75
 40
0.75
 40
0.75000001
 40
1.0
 40
1.0
 40
1.0
 40
1.0
 10
3.449
 20
3.07713
 30
0.0
 10
3.449
 20
3.07713
 30
0.0
 10
3.449
 20
3.0789
 30
0.0
 10
3.449
 20
3.0789
 30
0.0
 10
3.449
 20
3.0789
 30
0.0
 10
3.449
 20
3.0789
 30
0.0
 10
3.449
 20
3.08242
 30
0.0
 10
3.449
 20
3.08242
 30
0.0
 10
3.449
 20
3.08242
 30
0.0
 10
3.449
 20
3.08242
 30
0.0
 10
3.449
 20
3.08595
 30
0.0
 10
3.449
 20
3.08595
 30
0.0
 10
3.449
 20
3.08595
 30
0.0
 10
3.449
 20
3.08595
 30
0.0
 10
3.449
 20
3.09124
 30
0.0
 10
3.449
 20
3.09124
 30
0.0
 10
3.449
 20
3.09124
 30
0.0
 10
3.449
 20
3.09124
 30
0.0
 10
3.449
 20
3.09654
 30
0.0
 10
3.449
 20
3.09654
 30
0.0
 10
3.449
 20
3.09654
 30
0.0
 10
3.449
 20
3.09654
 30
0.0
 10
3.449
 20
3.10183
 30
0.0
 10
3.449
 20
3.10183
 30
0.0
 10
3.449
 20
3.10183
 30
0.0
 10
3.449
 20
3.10183
 30
0.0
 10
3.449
 20
3.10712
 30
0.0
 10
3.449
 20
3.10712
 30
0.0
  0
SPLINE
  5
46A
330
1F
100
AcDbEntity
  8
Layer 1
370
    25
100
AcDbSpline
210
0.0
220
0.0
230
1.0
 70
    24
 71
     3
 72
    36
 73
    32
 74
     0
 42
0.000000001
 43
0.0000000001
 40
0.0
 40
0.0
 40
0.0
 40
0.0
 40
0.1111111111111111
 40
0.1111111111111111
 40
0.1111111111111111
 40
0.1111111211111111
 40
0.2222222222222222
 40
0.2222222222222222
 40
0.2222222222222222
 40
0.2222222322222222
 40
0.3333333333333333
 40
0.3333333333333333
 40
0.3333333333333333
 40
0.3333333433333333
 40
0.4444444444444444
 40
0.4444444444444444
 40
0.4444444444444444
 40
0.4444444544444444
 40
0.5555555555555556
 40
0.5555555555555556
 40
0.5555555555555556
 40
0.5555555655555556
 40
0.6666666666666666
 40
0.6666666666666666
 40
0.6666666666666666
 40
0.6666666766666667
 40
0.7777777777777778
 40
0.7777777777777778
 40
0.7777777777777778
 40
0.7777777877777778
 40
1.0
 40
1.0
 40
1.0
 40
1.0
 10
3.449
 20
5.40017
 30
0.0
 10
3.449
 20
5.40017
 30
0.0
 10
3.449
 20
5.40017
 30
0.0
 10
3.449
 20
5.40017
 30
0.0
 10
3.449
 20
5.40017
 30
0.0
 10
3.449
 20
5.40017
 30
0.0
 10
3.449
 20
5.39841
 30
0.0
 10
3.449
 20
5.39841
 30
0.0
 10
3.449
 20
5.39841
 30
0.0
 10
3.449
 20
5.39841
 30
0.0
 10
3.449
 20
5.39488
 30
0.0
 10
3.449
 20
5.39488
 30
0.0
 10
3.449
 20
5.39488
 30
0.0
 10
3.449
 20
5.39488
 30
0.0
 10
3.449
 20
5.39135
 30
0.0
 10
3.449
 20
5.39135
 30
0.0
 10
3.449
 20
5.39135
 30
0.0
 10
3.449
 20
5.39135
 30
0.0
 10
3.449
 20
5.38783
 30
0.0
 10
3.449
 20
5.38783
 30
0.0
 10
3.449
 20
5.38783
 30
0.0
 10
3.449
 20
5.38783
 30
0.0
 10
3.449
 20
5.38254
 30
0.0
 10
3.449
 20
5.38254
 30
0.0
 10
3.449
 20
5.38254
 30
0.0
 10
3.449
 20
5.38254
 30
0.0
 10
3.449
 20
5.37724
 30
0.0
 10
3.449
 20
5.37724
 30
0.0
 10
3.449
 20
5.37724
 30
0.0
 10
3.449
 20
5.37724
 30
0.0
 10
3.449
 20
5.37019
 30
0.0
 10
3.449
 20
5.37019
 30
0.0
  0
SPLINE
  5
46B
330
1F
100
AcDbEntity
  8
Layer 1
370
    25
100
AcDbSpline
210
0.0
220
0.0
230
1.0
 70
    24
 71
     3
 72
     8
 73
     4
 74
     0
 42
0.000000001
 43
0.0000000001
 40
0.0
 40
0.0
 40
0.0
 40
0.0
 40
1.0
 40
1.0
 40
1.0
 40
1.0
 10
3.449
 20
5.40017
 30
0.0
 10
3.449
 20
5.40017
 30
0.0
 10
3.40887
 20
5.40091
 30
0.0
 10
3.40887
 20
5.40091
 30
0.0
  0
SPLINE
  5
46C
330
1F
100
AcDbEntity
  8
Layer 1
370
    25
100
AcDbSpline
210
0.0
220
0.0
230
1.0
 70
    24
 71
     3
 72
    16
 73
    12
 74
     0
 42
0.000000001
 43
0.0000000001
 40
0.0
 40
0.0
 40
0.0
 40
0.0
 40
0.25
 40
0.25
 40
0.25
 40
0.25000001
 40
0.5
 40
0.5
 40
0.5
 40
0.50000001
 40
1.0
 40
1.0
 40
1.0
 40
1.0
 10
3.45782
 20
5.40017
 30
0.0
 10
3.45782
 20
5.40017
 30
0.0
 10
3.45429
 20
5.40017
 30
0.0
 10
3.45429
 20
5.40017
 30
0.0
 10
3.45429
 20
5.40017
 30
0.0
 10
3.45429
 20
5.40017
 30
0.0
 10
3.45252
 20
5.40017
 30
0.0
 10
3.45252
 20
5.40017
 30
0.0
 10
3.45252
 20
5.40017
 30
0.0
 10
3.45252
 20
5.40017
 30
0.0
 10
3.449
 20
5.40017
 30
0.0
 10
3.449
 20
5.40017
 30
0.0
  0
SPLINE
  5
46D
330
1F
100
AcDbEntity
  8
Layer 1
370
    25
100
AcDbSpline
210
0.0
220
0.0
230
1.0
 70
    24
 71
     3
 72
    16
 73
    12
 74
     0
 42
0.000000001
 43
0.0000000001
 40
0.0
 40
0.0
 40
0.0
 40
0.0
 40
0.25
 40
0.25
 40
0.25
 40
0.25000001
 40
0.5
 40
0.5
 40
0.5
 40
0.50000001
 40
1.0
 40
1.0
 40
1.0
 40
1.0
 10
3.449
 20
5.37019
 30
0.0
 10
3.449
 20
5.37019
 30
0.0
 10
3.45605
 20
5.37019
 30
0.0
 10
3.45605
 20
5.37019
 30
0.0
 10
3.45605
 20
5.37019
 30
0.0
 10
3.45605
 20
5.37019
 30
0.0
 10
3.46311
 20
5.37019
 30
0.0
 10
3.46311
 20
5.37019
 30
0.0
 10
3.46311
 20
5.37019
 30
0.0
 10
3.46311
 20
5.37019
 30
0.0
 10
3.47016
 20
5.37019
 30
0.0
 10
3.47016
 20
5.37019
 30
0.0
  0
SPLINE
  5
46E
330
1F
100
AcDbEntity
  8
Layer 1
370
    25
100
AcDbSpline
210
0.0
220
0.0
230
1.0
 70
     8
 71
     3
 72
    36
 73
    32
 74
     0
 42
0.000000001
 43
0.0000000001
 40
0.0
 40
0.0
 40
0.0
 40
0.0
 40
0.1111111111111111
 40
0.1111111111111111
 40
0.1111111111111111
 40
0.1111111211111111
 40
0.2222222222222222
 40
0.2222222222222222
 40
0.2222222222222222
 40
0.2222222322222222
 40
0.3333333333333333
 40
0.3333333333333333
 40
0.3333333333333333
 40
0.3333333433333333
 40
0.4444444444444444
 40
0.4444444444444444
 40
0.4444444444444444
 40
0.4444444544444444
 40
0.5555555555555556
 40
0.5555555555555556
 40
0.5555555555555556
 40
0.5555555655555556
 40
0.6666666666666666
 40
0.6666666666666666
 40
0.6666666666666666
 40
0.6666666766666667
 40
0.7777777777777778
 40
0.7777777777777778
 40
0.7777777777777778
 40
0.7777777877777778
 40
1.0
 40
1.0
 40
1.0
 40
1.0
 10
3.45782
 20
5.40017
 30
0.0
 10
3.45782
 20
5.40017
 30
0.0
 10
3.45958
 20
5.40017
 30
0.0
 10
3.45958
 20
5.40017
 30
0.0
 10
3.45958
 20
5.40017
 30
0.0
 10
3.45958
 20
5.40017
 30
0.0
 10
3.46134
 20
5.39841
 30
0.0
 10
3.46134
 20
5.39841
 30
0.0
 10
3.46134
 20
5.39841
 30
0.0
 10
3.46134
 20
5.39841
 30
0.0
 10
3.46487
 20
5.39488
 30
0.0
 10
3.46487
 20
5.39488
 30
0.0
 10
3.46487
 20
5.39488
 30
0.0
 10
3.46487
 20
5.39488
 30
0.0
 10
3.46664
 20
5.39135
 30
0.0
 10
3.46664
 20
5.39135
 30
0.0
 10
3.46664
 20
5.39135
 30
0.0
 10
3.46664
 20
5.39135
 30
0.0
 10
3.46664
 20
5.38783
 30
0.0
 10
3.46664
 20
5.38783
 30
0.0
 10
3.46664
 20
5.38783
 30
0.0
 10
3.46664
 20
5.38783
 30
0.0
 10
3.4684
 20
5.38254
 30
0.0
 10
3.4684
 20
5.38254
 30
0.0
 10
3.4684
 20
5.38254
 30
0.0
 10
3.4684
 20
5.38254
 30
0.0
 10
3.4684
 20
5.37724
 30
0.0
 10
3.4684
 20
5.37724
 30
0.0
 10
3.4684
 20
5.37724
 30
0.0
 10
3.4684
 20
5.37724
 30
0.0
 10
3.47016
 20
5.37019
 30
0.0
 10
3.47016
 20
5.37019
 30
0.0
  0
SPLINE
  5
46F
330
1F
100
AcDbEntity
  8
Layer 1
370
    25
100
AcDbSpline
210
0.0
220
0.0
230
1.0
 70
    24
 71
     3
 72
    16
 73
    12
 74
     0
 42
0.000000001
 43
0.0000000001
 40
0.0
 40
0.0
 40
0.0
 40
0.0
 40
0.25
 40
0.25
 40
0.25
 40
0.25000001
 40
0.5
 40
0.5
 40
0.5
 40
0.50000001
 40
1.0
 40
1.0
 40
1.0
 40
1.0
 10
3.449
 20
3.07713
 30
0.0
 10
3.449
 20
3.07713
 30
0.0
 10
3.45252
 20
3.07713
 30
0.0
 10
3.45252
 20
3.07713
 30
0.0
 10
3.45252
 20
3.07713
 30
0.0
 10
3.45252
 20
3.07713
 30
0.0
 10
3.45429
 20
3.07713
 30
0.0
 10
3.45429
 20
3.07713
 30
0.0
 10
3.45429
 20
3.07713
 30
0.0
 10
3.45429
 20
3.07713
 30
0.0
 10
3.45782
 20
3.07713
 30
0.0
 10
3.45782
 20
3.07713
 30
0.0
  0
SPLINE
  5
470
330
1F
100
AcDbEntity
  8
Layer 1
370
    25
100
AcDbSpline
210
0.0
220
0.0
230
1.0
 70
     8
 71
     3
 72
    36
 73
    32
 74
     0
 42
0.000000001
 43
0.0000000001
 40
0.0
 40
0.0
 40
0.0
 40
0.0
 40
0.1111111111111111
 40
0.1111111111111111
 40
0.1111111111111111
 40
0.1111111211111111
 40
0.2222222222222222
 40
0.2222222222222222
 40
0.2222222222222222
 40
0.2222222322222222
 40
0.3333333333333333
 40
0.3333333333333333
 40
0.3333333333333333
 40
0.3333333433333333
 40
0.4444444444444444
 40
0.4444444444444444
 40
0.4444444444444444
 40
0.4444444544444444
 40
0.5555555555555556
 40
0.5555555555555556
 40
0.5555555555555556
 40
0.5555555655555556
 40
0.6666666666666666
 40
0.6666666666666666
 40
0.6666666666666666
 40
0.6666666766666667
 40
0.7777777777777778
 40
0.7777777777777778
 40
0.7777777777777778
 40
0.7777777877777778
 40
1.0
 40
1.0
 40
1.0
 40
1.0
 10
3.45782
 20
3.07713
 30
0.0
 10
3.45782
 20
3.07713
 30
0.0
 10
3.45958
 20
3.0789
 30
0.0
 10
3.45958
 20
3.0789
 30
0.0
 10
3.45958
 20
3.0789
 30
0.0
 10
3.45958
 20
3.0789
 30
0.0
 10
3.46134
 20
3.08066
 30
0.0
 10
3.46134
 20
3.08066
 30
0.0
 10
3.46134
 20
3.08066
 30
0.0
 10
3.46134
 20
3.08066
 30
0.0
 10
3.46487
 20
3.08242
 30
0.0
 10
3.46487
 20
3.08242
 30
0.0
 10
3.46487
 20
3.08242
 30
0.0
 10
3.46487
 20
3.08242
 30
0.0
 10
3.46664
 20
3.08595
 30
0.0
 10
3.46664
 20
3.08595
 30
0.0
 10
3.46664
 20
3.08595
 30
0.0
 10
3.46664
 20
3.08595
 30
0.0
 10
3.46664
 20
3.09124
 30
0.0
 10
3.46664
 20
3.09124
 30
0.0
 10
3.46664
 20
3.09124
 30
0.0
 10
3.46664
 20
3.09124
 30
0.0
 10
3.4684
 20
3.09654
 30
0.0
 10
3.4684
 20
3.09654
 30
0.0
 10
3.4684
 20
3.09654
 30
0.0
 10
3.4684
 20
3.09654
 30
0.0
 10
3.4684
 20
3.10183
 30
0.0
 10
3.4684
 20
3.10183
 30
0.0
 10
3.4684
 20
3.10183
 30
0.0
 10
3.4684
 20
3.10183
 30
0.0
 10
3.47016
 20
3.10712
 30
0.0
 10
3.47016
 20
3.10712
 30
0.0
  0
SPLINE
  5
471
330
1F
100
AcDbEntity
  8
Layer 1
370
    25
100
AcDbSpline
210
0.0
220
0.0
230
1.0
 70
    24
 71
     3
 72
    16
 73
    12
 74
     0
 42
0.000000001
 43
0.0000000001
 40
0.0
 40
0.0
 40
0.0
 40
0.0
 40
0.25
 40
0.25
 40
0.25
 40
0.25000001
 40
0.5
 40
0.5
 40
0.5
 40
0.50000001
 40
1.0
 40
1.0
 40
1.0
 40
1.0
 10
3.47016
 20
3.10712
 30
0.0
 10
3.47016
 20
3.10712
 30
0.0
 10
3.46311
 20
3.10712
 30
0.0
 10
3.46311
 20
3.10712
 30
0.0
 10
3.46311
 20
3.10712
 30
0.0
 10
3.46311
 20
3.10712
 30
0.0
 10
3.45605
 20
3.10712
 30
0.0
 10
3.45605
 20
3.10712
 30
0.0
 10
3.45605
 20
3.10712
 30
0.0
 10
3.45605
 20
3.10712
 30
0.0
 10
3.449
 20
3.10712
 30
0.0
 10
3.449
 20
3.10712
 30
0.0
  0
SPLINE
  5
472
330
1F
100
AcDbEntity
  8
Layer 1
370
    25
100
AcDbSpline
210
0.0
220
0.0
230
1.0
 70
    24
 71
     3
 72
     8
 73
     4
 74
     0
 42
0.000000001
 43
0.0000000001
 40
0.0
 40
0.0
 40
0.0
 40
0.0
 40
1.0
 40
1.0
 40
1.0
 40
1.0
 10
3.47016
 20
3.10712
 30
0.0
 10
3.47016
 20
3.10712
 30
0.0
 10
3.47016
 20
5.37019
 30
0.0
 10
3.47016
 20
5.37019
 30
0.0
  0
SPLINE
  5
473
330
1F
100
AcDbEntity
  8
Layer 1
370
    25
100
AcDbSpline
210
0.0
220
0.0
230
1.0
 70
    24
 71
     3
 72
     8
 73
     4
 74
     0
 42
0.000000001
 43
0.0000000001
 40
0.0
 40
0.0
 40
0.0
 40
0.0
 40
1.0
 40
1.0
 40
1.0
 40
1.0
 10
3.45782
 20
3.07713
 30
0.0
 10
3.45782
 20
3.07713
 30
0.0
 10
3.45958
 20
3.07713
 30
0.0
 10
3.45958
 20
3.07713
 30
0.0
  0
SPLINE
  5
474
330
1F
100
AcDbEntity
  8
Layer 1
370
    25
100
AcDbSpline
210
0.0
220
0.0
230
1.0
 70
     8
 71
     3
 72
    36
 73
    32
 74
     0
 42
0.000000001
 43
0.0000000001
 40
0.0
 40
0.0
 40
0.0
 40
0.0
 40
0.1111111111111111
 40
0.1111111111111111
 40
0.1111111111111111
 40
0.1111111211111111
 40
0.2222222222222222
 40
0.2222222222222222
 40
0.2222222222222222
 40
0.2222222322222222
 40
0.3333333333333333
 40
0.3333333333333333
 40
0.3333333333333333
 40
0.3333333433333333
 40
0.4444444444444444
 40
0.4444444444444444
 40
0.4444444444444444
 40
0.4444444544444444
 40
0.5555555555555556
 40
0.5555555555555556
 40
0.5555555555555556
 40
0.5555555655555556
 40
0.6666666666666666
 40
0.6666666666666666
 40
0.6666666666666666
 40
0.6666666766666667
 40
0.7777777777777778
 40
0.7777777777777778
 40
0.7777777777777778
 40
0.7777777877777778
 40
1.0
 40
1.0
 40
1.0
 40
1.0
 10
3.45958
 20
3.07713
 30
0.0
 10
3.45958
 20
3.07713
 30
0.0
 10
3.46134
 20
3.0789
 30
0.0
 10
3.46134
 20
3.0789
 30
0.0
 10
3.46134
 20
3.0789
 30
0.0
 10
3.46134
 20
3.0789
 30
0.0
 10
3.46487
 20
3.08066
 30
0.0
 10
3.46487
 20
3.08066
 30
0.0
 10
3.46487
 20
3.08066
 30
0.0
 10
3.46487
 20
3.08066
 30
0.0
 10
3.46664
 20
3.08242
 30
0.0
 10
3.46664
 20
3.08242
 30
0.0
 10
3.46664
 20
3.08242
 30
0.0
 10
3.46664
 20
3.08242
 30
0.0
 10
3.4684
 20
3.08595
 30
0.0
 10
3.4684
 20
3.08595
 30
0.0
 10
3.4684
 20
3.08595
 30
0.0
 10
3.4684
 20
3.08595
 30
0.0
 10
3.47016
 20
3.09124
 30
0.0
 10
3.47016
 20
3.09124
 30
0.0
 10
3.47016
 20
3.09124
 30
0.0
 10
3.47016
 20
3.09124
 30
0.0
 10
3.47193
 20
3.09654
 30
0.0
 10
3.47193
 20
3.09654
 30
0.0
 10
3.47193
 20
3.09654
 30
0.0
 10
3.47193
 20
3.09654
 30
0.0
 10
3.47193
 20
3.10183
 30
0.0
 10
3.47193
 20
3.10183
 30
0.0
 10
3.47193
 20
3.10183
 30
0.0
 10
3.47193
 20
3.10183
 30
0.0
 10
3.47193
 20
3.10712
 30
0.0
 10
3.47193
 20
3.10712
 30
0.0
  0
SPLINE
  5
475
330
1F
100
AcDbEntity
  8
Layer 1
370
    25
100
AcDbSpline
210
0.0
220
0.0
230
1.0
 70
    24
 71
     3
 72
     8
 73
     4
 74
     0
 42
0.000000001
 43
0.0000000001
 40
0.0
 40
0.0
 40
0.0
 40
0.0
 40
1.0
 40
1.0
 40
1.0
 40
1.0
 10
3.47193
 20
3.10712
 30
0.0
 10
3.47193
 20
3.10712
 30
0.0
 10
3.47016
 20
3.10712
 30
0.0
 10
3.47016
 20
3.10712
 30
0.0
  0
SPLINE
  5
476
330
1F
100
AcDbEntity
  8
Layer 1
370
    25
100
AcDbSpline
210
0.0
220
0.0
230
1.0
 70
    24
 71
     3
 72
     8
 73
     4
 74
     0
 42
0.000000001
 43
0.0000000001
 40
0.0
 40
0.0
 40
0.0
 40
0.0
 40
1.0
 40
1.0
 40
1.0
 40
1.0
 10
3.45958
 20
5.40017
 30
0.0
 10
3.45958
 20
5.40017
 30
0.0
 10
3.45782
 20
5.40017
 30
0.0
 10
3.45782
 20
5.40017
 30
0.0
  0
SPLINE
  5
477
330
1F
100
AcDbEntity
  8
Layer 1
370
    25
100
AcDbSpline
210
0.0
220
0.0
230
1.0
 70
    24
 71
     3
 72
     8
 73
     4
 74
     0
 42
0.000000001
 43
0.0000000001
 40
0.0
 40
0.0
 40
0.0
 40
0.0
 40
1.0
 40
1.0
 40
1.0
 40
1.0
 10
3.47016
 20
5.37019
 30
0.0
 10
3.47016
 20
5.37019
 30
0.0
 10
3.47193
 20
5.37019
 30
0.0
 10
3.47193
 20
5.37019
 30
0.0
  0
SPLINE
  5
478
330
1F
100
AcDbEntity
  8
Layer 1
370
    25
100
AcDbSpline
210
0.0
220
0.0
230
1.0
 70
     8
 71
     3
 72
    36
 73
    32
 74
     0
 42
0.000000001
 43
0.0000000001
 40
0.0
 40
0.0
 40
0.0
 40
0.0
 40
0.1111111111111111
 40
0.1111111111111111
 40
0.1111111111111111
 40
0.1111111211111111
 40
0.2222222222222222
 40
0.2222222222222222
 40
0.2222222222222222
 40
0.2222222322222222
 40
0.3333333333333333
 40
0.3333333333333333
 40
0.3333333333333333
 40
0.3333333433333333
 40
0.4444444444444444
 40
0.4444444444444444
 40
0.4444444444444444
 40
0.4444444544444444
 40
0.5555555555555556
 40
0.5555555555555556
 40
0.5555555555555556
 40
0.5555555655555556
 40
0.6666666666666666
 40
0.6666666666666666
 40
0.6666666666666666
 40
0.6666666766666667
 40
0.7777777777777778
 40
0.7777777777777778
 40
0.7777777777777778
 40
0.7777777877777778
 40
1.0
 40
1.0
 40
1.0
 40
1.0
 10
3.45958
 20
5.40017
 30
0.0
 10
3.45958
 20
5.40017
 30
0.0
 10
3.46134
 20
5.40017
 30
0.0
 10
3.46134
 20
5.40017
 30
0.0
 10
3.46134
 20
5.40017
 30
0.0
 10
3.46134
 20
5.40017
 30
0.0
 10
3.46487
 20
5.39841
 30
0.0
 10
3.46487
 20
5.39841
 30
0.0
 10
3.46487
 20
5.39841
 30
0.0
 10
3.46487
 20
5.39841
 30
0.0
 10
3.46664
 20
5.39488
 30
0.0
 10
3.46664
 20
5.39488
 30
0.0
 10
3.46664
 20
5.39488
 30
0.0
 10
3.46664
 20
5.39488
 30
0.0
 10
3.4684
 20
5.39135
 30
0.0
 10
3.4684
 20
5.39135
 30
0.0
 10
3.4684
 20
5.39135
 30
0.0
 10
3.4684
 20
5.39135
 30
0.0
 10
3.47016
 20
5.38783
 30
0.0
 10
3.47016
 20
5.38783
 30
0.0
 10
3.47016
 20
5.38783
 30
0.0
 10
3.47016
 20
5.38783
 30
0.0
 10
3.47193
 20
5.38254
 30
0.0
 10
3.47193
 20
5.38254
 30
0.0
 10
3.47193
 20
5.38254
 30
0.0
 10
3.47193
 20
5.38254
 30
0.0
 10
3.47193
 20
5.37724
 30
0.0
 10
3.47193
 20
5.37724
 30
0.0
 10
3.47193
 20
5.37724
 30
0.0
 10
3.47193
 20
5.37724
 30
0.0
 10
3.47193
 20
5.37019
 30
0.0
 10
3.47193
 20
5.37019
 30
0.0
  0
SPLINE
  5
479
330
1F
100
AcDbEntity
  8
Layer 1
370
    25
100
AcDbSpline
210
0.0
220
0.0
230
1.0
 70
     8
 71
     3
 72
    32
 73
    28
 74
     0
 42
0.000000001
 43
0.0000000001
 40
0.0
 40
0.0
 40
0.0
 40
0.0
 40
0.125
 40
0.125
 40
0.125
 40
0.12500001
 40
0.25
 40
0.25
 40
0.25
 40
0.25000001
 40
0.375
 40
0.375
 40
0.375
 40
0.37500001
 40
0.5
 40
0.5
 40
0.5
 40
0.50000001
 40
0.625
 40
0.625
 40
0.625
 40
0.62500001
 40
0.75
 40
0.75
 40
0.75
 40
0.75000001
 40
1.0
 40
1.0
 40
1.0
 40
1.0
 10
3.53895
 20
3.16004
 30
0.0
 10
3.53895
 20
3.16004
 30
0.0
 10
3.53366
 20
3.14769
 30
0.0
 10
3.53366
 20
3.14769
 30
0.0
 10
3.53366
 20
3.14769
 30
0.0
 10
3.53366
 20
3.14769
 30
0.0
 10
3.52837
 20
3.1371
 30
0.0
 10
3.52837
 20
3.1371
 30
0.0
 10
3.52837
 20
3.1371
 30
0.0
 10
3.52837
 20
3.1371
 30
0.0
 10
3.51955
 20
3.12652
 30
0.0
 10
3.51955
 20
3.12652
 30
0.0
 10
3.51955
 20
3.12652
 30
0.0
 10
3.51955
 20
3.12652
 30
0.0
 10
3.50897
 20
3.11947
 30
0.0
 10
3.50897
 20
3.11947
 30
0.0
 10
3.50897
 20
3.11947
 30
0.0
 10
3.50897
 20
3.11947
 30
0.0
 10
3.49662
 20
3.11241
 30
0.0
 10
3.49662
 20
3.11241
 30
0.0
 10
3.49662
 20
3.11241
 30
0.0
 10
3.49662
 20
3.11241
 30
0.0
 10
3.48427
 20
3.10888
 30
0.0
 10
3.48427
 20
3.10888
 30
0.0
 10
3.48427
 20
3.10888
 30
0.0
 10
3.48427
 20
3.10888
 30
0.0
 10
3.47193
 20
3.10712
 30
0.0
 10
3.47193
 20
3.10712
 30
0.0
  0
SPLINE
  5
47A
330
1F
100
AcDbEntity
  8
Layer 1
370
    25
100
AcDbSpline
210
0.0
220
0.0
230
1.0
 70
     8
 71
     3
 72
    76
 73
    72
 74
     0
 42
0.000000001
 43
0.0000000001
 40
0.0
 40
0.0
 40
0.0
 40
0.0
 40
0.0526315789473684
 40
0.0526315789473684
 40
0.0526315789473684
 40
0.0526315889473684
 40
0.1052631578947368
 40
0.1052631578947368
 40
0.1052631578947368
 40
0.1052631678947368
 40
0.1578947368421053
 40
0.1578947368421053
 40
0.1578947368421053
 40
0.1578947468421052
 40
0.2105263157894737
 40
0.2105263157894737
 40
0.2105263157894737
 40
0.2105263257894737
 40
0.2631578947368421
 40
0.2631578947368421
 40
0.2631578947368421
 40
0.2631579047368421
 40
0.3157894736842105
 40
0.3157894736842105
 40
0.3157894736842105
 40
0.3157894836842105
 40
0.3684210526315789
 40
0.3684210526315789
 40
0.3684210526315789
 40
0.3684210626315789
 40
0.4210526315789473
 40
0.4210526315789473
 40
0.4210526315789473
 40
0.4210526415789473
 40
0.4736842105263158
 40
0.4736842105263158
 40
0.4736842105263158
 40
0.4736842205263158
 40
0.5263157894736842
 40
0.5263157894736842
 40
0.5263157894736842
 40
0.5263157994736842
 40
0.5789473684210527
 40
0.5789473684210527
 40
0.5789473684210527
 40
0.5789473784210527
 40
0.631578947368421
 40
0.631578947368421
 40
0.631578947368421
 40
0.6315789573684211
 40
0.6842105263157895
 40
0.6842105263157895
 40
0.6842105263157895
 40
0.6842105363157895
 40
0.7368421052631579
 40
0.7368421052631579
 40
0.7368421052631579
 40
0.7368421152631579
 40
0.7894736842105263
 40
0.7894736842105263
 40
0.7894736842105263
 40
0.7894736942105264
 40
0.8421052631578947
 40
0.8421052631578947
 40
0.8421052631578947
 40
0.8421052731578947
 40
0.8947368421052632
 40
0.8947368421052632
 40
0.8947368421052632
 40
0.8947368521052632
 40
1.0
 40
1.0
 40
1.0
 40
1.0
 10
3.53895
 20
5.31727
 30
0.0
 10
3.53895
 20
5.31727
 30
0.0
 10
3.56718
 20
5.19909
 30
0.0
 10
3.56718
 20
5.19909
 30
0.0
 10
3.56718
 20
5.19909
 30
0.0
 10
3.56718
 20
5.19909
 30
0.0
 10
3.59187
 20
5.08091
 30
0.0
 10
3.59187
 20
5.08091
 30
0.0
 10
3.59187
 20
5.08091
 30
0.0
 10
3.59187
 20
5.08091
 30
0.0
 10
3.61304
 20
4.96273
 30
0.0
 10
3.61304
 20
4.96273
 30
0.0
 10
3.61304
 20
4.96273
 30
0.0
 10
3.61304
 20
4.96273
 30
0.0
 10
3.63068
 20
4.84279
 30
0.0
 10
3.63068
 20
4.84279
 30
0.0
 10
3.63068
 20
4.84279
 30
0.0
 10
3.63068
 20
4.84279
 30
0.0
 10
3.64479
 20
4.72284
 30
0.0
 10
3.64479
 20
4.72284
 30
0.0
 10
3.64479
 20
4.72284
 30
0.0
 10
3.64479
 20
4.72284
 30
0.0
 10
3.65714
 20
4.60113
 30
0.0
 10
3.65714
 20
4.60113
 30
0.0
 10
3.65714
 20
4.60113
 30
0.0
 10
3.65714
 20
4.60113
 30
0.0
 10
3.66595
 20
4.48119
 30
0.0
 10
3.66595
 20
4.48119
 30
0.0
 10
3.66595
 20
4.48119
 30
0.0
 10
3.66595
 20
4.48119
 30
0.0
 10
3.66948
 20
4.35948
 30
0.0
 10
3.66948
 20
4.35948
 30
0.0
 10
3.66948
 20
4.35948
 30
0.0
 10
3.66948
 20
4.35948
 30
0.0
 10
3.67125
 20
4.23954
 30
0.0
 10
3.67125
 20
4.23954
 30
0.0
 10
3.67125
 20
4.23954
 30
0.0
 10
3.67125
 20
4.23954
 30
0.0
 10
3.66948
 20
4.11783
 30
0.0
 10
3.66948
 20
4.11783
 30
0.0
 10
3.66948
 20
4.11783
 30
0.0
 10
3.66948
 20
4.11783
 30
0.0
 10
3.66595
 20
3.99788
 30
0.0
 10
3.66595
 20
3.99788
 30
0.0
 10
3.66595
 20
3.99788
 30
0.0
 10
3.66595
 20
3.99788
 30
0.0
 10
3.65714
 20
3.87617
 30
0.0
 10
3.65714
 20
3.87617
 30
0.0
 10
3.65714
 20
3.87617
 30
0.0
 10
3.65714
 20
3.87617
 30
0.0
 10
3.64479
 20
3.75623
 30
0.0
 10
3.64479
 20
3.75623
 30
0.0
 10
3.64479
 20
3.75623
 30
0.0
 10
3.64479
 20
3.75623
 30
0.0
 10
3.63068
 20
3.63629
 30
0.0
 10
3.63068
 20
3.63629
 30
0.0
 10
3.63068
 20
3.63629
 30
0.0
 10
3.63068
 20
3.63629
 30
0.0
 10
3.61304
 20
3.51634
 30
0.0
 10
3.61304
 20
3.51634
 30
0.0
 10
3.61304
 20
3.51634
 30
0.0
 10
3.61304
 20
3.51634
 30
0.0
 10
3.59187
 20
3.3964
 30
0.0
 10
3.59187
 20
3.3964
 30
0.0
 10
3.59187
 20
3.3964
 30
0.0
 10
3.59187
 20
3.3964
 30
0.0
 10
3.56718
 20
3.27822
 30
0.0
 10
3.56718
 20
3.27822
 30
0.0
 10
3.56718
 20
3.27822
 30
0.0
 10
3.56718
 20
3.27822
 30
0.0
 10
3.53895
 20
3.16004
 30
0.0
 10
3.53895
 20
3.16004
 30
0.0
  0
SPLINE
  5
47B
330
1F
100
AcDbEntity
  8
Layer 1
370
    25
100
AcDbSpline
210
0.0
220
0.0
230
1.0
 70
     8
 71
     3
 72
    32
 73
    28
 74
     0
 42
0.000000001
 43
0.0000000001
 40
0.0
 40
0.0
 40
0.0
 40
0.0
 40
0.125
 40
0.125
 40
0.125
 40
0.12500001
 40
0.25
 40
0.25
 40
0.25
 40
0.25000001
 40
0.375
 40
0.375
 40
0.375
 40
0.37500001
 40
0.5
 40
0.5
 40
0.5
 40
0.50000001
 40
0.625
 40
0.625
 40
0.625
 40
0.62500001
 40
0.75
 40
0.75
 40
0.75
 40
0.75000001
 40
1.0
 40
1.0
 40
1.0
 40
1.0
 10
3.47193
 20
5.37019
 30
0.0
 10
3.47193
 20
5.37019
 30
0.0
 10
3.48427
 20
5.36842
 30
0.0
 10
3.48427
 20
5.36842
 30
0.0
 10
3.48427
 20
5.36842
 30
0.0
 10
3.48427
 20
5.36842
 30
0.0
 10
3.49662
 20
5.3649
 30
0.0
 10
3.49662
 20
5.3649
 30
0.0
 10
3.49662
 20
5.3649
 30
0.0
 10
3.49662
 20
5.3649
 30
0.0
 10
3.50897
 20
5.3596
 30
0.0
 10
3.50897
 20
5.3596
 30
0.0
 10
3.50897
 20
5.3596
 30
0.0
 10
3.50897
 20
5.3596
 30
0.0
 10
3.51955
 20
5.35079
 30
0.0
 10
3.51955
 20
5.35079
 30
0.0
 10
3.51955
 20
5.35079
 30
0.0
 10
3.51955
 20
5.35079
 30
0.0
 10
3.52837
 20
5.34197
 30
0.0
 10
3.52837
 20
5.34197
 30
0.0
 10
3.52837
 20
5.34197
 30
0.0
 10
3.52837
 20
5.34197
 30
0.0
 10
3.53366
 20
5.32962
 30
0.0
 10
3.53366
 20
5.32962
 30
0.0
 10
3.53366
 20
5.32962
 30
0.0
 10
3.53366
 20
5.32962
 30
0.0
 10
3.53895
 20
5.31727
 30
0.0
 10
3.53895
 20
5.31727
 30
0.0
  0
SPLINE
  5
47C
330
1F
100
AcDbEntity
  8
Layer 1
370
    25
100
AcDbSpline
210
0.0
220
0.0
230
1.0
 70
     8
 71
     3
 72
    32
 73
    28
 74
     0
 42
0.000000001
 43
0.0000000001
 40
0.0
 40
0.0
 40
0.0
 40
0.0
 40
0.125
 40
0.125
 40
0.125
 40
0.12500001
 40
0.25
 40
0.25
 40
0.25
 40
0.25000001
 40
0.375
 40
0.375
 40
0.375
 40
0.37500001
 40
0.5
 40
0.5
 40
0.5
 40
0.50000001
 40
0.625
 40
0.625
 40
0.625
 40
0.62500001
 40
0.75
 40
0.75
 40
0.75
 40
0.75000001
 40
1.0
 40
1.0
 40
1.0
 40
1.0
 10
3.45958
 20
3.07713
 30
0.0
 10
3.45958
 20
3.07713
 30
0.0
 10
3.47898
 20
3.0789
 30
0.0
 10
3.47898
 20
3.0789
 30
0.0
 10
3.47898
 20
3.0789
 30
0.0
 10
3.47898
 20
3.0789
 30
0.0
 10
3.49662
 20
3.08595
 30
0.0
 10
3.49662
 20
3.08595
 30
0.0
 10
3.49662
 20
3.08595
 30
0.0
 10
3.49662
 20
3.08595
 30
0.0
 10
3.5125
 20
3.09301
 30
0.0
 10
3.5125
 20
3.09301
 30
0.0
 10
3.5125
 20
3.09301
 30
0.0
 10
3.5125
 20
3.09301
 30
0.0
 10
3.52661
 20
3.10535
 30
0.0
 10
3.52661
 20
3.10535
 30
0.0
 10
3.52661
 20
3.10535
 30
0.0
 10
3.52661
 20
3.10535
 30
0.0
 10
3.53895
 20
3.11947
 30
0.0
 10
3.53895
 20
3.11947
 30
0.0
 10
3.53895
 20
3.11947
 30
0.0
 10
3.53895
 20
3.11947
 30
0.0
 10
3.54954
 20
3.13534
 30
0.0
 10
3.54954
 20
3.13534
 30
0.0
 10
3.54954
 20
3.13534
 30
0.0
 10
3.54954
 20
3.13534
 30
0.0
 10
3.55483
 20
3.15298
 30
0.0
 10
3.55483
 20
3.15298
 30
0.0
  0
SPLINE
  5
47D
330
1F
100
AcDbEntity
  8
Layer 1
370
    25
100
AcDbSpline
210
0.0
220
0.0
230
1.0
 70
     8
 71
     3
 72
    36
 73
    32
 74
     0
 42
0.000000001
 43
0.0000000001
 40
0.0
 40
0.0
 40
0.0
 40
0.0
 40
0.1111111111111111
 40
0.1111111111111111
 40
0.1111111111111111
 40
0.1111111211111111
 40
0.2222222222222222
 40
0.2222222222222222
 40
0.2222222222222222
 40
0.2222222322222222
 40
0.3333333333333333
 40
0.3333333333333333
 40
0.3333333333333333
 40
0.3333333433333333
 40
0.4444444444444444
 40
0.4444444444444444
 40
0.4444444444444444
 40
0.4444444544444444
 40
0.5555555555555556
 40
0.5555555555555556
 40
0.5555555555555556
 40
0.5555555655555556
 40
0.6666666666666666
 40
0.6666666666666666
 40
0.6666666666666666
 40
0.6666666766666667
 40
0.7777777777777778
 40
0.7777777777777778
 40
0.7777777777777778
 40
0.7777777877777778
 40
1.0
 40
1.0
 40
1.0
 40
1.0
 10
3.55483
 20
3.15298
 30
0.0
 10
3.55483
 20
3.15298
 30
0.0
 10
3.55483
 20
3.15298
 30
0.0
 10
3.55483
 20
3.15298
 30
0.0
 10
3.55483
 20
3.15298
 30
0.0
 10
3.55483
 20
3.15298
 30
0.0
 10
3.55483
 20
3.15474
 30
0.0
 10
3.55483
 20
3.15474
 30
0.0
 10
3.55483
 20
3.15474
 30
0.0
 10
3.55483
 20
3.15474
 30
0.0
 10
3.55307
 20
3.15474
 30
0.0
 10
3.55307
 20
3.15474
 30
0.0
 10
3.55307
 20
3.15474
 30
0.0
 10
3.55307
 20
3.15474
 30
0.0
 10
3.5513
 20
3.15651
 30
0.0
 10
3.5513
 20
3.15651
 30
0.0
 10
3.5513
 20
3.15651
 30
0.0
 10
3.5513
 20
3.15651
 30
0.0
 10
3.54777
 20
3.15651
 30
0.0
 10
3.54777
 20
3.15651
 30
0.0
 10
3.54777
 20
3.15651
 30
0.0
 10
3.54777
 20
3.15651
 30
0.0
 10
3.54601
 20
3.15827
 30
0.0
 10
3.54601
 20
3.15827
 30
0.0
 10
3.54601
 20
3.15827
 30
0.0
 10
3.54601
 20
3.15827
 30
0.0
 10
3.54248
 20
3.16004
 30
0.0
 10
3.54248
 20
3.16004
 30
0.0
 10
3.54248
 20
3.16004
 30
0.0
 10
3.54248
 20
3.16004
 30
0.0
 10
3.53895
 20
3.16004
 30
0.0
 10
3.53895
 20
3.16004
 30
0.0
  0
SPLINE
  5
47E
330
1F
100
AcDbEntity
  8
Layer 1
370
    25
100
AcDbSpline
210
0.0
220
0.0
230
1.0
 70
     8
 71
     3
 72
    32
 73
    28
 74
     0
 42
0.000000001
 43
0.0000000001
 40
0.0
 40
0.0
 40
0.0
 40
0.0
 40
0.125
 40
0.125
 40
0.125
 40
0.12500001
 40
0.25
 40
0.25
 40
0.25
 40
0.25000001
 40
0.375
 40
0.375
 40
0.375
 40
0.37500001
 40
0.5
 40
0.5
 40
0.5
 40
0.50000001
 40
0.625
 40
0.625
 40
0.625
 40
0.62500001
 40
0.75
 40
0.75
 40
0.75
 40
0.75000001
 40
1.0
 40
1.0
 40
1.0
 40
1.0
 10
3.55483
 20
5.32433
 30
0.0
 10
3.55483
 20
5.32433
 30
0.0
 10
3.54954
 20
5.34197
 30
0.0
 10
3.54954
 20
5.34197
 30
0.0
 10
3.54954
 20
5.34197
 30
0.0
 10
3.54954
 20
5.34197
 30
0.0
 10
3.53895
 20
5.35784
 30
0.0
 10
3.53895
 20
5.35784
 30
0.0
 10
3.53895
 20
5.35784
 30
0.0
 10
3.53895
 20
5.35784
 30
0.0
 10
3.52661
 20
5.37195
 30
0.0
 10
3.52661
 20
5.37195
 30
0.0
 10
3.52661
 20
5.37195
 30
0.0
 10
3.52661
 20
5.37195
 30
0.0
 10
3.5125
 20
5.3843
 30
0.0
 10
3.5125
 20
5.3843
 30
0.0
 10
3.5125
 20
5.3843
 30
0.0
 10
3.5125
 20
5.3843
 30
0.0
 10
3.49662
 20
5.39312
 30
0.0
 10
3.49662
 20
5.39312
 30
0.0
 10
3.49662
 20
5.39312
 30
0.0
 10
3.49662
 20
5.39312
 30
0.0
 10
3.47898
 20
5.39841
 30
0.0
 10
3.47898
 20
5.39841
 30
0.0
 10
3.47898
 20
5.39841
 30
0.0
 10
3.47898
 20
5.39841
 30
0.0
 10
3.45958
 20
5.40017
 30
0.0
 10
3.45958
 20
5.40017
 30
0.0
  0
SPLINE
  5
47F
330
1F
100
AcDbEntity
  8
Layer 1
370
    25
100
AcDbSpline
210
0.0
220
0.0
230
1.0
 70
     8
 71
     3
 72
    32
 73
    28
 74
     0
 42
0.000000001
 43
0.0000000001
 40
0.0
 40
0.0
 40
0.0
 40
0.0
 40
0.125
 40
0.125
 40
0.125
 40
0.12500001
 40
0.25
 40
0.25
 40
0.25
 40
0.25000001
 40
0.375
 40
0.375
 40
0.375
 40
0.37500001
 40
0.5
 40
0.5
 40
0.5
 40
0.50000001
 40
0.625
 40
0.625
 40
0.625
 40
0.62500001
 40
0.75
 40
0.75
 40
0.75
 40
0.75000001
 40
1.0
 40
1.0
 40
1.0
 40
1.0
 10
3.55483
 20
5.32433
 30
0.0
 10
3.55483
 20
5.32433
 30
0.0
 10
3.55483
 20
5.32433
 30
0.0
 10
3.55483
 20
5.32433
 30
0.0
 10
3.55483
 20
5.32433
 30
0.0
 10
3.55483
 20
5.32433
 30
0.0
 10
3.55307
 20
5.32256
 30
0.0
 10
3.55307
 20
5.32256
 30
0.0
 10
3.55307
 20
5.32256
 30
0.0
 10
3.55307
 20
5.32256
 30
0.0
 10
3.5513
 20
5.32256
 30
0.0
 10
3.5513
 20
5.32256
 30
0.0
 10
3.5513
 20
5.32256
 30
0.0
 10
3.5513
 20
5.32256
 30
0.0
 10
3.54777
 20
5.3208
 30
0.0
 10
3.54777
 20
5.3208
 30
0.0
 10
3.54777
 20
5.3208
 30
0.0
 10
3.54777
 20
5.3208
 30
0.0
 10
3.54601
 20
5.31904
 30
0.0
 10
3.54601
 20
5.31904
 30
0.0
 10
3.54601
 20
5.31904
 30
0.0
 10
3.54601
 20
5.31904
 30
0.0
 10
3.54248
 20
5.31904
 30
0.0
 10
3.54248
 20
5.31904
 30
0.0
 10
3.54248
 20
5.31904
 30
0.0
 10
3.54248
 20
5.31904
 30
0.0
 10
3.53895
 20
5.31727
 30
0.0
 10
3.53895
 20
5.31727
 30
0.0
  0
SPLINE
  5
480
330
1F
100
AcDbEntity
  8
Layer 1
370
    25
100
AcDbSpline
210
0.0
220
0.0
230
1.0
 70
     8
 71
     3
 72
    76
 73
    72
 74
     0
 42
0.000000001
 43
0.0000000001
 40
0.0
 40
0.0
 40
0.0
 40
0.0
 40
0.0526315789473684
 40
0.0526315789473684
 40
0.0526315789473684
 40
0.0526315889473684
 40
0.1052631578947368
 40
0.1052631578947368
 40
0.1052631578947368
 40
0.1052631678947368
 40
0.1578947368421053
 40
0.1578947368421053
 40
0.1578947368421053
 40
0.1578947468421052
 40
0.2105263157894737
 40
0.2105263157894737
 40
0.2105263157894737
 40
0.2105263257894737
 40
0.2631578947368421
 40
0.2631578947368421
 40
0.2631578947368421
 40
0.2631579047368421
 40
0.3157894736842105
 40
0.3157894736842105
 40
0.3157894736842105
 40
0.3157894836842105
 40
0.3684210526315789
 40
0.3684210526315789
 40
0.3684210526315789
 40
0.3684210626315789
 40
0.4210526315789473
 40
0.4210526315789473
 40
0.4210526315789473
 40
0.4210526415789473
 40
0.4736842105263158
 40
0.4736842105263158
 40
0.4736842105263158
 40
0.4736842205263158
 40
0.5263157894736842
 40
0.5263157894736842
 40
0.5263157894736842
 40
0.5263157994736842
 40
0.5789473684210527
 40
0.5789473684210527
 40
0.5789473684210527
 40
0.5789473784210527
 40
0.631578947368421
 40
0.631578947368421
 40
0.631578947368421
 40
0.6315789573684211
 40
0.6842105263157895
 40
0.6842105263157895
 40
0.6842105263157895
 40
0.6842105363157895
 40
0.7368421052631579
 40
0.7368421052631579
 40
0.7368421052631579
 40
0.7368421152631579
 40
0.7894736842105263
 40
0.7894736842105263
 40
0.7894736842105263
 40
0.7894736942105264
 40
0.8421052631578947
 40
0.8421052631578947
 40
0.8421052631578947
 40
0.8421052731578947
 40
0.8947368421052632
 40
0.8947368421052632
 40
0.8947368421052632
 40
0.8947368521052632
 40
1.0
 40
1.0
 40
1.0
 40
1.0
 10
3.55483
 20
3.15298
 30
0.0
 10
3.55483
 20
3.15298
 30
0.0
 10
3.58305
 20
3.27116
 30
0.0
 10
3.58305
 20
3.27116
 30
0.0
 10
3.58305
 20
3.27116
 30
0.0
 10
3.58305
 20
3.27116
 30
0.0
 10
3.60775
 20
3.3911
 30
0.0
 10
3.60775
 20
3.3911
 30
0.0
 10
3.60775
 20
3.3911
 30
0.0
 10
3.60775
 20
3.3911
 30
0.0
 10
3.62891
 20
3.51105
 30
0.0
 10
3.62891
 20
3.51105
 30
0.0
 10
3.62891
 20
3.51105
 30
0.0
 10
3.62891
 20
3.51105
 30
0.0
 10
3.64832
 20
3.63099
 30
0.0
 10
3.64832
 20
3.63099
 30
0.0
 10
3.64832
 20
3.63099
 30
0.0
 10
3.64832
 20
3.63099
 30
0.0
 10
3.66243
 20
3.7527
 30
0.0
 10
3.66243
 20
3.7527
 30
0.0
 10
3.66243
 20
3.7527
 30
0.0
 10
3.66243
 20
3.7527
 30
0.0
 10
3.67477
 20
3.87441
 30
0.0
 10
3.67477
 20
3.87441
 30
0.0
 10
3.67477
 20
3.87441
 30
0.0
 10
3.67477
 20
3.87441
 30
0.0
 10
3.68183
 20
3.99612
 30
0.0
 10
3.68183
 20
3.99612
 30
0.0
 10
3.68183
 20
3.99612
 30
0.0
 10
3.68183
 20
3.99612
 30
0.0
 10
3.68712
 20
4.11783
 30
0.0
 10
3.68712
 20
4.11783
 30
0.0
 10
3.68712
 20
4.11783
 30
0.0
 10
3.68712
 20
4.11783
 30
0.0
 10
3.68889
 20
4.23954
 30
0.0
 10
3.68889
 20
4.23954
 30
0.0
 10
3.68889
 20
4.23954
 30
0.0
 10
3.68889
 20
4.23954
 30
0.0
 10
3.68712
 20
4.36124
 30
0.0
 10
3.68712
 20
4.36124
 30
0.0
 10
3.68712
 20
4.36124
 30
0.0
 10
3.68712
 20
4.36124
 30
0.0
 10
3.68183
 20
4.48295
 30
0.0
 10
3.68183
 20
4.48295
 30
0.0
 10
3.68183
 20
4.48295
 30
0.0
 10
3.68183
 20
4.48295
 30
0.0
 10
3.67477
 20
4.60466
 30
0.0
 10
3.67477
 20
4.60466
 30
0.0
 10
3.67477
 20
4.60466
 30
0.0
 10
3.67477
 20
4.60466
 30
0.0
 10
3.66243
 20
4.72637
 30
0.0
 10
3.66243
 20
4.72637
 30
0.0
 10
3.66243
 20
4.72637
 30
0.0
 10
3.66243
 20
4.72637
 30
0.0
 10
3.64832
 20
4.84631
 30
0.0
 10
3.64832
 20
4.84631
 30
0.0
 10
3.64832
 20
4.84631
 30
0.0
 10
3.64832
 20
4.84631
 30
0.0
 10
3.62891
 20
4.96626
 30
0.0
 10
3.62891
 20
4.96626
 30
0.0
 10
3.62891
 20
4.96626
 30
0.0
 10
3.62891
 20
4.96626
 30
0.0
 10
3.60775
 20
5.0862
 30
0.0
 10
3.60775
 20
5.0862
 30
0.0
 10
3.60775
 20
5.0862
 30
0.0
 10
3.60775
 20
5.0862
 30
0.0
 10
3.58305
 20
5.20615
 30
0.0
 10
3.58305
 20
5.20615
 30
0.0
 10
3.58305
 20
5.20615
 30
0.0
 10
3.58305
 20
5.20615
 30
0.0
 10
3.55483
 20
5.32433
 30
0.0
 10
3.55483
 20
5.32433
 30
0.0
  0
SPLINE
  5
482
330
1F
100
AcDbEntity
  8
Layer 1
370
    25
100
AcDbSpline
210
0.0
220
0.0
230
1.0
 70
     8
 71
     3
 72
    44
 73
    40
 74
     0
 42
0.000000001
 43
0.0000000001
 40
0.0
 40
0.0
 40
0.0
 40
0.0
 40
0.0909090909090909
 40
0.0909090909090909
 40
0.0909090909090909
 40
0.0909091009090909
 40
0.1818181818181818
 40
0.1818181818181818
 40
0.1818181818181818
 40
0.1818181918181818
 40
0.2727272727272727
 40
0.2727272727272727
 40
0.2727272727272727
 40
0.2727272827272727
 40
0.3636363636363636
 40
0.3636363636363636
 40
0.3636363636363636
 40
0.3636363736363636
 40
0.4545454545454545
 40
0.4545454545454545
 40
0.4545454545454545
 40
0.4545454645454545
 40
0.5454545454545454
 40
0.5454545454545454
 40
0.5454545454545454
 40
0.5454545554545455
 40
0.6363636363636364
 40
0.6363636363636364
 40
0.6363636363636364
 40
0.6363636463636364
 40
0.7272727272727273
 40
0.7272727272727273
 40
0.7272727272727273
 40
0.7272727372727273
 40
0.8181818181818182
 40
0.8181818181818182
 40
0.8181818181818182
 40
0.8181818281818183
 40
1.0
 40
1.0
 40
1.0
 40
1.0
 10
3.6395
 20
1.21426
 30
0.0
 10
3.6395
 20
1.21426
 30
0.0
 10
3.64126
 20
1.21602
 30
0.0
 10
3.64126
 20
1.21602
 30
0.0
 10
3.64126
 20
1.21602
 30
0.0
 10
3.64126
 20
1.21602
 30
0.0
 10
3.64126
 20
1.22661
 30
0.0
 10
3.64126
 20
1.22661
 30
0.0
 10
3.64126
 20
1.22661
 30
0.0
 10
3.64126
 20
1.22661
 30
0.0
 10
3.64479
 20
1.24248
 30
0.0
 10
3.64479
 20
1.24248
 30
0.0
 10
3.64479
 20
1.24248
 30
0.0
 10
3.64479
 20
1.24248
 30
0.0
 10
3.64655
 20
1.26365
 30
0.0
 10
3.64655
 20
1.26365
 30
0.0
 10
3.64655
 20
1.26365
 30
0.0
 10
3.64655
 20
1.26365
 30
0.0
 10
3.65008
 20
1.28658
 30
0.0
 10
3.65008
 20
1.28658
 30
0.0
 10
3.65008
 20
1.28658
 30
0.0
 10
3.65008
 20
1.28658
 30
0.0
 10
3.65361
 20
1.30951
 30
0.0
 10
3.65361
 20
1.30951
 30
0.0
 10
3.65361
 20
1.30951
 30
0.0
 10
3.65361
 20
1.30951
 30
0.0
 10
3.65537
 20
1.33068
 30
0.0
 10
3.65537
 20
1.33068
 30
0.0
 10
3.65537
 20
1.33068
 30
0.0
 10
3.65537
 20
1.33068
 30
0.0
 10
3.65714
 20
1.34479
 30
0.0
 10
3.65714
 20
1.34479
 30
0.0
 10
3.65714
 20
1.34479
 30
0.0
 10
3.65714
 20
1.34479
 30
0.0
 10
3.6589
 20
1.35184
 30
0.0
 10
3.6589
 20
1.35184
 30
0.0
 10
3.6589
 20
1.35184
 30
0.0
 10
3.6589
 20
1.35184
 30
0.0
 10
3.6589
 20
1.35361
 30
0.0
 10
3.6589
 20
1.35361
 30
0.0
  0
SPLINE
  5
483
330
1F
100
AcDbEntity
  8
Layer 1
370
    25
100
AcDbSpline
210
0.0
220
0.0
230
1.0
 70
    24
 71
     3
 72
     8
 73
     4
 74
     0
 42
0.000000001
 43
0.0000000001
 40
0.0
 40
0.0
 40
0.0
 40
0.0
 40
1.0
 40
1.0
 40
1.0
 40
1.0
 10
3.449
 20
0.74154
 30
0.0
 10
3.449
 20
0.74154
 30
0.0
 10
3.40887
 20
0.7408
 30
0.0
 10
3.40887
 20
0.7408
 30
0.0
  0
SPLINE
  5
484
330
1F
100
AcDbEntity
  8
Layer 1
370
    25
100
AcDbSpline
210
0.0
220
0.0
230
1.0
 70
    24
 71
     3
 72
     8
 73
     4
 74
     0
 42
0.000000001
 43
0.0000000001
 40
0.0
 40
0.0
 40
0.0
 40
0.0
 40
1.0
 40
1.0
 40
1.0
 40
1.0
 10
3.449
 20
3.00461
 30
0.0
 10
3.449
 20
3.00461
 30
0.0
 10
3.449
 20
0.74154
 30
0.0
 10
3.449
 20
0.74154
 30
0.0
  0
SPLINE
  5
485
330
1F
100
AcDbEntity
  8
Layer 1
370
    25
100
AcDbSpline
210
0.0
220
0.0
230
1.0
 70
    24
 71
     3
 72
     8
 73
     4
 74
     0
 42
0.000000001
 43
0.0000000001
 40
0.0
 40
0.0
 40
0.0
 40
0.0
 40
1.0
 40
1.0
 40
1.0
 40
1.0
 10
3.40887
 20
3.00535
 30
0.0
 10
3.40887
 20
3.00535
 30
0.0
 10
3.449
 20
3.00461
 30
0.0
 10
3.449
 20
3.00461
 30
0.0
  0
SPLINE
  5
486
330
1F
100
AcDbEntity
  8
Layer 1
370
    25
100
AcDbSpline
210
0.0
220
0.0
230
1.0
 70
    24
 71
     3
 72
     8
 73
     4
 74
     0
 42
0.000000001
 43
0.0000000001
 40
0.0
 40
0.0
 40
0.0
 40
0.0
 40
1.0
 40
1.0
 40
1.0
 40
1.0
 10
3.40887
 20
0.71081
 30
0.0
 10
3.40887
 20
0.71081
 30
0.0
 10
3.449
 20
0.71155
 30
0.0
 10
3.449
 20
0.71155
 30
0.0
  0
SPLINE
  5
487
330
1F
100
AcDbEntity
  8
Layer 1
370
    25
100
AcDbSpline
210
0.0
220
0.0
230
1.0
 70
    24
 71
     3
 72
    32
 73
    28
 74
     0
 42
0.000000001
 43
0.0000000001
 40
0.0
 40
0.0
 40
0.0
 40
0.0
 40
0.125
 40
0.125
 40
0.125
 40
0.12500001
 40
0.25
 40
0.25
 40
0.25
 40
0.25000001
 40
0.375
 40
0.375
 40
0.375
 40
0.37500001
 40
0.5
 40
0.5
 40
0.5
 40
0.50000001
 40
0.625
 40
0.625
 40
0.625
 40
0.62500001
 40
0.75
 40
0.75
 40
0.75
 40
0.75000001
 40
1.0
 40
1.0
 40
1.0
 40
1.0
 10
3.449
 20
0.71155
 30
0.0
 10
3.449
 20
0.71155
 30
0.0
 10
3.449
 20
0.71332
 30
0.0
 10
3.449
 20
0.71332
 30
0.0
 10
3.449
 20
0.71332
 30
0.0
 10
3.449
 20
0.71332
 30
0.0
 10
3.449
 20
0.71684
 30
0.0
 10
3.449
 20
0.71684
 30
0.0
 10
3.449
 20
0.71684
 30
0.0
 10
3.449
 20
0.71684
 30
0.0
 10
3.449
 20
0.72037
 30
0.0
 10
3.449
 20
0.72037
 30
0.0
 10
3.449
 20
0.72037
 30
0.0
 10
3.449
 20
0.72037
 30
0.0
 10
3.449
 20
0.72566
 30
0.0
 10
3.449
 20
0.72566
 30
0.0
 10
3.449
 20
0.72566
 30
0.0
 10
3.449
 20
0.72566
 30
0.0
 10
3.449
 20
0.73096
 30
0.0
 10
3.449
 20
0.73096
 30
0.0
 10
3.449
 20
0.73096
 30
0.0
 10
3.449
 20
0.73096
 30
0.0
 10
3.449
 20
0.73625
 30
0.0
 10
3.449
 20
0.73625
 30
0.0
 10
3.449
 20
0.73625
 30
0.0
 10
3.449
 20
0.73625
 30
0.0
 10
3.449
 20
0.74154
 30
0.0
 10
3.449
 20
0.74154
 30
0.0
  0
SPLINE
  5
488
330
1F
100
AcDbEntity
  8
Layer 1
370
    25
100
AcDbSpline
210
0.0
220
0.0
230
1.0
 70
    24
 71
     3
 72
    36
 73
    32
 74
     0
 42
0.000000001
 43
0.0000000001
 40
0.0
 40
0.0
 40
0.0
 40
0.0
 40
0.1111111111111111
 40
0.1111111111111111
 40
0.1111111111111111
 40
0.1111111211111111
 40
0.2222222222222222
 40
0.2222222222222222
 40
0.2222222222222222
 40
0.2222222322222222
 40
0.3333333333333333
 40
0.3333333333333333
 40
0.3333333333333333
 40
0.3333333433333333
 40
0.4444444444444444
 40
0.4444444444444444
 40
0.4444444444444444
 40
0.4444444544444444
 40
0.5555555555555556
 40
0.5555555555555556
 40
0.5555555555555556
 40
0.5555555655555556
 40
0.6666666666666666
 40
0.6666666666666666
 40
0.6666666666666666
 40
0.6666666766666667
 40
0.7777777777777778
 40
0.7777777777777778
 40
0.7777777777777778
 40
0.7777777877777778
 40
1.0
 40
1.0
 40
1.0
 40
1.0
 10
3.449
 20
3.03459
 30
0.0
 10
3.449
 20
3.03459
 30
0.0
 10
3.449
 20
3.03459
 30
0.0
 10
3.449
 20
3.03459
 30
0.0
 10
3.449
 20
3.03459
 30
0.0
 10
3.449
 20
3.03459
 30
0.0
 10
3.449
 20
3.03283
 30
0.0
 10
3.449
 20
3.03283
 30
0.0
 10
3.449
 20
3.03283
 30
0.0
 10
3.449
 20
3.03283
 30
0.0
 10
3.449
 20
3.0293
 30
0.0
 10
3.449
 20
3.0293
 30
0.0
 10
3.449
 20
3.0293
 30
0.0
 10
3.449
 20
3.0293
 30
0.0
 10
3.449
 20
3.02577
 30
0.0
 10
3.449
 20
3.02577
 30
0.0
 10
3.449
 20
3.02577
 30
0.0
 10
3.449
 20
3.02577
 30
0.0
 10
3.449
 20
3.02225
 30
0.0
 10
3.449
 20
3.02225
 30
0.0
 10
3.449
 20
3.02225
 30
0.0
 10
3.449
 20
3.02225
 30
0.0
 10
3.449
 20
3.01696
 30
0.0
 10
3.449
 20
3.01696
 30
0.0
 10
3.449
 20
3.01696
 30
0.0
 10
3.449
 20
3.01696
 30
0.0
 10
3.449
 20
3.01166
 30
0.0
 10
3.449
 20
3.01166
 30
0.0
 10
3.449
 20
3.01166
 30
0.0
 10
3.449
 20
3.01166
 30
0.0
 10
3.449
 20
3.00461
 30
0.0
 10
3.449
 20
3.00461
 30
0.0
  0
SPLINE
  5
489
330
1F
100
AcDbEntity
  8
Layer 1
370
    25
100
AcDbSpline
210
0.0
220
0.0
230
1.0
 70
    24
 71
     3
 72
     8
 73
     4
 74
     0
 42
0.000000001
 43
0.0000000001
 40
0.0
 40
0.0
 40
0.0
 40
0.0
 40
1.0
 40
1.0
 40
1.0
 40
1.0
 10
3.449
 20
3.03459
 30
0.0
 10
3.449
 20
3.03459
 30
0.0
 10
3.40887
 20
3.03533
 30
0.0
 10
3.40887
 20
3.03533
 30
0.0
  0
SPLINE
  5
48A
330
1F
100
AcDbEntity
  8
Layer 1
370
    25
100
AcDbSpline
210
0.0
220
0.0
230
1.0
 70
    24
 71
     3
 72
    16
 73
    12
 74
     0
 42
0.000000001
 43
0.0000000001
 40
0.0
 40
0.0
 40
0.0
 40
0.0
 40
0.25
 40
0.25
 40
0.25
 40
0.25000001
 40
0.5
 40
0.5
 40
0.5
 40
0.50000001
 40
1.0
 40
1.0
 40
1.0
 40
1.0
 10
3.45782
 20
3.03459
 30
0.0
 10
3.45782
 20
3.03459
 30
0.0
 10
3.45429
 20
3.03459
 30
0.0
 10
3.45429
 20
3.03459
 30
0.0
 10
3.45429
 20
3.03459
 30
0.0
 10
3.45429
 20
3.03459
 30
0.0
 10
3.45252
 20
3.03459
 30
0.0
 10
3.45252
 20
3.03459
 30
0.0
 10
3.45252
 20
3.03459
 30
0.0
 10
3.45252
 20
3.03459
 30
0.0
 10
3.449
 20
3.03459
 30
0.0
 10
3.449
 20
3.03459
 30
0.0
  0
SPLINE
  5
48B
330
1F
100
AcDbEntity
  8
Layer 1
370
    25
100
AcDbSpline
210
0.0
220
0.0
230
1.0
 70
    24
 71
     3
 72
    16
 73
    12
 74
     0
 42
0.000000001
 43
0.0000000001
 40
0.0
 40
0.0
 40
0.0
 40
0.0
 40
0.25
 40
0.25
 40
0.25
 40
0.25000001
 40
0.5
 40
0.5
 40
0.5
 40
0.50000001
 40
1.0
 40
1.0
 40
1.0
 40
1.0
 10
3.449
 20
3.00461
 30
0.0
 10
3.449
 20
3.00461
 30
0.0
 10
3.45605
 20
3.00461
 30
0.0
 10
3.45605
 20
3.00461
 30
0.0
 10
3.45605
 20
3.00461
 30
0.0
 10
3.45605
 20
3.00461
 30
0.0
 10
3.46311
 20
3.00461
 30
0.0
 10
3.46311
 20
3.00461
 30
0.0
 10
3.46311
 20
3.00461
 30
0.0
 10
3.46311
 20
3.00461
 30
0.0
 10
3.47016
 20
3.00461
 30
0.0
 10
3.47016
 20
3.00461
 30
0.0
  0
SPLINE
  5
48C
330
1F
100
AcDbEntity
  8
Layer 1
370
    25
100
AcDbSpline
210
0.0
220
0.0
230
1.0
 70
     8
 71
     3
 72
    36
 73
    32
 74
     0
 42
0.000000001
 43
0.0000000001
 40
0.0
 40
0.0
 40
0.0
 40
0.0
 40
0.1111111111111111
 40
0.1111111111111111
 40
0.1111111111111111
 40
0.1111111211111111
 40
0.2222222222222222
 40
0.2222222222222222
 40
0.2222222222222222
 40
0.2222222322222222
 40
0.3333333333333333
 40
0.3333333333333333
 40
0.3333333333333333
 40
0.3333333433333333
 40
0.4444444444444444
 40
0.4444444444444444
 40
0.4444444444444444
 40
0.4444444544444444
 40
0.5555555555555556
 40
0.5555555555555556
 40
0.5555555555555556
 40
0.5555555655555556
 40
0.6666666666666666
 40
0.6666666666666666
 40
0.6666666666666666
 40
0.6666666766666667
 40
0.7777777777777778
 40
0.7777777777777778
 40
0.7777777777777778
 40
0.7777777877777778
 40
1.0
 40
1.0
 40
1.0
 40
1.0
 10
3.45782
 20
3.03459
 30
0.0
 10
3.45782
 20
3.03459
 30
0.0
 10
3.45958
 20
3.03459
 30
0.0
 10
3.45958
 20
3.03459
 30
0.0
 10
3.45958
 20
3.03459
 30
0.0
 10
3.45958
 20
3.03459
 30
0.0
 10
3.46134
 20
3.03283
 30
0.0
 10
3.46134
 20
3.03283
 30
0.0
 10
3.46134
 20
3.03283
 30
0.0
 10
3.46134
 20
3.03283
 30
0.0
 10
3.46487
 20
3.0293
 30
0.0
 10
3.46487
 20
3.0293
 30
0.0
 10
3.46487
 20
3.0293
 30
0.0
 10
3.46487
 20
3.0293
 30
0.0
 10
3.46664
 20
3.02577
 30
0.0
 10
3.46664
 20
3.02577
 30
0.0
 10
3.46664
 20
3.02577
 30
0.0
 10
3.46664
 20
3.02577
 30
0.0
 10
3.46664
 20
3.02225
 30
0.0
 10
3.46664
 20
3.02225
 30
0.0
 10
3.46664
 20
3.02225
 30
0.0
 10
3.46664
 20
3.02225
 30
0.0
 10
3.4684
 20
3.01696
 30
0.0
 10
3.4684
 20
3.01696
 30
0.0
 10
3.4684
 20
3.01696
 30
0.0
 10
3.4684
 20
3.01696
 30
0.0
 10
3.4684
 20
3.01166
 30
0.0
 10
3.4684
 20
3.01166
 30
0.0
 10
3.4684
 20
3.01166
 30
0.0
 10
3.4684
 20
3.01166
 30
0.0
 10
3.47016
 20
3.00461
 30
0.0
 10
3.47016
 20
3.00461
 30
0.0
  0
SPLINE
  5
48D
330
1F
100
AcDbEntity
  8
Layer 1
370
    25
100
AcDbSpline
210
0.0
220
0.0
230
1.0
 70
    24
 71
     3
 72
    16
 73
    12
 74
     0
 42
0.000000001
 43
0.0000000001
 40
0.0
 40
0.0
 40
0.0
 40
0.0
 40
0.25
 40
0.25
 40
0.25
 40
0.25000001
 40
0.5
 40
0.5
 40
0.5
 40
0.50000001
 40
1.0
 40
1.0
 40
1.0
 40
1.0
 10
3.449
 20
0.71155
 30
0.0
 10
3.449
 20
0.71155
 30
0.0
 10
3.45252
 20
0.71155
 30
0.0
 10
3.45252
 20
0.71155
 30
0.0
 10
3.45252
 20
0.71155
 30
0.0
 10
3.45252
 20
0.71155
 30
0.0
 10
3.45429
 20
0.71155
 30
0.0
 10
3.45429
 20
0.71155
 30
0.0
 10
3.45429
 20
0.71155
 30
0.0
 10
3.45429
 20
0.71155
 30
0.0
 10
3.45782
 20
0.71155
 30
0.0
 10
3.45782
 20
0.71155
 30
0.0
  0
SPLINE
  5
48E
330
1F
100
AcDbEntity
  8
Layer 1
370
    25
100
AcDbSpline
210
0.0
220
0.0
230
1.0
 70
     8
 71
     3
 72
    36
 73
    32
 74
     0
 42
0.000000001
 43
0.0000000001
 40
0.0
 40
0.0
 40
0.0
 40
0.0
 40
0.1111111111111111
 40
0.1111111111111111
 40
0.1111111111111111
 40
0.1111111211111111
 40
0.2222222222222222
 40
0.2222222222222222
 40
0.2222222222222222
 40
0.2222222322222222
 40
0.3333333333333333
 40
0.3333333333333333
 40
0.3333333333333333
 40
0.3333333433333333
 40
0.4444444444444444
 40
0.4444444444444444
 40
0.4444444444444444
 40
0.4444444544444444
 40
0.5555555555555556
 40
0.5555555555555556
 40
0.5555555555555556
 40
0.5555555655555556
 40
0.6666666666666666
 40
0.6666666666666666
 40
0.6666666666666666
 40
0.6666666766666667
 40
0.7777777777777778
 40
0.7777777777777778
 40
0.7777777777777778
 40
0.7777777877777778
 40
1.0
 40
1.0
 40
1.0
 40
1.0
 10
3.45782
 20
0.71155
 30
0.0
 10
3.45782
 20
0.71155
 30
0.0
 10
3.45958
 20
0.71332
 30
0.0
 10
3.45958
 20
0.71332
 30
0.0
 10
3.45958
 20
0.71332
 30
0.0
 10
3.45958
 20
0.71332
 30
0.0
 10
3.46134
 20
0.71508
 30
0.0
 10
3.46134
 20
0.71508
 30
0.0
 10
3.46134
 20
0.71508
 30
0.0
 10
3.46134
 20
0.71508
 30
0.0
 10
3.46487
 20
0.71684
 30
0.0
 10
3.46487
 20
0.71684
 30
0.0
 10
3.46487
 20
0.71684
 30
0.0
 10
3.46487
 20
0.71684
 30
0.0
 10
3.46664
 20
0.72037
 30
0.0
 10
3.46664
 20
0.72037
 30
0.0
 10
3.46664
 20
0.72037
 30
0.0
 10
3.46664
 20
0.72037
 30
0.0
 10
3.46664
 20
0.72566
 30
0.0
 10
3.46664
 20
0.72566
 30
0.0
 10
3.46664
 20
0.72566
 30
0.0
 10
3.46664
 20
0.72566
 30
0.0
 10
3.4684
 20
0.73096
 30
0.0
 10
3.4684
 20
0.73096
 30
0.0
 10
3.4684
 20
0.73096
 30
0.0
 10
3.4684
 20
0.73096
 30
0.0
 10
3.4684
 20
0.73625
 30
0.0
 10
3.4684
 20
0.73625
 30
0.0
 10
3.4684
 20
0.73625
 30
0.0
 10
3.4684
 20
0.73625
 30
0.0
 10
3.47016
 20
0.74154
 30
0.0
 10
3.47016
 20
0.74154
 30
0.0
  0
SPLINE
  5
48F
330
1F
100
AcDbEntity
  8
Layer 1
370
    25
100
AcDbSpline
210
0.0
220
0.0
230
1.0
 70
    24
 71
     3
 72
    16
 73
    12
 74
     0
 42
0.000000001
 43
0.0000000001
 40
0.0
 40
0.0
 40
0.0
 40
0.0
 40
0.25
 40
0.25
 40
0.25
 40
0.25000001
 40
0.5
 40
0.5
 40
0.5
 40
0.50000001
 40
1.0
 40
1.0
 40
1.0
 40
1.0
 10
3.47016
 20
0.74154
 30
0.0
 10
3.47016
 20
0.74154
 30
0.0
 10
3.46311
 20
0.74154
 30
0.0
 10
3.46311
 20
0.74154
 30
0.0
 10
3.46311
 20
0.74154
 30
0.0
 10
3.46311
 20
0.74154
 30
0.0
 10
3.45605
 20
0.74154
 30
0.0
 10
3.45605
 20
0.74154
 30
0.0
 10
3.45605
 20
0.74154
 30
0.0
 10
3.45605
 20
0.74154
 30
0.0
 10
3.449
 20
0.74154
 30
0.0
 10
3.449
 20
0.74154
 30
0.0
  0
SPLINE
  5
490
330
1F
100
AcDbEntity
  8
Layer 1
370
    25
100
AcDbSpline
210
0.0
220
0.0
230
1.0
 70
    24
 71
     3
 72
     8
 73
     4
 74
     0
 42
0.000000001
 43
0.0000000001
 40
0.0
 40
0.0
 40
0.0
 40
0.0
 40
1.0
 40
1.0
 40
1.0
 40
1.0
 10
3.47016
 20
0.74154
 30
0.0
 10
3.47016
 20
0.74154
 30
0.0
 10
3.47016
 20
3.00461
 30
0.0
 10
3.47016
 20
3.00461
 30
0.0
  0
SPLINE
  5
491
330
1F
100
AcDbEntity
  8
Layer 1
370
    25
100
AcDbSpline
210
0.0
220
0.0
230
1.0
 70
    24
 71
     3
 72
     8
 73
     4
 74
     0
 42
0.000000001
 43
0.0000000001
 40
0.0
 40
0.0
 40
0.0
 40
0.0
 40
1.0
 40
1.0
 40
1.0
 40
1.0
 10
3.45782
 20
0.71155
 30
0.0
 10
3.45782
 20
0.71155
 30
0.0
 10
3.45958
 20
0.71155
 30
0.0
 10
3.45958
 20
0.71155
 30
0.0
  0
SPLINE
  5
492
330
1F
100
AcDbEntity
  8
Layer 1
370
    25
100
AcDbSpline
210
0.0
220
0.0
230
1.0
 70
     8
 71
     3
 72
    36
 73
    32
 74
     0
 42
0.000000001
 43
0.0000000001
 40
0.0
 40
0.0
 40
0.0
 40
0.0
 40
0.1111111111111111
 40
0.1111111111111111
 40
0.1111111111111111
 40
0.1111111211111111
 40
0.2222222222222222
 40
0.2222222222222222
 40
0.2222222222222222
 40
0.2222222322222222
 40
0.3333333333333333
 40
0.3333333333333333
 40
0.3333333333333333
 40
0.3333333433333333
 40
0.4444444444444444
 40
0.4444444444444444
 40
0.4444444444444444
 40
0.4444444544444444
 40
0.5555555555555556
 40
0.5555555555555556
 40
0.5555555555555556
 40
0.5555555655555556
 40
0.6666666666666666
 40
0.6666666666666666
 40
0.6666666666666666
 40
0.6666666766666667
 40
0.7777777777777778
 40
0.7777777777777778
 40
0.7777777777777778
 40
0.7777777877777778
 40
1.0
 40
1.0
 40
1.0
 40
1.0
 10
3.45958
 20
0.71155
 30
0.0
 10
3.45958
 20
0.71155
 30
0.0
 10
3.46134
 20
0.71332
 30
0.0
 10
3.46134
 20
0.71332
 30
0.0
 10
3.46134
 20
0.71332
 30
0.0
 10
3.46134
 20
0.71332
 30
0.0
 10
3.46487
 20
0.71508
 30
0.0
 10
3.46487
 20
0.71508
 30
0.0
 10
3.46487
 20
0.71508
 30
0.0
 10
3.46487
 20
0.71508
 30
0.0
 10
3.46664
 20
0.71684
 30
0.0
 10
3.46664
 20
0.71684
 30
0.0
 10
3.46664
 20
0.71684
 30
0.0
 10
3.46664
 20
0.71684
 30
0.0
 10
3.4684
 20
0.72037
 30
0.0
 10
3.4684
 20
0.72037
 30
0.0
 10
3.4684
 20
0.72037
 30
0.0
 10
3.4684
 20
0.72037
 30
0.0
 10
3.47016
 20
0.72566
 30
0.0
 10
3.47016
 20
0.72566
 30
0.0
 10
3.47016
 20
0.72566
 30
0.0
 10
3.47016
 20
0.72566
 30
0.0
 10
3.47193
 20
0.73096
 30
0.0
 10
3.47193
 20
0.73096
 30
0.0
 10
3.47193
 20
0.73096
 30
0.0
 10
3.47193
 20
0.73096
 30
0.0
 10
3.47193
 20
0.73625
 30
0.0
 10
3.47193
 20
0.73625
 30
0.0
 10
3.47193
 20
0.73625
 30
0.0
 10
3.47193
 20
0.73625
 30
0.0
 10
3.47193
 20
0.74154
 30
0.0
 10
3.47193
 20
0.74154
 30
0.0
  0
SPLINE
  5
493
330
1F
100
AcDbEntity
  8
Layer 1
370
    25
100
AcDbSpline
210
0.0
220
0.0
230
1.0
 70
    24
 71
     3
 72
     8
 73
     4
 74
     0
 42
0.000000001
 43
0.0000000001
 40
0.0
 40
0.0
 40
0.0
 40
0.0
 40
1.0
 40
1.0
 40
1.0
 40
1.0
 10
3.47193
 20
0.74154
 30
0.0
 10
3.47193
 20
0.74154
 30
0.0
 10
3.47016
 20
0.74154
 30
0.0
 10
3.47016
 20
0.74154
 30
0.0
  0
SPLINE
  5
494
330
1F
100
AcDbEntity
  8
Layer 1
370
    25
100
AcDbSpline
210
0.0
220
0.0
230
1.0
 70
    24
 71
     3
 72
     8
 73
     4
 74
     0
 42
0.000000001
 43
0.0000000001
 40
0.0
 40
0.0
 40
0.0
 40
0.0
 40
1.0
 40
1.0
 40
1.0
 40
1.0
 10
3.45958
 20
3.03459
 30
0.0
 10
3.45958
 20
3.03459
 30
0.0
 10
3.45782
 20
3.03459
 30
0.0
 10
3.45782
 20
3.03459
 30
0.0
  0
SPLINE
  5
495
330
1F
100
AcDbEntity
  8
Layer 1
370
    25
100
AcDbSpline
210
0.0
220
0.0
230
1.0
 70
    24
 71
     3
 72
     8
 73
     4
 74
     0
 42
0.000000001
 43
0.0000000001
 40
0.0
 40
0.0
 40
0.0
 40
0.0
 40
1.0
 40
1.0
 40
1.0
 40
1.0
 10
3.47016
 20
3.00461
 30
0.0
 10
3.47016
 20
3.00461
 30
0.0
 10
3.47193
 20
3.00461
 30
0.0
 10
3.47193
 20
3.00461
 30
0.0
  0
SPLINE
  5
496
330
1F
100
AcDbEntity
  8
Layer 1
370
    25
100
AcDbSpline
210
0.0
220
0.0
230
1.0
 70
     8
 71
     3
 72
    36
 73
    32
 74
     0
 42
0.000000001
 43
0.0000000001
 40
0.0
 40
0.0
 40
0.0
 40
0.0
 40
0.1111111111111111
 40
0.1111111111111111
 40
0.1111111111111111
 40
0.1111111211111111
 40
0.2222222222222222
 40
0.2222222222222222
 40
0.2222222222222222
 40
0.2222222322222222
 40
0.3333333333333333
 40
0.3333333333333333
 40
0.3333333333333333
 40
0.3333333433333333
 40
0.4444444444444444
 40
0.4444444444444444
 40
0.4444444444444444
 40
0.4444444544444444
 40
0.5555555555555556
 40
0.5555555555555556
 40
0.5555555555555556
 40
0.5555555655555556
 40
0.6666666666666666
 40
0.6666666666666666
 40
0.6666666666666666
 40
0.6666666766666667
 40
0.7777777777777778
 40
0.7777777777777778
 40
0.7777777777777778
 40
0.7777777877777778
 40
1.0
 40
1.0
 40
1.0
 40
1.0
 10
3.45958
 20
3.03459
 30
0.0
 10
3.45958
 20
3.03459
 30
0.0
 10
3.46134
 20
3.03459
 30
0.0
 10
3.46134
 20
3.03459
 30
0.0
 10
3.46134
 20
3.03459
 30
0.0
 10
3.46134
 20
3.03459
 30
0.0
 10
3.46487
 20
3.03283
 30
0.0
 10
3.46487
 20
3.03283
 30
0.0
 10
3.46487
 20
3.03283
 30
0.0
 10
3.46487
 20
3.03283
 30
0.0
 10
3.46664
 20
3.0293
 30
0.0
 10
3.46664
 20
3.0293
 30
0.0
 10
3.46664
 20
3.0293
 30
0.0
 10
3.46664
 20
3.0293
 30
0.0
 10
3.4684
 20
3.02577
 30
0.0
 10
3.4684
 20
3.02577
 30
0.0
 10
3.4684
 20
3.02577
 30
0.0
 10
3.4684
 20
3.02577
 30
0.0
 10
3.47016
 20
3.02225
 30
0.0
 10
3.47016
 20
3.02225
 30
0.0
 10
3.47016
 20
3.02225
 30
0.0
 10
3.47016
 20
3.02225
 30
0.0
 10
3.47193
 20
3.01696
 30
0.0
 10
3.47193
 20
3.01696
 30
0.0
 10
3.47193
 20
3.01696
 30
0.0
 10
3.47193
 20
3.01696
 30
0.0
 10
3.47193
 20
3.01166
 30
0.0
 10
3.47193
 20
3.01166
 30
0.0
 10
3.47193
 20
3.01166
 30
0.0
 10
3.47193
 20
3.01166
 30
0.0
 10
3.47193
 20
3.00461
 30
0.0
 10
3.47193
 20
3.00461
 30
0.0
  0
SPLINE
  5
497
330
1F
100
AcDbEntity
  8
Layer 1
370
    25
100
AcDbSpline
210
0.0
220
0.0
230
1.0
 70
     8
 71
     3
 72
    32
 73
    28
 74
     0
 42
0.000000001
 43
0.0000000001
 40
0.0
 40
0.0
 40
0.0
 40
0.0
 40
0.125
 40
0.125
 40
0.125
 40
0.12500001
 40
0.25
 40
0.25
 40
0.25
 40
0.25000001
 40
0.375
 40
0.375
 40
0.375
 40
0.37500001
 40
0.5
 40
0.5
 40
0.5
 40
0.50000001
 40
0.625
 40
0.625
 40
0.625
 40
0.62500001
 40
0.75
 40
0.75
 40
0.75
 40
0.75000001
 40
1.0
 40
1.0
 40
1.0
 40
1.0
 10
3.53895
 20
0.79446
 30
0.0
 10
3.53895
 20
0.79446
 30
0.0
 10
3.53366
 20
0.78211
 30
0.0
 10
3.53366
 20
0.78211
 30
0.0
 10
3.53366
 20
0.78211
 30
0.0
 10
3.53366
 20
0.78211
 30
0.0
 10
3.52837
 20
0.77152
 30
0.0
 10
3.52837
 20
0.77152
 30
0.0
 10
3.52837
 20
0.77152
 30
0.0
 10
3.52837
 20
0.77152
 30
0.0
 10
3.51955
 20
0.76094
 30
0.0
 10
3.51955
 20
0.76094
 30
0.0
 10
3.51955
 20
0.76094
 30
0.0
 10
3.51955
 20
0.76094
 30
0.0
 10
3.50897
 20
0.75389
 30
0.0
 10
3.50897
 20
0.75389
 30
0.0
 10
3.50897
 20
0.75389
 30
0.0
 10
3.50897
 20
0.75389
 30
0.0
 10
3.49662
 20
0.74683
 30
0.0
 10
3.49662
 20
0.74683
 30
0.0
 10
3.49662
 20
0.74683
 30
0.0
 10
3.49662
 20
0.74683
 30
0.0
 10
3.48427
 20
0.7433
 30
0.0
 10
3.48427
 20
0.7433
 30
0.0
 10
3.48427
 20
0.7433
 30
0.0
 10
3.48427
 20
0.7433
 30
0.0
 10
3.47193
 20
0.74154
 30
0.0
 10
3.47193
 20
0.74154
 30
0.0
  0
SPLINE
  5
498
330
1F
100
AcDbEntity
  8
Layer 1
370
    25
100
AcDbSpline
210
0.0
220
0.0
230
1.0
 70
     8
 71
     3
 72
    76
 73
    72
 74
     0
 42
0.000000001
 43
0.0000000001
 40
0.0
 40
0.0
 40
0.0
 40
0.0
 40
0.0526315789473684
 40
0.0526315789473684
 40
0.0526315789473684
 40
0.0526315889473684
 40
0.1052631578947368
 40
0.1052631578947368
 40
0.1052631578947368
 40
0.1052631678947368
 40
0.1578947368421053
 40
0.1578947368421053
 40
0.1578947368421053
 40
0.1578947468421052
 40
0.2105263157894737
 40
0.2105263157894737
 40
0.2105263157894737
 40
0.2105263257894737
 40
0.2631578947368421
 40
0.2631578947368421
 40
0.2631578947368421
 40
0.2631579047368421
 40
0.3157894736842105
 40
0.3157894736842105
 40
0.3157894736842105
 40
0.3157894836842105
 40
0.3684210526315789
 40
0.3684210526315789
 40
0.3684210526315789
 40
0.3684210626315789
 40
0.4210526315789473
 40
0.4210526315789473
 40
0.4210526315789473
 40
0.4210526415789473
 40
0.4736842105263158
 40
0.4736842105263158
 40
0.4736842105263158
 40
0.4736842205263158
 40
0.5263157894736842
 40
0.5263157894736842
 40
0.5263157894736842
 40
0.5263157994736842
 40
0.5789473684210527
 40
0.5789473684210527
 40
0.5789473684210527
 40
0.5789473784210527
 40
0.631578947368421
 40
0.631578947368421
 40
0.631578947368421
 40
0.6315789573684211
 40
0.6842105263157895
 40
0.6842105263157895
 40
0.6842105263157895
 40
0.6842105363157895
 40
0.7368421052631579
 40
0.7368421052631579
 40
0.7368421052631579
 40
0.7368421152631579
 40
0.7894736842105263
 40
0.7894736842105263
 40
0.7894736842105263
 40
0.7894736942105264
 40
0.8421052631578947
 40
0.8421052631578947
 40
0.8421052631578947
 40
0.8421052731578947
 40
0.8947368421052632
 40
0.8947368421052632
 40
0.8947368421052632
 40
0.8947368521052632
 40
1.0
 40
1.0
 40
1.0
 40
1.0
 10
3.53895
 20
2.95169
 30
0.0
 10
3.53895
 20
2.95169
 30
0.0
 10
3.56718
 20
2.83351
 30
0.0
 10
3.56718
 20
2.83351
 30
0.0
 10
3.56718
 20
2.83351
 30
0.0
 10
3.56718
 20
2.83351
 30
0.0
 10
3.59187
 20
2.71533
 30
0.0
 10
3.59187
 20
2.71533
 30
0.0
 10
3.59187
 20
2.71533
 30
0.0
 10
3.59187
 20
2.71533
 30
0.0
 10
3.61304
 20
2.59715
 30
0.0
 10
3.61304
 20
2.59715
 30
0.0
 10
3.61304
 20
2.59715
 30
0.0
 10
3.61304
 20
2.59715
 30
0.0
 10
3.63068
 20
2.47721
 30
0.0
 10
3.63068
 20
2.47721
 30
0.0
 10
3.63068
 20
2.47721
 30
0.0
 10
3.63068
 20
2.47721
 30
0.0
 10
3.64479
 20
2.35726
 30
0.0
 10
3.64479
 20
2.35726
 30
0.0
 10
3.64479
 20
2.35726
 30
0.0
 10
3.64479
 20
2.35726
 30
0.0
 10
3.65714
 20
2.23555
 30
0.0
 10
3.65714
 20
2.23555
 30
0.0
 10
3.65714
 20
2.23555
 30
0.0
 10
3.65714
 20
2.23555
 30
0.0
 10
3.66595
 20
2.11561
 30
0.0
 10
3.66595
 20
2.11561
 30
0.0
 10
3.66595
 20
2.11561
 30
0.0
 10
3.66595
 20
2.11561
 30
0.0
 10
3.66948
 20
1.9939
 30
0.0
 10
3.66948
 20
1.9939
 30
0.0
 10
3.66948
 20
1.9939
 30
0.0
 10
3.66948
 20
1.9939
 30
0.0
 10
3.67125
 20
1.87396
 30
0.0
 10
3.67125
 20
1.87396
 30
0.0
 10
3.67125
 20
1.87396
 30
0.0
 10
3.67125
 20
1.87396
 30
0.0
 10
3.66948
 20
1.75225
 30
0.0
 10
3.66948
 20
1.75225
 30
0.0
 10
3.66948
 20
1.75225
 30
0.0
 10
3.66948
 20
1.75225
 30
0.0
 10
3.66595
 20
1.6323
 30
0.0
 10
3.66595
 20
1.6323
 30
0.0
 10
3.66595
 20
1.6323
 30
0.0
 10
3.66595
 20
1.6323
 30
0.0
 10
3.65714
 20
1.51059
 30
0.0
 10
3.65714
 20
1.51059
 30
0.0
 10
3.65714
 20
1.51059
 30
0.0
 10
3.65714
 20
1.51059
 30
0.0
 10
3.64479
 20
1.39065
 30
0.0
 10
3.64479
 20
1.39065
 30
0.0
 10
3.64479
 20
1.39065
 30
0.0
 10
3.64479
 20
1.39065
 30
0.0
 10
3.63068
 20
1.27071
 30
0.0
 10
3.63068
 20
1.27071
 30
0.0
 10
3.63068
 20
1.27071
 30
0.0
 10
3.63068
 20
1.27071
 30
0.0
 10
3.61304
 20
1.15076
 30
0.0
 10
3.61304
 20
1.15076
 30
0.0
 10
3.61304
 20
1.15076
 30
0.0
 10
3.61304
 20
1.15076
 30
0.0
 10
3.59187
 20
1.03082
 30
0.0
 10
3.59187
 20
1.03082
 30
0.0
 10
3.59187
 20
1.03082
 30
0.0
 10
3.59187
 20
1.03082
 30
0.0
 10
3.56718
 20
0.91264
 30
0.0
 10
3.56718
 20
0.91264
 30
0.0
 10
3.56718
 20
0.91264
 30
0.0
 10
3.56718
 20
0.91264
 30
0.0
 10
3.53895
 20
0.79446
 30
0.0
 10
3.53895
 20
0.79446
 30
0.0
  0
SPLINE
  5
499
330
1F
100
AcDbEntity
  8
Layer 1
370
    25
100
AcDbSpline
210
0.0
220
0.0
230
1.0
 70
     8
 71
     3
 72
    32
 73
    28
 74
     0
 42
0.000000001
 43
0.0000000001
 40
0.0
 40
0.0
 40
0.0
 40
0.0
 40
0.125
 40
0.125
 40
0.125
 40
0.12500001
 40
0.25
 40
0.25
 40
0.25
 40
0.25000001
 40
0.375
 40
0.375
 40
0.375
 40
0.37500001
 40
0.5
 40
0.5
 40
0.5
 40
0.50000001
 40
0.625
 40
0.625
 40
0.625
 40
0.62500001
 40
0.75
 40
0.75
 40
0.75
 40
0.75000001
 40
1.0
 40
1.0
 40
1.0
 40
1.0
 10
3.47193
 20
3.00461
 30
0.0
 10
3.47193
 20
3.00461
 30
0.0
 10
3.48427
 20
3.00284
 30
0.0
 10
3.48427
 20
3.00284
 30
0.0
 10
3.48427
 20
3.00284
 30
0.0
 10
3.48427
 20
3.00284
 30
0.0
 10
3.49662
 20
2.99932
 30
0.0
 10
3.49662
 20
2.99932
 30
0.0
 10
3.49662
 20
2.99932
 30
0.0
 10
3.49662
 20
2.99932
 30
0.0
 10
3.50897
 20
2.99402
 30
0.0
 10
3.50897
 20
2.99402
 30
0.0
 10
3.50897
 20
2.99402
 30
0.0
 10
3.50897
 20
2.99402
 30
0.0
 10
3.51955
 20
2.98521
 30
0.0
 10
3.51955
 20
2.98521
 30
0.0
 10
3.51955
 20
2.98521
 30
0.0
 10
3.51955
 20
2.98521
 30
0.0
 10
3.52837
 20
2.97639
 30
0.0
 10
3.52837
 20
2.97639
 30
0.0
 10
3.52837
 20
2.97639
 30
0.0
 10
3.52837
 20
2.97639
 30
0.0
 10
3.53366
 20
2.96404
 30
0.0
 10
3.53366
 20
2.96404
 30
0.0
 10
3.53366
 20
2.96404
 30
0.0
 10
3.53366
 20
2.96404
 30
0.0
 10
3.53895
 20
2.95169
 30
0.0
 10
3.53895
 20
2.95169
 30
0.0
  0
SPLINE
  5
49A
330
1F
100
AcDbEntity
  8
Layer 1
370
    25
100
AcDbSpline
210
0.0
220
0.0
230
1.0
 70
     8
 71
     3
 72
    32
 73
    28
 74
     0
 42
0.000000001
 43
0.0000000001
 40
0.0
 40
0.0
 40
0.0
 40
0.0
 40
0.125
 40
0.125
 40
0.125
 40
0.12500001
 40
0.25
 40
0.25
 40
0.25
 40
0.25000001
 40
0.375
 40
0.375
 40
0.375
 40
0.37500001
 40
0.5
 40
0.5
 40
0.5
 40
0.50000001
 40
0.625
 40
0.625
 40
0.625
 40
0.62500001
 40
0.75
 40
0.75
 40
0.75
 40
0.75000001
 40
1.0
 40
1.0
 40
1.0
 40
1.0
 10
3.45958
 20
0.71155
 30
0.0
 10
3.45958
 20
0.71155
 30
0.0
 10
3.47898
 20
0.71332
 30
0.0
 10
3.47898
 20
0.71332
 30
0.0
 10
3.47898
 20
0.71332
 30
0.0
 10
3.47898
 20
0.71332
 30
0.0
 10
3.49662
 20
0.72037
 30
0.0
 10
3.49662
 20
0.72037
 30
0.0
 10
3.49662
 20
0.72037
 30
0.0
 10
3.49662
 20
0.72037
 30
0.0
 10
3.5125
 20
0.72743
 30
0.0
 10
3.5125
 20
0.72743
 30
0.0
 10
3.5125
 20
0.72743
 30
0.0
 10
3.5125
 20
0.72743
 30
0.0
 10
3.52661
 20
0.73977
 30
0.0
 10
3.52661
 20
0.73977
 30
0.0
 10
3.52661
 20
0.73977
 30
0.0
 10
3.52661
 20
0.73977
 30
0.0
 10
3.53895
 20
0.75389
 30
0.0
 10
3.53895
 20
0.75389
 30
0.0
 10
3.53895
 20
0.75389
 30
0.0
 10
3.53895
 20
0.75389
 30
0.0
 10
3.54954
 20
0.76976
 30
0.0
 10
3.54954
 20
0.76976
 30
0.0
 10
3.54954
 20
0.76976
 30
0.0
 10
3.54954
 20
0.76976
 30
0.0
 10
3.55483
 20
0.7874
 30
0.0
 10
3.55483
 20
0.7874
 30
0.0
  0
SPLINE
  5
49B
330
1F
100
AcDbEntity
  8
Layer 1
370
    25
100
AcDbSpline
210
0.0
220
0.0
230
1.0
 70
     8
 71
     3
 72
    36
 73
    32
 74
     0
 42
0.000000001
 43
0.0000000001
 40
0.0
 40
0.0
 40
0.0
 40
0.0
 40
0.1111111111111111
 40
0.1111111111111111
 40
0.1111111111111111
 40
0.1111111211111111
 40
0.2222222222222222
 40
0.2222222222222222
 40
0.2222222222222222
 40
0.2222222322222222
 40
0.3333333333333333
 40
0.3333333333333333
 40
0.3333333333333333
 40
0.3333333433333333
 40
0.4444444444444444
 40
0.4444444444444444
 40
0.4444444444444444
 40
0.4444444544444444
 40
0.5555555555555556
 40
0.5555555555555556
 40
0.5555555555555556
 40
0.5555555655555556
 40
0.6666666666666666
 40
0.6666666666666666
 40
0.6666666666666666
 40
0.6666666766666667
 40
0.7777777777777778
 40
0.7777777777777778
 40
0.7777777777777778
 40
0.7777777877777778
 40
1.0
 40
1.0
 40
1.0
 40
1.0
 10
3.55483
 20
0.7874
 30
0.0
 10
3.55483
 20
0.7874
 30
0.0
 10
3.55483
 20
0.7874
 30
0.0
 10
3.55483
 20
0.7874
 30
0.0
 10
3.55483
 20
0.7874
 30
0.0
 10
3.55483
 20
0.7874
 30
0.0
 10
3.55483
 20
0.78916
 30
0.0
 10
3.55483
 20
0.78916
 30
0.0
 10
3.55483
 20
0.78916
 30
0.0
 10
3.55483
 20
0.78916
 30
0.0
 10
3.55307
 20
0.78916
 30
0.0
 10
3.55307
 20
0.78916
 30
0.0
 10
3.55307
 20
0.78916
 30
0.0
 10
3.55307
 20
0.78916
 30
0.0
 10
3.5513
 20
0.79093
 30
0.0
 10
3.5513
 20
0.79093
 30
0.0
 10
3.5513
 20
0.79093
 30
0.0
 10
3.5513
 20
0.79093
 30
0.0
 10
3.54777
 20
0.79093
 30
0.0
 10
3.54777
 20
0.79093
 30
0.0
 10
3.54777
 20
0.79093
 30
0.0
 10
3.54777
 20
0.79093
 30
0.0
 10
3.54601
 20
0.79269
 30
0.0
 10
3.54601
 20
0.79269
 30
0.0
 10
3.54601
 20
0.79269
 30
0.0
 10
3.54601
 20
0.79269
 30
0.0
 10
3.54248
 20
0.79446
 30
0.0
 10
3.54248
 20
0.79446
 30
0.0
 10
3.54248
 20
0.79446
 30
0.0
 10
3.54248
 20
0.79446
 30
0.0
 10
3.53895
 20
0.79446
 30
0.0
 10
3.53895
 20
0.79446
 30
0.0
  0
SPLINE
  5
49C
330
1F
100
AcDbEntity
  8
Layer 1
370
    25
100
AcDbSpline
210
0.0
220
0.0
230
1.0
 70
     8
 71
     3
 72
    32
 73
    28
 74
     0
 42
0.000000001
 43
0.0000000001
 40
0.0
 40
0.0
 40
0.0
 40
0.0
 40
0.125
 40
0.125
 40
0.125
 40
0.12500001
 40
0.25
 40
0.25
 40
0.25
 40
0.25000001
 40
0.375
 40
0.375
 40
0.375
 40
0.37500001
 40
0.5
 40
0.5
 40
0.5
 40
0.50000001
 40
0.625
 40
0.625
 40
0.625
 40
0.62500001
 40
0.75
 40
0.75
 40
0.75
 40
0.75000001
 40
1.0
 40
1.0
 40
1.0
 40
1.0
 10
3.55483
 20
2.95875
 30
0.0
 10
3.55483
 20
2.95875
 30
0.0
 10
3.54954
 20
2.97639
 30
0.0
 10
3.54954
 20
2.97639
 30
0.0
 10
3.54954
 20
2.97639
 30
0.0
 10
3.54954
 20
2.97639
 30
0.0
 10
3.53895
 20
2.99226
 30
0.0
 10
3.53895
 20
2.99226
 30
0.0
 10
3.53895
 20
2.99226
 30
0.0
 10
3.53895
 20
2.99226
 30
0.0
 10
3.52661
 20
3.00637
 30
0.0
 10
3.52661
 20
3.00637
 30
0.0
 10
3.52661
 20
3.00637
 30
0.0
 10
3.52661
 20
3.00637
 30
0.0
 10
3.5125
 20
3.01872
 30
0.0
 10
3.5125
 20
3.01872
 30
0.0
 10
3.5125
 20
3.01872
 30
0.0
 10
3.5125
 20
3.01872
 30
0.0
 10
3.49662
 20
3.02754
 30
0.0
 10
3.49662
 20
3.02754
 30
0.0
 10
3.49662
 20
3.02754
 30
0.0
 10
3.49662
 20
3.02754
 30
0.0
 10
3.47898
 20
3.03283
 30
0.0
 10
3.47898
 20
3.03283
 30
0.0
 10
3.47898
 20
3.03283
 30
0.0
 10
3.47898
 20
3.03283
 30
0.0
 10
3.45958
 20
3.03459
 30
0.0
 10
3.45958
 20
3.03459
 30
0.0
  0
SPLINE
  5
49D
330
1F
100
AcDbEntity
  8
Layer 1
370
    25
100
AcDbSpline
210
0.0
220
0.0
230
1.0
 70
     8
 71
     3
 72
    32
 73
    28
 74
     0
 42
0.000000001
 43
0.0000000001
 40
0.0
 40
0.0
 40
0.0
 40
0.0
 40
0.125
 40
0.125
 40
0.125
 40
0.12500001
 40
0.25
 40
0.25
 40
0.25
 40
0.25000001
 40
0.375
 40
0.375
 40
0.375
 40
0.37500001
 40
0.5
 40
0.5
 40
0.5
 40
0.50000001
 40
0.625
 40
0.625
 40
0.625
 40
0.62500001
 40
0.75
 40
0.75
 40
0.75
 40
0.75000001
 40
1.0
 40
1.0
 40
1.0
 40
1.0
 10
3.55483
 20
2.95875
 30
0.0
 10
3.55483
 20
2.95875
 30
0.0
 10
3.55483
 20
2.95875
 30
0.0
 10
3.55483
 20
2.95875
 30
0.0
 10
3.55483
 20
2.95875
 30
0.0
 10
3.55483
 20
2.95875
 30
0.0
 10
3.55307
 20
2.95698
 30
0.0
 10
3.55307
 20
2.95698
 30
0.0
 10
3.55307
 20
2.95698
 30
0.0
 10
3.55307
 20
2.95698
 30
0.0
 10
3.5513
 20
2.95698
 30
0.0
 10
3.5513
 20
2.95698
 30
0.0
 10
3.5513
 20
2.95698
 30
0.0
 10
3.5513
 20
2.95698
 30
0.0
 10
3.54777
 20
2.95522
 30
0.0
 10
3.54777
 20
2.95522
 30
0.0
 10
3.54777
 20
2.95522
 30
0.0
 10
3.54777
 20
2.95522
 30
0.0
 10
3.54601
 20
2.95346
 30
0.0
 10
3.54601
 20
2.95346
 30
0.0
 10
3.54601
 20
2.95346
 30
0.0
 10
3.54601
 20
2.95346
 30
0.0
 10
3.54248
 20
2.95346
 30
0.0
 10
3.54248
 20
2.95346
 30
0.0
 10
3.54248
 20
2.95346
 30
0.0
 10
3.54248
 20
2.95346
 30
0.0
 10
3.53895
 20
2.95169
 30
0.0
 10
3.53895
 20
2.95169
 30
0.0
  0
SPLINE
  5
49E
330
1F
100
AcDbEntity
  8
Layer 1
370
    25
100
AcDbSpline
210
0.0
220
0.0
230
1.0
 70
     8
 71
     3
 72
    76
 73
    72
 74
     0
 42
0.000000001
 43
0.0000000001
 40
0.0
 40
0.0
 40
0.0
 40
0.0
 40
0.0526315789473684
 40
0.0526315789473684
 40
0.0526315789473684
 40
0.0526315889473684
 40
0.1052631578947368
 40
0.1052631578947368
 40
0.1052631578947368
 40
0.1052631678947368
 40
0.1578947368421053
 40
0.1578947368421053
 40
0.1578947368421053
 40
0.1578947468421052
 40
0.2105263157894737
 40
0.2105263157894737
 40
0.2105263157894737
 40
0.2105263257894737
 40
0.2631578947368421
 40
0.2631578947368421
 40
0.2631578947368421
 40
0.2631579047368421
 40
0.3157894736842105
 40
0.3157894736842105
 40
0.3157894736842105
 40
0.3157894836842105
 40
0.3684210526315789
 40
0.3684210526315789
 40
0.3684210526315789
 40
0.3684210626315789
 40
0.4210526315789473
 40
0.4210526315789473
 40
0.4210526315789473
 40
0.4210526415789473
 40
0.4736842105263158
 40
0.4736842105263158
 40
0.4736842105263158
 40
0.4736842205263158
 40
0.5263157894736842
 40
0.5263157894736842
 40
0.5263157894736842
 40
0.5263157994736842
 40
0.5789473684210527
 40
0.5789473684210527
 40
0.5789473684210527
 40
0.5789473784210527
 40
0.631578947368421
 40
0.631578947368421
 40
0.631578947368421
 40
0.6315789573684211
 40
0.6842105263157895
 40
0.6842105263157895
 40
0.6842105263157895
 40
0.6842105363157895
 40
0.7368421052631579
 40
0.7368421052631579
 40
0.7368421052631579
 40
0.7368421152631579
 40
0.7894736842105263
 40
0.7894736842105263
 40
0.7894736842105263
 40
0.7894736942105264
 40
0.8421052631578947
 40
0.8421052631578947
 40
0.8421052631578947
 40
0.8421052731578947
 40
0.8947368421052632
 40
0.8947368421052632
 40
0.8947368421052632
 40
0.8947368521052632
 40
1.0
 40
1.0
 40
1.0
 40
1.0
 10
3.55483
 20
0.7874
 30
0.0
 10
3.55483
 20
0.7874
 30
0.0
 10
3.58305
 20
0.90558
 30
0.0
 10
3.58305
 20
0.90558
 30
0.0
 10
3.58305
 20
0.90558
 30
0.0
 10
3.58305
 20
0.90558
 30
0.0
 10
3.60775
 20
1.02552
 30
0.0
 10
3.60775
 20
1.02552
 30
0.0
 10
3.60775
 20
1.02552
 30
0.0
 10
3.60775
 20
1.02552
 30
0.0
 10
3.62891
 20
1.14547
 30
0.0
 10
3.62891
 20
1.14547
 30
0.0
 10
3.62891
 20
1.14547
 30
0.0
 10
3.62891
 20
1.14547
 30
0.0
 10
3.64832
 20
1.26541
 30
0.0
 10
3.64832
 20
1.26541
 30
0.0
 10
3.64832
 20
1.26541
 30
0.0
 10
3.64832
 20
1.26541
 30
0.0
 10
3.66243
 20
1.38712
 30
0.0
 10
3.66243
 20
1.38712
 30
0.0
 10
3.66243
 20
1.38712
 30
0.0
 10
3.66243
 20
1.38712
 30
0.0
 10
3.67477
 20
1.50883
 30
0.0
 10
3.67477
 20
1.50883
 30
0.0
 10
3.67477
 20
1.50883
 30
0.0
 10
3.67477
 20
1.50883
 30
0.0
 10
3.68183
 20
1.63054
 30
0.0
 10
3.68183
 20
1.63054
 30
0.0
 10
3.68183
 20
1.63054
 30
0.0
 10
3.68183
 20
1.63054
 30
0.0
 10
3.68712
 20
1.75225
 30
0.0
 10
3.68712
 20
1.75225
 30
0.0
 10
3.68712
 20
1.75225
 30
0.0
 10
3.68712
 20
1.75225
 30
0.0
 10
3.68889
 20
1.87396
 30
0.0
 10
3.68889
 20
1.87396
 30
0.0
 10
3.68889
 20
1.87396
 30
0.0
 10
3.68889
 20
1.87396
 30
0.0
 10
3.68712
 20
1.99566
 30
0.0
 10
3.68712
 20
1.99566
 30
0.0
 10
3.68712
 20
1.99566
 30
0.0
 10
3.68712
 20
1.99566
 30
0.0
 10
3.68183
 20
2.11737
 30
0.0
 10
3.68183
 20
2.11737
 30
0.0
 10
3.68183
 20
2.11737
 30
0.0
 10
3.68183
 20
2.11737
 30
0.0
 10
3.67477
 20
2.23908
 30
0.0
 10
3.67477
 20
2.23908
 30
0.0
 10
3.67477
 20
2.23908
 30
0.0
 10
3.67477
 20
2.23908
 30
0.0
 10
3.66243
 20
2.36079
 30
0.0
 10
3.66243
 20
2.36079
 30
0.0
 10
3.66243
 20
2.36079
 30
0.0
 10
3.66243
 20
2.36079
 30
0.0
 10
3.64832
 20
2.48073
 30
0.0
 10
3.64832
 20
2.48073
 30
0.0
 10
3.64832
 20
2.48073
 30
0.0
 10
3.64832
 20
2.48073
 30
0.0
 10
3.62891
 20
2.60068
 30
0.0
 10
3.62891
 20
2.60068
 30
0.0
 10
3.62891
 20
2.60068
 30
0.0
 10
3.62891
 20
2.60068
 30
0.0
 10
3.60775
 20
2.72062
 30
0.0
 10
3.60775
 20
2.72062
 30
0.0
 10
3.60775
 20
2.72062
 30
0.0
 10
3.60775
 20
2.72062
 30
0.0
 10
3.58305
 20
2.84057
 30
0.0
 10
3.58305
 20
2.84057
 30
0.0
 10
3.58305
 20
2.84057
 30
0.0
 10
3.58305
 20
2.84057
 30
0.0
 10
3.55483
 20
2.95875
 30
0.0
 10
3.55483
 20
2.95875
 30
0.0
  0
SPLINE
  5
4A0
330
1F
100
AcDbEntity
  8
Layer 1
370
    25
100
AcDbSpline
210
0.0
220
0.0
230
1.0
 70
     8
 71
     3
 72
    44
 73
    40
 74
     0
 42
0.000000001
 43
0.0000000001
 40
0.0
 40
0.0
 40
0.0
 40
0.0
 40
0.0909090909090909
 40
0.0909090909090909
 40
0.0909090909090909
 40
0.0909091009090909
 40
0.1818181818181818
 40
0.1818181818181818
 40
0.1818181818181818
 40
0.1818181918181818
 40
0.2727272727272727
 40
0.2727272727272727
 40
0.2727272727272727
 40
0.2727272827272727
 40
0.3636363636363636
 40
0.3636363636363636
 40
0.3636363636363636
 40
0.3636363736363636
 40
0.4545454545454545
 40
0.4545454545454545
 40
0.4545454545454545
 40
0.4545454645454545
 40
0.5454545454545454
 40
0.5454545454545454
 40
0.5454545454545454
 40
0.5454545554545455
 40
0.6363636363636364
 40
0.6363636363636364
 40
0.6363636363636364
 40
0.6363636463636364
 40
0.7272727272727273
 40
0.7272727272727273
 40
0.7272727272727273
 40
0.7272727372727273
 40
0.8181818181818182
 40
0.8181818181818182
 40
0.8181818181818182
 40
0.8181818281818183
 40
1.0
 40
1.0
 40
1.0
 40
1.0
 10
3.6395
 20
-1.15132
 30
0.0
 10
3.6395
 20
-1.15132
 30
0.0
 10
3.64126
 20
-1.14956
 30
0.0
 10
3.64126
 20
-1.14956
 30
0.0
 10
3.64126
 20
-1.14956
 30
0.0
 10
3.64126
 20
-1.14956
 30
0.0
 10
3.64126
 20
-1.13897
 30
0.0
 10
3.64126
 20
-1.13897
 30
0.0
 10
3.64126
 20
-1.13897
 30
0.0
 10
3.64126
 20
-1.13897
 30
0.0
 10
3.64479
 20
-1.1231
 30
0.0
 10
3.64479
 20
-1.1231
 30
0.0
 10
3.64479
 20
-1.1231
 30
0.0
 10
3.64479
 20
-1.1231
 30
0.0
 10
3.64655
 20
-1.10193
 30
0.0
 10
3.64655
 20
-1.10193
 30
0.0
 10
3.64655
 20
-1.10193
 30
0.0
 10
3.64655
 20
-1.10193
 30
0.0
 10
3.65008
 20
-1.079
 30
0.0
 10
3.65008
 20
-1.079
 30
0.0
 10
3.65008
 20
-1.079
 30
0.0
 10
3.65008
 20
-1.079
 30
0.0
 10
3.65361
 20
-1.05607
 30
0.0
 10
3.65361
 20
-1.05607
 30
0.0
 10
3.65361
 20
-1.05607
 30
0.0
 10
3.65361
 20
-1.05607
 30
0.0
 10
3.65537
 20
-1.0349
 30
0.0
 10
3.65537
 20
-1.0349
 30
0.0
 10
3.65537
 20
-1.0349
 30
0.0
 10
3.65537
 20
-1.0349
 30
0.0
 10
3.65714
 20
-1.02079
 30
0.0
 10
3.65714
 20
-1.02079
 30
0.0
 10
3.65714
 20
-1.02079
 30
0.0
 10
3.65714
 20
-1.02079
 30
0.0
 10
3.6589
 20
-1.01374
 30
0.0
 10
3.6589
 20
-1.01374
 30
0.0
 10
3.6589
 20
-1.01374
 30
0.0
 10
3.6589
 20
-1.01374
 30
0.0
 10
3.6589
 20
-1.01197
 30
0.0
 10
3.6589
 20
-1.01197
 30
0.0
  0
SPLINE
  5
4A1
330
1F
100
AcDbEntity
  8
Layer 1
370
    25
100
AcDbSpline
210
0.0
220
0.0
230
1.0
 70
    24
 71
     3
 72
     8
 73
     4
 74
     0
 42
0.000000001
 43
0.0000000001
 40
0.0
 40
0.0
 40
0.0
 40
0.0
 40
1.0
 40
1.0
 40
1.0
 40
1.0
 10
3.449
 20
-1.62404
 30
0.0
 10
3.449
 20
-1.62404
 30
0.0
 10
3.40887
 20
-1.62478
 30
0.0
 10
3.40887
 20
-1.62478
 30
0.0
  0
SPLINE
  5
4A2
330
1F
100
AcDbEntity
  8
Layer 1
370
    25
100
AcDbSpline
210
0.0
220
0.0
230
1.0
 70
    24
 71
     3
 72
     8
 73
     4
 74
     0
 42
0.000000001
 43
0.0000000001
 40
0.0
 40
0.0
 40
0.0
 40
0.0
 40
1.0
 40
1.0
 40
1.0
 40
1.0
 10
3.449
 20
0.63903
 30
0.0
 10
3.449
 20
0.63903
 30
0.0
 10
3.449
 20
-1.62404
 30
0.0
 10
3.449
 20
-1.62404
 30
0.0
  0
SPLINE
  5
4A3
330
1F
100
AcDbEntity
  8
Layer 1
370
    25
100
AcDbSpline
210
0.0
220
0.0
230
1.0
 70
    24
 71
     3
 72
     8
 73
     4
 74
     0
 42
0.000000001
 43
0.0000000001
 40
0.0
 40
0.0
 40
0.0
 40
0.0
 40
1.0
 40
1.0
 40
1.0
 40
1.0
 10
3.40887
 20
0.63977
 30
0.0
 10
3.40887
 20
0.63977
 30
0.0
 10
3.449
 20
0.63903
 30
0.0
 10
3.449
 20
0.63903
 30
0.0
  0
SPLINE
  5
4A4
330
1F
100
AcDbEntity
  8
Layer 1
370
    25
100
AcDbSpline
210
0.0
220
0.0
230
1.0
 70
    24
 71
     3
 72
     8
 73
     4
 74
     0
 42
0.000000001
 43
0.0000000001
 40
0.0
 40
0.0
 40
0.0
 40
0.0
 40
1.0
 40
1.0
 40
1.0
 40
1.0
 10
3.40887
 20
-1.65477
 30
0.0
 10
3.40887
 20
-1.65477
 30
0.0
 10
3.449
 20
-1.65403
 30
0.0
 10
3.449
 20
-1.65403
 30
0.0
  0
SPLINE
  5
4A5
330
1F
100
AcDbEntity
  8
Layer 1
370
    25
100
AcDbSpline
210
0.0
220
0.0
230
1.0
 70
    24
 71
     3
 72
    32
 73
    28
 74
     0
 42
0.000000001
 43
0.0000000001
 40
0.0
 40
0.0
 40
0.0
 40
0.0
 40
0.125
 40
0.125
 40
0.125
 40
0.12500001
 40
0.25
 40
0.25
 40
0.25
 40
0.25000001
 40
0.375
 40
0.375
 40
0.375
 40
0.37500001
 40
0.5
 40
0.5
 40
0.5
 40
0.50000001
 40
0.625
 40
0.625
 40
0.625
 40
0.62500001
 40
0.75
 40
0.75
 40
0.75
 40
0.75000001
 40
1.0
 40
1.0
 40
1.0
 40
1.0
 10
3.449
 20
-1.65403
 30
0.0
 10
3.449
 20
-1.65403
 30
0.0
 10
3.449
 20
-1.65226
 30
0.0
 10
3.449
 20
-1.65226
 30
0.0
 10
3.449
 20
-1.65226
 30
0.0
 10
3.449
 20
-1.65226
 30
0.0
 10
3.449
 20
-1.64874
 30
0.0
 10
3.449
 20
-1.64874
 30
0.0
 10
3.449
 20
-1.64874
 30
0.0
 10
3.449
 20
-1.64874
 30
0.0
 10
3.449
 20
-1.64521
 30
0.0
 10
3.449
 20
-1.64521
 30
0.0
 10
3.449
 20
-1.64521
 30
0.0
 10
3.449
 20
-1.64521
 30
0.0
 10
3.449
 20
-1.63992
 30
0.0
 10
3.449
 20
-1.63992
 30
0.0
 10
3.449
 20
-1.63992
 30
0.0
 10
3.449
 20
-1.63992
 30
0.0
 10
3.449
 20
-1.63462
 30
0.0
 10
3.449
 20
-1.63462
 30
0.0
 10
3.449
 20
-1.63462
 30
0.0
 10
3.449
 20
-1.63462
 30
0.0
 10
3.449
 20
-1.62933
 30
0.0
 10
3.449
 20
-1.62933
 30
0.0
 10
3.449
 20
-1.62933
 30
0.0
 10
3.449
 20
-1.62933
 30
0.0
 10
3.449
 20
-1.62404
 30
0.0
 10
3.449
 20
-1.62404
 30
0.0
  0
SPLINE
  5
4A6
330
1F
100
AcDbEntity
  8
Layer 1
370
    25
100
AcDbSpline
210
0.0
220
0.0
230
1.0
 70
    24
 71
     3
 72
    36
 73
    32
 74
     0
 42
0.000000001
 43
0.0000000001
 40
0.0
 40
0.0
 40
0.0
 40
0.0
 40
0.1111111111111111
 40
0.1111111111111111
 40
0.1111111111111111
 40
0.1111111211111111
 40
0.2222222222222222
 40
0.2222222222222222
 40
0.2222222222222222
 40
0.2222222322222222
 40
0.3333333333333333
 40
0.3333333333333333
 40
0.3333333333333333
 40
0.3333333433333333
 40
0.4444444444444444
 40
0.4444444444444444
 40
0.4444444444444444
 40
0.4444444544444444
 40
0.5555555555555556
 40
0.5555555555555556
 40
0.5555555555555556
 40
0.5555555655555556
 40
0.6666666666666666
 40
0.6666666666666666
 40
0.6666666666666666
 40
0.6666666766666667
 40
0.7777777777777778
 40
0.7777777777777778
 40
0.7777777777777778
 40
0.7777777877777778
 40
1.0
 40
1.0
 40
1.0
 40
1.0
 10
3.449
 20
0.66901
 30
0.0
 10
3.449
 20
0.66901
 30
0.0
 10
3.449
 20
0.66901
 30
0.0
 10
3.449
 20
0.66901
 30
0.0
 10
3.449
 20
0.66901
 30
0.0
 10
3.449
 20
0.66901
 30
0.0
 10
3.449
 20
0.66725
 30
0.0
 10
3.449
 20
0.66725
 30
0.0
 10
3.449
 20
0.66725
 30
0.0
 10
3.449
 20
0.66725
 30
0.0
 10
3.449
 20
0.66372
 30
0.0
 10
3.449
 20
0.66372
 30
0.0
 10
3.449
 20
0.66372
 30
0.0
 10
3.449
 20
0.66372
 30
0.0
 10
3.449
 20
0.66019
 30
0.0
 10
3.449
 20
0.66019
 30
0.0
 10
3.449
 20
0.66019
 30
0.0
 10
3.449
 20
0.66019
 30
0.0
 10
3.449
 20
0.65667
 30
0.0
 10
3.449
 20
0.65667
 30
0.0
 10
3.449
 20
0.65667
 30
0.0
 10
3.449
 20
0.65667
 30
0.0
 10
3.449
 20
0.65138
 30
0.0
 10
3.449
 20
0.65138
 30
0.0
 10
3.449
 20
0.65138
 30
0.0
 10
3.449
 20
0.65138
 30
0.0
 10
3.449
 20
0.64608
 30
0.0
 10
3.449
 20
0.64608
 30
0.0
 10
3.449
 20
0.64608
 30
0.0
 10
3.449
 20
0.64608
 30
0.0
 10
3.449
 20
0.63903
 30
0.0
 10
3.449
 20
0.63903
 30
0.0
  0
SPLINE
  5
4A7
330
1F
100
AcDbEntity
  8
Layer 1
370
    25
100
AcDbSpline
210
0.0
220
0.0
230
1.0
 70
    24
 71
     3
 72
     8
 73
     4
 74
     0
 42
0.000000001
 43
0.0000000001
 40
0.0
 40
0.0
 40
0.0
 40
0.0
 40
1.0
 40
1.0
 40
1.0
 40
1.0
 10
3.449
 20
0.66901
 30
0.0
 10
3.449
 20
0.66901
 30
0.0
 10
3.40887
 20
0.66975
 30
0.0
 10
3.40887
 20
0.66975
 30
0.0
  0
SPLINE
  5
4A8
330
1F
100
AcDbEntity
  8
Layer 1
370
    25
100
AcDbSpline
210
0.0
220
0.0
230
1.0
 70
    24
 71
     3
 72
    16
 73
    12
 74
     0
 42
0.000000001
 43
0.0000000001
 40
0.0
 40
0.0
 40
0.0
 40
0.0
 40
0.25
 40
0.25
 40
0.25
 40
0.25000001
 40
0.5
 40
0.5
 40
0.5
 40
0.50000001
 40
1.0
 40
1.0
 40
1.0
 40
1.0
 10
3.45782
 20
0.66901
 30
0.0
 10
3.45782
 20
0.66901
 30
0.0
 10
3.45429
 20
0.66901
 30
0.0
 10
3.45429
 20
0.66901
 30
0.0
 10
3.45429
 20
0.66901
 30
0.0
 10
3.45429
 20
0.66901
 30
0.0
 10
3.45252
 20
0.66901
 30
0.0
 10
3.45252
 20
0.66901
 30
0.0
 10
3.45252
 20
0.66901
 30
0.0
 10
3.45252
 20
0.66901
 30
0.0
 10
3.449
 20
0.66901
 30
0.0
 10
3.449
 20
0.66901
 30
0.0
  0
SPLINE
  5
4A9
330
1F
100
AcDbEntity
  8
Layer 1
370
    25
100
AcDbSpline
210
0.0
220
0.0
230
1.0
 70
    24
 71
     3
 72
    16
 73
    12
 74
     0
 42
0.000000001
 43
0.0000000001
 40
0.0
 40
0.0
 40
0.0
 40
0.0
 40
0.25
 40
0.25
 40
0.25
 40
0.25000001
 40
0.5
 40
0.5
 40
0.5
 40
0.50000001
 40
1.0
 40
1.0
 40
1.0
 40
1.0
 10
3.449
 20
0.63903
 30
0.0
 10
3.449
 20
0.63903
 30
0.0
 10
3.45605
 20
0.63903
 30
0.0
 10
3.45605
 20
0.63903
 30
0.0
 10
3.45605
 20
0.63903
 30
0.0
 10
3.45605
 20
0.63903
 30
0.0
 10
3.46311
 20
0.63903
 30
0.0
 10
3.46311
 20
0.63903
 30
0.0
 10
3.46311
 20
0.63903
 30
0.0
 10
3.46311
 20
0.63903
 30
0.0
 10
3.47016
 20
0.63903
 30
0.0
 10
3.47016
 20
0.63903
 30
0.0
  0
SPLINE
  5
4AA
330
1F
100
AcDbEntity
  8
Layer 1
370
    25
100
AcDbSpline
210
0.0
220
0.0
230
1.0
 70
     8
 71
     3
 72
    36
 73
    32
 74
     0
 42
0.000000001
 43
0.0000000001
 40
0.0
 40
0.0
 40
0.0
 40
0.0
 40
0.1111111111111111
 40
0.1111111111111111
 40
0.1111111111111111
 40
0.1111111211111111
 40
0.2222222222222222
 40
0.2222222222222222
 40
0.2222222222222222
 40
0.2222222322222222
 40
0.3333333333333333
 40
0.3333333333333333
 40
0.3333333333333333
 40
0.3333333433333333
 40
0.4444444444444444
 40
0.4444444444444444
 40
0.4444444444444444
 40
0.4444444544444444
 40
0.5555555555555556
 40
0.5555555555555556
 40
0.5555555555555556
 40
0.5555555655555556
 40
0.6666666666666666
 40
0.6666666666666666
 40
0.6666666666666666
 40
0.6666666766666667
 40
0.7777777777777778
 40
0.7777777777777778
 40
0.7777777777777778
 40
0.7777777877777778
 40
1.0
 40
1.0
 40
1.0
 40
1.0
 10
3.45782
 20
0.66901
 30
0.0
 10
3.45782
 20
0.66901
 30
0.0
 10
3.45958
 20
0.66901
 30
0.0
 10
3.45958
 20
0.66901
 30
0.0
 10
3.45958
 20
0.66901
 30
0.0
 10
3.45958
 20
0.66901
 30
0.0
 10
3.46134
 20
0.66725
 30
0.0
 10
3.46134
 20
0.66725
 30
0.0
 10
3.46134
 20
0.66725
 30
0.0
 10
3.46134
 20
0.66725
 30
0.0
 10
3.46487
 20
0.66372
 30
0.0
 10
3.46487
 20
0.66372
 30
0.0
 10
3.46487
 20
0.66372
 30
0.0
 10
3.46487
 20
0.66372
 30
0.0
 10
3.46664
 20
0.66019
 30
0.0
 10
3.46664
 20
0.66019
 30
0.0
 10
3.46664
 20
0.66019
 30
0.0
 10
3.46664
 20
0.66019
 30
0.0
 10
3.46664
 20
0.65667
 30
0.0
 10
3.46664
 20
0.65667
 30
0.0
 10
3.46664
 20
0.65667
 30
0.0
 10
3.46664
 20
0.65667
 30
0.0
 10
3.4684
 20
0.65138
 30
0.0
 10
3.4684
 20
0.65138
 30
0.0
 10
3.4684
 20
0.65138
 30
0.0
 10
3.4684
 20
0.65138
 30
0.0
 10
3.4684
 20
0.64608
 30
0.0
 10
3.4684
 20
0.64608
 30
0.0
 10
3.4684
 20
0.64608
 30
0.0
 10
3.4684
 20
0.64608
 30
0.0
 10
3.47016
 20
0.63903
 30
0.0
 10
3.47016
 20
0.63903
 30
0.0
  0
SPLINE
  5
4AB
330
1F
100
AcDbEntity
  8
Layer 1
370
    25
100
AcDbSpline
210
0.0
220
0.0
230
1.0
 70
    24
 71
     3
 72
    16
 73
    12
 74
     0
 42
0.000000001
 43
0.0000000001
 40
0.0
 40
0.0
 40
0.0
 40
0.0
 40
0.25
 40
0.25
 40
0.25
 40
0.25000001
 40
0.5
 40
0.5
 40
0.5
 40
0.50000001
 40
1.0
 40
1.0
 40
1.0
 40
1.0
 10
3.449
 20
-1.65403
 30
0.0
 10
3.449
 20
-1.65403
 30
0.0
 10
3.45252
 20
-1.65403
 30
0.0
 10
3.45252
 20
-1.65403
 30
0.0
 10
3.45252
 20
-1.65403
 30
0.0
 10
3.45252
 20
-1.65403
 30
0.0
 10
3.45429
 20
-1.65403
 30
0.0
 10
3.45429
 20
-1.65403
 30
0.0
 10
3.45429
 20
-1.65403
 30
0.0
 10
3.45429
 20
-1.65403
 30
0.0
 10
3.45782
 20
-1.65403
 30
0.0
 10
3.45782
 20
-1.65403
 30
0.0
  0
SPLINE
  5
4AC
330
1F
100
AcDbEntity
  8
Layer 1
370
    25
100
AcDbSpline
210
0.0
220
0.0
230
1.0
 70
     8
 71
     3
 72
    36
 73
    32
 74
     0
 42
0.000000001
 43
0.0000000001
 40
0.0
 40
0.0
 40
0.0
 40
0.0
 40
0.1111111111111111
 40
0.1111111111111111
 40
0.1111111111111111
 40
0.1111111211111111
 40
0.2222222222222222
 40
0.2222222222222222
 40
0.2222222222222222
 40
0.2222222322222222
 40
0.3333333333333333
 40
0.3333333333333333
 40
0.3333333333333333
 40
0.3333333433333333
 40
0.4444444444444444
 40
0.4444444444444444
 40
0.4444444444444444
 40
0.4444444544444444
 40
0.5555555555555556
 40
0.5555555555555556
 40
0.5555555555555556
 40
0.5555555655555556
 40
0.6666666666666666
 40
0.6666666666666666
 40
0.6666666666666666
 40
0.6666666766666667
 40
0.7777777777777778
 40
0.7777777777777778
 40
0.7777777777777778
 40
0.7777777877777778
 40
1.0
 40
1.0
 40
1.0
 40
1.0
 10
3.45782
 20
-1.65403
 30
0.0
 10
3.45782
 20
-1.65403
 30
0.0
 10
3.45958
 20
-1.65226
 30
0.0
 10
3.45958
 20
-1.65226
 30
0.0
 10
3.45958
 20
-1.65226
 30
0.0
 10
3.45958
 20
-1.65226
 30
0.0
 10
3.46134
 20
-1.6505
 30
0.0
 10
3.46134
 20
-1.6505
 30
0.0
 10
3.46134
 20
-1.6505
 30
0.0
 10
3.46134
 20
-1.6505
 30
0.0
 10
3.46487
 20
-1.64874
 30
0.0
 10
3.46487
 20
-1.64874
 30
0.0
 10
3.46487
 20
-1.64874
 30
0.0
 10
3.46487
 20
-1.64874
 30
0.0
 10
3.46664
 20
-1.64521
 30
0.0
 10
3.46664
 20
-1.64521
 30
0.0
 10
3.46664
 20
-1.64521
 30
0.0
 10
3.46664
 20
-1.64521
 30
0.0
 10
3.46664
 20
-1.63992
 30
0.0
 10
3.46664
 20
-1.63992
 30
0.0
 10
3.46664
 20
-1.63992
 30
0.0
 10
3.46664
 20
-1.63992
 30
0.0
 10
3.4684
 20
-1.63462
 30
0.0
 10
3.4684
 20
-1.63462
 30
0.0
 10
3.4684
 20
-1.63462
 30
0.0
 10
3.4684
 20
-1.63462
 30
0.0
 10
3.4684
 20
-1.62933
 30
0.0
 10
3.4684
 20
-1.62933
 30
0.0
 10
3.4684
 20
-1.62933
 30
0.0
 10
3.4684
 20
-1.62933
 30
0.0
 10
3.47016
 20
-1.62404
 30
0.0
 10
3.47016
 20
-1.62404
 30
0.0
  0
SPLINE
  5
4AD
330
1F
100
AcDbEntity
  8
Layer 1
370
    25
100
AcDbSpline
210
0.0
220
0.0
230
1.0
 70
    24
 71
     3
 72
    16
 73
    12
 74
     0
 42
0.000000001
 43
0.0000000001
 40
0.0
 40
0.0
 40
0.0
 40
0.0
 40
0.25
 40
0.25
 40
0.25
 40
0.25000001
 40
0.5
 40
0.5
 40
0.5
 40
0.50000001
 40
1.0
 40
1.0
 40
1.0
 40
1.0
 10
3.47016
 20
-1.62404
 30
0.0
 10
3.47016
 20
-1.62404
 30
0.0
 10
3.46311
 20
-1.62404
 30
0.0
 10
3.46311
 20
-1.62404
 30
0.0
 10
3.46311
 20
-1.62404
 30
0.0
 10
3.46311
 20
-1.62404
 30
0.0
 10
3.45605
 20
-1.62404
 30
0.0
 10
3.45605
 20
-1.62404
 30
0.0
 10
3.45605
 20
-1.62404
 30
0.0
 10
3.45605
 20
-1.62404
 30
0.0
 10
3.449
 20
-1.62404
 30
0.0
 10
3.449
 20
-1.62404
 30
0.0
  0
SPLINE
  5
4AE
330
1F
100
AcDbEntity
  8
Layer 1
370
    25
100
AcDbSpline
210
0.0
220
0.0
230
1.0
 70
    24
 71
     3
 72
     8
 73
     4
 74
     0
 42
0.000000001
 43
0.0000000001
 40
0.0
 40
0.0
 40
0.0
 40
0.0
 40
1.0
 40
1.0
 40
1.0
 40
1.0
 10
3.47016
 20
-1.62404
 30
0.0
 10
3.47016
 20
-1.62404
 30
0.0
 10
3.47016
 20
0.63903
 30
0.0
 10
3.47016
 20
0.63903
 30
0.0
  0
SPLINE
  5
4AF
330
1F
100
AcDbEntity
  8
Layer 1
370
    25
100
AcDbSpline
210
0.0
220
0.0
230
1.0
 70
    24
 71
     3
 72
     8
 73
     4
 74
     0
 42
0.000000001
 43
0.0000000001
 40
0.0
 40
0.0
 40
0.0
 40
0.0
 40
1.0
 40
1.0
 40
1.0
 40
1.0
 10
3.45782
 20
-1.65403
 30
0.0
 10
3.45782
 20
-1.65403
 30
0.0
 10
3.45958
 20
-1.65403
 30
0.0
 10
3.45958
 20
-1.65403
 30
0.0
  0
SPLINE
  5
4B0
330
1F
100
AcDbEntity
  8
Layer 1
370
    25
100
AcDbSpline
210
0.0
220
0.0
230
1.0
 70
     8
 71
     3
 72
    36
 73
    32
 74
     0
 42
0.000000001
 43
0.0000000001
 40
0.0
 40
0.0
 40
0.0
 40
0.0
 40
0.1111111111111111
 40
0.1111111111111111
 40
0.1111111111111111
 40
0.1111111211111111
 40
0.2222222222222222
 40
0.2222222222222222
 40
0.2222222222222222
 40
0.2222222322222222
 40
0.3333333333333333
 40
0.3333333333333333
 40
0.3333333333333333
 40
0.3333333433333333
 40
0.4444444444444444
 40
0.4444444444444444
 40
0.4444444444444444
 40
0.4444444544444444
 40
0.5555555555555556
 40
0.5555555555555556
 40
0.5555555555555556
 40
0.5555555655555556
 40
0.6666666666666666
 40
0.6666666666666666
 40
0.6666666666666666
 40
0.6666666766666667
 40
0.7777777777777778
 40
0.7777777777777778
 40
0.7777777777777778
 40
0.7777777877777778
 40
1.0
 40
1.0
 40
1.0
 40
1.0
 10
3.45958
 20
-1.65403
 30
0.0
 10
3.45958
 20
-1.65403
 30
0.0
 10
3.46134
 20
-1.65226
 30
0.0
 10
3.46134
 20
-1.65226
 30
0.0
 10
3.46134
 20
-1.65226
 30
0.0
 10
3.46134
 20
-1.65226
 30
0.0
 10
3.46487
 20
-1.6505
 30
0.0
 10
3.46487
 20
-1.6505
 30
0.0
 10
3.46487
 20
-1.6505
 30
0.0
 10
3.46487
 20
-1.6505
 30
0.0
 10
3.46664
 20
-1.64874
 30
0.0
 10
3.46664
 20
-1.64874
 30
0.0
 10
3.46664
 20
-1.64874
 30
0.0
 10
3.46664
 20
-1.64874
 30
0.0
 10
3.4684
 20
-1.64521
 30
0.0
 10
3.4684
 20
-1.64521
 30
0.0
 10
3.4684
 20
-1.64521
 30
0.0
 10
3.4684
 20
-1.64521
 30
0.0
 10
3.47016
 20
-1.63992
 30
0.0
 10
3.47016
 20
-1.63992
 30
0.0
 10
3.47016
 20
-1.63992
 30
0.0
 10
3.47016
 20
-1.63992
 30
0.0
 10
3.47193
 20
-1.63462
 30
0.0
 10
3.47193
 20
-1.63462
 30
0.0
 10
3.47193
 20
-1.63462
 30
0.0
 10
3.47193
 20
-1.63462
 30
0.0
 10
3.47193
 20
-1.62933
 30
0.0
 10
3.47193
 20
-1.62933
 30
0.0
 10
3.47193
 20
-1.62933
 30
0.0
 10
3.47193
 20
-1.62933
 30
0.0
 10
3.47193
 20
-1.62404
 30
0.0
 10
3.47193
 20
-1.62404
 30
0.0
  0
SPLINE
  5
4B1
330
1F
100
AcDbEntity
  8
Layer 1
370
    25
100
AcDbSpline
210
0.0
220
0.0
230
1.0
 70
    24
 71
     3
 72
     8
 73
     4
 74
     0
 42
0.000000001
 43
0.0000000001
 40
0.0
 40
0.0
 40
0.0
 40
0.0
 40
1.0
 40
1.0
 40
1.0
 40
1.0
 10
3.47193
 20
-1.62404
 30
0.0
 10
3.47193
 20
-1.62404
 30
0.0
 10
3.47016
 20
-1.62404
 30
0.0
 10
3.47016
 20
-1.62404
 30
0.0
  0
SPLINE
  5
4B2
330
1F
100
AcDbEntity
  8
Layer 1
370
    25
100
AcDbSpline
210
0.0
220
0.0
230
1.0
 70
    24
 71
     3
 72
     8
 73
     4
 74
     0
 42
0.000000001
 43
0.0000000001
 40
0.0
 40
0.0
 40
0.0
 40
0.0
 40
1.0
 40
1.0
 40
1.0
 40
1.0
 10
3.45958
 20
0.66901
 30
0.0
 10
3.45958
 20
0.66901
 30
0.0
 10
3.45782
 20
0.66901
 30
0.0
 10
3.45782
 20
0.66901
 30
0.0
  0
SPLINE
  5
4B3
330
1F
100
AcDbEntity
  8
Layer 1
370
    25
100
AcDbSpline
210
0.0
220
0.0
230
1.0
 70
    24
 71
     3
 72
     8
 73
     4
 74
     0
 42
0.000000001
 43
0.0000000001
 40
0.0
 40
0.0
 40
0.0
 40
0.0
 40
1.0
 40
1.0
 40
1.0
 40
1.0
 10
3.47016
 20
0.63903
 30
0.0
 10
3.47016
 20
0.63903
 30
0.0
 10
3.47193
 20
0.63903
 30
0.0
 10
3.47193
 20
0.63903
 30
0.0
  0
SPLINE
  5
4B4
330
1F
100
AcDbEntity
  8
Layer 1
370
    25
100
AcDbSpline
210
0.0
220
0.0
230
1.0
 70
     8
 71
     3
 72
    36
 73
    32
 74
     0
 42
0.000000001
 43
0.0000000001
 40
0.0
 40
0.0
 40
0.0
 40
0.0
 40
0.1111111111111111
 40
0.1111111111111111
 40
0.1111111111111111
 40
0.1111111211111111
 40
0.2222222222222222
 40
0.2222222222222222
 40
0.2222222222222222
 40
0.2222222322222222
 40
0.3333333333333333
 40
0.3333333333333333
 40
0.3333333333333333
 40
0.3333333433333333
 40
0.4444444444444444
 40
0.4444444444444444
 40
0.4444444444444444
 40
0.4444444544444444
 40
0.5555555555555556
 40
0.5555555555555556
 40
0.5555555555555556
 40
0.5555555655555556
 40
0.6666666666666666
 40
0.6666666666666666
 40
0.6666666666666666
 40
0.6666666766666667
 40
0.7777777777777778
 40
0.7777777777777778
 40
0.7777777777777778
 40
0.7777777877777778
 40
1.0
 40
1.0
 40
1.0
 40
1.0
 10
3.45958
 20
0.66901
 30
0.0
 10
3.45958
 20
0.66901
 30
0.0
 10
3.46134
 20
0.66901
 30
0.0
 10
3.46134
 20
0.66901
 30
0.0
 10
3.46134
 20
0.66901
 30
0.0
 10
3.46134
 20
0.66901
 30
0.0
 10
3.46487
 20
0.66725
 30
0.0
 10
3.46487
 20
0.66725
 30
0.0
 10
3.46487
 20
0.66725
 30
0.0
 10
3.46487
 20
0.66725
 30
0.0
 10
3.46664
 20
0.66372
 30
0.0
 10
3.46664
 20
0.66372
 30
0.0
 10
3.46664
 20
0.66372
 30
0.0
 10
3.46664
 20
0.66372
 30
0.0
 10
3.4684
 20
0.66019
 30
0.0
 10
3.4684
 20
0.66019
 30
0.0
 10
3.4684
 20
0.66019
 30
0.0
 10
3.4684
 20
0.66019
 30
0.0
 10
3.47016
 20
0.65667
 30
0.0
 10
3.47016
 20
0.65667
 30
0.0
 10
3.47016
 20
0.65667
 30
0.0
 10
3.47016
 20
0.65667
 30
0.0
 10
3.47193
 20
0.65138
 30
0.0
 10
3.47193
 20
0.65138
 30
0.0
 10
3.47193
 20
0.65138
 30
0.0
 10
3.47193
 20
0.65138
 30
0.0
 10
3.47193
 20
0.64608
 30
0.0
 10
3.47193
 20
0.64608
 30
0.0
 10
3.47193
 20
0.64608
 30
0.0
 10
3.47193
 20
0.64608
 30
0.0
 10
3.47193
 20
0.63903
 30
0.0
 10
3.47193
 20
0.63903
 30
0.0
  0
SPLINE
  5
4B5
330
1F
100
AcDbEntity
  8
Layer 1
370
    25
100
AcDbSpline
210
0.0
220
0.0
230
1.0
 70
     8
 71
     3
 72
    32
 73
    28
 74
     0
 42
0.000000001
 43
0.0000000001
 40
0.0
 40
0.0
 40
0.0
 40
0.0
 40
0.125
 40
0.125
 40
0.125
 40
0.12500001
 40
0.25
 40
0.25
 40
0.25
 40
0.25000001
 40
0.375
 40
0.375
 40
0.375
 40
0.37500001
 40
0.5
 40
0.5
 40
0.5
 40
0.50000001
 40
0.625
 40
0.625
 40
0.625
 40
0.62500001
 40
0.75
 40
0.75
 40
0.75
 40
0.75000001
 40
1.0
 40
1.0
 40
1.0
 40
1.0
 10
3.53895
 20
-1.57112
 30
0.0
 10
3.53895
 20
-1.57112
 30
0.0
 10
3.53366
 20
-1.58347
 30
0.0
 10
3.53366
 20
-1.58347
 30
0.0
 10
3.53366
 20
-1.58347
 30
0.0
 10
3.53366
 20
-1.58347
 30
0.0
 10
3.52837
 20
-1.59406
 30
0.0
 10
3.52837
 20
-1.59406
 30
0.0
 10
3.52837
 20
-1.59406
 30
0.0
 10
3.52837
 20
-1.59406
 30
0.0
 10
3.51955
 20
-1.60464
 30
0.0
 10
3.51955
 20
-1.60464
 30
0.0
 10
3.51955
 20
-1.60464
 30
0.0
 10
3.51955
 20
-1.60464
 30
0.0
 10
3.50897
 20
-1.61169
 30
0.0
 10
3.50897
 20
-1.61169
 30
0.0
 10
3.50897
 20
-1.61169
 30
0.0
 10
3.50897
 20
-1.61169
 30
0.0
 10
3.49662
 20
-1.61875
 30
0.0
 10
3.49662
 20
-1.61875
 30
0.0
 10
3.49662
 20
-1.61875
 30
0.0
 10
3.49662
 20
-1.61875
 30
0.0
 10
3.48427
 20
-1.62228
 30
0.0
 10
3.48427
 20
-1.62228
 30
0.0
 10
3.48427
 20
-1.62228
 30
0.0
 10
3.48427
 20
-1.62228
 30
0.0
 10
3.47193
 20
-1.62404
 30
0.0
 10
3.47193
 20
-1.62404
 30
0.0
  0
SPLINE
  5
4B6
330
1F
100
AcDbEntity
  8
Layer 1
370
    25
100
AcDbSpline
210
0.0
220
0.0
230
1.0
 70
     8
 71
     3
 72
    76
 73
    72
 74
     0
 42
0.000000001
 43
0.0000000001
 40
0.0
 40
0.0
 40
0.0
 40
0.0
 40
0.0526315789473684
 40
0.0526315789473684
 40
0.0526315789473684
 40
0.0526315889473684
 40
0.1052631578947368
 40
0.1052631578947368
 40
0.1052631578947368
 40
0.1052631678947368
 40
0.1578947368421053
 40
0.1578947368421053
 40
0.1578947368421053
 40
0.1578947468421052
 40
0.2105263157894737
 40
0.2105263157894737
 40
0.2105263157894737
 40
0.2105263257894737
 40
0.2631578947368421
 40
0.2631578947368421
 40
0.2631578947368421
 40
0.2631579047368421
 40
0.3157894736842105
 40
0.3157894736842105
 40
0.3157894736842105
 40
0.3157894836842105
 40
0.3684210526315789
 40
0.3684210526315789
 40
0.3684210526315789
 40
0.3684210626315789
 40
0.4210526315789473
 40
0.4210526315789473
 40
0.4210526315789473
 40
0.4210526415789473
 40
0.4736842105263158
 40
0.4736842105263158
 40
0.4736842105263158
 40
0.4736842205263158
 40
0.5263157894736842
 40
0.5263157894736842
 40
0.5263157894736842
 40
0.5263157994736842
 40
0.5789473684210527
 40
0.5789473684210527
 40
0.5789473684210527
 40
0.5789473784210527
 40
0.631578947368421
 40
0.631578947368421
 40
0.631578947368421
 40
0.6315789573684211
 40
0.6842105263157895
 40
0.6842105263157895
 40
0.6842105263157895
 40
0.6842105363157895
 40
0.7368421052631579
 40
0.7368421052631579
 40
0.7368421052631579
 40
0.7368421152631579
 40
0.7894736842105263
 40
0.7894736842105263
 40
0.7894736842105263
 40
0.7894736942105264
 40
0.8421052631578947
 40
0.8421052631578947
 40
0.8421052631578947
 40
0.8421052731578947
 40
0.8947368421052632
 40
0.8947368421052632
 40
0.8947368421052632
 40
0.8947368521052632
 40
1.0
 40
1.0
 40
1.0
 40
1.0
 10
3.53895
 20
0.58611
 30
0.0
 10
3.53895
 20
0.58611
 30
0.0
 10
3.56718
 20
0.46793
 30
0.0
 10
3.56718
 20
0.46793
 30
0.0
 10
3.56718
 20
0.46793
 30
0.0
 10
3.56718
 20
0.46793
 30
0.0
 10
3.59187
 20
0.34975
 30
0.0
 10
3.59187
 20
0.34975
 30
0.0
 10
3.59187
 20
0.34975
 30
0.0
 10
3.59187
 20
0.34975
 30
0.0
 10
3.61304
 20
0.23157
 30
0.0
 10
3.61304
 20
0.23157
 30
0.0
 10
3.61304
 20
0.23157
 30
0.0
 10
3.61304
 20
0.23157
 30
0.0
 10
3.63068
 20
0.11163
 30
0.0
 10
3.63068
 20
0.11163
 30
0.0
 10
3.63068
 20
0.11163
 30
0.0
 10
3.63068
 20
0.11163
 30
0.0
 10
3.64479
 20
-0.00832
 30
0.0
 10
3.64479
 20
-0.00832
 30
0.0
 10
3.64479
 20
-0.00832
 30
0.0
 10
3.64479
 20
-0.00832
 30
0.0
 10
3.65714
 20
-0.13003
 30
0.0
 10
3.65714
 20
-0.13003
 30
0.0
 10
3.65714
 20
-0.13003
 30
0.0
 10
3.65714
 20
-0.13003
 30
0.0
 10
3.66595
 20
-0.24997
 30
0.0
 10
3.66595
 20
-0.24997
 30
0.0
 10
3.66595
 20
-0.24997
 30
0.0
 10
3.66595
 20
-0.24997
 30
0.0
 10
3.66948
 20
-0.37168
 30
0.0
 10
3.66948
 20
-0.37168
 30
0.0
 10
3.66948
 20
-0.37168
 30
0.0
 10
3.66948
 20
-0.37168
 30
0.0
 10
3.67125
 20
-0.49162
 30
0.0
 10
3.67125
 20
-0.49162
 30
0.0
 10
3.67125
 20
-0.49162
 30
0.0
 10
3.67125
 20
-0.49162
 30
0.0
 10
3.66948
 20
-0.61333
 30
0.0
 10
3.66948
 20
-0.61333
 30
0.0
 10
3.66948
 20
-0.61333
 30
0.0
 10
3.66948
 20
-0.61333
 30
0.0
 10
3.66595
 20
-0.73328
 30
0.0
 10
3.66595
 20
-0.73328
 30
0.0
 10
3.66595
 20
-0.73328
 30
0.0
 10
3.66595
 20
-0.73328
 30
0.0
 10
3.65714
 20
-0.85499
 30
0.0
 10
3.65714
 20
-0.85499
 30
0.0
 10
3.65714
 20
-0.85499
 30
0.0
 10
3.65714
 20
-0.85499
 30
0.0
 10
3.64479
 20
-0.97493
 30
0.0
 10
3.64479
 20
-0.97493
 30
0.0
 10
3.64479
 20
-0.97493
 30
0.0
 10
3.64479
 20
-0.97493
 30
0.0
 10
3.63068
 20
-1.09487
 30
0.0
 10
3.63068
 20
-1.09487
 30
0.0
 10
3.63068
 20
-1.09487
 30
0.0
 10
3.63068
 20
-1.09487
 30
0.0
 10
3.61304
 20
-1.21482
 30
0.0
 10
3.61304
 20
-1.21482
 30
0.0
 10
3.61304
 20
-1.21482
 30
0.0
 10
3.61304
 20
-1.21482
 30
0.0
 10
3.59187
 20
-1.33476
 30
0.0
 10
3.59187
 20
-1.33476
 30
0.0
 10
3.59187
 20
-1.33476
 30
0.0
 10
3.59187
 20
-1.33476
 30
0.0
 10
3.56718
 20
-1.45294
 30
0.0
 10
3.56718
 20
-1.45294
 30
0.0
 10
3.56718
 20
-1.45294
 30
0.0
 10
3.56718
 20
-1.45294
 30
0.0
 10
3.53895
 20
-1.57112
 30
0.0
 10
3.53895
 20
-1.57112
 30
0.0
  0
SPLINE
  5
4B7
330
1F
100
AcDbEntity
  8
Layer 1
370
    25
100
AcDbSpline
210
0.0
220
0.0
230
1.0
 70
     8
 71
     3
 72
    32
 73
    28
 74
     0
 42
0.000000001
 43
0.0000000001
 40
0.0
 40
0.0
 40
0.0
 40
0.0
 40
0.125
 40
0.125
 40
0.125
 40
0.12500001
 40
0.25
 40
0.25
 40
0.25
 40
0.25000001
 40
0.375
 40
0.375
 40
0.375
 40
0.37500001
 40
0.5
 40
0.5
 40
0.5
 40
0.50000001
 40
0.625
 40
0.625
 40
0.625
 40
0.62500001
 40
0.75
 40
0.75
 40
0.75
 40
0.75000001
 40
1.0
 40
1.0
 40
1.0
 40
1.0
 10
3.47193
 20
0.63903
 30
0.0
 10
3.47193
 20
0.63903
 30
0.0
 10
3.48427
 20
0.63726
 30
0.0
 10
3.48427
 20
0.63726
 30
0.0
 10
3.48427
 20
0.63726
 30
0.0
 10
3.48427
 20
0.63726
 30
0.0
 10
3.49662
 20
0.63374
 30
0.0
 10
3.49662
 20
0.63374
 30
0.0
 10
3.49662
 20
0.63374
 30
0.0
 10
3.49662
 20
0.63374
 30
0.0
 10
3.50897
 20
0.62844
 30
0.0
 10
3.50897
 20
0.62844
 30
0.0
 10
3.50897
 20
0.62844
 30
0.0
 10
3.50897
 20
0.62844
 30
0.0
 10
3.51955
 20
0.61963
 30
0.0
 10
3.51955
 20
0.61963
 30
0.0
 10
3.51955
 20
0.61963
 30
0.0
 10
3.51955
 20
0.61963
 30
0.0
 10
3.52837
 20
0.61081
 30
0.0
 10
3.52837
 20
0.61081
 30
0.0
 10
3.52837
 20
0.61081
 30
0.0
 10
3.52837
 20
0.61081
 30
0.0
 10
3.53366
 20
0.59846
 30
0.0
 10
3.53366
 20
0.59846
 30
0.0
 10
3.53366
 20
0.59846
 30
0.0
 10
3.53366
 20
0.59846
 30
0.0
 10
3.53895
 20
0.58611
 30
0.0
 10
3.53895
 20
0.58611
 30
0.0
  0
SPLINE
  5
4B8
330
1F
100
AcDbEntity
  8
Layer 1
370
    25
100
AcDbSpline
210
0.0
220
0.0
230
1.0
 70
     8
 71
     3
 72
    32
 73
    28
 74
     0
 42
0.000000001
 43
0.0000000001
 40
0.0
 40
0.0
 40
0.0
 40
0.0
 40
0.125
 40
0.125
 40
0.125
 40
0.12500001
 40
0.25
 40
0.25
 40
0.25
 40
0.25000001
 40
0.375
 40
0.375
 40
0.375
 40
0.37500001
 40
0.5
 40
0.5
 40
0.5
 40
0.50000001
 40
0.625
 40
0.625
 40
0.625
 40
0.62500001
 40
0.75
 40
0.75
 40
0.75
 40
0.75000001
 40
1.0
 40
1.0
 40
1.0
 40
1.0
 10
3.45958
 20
-1.65403
 30
0.0
 10
3.45958
 20
-1.65403
 30
0.0
 10
3.47898
 20
-1.65226
 30
0.0
 10
3.47898
 20
-1.65226
 30
0.0
 10
3.47898
 20
-1.65226
 30
0.0
 10
3.47898
 20
-1.65226
 30
0.0
 10
3.49662
 20
-1.64521
 30
0.0
 10
3.49662
 20
-1.64521
 30
0.0
 10
3.49662
 20
-1.64521
 30
0.0
 10
3.49662
 20
-1.64521
 30
0.0
 10
3.5125
 20
-1.63815
 30
0.0
 10
3.5125
 20
-1.63815
 30
0.0
 10
3.5125
 20
-1.63815
 30
0.0
 10
3.5125
 20
-1.63815
 30
0.0
 10
3.52661
 20
-1.62581
 30
0.0
 10
3.52661
 20
-1.62581
 30
0.0
 10
3.52661
 20
-1.62581
 30
0.0
 10
3.52661
 20
-1.62581
 30
0.0
 10
3.53895
 20
-1.61169
 30
0.0
 10
3.53895
 20
-1.61169
 30
0.0
 10
3.53895
 20
-1.61169
 30
0.0
 10
3.53895
 20
-1.61169
 30
0.0
 10
3.54954
 20
-1.59582
 30
0.0
 10
3.54954
 20
-1.59582
 30
0.0
 10
3.54954
 20
-1.59582
 30
0.0
 10
3.54954
 20
-1.59582
 30
0.0
 10
3.55483
 20
-1.57818
 30
0.0
 10
3.55483
 20
-1.57818
 30
0.0
  0
SPLINE
  5
4B9
330
1F
100
AcDbEntity
  8
Layer 1
370
    25
100
AcDbSpline
210
0.0
220
0.0
230
1.0
 70
     8
 71
     3
 72
    36
 73
    32
 74
     0
 42
0.000000001
 43
0.0000000001
 40
0.0
 40
0.0
 40
0.0
 40
0.0
 40
0.1111111111111111
 40
0.1111111111111111
 40
0.1111111111111111
 40
0.1111111211111111
 40
0.2222222222222222
 40
0.2222222222222222
 40
0.2222222222222222
 40
0.2222222322222222
 40
0.3333333333333333
 40
0.3333333333333333
 40
0.3333333333333333
 40
0.3333333433333333
 40
0.4444444444444444
 40
0.4444444444444444
 40
0.4444444444444444
 40
0.4444444544444444
 40
0.5555555555555556
 40
0.5555555555555556
 40
0.5555555555555556
 40
0.5555555655555556
 40
0.6666666666666666
 40
0.6666666666666666
 40
0.6666666666666666
 40
0.6666666766666667
 40
0.7777777777777778
 40
0.7777777777777778
 40
0.7777777777777778
 40
0.7777777877777778
 40
1.0
 40
1.0
 40
1.0
 40
1.0
 10
3.55483
 20
-1.57818
 30
0.0
 10
3.55483
 20
-1.57818
 30
0.0
 10
3.55483
 20
-1.57818
 30
0.0
 10
3.55483
 20
-1.57818
 30
0.0
 10
3.55483
 20
-1.57818
 30
0.0
 10
3.55483
 20
-1.57818
 30
0.0
 10
3.55483
 20
-1.57642
 30
0.0
 10
3.55483
 20
-1.57642
 30
0.0
 10
3.55483
 20
-1.57642
 30
0.0
 10
3.55483
 20
-1.57642
 30
0.0
 10
3.55307
 20
-1.57642
 30
0.0
 10
3.55307
 20
-1.57642
 30
0.0
 10
3.55307
 20
-1.57642
 30
0.0
 10
3.55307
 20
-1.57642
 30
0.0
 10
3.5513
 20
-1.57465
 30
0.0
 10
3.5513
 20
-1.57465
 30
0.0
 10
3.5513
 20
-1.57465
 30
0.0
 10
3.5513
 20
-1.57465
 30
0.0
 10
3.54777
 20
-1.57465
 30
0.0
 10
3.54777
 20
-1.57465
 30
0.0
 10
3.54777
 20
-1.57465
 30
0.0
 10
3.54777
 20
-1.57465
 30
0.0
 10
3.54601
 20
-1.57289
 30
0.0
 10
3.54601
 20
-1.57289
 30
0.0
 10
3.54601
 20
-1.57289
 30
0.0
 10
3.54601
 20
-1.57289
 30
0.0
 10
3.54248
 20
-1.57112
 30
0.0
 10
3.54248
 20
-1.57112
 30
0.0
 10
3.54248
 20
-1.57112
 30
0.0
 10
3.54248
 20
-1.57112
 30
0.0
 10
3.53895
 20
-1.57112
 30
0.0
 10
3.53895
 20
-1.57112
 30
0.0
  0
SPLINE
  5
4BA
330
1F
100
AcDbEntity
  8
Layer 1
370
    25
100
AcDbSpline
210
0.0
220
0.0
230
1.0
 70
     8
 71
     3
 72
    32
 73
    28
 74
     0
 42
0.000000001
 43
0.0000000001
 40
0.0
 40
0.0
 40
0.0
 40
0.0
 40
0.125
 40
0.125
 40
0.125
 40
0.12500001
 40
0.25
 40
0.25
 40
0.25
 40
0.25000001
 40
0.375
 40
0.375
 40
0.375
 40
0.37500001
 40
0.5
 40
0.5
 40
0.5
 40
0.50000001
 40
0.625
 40
0.625
 40
0.625
 40
0.62500001
 40
0.75
 40
0.75
 40
0.75
 40
0.75000001
 40
1.0
 40
1.0
 40
1.0
 40
1.0
 10
3.55483
 20
0.59317
 30
0.0
 10
3.55483
 20
0.59317
 30
0.0
 10
3.54954
 20
0.61081
 30
0.0
 10
3.54954
 20
0.61081
 30
0.0
 10
3.54954
 20
0.61081
 30
0.0
 10
3.54954
 20
0.61081
 30
0.0
 10
3.53895
 20
0.62668
 30
0.0
 10
3.53895
 20
0.62668
 30
0.0
 10
3.53895
 20
0.62668
 30
0.0
 10
3.53895
 20
0.62668
 30
0.0
 10
3.52661
 20
0.64079
 30
0.0
 10
3.52661
 20
0.64079
 30
0.0
 10
3.52661
 20
0.64079
 30
0.0
 10
3.52661
 20
0.64079
 30
0.0
 10
3.5125
 20
0.65314
 30
0.0
 10
3.5125
 20
0.65314
 30
0.0
 10
3.5125
 20
0.65314
 30
0.0
 10
3.5125
 20
0.65314
 30
0.0
 10
3.49662
 20
0.66196
 30
0.0
 10
3.49662
 20
0.66196
 30
0.0
 10
3.49662
 20
0.66196
 30
0.0
 10
3.49662
 20
0.66196
 30
0.0
 10
3.47898
 20
0.66725
 30
0.0
 10
3.47898
 20
0.66725
 30
0.0
 10
3.47898
 20
0.66725
 30
0.0
 10
3.47898
 20
0.66725
 30
0.0
 10
3.45958
 20
0.66901
 30
0.0
 10
3.45958
 20
0.66901
 30
0.0
  0
SPLINE
  5
4BB
330
1F
100
AcDbEntity
  8
Layer 1
370
    25
100
AcDbSpline
210
0.0
220
0.0
230
1.0
 70
     8
 71
     3
 72
    32
 73
    28
 74
     0
 42
0.000000001
 43
0.0000000001
 40
0.0
 40
0.0
 40
0.0
 40
0.0
 40
0.125
 40
0.125
 40
0.125
 40
0.12500001
 40
0.25
 40
0.25
 40
0.25
 40
0.25000001
 40
0.375
 40
0.375
 40
0.375
 40
0.37500001
 40
0.5
 40
0.5
 40
0.5
 40
0.50000001
 40
0.625
 40
0.625
 40
0.625
 40
0.62500001
 40
0.75
 40
0.75
 40
0.75
 40
0.75000001
 40
1.0
 40
1.0
 40
1.0
 40
1.0
 10
3.55483
 20
0.59317
 30
0.0
 10
3.55483
 20
0.59317
 30
0.0
 10
3.55483
 20
0.59317
 30
0.0
 10
3.55483
 20
0.59317
 30
0.0
 10
3.55483
 20
0.59317
 30
0.0
 10
3.55483
 20
0.59317
 30
0.0
 10
3.55307
 20
0.5914
 30
0.0
 10
3.55307
 20
0.5914
 30
0.0
 10
3.55307
 20
0.5914
 30
0.0
 10
3.55307
 20
0.5914
 30
0.0
 10
3.5513
 20
0.5914
 30
0.0
 10
3.5513
 20
0.5914
 30
0.0
 10
3.5513
 20
0.5914
 30
0.0
 10
3.5513
 20
0.5914
 30
0.0
 10
3.54777
 20
0.58964
 30
0.0
 10
3.54777
 20
0.58964
 30
0.0
 10
3.54777
 20
0.58964
 30
0.0
 10
3.54777
 20
0.58964
 30
0.0
 10
3.54601
 20
0.58788
 30
0.0
 10
3.54601
 20
0.58788
 30
0.0
 10
3.54601
 20
0.58788
 30
0.0
 10
3.54601
 20
0.58788
 30
0.0
 10
3.54248
 20
0.58788
 30
0.0
 10
3.54248
 20
0.58788
 30
0.0
 10
3.54248
 20
0.58788
 30
0.0
 10
3.54248
 20
0.58788
 30
0.0
 10
3.53895
 20
0.58611
 30
0.0
 10
3.53895
 20
0.58611
 30
0.0
  0
SPLINE
  5
4BC
330
1F
100
AcDbEntity
  8
Layer 1
370
    25
100
AcDbSpline
210
0.0
220
0.0
230
1.0
 70
     8
 71
     3
 72
    76
 73
    72
 74
     0
 42
0.000000001
 43
0.0000000001
 40
0.0
 40
0.0
 40
0.0
 40
0.0
 40
0.0526315789473684
 40
0.0526315789473684
 40
0.0526315789473684
 40
0.0526315889473684
 40
0.1052631578947368
 40
0.1052631578947368
 40
0.1052631578947368
 40
0.1052631678947368
 40
0.1578947368421053
 40
0.1578947368421053
 40
0.1578947368421053
 40
0.1578947468421052
 40
0.2105263157894737
 40
0.2105263157894737
 40
0.2105263157894737
 40
0.2105263257894737
 40
0.2631578947368421
 40
0.2631578947368421
 40
0.2631578947368421
 40
0.2631579047368421
 40
0.3157894736842105
 40
0.3157894736842105
 40
0.3157894736842105
 40
0.3157894836842105
 40
0.3684210526315789
 40
0.3684210526315789
 40
0.3684210526315789
 40
0.3684210626315789
 40
0.4210526315789473
 40
0.4210526315789473
 40
0.4210526315789473
 40
0.4210526415789473
 40
0.4736842105263158
 40
0.4736842105263158
 40
0.4736842105263158
 40
0.4736842205263158
 40
0.5263157894736842
 40
0.5263157894736842
 40
0.5263157894736842
 40
0.5263157994736842
 40
0.5789473684210527
 40
0.5789473684210527
 40
0.5789473684210527
 40
0.5789473784210527
 40
0.631578947368421
 40
0.631578947368421
 40
0.631578947368421
 40
0.6315789573684211
 40
0.6842105263157895
 40
0.6842105263157895
 40
0.6842105263157895
 40
0.6842105363157895
 40
0.7368421052631579
 40
0.7368421052631579
 40
0.7368421052631579
 40
0.7368421152631579
 40
0.7894736842105263
 40
0.7894736842105263
 40
0.7894736842105263
 40
0.7894736942105264
 40
0.8421052631578947
 40
0.8421052631578947
 40
0.8421052631578947
 40
0.8421052731578947
 40
0.8947368421052632
 40
0.8947368421052632
 40
0.8947368421052632
 40
0.8947368521052632
 40
1.0
 40
1.0
 40
1.0
 40
1.0
 10
3.55483
 20
-1.57818
 30
0.0
 10
3.55483
 20
-1.57818
 30
0.0
 10
3.58305
 20
-1.46
 30
0.0
 10
3.58305
 20
-1.46
 30
0.0
 10
3.58305
 20
-1.46
 30
0.0
 10
3.58305
 20
-1.46
 30
0.0
 10
3.60775
 20
-1.34006
 30
0.0
 10
3.60775
 20
-1.34006
 30
0.0
 10
3.60775
 20
-1.34006
 30
0.0
 10
3.60775
 20
-1.34006
 30
0.0
 10
3.62891
 20
-1.22011
 30
0.0
 10
3.62891
 20
-1.22011
 30
0.0
 10
3.62891
 20
-1.22011
 30
0.0
 10
3.62891
 20
-1.22011
 30
0.0
 10
3.64832
 20
-1.10017
 30
0.0
 10
3.64832
 20
-1.10017
 30
0.0
 10
3.64832
 20
-1.10017
 30
0.0
 10
3.64832
 20
-1.10017
 30
0.0
 10
3.66243
 20
-0.97846
 30
0.0
 10
3.66243
 20
-0.97846
 30
0.0
 10
3.66243
 20
-0.97846
 30
0.0
 10
3.66243
 20
-0.97846
 30
0.0
 10
3.67477
 20
-0.85675
 30
0.0
 10
3.67477
 20
-0.85675
 30
0.0
 10
3.67477
 20
-0.85675
 30
0.0
 10
3.67477
 20
-0.85675
 30
0.0
 10
3.68183
 20
-0.73504
 30
0.0
 10
3.68183
 20
-0.73504
 30
0.0
 10
3.68183
 20
-0.73504
 30
0.0
 10
3.68183
 20
-0.73504
 30
0.0
 10
3.68712
 20
-0.61333
 30
0.0
 10
3.68712
 20
-0.61333
 30
0.0
 10
3.68712
 20
-0.61333
 30
0.0
 10
3.68712
 20
-0.61333
 30
0.0
 10
3.68889
 20
-0.49162
 30
0.0
 10
3.68889
 20
-0.49162
 30
0.0
 10
3.68889
 20
-0.49162
 30
0.0
 10
3.68889
 20
-0.49162
 30
0.0
 10
3.68712
 20
-0.36992
 30
0.0
 10
3.68712
 20
-0.36992
 30
0.0
 10
3.68712
 20
-0.36992
 30
0.0
 10
3.68712
 20
-0.36992
 30
0.0
 10
3.68183
 20
-0.24821
 30
0.0
 10
3.68183
 20
-0.24821
 30
0.0
 10
3.68183
 20
-0.24821
 30
0.0
 10
3.68183
 20
-0.24821
 30
0.0
 10
3.67477
 20
-0.1265
 30
0.0
 10
3.67477
 20
-0.1265
 30
0.0
 10
3.67477
 20
-0.1265
 30
0.0
 10
3.67477
 20
-0.1265
 30
0.0
 10
3.66243
 20
-0.00479
 30
0.0
 10
3.66243
 20
-0.00479
 30
0.0
 10
3.66243
 20
-0.00479
 30
0.0
 10
3.66243
 20
-0.00479
 30
0.0
 10
3.64832
 20
0.11515
 30
0.0
 10
3.64832
 20
0.11515
 30
0.0
 10
3.64832
 20
0.11515
 30
0.0
 10
3.64832
 20
0.11515
 30
0.0
 10
3.62891
 20
0.2351
 30
0.0
 10
3.62891
 20
0.2351
 30
0.0
 10
3.62891
 20
0.2351
 30
0.0
 10
3.62891
 20
0.2351
 30
0.0
 10
3.60775
 20
0.35504
 30
0.0
 10
3.60775
 20
0.35504
 30
0.0
 10
3.60775
 20
0.35504
 30
0.0
 10
3.60775
 20
0.35504
 30
0.0
 10
3.58305
 20
0.47499
 30
0.0
 10
3.58305
 20
0.47499
 30
0.0
 10
3.58305
 20
0.47499
 30
0.0
 10
3.58305
 20
0.47499
 30
0.0
 10
3.55483
 20
0.59317
 30
0.0
 10
3.55483
 20
0.59317
 30
0.0
  0
ENDSEC
  0
SECTION
  2
OBJECTS
  0
DICTIONARY
  5
C
330
0
100
AcDbDictionary
281
     1
  3
ACAD_DETAILVIEWSTYLE
350
4F8
  3
ACAD_GROUP
350
D
  3
ACAD_LAYOUT
350
1A
  3
ACAD_MATERIAL
350
43
  3
ACAD_MLEADERSTYLE
350
6B
  3
ACAD_MLINESTYLE
350
17
  3
ACAD_PLOTSETTINGS
350
19
  3
ACAD_PLOTSTYLENAME
350
E
  3
ACAD_SCALELIST
350
47
  3
ACAD_SECTIONVIEWSTYLE
350
4F9
  3
ACAD_TABLESTYLE
350
69
  3
ACAD_VISUALSTYLE
350
2A
  3
ACDB_RECOMPOSE_DATA
350
4FE
  3
AcDbVariableDictionary
350
4BD
  0
SUN
  5
6D
330
29
100
AcDbSun
 90
        1
290
     0
 63
     7
421
 16777215
 40
1.0
291
     1
 91
  2455826
 92
 54000000
292
     0
 70
     2
 71
   256
280
     1
  0
DICTIONARY
  5
4F8
102
{ACAD_REACTORS
330
C
102
}
330
C
100
AcDbDictionary
281
     1
  3
Imperial24
350
4FA
  0
DICTIONARY
  5
D
102
{ACAD_REACTORS
330
C
102
}
330
C
100
AcDbDictionary
281
     1
  0
DICTIONARY
  5
1A
102
{ACAD_REACTORS
330
C
102
}
330
C
100
AcDbDictionary
281
     1
  3
Layout1
350
1E
  3
Layout2
350
26
  3
Model
350
22
  0
DICTIONARY
  5
43
102
{ACAD_REACTORS
330
C
102
}
330
C
100
AcDbDictionary
281
     1
  3
ByBlock
350
45
  3
ByLayer
350
44
  3
Global
350
46
  0
DICTIONARY
  5
6B
102
{ACAD_REACTORS
330
C
102
}
330
C
100
AcDbDictionary
281
     1
  3
Standard
350
6C
  0
DICTIONARY
  5
17
102
{ACAD_REACTORS
330
C
102
}
330
C
100
AcDbDictionary
281
     1
  3
Standard
350
18
  0
DICTIONARY
  5
19
102
{ACAD_REACTORS
330
C
102
}
330
C
100
AcDbDictionary
281
     1
  0
ACDBDICTIONARYWDFLT
  5
E
102
{ACAD_REACTORS
330
C
102
}
330
C
100
AcDbDictionary
281
     1
  3
Normal
350
F
100
AcDbDictionaryWithDefault
340
F
  0
DICTIONARY
  5
47
102
{ACAD_REACTORS
330
C
102
}
330
C
100
AcDbDictionary
281
     1
  3
A0
350
48
  3
A1
350
49
  3
A2
350
4A
  3
A3
350
4B
  3
A4
350
4C
  3
A5
350
4D
  3
A6
350
4E
  3
A7
350
4F
  3
A8
350
50
  3
A9
350
51
  3
B0
350
52
  3
B1
350
53
  3
B2
350
54
  3
B3
350
55
  3
B4
350
56
  3
B5
350
57
  3
B6
350
58
  3
B7
350
59
  3
B8
350
5A
  3
B9
350
5B
  3
C0
350
5C
  3
C1
350
5D
  3
C2
350
5E
  3
C3
350
5F
  3
C4
350
60
  3
C5
350
61
  3
C6
350
62
  3
C7
350
63
  3
C8
350
64
  3
C9
350
65
  3
D0
350
66
  3
D1
350
67
  3
D2
350
68
  0
DICTIONARY
  5
4F9
102
{ACAD_REACTORS
330
C
102
}
330
C
100
AcDbDictionary
281
     1
  3
Imperial24
350
4FB
  0
DICTIONARY
  5
69
102
{ACAD_REACTORS
330
C
102
}
330
C
100
AcDbDictionary
281
     1
  3
Standard
350
6A
  0
DICTIONARY
  5
2A
102
{ACAD_REACTORS
330
C
102
}
330
C
100
AcDbDictionary
281
     1
  3
2dWireframe
350
2F
  3
Basic
350
32
  3
Brighten
350
36
  3
ColorChange
350
3A
  3
Conceptual
350
34
  3
Dim
350
35
  3
EdgeColorOff
350
3D
  3
Facepattern
350
39
  3
Flat
350
2B
  3
FlatWithEdges
350
2C
  3
Gouraud
350
2D
  3
GouraudWithEdges
350
2E
  3
Hidden
350
31
  3
JitterOff
350
3B
  3
Linepattern
350
38
  3
OverhangOff
350
3C
  3
Realistic
350
33
  3
Shaded
350
42
  3
Shaded with edges
350
41
  3
Shades of Gray
350
3E
  3
Sketchy
350
3F
  3
Thicken
350
37
  3
Wireframe
350
30
  3
X-Ray
350
40
  0
XRECORD
  5
4FE
102
{ACAD_REACTORS
330
C
102
}
330
C
100
AcDbXrecord
280
     1
 90
        1
330
6A
  0
DICTIONARY
  5
4BD
102
{ACAD_REACTORS
330
C
102
}
330
C
100
AcDbDictionary
281
     1
  3
CANNOSCALE
350
4BE
  3
CMLEADERSTYLE
350
4F7
  3
CTABLESTYLE
350
4F6
  3
CVIEWDETAILSTYLE
350
4FF
  3
CVIEWSECTIONSTYLE
350
500
  3
XCLIPFRAME
350
4BF
  0
ACDBDETAILVIEWSTYLE
  5
4FA
102
{ACAD_REACTORS
330
4F8
102
}
330
4F8
100
AcDbModelDocViewStyle
 70
     0
  3
Imperial24
290
     0
300
Imperial24
 90
        0
100
AcDbDetailViewStyle
 70
     0
 71
     0
 90
        3
 71
     1
340
11
 62
   256
 40
0.24
340
0
 62
   256
 40
0.24
300

 40
0.36
280
     3
 71
     2
340
16
 90
       25
 62
   256
 71
     3
340
11
 62
   256
 40
0.24
 90
        1
 40
0.75
 90
        1
300
%<\AcVar ViewType \f "%tc1">% %<\AcVar ViewDetailId>%\PSCALE %<\AcVar ViewScale \f "%sn">%
 71
     4
340
16
 90
       25
 62
   256
340
16
 90
       25
 62
   256
280
     0
  0
LAYOUT
  5
1E
102
{ACAD_REACTORS
330
1A
102
}
330
1A
100
AcDbPlotSettings
  1

  2
none_device
  4

  6

 40
0.0
 41
0.0
 42
0.0
 43
0.0
 44
0.0
 45
0.0
 46
0.0
 47
0.0
 48
0.0
 49
0.0
140
0.0
141
0.0
142
1.0
143
1.0
 70
   688
 72
     0
 73
     0
 74
     5
  7

 75
    16
 76
     0
 77
     2
 78
   300
147
1.0
148
0.0
149
0.0
100
AcDbLayout
  1
Layout1
 70
     1
 71
     1
 10
0.0
 20
0.0
 11
12.0
 21
9.0
 12
0.0
 22
0.0
 32
0.0
 14
1.000000000000000E+20
 24
1.000000000000000E+20
 34
1.000000000000000E+20
 15
-1.000000000000000E+20
 25
-1.000000000000000E+20
 35
-1.000000000000000E+20
146
0.0
 13
0.0
 23
0.0
 33
0.0
 16
1.0
 26
0.0
 36
0.0
 17
0.0
 27
1.0
 37
0.0
 76
     0
330
1B
  0
LAYOUT
  5
26
102
{ACAD_REACTORS
330
1A
102
}
330
1A
100
AcDbPlotSettings
  1

  2
none_device
  4

  6

 40
0.0
 41
0.0
 42
0.0
 43
0.0
 44
0.0
 45
0.0
 46
0.0
 47
0.0
 48
0.0
 49
0.0
140
0.0
141
0.0
142
1.0
143
1.0
 70
   688
 72
     0
 73
     0
 74
     5
  7

 75
    16
 76
     0
 77
     2
 78
   300
147
1.0
148
0.0
149
0.0
100
AcDbLayout
  1
Layout2
 70
     1
 71
     2
 10
0.0
 20
0.0
 11
0.0
 21
0.0
 12
0.0
 22
0.0
 32
0.0
 14
0.0
 24
0.0
 34
0.0
 15
0.0
 25
0.0
 35
0.0
146
0.0
 13
0.0
 23
0.0
 33
0.0
 16
1.0
 26
0.0
 36
0.0
 17
0.0
 27
1.0
 37
0.0
 76
     0
330
23
  0
LAYOUT
  5
22
102
{ACAD_REACTORS
330
1A
102
}
330
1A
100
AcDbPlotSettings
  1

  2
none_device
  4
Letter_(8.50_x_11.00_Inches)
  6

 40
6.35
 41
6.35
 42
6.35000508
 43
6.35000508
 44
215.9
 45
279.4
 46
0.0
 47
0.0
 48
0.0
 49
0.0
140
0.0
141
0.0
142
1.0
143
1.0
 70
  1712
 72
     0
 73
     0
 74
     0
  7

 75
     0
 76
     0
 77
     2
 78
   300
147
1.0
148
0.0
149
0.0
100
AcDbLayout
  1
Model
 70
     1
 71
     0
 10
0.0
 20
0.0
 11
12.0
 21
9.0
 12
0.0
 22
0.0
 32
0.0
 14
-8.36982
 24
-7.77599
 34
0.0
 15
3.70139
 25
8.01703
 35
0.0
146
0.0
 13
0.0
 23
0.0
 33
0.0
 16
1.0
 26
0.0
 36
0.0
 17
0.0
 27
1.0
 37
0.0
 76
     0
330
1F
331
29
  0
MATERIAL
  5
45
102
{ACAD_REACTORS
330
43
102
}
330
43
100
AcDbMaterial
  1
ByBlock
 72
     1
 94
      127
  0
MATERIAL
  5
44
102
{ACAD_REACTORS
330
43
102
}
330
43
100
AcDbMaterial
  1
ByLayer
 72
     1
 94
      127
  0
MATERIAL
  5
46
102
{ACAD_REACTORS
330
43
102
}
330
43
100
AcDbMaterial
  1
Global
 72
     1
 94
      127
  0
MLEADERSTYLE
  5
6C
102
{ACAD_REACTORS
330
6B
102
}
330
6B
100
AcDbMLeaderStyle
179
     2
170
     2
171
     1
172
     0
 90
        2
 40
0.0
 41
0.0
173
     1
 91
-1056964608
340
14
 92
       -2
290
     1
 42
0.09
291
     1
 43
0.36
  3
Standard
341
0
 44
0.18
300

342
11
174
     1
178
     6
175
     1
176
     0
 93
-1056964608
 45
0.18
292
     0
297
     0
 46
0.18
343
0
 94
-1056964608
 47
1.0
 49
1.0
140
1.0
293
     1
141
0.0
294
     1
177
     0
142
1.0
295
     0
296
     0
143
0.125
271
     0
272
     9
273
     9
298
     0
  0
MLINESTYLE
  5
18
102
{ACAD_REACTORS
330
17
102
}
330
17
100
AcDbMlineStyle
  2
Standard
 70
     0
  3

 62
   256
 51
90.0
 52
90.0
 71
     2
 49
0.5
 62
   256
  6
BYLAYER
 49
-0.5
 62
   256
  6
BYLAYER
  0
ACDBPLACEHOLDER
  5
F
102
{ACAD_REACTORS
330
E
102
}
330
E
  0
SCALE
  5
48
102
{ACAD_REACTORS
330
47
102
}
330
47
100
AcDbScale
 70
     0
300
1:1
140
1.0
141
1.0
290
     1
  0
SCALE
  5
49
102
{ACAD_REACTORS
330
47
102
}
330
47
100
AcDbScale
 70
     0
300
1:2
140
1.0
141
2.0
290
     0
  0
SCALE
  5
4A
102
{ACAD_REACTORS
330
47
102
}
330
47
100
AcDbScale
 70
     0
300
1:4
140
1.0
141
4.0
290
     0
  0
SCALE
  5
4B
102
{ACAD_REACTORS
330
47
102
}
330
47
100
AcDbScale
 70
     0
300
1:5
140
1.0
141
5.0
290
     0
  0
SCALE
  5
4C
102
{ACAD_REACTORS
330
47
102
}
330
47
100
AcDbScale
 70
     0
300
1:8
140
1.0
141
8.0
290
     0
  0
SCALE
  5
4D
102
{ACAD_REACTORS
330
47
102
}
330
47
100
AcDbScale
 70
     0
300
1:10
140
1.0
141
10.0
290
     0
  0
SCALE
  5
4E
102
{ACAD_REACTORS
330
47
102
}
330
47
100
AcDbScale
 70
     0
300
1:16
140
1.0
141
16.0
290
     0
  0
SCALE
  5
4F
102
{ACAD_REACTORS
330
47
102
}
330
47
100
AcDbScale
 70
     0
300
1:20
140
1.0
141
20.0
290
     0
  0
SCALE
  5
50
102
{ACAD_REACTORS
330
47
102
}
330
47
100
AcDbScale
 70
     0
300
1:30
140
1.0
141
30.0
290
     0
  0
SCALE
  5
51
102
{ACAD_REACTORS
330
47
102
}
330
47
100
AcDbScale
 70
     0
300
1:40
140
1.0
141
40.0
290
     0
  0
SCALE
  5
52
102
{ACAD_REACTORS
330
47
102
}
330
47
100
AcDbScale
 70
     0
300
1:50
140
1.0
141
50.0
290
     0
  0
SCALE
  5
53
102
{ACAD_REACTORS
330
47
102
}
330
47
100
AcDbScale
 70
     0
300
1:100
140
1.0
141
100.0
290
     0
  0
SCALE
  5
54
102
{ACAD_REACTORS
330
47
102
}
330
47
100
AcDbScale
 70
     0
300
2:1
140
2.0
141
1.0
290
     0
  0
SCALE
  5
55
102
{ACAD_REACTORS
330
47
102
}
330
47
100
AcDbScale
 70
     0
300
4:1
140
4.0
141
1.0
290
     0
  0
SCALE
  5
56
102
{ACAD_REACTORS
330
47
102
}
330
47
100
AcDbScale
 70
     0
300
8:1
140
8.0
141
1.0
290
     0
  0
SCALE
  5
57
102
{ACAD_REACTORS
330
47
102
}
330
47
100
AcDbScale
 70
     0
300
10:1
140
10.0
141
1.0
290
     0
  0
SCALE
  5
58
102
{ACAD_REACTORS
330
47
102
}
330
47
100
AcDbScale
 70
     0
300
100:1
140
100.0
141
1.0
290
     0
  0
SCALE
  5
59
102
{ACAD_REACTORS
330
47
102
}
330
47
100
AcDbScale
 70
     0
300
1/128" = 1'-0"
140
0.0078125
141
12.0
290
     0
  0
SCALE
  5
5A
102
{ACAD_REACTORS
330
47
102
}
330
47
100
AcDbScale
 70
     0
300
1/64" = 1'-0"
140
0.015625
141
12.0
290
     0
  0
SCALE
  5
5B
102
{ACAD_REACTORS
330
47
102
}
330
47
100
AcDbScale
 70
     0
300
1/32" = 1'-0"
140
0.03125
141
12.0
290
     0
  0
SCALE
  5
5C
102
{ACAD_REACTORS
330
47
102
}
330
47
100
AcDbScale
 70
     0
300
1/16" = 1'-0"
140
0.0625
141
12.0
290
     0
  0
SCALE
  5
5D
102
{ACAD_REACTORS
330
47
102
}
330
47
100
AcDbScale
 70
     0
300
3/32" = 1'-0"
140
0.09375
141
12.0
290
     0
  0
SCALE
  5
5E
102
{ACAD_REACTORS
330
47
102
}
330
47
100
AcDbScale
 70
     0
300
1/8" = 1'-0"
140
0.125
141
12.0
290
     0
  0
SCALE
  5
5F
102
{ACAD_REACTORS
330
47
102
}
330
47
100
AcDbScale
 70
     0
300
3/16" = 1'-0"
140
0.1875
141
12.0
290
     0
  0
SCALE
  5
60
102
{ACAD_REACTORS
330
47
102
}
330
47
100
AcDbScale
 70
     0
300
1/4" = 1'-0"
140
0.25
141
12.0
290
     0
  0
SCALE
  5
61
102
{ACAD_REACTORS
330
47
102
}
330
47
100
AcDbScale
 70
     0
300
3/8" = 1'-0"
140
0.375
141
12.0
290
     0
  0
SCALE
  5
62
102
{ACAD_REACTORS
330
47
102
}
330
47
100
AcDbScale
 70
     0
300
1/2" = 1'-0"
140
0.5
141
12.0
290
     0
  0
SCALE
  5
63
102
{ACAD_REACTORS
330
47
102
}
330
47
100
AcDbScale
 70
     0
300
3/4" = 1'-0"
140
0.75
141
12.0
290
     0
  0
SCALE
  5
64
102
{ACAD_REACTORS
330
47
102
}
330
47
100
AcDbScale
 70
     0
300
1" = 1'-0"
140
1.0
141
12.0
290
     0
  0
SCALE
  5
65
102
{ACAD_REACTORS
330
47
102
}
330
47
100
AcDbScale
 70
     0
300
1-1/2" = 1'-0"
140
1.5
141
12.0
290
     0
  0
SCALE
  5
66
102
{ACAD_REACTORS
330
47
102
}
330
47
100
AcDbScale
 70
     0
300
3" = 1'-0"
140
3.0
141
12.0
290
     0
  0
SCALE
  5
67
102
{ACAD_REACTORS
330
47
102
}
330
47
100
AcDbScale
 70
     0
300
6" = 1'-0"
140
6.0
141
12.0
290
     0
  0
SCALE
  5
68
102
{ACAD_REACTORS
330
47
102
}
330
47
100
AcDbScale
 70
     0
300
1'-0" = 1'-0"
140
12.0
141
12.0
290
     0
  0
ACDBSECTIONVIEWSTYLE
  5
4FB
102
{ACAD_REACTORS
330
4F9
102
}
330
4F9
100
AcDbModelDocViewStyle
 70
     0
  3
Imperial24
290
     0
300
Imperial24
 90
        0
100
AcDbSectionViewStyle
 70
     0
 71
     0
 90
       78
 71
     1
340
11
 62
   256
 40
0.24
340
0
340
0
 62
   256
 40
0.24
300
I, O, Q, S, X, Z
 40
0.48
 90
        3
 40
0.18
 90
        1
 71
     2
340
16
 90
       25
 62
   256
340
16
 90
       50
 62
   256
 40
0.24
 40
0.0
 40
0.24
 71
     3
340
11
 62
   256
 40
0.24
 90
        1
 40
0.75
 90
        1
300
%<\AcVar ViewType \f "%tc1">% %<\AcVar ViewSectionStartId>%-%<\AcVar ViewSectionEndId>%\PSCALE %<\AcVar ViewScale \f "%sn">%
 71
     4
 62
   256
 62
   257
300
ANSI31
 40
1.0
 90
        0
290
     0
290
     0
 90
        6
 40
0.0
 40
1.570796326794897
 40
0.2617993877991494
 40
1.308996938995747
 40
-0.2617993877991494
 40
1.832595714594046
  0
TABLESTYLE
  5
6A
102
{ACAD_REACTORS
330
69
102
}
102
{ACAD_XDICTIONARY
360
4FC
102
}
330
69
100
AcDbTableStyle
  3
Standard
 70
     0
 71
     0
 40
0.06
 41
0.06
280
     0
281
     0
  7
Standard
140
0.18
170
     2
 62
     0
 63
   257
283
     0
 90
        4
 91
        0
  1

274
    -2
284
     1
 64
     0
275
    -2
285
     1
 65
     0
276
    -2
286
     1
 66
     0
277
    -2
287
     1
 67
     0
278
    -2
288
     1
 68
     0
279
    -2
289
     1
 69
     0
  7
Standard
140
0.25
170
     5
 62
     0
 63
   257
283
     0
 90
        4
 91
        0
  1

274
    -2
284
     1
 64
     0
275
    -2
285
     1
 65
     0
276
    -2
286
     1
 66
     0
277
    -2
287
     1
 67
     0
278
    -2
288
     1
 68
     0
279
    -2
289
     1
 69
     0
  7
Standard
140
0.18
170
     5
 62
     0
 63
   257
283
     0
 90
        4
 91
        0
  1

274
    -2
284
     1
 64
     0
275
    -2
285
     1
 65
     0
276
    -2
286
     1
 66
     0
277
    -2
287
     1
 67
     0
278
    -2
288
     1
 68
     0
279
    -2
289
     1
 69
     0
  0
VISUALSTYLE
  5
2F
102
{ACAD_REACTORS
330
2A
102
}
330
2A
100
AcDbVisualStyle
  2
2dWireframe
 70
     4
177
     3
291
     0
 70
    58
 90
        0
176
     1
 90
        2
176
     1
 90
        0
176
     1
 90
        0
176
     1
 40
0.6
176
     1
 40
30.0
176
     1
 62
     7
420
 16777215
176
     1
 90
        1
176
     1
 90
        4
176
     1
 62
     7
176
     1
 62
   257
176
     1
 90
        1
176
     1
 90
        1
176
     1
 40
1.0
176
     1
 90
        0
176
     1
 62
   257
176
     1
 40
1.0
176
     1
 90
        1
176
     1
 90
        6
176
     1
 90
        2
176
     1
 62
     7
176
     1
 90
        5
176
     1
 90
        0
176
     1
 90
        0
176
     1
290
     0
176
     1
 90
        1
176
     1
 40
0.0
176
     1
 90
        0
176
     1
290
     1
176
     1
290
     1
176
     1
290
     0
176
     1
290
     0
176
     1
290
     0
176
     1
290
     0
176
     1
290
     0
176
     1
290
     0
176
     1
290
     0
176
     1
 90
       50
176
     1
 40
0.0
176
     1
 40
1.0
176
     1
 90
        0
176
     1
 62
    18
420
        0
176
     1
 90
       50
176
     1
 90
        3
176
     1
 62
     5
420
      255
176
     1
290
     0
176
     1
 90
       50
176
     1
 90
       50
176
     1
 90
       50
176
     1
290
     0
176
     1
 90
       50
176
     1
 62
   256
176
     0
 40
1.0
176
     0
 90
        2
176
     1
  1
strokes_ogs.tif
176
     1
290
     0
176
     1
 40
1.0
176
     1
 40
1.0
176
     1
  0
VISUALSTYLE
  5
32
102
{ACAD_REACTORS
330
2A
102
}
330
2A
100
AcDbVisualStyle
  2
Basic
 70
     7
177
     3
291
     1
 70
    58
 90
        1
176
     1
 90
        0
176
     1
 90
        1
176
     1
 90
        0
176
     1
 40
0.6
176
     1
 40
30.0
176
     1
 62
     7
420
 16777215
176
     1
 90
        0
176
     1
 90
        4
176
     1
 62
     7
176
     1
 62
   257
176
     1
 90
        1
176
     1
 90
        1
176
     1
 40
1.0
176
     1
 90
        8
176
     1
 62
     7
176
     1
 40
1.0
176
     1
 90
        1
176
     1
 90
        6
176
     1
 90
        2
176
     1
 62
     7
176
     1
 90
        5
176
     1
 90
        0
176
     1
 90
        0
176
     1
290
     0
176
     1
 90
        1
176
     1
 40
0.0
176
     1
 90
        0
176
     1
290
     0
176
     1
290
     1
176
     1
290
     1
176
     1
290
     0
176
     1
290
     0
176
     1
290
     0
176
     1
290
     0
176
     1
290
     0
176
     1
290
     0
176
     1
 90
       50
176
     1
 40
0.0
176
     1
 40
1.0
176
     1
 90
        0
176
     1
 62
    18
420
        0
176
     1
 90
       50
176
     1
 90
        3
176
     1
 62
     5
420
      255
176
     1
290
     0
176
     1
 90
       50
176
     1
 90
       50
176
     1
 90
       50
176
     1
290
     0
176
     1
 90
       50
176
     1
 62
   256
176
     0
 40
1.0
176
     0
 90
        2
176
     1
  1
strokes_ogs.tif
176
     1
290
     0
176
     1
 40
1.0
176
     1
 40
1.0
176
     1
  0
VISUALSTYLE
  5
36
102
{ACAD_REACTORS
330
2A
102
}
330
2A
100
AcDbVisualStyle
  2
Brighten
 70
    12
177
     3
291
     1
 70
    58
 90
        2
176
     1
 90
        2
176
     1
 90
        0
176
     1
 90
        0
176
     1
 40
0.6
176
     1
 40
30.0
176
     1
 62
     7
420
 16777215
176
     1
 90
        1
176
     1
 90
        4
176
     1
 62
     7
176
     1
 62
   257
176
     1
 90
        1
176
     1
 90
        1
176
     1
 40
1.0
176
     1
 90
        8
176
     1
 62
     7
176
     1
 40
1.0
176
     1
 90
        1
176
     1
 90
        6
176
     1
 90
        2
176
     1
 62
     7
176
     1
 90
        5
176
     1
 90
        0
176
     1
 90
        0
176
     1
290
     0
176
     1
 90
        1
176
     1
 40
50.0
176
     1
 90
        0
176
     1
290
     0
176
     1
290
     1
176
     1
290
     1
176
     1
290
     0
176
     1
290
     0
176
     1
290
     0
176
     1
290
     0
176
     1
290
     0
176
     1
290
     0
176
     1
 90
       50
176
     1
 40
0.0
176
     1
 40
1.0
176
     1
 90
        0
176
     1
 62
    18
420
        0
176
     1
 90
       50
176
     1
 90
        3
176
     1
 62
     5
420
      255
176
     1
290
     0
176
     1
 90
       50
176
     1
 90
       50
176
     1
 90
       50
176
     1
290
     0
176
     1
 90
       50
176
     1
 62
   256
176
     0
 40
1.0
176
     0
 90
        2
176
     1
  1
strokes_ogs.tif
176
     1
290
     0
176
     1
 40
1.0
176
     1
 40
1.0
176
     1
  0
VISUALSTYLE
  5
3A
102
{ACAD_REACTORS
330
2A
102
}
330
2A
100
AcDbVisualStyle
  2
ColorChange
 70
    16
177
     3
291
     1
 70
    58
 90
        2
176
     1
 90
        2
176
     1
 90
        3
176
     1
 90
        0
176
     1
 40
0.6
176
     1
 40
30.0
176
     1
 62
     8
420
  8421504
176
     1
 90
        1
176
     1
 90
        4
176
     1
 62
     7
176
     1
 62
   257
176
     1
 90
        1
176
     1
 90
        1
176
     1
 40
1.0
176
     1
 90
        8
176
     1
 62
     8
420
  8421504
176
     1
 40
1.0
176
     1
 90
        1
176
     1
 90
        6
176
     1
 90
        2
176
     1
 62
     7
176
     1
 90
        5
176
     1
 90
        0
176
     1
 90
        0
176
     1
290
     0
176
     1
 90
        1
176
     1
 40
0.0
176
     1
 90
        0
176
     1
290
     0
176
     1
290
     1
176
     1
290
     1
176
     1
290
     0
176
     1
290
     0
176
     1
290
     0
176
     1
290
     0
176
     1
290
     0
176
     1
290
     0
176
     1
 90
       50
176
     1
 40
0.0
176
     1
 40
1.0
176
     1
 90
        0
176
     1
 62
    18
420
        0
176
     1
 90
       50
176
     1
 90
        3
176
     1
 62
     5
420
      255
176
     1
290
     0
176
     1
 90
       50
176
     1
 90
       50
176
     1
 90
       50
176
     1
290
     0
176
     1
 90
       50
176
     1
 62
   256
176
     0
 40
1.0
176
     0
 90
        2
176
     1
  1
strokes_ogs.tif
176
     1
290
     0
176
     1
 40
1.0
176
     1
 40
1.0
176
     1
  0
VISUALSTYLE
  5
34
102
{ACAD_REACTORS
330
2A
102
}
330
2A
100
AcDbVisualStyle
  2
Conceptual
 70
     9
177
     3
291
     0
 70
    58
 90
        3
176
     1
 90
        2
176
     1
 90
        0
176
     1
 90
        0
176
     1
 40
0.6
176
     1
 40
30.0
176
     1
 62
     7
420
 16777215
176
     1
 90
        2
176
     1
 90
        2
176
     1
 62
     7
176
     1
 62
   257
176
     1
 90
        1
176
     1
 90
        1
176
     1
 40
179.0
176
     1
 90
        8
176
     1
 62
     7
176
     1
 40
1.0
176
     1
 90
        1
176
     1
 90
        6
176
     1
 90
        2
176
     1
 62
     7
176
     1
 90
        3
176
     1
 90
        0
176
     1
 90
        0
176
     1
290
     0
176
     1
 90
        1
176
     1
 40
0.0
176
     1
 90
        0
176
     1
290
     0
176
     1
290
     1
176
     1
290
     1
176
     1
290
     0
176
     1
290
     0
176
     1
290
     0
176
     1
290
     0
176
     1
290
     0
176
     1
290
     0
176
     1
 90
       50
176
     1
 40
0.0
176
     1
 40
1.0
176
     1
 90
        0
176
     1
 62
    18
420
        0
176
     1
 90
       50
176
     1
 90
        3
176
     1
 62
     5
420
      255
176
     1
290
     0
176
     1
 90
       50
176
     1
 90
       50
176
     1
 90
       50
176
     1
290
     0
176
     1
 90
       50
176
     1
 62
   256
176
     0
 40
1.0
176
     0
 90
        2
176
     1
  1
strokes_ogs.tif
176
     1
290
     0
176
     1
 40
1.0
176
     1
 40
1.0
176
     1
  0
VISUALSTYLE
  5
35
102
{ACAD_REACTORS
330
2A
102
}
330
2A
100
AcDbVisualStyle
  2
Dim
 70
    11
177
     3
291
     1
 70
    58
 90
        2
176
     1
 90
        2
176
     1
 90
        0
176
     1
 90
        0
176
     1
 40
0.6
176
     1
 40
30.0
176
     1
 62
     7
420
 16777215
176
     1
 90
        1
176
     1
 90
        4
176
     1
 62
     7
176
     1
 62
   257
176
     1
 90
        1
176
     1
 90
        1
176
     1
 40
1.0
176
     1
 90
        8
176
     1
 62
     7
176
     1
 40
1.0
176
     1
 90
        1
176
     1
 90
        6
176
     1
 90
        2
176
     1
 62
     7
176
     1
 90
        5
176
     1
 90
        0
176
     1
 90
        0
176
     1
290
     0
176
     1
 90
        1
176
     1
 40
-50.0
176
     1
 90
        0
176
     1
290
     0
176
     1
290
     1
176
     1
290
     1
176
     1
290
     0
176
     1
290
     0
176
     1
290
     0
176
     1
290
     0
176
     1
290
     0
176
     1
290
     0
176
     1
 90
       50
176
     1
 40
0.0
176
     1
 40
1.0
176
     1
 90
        0
176
     1
 62
    18
420
        0
176
     1
 90
       50
176
     1
 90
        3
176
     1
 62
     5
420
      255
176
     1
290
     0
176
     1
 90
       50
176
     1
 90
       50
176
     1
 90
       50
176
     1
290
     0
176
     1
 90
       50
176
     1
 62
   256
176
     0
 40
1.0
176
     0
 90
        2
176
     1
  1
strokes_ogs.tif
176
     1
290
     0
176
     1
 40
1.0
176
     1
 40
1.0
176
     1
  0
VISUALSTYLE
  5
3D
102
{ACAD_REACTORS
330
2A
102
}
330
2A
100
AcDbVisualStyle
  2
EdgeColorOff
 70
    22
177
     3
291
     1
 70
    58
 90
        2
176
     0
 90
        2
176
     0
 90
        0
176
     0
 90
        0
176
     0
 40
0.6
176
     0
 40
30.0
176
     0
 62
     7
420
 16777215
176
     0
 90
        1
176
     0
 90
        4
176
     0
 62
     7
176
     0
 62
   257
176
     0
 90
        1
176
     0
 90
        1
176
     0
 40
1.0
176
     0
 90
        8
176
     2
 62
     7
176
     0
 40
1.0
176
     0
 90
        1
176
     0
 90
        6
176
     0
 90
        2
176
     0
 62
     7
176
     0
 90
        5
176
     0
 90
        0
176
     0
 90
        0
176
     0
290
     0
176
     0
 90
        1
176
     0
 40
0.0
176
     0
 90
        0
176
     0
290
     0
176
     0
290
     1
176
     0
290
     1
176
     0
290
     0
176
     0
290
     0
176
     0
290
     0
176
     0
290
     0
176
     0
290
     0
176
     0
290
     0
176
     0
 90
       50
176
     0
 40
0.0
176
     0
 40
1.0
176
     0
 90
        0
176
     0
 62
    18
420
        0
176
     0
 90
       50
176
     0
 90
        3
176
     0
 62
     5
420
      255
176
     0
290
     0
176
     0
 90
       50
176
     0
 90
       50
176
     0
 90
       50
176
     0
290
     0
176
     0
 90
       50
176
     0
 62
   256
176
     0
 40
1.0
176
     0
 90
        2
176
     0
  1
strokes_ogs.tif
176
     0
290
     0
176
     0
 40
1.0
176
     0
 40
1.0
176
     0
  0
VISUALSTYLE
  5
39
102
{ACAD_REACTORS
330
2A
102
}
330
2A
100
AcDbVisualStyle
  2
Facepattern
 70
    15
177
     3
291
     1
 70
    58
 90
        2
176
     1
 90
        2
176
     1
 90
        0
176
     1
 90
        0
176
     1
 40
0.6
176
     1
 40
30.0
176
     1
 62
     7
420
 16777215
176
     1
 90
        1
176
     1
 90
        4
176
     1
 62
     7
176
     1
 62
   257
176
     1
 90
        1
176
     1
 90
        1
176
     1
 40
1.0
176
     1
 90
        8
176
     1
 62
     7
176
     1
 40
1.0
176
     1
 90
        1
176
     1
 90
        6
176
     1
 90
        2
176
     1
 62
     7
176
     1
 90
        5
176
     1
 90
        0
176
     1
 90
        0
176
     1
290
     0
176
     1
 90
        1
176
     1
 40
0.0
176
     1
 90
        0
176
     1
290
     0
176
     1
290
     1
176
     1
290
     1
176
     1
290
     0
176
     1
290
     0
176
     1
290
     0
176
     1
290
     0
176
     1
290
     0
176
     1
290
     0
176
     1
 90
       50
176
     1
 40
0.0
176
     1
 40
1.0
176
     1
 90
        0
176
     1
 62
    18
420
        0
176
     1
 90
       50
176
     1
 90
        3
176
     1
 62
     5
420
      255
176
     1
290
     0
176
     1
 90
       50
176
     1
 90
       50
176
     1
 90
       50
176
     1
290
     0
176
     1
 90
       50
176
     1
 62
   256
176
     0
 40
1.0
176
     0
 90
        2
176
     1
  1
strokes_ogs.tif
176
     1
290
     0
176
     1
 40
1.0
176
     1
 40
1.0
176
     1
  0
VISUALSTYLE
  5
2B
102
{ACAD_REACTORS
330
2A
102
}
330
2A
100
AcDbVisualStyle
  2
Flat
 70
     0
177
     3
291
     1
 70
    58
 90
        2
176
     1
 90
        1
176
     1
 90
        1
176
     1
 90
        2
176
     1
 40
0.6
176
     1
 40
30.0
176
     1
 62
     7
420
 16777215
176
     1
 90
        0
176
     1
 90
        0
176
     1
 62
     7
176
     1
 62
   257
176
     1
 90
        1
176
     1
 90
        1
176
     1
 40
1.0
176
     1
 90
        8
176
     1
 62
     7
176
     1
 40
1.0
176
     1
 90
        1
176
     1
 90
        6
176
     1
 90
        2
176
     1
 62
     7
176
     1
 90
        5
176
     1
 90
        0
176
     1
 90
        0
176
     1
290
     0
176
     1
 90
       13
176
     1
 40
0.0
176
     1
 90
        0
176
     1
290
     0
176
     1
290
     1
176
     1
290
     1
176
     1
290
     0
176
     1
290
     0
176
     1
290
     0
176
     1
290
     0
176
     1
290
     0
176
     1
290
     0
176
     1
 90
       50
176
     1
 40
0.0
176
     1
 40
1.0
176
     1
 90
        0
176
     1
 62
    18
420
        0
176
     1
 90
       50
176
     1
 90
        3
176
     1
 62
     5
420
      255
176
     1
290
     0
176
     1
 90
       50
176
     1
 90
       50
176
     1
 90
       50
176
     1
290
     0
176
     1
 90
       50
176
     1
 62
   256
176
     0
 40
1.0
176
     0
 90
        2
176
     1
  1
strokes_ogs.tif
176
     1
290
     0
176
     1
 40
1.0
176
     1
 40
1.0
176
     1
  0
VISUALSTYLE
  5
2C
102
{ACAD_REACTORS
330
2A
102
}
330
2A
100
AcDbVisualStyle
  2
FlatWithEdges
 70
     1
177
     3
291
     1
 70
    58
 90
        2
176
     1
 90
        1
176
     1
 90
        1
176
     1
 90
        2
176
     1
 40
0.6
176
     1
 40
30.0
176
     1
 62
     7
420
 16777215
176
     1
 90
        1
176
     1
 90
        0
176
     1
 62
     7
176
     1
 62
   257
176
     1
 90
        1
176
     1
 90
        1
176
     1
 40
1.0
176
     1
 90
        0
176
     1
 62
   257
176
     1
 40
1.0
176
     1
 90
        1
176
     1
 90
        6
176
     1
 90
        2
176
     1
 62
     7
176
     1
 90
        5
176
     1
 90
        0
176
     1
 90
        0
176
     1
290
     0
176
     1
 90
       13
176
     1
 40
0.0
176
     1
 90
        0
176
     1
290
     0
176
     1
290
     1
176
     1
290
     1
176
     1
290
     0
176
     1
290
     0
176
     1
290
     0
176
     1
290
     0
176
     1
290
     0
176
     1
290
     0
176
     1
 90
       50
176
     1
 40
0.0
176
     1
 40
1.0
176
     1
 90
        0
176
     1
 62
    18
420
        0
176
     1
 90
       50
176
     1
 90
        3
176
     1
 62
     5
420
      255
176
     1
290
     0
176
     1
 90
       50
176
     1
 90
       50
176
     1
 90
       50
176
     1
290
     0
176
     1
 90
       50
176
     1
 62
   256
176
     0
 40
1.0
176
     0
 90
        2
176
     1
  1
strokes_ogs.tif
176
     1
290
     0
176
     1
 40
1.0
176
     1
 40
1.0
176
     1
  0
VISUALSTYLE
  5
2D
102
{ACAD_REACTORS
330
2A
102
}
330
2A
100
AcDbVisualStyle
  2
Gouraud
 70
     2
177
     3
291
     1
 70
    58
 90
        2
176
     1
 90
        2
176
     1
 90
        1
176
     1
 90
        2
176
     1
 40
0.6
176
     1
 40
30.0
176
     1
 62
     7
420
 16777215
176
     1
 90
        0
176
     1
 90
        0
176
     1
 62
     7
176
     1
 62
   257
176
     1
 90
        1
176
     1
 90
        1
176
     1
 40
1.0
176
     1
 90
        0
176
     1
 62
     7
176
     1
 40
1.0
176
     1
 90
        1
176
     1
 90
        6
176
     1
 90
        2
176
     1
 62
     7
176
     1
 90
        5
176
     1
 90
        0
176
     1
 90
        0
176
     1
290
     0
176
     1
 90
       13
176
     1
 40
0.0
176
     1
 90
        0
176
     1
290
     0
176
     1
290
     1
176
     1
290
     1
176
     1
290
     0
176
     1
290
     0
176
     1
290
     0
176
     1
290
     0
176
     1
290
     0
176
     1
290
     0
176
     1
 90
       50
176
     1
 40
0.0
176
     1
 40
1.0
176
     1
 90
        0
176
     1
 62
    18
420
        0
176
     1
 90
       50
176
     1
 90
        3
176
     1
 62
     5
420
      255
176
     1
290
     0
176
     1
 90
       50
176
     1
 90
       50
176
     1
 90
       50
176
     1
290
     0
176
     1
 90
       50
176
     1
 62
   256
176
     0
 40
1.0
176
     0
 90
        2
176
     1
  1
strokes_ogs.tif
176
     1
290
     0
176
     1
 40
1.0
176
     1
 40
1.0
176
     1
  0
VISUALSTYLE
  5
2E
102
{ACAD_REACTORS
330
2A
102
}
330
2A
100
AcDbVisualStyle
  2
GouraudWithEdges
 70
     3
177
     3
291
     1
 70
    58
 90
        2
176
     1
 90
        2
176
     1
 90
        1
176
     1
 90
        2
176
     1
 40
0.6
176
     1
 40
30.0
176
     1
 62
     7
420
 16777215
176
     1
 90
        1
176
     1
 90
        0
176
     1
 62
     7
176
     1
 62
   257
176
     1
 90
        1
176
     1
 90
        1
176
     1
 40
1.0
176
     1
 90
        0
176
     1
 62
   257
176
     1
 40
1.0
176
     1
 90
        1
176
     1
 90
        6
176
     1
 90
        2
176
     1
 62
     7
176
     1
 90
        5
176
     1
 90
        0
176
     1
 90
        0
176
     1
290
     0
176
     1
 90
       13
176
     1
 40
0.0
176
     1
 90
        0
176
     1
290
     0
176
     1
290
     1
176
     1
290
     1
176
     1
290
     0
176
     1
290
     0
176
     1
290
     0
176
     1
290
     0
176
     1
290
     0
176
     1
290
     0
176
     1
 90
       50
176
     1
 40
0.0
176
     1
 40
1.0
176
     1
 90
        0
176
     1
 62
    18
420
        0
176
     1
 90
       50
176
     1
 90
        3
176
     1
 62
     5
420
      255
176
     1
290
     0
176
     1
 90
       50
176
     1
 90
       50
176
     1
 90
       50
176
     1
290
     0
176
     1
 90
       50
176
     1
 62
   256
176
     0
 40
1.0
176
     0
 90
        2
176
     1
  1
strokes_ogs.tif
176
     1
290
     0
176
     1
 40
1.0
176
     1
 40
1.0
176
     1
  0
VISUALSTYLE
  5
31
102
{ACAD_REACTORS
330
2A
102
}
330
2A
100
AcDbVisualStyle
  2
Hidden
 70
     6
177
     3
291
     0
 70
    58
 90
        1
176
     1
 90
        2
176
     1
 90
        2
176
     1
 90
        0
176
     1
 40
0.6
176
     1
 40
30.0
176
     1
 62
     7
420
 16777215
176
     1
 90
        2
176
     1
 90
        2
176
     1
 62
     7
176
     1
 62
   257
176
     1
 90
        2
176
     1
 90
        1
176
     1
 40
40.0
176
     1
 90
        0
176
     1
 62
   257
176
     1
 40
1.0
176
     1
 90
        1
176
     1
 90
        6
176
     1
 90
        2
176
     1
 62
     7
176
     1
 90
        3
176
     1
 90
        0
176
     1
 90
        0
176
     1
290
     0
176
     1
 90
        1
176
     1
 40
0.0
176
     1
 90
        0
176
     1
290
     0
176
     1
290
     1
176
     1
290
     1
176
     1
290
     0
176
     1
290
     0
176
     1
290
     0
176
     1
290
     0
176
     1
290
     0
176
     1
290
     0
176
     1
 90
       50
176
     1
 40
0.0
176
     1
 40
1.0
176
     1
 90
        0
176
     1
 62
    18
420
        0
176
     1
 90
       50
176
     1
 90
        3
176
     1
 62
     5
420
      255
176
     1
290
     0
176
     1
 90
       50
176
     1
 90
       50
176
     1
 90
       50
176
     1
290
     0
176
     1
 90
       50
176
     1
 62
   256
176
     0
 40
1.0
176
     0
 90
        2
176
     1
  1
strokes_ogs.tif
176
     1
290
     0
176
     1
 40
1.0
176
     1
 40
1.0
176
     1
  0
VISUALSTYLE
  5
3B
102
{ACAD_REACTORS
330
2A
102
}
330
2A
100
AcDbVisualStyle
  2
JitterOff
 70
    20
177
     3
291
     1
 70
    58
 90
        2
176
     0
 90
        2
176
     0
 90
        0
176
     0
 90
        0
176
     0
 40
0.6
176
     0
 40
30.0
176
     0
 62
     7
420
 16777215
176
     0
 90
        1
176
     0
 90
        4
176
     0
 62
     7
176
     0
 62
   257
176
     0
 90
        1
176
     0
 90
        1
176
     0
 40
1.0
176
     0
 90
       10
176
     2
 62
     7
176
     0
 40
1.0
176
     0
 90
        1
176
     0
 90
        6
176
     0
 90
        2
176
     0
 62
     7
176
     0
 90
        5
176
     0
 90
        0
176
     0
 90
        0
176
     0
290
     0
176
     0
 90
        1
176
     0
 40
0.0
176
     0
 90
        0
176
     0
290
     0
176
     0
290
     1
176
     0
290
     1
176
     0
290
     0
176
     0
290
     0
176
     0
290
     0
176
     0
290
     0
176
     0
290
     0
176
     0
290
     0
176
     0
 90
       50
176
     0
 40
0.0
176
     0
 40
1.0
176
     0
 90
        0
176
     0
 62
    18
420
        0
176
     0
 90
       50
176
     0
 90
        3
176
     0
 62
     5
420
      255
176
     0
290
     0
176
     0
 90
       50
176
     0
 90
       50
176
     0
 90
       50
176
     0
290
     0
176
     0
 90
       50
176
     0
 62
   256
176
     0
 40
1.0
176
     0
 90
        2
176
     0
  1
strokes_ogs.tif
176
     0
290
     0
176
     0
 40
1.0
176
     0
 40
1.0
176
     0
  0
VISUALSTYLE
  5
38
102
{ACAD_REACTORS
330
2A
102
}
330
2A
100
AcDbVisualStyle
  2
Linepattern
 70
    14
177
     3
291
     1
 70
    58
 90
        2
176
     1
 90
        2
176
     1
 90
        0
176
     1
 90
        0
176
     1
 40
0.6
176
     1
 40
30.0
176
     1
 62
     7
420
 16777215
176
     1
 90
        1
176
     1
 90
        4
176
     1
 62
     7
176
     1
 62
   257
176
     1
 90
        7
176
     1
 90
        7
176
     1
 40
1.0
176
     1
 90
        8
176
     1
 62
     7
176
     1
 40
1.0
176
     1
 90
        1
176
     1
 90
        6
176
     1
 90
        2
176
     1
 62
     7
176
     1
 90
        5
176
     1
 90
        0
176
     1
 90
        0
176
     1
290
     0
176
     1
 90
        1
176
     1
 40
0.0
176
     1
 90
        0
176
     1
290
     0
176
     1
290
     1
176
     1
290
     1
176
     1
290
     0
176
     1
290
     0
176
     1
290
     0
176
     1
290
     0
176
     1
290
     0
176
     1
290
     0
176
     1
 90
       50
176
     1
 40
0.0
176
     1
 40
1.0
176
     1
 90
        0
176
     1
 62
    18
420
        0
176
     1
 90
       50
176
     1
 90
        3
176
     1
 62
     5
420
      255
176
     1
290
     0
176
     1
 90
       50
176
     1
 90
       50
176
     1
 90
       50
176
     1
290
     0
176
     1
 90
       50
176
     1
 62
   256
176
     0
 40
1.0
176
     0
 90
        2
176
     1
  1
strokes_ogs.tif
176
     1
290
     0
176
     1
 40
1.0
176
     1
 40
1.0
176
     1
  0
VISUALSTYLE
  5
3C
102
{ACAD_REACTORS
330
2A
102
}
330
2A
100
AcDbVisualStyle
  2
OverhangOff
 70
    21
177
     3
291
     1
 70
    58
 90
        2
176
     0
 90
        2
176
     0
 90
        0
176
     0
 90
        0
176
     0
 40
0.6
176
     0
 40
30.0
176
     0
 62
     7
420
 16777215
176
     0
 90
        1
176
     0
 90
        4
176
     0
 62
     7
176
     0
 62
   257
176
     0
 90
        1
176
     0
 90
        1
176
     0
 40
1.0
176
     0
 90
        9
176
     2
 62
     7
176
     0
 40
1.0
176
     0
 90
        1
176
     0
 90
        6
176
     0
 90
        2
176
     0
 62
     7
176
     0
 90
        5
176
     0
 90
        0
176
     0
 90
        0
176
     0
290
     0
176
     0
 90
        1
176
     0
 40
0.0
176
     0
 90
        0
176
     0
290
     0
176
     0
290
     1
176
     0
290
     1
176
     0
290
     0
176
     0
290
     0
176
     0
290
     0
176
     0
290
     0
176
     0
290
     0
176
     0
290
     0
176
     0
 90
       50
176
     0
 40
0.0
176
     0
 40
1.0
176
     0
 90
        0
176
     0
 62
    18
420
        0
176
     0
 90
       50
176
     0
 90
        3
176
     0
 62
     5
420
      255
176
     0
290
     0
176
     0
 90
       50
176
     0
 90
       50
176
     0
 90
       50
176
     0
290
     0
176
     0
 90
       50
176
     0
 62
   256
176
     0
 40
1.0
176
     0
 90
        2
176
     0
  1
strokes_ogs.tif
176
     0
290
     0
176
     0
 40
1.0
176
     0
 40
1.0
176
     0
  0
VISUALSTYLE
  5
33
102
{ACAD_REACTORS
330
2A
102
}
330
2A
100
AcDbVisualStyle
  2
Realistic
 70
     8
177
     3
291
     0
 70
    58
 90
        2
176
     1
 90
        3
176
     1
 90
        0
176
     1
 90
        2
176
     1
 40
0.6
176
     1
 40
30.0
176
     1
 62
     7
420
 16777215
176
     1
 90
        0
176
     1
 90
        0
176
     1
 62
     7
176
     1
 62
   257
176
     1
 90
        1
176
     1
 90
        1
176
     1
 40
1.0
176
     1
 90
        8
176
     1
 62
   257
176
     1
 40
1.0
176
     1
 90
        1
176
     1
 90
        6
176
     1
 90
        2
176
     1
 62
     7
176
     1
 90
        3
176
     1
 90
        0
176
     1
 90
        0
176
     1
290
     0
176
     1
 90
       13
176
     1
 40
0.0
176
     1
 90
        0
176
     1
290
     0
176
     1
290
     1
176
     1
290
     1
176
     1
290
     0
176
     1
290
     0
176
     1
290
     0
176
     1
290
     0
176
     1
290
     0
176
     1
290
     0
176
     1
 90
       50
176
     1
 40
0.0
176
     1
 40
1.0
176
     1
 90
        0
176
     1
 62
    18
420
        0
176
     1
 90
       50
176
     1
 90
        3
176
     1
 62
     5
420
      255
176
     1
290
     0
176
     1
 90
       50
176
     1
 90
       50
176
     1
 90
       50
176
     1
290
     0
176
     1
 90
       50
176
     1
 62
   256
176
     0
 40
1.0
176
     0
 90
        2
176
     1
  1
strokes_ogs.tif
176
     1
290
     0
176
     1
 40
1.0
176
     1
 40
1.0
176
     1
  0
VISUALSTYLE
  5
42
102
{ACAD_REACTORS
330
2A
102
}
330
2A
100
AcDbVisualStyle
  2
Shaded
 70
    27
177
     3
291
     0
 70
    58
 90
        2
176
     1
 90
        2
176
     1
 90
        1
176
     1
 90
        2
176
     1
 40
0.6
176
     1
 40
30.0
176
     1
 62
     7
420
 16777215
176
     1
 90
        0
176
     1
 90
        4
176
     1
 62
     7
176
     1
 62
   257
176
     1
 90
        1
176
     1
 90
        1
176
     1
 40
1.0
176
     1
 90
        8
176
     1
 62
   257
176
     1
 40
1.0
176
     1
 90
        1
176
     1
 90
        6
176
     1
 90
        2
176
     1
 62
     8
420
  7895160
176
     1
 90
        3
176
     1
 90
        0
176
     1
 90
        0
176
     1
290
     0
176
     1
 90
        5
176
     1
 40
0.0
176
     1
 90
        0
176
     1
290
     0
176
     1
290
     1
176
     1
290
     1
176
     1
290
     0
176
     1
290
     0
176
     1
290
     0
176
     1
290
     0
176
     1
290
     0
176
     1
290
     0
176
     1
 90
       50
176
     1
 40
0.0
176
     1
 40
1.0
176
     1
 90
        0
176
     1
 62
    18
420
        0
176
     1
 90
       50
176
     1
 90
        3
176
     1
 62
     5
420
      255
176
     1
290
     0
176
     1
 90
       50
176
     1
 90
       50
176
     1
 90
       50
176
     1
290
     0
176
     1
 90
       50
176
     1
 62
   256
176
     0
 40
1.0
176
     0
 90
        2
176
     1
  1
strokes_ogs.tif
176
     1
290
     0
176
     1
 40
1.0
176
     1
 40
1.0
176
     1
  0
VISUALSTYLE
  5
41
102
{ACAD_REACTORS
330
2A
102
}
330
2A
100
AcDbVisualStyle
  2
Shaded with edges
 70
    26
177
     3
291
     0
 70
    58
 90
        2
176
     1
 90
        2
176
     1
 90
        1
176
     1
 90
        2
176
     1
 40
0.6
176
     1
 40
30.0
176
     1
 62
     7
420
 16777215
176
     1
 90
        1
176
     1
 90
       10
176
     1
 62
     7
176
     1
 62
   257
176
     1
 90
        2
176
     1
 90
        1
176
     1
 40
1.0
176
     1
 90
        8
176
     1
 62
   257
176
     1
 40
1.0
176
     1
 90
        1
176
     1
 90
        6
176
     1
 90
        2
176
     1
 62
     7
176
     1
 90
        3
176
     1
 90
        0
176
     1
 90
        0
176
     1
290
     0
176
     1
 90
        5
176
     1
 40
0.0
176
     1
 90
        0
176
     1
290
     0
176
     1
290
     1
176
     1
290
     1
176
     1
290
     0
176
     1
290
     0
176
     1
290
     0
176
     1
290
     0
176
     1
290
     0
176
     1
290
     0
176
     1
 90
       50
176
     1
 40
0.0
176
     1
 40
1.0
176
     1
 90
        0
176
     1
 62
    18
420
        0
176
     1
 90
       50
176
     1
 90
        3
176
     1
 62
     5
420
      255
176
     1
290
     0
176
     1
 90
       50
176
     1
 90
       50
176
     1
 90
       50
176
     1
290
     0
176
     1
 90
       50
176
     1
 62
   256
176
     0
 40
1.0
176
     0
 90
        2
176
     1
  1
strokes_ogs.tif
176
     1
290
     0
176
     1
 40
1.0
176
     1
 40
1.0
176
     1
  0
VISUALSTYLE
  5
3E
102
{ACAD_REACTORS
330
2A
102
}
330
2A
100
AcDbVisualStyle
  2
Shades of Gray
 70
    23
177
     3
291
     0
 70
    58
 90
        2
176
     1
 90
        2
176
     1
 90
        3
176
     1
 90
        0
176
     1
 40
0.6
176
     1
 40
30.0
176
     1
 62
     7
420
 16777215
176
     1
 90
        2
176
     1
 90
        2
176
     1
 62
     7
176
     1
 62
     7
176
     1
 90
        1
176
     1
 90
        1
176
     1
 40
40.0
176
     1
 90
        8
176
     1
 62
     7
176
     1
 40
1.0
176
     1
 90
        1
176
     1
 90
        6
176
     1
 90
        2
176
     1
 62
     7
176
     1
 90
        3
176
     1
 90
        0
176
     1
 90
        0
176
     1
290
     0
176
     1
 90
        1
176
     1
 40
0.0
176
     1
 90
        0
176
     1
290
     0
176
     1
290
     1
176
     1
290
     1
176
     1
290
     0
176
     1
290
     0
176
     1
290
     0
176
     1
290
     0
176
     1
290
     0
176
     1
290
     0
176
     1
 90
       50
176
     1
 40
0.0
176
     1
 40
1.0
176
     1
 90
        0
176
     1
 62
    18
420
        0
176
     1
 90
       50
176
     1
 90
        3
176
     1
 62
     5
420
      255
176
     1
290
     0
176
     1
 90
       50
176
     1
 90
       50
176
     1
 90
       50
176
     1
290
     0
176
     1
 90
       50
176
     1
 62
   256
176
     0
 40
1.0
176
     0
 90
        2
176
     1
  1
strokes_ogs.tif
176
     1
290
     0
176
     1
 40
1.0
176
     1
 40
1.0
176
     1
  0
VISUALSTYLE
  5
3F
102
{ACAD_REACTORS
330
2A
102
}
330
2A
100
AcDbVisualStyle
  2
Sketchy
 70
    24
177
     3
291
     0
 70
    58
 90
        1
176
     1
 90
        2
176
     1
 90
        2
176
     1
 90
        0
176
     1
 40
0.6
176
     1
 40
30.0
176
     1
 62
     7
420
 16777215
176
     1
 90
        2
176
     1
 90
        2
176
     1
 62
     7
176
     1
 62
     7
176
     1
 90
        1
176
     1
 90
        1
176
     1
 40
40.0
176
     1
 90
       11
176
     1
 62
     7
176
     1
 40
1.0
176
     1
 90
        1
176
     1
 90
        6
176
     1
 90
        2
176
     1
 62
     7
176
     1
 90
        6
176
     1
 90
        0
176
     1
 90
        0
176
     1
290
     0
176
     1
 90
        1
176
     1
 40
0.0
176
     1
 90
        0
176
     1
290
     0
176
     1
290
     1
176
     1
290
     1
176
     1
290
     0
176
     1
290
     0
176
     1
290
     0
176
     1
290
     0
176
     1
290
     0
176
     1
290
     0
176
     1
 90
       50
176
     1
 40
0.0
176
     1
 40
1.0
176
     1
 90
        0
176
     1
 62
    18
420
        0
176
     1
 90
       50
176
     1
 90
        3
176
     1
 62
     5
420
      255
176
     1
290
     0
176
     1
 90
       50
176
     1
 90
       50
176
     1
 90
       50
176
     1
290
     0
176
     1
 90
       50
176
     1
 62
   256
176
     0
 40
1.0
176
     0
 90
        2
176
     1
  1
strokes_ogs.tif
176
     1
290
     0
176
     1
 40
1.0
176
     1
 40
1.0
176
     1
  0
VISUALSTYLE
  5
37
102
{ACAD_REACTORS
330
2A
102
}
330
2A
100
AcDbVisualStyle
  2
Thicken
 70
    13
177
     3
291
     1
 70
    58
 90
        2
176
     1
 90
        2
176
     1
 90
        0
176
     1
 90
        0
176
     1
 40
0.6
176
     1
 40
30.0
176
     1
 62
     7
420
 16777215
176
     1
 90
        1
176
     1
 90
        4
176
     1
 62
     7
176
     1
 62
   257
176
     1
 90
        1
176
     1
 90
        1
176
     1
 40
1.0
176
     1
 90
       12
176
     1
 62
     7
176
     1
 40
1.0
176
     1
 90
        1
176
     1
 90
        6
176
     1
 90
        2
176
     1
 62
     7
176
     1
 90
        5
176
     1
 90
        0
176
     1
 90
        0
176
     1
290
     0
176
     1
 90
        1
176
     1
 40
0.0
176
     1
 90
        0
176
     1
290
     0
176
     1
290
     1
176
     1
290
     1
176
     1
290
     0
176
     1
290
     0
176
     1
290
     0
176
     1
290
     0
176
     1
290
     0
176
     1
290
     0
176
     1
 90
       50
176
     1
 40
0.0
176
     1
 40
1.0
176
     1
 90
        0
176
     1
 62
    18
420
        0
176
     1
 90
       50
176
     1
 90
        3
176
     1
 62
     5
420
      255
176
     1
290
     0
176
     1
 90
       50
176
     1
 90
       50
176
     1
 90
       50
176
     1
290
     0
176
     1
 90
       50
176
     1
 62
   256
176
     0
 40
1.0
176
     0
 90
        2
176
     1
  1
strokes_ogs.tif
176
     1
290
     0
176
     1
 40
1.0
176
     1
 40
1.0
176
     1
  0
VISUALSTYLE
  5
30
102
{ACAD_REACTORS
330
2A
102
}
330
2A
100
AcDbVisualStyle
  2
Wireframe
 70
     5
177
     3
291
     0
 70
    58
 90
        0
176
     1
 90
        2
176
     1
 90
        0
176
     1
 90
        0
176
     1
 40
0.6
176
     1
 40
30.0
176
     1
 62
     7
420
 16777215
176
     1
 90
        1
176
     1
 90
        4
176
     1
 62
     7
176
     1
 62
   257
176
     1
 90
        1
176
     1
 90
        1
176
     1
 40
1.0
176
     1
 90
        0
176
     1
 62
   257
176
     1
 40
1.0
176
     1
 90
        1
176
     1
 90
        6
176
     1
 90
        2
176
     1
 62
     7
176
     1
 90
        3
176
     1
 90
        0
176
     1
 90
        0
176
     1
290
     0
176
     1
 90
        1
176
     1
 40
0.0
176
     1
 90
        0
176
     1
290
     0
176
     1
290
     1
176
     1
290
     1
176
     1
290
     0
176
     1
290
     0
176
     1
290
     0
176
     1
290
     0
176
     1
290
     0
176
     1
290
     0
176
     1
 90
       50
176
     1
 40
0.0
176
     1
 40
1.0
176
     1
 90
        0
176
     1
 62
    18
420
        0
176
     1
 90
       50
176
     1
 90
        3
176
     1
 62
     5
420
      255
176
     1
290
     0
176
     1
 90
       50
176
     1
 90
       50
176
     1
 90
       50
176
     1
290
     0
176
     1
 90
       50
176
     1
 62
   256
176
     0
 40
1.0
176
     0
 90
        2
176
     1
  1
strokes_ogs.tif
176
     1
290
     0
176
     1
 40
1.0
176
     1
 40
1.0
176
     1
  0
VISUALSTYLE
  5
40
102
{ACAD_REACTORS
330
2A
102
}
330
2A
100
AcDbVisualStyle
  2
X-Ray
 70
    25
177
     3
291
     0
 70
    58
 90
        2
176
     1
 90
        2
176
     1
 90
        1
176
     1
 90
        1
176
     1
 40
0.5
176
     1
 40
30.0
176
     1
 62
     7
420
 16777215
176
     1
 90
        1
176
     1
 90
        0
176
     1
 62
     7
176
     1
 62
   257
176
     1
 90
        1
176
     1
 90
        1
176
     1
 40
1.0
176
     1
 90
        8
176
     1
 62
     7
176
     1
 40
1.0
176
     1
 90
        1
176
     1
 90
        6
176
     1
 90
        2
176
     1
 62
     7
176
     1
 90
        3
176
     1
 90
        0
176
     1
 90
        0
176
     1
290
     0
176
     1
 90
       13
176
     1
 40
0.0
176
     1
 90
        0
176
     1
290
     0
176
     1
290
     1
176
     1
290
     1
176
     1
290
     0
176
     1
290
     0
176
     1
290
     0
176
     1
290
     0
176
     1
290
     0
176
     1
290
     0
176
     1
 90
       50
176
     1
 40
0.0
176
     1
 40
1.0
176
     1
 90
        0
176
     1
 62
    18
420
        0
176
     1
 90
       50
176
     1
 90
        3
176
     1
 62
     5
420
      255
176
     1
290
     0
176
     1
 90
       50
176
     1
 90
       50
176
     1
 90
       50
176
     1
290
     0
176
     1
 90
       50
176
     1
 62
   256
176
     0
 40
1.0
176
     0
 90
        2
176
     1
  1
strokes_ogs.tif
176
     1
290
     0
176
     1
 40
1.0
176
     1
 40
1.0
176
     1
  0
DICTIONARYVAR
  5
4BE
102
{ACAD_REACTORS
330
4BD
102
}
330
4BD
100
DictionaryVariables
280
     0
  1
1:1
  0
DICTIONARYVAR
  5
4F7
102
{ACAD_REACTORS
330
4BD
102
}
330
4BD
100
DictionaryVariables
280
     0
  1
Standard
  0
DICTIONARYVAR
  5
4F6
102
{ACAD_REACTORS
330
4BD
102
}
330
4BD
100
DictionaryVariables
280
     0
  1
Standard
  0
DICTIONARYVAR
  5
4FF
102
{ACAD_REACTORS
330
4BD
102
}
330
4BD
100
DictionaryVariables
280
     0
  1
Imperial24
  0
DICTIONARYVAR
  5
500
102
{ACAD_REACTORS
330
4BD
102
}
330
4BD
100
DictionaryVariables
280
     0
  1
Imperial24
  0
DICTIONARYVAR
  5
4BF
102
{ACAD_REACTORS
330
4BD
102
}
330
4BD
100
DictionaryVariables
280
     0
  1
2
  0
DICTIONARY
  5
4FC
330
6A
100
AcDbDictionary
280
     1
281
     1
  3
ACAD_ROUNDTRIP_2008_TABLESTYLE_CELLSTYLEMAP
360
4FD
  0
CELLSTYLEMAP
  5
4FD
102
{ACAD_REACTORS
330
4FC
102
}
330
4FC
100
AcDbCellStyleMap
 90
        3
300
CELLSTYLE
  1
TABLEFORMAT_BEGIN
 90
        5
170
     1
 91
        0
 92
    32768
 62
   257
 93
        1
300
CONTENTFORMAT
  1
CONTENTFORMAT_BEGIN
 90
        0
 91
        0
 92
        4
 93
        0
300

 40
0.0
140
1.0
 94
        5
 62
     0
340
11
144
0.25
309
CONTENTFORMAT_END
171
     1
301
MARGIN
  1
CELLMARGIN_BEGIN
 40
0.06
 40
0.06
 40
0.06
 40
0.06
 40
0.06
 40
0.06
309
CELLMARGIN_END
 94
        6
 95
        1
302
GRIDFORMAT
  1
GRIDFORMAT_BEGIN
 90
        0
 91
        1
 62
     0
 92
       -2
340
14
 93
        0
 40
0.045
309
GRIDFORMAT_END
 95
        2
302
GRIDFORMAT
  1
GRIDFORMAT_BEGIN
 90
        0
 91
        1
 62
     0
 92
       -2
340
14
 93
        0
 40
0.045
309
GRIDFORMAT_END
 95
        4
302
GRIDFORMAT
  1
GRIDFORMAT_BEGIN
 90
        0
 91
        1
 62
     0
 92
       -2
340
14
 93
        0
 40
0.045
309
GRIDFORMAT_END
 95
        8
302
GRIDFORMAT
  1
GRIDFORMAT_BEGIN
 90
        0
 91
        1
 62
     0
 92
       -2
340
14
 93
        0
 40
0.045
309
GRIDFORMAT_END
 95
       16
302
GRIDFORMAT
  1
GRIDFORMAT_BEGIN
 90
        0
 91
        1
 62
     0
 92
       -2
340
14
 93
        0
 40
0.045
309
GRIDFORMAT_END
 95
       32
302
GRIDFORMAT
  1
GRIDFORMAT_BEGIN
 90
        0
 91
        1
 62
     0
 92
       -2
340
14
 93
        0
 40
0.045
309
GRIDFORMAT_END
309
TABLEFORMAT_END
  1
CELLSTYLE_BEGIN
 90
        1
 91
        1
300
_TITLE
309
CELLSTYLE_END
300
CELLSTYLE
  1
TABLEFORMAT_BEGIN
 90
        5
170
     1
 91
        0
 92
        0
 62
   257
 93
        1
300
CONTENTFORMAT
  1
CONTENTFORMAT_BEGIN
 90
        0
 91
        0
 92
        4
 93
        0
300

 40
0.0
140
1.0
 94
        5
 62
     0
340
11
144
0.18
309
CONTENTFORMAT_END
171
     1
301
MARGIN
  1
CELLMARGIN_BEGIN
 40
0.06
 40
0.06
 40
0.06
 40
0.06
 40
0.06
 40
0.06
309
CELLMARGIN_END
 94
        6
 95
        1
302
GRIDFORMAT
  1
GRIDFORMAT_BEGIN
 90
        0
 91
        1
 62
     0
 92
       -2
340
14
 93
        0
 40
0.045
309
GRIDFORMAT_END
 95
        2
302
GRIDFORMAT
  1
GRIDFORMAT_BEGIN
 90
        0
 91
        1
 62
     0
 92
       -2
340
14
 93
        0
 40
0.045
309
GRIDFORMAT_END
 95
        4
302
GRIDFORMAT
  1
GRIDFORMAT_BEGIN
 90
        0
 91
        1
 62
     0
 92
       -2
340
14
 93
        0
 40
0.045
309
GRIDFORMAT_END
 95
        8
302
GRIDFORMAT
  1
GRIDFORMAT_BEGIN
 90
        0
 91
        1
 62
     0
 92
       -2
340
14
 93
        0
 40
0.045
309
GRIDFORMAT_END
 95
       16
302
GRIDFORMAT
  1
GRIDFORMAT_BEGIN
 90
        0
 91
        1
 62
     0
 92
       -2
340
14
 93
        0
 40
0.045
309
GRIDFORMAT_END
 95
       32
302
GRIDFORMAT
  1
GRIDFORMAT_BEGIN
 90
        0
 91
        1
 62
     0
 92
       -2
340
14
 93
        0
 40
0.045
309
GRIDFORMAT_END
309
TABLEFORMAT_END
  1
CELLSTYLE_BEGIN
 90
        2
 91
        1
300
_HEADER
309
CELLSTYLE_END
300
CELLSTYLE
  1
TABLEFORMAT_BEGIN
 90
        5
170
     1
 91
        0
 92
        0
 62
   257
 93
        1
300
CONTENTFORMAT
  1
CONTENTFORMAT_BEGIN
 90
        0
 91
        0
 92
        4
 93
        0
300

 40
0.0
140
1.0
 94
        2
 62
     0
340
11
144
0.18
309
CONTENTFORMAT_END
171
     1
301
MARGIN
  1
CELLMARGIN_BEGIN
 40
0.06
 40
0.06
 40
0.06
 40
0.06
 40
0.06
 40
0.06
309
CELLMARGIN_END
 94
        6
 95
        1
302
GRIDFORMAT
  1
GRIDFORMAT_BEGIN
 90
        0
 91
        1
 62
     0
 92
       -2
340
14
 93
        0
 40
0.045
309
GRIDFORMAT_END
 95
        2
302
GRIDFORMAT
  1
GRIDFORMAT_BEGIN
 90
        0
 91
        1
 62
     0
 92
       -2
340
14
 93
        0
 40
0.045
309
GRIDFORMAT_END
 95
        4
302
GRIDFORMAT
  1
GRIDFORMAT_BEGIN
 90
        0
 91
        1
 62
     0
 92
       -2
340
14
 93
        0
 40
0.045
309
GRIDFORMAT_END
 95
        8
302
GRIDFORMAT
  1
GRIDFORMAT_BEGIN
 90
        0
 91
        1
 62
     0
 92
       -2
340
14
 93
        0
 40
0.045
309
GRIDFORMAT_END
 95
       16
302
GRIDFORMAT
  1
GRIDFORMAT_BEGIN
 90
        0
 91
        1
 62
     0
 92
       -2
340
14
 93
        0
 40
0.045
309
GRIDFORMAT_END
 95
       32
302
GRIDFORMAT
  1
GRIDFORMAT_BEGIN
 90
        0
 91
        1
 62
     0
 92
       -2
340
14
 93
        0
 40
0.045
309
GRIDFORMAT_END
309
TABLEFORMAT_END
  1
CELLSTYLE_BEGIN
 90
        3
 91
        2
300
_DATA
309
CELLSTYLE_END
  0
ENDSEC
  0
EOF
