  0
SECTION
  2
HEADER
  9
$ACADVER
  1
AC1032
  9
$ACADMAINTVER
 90
       55
  9
$DWGCODEPAGE
  3
ANSI_1252
  9
$LASTSAVEDBY
  1
desig_0aqrnus
  9
$REQUIREDVERSIONS
160
                 0
  9
$INSBASE
 10
0.0
 20
0.0
 30
0.0
  9
$EXTMIN
 10
-8.36982
 20
-8.61676
 30
0.0
  9
$EXTMAX
 10
4.5422
 20
8.01703
 30
0.0
  9
$LIMMIN
 10
0.0
 20
0.0
  9
$LIMMAX
 10
12.0
 20
9.0
  9
$ORTHOMODE
 70
     0
  9
$REGENMODE
 70
     1
  9
$FILLMODE
 70
     1
  9
$QTEXTMODE
 70
     0
  9
$MIRRTEXT
 70
     1
  9
$LTSCALE
 40
1.0
  9
$ATTMODE
 70
     1
  9
$TEXTSIZE
 40
0.2
  9
$TRACEWID
 40
0.05
  9
$TEXTSTYLE
  7
Standard
  9
$CLAYER
  8
0
  9
$CELTYPE
  6
ByLayer
  9
$CECOLOR
 62
   256
  9
$CELTSCALE
 40
1.0
  9
$DISPSILH
 70
     0
  9
$DIMSCALE
 40
1.0
  9
$DIMASZ
 40
0.18
  9
$DIMEXO
 40
0.0625
  9
$DIMDLI
 40
0.38
  9
$DIMRND
 40
0.0
  9
$DIMDLE
 40
0.0
  9
$DIMEXE
 40
0.18
  9
$DIMTP
 40
0.0
  9
$DIMTM
 40
0.0
  9
$DIMTXT
 40
0.18
  9
$DIMCEN
 40
0.09
  9
$DIMTSZ
 40
0.0
  9
$DIMTOL
 70
     0
  9
$DIMLIM
 70
     0
  9
$DIMTIH
 70
     1
  9
$DIMTOH
 70
     1
  9
$DIMSE1
 70
     0
  9
$DIMSE2
 70
     0
  9
$DIMTAD
 70
     0
  9
$DIMZIN
 70
     0
  9
$DIMBLK
  1

  9
$DIMASO
 70
     1
  9
$DIMSHO
 70
     1
  9
$DIMPOST
  1

  9
$DIMAPOST
  1

  9
$DIMALT
 70
     0
  9
$DIMALTD
 70
     2
  9
$DIMALTF
 40
25.4
  9
$DIMLFAC
 40
1.0
  9
$DIMTOFL
 70
     0
  9
$DIMTVP
 40
0.0
  9
$DIMTIX
 70
     0
  9
$DIMSOXD
 70
     0
  9
$DIMSAH
 70
     0
  9
$DIMBLK1
  1

  9
$DIMBLK2
  1

  9
$DIMSTYLE
  2
Standard
  9
$DIMCLRD
 70
     0
  9
$DIMCLRE
 70
     0
  9
$DIMCLRT
 70
     0
  9
$DIMTFAC
 40
1.0
  9
$DIMGAP
 40
0.09
  9
$DIMJUST
 70
     0
  9
$DIMSD1
 70
     0
  9
$DIMSD2
 70
     0
  9
$DIMTOLJ
 70
     1
  9
$DIMTZIN
 70
     0
  9
$DIMALTZ
 70
     0
  9
$DIMALTTZ
 70
     0
  9
$DIMUPT
 70
     0
  9
$DIMDEC
 70
     4
  9
$DIMTDEC
 70
     4
  9
$DIMALTU
 70
     2
  9
$DIMALTTD
 70
     2
  9
$DIMTXSTY
  7
Standard
  9
$DIMAUNIT
 70
     0
  9
$DIMADEC
 70
     0
  9
$DIMALTRND
 40
0.0
  9
$DIMAZIN
 70
     0
  9
$DIMDSEP
 70
    46
  9
$DIMATFIT
 70
     3
  9
$DIMFRAC
 70
     0
  9
$DIMLDRBLK
  1

  9
$DIMLUNIT
 70
     2
  9
$DIMLWD
 70
    -2
  9
$DIMLWE
 70
    -2
  9
$DIMTMOVE
 70
     0
  9
$DIMFXL
 40
1.0
  9
$DIMFXLON
 70
     0
  9
$DIMJOGANG
 40
0.7853981633974483
  9
$DIMTFILL
 70
     0
  9
$DIMTFILLCLR
 70
     0
  9
$DIMARCSYM
 70
     0
  9
$DIMLTYPE
  6

  9
$DIMLTEX1
  6

  9
$DIMLTEX2
  6

  9
$DIMTXTDIRECTION
 70
     0
  9
$LUNITS
 70
     2
  9
$LUPREC
 70
     4
  9
$SKETCHINC
 40
0.1
  9
$FILLETRAD
 40
0.5
  9
$AUNITS
 70
     0
  9
$AUPREC
 70
     0
  9
$MENU
  1
.
  9
$ELEVATION
 40
0.0
  9
$PELEVATION
 40
0.0
  9
$THICKNESS
 40
0.0
  9
$LIMCHECK
 70
     0
  9
$CHAMFERA
 40
0.0
  9
$CHAMFERB
 40
0.0
  9
$CHAMFERC
 40
0.0
  9
$CHAMFERD
 40
0.0
  9
$SKPOLY
 70
     0
  9
$TDCREATE
 40
2459387.392635891
  9
$TDUCREATE
 40
2459387.517635891
  9
$TDUPDATE
 40
2461222.55198228
  9
$TDUUPDATE
 40
2461222.67698228
  9
$TDINDWG
 40
0.0000000116
  9
$TDUSRTIMER
 40
0.0000000116
  9
$USRTIMER
 70
     1
  9
$ANGBASE
 50
0.0
  9
$ANGDIR
 70
     0
  9
$PDMODE
 70
     0
  9
$PDSIZE
 40
0.0
  9
$PLINEWID
 40
0.0
  9
$SPLFRAME
 70
     0
  9
$SPLINETYPE
 70
     6
  9
$SPLINESEGS
 70
     8
  9
$HANDSEED
  5
3A1
  9
$SURFTAB1
 70
     6
  9
$SURFTAB2
 70
     6
  9
$SURFTYPE
 70
     6
  9
$SURFU
 70
     6
  9
$SURFV
 70
     6
  9
$UCSBASE
  2

  9
$UCSNAME
  2

  9
$UCSORG
 10
0.0
 20
0.0
 30
0.0
  9
$UCSXDIR
 10
1.0
 20
0.0
 30
0.0
  9
$UCSYDIR
 10
0.0
 20
1.0
 30
0.0
  9
$UCSORTHOREF
  2

  9
$UCSORTHOVIEW
 70
     0
  9
$UCSORGTOP
 10
0.0
 20
0.0
 30
0.0
  9
$UCSORGBOTTOM
 10
0.0
 20
0.0
 30
0.0
  9
$UCSORGLEFT
 10
0.0
 20
0.0
 30
0.0
  9
$UCSORGRIGHT
 10
0.0
 20
0.0
 30
0.0
  9
$UCSORGFRONT
 10
0.0
 20
0.0
 30
0.0
  9
$UCSORGBACK
 10
0.0
 20
0.0
 30
0.0
  9
$PUCSBASE
  2

  9
$PUCSNAME
  2

  9
$PUCSORG
 10
0.0
 20
0.0
 30
0.0
  9
$PUCSXDIR
 10
1.0
 20
0.0
 30
0.0
  9
$PUCSYDIR
 10
0.0
 20
1.0
 30
0.0
  9
$PUCSORTHOREF
  2

  9
$PUCSORTHOVIEW
 70
     0
  9
$PUCSORGTOP
 10
0.0
 20
0.0
 30
0.0
  9
$PUCSORGBOTTOM
 10
0.0
 20
0.0
 30
0.0
  9
$PUCSORGLEFT
 10
0.0
 20
0.0
 30
0.0
  9
$PUCSORGRIGHT
 10
0.0
 20
0.0
 30
0.0
  9
$PUCSORGFRONT
 10
0.0
 20
0.0
 30
0.0
  9
$PUCSORGBACK
 10
0.0
 20
0.0
 30
0.0
  9
$USERI1
 70
     0
  9
$USERI2
 70
     0
  9
$USERI3
 70
     0
  9
$USERI4
 70
     0
  9
$USERI5
 70
     0
  9
$USERR1
 40
0.0
  9
$USERR2
 40
0.0
  9
$USERR3
 40
0.0
  9
$USERR4
 40
0.0
  9
$USERR5
 40
0.0
  9
$WORLDVIEW
 70
     1
  9
$SHADEDGE
 70
     3
  9
$SHADEDIF
 70
    70
  9
$TILEMODE
 70
     1
  9
$MAXACTVP
 70
    64
  9
$PINSBASE
 10
0.0
 20
0.0
 30
0.0
  9
$PLIMCHECK
 70
     0
  9
$PEXTMIN
 10
1.000000000000000E+20
 20
1.000000000000000E+20
 30
1.000000000000000E+20
  9
$PEXTMAX
 10
-1.000000000000000E+20
 20
-1.000000000000000E+20
 30
-1.000000000000000E+20
  9
$PLIMMIN
 10
0.0
 20
0.0
  9
$PLIMMAX
 10
12.0
 20
9.0
  9
$UNITMODE
 70
     0
  9
$VISRETAIN
 70
     1
  9
$PLINEGEN
 70
     0
  9
$PSLTSCALE
 70
     1
  9
$TREEDEPTH
 70
  3020
  9
$CMLSTYLE
  2
Standard
  9
$CMLJUST
 70
     0
  9
$CMLSCALE
 40
1.0
  9
$PROXYGRAPHICS
 70
     1
  9
$MEASUREMENT
 70
     0
  9
$CELWEIGHT
370
    -1
  9
$ENDCAPS
280
     0
  9
$JOINSTYLE
280
     0
  9
$LWDISPLAY
290
     0
  9
$INSUNITS
 70
     5
  9
$HYPERLINKBASE
  1

  9
$STYLESHEET
  1

  9
$XEDIT
290
     1
  9
$CEPSNTYPE
380
     0
  9
$PSTYLEMODE
290
     1
  9
$FINGERPRINTGUID
  2
{D1507C0F-EEE6-4FE2-B59A-8511C112F651}
  9
$VERSIONGUID
  2
{FAEB1C32-E019-11D5-929B-00C0DF256EC4}
  9
$EXTNAMES
290
     1
  9
$PSVPSCALE
 40
0.0
  9
$OLESTARTUP
290
     0
  9
$SORTENTS
280
   127
  9
$INDEXCTL
280
     0
  9
$HIDETEXT
280
     1
  9
$XCLIPFRAME
280
     2
  9
$HALOGAP
280
     0
  9
$OBSCOLOR
 70
   257
  9
$OBSLTYPE
280
     0
  9
$INTERSECTIONDISPLAY
280
     0
  9
$INTERSECTIONCOLOR
 70
   257
  9
$DIMASSOC
280
     2
  9
$PROJECTNAME
  1

  9
$CAMERADISPLAY
290
     0
  9
$LENSLENGTH
 40
50.0
  9
$CAMERAHEIGHT
 40
0.0
  9
$STEPSPERSEC
 40
2.0
  9
$STEPSIZE
 40
6.0
  9
$3DDWFPREC
 40
2.0
  9
$PSOLWIDTH
 40
0.25
  9
$PSOLHEIGHT
 40
4.0
  9
$LOFTANG1
 40
1.570796326794897
  9
$LOFTANG2
 40
1.570796326794897
  9
$LOFTMAG1
 40
0.0
  9
$LOFTMAG2
 40
0.0
  9
$LOFTPARAM
 70
     7
  9
$LOFTNORMALS
280
     1
  9
$LATITUDE
 40
37.795
  9
$LONGITUDE
 40
-122.394
  9
$NORTHDIRECTION
 40
0.0
  9
$TIMEZONE
 70
 -8000
  9
$LIGHTGLYPHDISPLAY
280
     1
  9
$TILEMODELIGHTSYNCH
280
     1
  9
$CMATERIAL
347
44
  9
$SOLIDHIST
280
     0
  9
$SHOWHIST
280
     1
  9
$DWFFRAME
280
     2
  9
$DGNFRAME
280
     2
  9
$REALWORLDSCALE
290
     1
  9
$INTERFERECOLOR
 62
   256
  9
$CSHADOW
280
     0
  9
$SHADOWPLANELOCATION
 40
0.0
  0
ENDSEC
  0
SECTION
  2
CLASSES
  0
CLASS
  1
ACDBDICTIONARYWDFLT
  2
AcDbDictionaryWithDefault
  3
ObjectDBX Classes
 90
        0
 91
        3
280
     0
281
     0
  0
CLASS
  1
VISUALSTYLE
  2
AcDbVisualStyle
  3
ObjectDBX Classes
 90
     4095
 91
        3
280
     0
281
     0
  0
CLASS
  1
MATERIAL
  2
AcDbMaterial
  3
ObjectDBX Classes
 90
     1153
 91
        3
280
     0
281
     0
  0
CLASS
  1
SCALE
  2
AcDbScale
  3
ObjectDBX Classes
 90
     1153
 91
        3
280
     0
281
     0
  0
CLASS
  1
TABLESTYLE
  2
AcDbTableStyle
  3
ObjectDBX Classes
 90
     4095
 91
        3
280
     0
281
     0
  0
CLASS
  1
MLEADERSTYLE
  2
AcDbMLeaderStyle
  3
ACDB_MLEADERSTYLE_CLASS
 90
     4095
 91
        3
280
     0
281
     0
  0
CLASS
  1
SUN
  2
AcDbSun
  3
SCENEOE
 90
     1153
 91
        3
280
     0
281
     0
  0
CLASS
  1
DICTIONARYVAR
  2
AcDbDictionaryVar
  3
ObjectDBX Classes
 90
        0
 91
        3
280
     0
281
     0
  0
CLASS
  1
CELLSTYLEMAP
  2
AcDbCellStyleMap
  3
ObjectDBX Classes
 90
     1152
 91
        3
280
     0
281
     0
  0
CLASS
  1
ACDBDETAILVIEWSTYLE
  2
AcDbDetailViewStyle
  3
ObjectDBX Classes
 90
     1025
 91
        3
280
     0
281
     0
  0
CLASS
  1
ACDBSECTIONVIEWSTYLE
  2
AcDbSectionViewStyle
  3
ObjectDBX Classes
 90
     1025
 91
        3
280
     0
281
     0
  0
ENDSEC
  0
SECTION
  2
TABLES
  0
TABLE
  2
VPORT
  5
8
330
0
100
AcDbSymbolTable
 70
     1
  0
VPORT
  5
29
330
8
100
AcDbSymbolTableRecord
100
AcDbViewportTableRecord
  2
*Active
 70
     0
 10
0.0
 20
0.0
 11
1.0
 21
1.0
 12
10.42990654205607
 22
4.5
 13
0.0
 23
0.0
 14
0.5
 24
0.5
 15
0.5
 25
0.5
 16
0.0
 26
0.0
 36
1.0
 17
0.0
 27
0.0
 37
0.0
 40
9.0
 41
1.972972972850329
 42
50.0
 43
0.0
 44
0.0
 50
0.0
 51
0.0
 71
     0
 72
   100
 73
     1
 74
     3
 75
     0
 76
     0
 77
     0
 78
     0
281
     0
 65
     1
110
0.0
120
0.0
130
0.0
111
1.0
121
0.0
131
0.0
112
0.0
122
1.0
132
0.0
 79
     0
146
0.0
348
2F
 60
     3
 61
     5
292
     1
282
     1
141
0.0
142
0.0
 63
   250
361
6D
  0
ENDTAB
  0
TABLE
  2
LTYPE
  5
5
330
0
100
AcDbSymbolTable
 70
     1
  0
LTYPE
  5
14
330
5
100
AcDbSymbolTableRecord
100
AcDbLinetypeTableRecord
  2
ByBlock
 70
     0
  3

 72
    65
 73
     0
 40
0.0
  0
LTYPE
  5
15
330
5
100
AcDbSymbolTableRecord
100
AcDbLinetypeTableRecord
  2
ByLayer
 70
     0
  3

 72
    65
 73
     0
 40
0.0
  0
LTYPE
  5
16
330
5
100
AcDbSymbolTableRecord
100
AcDbLinetypeTableRecord
  2
Continuous
 70
     0
  3
Solid line
 72
    65
 73
     0
 40
0.0
  0
ENDTAB
  0
TABLE
  2
LAYER
  5
2
330
0
100
AcDbSymbolTable
 70
     3
  0
LAYER
  5
10
330
2
100
AcDbSymbolTableRecord
100
AcDbLayerTableRecord
  2
0
 70
     0
 62
     7
  6
Continuous
370
    -3
390
F
347
46
348
0
  0
LAYER
  5
6F
330
2
100
AcDbSymbolTableRecord
100
AcDbLayerTableRecord
  2
Layer 1
 70
     0
 62
     7
  6
Continuous
370
    -3
390
F
347
46
348
0
  0
LAYER
  5
35C
330
2
100
AcDbSymbolTableRecord
100
AcDbLayerTableRecord
  2
Principal Linhas-guia
 70
     0
 62
     7
  6
Continuous
290
     0
370
    -3
390
F
347
46
348
0
  0
ENDTAB
  0
TABLE
  2
STYLE
  5
3
330
0
100
AcDbSymbolTable
 70
     1
  0
STYLE
  5
11
330
3
100
AcDbSymbolTableRecord
100
AcDbTextStyleTableRecord
  2
Standard
 70
     0
 40
0.0
 41
1.0
 50
0.0
 71
     0
 42
0.2
  3
txt
  4

  0
ENDTAB
  0
TABLE
  2
VIEW
  5
6
330
0
100
AcDbSymbolTable
 70
     0
  0
ENDTAB
  0
TABLE
  2
UCS
  5
7
330
0
100
AcDbSymbolTable
 70
     0
  0
ENDTAB
  0
TABLE
  2
APPID
  5
9
330
0
100
AcDbSymbolTable
 70
     3
  0
APPID
  5
12
330
9
100
AcDbSymbolTableRecord
100
AcDbRegAppTableRecord
  2
ACAD
 70
     0
  0
APPID
  5
6E
330
9
100
AcDbSymbolTableRecord
100
AcDbRegAppTableRecord
  2
ODA
 70
     0
  0
APPID
  5
392
330
9
100
AcDbSymbolTableRecord
100
AcDbRegAppTableRecord
  2
ACAD_MLEADERVER
 70
     0
  0
ENDTAB
  0
TABLE
  2
DIMSTYLE
  5
A
330
0
100
AcDbSymbolTable
 70
     1
100
AcDbDimStyleTable
  0
DIMSTYLE
105
27
330
A
100
AcDbSymbolTableRecord
100
AcDbDimStyleTableRecord
  2
Standard
 70
     0
178
     0
340
11
  0
ENDTAB
  0
TABLE
  2
BLOCK_RECORD
  5
1
330
0
100
AcDbSymbolTable
 70
     1
  0
BLOCK_RECORD
  5
1F
330
1
100
AcDbSymbolTableRecord
100
AcDbBlockTableRecord
  2
*Model_Space
340
22
 70
     0
280
     1
281
     0
  0
BLOCK_RECORD
  5
1B
330
1
100
AcDbSymbolTableRecord
100
AcDbBlockTableRecord
  2
*Paper_Space
340
1E
 70
     0
280
     1
281
     0
  0
BLOCK_RECORD
  5
23
330
1
100
AcDbSymbolTableRecord
100
AcDbBlockTableRecord
  2
*Paper_Space0
340
26
 70
     0
280
     1
281
     0
  0
ENDTAB
  0
ENDSEC
  0
SECTION
  2
BLOCKS
  0
BLOCK
  5
20
330
1F
100
AcDbEntity
  8
0
100
AcDbBlockBegin
  2
*Model_Space
 70
     0
 10
0.0
 20
0.0
 30
0.0
  3
*Model_Space
  1

  0
ENDBLK
  5
21
330
1F
100
AcDbEntity
  8
0
100
AcDbBlockEnd
  0
BLOCK
  5
1C
330
1B
100
AcDbEntity
 67
     1
  8
0
100
AcDbBlockBegin
  2
*Paper_Space
 70
     0
 10
0.0
 20
0.0
 30
0.0
  3
*Paper_Space
  1

  0
ENDBLK
  5
1D
330
1B
100
AcDbEntity
 67
     1
  8
0
100
AcDbBlockEnd
  0
BLOCK
  5
24
330
23
100
AcDbEntity
  8
0
100
AcDbBlockBegin
  2
*Paper_Space0
 70
     0
 10
0.0
 20
0.0
 30
0.0
  3
*Paper_Space0
  1

  0
ENDBLK
  5
25
330
23
100
AcDbEntity
  8
0
100
AcDbBlockEnd
  0
ENDSEC
  0
SECTION
  2
ENTITIES
  0
SPLINE
  5
70
330
1F
100
AcDbEntity
  8
Layer 1
370
    25
100
AcDbSpline
210
0.0
220
0.0
230
1.0
 70
    24
 71
     3
 72
     8
 73
     4
 74
     0
 42
0.000000001
 43
0.0000000001
 40
0.0
 40
0.0
 40
0.0
 40
0.0
 40
1.0
 40
1.0
 40
1.0
 40
1.0
 10
-5.14349
 20
-7.96219
 30
0.0
 10
-5.14349
 20
-7.96219
 30
0.0
 10
-5.14349
 20
-7.98336
 30
0.0
 10
-5.14349
 20
-7.98336
 30
0.0
  0
SPLINE
  5
71
330
1F
100
AcDbEntity
  8
Layer 1
370
    25
100
AcDbSpline
210
0.0
220
0.0
230
1.0
 70
    24
 71
     3
 72
     8
 73
     4
 74
     0
 42
0.000000001
 43
0.0000000001
 40
0.0
 40
0.0
 40
0.0
 40
0.0
 40
1.0
 40
1.0
 40
1.0
 40
1.0
 10
-3.04446
 20
-7.98336
 30
0.0
 10
-3.04446
 20
-7.98336
 30
0.0
 10
-3.04446
 20
-7.96219
 30
0.0
 10
-3.04446
 20
-7.96219
 30
0.0
  0
SPLINE
  5
72
330
1F
100
AcDbEntity
  8
Layer 1
370
    25
100
AcDbSpline
210
0.0
220
0.0
230
1.0
 70
     8
 71
     3
 72
    60
 73
    56
 74
     0
 42
0.000000001
 43
0.0000000001
 40
0.0
 40
0.0
 40
0.0
 40
0.0
 40
0.0666666666666667
 40
0.0666666666666667
 40
0.0666666666666667
 40
0.0666666766666667
 40
0.1333333333333333
 40
0.1333333333333333
 40
0.1333333333333333
 40
0.1333333433333333
 40
0.2
 40
0.2
 40
0.2
 40
0.20000001
 40
0.2666666666666667
 40
0.2666666666666667
 40
0.2666666666666667
 40
0.2666666766666667
 40
0.3333333333333333
 40
0.3333333333333333
 40
0.3333333333333333
 40
0.3333333433333333
 40
0.4
 40
0.4
 40
0.4
 40
0.40000001
 40
0.4666666666666667
 40
0.4666666666666667
 40
0.4666666666666667
 40
0.4666666766666667
 40
0.5333333333333333
 40
0.5333333333333333
 40
0.5333333333333333
 40
0.5333333433333334
 40
0.6
 40
0.6
 40
0.6
 40
0.60000001
 40
0.6666666666666666
 40
0.6666666666666666
 40
0.6666666666666666
 40
0.6666666766666667
 40
0.7333333333333333
 40
0.7333333333333333
 40
0.7333333333333333
 40
0.7333333433333333
 40
0.8
 40
0.8
 40
0.8
 40
0.8000000100000001
 40
0.8666666666666667
 40
0.8666666666666667
 40
0.8666666666666667
 40
0.8666666766666667
 40
1.0
 40
1.0
 40
1.0
 40
1.0
 10
-5.14349
 20
-7.98336
 30
0.0
 10
-5.14349
 20
-7.98336
 30
0.0
 10
-5.10469
 20
-8.06097
 30
0.0
 10
-5.10469
 20
-8.06097
 30
0.0
 10
-5.10469
 20
-8.06097
 30
0.0
 10
-5.10469
 20
-8.06097
 30
0.0
 10
-5.05883
 20
-8.13505
 30
0.0
 10
-5.05883
 20
-8.13505
 30
0.0
 10
-5.05883
 20
-8.13505
 30
0.0
 10
-5.05883
 20
-8.13505
 30
0.0
 10
-5.00591
 20
-8.20561
 30
0.0
 10
-5.00591
 20
-8.20561
 30
0.0
 10
-5.00591
 20
-8.20561
 30
0.0
 10
-5.00591
 20
-8.20561
 30
0.0
 10
-4.94946
 20
-8.26911
 30
0.0
 10
-4.94946
 20
-8.26911
 30
0.0
 10
-4.94946
 20
-8.26911
 30
0.0
 10
-4.94946
 20
-8.26911
 30
0.0
 10
-4.88596
 20
-8.33261
 30
0.0
 10
-4.88596
 20
-8.33261
 30
0.0
 10
-4.88596
 20
-8.33261
 30
0.0
 10
-4.88596
 20
-8.33261
 30
0.0
 10
-4.81894
 20
-8.38553
 30
0.0
 10
-4.81894
 20
-8.38553
 30
0.0
 10
-4.81894
 20
-8.38553
 30
0.0
 10
-4.81894
 20
-8.38553
 30
0.0
 10
-4.74838
 20
-8.43844
 30
0.0
 10
-4.74838
 20
-8.43844
 30
0.0
 10
-4.74838
 20
-8.43844
 30
0.0
 10
-4.74838
 20
-8.43844
 30
0.0
 10
-4.67077
 20
-8.48078
 30
0.0
 10
-4.67077
 20
-8.48078
 30
0.0
 10
-4.67077
 20
-8.48078
 30
0.0
 10
-4.67077
 20
-8.48078
 30
0.0
 10
-4.59316
 20
-8.51958
 30
0.0
 10
-4.59316
 20
-8.51958
 30
0.0
 10
-4.59316
 20
-8.51958
 30
0.0
 10
-4.59316
 20
-8.51958
 30
0.0
 10
-4.51202
 20
-8.55133
 30
0.0
 10
-4.51202
 20
-8.55133
 30
0.0
 10
-4.51202
 20
-8.55133
 30
0.0
 10
-4.51202
 20
-8.55133
 30
0.0
 10
-4.42735
 20
-8.5725
 30
0.0
 10
-4.42735
 20
-8.5725
 30
0.0
 10
-4.42735
 20
-8.5725
 30
0.0
 10
-4.42735
 20
-8.5725
 30
0.0
 10
-4.34269
 20
-8.59014
 30
0.0
 10
-4.34269
 20
-8.59014
 30
0.0
 10
-4.34269
 20
-8.59014
 30
0.0
 10
-4.34269
 20
-8.59014
 30
0.0
 10
-4.25802
 20
-8.60072
 30
0.0
 10
-4.25802
 20
-8.60072
 30
0.0
 10
-4.25802
 20
-8.60072
 30
0.0
 10
-4.25802
 20
-8.60072
 30
0.0
 10
-4.16983
 20
-8.60425
 30
0.0
 10
-4.16983
 20
-8.60425
 30
0.0
  0
SPLINE
  5
73
330
1F
100
AcDbEntity
  8
Layer 1
370
    25
100
AcDbSpline
210
0.0
220
0.0
230
1.0
 70
     8
 71
     3
 72
    60
 73
    56
 74
     0
 42
0.000000001
 43
0.0000000001
 40
0.0
 40
0.0
 40
0.0
 40
0.0
 40
0.0666666666666667
 40
0.0666666666666667
 40
0.0666666666666667
 40
0.0666666766666667
 40
0.1333333333333333
 40
0.1333333333333333
 40
0.1333333333333333
 40
0.1333333433333333
 40
0.2
 40
0.2
 40
0.2
 40
0.20000001
 40
0.2666666666666667
 40
0.2666666666666667
 40
0.2666666666666667
 40
0.2666666766666667
 40
0.3333333333333333
 40
0.3333333333333333
 40
0.3333333333333333
 40
0.3333333433333333
 40
0.4
 40
0.4
 40
0.4
 40
0.40000001
 40
0.4666666666666667
 40
0.4666666666666667
 40
0.4666666666666667
 40
0.4666666766666667
 40
0.5333333333333333
 40
0.5333333333333333
 40
0.5333333333333333
 40
0.5333333433333334
 40
0.6
 40
0.6
 40
0.6
 40
0.60000001
 40
0.6666666666666666
 40
0.6666666666666666
 40
0.6666666666666666
 40
0.6666666766666667
 40
0.7333333333333333
 40
0.7333333333333333
 40
0.7333333333333333
 40
0.7333333433333333
 40
0.8
 40
0.8
 40
0.8
 40
0.8000000100000001
 40
0.8666666666666667
 40
0.8666666666666667
 40
0.8666666666666667
 40
0.8666666766666667
 40
1.0
 40
1.0
 40
1.0
 40
1.0
 10
-4.01813
 20
-8.60425
 30
0.0
 10
-4.01813
 20
-8.60425
 30
0.0
 10
-3.92994
 20
-8.60072
 30
0.0
 10
-3.92994
 20
-8.60072
 30
0.0
 10
-3.92994
 20
-8.60072
 30
0.0
 10
-3.92994
 20
-8.60072
 30
0.0
 10
-3.84174
 20
-8.59014
 30
0.0
 10
-3.84174
 20
-8.59014
 30
0.0
 10
-3.84174
 20
-8.59014
 30
0.0
 10
-3.84174
 20
-8.59014
 30
0.0
 10
-3.75708
 20
-8.5725
 30
0.0
 10
-3.75708
 20
-8.5725
 30
0.0
 10
-3.75708
 20
-8.5725
 30
0.0
 10
-3.75708
 20
-8.5725
 30
0.0
 10
-3.67241
 20
-8.55133
 30
0.0
 10
-3.67241
 20
-8.55133
 30
0.0
 10
-3.67241
 20
-8.55133
 30
0.0
 10
-3.67241
 20
-8.55133
 30
0.0
 10
-3.59127
 20
-8.51958
 30
0.0
 10
-3.59127
 20
-8.51958
 30
0.0
 10
-3.59127
 20
-8.51958
 30
0.0
 10
-3.59127
 20
-8.51958
 30
0.0
 10
-3.51366
 20
-8.48078
 30
0.0
 10
-3.51366
 20
-8.48078
 30
0.0
 10
-3.51366
 20
-8.48078
 30
0.0
 10
-3.51366
 20
-8.48078
 30
0.0
 10
-3.43958
 20
-8.43844
 30
0.0
 10
-3.43958
 20
-8.43844
 30
0.0
 10
-3.43958
 20
-8.43844
 30
0.0
 10
-3.43958
 20
-8.43844
 30
0.0
 10
-3.36549
 20
-8.38553
 30
0.0
 10
-3.36549
 20
-8.38553
 30
0.0
 10
-3.36549
 20
-8.38553
 30
0.0
 10
-3.36549
 20
-8.38553
 30
0.0
 10
-3.29846
 20
-8.33261
 30
0.0
 10
-3.29846
 20
-8.33261
 30
0.0
 10
-3.29846
 20
-8.33261
 30
0.0
 10
-3.29846
 20
-8.33261
 30
0.0
 10
-3.23849
 20
-8.26911
 30
0.0
 10
-3.23849
 20
-8.26911
 30
0.0
 10
-3.23849
 20
-8.26911
 30
0.0
 10
-3.23849
 20
-8.26911
 30
0.0
 10
-3.18205
 20
-8.20561
 30
0.0
 10
-3.18205
 20
-8.20561
 30
0.0
 10
-3.18205
 20
-8.20561
 30
0.0
 10
-3.18205
 20
-8.20561
 30
0.0
 10
-3.12913
 20
-8.13505
 30
0.0
 10
-3.12913
 20
-8.13505
 30
0.0
 10
-3.12913
 20
-8.13505
 30
0.0
 10
-3.12913
 20
-8.13505
 30
0.0
 10
-3.08327
 20
-8.06097
 30
0.0
 10
-3.08327
 20
-8.06097
 30
0.0
 10
-3.08327
 20
-8.06097
 30
0.0
 10
-3.08327
 20
-8.06097
 30
0.0
 10
-3.04446
 20
-7.98336
 30
0.0
 10
-3.04446
 20
-7.98336
 30
0.0
  0
SPLINE
  5
74
330
1F
100
AcDbEntity
  8
Layer 1
370
    25
100
AcDbSpline
210
0.0
220
0.0
230
1.0
 70
    24
 71
     3
 72
    44
 73
    40
 74
     0
 42
0.000000001
 43
0.0000000001
 40
0.0
 40
0.0
 40
0.0
 40
0.0
 40
0.0909090909090909
 40
0.0909090909090909
 40
0.0909090909090909
 40
0.0909091009090909
 40
0.1818181818181818
 40
0.1818181818181818
 40
0.1818181818181818
 40
0.1818181918181818
 40
0.2727272727272727
 40
0.2727272727272727
 40
0.2727272727272727
 40
0.2727272827272727
 40
0.3636363636363636
 40
0.3636363636363636
 40
0.3636363636363636
 40
0.3636363736363636
 40
0.4545454545454545
 40
0.4545454545454545
 40
0.4545454545454545
 40
0.4545454645454545
 40
0.5454545454545454
 40
0.5454545454545454
 40
0.5454545454545454
 40
0.5454545554545455
 40
0.6363636363636364
 40
0.6363636363636364
 40
0.6363636363636364
 40
0.6363636463636364
 40
0.7272727272727273
 40
0.7272727272727273
 40
0.7272727272727273
 40
0.7272727372727273
 40
0.8181818181818182
 40
0.8181818181818182
 40
0.8181818181818182
 40
0.8181818281818183
 40
1.0
 40
1.0
 40
1.0
 40
1.0
 10
-4.16983
 20
-8.60425
 30
0.0
 10
-4.16983
 20
-8.60425
 30
0.0
 10
-4.1663
 20
-8.60425
 30
0.0
 10
-4.1663
 20
-8.60425
 30
0.0
 10
-4.1663
 20
-8.60425
 30
0.0
 10
-4.1663
 20
-8.60425
 30
0.0
 10
-4.15571
 20
-8.60425
 30
0.0
 10
-4.15571
 20
-8.60425
 30
0.0
 10
-4.15571
 20
-8.60425
 30
0.0
 10
-4.15571
 20
-8.60425
 30
0.0
 10
-4.13808
 20
-8.60425
 30
0.0
 10
-4.13808
 20
-8.60425
 30
0.0
 10
-4.13808
 20
-8.60425
 30
0.0
 10
-4.13808
 20
-8.60425
 30
0.0
 10
-4.11691
 20
-8.60425
 30
0.0
 10
-4.11691
 20
-8.60425
 30
0.0
 10
-4.11691
 20
-8.60425
 30
0.0
 10
-4.11691
 20
-8.60425
 30
0.0
 10
-4.09221
 20
-8.60425
 30
0.0
 10
-4.09221
 20
-8.60425
 30
0.0
 10
-4.09221
 20
-8.60425
 30
0.0
 10
-4.09221
 20
-8.60425
 30
0.0
 10
-4.07105
 20
-8.60425
 30
0.0
 10
-4.07105
 20
-8.60425
 30
0.0
 10
-4.07105
 20
-8.60425
 30
0.0
 10
-4.07105
 20
-8.60425
 30
0.0
 10
-4.04635
 20
-8.60425
 30
0.0
 10
-4.04635
 20
-8.60425
 30
0.0
 10
-4.04635
 20
-8.60425
 30
0.0
 10
-4.04635
 20
-8.60425
 30
0.0
 10
-4.03224
 20
-8.60425
 30
0.0
 10
-4.03224
 20
-8.60425
 30
0.0
 10
-4.03224
 20
-8.60425
 30
0.0
 10
-4.03224
 20
-8.60425
 30
0.0
 10
-4.02166
 20
-8.60425
 30
0.0
 10
-4.02166
 20
-8.60425
 30
0.0
 10
-4.02166
 20
-8.60425
 30
0.0
 10
-4.02166
 20
-8.60425
 30
0.0
 10
-4.01813
 20
-8.60425
 30
0.0
 10
-4.01813
 20
-8.60425
 30
0.0
  0
SPLINE
  5
75
330
1F
100
AcDbEntity
  8
Layer 1
370
    25
100
AcDbSpline
210
0.0
220
0.0
230
1.0
 70
    24
 71
     3
 72
     8
 73
     4
 74
     0
 42
0.000000001
 43
0.0000000001
 40
0.0
 40
0.0
 40
0.0
 40
0.0
 40
1.0
 40
1.0
 40
1.0
 40
1.0
 10
-3.52071
 20
-6.15597
 30
0.0
 10
-3.52071
 20
-6.15597
 30
0.0
 10
-3.43252
 20
-6.15597
 30
0.0
 10
-3.43252
 20
-6.15597
 30
0.0
  0
SPLINE
  5
76
330
1F
100
AcDbEntity
  8
Layer 1
370
    25
100
AcDbSpline
210
0.0
220
0.0
230
1.0
 70
    24
 71
     3
 72
     8
 73
     4
 74
     0
 42
0.000000001
 43
0.0000000001
 40
0.0
 40
0.0
 40
0.0
 40
0.0
 40
1.0
 40
1.0
 40
1.0
 40
1.0
 10
-3.52071
 20
-6.26533
 30
0.0
 10
-3.52071
 20
-6.26533
 30
0.0
 10
-3.52071
 20
-6.15597
 30
0.0
 10
-3.52071
 20
-6.15597
 30
0.0
  0
SPLINE
  5
77
330
1F
100
AcDbEntity
  8
Layer 1
370
    25
100
AcDbSpline
210
0.0
220
0.0
230
1.0
 70
    24
 71
     3
 72
     8
 73
     4
 74
     0
 42
0.000000001
 43
0.0000000001
 40
0.0
 40
0.0
 40
0.0
 40
0.0
 40
1.0
 40
1.0
 40
1.0
 40
1.0
 10
-3.8241
 20
-6.26533
 30
0.0
 10
-3.8241
 20
-6.26533
 30
0.0
 10
-3.52071
 20
-6.26533
 30
0.0
 10
-3.52071
 20
-6.26533
 30
0.0
  0
SPLINE
  5
78
330
1F
100
AcDbEntity
  8
Layer 1
370
    25
100
AcDbSpline
210
0.0
220
0.0
230
1.0
 70
    24
 71
     3
 72
     8
 73
     4
 74
     0
 42
0.000000001
 43
0.0000000001
 40
0.0
 40
0.0
 40
0.0
 40
0.0
 40
1.0
 40
1.0
 40
1.0
 40
1.0
 10
-4.2933
 20
-6.15597
 30
0.0
 10
-4.2933
 20
-6.15597
 30
0.0
 10
-4.2933
 20
-6.26533
 30
0.0
 10
-4.2933
 20
-6.26533
 30
0.0
  0
SPLINE
  5
79
330
1F
100
AcDbEntity
  8
Layer 1
370
    25
100
AcDbSpline
210
0.0
220
0.0
230
1.0
 70
    24
 71
     3
 72
     8
 73
     4
 74
     0
 42
0.000000001
 43
0.0000000001
 40
0.0
 40
0.0
 40
0.0
 40
0.0
 40
1.0
 40
1.0
 40
1.0
 40
1.0
 10
-4.59316
 20
-6.15597
 30
0.0
 10
-4.59316
 20
-6.15597
 30
0.0
 10
-4.2933
 20
-6.15597
 30
0.0
 10
-4.2933
 20
-6.15597
 30
0.0
  0
SPLINE
  5
7A
330
1F
100
AcDbEntity
  8
Layer 1
370
    25
100
AcDbSpline
210
0.0
220
0.0
230
1.0
 70
    24
 71
     3
 72
     8
 73
     4
 74
     0
 42
0.000000001
 43
0.0000000001
 40
0.0
 40
0.0
 40
0.0
 40
0.0
 40
1.0
 40
1.0
 40
1.0
 40
1.0
 10
-4.59316
 20
-5.47511
 30
0.0
 10
-4.59316
 20
-5.47511
 30
0.0
 10
-4.59316
 20
-6.15597
 30
0.0
 10
-4.59316
 20
-6.15597
 30
0.0
  0
SPLINE
  5
7B
330
1F
100
AcDbEntity
  8
Layer 1
370
    25
100
AcDbSpline
210
0.0
220
0.0
230
1.0
 70
    24
 71
     3
 72
     8
 73
     4
 74
     0
 42
0.000000001
 43
0.0000000001
 40
0.0
 40
0.0
 40
0.0
 40
0.0
 40
1.0
 40
1.0
 40
1.0
 40
1.0
 10
-4.49085
 20
-5.47511
 30
0.0
 10
-4.49085
 20
-5.47511
 30
0.0
 10
-4.59316
 20
-5.47511
 30
0.0
 10
-4.59316
 20
-5.47511
 30
0.0
  0
SPLINE
  5
7C
330
1F
100
AcDbEntity
  8
Layer 1
370
    25
100
AcDbSpline
210
0.0
220
0.0
230
1.0
 70
    24
 71
     3
 72
     8
 73
     4
 74
     0
 42
0.000000001
 43
0.0000000001
 40
0.0
 40
0.0
 40
0.0
 40
0.0
 40
1.0
 40
1.0
 40
1.0
 40
1.0
 10
-4.08163
 20
-5.40455
 30
0.0
 10
-4.08163
 20
-5.40455
 30
0.0
 10
-4.49085
 20
-5.47511
 30
0.0
 10
-4.49085
 20
-5.47511
 30
0.0
  0
SPLINE
  5
7D
330
1F
100
AcDbEntity
  8
Layer 1
370
    25
100
AcDbSpline
210
0.0
220
0.0
230
1.0
 70
    24
 71
     3
 72
     8
 73
     4
 74
     0
 42
0.000000001
 43
0.0000000001
 40
0.0
 40
0.0
 40
0.0
 40
0.0
 40
1.0
 40
1.0
 40
1.0
 40
1.0
 10
-4.08163
 20
-5.36575
 30
0.0
 10
-4.08163
 20
-5.36575
 30
0.0
 10
-4.08163
 20
-5.40455
 30
0.0
 10
-4.08163
 20
-5.40455
 30
0.0
  0
SPLINE
  5
7E
330
1F
100
AcDbEntity
  8
Layer 1
370
    25
100
AcDbSpline
210
0.0
220
0.0
230
1.0
 70
    24
 71
     3
 72
     8
 73
     4
 74
     0
 42
0.000000001
 43
0.0000000001
 40
0.0
 40
0.0
 40
0.0
 40
0.0
 40
1.0
 40
1.0
 40
1.0
 40
1.0
 10
-3.43252
 20
-5.36575
 30
0.0
 10
-3.43252
 20
-5.36575
 30
0.0
 10
-4.08163
 20
-5.36575
 30
0.0
 10
-4.08163
 20
-5.36575
 30
0.0
  0
SPLINE
  5
7F
330
1F
100
AcDbEntity
  8
Layer 1
370
    25
100
AcDbSpline
210
0.0
220
0.0
230
1.0
 70
    24
 71
     3
 72
     8
 73
     4
 74
     0
 42
0.000000001
 43
0.0000000001
 40
0.0
 40
0.0
 40
0.0
 40
0.0
 40
1.0
 40
1.0
 40
1.0
 40
1.0
 10
-3.43252
 20
-6.15597
 30
0.0
 10
-3.43252
 20
-6.15597
 30
0.0
 10
-3.43252
 20
-5.36575
 30
0.0
 10
-3.43252
 20
-5.36575
 30
0.0
  0
SPLINE
  5
80
330
1F
100
AcDbEntity
  8
Layer 1
370
    25
100
AcDbSpline
210
0.0
220
0.0
230
1.0
 70
    24
 71
     3
 72
   152
 73
   148
 74
     0
 42
0.000000001
 43
0.0000000001
 40
0.0
 40
0.0
 40
0.0
 40
0.0
 40
0.0263157894736842
 40
0.0263157894736842
 40
0.0263157894736842
 40
0.0263157994736842
 40
0.0526315789473684
 40
0.0526315789473684
 40
0.0526315789473684
 40
0.0526315889473684
 40
0.0789473684210526
 40
0.0789473684210526
 40
0.0789473684210526
 40
0.0789473784210526
 40
0.1052631578947368
 40
0.1052631578947368
 40
0.1052631578947368
 40
0.1052631678947368
 40
0.131578947368421
 40
0.131578947368421
 40
0.131578947368421
 40
0.131578957368421
 40
0.1578947368421053
 40
0.1578947368421053
 40
0.1578947368421053
 40
0.1578947468421052
 40
0.1842105263157895
 40
0.1842105263157895
 40
0.1842105263157895
 40
0.1842105363157895
 40
0.2105263157894737
 40
0.2105263157894737
 40
0.2105263157894737
 40
0.2105263257894737
 40
0.2368421052631579
 40
0.2368421052631579
 40
0.2368421052631579
 40
0.2368421152631579
 40
0.2631578947368421
 40
0.2631578947368421
 40
0.2631578947368421
 40
0.2631579047368421
 40
0.2894736842105263
 40
0.2894736842105263
 40
0.2894736842105263
 40
0.2894736942105263
 40
0.3157894736842105
 40
0.3157894736842105
 40
0.3157894736842105
 40
0.3157894836842105
 40
0.3421052631578947
 40
0.3421052631578947
 40
0.3421052631578947
 40
0.3421052731578947
 40
0.3684210526315789
 40
0.3684210526315789
 40
0.3684210526315789
 40
0.3684210626315789
 40
0.3947368421052632
 40
0.3947368421052632
 40
0.3947368421052632
 40
0.3947368521052632
 40
0.4210526315789473
 40
0.4210526315789473
 40
0.4210526315789473
 40
0.4210526415789473
 40
0.4473684210526316
 40
0.4473684210526316
 40
0.4473684210526316
 40
0.4473684310526316
 40
0.4736842105263158
 40
0.4736842105263158
 40
0.4736842105263158
 40
0.4736842205263158
 40
0.5
 40
0.5
 40
0.5
 40
0.50000001
 40
0.5263157894736842
 40
0.5263157894736842
 40
0.5263157894736842
 40
0.5263157994736842
 40
0.5526315789473685
 40
0.5526315789473685
 40
0.5526315789473685
 40
0.5526315889473685
 40
0.5789473684210527
 40
0.5789473684210527
 40
0.5789473684210527
 40
0.5789473784210527
 40
0.6052631578947368
 40
0.6052631578947368
 40
0.6052631578947368
 40
0.6052631678947369
 40
0.631578947368421
 40
0.631578947368421
 40
0.631578947368421
 40
0.6315789573684211
 40
0.6578947368421053
 40
0.6578947368421053
 40
0.6578947368421053
 40
0.6578947468421054
 40
0.6842105263157895
 40
0.6842105263157895
 40
0.6842105263157895
 40
0.6842105363157895
 40
0.7105263157894737
 40
0.7105263157894737
 40
0.7105263157894737
 40
0.7105263257894737
 40
0.7368421052631579
 40
0.7368421052631579
 40
0.7368421052631579
 40
0.7368421152631579
 40
0.7631578947368421
 40
0.7631578947368421
 40
0.7631578947368421
 40
0.7631579047368422
 40
0.7894736842105263
 40
0.7894736842105263
 40
0.7894736842105263
 40
0.7894736942105264
 40
0.8157894736842105
 40
0.8157894736842105
 40
0.8157894736842105
 40
0.8157894836842106
 40
0.8421052631578947
 40
0.8421052631578947
 40
0.8421052631578947
 40
0.8421052731578947
 40
0.868421052631579
 40
0.868421052631579
 40
0.868421052631579
 40
0.868421062631579
 40
0.8947368421052632
 40
0.8947368421052632
 40
0.8947368421052632
 40
0.8947368521052632
 40
0.9210526315789473
 40
0.9210526315789473
 40
0.9210526315789473
 40
0.9210526415789474
 40
0.9473684210526315
 40
0.9473684210526315
 40
0.9473684210526315
 40
0.9473684310526316
 40
1.0
 40
1.0
 40
1.0
 40
1.0
 10
-5.14349
 20
-7.98336
 30
0.0
 10
-5.14349
 20
-7.98336
 30
0.0
 10
-5.13996
 20
-7.98336
 30
0.0
 10
-5.13996
 20
-7.98336
 30
0.0
 10
-5.13996
 20
-7.98336
 30
0.0
 10
-5.13996
 20
-7.98336
 30
0.0
 10
-5.12938
 20
-7.98336
 30
0.0
 10
-5.12938
 20
-7.98336
 30
0.0
 10
-5.12938
 20
-7.98336
 30
0.0
 10
-5.12938
 20
-7.98336
 30
0.0
 10
-5.11174
 20
-7.98336
 30
0.0
 10
-5.11174
 20
-7.98336
 30
0.0
 10
-5.11174
 20
-7.98336
 30
0.0
 10
-5.11174
 20
-7.98336
 30
0.0
 10
-5.09058
 20
-7.98336
 30
0.0
 10
-5.09058
 20
-7.98336
 30
0.0
 10
-5.09058
 20
-7.98336
 30
0.0
 10
-5.09058
 20
-7.98336
 30
0.0
 10
-5.05883
 20
-7.98336
 30
0.0
 10
-5.05883
 20
-7.98336
 30
0.0
 10
-5.05883
 20
-7.98336
 30
0.0
 10
-5.05883
 20
-7.98336
 30
0.0
 10
-5.02355
 20
-7.98336
 30
0.0
 10
-5.02355
 20
-7.98336
 30
0.0
 10
-5.02355
 20
-7.98336
 30
0.0
 10
-5.02355
 20
-7.98336
 30
0.0
 10
-4.98121
 20
-7.98336
 30
0.0
 10
-4.98121
 20
-7.98336
 30
0.0
 10
-4.98121
 20
-7.98336
 30
0.0
 10
-4.98121
 20
-7.98336
 30
0.0
 10
-4.93183
 20
-7.98336
 30
0.0
 10
-4.93183
 20
-7.98336
 30
0.0
 10
-4.93183
 20
-7.98336
 30
0.0
 10
-4.93183
 20
-7.98336
 30
0.0
 10
-4.87891
 20
-7.98336
 30
0.0
 10
-4.87891
 20
-7.98336
 30
0.0
 10
-4.87891
 20
-7.98336
 30
0.0
 10
-4.87891
 20
-7.98336
 30
0.0
 10
-4.81894
 20
-7.98336
 30
0.0
 10
-4.81894
 20
-7.98336
 30
0.0
 10
-4.81894
 20
-7.98336
 30
0.0
 10
-4.81894
 20
-7.98336
 30
0.0
 10
-4.75544
 20
-7.98336
 30
0.0
 10
-4.75544
 20
-7.98336
 30
0.0
 10
-4.75544
 20
-7.98336
 30
0.0
 10
-4.75544
 20
-7.98336
 30
0.0
 10
-4.68841
 20
-7.98336
 30
0.0
 10
-4.68841
 20
-7.98336
 30
0.0
 10
-4.68841
 20
-7.98336
 30
0.0
 10
-4.68841
 20
-7.98336
 30
0.0
 10
-4.61785
 20
-7.98336
 30
0.0
 10
-4.61785
 20
-7.98336
 30
0.0
 10
-4.61785
 20
-7.98336
 30
0.0
 10
-4.61785
 20
-7.98336
 30
0.0
 10
-4.54377
 20
-7.98336
 30
0.0
 10
-4.54377
 20
-7.98336
 30
0.0
 10
-4.54377
 20
-7.98336
 30
0.0
 10
-4.54377
 20
-7.98336
 30
0.0
 10
-4.46616
 20
-7.98336
 30
0.0
 10
-4.46616
 20
-7.98336
 30
0.0
 10
-4.46616
 20
-7.98336
 30
0.0
 10
-4.46616
 20
-7.98336
 30
0.0
 10
-4.38502
 20
-7.98336
 30
0.0
 10
-4.38502
 20
-7.98336
 30
0.0
 10
-4.38502
 20
-7.98336
 30
0.0
 10
-4.38502
 20
-7.98336
 30
0.0
 10
-4.30388
 20
-7.98336
 30
0.0
 10
-4.30388
 20
-7.98336
 30
0.0
 10
-4.30388
 20
-7.98336
 30
0.0
 10
-4.30388
 20
-7.98336
 30
0.0
 10
-4.21921
 20
-7.98336
 30
0.0
 10
-4.21921
 20
-7.98336
 30
0.0
 10
-4.21921
 20
-7.98336
 30
0.0
 10
-4.21921
 20
-7.98336
 30
0.0
 10
-4.13455
 20
-7.98336
 30
0.0
 10
-4.13455
 20
-7.98336
 30
0.0
 10
-4.13455
 20
-7.98336
 30
0.0
 10
-4.13455
 20
-7.98336
 30
0.0
 10
-4.04988
 20
-7.98336
 30
0.0
 10
-4.04988
 20
-7.98336
 30
0.0
 10
-4.04988
 20
-7.98336
 30
0.0
 10
-4.04988
 20
-7.98336
 30
0.0
 10
-3.96521
 20
-7.98336
 30
0.0
 10
-3.96521
 20
-7.98336
 30
0.0
 10
-3.96521
 20
-7.98336
 30
0.0
 10
-3.96521
 20
-7.98336
 30
0.0
 10
-3.88408
 20
-7.98336
 30
0.0
 10
-3.88408
 20
-7.98336
 30
0.0
 10
-3.88408
 20
-7.98336
 30
0.0
 10
-3.88408
 20
-7.98336
 30
0.0
 10
-3.79941
 20
-7.98336
 30
0.0
 10
-3.79941
 20
-7.98336
 30
0.0
 10
-3.79941
 20
-7.98336
 30
0.0
 10
-3.79941
 20
-7.98336
 30
0.0
 10
-3.7218
 20
-7.98336
 30
0.0
 10
-3.7218
 20
-7.98336
 30
0.0
 10
-3.7218
 20
-7.98336
 30
0.0
 10
-3.7218
 20
-7.98336
 30
0.0
 10
-3.64419
 20
-7.98336
 30
0.0
 10
-3.64419
 20
-7.98336
 30
0.0
 10
-3.64419
 20
-7.98336
 30
0.0
 10
-3.64419
 20
-7.98336
 30
0.0
 10
-3.56658
 20
-7.98336
 30
0.0
 10
-3.56658
 20
-7.98336
 30
0.0
 10
-3.56658
 20
-7.98336
 30
0.0
 10
-3.56658
 20
-7.98336
 30
0.0
 10
-3.49602
 20
-7.98336
 30
0.0
 10
-3.49602
 20
-7.98336
 30
0.0
 10
-3.49602
 20
-7.98336
 30
0.0
 10
-3.49602
 20
-7.98336
 30
0.0
 10
-3.42899
 20
-7.98336
 30
0.0
 10
-3.42899
 20
-7.98336
 30
0.0
 10
-3.42899
 20
-7.98336
 30
0.0
 10
-3.42899
 20
-7.98336
 30
0.0
 10
-3.36549
 20
-7.98336
 30
0.0
 10
-3.36549
 20
-7.98336
 30
0.0
 10
-3.36549
 20
-7.98336
 30
0.0
 10
-3.36549
 20
-7.98336
 30
0.0
 10
-3.30552
 20
-7.98336
 30
0.0
 10
-3.30552
 20
-7.98336
 30
0.0
 10
-3.30552
 20
-7.98336
 30
0.0
 10
-3.30552
 20
-7.98336
 30
0.0
 10
-3.2526
 20
-7.98336
 30
0.0
 10
-3.2526
 20
-7.98336
 30
0.0
 10
-3.2526
 20
-7.98336
 30
0.0
 10
-3.2526
 20
-7.98336
 30
0.0
 10
-3.20674
 20
-7.98336
 30
0.0
 10
-3.20674
 20
-7.98336
 30
0.0
 10
-3.20674
 20
-7.98336
 30
0.0
 10
-3.20674
 20
-7.98336
 30
0.0
 10
-3.16441
 20
-7.98336
 30
0.0
 10
-3.16441
 20
-7.98336
 30
0.0
 10
-3.16441
 20
-7.98336
 30
0.0
 10
-3.16441
 20
-7.98336
 30
0.0
 10
-3.1256
 20
-7.98336
 30
0.0
 10
-3.1256
 20
-7.98336
 30
0.0
 10
-3.1256
 20
-7.98336
 30
0.0
 10
-3.1256
 20
-7.98336
 30
0.0
 10
-3.09738
 20
-7.98336
 30
0.0
 10
-3.09738
 20
-7.98336
 30
0.0
 10
-3.09738
 20
-7.98336
 30
0.0
 10
-3.09738
 20
-7.98336
 30
0.0
 10
-3.05505
 20
-7.98336
 30
0.0
 10
-3.05505
 20
-7.98336
 30
0.0
 10
-3.05505
 20
-7.98336
 30
0.0
 10
-3.05505
 20
-7.98336
 30
0.0
 10
-3.04446
 20
-7.98336
 30
0.0
 10
-3.04446
 20
-7.98336
 30
0.0
  0
SPLINE
  5
81
330
1F
100
AcDbEntity
  8
Layer 1
370
    25
100
AcDbSpline
210
0.0
220
0.0
230
1.0
 70
    24
 71
     3
 72
     8
 73
     4
 74
     0
 42
0.000000001
 43
0.0000000001
 40
0.0
 40
0.0
 40
0.0
 40
0.0
 40
1.0
 40
1.0
 40
1.0
 40
1.0
 10
-4.51202
 20
-6.27239
 30
0.0
 10
-4.51202
 20
-6.27239
 30
0.0
 10
-4.51202
 20
-6.26533
 30
0.0
 10
-4.51202
 20
-6.26533
 30
0.0
  0
SPLINE
  5
83
330
1F
100
AcDbEntity
  8
Layer 1
370
    25
100
AcDbSpline
210
0.0
220
0.0
230
1.0
 70
    24
 71
     3
 72
     8
 73
     4
 74
     0
 42
0.000000001
 43
0.0000000001
 40
0.0
 40
0.0
 40
0.0
 40
0.0
 40
1.0
 40
1.0
 40
1.0
 40
1.0
 10
-4.51202
 20
-6.26533
 30
0.0
 10
-4.51202
 20
-6.26533
 30
0.0
 10
-3.8241
 20
-6.26533
 30
0.0
 10
-3.8241
 20
-6.26533
 30
0.0
  0
SPLINE
  5
84
330
1F
100
AcDbEntity
  8
Layer 1
370
    25
100
AcDbSpline
210
0.0
220
0.0
230
1.0
 70
    24
 71
     3
 72
    12
 73
     8
 74
     0
 42
0.000000001
 43
0.0000000001
 40
0.0
 40
0.0
 40
0.0
 40
0.0
 40
0.3333333333333333
 40
0.3333333333333333
 40
0.3333333333333333
 40
0.3333333433333333
 40
1.0
 40
1.0
 40
1.0
 40
1.0
 10
-3.8241
 20
-6.26533
 30
0.0
 10
-3.8241
 20
-6.26533
 30
0.0
 10
-3.8241
 20
-6.26533
 30
0.0
 10
-3.8241
 20
-6.26533
 30
0.0
 10
-3.8241
 20
-6.26533
 30
0.0
 10
-3.8241
 20
-6.26533
 30
0.0
 10
-3.82058
 20
-6.26533
 30
0.0
 10
-3.82058
 20
-6.26533
 30
0.0
  0
SPLINE
  5
85
330
1F
100
AcDbEntity
  8
Layer 1
370
    25
100
AcDbSpline
210
0.0
220
0.0
230
1.0
 70
    24
 71
     3
 72
     8
 73
     4
 74
     0
 42
0.000000001
 43
0.0000000001
 40
0.0
 40
0.0
 40
0.0
 40
0.0
 40
1.0
 40
1.0
 40
1.0
 40
1.0
 10
-3.82058
 20
-6.26533
 30
0.0
 10
-3.82058
 20
-6.26533
 30
0.0
 10
-3.82058
 20
-6.27239
 30
0.0
 10
-3.82058
 20
-6.27239
 30
0.0
  0
SPLINE
  5
86
330
1F
100
AcDbEntity
  8
Layer 1
370
    25
100
AcDbSpline
210
0.0
220
0.0
230
1.0
 70
    24
 71
     3
 72
     8
 73
     4
 74
     0
 42
0.000000001
 43
0.0000000001
 40
0.0
 40
0.0
 40
0.0
 40
0.0
 40
1.0
 40
1.0
 40
1.0
 40
1.0
 10
-6.31119
 20
-6.27239
 30
0.0
 10
-6.31119
 20
-6.27239
 30
0.0
 10
-6.31599
 20
-6.94443
 30
0.0
 10
-6.31599
 20
-6.94443
 30
0.0
  0
SPLINE
  5
87
330
1F
100
AcDbEntity
  8
Layer 1
370
    25
100
AcDbSpline
210
0.0
220
0.0
230
1.0
 70
    24
 71
     3
 72
     8
 73
     4
 74
     0
 42
0.000000001
 43
0.0000000001
 40
0.0
 40
0.0
 40
0.0
 40
0.0
 40
1.0
 40
1.0
 40
1.0
 40
1.0
 10
-1.87677
 20
-6.27239
 30
0.0
 10
-1.87677
 20
-6.27239
 30
0.0
 10
-6.31119
 20
-6.27239
 30
0.0
 10
-6.31119
 20
-6.27239
 30
0.0
  0
SPLINE
  5
88
330
1F
100
AcDbEntity
  8
Layer 1
370
    25
100
AcDbSpline
210
0.0
220
0.0
230
1.0
 70
    24
 71
     3
 72
     8
 73
     4
 74
     0
 42
0.000000001
 43
0.0000000001
 40
0.0
 40
0.0
 40
0.0
 40
0.0
 40
1.0
 40
1.0
 40
1.0
 40
1.0
 10
-1.87677
 20
-6.27239
 30
0.0
 10
-1.87677
 20
-6.27239
 30
0.0
 10
-1.87037
 20
-6.94443
 30
0.0
 10
-1.87037
 20
-6.94443
 30
0.0
  0
SPLINE
  5
89
330
1F
100
AcDbEntity
  8
Layer 1
370
    25
100
AcDbSpline
210
0.0
220
0.0
230
1.0
 70
    24
 71
     3
 72
     8
 73
     4
 74
     0
 42
0.000000001
 43
0.0000000001
 40
0.0
 40
0.0
 40
0.0
 40
0.0
 40
1.0
 40
1.0
 40
1.0
 40
1.0
 10
3.88763
 20
4.69724
 30
0.0
 10
3.88763
 20
4.69724
 30
0.0
 10
3.9088
 20
4.69724
 30
0.0
 10
3.9088
 20
4.69724
 30
0.0
  0
SPLINE
  5
8A
330
1F
100
AcDbEntity
  8
Layer 1
370
    25
100
AcDbSpline
210
0.0
220
0.0
230
1.0
 70
    24
 71
     3
 72
     8
 73
     4
 74
     0
 42
0.000000001
 43
0.0000000001
 40
0.0
 40
0.0
 40
0.0
 40
0.0
 40
1.0
 40
1.0
 40
1.0
 40
1.0
 10
3.9088
 20
2.59468
 30
0.0
 10
3.9088
 20
2.59468
 30
0.0
 10
3.88763
 20
2.59468
 30
0.0
 10
3.88763
 20
2.59468
 30
0.0
  0
SPLINE
  5
8B
330
1F
100
AcDbEntity
  8
Layer 1
370
    25
100
AcDbSpline
210
0.0
220
0.0
230
1.0
 70
     8
 71
     3
 72
    60
 73
    56
 74
     0
 42
0.000000001
 43
0.0000000001
 40
0.0
 40
0.0
 40
0.0
 40
0.0
 40
0.0666666666666667
 40
0.0666666666666667
 40
0.0666666666666667
 40
0.0666666766666667
 40
0.1333333333333333
 40
0.1333333333333333
 40
0.1333333333333333
 40
0.1333333433333333
 40
0.2
 40
0.2
 40
0.2
 40
0.20000001
 40
0.2666666666666667
 40
0.2666666666666667
 40
0.2666666666666667
 40
0.2666666766666667
 40
0.3333333333333333
 40
0.3333333333333333
 40
0.3333333333333333
 40
0.3333333433333333
 40
0.4
 40
0.4
 40
0.4
 40
0.40000001
 40
0.4666666666666667
 40
0.4666666666666667
 40
0.4666666666666667
 40
0.4666666766666667
 40
0.5333333333333333
 40
0.5333333333333333
 40
0.5333333333333333
 40
0.5333333433333334
 40
0.6
 40
0.6
 40
0.6
 40
0.60000001
 40
0.6666666666666666
 40
0.6666666666666666
 40
0.6666666666666666
 40
0.6666666766666667
 40
0.7333333333333333
 40
0.7333333333333333
 40
0.7333333333333333
 40
0.7333333433333333
 40
0.8
 40
0.8
 40
0.8
 40
0.8000000100000001
 40
0.8666666666666667
 40
0.8666666666666667
 40
0.8666666666666667
 40
0.8666666766666667
 40
1.0
 40
1.0
 40
1.0
 40
1.0
 10
3.9088
 20
4.69724
 30
0.0
 10
3.9088
 20
4.69724
 30
0.0
 10
3.98641
 20
4.6549
 30
0.0
 10
3.98641
 20
4.6549
 30
0.0
 10
3.98641
 20
4.6549
 30
0.0
 10
3.98641
 20
4.6549
 30
0.0
 10
4.06049
 20
4.60904
 30
0.0
 10
4.06049
 20
4.60904
 30
0.0
 10
4.06049
 20
4.60904
 30
0.0
 10
4.06049
 20
4.60904
 30
0.0
 10
4.13105
 20
4.55965
 30
0.0
 10
4.13105
 20
4.55965
 30
0.0
 10
4.13105
 20
4.55965
 30
0.0
 10
4.13105
 20
4.55965
 30
0.0
 10
4.19455
 20
4.49968
 30
0.0
 10
4.19455
 20
4.49968
 30
0.0
 10
4.19455
 20
4.49968
 30
0.0
 10
4.19455
 20
4.49968
 30
0.0
 10
4.25805
 20
4.43971
 30
0.0
 10
4.25805
 20
4.43971
 30
0.0
 10
4.25805
 20
4.43971
 30
0.0
 10
4.25805
 20
4.43971
 30
0.0
 10
4.31096
 20
4.37268
 30
0.0
 10
4.31096
 20
4.37268
 30
0.0
 10
4.31096
 20
4.37268
 30
0.0
 10
4.31096
 20
4.37268
 30
0.0
 10
4.36035
 20
4.2986
 30
0.0
 10
4.36035
 20
4.2986
 30
0.0
 10
4.36035
 20
4.2986
 30
0.0
 10
4.36035
 20
4.2986
 30
0.0
 10
4.40621
 20
4.22451
 30
0.0
 10
4.40621
 20
4.22451
 30
0.0
 10
4.40621
 20
4.22451
 30
0.0
 10
4.40621
 20
4.22451
 30
0.0
 10
4.44502
 20
4.1469
 30
0.0
 10
4.44502
 20
4.1469
 30
0.0
 10
4.44502
 20
4.1469
 30
0.0
 10
4.44502
 20
4.1469
 30
0.0
 10
4.47324
 20
4.06576
 30
0.0
 10
4.47324
 20
4.06576
 30
0.0
 10
4.47324
 20
4.06576
 30
0.0
 10
4.47324
 20
4.06576
 30
0.0
 10
4.49794
 20
3.9811
 30
0.0
 10
4.49794
 20
3.9811
 30
0.0
 10
4.49794
 20
3.9811
 30
0.0
 10
4.49794
 20
3.9811
 30
0.0
 10
4.51557
 20
3.89643
 30
0.0
 10
4.51557
 20
3.89643
 30
0.0
 10
4.51557
 20
3.89643
 30
0.0
 10
4.51557
 20
3.89643
 30
0.0
 10
4.52616
 20
3.80824
 30
0.0
 10
4.52616
 20
3.80824
 30
0.0
 10
4.52616
 20
3.80824
 30
0.0
 10
4.52616
 20
3.80824
 30
0.0
 10
4.52969
 20
3.72357
 30
0.0
 10
4.52969
 20
3.72357
 30
0.0
  0
SPLINE
  5
8C
330
1F
100
AcDbEntity
  8
Layer 1
370
    25
100
AcDbSpline
210
0.0
220
0.0
230
1.0
 70
     8
 71
     3
 72
    60
 73
    56
 74
     0
 42
0.000000001
 43
0.0000000001
 40
0.0
 40
0.0
 40
0.0
 40
0.0
 40
0.0666666666666667
 40
0.0666666666666667
 40
0.0666666666666667
 40
0.0666666766666667
 40
0.1333333333333333
 40
0.1333333333333333
 40
0.1333333333333333
 40
0.1333333433333333
 40
0.2
 40
0.2
 40
0.2
 40
0.20000001
 40
0.2666666666666667
 40
0.2666666666666667
 40
0.2666666666666667
 40
0.2666666766666667
 40
0.3333333333333333
 40
0.3333333333333333
 40
0.3333333333333333
 40
0.3333333433333333
 40
0.4
 40
0.4
 40
0.4
 40
0.40000001
 40
0.4666666666666667
 40
0.4666666666666667
 40
0.4666666666666667
 40
0.4666666766666667
 40
0.5333333333333333
 40
0.5333333333333333
 40
0.5333333333333333
 40
0.5333333433333334
 40
0.6
 40
0.6
 40
0.6
 40
0.60000001
 40
0.6666666666666666
 40
0.6666666666666666
 40
0.6666666666666666
 40
0.6666666766666667
 40
0.7333333333333333
 40
0.7333333333333333
 40
0.7333333333333333
 40
0.7333333433333333
 40
0.8
 40
0.8
 40
0.8
 40
0.8000000100000001
 40
0.8666666666666667
 40
0.8666666666666667
 40
0.8666666666666667
 40
0.8666666766666667
 40
1.0
 40
1.0
 40
1.0
 40
1.0
 10
4.52969
 20
3.56835
 30
0.0
 10
4.52969
 20
3.56835
 30
0.0
 10
4.52616
 20
3.48368
 30
0.0
 10
4.52616
 20
3.48368
 30
0.0
 10
4.52616
 20
3.48368
 30
0.0
 10
4.52616
 20
3.48368
 30
0.0
 10
4.51557
 20
3.39549
 30
0.0
 10
4.51557
 20
3.39549
 30
0.0
 10
4.51557
 20
3.39549
 30
0.0
 10
4.51557
 20
3.39549
 30
0.0
 10
4.49794
 20
3.31082
 30
0.0
 10
4.49794
 20
3.31082
 30
0.0
 10
4.49794
 20
3.31082
 30
0.0
 10
4.49794
 20
3.31082
 30
0.0
 10
4.47324
 20
3.22615
 30
0.0
 10
4.47324
 20
3.22615
 30
0.0
 10
4.47324
 20
3.22615
 30
0.0
 10
4.47324
 20
3.22615
 30
0.0
 10
4.44502
 20
3.14501
 30
0.0
 10
4.44502
 20
3.14501
 30
0.0
 10
4.44502
 20
3.14501
 30
0.0
 10
4.44502
 20
3.14501
 30
0.0
 10
4.40621
 20
3.0674
 30
0.0
 10
4.40621
 20
3.0674
 30
0.0
 10
4.40621
 20
3.0674
 30
0.0
 10
4.40621
 20
3.0674
 30
0.0
 10
4.36035
 20
2.98979
 30
0.0
 10
4.36035
 20
2.98979
 30
0.0
 10
4.36035
 20
2.98979
 30
0.0
 10
4.36035
 20
2.98979
 30
0.0
 10
4.31096
 20
2.91924
 30
0.0
 10
4.31096
 20
2.91924
 30
0.0
 10
4.31096
 20
2.91924
 30
0.0
 10
4.31096
 20
2.91924
 30
0.0
 10
4.25805
 20
2.85221
 30
0.0
 10
4.25805
 20
2.85221
 30
0.0
 10
4.25805
 20
2.85221
 30
0.0
 10
4.25805
 20
2.85221
 30
0.0
 10
4.19455
 20
2.78871
 30
0.0
 10
4.19455
 20
2.78871
 30
0.0
 10
4.19455
 20
2.78871
 30
0.0
 10
4.19455
 20
2.78871
 30
0.0
 10
4.13105
 20
2.73226
 30
0.0
 10
4.13105
 20
2.73226
 30
0.0
 10
4.13105
 20
2.73226
 30
0.0
 10
4.13105
 20
2.73226
 30
0.0
 10
4.06049
 20
2.68287
 30
0.0
 10
4.06049
 20
2.68287
 30
0.0
 10
4.06049
 20
2.68287
 30
0.0
 10
4.06049
 20
2.68287
 30
0.0
 10
3.98641
 20
2.63701
 30
0.0
 10
3.98641
 20
2.63701
 30
0.0
 10
3.98641
 20
2.63701
 30
0.0
 10
3.98641
 20
2.63701
 30
0.0
 10
3.9088
 20
2.59468
 30
0.0
 10
3.9088
 20
2.59468
 30
0.0
  0
SPLINE
  5
8D
330
1F
100
AcDbEntity
  8
Layer 1
370
    25
100
AcDbSpline
210
0.0
220
0.0
230
1.0
 70
    24
 71
     3
 72
    44
 73
    40
 74
     0
 42
0.000000001
 43
0.0000000001
 40
0.0
 40
0.0
 40
0.0
 40
0.0
 40
0.0909090909090909
 40
0.0909090909090909
 40
0.0909090909090909
 40
0.0909091009090909
 40
0.1818181818181818
 40
0.1818181818181818
 40
0.1818181818181818
 40
0.1818181918181818
 40
0.2727272727272727
 40
0.2727272727272727
 40
0.2727272727272727
 40
0.2727272827272727
 40
0.3636363636363636
 40
0.3636363636363636
 40
0.3636363636363636
 40
0.3636363736363636
 40
0.4545454545454545
 40
0.4545454545454545
 40
0.4545454545454545
 40
0.4545454645454545
 40
0.5454545454545454
 40
0.5454545454545454
 40
0.5454545454545454
 40
0.5454545554545455
 40
0.6363636363636364
 40
0.6363636363636364
 40
0.6363636363636364
 40
0.6363636463636364
 40
0.7272727272727273
 40
0.7272727272727273
 40
0.7272727272727273
 40
0.7272727372727273
 40
0.8181818181818182
 40
0.8181818181818182
 40
0.8181818181818182
 40
0.8181818281818183
 40
1.0
 40
1.0
 40
1.0
 40
1.0
 10
4.52969
 20
3.72357
 30
0.0
 10
4.52969
 20
3.72357
 30
0.0
 10
4.52969
 20
3.72004
 30
0.0
 10
4.52969
 20
3.72004
 30
0.0
 10
4.52969
 20
3.72004
 30
0.0
 10
4.52969
 20
3.72004
 30
0.0
 10
4.52969
 20
3.70593
 30
0.0
 10
4.52969
 20
3.70593
 30
0.0
 10
4.52969
 20
3.70593
 30
0.0
 10
4.52969
 20
3.70593
 30
0.0
 10
4.52969
 20
3.69182
 30
0.0
 10
4.52969
 20
3.69182
 30
0.0
 10
4.52969
 20
3.69182
 30
0.0
 10
4.52969
 20
3.69182
 30
0.0
 10
4.52969
 20
3.67065
 30
0.0
 10
4.52969
 20
3.67065
 30
0.0
 10
4.52969
 20
3.67065
 30
0.0
 10
4.52969
 20
3.67065
 30
0.0
 10
4.52969
 20
3.64596
 30
0.0
 10
4.52969
 20
3.64596
 30
0.0
 10
4.52969
 20
3.64596
 30
0.0
 10
4.52969
 20
3.64596
 30
0.0
 10
4.52969
 20
3.62126
 30
0.0
 10
4.52969
 20
3.62126
 30
0.0
 10
4.52969
 20
3.62126
 30
0.0
 10
4.52969
 20
3.62126
 30
0.0
 10
4.52969
 20
3.6001
 30
0.0
 10
4.52969
 20
3.6001
 30
0.0
 10
4.52969
 20
3.6001
 30
0.0
 10
4.52969
 20
3.6001
 30
0.0
 10
4.52969
 20
3.58246
 30
0.0
 10
4.52969
 20
3.58246
 30
0.0
 10
4.52969
 20
3.58246
 30
0.0
 10
4.52969
 20
3.58246
 30
0.0
 10
4.52969
 20
3.57187
 30
0.0
 10
4.52969
 20
3.57187
 30
0.0
 10
4.52969
 20
3.57187
 30
0.0
 10
4.52969
 20
3.57187
 30
0.0
 10
4.52969
 20
3.56835
 30
0.0
 10
4.52969
 20
3.56835
 30
0.0
  0
SPLINE
  5
8E
330
1F
100
AcDbEntity
  8
Layer 1
370
    25
100
AcDbSpline
210
0.0
220
0.0
230
1.0
 70
    24
 71
     3
 72
   164
 73
   160
 74
     0
 42
0.000000001
 43
0.0000000001
 40
0.0
 40
0.0
 40
0.0
 40
0.0
 40
0.024390243902439
 40
0.024390243902439
 40
0.024390243902439
 40
0.024390253902439
 40
0.0487804878048781
 40
0.0487804878048781
 40
0.0487804878048781
 40
0.0487804978048781
 40
0.0731707317073171
 40
0.0731707317073171
 40
0.0731707317073171
 40
0.0731707417073171
 40
0.0975609756097561
 40
0.0975609756097561
 40
0.0975609756097561
 40
0.0975609856097561
 40
0.1219512195121951
 40
0.1219512195121951
 40
0.1219512195121951
 40
0.1219512295121951
 40
0.1463414634146341
 40
0.1463414634146341
 40
0.1463414634146341
 40
0.1463414734146341
 40
0.1707317073170732
 40
0.1707317073170732
 40
0.1707317073170732
 40
0.1707317173170732
 40
0.1951219512195122
 40
0.1951219512195122
 40
0.1951219512195122
 40
0.1951219612195122
 40
0.2195121951219512
 40
0.2195121951219512
 40
0.2195121951219512
 40
0.2195122051219512
 40
0.2439024390243902
 40
0.2439024390243902
 40
0.2439024390243902
 40
0.2439024490243902
 40
0.2682926829268293
 40
0.2682926829268293
 40
0.2682926829268293
 40
0.2682926929268293
 40
0.2926829268292683
 40
0.2926829268292683
 40
0.2926829268292683
 40
0.2926829368292683
 40
0.3170731707317073
 40
0.3170731707317073
 40
0.3170731707317073
 40
0.3170731807317073
 40
0.3414634146341464
 40
0.3414634146341464
 40
0.3414634146341464
 40
0.3414634246341464
 40
0.3658536585365854
 40
0.3658536585365854
 40
0.3658536585365854
 40
0.3658536685365854
 40
0.3902439024390244
 40
0.3902439024390244
 40
0.3902439024390244
 40
0.3902439124390244
 40
0.4146341463414634
 40
0.4146341463414634
 40
0.4146341463414634
 40
0.4146341563414634
 40
0.4390243902439024
 40
0.4390243902439024
 40
0.4390243902439024
 40
0.4390244002439024
 40
0.4634146341463415
 40
0.4634146341463415
 40
0.4634146341463415
 40
0.4634146441463415
 40
0.4878048780487805
 40
0.4878048780487805
 40
0.4878048780487805
 40
0.4878048880487805
 40
0.5121951219512195
 40
0.5121951219512195
 40
0.5121951219512195
 40
0.5121951319512196
 40
0.5365853658536586
 40
0.5365853658536586
 40
0.5365853658536586
 40
0.5365853758536586
 40
0.5609756097560976
 40
0.5609756097560976
 40
0.5609756097560976
 40
0.5609756197560977
 40
0.5853658536585366
 40
0.5853658536585366
 40
0.5853658536585366
 40
0.5853658636585366
 40
0.6097560975609756
 40
0.6097560975609756
 40
0.6097560975609756
 40
0.6097561075609756
 40
0.6341463414634146
 40
0.6341463414634146
 40
0.6341463414634146
 40
0.6341463514634147
 40
0.6585365853658537
 40
0.6585365853658537
 40
0.6585365853658537
 40
0.6585365953658537
 40
0.6829268292682927
 40
0.6829268292682927
 40
0.6829268292682927
 40
0.6829268392682928
 40
0.7073170731707317
 40
0.7073170731707317
 40
0.7073170731707317
 40
0.7073170831707317
 40
0.7317073170731707
 40
0.7317073170731707
 40
0.7317073170731707
 40
0.7317073270731708
 40
0.7560975609756098
 40
0.7560975609756098
 40
0.7560975609756098
 40
0.7560975709756098
 40
0.7804878048780488
 40
0.7804878048780488
 40
0.7804878048780488
 40
0.7804878148780489
 40
0.8048780487804879
 40
0.8048780487804879
 40
0.8048780487804879
 40
0.8048780587804879
 40
0.8292682926829268
 40
0.8292682926829268
 40
0.8292682926829268
 40
0.8292683026829268
 40
0.8536585365853658
 40
0.8536585365853658
 40
0.8536585365853658
 40
0.8536585465853659
 40
0.8780487804878049
 40
0.8780487804878049
 40
0.8780487804878049
 40
0.8780487904878049
 40
0.9024390243902439
 40
0.9024390243902439
 40
0.9024390243902439
 40
0.902439034390244
 40
0.926829268292683
 40
0.926829268292683
 40
0.926829268292683
 40
0.926829278292683
 40
0.9512195121951219
 40
0.9512195121951219
 40
0.9512195121951219
 40
0.951219522195122
 40
1.0
 40
1.0
 40
1.0
 40
1.0
 10
3.9088
 20
4.69724
 30
0.0
 10
3.9088
 20
4.69724
 30
0.0
 10
3.9088
 20
4.69371
 30
0.0
 10
3.9088
 20
4.69371
 30
0.0
 10
3.9088
 20
4.69371
 30
0.0
 10
3.9088
 20
4.69371
 30
0.0
 10
3.9088
 20
4.68665
 30
0.0
 10
3.9088
 20
4.68665
 30
0.0
 10
3.9088
 20
4.68665
 30
0.0
 10
3.9088
 20
4.68665
 30
0.0
 10
3.9088
 20
4.67607
 30
0.0
 10
3.9088
 20
4.67607
 30
0.0
 10
3.9088
 20
4.67607
 30
0.0
 10
3.9088
 20
4.67607
 30
0.0
 10
3.9088
 20
4.6549
 30
0.0
 10
3.9088
 20
4.6549
 30
0.0
 10
3.9088
 20
4.6549
 30
0.0
 10
3.9088
 20
4.6549
 30
0.0
 10
3.9088
 20
4.62668
 30
0.0
 10
3.9088
 20
4.62668
 30
0.0
 10
3.9088
 20
4.62668
 30
0.0
 10
3.9088
 20
4.62668
 30
0.0
 10
3.9088
 20
4.59493
 30
0.0
 10
3.9088
 20
4.59493
 30
0.0
 10
3.9088
 20
4.59493
 30
0.0
 10
3.9088
 20
4.59493
 30
0.0
 10
3.9088
 20
4.55612
 30
0.0
 10
3.9088
 20
4.55612
 30
0.0
 10
3.9088
 20
4.55612
 30
0.0
 10
3.9088
 20
4.55612
 30
0.0
 10
3.9088
 20
4.51026
 30
0.0
 10
3.9088
 20
4.51026
 30
0.0
 10
3.9088
 20
4.51026
 30
0.0
 10
3.9088
 20
4.51026
 30
0.0
 10
3.9088
 20
4.45735
 30
0.0
 10
3.9088
 20
4.45735
 30
0.0
 10
3.9088
 20
4.45735
 30
0.0
 10
3.9088
 20
4.45735
 30
0.0
 10
3.9088
 20
4.40443
 30
0.0
 10
3.9088
 20
4.40443
 30
0.0
 10
3.9088
 20
4.40443
 30
0.0
 10
3.9088
 20
4.40443
 30
0.0
 10
3.9088
 20
4.34093
 30
0.0
 10
3.9088
 20
4.34093
 30
0.0
 10
3.9088
 20
4.34093
 30
0.0
 10
3.9088
 20
4.34093
 30
0.0
 10
3.9088
 20
4.27743
 30
0.0
 10
3.9088
 20
4.27743
 30
0.0
 10
3.9088
 20
4.27743
 30
0.0
 10
3.9088
 20
4.27743
 30
0.0
 10
3.9088
 20
4.20687
 30
0.0
 10
3.9088
 20
4.20687
 30
0.0
 10
3.9088
 20
4.20687
 30
0.0
 10
3.9088
 20
4.20687
 30
0.0
 10
3.9088
 20
4.13279
 30
0.0
 10
3.9088
 20
4.13279
 30
0.0
 10
3.9088
 20
4.13279
 30
0.0
 10
3.9088
 20
4.13279
 30
0.0
 10
3.9088
 20
4.05871
 30
0.0
 10
3.9088
 20
4.05871
 30
0.0
 10
3.9088
 20
4.05871
 30
0.0
 10
3.9088
 20
4.05871
 30
0.0
 10
3.9088
 20
3.97757
 30
0.0
 10
3.9088
 20
3.97757
 30
0.0
 10
3.9088
 20
3.97757
 30
0.0
 10
3.9088
 20
3.97757
 30
0.0
 10
3.9088
 20
3.89643
 30
0.0
 10
3.9088
 20
3.89643
 30
0.0
 10
3.9088
 20
3.89643
 30
0.0
 10
3.9088
 20
3.89643
 30
0.0
 10
3.9088
 20
3.81529
 30
0.0
 10
3.9088
 20
3.81529
 30
0.0
 10
3.9088
 20
3.81529
 30
0.0
 10
3.9088
 20
3.81529
 30
0.0
 10
3.9088
 20
3.73062
 30
0.0
 10
3.9088
 20
3.73062
 30
0.0
 10
3.9088
 20
3.73062
 30
0.0
 10
3.9088
 20
3.73062
 30
0.0
 10
3.9088
 20
3.64596
 30
0.0
 10
3.9088
 20
3.64596
 30
0.0
 10
3.9088
 20
3.64596
 30
0.0
 10
3.9088
 20
3.64596
 30
0.0
 10
3.9088
 20
3.56129
 30
0.0
 10
3.9088
 20
3.56129
 30
0.0
 10
3.9088
 20
3.56129
 30
0.0
 10
3.9088
 20
3.56129
 30
0.0
 10
3.9088
 20
3.47662
 30
0.0
 10
3.9088
 20
3.47662
 30
0.0
 10
3.9088
 20
3.47662
 30
0.0
 10
3.9088
 20
3.47662
 30
0.0
 10
3.9088
 20
3.39549
 30
0.0
 10
3.9088
 20
3.39549
 30
0.0
 10
3.9088
 20
3.39549
 30
0.0
 10
3.9088
 20
3.39549
 30
0.0
 10
3.9088
 20
3.31435
 30
0.0
 10
3.9088
 20
3.31435
 30
0.0
 10
3.9088
 20
3.31435
 30
0.0
 10
3.9088
 20
3.31435
 30
0.0
 10
3.9088
 20
3.23321
 30
0.0
 10
3.9088
 20
3.23321
 30
0.0
 10
3.9088
 20
3.23321
 30
0.0
 10
3.9088
 20
3.23321
 30
0.0
 10
3.9088
 20
3.15912
 30
0.0
 10
3.9088
 20
3.15912
 30
0.0
 10
3.9088
 20
3.15912
 30
0.0
 10
3.9088
 20
3.15912
 30
0.0
 10
3.9088
 20
3.08504
 30
0.0
 10
3.9088
 20
3.08504
 30
0.0
 10
3.9088
 20
3.08504
 30
0.0
 10
3.9088
 20
3.08504
 30
0.0
 10
3.9088
 20
3.01449
 30
0.0
 10
3.9088
 20
3.01449
 30
0.0
 10
3.9088
 20
3.01449
 30
0.0
 10
3.9088
 20
3.01449
 30
0.0
 10
3.9088
 20
2.95099
 30
0.0
 10
3.9088
 20
2.95099
 30
0.0
 10
3.9088
 20
2.95099
 30
0.0
 10
3.9088
 20
2.95099
 30
0.0
 10
3.9088
 20
2.88749
 30
0.0
 10
3.9088
 20
2.88749
 30
0.0
 10
3.9088
 20
2.88749
 30
0.0
 10
3.9088
 20
2.88749
 30
0.0
 10
3.9088
 20
2.83104
 30
0.0
 10
3.9088
 20
2.83104
 30
0.0
 10
3.9088
 20
2.83104
 30
0.0
 10
3.9088
 20
2.83104
 30
0.0
 10
3.9088
 20
2.78165
 30
0.0
 10
3.9088
 20
2.78165
 30
0.0
 10
3.9088
 20
2.78165
 30
0.0
 10
3.9088
 20
2.78165
 30
0.0
 10
3.9088
 20
2.73579
 30
0.0
 10
3.9088
 20
2.73579
 30
0.0
 10
3.9088
 20
2.73579
 30
0.0
 10
3.9088
 20
2.73579
 30
0.0
 10
3.9088
 20
2.69699
 30
0.0
 10
3.9088
 20
2.69699
 30
0.0
 10
3.9088
 20
2.69699
 30
0.0
 10
3.9088
 20
2.69699
 30
0.0
 10
3.9088
 20
2.66524
 30
0.0
 10
3.9088
 20
2.66524
 30
0.0
 10
3.9088
 20
2.66524
 30
0.0
 10
3.9088
 20
2.66524
 30
0.0
 10
3.9088
 20
2.63701
 30
0.0
 10
3.9088
 20
2.63701
 30
0.0
 10
3.9088
 20
2.63701
 30
0.0
 10
3.9088
 20
2.63701
 30
0.0
 10
3.9088
 20
2.61585
 30
0.0
 10
3.9088
 20
2.61585
 30
0.0
 10
3.9088
 20
2.61585
 30
0.0
 10
3.9088
 20
2.61585
 30
0.0
 10
3.9088
 20
2.60174
 30
0.0
 10
3.9088
 20
2.60174
 30
0.0
 10
3.9088
 20
2.60174
 30
0.0
 10
3.9088
 20
2.60174
 30
0.0
 10
3.9088
 20
2.59821
 30
0.0
 10
3.9088
 20
2.59821
 30
0.0
 10
3.9088
 20
2.59821
 30
0.0
 10
3.9088
 20
2.59821
 30
0.0
 10
3.9088
 20
2.59468
 30
0.0
 10
3.9088
 20
2.59468
 30
0.0
  0
SPLINE
  5
8F
330
1F
100
AcDbEntity
  8
Layer 1
 62
   250
370
    20
100
AcDbSpline
210
0.0
220
0.0
230
1.0
 70
    11
 71
     3
 72
   316
 73
   312
 74
     0
 42
0.000000001
 43
0.0000000001
 40
0.0
 40
0.0
 40
0.0
 40
0.0
 40
0.0126582278481013
 40
0.0126582278481013
 40
0.0126582278481013
 40
0.0126582378481013
 40
0.0253164556962025
 40
0.0253164556962025
 40
0.0253164556962025
 40
0.0253164656962025
 40
0.0379746835443038
 40
0.0379746835443038
 40
0.0379746835443038
 40
0.0379746935443038
 40
0.0506329113924051
 40
0.0506329113924051
 40
0.0506329113924051
 40
0.0506329213924051
 40
0.0632911392405063
 40
0.0632911392405063
 40
0.0632911392405063
 40
0.0632911492405063
 40
0.0759493670886076
 40
0.0759493670886076
 40
0.0759493670886076
 40
0.0759493770886076
 40
0.0886075949367089
 40
0.0886075949367089
 40
0.0886075949367089
 40
0.0886076049367089
 40
0.1012658227848101
 40
0.1012658227848101
 40
0.1012658227848101
 40
0.1012658327848101
 40
0.1139240506329114
 40
0.1139240506329114
 40
0.1139240506329114
 40
0.1139240606329114
 40
0.1265822784810127
 40
0.1265822784810127
 40
0.1265822784810127
 40
0.1265822884810127
 40
0.1392405063291139
 40
0.1392405063291139
 40
0.1392405063291139
 40
0.1392405163291139
 40
0.1518987341772152
 40
0.1518987341772152
 40
0.1518987341772152
 40
0.1518987441772152
 40
0.1645569620253164
 40
0.1645569620253164
 40
0.1645569620253164
 40
0.1645569720253164
 40
0.1772151898734177
 40
0.1772151898734177
 40
0.1772151898734177
 40
0.1772151998734177
 40
0.189873417721519
 40
0.189873417721519
 40
0.189873417721519
 40
0.189873427721519
 40
0.2025316455696203
 40
0.2025316455696203
 40
0.2025316455696203
 40
0.2025316555696202
 40
0.2151898734177215
 40
0.2151898734177215
 40
0.2151898734177215
 40
0.2151898834177215
 40
0.2278481012658228
 40
0.2278481012658228
 40
0.2278481012658228
 40
0.2278481112658228
 40
0.2405063291139241
 40
0.2405063291139241
 40
0.2405063291139241
 40
0.2405063391139241
 40
0.2531645569620253
 40
0.2531645569620253
 40
0.2531645569620253
 40
0.2531645669620253
 40
0.2658227848101266
 40
0.2658227848101266
 40
0.2658227848101266
 40
0.2658227948101266
 40
0.2784810126582278
 40
0.2784810126582278
 40
0.2784810126582278
 40
0.2784810226582278
 40
0.2911392405063291
 40
0.2911392405063291
 40
0.2911392405063291
 40
0.2911392505063291
 40
0.3037974683544304
 40
0.3037974683544304
 40
0.3037974683544304
 40
0.3037974783544304
 40
0.3164556962025317
 40
0.3164556962025317
 40
0.3164556962025317
 40
0.3164557062025317
 40
0.3291139240506329
 40
0.3291139240506329
 40
0.3291139240506329
 40
0.3291139340506329
 40
0.3417721518987342
 40
0.3417721518987342
 40
0.3417721518987342
 40
0.3417721618987342
 40
0.3544303797468354
 40
0.3544303797468354
 40
0.3544303797468354
 40
0.3544303897468354
 40
0.3670886075949367
 40
0.3670886075949367
 40
0.3670886075949367
 40
0.3670886175949367
 40
0.379746835443038
 40
0.379746835443038
 40
0.379746835443038
 40
0.379746845443038
 40
0.3924050632911392
 40
0.3924050632911392
 40
0.3924050632911392
 40
0.3924050732911392
 40
0.4050632911392405
 40
0.4050632911392405
 40
0.4050632911392405
 40
0.4050633011392405
 40
0.4177215189873418
 40
0.4177215189873418
 40
0.4177215189873418
 40
0.4177215289873418
 40
0.4303797468354431
 40
0.4303797468354431
 40
0.4303797468354431
 40
0.4303797568354431
 40
0.4430379746835443
 40
0.4430379746835443
 40
0.4430379746835443
 40
0.4430379846835443
 40
0.4556962025316456
 40
0.4556962025316456
 40
0.4556962025316456
 40
0.4556962125316456
 40
0.4683544303797468
 40
0.4683544303797468
 40
0.4683544303797468
 40
0.4683544403797468
 40
0.4810126582278481
 40
0.4810126582278481
 40
0.4810126582278481
 40
0.4810126682278481
 40
0.4936708860759494
 40
0.4936708860759494
 40
0.4936708860759494
 40
0.4936708960759494
 40
0.5063291139240507
 40
0.5063291139240507
 40
0.5063291139240507
 40
0.5063291239240507
 40
0.5189873417721519
 40
0.5189873417721519
 40
0.5189873417721519
 40
0.5189873517721519
 40
0.5316455696202531
 40
0.5316455696202531
 40
0.5316455696202531
 40
0.5316455796202532
 40
0.5443037974683544
 40
0.5443037974683544
 40
0.5443037974683544
 40
0.5443038074683545
 40
0.5569620253164557
 40
0.5569620253164557
 40
0.5569620253164557
 40
0.5569620353164557
 40
0.569620253164557
 40
0.569620253164557
 40
0.569620253164557
 40
0.569620263164557
 40
0.5822784810126582
 40
0.5822784810126582
 40
0.5822784810126582
 40
0.5822784910126583
 40
0.5949367088607594
 40
0.5949367088607594
 40
0.5949367088607594
 40
0.5949367188607595
 40
0.6075949367088608
 40
0.6075949367088608
 40
0.6075949367088608
 40
0.6075949467088608
 40
0.620253164556962
 40
0.620253164556962
 40
0.620253164556962
 40
0.620253174556962
 40
0.6329113924050633
 40
0.6329113924050633
 40
0.6329113924050633
 40
0.6329114024050634
 40
0.6455696202531646
 40
0.6455696202531646
 40
0.6455696202531646
 40
0.6455696302531646
 40
0.6582278481012658
 40
0.6582278481012658
 40
0.6582278481012658
 40
0.6582278581012658
 40
0.6708860759493671
 40
0.6708860759493671
 40
0.6708860759493671
 40
0.6708860859493672
 40
0.6835443037974683
 40
0.6835443037974683
 40
0.6835443037974683
 40
0.6835443137974684
 40
0.6962025316455697
 40
0.6962025316455697
 40
0.6962025316455697
 40
0.6962025416455697
 40
0.7088607594936709
 40
0.7088607594936709
 40
0.7088607594936709
 40
0.7088607694936709
 40
0.7215189873417721
 40
0.7215189873417721
 40
0.7215189873417721
 40
0.7215189973417722
 40
0.7341772151898734
 40
0.7341772151898734
 40
0.7341772151898734
 40
0.7341772251898735
 40
0.7468354430379747
 40
0.7468354430379747
 40
0.7468354430379747
 40
0.7468354530379747
 40
0.759493670886076
 40
0.759493670886076
 40
0.759493670886076
 40
0.759493680886076
 40
0.7721518987341772
 40
0.7721518987341772
 40
0.7721518987341772
 40
0.7721519087341773
 40
0.7848101265822784
 40
0.7848101265822784
 40
0.7848101265822784
 40
0.7848101365822785
 40
0.7974683544303798
 40
0.7974683544303798
 40
0.7974683544303798
 40
0.7974683644303798
 40
0.810126582278481
 40
0.810126582278481
 40
0.810126582278481
 40
0.810126592278481
 40
0.8227848101265823
 40
0.8227848101265823
 40
0.8227848101265823
 40
0.8227848201265824
 40
0.8354430379746836
 40
0.8354430379746836
 40
0.8354430379746836
 40
0.8354430479746836
 40
0.8481012658227848
 40
0.8481012658227848
 40
0.8481012658227848
 40
0.8481012758227848
 40
0.8607594936708861
 40
0.8607594936708861
 40
0.8607594936708861
 40
0.8607595036708862
 40
0.8734177215189873
 40
0.8734177215189873
 40
0.8734177215189873
 40
0.8734177315189874
 40
0.8860759493670886
 40
0.8860759493670886
 40
0.8860759493670886
 40
0.8860759593670886
 40
0.8987341772151899
 40
0.8987341772151899
 40
0.8987341772151899
 40
0.8987341872151899
 40
0.9113924050632911
 40
0.9113924050632911
 40
0.9113924050632911
 40
0.9113924150632912
 40
0.9240506329113924
 40
0.9240506329113924
 40
0.9240506329113924
 40
0.9240506429113925
 40
0.9367088607594937
 40
0.9367088607594937
 40
0.9367088607594937
 40
0.9367088707594937
 40
0.9493670886075949
 40
0.9493670886075949
 40
0.9493670886075949
 40
0.9493670986075949
 40
0.9620253164556962
 40
0.9620253164556962
 40
0.9620253164556962
 40
0.9620253264556963
 40
0.9746835443037974
 40
0.9746835443037974
 40
0.9746835443037974
 40
0.9746835543037975
 40
1.0
 40
1.0
 40
1.0
 40
1.0
 10
-5.13996
 20
3.64419
 30
0.0
 10
-5.13996
 20
3.64419
 30
0.0
 10
-5.13643
 20
3.72885
 30
0.0
 10
-5.13643
 20
3.72885
 30
0.0
 10
-5.13643
 20
3.72885
 30
0.0
 10
-5.13643
 20
3.72885
 30
0.0
 10
-5.12585
 20
3.81352
 30
0.0
 10
-5.12585
 20
3.81352
 30
0.0
 10
-5.12585
 20
3.81352
 30
0.0
 10
-5.12585
 20
3.81352
 30
0.0
 10
-5.10821
 20
3.89466
 30
0.0
 10
-5.10821
 20
3.89466
 30
0.0
 10
-5.10821
 20
3.89466
 30
0.0
 10
-5.10821
 20
3.89466
 30
0.0
 10
-5.08705
 20
3.9758
 30
0.0
 10
-5.08705
 20
3.9758
 30
0.0
 10
-5.08705
 20
3.9758
 30
0.0
 10
-5.08705
 20
3.9758
 30
0.0
 10
-5.0553
 20
4.05694
 30
0.0
 10
-5.0553
 20
4.05694
 30
0.0
 10
-5.0553
 20
4.05694
 30
0.0
 10
-5.0553
 20
4.05694
 30
0.0
 10
-5.02002
 20
4.13102
 30
0.0
 10
-5.02002
 20
4.13102
 30
0.0
 10
-5.02002
 20
4.13102
 30
0.0
 10
-5.02002
 20
4.13102
 30
0.0
 10
-4.97768
 20
4.2051
 30
0.0
 10
-4.97768
 20
4.2051
 30
0.0
 10
-4.97768
 20
4.2051
 30
0.0
 10
-4.97768
 20
4.2051
 30
0.0
 10
-4.9283
 20
4.27566
 30
0.0
 10
-4.9283
 20
4.27566
 30
0.0
 10
-4.9283
 20
4.27566
 30
0.0
 10
-4.9283
 20
4.27566
 30
0.0
 10
-4.87538
 20
4.33916
 30
0.0
 10
-4.87538
 20
4.33916
 30
0.0
 10
-4.87538
 20
4.33916
 30
0.0
 10
-4.87538
 20
4.33916
 30
0.0
 10
-4.81541
 20
4.40266
 30
0.0
 10
-4.81541
 20
4.40266
 30
0.0
 10
-4.81541
 20
4.40266
 30
0.0
 10
-4.81541
 20
4.40266
 30
0.0
 10
-4.75191
 20
4.45558
 30
0.0
 10
-4.75191
 20
4.45558
 30
0.0
 10
-4.75191
 20
4.45558
 30
0.0
 10
-4.75191
 20
4.45558
 30
0.0
 10
-4.68488
 20
4.50849
 30
0.0
 10
-4.68488
 20
4.50849
 30
0.0
 10
-4.68488
 20
4.50849
 30
0.0
 10
-4.68488
 20
4.50849
 30
0.0
 10
-4.61432
 20
4.55435
 30
0.0
 10
-4.61432
 20
4.55435
 30
0.0
 10
-4.61432
 20
4.55435
 30
0.0
 10
-4.61432
 20
4.55435
 30
0.0
 10
-4.54024
 20
4.59316
 30
0.0
 10
-4.54024
 20
4.59316
 30
0.0
 10
-4.54024
 20
4.59316
 30
0.0
 10
-4.54024
 20
4.59316
 30
0.0
 10
-4.46263
 20
4.62491
 30
0.0
 10
-4.46263
 20
4.62491
 30
0.0
 10
-4.46263
 20
4.62491
 30
0.0
 10
-4.46263
 20
4.62491
 30
0.0
 10
-4.38149
 20
4.65313
 30
0.0
 10
-4.38149
 20
4.65313
 30
0.0
 10
-4.38149
 20
4.65313
 30
0.0
 10
-4.38149
 20
4.65313
 30
0.0
 10
-4.30035
 20
4.6743
 30
0.0
 10
-4.30035
 20
4.6743
 30
0.0
 10
-4.30035
 20
4.6743
 30
0.0
 10
-4.30035
 20
4.6743
 30
0.0
 10
-4.21568
 20
4.68488
 30
0.0
 10
-4.21568
 20
4.68488
 30
0.0
 10
-4.21568
 20
4.68488
 30
0.0
 10
-4.21568
 20
4.68488
 30
0.0
 10
-4.13102
 20
4.69194
 30
0.0
 10
-4.13102
 20
4.69194
 30
0.0
 10
-4.13102
 20
4.69194
 30
0.0
 10
-4.13102
 20
4.69194
 30
0.0
 10
-4.04635
 20
4.69194
 30
0.0
 10
-4.04635
 20
4.69194
 30
0.0
 10
-4.04635
 20
4.69194
 30
0.0
 10
-4.04635
 20
4.69194
 30
0.0
 10
-3.96168
 20
4.68488
 30
0.0
 10
-3.96168
 20
4.68488
 30
0.0
 10
-3.96168
 20
4.68488
 30
0.0
 10
-3.96168
 20
4.68488
 30
0.0
 10
-3.88055
 20
4.6743
 30
0.0
 10
-3.88055
 20
4.6743
 30
0.0
 10
-3.88055
 20
4.6743
 30
0.0
 10
-3.88055
 20
4.6743
 30
0.0
 10
-3.79588
 20
4.65313
 30
0.0
 10
-3.79588
 20
4.65313
 30
0.0
 10
-3.79588
 20
4.65313
 30
0.0
 10
-3.79588
 20
4.65313
 30
0.0
 10
-3.71827
 20
4.62491
 30
0.0
 10
-3.71827
 20
4.62491
 30
0.0
 10
-3.71827
 20
4.62491
 30
0.0
 10
-3.71827
 20
4.62491
 30
0.0
 10
-3.64066
 20
4.59316
 30
0.0
 10
-3.64066
 20
4.59316
 30
0.0
 10
-3.64066
 20
4.59316
 30
0.0
 10
-3.64066
 20
4.59316
 30
0.0
 10
-3.56305
 20
4.55435
 30
0.0
 10
-3.56305
 20
4.55435
 30
0.0
 10
-3.56305
 20
4.55435
 30
0.0
 10
-3.56305
 20
4.55435
 30
0.0
 10
-3.49249
 20
4.50849
 30
0.0
 10
-3.49249
 20
4.50849
 30
0.0
 10
-3.49249
 20
4.50849
 30
0.0
 10
-3.49249
 20
4.50849
 30
0.0
 10
-3.42546
 20
4.45558
 30
0.0
 10
-3.42546
 20
4.45558
 30
0.0
 10
-3.42546
 20
4.45558
 30
0.0
 10
-3.42546
 20
4.45558
 30
0.0
 10
-3.36196
 20
4.40266
 30
0.0
 10
-3.36196
 20
4.40266
 30
0.0
 10
-3.36196
 20
4.40266
 30
0.0
 10
-3.36196
 20
4.40266
 30
0.0
 10
-3.30199
 20
4.33916
 30
0.0
 10
-3.30199
 20
4.33916
 30
0.0
 10
-3.30199
 20
4.33916
 30
0.0
 10
-3.30199
 20
4.33916
 30
0.0
 10
-3.24907
 20
4.27566
 30
0.0
 10
-3.24907
 20
4.27566
 30
0.0
 10
-3.24907
 20
4.27566
 30
0.0
 10
-3.24907
 20
4.27566
 30
0.0
 10
-3.20321
 20
4.2051
 30
0.0
 10
-3.20321
 20
4.2051
 30
0.0
 10
-3.20321
 20
4.2051
 30
0.0
 10
-3.20321
 20
4.2051
 30
0.0
 10
-3.16088
 20
4.13102
 30
0.0
 10
-3.16088
 20
4.13102
 30
0.0
 10
-3.16088
 20
4.13102
 30
0.0
 10
-3.16088
 20
4.13102
 30
0.0
 10
-3.12207
 20
4.05694
 30
0.0
 10
-3.12207
 20
4.05694
 30
0.0
 10
-3.12207
 20
4.05694
 30
0.0
 10
-3.12207
 20
4.05694
 30
0.0
 10
-3.09385
 20
3.9758
 30
0.0
 10
-3.09385
 20
3.9758
 30
0.0
 10
-3.09385
 20
3.9758
 30
0.0
 10
-3.09385
 20
3.9758
 30
0.0
 10
-3.06916
 20
3.89466
 30
0.0
 10
-3.06916
 20
3.89466
 30
0.0
 10
-3.06916
 20
3.89466
 30
0.0
 10
-3.06916
 20
3.89466
 30
0.0
 10
-3.05152
 20
3.81352
 30
0.0
 10
-3.05152
 20
3.81352
 30
0.0
 10
-3.05152
 20
3.81352
 30
0.0
 10
-3.05152
 20
3.81352
 30
0.0
 10
-3.04446
 20
3.72885
 30
0.0
 10
-3.04446
 20
3.72885
 30
0.0
 10
-3.04446
 20
3.72885
 30
0.0
 10
-3.04446
 20
3.72885
 30
0.0
 10
-3.04093
 20
3.64419
 30
0.0
 10
-3.04093
 20
3.64419
 30
0.0
 10
-3.04093
 20
3.64419
 30
0.0
 10
-3.04093
 20
3.64419
 30
0.0
 10
-3.04446
 20
3.55952
 30
0.0
 10
-3.04446
 20
3.55952
 30
0.0
 10
-3.04446
 20
3.55952
 30
0.0
 10
-3.04446
 20
3.55952
 30
0.0
 10
-3.05152
 20
3.47485
 30
0.0
 10
-3.05152
 20
3.47485
 30
0.0
 10
-3.05152
 20
3.47485
 30
0.0
 10
-3.05152
 20
3.47485
 30
0.0
 10
-3.06916
 20
3.39372
 30
0.0
 10
-3.06916
 20
3.39372
 30
0.0
 10
-3.06916
 20
3.39372
 30
0.0
 10
-3.06916
 20
3.39372
 30
0.0
 10
-3.09385
 20
3.31258
 30
0.0
 10
-3.09385
 20
3.31258
 30
0.0
 10
-3.09385
 20
3.31258
 30
0.0
 10
-3.09385
 20
3.31258
 30
0.0
 10
-3.12207
 20
3.23144
 30
0.0
 10
-3.12207
 20
3.23144
 30
0.0
 10
-3.12207
 20
3.23144
 30
0.0
 10
-3.12207
 20
3.23144
 30
0.0
 10
-3.16088
 20
3.15735
 30
0.0
 10
-3.16088
 20
3.15735
 30
0.0
 10
-3.16088
 20
3.15735
 30
0.0
 10
-3.16088
 20
3.15735
 30
0.0
 10
-3.20321
 20
3.08327
 30
0.0
 10
-3.20321
 20
3.08327
 30
0.0
 10
-3.20321
 20
3.08327
 30
0.0
 10
-3.20321
 20
3.08327
 30
0.0
 10
-3.24907
 20
3.01272
 30
0.0
 10
-3.24907
 20
3.01272
 30
0.0
 10
-3.24907
 20
3.01272
 30
0.0
 10
-3.24907
 20
3.01272
 30
0.0
 10
-3.30199
 20
2.94922
 30
0.0
 10
-3.30199
 20
2.94922
 30
0.0
 10
-3.30199
 20
2.94922
 30
0.0
 10
-3.30199
 20
2.94922
 30
0.0
 10
-3.36196
 20
2.88572
 30
0.0
 10
-3.36196
 20
2.88572
 30
0.0
 10
-3.36196
 20
2.88572
 30
0.0
 10
-3.36196
 20
2.88572
 30
0.0
 10
-3.42546
 20
2.82927
 30
0.0
 10
-3.42546
 20
2.82927
 30
0.0
 10
-3.42546
 20
2.82927
 30
0.0
 10
-3.42546
 20
2.82927
 30
0.0
 10
-3.49249
 20
2.77988
 30
0.0
 10
-3.49249
 20
2.77988
 30
0.0
 10
-3.49249
 20
2.77988
 30
0.0
 10
-3.49249
 20
2.77988
 30
0.0
 10
-3.56305
 20
2.73402
 30
0.0
 10
-3.56305
 20
2.73402
 30
0.0
 10
-3.56305
 20
2.73402
 30
0.0
 10
-3.56305
 20
2.73402
 30
0.0
 10
-3.64066
 20
2.69522
 30
0.0
 10
-3.64066
 20
2.69522
 30
0.0
 10
-3.64066
 20
2.69522
 30
0.0
 10
-3.64066
 20
2.69522
 30
0.0
 10
-3.71827
 20
2.66347
 30
0.0
 10
-3.71827
 20
2.66347
 30
0.0
 10
-3.71827
 20
2.66347
 30
0.0
 10
-3.71827
 20
2.66347
 30
0.0
 10
-3.79588
 20
2.63524
 30
0.0
 10
-3.79588
 20
2.63524
 30
0.0
 10
-3.79588
 20
2.63524
 30
0.0
 10
-3.79588
 20
2.63524
 30
0.0
 10
-3.88055
 20
2.61408
 30
0.0
 10
-3.88055
 20
2.61408
 30
0.0
 10
-3.88055
 20
2.61408
 30
0.0
 10
-3.88055
 20
2.61408
 30
0.0
 10
-3.96168
 20
2.59997
 30
0.0
 10
-3.96168
 20
2.59997
 30
0.0
 10
-3.96168
 20
2.59997
 30
0.0
 10
-3.96168
 20
2.59997
 30
0.0
 10
-4.04635
 20
2.59644
 30
0.0
 10
-4.04635
 20
2.59644
 30
0.0
 10
-4.04635
 20
2.59644
 30
0.0
 10
-4.04635
 20
2.59644
 30
0.0
 10
-4.13102
 20
2.59644
 30
0.0
 10
-4.13102
 20
2.59644
 30
0.0
 10
-4.13102
 20
2.59644
 30
0.0
 10
-4.13102
 20
2.59644
 30
0.0
 10
-4.21568
 20
2.59997
 30
0.0
 10
-4.21568
 20
2.59997
 30
0.0
 10
-4.21568
 20
2.59997
 30
0.0
 10
-4.21568
 20
2.59997
 30
0.0
 10
-4.30035
 20
2.61408
 30
0.0
 10
-4.30035
 20
2.61408
 30
0.0
 10
-4.30035
 20
2.61408
 30
0.0
 10
-4.30035
 20
2.61408
 30
0.0
 10
-4.38149
 20
2.63524
 30
0.0
 10
-4.38149
 20
2.63524
 30
0.0
 10
-4.38149
 20
2.63524
 30
0.0
 10
-4.38149
 20
2.63524
 30
0.0
 10
-4.46263
 20
2.66347
 30
0.0
 10
-4.46263
 20
2.66347
 30
0.0
 10
-4.46263
 20
2.66347
 30
0.0
 10
-4.46263
 20
2.66347
 30
0.0
 10
-4.54024
 20
2.69522
 30
0.0
 10
-4.54024
 20
2.69522
 30
0.0
 10
-4.54024
 20
2.69522
 30
0.0
 10
-4.54024
 20
2.69522
 30
0.0
 10
-4.61432
 20
2.73402
 30
0.0
 10
-4.61432
 20
2.73402
 30
0.0
 10
-4.61432
 20
2.73402
 30
0.0
 10
-4.61432
 20
2.73402
 30
0.0
 10
-4.68488
 20
2.77988
 30
0.0
 10
-4.68488
 20
2.77988
 30
0.0
 10
-4.68488
 20
2.77988
 30
0.0
 10
-4.68488
 20
2.77988
 30
0.0
 10
-4.75191
 20
2.82927
 30
0.0
 10
-4.75191
 20
2.82927
 30
0.0
 10
-4.75191
 20
2.82927
 30
0.0
 10
-4.75191
 20
2.82927
 30
0.0
 10
-4.81541
 20
2.88572
 30
0.0
 10
-4.81541
 20
2.88572
 30
0.0
 10
-4.81541
 20
2.88572
 30
0.0
 10
-4.81541
 20
2.88572
 30
0.0
 10
-4.87538
 20
2.94922
 30
0.0
 10
-4.87538
 20
2.94922
 30
0.0
 10
-4.87538
 20
2.94922
 30
0.0
 10
-4.87538
 20
2.94922
 30
0.0
 10
-4.9283
 20
3.01272
 30
0.0
 10
-4.9283
 20
3.01272
 30
0.0
 10
-4.9283
 20
3.01272
 30
0.0
 10
-4.9283
 20
3.01272
 30
0.0
 10
-4.97768
 20
3.08327
 30
0.0
 10
-4.97768
 20
3.08327
 30
0.0
 10
-4.97768
 20
3.08327
 30
0.0
 10
-4.97768
 20
3.08327
 30
0.0
 10
-5.02002
 20
3.15735
 30
0.0
 10
-5.02002
 20
3.15735
 30
0.0
 10
-5.02002
 20
3.15735
 30
0.0
 10
-5.02002
 20
3.15735
 30
0.0
 10
-5.0553
 20
3.23144
 30
0.0
 10
-5.0553
 20
3.23144
 30
0.0
 10
-5.0553
 20
3.23144
 30
0.0
 10
-5.0553
 20
3.23144
 30
0.0
 10
-5.08705
 20
3.31258
 30
0.0
 10
-5.08705
 20
3.31258
 30
0.0
 10
-5.08705
 20
3.31258
 30
0.0
 10
-5.08705
 20
3.31258
 30
0.0
 10
-5.10821
 20
3.39372
 30
0.0
 10
-5.10821
 20
3.39372
 30
0.0
 10
-5.10821
 20
3.39372
 30
0.0
 10
-5.10821
 20
3.39372
 30
0.0
 10
-5.12585
 20
3.47485
 30
0.0
 10
-5.12585
 20
3.47485
 30
0.0
 10
-5.12585
 20
3.47485
 30
0.0
 10
-5.12585
 20
3.47485
 30
0.0
 10
-5.13643
 20
3.55952
 30
0.0
 10
-5.13643
 20
3.55952
 30
0.0
 10
-5.13643
 20
3.55952
 30
0.0
 10
-5.13643
 20
3.55952
 30
0.0
 10
-5.13996
 20
3.64419
 30
0.0
 10
-5.13996
 20
3.64419
 30
0.0
  0
SPLINE
  5
90
330
1F
100
AcDbEntity
  8
Layer 1
 62
   250
370
    20
100
AcDbSpline
210
0.0
220
0.0
230
1.0
 70
    24
 71
     3
 72
     8
 73
     4
 74
     0
 42
0.000000001
 43
0.0000000001
 40
0.0
 40
0.0
 40
0.0
 40
0.0
 40
1.0
 40
1.0
 40
1.0
 40
1.0
 10
-2.34949
 20
1.86266
 30
0.0
 10
-2.34949
 20
1.86266
 30
0.0
 10
-2.22955
 20
1.86266
 30
0.0
 10
-2.22955
 20
1.86266
 30
0.0
  0
SPLINE
  5
91
330
1F
100
AcDbEntity
  8
Layer 1
 62
   250
370
    20
100
AcDbSpline
210
0.0
220
0.0
230
1.0
 70
    24
 71
     3
 72
    12
 73
     8
 74
     0
 42
0.000000001
 43
0.0000000001
 40
0.0
 40
0.0
 40
0.0
 40
0.0
 40
0.3333333333333333
 40
0.3333333333333333
 40
0.3333333333333333
 40
0.3333333433333333
 40
1.0
 40
1.0
 40
1.0
 40
1.0
 10
-2.22955
 20
1.86266
 30
0.0
 10
-2.22955
 20
1.86266
 30
0.0
 10
-2.22249
 20
1.86266
 30
0.0
 10
-2.22249
 20
1.86266
 30
0.0
 10
-2.22249
 20
1.86266
 30
0.0
 10
-2.22249
 20
1.86266
 30
0.0
 10
-2.21896
 20
1.86266
 30
0.0
 10
-2.21896
 20
1.86266
 30
0.0
  0
SPLINE
  5
92
330
1F
100
AcDbEntity
  8
Layer 1
 62
   250
370
    20
100
AcDbSpline
210
0.0
220
0.0
230
1.0
 70
    24
 71
     3
 72
     8
 73
     4
 74
     0
 42
0.000000001
 43
0.0000000001
 40
0.0
 40
0.0
 40
0.0
 40
0.0
 40
1.0
 40
1.0
 40
1.0
 40
1.0
 10
-5.96193
 20
1.86266
 30
0.0
 10
-5.96193
 20
1.86266
 30
0.0
 10
-5.95488
 20
1.86266
 30
0.0
 10
-5.95488
 20
1.86266
 30
0.0
  0
SPLINE
  5
93
330
1F
100
AcDbEntity
  8
Layer 1
 62
   250
370
    20
100
AcDbSpline
210
0.0
220
0.0
230
1.0
 70
    24
 71
     3
 72
     8
 73
     4
 74
     0
 42
0.000000001
 43
0.0000000001
 40
0.0
 40
0.0
 40
0.0
 40
0.0
 40
1.0
 40
1.0
 40
1.0
 40
1.0
 10
-5.99016
 20
1.91558
 30
0.0
 10
-5.99016
 20
1.91558
 30
0.0
 10
-5.99016
 20
5.3728
 30
0.0
 10
-5.99016
 20
5.3728
 30
0.0
  0
SPLINE
  5
94
330
1F
100
AcDbEntity
  8
Layer 1
 62
   250
370
    20
100
AcDbSpline
210
0.0
220
0.0
230
1.0
 70
    24
 71
     3
 72
    36
 73
    32
 74
     0
 42
0.000000001
 43
0.0000000001
 40
0.0
 40
0.0
 40
0.0
 40
0.0
 40
0.1111111111111111
 40
0.1111111111111111
 40
0.1111111111111111
 40
0.1111111211111111
 40
0.2222222222222222
 40
0.2222222222222222
 40
0.2222222222222222
 40
0.2222222322222222
 40
0.3333333333333333
 40
0.3333333333333333
 40
0.3333333333333333
 40
0.3333333433333333
 40
0.4444444444444444
 40
0.4444444444444444
 40
0.4444444444444444
 40
0.4444444544444444
 40
0.5555555555555556
 40
0.5555555555555556
 40
0.5555555555555556
 40
0.5555555655555556
 40
0.6666666666666666
 40
0.6666666666666666
 40
0.6666666666666666
 40
0.6666666766666667
 40
0.7777777777777778
 40
0.7777777777777778
 40
0.7777777777777778
 40
0.7777777877777778
 40
1.0
 40
1.0
 40
1.0
 40
1.0
 10
-5.99016
 20
5.3728
 30
0.0
 10
-5.99016
 20
5.3728
 30
0.0
 10
-5.99016
 20
5.3728
 30
0.0
 10
-5.99016
 20
5.3728
 30
0.0
 10
-5.99016
 20
5.3728
 30
0.0
 10
-5.99016
 20
5.3728
 30
0.0
 10
-5.98663
 20
5.3728
 30
0.0
 10
-5.98663
 20
5.3728
 30
0.0
 10
-5.98663
 20
5.3728
 30
0.0
 10
-5.98663
 20
5.3728
 30
0.0
 10
-5.9831
 20
5.3728
 30
0.0
 10
-5.9831
 20
5.3728
 30
0.0
 10
-5.9831
 20
5.3728
 30
0.0
 10
-5.9831
 20
5.3728
 30
0.0
 10
-5.97957
 20
5.3728
 30
0.0
 10
-5.97957
 20
5.3728
 30
0.0
 10
-5.97957
 20
5.3728
 30
0.0
 10
-5.97957
 20
5.3728
 30
0.0
 10
-5.97605
 20
5.3728
 30
0.0
 10
-5.97605
 20
5.3728
 30
0.0
 10
-5.97605
 20
5.3728
 30
0.0
 10
-5.97605
 20
5.3728
 30
0.0
 10
-5.96899
 20
5.3728
 30
0.0
 10
-5.96899
 20
5.3728
 30
0.0
 10
-5.96899
 20
5.3728
 30
0.0
 10
-5.96899
 20
5.3728
 30
0.0
 10
-5.96546
 20
5.3728
 30
0.0
 10
-5.96546
 20
5.3728
 30
0.0
 10
-5.96546
 20
5.3728
 30
0.0
 10
-5.96546
 20
5.3728
 30
0.0
 10
-5.95841
 20
5.3728
 30
0.0
 10
-5.95841
 20
5.3728
 30
0.0
  0
SPLINE
  5
95
330
1F
100
AcDbEntity
  8
Layer 1
 62
   250
370
    20
100
AcDbSpline
210
0.0
220
0.0
230
1.0
 70
    24
 71
     3
 72
     8
 73
     4
 74
     0
 42
0.000000001
 43
0.0000000001
 40
0.0
 40
0.0
 40
0.0
 40
0.0
 40
1.0
 40
1.0
 40
1.0
 40
1.0
 10
-5.95841
 20
5.3728
 30
0.0
 10
-5.95841
 20
5.3728
 30
0.0
 10
-5.95841
 20
1.91558
 30
0.0
 10
-5.95841
 20
1.91558
 30
0.0
  0
SPLINE
  5
96
330
1F
100
AcDbEntity
  8
Layer 1
 62
   250
370
    20
100
AcDbSpline
210
0.0
220
0.0
230
1.0
 70
    24
 71
     3
 72
    36
 73
    32
 74
     0
 42
0.000000001
 43
0.0000000001
 40
0.0
 40
0.0
 40
0.0
 40
0.0
 40
0.1111111111111111
 40
0.1111111111111111
 40
0.1111111111111111
 40
0.1111111211111111
 40
0.2222222222222222
 40
0.2222222222222222
 40
0.2222222222222222
 40
0.2222222322222222
 40
0.3333333333333333
 40
0.3333333333333333
 40
0.3333333333333333
 40
0.3333333433333333
 40
0.4444444444444444
 40
0.4444444444444444
 40
0.4444444444444444
 40
0.4444444544444444
 40
0.5555555555555556
 40
0.5555555555555556
 40
0.5555555555555556
 40
0.5555555655555556
 40
0.6666666666666666
 40
0.6666666666666666
 40
0.6666666666666666
 40
0.6666666766666667
 40
0.7777777777777778
 40
0.7777777777777778
 40
0.7777777777777778
 40
0.7777777877777778
 40
1.0
 40
1.0
 40
1.0
 40
1.0
 10
-5.99016
 20
1.91558
 30
0.0
 10
-5.99016
 20
1.91558
 30
0.0
 10
-5.99016
 20
1.91558
 30
0.0
 10
-5.99016
 20
1.91558
 30
0.0
 10
-5.99016
 20
1.91558
 30
0.0
 10
-5.99016
 20
1.91558
 30
0.0
 10
-5.98663
 20
1.91558
 30
0.0
 10
-5.98663
 20
1.91558
 30
0.0
 10
-5.98663
 20
1.91558
 30
0.0
 10
-5.98663
 20
1.91558
 30
0.0
 10
-5.9831
 20
1.91558
 30
0.0
 10
-5.9831
 20
1.91558
 30
0.0
 10
-5.9831
 20
1.91558
 30
0.0
 10
-5.9831
 20
1.91558
 30
0.0
 10
-5.97957
 20
1.91558
 30
0.0
 10
-5.97957
 20
1.91558
 30
0.0
 10
-5.97957
 20
1.91558
 30
0.0
 10
-5.97957
 20
1.91558
 30
0.0
 10
-5.97605
 20
1.91558
 30
0.0
 10
-5.97605
 20
1.91558
 30
0.0
 10
-5.97605
 20
1.91558
 30
0.0
 10
-5.97605
 20
1.91558
 30
0.0
 10
-5.96899
 20
1.91558
 30
0.0
 10
-5.96899
 20
1.91558
 30
0.0
 10
-5.96899
 20
1.91558
 30
0.0
 10
-5.96899
 20
1.91558
 30
0.0
 10
-5.96546
 20
1.91558
 30
0.0
 10
-5.96546
 20
1.91558
 30
0.0
 10
-5.96546
 20
1.91558
 30
0.0
 10
-5.96546
 20
1.91558
 30
0.0
 10
-5.95841
 20
1.91558
 30
0.0
 10
-5.95841
 20
1.91558
 30
0.0
  0
SPLINE
  5
97
330
1F
100
AcDbEntity
  8
Layer 1
 62
   250
370
    20
100
AcDbSpline
210
0.0
220
0.0
230
1.0
 70
    24
 71
     3
 72
     8
 73
     4
 74
     0
 42
0.000000001
 43
0.0000000001
 40
0.0
 40
0.0
 40
0.0
 40
0.0
 40
1.0
 40
1.0
 40
1.0
 40
1.0
 10
-2.21896
 20
5.3728
 30
0.0
 10
-2.21896
 20
5.3728
 30
0.0
 10
-5.95841
 20
5.3728
 30
0.0
 10
-5.95841
 20
5.3728
 30
0.0
  0
SPLINE
  5
98
330
1F
100
AcDbEntity
  8
Layer 1
 62
   250
370
    20
100
AcDbSpline
210
0.0
220
0.0
230
1.0
 70
    24
 71
     3
 72
    36
 73
    32
 74
     0
 42
0.000000001
 43
0.0000000001
 40
0.0
 40
0.0
 40
0.0
 40
0.0
 40
0.1111111111111111
 40
0.1111111111111111
 40
0.1111111111111111
 40
0.1111111211111111
 40
0.2222222222222222
 40
0.2222222222222222
 40
0.2222222222222222
 40
0.2222222322222222
 40
0.3333333333333333
 40
0.3333333333333333
 40
0.3333333333333333
 40
0.3333333433333333
 40
0.4444444444444444
 40
0.4444444444444444
 40
0.4444444444444444
 40
0.4444444544444444
 40
0.5555555555555556
 40
0.5555555555555556
 40
0.5555555555555556
 40
0.5555555655555556
 40
0.6666666666666666
 40
0.6666666666666666
 40
0.6666666666666666
 40
0.6666666766666667
 40
0.7777777777777778
 40
0.7777777777777778
 40
0.7777777777777778
 40
0.7777777877777778
 40
1.0
 40
1.0
 40
1.0
 40
1.0
 10
-5.95841
 20
5.40455
 30
0.0
 10
-5.95841
 20
5.40455
 30
0.0
 10
-5.95841
 20
5.40455
 30
0.0
 10
-5.95841
 20
5.40455
 30
0.0
 10
-5.95841
 20
5.40455
 30
0.0
 10
-5.95841
 20
5.40455
 30
0.0
 10
-5.95841
 20
5.40102
 30
0.0
 10
-5.95841
 20
5.40102
 30
0.0
 10
-5.95841
 20
5.40102
 30
0.0
 10
-5.95841
 20
5.40102
 30
0.0
 10
-5.95841
 20
5.39749
 30
0.0
 10
-5.95841
 20
5.39749
 30
0.0
 10
-5.95841
 20
5.39749
 30
0.0
 10
-5.95841
 20
5.39749
 30
0.0
 10
-5.95841
 20
5.39397
 30
0.0
 10
-5.95841
 20
5.39397
 30
0.0
 10
-5.95841
 20
5.39397
 30
0.0
 10
-5.95841
 20
5.39397
 30
0.0
 10
-5.95841
 20
5.39044
 30
0.0
 10
-5.95841
 20
5.39044
 30
0.0
 10
-5.95841
 20
5.39044
 30
0.0
 10
-5.95841
 20
5.39044
 30
0.0
 10
-5.95841
 20
5.38338
 30
0.0
 10
-5.95841
 20
5.38338
 30
0.0
 10
-5.95841
 20
5.38338
 30
0.0
 10
-5.95841
 20
5.38338
 30
0.0
 10
-5.95841
 20
5.37985
 30
0.0
 10
-5.95841
 20
5.37985
 30
0.0
 10
-5.95841
 20
5.37985
 30
0.0
 10
-5.95841
 20
5.37985
 30
0.0
 10
-5.95841
 20
5.3728
 30
0.0
 10
-5.95841
 20
5.3728
 30
0.0
  0
SPLINE
  5
99
330
1F
100
AcDbEntity
  8
Layer 1
 62
   250
370
    20
100
AcDbSpline
210
0.0
220
0.0
230
1.0
 70
    24
 71
     3
 72
     8
 73
     4
 74
     0
 42
0.000000001
 43
0.0000000001
 40
0.0
 40
0.0
 40
0.0
 40
0.0
 40
1.0
 40
1.0
 40
1.0
 40
1.0
 10
-5.95841
 20
5.40455
 30
0.0
 10
-5.95841
 20
5.40455
 30
0.0
 10
-2.21896
 20
5.40455
 30
0.0
 10
-2.21896
 20
5.40455
 30
0.0
  0
SPLINE
  5
9A
330
1F
100
AcDbEntity
  8
Layer 1
 62
   250
370
    20
100
AcDbSpline
210
0.0
220
0.0
230
1.0
 70
    24
 71
     3
 72
    32
 73
    28
 74
     0
 42
0.000000001
 43
0.0000000001
 40
0.0
 40
0.0
 40
0.0
 40
0.0
 40
0.125
 40
0.125
 40
0.125
 40
0.12500001
 40
0.25
 40
0.25
 40
0.25
 40
0.25000001
 40
0.375
 40
0.375
 40
0.375
 40
0.37500001
 40
0.5
 40
0.5
 40
0.5
 40
0.50000001
 40
0.625
 40
0.625
 40
0.625
 40
0.62500001
 40
0.75
 40
0.75
 40
0.75
 40
0.75000001
 40
1.0
 40
1.0
 40
1.0
 40
1.0
 10
-2.21896
 20
5.3728
 30
0.0
 10
-2.21896
 20
5.3728
 30
0.0
 10
-2.21896
 20
5.37985
 30
0.0
 10
-2.21896
 20
5.37985
 30
0.0
 10
-2.21896
 20
5.37985
 30
0.0
 10
-2.21896
 20
5.37985
 30
0.0
 10
-2.21896
 20
5.38338
 30
0.0
 10
-2.21896
 20
5.38338
 30
0.0
 10
-2.21896
 20
5.38338
 30
0.0
 10
-2.21896
 20
5.38338
 30
0.0
 10
-2.21896
 20
5.39044
 30
0.0
 10
-2.21896
 20
5.39044
 30
0.0
 10
-2.21896
 20
5.39044
 30
0.0
 10
-2.21896
 20
5.39044
 30
0.0
 10
-2.21896
 20
5.39397
 30
0.0
 10
-2.21896
 20
5.39397
 30
0.0
 10
-2.21896
 20
5.39397
 30
0.0
 10
-2.21896
 20
5.39397
 30
0.0
 10
-2.21896
 20
5.39749
 30
0.0
 10
-2.21896
 20
5.39749
 30
0.0
 10
-2.21896
 20
5.39749
 30
0.0
 10
-2.21896
 20
5.39749
 30
0.0
 10
-2.21896
 20
5.40102
 30
0.0
 10
-2.21896
 20
5.40102
 30
0.0
 10
-2.21896
 20
5.40102
 30
0.0
 10
-2.21896
 20
5.40102
 30
0.0
 10
-2.21896
 20
5.40455
 30
0.0
 10
-2.21896
 20
5.40455
 30
0.0
  0
SPLINE
  5
9B
330
1F
100
AcDbEntity
  8
Layer 1
 62
   250
370
    20
100
AcDbSpline
210
0.0
220
0.0
230
1.0
 70
    11
 71
     3
 72
   324
 73
   320
 74
     0
 42
0.000000001
 43
0.0000000001
 40
0.0
 40
0.0
 40
0.0
 40
0.0
 40
0.0123456790123457
 40
0.0123456790123457
 40
0.0123456790123457
 40
0.0123456890123457
 40
0.0246913580246914
 40
0.0246913580246914
 40
0.0246913580246914
 40
0.0246913680246914
 40
0.037037037037037
 40
0.037037037037037
 40
0.037037037037037
 40
0.037037047037037
 40
0.0493827160493827
 40
0.0493827160493827
 40
0.0493827160493827
 40
0.0493827260493827
 40
0.0617283950617284
 40
0.0617283950617284
 40
0.0617283950617284
 40
0.0617284050617284
 40
0.0740740740740741
 40
0.0740740740740741
 40
0.0740740740740741
 40
0.0740740840740741
 40
0.0864197530864197
 40
0.0864197530864197
 40
0.0864197530864197
 40
0.0864197630864197
 40
0.0987654320987654
 40
0.0987654320987654
 40
0.0987654320987654
 40
0.0987654420987654
 40
0.1111111111111111
 40
0.1111111111111111
 40
0.1111111111111111
 40
0.1111111211111111
 40
0.1234567901234568
 40
0.1234567901234568
 40
0.1234567901234568
 40
0.1234568001234568
 40
0.1358024691358025
 40
0.1358024691358025
 40
0.1358024691358025
 40
0.1358024791358025
 40
0.1481481481481481
 40
0.1481481481481481
 40
0.1481481481481481
 40
0.1481481581481481
 40
0.1604938271604938
 40
0.1604938271604938
 40
0.1604938271604938
 40
0.1604938371604938
 40
0.1728395061728395
 40
0.1728395061728395
 40
0.1728395061728395
 40
0.1728395161728395
 40
0.1851851851851852
 40
0.1851851851851852
 40
0.1851851851851852
 40
0.1851851951851852
 40
0.1975308641975309
 40
0.1975308641975309
 40
0.1975308641975309
 40
0.1975308741975308
 40
0.2098765432098765
 40
0.2098765432098765
 40
0.2098765432098765
 40
0.2098765532098765
 40
0.2222222222222222
 40
0.2222222222222222
 40
0.2222222222222222
 40
0.2222222322222222
 40
0.2345679012345679
 40
0.2345679012345679
 40
0.2345679012345679
 40
0.2345679112345679
 40
0.2469135802469136
 40
0.2469135802469136
 40
0.2469135802469136
 40
0.2469135902469136
 40
0.2592592592592592
 40
0.2592592592592592
 40
0.2592592592592592
 40
0.2592592692592592
 40
0.2716049382716049
 40
0.2716049382716049
 40
0.2716049382716049
 40
0.2716049482716049
 40
0.2839506172839506
 40
0.2839506172839506
 40
0.2839506172839506
 40
0.2839506272839506
 40
0.2962962962962963
 40
0.2962962962962963
 40
0.2962962962962963
 40
0.2962963062962963
 40
0.308641975308642
 40
0.308641975308642
 40
0.308641975308642
 40
0.308641985308642
 40
0.3209876543209876
 40
0.3209876543209876
 40
0.3209876543209876
 40
0.3209876643209876
 40
0.3333333333333333
 40
0.3333333333333333
 40
0.3333333333333333
 40
0.3333333433333333
 40
0.345679012345679
 40
0.345679012345679
 40
0.345679012345679
 40
0.345679022345679
 40
0.3580246913580247
 40
0.3580246913580247
 40
0.3580246913580247
 40
0.3580247013580247
 40
0.3703703703703703
 40
0.3703703703703703
 40
0.3703703703703703
 40
0.3703703803703703
 40
0.382716049382716
 40
0.382716049382716
 40
0.382716049382716
 40
0.382716059382716
 40
0.3950617283950617
 40
0.3950617283950617
 40
0.3950617283950617
 40
0.3950617383950617
 40
0.4074074074074074
 40
0.4074074074074074
 40
0.4074074074074074
 40
0.4074074174074074
 40
0.4197530864197531
 40
0.4197530864197531
 40
0.4197530864197531
 40
0.4197530964197531
 40
0.4320987654320987
 40
0.4320987654320987
 40
0.4320987654320987
 40
0.4320987754320987
 40
0.4444444444444444
 40
0.4444444444444444
 40
0.4444444444444444
 40
0.4444444544444444
 40
0.4567901234567901
 40
0.4567901234567901
 40
0.4567901234567901
 40
0.4567901334567901
 40
0.4691358024691358
 40
0.4691358024691358
 40
0.4691358024691358
 40
0.4691358124691358
 40
0.4814814814814815
 40
0.4814814814814815
 40
0.4814814814814815
 40
0.4814814914814814
 40
0.4938271604938271
 40
0.4938271604938271
 40
0.4938271604938271
 40
0.4938271704938271
 40
0.5061728395061729
 40
0.5061728395061729
 40
0.5061728395061729
 40
0.5061728495061729
 40
0.5185185185185185
 40
0.5185185185185185
 40
0.5185185185185185
 40
0.5185185285185185
 40
0.5308641975308642
 40
0.5308641975308642
 40
0.5308641975308642
 40
0.5308642075308643
 40
0.5432098765432098
 40
0.5432098765432098
 40
0.5432098765432098
 40
0.5432098865432099
 40
0.5555555555555556
 40
0.5555555555555556
 40
0.5555555555555556
 40
0.5555555655555556
 40
0.5679012345679012
 40
0.5679012345679012
 40
0.5679012345679012
 40
0.5679012445679013
 40
0.5802469135802469
 40
0.5802469135802469
 40
0.5802469135802469
 40
0.580246923580247
 40
0.5925925925925926
 40
0.5925925925925926
 40
0.5925925925925926
 40
0.5925926025925926
 40
0.6049382716049383
 40
0.6049382716049383
 40
0.6049382716049383
 40
0.6049382816049383
 40
0.6172839506172839
 40
0.6172839506172839
 40
0.6172839506172839
 40
0.617283960617284
 40
0.6296296296296297
 40
0.6296296296296297
 40
0.6296296296296297
 40
0.6296296396296297
 40
0.6419753086419753
 40
0.6419753086419753
 40
0.6419753086419753
 40
0.6419753186419753
 40
0.654320987654321
 40
0.654320987654321
 40
0.654320987654321
 40
0.6543209976543211
 40
0.6666666666666666
 40
0.6666666666666666
 40
0.6666666666666666
 40
0.6666666766666667
 40
0.6790123456790124
 40
0.6790123456790124
 40
0.6790123456790124
 40
0.6790123556790124
 40
0.691358024691358
 40
0.691358024691358
 40
0.691358024691358
 40
0.691358034691358
 40
0.7037037037037037
 40
0.7037037037037037
 40
0.7037037037037037
 40
0.7037037137037038
 40
0.7160493827160493
 40
0.7160493827160493
 40
0.7160493827160493
 40
0.7160493927160494
 40
0.7283950617283951
 40
0.7283950617283951
 40
0.7283950617283951
 40
0.7283950717283951
 40
0.7407407407407407
 40
0.7407407407407407
 40
0.7407407407407407
 40
0.7407407507407407
 40
0.7530864197530864
 40
0.7530864197530864
 40
0.7530864197530864
 40
0.7530864297530865
 40
0.7654320987654321
 40
0.7654320987654321
 40
0.7654320987654321
 40
0.7654321087654321
 40
0.7777777777777778
 40
0.7777777777777778
 40
0.7777777777777778
 40
0.7777777877777778
 40
0.7901234567901234
 40
0.7901234567901234
 40
0.7901234567901234
 40
0.7901234667901235
 40
0.8024691358024691
 40
0.8024691358024691
 40
0.8024691358024691
 40
0.8024691458024692
 40
0.8148148148148148
 40
0.8148148148148148
 40
0.8148148148148148
 40
0.8148148248148148
 40
0.8271604938271605
 40
0.8271604938271605
 40
0.8271604938271605
 40
0.8271605038271606
 40
0.8395061728395061
 40
0.8395061728395061
 40
0.8395061728395061
 40
0.8395061828395062
 40
0.8518518518518519
 40
0.8518518518518519
 40
0.8518518518518519
 40
0.8518518618518519
 40
0.8641975308641975
 40
0.8641975308641975
 40
0.8641975308641975
 40
0.8641975408641975
 40
0.8765432098765432
 40
0.8765432098765432
 40
0.8765432098765432
 40
0.8765432198765433
 40
0.8888888888888888
 40
0.8888888888888888
 40
0.8888888888888888
 40
0.8888888988888889
 40
0.9012345679012346
 40
0.9012345679012346
 40
0.9012345679012346
 40
0.9012345779012346
 40
0.9135802469135802
 40
0.9135802469135802
 40
0.9135802469135802
 40
0.9135802569135802
 40
0.9259259259259259
 40
0.9259259259259259
 40
0.9259259259259259
 40
0.925925935925926
 40
0.9382716049382716
 40
0.9382716049382716
 40
0.9382716049382716
 40
0.9382716149382716
 40
0.9506172839506173
 40
0.9506172839506173
 40
0.9506172839506173
 40
0.9506172939506173
 40
0.9629629629629629
 40
0.9629629629629629
 40
0.9629629629629629
 40
0.962962972962963
 40
0.9753086419753086
 40
0.9753086419753086
 40
0.9753086419753086
 40
0.9753086519753087
 40
1.0
 40
1.0
 40
1.0
 40
1.0
 10
-5.19641
 20
3.64419
 30
0.0
 10
-5.19641
 20
3.64419
 30
0.0
 10
-5.19288
 20
3.72885
 30
0.0
 10
-5.19288
 20
3.72885
 30
0.0
 10
-5.19288
 20
3.72885
 30
0.0
 10
-5.19288
 20
3.72885
 30
0.0
 10
-5.1823
 20
3.81705
 30
0.0
 10
-5.1823
 20
3.81705
 30
0.0
 10
-5.1823
 20
3.81705
 30
0.0
 10
-5.1823
 20
3.81705
 30
0.0
 10
-5.16466
 20
3.90172
 30
0.0
 10
-5.16466
 20
3.90172
 30
0.0
 10
-5.16466
 20
3.90172
 30
0.0
 10
-5.16466
 20
3.90172
 30
0.0
 10
-5.13996
 20
3.98638
 30
0.0
 10
-5.13996
 20
3.98638
 30
0.0
 10
-5.13996
 20
3.98638
 30
0.0
 10
-5.13996
 20
3.98638
 30
0.0
 10
-5.11174
 20
4.06752
 30
0.0
 10
-5.11174
 20
4.06752
 30
0.0
 10
-5.11174
 20
4.06752
 30
0.0
 10
-5.11174
 20
4.06752
 30
0.0
 10
-5.07293
 20
4.14513
 30
0.0
 10
-5.07293
 20
4.14513
 30
0.0
 10
-5.07293
 20
4.14513
 30
0.0
 10
-5.07293
 20
4.14513
 30
0.0
 10
-5.0306
 20
4.22274
 30
0.0
 10
-5.0306
 20
4.22274
 30
0.0
 10
-5.0306
 20
4.22274
 30
0.0
 10
-5.0306
 20
4.22274
 30
0.0
 10
-4.98474
 20
4.2933
 30
0.0
 10
-4.98474
 20
4.2933
 30
0.0
 10
-4.98474
 20
4.2933
 30
0.0
 10
-4.98474
 20
4.2933
 30
0.0
 10
-4.9283
 20
4.36033
 30
0.0
 10
-4.9283
 20
4.36033
 30
0.0
 10
-4.9283
 20
4.36033
 30
0.0
 10
-4.9283
 20
4.36033
 30
0.0
 10
-4.87185
 20
4.42383
 30
0.0
 10
-4.87185
 20
4.42383
 30
0.0
 10
-4.87185
 20
4.42383
 30
0.0
 10
-4.87185
 20
4.42383
 30
0.0
 10
-4.80835
 20
4.4838
 30
0.0
 10
-4.80835
 20
4.4838
 30
0.0
 10
-4.80835
 20
4.4838
 30
0.0
 10
-4.80835
 20
4.4838
 30
0.0
 10
-4.7378
 20
4.53672
 30
0.0
 10
-4.7378
 20
4.53672
 30
0.0
 10
-4.7378
 20
4.53672
 30
0.0
 10
-4.7378
 20
4.53672
 30
0.0
 10
-4.66724
 20
4.5861
 30
0.0
 10
-4.66724
 20
4.5861
 30
0.0
 10
-4.66724
 20
4.5861
 30
0.0
 10
-4.66724
 20
4.5861
 30
0.0
 10
-4.58963
 20
4.62844
 30
0.0
 10
-4.58963
 20
4.62844
 30
0.0
 10
-4.58963
 20
4.62844
 30
0.0
 10
-4.58963
 20
4.62844
 30
0.0
 10
-4.51202
 20
4.66372
 30
0.0
 10
-4.51202
 20
4.66372
 30
0.0
 10
-4.51202
 20
4.66372
 30
0.0
 10
-4.51202
 20
4.66372
 30
0.0
 10
-4.43088
 20
4.69547
 30
0.0
 10
-4.43088
 20
4.69547
 30
0.0
 10
-4.43088
 20
4.69547
 30
0.0
 10
-4.43088
 20
4.69547
 30
0.0
 10
-4.34621
 20
4.72016
 30
0.0
 10
-4.34621
 20
4.72016
 30
0.0
 10
-4.34621
 20
4.72016
 30
0.0
 10
-4.34621
 20
4.72016
 30
0.0
 10
-4.26155
 20
4.73427
 30
0.0
 10
-4.26155
 20
4.73427
 30
0.0
 10
-4.26155
 20
4.73427
 30
0.0
 10
-4.26155
 20
4.73427
 30
0.0
 10
-4.17688
 20
4.74485
 30
0.0
 10
-4.17688
 20
4.74485
 30
0.0
 10
-4.17688
 20
4.74485
 30
0.0
 10
-4.17688
 20
4.74485
 30
0.0
 10
-4.08868
 20
4.74838
 30
0.0
 10
-4.08868
 20
4.74838
 30
0.0
 10
-4.08868
 20
4.74838
 30
0.0
 10
-4.08868
 20
4.74838
 30
0.0
 10
-4.00402
 20
4.74485
 30
0.0
 10
-4.00402
 20
4.74485
 30
0.0
 10
-4.00402
 20
4.74485
 30
0.0
 10
-4.00402
 20
4.74485
 30
0.0
 10
-3.91582
 20
4.73427
 30
0.0
 10
-3.91582
 20
4.73427
 30
0.0
 10
-3.91582
 20
4.73427
 30
0.0
 10
-3.91582
 20
4.73427
 30
0.0
 10
-3.83116
 20
4.72016
 30
0.0
 10
-3.83116
 20
4.72016
 30
0.0
 10
-3.83116
 20
4.72016
 30
0.0
 10
-3.83116
 20
4.72016
 30
0.0
 10
-3.74649
 20
4.69547
 30
0.0
 10
-3.74649
 20
4.69547
 30
0.0
 10
-3.74649
 20
4.69547
 30
0.0
 10
-3.74649
 20
4.69547
 30
0.0
 10
-3.66535
 20
4.66372
 30
0.0
 10
-3.66535
 20
4.66372
 30
0.0
 10
-3.66535
 20
4.66372
 30
0.0
 10
-3.66535
 20
4.66372
 30
0.0
 10
-3.58774
 20
4.62844
 30
0.0
 10
-3.58774
 20
4.62844
 30
0.0
 10
-3.58774
 20
4.62844
 30
0.0
 10
-3.58774
 20
4.62844
 30
0.0
 10
-3.51366
 20
4.5861
 30
0.0
 10
-3.51366
 20
4.5861
 30
0.0
 10
-3.51366
 20
4.5861
 30
0.0
 10
-3.51366
 20
4.5861
 30
0.0
 10
-3.43957
 20
4.53672
 30
0.0
 10
-3.43957
 20
4.53672
 30
0.0
 10
-3.43957
 20
4.53672
 30
0.0
 10
-3.43957
 20
4.53672
 30
0.0
 10
-3.37255
 20
4.4838
 30
0.0
 10
-3.37255
 20
4.4838
 30
0.0
 10
-3.37255
 20
4.4838
 30
0.0
 10
-3.37255
 20
4.4838
 30
0.0
 10
-3.30905
 20
4.42383
 30
0.0
 10
-3.30905
 20
4.42383
 30
0.0
 10
-3.30905
 20
4.42383
 30
0.0
 10
-3.30905
 20
4.42383
 30
0.0
 10
-3.24907
 20
4.36033
 30
0.0
 10
-3.24907
 20
4.36033
 30
0.0
 10
-3.24907
 20
4.36033
 30
0.0
 10
-3.24907
 20
4.36033
 30
0.0
 10
-3.19616
 20
4.2933
 30
0.0
 10
-3.19616
 20
4.2933
 30
0.0
 10
-3.19616
 20
4.2933
 30
0.0
 10
-3.19616
 20
4.2933
 30
0.0
 10
-3.14677
 20
4.22274
 30
0.0
 10
-3.14677
 20
4.22274
 30
0.0
 10
-3.14677
 20
4.22274
 30
0.0
 10
-3.14677
 20
4.22274
 30
0.0
 10
-3.10443
 20
4.14513
 30
0.0
 10
-3.10443
 20
4.14513
 30
0.0
 10
-3.10443
 20
4.14513
 30
0.0
 10
-3.10443
 20
4.14513
 30
0.0
 10
-3.06916
 20
4.06752
 30
0.0
 10
-3.06916
 20
4.06752
 30
0.0
 10
-3.06916
 20
4.06752
 30
0.0
 10
-3.06916
 20
4.06752
 30
0.0
 10
-3.03741
 20
3.98638
 30
0.0
 10
-3.03741
 20
3.98638
 30
0.0
 10
-3.03741
 20
3.98638
 30
0.0
 10
-3.03741
 20
3.98638
 30
0.0
 10
-3.01624
 20
3.90172
 30
0.0
 10
-3.01624
 20
3.90172
 30
0.0
 10
-3.01624
 20
3.90172
 30
0.0
 10
-3.01624
 20
3.90172
 30
0.0
 10
-2.9986
 20
3.81705
 30
0.0
 10
-2.9986
 20
3.81705
 30
0.0
 10
-2.9986
 20
3.81705
 30
0.0
 10
-2.9986
 20
3.81705
 30
0.0
 10
-2.98802
 20
3.72885
 30
0.0
 10
-2.98802
 20
3.72885
 30
0.0
 10
-2.98802
 20
3.72885
 30
0.0
 10
-2.98802
 20
3.72885
 30
0.0
 10
-2.98449
 20
3.64419
 30
0.0
 10
-2.98449
 20
3.64419
 30
0.0
 10
-2.98449
 20
3.64419
 30
0.0
 10
-2.98449
 20
3.64419
 30
0.0
 10
-2.98802
 20
3.55599
 30
0.0
 10
-2.98802
 20
3.55599
 30
0.0
 10
-2.98802
 20
3.55599
 30
0.0
 10
-2.98802
 20
3.55599
 30
0.0
 10
-2.9986
 20
3.47133
 30
0.0
 10
-2.9986
 20
3.47133
 30
0.0
 10
-2.9986
 20
3.47133
 30
0.0
 10
-2.9986
 20
3.47133
 30
0.0
 10
-3.01624
 20
3.38666
 30
0.0
 10
-3.01624
 20
3.38666
 30
0.0
 10
-3.01624
 20
3.38666
 30
0.0
 10
-3.01624
 20
3.38666
 30
0.0
 10
-3.03741
 20
3.30199
 30
0.0
 10
-3.03741
 20
3.30199
 30
0.0
 10
-3.03741
 20
3.30199
 30
0.0
 10
-3.03741
 20
3.30199
 30
0.0
 10
-3.06916
 20
3.22085
 30
0.0
 10
-3.06916
 20
3.22085
 30
0.0
 10
-3.06916
 20
3.22085
 30
0.0
 10
-3.06916
 20
3.22085
 30
0.0
 10
-3.10443
 20
3.14324
 30
0.0
 10
-3.10443
 20
3.14324
 30
0.0
 10
-3.10443
 20
3.14324
 30
0.0
 10
-3.10443
 20
3.14324
 30
0.0
 10
-3.14677
 20
3.06563
 30
0.0
 10
-3.14677
 20
3.06563
 30
0.0
 10
-3.14677
 20
3.06563
 30
0.0
 10
-3.14677
 20
3.06563
 30
0.0
 10
-3.19616
 20
2.99508
 30
0.0
 10
-3.19616
 20
2.99508
 30
0.0
 10
-3.19616
 20
2.99508
 30
0.0
 10
-3.19616
 20
2.99508
 30
0.0
 10
-3.24907
 20
2.92452
 30
0.0
 10
-3.24907
 20
2.92452
 30
0.0
 10
-3.24907
 20
2.92452
 30
0.0
 10
-3.24907
 20
2.92452
 30
0.0
 10
-3.30905
 20
2.86102
 30
0.0
 10
-3.30905
 20
2.86102
 30
0.0
 10
-3.30905
 20
2.86102
 30
0.0
 10
-3.30905
 20
2.86102
 30
0.0
 10
-3.37255
 20
2.80458
 30
0.0
 10
-3.37255
 20
2.80458
 30
0.0
 10
-3.37255
 20
2.80458
 30
0.0
 10
-3.37255
 20
2.80458
 30
0.0
 10
-3.43957
 20
2.74813
 30
0.0
 10
-3.43957
 20
2.74813
 30
0.0
 10
-3.43957
 20
2.74813
 30
0.0
 10
-3.43957
 20
2.74813
 30
0.0
 10
-3.51366
 20
2.70227
 30
0.0
 10
-3.51366
 20
2.70227
 30
0.0
 10
-3.51366
 20
2.70227
 30
0.0
 10
-3.51366
 20
2.70227
 30
0.0
 10
-3.58774
 20
2.65994
 30
0.0
 10
-3.58774
 20
2.65994
 30
0.0
 10
-3.58774
 20
2.65994
 30
0.0
 10
-3.58774
 20
2.65994
 30
0.0
 10
-3.66535
 20
2.62113
 30
0.0
 10
-3.66535
 20
2.62113
 30
0.0
 10
-3.66535
 20
2.62113
 30
0.0
 10
-3.66535
 20
2.62113
 30
0.0
 10
-3.74649
 20
2.59291
 30
0.0
 10
-3.74649
 20
2.59291
 30
0.0
 10
-3.74649
 20
2.59291
 30
0.0
 10
-3.74649
 20
2.59291
 30
0.0
 10
-3.83116
 20
2.56822
 30
0.0
 10
-3.83116
 20
2.56822
 30
0.0
 10
-3.83116
 20
2.56822
 30
0.0
 10
-3.83116
 20
2.56822
 30
0.0
 10
-3.91582
 20
2.5541
 30
0.0
 10
-3.91582
 20
2.5541
 30
0.0
 10
-3.91582
 20
2.5541
 30
0.0
 10
-3.91582
 20
2.5541
 30
0.0
 10
-4.00402
 20
2.54352
 30
0.0
 10
-4.00402
 20
2.54352
 30
0.0
 10
-4.00402
 20
2.54352
 30
0.0
 10
-4.00402
 20
2.54352
 30
0.0
 10
-4.08868
 20
2.53999
 30
0.0
 10
-4.08868
 20
2.53999
 30
0.0
 10
-4.08868
 20
2.53999
 30
0.0
 10
-4.08868
 20
2.53999
 30
0.0
 10
-4.17688
 20
2.54352
 30
0.0
 10
-4.17688
 20
2.54352
 30
0.0
 10
-4.17688
 20
2.54352
 30
0.0
 10
-4.17688
 20
2.54352
 30
0.0
 10
-4.26155
 20
2.5541
 30
0.0
 10
-4.26155
 20
2.5541
 30
0.0
 10
-4.26155
 20
2.5541
 30
0.0
 10
-4.26155
 20
2.5541
 30
0.0
 10
-4.34621
 20
2.56822
 30
0.0
 10
-4.34621
 20
2.56822
 30
0.0
 10
-4.34621
 20
2.56822
 30
0.0
 10
-4.34621
 20
2.56822
 30
0.0
 10
-4.43088
 20
2.59291
 30
0.0
 10
-4.43088
 20
2.59291
 30
0.0
 10
-4.43088
 20
2.59291
 30
0.0
 10
-4.43088
 20
2.59291
 30
0.0
 10
-4.51202
 20
2.62113
 30
0.0
 10
-4.51202
 20
2.62113
 30
0.0
 10
-4.51202
 20
2.62113
 30
0.0
 10
-4.51202
 20
2.62113
 30
0.0
 10
-4.58963
 20
2.65994
 30
0.0
 10
-4.58963
 20
2.65994
 30
0.0
 10
-4.58963
 20
2.65994
 30
0.0
 10
-4.58963
 20
2.65994
 30
0.0
 10
-4.66724
 20
2.70227
 30
0.0
 10
-4.66724
 20
2.70227
 30
0.0
 10
-4.66724
 20
2.70227
 30
0.0
 10
-4.66724
 20
2.70227
 30
0.0
 10
-4.7378
 20
2.74813
 30
0.0
 10
-4.7378
 20
2.74813
 30
0.0
 10
-4.7378
 20
2.74813
 30
0.0
 10
-4.7378
 20
2.74813
 30
0.0
 10
-4.80835
 20
2.80458
 30
0.0
 10
-4.80835
 20
2.80458
 30
0.0
 10
-4.80835
 20
2.80458
 30
0.0
 10
-4.80835
 20
2.80458
 30
0.0
 10
-4.87185
 20
2.86102
 30
0.0
 10
-4.87185
 20
2.86102
 30
0.0
 10
-4.87185
 20
2.86102
 30
0.0
 10
-4.87185
 20
2.86102
 30
0.0
 10
-4.9283
 20
2.92452
 30
0.0
 10
-4.9283
 20
2.92452
 30
0.0
 10
-4.9283
 20
2.92452
 30
0.0
 10
-4.9283
 20
2.92452
 30
0.0
 10
-4.98474
 20
2.99508
 30
0.0
 10
-4.98474
 20
2.99508
 30
0.0
 10
-4.98474
 20
2.99508
 30
0.0
 10
-4.98474
 20
2.99508
 30
0.0
 10
-5.0306
 20
3.06563
 30
0.0
 10
-5.0306
 20
3.06563
 30
0.0
 10
-5.0306
 20
3.06563
 30
0.0
 10
-5.0306
 20
3.06563
 30
0.0
 10
-5.07293
 20
3.14324
 30
0.0
 10
-5.07293
 20
3.14324
 30
0.0
 10
-5.07293
 20
3.14324
 30
0.0
 10
-5.07293
 20
3.14324
 30
0.0
 10
-5.11174
 20
3.22085
 30
0.0
 10
-5.11174
 20
3.22085
 30
0.0
 10
-5.11174
 20
3.22085
 30
0.0
 10
-5.11174
 20
3.22085
 30
0.0
 10
-5.13996
 20
3.30199
 30
0.0
 10
-5.13996
 20
3.30199
 30
0.0
 10
-5.13996
 20
3.30199
 30
0.0
 10
-5.13996
 20
3.30199
 30
0.0
 10
-5.16466
 20
3.38666
 30
0.0
 10
-5.16466
 20
3.38666
 30
0.0
 10
-5.16466
 20
3.38666
 30
0.0
 10
-5.16466
 20
3.38666
 30
0.0
 10
-5.1823
 20
3.47133
 30
0.0
 10
-5.1823
 20
3.47133
 30
0.0
 10
-5.1823
 20
3.47133
 30
0.0
 10
-5.1823
 20
3.47133
 30
0.0
 10
-5.19288
 20
3.55599
 30
0.0
 10
-5.19288
 20
3.55599
 30
0.0
 10
-5.19288
 20
3.55599
 30
0.0
 10
-5.19288
 20
3.55599
 30
0.0
 10
-5.19641
 20
3.64419
 30
0.0
 10
-5.19641
 20
3.64419
 30
0.0
  0
SPLINE
  5
9C
330
1F
100
AcDbEntity
  8
Layer 1
 62
   250
370
    20
100
AcDbSpline
210
0.0
220
0.0
230
1.0
 70
    11
 71
     3
 72
   316
 73
   312
 74
     0
 42
0.000000001
 43
0.0000000001
 40
0.0
 40
0.0
 40
0.0
 40
0.0
 40
0.0126582278481013
 40
0.0126582278481013
 40
0.0126582278481013
 40
0.0126582378481013
 40
0.0253164556962025
 40
0.0253164556962025
 40
0.0253164556962025
 40
0.0253164656962025
 40
0.0379746835443038
 40
0.0379746835443038
 40
0.0379746835443038
 40
0.0379746935443038
 40
0.0506329113924051
 40
0.0506329113924051
 40
0.0506329113924051
 40
0.0506329213924051
 40
0.0632911392405063
 40
0.0632911392405063
 40
0.0632911392405063
 40
0.0632911492405063
 40
0.0759493670886076
 40
0.0759493670886076
 40
0.0759493670886076
 40
0.0759493770886076
 40
0.0886075949367089
 40
0.0886075949367089
 40
0.0886075949367089
 40
0.0886076049367089
 40
0.1012658227848101
 40
0.1012658227848101
 40
0.1012658227848101
 40
0.1012658327848101
 40
0.1139240506329114
 40
0.1139240506329114
 40
0.1139240506329114
 40
0.1139240606329114
 40
0.1265822784810127
 40
0.1265822784810127
 40
0.1265822784810127
 40
0.1265822884810127
 40
0.1392405063291139
 40
0.1392405063291139
 40
0.1392405063291139
 40
0.1392405163291139
 40
0.1518987341772152
 40
0.1518987341772152
 40
0.1518987341772152
 40
0.1518987441772152
 40
0.1645569620253164
 40
0.1645569620253164
 40
0.1645569620253164
 40
0.1645569720253164
 40
0.1772151898734177
 40
0.1772151898734177
 40
0.1772151898734177
 40
0.1772151998734177
 40
0.189873417721519
 40
0.189873417721519
 40
0.189873417721519
 40
0.189873427721519
 40
0.2025316455696203
 40
0.2025316455696203
 40
0.2025316455696203
 40
0.2025316555696202
 40
0.2151898734177215
 40
0.2151898734177215
 40
0.2151898734177215
 40
0.2151898834177215
 40
0.2278481012658228
 40
0.2278481012658228
 40
0.2278481012658228
 40
0.2278481112658228
 40
0.2405063291139241
 40
0.2405063291139241
 40
0.2405063291139241
 40
0.2405063391139241
 40
0.2531645569620253
 40
0.2531645569620253
 40
0.2531645569620253
 40
0.2531645669620253
 40
0.2658227848101266
 40
0.2658227848101266
 40
0.2658227848101266
 40
0.2658227948101266
 40
0.2784810126582278
 40
0.2784810126582278
 40
0.2784810126582278
 40
0.2784810226582278
 40
0.2911392405063291
 40
0.2911392405063291
 40
0.2911392405063291
 40
0.2911392505063291
 40
0.3037974683544304
 40
0.3037974683544304
 40
0.3037974683544304
 40
0.3037974783544304
 40
0.3164556962025317
 40
0.3164556962025317
 40
0.3164556962025317
 40
0.3164557062025317
 40
0.3291139240506329
 40
0.3291139240506329
 40
0.3291139240506329
 40
0.3291139340506329
 40
0.3417721518987342
 40
0.3417721518987342
 40
0.3417721518987342
 40
0.3417721618987342
 40
0.3544303797468354
 40
0.3544303797468354
 40
0.3544303797468354
 40
0.3544303897468354
 40
0.3670886075949367
 40
0.3670886075949367
 40
0.3670886075949367
 40
0.3670886175949367
 40
0.379746835443038
 40
0.379746835443038
 40
0.379746835443038
 40
0.379746845443038
 40
0.3924050632911392
 40
0.3924050632911392
 40
0.3924050632911392
 40
0.3924050732911392
 40
0.4050632911392405
 40
0.4050632911392405
 40
0.4050632911392405
 40
0.4050633011392405
 40
0.4177215189873418
 40
0.4177215189873418
 40
0.4177215189873418
 40
0.4177215289873418
 40
0.4303797468354431
 40
0.4303797468354431
 40
0.4303797468354431
 40
0.4303797568354431
 40
0.4430379746835443
 40
0.4430379746835443
 40
0.4430379746835443
 40
0.4430379846835443
 40
0.4556962025316456
 40
0.4556962025316456
 40
0.4556962025316456
 40
0.4556962125316456
 40
0.4683544303797468
 40
0.4683544303797468
 40
0.4683544303797468
 40
0.4683544403797468
 40
0.4810126582278481
 40
0.4810126582278481
 40
0.4810126582278481
 40
0.4810126682278481
 40
0.4936708860759494
 40
0.4936708860759494
 40
0.4936708860759494
 40
0.4936708960759494
 40
0.5063291139240507
 40
0.5063291139240507
 40
0.5063291139240507
 40
0.5063291239240507
 40
0.5189873417721519
 40
0.5189873417721519
 40
0.5189873417721519
 40
0.5189873517721519
 40
0.5316455696202531
 40
0.5316455696202531
 40
0.5316455696202531
 40
0.5316455796202532
 40
0.5443037974683544
 40
0.5443037974683544
 40
0.5443037974683544
 40
0.5443038074683545
 40
0.5569620253164557
 40
0.5569620253164557
 40
0.5569620253164557
 40
0.5569620353164557
 40
0.569620253164557
 40
0.569620253164557
 40
0.569620253164557
 40
0.569620263164557
 40
0.5822784810126582
 40
0.5822784810126582
 40
0.5822784810126582
 40
0.5822784910126583
 40
0.5949367088607594
 40
0.5949367088607594
 40
0.5949367088607594
 40
0.5949367188607595
 40
0.6075949367088608
 40
0.6075949367088608
 40
0.6075949367088608
 40
0.6075949467088608
 40
0.620253164556962
 40
0.620253164556962
 40
0.620253164556962
 40
0.620253174556962
 40
0.6329113924050633
 40
0.6329113924050633
 40
0.6329113924050633
 40
0.6329114024050634
 40
0.6455696202531646
 40
0.6455696202531646
 40
0.6455696202531646
 40
0.6455696302531646
 40
0.6582278481012658
 40
0.6582278481012658
 40
0.6582278481012658
 40
0.6582278581012658
 40
0.6708860759493671
 40
0.6708860759493671
 40
0.6708860759493671
 40
0.6708860859493672
 40
0.6835443037974683
 40
0.6835443037974683
 40
0.6835443037974683
 40
0.6835443137974684
 40
0.6962025316455697
 40
0.6962025316455697
 40
0.6962025316455697
 40
0.6962025416455697
 40
0.7088607594936709
 40
0.7088607594936709
 40
0.7088607594936709
 40
0.7088607694936709
 40
0.7215189873417721
 40
0.7215189873417721
 40
0.7215189873417721
 40
0.7215189973417722
 40
0.7341772151898734
 40
0.7341772151898734
 40
0.7341772151898734
 40
0.7341772251898735
 40
0.7468354430379747
 40
0.7468354430379747
 40
0.7468354430379747
 40
0.7468354530379747
 40
0.759493670886076
 40
0.759493670886076
 40
0.759493670886076
 40
0.759493680886076
 40
0.7721518987341772
 40
0.7721518987341772
 40
0.7721518987341772
 40
0.7721519087341773
 40
0.7848101265822784
 40
0.7848101265822784
 40
0.7848101265822784
 40
0.7848101365822785
 40
0.7974683544303798
 40
0.7974683544303798
 40
0.7974683544303798
 40
0.7974683644303798
 40
0.810126582278481
 40
0.810126582278481
 40
0.810126582278481
 40
0.810126592278481
 40
0.8227848101265823
 40
0.8227848101265823
 40
0.8227848101265823
 40
0.8227848201265824
 40
0.8354430379746836
 40
0.8354430379746836
 40
0.8354430379746836
 40
0.8354430479746836
 40
0.8481012658227848
 40
0.8481012658227848
 40
0.8481012658227848
 40
0.8481012758227848
 40
0.8607594936708861
 40
0.8607594936708861
 40
0.8607594936708861
 40
0.8607595036708862
 40
0.8734177215189873
 40
0.8734177215189873
 40
0.8734177215189873
 40
0.8734177315189874
 40
0.8860759493670886
 40
0.8860759493670886
 40
0.8860759493670886
 40
0.8860759593670886
 40
0.8987341772151899
 40
0.8987341772151899
 40
0.8987341772151899
 40
0.8987341872151899
 40
0.9113924050632911
 40
0.9113924050632911
 40
0.9113924050632911
 40
0.9113924150632912
 40
0.9240506329113924
 40
0.9240506329113924
 40
0.9240506329113924
 40
0.9240506429113925
 40
0.9367088607594937
 40
0.9367088607594937
 40
0.9367088607594937
 40
0.9367088707594937
 40
0.9493670886075949
 40
0.9493670886075949
 40
0.9493670886075949
 40
0.9493670986075949
 40
0.9620253164556962
 40
0.9620253164556962
 40
0.9620253164556962
 40
0.9620253264556963
 40
0.9746835443037974
 40
0.9746835443037974
 40
0.9746835443037974
 40
0.9746835543037975
 40
1.0
 40
1.0
 40
1.0
 40
1.0
 10
-3.03388
 20
3.64419
 30
0.0
 10
-3.03388
 20
3.64419
 30
0.0
 10
-3.03741
 20
3.72885
 30
0.0
 10
-3.03741
 20
3.72885
 30
0.0
 10
-3.03741
 20
3.72885
 30
0.0
 10
-3.03741
 20
3.72885
 30
0.0
 10
-3.04799
 20
3.81352
 30
0.0
 10
-3.04799
 20
3.81352
 30
0.0
 10
-3.04799
 20
3.81352
 30
0.0
 10
-3.04799
 20
3.81352
 30
0.0
 10
-3.0621
 20
3.89819
 30
0.0
 10
-3.0621
 20
3.89819
 30
0.0
 10
-3.0621
 20
3.89819
 30
0.0
 10
-3.0621
 20
3.89819
 30
0.0
 10
-3.0868
 20
3.97933
 30
0.0
 10
-3.0868
 20
3.97933
 30
0.0
 10
-3.0868
 20
3.97933
 30
0.0
 10
-3.0868
 20
3.97933
 30
0.0
 10
-3.11855
 20
4.05694
 30
0.0
 10
-3.11855
 20
4.05694
 30
0.0
 10
-3.11855
 20
4.05694
 30
0.0
 10
-3.11855
 20
4.05694
 30
0.0
 10
-3.15382
 20
4.13455
 30
0.0
 10
-3.15382
 20
4.13455
 30
0.0
 10
-3.15382
 20
4.13455
 30
0.0
 10
-3.15382
 20
4.13455
 30
0.0
 10
-3.19616
 20
4.20863
 30
0.0
 10
-3.19616
 20
4.20863
 30
0.0
 10
-3.19616
 20
4.20863
 30
0.0
 10
-3.19616
 20
4.20863
 30
0.0
 10
-3.24555
 20
4.27919
 30
0.0
 10
-3.24555
 20
4.27919
 30
0.0
 10
-3.24555
 20
4.27919
 30
0.0
 10
-3.24555
 20
4.27919
 30
0.0
 10
-3.29846
 20
4.34622
 30
0.0
 10
-3.29846
 20
4.34622
 30
0.0
 10
-3.29846
 20
4.34622
 30
0.0
 10
-3.29846
 20
4.34622
 30
0.0
 10
-3.35843
 20
4.40619
 30
0.0
 10
-3.35843
 20
4.40619
 30
0.0
 10
-3.35843
 20
4.40619
 30
0.0
 10
-3.35843
 20
4.40619
 30
0.0
 10
-3.42193
 20
4.46263
 30
0.0
 10
-3.42193
 20
4.46263
 30
0.0
 10
-3.42193
 20
4.46263
 30
0.0
 10
-3.42193
 20
4.46263
 30
0.0
 10
-3.48896
 20
4.51202
 30
0.0
 10
-3.48896
 20
4.51202
 30
0.0
 10
-3.48896
 20
4.51202
 30
0.0
 10
-3.48896
 20
4.51202
 30
0.0
 10
-3.55952
 20
4.55788
 30
0.0
 10
-3.55952
 20
4.55788
 30
0.0
 10
-3.55952
 20
4.55788
 30
0.0
 10
-3.55952
 20
4.55788
 30
0.0
 10
-3.63713
 20
4.60022
 30
0.0
 10
-3.63713
 20
4.60022
 30
0.0
 10
-3.63713
 20
4.60022
 30
0.0
 10
-3.63713
 20
4.60022
 30
0.0
 10
-3.71474
 20
4.63197
 30
0.0
 10
-3.71474
 20
4.63197
 30
0.0
 10
-3.71474
 20
4.63197
 30
0.0
 10
-3.71474
 20
4.63197
 30
0.0
 10
-3.79588
 20
4.66019
 30
0.0
 10
-3.79588
 20
4.66019
 30
0.0
 10
-3.79588
 20
4.66019
 30
0.0
 10
-3.79588
 20
4.66019
 30
0.0
 10
-3.87702
 20
4.67783
 30
0.0
 10
-3.87702
 20
4.67783
 30
0.0
 10
-3.87702
 20
4.67783
 30
0.0
 10
-3.87702
 20
4.67783
 30
0.0
 10
-3.96168
 20
4.69194
 30
0.0
 10
-3.96168
 20
4.69194
 30
0.0
 10
-3.96168
 20
4.69194
 30
0.0
 10
-3.96168
 20
4.69194
 30
0.0
 10
-4.04635
 20
4.69899
 30
0.0
 10
-4.04635
 20
4.69899
 30
0.0
 10
-4.04635
 20
4.69899
 30
0.0
 10
-4.04635
 20
4.69899
 30
0.0
 10
-4.13102
 20
4.69899
 30
0.0
 10
-4.13102
 20
4.69899
 30
0.0
 10
-4.13102
 20
4.69899
 30
0.0
 10
-4.13102
 20
4.69899
 30
0.0
 10
-4.21568
 20
4.69194
 30
0.0
 10
-4.21568
 20
4.69194
 30
0.0
 10
-4.21568
 20
4.69194
 30
0.0
 10
-4.21568
 20
4.69194
 30
0.0
 10
-4.30035
 20
4.67783
 30
0.0
 10
-4.30035
 20
4.67783
 30
0.0
 10
-4.30035
 20
4.67783
 30
0.0
 10
-4.30035
 20
4.67783
 30
0.0
 10
-4.38502
 20
4.66019
 30
0.0
 10
-4.38502
 20
4.66019
 30
0.0
 10
-4.38502
 20
4.66019
 30
0.0
 10
-4.38502
 20
4.66019
 30
0.0
 10
-4.46263
 20
4.63197
 30
0.0
 10
-4.46263
 20
4.63197
 30
0.0
 10
-4.46263
 20
4.63197
 30
0.0
 10
-4.46263
 20
4.63197
 30
0.0
 10
-4.54377
 20
4.60022
 30
0.0
 10
-4.54377
 20
4.60022
 30
0.0
 10
-4.54377
 20
4.60022
 30
0.0
 10
-4.54377
 20
4.60022
 30
0.0
 10
-4.61785
 20
4.55788
 30
0.0
 10
-4.61785
 20
4.55788
 30
0.0
 10
-4.61785
 20
4.55788
 30
0.0
 10
-4.61785
 20
4.55788
 30
0.0
 10
-4.68841
 20
4.51202
 30
0.0
 10
-4.68841
 20
4.51202
 30
0.0
 10
-4.68841
 20
4.51202
 30
0.0
 10
-4.68841
 20
4.51202
 30
0.0
 10
-4.75896
 20
4.46263
 30
0.0
 10
-4.75896
 20
4.46263
 30
0.0
 10
-4.75896
 20
4.46263
 30
0.0
 10
-4.75896
 20
4.46263
 30
0.0
 10
-4.82246
 20
4.40619
 30
0.0
 10
-4.82246
 20
4.40619
 30
0.0
 10
-4.82246
 20
4.40619
 30
0.0
 10
-4.82246
 20
4.40619
 30
0.0
 10
-4.87891
 20
4.34622
 30
0.0
 10
-4.87891
 20
4.34622
 30
0.0
 10
-4.87891
 20
4.34622
 30
0.0
 10
-4.87891
 20
4.34622
 30
0.0
 10
-4.93535
 20
4.27919
 30
0.0
 10
-4.93535
 20
4.27919
 30
0.0
 10
-4.93535
 20
4.27919
 30
0.0
 10
-4.93535
 20
4.27919
 30
0.0
 10
-4.98121
 20
4.20863
 30
0.0
 10
-4.98121
 20
4.20863
 30
0.0
 10
-4.98121
 20
4.20863
 30
0.0
 10
-4.98121
 20
4.20863
 30
0.0
 10
-5.02707
 20
4.13455
 30
0.0
 10
-5.02707
 20
4.13455
 30
0.0
 10
-5.02707
 20
4.13455
 30
0.0
 10
-5.02707
 20
4.13455
 30
0.0
 10
-5.06235
 20
4.05694
 30
0.0
 10
-5.06235
 20
4.05694
 30
0.0
 10
-5.06235
 20
4.05694
 30
0.0
 10
-5.06235
 20
4.05694
 30
0.0
 10
-5.09057
 20
3.97933
 30
0.0
 10
-5.09057
 20
3.97933
 30
0.0
 10
-5.09057
 20
3.97933
 30
0.0
 10
-5.09057
 20
3.97933
 30
0.0
 10
-5.11527
 20
3.89819
 30
0.0
 10
-5.11527
 20
3.89819
 30
0.0
 10
-5.11527
 20
3.89819
 30
0.0
 10
-5.11527
 20
3.89819
 30
0.0
 10
-5.13291
 20
3.81352
 30
0.0
 10
-5.13291
 20
3.81352
 30
0.0
 10
-5.13291
 20
3.81352
 30
0.0
 10
-5.13291
 20
3.81352
 30
0.0
 10
-5.14349
 20
3.72885
 30
0.0
 10
-5.14349
 20
3.72885
 30
0.0
 10
-5.14349
 20
3.72885
 30
0.0
 10
-5.14349
 20
3.72885
 30
0.0
 10
-5.14702
 20
3.64419
 30
0.0
 10
-5.14702
 20
3.64419
 30
0.0
 10
-5.14702
 20
3.64419
 30
0.0
 10
-5.14702
 20
3.64419
 30
0.0
 10
-5.14349
 20
3.55952
 30
0.0
 10
-5.14349
 20
3.55952
 30
0.0
 10
-5.14349
 20
3.55952
 30
0.0
 10
-5.14349
 20
3.55952
 30
0.0
 10
-5.13291
 20
3.47485
 30
0.0
 10
-5.13291
 20
3.47485
 30
0.0
 10
-5.13291
 20
3.47485
 30
0.0
 10
-5.13291
 20
3.47485
 30
0.0
 10
-5.11527
 20
3.39019
 30
0.0
 10
-5.11527
 20
3.39019
 30
0.0
 10
-5.11527
 20
3.39019
 30
0.0
 10
-5.11527
 20
3.39019
 30
0.0
 10
-5.09057
 20
3.30905
 30
0.0
 10
-5.09057
 20
3.30905
 30
0.0
 10
-5.09057
 20
3.30905
 30
0.0
 10
-5.09057
 20
3.30905
 30
0.0
 10
-5.06235
 20
3.22791
 30
0.0
 10
-5.06235
 20
3.22791
 30
0.0
 10
-5.06235
 20
3.22791
 30
0.0
 10
-5.06235
 20
3.22791
 30
0.0
 10
-5.02707
 20
3.15383
 30
0.0
 10
-5.02707
 20
3.15383
 30
0.0
 10
-5.02707
 20
3.15383
 30
0.0
 10
-5.02707
 20
3.15383
 30
0.0
 10
-4.98121
 20
3.07974
 30
0.0
 10
-4.98121
 20
3.07974
 30
0.0
 10
-4.98121
 20
3.07974
 30
0.0
 10
-4.98121
 20
3.07974
 30
0.0
 10
-4.93535
 20
3.00919
 30
0.0
 10
-4.93535
 20
3.00919
 30
0.0
 10
-4.93535
 20
3.00919
 30
0.0
 10
-4.93535
 20
3.00919
 30
0.0
 10
-4.87891
 20
2.94216
 30
0.0
 10
-4.87891
 20
2.94216
 30
0.0
 10
-4.87891
 20
2.94216
 30
0.0
 10
-4.87891
 20
2.94216
 30
0.0
 10
-4.82246
 20
2.88219
 30
0.0
 10
-4.82246
 20
2.88219
 30
0.0
 10
-4.82246
 20
2.88219
 30
0.0
 10
-4.82246
 20
2.88219
 30
0.0
 10
-4.75896
 20
2.82574
 30
0.0
 10
-4.75896
 20
2.82574
 30
0.0
 10
-4.75896
 20
2.82574
 30
0.0
 10
-4.75896
 20
2.82574
 30
0.0
 10
-4.68841
 20
2.77283
 30
0.0
 10
-4.68841
 20
2.77283
 30
0.0
 10
-4.68841
 20
2.77283
 30
0.0
 10
-4.68841
 20
2.77283
 30
0.0
 10
-4.61785
 20
2.72697
 30
0.0
 10
-4.61785
 20
2.72697
 30
0.0
 10
-4.61785
 20
2.72697
 30
0.0
 10
-4.61785
 20
2.72697
 30
0.0
 10
-4.54377
 20
2.68816
 30
0.0
 10
-4.54377
 20
2.68816
 30
0.0
 10
-4.54377
 20
2.68816
 30
0.0
 10
-4.54377
 20
2.68816
 30
0.0
 10
-4.46263
 20
2.65641
 30
0.0
 10
-4.46263
 20
2.65641
 30
0.0
 10
-4.46263
 20
2.65641
 30
0.0
 10
-4.46263
 20
2.65641
 30
0.0
 10
-4.38502
 20
2.62819
 30
0.0
 10
-4.38502
 20
2.62819
 30
0.0
 10
-4.38502
 20
2.62819
 30
0.0
 10
-4.38502
 20
2.62819
 30
0.0
 10
-4.30035
 20
2.60702
 30
0.0
 10
-4.30035
 20
2.60702
 30
0.0
 10
-4.30035
 20
2.60702
 30
0.0
 10
-4.30035
 20
2.60702
 30
0.0
 10
-4.21568
 20
2.59644
 30
0.0
 10
-4.21568
 20
2.59644
 30
0.0
 10
-4.21568
 20
2.59644
 30
0.0
 10
-4.21568
 20
2.59644
 30
0.0
 10
-4.13102
 20
2.58938
 30
0.0
 10
-4.13102
 20
2.58938
 30
0.0
 10
-4.13102
 20
2.58938
 30
0.0
 10
-4.13102
 20
2.58938
 30
0.0
 10
-4.04635
 20
2.58938
 30
0.0
 10
-4.04635
 20
2.58938
 30
0.0
 10
-4.04635
 20
2.58938
 30
0.0
 10
-4.04635
 20
2.58938
 30
0.0
 10
-3.96168
 20
2.59644
 30
0.0
 10
-3.96168
 20
2.59644
 30
0.0
 10
-3.96168
 20
2.59644
 30
0.0
 10
-3.96168
 20
2.59644
 30
0.0
 10
-3.87702
 20
2.60702
 30
0.0
 10
-3.87702
 20
2.60702
 30
0.0
 10
-3.87702
 20
2.60702
 30
0.0
 10
-3.87702
 20
2.60702
 30
0.0
 10
-3.79588
 20
2.62819
 30
0.0
 10
-3.79588
 20
2.62819
 30
0.0
 10
-3.79588
 20
2.62819
 30
0.0
 10
-3.79588
 20
2.62819
 30
0.0
 10
-3.71474
 20
2.65641
 30
0.0
 10
-3.71474
 20
2.65641
 30
0.0
 10
-3.71474
 20
2.65641
 30
0.0
 10
-3.71474
 20
2.65641
 30
0.0
 10
-3.63713
 20
2.68816
 30
0.0
 10
-3.63713
 20
2.68816
 30
0.0
 10
-3.63713
 20
2.68816
 30
0.0
 10
-3.63713
 20
2.68816
 30
0.0
 10
-3.55952
 20
2.72697
 30
0.0
 10
-3.55952
 20
2.72697
 30
0.0
 10
-3.55952
 20
2.72697
 30
0.0
 10
-3.55952
 20
2.72697
 30
0.0
 10
-3.48896
 20
2.77283
 30
0.0
 10
-3.48896
 20
2.77283
 30
0.0
 10
-3.48896
 20
2.77283
 30
0.0
 10
-3.48896
 20
2.77283
 30
0.0
 10
-3.42193
 20
2.82574
 30
0.0
 10
-3.42193
 20
2.82574
 30
0.0
 10
-3.42193
 20
2.82574
 30
0.0
 10
-3.42193
 20
2.82574
 30
0.0
 10
-3.35843
 20
2.88219
 30
0.0
 10
-3.35843
 20
2.88219
 30
0.0
 10
-3.35843
 20
2.88219
 30
0.0
 10
-3.35843
 20
2.88219
 30
0.0
 10
-3.29846
 20
2.94216
 30
0.0
 10
-3.29846
 20
2.94216
 30
0.0
 10
-3.29846
 20
2.94216
 30
0.0
 10
-3.29846
 20
2.94216
 30
0.0
 10
-3.24555
 20
3.00919
 30
0.0
 10
-3.24555
 20
3.00919
 30
0.0
 10
-3.24555
 20
3.00919
 30
0.0
 10
-3.24555
 20
3.00919
 30
0.0
 10
-3.19616
 20
3.07974
 30
0.0
 10
-3.19616
 20
3.07974
 30
0.0
 10
-3.19616
 20
3.07974
 30
0.0
 10
-3.19616
 20
3.07974
 30
0.0
 10
-3.15382
 20
3.15383
 30
0.0
 10
-3.15382
 20
3.15383
 30
0.0
 10
-3.15382
 20
3.15383
 30
0.0
 10
-3.15382
 20
3.15383
 30
0.0
 10
-3.11855
 20
3.22791
 30
0.0
 10
-3.11855
 20
3.22791
 30
0.0
 10
-3.11855
 20
3.22791
 30
0.0
 10
-3.11855
 20
3.22791
 30
0.0
 10
-3.0868
 20
3.30905
 30
0.0
 10
-3.0868
 20
3.30905
 30
0.0
 10
-3.0868
 20
3.30905
 30
0.0
 10
-3.0868
 20
3.30905
 30
0.0
 10
-3.0621
 20
3.39019
 30
0.0
 10
-3.0621
 20
3.39019
 30
0.0
 10
-3.0621
 20
3.39019
 30
0.0
 10
-3.0621
 20
3.39019
 30
0.0
 10
-3.04799
 20
3.47485
 30
0.0
 10
-3.04799
 20
3.47485
 30
0.0
 10
-3.04799
 20
3.47485
 30
0.0
 10
-3.04799
 20
3.47485
 30
0.0
 10
-3.03741
 20
3.55952
 30
0.0
 10
-3.03741
 20
3.55952
 30
0.0
 10
-3.03741
 20
3.55952
 30
0.0
 10
-3.03741
 20
3.55952
 30
0.0
 10
-3.03388
 20
3.64419
 30
0.0
 10
-3.03388
 20
3.64419
 30
0.0
  0
SPLINE
  5
9D
330
1F
100
AcDbEntity
  8
Layer 1
 62
   250
370
    20
100
AcDbSpline
210
0.0
220
0.0
230
1.0
 70
     8
 71
     3
 72
    36
 73
    32
 74
     0
 42
0.000000001
 43
0.0000000001
 40
0.0
 40
0.0
 40
0.0
 40
0.0
 40
0.1111111111111111
 40
0.1111111111111111
 40
0.1111111111111111
 40
0.1111111211111111
 40
0.2222222222222222
 40
0.2222222222222222
 40
0.2222222222222222
 40
0.2222222322222222
 40
0.3333333333333333
 40
0.3333333333333333
 40
0.3333333333333333
 40
0.3333333433333333
 40
0.4444444444444444
 40
0.4444444444444444
 40
0.4444444444444444
 40
0.4444444544444444
 40
0.5555555555555556
 40
0.5555555555555556
 40
0.5555555555555556
 40
0.5555555655555556
 40
0.6666666666666666
 40
0.6666666666666666
 40
0.6666666666666666
 40
0.6666666766666667
 40
0.7777777777777778
 40
0.7777777777777778
 40
0.7777777777777778
 40
0.7777777877777778
 40
1.0
 40
1.0
 40
1.0
 40
1.0
 10
-5.95841
 20
5.40455
 30
0.0
 10
-5.95841
 20
5.40455
 30
0.0
 10
-5.96546
 20
5.40455
 30
0.0
 10
-5.96546
 20
5.40455
 30
0.0
 10
-5.96546
 20
5.40455
 30
0.0
 10
-5.96546
 20
5.40455
 30
0.0
 10
-5.96899
 20
5.40102
 30
0.0
 10
-5.96899
 20
5.40102
 30
0.0
 10
-5.96899
 20
5.40102
 30
0.0
 10
-5.96899
 20
5.40102
 30
0.0
 10
-5.97605
 20
5.39749
 30
0.0
 10
-5.97605
 20
5.39749
 30
0.0
 10
-5.97605
 20
5.39749
 30
0.0
 10
-5.97605
 20
5.39749
 30
0.0
 10
-5.97957
 20
5.39397
 30
0.0
 10
-5.97957
 20
5.39397
 30
0.0
 10
-5.97957
 20
5.39397
 30
0.0
 10
-5.97957
 20
5.39397
 30
0.0
 10
-5.9831
 20
5.39044
 30
0.0
 10
-5.9831
 20
5.39044
 30
0.0
 10
-5.9831
 20
5.39044
 30
0.0
 10
-5.9831
 20
5.39044
 30
0.0
 10
-5.98663
 20
5.38338
 30
0.0
 10
-5.98663
 20
5.38338
 30
0.0
 10
-5.98663
 20
5.38338
 30
0.0
 10
-5.98663
 20
5.38338
 30
0.0
 10
-5.99016
 20
5.37985
 30
0.0
 10
-5.99016
 20
5.37985
 30
0.0
 10
-5.99016
 20
5.37985
 30
0.0
 10
-5.99016
 20
5.37985
 30
0.0
 10
-5.99016
 20
5.3728
 30
0.0
 10
-5.99016
 20
5.3728
 30
0.0
  0
SPLINE
  5
9E
330
1F
100
AcDbEntity
  8
Layer 1
 62
   250
370
    20
100
AcDbSpline
210
0.0
220
0.0
230
1.0
 70
    24
 71
     3
 72
     8
 73
     4
 74
     0
 42
0.000000001
 43
0.0000000001
 40
0.0
 40
0.0
 40
0.0
 40
0.0
 40
1.0
 40
1.0
 40
1.0
 40
1.0
 10
-5.95841
 20
1.91558
 30
0.0
 10
-5.95841
 20
1.91558
 30
0.0
 10
-2.21896
 20
1.91558
 30
0.0
 10
-2.21896
 20
1.91558
 30
0.0
  0
SPLINE
  5
9F
330
1F
100
AcDbEntity
  8
Layer 1
 62
   250
370
    20
100
AcDbSpline
210
0.0
220
0.0
230
1.0
 70
    24
 71
     3
 72
    32
 73
    28
 74
     0
 42
0.000000001
 43
0.0000000001
 40
0.0
 40
0.0
 40
0.0
 40
0.0
 40
0.125
 40
0.125
 40
0.125
 40
0.12500001
 40
0.25
 40
0.25
 40
0.25
 40
0.25000001
 40
0.375
 40
0.375
 40
0.375
 40
0.37500001
 40
0.5
 40
0.5
 40
0.5
 40
0.50000001
 40
0.625
 40
0.625
 40
0.625
 40
0.62500001
 40
0.75
 40
0.75
 40
0.75
 40
0.75000001
 40
1.0
 40
1.0
 40
1.0
 40
1.0
 10
-2.21896
 20
1.91558
 30
0.0
 10
-2.21896
 20
1.91558
 30
0.0
 10
-2.21896
 20
1.90852
 30
0.0
 10
-2.21896
 20
1.90852
 30
0.0
 10
-2.21896
 20
1.90852
 30
0.0
 10
-2.21896
 20
1.90852
 30
0.0
 10
-2.21896
 20
1.90147
 30
0.0
 10
-2.21896
 20
1.90147
 30
0.0
 10
-2.21896
 20
1.90147
 30
0.0
 10
-2.21896
 20
1.90147
 30
0.0
 10
-2.21896
 20
1.89794
 30
0.0
 10
-2.21896
 20
1.89794
 30
0.0
 10
-2.21896
 20
1.89794
 30
0.0
 10
-2.21896
 20
1.89794
 30
0.0
 10
-2.21896
 20
1.89441
 30
0.0
 10
-2.21896
 20
1.89441
 30
0.0
 10
-2.21896
 20
1.89441
 30
0.0
 10
-2.21896
 20
1.89441
 30
0.0
 10
-2.21896
 20
1.89088
 30
0.0
 10
-2.21896
 20
1.89088
 30
0.0
 10
-2.21896
 20
1.89088
 30
0.0
 10
-2.21896
 20
1.89088
 30
0.0
 10
-2.21896
 20
1.88735
 30
0.0
 10
-2.21896
 20
1.88735
 30
0.0
 10
-2.21896
 20
1.88735
 30
0.0
 10
-2.21896
 20
1.88735
 30
0.0
 10
-2.21896
 20
1.88383
 30
0.0
 10
-2.21896
 20
1.88383
 30
0.0
  0
SPLINE
  5
A0
330
1F
100
AcDbEntity
  8
Layer 1
 62
   250
370
    20
100
AcDbSpline
210
0.0
220
0.0
230
1.0
 70
    24
 71
     3
 72
     8
 73
     4
 74
     0
 42
0.000000001
 43
0.0000000001
 40
0.0
 40
0.0
 40
0.0
 40
0.0
 40
1.0
 40
1.0
 40
1.0
 40
1.0
 10
-2.21896
 20
1.88383
 30
0.0
 10
-2.21896
 20
1.88383
 30
0.0
 10
-5.95841
 20
1.88383
 30
0.0
 10
-5.95841
 20
1.88383
 30
0.0
  0
SPLINE
  5
A1
330
1F
100
AcDbEntity
  8
Layer 1
 62
   250
370
    20
100
AcDbSpline
210
0.0
220
0.0
230
1.0
 70
    24
 71
     3
 72
    36
 73
    32
 74
     0
 42
0.000000001
 43
0.0000000001
 40
0.0
 40
0.0
 40
0.0
 40
0.0
 40
0.1111111111111111
 40
0.1111111111111111
 40
0.1111111111111111
 40
0.1111111211111111
 40
0.2222222222222222
 40
0.2222222222222222
 40
0.2222222222222222
 40
0.2222222322222222
 40
0.3333333333333333
 40
0.3333333333333333
 40
0.3333333333333333
 40
0.3333333433333333
 40
0.4444444444444444
 40
0.4444444444444444
 40
0.4444444444444444
 40
0.4444444544444444
 40
0.5555555555555556
 40
0.5555555555555556
 40
0.5555555555555556
 40
0.5555555655555556
 40
0.6666666666666666
 40
0.6666666666666666
 40
0.6666666666666666
 40
0.6666666766666667
 40
0.7777777777777778
 40
0.7777777777777778
 40
0.7777777777777778
 40
0.7777777877777778
 40
1.0
 40
1.0
 40
1.0
 40
1.0
 10
-5.95841
 20
1.88383
 30
0.0
 10
-5.95841
 20
1.88383
 30
0.0
 10
-5.95841
 20
1.88383
 30
0.0
 10
-5.95841
 20
1.88383
 30
0.0
 10
-5.95841
 20
1.88383
 30
0.0
 10
-5.95841
 20
1.88383
 30
0.0
 10
-5.95841
 20
1.88735
 30
0.0
 10
-5.95841
 20
1.88735
 30
0.0
 10
-5.95841
 20
1.88735
 30
0.0
 10
-5.95841
 20
1.88735
 30
0.0
 10
-5.95841
 20
1.89088
 30
0.0
 10
-5.95841
 20
1.89088
 30
0.0
 10
-5.95841
 20
1.89088
 30
0.0
 10
-5.95841
 20
1.89088
 30
0.0
 10
-5.95841
 20
1.89441
 30
0.0
 10
-5.95841
 20
1.89441
 30
0.0
 10
-5.95841
 20
1.89441
 30
0.0
 10
-5.95841
 20
1.89441
 30
0.0
 10
-5.95841
 20
1.89794
 30
0.0
 10
-5.95841
 20
1.89794
 30
0.0
 10
-5.95841
 20
1.89794
 30
0.0
 10
-5.95841
 20
1.89794
 30
0.0
 10
-5.95841
 20
1.90147
 30
0.0
 10
-5.95841
 20
1.90147
 30
0.0
 10
-5.95841
 20
1.90147
 30
0.0
 10
-5.95841
 20
1.90147
 30
0.0
 10
-5.95841
 20
1.90852
 30
0.0
 10
-5.95841
 20
1.90852
 30
0.0
 10
-5.95841
 20
1.90852
 30
0.0
 10
-5.95841
 20
1.90852
 30
0.0
 10
-5.95841
 20
1.91558
 30
0.0
 10
-5.95841
 20
1.91558
 30
0.0
  0
SPLINE
  5
A2
330
1F
100
AcDbEntity
  8
Layer 1
 62
   250
370
    20
100
AcDbSpline
210
0.0
220
0.0
230
1.0
 70
    24
 71
     3
 72
     8
 73
     4
 74
     0
 42
0.000000001
 43
0.0000000001
 40
0.0
 40
0.0
 40
0.0
 40
0.0
 40
1.0
 40
1.0
 40
1.0
 40
1.0
 10
-2.21896
 20
1.91558
 30
0.0
 10
-2.21896
 20
1.91558
 30
0.0
 10
-2.21896
 20
5.3728
 30
0.0
 10
-2.21896
 20
5.3728
 30
0.0
  0
SPLINE
  5
A3
330
1F
100
AcDbEntity
  8
Layer 1
 62
   250
370
    20
100
AcDbSpline
210
0.0
220
0.0
230
1.0
 70
     8
 71
     3
 72
    36
 73
    32
 74
     0
 42
0.000000001
 43
0.0000000001
 40
0.0
 40
0.0
 40
0.0
 40
0.0
 40
0.1111111111111111
 40
0.1111111111111111
 40
0.1111111111111111
 40
0.1111111211111111
 40
0.2222222222222222
 40
0.2222222222222222
 40
0.2222222222222222
 40
0.2222222322222222
 40
0.3333333333333333
 40
0.3333333333333333
 40
0.3333333333333333
 40
0.3333333433333333
 40
0.4444444444444444
 40
0.4444444444444444
 40
0.4444444444444444
 40
0.4444444544444444
 40
0.5555555555555556
 40
0.5555555555555556
 40
0.5555555555555556
 40
0.5555555655555556
 40
0.6666666666666666
 40
0.6666666666666666
 40
0.6666666666666666
 40
0.6666666766666667
 40
0.7777777777777778
 40
0.7777777777777778
 40
0.7777777777777778
 40
0.7777777877777778
 40
1.0
 40
1.0
 40
1.0
 40
1.0
 10
-5.99016
 20
1.91558
 30
0.0
 10
-5.99016
 20
1.91558
 30
0.0
 10
-5.99016
 20
1.90852
 30
0.0
 10
-5.99016
 20
1.90852
 30
0.0
 10
-5.99016
 20
1.90852
 30
0.0
 10
-5.99016
 20
1.90852
 30
0.0
 10
-5.98663
 20
1.90147
 30
0.0
 10
-5.98663
 20
1.90147
 30
0.0
 10
-5.98663
 20
1.90147
 30
0.0
 10
-5.98663
 20
1.90147
 30
0.0
 10
-5.9831
 20
1.89794
 30
0.0
 10
-5.9831
 20
1.89794
 30
0.0
 10
-5.9831
 20
1.89794
 30
0.0
 10
-5.9831
 20
1.89794
 30
0.0
 10
-5.97957
 20
1.89441
 30
0.0
 10
-5.97957
 20
1.89441
 30
0.0
 10
-5.97957
 20
1.89441
 30
0.0
 10
-5.97957
 20
1.89441
 30
0.0
 10
-5.97605
 20
1.89088
 30
0.0
 10
-5.97605
 20
1.89088
 30
0.0
 10
-5.97605
 20
1.89088
 30
0.0
 10
-5.97605
 20
1.89088
 30
0.0
 10
-5.96899
 20
1.88735
 30
0.0
 10
-5.96899
 20
1.88735
 30
0.0
 10
-5.96899
 20
1.88735
 30
0.0
 10
-5.96899
 20
1.88735
 30
0.0
 10
-5.96546
 20
1.88383
 30
0.0
 10
-5.96546
 20
1.88383
 30
0.0
 10
-5.96546
 20
1.88383
 30
0.0
 10
-5.96546
 20
1.88383
 30
0.0
 10
-5.95841
 20
1.88383
 30
0.0
 10
-5.95841
 20
1.88383
 30
0.0
  0
SPLINE
  5
A4
330
1F
100
AcDbEntity
  8
Layer 1
 62
   250
370
    20
100
AcDbSpline
210
0.0
220
0.0
230
1.0
 70
    24
 71
     3
 72
    28
 73
    24
 74
     0
 42
0.000000001
 43
0.0000000001
 40
0.0
 40
0.0
 40
0.0
 40
0.0
 40
0.1428571428571428
 40
0.1428571428571428
 40
0.1428571428571428
 40
0.1428571528571428
 40
0.2857142857142857
 40
0.2857142857142857
 40
0.2857142857142857
 40
0.2857142957142857
 40
0.4285714285714285
 40
0.4285714285714285
 40
0.4285714285714285
 40
0.4285714385714285
 40
0.5714285714285714
 40
0.5714285714285714
 40
0.5714285714285714
 40
0.5714285814285714
 40
0.7142857142857143
 40
0.7142857142857143
 40
0.7142857142857143
 40
0.7142857242857144
 40
1.0
 40
1.0
 40
1.0
 40
1.0
 10
-2.21896
 20
5.3728
 30
0.0
 10
-2.21896
 20
5.3728
 30
0.0
 10
-2.21543
 20
5.3728
 30
0.0
 10
-2.21543
 20
5.3728
 30
0.0
 10
-2.21543
 20
5.3728
 30
0.0
 10
-2.21543
 20
5.3728
 30
0.0
 10
-2.20838
 20
5.3728
 30
0.0
 10
-2.20838
 20
5.3728
 30
0.0
 10
-2.20838
 20
5.3728
 30
0.0
 10
-2.20838
 20
5.3728
 30
0.0
 10
-2.20485
 20
5.3728
 30
0.0
 10
-2.20485
 20
5.3728
 30
0.0
 10
-2.20485
 20
5.3728
 30
0.0
 10
-2.20485
 20
5.3728
 30
0.0
 10
-2.1978
 20
5.3728
 30
0.0
 10
-2.1978
 20
5.3728
 30
0.0
 10
-2.1978
 20
5.3728
 30
0.0
 10
-2.1978
 20
5.3728
 30
0.0
 10
-2.19427
 20
5.3728
 30
0.0
 10
-2.19427
 20
5.3728
 30
0.0
 10
-2.19427
 20
5.3728
 30
0.0
 10
-2.19427
 20
5.3728
 30
0.0
 10
-2.19074
 20
5.3728
 30
0.0
 10
-2.19074
 20
5.3728
 30
0.0
  0
SPLINE
  5
A5
330
1F
100
AcDbEntity
  8
Layer 1
 62
   250
370
    20
100
AcDbSpline
210
0.0
220
0.0
230
1.0
 70
    24
 71
     3
 72
     8
 73
     4
 74
     0
 42
0.000000001
 43
0.0000000001
 40
0.0
 40
0.0
 40
0.0
 40
0.0
 40
1.0
 40
1.0
 40
1.0
 40
1.0
 10
-2.19074
 20
5.3728
 30
0.0
 10
-2.19074
 20
5.3728
 30
0.0
 10
-2.19074
 20
1.91558
 30
0.0
 10
-2.19074
 20
1.91558
 30
0.0
  0
SPLINE
  5
A6
330
1F
100
AcDbEntity
  8
Layer 1
 62
   250
370
    20
100
AcDbSpline
210
0.0
220
0.0
230
1.0
 70
    24
 71
     3
 72
    28
 73
    24
 74
     0
 42
0.000000001
 43
0.0000000001
 40
0.0
 40
0.0
 40
0.0
 40
0.0
 40
0.1428571428571428
 40
0.1428571428571428
 40
0.1428571428571428
 40
0.1428571528571428
 40
0.2857142857142857
 40
0.2857142857142857
 40
0.2857142857142857
 40
0.2857142957142857
 40
0.4285714285714285
 40
0.4285714285714285
 40
0.4285714285714285
 40
0.4285714385714285
 40
0.5714285714285714
 40
0.5714285714285714
 40
0.5714285714285714
 40
0.5714285814285714
 40
0.7142857142857143
 40
0.7142857142857143
 40
0.7142857142857143
 40
0.7142857242857144
 40
1.0
 40
1.0
 40
1.0
 40
1.0
 10
-2.21896
 20
1.91558
 30
0.0
 10
-2.21896
 20
1.91558
 30
0.0
 10
-2.21543
 20
1.91558
 30
0.0
 10
-2.21543
 20
1.91558
 30
0.0
 10
-2.21543
 20
1.91558
 30
0.0
 10
-2.21543
 20
1.91558
 30
0.0
 10
-2.20838
 20
1.91558
 30
0.0
 10
-2.20838
 20
1.91558
 30
0.0
 10
-2.20838
 20
1.91558
 30
0.0
 10
-2.20838
 20
1.91558
 30
0.0
 10
-2.20485
 20
1.91558
 30
0.0
 10
-2.20485
 20
1.91558
 30
0.0
 10
-2.20485
 20
1.91558
 30
0.0
 10
-2.20485
 20
1.91558
 30
0.0
 10
-2.1978
 20
1.91558
 30
0.0
 10
-2.1978
 20
1.91558
 30
0.0
 10
-2.1978
 20
1.91558
 30
0.0
 10
-2.1978
 20
1.91558
 30
0.0
 10
-2.19427
 20
1.91558
 30
0.0
 10
-2.19427
 20
1.91558
 30
0.0
 10
-2.19427
 20
1.91558
 30
0.0
 10
-2.19427
 20
1.91558
 30
0.0
 10
-2.19074
 20
1.91558
 30
0.0
 10
-2.19074
 20
1.91558
 30
0.0
  0
SPLINE
  5
A7
330
1F
100
AcDbEntity
  8
Layer 1
 62
   250
370
    20
100
AcDbSpline
210
0.0
220
0.0
230
1.0
 70
     8
 71
     3
 72
    36
 73
    32
 74
     0
 42
0.000000001
 43
0.0000000001
 40
0.0
 40
0.0
 40
0.0
 40
0.0
 40
0.1111111111111111
 40
0.1111111111111111
 40
0.1111111111111111
 40
0.1111111211111111
 40
0.2222222222222222
 40
0.2222222222222222
 40
0.2222222222222222
 40
0.2222222322222222
 40
0.3333333333333333
 40
0.3333333333333333
 40
0.3333333333333333
 40
0.3333333433333333
 40
0.4444444444444444
 40
0.4444444444444444
 40
0.4444444444444444
 40
0.4444444544444444
 40
0.5555555555555556
 40
0.5555555555555556
 40
0.5555555555555556
 40
0.5555555655555556
 40
0.6666666666666666
 40
0.6666666666666666
 40
0.6666666666666666
 40
0.6666666766666667
 40
0.7777777777777778
 40
0.7777777777777778
 40
0.7777777777777778
 40
0.7777777877777778
 40
1.0
 40
1.0
 40
1.0
 40
1.0
 10
-2.19074
 20
5.3728
 30
0.0
 10
-2.19074
 20
5.3728
 30
0.0
 10
-2.19074
 20
5.37985
 30
0.0
 10
-2.19074
 20
5.37985
 30
0.0
 10
-2.19074
 20
5.37985
 30
0.0
 10
-2.19074
 20
5.37985
 30
0.0
 10
-2.19074
 20
5.38338
 30
0.0
 10
-2.19074
 20
5.38338
 30
0.0
 10
-2.19074
 20
5.38338
 30
0.0
 10
-2.19074
 20
5.38338
 30
0.0
 10
-2.19427
 20
5.39044
 30
0.0
 10
-2.19427
 20
5.39044
 30
0.0
 10
-2.19427
 20
5.39044
 30
0.0
 10
-2.19427
 20
5.39044
 30
0.0
 10
-2.1978
 20
5.39397
 30
0.0
 10
-2.1978
 20
5.39397
 30
0.0
 10
-2.1978
 20
5.39397
 30
0.0
 10
-2.1978
 20
5.39397
 30
0.0
 10
-2.20485
 20
5.39749
 30
0.0
 10
-2.20485
 20
5.39749
 30
0.0
 10
-2.20485
 20
5.39749
 30
0.0
 10
-2.20485
 20
5.39749
 30
0.0
 10
-2.20838
 20
5.40102
 30
0.0
 10
-2.20838
 20
5.40102
 30
0.0
 10
-2.20838
 20
5.40102
 30
0.0
 10
-2.20838
 20
5.40102
 30
0.0
 10
-2.21543
 20
5.40455
 30
0.0
 10
-2.21543
 20
5.40455
 30
0.0
 10
-2.21543
 20
5.40455
 30
0.0
 10
-2.21543
 20
5.40455
 30
0.0
 10
-2.21896
 20
5.40455
 30
0.0
 10
-2.21896
 20
5.40455
 30
0.0
  0
SPLINE
  5
A8
330
1F
100
AcDbEntity
  8
Layer 1
 62
   250
370
    20
100
AcDbSpline
210
0.0
220
0.0
230
1.0
 70
     8
 71
     3
 72
    36
 73
    32
 74
     0
 42
0.000000001
 43
0.0000000001
 40
0.0
 40
0.0
 40
0.0
 40
0.0
 40
0.1111111111111111
 40
0.1111111111111111
 40
0.1111111111111111
 40
0.1111111211111111
 40
0.2222222222222222
 40
0.2222222222222222
 40
0.2222222222222222
 40
0.2222222322222222
 40
0.3333333333333333
 40
0.3333333333333333
 40
0.3333333333333333
 40
0.3333333433333333
 40
0.4444444444444444
 40
0.4444444444444444
 40
0.4444444444444444
 40
0.4444444544444444
 40
0.5555555555555556
 40
0.5555555555555556
 40
0.5555555555555556
 40
0.5555555655555556
 40
0.6666666666666666
 40
0.6666666666666666
 40
0.6666666666666666
 40
0.6666666766666667
 40
0.7777777777777778
 40
0.7777777777777778
 40
0.7777777777777778
 40
0.7777777877777778
 40
1.0
 40
1.0
 40
1.0
 40
1.0
 10
-2.21896
 20
1.88383
 30
0.0
 10
-2.21896
 20
1.88383
 30
0.0
 10
-2.21543
 20
1.88383
 30
0.0
 10
-2.21543
 20
1.88383
 30
0.0
 10
-2.21543
 20
1.88383
 30
0.0
 10
-2.21543
 20
1.88383
 30
0.0
 10
-2.20838
 20
1.88735
 30
0.0
 10
-2.20838
 20
1.88735
 30
0.0
 10
-2.20838
 20
1.88735
 30
0.0
 10
-2.20838
 20
1.88735
 30
0.0
 10
-2.20485
 20
1.89088
 30
0.0
 10
-2.20485
 20
1.89088
 30
0.0
 10
-2.20485
 20
1.89088
 30
0.0
 10
-2.20485
 20
1.89088
 30
0.0
 10
-2.1978
 20
1.89441
 30
0.0
 10
-2.1978
 20
1.89441
 30
0.0
 10
-2.1978
 20
1.89441
 30
0.0
 10
-2.1978
 20
1.89441
 30
0.0
 10
-2.19427
 20
1.89794
 30
0.0
 10
-2.19427
 20
1.89794
 30
0.0
 10
-2.19427
 20
1.89794
 30
0.0
 10
-2.19427
 20
1.89794
 30
0.0
 10
-2.19074
 20
1.90147
 30
0.0
 10
-2.19074
 20
1.90147
 30
0.0
 10
-2.19074
 20
1.90147
 30
0.0
 10
-2.19074
 20
1.90147
 30
0.0
 10
-2.19074
 20
1.90852
 30
0.0
 10
-2.19074
 20
1.90852
 30
0.0
 10
-2.19074
 20
1.90852
 30
0.0
 10
-2.19074
 20
1.90852
 30
0.0
 10
-2.19074
 20
1.91558
 30
0.0
 10
-2.19074
 20
1.91558
 30
0.0
  0
SPLINE
  5
A9
330
1F
100
AcDbEntity
  8
Layer 1
 62
   250
370
    20
100
AcDbSpline
210
0.0
220
0.0
230
1.0
 70
    24
 71
     3
 72
     8
 73
     4
 74
     0
 42
0.000000001
 43
0.0000000001
 40
0.0
 40
0.0
 40
0.0
 40
0.0
 40
1.0
 40
1.0
 40
1.0
 40
1.0
 10
-5.96899
 20
5.41513
 30
0.0
 10
-5.96899
 20
5.41513
 30
0.0
 10
-5.95841
 20
5.40455
 30
0.0
 10
-5.95841
 20
5.40455
 30
0.0
  0
SPLINE
  5
AA
330
1F
100
AcDbEntity
  8
Layer 1
 62
   250
370
    20
100
AcDbSpline
210
0.0
220
0.0
230
1.0
 70
    24
 71
     3
 72
     8
 73
     4
 74
     0
 42
0.000000001
 43
0.0000000001
 40
0.0
 40
0.0
 40
0.0
 40
0.0
 40
1.0
 40
1.0
 40
1.0
 40
1.0
 10
-5.99016
 20
5.3728
 30
0.0
 10
-5.99016
 20
5.3728
 30
0.0
 10
-6.00074
 20
5.38338
 30
0.0
 10
-6.00074
 20
5.38338
 30
0.0
  0
SPLINE
  5
AB
330
1F
100
AcDbEntity
  8
Layer 1
 62
   250
370
    20
100
AcDbSpline
210
0.0
220
0.0
230
1.0
 70
     8
 71
     3
 72
    36
 73
    32
 74
     0
 42
0.000000001
 43
0.0000000001
 40
0.0
 40
0.0
 40
0.0
 40
0.0
 40
0.1111111111111111
 40
0.1111111111111111
 40
0.1111111111111111
 40
0.1111111211111111
 40
0.2222222222222222
 40
0.2222222222222222
 40
0.2222222222222222
 40
0.2222222322222222
 40
0.3333333333333333
 40
0.3333333333333333
 40
0.3333333333333333
 40
0.3333333433333333
 40
0.4444444444444444
 40
0.4444444444444444
 40
0.4444444444444444
 40
0.4444444544444444
 40
0.5555555555555556
 40
0.5555555555555556
 40
0.5555555555555556
 40
0.5555555655555556
 40
0.6666666666666666
 40
0.6666666666666666
 40
0.6666666666666666
 40
0.6666666766666667
 40
0.7777777777777778
 40
0.7777777777777778
 40
0.7777777777777778
 40
0.7777777877777778
 40
1.0
 40
1.0
 40
1.0
 40
1.0
 10
-6.00074
 20
5.38338
 30
0.0
 10
-6.00074
 20
5.38338
 30
0.0
 10
-6.00074
 20
5.39044
 30
0.0
 10
-6.00074
 20
5.39044
 30
0.0
 10
-6.00074
 20
5.39044
 30
0.0
 10
-6.00074
 20
5.39044
 30
0.0
 10
-5.99721
 20
5.39397
 30
0.0
 10
-5.99721
 20
5.39397
 30
0.0
 10
-5.99721
 20
5.39397
 30
0.0
 10
-5.99721
 20
5.39397
 30
0.0
 10
-5.99368
 20
5.40102
 30
0.0
 10
-5.99368
 20
5.40102
 30
0.0
 10
-5.99368
 20
5.40102
 30
0.0
 10
-5.99368
 20
5.40102
 30
0.0
 10
-5.99016
 20
5.40455
 30
0.0
 10
-5.99016
 20
5.40455
 30
0.0
 10
-5.99016
 20
5.40455
 30
0.0
 10
-5.99016
 20
5.40455
 30
0.0
 10
-5.98663
 20
5.40808
 30
0.0
 10
-5.98663
 20
5.40808
 30
0.0
 10
-5.98663
 20
5.40808
 30
0.0
 10
-5.98663
 20
5.40808
 30
0.0
 10
-5.97957
 20
5.4116
 30
0.0
 10
-5.97957
 20
5.4116
 30
0.0
 10
-5.97957
 20
5.4116
 30
0.0
 10
-5.97957
 20
5.4116
 30
0.0
 10
-5.97605
 20
5.4116
 30
0.0
 10
-5.97605
 20
5.4116
 30
0.0
 10
-5.97605
 20
5.4116
 30
0.0
 10
-5.97605
 20
5.4116
 30
0.0
 10
-5.96899
 20
5.41513
 30
0.0
 10
-5.96899
 20
5.41513
 30
0.0
  0
SPLINE
  5
AC
330
1F
100
AcDbEntity
  8
Layer 1
 62
   250
370
    20
100
AcDbSpline
210
0.0
220
0.0
230
1.0
 70
    24
 71
     3
 72
     8
 73
     4
 74
     0
 42
0.000000001
 43
0.0000000001
 40
0.0
 40
0.0
 40
0.0
 40
0.0
 40
1.0
 40
1.0
 40
1.0
 40
1.0
 10
-2.20838
 20
1.87324
 30
0.0
 10
-2.20838
 20
1.87324
 30
0.0
 10
-2.21896
 20
1.88383
 30
0.0
 10
-2.21896
 20
1.88383
 30
0.0
  0
SPLINE
  5
AD
330
1F
100
AcDbEntity
  8
Layer 1
 62
   250
370
    20
100
AcDbSpline
210
0.0
220
0.0
230
1.0
 70
    24
 71
     3
 72
     8
 73
     4
 74
     0
 42
0.000000001
 43
0.0000000001
 40
0.0
 40
0.0
 40
0.0
 40
0.0
 40
1.0
 40
1.0
 40
1.0
 40
1.0
 10
-2.19074
 20
1.91558
 30
0.0
 10
-2.19074
 20
1.91558
 30
0.0
 10
-2.18016
 20
1.90499
 30
0.0
 10
-2.18016
 20
1.90499
 30
0.0
  0
SPLINE
  5
AE
330
1F
100
AcDbEntity
  8
Layer 1
 62
   250
370
    20
100
AcDbSpline
210
0.0
220
0.0
230
1.0
 70
     8
 71
     3
 72
    36
 73
    32
 74
     0
 42
0.000000001
 43
0.0000000001
 40
0.0
 40
0.0
 40
0.0
 40
0.0
 40
0.1111111111111111
 40
0.1111111111111111
 40
0.1111111111111111
 40
0.1111111211111111
 40
0.2222222222222222
 40
0.2222222222222222
 40
0.2222222222222222
 40
0.2222222322222222
 40
0.3333333333333333
 40
0.3333333333333333
 40
0.3333333333333333
 40
0.3333333433333333
 40
0.4444444444444444
 40
0.4444444444444444
 40
0.4444444444444444
 40
0.4444444544444444
 40
0.5555555555555556
 40
0.5555555555555556
 40
0.5555555555555556
 40
0.5555555655555556
 40
0.6666666666666666
 40
0.6666666666666666
 40
0.6666666666666666
 40
0.6666666766666667
 40
0.7777777777777778
 40
0.7777777777777778
 40
0.7777777777777778
 40
0.7777777877777778
 40
1.0
 40
1.0
 40
1.0
 40
1.0
 10
-2.18016
 20
1.90499
 30
0.0
 10
-2.18016
 20
1.90499
 30
0.0
 10
-2.18016
 20
1.89794
 30
0.0
 10
-2.18016
 20
1.89794
 30
0.0
 10
-2.18016
 20
1.89794
 30
0.0
 10
-2.18016
 20
1.89794
 30
0.0
 10
-2.18016
 20
1.89088
 30
0.0
 10
-2.18016
 20
1.89088
 30
0.0
 10
-2.18016
 20
1.89088
 30
0.0
 10
-2.18016
 20
1.89088
 30
0.0
 10
-2.18368
 20
1.88735
 30
0.0
 10
-2.18368
 20
1.88735
 30
0.0
 10
-2.18368
 20
1.88735
 30
0.0
 10
-2.18368
 20
1.88735
 30
0.0
 10
-2.18721
 20
1.88383
 30
0.0
 10
-2.18721
 20
1.88383
 30
0.0
 10
-2.18721
 20
1.88383
 30
0.0
 10
-2.18721
 20
1.88383
 30
0.0
 10
-2.19427
 20
1.8803
 30
0.0
 10
-2.19427
 20
1.8803
 30
0.0
 10
-2.19427
 20
1.8803
 30
0.0
 10
-2.19427
 20
1.8803
 30
0.0
 10
-2.1978
 20
1.87677
 30
0.0
 10
-2.1978
 20
1.87677
 30
0.0
 10
-2.1978
 20
1.87677
 30
0.0
 10
-2.1978
 20
1.87677
 30
0.0
 10
-2.20485
 20
1.87324
 30
0.0
 10
-2.20485
 20
1.87324
 30
0.0
 10
-2.20485
 20
1.87324
 30
0.0
 10
-2.20485
 20
1.87324
 30
0.0
 10
-2.20838
 20
1.87324
 30
0.0
 10
-2.20838
 20
1.87324
 30
0.0
  0
SPLINE
  5
AF
330
1F
100
AcDbEntity
  8
Layer 1
 62
   250
370
    20
100
AcDbSpline
210
0.0
220
0.0
230
1.0
 70
    24
 71
     3
 72
     8
 73
     4
 74
     0
 42
0.000000001
 43
0.0000000001
 40
0.0
 40
0.0
 40
0.0
 40
0.0
 40
1.0
 40
1.0
 40
1.0
 40
1.0
 10
-6.00074
 20
1.90499
 30
0.0
 10
-6.00074
 20
1.90499
 30
0.0
 10
-5.99016
 20
1.91558
 30
0.0
 10
-5.99016
 20
1.91558
 30
0.0
  0
SPLINE
  5
B0
330
1F
100
AcDbEntity
  8
Layer 1
 62
   250
370
    20
100
AcDbSpline
210
0.0
220
0.0
230
1.0
 70
    24
 71
     3
 72
     8
 73
     4
 74
     0
 42
0.000000001
 43
0.0000000001
 40
0.0
 40
0.0
 40
0.0
 40
0.0
 40
1.0
 40
1.0
 40
1.0
 40
1.0
 10
-5.95841
 20
1.88383
 30
0.0
 10
-5.95841
 20
1.88383
 30
0.0
 10
-5.96899
 20
1.87324
 30
0.0
 10
-5.96899
 20
1.87324
 30
0.0
  0
SPLINE
  5
B1
330
1F
100
AcDbEntity
  8
Layer 1
 62
   250
370
    20
100
AcDbSpline
210
0.0
220
0.0
230
1.0
 70
     8
 71
     3
 72
    36
 73
    32
 74
     0
 42
0.000000001
 43
0.0000000001
 40
0.0
 40
0.0
 40
0.0
 40
0.0
 40
0.1111111111111111
 40
0.1111111111111111
 40
0.1111111111111111
 40
0.1111111211111111
 40
0.2222222222222222
 40
0.2222222222222222
 40
0.2222222222222222
 40
0.2222222322222222
 40
0.3333333333333333
 40
0.3333333333333333
 40
0.3333333333333333
 40
0.3333333433333333
 40
0.4444444444444444
 40
0.4444444444444444
 40
0.4444444444444444
 40
0.4444444544444444
 40
0.5555555555555556
 40
0.5555555555555556
 40
0.5555555555555556
 40
0.5555555655555556
 40
0.6666666666666666
 40
0.6666666666666666
 40
0.6666666666666666
 40
0.6666666766666667
 40
0.7777777777777778
 40
0.7777777777777778
 40
0.7777777777777778
 40
0.7777777877777778
 40
1.0
 40
1.0
 40
1.0
 40
1.0
 10
-5.96899
 20
1.87324
 30
0.0
 10
-5.96899
 20
1.87324
 30
0.0
 10
-5.97605
 20
1.87324
 30
0.0
 10
-5.97605
 20
1.87324
 30
0.0
 10
-5.97605
 20
1.87324
 30
0.0
 10
-5.97605
 20
1.87324
 30
0.0
 10
-5.97957
 20
1.87677
 30
0.0
 10
-5.97957
 20
1.87677
 30
0.0
 10
-5.97957
 20
1.87677
 30
0.0
 10
-5.97957
 20
1.87677
 30
0.0
 10
-5.98663
 20
1.8803
 30
0.0
 10
-5.98663
 20
1.8803
 30
0.0
 10
-5.98663
 20
1.8803
 30
0.0
 10
-5.98663
 20
1.8803
 30
0.0
 10
-5.99016
 20
1.88383
 30
0.0
 10
-5.99016
 20
1.88383
 30
0.0
 10
-5.99016
 20
1.88383
 30
0.0
 10
-5.99016
 20
1.88383
 30
0.0
 10
-5.99368
 20
1.88735
 30
0.0
 10
-5.99368
 20
1.88735
 30
0.0
 10
-5.99368
 20
1.88735
 30
0.0
 10
-5.99368
 20
1.88735
 30
0.0
 10
-5.99721
 20
1.89088
 30
0.0
 10
-5.99721
 20
1.89088
 30
0.0
 10
-5.99721
 20
1.89088
 30
0.0
 10
-5.99721
 20
1.89088
 30
0.0
 10
-6.00074
 20
1.89794
 30
0.0
 10
-6.00074
 20
1.89794
 30
0.0
 10
-6.00074
 20
1.89794
 30
0.0
 10
-6.00074
 20
1.89794
 30
0.0
 10
-6.00074
 20
1.90499
 30
0.0
 10
-6.00074
 20
1.90499
 30
0.0
  0
SPLINE
  5
B2
330
1F
100
AcDbEntity
  8
Layer 1
 62
   250
370
    20
100
AcDbSpline
210
0.0
220
0.0
230
1.0
 70
    24
 71
     3
 72
     8
 73
     4
 74
     0
 42
0.000000001
 43
0.0000000001
 40
0.0
 40
0.0
 40
0.0
 40
0.0
 40
1.0
 40
1.0
 40
1.0
 40
1.0
 10
-2.18016
 20
5.38338
 30
0.0
 10
-2.18016
 20
5.38338
 30
0.0
 10
-2.19074
 20
5.3728
 30
0.0
 10
-2.19074
 20
5.3728
 30
0.0
  0
SPLINE
  5
B3
330
1F
100
AcDbEntity
  8
Layer 1
 62
   250
370
    20
100
AcDbSpline
210
0.0
220
0.0
230
1.0
 70
    24
 71
     3
 72
     8
 73
     4
 74
     0
 42
0.000000001
 43
0.0000000001
 40
0.0
 40
0.0
 40
0.0
 40
0.0
 40
1.0
 40
1.0
 40
1.0
 40
1.0
 10
-2.21896
 20
5.40455
 30
0.0
 10
-2.21896
 20
5.40455
 30
0.0
 10
-2.20838
 20
5.41513
 30
0.0
 10
-2.20838
 20
5.41513
 30
0.0
  0
SPLINE
  5
B4
330
1F
100
AcDbEntity
  8
Layer 1
 62
   250
370
    20
100
AcDbSpline
210
0.0
220
0.0
230
1.0
 70
     8
 71
     3
 72
    36
 73
    32
 74
     0
 42
0.000000001
 43
0.0000000001
 40
0.0
 40
0.0
 40
0.0
 40
0.0
 40
0.1111111111111111
 40
0.1111111111111111
 40
0.1111111111111111
 40
0.1111111211111111
 40
0.2222222222222222
 40
0.2222222222222222
 40
0.2222222222222222
 40
0.2222222322222222
 40
0.3333333333333333
 40
0.3333333333333333
 40
0.3333333333333333
 40
0.3333333433333333
 40
0.4444444444444444
 40
0.4444444444444444
 40
0.4444444444444444
 40
0.4444444544444444
 40
0.5555555555555556
 40
0.5555555555555556
 40
0.5555555555555556
 40
0.5555555655555556
 40
0.6666666666666666
 40
0.6666666666666666
 40
0.6666666666666666
 40
0.6666666766666667
 40
0.7777777777777778
 40
0.7777777777777778
 40
0.7777777777777778
 40
0.7777777877777778
 40
1.0
 40
1.0
 40
1.0
 40
1.0
 10
-2.20838
 20
5.41513
 30
0.0
 10
-2.20838
 20
5.41513
 30
0.0
 10
-2.20485
 20
5.4116
 30
0.0
 10
-2.20485
 20
5.4116
 30
0.0
 10
-2.20485
 20
5.4116
 30
0.0
 10
-2.20485
 20
5.4116
 30
0.0
 10
-2.1978
 20
5.4116
 30
0.0
 10
-2.1978
 20
5.4116
 30
0.0
 10
-2.1978
 20
5.4116
 30
0.0
 10
-2.1978
 20
5.4116
 30
0.0
 10
-2.19427
 20
5.40808
 30
0.0
 10
-2.19427
 20
5.40808
 30
0.0
 10
-2.19427
 20
5.40808
 30
0.0
 10
-2.19427
 20
5.40808
 30
0.0
 10
-2.18721
 20
5.40455
 30
0.0
 10
-2.18721
 20
5.40455
 30
0.0
 10
-2.18721
 20
5.40455
 30
0.0
 10
-2.18721
 20
5.40455
 30
0.0
 10
-2.18368
 20
5.40102
 30
0.0
 10
-2.18368
 20
5.40102
 30
0.0
 10
-2.18368
 20
5.40102
 30
0.0
 10
-2.18368
 20
5.40102
 30
0.0
 10
-2.18016
 20
5.39397
 30
0.0
 10
-2.18016
 20
5.39397
 30
0.0
 10
-2.18016
 20
5.39397
 30
0.0
 10
-2.18016
 20
5.39397
 30
0.0
 10
-2.18016
 20
5.39044
 30
0.0
 10
-2.18016
 20
5.39044
 30
0.0
 10
-2.18016
 20
5.39044
 30
0.0
 10
-2.18016
 20
5.39044
 30
0.0
 10
-2.18016
 20
5.38338
 30
0.0
 10
-2.18016
 20
5.38338
 30
0.0
  0
SPLINE
  5
B5
330
1F
100
AcDbEntity
  8
Layer 1
 62
   250
370
    20
100
AcDbSpline
210
0.0
220
0.0
230
1.0
 70
    24
 71
     3
 72
     8
 73
     4
 74
     0
 42
0.000000001
 43
0.0000000001
 40
0.0
 40
0.0
 40
0.0
 40
0.0
 40
1.0
 40
1.0
 40
1.0
 40
1.0
 10
-2.32832
 20
1.87324
 30
0.0
 10
-2.32832
 20
1.87324
 30
0.0
 10
-2.20838
 20
1.87324
 30
0.0
 10
-2.20838
 20
1.87324
 30
0.0
  0
SPLINE
  5
B6
330
1F
100
AcDbEntity
  8
Layer 1
 62
   250
370
    20
100
AcDbSpline
210
0.0
220
0.0
230
1.0
 70
    24
 71
     3
 72
     8
 73
     4
 74
     0
 42
0.000000001
 43
0.0000000001
 40
0.0
 40
0.0
 40
0.0
 40
0.0
 40
1.0
 40
1.0
 40
1.0
 40
1.0
 10
-2.33538
 20
1.8803
 30
0.0
 10
-2.33538
 20
1.8803
 30
0.0
 10
-2.32832
 20
1.87324
 30
0.0
 10
-2.32832
 20
1.87324
 30
0.0
  0
SPLINE
  5
B7
330
1F
100
AcDbEntity
  8
Layer 1
 62
   250
370
    20
100
AcDbSpline
210
0.0
220
0.0
230
1.0
 70
    24
 71
     3
 72
     8
 73
     4
 74
     0
 42
0.000000001
 43
0.0000000001
 40
0.0
 40
0.0
 40
0.0
 40
0.0
 40
1.0
 40
1.0
 40
1.0
 40
1.0
 10
-2.33538
 20
1.8803
 30
0.0
 10
-2.33538
 20
1.8803
 30
0.0
 10
-5.84552
 20
1.8803
 30
0.0
 10
-5.84552
 20
1.8803
 30
0.0
  0
SPLINE
  5
B8
330
1F
100
AcDbEntity
  8
Layer 1
 62
   250
370
    20
100
AcDbSpline
210
0.0
220
0.0
230
1.0
 70
    24
 71
     3
 72
     8
 73
     4
 74
     0
 42
0.000000001
 43
0.0000000001
 40
0.0
 40
0.0
 40
0.0
 40
0.0
 40
1.0
 40
1.0
 40
1.0
 40
1.0
 10
-5.84905
 20
1.87324
 30
0.0
 10
-5.84905
 20
1.87324
 30
0.0
 10
-5.84552
 20
1.8803
 30
0.0
 10
-5.84552
 20
1.8803
 30
0.0
  0
SPLINE
  5
B9
330
1F
100
AcDbEntity
  8
Layer 1
 62
   250
370
    20
100
AcDbSpline
210
0.0
220
0.0
230
1.0
 70
    24
 71
     3
 72
     8
 73
     4
 74
     0
 42
0.000000001
 43
0.0000000001
 40
0.0
 40
0.0
 40
0.0
 40
0.0
 40
1.0
 40
1.0
 40
1.0
 40
1.0
 10
-5.96899
 20
1.87324
 30
0.0
 10
-5.96899
 20
1.87324
 30
0.0
 10
-5.84905
 20
1.87324
 30
0.0
 10
-5.84905
 20
1.87324
 30
0.0
  0
SPLINE
  5
BA
330
1F
100
AcDbEntity
  8
Layer 1
 62
   250
370
    20
100
AcDbSpline
210
0.0
220
0.0
230
1.0
 70
    24
 71
     3
 72
     8
 73
     4
 74
     0
 42
0.000000001
 43
0.0000000001
 40
0.0
 40
0.0
 40
0.0
 40
0.0
 40
1.0
 40
1.0
 40
1.0
 40
1.0
 10
-2.32832
 20
5.41513
 30
0.0
 10
-2.32832
 20
5.41513
 30
0.0
 10
-2.33538
 20
5.40808
 30
0.0
 10
-2.33538
 20
5.40808
 30
0.0
  0
SPLINE
  5
BB
330
1F
100
AcDbEntity
  8
Layer 1
 62
   250
370
    20
100
AcDbSpline
210
0.0
220
0.0
230
1.0
 70
    24
 71
     3
 72
     8
 73
     4
 74
     0
 42
0.000000001
 43
0.0000000001
 40
0.0
 40
0.0
 40
0.0
 40
0.0
 40
1.0
 40
1.0
 40
1.0
 40
1.0
 10
-2.20838
 20
5.41513
 30
0.0
 10
-2.20838
 20
5.41513
 30
0.0
 10
-2.32832
 20
5.41513
 30
0.0
 10
-2.32832
 20
5.41513
 30
0.0
  0
SPLINE
  5
BC
330
1F
100
AcDbEntity
  8
Layer 1
 62
   250
370
    20
100
AcDbSpline
210
0.0
220
0.0
230
1.0
 70
    24
 71
     3
 72
     8
 73
     4
 74
     0
 42
0.000000001
 43
0.0000000001
 40
0.0
 40
0.0
 40
0.0
 40
0.0
 40
1.0
 40
1.0
 40
1.0
 40
1.0
 10
-5.84905
 20
5.41513
 30
0.0
 10
-5.84905
 20
5.41513
 30
0.0
 10
-5.96899
 20
5.41513
 30
0.0
 10
-5.96899
 20
5.41513
 30
0.0
  0
SPLINE
  5
BD
330
1F
100
AcDbEntity
  8
Layer 1
 62
   250
370
    20
100
AcDbSpline
210
0.0
220
0.0
230
1.0
 70
    24
 71
     3
 72
     8
 73
     4
 74
     0
 42
0.000000001
 43
0.0000000001
 40
0.0
 40
0.0
 40
0.0
 40
0.0
 40
1.0
 40
1.0
 40
1.0
 40
1.0
 10
-5.84552
 20
5.40808
 30
0.0
 10
-5.84552
 20
5.40808
 30
0.0
 10
-5.84905
 20
5.41513
 30
0.0
 10
-5.84905
 20
5.41513
 30
0.0
  0
SPLINE
  5
BE
330
1F
100
AcDbEntity
  8
Layer 1
 62
   250
370
    20
100
AcDbSpline
210
0.0
220
0.0
230
1.0
 70
    24
 71
     3
 72
     8
 73
     4
 74
     0
 42
0.000000001
 43
0.0000000001
 40
0.0
 40
0.0
 40
0.0
 40
0.0
 40
1.0
 40
1.0
 40
1.0
 40
1.0
 10
-5.84552
 20
5.40808
 30
0.0
 10
-5.84552
 20
5.40808
 30
0.0
 10
-2.33538
 20
5.40808
 30
0.0
 10
-2.33538
 20
5.40808
 30
0.0
  0
SPLINE
  5
BF
330
1F
100
AcDbEntity
  8
Layer 1
 62
   250
370
    20
100
AcDbSpline
210
0.0
220
0.0
230
1.0
 70
    24
 71
     3
 72
     8
 73
     4
 74
     0
 42
0.000000001
 43
0.0000000001
 40
0.0
 40
0.0
 40
0.0
 40
0.0
 40
1.0
 40
1.0
 40
1.0
 40
1.0
 10
-2.18016
 20
3.49249
 30
0.0
 10
-2.18016
 20
3.49249
 30
0.0
 10
-2.18016
 20
3.79235
 30
0.0
 10
-2.18016
 20
3.79235
 30
0.0
  0
SPLINE
  5
C0
330
1F
100
AcDbEntity
  8
Layer 1
 62
   250
370
    20
100
AcDbSpline
210
0.0
220
0.0
230
1.0
 70
    24
 71
     3
 72
     8
 73
     4
 74
     0
 42
0.000000001
 43
0.0000000001
 40
0.0
 40
0.0
 40
0.0
 40
0.0
 40
1.0
 40
1.0
 40
1.0
 40
1.0
 10
-2.18368
 20
1.95791
 30
0.0
 10
-2.18368
 20
1.95791
 30
0.0
 10
-2.18368
 20
2.44474
 30
0.0
 10
-2.18368
 20
2.44474
 30
0.0
  0
SPLINE
  5
C1
330
1F
100
AcDbEntity
  8
Layer 1
 62
   250
370
    20
100
AcDbSpline
210
0.0
220
0.0
230
1.0
 70
    24
 71
     3
 72
     8
 73
     4
 74
     0
 42
0.000000001
 43
0.0000000001
 40
0.0
 40
0.0
 40
0.0
 40
0.0
 40
1.0
 40
1.0
 40
1.0
 40
1.0
 10
-2.18368
 20
4.84363
 30
0.0
 10
-2.18368
 20
4.84363
 30
0.0
 10
-2.18368
 20
5.33047
 30
0.0
 10
-2.18368
 20
5.33047
 30
0.0
  0
SPLINE
  5
C2
330
1F
100
AcDbEntity
  8
Layer 1
 62
   250
370
    20
100
AcDbSpline
210
0.0
220
0.0
230
1.0
 70
    24
 71
     3
 72
     8
 73
     4
 74
     0
 42
0.000000001
 43
0.0000000001
 40
0.0
 40
0.0
 40
0.0
 40
0.0
 40
1.0
 40
1.0
 40
1.0
 40
1.0
 10
-5.99368
 20
2.44474
 30
0.0
 10
-5.99368
 20
2.44474
 30
0.0
 10
-5.99368
 20
1.95791
 30
0.0
 10
-5.99368
 20
1.95791
 30
0.0
  0
SPLINE
  5
C3
330
1F
100
AcDbEntity
  8
Layer 1
 62
   250
370
    20
100
AcDbSpline
210
0.0
220
0.0
230
1.0
 70
    24
 71
     3
 72
     8
 73
     4
 74
     0
 42
0.000000001
 43
0.0000000001
 40
0.0
 40
0.0
 40
0.0
 40
0.0
 40
1.0
 40
1.0
 40
1.0
 40
1.0
 10
-6.00074
 20
3.79235
 30
0.0
 10
-6.00074
 20
3.79235
 30
0.0
 10
-6.00074
 20
3.49249
 30
0.0
 10
-6.00074
 20
3.49249
 30
0.0
  0
SPLINE
  5
C4
330
1F
100
AcDbEntity
  8
Layer 1
 62
   250
370
    20
100
AcDbSpline
210
0.0
220
0.0
230
1.0
 70
    24
 71
     3
 72
     8
 73
     4
 74
     0
 42
0.000000001
 43
0.0000000001
 40
0.0
 40
0.0
 40
0.0
 40
0.0
 40
1.0
 40
1.0
 40
1.0
 40
1.0
 10
-5.99368
 20
5.33047
 30
0.0
 10
-5.99368
 20
5.33047
 30
0.0
 10
-5.99368
 20
4.84363
 30
0.0
 10
-5.99368
 20
4.84363
 30
0.0
  0
SPLINE
  5
C5
330
1F
100
AcDbEntity
  8
Layer 1
 62
   250
370
    20
100
AcDbSpline
210
0.0
220
0.0
230
1.0
 70
    24
 71
     3
 72
     8
 73
     4
 74
     0
 42
0.000000001
 43
0.0000000001
 40
0.0
 40
0.0
 40
0.0
 40
0.0
 40
1.0
 40
1.0
 40
1.0
 40
1.0
 10
-2.18016
 20
1.95791
 30
0.0
 10
-2.18016
 20
1.95791
 30
0.0
 10
-2.18368
 20
1.95791
 30
0.0
 10
-2.18368
 20
1.95791
 30
0.0
  0
SPLINE
  5
C6
330
1F
100
AcDbEntity
  8
Layer 1
 62
   250
370
    20
100
AcDbSpline
210
0.0
220
0.0
230
1.0
 70
    24
 71
     3
 72
     8
 73
     4
 74
     0
 42
0.000000001
 43
0.0000000001
 40
0.0
 40
0.0
 40
0.0
 40
0.0
 40
1.0
 40
1.0
 40
1.0
 40
1.0
 10
-2.18368
 20
2.44474
 30
0.0
 10
-2.18368
 20
2.44474
 30
0.0
 10
-2.18016
 20
2.44474
 30
0.0
 10
-2.18016
 20
2.44474
 30
0.0
  0
SPLINE
  5
C7
330
1F
100
AcDbEntity
  8
Layer 1
 62
   250
370
    20
100
AcDbSpline
210
0.0
220
0.0
230
1.0
 70
    24
 71
     3
 72
     8
 73
     4
 74
     0
 42
0.000000001
 43
0.0000000001
 40
0.0
 40
0.0
 40
0.0
 40
0.0
 40
1.0
 40
1.0
 40
1.0
 40
1.0
 10
-2.18016
 20
4.84363
 30
0.0
 10
-2.18016
 20
4.84363
 30
0.0
 10
-2.18368
 20
4.84363
 30
0.0
 10
-2.18368
 20
4.84363
 30
0.0
  0
SPLINE
  5
C8
330
1F
100
AcDbEntity
  8
Layer 1
 62
   250
370
    20
100
AcDbSpline
210
0.0
220
0.0
230
1.0
 70
    24
 71
     3
 72
     8
 73
     4
 74
     0
 42
0.000000001
 43
0.0000000001
 40
0.0
 40
0.0
 40
0.0
 40
0.0
 40
1.0
 40
1.0
 40
1.0
 40
1.0
 10
-2.18368
 20
5.33047
 30
0.0
 10
-2.18368
 20
5.33047
 30
0.0
 10
-2.18016
 20
5.33047
 30
0.0
 10
-2.18016
 20
5.33047
 30
0.0
  0
SPLINE
  5
C9
330
1F
100
AcDbEntity
  8
Layer 1
 62
   250
370
    20
100
AcDbSpline
210
0.0
220
0.0
230
1.0
 70
    24
 71
     3
 72
     8
 73
     4
 74
     0
 42
0.000000001
 43
0.0000000001
 40
0.0
 40
0.0
 40
0.0
 40
0.0
 40
1.0
 40
1.0
 40
1.0
 40
1.0
 10
-5.99368
 20
1.95791
 30
0.0
 10
-5.99368
 20
1.95791
 30
0.0
 10
-6.00074
 20
1.95791
 30
0.0
 10
-6.00074
 20
1.95791
 30
0.0
  0
SPLINE
  5
CA
330
1F
100
AcDbEntity
  8
Layer 1
 62
   250
370
    20
100
AcDbSpline
210
0.0
220
0.0
230
1.0
 70
    24
 71
     3
 72
     8
 73
     4
 74
     0
 42
0.000000001
 43
0.0000000001
 40
0.0
 40
0.0
 40
0.0
 40
0.0
 40
1.0
 40
1.0
 40
1.0
 40
1.0
 10
-6.00074
 20
2.44474
 30
0.0
 10
-6.00074
 20
2.44474
 30
0.0
 10
-5.99368
 20
2.44474
 30
0.0
 10
-5.99368
 20
2.44474
 30
0.0
  0
SPLINE
  5
CB
330
1F
100
AcDbEntity
  8
Layer 1
 62
   250
370
    20
100
AcDbSpline
210
0.0
220
0.0
230
1.0
 70
    24
 71
     3
 72
     8
 73
     4
 74
     0
 42
0.000000001
 43
0.0000000001
 40
0.0
 40
0.0
 40
0.0
 40
0.0
 40
1.0
 40
1.0
 40
1.0
 40
1.0
 10
-6.00074
 20
5.33047
 30
0.0
 10
-6.00074
 20
5.33047
 30
0.0
 10
-5.99368
 20
5.33047
 30
0.0
 10
-5.99368
 20
5.33047
 30
0.0
  0
SPLINE
  5
CC
330
1F
100
AcDbEntity
  8
Layer 1
 62
   250
370
    20
100
AcDbSpline
210
0.0
220
0.0
230
1.0
 70
    24
 71
     3
 72
     8
 73
     4
 74
     0
 42
0.000000001
 43
0.0000000001
 40
0.0
 40
0.0
 40
0.0
 40
0.0
 40
1.0
 40
1.0
 40
1.0
 40
1.0
 10
-5.99368
 20
4.84363
 30
0.0
 10
-5.99368
 20
4.84363
 30
0.0
 10
-6.00074
 20
4.84363
 30
0.0
 10
-6.00074
 20
4.84363
 30
0.0
  0
SPLINE
  5
CD
330
1F
100
AcDbEntity
  8
Layer 1
 62
   250
370
    20
100
AcDbSpline
210
0.0
220
0.0
230
1.0
 70
    24
 71
     3
 72
     8
 73
     4
 74
     0
 42
0.000000001
 43
0.0000000001
 40
0.0
 40
0.0
 40
0.0
 40
0.0
 40
1.0
 40
1.0
 40
1.0
 40
1.0
 10
-4.02518
 20
1.86266
 30
0.0
 10
-4.02518
 20
1.86266
 30
0.0
 10
-4.03224
 20
1.8803
 30
0.0
 10
-4.03224
 20
1.8803
 30
0.0
  0
SPLINE
  5
CE
330
1F
100
AcDbEntity
  8
Layer 1
 62
   250
370
    20
100
AcDbSpline
210
0.0
220
0.0
230
1.0
 70
    24
 71
     3
 72
     8
 73
     4
 74
     0
 42
0.000000001
 43
0.0000000001
 40
0.0
 40
0.0
 40
0.0
 40
0.0
 40
1.0
 40
1.0
 40
1.0
 40
1.0
 10
-4.14866
 20
1.8803
 30
0.0
 10
-4.14866
 20
1.8803
 30
0.0
 10
-4.14866
 20
1.87324
 30
0.0
 10
-4.14866
 20
1.87324
 30
0.0
  0
SPLINE
  5
CF
330
1F
100
AcDbEntity
  8
Layer 1
 62
   250
370
    20
100
AcDbSpline
210
0.0
220
0.0
230
1.0
 70
    24
 71
     3
 72
     8
 73
     4
 74
     0
 42
0.000000001
 43
0.0000000001
 40
0.0
 40
0.0
 40
0.0
 40
0.0
 40
1.0
 40
1.0
 40
1.0
 40
1.0
 10
-2.16958
 20
3.49249
 30
0.0
 10
-2.16958
 20
3.49249
 30
0.0
 10
-2.18016
 20
3.49249
 30
0.0
 10
-2.18016
 20
3.49249
 30
0.0
  0
SPLINE
  5
D0
330
1F
100
AcDbEntity
  8
Layer 1
 62
   250
370
    20
100
AcDbSpline
210
0.0
220
0.0
230
1.0
 70
    24
 71
     3
 72
     8
 73
     4
 74
     0
 42
0.000000001
 43
0.0000000001
 40
0.0
 40
0.0
 40
0.0
 40
0.0
 40
1.0
 40
1.0
 40
1.0
 40
1.0
 10
-2.16958
 20
3.79235
 30
0.0
 10
-2.16958
 20
3.79235
 30
0.0
 10
-2.18016
 20
3.79235
 30
0.0
 10
-2.18016
 20
3.79235
 30
0.0
  0
SPLINE
  5
D1
330
1F
100
AcDbEntity
  8
Layer 1
 62
   250
370
    20
100
AcDbSpline
210
0.0
220
0.0
230
1.0
 70
    24
 71
     3
 72
     8
 73
     4
 74
     0
 42
0.000000001
 43
0.0000000001
 40
0.0
 40
0.0
 40
0.0
 40
0.0
 40
1.0
 40
1.0
 40
1.0
 40
1.0
 10
-2.18016
 20
3.79235
 30
0.0
 10
-2.18016
 20
3.79235
 30
0.0
 10
-2.18016
 20
5.42924
 30
0.0
 10
-2.18016
 20
5.42924
 30
0.0
  0
SPLINE
  5
D2
330
1F
100
AcDbEntity
  8
Layer 1
 62
   250
370
    20
100
AcDbSpline
210
0.0
220
0.0
230
1.0
 70
    24
 71
     3
 72
     8
 73
     4
 74
     0
 42
0.000000001
 43
0.0000000001
 40
0.0
 40
0.0
 40
0.0
 40
0.0
 40
1.0
 40
1.0
 40
1.0
 40
1.0
 10
-2.18016
 20
5.42924
 30
0.0
 10
-2.18016
 20
5.42924
 30
0.0
 10
-3.94052
 20
5.42924
 30
0.0
 10
-3.94052
 20
5.42924
 30
0.0
  0
SPLINE
  5
D3
330
1F
100
AcDbEntity
  8
Layer 1
 62
   250
370
    20
100
AcDbSpline
210
0.0
220
0.0
230
1.0
 70
    24
 71
     3
 72
     8
 73
     4
 74
     0
 42
0.000000001
 43
0.0000000001
 40
0.0
 40
0.0
 40
0.0
 40
0.0
 40
1.0
 40
1.0
 40
1.0
 40
1.0
 10
-3.94052
 20
5.42924
 30
0.0
 10
-3.94052
 20
5.42924
 30
0.0
 10
-3.94052
 20
5.4363
 30
0.0
 10
-3.94052
 20
5.4363
 30
0.0
  0
SPLINE
  5
D4
330
1F
100
AcDbEntity
  8
Layer 1
 62
   250
370
    20
100
AcDbSpline
210
0.0
220
0.0
230
1.0
 70
    24
 71
     3
 72
     8
 73
     4
 74
     0
 42
0.000000001
 43
0.0000000001
 40
0.0
 40
0.0
 40
0.0
 40
0.0
 40
1.0
 40
1.0
 40
1.0
 40
1.0
 10
-4.24038
 20
5.42924
 30
0.0
 10
-4.24038
 20
5.42924
 30
0.0
 10
-4.24038
 20
5.4363
 30
0.0
 10
-4.24038
 20
5.4363
 30
0.0
  0
SPLINE
  5
D5
330
1F
100
AcDbEntity
  8
Layer 1
 62
   250
370
    20
100
AcDbSpline
210
0.0
220
0.0
230
1.0
 70
    24
 71
     3
 72
     8
 73
     4
 74
     0
 42
0.000000001
 43
0.0000000001
 40
0.0
 40
0.0
 40
0.0
 40
0.0
 40
1.0
 40
1.0
 40
1.0
 40
1.0
 10
-4.24038
 20
5.42924
 30
0.0
 10
-4.24038
 20
5.42924
 30
0.0
 10
-6.00074
 20
5.42924
 30
0.0
 10
-6.00074
 20
5.42924
 30
0.0
  0
SPLINE
  5
D6
330
1F
100
AcDbEntity
  8
Layer 1
 62
   250
370
    20
100
AcDbSpline
210
0.0
220
0.0
230
1.0
 70
    24
 71
     3
 72
     8
 73
     4
 74
     0
 42
0.000000001
 43
0.0000000001
 40
0.0
 40
0.0
 40
0.0
 40
0.0
 40
1.0
 40
1.0
 40
1.0
 40
1.0
 10
-6.00074
 20
5.42924
 30
0.0
 10
-6.00074
 20
5.42924
 30
0.0
 10
-6.00074
 20
3.79235
 30
0.0
 10
-6.00074
 20
3.79235
 30
0.0
  0
SPLINE
  5
D7
330
1F
100
AcDbEntity
  8
Layer 1
 62
   250
370
    20
100
AcDbSpline
210
0.0
220
0.0
230
1.0
 70
    24
 71
     3
 72
     8
 73
     4
 74
     0
 42
0.000000001
 43
0.0000000001
 40
0.0
 40
0.0
 40
0.0
 40
0.0
 40
1.0
 40
1.0
 40
1.0
 40
1.0
 10
-6.00074
 20
3.79235
 30
0.0
 10
-6.00074
 20
3.79235
 30
0.0
 10
-6.00781
 20
3.79235
 30
0.0
 10
-6.00781
 20
3.79235
 30
0.0
  0
SPLINE
  5
D8
330
1F
100
AcDbEntity
  8
Layer 1
 62
   250
370
    20
100
AcDbSpline
210
0.0
220
0.0
230
1.0
 70
    24
 71
     3
 72
     8
 73
     4
 74
     0
 42
0.000000001
 43
0.0000000001
 40
0.0
 40
0.0
 40
0.0
 40
0.0
 40
1.0
 40
1.0
 40
1.0
 40
1.0
 10
-6.00074
 20
3.49249
 30
0.0
 10
-6.00074
 20
3.49249
 30
0.0
 10
-6.00781
 20
3.49249
 30
0.0
 10
-6.00781
 20
3.49249
 30
0.0
  0
SPLINE
  5
D9
330
1F
100
AcDbEntity
  8
Layer 1
370
    25
100
AcDbSpline
210
0.0
220
0.0
230
1.0
 70
     8
 71
     3
 72
    24
 73
    20
 74
     0
 42
0.000000001
 43
0.0000000001
 40
0.0
 40
0.0
 40
0.0
 40
0.0
 40
0.1666666666666667
 40
0.1666666666666667
 40
0.1666666666666667
 40
0.1666666766666667
 40
0.3333333333333333
 40
0.3333333333333333
 40
0.3333333333333333
 40
0.3333333433333333
 40
0.5
 40
0.5
 40
0.5
 40
0.50000001
 40
0.6666666666666666
 40
0.6666666666666666
 40
0.6666666666666666
 40
0.6666666766666667
 40
1.0
 40
1.0
 40
1.0
 40
1.0
 10
-0.81845
 20
-3.5807
 30
0.0
 10
-0.81845
 20
-3.5807
 30
0.0
 10
-0.81492
 20
-3.59834
 30
0.0
 10
-0.81492
 20
-3.59834
 30
0.0
 10
-0.81492
 20
-3.59834
 30
0.0
 10
-0.81492
 20
-3.59834
 30
0.0
 10
-0.80786
 20
-3.61245
 30
0.0
 10
-0.80786
 20
-3.61245
 30
0.0
 10
-0.80786
 20
-3.61245
 30
0.0
 10
-0.80786
 20
-3.61245
 30
0.0
 10
-0.79375
 20
-3.62303
 30
0.0
 10
-0.79375
 20
-3.62303
 30
0.0
 10
-0.79375
 20
-3.62303
 30
0.0
 10
-0.79375
 20
-3.62303
 30
0.0
 10
-0.77964
 20
-3.63009
 30
0.0
 10
-0.77964
 20
-3.63009
 30
0.0
 10
-0.77964
 20
-3.63009
 30
0.0
 10
-0.77964
 20
-3.63009
 30
0.0
 10
-0.76906
 20
-3.63009
 30
0.0
 10
-0.76906
 20
-3.63009
 30
0.0
  0
SPLINE
  5
DA
330
1F
100
AcDbEntity
  8
Layer 1
370
    25
100
AcDbSpline
210
0.0
220
0.0
230
1.0
 70
     8
 71
     3
 72
    24
 73
    20
 74
     0
 42
0.000000001
 43
0.0000000001
 40
0.0
 40
0.0
 40
0.0
 40
0.0
 40
0.1666666666666667
 40
0.1666666666666667
 40
0.1666666666666667
 40
0.1666666766666667
 40
0.3333333333333333
 40
0.3333333333333333
 40
0.3333333333333333
 40
0.3333333433333333
 40
0.5
 40
0.5
 40
0.5
 40
0.50000001
 40
0.6666666666666666
 40
0.6666666666666666
 40
0.6666666666666666
 40
0.6666666766666667
 40
1.0
 40
1.0
 40
1.0
 40
1.0
 10
-0.76906
 20
-3.63009
 30
0.0
 10
-0.76906
 20
-3.63009
 30
0.0
 10
-0.75142
 20
-3.62656
 30
0.0
 10
-0.75142
 20
-3.62656
 30
0.0
 10
-0.75142
 20
-3.62656
 30
0.0
 10
-0.75142
 20
-3.62656
 30
0.0
 10
-0.73731
 20
-3.6195
 30
0.0
 10
-0.73731
 20
-3.6195
 30
0.0
 10
-0.73731
 20
-3.6195
 30
0.0
 10
-0.73731
 20
-3.6195
 30
0.0
 10
-0.72673
 20
-3.60892
 30
0.0
 10
-0.72673
 20
-3.60892
 30
0.0
 10
-0.72673
 20
-3.60892
 30
0.0
 10
-0.72673
 20
-3.60892
 30
0.0
 10
-0.71967
 20
-3.59128
 30
0.0
 10
-0.71967
 20
-3.59128
 30
0.0
 10
-0.71967
 20
-3.59128
 30
0.0
 10
-0.71967
 20
-3.59128
 30
0.0
 10
-0.71967
 20
-3.5807
 30
0.0
 10
-0.71967
 20
-3.5807
 30
0.0
  0
SPLINE
  5
DB
330
1F
100
AcDbEntity
  8
Layer 1
370
    25
100
AcDbSpline
210
0.0
220
0.0
230
1.0
 70
    24
 71
     3
 72
     8
 73
     4
 74
     0
 42
0.000000001
 43
0.0000000001
 40
0.0
 40
0.0
 40
0.0
 40
0.0
 40
1.0
 40
1.0
 40
1.0
 40
1.0
 10
-0.71967
 20
-3.5807
 30
0.0
 10
-0.71967
 20
-3.5807
 30
0.0
 10
-0.71967
 20
-3.46781
 30
0.0
 10
-0.71967
 20
-3.46781
 30
0.0
  0
SPLINE
  5
DC
330
1F
100
AcDbEntity
  8
Layer 1
370
    25
100
AcDbSpline
210
0.0
220
0.0
230
1.0
 70
     8
 71
     3
 72
    24
 73
    20
 74
     0
 42
0.000000001
 43
0.0000000001
 40
0.0
 40
0.0
 40
0.0
 40
0.0
 40
0.1666666666666667
 40
0.1666666666666667
 40
0.1666666666666667
 40
0.1666666766666667
 40
0.3333333333333333
 40
0.3333333333333333
 40
0.3333333333333333
 40
0.3333333433333333
 40
0.5
 40
0.5
 40
0.5
 40
0.50000001
 40
0.6666666666666666
 40
0.6666666666666666
 40
0.6666666666666666
 40
0.6666666766666667
 40
1.0
 40
1.0
 40
1.0
 40
1.0
 10
-0.71967
 20
-3.46781
 30
0.0
 10
-0.71967
 20
-3.46781
 30
0.0
 10
-0.71967
 20
-3.45017
 30
0.0
 10
-0.71967
 20
-3.45017
 30
0.0
 10
-0.71967
 20
-3.45017
 30
0.0
 10
-0.71967
 20
-3.45017
 30
0.0
 10
-0.73025
 20
-3.43606
 30
0.0
 10
-0.73025
 20
-3.43606
 30
0.0
 10
-0.73025
 20
-3.43606
 30
0.0
 10
-0.73025
 20
-3.43606
 30
0.0
 10
-0.74084
 20
-3.42548
 30
0.0
 10
-0.74084
 20
-3.42548
 30
0.0
 10
-0.74084
 20
-3.42548
 30
0.0
 10
-0.74084
 20
-3.42548
 30
0.0
 10
-0.75848
 20
-3.41842
 30
0.0
 10
-0.75848
 20
-3.41842
 30
0.0
 10
-0.75848
 20
-3.41842
 30
0.0
 10
-0.75848
 20
-3.41842
 30
0.0
 10
-0.76906
 20
-3.41842
 30
0.0
 10
-0.76906
 20
-3.41842
 30
0.0
  0
SPLINE
  5
DD
330
1F
100
AcDbEntity
  8
Layer 1
370
    25
100
AcDbSpline
210
0.0
220
0.0
230
1.0
 70
     8
 71
     3
 72
    24
 73
    20
 74
     0
 42
0.000000001
 43
0.0000000001
 40
0.0
 40
0.0
 40
0.0
 40
0.0
 40
0.1666666666666667
 40
0.1666666666666667
 40
0.1666666666666667
 40
0.1666666766666667
 40
0.3333333333333333
 40
0.3333333333333333
 40
0.3333333333333333
 40
0.3333333433333333
 40
0.5
 40
0.5
 40
0.5
 40
0.50000001
 40
0.6666666666666666
 40
0.6666666666666666
 40
0.6666666666666666
 40
0.6666666766666667
 40
1.0
 40
1.0
 40
1.0
 40
1.0
 10
-0.76906
 20
-3.41842
 30
0.0
 10
-0.76906
 20
-3.41842
 30
0.0
 10
-0.78317
 20
-3.42195
 30
0.0
 10
-0.78317
 20
-3.42195
 30
0.0
 10
-0.78317
 20
-3.42195
 30
0.0
 10
-0.78317
 20
-3.42195
 30
0.0
 10
-0.79728
 20
-3.429
 30
0.0
 10
-0.79728
 20
-3.429
 30
0.0
 10
-0.79728
 20
-3.429
 30
0.0
 10
-0.79728
 20
-3.429
 30
0.0
 10
-0.80786
 20
-3.44312
 30
0.0
 10
-0.80786
 20
-3.44312
 30
0.0
 10
-0.80786
 20
-3.44312
 30
0.0
 10
-0.80786
 20
-3.44312
 30
0.0
 10
-0.81492
 20
-3.45723
 30
0.0
 10
-0.81492
 20
-3.45723
 30
0.0
 10
-0.81492
 20
-3.45723
 30
0.0
 10
-0.81492
 20
-3.45723
 30
0.0
 10
-0.81845
 20
-3.46781
 30
0.0
 10
-0.81845
 20
-3.46781
 30
0.0
  0
SPLINE
  5
DE
330
1F
100
AcDbEntity
  8
Layer 1
370
    25
100
AcDbSpline
210
0.0
220
0.0
230
1.0
 70
    24
 71
     3
 72
     8
 73
     4
 74
     0
 42
0.000000001
 43
0.0000000001
 40
0.0
 40
0.0
 40
0.0
 40
0.0
 40
1.0
 40
1.0
 40
1.0
 40
1.0
 10
-0.81845
 20
-3.46781
 30
0.0
 10
-0.81845
 20
-3.46781
 30
0.0
 10
-0.81845
 20
-3.5807
 30
0.0
 10
-0.81845
 20
-3.5807
 30
0.0
  0
SPLINE
  5
DF
330
1F
100
AcDbEntity
  8
Layer 1
370
    25
100
AcDbSpline
210
0.0
220
0.0
230
1.0
 70
    24
 71
     3
 72
     8
 73
     4
 74
     0
 42
0.000000001
 43
0.0000000001
 40
0.0
 40
0.0
 40
0.0
 40
0.0
 40
1.0
 40
1.0
 40
1.0
 40
1.0
 10
-0.75495
 20
-3.40431
 30
0.0
 10
-0.75495
 20
-3.40431
 30
0.0
 10
-0.77964
 20
-3.40431
 30
0.0
 10
-0.77964
 20
-3.40431
 30
0.0
  0
SPLINE
  5
E0
330
1F
100
AcDbEntity
  8
Layer 1
370
    25
100
AcDbSpline
210
0.0
220
0.0
230
1.0
 70
     8
 71
     3
 72
    24
 73
    20
 74
     0
 42
0.000000001
 43
0.0000000001
 40
0.0
 40
0.0
 40
0.0
 40
0.0
 40
0.1666666666666667
 40
0.1666666666666667
 40
0.1666666666666667
 40
0.1666666766666667
 40
0.3333333333333333
 40
0.3333333333333333
 40
0.3333333333333333
 40
0.3333333433333333
 40
0.5
 40
0.5
 40
0.5
 40
0.50000001
 40
0.6666666666666666
 40
0.6666666666666666
 40
0.6666666666666666
 40
0.6666666766666667
 40
1.0
 40
1.0
 40
1.0
 40
1.0
 10
-0.68086
 20
-3.47134
 30
0.0
 10
-0.68086
 20
-3.47134
 30
0.0
 10
-0.68439
 20
-3.45017
 30
0.0
 10
-0.68439
 20
-3.45017
 30
0.0
 10
-0.68439
 20
-3.45017
 30
0.0
 10
-0.68439
 20
-3.45017
 30
0.0
 10
-0.69498
 20
-3.43253
 30
0.0
 10
-0.69498
 20
-3.43253
 30
0.0
 10
-0.69498
 20
-3.43253
 30
0.0
 10
-0.69498
 20
-3.43253
 30
0.0
 10
-0.71261
 20
-3.41842
 30
0.0
 10
-0.71261
 20
-3.41842
 30
0.0
 10
-0.71261
 20
-3.41842
 30
0.0
 10
-0.71261
 20
-3.41842
 30
0.0
 10
-0.73025
 20
-3.40784
 30
0.0
 10
-0.73025
 20
-3.40784
 30
0.0
 10
-0.73025
 20
-3.40784
 30
0.0
 10
-0.73025
 20
-3.40784
 30
0.0
 10
-0.75495
 20
-3.40431
 30
0.0
 10
-0.75495
 20
-3.40431
 30
0.0
  0
SPLINE
  5
E1
330
1F
100
AcDbEntity
  8
Layer 1
370
    25
100
AcDbSpline
210
0.0
220
0.0
230
1.0
 70
    24
 71
     3
 72
     8
 73
     4
 74
     0
 42
0.000000001
 43
0.0000000001
 40
0.0
 40
0.0
 40
0.0
 40
0.0
 40
1.0
 40
1.0
 40
1.0
 40
1.0
 10
-0.68086
 20
-3.57717
 30
0.0
 10
-0.68086
 20
-3.57717
 30
0.0
 10
-0.68086
 20
-3.47134
 30
0.0
 10
-0.68086
 20
-3.47134
 30
0.0
  0
SPLINE
  5
E2
330
1F
100
AcDbEntity
  8
Layer 1
370
    25
100
AcDbSpline
210
0.0
220
0.0
230
1.0
 70
     8
 71
     3
 72
    24
 73
    20
 74
     0
 42
0.000000001
 43
0.0000000001
 40
0.0
 40
0.0
 40
0.0
 40
0.0
 40
0.1666666666666667
 40
0.1666666666666667
 40
0.1666666666666667
 40
0.1666666766666667
 40
0.3333333333333333
 40
0.3333333333333333
 40
0.3333333333333333
 40
0.3333333433333333
 40
0.5
 40
0.5
 40
0.5
 40
0.50000001
 40
0.6666666666666666
 40
0.6666666666666666
 40
0.6666666666666666
 40
0.6666666766666667
 40
1.0
 40
1.0
 40
1.0
 40
1.0
 10
-0.75495
 20
-3.6442
 30
0.0
 10
-0.75495
 20
-3.6442
 30
0.0
 10
-0.73025
 20
-3.64067
 30
0.0
 10
-0.73025
 20
-3.64067
 30
0.0
 10
-0.73025
 20
-3.64067
 30
0.0
 10
-0.73025
 20
-3.64067
 30
0.0
 10
-0.70909
 20
-3.63009
 30
0.0
 10
-0.70909
 20
-3.63009
 30
0.0
 10
-0.70909
 20
-3.63009
 30
0.0
 10
-0.70909
 20
-3.63009
 30
0.0
 10
-0.69145
 20
-3.61245
 30
0.0
 10
-0.69145
 20
-3.61245
 30
0.0
 10
-0.69145
 20
-3.61245
 30
0.0
 10
-0.69145
 20
-3.61245
 30
0.0
 10
-0.68439
 20
-3.59481
 30
0.0
 10
-0.68439
 20
-3.59481
 30
0.0
 10
-0.68439
 20
-3.59481
 30
0.0
 10
-0.68439
 20
-3.59481
 30
0.0
 10
-0.68086
 20
-3.57717
 30
0.0
 10
-0.68086
 20
-3.57717
 30
0.0
  0
SPLINE
  5
E3
330
1F
100
AcDbEntity
  8
Layer 1
370
    25
100
AcDbSpline
210
0.0
220
0.0
230
1.0
 70
    24
 71
     3
 72
     8
 73
     4
 74
     0
 42
0.000000001
 43
0.0000000001
 40
0.0
 40
0.0
 40
0.0
 40
0.0
 40
1.0
 40
1.0
 40
1.0
 40
1.0
 10
-0.77964
 20
-3.6442
 30
0.0
 10
-0.77964
 20
-3.6442
 30
0.0
 10
-0.75495
 20
-3.6442
 30
0.0
 10
-0.75495
 20
-3.6442
 30
0.0
  0
SPLINE
  5
E4
330
1F
100
AcDbEntity
  8
Layer 1
370
    25
100
AcDbSpline
210
0.0
220
0.0
230
1.0
 70
     8
 71
     3
 72
    24
 73
    20
 74
     0
 42
0.000000001
 43
0.0000000001
 40
0.0
 40
0.0
 40
0.0
 40
0.0
 40
0.1666666666666667
 40
0.1666666666666667
 40
0.1666666666666667
 40
0.1666666766666667
 40
0.3333333333333333
 40
0.3333333333333333
 40
0.3333333333333333
 40
0.3333333433333333
 40
0.5
 40
0.5
 40
0.5
 40
0.50000001
 40
0.6666666666666666
 40
0.6666666666666666
 40
0.6666666666666666
 40
0.6666666766666667
 40
1.0
 40
1.0
 40
1.0
 40
1.0
 10
-0.85373
 20
-3.57717
 30
0.0
 10
-0.85373
 20
-3.57717
 30
0.0
 10
-0.8502
 20
-3.60187
 30
0.0
 10
-0.8502
 20
-3.60187
 30
0.0
 10
-0.8502
 20
-3.60187
 30
0.0
 10
-0.8502
 20
-3.60187
 30
0.0
 10
-0.83961
 20
-3.6195
 30
0.0
 10
-0.83961
 20
-3.6195
 30
0.0
 10
-0.83961
 20
-3.6195
 30
0.0
 10
-0.83961
 20
-3.6195
 30
0.0
 10
-0.8255
 20
-3.63009
 30
0.0
 10
-0.8255
 20
-3.63009
 30
0.0
 10
-0.8255
 20
-3.63009
 30
0.0
 10
-0.8255
 20
-3.63009
 30
0.0
 10
-0.79728
 20
-3.64067
 30
0.0
 10
-0.79728
 20
-3.64067
 30
0.0
 10
-0.79728
 20
-3.64067
 30
0.0
 10
-0.79728
 20
-3.64067
 30
0.0
 10
-0.77964
 20
-3.6442
 30
0.0
 10
-0.77964
 20
-3.6442
 30
0.0
  0
SPLINE
  5
E5
330
1F
100
AcDbEntity
  8
Layer 1
370
    25
100
AcDbSpline
210
0.0
220
0.0
230
1.0
 70
    24
 71
     3
 72
     8
 73
     4
 74
     0
 42
0.000000001
 43
0.0000000001
 40
0.0
 40
0.0
 40
0.0
 40
0.0
 40
1.0
 40
1.0
 40
1.0
 40
1.0
 10
-0.85373
 20
-3.47134
 30
0.0
 10
-0.85373
 20
-3.47134
 30
0.0
 10
-0.85373
 20
-3.57717
 30
0.0
 10
-0.85373
 20
-3.57717
 30
0.0
  0
SPLINE
  5
E6
330
1F
100
AcDbEntity
  8
Layer 1
370
    25
100
AcDbSpline
210
0.0
220
0.0
230
1.0
 70
     8
 71
     3
 72
    24
 73
    20
 74
     0
 42
0.000000001
 43
0.0000000001
 40
0.0
 40
0.0
 40
0.0
 40
0.0
 40
0.1666666666666667
 40
0.1666666666666667
 40
0.1666666666666667
 40
0.1666666766666667
 40
0.3333333333333333
 40
0.3333333333333333
 40
0.3333333333333333
 40
0.3333333433333333
 40
0.5
 40
0.5
 40
0.5
 40
0.50000001
 40
0.6666666666666666
 40
0.6666666666666666
 40
0.6666666666666666
 40
0.6666666766666667
 40
1.0
 40
1.0
 40
1.0
 40
1.0
 10
-0.77964
 20
-3.40431
 30
0.0
 10
-0.77964
 20
-3.40431
 30
0.0
 10
-0.80434
 20
-3.40784
 30
0.0
 10
-0.80434
 20
-3.40784
 30
0.0
 10
-0.80434
 20
-3.40784
 30
0.0
 10
-0.80434
 20
-3.40784
 30
0.0
 10
-0.82903
 20
-3.42195
 30
0.0
 10
-0.82903
 20
-3.42195
 30
0.0
 10
-0.82903
 20
-3.42195
 30
0.0
 10
-0.82903
 20
-3.42195
 30
0.0
 10
-0.84314
 20
-3.43606
 30
0.0
 10
-0.84314
 20
-3.43606
 30
0.0
 10
-0.84314
 20
-3.43606
 30
0.0
 10
-0.84314
 20
-3.43606
 30
0.0
 10
-0.85373
 20
-3.45723
 30
0.0
 10
-0.85373
 20
-3.45723
 30
0.0
 10
-0.85373
 20
-3.45723
 30
0.0
 10
-0.85373
 20
-3.45723
 30
0.0
 10
-0.85373
 20
-3.47134
 30
0.0
 10
-0.85373
 20
-3.47134
 30
0.0
  0
SPLINE
  5
E7
330
1F
100
AcDbEntity
  8
Layer 1
370
    25
100
AcDbSpline
210
0.0
220
0.0
230
1.0
 70
    24
 71
     3
 72
     8
 73
     4
 74
     0
 42
0.000000001
 43
0.0000000001
 40
0.0
 40
0.0
 40
0.0
 40
0.0
 40
1.0
 40
1.0
 40
1.0
 40
1.0
 10
-0.76906
 20
-3.41842
 30
0.0
 10
-0.76906
 20
-3.41842
 30
0.0
 10
-0.76906
 20
-3.42195
 30
0.0
 10
-0.76906
 20
-3.42195
 30
0.0
  0
SPLINE
  5
E8
330
1F
100
AcDbEntity
  8
Layer 1
370
    25
100
AcDbSpline
210
0.0
220
0.0
230
1.0
 70
    24
 71
     3
 72
     8
 73
     4
 74
     0
 42
0.000000001
 43
0.0000000001
 40
0.0
 40
0.0
 40
0.0
 40
0.0
 40
1.0
 40
1.0
 40
1.0
 40
1.0
 10
-0.71967
 20
-3.46781
 30
0.0
 10
-0.71967
 20
-3.46781
 30
0.0
 10
-0.7232
 20
-3.46781
 30
0.0
 10
-0.7232
 20
-3.46781
 30
0.0
  0
SPLINE
  5
E9
330
1F
100
AcDbEntity
  8
Layer 1
370
    25
100
AcDbSpline
210
0.0
220
0.0
230
1.0
 70
     8
 71
     3
 72
    24
 73
    20
 74
     0
 42
0.000000001
 43
0.0000000001
 40
0.0
 40
0.0
 40
0.0
 40
0.0
 40
0.1666666666666667
 40
0.1666666666666667
 40
0.1666666666666667
 40
0.1666666766666667
 40
0.3333333333333333
 40
0.3333333333333333
 40
0.3333333333333333
 40
0.3333333433333333
 40
0.5
 40
0.5
 40
0.5
 40
0.50000001
 40
0.6666666666666666
 40
0.6666666666666666
 40
0.6666666666666666
 40
0.6666666766666667
 40
1.0
 40
1.0
 40
1.0
 40
1.0
 10
-0.7232
 20
-3.46781
 30
0.0
 10
-0.7232
 20
-3.46781
 30
0.0
 10
-0.7232
 20
-3.4537
 30
0.0
 10
-0.7232
 20
-3.4537
 30
0.0
 10
-0.7232
 20
-3.4537
 30
0.0
 10
-0.7232
 20
-3.4537
 30
0.0
 10
-0.73378
 20
-3.43959
 30
0.0
 10
-0.73378
 20
-3.43959
 30
0.0
 10
-0.73378
 20
-3.43959
 30
0.0
 10
-0.73378
 20
-3.43959
 30
0.0
 10
-0.74436
 20
-3.429
 30
0.0
 10
-0.74436
 20
-3.429
 30
0.0
 10
-0.74436
 20
-3.429
 30
0.0
 10
-0.74436
 20
-3.429
 30
0.0
 10
-0.75848
 20
-3.42195
 30
0.0
 10
-0.75848
 20
-3.42195
 30
0.0
 10
-0.75848
 20
-3.42195
 30
0.0
 10
-0.75848
 20
-3.42195
 30
0.0
 10
-0.76906
 20
-3.42195
 30
0.0
 10
-0.76906
 20
-3.42195
 30
0.0
  0
SPLINE
  5
EA
330
1F
100
AcDbEntity
  8
Layer 1
370
    25
100
AcDbSpline
210
0.0
220
0.0
230
1.0
 70
    24
 71
     3
 72
     8
 73
     4
 74
     0
 42
0.000000001
 43
0.0000000001
 40
0.0
 40
0.0
 40
0.0
 40
0.0
 40
1.0
 40
1.0
 40
1.0
 40
1.0
 10
-0.71967
 20
-3.5807
 30
0.0
 10
-0.71967
 20
-3.5807
 30
0.0
 10
-0.7232
 20
-3.5807
 30
0.0
 10
-0.7232
 20
-3.5807
 30
0.0
  0
SPLINE
  5
EB
330
1F
100
AcDbEntity
  8
Layer 1
370
    25
100
AcDbSpline
210
0.0
220
0.0
230
1.0
 70
    24
 71
     3
 72
     8
 73
     4
 74
     0
 42
0.000000001
 43
0.0000000001
 40
0.0
 40
0.0
 40
0.0
 40
0.0
 40
1.0
 40
1.0
 40
1.0
 40
1.0
 10
-0.7232
 20
-3.5807
 30
0.0
 10
-0.7232
 20
-3.5807
 30
0.0
 10
-0.7232
 20
-3.46781
 30
0.0
 10
-0.7232
 20
-3.46781
 30
0.0
  0
SPLINE
  5
EC
330
1F
100
AcDbEntity
  8
Layer 1
370
    25
100
AcDbSpline
210
0.0
220
0.0
230
1.0
 70
    24
 71
     3
 72
     8
 73
     4
 74
     0
 42
0.000000001
 43
0.0000000001
 40
0.0
 40
0.0
 40
0.0
 40
0.0
 40
1.0
 40
1.0
 40
1.0
 40
1.0
 10
-0.76906
 20
-3.63009
 30
0.0
 10
-0.76906
 20
-3.63009
 30
0.0
 10
-0.76906
 20
-3.62656
 30
0.0
 10
-0.76906
 20
-3.62656
 30
0.0
  0
SPLINE
  5
ED
330
1F
100
AcDbEntity
  8
Layer 1
370
    25
100
AcDbSpline
210
0.0
220
0.0
230
1.0
 70
     8
 71
     3
 72
    24
 73
    20
 74
     0
 42
0.000000001
 43
0.0000000001
 40
0.0
 40
0.0
 40
0.0
 40
0.0
 40
0.1666666666666667
 40
0.1666666666666667
 40
0.1666666666666667
 40
0.1666666766666667
 40
0.3333333333333333
 40
0.3333333333333333
 40
0.3333333333333333
 40
0.3333333433333333
 40
0.5
 40
0.5
 40
0.5
 40
0.50000001
 40
0.6666666666666666
 40
0.6666666666666666
 40
0.6666666666666666
 40
0.6666666766666667
 40
1.0
 40
1.0
 40
1.0
 40
1.0
 10
-0.76906
 20
-3.62656
 30
0.0
 10
-0.76906
 20
-3.62656
 30
0.0
 10
-0.75142
 20
-3.62303
 30
0.0
 10
-0.75142
 20
-3.62303
 30
0.0
 10
-0.75142
 20
-3.62303
 30
0.0
 10
-0.75142
 20
-3.62303
 30
0.0
 10
-0.74084
 20
-3.61598
 30
0.0
 10
-0.74084
 20
-3.61598
 30
0.0
 10
-0.74084
 20
-3.61598
 30
0.0
 10
-0.74084
 20
-3.61598
 30
0.0
 10
-0.73025
 20
-3.60539
 30
0.0
 10
-0.73025
 20
-3.60539
 30
0.0
 10
-0.73025
 20
-3.60539
 30
0.0
 10
-0.73025
 20
-3.60539
 30
0.0
 10
-0.7232
 20
-3.59128
 30
0.0
 10
-0.7232
 20
-3.59128
 30
0.0
 10
-0.7232
 20
-3.59128
 30
0.0
 10
-0.7232
 20
-3.59128
 30
0.0
 10
-0.7232
 20
-3.5807
 30
0.0
 10
-0.7232
 20
-3.5807
 30
0.0
  0
SPLINE
  5
EE
330
1F
100
AcDbEntity
  8
Layer 1
370
    25
100
AcDbSpline
210
0.0
220
0.0
230
1.0
 70
    24
 71
     3
 72
     8
 73
     4
 74
     0
 42
0.000000001
 43
0.0000000001
 40
0.0
 40
0.0
 40
0.0
 40
0.0
 40
1.0
 40
1.0
 40
1.0
 40
1.0
 10
-1.25942
 20
-3.40431
 30
0.0
 10
-1.25942
 20
-3.40431
 30
0.0
 10
-1.25942
 20
-3.40078
 30
0.0
 10
-1.25942
 20
-3.40078
 30
0.0
  0
SPLINE
  5
EF
330
1F
100
AcDbEntity
  8
Layer 1
370
    25
100
AcDbSpline
210
0.0
220
0.0
230
1.0
 70
     8
 71
     3
 72
    16
 73
    12
 74
     0
 42
0.000000001
 43
0.0000000001
 40
0.0
 40
0.0
 40
0.0
 40
0.0
 40
0.25
 40
0.25
 40
0.25
 40
0.25000001
 40
0.5
 40
0.5
 40
0.5
 40
0.50000001
 40
1.0
 40
1.0
 40
1.0
 40
1.0
 10
-1.25942
 20
-3.40431
 30
0.0
 10
-1.25942
 20
-3.40431
 30
0.0
 10
-1.28411
 20
-3.40784
 30
0.0
 10
-1.28411
 20
-3.40784
 30
0.0
 10
-1.28411
 20
-3.40784
 30
0.0
 10
-1.28411
 20
-3.40784
 30
0.0
 10
-1.30881
 20
-3.42195
 30
0.0
 10
-1.30881
 20
-3.42195
 30
0.0
 10
-1.30881
 20
-3.42195
 30
0.0
 10
-1.30881
 20
-3.42195
 30
0.0
 10
-1.31586
 20
-3.42548
 30
0.0
 10
-1.31586
 20
-3.42548
 30
0.0
  0
SPLINE
  5
F0
330
1F
100
AcDbEntity
  8
Layer 1
370
    25
100
AcDbSpline
210
0.0
220
0.0
230
1.0
 70
     8
 71
     3
 72
    12
 73
     8
 74
     0
 42
0.000000001
 43
0.0000000001
 40
0.0
 40
0.0
 40
0.0
 40
0.0
 40
0.3333333333333333
 40
0.3333333333333333
 40
0.3333333333333333
 40
0.3333333433333333
 40
1.0
 40
1.0
 40
1.0
 40
1.0
 10
-1.31586
 20
-3.42548
 30
0.0
 10
-1.31586
 20
-3.42548
 30
0.0
 10
-1.31939
 20
-3.429
 30
0.0
 10
-1.31939
 20
-3.429
 30
0.0
 10
-1.31939
 20
-3.429
 30
0.0
 10
-1.31939
 20
-3.429
 30
0.0
 10
-1.32292
 20
-3.429
 30
0.0
 10
-1.32292
 20
-3.429
 30
0.0
  0
SPLINE
  5
F1
330
1F
100
AcDbEntity
  8
Layer 1
370
    25
100
AcDbSpline
210
0.0
220
0.0
230
1.0
 70
     8
 71
     3
 72
    16
 73
    12
 74
     0
 42
0.000000001
 43
0.0000000001
 40
0.0
 40
0.0
 40
0.0
 40
0.0
 40
0.25
 40
0.25
 40
0.25
 40
0.25000001
 40
0.5
 40
0.5
 40
0.5
 40
0.50000001
 40
1.0
 40
1.0
 40
1.0
 40
1.0
 10
-1.25942
 20
-3.40078
 30
0.0
 10
-1.25942
 20
-3.40078
 30
0.0
 10
-1.28411
 20
-3.40431
 30
0.0
 10
-1.28411
 20
-3.40431
 30
0.0
 10
-1.28411
 20
-3.40431
 30
0.0
 10
-1.28411
 20
-3.40431
 30
0.0
 10
-1.30881
 20
-3.41842
 30
0.0
 10
-1.30881
 20
-3.41842
 30
0.0
 10
-1.30881
 20
-3.41842
 30
0.0
 10
-1.30881
 20
-3.41842
 30
0.0
 10
-1.32292
 20
-3.429
 30
0.0
 10
-1.32292
 20
-3.429
 30
0.0
  0
SPLINE
  5
F2
330
1F
100
AcDbEntity
  8
Layer 1
370
    25
100
AcDbSpline
210
0.0
220
0.0
230
1.0
 70
     8
 71
     3
 72
    24
 73
    20
 74
     0
 42
0.000000001
 43
0.0000000001
 40
0.0
 40
0.0
 40
0.0
 40
0.0
 40
0.1666666666666667
 40
0.1666666666666667
 40
0.1666666666666667
 40
0.1666666766666667
 40
0.3333333333333333
 40
0.3333333333333333
 40
0.3333333333333333
 40
0.3333333433333333
 40
0.5
 40
0.5
 40
0.5
 40
0.50000001
 40
0.6666666666666666
 40
0.6666666666666666
 40
0.6666666666666666
 40
0.6666666766666667
 40
1.0
 40
1.0
 40
1.0
 40
1.0
 10
-1.24884
 20
-3.63009
 30
0.0
 10
-1.24884
 20
-3.63009
 30
0.0
 10
-1.2312
 20
-3.62656
 30
0.0
 10
-1.2312
 20
-3.62656
 30
0.0
 10
-1.2312
 20
-3.62656
 30
0.0
 10
-1.2312
 20
-3.62656
 30
0.0
 10
-1.21709
 20
-3.6195
 30
0.0
 10
-1.21709
 20
-3.6195
 30
0.0
 10
-1.21709
 20
-3.6195
 30
0.0
 10
-1.21709
 20
-3.6195
 30
0.0
 10
-1.2065
 20
-3.60892
 30
0.0
 10
-1.2065
 20
-3.60892
 30
0.0
 10
-1.2065
 20
-3.60892
 30
0.0
 10
-1.2065
 20
-3.60892
 30
0.0
 10
-1.19945
 20
-3.59128
 30
0.0
 10
-1.19945
 20
-3.59128
 30
0.0
 10
-1.19945
 20
-3.59128
 30
0.0
 10
-1.19945
 20
-3.59128
 30
0.0
 10
-1.19945
 20
-3.58423
 30
0.0
 10
-1.19945
 20
-3.58423
 30
0.0
  0
SPLINE
  5
F3
330
1F
100
AcDbEntity
  8
Layer 1
370
    25
100
AcDbSpline
210
0.0
220
0.0
230
1.0
 70
    24
 71
     3
 72
     8
 73
     4
 74
     0
 42
0.000000001
 43
0.0000000001
 40
0.0
 40
0.0
 40
0.0
 40
0.0
 40
1.0
 40
1.0
 40
1.0
 40
1.0
 10
-1.19945
 20
-3.58423
 30
0.0
 10
-1.19945
 20
-3.58423
 30
0.0
 10
-1.19945
 20
-3.51014
 30
0.0
 10
-1.19945
 20
-3.51014
 30
0.0
  0
SPLINE
  5
F4
330
1F
100
AcDbEntity
  8
Layer 1
370
    25
100
AcDbSpline
210
0.0
220
0.0
230
1.0
 70
    24
 71
     3
 72
     8
 73
     4
 74
     0
 42
0.000000001
 43
0.0000000001
 40
0.0
 40
0.0
 40
0.0
 40
0.0
 40
1.0
 40
1.0
 40
1.0
 40
1.0
 10
-1.19945
 20
-3.51014
 30
0.0
 10
-1.19945
 20
-3.51014
 30
0.0
 10
-1.24884
 20
-3.51014
 30
0.0
 10
-1.24884
 20
-3.51014
 30
0.0
  0
SPLINE
  5
F5
330
1F
100
AcDbEntity
  8
Layer 1
370
    25
100
AcDbSpline
210
0.0
220
0.0
230
1.0
 70
     8
 71
     3
 72
    24
 73
    20
 74
     0
 42
0.000000001
 43
0.0000000001
 40
0.0
 40
0.0
 40
0.0
 40
0.0
 40
0.1666666666666667
 40
0.1666666666666667
 40
0.1666666666666667
 40
0.1666666766666667
 40
0.3333333333333333
 40
0.3333333333333333
 40
0.3333333333333333
 40
0.3333333433333333
 40
0.5
 40
0.5
 40
0.5
 40
0.50000001
 40
0.6666666666666666
 40
0.6666666666666666
 40
0.6666666666666666
 40
0.6666666766666667
 40
1.0
 40
1.0
 40
1.0
 40
1.0
 10
-1.24884
 20
-3.51014
 30
0.0
 10
-1.24884
 20
-3.51014
 30
0.0
 10
-1.26295
 20
-3.51367
 30
0.0
 10
-1.26295
 20
-3.51367
 30
0.0
 10
-1.26295
 20
-3.51367
 30
0.0
 10
-1.26295
 20
-3.51367
 30
0.0
 10
-1.27706
 20
-3.52073
 30
0.0
 10
-1.27706
 20
-3.52073
 30
0.0
 10
-1.27706
 20
-3.52073
 30
0.0
 10
-1.27706
 20
-3.52073
 30
0.0
 10
-1.28764
 20
-3.53484
 30
0.0
 10
-1.28764
 20
-3.53484
 30
0.0
 10
-1.28764
 20
-3.53484
 30
0.0
 10
-1.28764
 20
-3.53484
 30
0.0
 10
-1.2947
 20
-3.54895
 30
0.0
 10
-1.2947
 20
-3.54895
 30
0.0
 10
-1.2947
 20
-3.54895
 30
0.0
 10
-1.2947
 20
-3.54895
 30
0.0
 10
-1.29823
 20
-3.55953
 30
0.0
 10
-1.29823
 20
-3.55953
 30
0.0
  0
SPLINE
  5
F6
330
1F
100
AcDbEntity
  8
Layer 1
370
    25
100
AcDbSpline
210
0.0
220
0.0
230
1.0
 70
    24
 71
     3
 72
     8
 73
     4
 74
     0
 42
0.000000001
 43
0.0000000001
 40
0.0
 40
0.0
 40
0.0
 40
0.0
 40
1.0
 40
1.0
 40
1.0
 40
1.0
 10
-1.29823
 20
-3.55953
 30
0.0
 10
-1.29823
 20
-3.55953
 30
0.0
 10
-1.29823
 20
-3.5807
 30
0.0
 10
-1.29823
 20
-3.5807
 30
0.0
  0
SPLINE
  5
F7
330
1F
100
AcDbEntity
  8
Layer 1
370
    25
100
AcDbSpline
210
0.0
220
0.0
230
1.0
 70
     8
 71
     3
 72
    24
 73
    20
 74
     0
 42
0.000000001
 43
0.0000000001
 40
0.0
 40
0.0
 40
0.0
 40
0.0
 40
0.1666666666666667
 40
0.1666666666666667
 40
0.1666666666666667
 40
0.1666666766666667
 40
0.3333333333333333
 40
0.3333333333333333
 40
0.3333333333333333
 40
0.3333333433333333
 40
0.5
 40
0.5
 40
0.5
 40
0.50000001
 40
0.6666666666666666
 40
0.6666666666666666
 40
0.6666666666666666
 40
0.6666666766666667
 40
1.0
 40
1.0
 40
1.0
 40
1.0
 10
-1.29823
 20
-3.5807
 30
0.0
 10
-1.29823
 20
-3.5807
 30
0.0
 10
-1.2947
 20
-3.59834
 30
0.0
 10
-1.2947
 20
-3.59834
 30
0.0
 10
-1.2947
 20
-3.59834
 30
0.0
 10
-1.2947
 20
-3.59834
 30
0.0
 10
-1.28764
 20
-3.61245
 30
0.0
 10
-1.28764
 20
-3.61245
 30
0.0
 10
-1.28764
 20
-3.61245
 30
0.0
 10
-1.28764
 20
-3.61245
 30
0.0
 10
-1.27353
 20
-3.62303
 30
0.0
 10
-1.27353
 20
-3.62303
 30
0.0
 10
-1.27353
 20
-3.62303
 30
0.0
 10
-1.27353
 20
-3.62303
 30
0.0
 10
-1.25942
 20
-3.63009
 30
0.0
 10
-1.25942
 20
-3.63009
 30
0.0
 10
-1.25942
 20
-3.63009
 30
0.0
 10
-1.25942
 20
-3.63009
 30
0.0
 10
-1.24884
 20
-3.63009
 30
0.0
 10
-1.24884
 20
-3.63009
 30
0.0
  0
SPLINE
  5
F8
330
1F
100
AcDbEntity
  8
Layer 1
370
    25
100
AcDbSpline
210
0.0
220
0.0
230
1.0
 70
     8
 71
     3
 72
    24
 73
    20
 74
     0
 42
0.000000001
 43
0.0000000001
 40
0.0
 40
0.0
 40
0.0
 40
0.0
 40
0.1666666666666667
 40
0.1666666666666667
 40
0.1666666666666667
 40
0.1666666766666667
 40
0.3333333333333333
 40
0.3333333333333333
 40
0.3333333333333333
 40
0.3333333433333333
 40
0.5
 40
0.5
 40
0.5
 40
0.50000001
 40
0.6666666666666666
 40
0.6666666666666666
 40
0.6666666666666666
 40
0.6666666766666667
 40
1.0
 40
1.0
 40
1.0
 40
1.0
 10
-1.24884
 20
-3.41842
 30
0.0
 10
-1.24884
 20
-3.41842
 30
0.0
 10
-1.2312
 20
-3.42195
 30
0.0
 10
-1.2312
 20
-3.42195
 30
0.0
 10
-1.2312
 20
-3.42195
 30
0.0
 10
-1.2312
 20
-3.42195
 30
0.0
 10
-1.21709
 20
-3.429
 30
0.0
 10
-1.21709
 20
-3.429
 30
0.0
 10
-1.21709
 20
-3.429
 30
0.0
 10
-1.21709
 20
-3.429
 30
0.0
 10
-1.2065
 20
-3.44312
 30
0.0
 10
-1.2065
 20
-3.44312
 30
0.0
 10
-1.2065
 20
-3.44312
 30
0.0
 10
-1.2065
 20
-3.44312
 30
0.0
 10
-1.19945
 20
-3.45723
 30
0.0
 10
-1.19945
 20
-3.45723
 30
0.0
 10
-1.19945
 20
-3.45723
 30
0.0
 10
-1.19945
 20
-3.45723
 30
0.0
 10
-1.19945
 20
-3.46428
 30
0.0
 10
-1.19945
 20
-3.46428
 30
0.0
  0
SPLINE
  5
F9
330
1F
100
AcDbEntity
  8
Layer 1
370
    25
100
AcDbSpline
210
0.0
220
0.0
230
1.0
 70
     8
 71
     3
 72
    16
 73
    12
 74
     0
 42
0.000000001
 43
0.0000000001
 40
0.0
 40
0.0
 40
0.0
 40
0.0
 40
0.25
 40
0.25
 40
0.25
 40
0.25000001
 40
0.5
 40
0.5
 40
0.5
 40
0.50000001
 40
1.0
 40
1.0
 40
1.0
 40
1.0
 10
-1.28411
 20
-3.43253
 30
0.0
 10
-1.28411
 20
-3.43253
 30
0.0
 10
-1.27
 20
-3.42548
 30
0.0
 10
-1.27
 20
-3.42548
 30
0.0
 10
-1.27
 20
-3.42548
 30
0.0
 10
-1.27
 20
-3.42548
 30
0.0
 10
-1.25236
 20
-3.41842
 30
0.0
 10
-1.25236
 20
-3.41842
 30
0.0
 10
-1.25236
 20
-3.41842
 30
0.0
 10
-1.25236
 20
-3.41842
 30
0.0
 10
-1.24884
 20
-3.41842
 30
0.0
 10
-1.24884
 20
-3.41842
 30
0.0
  0
SPLINE
  5
FA
330
1F
100
AcDbEntity
  8
Layer 1
370
    25
100
AcDbSpline
210
0.0
220
0.0
230
1.0
 70
    24
 71
     3
 72
     8
 73
     4
 74
     0
 42
0.000000001
 43
0.0000000001
 40
0.0
 40
0.0
 40
0.0
 40
0.0
 40
1.0
 40
1.0
 40
1.0
 40
1.0
 10
-1.31586
 20
-3.42548
 30
0.0
 10
-1.31586
 20
-3.42548
 30
0.0
 10
-1.28411
 20
-3.43253
 30
0.0
 10
-1.28411
 20
-3.43253
 30
0.0
  0
SPLINE
  5
FB
330
1F
100
AcDbEntity
  8
Layer 1
370
    25
100
AcDbSpline
210
0.0
220
0.0
230
1.0
 70
    24
 71
     3
 72
     8
 73
     4
 74
     0
 42
0.000000001
 43
0.0000000001
 40
0.0
 40
0.0
 40
0.0
 40
0.0
 40
1.0
 40
1.0
 40
1.0
 40
1.0
 10
-1.23473
 20
-3.40431
 30
0.0
 10
-1.23473
 20
-3.40431
 30
0.0
 10
-1.25942
 20
-3.40431
 30
0.0
 10
-1.25942
 20
-3.40431
 30
0.0
  0
SPLINE
  5
FC
330
1F
100
AcDbEntity
  8
Layer 1
370
    25
100
AcDbSpline
210
0.0
220
0.0
230
1.0
 70
     8
 71
     3
 72
    24
 73
    20
 74
     0
 42
0.000000001
 43
0.0000000001
 40
0.0
 40
0.0
 40
0.0
 40
0.0
 40
0.1666666666666667
 40
0.1666666666666667
 40
0.1666666666666667
 40
0.1666666766666667
 40
0.3333333333333333
 40
0.3333333333333333
 40
0.3333333333333333
 40
0.3333333433333333
 40
0.5
 40
0.5
 40
0.5
 40
0.50000001
 40
0.6666666666666666
 40
0.6666666666666666
 40
0.6666666666666666
 40
0.6666666766666667
 40
1.0
 40
1.0
 40
1.0
 40
1.0
 10
-1.16064
 20
-3.47134
 30
0.0
 10
-1.16064
 20
-3.47134
 30
0.0
 10
-1.16417
 20
-3.4537
 30
0.0
 10
-1.16417
 20
-3.4537
 30
0.0
 10
-1.16417
 20
-3.4537
 30
0.0
 10
-1.16417
 20
-3.4537
 30
0.0
 10
-1.17475
 20
-3.43253
 30
0.0
 10
-1.17475
 20
-3.43253
 30
0.0
 10
-1.17475
 20
-3.43253
 30
0.0
 10
-1.17475
 20
-3.43253
 30
0.0
 10
-1.18886
 20
-3.41842
 30
0.0
 10
-1.18886
 20
-3.41842
 30
0.0
 10
-1.18886
 20
-3.41842
 30
0.0
 10
-1.18886
 20
-3.41842
 30
0.0
 10
-1.21003
 20
-3.40784
 30
0.0
 10
-1.21003
 20
-3.40784
 30
0.0
 10
-1.21003
 20
-3.40784
 30
0.0
 10
-1.21003
 20
-3.40784
 30
0.0
 10
-1.23473
 20
-3.40431
 30
0.0
 10
-1.23473
 20
-3.40431
 30
0.0
  0
SPLINE
  5
FD
330
1F
100
AcDbEntity
  8
Layer 1
370
    25
100
AcDbSpline
210
0.0
220
0.0
230
1.0
 70
    24
 71
     3
 72
    16
 73
    12
 74
     0
 42
0.000000001
 43
0.0000000001
 40
0.0
 40
0.0
 40
0.0
 40
0.0
 40
0.25
 40
0.25
 40
0.25
 40
0.25000001
 40
0.5
 40
0.5
 40
0.5
 40
0.50000001
 40
1.0
 40
1.0
 40
1.0
 40
1.0
 10
-1.16064
 20
-3.6442
 30
0.0
 10
-1.16064
 20
-3.6442
 30
0.0
 10
-1.16064
 20
-3.59481
 30
0.0
 10
-1.16064
 20
-3.59481
 30
0.0
 10
-1.16064
 20
-3.59481
 30
0.0
 10
-1.16064
 20
-3.59481
 30
0.0
 10
-1.16064
 20
-3.54542
 30
0.0
 10
-1.16064
 20
-3.54542
 30
0.0
 10
-1.16064
 20
-3.54542
 30
0.0
 10
-1.16064
 20
-3.54542
 30
0.0
 10
-1.16064
 20
-3.47134
 30
0.0
 10
-1.16064
 20
-3.47134
 30
0.0
  0
SPLINE
  5
FE
330
1F
100
AcDbEntity
  8
Layer 1
370
    25
100
AcDbSpline
210
0.0
220
0.0
230
1.0
 70
    24
 71
     3
 72
     8
 73
     4
 74
     0
 42
0.000000001
 43
0.0000000001
 40
0.0
 40
0.0
 40
0.0
 40
0.0
 40
1.0
 40
1.0
 40
1.0
 40
1.0
 10
-1.19945
 20
-3.6442
 30
0.0
 10
-1.19945
 20
-3.6442
 30
0.0
 10
-1.16064
 20
-3.6442
 30
0.0
 10
-1.16064
 20
-3.6442
 30
0.0
  0
SPLINE
  5
FF
330
1F
100
AcDbEntity
  8
Layer 1
370
    25
100
AcDbSpline
210
0.0
220
0.0
230
1.0
 70
    24
 71
     3
 72
     8
 73
     4
 74
     0
 42
0.000000001
 43
0.0000000001
 40
0.0
 40
0.0
 40
0.0
 40
0.0
 40
1.0
 40
1.0
 40
1.0
 40
1.0
 10
-1.19945
 20
-3.63714
 30
0.0
 10
-1.19945
 20
-3.63714
 30
0.0
 10
-1.19945
 20
-3.6442
 30
0.0
 10
-1.19945
 20
-3.6442
 30
0.0
  0
SPLINE
  5
100
330
1F
100
AcDbEntity
  8
Layer 1
370
    25
100
AcDbSpline
210
0.0
220
0.0
230
1.0
 70
     8
 71
     3
 72
    16
 73
    12
 74
     0
 42
0.000000001
 43
0.0000000001
 40
0.0
 40
0.0
 40
0.0
 40
0.0
 40
0.25
 40
0.25
 40
0.25
 40
0.25000001
 40
0.5
 40
0.5
 40
0.5
 40
0.50000001
 40
1.0
 40
1.0
 40
1.0
 40
1.0
 10
-1.23473
 20
-3.6442
 30
0.0
 10
-1.23473
 20
-3.6442
 30
0.0
 10
-1.22061
 20
-3.6442
 30
0.0
 10
-1.22061
 20
-3.6442
 30
0.0
 10
-1.22061
 20
-3.6442
 30
0.0
 10
-1.22061
 20
-3.6442
 30
0.0
 10
-1.21003
 20
-3.64067
 30
0.0
 10
-1.21003
 20
-3.64067
 30
0.0
 10
-1.21003
 20
-3.64067
 30
0.0
 10
-1.21003
 20
-3.64067
 30
0.0
 10
-1.19945
 20
-3.63714
 30
0.0
 10
-1.19945
 20
-3.63714
 30
0.0
  0
SPLINE
  5
101
330
1F
100
AcDbEntity
  8
Layer 1
370
    25
100
AcDbSpline
210
0.0
220
0.0
230
1.0
 70
    24
 71
     3
 72
     8
 73
     4
 74
     0
 42
0.000000001
 43
0.0000000001
 40
0.0
 40
0.0
 40
0.0
 40
0.0
 40
1.0
 40
1.0
 40
1.0
 40
1.0
 10
-1.26295
 20
-3.6442
 30
0.0
 10
-1.26295
 20
-3.6442
 30
0.0
 10
-1.23473
 20
-3.6442
 30
0.0
 10
-1.23473
 20
-3.6442
 30
0.0
  0
SPLINE
  5
102
330
1F
100
AcDbEntity
  8
Layer 1
370
    25
100
AcDbSpline
210
0.0
220
0.0
230
1.0
 70
     8
 71
     3
 72
    24
 73
    20
 74
     0
 42
0.000000001
 43
0.0000000001
 40
0.0
 40
0.0
 40
0.0
 40
0.0
 40
0.1666666666666667
 40
0.1666666666666667
 40
0.1666666666666667
 40
0.1666666766666667
 40
0.3333333333333333
 40
0.3333333333333333
 40
0.3333333333333333
 40
0.3333333433333333
 40
0.5
 40
0.5
 40
0.5
 40
0.50000001
 40
0.6666666666666666
 40
0.6666666666666666
 40
0.6666666666666666
 40
0.6666666766666667
 40
1.0
 40
1.0
 40
1.0
 40
1.0
 10
-1.3335
 20
-3.57717
 30
0.0
 10
-1.3335
 20
-3.57717
 30
0.0
 10
-1.32998
 20
-3.59834
 30
0.0
 10
-1.32998
 20
-3.59834
 30
0.0
 10
-1.32998
 20
-3.59834
 30
0.0
 10
-1.32998
 20
-3.59834
 30
0.0
 10
-1.32292
 20
-3.61598
 30
0.0
 10
-1.32292
 20
-3.61598
 30
0.0
 10
-1.32292
 20
-3.61598
 30
0.0
 10
-1.32292
 20
-3.61598
 30
0.0
 10
-1.30528
 20
-3.63009
 30
0.0
 10
-1.30528
 20
-3.63009
 30
0.0
 10
-1.30528
 20
-3.63009
 30
0.0
 10
-1.30528
 20
-3.63009
 30
0.0
 10
-1.28411
 20
-3.64067
 30
0.0
 10
-1.28411
 20
-3.64067
 30
0.0
 10
-1.28411
 20
-3.64067
 30
0.0
 10
-1.28411
 20
-3.64067
 30
0.0
 10
-1.26295
 20
-3.6442
 30
0.0
 10
-1.26295
 20
-3.6442
 30
0.0
  0
SPLINE
  5
103
330
1F
100
AcDbEntity
  8
Layer 1
370
    25
100
AcDbSpline
210
0.0
220
0.0
230
1.0
 70
    24
 71
     3
 72
     8
 73
     4
 74
     0
 42
0.000000001
 43
0.0000000001
 40
0.0
 40
0.0
 40
0.0
 40
0.0
 40
1.0
 40
1.0
 40
1.0
 40
1.0
 10
-1.3335
 20
-3.56306
 30
0.0
 10
-1.3335
 20
-3.56306
 30
0.0
 10
-1.3335
 20
-3.57717
 30
0.0
 10
-1.3335
 20
-3.57717
 30
0.0
  0
SPLINE
  5
104
330
1F
100
AcDbEntity
  8
Layer 1
370
    25
100
AcDbSpline
210
0.0
220
0.0
230
1.0
 70
     8
 71
     3
 72
    24
 73
    20
 74
     0
 42
0.000000001
 43
0.0000000001
 40
0.0
 40
0.0
 40
0.0
 40
0.0
 40
0.1666666666666667
 40
0.1666666666666667
 40
0.1666666666666667
 40
0.1666666766666667
 40
0.3333333333333333
 40
0.3333333333333333
 40
0.3333333333333333
 40
0.3333333433333333
 40
0.5
 40
0.5
 40
0.5
 40
0.50000001
 40
0.6666666666666666
 40
0.6666666666666666
 40
0.6666666666666666
 40
0.6666666766666667
 40
1.0
 40
1.0
 40
1.0
 40
1.0
 10
-1.25942
 20
-3.49956
 30
0.0
 10
-1.25942
 20
-3.49956
 30
0.0
 10
-1.28411
 20
-3.50309
 30
0.0
 10
-1.28411
 20
-3.50309
 30
0.0
 10
-1.28411
 20
-3.50309
 30
0.0
 10
-1.28411
 20
-3.50309
 30
0.0
 10
-1.30881
 20
-3.51367
 30
0.0
 10
-1.30881
 20
-3.51367
 30
0.0
 10
-1.30881
 20
-3.51367
 30
0.0
 10
-1.30881
 20
-3.51367
 30
0.0
 10
-1.32645
 20
-3.53131
 30
0.0
 10
-1.32645
 20
-3.53131
 30
0.0
 10
-1.32645
 20
-3.53131
 30
0.0
 10
-1.32645
 20
-3.53131
 30
0.0
 10
-1.3335
 20
-3.54542
 30
0.0
 10
-1.3335
 20
-3.54542
 30
0.0
 10
-1.3335
 20
-3.54542
 30
0.0
 10
-1.3335
 20
-3.54542
 30
0.0
 10
-1.3335
 20
-3.56306
 30
0.0
 10
-1.3335
 20
-3.56306
 30
0.0
  0
SPLINE
  5
105
330
1F
100
AcDbEntity
  8
Layer 1
370
    25
100
AcDbSpline
210
0.0
220
0.0
230
1.0
 70
    24
 71
     3
 72
     8
 73
     4
 74
     0
 42
0.000000001
 43
0.0000000001
 40
0.0
 40
0.0
 40
0.0
 40
0.0
 40
1.0
 40
1.0
 40
1.0
 40
1.0
 10
-1.19945
 20
-3.49956
 30
0.0
 10
-1.19945
 20
-3.49956
 30
0.0
 10
-1.25942
 20
-3.49956
 30
0.0
 10
-1.25942
 20
-3.49956
 30
0.0
  0
SPLINE
  5
106
330
1F
100
AcDbEntity
  8
Layer 1
370
    25
100
AcDbSpline
210
0.0
220
0.0
230
1.0
 70
    24
 71
     3
 72
     8
 73
     4
 74
     0
 42
0.000000001
 43
0.0000000001
 40
0.0
 40
0.0
 40
0.0
 40
0.0
 40
1.0
 40
1.0
 40
1.0
 40
1.0
 10
-1.19945
 20
-3.46428
 30
0.0
 10
-1.19945
 20
-3.46428
 30
0.0
 10
-1.19945
 20
-3.49956
 30
0.0
 10
-1.19945
 20
-3.49956
 30
0.0
  0
SPLINE
  5
107
330
1F
100
AcDbEntity
  8
Layer 1
370
    25
100
AcDbSpline
210
0.0
220
0.0
230
1.0
 70
     8
 71
     3
 72
    12
 73
     8
 74
     0
 42
0.000000001
 43
0.0000000001
 40
0.0
 40
0.0
 40
0.0
 40
0.0
 40
0.3333333333333333
 40
0.3333333333333333
 40
0.3333333333333333
 40
0.3333333433333333
 40
1.0
 40
1.0
 40
1.0
 40
1.0
 10
-1.82739
 20
-3.46428
 30
0.0
 10
-1.82739
 20
-3.46428
 30
0.0
 10
-1.83092
 20
-3.46428
 30
0.0
 10
-1.83092
 20
-3.46428
 30
0.0
 10
-1.83092
 20
-3.46428
 30
0.0
 10
-1.83092
 20
-3.46428
 30
0.0
 10
-1.83092
 20
-3.46781
 30
0.0
 10
-1.83092
 20
-3.46781
 30
0.0
  0
SPLINE
  5
108
330
1F
100
AcDbEntity
  8
Layer 1
370
    25
100
AcDbSpline
210
0.0
220
0.0
230
1.0
 70
    24
 71
     3
 72
     8
 73
     4
 74
     0
 42
0.000000001
 43
0.0000000001
 40
0.0
 40
0.0
 40
0.0
 40
0.0
 40
1.0
 40
1.0
 40
1.0
 40
1.0
 10
-1.82739
 20
-3.46428
 30
0.0
 10
-1.82739
 20
-3.46428
 30
0.0
 10
-1.79211
 20
-3.4537
 30
0.0
 10
-1.79211
 20
-3.4537
 30
0.0
  0
SPLINE
  5
109
330
1F
100
AcDbEntity
  8
Layer 1
370
    25
100
AcDbSpline
210
0.0
220
0.0
230
1.0
 70
     8
 71
     3
 72
    12
 73
     8
 74
     0
 42
0.000000001
 43
0.0000000001
 40
0.0
 40
0.0
 40
0.0
 40
0.0
 40
0.3333333333333333
 40
0.3333333333333333
 40
0.3333333333333333
 40
0.3333333433333333
 40
1.0
 40
1.0
 40
1.0
 40
1.0
 10
-1.79211
 20
-3.4537
 30
0.0
 10
-1.79211
 20
-3.4537
 30
0.0
 10
-1.78859
 20
-3.4537
 30
0.0
 10
-1.78859
 20
-3.4537
 30
0.0
 10
-1.78859
 20
-3.4537
 30
0.0
 10
-1.78859
 20
-3.4537
 30
0.0
 10
-1.78859
 20
-3.45723
 30
0.0
 10
-1.78859
 20
-3.45723
 30
0.0
  0
SPLINE
  5
10A
330
1F
100
AcDbEntity
  8
Layer 1
370
    25
100
AcDbSpline
210
0.0
220
0.0
230
1.0
 70
    24
 71
     3
 72
     8
 73
     4
 74
     0
 42
0.000000001
 43
0.0000000001
 40
0.0
 40
0.0
 40
0.0
 40
0.0
 40
1.0
 40
1.0
 40
1.0
 40
1.0
 10
-1.83092
 20
-3.46781
 30
0.0
 10
-1.83092
 20
-3.46781
 30
0.0
 10
-1.78859
 20
-3.45723
 30
0.0
 10
-1.78859
 20
-3.45723
 30
0.0
  0
SPLINE
  5
10B
330
1F
100
AcDbEntity
  8
Layer 1
370
    25
100
AcDbSpline
210
0.0
220
0.0
230
1.0
 70
     8
 71
     3
 72
    24
 73
    20
 74
     0
 42
0.000000001
 43
0.0000000001
 40
0.0
 40
0.0
 40
0.0
 40
0.0
 40
0.1666666666666667
 40
0.1666666666666667
 40
0.1666666666666667
 40
0.1666666766666667
 40
0.3333333333333333
 40
0.3333333333333333
 40
0.3333333333333333
 40
0.3333333433333333
 40
0.5
 40
0.5
 40
0.5
 40
0.50000001
 40
0.6666666666666666
 40
0.6666666666666666
 40
0.6666666666666666
 40
0.6666666766666667
 40
1.0
 40
1.0
 40
1.0
 40
1.0
 10
-1.87678
 20
-3.41842
 30
0.0
 10
-1.87678
 20
-3.41842
 30
0.0
 10
-1.85914
 20
-3.42195
 30
0.0
 10
-1.85914
 20
-3.42195
 30
0.0
 10
-1.85914
 20
-3.42195
 30
0.0
 10
-1.85914
 20
-3.42195
 30
0.0
 10
-1.84503
 20
-3.429
 30
0.0
 10
-1.84503
 20
-3.429
 30
0.0
 10
-1.84503
 20
-3.429
 30
0.0
 10
-1.84503
 20
-3.429
 30
0.0
 10
-1.83445
 20
-3.44312
 30
0.0
 10
-1.83445
 20
-3.44312
 30
0.0
 10
-1.83445
 20
-3.44312
 30
0.0
 10
-1.83445
 20
-3.44312
 30
0.0
 10
-1.82739
 20
-3.45723
 30
0.0
 10
-1.82739
 20
-3.45723
 30
0.0
 10
-1.82739
 20
-3.45723
 30
0.0
 10
-1.82739
 20
-3.45723
 30
0.0
 10
-1.82739
 20
-3.46428
 30
0.0
 10
-1.82739
 20
-3.46428
 30
0.0
  0
SPLINE
  5
10C
330
1F
100
AcDbEntity
  8
Layer 1
370
    25
100
AcDbSpline
210
0.0
220
0.0
230
1.0
 70
     8
 71
     3
 72
    24
 73
    20
 74
     0
 42
0.000000001
 43
0.0000000001
 40
0.0
 40
0.0
 40
0.0
 40
0.0
 40
0.1666666666666667
 40
0.1666666666666667
 40
0.1666666666666667
 40
0.1666666766666667
 40
0.3333333333333333
 40
0.3333333333333333
 40
0.3333333333333333
 40
0.3333333433333333
 40
0.5
 40
0.5
 40
0.5
 40
0.50000001
 40
0.6666666666666666
 40
0.6666666666666666
 40
0.6666666666666666
 40
0.6666666766666667
 40
1.0
 40
1.0
 40
1.0
 40
1.0
 10
-1.92617
 20
-3.46781
 30
0.0
 10
-1.92617
 20
-3.46781
 30
0.0
 10
-1.92264
 20
-3.45017
 30
0.0
 10
-1.92264
 20
-3.45017
 30
0.0
 10
-1.92264
 20
-3.45017
 30
0.0
 10
-1.92264
 20
-3.45017
 30
0.0
 10
-1.91559
 20
-3.43606
 30
0.0
 10
-1.91559
 20
-3.43606
 30
0.0
 10
-1.91559
 20
-3.43606
 30
0.0
 10
-1.91559
 20
-3.43606
 30
0.0
 10
-1.90148
 20
-3.42548
 30
0.0
 10
-1.90148
 20
-3.42548
 30
0.0
 10
-1.90148
 20
-3.42548
 30
0.0
 10
-1.90148
 20
-3.42548
 30
0.0
 10
-1.88736
 20
-3.41842
 30
0.0
 10
-1.88736
 20
-3.41842
 30
0.0
 10
-1.88736
 20
-3.41842
 30
0.0
 10
-1.88736
 20
-3.41842
 30
0.0
 10
-1.87678
 20
-3.41842
 30
0.0
 10
-1.87678
 20
-3.41842
 30
0.0
  0
SPLINE
  5
10D
330
1F
100
AcDbEntity
  8
Layer 1
370
    25
100
AcDbSpline
210
0.0
220
0.0
230
1.0
 70
    24
 71
     3
 72
     8
 73
     4
 74
     0
 42
0.000000001
 43
0.0000000001
 40
0.0
 40
0.0
 40
0.0
 40
0.0
 40
1.0
 40
1.0
 40
1.0
 40
1.0
 10
-1.92617
 20
-3.5807
 30
0.0
 10
-1.92617
 20
-3.5807
 30
0.0
 10
-1.92617
 20
-3.46781
 30
0.0
 10
-1.92617
 20
-3.46781
 30
0.0
  0
SPLINE
  5
10E
330
1F
100
AcDbEntity
  8
Layer 1
370
    25
100
AcDbSpline
210
0.0
220
0.0
230
1.0
 70
     8
 71
     3
 72
    24
 73
    20
 74
     0
 42
0.000000001
 43
0.0000000001
 40
0.0
 40
0.0
 40
0.0
 40
0.0
 40
0.1666666666666667
 40
0.1666666666666667
 40
0.1666666666666667
 40
0.1666666766666667
 40
0.3333333333333333
 40
0.3333333333333333
 40
0.3333333333333333
 40
0.3333333433333333
 40
0.5
 40
0.5
 40
0.5
 40
0.50000001
 40
0.6666666666666666
 40
0.6666666666666666
 40
0.6666666666666666
 40
0.6666666766666667
 40
1.0
 40
1.0
 40
1.0
 40
1.0
 10
-1.87678
 20
-3.63009
 30
0.0
 10
-1.87678
 20
-3.63009
 30
0.0
 10
-1.89442
 20
-3.62656
 30
0.0
 10
-1.89442
 20
-3.62656
 30
0.0
 10
-1.89442
 20
-3.62656
 30
0.0
 10
-1.89442
 20
-3.62656
 30
0.0
 10
-1.90853
 20
-3.6195
 30
0.0
 10
-1.90853
 20
-3.6195
 30
0.0
 10
-1.90853
 20
-3.6195
 30
0.0
 10
-1.90853
 20
-3.6195
 30
0.0
 10
-1.91911
 20
-3.60892
 30
0.0
 10
-1.91911
 20
-3.60892
 30
0.0
 10
-1.91911
 20
-3.60892
 30
0.0
 10
-1.91911
 20
-3.60892
 30
0.0
 10
-1.92617
 20
-3.59128
 30
0.0
 10
-1.92617
 20
-3.59128
 30
0.0
 10
-1.92617
 20
-3.59128
 30
0.0
 10
-1.92617
 20
-3.59128
 30
0.0
 10
-1.92617
 20
-3.5807
 30
0.0
 10
-1.92617
 20
-3.5807
 30
0.0
  0
SPLINE
  5
10F
330
1F
100
AcDbEntity
  8
Layer 1
370
    25
100
AcDbSpline
210
0.0
220
0.0
230
1.0
 70
     8
 71
     3
 72
    24
 73
    20
 74
     0
 42
0.000000001
 43
0.0000000001
 40
0.0
 40
0.0
 40
0.0
 40
0.0
 40
0.1666666666666667
 40
0.1666666666666667
 40
0.1666666666666667
 40
0.1666666766666667
 40
0.3333333333333333
 40
0.3333333333333333
 40
0.3333333333333333
 40
0.3333333433333333
 40
0.5
 40
0.5
 40
0.5
 40
0.50000001
 40
0.6666666666666666
 40
0.6666666666666666
 40
0.6666666666666666
 40
0.6666666766666667
 40
1.0
 40
1.0
 40
1.0
 40
1.0
 10
-1.82739
 20
-3.58775
 30
0.0
 10
-1.82739
 20
-3.58775
 30
0.0
 10
-1.83092
 20
-3.60187
 30
0.0
 10
-1.83092
 20
-3.60187
 30
0.0
 10
-1.83092
 20
-3.60187
 30
0.0
 10
-1.83092
 20
-3.60187
 30
0.0
 10
-1.8415
 20
-3.61598
 30
0.0
 10
-1.8415
 20
-3.61598
 30
0.0
 10
-1.8415
 20
-3.61598
 30
0.0
 10
-1.8415
 20
-3.61598
 30
0.0
 10
-1.85561
 20
-3.62656
 30
0.0
 10
-1.85561
 20
-3.62656
 30
0.0
 10
-1.85561
 20
-3.62656
 30
0.0
 10
-1.85561
 20
-3.62656
 30
0.0
 10
-1.86973
 20
-3.63009
 30
0.0
 10
-1.86973
 20
-3.63009
 30
0.0
 10
-1.86973
 20
-3.63009
 30
0.0
 10
-1.86973
 20
-3.63009
 30
0.0
 10
-1.87678
 20
-3.63009
 30
0.0
 10
-1.87678
 20
-3.63009
 30
0.0
  0
SPLINE
  5
110
330
1F
100
AcDbEntity
  8
Layer 1
370
    25
100
AcDbSpline
210
0.0
220
0.0
230
1.0
 70
    24
 71
     3
 72
     8
 73
     4
 74
     0
 42
0.000000001
 43
0.0000000001
 40
0.0
 40
0.0
 40
0.0
 40
0.0
 40
1.0
 40
1.0
 40
1.0
 40
1.0
 10
-1.79211
 20
-3.59481
 30
0.0
 10
-1.79211
 20
-3.59481
 30
0.0
 10
-1.82739
 20
-3.58775
 30
0.0
 10
-1.82739
 20
-3.58775
 30
0.0
  0
SPLINE
  5
111
330
1F
100
AcDbEntity
  8
Layer 1
370
    25
100
AcDbSpline
210
0.0
220
0.0
230
1.0
 70
     8
 71
     3
 72
    20
 73
    16
 74
     0
 42
0.000000001
 43
0.0000000001
 40
0.0
 40
0.0
 40
0.0
 40
0.0
 40
0.2
 40
0.2
 40
0.2
 40
0.20000001
 40
0.4
 40
0.4
 40
0.4
 40
0.40000001
 40
0.6
 40
0.6
 40
0.6
 40
0.60000001
 40
1.0
 40
1.0
 40
1.0
 40
1.0
 10
-1.86267
 20
-3.6442
 30
0.0
 10
-1.86267
 20
-3.6442
 30
0.0
 10
-1.83798
 20
-3.64067
 30
0.0
 10
-1.83798
 20
-3.64067
 30
0.0
 10
-1.83798
 20
-3.64067
 30
0.0
 10
-1.83798
 20
-3.64067
 30
0.0
 10
-1.81681
 20
-3.62656
 30
0.0
 10
-1.81681
 20
-3.62656
 30
0.0
 10
-1.81681
 20
-3.62656
 30
0.0
 10
-1.81681
 20
-3.62656
 30
0.0
 10
-1.79917
 20
-3.60892
 30
0.0
 10
-1.79917
 20
-3.60892
 30
0.0
 10
-1.79917
 20
-3.60892
 30
0.0
 10
-1.79917
 20
-3.60892
 30
0.0
 10
-1.79211
 20
-3.59481
 30
0.0
 10
-1.79211
 20
-3.59481
 30
0.0
  0
SPLINE
  5
112
330
1F
100
AcDbEntity
  8
Layer 1
370
    25
100
AcDbSpline
210
0.0
220
0.0
230
1.0
 70
    24
 71
     3
 72
     8
 73
     4
 74
     0
 42
0.000000001
 43
0.0000000001
 40
0.0
 40
0.0
 40
0.0
 40
0.0
 40
1.0
 40
1.0
 40
1.0
 40
1.0
 10
-1.89089
 20
-3.6442
 30
0.0
 10
-1.89089
 20
-3.6442
 30
0.0
 10
-1.86267
 20
-3.6442
 30
0.0
 10
-1.86267
 20
-3.6442
 30
0.0
  0
SPLINE
  5
113
330
1F
100
AcDbEntity
  8
Layer 1
370
    25
100
AcDbSpline
210
0.0
220
0.0
230
1.0
 70
     8
 71
     3
 72
    24
 73
    20
 74
     0
 42
0.000000001
 43
0.0000000001
 40
0.0
 40
0.0
 40
0.0
 40
0.0
 40
0.1666666666666667
 40
0.1666666666666667
 40
0.1666666666666667
 40
0.1666666766666667
 40
0.3333333333333333
 40
0.3333333333333333
 40
0.3333333333333333
 40
0.3333333433333333
 40
0.5
 40
0.5
 40
0.5
 40
0.50000001
 40
0.6666666666666666
 40
0.6666666666666666
 40
0.6666666666666666
 40
0.6666666766666667
 40
1.0
 40
1.0
 40
1.0
 40
1.0
 10
-1.96498
 20
-3.57717
 30
0.0
 10
-1.96498
 20
-3.57717
 30
0.0
 10
-1.96145
 20
-3.59481
 30
0.0
 10
-1.96145
 20
-3.59481
 30
0.0
 10
-1.96145
 20
-3.59481
 30
0.0
 10
-1.96145
 20
-3.59481
 30
0.0
 10
-1.95086
 20
-3.61245
 30
0.0
 10
-1.95086
 20
-3.61245
 30
0.0
 10
-1.95086
 20
-3.61245
 30
0.0
 10
-1.95086
 20
-3.61245
 30
0.0
 10
-1.93675
 20
-3.63009
 30
0.0
 10
-1.93675
 20
-3.63009
 30
0.0
 10
-1.93675
 20
-3.63009
 30
0.0
 10
-1.93675
 20
-3.63009
 30
0.0
 10
-1.91559
 20
-3.64067
 30
0.0
 10
-1.91559
 20
-3.64067
 30
0.0
 10
-1.91559
 20
-3.64067
 30
0.0
 10
-1.91559
 20
-3.64067
 30
0.0
 10
-1.89089
 20
-3.6442
 30
0.0
 10
-1.89089
 20
-3.6442
 30
0.0
  0
SPLINE
  5
114
330
1F
100
AcDbEntity
  8
Layer 1
370
    25
100
AcDbSpline
210
0.0
220
0.0
230
1.0
 70
    24
 71
     3
 72
     8
 73
     4
 74
     0
 42
0.000000001
 43
0.0000000001
 40
0.0
 40
0.0
 40
0.0
 40
0.0
 40
1.0
 40
1.0
 40
1.0
 40
1.0
 10
-1.96498
 20
-3.47134
 30
0.0
 10
-1.96498
 20
-3.47134
 30
0.0
 10
-1.96498
 20
-3.57717
 30
0.0
 10
-1.96498
 20
-3.57717
 30
0.0
  0
SPLINE
  5
115
330
1F
100
AcDbEntity
  8
Layer 1
370
    25
100
AcDbSpline
210
0.0
220
0.0
230
1.0
 70
     8
 71
     3
 72
    24
 73
    20
 74
     0
 42
0.000000001
 43
0.0000000001
 40
0.0
 40
0.0
 40
0.0
 40
0.0
 40
0.1666666666666667
 40
0.1666666666666667
 40
0.1666666666666667
 40
0.1666666766666667
 40
0.3333333333333333
 40
0.3333333333333333
 40
0.3333333333333333
 40
0.3333333433333333
 40
0.5
 40
0.5
 40
0.5
 40
0.50000001
 40
0.6666666666666666
 40
0.6666666666666666
 40
0.6666666666666666
 40
0.6666666766666667
 40
1.0
 40
1.0
 40
1.0
 40
1.0
 10
-1.89089
 20
-3.40431
 30
0.0
 10
-1.89089
 20
-3.40431
 30
0.0
 10
-1.91559
 20
-3.40784
 30
0.0
 10
-1.91559
 20
-3.40784
 30
0.0
 10
-1.91559
 20
-3.40784
 30
0.0
 10
-1.91559
 20
-3.40784
 30
0.0
 10
-1.93675
 20
-3.42195
 30
0.0
 10
-1.93675
 20
-3.42195
 30
0.0
 10
-1.93675
 20
-3.42195
 30
0.0
 10
-1.93675
 20
-3.42195
 30
0.0
 10
-1.95439
 20
-3.43959
 30
0.0
 10
-1.95439
 20
-3.43959
 30
0.0
 10
-1.95439
 20
-3.43959
 30
0.0
 10
-1.95439
 20
-3.43959
 30
0.0
 10
-1.96145
 20
-3.46075
 30
0.0
 10
-1.96145
 20
-3.46075
 30
0.0
 10
-1.96145
 20
-3.46075
 30
0.0
 10
-1.96145
 20
-3.46075
 30
0.0
 10
-1.96498
 20
-3.47134
 30
0.0
 10
-1.96498
 20
-3.47134
 30
0.0
  0
SPLINE
  5
116
330
1F
100
AcDbEntity
  8
Layer 1
370
    25
100
AcDbSpline
210
0.0
220
0.0
230
1.0
 70
    24
 71
     3
 72
     8
 73
     4
 74
     0
 42
0.000000001
 43
0.0000000001
 40
0.0
 40
0.0
 40
0.0
 40
0.0
 40
1.0
 40
1.0
 40
1.0
 40
1.0
 10
-1.86267
 20
-3.40431
 30
0.0
 10
-1.86267
 20
-3.40431
 30
0.0
 10
-1.89089
 20
-3.40431
 30
0.0
 10
-1.89089
 20
-3.40431
 30
0.0
  0
SPLINE
  5
117
330
1F
100
AcDbEntity
  8
Layer 1
370
    25
100
AcDbSpline
210
0.0
220
0.0
230
1.0
 70
     8
 71
     3
 72
    20
 73
    16
 74
     0
 42
0.000000001
 43
0.0000000001
 40
0.0
 40
0.0
 40
0.0
 40
0.0
 40
0.2
 40
0.2
 40
0.2
 40
0.20000001
 40
0.4
 40
0.4
 40
0.4
 40
0.40000001
 40
0.6
 40
0.6
 40
0.6
 40
0.60000001
 40
1.0
 40
1.0
 40
1.0
 40
1.0
 10
-1.79211
 20
-3.4537
 30
0.0
 10
-1.79211
 20
-3.4537
 30
0.0
 10
-1.8027
 20
-3.43606
 30
0.0
 10
-1.8027
 20
-3.43606
 30
0.0
 10
-1.8027
 20
-3.43606
 30
0.0
 10
-1.8027
 20
-3.43606
 30
0.0
 10
-1.81681
 20
-3.42195
 30
0.0
 10
-1.81681
 20
-3.42195
 30
0.0
 10
-1.81681
 20
-3.42195
 30
0.0
 10
-1.81681
 20
-3.42195
 30
0.0
 10
-1.83798
 20
-3.41137
 30
0.0
 10
-1.83798
 20
-3.41137
 30
0.0
 10
-1.83798
 20
-3.41137
 30
0.0
 10
-1.83798
 20
-3.41137
 30
0.0
 10
-1.86267
 20
-3.40431
 30
0.0
 10
-1.86267
 20
-3.40431
 30
0.0
  0
SPLINE
  5
118
330
1F
100
AcDbEntity
  8
Layer 1
370
    25
100
AcDbSpline
210
0.0
220
0.0
230
1.0
 70
    24
 71
     3
 72
    12
 73
     8
 74
     0
 42
0.000000001
 43
0.0000000001
 40
0.0
 40
0.0
 40
0.0
 40
0.0
 40
0.3333333333333333
 40
0.3333333333333333
 40
0.3333333333333333
 40
0.3333333433333333
 40
1.0
 40
1.0
 40
1.0
 40
1.0
 10
-1.58045
 20
-3.59481
 30
0.0
 10
-1.58045
 20
-3.59481
 30
0.0
 10
-1.58045
 20
-3.59481
 30
0.0
 10
-1.58045
 20
-3.59481
 30
0.0
 10
-1.58045
 20
-3.59481
 30
0.0
 10
-1.58045
 20
-3.59481
 30
0.0
 10
-1.57692
 20
-3.59128
 30
0.0
 10
-1.57692
 20
-3.59128
 30
0.0
  0
SPLINE
  5
119
330
1F
100
AcDbEntity
  8
Layer 1
370
    25
100
AcDbSpline
210
0.0
220
0.0
230
1.0
 70
    24
 71
     3
 72
     8
 73
     4
 74
     0
 42
0.000000001
 43
0.0000000001
 40
0.0
 40
0.0
 40
0.0
 40
0.0
 40
1.0
 40
1.0
 40
1.0
 40
1.0
 10
-1.58045
 20
-3.59481
 30
0.0
 10
-1.58045
 20
-3.59481
 30
0.0
 10
-1.61925
 20
-3.58775
 30
0.0
 10
-1.61925
 20
-3.58775
 30
0.0
  0
SPLINE
  5
11A
330
1F
100
AcDbEntity
  8
Layer 1
370
    25
100
AcDbSpline
210
0.0
220
0.0
230
1.0
 70
     8
 71
     3
 72
    12
 73
     8
 74
     0
 42
0.000000001
 43
0.0000000001
 40
0.0
 40
0.0
 40
0.0
 40
0.0
 40
0.3333333333333333
 40
0.3333333333333333
 40
0.3333333333333333
 40
0.3333333433333333
 40
1.0
 40
1.0
 40
1.0
 40
1.0
 10
-1.61925
 20
-3.58775
 30
0.0
 10
-1.61925
 20
-3.58775
 30
0.0
 10
-1.61925
 20
-3.58423
 30
0.0
 10
-1.61925
 20
-3.58423
 30
0.0
 10
-1.61925
 20
-3.58423
 30
0.0
 10
-1.61925
 20
-3.58423
 30
0.0
 10
-1.62278
 20
-3.5807
 30
0.0
 10
-1.62278
 20
-3.5807
 30
0.0
  0
SPLINE
  5
11B
330
1F
100
AcDbEntity
  8
Layer 1
370
    25
100
AcDbSpline
210
0.0
220
0.0
230
1.0
 70
    24
 71
     3
 72
     8
 73
     4
 74
     0
 42
0.000000001
 43
0.0000000001
 40
0.0
 40
0.0
 40
0.0
 40
0.0
 40
1.0
 40
1.0
 40
1.0
 40
1.0
 10
-1.57692
 20
-3.59128
 30
0.0
 10
-1.57692
 20
-3.59128
 30
0.0
 10
-1.62278
 20
-3.5807
 30
0.0
 10
-1.62278
 20
-3.5807
 30
0.0
  0
SPLINE
  5
11C
330
1F
100
AcDbEntity
  8
Layer 1
370
    25
100
AcDbSpline
210
0.0
220
0.0
230
1.0
 70
    24
 71
     3
 72
     8
 73
     4
 74
     0
 42
0.000000001
 43
0.0000000001
 40
0.0
 40
0.0
 40
0.0
 40
0.0
 40
1.0
 40
1.0
 40
1.0
 40
1.0
 10
-1.28411
 20
-3.43253
 30
0.0
 10
-1.28411
 20
-3.43253
 30
0.0
 10
-1.28059
 20
-3.43606
 30
0.0
 10
-1.28059
 20
-3.43606
 30
0.0
  0
SPLINE
  5
11D
330
1F
100
AcDbEntity
  8
Layer 1
370
    25
100
AcDbSpline
210
0.0
220
0.0
230
1.0
 70
    24
 71
     3
 72
     8
 73
     4
 74
     0
 42
0.000000001
 43
0.0000000001
 40
0.0
 40
0.0
 40
0.0
 40
0.0
 40
1.0
 40
1.0
 40
1.0
 40
1.0
 10
-1.24884
 20
-3.41842
 30
0.0
 10
-1.24884
 20
-3.41842
 30
0.0
 10
-1.24884
 20
-3.42195
 30
0.0
 10
-1.24884
 20
-3.42195
 30
0.0
  0
SPLINE
  5
11E
330
1F
100
AcDbEntity
  8
Layer 1
370
    25
100
AcDbSpline
210
0.0
220
0.0
230
1.0
 70
     8
 71
     3
 72
    16
 73
    12
 74
     0
 42
0.000000001
 43
0.0000000001
 40
0.0
 40
0.0
 40
0.0
 40
0.0
 40
0.25
 40
0.25
 40
0.25
 40
0.25000001
 40
0.5
 40
0.5
 40
0.5
 40
0.50000001
 40
1.0
 40
1.0
 40
1.0
 40
1.0
 10
-1.28059
 20
-3.43606
 30
0.0
 10
-1.28059
 20
-3.43606
 30
0.0
 10
-1.27
 20
-3.429
 30
0.0
 10
-1.27
 20
-3.429
 30
0.0
 10
-1.27
 20
-3.429
 30
0.0
 10
-1.27
 20
-3.429
 30
0.0
 10
-1.25589
 20
-3.42195
 30
0.0
 10
-1.25589
 20
-3.42195
 30
0.0
 10
-1.25589
 20
-3.42195
 30
0.0
 10
-1.25589
 20
-3.42195
 30
0.0
 10
-1.24884
 20
-3.42195
 30
0.0
 10
-1.24884
 20
-3.42195
 30
0.0
  0
SPLINE
  5
11F
330
1F
100
AcDbEntity
  8
Layer 1
370
    25
100
AcDbSpline
210
0.0
220
0.0
230
1.0
 70
    24
 71
     3
 72
     8
 73
     4
 74
     0
 42
0.000000001
 43
0.0000000001
 40
0.0
 40
0.0
 40
0.0
 40
0.0
 40
1.0
 40
1.0
 40
1.0
 40
1.0
 10
-1.86267
 20
-3.40431
 30
0.0
 10
-1.86267
 20
-3.40431
 30
0.0
 10
-1.86267
 20
-3.40078
 30
0.0
 10
-1.86267
 20
-3.40078
 30
0.0
  0
SPLINE
  5
120
330
1F
100
AcDbEntity
  8
Layer 1
370
    25
100
AcDbSpline
210
0.0
220
0.0
230
1.0
 70
     8
 71
     3
 72
    24
 73
    20
 74
     0
 42
0.000000001
 43
0.0000000001
 40
0.0
 40
0.0
 40
0.0
 40
0.0
 40
0.1666666666666667
 40
0.1666666666666667
 40
0.1666666666666667
 40
0.1666666766666667
 40
0.3333333333333333
 40
0.3333333333333333
 40
0.3333333333333333
 40
0.3333333433333333
 40
0.5
 40
0.5
 40
0.5
 40
0.50000001
 40
0.6666666666666666
 40
0.6666666666666666
 40
0.6666666666666666
 40
0.6666666766666667
 40
1.0
 40
1.0
 40
1.0
 40
1.0
 10
-1.78859
 20
-3.45723
 30
0.0
 10
-1.78859
 20
-3.45723
 30
0.0
 10
-1.79564
 20
-3.43606
 30
0.0
 10
-1.79564
 20
-3.43606
 30
0.0
 10
-1.79564
 20
-3.43606
 30
0.0
 10
-1.79564
 20
-3.43606
 30
0.0
 10
-1.81328
 20
-3.41842
 30
0.0
 10
-1.81328
 20
-3.41842
 30
0.0
 10
-1.81328
 20
-3.41842
 30
0.0
 10
-1.81328
 20
-3.41842
 30
0.0
 10
-1.83445
 20
-3.40784
 30
0.0
 10
-1.83445
 20
-3.40784
 30
0.0
 10
-1.83445
 20
-3.40784
 30
0.0
 10
-1.83445
 20
-3.40784
 30
0.0
 10
-1.85914
 20
-3.40078
 30
0.0
 10
-1.85914
 20
-3.40078
 30
0.0
 10
-1.85914
 20
-3.40078
 30
0.0
 10
-1.85914
 20
-3.40078
 30
0.0
 10
-1.86267
 20
-3.40078
 30
0.0
 10
-1.86267
 20
-3.40078
 30
0.0
  0
SPLINE
  5
121
330
1F
100
AcDbEntity
  8
Layer 1
370
    25
100
AcDbSpline
210
0.0
220
0.0
230
1.0
 70
    24
 71
     3
 72
     8
 73
     4
 74
     0
 42
0.000000001
 43
0.0000000001
 40
0.0
 40
0.0
 40
0.0
 40
0.0
 40
1.0
 40
1.0
 40
1.0
 40
1.0
 10
-1.65453
 20
-3.6442
 30
0.0
 10
-1.65453
 20
-3.6442
 30
0.0
 10
-1.65453
 20
-3.64773
 30
0.0
 10
-1.65453
 20
-3.64773
 30
0.0
  0
SPLINE
  5
122
330
1F
100
AcDbEntity
  8
Layer 1
370
    25
100
AcDbSpline
210
0.0
220
0.0
230
1.0
 70
     8
 71
     3
 72
    20
 73
    16
 74
     0
 42
0.000000001
 43
0.0000000001
 40
0.0
 40
0.0
 40
0.0
 40
0.0
 40
0.2
 40
0.2
 40
0.2
 40
0.20000001
 40
0.4
 40
0.4
 40
0.4
 40
0.40000001
 40
0.6
 40
0.6
 40
0.6
 40
0.60000001
 40
1.0
 40
1.0
 40
1.0
 40
1.0
 10
-1.65453
 20
-3.6442
 30
0.0
 10
-1.65453
 20
-3.6442
 30
0.0
 10
-1.62984
 20
-3.64067
 30
0.0
 10
-1.62984
 20
-3.64067
 30
0.0
 10
-1.62984
 20
-3.64067
 30
0.0
 10
-1.62984
 20
-3.64067
 30
0.0
 10
-1.60514
 20
-3.62656
 30
0.0
 10
-1.60514
 20
-3.62656
 30
0.0
 10
-1.60514
 20
-3.62656
 30
0.0
 10
-1.60514
 20
-3.62656
 30
0.0
 10
-1.5875
 20
-3.60892
 30
0.0
 10
-1.5875
 20
-3.60892
 30
0.0
 10
-1.5875
 20
-3.60892
 30
0.0
 10
-1.5875
 20
-3.60892
 30
0.0
 10
-1.58045
 20
-3.59481
 30
0.0
 10
-1.58045
 20
-3.59481
 30
0.0
  0
SPLINE
  5
123
330
1F
100
AcDbEntity
  8
Layer 1
370
    25
100
AcDbSpline
210
0.0
220
0.0
230
1.0
 70
     8
 71
     3
 72
    20
 73
    16
 74
     0
 42
0.000000001
 43
0.0000000001
 40
0.0
 40
0.0
 40
0.0
 40
0.0
 40
0.2
 40
0.2
 40
0.2
 40
0.20000001
 40
0.4
 40
0.4
 40
0.4
 40
0.40000001
 40
0.6
 40
0.6
 40
0.6
 40
0.60000001
 40
1.0
 40
1.0
 40
1.0
 40
1.0
 10
-1.65453
 20
-3.64773
 30
0.0
 10
-1.65453
 20
-3.64773
 30
0.0
 10
-1.62984
 20
-3.6442
 30
0.0
 10
-1.62984
 20
-3.6442
 30
0.0
 10
-1.62984
 20
-3.6442
 30
0.0
 10
-1.62984
 20
-3.6442
 30
0.0
 10
-1.60514
 20
-3.63009
 30
0.0
 10
-1.60514
 20
-3.63009
 30
0.0
 10
-1.60514
 20
-3.63009
 30
0.0
 10
-1.60514
 20
-3.63009
 30
0.0
 10
-1.58398
 20
-3.60892
 30
0.0
 10
-1.58398
 20
-3.60892
 30
0.0
 10
-1.58398
 20
-3.60892
 30
0.0
 10
-1.58398
 20
-3.60892
 30
0.0
 10
-1.57692
 20
-3.59128
 30
0.0
 10
-1.57692
 20
-3.59128
 30
0.0
  0
SPLINE
  5
124
330
1F
100
AcDbEntity
  8
Layer 1
370
    25
100
AcDbSpline
210
0.0
220
0.0
230
1.0
 70
    24
 71
     3
 72
     8
 73
     4
 74
     0
 42
0.000000001
 43
0.0000000001
 40
0.0
 40
0.0
 40
0.0
 40
0.0
 40
1.0
 40
1.0
 40
1.0
 40
1.0
 10
-1.32292
 20
-3.429
 30
0.0
 10
-1.32292
 20
-3.429
 30
0.0
 10
-1.28059
 20
-3.43606
 30
0.0
 10
-1.28059
 20
-3.43606
 30
0.0
  0
SPLINE
  5
125
330
1F
100
AcDbEntity
  8
Layer 1
370
    25
100
AcDbSpline
210
0.0
220
0.0
230
1.0
 70
    24
 71
     3
 72
     8
 73
     4
 74
     0
 42
0.000000001
 43
0.0000000001
 40
0.0
 40
0.0
 40
0.0
 40
0.0
 40
1.0
 40
1.0
 40
1.0
 40
1.0
 10
-1.61925
 20
-3.5172
 30
0.0
 10
-1.61925
 20
-3.5172
 30
0.0
 10
-1.61925
 20
-3.46781
 30
0.0
 10
-1.61925
 20
-3.46781
 30
0.0
  0
SPLINE
  5
126
330
1F
100
AcDbEntity
  8
Layer 1
370
    25
100
AcDbSpline
210
0.0
220
0.0
230
1.0
 70
     8
 71
     3
 72
    24
 73
    20
 74
     0
 42
0.000000001
 43
0.0000000001
 40
0.0
 40
0.0
 40
0.0
 40
0.0
 40
0.1666666666666667
 40
0.1666666666666667
 40
0.1666666666666667
 40
0.1666666766666667
 40
0.3333333333333333
 40
0.3333333333333333
 40
0.3333333333333333
 40
0.3333333433333333
 40
0.5
 40
0.5
 40
0.5
 40
0.50000001
 40
0.6666666666666666
 40
0.6666666666666666
 40
0.6666666666666666
 40
0.6666666766666667
 40
1.0
 40
1.0
 40
1.0
 40
1.0
 10
-1.61925
 20
-3.46781
 30
0.0
 10
-1.61925
 20
-3.46781
 30
0.0
 10
-1.61925
 20
-3.4537
 30
0.0
 10
-1.61925
 20
-3.4537
 30
0.0
 10
-1.61925
 20
-3.4537
 30
0.0
 10
-1.61925
 20
-3.4537
 30
0.0
 10
-1.62984
 20
-3.43606
 30
0.0
 10
-1.62984
 20
-3.43606
 30
0.0
 10
-1.62984
 20
-3.43606
 30
0.0
 10
-1.62984
 20
-3.43606
 30
0.0
 10
-1.64042
 20
-3.42548
 30
0.0
 10
-1.64042
 20
-3.42548
 30
0.0
 10
-1.64042
 20
-3.42548
 30
0.0
 10
-1.64042
 20
-3.42548
 30
0.0
 10
-1.65453
 20
-3.41842
 30
0.0
 10
-1.65453
 20
-3.41842
 30
0.0
 10
-1.65453
 20
-3.41842
 30
0.0
 10
-1.65453
 20
-3.41842
 30
0.0
 10
-1.66864
 20
-3.41842
 30
0.0
 10
-1.66864
 20
-3.41842
 30
0.0
  0
SPLINE
  5
127
330
1F
100
AcDbEntity
  8
Layer 1
370
    25
100
AcDbSpline
210
0.0
220
0.0
230
1.0
 70
     8
 71
     3
 72
    24
 73
    20
 74
     0
 42
0.000000001
 43
0.0000000001
 40
0.0
 40
0.0
 40
0.0
 40
0.0
 40
0.1666666666666667
 40
0.1666666666666667
 40
0.1666666666666667
 40
0.1666666766666667
 40
0.3333333333333333
 40
0.3333333333333333
 40
0.3333333333333333
 40
0.3333333433333333
 40
0.5
 40
0.5
 40
0.5
 40
0.50000001
 40
0.6666666666666666
 40
0.6666666666666666
 40
0.6666666666666666
 40
0.6666666766666667
 40
1.0
 40
1.0
 40
1.0
 40
1.0
 10
-1.66864
 20
-3.41842
 30
0.0
 10
-1.66864
 20
-3.41842
 30
0.0
 10
-1.68275
 20
-3.42195
 30
0.0
 10
-1.68275
 20
-3.42195
 30
0.0
 10
-1.68275
 20
-3.42195
 30
0.0
 10
-1.68275
 20
-3.42195
 30
0.0
 10
-1.69686
 20
-3.429
 30
0.0
 10
-1.69686
 20
-3.429
 30
0.0
 10
-1.69686
 20
-3.429
 30
0.0
 10
-1.69686
 20
-3.429
 30
0.0
 10
-1.70745
 20
-3.44312
 30
0.0
 10
-1.70745
 20
-3.44312
 30
0.0
 10
-1.70745
 20
-3.44312
 30
0.0
 10
-1.70745
 20
-3.44312
 30
0.0
 10
-1.7145
 20
-3.45723
 30
0.0
 10
-1.7145
 20
-3.45723
 30
0.0
 10
-1.7145
 20
-3.45723
 30
0.0
 10
-1.7145
 20
-3.45723
 30
0.0
 10
-1.7145
 20
-3.46781
 30
0.0
 10
-1.7145
 20
-3.46781
 30
0.0
  0
SPLINE
  5
128
330
1F
100
AcDbEntity
  8
Layer 1
370
    25
100
AcDbSpline
210
0.0
220
0.0
230
1.0
 70
    24
 71
     3
 72
     8
 73
     4
 74
     0
 42
0.000000001
 43
0.0000000001
 40
0.0
 40
0.0
 40
0.0
 40
0.0
 40
1.0
 40
1.0
 40
1.0
 40
1.0
 10
-1.7145
 20
-3.46781
 30
0.0
 10
-1.7145
 20
-3.46781
 30
0.0
 10
-1.7145
 20
-3.5172
 30
0.0
 10
-1.7145
 20
-3.5172
 30
0.0
  0
SPLINE
  5
129
330
1F
100
AcDbEntity
  8
Layer 1
370
    25
100
AcDbSpline
210
0.0
220
0.0
230
1.0
 70
    24
 71
     3
 72
     8
 73
     4
 74
     0
 42
0.000000001
 43
0.0000000001
 40
0.0
 40
0.0
 40
0.0
 40
0.0
 40
1.0
 40
1.0
 40
1.0
 40
1.0
 10
-1.7145
 20
-3.5172
 30
0.0
 10
-1.7145
 20
-3.5172
 30
0.0
 10
-1.61925
 20
-3.5172
 30
0.0
 10
-1.61925
 20
-3.5172
 30
0.0
  0
SPLINE
  5
12A
330
1F
100
AcDbEntity
  8
Layer 1
370
    25
100
AcDbSpline
210
0.0
220
0.0
230
1.0
 70
     8
 71
     3
 72
    24
 73
    20
 74
     0
 42
0.000000001
 43
0.0000000001
 40
0.0
 40
0.0
 40
0.0
 40
0.0
 40
0.1666666666666667
 40
0.1666666666666667
 40
0.1666666666666667
 40
0.1666666766666667
 40
0.3333333333333333
 40
0.3333333333333333
 40
0.3333333333333333
 40
0.3333333433333333
 40
0.5
 40
0.5
 40
0.5
 40
0.50000001
 40
0.6666666666666666
 40
0.6666666666666666
 40
0.6666666666666666
 40
0.6666666766666667
 40
1.0
 40
1.0
 40
1.0
 40
1.0
 10
-1.61925
 20
-3.58775
 30
0.0
 10
-1.61925
 20
-3.58775
 30
0.0
 10
-1.62278
 20
-3.60187
 30
0.0
 10
-1.62278
 20
-3.60187
 30
0.0
 10
-1.62278
 20
-3.60187
 30
0.0
 10
-1.62278
 20
-3.60187
 30
0.0
 10
-1.63336
 20
-3.61598
 30
0.0
 10
-1.63336
 20
-3.61598
 30
0.0
 10
-1.63336
 20
-3.61598
 30
0.0
 10
-1.63336
 20
-3.61598
 30
0.0
 10
-1.64748
 20
-3.62656
 30
0.0
 10
-1.64748
 20
-3.62656
 30
0.0
 10
-1.64748
 20
-3.62656
 30
0.0
 10
-1.64748
 20
-3.62656
 30
0.0
 10
-1.66159
 20
-3.63009
 30
0.0
 10
-1.66159
 20
-3.63009
 30
0.0
 10
-1.66159
 20
-3.63009
 30
0.0
 10
-1.66159
 20
-3.63009
 30
0.0
 10
-1.66864
 20
-3.63009
 30
0.0
 10
-1.66864
 20
-3.63009
 30
0.0
  0
SPLINE
  5
12B
330
1F
100
AcDbEntity
  8
Layer 1
370
    25
100
AcDbSpline
210
0.0
220
0.0
230
1.0
 70
    24
 71
     3
 72
     8
 73
     4
 74
     0
 42
0.000000001
 43
0.0000000001
 40
0.0
 40
0.0
 40
0.0
 40
0.0
 40
1.0
 40
1.0
 40
1.0
 40
1.0
 10
-1.67923
 20
-3.6442
 30
0.0
 10
-1.67923
 20
-3.6442
 30
0.0
 10
-1.65453
 20
-3.6442
 30
0.0
 10
-1.65453
 20
-3.6442
 30
0.0
  0
SPLINE
  5
12C
330
1F
100
AcDbEntity
  8
Layer 1
370
    25
100
AcDbSpline
210
0.0
220
0.0
230
1.0
 70
     8
 71
     3
 72
    24
 73
    20
 74
     0
 42
0.000000001
 43
0.0000000001
 40
0.0
 40
0.0
 40
0.0
 40
0.0
 40
0.1666666666666667
 40
0.1666666666666667
 40
0.1666666666666667
 40
0.1666666766666667
 40
0.3333333333333333
 40
0.3333333333333333
 40
0.3333333333333333
 40
0.3333333433333333
 40
0.5
 40
0.5
 40
0.5
 40
0.50000001
 40
0.6666666666666666
 40
0.6666666666666666
 40
0.6666666666666666
 40
0.6666666766666667
 40
1.0
 40
1.0
 40
1.0
 40
1.0
 10
-1.75331
 20
-3.57717
 30
0.0
 10
-1.75331
 20
-3.57717
 30
0.0
 10
-1.74978
 20
-3.59834
 30
0.0
 10
-1.74978
 20
-3.59834
 30
0.0
 10
-1.74978
 20
-3.59834
 30
0.0
 10
-1.74978
 20
-3.59834
 30
0.0
 10
-1.7392
 20
-3.61598
 30
0.0
 10
-1.7392
 20
-3.61598
 30
0.0
 10
-1.7392
 20
-3.61598
 30
0.0
 10
-1.7392
 20
-3.61598
 30
0.0
 10
-1.72509
 20
-3.63009
 30
0.0
 10
-1.72509
 20
-3.63009
 30
0.0
 10
-1.72509
 20
-3.63009
 30
0.0
 10
-1.72509
 20
-3.63009
 30
0.0
 10
-1.70392
 20
-3.64067
 30
0.0
 10
-1.70392
 20
-3.64067
 30
0.0
 10
-1.70392
 20
-3.64067
 30
0.0
 10
-1.70392
 20
-3.64067
 30
0.0
 10
-1.67923
 20
-3.6442
 30
0.0
 10
-1.67923
 20
-3.6442
 30
0.0
  0
SPLINE
  5
12D
330
1F
100
AcDbEntity
  8
Layer 1
370
    25
100
AcDbSpline
210
0.0
220
0.0
230
1.0
 70
    24
 71
     3
 72
     8
 73
     4
 74
     0
 42
0.000000001
 43
0.0000000001
 40
0.0
 40
0.0
 40
0.0
 40
0.0
 40
1.0
 40
1.0
 40
1.0
 40
1.0
 10
-1.75331
 20
-3.47134
 30
0.0
 10
-1.75331
 20
-3.47134
 30
0.0
 10
-1.75331
 20
-3.57717
 30
0.0
 10
-1.75331
 20
-3.57717
 30
0.0
  0
SPLINE
  5
12E
330
1F
100
AcDbEntity
  8
Layer 1
370
    25
100
AcDbSpline
210
0.0
220
0.0
230
1.0
 70
     8
 71
     3
 72
    24
 73
    20
 74
     0
 42
0.000000001
 43
0.0000000001
 40
0.0
 40
0.0
 40
0.0
 40
0.0
 40
0.1666666666666667
 40
0.1666666666666667
 40
0.1666666666666667
 40
0.1666666766666667
 40
0.3333333333333333
 40
0.3333333333333333
 40
0.3333333333333333
 40
0.3333333433333333
 40
0.5
 40
0.5
 40
0.5
 40
0.50000001
 40
0.6666666666666666
 40
0.6666666666666666
 40
0.6666666666666666
 40
0.6666666766666667
 40
1.0
 40
1.0
 40
1.0
 40
1.0
 10
-1.67923
 20
-3.40431
 30
0.0
 10
-1.67923
 20
-3.40431
 30
0.0
 10
-1.70392
 20
-3.40784
 30
0.0
 10
-1.70392
 20
-3.40784
 30
0.0
 10
-1.70392
 20
-3.40784
 30
0.0
 10
-1.70392
 20
-3.40784
 30
0.0
 10
-1.72861
 20
-3.42195
 30
0.0
 10
-1.72861
 20
-3.42195
 30
0.0
 10
-1.72861
 20
-3.42195
 30
0.0
 10
-1.72861
 20
-3.42195
 30
0.0
 10
-1.74625
 20
-3.43959
 30
0.0
 10
-1.74625
 20
-3.43959
 30
0.0
 10
-1.74625
 20
-3.43959
 30
0.0
 10
-1.74625
 20
-3.43959
 30
0.0
 10
-1.75331
 20
-3.46428
 30
0.0
 10
-1.75331
 20
-3.46428
 30
0.0
 10
-1.75331
 20
-3.46428
 30
0.0
 10
-1.75331
 20
-3.46428
 30
0.0
 10
-1.75331
 20
-3.47134
 30
0.0
 10
-1.75331
 20
-3.47134
 30
0.0
  0
SPLINE
  5
12F
330
1F
100
AcDbEntity
  8
Layer 1
370
    25
100
AcDbSpline
210
0.0
220
0.0
230
1.0
 70
    24
 71
     3
 72
     8
 73
     4
 74
     0
 42
0.000000001
 43
0.0000000001
 40
0.0
 40
0.0
 40
0.0
 40
0.0
 40
1.0
 40
1.0
 40
1.0
 40
1.0
 10
-1.65453
 20
-3.40431
 30
0.0
 10
-1.65453
 20
-3.40431
 30
0.0
 10
-1.67923
 20
-3.40431
 30
0.0
 10
-1.67923
 20
-3.40431
 30
0.0
  0
SPLINE
  5
130
330
1F
100
AcDbEntity
  8
Layer 1
370
    25
100
AcDbSpline
210
0.0
220
0.0
230
1.0
 70
     8
 71
     3
 72
    24
 73
    20
 74
     0
 42
0.000000001
 43
0.0000000001
 40
0.0
 40
0.0
 40
0.0
 40
0.0
 40
0.1666666666666667
 40
0.1666666666666667
 40
0.1666666666666667
 40
0.1666666766666667
 40
0.3333333333333333
 40
0.3333333333333333
 40
0.3333333333333333
 40
0.3333333433333333
 40
0.5
 40
0.5
 40
0.5
 40
0.50000001
 40
0.6666666666666666
 40
0.6666666666666666
 40
0.6666666666666666
 40
0.6666666766666667
 40
1.0
 40
1.0
 40
1.0
 40
1.0
 10
-1.58045
 20
-3.47134
 30
0.0
 10
-1.58045
 20
-3.47134
 30
0.0
 10
-1.58398
 20
-3.44664
 30
0.0
 10
-1.58398
 20
-3.44664
 30
0.0
 10
-1.58398
 20
-3.44664
 30
0.0
 10
-1.58398
 20
-3.44664
 30
0.0
 10
-1.59809
 20
-3.429
 30
0.0
 10
-1.59809
 20
-3.429
 30
0.0
 10
-1.59809
 20
-3.429
 30
0.0
 10
-1.59809
 20
-3.429
 30
0.0
 10
-1.6122
 20
-3.41489
 30
0.0
 10
-1.6122
 20
-3.41489
 30
0.0
 10
-1.6122
 20
-3.41489
 30
0.0
 10
-1.6122
 20
-3.41489
 30
0.0
 10
-1.64042
 20
-3.40784
 30
0.0
 10
-1.64042
 20
-3.40784
 30
0.0
 10
-1.64042
 20
-3.40784
 30
0.0
 10
-1.64042
 20
-3.40784
 30
0.0
 10
-1.65453
 20
-3.40431
 30
0.0
 10
-1.65453
 20
-3.40431
 30
0.0
  0
SPLINE
  5
131
330
1F
100
AcDbEntity
  8
Layer 1
370
    25
100
AcDbSpline
210
0.0
220
0.0
230
1.0
 70
    24
 71
     3
 72
     8
 73
     4
 74
     0
 42
0.000000001
 43
0.0000000001
 40
0.0
 40
0.0
 40
0.0
 40
0.0
 40
1.0
 40
1.0
 40
1.0
 40
1.0
 10
-1.58045
 20
-3.53131
 30
0.0
 10
-1.58045
 20
-3.53131
 30
0.0
 10
-1.58045
 20
-3.47134
 30
0.0
 10
-1.58045
 20
-3.47134
 30
0.0
  0
SPLINE
  5
132
330
1F
100
AcDbEntity
  8
Layer 1
370
    25
100
AcDbSpline
210
0.0
220
0.0
230
1.0
 70
    24
 71
     3
 72
     8
 73
     4
 74
     0
 42
0.000000001
 43
0.0000000001
 40
0.0
 40
0.0
 40
0.0
 40
0.0
 40
1.0
 40
1.0
 40
1.0
 40
1.0
 10
-1.7145
 20
-3.53131
 30
0.0
 10
-1.7145
 20
-3.53131
 30
0.0
 10
-1.58045
 20
-3.53131
 30
0.0
 10
-1.58045
 20
-3.53131
 30
0.0
  0
SPLINE
  5
133
330
1F
100
AcDbEntity
  8
Layer 1
370
    25
100
AcDbSpline
210
0.0
220
0.0
230
1.0
 70
    24
 71
     3
 72
     8
 73
     4
 74
     0
 42
0.000000001
 43
0.0000000001
 40
0.0
 40
0.0
 40
0.0
 40
0.0
 40
1.0
 40
1.0
 40
1.0
 40
1.0
 10
-1.7145
 20
-3.5807
 30
0.0
 10
-1.7145
 20
-3.5807
 30
0.0
 10
-1.7145
 20
-3.53131
 30
0.0
 10
-1.7145
 20
-3.53131
 30
0.0
  0
SPLINE
  5
134
330
1F
100
AcDbEntity
  8
Layer 1
370
    25
100
AcDbSpline
210
0.0
220
0.0
230
1.0
 70
     8
 71
     3
 72
    24
 73
    20
 74
     0
 42
0.000000001
 43
0.0000000001
 40
0.0
 40
0.0
 40
0.0
 40
0.0
 40
0.1666666666666667
 40
0.1666666666666667
 40
0.1666666666666667
 40
0.1666666766666667
 40
0.3333333333333333
 40
0.3333333333333333
 40
0.3333333333333333
 40
0.3333333433333333
 40
0.5
 40
0.5
 40
0.5
 40
0.50000001
 40
0.6666666666666666
 40
0.6666666666666666
 40
0.6666666666666666
 40
0.6666666766666667
 40
1.0
 40
1.0
 40
1.0
 40
1.0
 10
-1.66864
 20
-3.63009
 30
0.0
 10
-1.66864
 20
-3.63009
 30
0.0
 10
-1.68275
 20
-3.62656
 30
0.0
 10
-1.68275
 20
-3.62656
 30
0.0
 10
-1.68275
 20
-3.62656
 30
0.0
 10
-1.68275
 20
-3.62656
 30
0.0
 10
-1.69686
 20
-3.6195
 30
0.0
 10
-1.69686
 20
-3.6195
 30
0.0
 10
-1.69686
 20
-3.6195
 30
0.0
 10
-1.69686
 20
-3.6195
 30
0.0
 10
-1.70745
 20
-3.60892
 30
0.0
 10
-1.70745
 20
-3.60892
 30
0.0
 10
-1.70745
 20
-3.60892
 30
0.0
 10
-1.70745
 20
-3.60892
 30
0.0
 10
-1.7145
 20
-3.59128
 30
0.0
 10
-1.7145
 20
-3.59128
 30
0.0
 10
-1.7145
 20
-3.59128
 30
0.0
 10
-1.7145
 20
-3.59128
 30
0.0
 10
-1.7145
 20
-3.5807
 30
0.0
 10
-1.7145
 20
-3.5807
 30
0.0
  0
SPLINE
  5
135
330
1F
100
AcDbEntity
  8
Layer 1
370
    25
100
AcDbSpline
210
0.0
220
0.0
230
1.0
 70
    24
 71
     3
 72
     8
 73
     4
 74
     0
 42
0.000000001
 43
0.0000000001
 40
0.0
 40
0.0
 40
0.0
 40
0.0
 40
1.0
 40
1.0
 40
1.0
 40
1.0
 10
-1.23473
 20
-3.40431
 30
0.0
 10
-1.23473
 20
-3.40431
 30
0.0
 10
-1.23473
 20
-3.40078
 30
0.0
 10
-1.23473
 20
-3.40078
 30
0.0
  0
SPLINE
  5
136
330
1F
100
AcDbEntity
  8
Layer 1
370
    25
100
AcDbSpline
210
0.0
220
0.0
230
1.0
 70
    24
 71
     3
 72
     8
 73
     4
 74
     0
 42
0.000000001
 43
0.0000000001
 40
0.0
 40
0.0
 40
0.0
 40
0.0
 40
1.0
 40
1.0
 40
1.0
 40
1.0
 10
-1.23473
 20
-3.40078
 30
0.0
 10
-1.23473
 20
-3.40078
 30
0.0
 10
-1.25942
 20
-3.40078
 30
0.0
 10
-1.25942
 20
-3.40078
 30
0.0
  0
SPLINE
  5
137
330
1F
100
AcDbEntity
  8
Layer 1
370
    25
100
AcDbSpline
210
0.0
220
0.0
230
1.0
 70
    24
 71
     3
 72
     8
 73
     4
 74
     0
 42
0.000000001
 43
0.0000000001
 40
0.0
 40
0.0
 40
0.0
 40
0.0
 40
1.0
 40
1.0
 40
1.0
 40
1.0
 10
-1.29823
 20
-3.5807
 30
0.0
 10
-1.29823
 20
-3.5807
 30
0.0
 10
-1.2947
 20
-3.5807
 30
0.0
 10
-1.2947
 20
-3.5807
 30
0.0
  0
SPLINE
  5
138
330
1F
100
AcDbEntity
  8
Layer 1
370
    25
100
AcDbSpline
210
0.0
220
0.0
230
1.0
 70
    24
 71
     3
 72
     8
 73
     4
 74
     0
 42
0.000000001
 43
0.0000000001
 40
0.0
 40
0.0
 40
0.0
 40
0.0
 40
1.0
 40
1.0
 40
1.0
 40
1.0
 10
-1.29823
 20
-3.55953
 30
0.0
 10
-1.29823
 20
-3.55953
 30
0.0
 10
-1.2947
 20
-3.55953
 30
0.0
 10
-1.2947
 20
-3.55953
 30
0.0
  0
SPLINE
  5
139
330
1F
100
AcDbEntity
  8
Layer 1
370
    25
100
AcDbSpline
210
0.0
220
0.0
230
1.0
 70
    24
 71
     3
 72
     8
 73
     4
 74
     0
 42
0.000000001
 43
0.0000000001
 40
0.0
 40
0.0
 40
0.0
 40
0.0
 40
1.0
 40
1.0
 40
1.0
 40
1.0
 10
-1.2947
 20
-3.55953
 30
0.0
 10
-1.2947
 20
-3.55953
 30
0.0
 10
-1.2947
 20
-3.5807
 30
0.0
 10
-1.2947
 20
-3.5807
 30
0.0
  0
SPLINE
  5
13A
330
1F
100
AcDbEntity
  8
Layer 1
370
    25
100
AcDbSpline
210
0.0
220
0.0
230
1.0
 70
    24
 71
     3
 72
     8
 73
     4
 74
     0
 42
0.000000001
 43
0.0000000001
 40
0.0
 40
0.0
 40
0.0
 40
0.0
 40
1.0
 40
1.0
 40
1.0
 40
1.0
 10
-1.16064
 20
-3.47134
 30
0.0
 10
-1.16064
 20
-3.47134
 30
0.0
 10
-1.15711
 20
-3.47134
 30
0.0
 10
-1.15711
 20
-3.47134
 30
0.0
  0
SPLINE
  5
13B
330
1F
100
AcDbEntity
  8
Layer 1
370
    25
100
AcDbSpline
210
0.0
220
0.0
230
1.0
 70
     8
 71
     3
 72
    24
 73
    20
 74
     0
 42
0.000000001
 43
0.0000000001
 40
0.0
 40
0.0
 40
0.0
 40
0.0
 40
0.1666666666666667
 40
0.1666666666666667
 40
0.1666666666666667
 40
0.1666666766666667
 40
0.3333333333333333
 40
0.3333333333333333
 40
0.3333333333333333
 40
0.3333333433333333
 40
0.5
 40
0.5
 40
0.5
 40
0.50000001
 40
0.6666666666666666
 40
0.6666666666666666
 40
0.6666666666666666
 40
0.6666666766666667
 40
1.0
 40
1.0
 40
1.0
 40
1.0
 10
-1.15711
 20
-3.47134
 30
0.0
 10
-1.15711
 20
-3.47134
 30
0.0
 10
-1.16064
 20
-3.45017
 30
0.0
 10
-1.16064
 20
-3.45017
 30
0.0
 10
-1.16064
 20
-3.45017
 30
0.0
 10
-1.16064
 20
-3.45017
 30
0.0
 10
-1.17123
 20
-3.43253
 30
0.0
 10
-1.17123
 20
-3.43253
 30
0.0
 10
-1.17123
 20
-3.43253
 30
0.0
 10
-1.17123
 20
-3.43253
 30
0.0
 10
-1.18886
 20
-3.41489
 30
0.0
 10
-1.18886
 20
-3.41489
 30
0.0
 10
-1.18886
 20
-3.41489
 30
0.0
 10
-1.18886
 20
-3.41489
 30
0.0
 10
-1.21003
 20
-3.40431
 30
0.0
 10
-1.21003
 20
-3.40431
 30
0.0
 10
-1.21003
 20
-3.40431
 30
0.0
 10
-1.21003
 20
-3.40431
 30
0.0
 10
-1.23473
 20
-3.40078
 30
0.0
 10
-1.23473
 20
-3.40078
 30
0.0
  0
SPLINE
  5
13C
330
1F
100
AcDbEntity
  8
Layer 1
370
    25
100
AcDbSpline
210
0.0
220
0.0
230
1.0
 70
    24
 71
     3
 72
     8
 73
     4
 74
     0
 42
0.000000001
 43
0.0000000001
 40
0.0
 40
0.0
 40
0.0
 40
0.0
 40
1.0
 40
1.0
 40
1.0
 40
1.0
 10
-1.24884
 20
-3.51014
 30
0.0
 10
-1.24884
 20
-3.51014
 30
0.0
 10
-1.24884
 20
-3.51367
 30
0.0
 10
-1.24884
 20
-3.51367
 30
0.0
  0
SPLINE
  5
13D
330
1F
100
AcDbEntity
  8
Layer 1
370
    25
100
AcDbSpline
210
0.0
220
0.0
230
1.0
 70
    24
 71
     3
 72
     8
 73
     4
 74
     0
 42
0.000000001
 43
0.0000000001
 40
0.0
 40
0.0
 40
0.0
 40
0.0
 40
1.0
 40
1.0
 40
1.0
 40
1.0
 10
-1.19945
 20
-3.51014
 30
0.0
 10
-1.19945
 20
-3.51014
 30
0.0
 10
-1.20298
 20
-3.51367
 30
0.0
 10
-1.20298
 20
-3.51367
 30
0.0
  0
SPLINE
  5
13E
330
1F
100
AcDbEntity
  8
Layer 1
370
    25
100
AcDbSpline
210
0.0
220
0.0
230
1.0
 70
    24
 71
     3
 72
     8
 73
     4
 74
     0
 42
0.000000001
 43
0.0000000001
 40
0.0
 40
0.0
 40
0.0
 40
0.0
 40
1.0
 40
1.0
 40
1.0
 40
1.0
 10
-1.20298
 20
-3.51367
 30
0.0
 10
-1.20298
 20
-3.51367
 30
0.0
 10
-1.24884
 20
-3.51367
 30
0.0
 10
-1.24884
 20
-3.51367
 30
0.0
  0
SPLINE
  5
13F
330
1F
100
AcDbEntity
  8
Layer 1
370
    25
100
AcDbSpline
210
0.0
220
0.0
230
1.0
 70
    24
 71
     3
 72
     8
 73
     4
 74
     0
 42
0.000000001
 43
0.0000000001
 40
0.0
 40
0.0
 40
0.0
 40
0.0
 40
1.0
 40
1.0
 40
1.0
 40
1.0
 10
-1.40759
 20
-3.46781
 30
0.0
 10
-1.40759
 20
-3.46781
 30
0.0
 10
-1.41111
 20
-3.46781
 30
0.0
 10
-1.41111
 20
-3.46781
 30
0.0
  0
SPLINE
  5
140
330
1F
100
AcDbEntity
  8
Layer 1
370
    25
100
AcDbSpline
210
0.0
220
0.0
230
1.0
 70
    24
 71
     3
 72
     8
 73
     4
 74
     0
 42
0.000000001
 43
0.0000000001
 40
0.0
 40
0.0
 40
0.0
 40
0.0
 40
1.0
 40
1.0
 40
1.0
 40
1.0
 10
-1.40759
 20
-3.46781
 30
0.0
 10
-1.40759
 20
-3.46781
 30
0.0
 10
-1.40759
 20
-3.6442
 30
0.0
 10
-1.40759
 20
-3.6442
 30
0.0
  0
SPLINE
  5
141
330
1F
100
AcDbEntity
  8
Layer 1
370
    25
100
AcDbSpline
210
0.0
220
0.0
230
1.0
 70
    24
 71
     3
 72
     8
 73
     4
 74
     0
 42
0.000000001
 43
0.0000000001
 40
0.0
 40
0.0
 40
0.0
 40
0.0
 40
1.0
 40
1.0
 40
1.0
 40
1.0
 10
-1.40759
 20
-3.6442
 30
0.0
 10
-1.40759
 20
-3.6442
 30
0.0
 10
-1.41111
 20
-3.64773
 30
0.0
 10
-1.41111
 20
-3.64773
 30
0.0
  0
SPLINE
  5
142
330
1F
100
AcDbEntity
  8
Layer 1
370
    25
100
AcDbSpline
210
0.0
220
0.0
230
1.0
 70
    24
 71
     3
 72
     8
 73
     4
 74
     0
 42
0.000000001
 43
0.0000000001
 40
0.0
 40
0.0
 40
0.0
 40
0.0
 40
1.0
 40
1.0
 40
1.0
 40
1.0
 10
-1.41111
 20
-3.46781
 30
0.0
 10
-1.41111
 20
-3.46781
 30
0.0
 10
-1.41111
 20
-3.64773
 30
0.0
 10
-1.41111
 20
-3.64773
 30
0.0
  0
SPLINE
  5
143
330
1F
100
AcDbEntity
  8
Layer 1
370
    25
100
AcDbSpline
210
0.0
220
0.0
230
1.0
 70
    24
 71
     3
 72
     8
 73
     4
 74
     0
 42
0.000000001
 43
0.0000000001
 40
0.0
 40
0.0
 40
0.0
 40
0.0
 40
1.0
 40
1.0
 40
1.0
 40
1.0
 10
-1.40759
 20
-3.6442
 30
0.0
 10
-1.40759
 20
-3.6442
 30
0.0
 10
-1.36878
 20
-3.6442
 30
0.0
 10
-1.36878
 20
-3.6442
 30
0.0
  0
SPLINE
  5
144
330
1F
100
AcDbEntity
  8
Layer 1
370
    25
100
AcDbSpline
210
0.0
220
0.0
230
1.0
 70
    24
 71
     3
 72
     8
 73
     4
 74
     0
 42
0.000000001
 43
0.0000000001
 40
0.0
 40
0.0
 40
0.0
 40
0.0
 40
1.0
 40
1.0
 40
1.0
 40
1.0
 10
-1.36878
 20
-3.6442
 30
0.0
 10
-1.36878
 20
-3.6442
 30
0.0
 10
-1.36525
 20
-3.64773
 30
0.0
 10
-1.36525
 20
-3.64773
 30
0.0
  0
SPLINE
  5
145
330
1F
100
AcDbEntity
  8
Layer 1
370
    25
100
AcDbSpline
210
0.0
220
0.0
230
1.0
 70
    24
 71
     3
 72
     8
 73
     4
 74
     0
 42
0.000000001
 43
0.0000000001
 40
0.0
 40
0.0
 40
0.0
 40
0.0
 40
1.0
 40
1.0
 40
1.0
 40
1.0
 10
-1.41111
 20
-3.64773
 30
0.0
 10
-1.41111
 20
-3.64773
 30
0.0
 10
-1.36525
 20
-3.64773
 30
0.0
 10
-1.36525
 20
-3.64773
 30
0.0
  0
SPLINE
  5
146
330
1F
100
AcDbEntity
  8
Layer 1
370
    25
100
AcDbSpline
210
0.0
220
0.0
230
1.0
 70
    24
 71
     3
 72
     8
 73
     4
 74
     0
 42
0.000000001
 43
0.0000000001
 40
0.0
 40
0.0
 40
0.0
 40
0.0
 40
1.0
 40
1.0
 40
1.0
 40
1.0
 10
-0.77964
 20
-3.6442
 30
0.0
 10
-0.77964
 20
-3.6442
 30
0.0
 10
-0.77964
 20
-3.64773
 30
0.0
 10
-0.77964
 20
-3.64773
 30
0.0
  0
SPLINE
  5
147
330
1F
100
AcDbEntity
  8
Layer 1
370
    25
100
AcDbSpline
210
0.0
220
0.0
230
1.0
 70
    24
 71
     3
 72
     8
 73
     4
 74
     0
 42
0.000000001
 43
0.0000000001
 40
0.0
 40
0.0
 40
0.0
 40
0.0
 40
1.0
 40
1.0
 40
1.0
 40
1.0
 10
-0.75495
 20
-3.6442
 30
0.0
 10
-0.75495
 20
-3.6442
 30
0.0
 10
-0.75495
 20
-3.64773
 30
0.0
 10
-0.75495
 20
-3.64773
 30
0.0
  0
SPLINE
  5
148
330
1F
100
AcDbEntity
  8
Layer 1
370
    25
100
AcDbSpline
210
0.0
220
0.0
230
1.0
 70
    24
 71
     3
 72
     8
 73
     4
 74
     0
 42
0.000000001
 43
0.0000000001
 40
0.0
 40
0.0
 40
0.0
 40
0.0
 40
1.0
 40
1.0
 40
1.0
 40
1.0
 10
-0.77964
 20
-3.64773
 30
0.0
 10
-0.77964
 20
-3.64773
 30
0.0
 10
-0.75495
 20
-3.64773
 30
0.0
 10
-0.75495
 20
-3.64773
 30
0.0
  0
SPLINE
  5
149
330
1F
100
AcDbEntity
  8
Layer 1
370
    25
100
AcDbSpline
210
0.0
220
0.0
230
1.0
 70
    24
 71
     3
 72
     8
 73
     4
 74
     0
 42
0.000000001
 43
0.0000000001
 40
0.0
 40
0.0
 40
0.0
 40
0.0
 40
1.0
 40
1.0
 40
1.0
 40
1.0
 10
-1.54517
 20
-3.40431
 30
0.0
 10
-1.54517
 20
-3.40431
 30
0.0
 10
-1.5487
 20
-3.40078
 30
0.0
 10
-1.5487
 20
-3.40078
 30
0.0
  0
SPLINE
  5
14A
330
1F
100
AcDbEntity
  8
Layer 1
370
    25
100
AcDbSpline
210
0.0
220
0.0
230
1.0
 70
    24
 71
     3
 72
     8
 73
     4
 74
     0
 42
0.000000001
 43
0.0000000001
 40
0.0
 40
0.0
 40
0.0
 40
0.0
 40
1.0
 40
1.0
 40
1.0
 40
1.0
 10
-1.54517
 20
-3.40431
 30
0.0
 10
-1.54517
 20
-3.40431
 30
0.0
 10
-1.54517
 20
-3.6442
 30
0.0
 10
-1.54517
 20
-3.6442
 30
0.0
  0
SPLINE
  5
14B
330
1F
100
AcDbEntity
  8
Layer 1
370
    25
100
AcDbSpline
210
0.0
220
0.0
230
1.0
 70
    24
 71
     3
 72
     8
 73
     4
 74
     0
 42
0.000000001
 43
0.0000000001
 40
0.0
 40
0.0
 40
0.0
 40
0.0
 40
1.0
 40
1.0
 40
1.0
 40
1.0
 10
-1.54517
 20
-3.6442
 30
0.0
 10
-1.54517
 20
-3.6442
 30
0.0
 10
-1.5487
 20
-3.64773
 30
0.0
 10
-1.5487
 20
-3.64773
 30
0.0
  0
SPLINE
  5
14C
330
1F
100
AcDbEntity
  8
Layer 1
370
    25
100
AcDbSpline
210
0.0
220
0.0
230
1.0
 70
    24
 71
     3
 72
     8
 73
     4
 74
     0
 42
0.000000001
 43
0.0000000001
 40
0.0
 40
0.0
 40
0.0
 40
0.0
 40
1.0
 40
1.0
 40
1.0
 40
1.0
 10
-1.5487
 20
-3.40078
 30
0.0
 10
-1.5487
 20
-3.40078
 30
0.0
 10
-1.5487
 20
-3.64773
 30
0.0
 10
-1.5487
 20
-3.64773
 30
0.0
  0
SPLINE
  5
14D
330
1F
100
AcDbEntity
  8
Layer 1
370
    25
100
AcDbSpline
210
0.0
220
0.0
230
1.0
 70
    24
 71
     3
 72
     8
 73
     4
 74
     0
 42
0.000000001
 43
0.0000000001
 40
0.0
 40
0.0
 40
0.0
 40
0.0
 40
1.0
 40
1.0
 40
1.0
 40
1.0
 10
-1.54517
 20
-3.6442
 30
0.0
 10
-1.54517
 20
-3.6442
 30
0.0
 10
-1.50636
 20
-3.6442
 30
0.0
 10
-1.50636
 20
-3.6442
 30
0.0
  0
SPLINE
  5
14E
330
1F
100
AcDbEntity
  8
Layer 1
370
    25
100
AcDbSpline
210
0.0
220
0.0
230
1.0
 70
    24
 71
     3
 72
     8
 73
     4
 74
     0
 42
0.000000001
 43
0.0000000001
 40
0.0
 40
0.0
 40
0.0
 40
0.0
 40
1.0
 40
1.0
 40
1.0
 40
1.0
 10
-1.50636
 20
-3.6442
 30
0.0
 10
-1.50636
 20
-3.6442
 30
0.0
 10
-1.50284
 20
-3.64773
 30
0.0
 10
-1.50284
 20
-3.64773
 30
0.0
  0
SPLINE
  5
14F
330
1F
100
AcDbEntity
  8
Layer 1
370
    25
100
AcDbSpline
210
0.0
220
0.0
230
1.0
 70
    24
 71
     3
 72
     8
 73
     4
 74
     0
 42
0.000000001
 43
0.0000000001
 40
0.0
 40
0.0
 40
0.0
 40
0.0
 40
1.0
 40
1.0
 40
1.0
 40
1.0
 10
-1.5487
 20
-3.64773
 30
0.0
 10
-1.5487
 20
-3.64773
 30
0.0
 10
-1.50284
 20
-3.64773
 30
0.0
 10
-1.50284
 20
-3.64773
 30
0.0
  0
SPLINE
  5
150
330
1F
100
AcDbEntity
  8
Layer 1
370
    25
100
AcDbSpline
210
0.0
220
0.0
230
1.0
 70
    24
 71
     3
 72
     8
 73
     4
 74
     0
 42
0.000000001
 43
0.0000000001
 40
0.0
 40
0.0
 40
0.0
 40
0.0
 40
1.0
 40
1.0
 40
1.0
 40
1.0
 10
-1.24884
 20
-3.63009
 30
0.0
 10
-1.24884
 20
-3.63009
 30
0.0
 10
-1.24884
 20
-3.62656
 30
0.0
 10
-1.24884
 20
-3.62656
 30
0.0
  0
SPLINE
  5
151
330
1F
100
AcDbEntity
  8
Layer 1
370
    25
100
AcDbSpline
210
0.0
220
0.0
230
1.0
 70
     8
 71
     3
 72
    24
 73
    20
 74
     0
 42
0.000000001
 43
0.0000000001
 40
0.0
 40
0.0
 40
0.0
 40
0.0
 40
0.1666666666666667
 40
0.1666666666666667
 40
0.1666666666666667
 40
0.1666666766666667
 40
0.3333333333333333
 40
0.3333333333333333
 40
0.3333333333333333
 40
0.3333333433333333
 40
0.5
 40
0.5
 40
0.5
 40
0.50000001
 40
0.6666666666666666
 40
0.6666666666666666
 40
0.6666666666666666
 40
0.6666666766666667
 40
1.0
 40
1.0
 40
1.0
 40
1.0
 10
-1.2947
 20
-3.5807
 30
0.0
 10
-1.2947
 20
-3.5807
 30
0.0
 10
-1.29117
 20
-3.59481
 30
0.0
 10
-1.29117
 20
-3.59481
 30
0.0
 10
-1.29117
 20
-3.59481
 30
0.0
 10
-1.29117
 20
-3.59481
 30
0.0
 10
-1.28411
 20
-3.60892
 30
0.0
 10
-1.28411
 20
-3.60892
 30
0.0
 10
-1.28411
 20
-3.60892
 30
0.0
 10
-1.28411
 20
-3.60892
 30
0.0
 10
-1.27353
 20
-3.6195
 30
0.0
 10
-1.27353
 20
-3.6195
 30
0.0
 10
-1.27353
 20
-3.6195
 30
0.0
 10
-1.27353
 20
-3.6195
 30
0.0
 10
-1.25589
 20
-3.62656
 30
0.0
 10
-1.25589
 20
-3.62656
 30
0.0
 10
-1.25589
 20
-3.62656
 30
0.0
 10
-1.25589
 20
-3.62656
 30
0.0
 10
-1.24884
 20
-3.62656
 30
0.0
 10
-1.24884
 20
-3.62656
 30
0.0
  0
SPLINE
  5
152
330
1F
100
AcDbEntity
  8
Layer 1
370
    25
100
AcDbSpline
210
0.0
220
0.0
230
1.0
 70
    24
 71
     3
 72
    12
 73
     8
 74
     0
 42
0.000000001
 43
0.0000000001
 40
0.0
 40
0.0
 40
0.0
 40
0.0
 40
0.3333333333333333
 40
0.3333333333333333
 40
0.3333333333333333
 40
0.3333333433333333
 40
1.0
 40
1.0
 40
1.0
 40
1.0
 10
-1.19945
 20
-3.58423
 30
0.0
 10
-1.19945
 20
-3.58423
 30
0.0
 10
-1.19945
 20
-3.58423
 30
0.0
 10
-1.19945
 20
-3.58423
 30
0.0
 10
-1.19945
 20
-3.58423
 30
0.0
 10
-1.19945
 20
-3.58423
 30
0.0
 10
-1.20298
 20
-3.58423
 30
0.0
 10
-1.20298
 20
-3.58423
 30
0.0
  0
SPLINE
  5
153
330
1F
100
AcDbEntity
  8
Layer 1
370
    25
100
AcDbSpline
210
0.0
220
0.0
230
1.0
 70
     8
 71
     3
 72
    24
 73
    20
 74
     0
 42
0.000000001
 43
0.0000000001
 40
0.0
 40
0.0
 40
0.0
 40
0.0
 40
0.1666666666666667
 40
0.1666666666666667
 40
0.1666666666666667
 40
0.1666666766666667
 40
0.3333333333333333
 40
0.3333333333333333
 40
0.3333333333333333
 40
0.3333333433333333
 40
0.5
 40
0.5
 40
0.5
 40
0.50000001
 40
0.6666666666666666
 40
0.6666666666666666
 40
0.6666666666666666
 40
0.6666666766666667
 40
1.0
 40
1.0
 40
1.0
 40
1.0
 10
-1.24884
 20
-3.62656
 30
0.0
 10
-1.24884
 20
-3.62656
 30
0.0
 10
-1.2312
 20
-3.62303
 30
0.0
 10
-1.2312
 20
-3.62303
 30
0.0
 10
-1.2312
 20
-3.62303
 30
0.0
 10
-1.2312
 20
-3.62303
 30
0.0
 10
-1.22061
 20
-3.61598
 30
0.0
 10
-1.22061
 20
-3.61598
 30
0.0
 10
-1.22061
 20
-3.61598
 30
0.0
 10
-1.22061
 20
-3.61598
 30
0.0
 10
-1.21003
 20
-3.60539
 30
0.0
 10
-1.21003
 20
-3.60539
 30
0.0
 10
-1.21003
 20
-3.60539
 30
0.0
 10
-1.21003
 20
-3.60539
 30
0.0
 10
-1.20298
 20
-3.59128
 30
0.0
 10
-1.20298
 20
-3.59128
 30
0.0
 10
-1.20298
 20
-3.59128
 30
0.0
 10
-1.20298
 20
-3.59128
 30
0.0
 10
-1.20298
 20
-3.58423
 30
0.0
 10
-1.20298
 20
-3.58423
 30
0.0
  0
SPLINE
  5
154
330
1F
100
AcDbEntity
  8
Layer 1
370
    25
100
AcDbSpline
210
0.0
220
0.0
230
1.0
 70
    24
 71
     3
 72
     8
 73
     4
 74
     0
 42
0.000000001
 43
0.0000000001
 40
0.0
 40
0.0
 40
0.0
 40
0.0
 40
1.0
 40
1.0
 40
1.0
 40
1.0
 10
-1.45698
 20
-3.41842
 30
0.0
 10
-1.45698
 20
-3.41842
 30
0.0
 10
-1.45698
 20
-3.42195
 30
0.0
 10
-1.45698
 20
-3.42195
 30
0.0
  0
SPLINE
  5
155
330
1F
100
AcDbEntity
  8
Layer 1
370
    25
100
AcDbSpline
210
0.0
220
0.0
230
1.0
 70
     8
 71
     3
 72
    24
 73
    20
 74
     0
 42
0.000000001
 43
0.0000000001
 40
0.0
 40
0.0
 40
0.0
 40
0.0
 40
0.1666666666666667
 40
0.1666666666666667
 40
0.1666666666666667
 40
0.1666666766666667
 40
0.3333333333333333
 40
0.3333333333333333
 40
0.3333333333333333
 40
0.3333333433333333
 40
0.5
 40
0.5
 40
0.5
 40
0.50000001
 40
0.6666666666666666
 40
0.6666666666666666
 40
0.6666666666666666
 40
0.6666666766666667
 40
1.0
 40
1.0
 40
1.0
 40
1.0
 10
-1.45698
 20
-3.41842
 30
0.0
 10
-1.45698
 20
-3.41842
 30
0.0
 10
-1.43934
 20
-3.42195
 30
0.0
 10
-1.43934
 20
-3.42195
 30
0.0
 10
-1.43934
 20
-3.42195
 30
0.0
 10
-1.43934
 20
-3.42195
 30
0.0
 10
-1.42523
 20
-3.429
 30
0.0
 10
-1.42523
 20
-3.429
 30
0.0
 10
-1.42523
 20
-3.429
 30
0.0
 10
-1.42523
 20
-3.429
 30
0.0
 10
-1.41464
 20
-3.44312
 30
0.0
 10
-1.41464
 20
-3.44312
 30
0.0
 10
-1.41464
 20
-3.44312
 30
0.0
 10
-1.41464
 20
-3.44312
 30
0.0
 10
-1.40759
 20
-3.45723
 30
0.0
 10
-1.40759
 20
-3.45723
 30
0.0
 10
-1.40759
 20
-3.45723
 30
0.0
 10
-1.40759
 20
-3.45723
 30
0.0
 10
-1.40759
 20
-3.46781
 30
0.0
 10
-1.40759
 20
-3.46781
 30
0.0
  0
SPLINE
  5
156
330
1F
100
AcDbEntity
  8
Layer 1
370
    25
100
AcDbSpline
210
0.0
220
0.0
230
1.0
 70
     8
 71
     3
 72
    24
 73
    20
 74
     0
 42
0.000000001
 43
0.0000000001
 40
0.0
 40
0.0
 40
0.0
 40
0.0
 40
0.1666666666666667
 40
0.1666666666666667
 40
0.1666666666666667
 40
0.1666666766666667
 40
0.3333333333333333
 40
0.3333333333333333
 40
0.3333333333333333
 40
0.3333333433333333
 40
0.5
 40
0.5
 40
0.5
 40
0.50000001
 40
0.6666666666666666
 40
0.6666666666666666
 40
0.6666666666666666
 40
0.6666666766666667
 40
1.0
 40
1.0
 40
1.0
 40
1.0
 10
-1.45698
 20
-3.42195
 30
0.0
 10
-1.45698
 20
-3.42195
 30
0.0
 10
-1.44286
 20
-3.42548
 30
0.0
 10
-1.44286
 20
-3.42548
 30
0.0
 10
-1.44286
 20
-3.42548
 30
0.0
 10
-1.44286
 20
-3.42548
 30
0.0
 10
-1.42875
 20
-3.43253
 30
0.0
 10
-1.42875
 20
-3.43253
 30
0.0
 10
-1.42875
 20
-3.43253
 30
0.0
 10
-1.42875
 20
-3.43253
 30
0.0
 10
-1.41817
 20
-3.44312
 30
0.0
 10
-1.41817
 20
-3.44312
 30
0.0
 10
-1.41817
 20
-3.44312
 30
0.0
 10
-1.41817
 20
-3.44312
 30
0.0
 10
-1.41111
 20
-3.45723
 30
0.0
 10
-1.41111
 20
-3.45723
 30
0.0
 10
-1.41111
 20
-3.45723
 30
0.0
 10
-1.41111
 20
-3.45723
 30
0.0
 10
-1.41111
 20
-3.46781
 30
0.0
 10
-1.41111
 20
-3.46781
 30
0.0
  0
SPLINE
  5
157
330
1F
100
AcDbEntity
  8
Layer 1
370
    25
100
AcDbSpline
210
0.0
220
0.0
230
1.0
 70
    24
 71
     3
 72
     8
 73
     4
 74
     0
 42
0.000000001
 43
0.0000000001
 40
0.0
 40
0.0
 40
0.0
 40
0.0
 40
1.0
 40
1.0
 40
1.0
 40
1.0
 10
-1.50636
 20
-3.40431
 30
0.0
 10
-1.50636
 20
-3.40431
 30
0.0
 10
-1.54517
 20
-3.40431
 30
0.0
 10
-1.54517
 20
-3.40431
 30
0.0
  0
SPLINE
  5
158
330
1F
100
AcDbEntity
  8
Layer 1
370
    25
100
AcDbSpline
210
0.0
220
0.0
230
1.0
 70
    24
 71
     3
 72
     8
 73
     4
 74
     0
 42
0.000000001
 43
0.0000000001
 40
0.0
 40
0.0
 40
0.0
 40
0.0
 40
1.0
 40
1.0
 40
1.0
 40
1.0
 10
-1.50636
 20
-3.41489
 30
0.0
 10
-1.50636
 20
-3.41489
 30
0.0
 10
-1.50636
 20
-3.40431
 30
0.0
 10
-1.50636
 20
-3.40431
 30
0.0
  0
SPLINE
  5
159
330
1F
100
AcDbEntity
  8
Layer 1
370
    25
100
AcDbSpline
210
0.0
220
0.0
230
1.0
 70
     8
 71
     3
 72
    16
 73
    12
 74
     0
 42
0.000000001
 43
0.0000000001
 40
0.0
 40
0.0
 40
0.0
 40
0.0
 40
0.25
 40
0.25
 40
0.25
 40
0.25000001
 40
0.5
 40
0.5
 40
0.5
 40
0.50000001
 40
1.0
 40
1.0
 40
1.0
 40
1.0
 10
-1.47109
 20
-3.40431
 30
0.0
 10
-1.47109
 20
-3.40431
 30
0.0
 10
-1.48167
 20
-3.40784
 30
0.0
 10
-1.48167
 20
-3.40784
 30
0.0
 10
-1.48167
 20
-3.40784
 30
0.0
 10
-1.48167
 20
-3.40784
 30
0.0
 10
-1.49578
 20
-3.40784
 30
0.0
 10
-1.49578
 20
-3.40784
 30
0.0
 10
-1.49578
 20
-3.40784
 30
0.0
 10
-1.49578
 20
-3.40784
 30
0.0
 10
-1.50636
 20
-3.41489
 30
0.0
 10
-1.50636
 20
-3.41489
 30
0.0
  0
SPLINE
  5
15A
330
1F
100
AcDbEntity
  8
Layer 1
370
    25
100
AcDbSpline
210
0.0
220
0.0
230
1.0
 70
    24
 71
     3
 72
     8
 73
     4
 74
     0
 42
0.000000001
 43
0.0000000001
 40
0.0
 40
0.0
 40
0.0
 40
0.0
 40
1.0
 40
1.0
 40
1.0
 40
1.0
 10
-1.44286
 20
-3.40431
 30
0.0
 10
-1.44286
 20
-3.40431
 30
0.0
 10
-1.47109
 20
-3.40431
 30
0.0
 10
-1.47109
 20
-3.40431
 30
0.0
  0
SPLINE
  5
15B
330
1F
100
AcDbEntity
  8
Layer 1
370
    25
100
AcDbSpline
210
0.0
220
0.0
230
1.0
 70
     8
 71
     3
 72
    24
 73
    20
 74
     0
 42
0.000000001
 43
0.0000000001
 40
0.0
 40
0.0
 40
0.0
 40
0.0
 40
0.1666666666666667
 40
0.1666666666666667
 40
0.1666666666666667
 40
0.1666666766666667
 40
0.3333333333333333
 40
0.3333333333333333
 40
0.3333333333333333
 40
0.3333333433333333
 40
0.5
 40
0.5
 40
0.5
 40
0.50000001
 40
0.6666666666666666
 40
0.6666666666666666
 40
0.6666666666666666
 40
0.6666666766666667
 40
1.0
 40
1.0
 40
1.0
 40
1.0
 10
-1.36878
 20
-3.47134
 30
0.0
 10
-1.36878
 20
-3.47134
 30
0.0
 10
-1.37231
 20
-3.4537
 30
0.0
 10
-1.37231
 20
-3.4537
 30
0.0
 10
-1.37231
 20
-3.4537
 30
0.0
 10
-1.37231
 20
-3.4537
 30
0.0
 10
-1.38289
 20
-3.43253
 30
0.0
 10
-1.38289
 20
-3.43253
 30
0.0
 10
-1.38289
 20
-3.43253
 30
0.0
 10
-1.38289
 20
-3.43253
 30
0.0
 10
-1.40053
 20
-3.41842
 30
0.0
 10
-1.40053
 20
-3.41842
 30
0.0
 10
-1.40053
 20
-3.41842
 30
0.0
 10
-1.40053
 20
-3.41842
 30
0.0
 10
-1.41817
 20
-3.40784
 30
0.0
 10
-1.41817
 20
-3.40784
 30
0.0
 10
-1.41817
 20
-3.40784
 30
0.0
 10
-1.41817
 20
-3.40784
 30
0.0
 10
-1.44286
 20
-3.40431
 30
0.0
 10
-1.44286
 20
-3.40431
 30
0.0
  0
SPLINE
  5
15C
330
1F
100
AcDbEntity
  8
Layer 1
370
    25
100
AcDbSpline
210
0.0
220
0.0
230
1.0
 70
    24
 71
     3
 72
     8
 73
     4
 74
     0
 42
0.000000001
 43
0.0000000001
 40
0.0
 40
0.0
 40
0.0
 40
0.0
 40
1.0
 40
1.0
 40
1.0
 40
1.0
 10
-1.36878
 20
-3.6442
 30
0.0
 10
-1.36878
 20
-3.6442
 30
0.0
 10
-1.36878
 20
-3.47134
 30
0.0
 10
-1.36878
 20
-3.47134
 30
0.0
  0
SPLINE
  5
15D
330
1F
100
AcDbEntity
  8
Layer 1
370
    25
100
AcDbSpline
210
0.0
220
0.0
230
1.0
 70
     8
 71
     3
 72
    24
 73
    20
 74
     0
 42
0.000000001
 43
0.0000000001
 40
0.0
 40
0.0
 40
0.0
 40
0.0
 40
0.1666666666666667
 40
0.1666666666666667
 40
0.1666666666666667
 40
0.1666666766666667
 40
0.3333333333333333
 40
0.3333333333333333
 40
0.3333333333333333
 40
0.3333333433333333
 40
0.5
 40
0.5
 40
0.5
 40
0.50000001
 40
0.6666666666666666
 40
0.6666666666666666
 40
0.6666666666666666
 40
0.6666666766666667
 40
1.0
 40
1.0
 40
1.0
 40
1.0
 10
-1.50636
 20
-3.46781
 30
0.0
 10
-1.50636
 20
-3.46781
 30
0.0
 10
-1.50284
 20
-3.4537
 30
0.0
 10
-1.50284
 20
-3.4537
 30
0.0
 10
-1.50284
 20
-3.4537
 30
0.0
 10
-1.50284
 20
-3.4537
 30
0.0
 10
-1.49578
 20
-3.43606
 30
0.0
 10
-1.49578
 20
-3.43606
 30
0.0
 10
-1.49578
 20
-3.43606
 30
0.0
 10
-1.49578
 20
-3.43606
 30
0.0
 10
-1.4852
 20
-3.42548
 30
0.0
 10
-1.4852
 20
-3.42548
 30
0.0
 10
-1.4852
 20
-3.42548
 30
0.0
 10
-1.4852
 20
-3.42548
 30
0.0
 10
-1.46756
 20
-3.41842
 30
0.0
 10
-1.46756
 20
-3.41842
 30
0.0
 10
-1.46756
 20
-3.41842
 30
0.0
 10
-1.46756
 20
-3.41842
 30
0.0
 10
-1.45698
 20
-3.41842
 30
0.0
 10
-1.45698
 20
-3.41842
 30
0.0
  0
SPLINE
  5
15E
330
1F
100
AcDbEntity
  8
Layer 1
370
    25
100
AcDbSpline
210
0.0
220
0.0
230
1.0
 70
    24
 71
     3
 72
     8
 73
     4
 74
     0
 42
0.000000001
 43
0.0000000001
 40
0.0
 40
0.0
 40
0.0
 40
0.0
 40
1.0
 40
1.0
 40
1.0
 40
1.0
 10
-1.50636
 20
-3.6442
 30
0.0
 10
-1.50636
 20
-3.6442
 30
0.0
 10
-1.50636
 20
-3.46781
 30
0.0
 10
-1.50636
 20
-3.46781
 30
0.0
  0
SPLINE
  5
15F
330
1F
100
AcDbEntity
  8
Layer 1
370
    25
100
AcDbSpline
210
0.0
220
0.0
230
1.0
 70
    24
 71
     3
 72
    12
 73
     8
 74
     0
 42
0.000000001
 43
0.0000000001
 40
0.0
 40
0.0
 40
0.0
 40
0.0
 40
0.3333333333333333
 40
0.3333333333333333
 40
0.3333333333333333
 40
0.3333333433333333
 40
1.0
 40
1.0
 40
1.0
 40
1.0
 10
-1.03717
 20
-3.41842
 30
0.0
 10
-1.03717
 20
-3.41842
 30
0.0
 10
-1.03717
 20
-3.41842
 30
0.0
 10
-1.03717
 20
-3.41842
 30
0.0
 10
-1.03717
 20
-3.41842
 30
0.0
 10
-1.03717
 20
-3.41842
 30
0.0
 10
-1.03717
 20
-3.42195
 30
0.0
 10
-1.03717
 20
-3.42195
 30
0.0
  0
SPLINE
  5
160
330
1F
100
AcDbEntity
  8
Layer 1
370
    25
100
AcDbSpline
210
0.0
220
0.0
230
1.0
 70
     8
 71
     3
 72
    16
 73
    12
 74
     0
 42
0.000000001
 43
0.0000000001
 40
0.0
 40
0.0
 40
0.0
 40
0.0
 40
0.25
 40
0.25
 40
0.25
 40
0.25000001
 40
0.5
 40
0.5
 40
0.5
 40
0.50000001
 40
1.0
 40
1.0
 40
1.0
 40
1.0
 10
-1.03717
 20
-3.41842
 30
0.0
 10
-1.03717
 20
-3.41842
 30
0.0
 10
-1.02306
 20
-3.42195
 30
0.0
 10
-1.02306
 20
-3.42195
 30
0.0
 10
-1.02306
 20
-3.42195
 30
0.0
 10
-1.02306
 20
-3.42195
 30
0.0
 10
-1.00542
 20
-3.429
 30
0.0
 10
-1.00542
 20
-3.429
 30
0.0
 10
-1.00542
 20
-3.429
 30
0.0
 10
-1.00542
 20
-3.429
 30
0.0
 10
-1.00189
 20
-3.43253
 30
0.0
 10
-1.00189
 20
-3.43253
 30
0.0
  0
SPLINE
  5
161
330
1F
100
AcDbEntity
  8
Layer 1
370
    25
100
AcDbSpline
210
0.0
220
0.0
230
1.0
 70
     8
 71
     3
 72
    12
 73
     8
 74
     0
 42
0.000000001
 43
0.0000000001
 40
0.0
 40
0.0
 40
0.0
 40
0.0
 40
0.3333333333333333
 40
0.3333333333333333
 40
0.3333333333333333
 40
0.3333333433333333
 40
1.0
 40
1.0
 40
1.0
 40
1.0
 10
-1.00189
 20
-3.43253
 30
0.0
 10
-1.00189
 20
-3.43253
 30
0.0
 10
-1.00189
 20
-3.43606
 30
0.0
 10
-1.00189
 20
-3.43606
 30
0.0
 10
-1.00189
 20
-3.43606
 30
0.0
 10
-1.00189
 20
-3.43606
 30
0.0
 10
-1.00542
 20
-3.43606
 30
0.0
 10
-1.00542
 20
-3.43606
 30
0.0
  0
SPLINE
  5
162
330
1F
100
AcDbEntity
  8
Layer 1
370
    25
100
AcDbSpline
210
0.0
220
0.0
230
1.0
 70
     8
 71
     3
 72
    16
 73
    12
 74
     0
 42
0.000000001
 43
0.0000000001
 40
0.0
 40
0.0
 40
0.0
 40
0.0
 40
0.25
 40
0.25
 40
0.25
 40
0.25000001
 40
0.5
 40
0.5
 40
0.5
 40
0.50000001
 40
1.0
 40
1.0
 40
1.0
 40
1.0
 10
-1.03717
 20
-3.42195
 30
0.0
 10
-1.03717
 20
-3.42195
 30
0.0
 10
-1.02306
 20
-3.42548
 30
0.0
 10
-1.02306
 20
-3.42548
 30
0.0
 10
-1.02306
 20
-3.42548
 30
0.0
 10
-1.02306
 20
-3.42548
 30
0.0
 10
-1.00895
 20
-3.43253
 30
0.0
 10
-1.00895
 20
-3.43253
 30
0.0
 10
-1.00895
 20
-3.43253
 30
0.0
 10
-1.00895
 20
-3.43253
 30
0.0
 10
-1.00542
 20
-3.43606
 30
0.0
 10
-1.00542
 20
-3.43606
 30
0.0
  0
SPLINE
  5
163
330
1F
100
AcDbEntity
  8
Layer 1
370
    25
100
AcDbSpline
210
0.0
220
0.0
230
1.0
 70
    24
 71
     3
 72
     8
 73
     4
 74
     0
 42
0.000000001
 43
0.0000000001
 40
0.0
 40
0.0
 40
0.0
 40
0.0
 40
1.0
 40
1.0
 40
1.0
 40
1.0
 10
-1.00189
 20
-3.43253
 30
0.0
 10
-1.00189
 20
-3.43253
 30
0.0
 10
-0.97367
 20
-3.42548
 30
0.0
 10
-0.97367
 20
-3.42548
 30
0.0
  0
SPLINE
  5
164
330
1F
100
AcDbEntity
  8
Layer 1
370
    25
100
AcDbSpline
210
0.0
220
0.0
230
1.0
 70
    24
 71
     3
 72
    12
 73
     8
 74
     0
 42
0.000000001
 43
0.0000000001
 40
0.0
 40
0.0
 40
0.0
 40
0.0
 40
0.3333333333333333
 40
0.3333333333333333
 40
0.3333333333333333
 40
0.3333333433333333
 40
1.0
 40
1.0
 40
1.0
 40
1.0
 10
-0.97367
 20
-3.42548
 30
0.0
 10
-0.97367
 20
-3.42548
 30
0.0
 10
-0.97014
 20
-3.42548
 30
0.0
 10
-0.97014
 20
-3.42548
 30
0.0
 10
-0.97014
 20
-3.42548
 30
0.0
 10
-0.97014
 20
-3.42548
 30
0.0
 10
-0.96661
 20
-3.42548
 30
0.0
 10
-0.96661
 20
-3.42548
 30
0.0
  0
SPLINE
  5
165
330
1F
100
AcDbEntity
  8
Layer 1
370
    25
100
AcDbSpline
210
0.0
220
0.0
230
1.0
 70
    24
 71
     3
 72
     8
 73
     4
 74
     0
 42
0.000000001
 43
0.0000000001
 40
0.0
 40
0.0
 40
0.0
 40
0.0
 40
1.0
 40
1.0
 40
1.0
 40
1.0
 10
-1.00542
 20
-3.43606
 30
0.0
 10
-1.00542
 20
-3.43606
 30
0.0
 10
-0.96661
 20
-3.42548
 30
0.0
 10
-0.96661
 20
-3.42548
 30
0.0
  0
SPLINE
  5
166
330
1F
100
AcDbEntity
  8
Layer 1
370
    25
100
AcDbSpline
210
0.0
220
0.0
230
1.0
 70
     8
 71
     3
 72
    16
 73
    12
 74
     0
 42
0.000000001
 43
0.0000000001
 40
0.0
 40
0.0
 40
0.0
 40
0.0
 40
0.25
 40
0.25
 40
0.25
 40
0.25000001
 40
0.5
 40
0.5
 40
0.5
 40
0.50000001
 40
1.0
 40
1.0
 40
1.0
 40
1.0
 10
-0.97367
 20
-3.42548
 30
0.0
 10
-0.97367
 20
-3.42548
 30
0.0
 10
-0.99131
 20
-3.41137
 30
0.0
 10
-0.99131
 20
-3.41137
 30
0.0
 10
-0.99131
 20
-3.41137
 30
0.0
 10
-0.99131
 20
-3.41137
 30
0.0
 10
-1.016
 20
-3.40431
 30
0.0
 10
-1.016
 20
-3.40431
 30
0.0
 10
-1.016
 20
-3.40431
 30
0.0
 10
-1.016
 20
-3.40431
 30
0.0
 10
-1.02306
 20
-3.40431
 30
0.0
 10
-1.02306
 20
-3.40431
 30
0.0
  0
SPLINE
  5
167
330
1F
100
AcDbEntity
  8
Layer 1
370
    25
100
AcDbSpline
210
0.0
220
0.0
230
1.0
 70
    24
 71
     3
 72
     8
 73
     4
 74
     0
 42
0.000000001
 43
0.0000000001
 40
0.0
 40
0.0
 40
0.0
 40
0.0
 40
1.0
 40
1.0
 40
1.0
 40
1.0
 10
-1.02306
 20
-3.40431
 30
0.0
 10
-1.02306
 20
-3.40431
 30
0.0
 10
-1.02306
 20
-3.40078
 30
0.0
 10
-1.02306
 20
-3.40078
 30
0.0
  0
SPLINE
  5
168
330
1F
100
AcDbEntity
  8
Layer 1
370
    25
100
AcDbSpline
210
0.0
220
0.0
230
1.0
 70
     8
 71
     3
 72
    16
 73
    12
 74
     0
 42
0.000000001
 43
0.0000000001
 40
0.0
 40
0.0
 40
0.0
 40
0.0
 40
0.25
 40
0.25
 40
0.25
 40
0.25000001
 40
0.5
 40
0.5
 40
0.5
 40
0.50000001
 40
1.0
 40
1.0
 40
1.0
 40
1.0
 10
-0.96661
 20
-3.42548
 30
0.0
 10
-0.96661
 20
-3.42548
 30
0.0
 10
-0.98425
 20
-3.41137
 30
0.0
 10
-0.98425
 20
-3.41137
 30
0.0
 10
-0.98425
 20
-3.41137
 30
0.0
 10
-0.98425
 20
-3.41137
 30
0.0
 10
-1.00895
 20
-3.40431
 30
0.0
 10
-1.00895
 20
-3.40431
 30
0.0
 10
-1.00895
 20
-3.40431
 30
0.0
 10
-1.00895
 20
-3.40431
 30
0.0
 10
-1.02306
 20
-3.40078
 30
0.0
 10
-1.02306
 20
-3.40078
 30
0.0
  0
SPLINE
  5
169
330
1F
100
AcDbEntity
  8
Layer 1
370
    25
100
AcDbSpline
210
0.0
220
0.0
230
1.0
 70
    24
 71
     3
 72
     8
 73
     4
 74
     0
 42
0.000000001
 43
0.0000000001
 40
0.0
 40
0.0
 40
0.0
 40
0.0
 40
1.0
 40
1.0
 40
1.0
 40
1.0
 10
-1.02306
 20
-3.40431
 30
0.0
 10
-1.02306
 20
-3.40431
 30
0.0
 10
-1.05128
 20
-3.40431
 30
0.0
 10
-1.05128
 20
-3.40431
 30
0.0
  0
SPLINE
  5
16A
330
1F
100
AcDbEntity
  8
Layer 1
370
    25
100
AcDbSpline
210
0.0
220
0.0
230
1.0
 70
    24
 71
     3
 72
     8
 73
     4
 74
     0
 42
0.000000001
 43
0.0000000001
 40
0.0
 40
0.0
 40
0.0
 40
0.0
 40
1.0
 40
1.0
 40
1.0
 40
1.0
 10
-1.05128
 20
-3.40431
 30
0.0
 10
-1.05128
 20
-3.40431
 30
0.0
 10
-1.05128
 20
-3.40078
 30
0.0
 10
-1.05128
 20
-3.40078
 30
0.0
  0
SPLINE
  5
16B
330
1F
100
AcDbEntity
  8
Layer 1
370
    25
100
AcDbSpline
210
0.0
220
0.0
230
1.0
 70
    24
 71
     3
 72
     8
 73
     4
 74
     0
 42
0.000000001
 43
0.0000000001
 40
0.0
 40
0.0
 40
0.0
 40
0.0
 40
1.0
 40
1.0
 40
1.0
 40
1.0
 10
-1.02306
 20
-3.40078
 30
0.0
 10
-1.02306
 20
-3.40078
 30
0.0
 10
-1.05128
 20
-3.40078
 30
0.0
 10
-1.05128
 20
-3.40078
 30
0.0
  0
SPLINE
  5
16C
330
1F
100
AcDbEntity
  8
Layer 1
370
    25
100
AcDbSpline
210
0.0
220
0.0
230
1.0
 70
     8
 71
     3
 72
    16
 73
    12
 74
     0
 42
0.000000001
 43
0.0000000001
 40
0.0
 40
0.0
 40
0.0
 40
0.0
 40
0.25
 40
0.25
 40
0.25
 40
0.25000001
 40
0.5
 40
0.5
 40
0.5
 40
0.50000001
 40
1.0
 40
1.0
 40
1.0
 40
1.0
 10
-1.05128
 20
-3.40431
 30
0.0
 10
-1.05128
 20
-3.40431
 30
0.0
 10
-1.06186
 20
-3.40784
 30
0.0
 10
-1.06186
 20
-3.40784
 30
0.0
 10
-1.06186
 20
-3.40784
 30
0.0
 10
-1.06186
 20
-3.40784
 30
0.0
 10
-1.07598
 20
-3.40784
 30
0.0
 10
-1.07598
 20
-3.40784
 30
0.0
 10
-1.07598
 20
-3.40784
 30
0.0
 10
-1.07598
 20
-3.40784
 30
0.0
 10
-1.08656
 20
-3.41489
 30
0.0
 10
-1.08656
 20
-3.41489
 30
0.0
  0
SPLINE
  5
16D
330
1F
100
AcDbEntity
  8
Layer 1
370
    25
100
AcDbSpline
210
0.0
220
0.0
230
1.0
 70
     8
 71
     3
 72
    12
 73
     8
 74
     0
 42
0.000000001
 43
0.0000000001
 40
0.0
 40
0.0
 40
0.0
 40
0.0
 40
0.3333333333333333
 40
0.3333333333333333
 40
0.3333333333333333
 40
0.3333333433333333
 40
1.0
 40
1.0
 40
1.0
 40
1.0
 10
-1.08656
 20
-3.41489
 30
0.0
 10
-1.08656
 20
-3.41489
 30
0.0
 10
-1.08656
 20
-3.41137
 30
0.0
 10
-1.08656
 20
-3.41137
 30
0.0
 10
-1.08656
 20
-3.41137
 30
0.0
 10
-1.08656
 20
-3.41137
 30
0.0
 10
-1.08303
 20
-3.40784
 30
0.0
 10
-1.08303
 20
-3.40784
 30
0.0
  0
SPLINE
  5
16E
330
1F
100
AcDbEntity
  8
Layer 1
370
    25
100
AcDbSpline
210
0.0
220
0.0
230
1.0
 70
     8
 71
     3
 72
    16
 73
    12
 74
     0
 42
0.000000001
 43
0.0000000001
 40
0.0
 40
0.0
 40
0.0
 40
0.0
 40
0.25
 40
0.25
 40
0.25
 40
0.25000001
 40
0.5
 40
0.5
 40
0.5
 40
0.50000001
 40
1.0
 40
1.0
 40
1.0
 40
1.0
 10
-1.05128
 20
-3.40078
 30
0.0
 10
-1.05128
 20
-3.40078
 30
0.0
 10
-1.06186
 20
-3.40431
 30
0.0
 10
-1.06186
 20
-3.40431
 30
0.0
 10
-1.06186
 20
-3.40431
 30
0.0
 10
-1.06186
 20
-3.40431
 30
0.0
 10
-1.07245
 20
-3.40431
 30
0.0
 10
-1.07245
 20
-3.40431
 30
0.0
 10
-1.07245
 20
-3.40431
 30
0.0
 10
-1.07245
 20
-3.40431
 30
0.0
 10
-1.08303
 20
-3.40784
 30
0.0
 10
-1.08303
 20
-3.40784
 30
0.0
  0
SPLINE
  5
16F
330
1F
100
AcDbEntity
  8
Layer 1
370
    25
100
AcDbSpline
210
0.0
220
0.0
230
1.0
 70
    24
 71
     3
 72
     8
 73
     4
 74
     0
 42
0.000000001
 43
0.0000000001
 40
0.0
 40
0.0
 40
0.0
 40
0.0
 40
1.0
 40
1.0
 40
1.0
 40
1.0
 10
-1.08656
 20
-3.41489
 30
0.0
 10
-1.08656
 20
-3.41489
 30
0.0
 10
-1.08656
 20
-3.40431
 30
0.0
 10
-1.08656
 20
-3.40431
 30
0.0
  0
SPLINE
  5
170
330
1F
100
AcDbEntity
  8
Layer 1
370
    25
100
AcDbSpline
210
0.0
220
0.0
230
1.0
 70
    24
 71
     3
 72
     8
 73
     4
 74
     0
 42
0.000000001
 43
0.0000000001
 40
0.0
 40
0.0
 40
0.0
 40
0.0
 40
1.0
 40
1.0
 40
1.0
 40
1.0
 10
-1.08656
 20
-3.40431
 30
0.0
 10
-1.08656
 20
-3.40431
 30
0.0
 10
-1.08303
 20
-3.40078
 30
0.0
 10
-1.08303
 20
-3.40078
 30
0.0
  0
SPLINE
  5
171
330
1F
100
AcDbEntity
  8
Layer 1
370
    25
100
AcDbSpline
210
0.0
220
0.0
230
1.0
 70
    24
 71
     3
 72
     8
 73
     4
 74
     0
 42
0.000000001
 43
0.0000000001
 40
0.0
 40
0.0
 40
0.0
 40
0.0
 40
1.0
 40
1.0
 40
1.0
 40
1.0
 10
-1.08303
 20
-3.40784
 30
0.0
 10
-1.08303
 20
-3.40784
 30
0.0
 10
-1.08303
 20
-3.40078
 30
0.0
 10
-1.08303
 20
-3.40078
 30
0.0
  0
SPLINE
  5
172
330
1F
100
AcDbEntity
  8
Layer 1
370
    25
100
AcDbSpline
210
0.0
220
0.0
230
1.0
 70
    24
 71
     3
 72
     8
 73
     4
 74
     0
 42
0.000000001
 43
0.0000000001
 40
0.0
 40
0.0
 40
0.0
 40
0.0
 40
1.0
 40
1.0
 40
1.0
 40
1.0
 10
-1.08656
 20
-3.40431
 30
0.0
 10
-1.08656
 20
-3.40431
 30
0.0
 10
-1.12536
 20
-3.40431
 30
0.0
 10
-1.12536
 20
-3.40431
 30
0.0
  0
SPLINE
  5
173
330
1F
100
AcDbEntity
  8
Layer 1
370
    25
100
AcDbSpline
210
0.0
220
0.0
230
1.0
 70
    24
 71
     3
 72
     8
 73
     4
 74
     0
 42
0.000000001
 43
0.0000000001
 40
0.0
 40
0.0
 40
0.0
 40
0.0
 40
1.0
 40
1.0
 40
1.0
 40
1.0
 10
-1.12536
 20
-3.40431
 30
0.0
 10
-1.12536
 20
-3.40431
 30
0.0
 10
-1.12889
 20
-3.40078
 30
0.0
 10
-1.12889
 20
-3.40078
 30
0.0
  0
SPLINE
  5
174
330
1F
100
AcDbEntity
  8
Layer 1
370
    25
100
AcDbSpline
210
0.0
220
0.0
230
1.0
 70
    24
 71
     3
 72
     8
 73
     4
 74
     0
 42
0.000000001
 43
0.0000000001
 40
0.0
 40
0.0
 40
0.0
 40
0.0
 40
1.0
 40
1.0
 40
1.0
 40
1.0
 10
-1.08303
 20
-3.40078
 30
0.0
 10
-1.08303
 20
-3.40078
 30
0.0
 10
-1.12889
 20
-3.40078
 30
0.0
 10
-1.12889
 20
-3.40078
 30
0.0
  0
SPLINE
  5
175
330
1F
100
AcDbEntity
  8
Layer 1
370
    25
100
AcDbSpline
210
0.0
220
0.0
230
1.0
 70
    24
 71
     3
 72
     8
 73
     4
 74
     0
 42
0.000000001
 43
0.0000000001
 40
0.0
 40
0.0
 40
0.0
 40
0.0
 40
1.0
 40
1.0
 40
1.0
 40
1.0
 10
-1.12536
 20
-3.40431
 30
0.0
 10
-1.12536
 20
-3.40431
 30
0.0
 10
-1.12536
 20
-3.6442
 30
0.0
 10
-1.12536
 20
-3.6442
 30
0.0
  0
SPLINE
  5
176
330
1F
100
AcDbEntity
  8
Layer 1
370
    25
100
AcDbSpline
210
0.0
220
0.0
230
1.0
 70
    24
 71
     3
 72
     8
 73
     4
 74
     0
 42
0.000000001
 43
0.0000000001
 40
0.0
 40
0.0
 40
0.0
 40
0.0
 40
1.0
 40
1.0
 40
1.0
 40
1.0
 10
-1.12536
 20
-3.6442
 30
0.0
 10
-1.12536
 20
-3.6442
 30
0.0
 10
-1.12889
 20
-3.64773
 30
0.0
 10
-1.12889
 20
-3.64773
 30
0.0
  0
SPLINE
  5
177
330
1F
100
AcDbEntity
  8
Layer 1
370
    25
100
AcDbSpline
210
0.0
220
0.0
230
1.0
 70
    24
 71
     3
 72
     8
 73
     4
 74
     0
 42
0.000000001
 43
0.0000000001
 40
0.0
 40
0.0
 40
0.0
 40
0.0
 40
1.0
 40
1.0
 40
1.0
 40
1.0
 10
-1.12889
 20
-3.40078
 30
0.0
 10
-1.12889
 20
-3.40078
 30
0.0
 10
-1.12889
 20
-3.64773
 30
0.0
 10
-1.12889
 20
-3.64773
 30
0.0
  0
SPLINE
  5
178
330
1F
100
AcDbEntity
  8
Layer 1
370
    25
100
AcDbSpline
210
0.0
220
0.0
230
1.0
 70
    24
 71
     3
 72
     8
 73
     4
 74
     0
 42
0.000000001
 43
0.0000000001
 40
0.0
 40
0.0
 40
0.0
 40
0.0
 40
1.0
 40
1.0
 40
1.0
 40
1.0
 10
-1.12536
 20
-3.6442
 30
0.0
 10
-1.12536
 20
-3.6442
 30
0.0
 10
-1.08656
 20
-3.6442
 30
0.0
 10
-1.08656
 20
-3.6442
 30
0.0
  0
SPLINE
  5
179
330
1F
100
AcDbEntity
  8
Layer 1
370
    25
100
AcDbSpline
210
0.0
220
0.0
230
1.0
 70
    24
 71
     3
 72
     8
 73
     4
 74
     0
 42
0.000000001
 43
0.0000000001
 40
0.0
 40
0.0
 40
0.0
 40
0.0
 40
1.0
 40
1.0
 40
1.0
 40
1.0
 10
-1.08656
 20
-3.6442
 30
0.0
 10
-1.08656
 20
-3.6442
 30
0.0
 10
-1.08303
 20
-3.64773
 30
0.0
 10
-1.08303
 20
-3.64773
 30
0.0
  0
SPLINE
  5
17A
330
1F
100
AcDbEntity
  8
Layer 1
370
    25
100
AcDbSpline
210
0.0
220
0.0
230
1.0
 70
    24
 71
     3
 72
     8
 73
     4
 74
     0
 42
0.000000001
 43
0.0000000001
 40
0.0
 40
0.0
 40
0.0
 40
0.0
 40
1.0
 40
1.0
 40
1.0
 40
1.0
 10
-1.12889
 20
-3.64773
 30
0.0
 10
-1.12889
 20
-3.64773
 30
0.0
 10
-1.08303
 20
-3.64773
 30
0.0
 10
-1.08303
 20
-3.64773
 30
0.0
  0
SPLINE
  5
17B
330
1F
100
AcDbEntity
  8
Layer 1
370
    25
100
AcDbSpline
210
0.0
220
0.0
230
1.0
 70
    24
 71
     3
 72
     8
 73
     4
 74
     0
 42
0.000000001
 43
0.0000000001
 40
0.0
 40
0.0
 40
0.0
 40
0.0
 40
1.0
 40
1.0
 40
1.0
 40
1.0
 10
-1.08656
 20
-3.6442
 30
0.0
 10
-1.08656
 20
-3.6442
 30
0.0
 10
-1.08656
 20
-3.46781
 30
0.0
 10
-1.08656
 20
-3.46781
 30
0.0
  0
SPLINE
  5
17C
330
1F
100
AcDbEntity
  8
Layer 1
370
    25
100
AcDbSpline
210
0.0
220
0.0
230
1.0
 70
    24
 71
     3
 72
     8
 73
     4
 74
     0
 42
0.000000001
 43
0.0000000001
 40
0.0
 40
0.0
 40
0.0
 40
0.0
 40
1.0
 40
1.0
 40
1.0
 40
1.0
 10
-1.08656
 20
-3.46781
 30
0.0
 10
-1.08656
 20
-3.46781
 30
0.0
 10
-1.08303
 20
-3.46781
 30
0.0
 10
-1.08303
 20
-3.46781
 30
0.0
  0
SPLINE
  5
17D
330
1F
100
AcDbEntity
  8
Layer 1
370
    25
100
AcDbSpline
210
0.0
220
0.0
230
1.0
 70
    24
 71
     3
 72
     8
 73
     4
 74
     0
 42
0.000000001
 43
0.0000000001
 40
0.0
 40
0.0
 40
0.0
 40
0.0
 40
1.0
 40
1.0
 40
1.0
 40
1.0
 10
-1.08303
 20
-3.64773
 30
0.0
 10
-1.08303
 20
-3.64773
 30
0.0
 10
-1.08303
 20
-3.46781
 30
0.0
 10
-1.08303
 20
-3.46781
 30
0.0
  0
SPLINE
  5
17E
330
1F
100
AcDbEntity
  8
Layer 1
370
    25
100
AcDbSpline
210
0.0
220
0.0
230
1.0
 70
     8
 71
     3
 72
    24
 73
    20
 74
     0
 42
0.000000001
 43
0.0000000001
 40
0.0
 40
0.0
 40
0.0
 40
0.0
 40
0.1666666666666667
 40
0.1666666666666667
 40
0.1666666666666667
 40
0.1666666766666667
 40
0.3333333333333333
 40
0.3333333333333333
 40
0.3333333333333333
 40
0.3333333433333333
 40
0.5
 40
0.5
 40
0.5
 40
0.50000001
 40
0.6666666666666666
 40
0.6666666666666666
 40
0.6666666666666666
 40
0.6666666766666667
 40
1.0
 40
1.0
 40
1.0
 40
1.0
 10
-1.08656
 20
-3.46781
 30
0.0
 10
-1.08656
 20
-3.46781
 30
0.0
 10
-1.08303
 20
-3.45017
 30
0.0
 10
-1.08303
 20
-3.45017
 30
0.0
 10
-1.08303
 20
-3.45017
 30
0.0
 10
-1.08303
 20
-3.45017
 30
0.0
 10
-1.07598
 20
-3.43606
 30
0.0
 10
-1.07598
 20
-3.43606
 30
0.0
 10
-1.07598
 20
-3.43606
 30
0.0
 10
-1.07598
 20
-3.43606
 30
0.0
 10
-1.06539
 20
-3.42548
 30
0.0
 10
-1.06539
 20
-3.42548
 30
0.0
 10
-1.06539
 20
-3.42548
 30
0.0
 10
-1.06539
 20
-3.42548
 30
0.0
 10
-1.04775
 20
-3.41842
 30
0.0
 10
-1.04775
 20
-3.41842
 30
0.0
 10
-1.04775
 20
-3.41842
 30
0.0
 10
-1.04775
 20
-3.41842
 30
0.0
 10
-1.03717
 20
-3.41842
 30
0.0
 10
-1.03717
 20
-3.41842
 30
0.0
  0
SPLINE
  5
17F
330
1F
100
AcDbEntity
  8
Layer 1
370
    25
100
AcDbSpline
210
0.0
220
0.0
230
1.0
 70
     8
 71
     3
 72
    24
 73
    20
 74
     0
 42
0.000000001
 43
0.0000000001
 40
0.0
 40
0.0
 40
0.0
 40
0.0
 40
0.1666666666666667
 40
0.1666666666666667
 40
0.1666666666666667
 40
0.1666666766666667
 40
0.3333333333333333
 40
0.3333333333333333
 40
0.3333333333333333
 40
0.3333333433333333
 40
0.5
 40
0.5
 40
0.5
 40
0.50000001
 40
0.6666666666666666
 40
0.6666666666666666
 40
0.6666666666666666
 40
0.6666666766666667
 40
1.0
 40
1.0
 40
1.0
 40
1.0
 10
-1.08303
 20
-3.46781
 30
0.0
 10
-1.08303
 20
-3.46781
 30
0.0
 10
-1.0795
 20
-3.4537
 30
0.0
 10
-1.0795
 20
-3.4537
 30
0.0
 10
-1.0795
 20
-3.4537
 30
0.0
 10
-1.0795
 20
-3.4537
 30
0.0
 10
-1.07245
 20
-3.43959
 30
0.0
 10
-1.07245
 20
-3.43959
 30
0.0
 10
-1.07245
 20
-3.43959
 30
0.0
 10
-1.07245
 20
-3.43959
 30
0.0
 10
-1.06186
 20
-3.429
 30
0.0
 10
-1.06186
 20
-3.429
 30
0.0
 10
-1.06186
 20
-3.429
 30
0.0
 10
-1.06186
 20
-3.429
 30
0.0
 10
-1.04775
 20
-3.42195
 30
0.0
 10
-1.04775
 20
-3.42195
 30
0.0
 10
-1.04775
 20
-3.42195
 30
0.0
 10
-1.04775
 20
-3.42195
 30
0.0
 10
-1.03717
 20
-3.42195
 30
0.0
 10
-1.03717
 20
-3.42195
 30
0.0
  0
SPLINE
  5
180
330
1F
100
AcDbEntity
  8
Layer 1
370
    25
100
AcDbSpline
210
0.0
220
0.0
230
1.0
 70
    24
 71
     3
 72
    12
 73
     8
 74
     0
 42
0.000000001
 43
0.0000000001
 40
0.0
 40
0.0
 40
0.0
 40
0.0
 40
0.3333333333333333
 40
0.3333333333333333
 40
0.3333333333333333
 40
0.3333333433333333
 40
1.0
 40
1.0
 40
1.0
 40
1.0
 10
-1.19945
 20
-3.46428
 30
0.0
 10
-1.19945
 20
-3.46428
 30
0.0
 10
-1.19945
 20
-3.46428
 30
0.0
 10
-1.19945
 20
-3.46428
 30
0.0
 10
-1.19945
 20
-3.46428
 30
0.0
 10
-1.19945
 20
-3.46428
 30
0.0
 10
-1.20298
 20
-3.46428
 30
0.0
 10
-1.20298
 20
-3.46428
 30
0.0
  0
SPLINE
  5
181
330
1F
100
AcDbEntity
  8
Layer 1
370
    25
100
AcDbSpline
210
0.0
220
0.0
230
1.0
 70
     8
 71
     3
 72
    24
 73
    20
 74
     0
 42
0.000000001
 43
0.0000000001
 40
0.0
 40
0.0
 40
0.0
 40
0.0
 40
0.1666666666666667
 40
0.1666666666666667
 40
0.1666666666666667
 40
0.1666666766666667
 40
0.3333333333333333
 40
0.3333333333333333
 40
0.3333333333333333
 40
0.3333333433333333
 40
0.5
 40
0.5
 40
0.5
 40
0.50000001
 40
0.6666666666666666
 40
0.6666666666666666
 40
0.6666666666666666
 40
0.6666666766666667
 40
1.0
 40
1.0
 40
1.0
 40
1.0
 10
-1.24884
 20
-3.42195
 30
0.0
 10
-1.24884
 20
-3.42195
 30
0.0
 10
-1.2312
 20
-3.42548
 30
0.0
 10
-1.2312
 20
-3.42548
 30
0.0
 10
-1.2312
 20
-3.42548
 30
0.0
 10
-1.2312
 20
-3.42548
 30
0.0
 10
-1.22061
 20
-3.43253
 30
0.0
 10
-1.22061
 20
-3.43253
 30
0.0
 10
-1.22061
 20
-3.43253
 30
0.0
 10
-1.22061
 20
-3.43253
 30
0.0
 10
-1.21003
 20
-3.44312
 30
0.0
 10
-1.21003
 20
-3.44312
 30
0.0
 10
-1.21003
 20
-3.44312
 30
0.0
 10
-1.21003
 20
-3.44312
 30
0.0
 10
-1.20298
 20
-3.45723
 30
0.0
 10
-1.20298
 20
-3.45723
 30
0.0
 10
-1.20298
 20
-3.45723
 30
0.0
 10
-1.20298
 20
-3.45723
 30
0.0
 10
-1.20298
 20
-3.46428
 30
0.0
 10
-1.20298
 20
-3.46428
 30
0.0
  0
SPLINE
  5
182
330
1F
100
AcDbEntity
  8
Layer 1
370
    25
100
AcDbSpline
210
0.0
220
0.0
230
1.0
 70
    24
 71
     3
 72
     8
 73
     4
 74
     0
 42
0.000000001
 43
0.0000000001
 40
0.0
 40
0.0
 40
0.0
 40
0.0
 40
1.0
 40
1.0
 40
1.0
 40
1.0
 10
-1.66864
 20
-3.63009
 30
0.0
 10
-1.66864
 20
-3.63009
 30
0.0
 10
-1.66864
 20
-3.62656
 30
0.0
 10
-1.66864
 20
-3.62656
 30
0.0
  0
SPLINE
  5
183
330
1F
100
AcDbEntity
  8
Layer 1
370
    25
100
AcDbSpline
210
0.0
220
0.0
230
1.0
 70
    24
 71
     3
 72
     8
 73
     4
 74
     0
 42
0.000000001
 43
0.0000000001
 40
0.0
 40
0.0
 40
0.0
 40
0.0
 40
1.0
 40
1.0
 40
1.0
 40
1.0
 10
-1.7145
 20
-3.5807
 30
0.0
 10
-1.7145
 20
-3.5807
 30
0.0
 10
-1.71098
 20
-3.5807
 30
0.0
 10
-1.71098
 20
-3.5807
 30
0.0
  0
SPLINE
  5
184
330
1F
100
AcDbEntity
  8
Layer 1
370
    25
100
AcDbSpline
210
0.0
220
0.0
230
1.0
 70
     8
 71
     3
 72
    24
 73
    20
 74
     0
 42
0.000000001
 43
0.0000000001
 40
0.0
 40
0.0
 40
0.0
 40
0.0
 40
0.1666666666666667
 40
0.1666666666666667
 40
0.1666666666666667
 40
0.1666666766666667
 40
0.3333333333333333
 40
0.3333333333333333
 40
0.3333333333333333
 40
0.3333333433333333
 40
0.5
 40
0.5
 40
0.5
 40
0.50000001
 40
0.6666666666666666
 40
0.6666666666666666
 40
0.6666666666666666
 40
0.6666666766666667
 40
1.0
 40
1.0
 40
1.0
 40
1.0
 10
-1.66864
 20
-3.62656
 30
0.0
 10
-1.66864
 20
-3.62656
 30
0.0
 10
-1.68275
 20
-3.62303
 30
0.0
 10
-1.68275
 20
-3.62303
 30
0.0
 10
-1.68275
 20
-3.62303
 30
0.0
 10
-1.68275
 20
-3.62303
 30
0.0
 10
-1.69686
 20
-3.61598
 30
0.0
 10
-1.69686
 20
-3.61598
 30
0.0
 10
-1.69686
 20
-3.61598
 30
0.0
 10
-1.69686
 20
-3.61598
 30
0.0
 10
-1.70392
 20
-3.60539
 30
0.0
 10
-1.70392
 20
-3.60539
 30
0.0
 10
-1.70392
 20
-3.60539
 30
0.0
 10
-1.70392
 20
-3.60539
 30
0.0
 10
-1.71098
 20
-3.59128
 30
0.0
 10
-1.71098
 20
-3.59128
 30
0.0
 10
-1.71098
 20
-3.59128
 30
0.0
 10
-1.71098
 20
-3.59128
 30
0.0
 10
-1.71098
 20
-3.5807
 30
0.0
 10
-1.71098
 20
-3.5807
 30
0.0
  0
SPLINE
  5
185
330
1F
100
AcDbEntity
  8
Layer 1
370
    25
100
AcDbSpline
210
0.0
220
0.0
230
1.0
 70
    24
 71
     3
 72
     8
 73
     4
 74
     0
 42
0.000000001
 43
0.0000000001
 40
0.0
 40
0.0
 40
0.0
 40
0.0
 40
1.0
 40
1.0
 40
1.0
 40
1.0
 10
-1.7145
 20
-3.53131
 30
0.0
 10
-1.7145
 20
-3.53131
 30
0.0
 10
-1.71098
 20
-3.53484
 30
0.0
 10
-1.71098
 20
-3.53484
 30
0.0
  0
SPLINE
  5
186
330
1F
100
AcDbEntity
  8
Layer 1
370
    25
100
AcDbSpline
210
0.0
220
0.0
230
1.0
 70
    24
 71
     3
 72
     8
 73
     4
 74
     0
 42
0.000000001
 43
0.0000000001
 40
0.0
 40
0.0
 40
0.0
 40
0.0
 40
1.0
 40
1.0
 40
1.0
 40
1.0
 10
-1.71098
 20
-3.5807
 30
0.0
 10
-1.71098
 20
-3.5807
 30
0.0
 10
-1.71098
 20
-3.53484
 30
0.0
 10
-1.71098
 20
-3.53484
 30
0.0
  0
SPLINE
  5
187
330
1F
100
AcDbEntity
  8
Layer 1
370
    25
100
AcDbSpline
210
0.0
220
0.0
230
1.0
 70
    24
 71
     3
 72
     8
 73
     4
 74
     0
 42
0.000000001
 43
0.0000000001
 40
0.0
 40
0.0
 40
0.0
 40
0.0
 40
1.0
 40
1.0
 40
1.0
 40
1.0
 10
-1.58045
 20
-3.53131
 30
0.0
 10
-1.58045
 20
-3.53131
 30
0.0
 10
-1.57692
 20
-3.53484
 30
0.0
 10
-1.57692
 20
-3.53484
 30
0.0
  0
SPLINE
  5
188
330
1F
100
AcDbEntity
  8
Layer 1
370
    25
100
AcDbSpline
210
0.0
220
0.0
230
1.0
 70
    24
 71
     3
 72
     8
 73
     4
 74
     0
 42
0.000000001
 43
0.0000000001
 40
0.0
 40
0.0
 40
0.0
 40
0.0
 40
1.0
 40
1.0
 40
1.0
 40
1.0
 10
-1.71098
 20
-3.53484
 30
0.0
 10
-1.71098
 20
-3.53484
 30
0.0
 10
-1.57692
 20
-3.53484
 30
0.0
 10
-1.57692
 20
-3.53484
 30
0.0
  0
SPLINE
  5
189
330
1F
100
AcDbEntity
  8
Layer 1
370
    25
100
AcDbSpline
210
0.0
220
0.0
230
1.0
 70
    24
 71
     3
 72
     8
 73
     4
 74
     0
 42
0.000000001
 43
0.0000000001
 40
0.0
 40
0.0
 40
0.0
 40
0.0
 40
1.0
 40
1.0
 40
1.0
 40
1.0
 10
-1.58045
 20
-3.47134
 30
0.0
 10
-1.58045
 20
-3.47134
 30
0.0
 10
-1.57692
 20
-3.47134
 30
0.0
 10
-1.57692
 20
-3.47134
 30
0.0
  0
SPLINE
  5
18A
330
1F
100
AcDbEntity
  8
Layer 1
370
    25
100
AcDbSpline
210
0.0
220
0.0
230
1.0
 70
    24
 71
     3
 72
     8
 73
     4
 74
     0
 42
0.000000001
 43
0.0000000001
 40
0.0
 40
0.0
 40
0.0
 40
0.0
 40
1.0
 40
1.0
 40
1.0
 40
1.0
 10
-1.57692
 20
-3.53484
 30
0.0
 10
-1.57692
 20
-3.53484
 30
0.0
 10
-1.57692
 20
-3.47134
 30
0.0
 10
-1.57692
 20
-3.47134
 30
0.0
  0
SPLINE
  5
18B
330
1F
100
AcDbEntity
  8
Layer 1
370
    25
100
AcDbSpline
210
0.0
220
0.0
230
1.0
 70
    24
 71
     3
 72
     8
 73
     4
 74
     0
 42
0.000000001
 43
0.0000000001
 40
0.0
 40
0.0
 40
0.0
 40
0.0
 40
1.0
 40
1.0
 40
1.0
 40
1.0
 10
-1.65453
 20
-3.40431
 30
0.0
 10
-1.65453
 20
-3.40431
 30
0.0
 10
-1.65453
 20
-3.40078
 30
0.0
 10
-1.65453
 20
-3.40078
 30
0.0
  0
SPLINE
  5
18C
330
1F
100
AcDbEntity
  8
Layer 1
370
    25
100
AcDbSpline
210
0.0
220
0.0
230
1.0
 70
     8
 71
     3
 72
    24
 73
    20
 74
     0
 42
0.000000001
 43
0.0000000001
 40
0.0
 40
0.0
 40
0.0
 40
0.0
 40
0.1666666666666667
 40
0.1666666666666667
 40
0.1666666666666667
 40
0.1666666766666667
 40
0.3333333333333333
 40
0.3333333333333333
 40
0.3333333333333333
 40
0.3333333433333333
 40
0.5
 40
0.5
 40
0.5
 40
0.50000001
 40
0.6666666666666666
 40
0.6666666666666666
 40
0.6666666666666666
 40
0.6666666766666667
 40
1.0
 40
1.0
 40
1.0
 40
1.0
 10
-1.57692
 20
-3.47134
 30
0.0
 10
-1.57692
 20
-3.47134
 30
0.0
 10
-1.58045
 20
-3.44664
 30
0.0
 10
-1.58045
 20
-3.44664
 30
0.0
 10
-1.58045
 20
-3.44664
 30
0.0
 10
-1.58045
 20
-3.44664
 30
0.0
 10
-1.59456
 20
-3.429
 30
0.0
 10
-1.59456
 20
-3.429
 30
0.0
 10
-1.59456
 20
-3.429
 30
0.0
 10
-1.59456
 20
-3.429
 30
0.0
 10
-1.60867
 20
-3.41489
 30
0.0
 10
-1.60867
 20
-3.41489
 30
0.0
 10
-1.60867
 20
-3.41489
 30
0.0
 10
-1.60867
 20
-3.41489
 30
0.0
 10
-1.63336
 20
-3.40431
 30
0.0
 10
-1.63336
 20
-3.40431
 30
0.0
 10
-1.63336
 20
-3.40431
 30
0.0
 10
-1.63336
 20
-3.40431
 30
0.0
 10
-1.65453
 20
-3.40078
 30
0.0
 10
-1.65453
 20
-3.40078
 30
0.0
  0
SPLINE
  5
18D
330
1F
100
AcDbEntity
  8
Layer 1
370
    25
100
AcDbSpline
210
0.0
220
0.0
230
1.0
 70
     8
 71
     3
 72
    24
 73
    20
 74
     0
 42
0.000000001
 43
0.0000000001
 40
0.0
 40
0.0
 40
0.0
 40
0.0
 40
0.1666666666666667
 40
0.1666666666666667
 40
0.1666666666666667
 40
0.1666666766666667
 40
0.3333333333333333
 40
0.3333333333333333
 40
0.3333333333333333
 40
0.3333333433333333
 40
0.5
 40
0.5
 40
0.5
 40
0.50000001
 40
0.6666666666666666
 40
0.6666666666666666
 40
0.6666666666666666
 40
0.6666666766666667
 40
1.0
 40
1.0
 40
1.0
 40
1.0
 10
-1.24884
 20
-3.51367
 30
0.0
 10
-1.24884
 20
-3.51367
 30
0.0
 10
-1.26295
 20
-3.5172
 30
0.0
 10
-1.26295
 20
-3.5172
 30
0.0
 10
-1.26295
 20
-3.5172
 30
0.0
 10
-1.26295
 20
-3.5172
 30
0.0
 10
-1.27706
 20
-3.52425
 30
0.0
 10
-1.27706
 20
-3.52425
 30
0.0
 10
-1.27706
 20
-3.52425
 30
0.0
 10
-1.27706
 20
-3.52425
 30
0.0
 10
-1.28764
 20
-3.53484
 30
0.0
 10
-1.28764
 20
-3.53484
 30
0.0
 10
-1.28764
 20
-3.53484
 30
0.0
 10
-1.28764
 20
-3.53484
 30
0.0
 10
-1.29117
 20
-3.55248
 30
0.0
 10
-1.29117
 20
-3.55248
 30
0.0
 10
-1.29117
 20
-3.55248
 30
0.0
 10
-1.29117
 20
-3.55248
 30
0.0
 10
-1.2947
 20
-3.55953
 30
0.0
 10
-1.2947
 20
-3.55953
 30
0.0
  0
SPLINE
  5
18E
330
1F
100
AcDbEntity
  8
Layer 1
370
    25
100
AcDbSpline
210
0.0
220
0.0
230
1.0
 70
    24
 71
     3
 72
     8
 73
     4
 74
     0
 42
0.000000001
 43
0.0000000001
 40
0.0
 40
0.0
 40
0.0
 40
0.0
 40
1.0
 40
1.0
 40
1.0
 40
1.0
 10
-1.67923
 20
-3.40431
 30
0.0
 10
-1.67923
 20
-3.40431
 30
0.0
 10
-1.67923
 20
-3.40078
 30
0.0
 10
-1.67923
 20
-3.40078
 30
0.0
  0
SPLINE
  5
18F
330
1F
100
AcDbEntity
  8
Layer 1
370
    25
100
AcDbSpline
210
0.0
220
0.0
230
1.0
 70
    24
 71
     3
 72
     8
 73
     4
 74
     0
 42
0.000000001
 43
0.0000000001
 40
0.0
 40
0.0
 40
0.0
 40
0.0
 40
1.0
 40
1.0
 40
1.0
 40
1.0
 10
-1.75331
 20
-3.47134
 30
0.0
 10
-1.75331
 20
-3.47134
 30
0.0
 10
-1.75684
 20
-3.47134
 30
0.0
 10
-1.75684
 20
-3.47134
 30
0.0
  0
SPLINE
  5
190
330
1F
100
AcDbEntity
  8
Layer 1
370
    25
100
AcDbSpline
210
0.0
220
0.0
230
1.0
 70
     8
 71
     3
 72
    24
 73
    20
 74
     0
 42
0.000000001
 43
0.0000000001
 40
0.0
 40
0.0
 40
0.0
 40
0.0
 40
0.1666666666666667
 40
0.1666666666666667
 40
0.1666666666666667
 40
0.1666666766666667
 40
0.3333333333333333
 40
0.3333333333333333
 40
0.3333333333333333
 40
0.3333333433333333
 40
0.5
 40
0.5
 40
0.5
 40
0.50000001
 40
0.6666666666666666
 40
0.6666666666666666
 40
0.6666666666666666
 40
0.6666666766666667
 40
1.0
 40
1.0
 40
1.0
 40
1.0
 10
-1.67923
 20
-3.40078
 30
0.0
 10
-1.67923
 20
-3.40078
 30
0.0
 10
-1.70392
 20
-3.40431
 30
0.0
 10
-1.70392
 20
-3.40431
 30
0.0
 10
-1.70392
 20
-3.40431
 30
0.0
 10
-1.70392
 20
-3.40431
 30
0.0
 10
-1.73214
 20
-3.41842
 30
0.0
 10
-1.73214
 20
-3.41842
 30
0.0
 10
-1.73214
 20
-3.41842
 30
0.0
 10
-1.73214
 20
-3.41842
 30
0.0
 10
-1.74978
 20
-3.43959
 30
0.0
 10
-1.74978
 20
-3.43959
 30
0.0
 10
-1.74978
 20
-3.43959
 30
0.0
 10
-1.74978
 20
-3.43959
 30
0.0
 10
-1.75684
 20
-3.46075
 30
0.0
 10
-1.75684
 20
-3.46075
 30
0.0
 10
-1.75684
 20
-3.46075
 30
0.0
 10
-1.75684
 20
-3.46075
 30
0.0
 10
-1.75684
 20
-3.47134
 30
0.0
 10
-1.75684
 20
-3.47134
 30
0.0
  0
SPLINE
  5
191
330
1F
100
AcDbEntity
  8
Layer 1
370
    25
100
AcDbSpline
210
0.0
220
0.0
230
1.0
 70
    24
 71
     3
 72
     8
 73
     4
 74
     0
 42
0.000000001
 43
0.0000000001
 40
0.0
 40
0.0
 40
0.0
 40
0.0
 40
1.0
 40
1.0
 40
1.0
 40
1.0
 10
-1.75331
 20
-3.57717
 30
0.0
 10
-1.75331
 20
-3.57717
 30
0.0
 10
-1.75684
 20
-3.57717
 30
0.0
 10
-1.75684
 20
-3.57717
 30
0.0
  0
SPLINE
  5
192
330
1F
100
AcDbEntity
  8
Layer 1
370
    25
100
AcDbSpline
210
0.0
220
0.0
230
1.0
 70
    24
 71
     3
 72
     8
 73
     4
 74
     0
 42
0.000000001
 43
0.0000000001
 40
0.0
 40
0.0
 40
0.0
 40
0.0
 40
1.0
 40
1.0
 40
1.0
 40
1.0
 10
-1.75684
 20
-3.47134
 30
0.0
 10
-1.75684
 20
-3.47134
 30
0.0
 10
-1.75684
 20
-3.57717
 30
0.0
 10
-1.75684
 20
-3.57717
 30
0.0
  0
SPLINE
  5
193
330
1F
100
AcDbEntity
  8
Layer 1
370
    25
100
AcDbSpline
210
0.0
220
0.0
230
1.0
 70
    24
 71
     3
 72
     8
 73
     4
 74
     0
 42
0.000000001
 43
0.0000000001
 40
0.0
 40
0.0
 40
0.0
 40
0.0
 40
1.0
 40
1.0
 40
1.0
 40
1.0
 10
-1.67923
 20
-3.6442
 30
0.0
 10
-1.67923
 20
-3.6442
 30
0.0
 10
-1.67923
 20
-3.64773
 30
0.0
 10
-1.67923
 20
-3.64773
 30
0.0
  0
SPLINE
  5
194
330
1F
100
AcDbEntity
  8
Layer 1
370
    25
100
AcDbSpline
210
0.0
220
0.0
230
1.0
 70
     8
 71
     3
 72
    24
 73
    20
 74
     0
 42
0.000000001
 43
0.0000000001
 40
0.0
 40
0.0
 40
0.0
 40
0.0
 40
0.1666666666666667
 40
0.1666666666666667
 40
0.1666666666666667
 40
0.1666666766666667
 40
0.3333333333333333
 40
0.3333333333333333
 40
0.3333333333333333
 40
0.3333333433333333
 40
0.5
 40
0.5
 40
0.5
 40
0.50000001
 40
0.6666666666666666
 40
0.6666666666666666
 40
0.6666666666666666
 40
0.6666666766666667
 40
1.0
 40
1.0
 40
1.0
 40
1.0
 10
-1.75684
 20
-3.57717
 30
0.0
 10
-1.75684
 20
-3.57717
 30
0.0
 10
-1.75331
 20
-3.59834
 30
0.0
 10
-1.75331
 20
-3.59834
 30
0.0
 10
-1.75331
 20
-3.59834
 30
0.0
 10
-1.75331
 20
-3.59834
 30
0.0
 10
-1.74273
 20
-3.6195
 30
0.0
 10
-1.74273
 20
-3.6195
 30
0.0
 10
-1.74273
 20
-3.6195
 30
0.0
 10
-1.74273
 20
-3.6195
 30
0.0
 10
-1.72861
 20
-3.63362
 30
0.0
 10
-1.72861
 20
-3.63362
 30
0.0
 10
-1.72861
 20
-3.63362
 30
0.0
 10
-1.72861
 20
-3.63362
 30
0.0
 10
-1.70392
 20
-3.6442
 30
0.0
 10
-1.70392
 20
-3.6442
 30
0.0
 10
-1.70392
 20
-3.6442
 30
0.0
 10
-1.70392
 20
-3.6442
 30
0.0
 10
-1.67923
 20
-3.64773
 30
0.0
 10
-1.67923
 20
-3.64773
 30
0.0
  0
SPLINE
  5
195
330
1F
100
AcDbEntity
  8
Layer 1
370
    25
100
AcDbSpline
210
0.0
220
0.0
230
1.0
 70
    24
 71
     3
 72
     8
 73
     4
 74
     0
 42
0.000000001
 43
0.0000000001
 40
0.0
 40
0.0
 40
0.0
 40
0.0
 40
1.0
 40
1.0
 40
1.0
 40
1.0
 10
-1.67923
 20
-3.64773
 30
0.0
 10
-1.67923
 20
-3.64773
 30
0.0
 10
-1.65453
 20
-3.64773
 30
0.0
 10
-1.65453
 20
-3.64773
 30
0.0
  0
SPLINE
  5
196
330
1F
100
AcDbEntity
  8
Layer 1
370
    25
100
AcDbSpline
210
0.0
220
0.0
230
1.0
 70
    24
 71
     3
 72
     8
 73
     4
 74
     0
 42
0.000000001
 43
0.0000000001
 40
0.0
 40
0.0
 40
0.0
 40
0.0
 40
1.0
 40
1.0
 40
1.0
 40
1.0
 10
-1.50636
 20
-3.46781
 30
0.0
 10
-1.50636
 20
-3.46781
 30
0.0
 10
-1.50284
 20
-3.46781
 30
0.0
 10
-1.50284
 20
-3.46781
 30
0.0
  0
SPLINE
  5
197
330
1F
100
AcDbEntity
  8
Layer 1
370
    25
100
AcDbSpline
210
0.0
220
0.0
230
1.0
 70
    24
 71
     3
 72
     8
 73
     4
 74
     0
 42
0.000000001
 43
0.0000000001
 40
0.0
 40
0.0
 40
0.0
 40
0.0
 40
1.0
 40
1.0
 40
1.0
 40
1.0
 10
-1.50284
 20
-3.64773
 30
0.0
 10
-1.50284
 20
-3.64773
 30
0.0
 10
-1.50284
 20
-3.46781
 30
0.0
 10
-1.50284
 20
-3.46781
 30
0.0
  0
SPLINE
  5
198
330
1F
100
AcDbEntity
  8
Layer 1
370
    25
100
AcDbSpline
210
0.0
220
0.0
230
1.0
 70
     8
 71
     3
 72
    24
 73
    20
 74
     0
 42
0.000000001
 43
0.0000000001
 40
0.0
 40
0.0
 40
0.0
 40
0.0
 40
0.1666666666666667
 40
0.1666666666666667
 40
0.1666666666666667
 40
0.1666666766666667
 40
0.3333333333333333
 40
0.3333333333333333
 40
0.3333333333333333
 40
0.3333333433333333
 40
0.5
 40
0.5
 40
0.5
 40
0.50000001
 40
0.6666666666666666
 40
0.6666666666666666
 40
0.6666666666666666
 40
0.6666666766666667
 40
1.0
 40
1.0
 40
1.0
 40
1.0
 10
-1.50284
 20
-3.46781
 30
0.0
 10
-1.50284
 20
-3.46781
 30
0.0
 10
-1.49931
 20
-3.4537
 30
0.0
 10
-1.49931
 20
-3.4537
 30
0.0
 10
-1.49931
 20
-3.4537
 30
0.0
 10
-1.49931
 20
-3.4537
 30
0.0
 10
-1.49225
 20
-3.43959
 30
0.0
 10
-1.49225
 20
-3.43959
 30
0.0
 10
-1.49225
 20
-3.43959
 30
0.0
 10
-1.49225
 20
-3.43959
 30
0.0
 10
-1.48167
 20
-3.429
 30
0.0
 10
-1.48167
 20
-3.429
 30
0.0
 10
-1.48167
 20
-3.429
 30
0.0
 10
-1.48167
 20
-3.429
 30
0.0
 10
-1.46756
 20
-3.42195
 30
0.0
 10
-1.46756
 20
-3.42195
 30
0.0
 10
-1.46756
 20
-3.42195
 30
0.0
 10
-1.46756
 20
-3.42195
 30
0.0
 10
-1.45698
 20
-3.42195
 30
0.0
 10
-1.45698
 20
-3.42195
 30
0.0
  0
SPLINE
  5
199
330
1F
100
AcDbEntity
  8
Layer 1
370
    25
100
AcDbSpline
210
0.0
220
0.0
230
1.0
 70
     8
 71
     3
 72
    24
 73
    20
 74
     0
 42
0.000000001
 43
0.0000000001
 40
0.0
 40
0.0
 40
0.0
 40
0.0
 40
0.1666666666666667
 40
0.1666666666666667
 40
0.1666666666666667
 40
0.1666666766666667
 40
0.3333333333333333
 40
0.3333333333333333
 40
0.3333333333333333
 40
0.3333333433333333
 40
0.5
 40
0.5
 40
0.5
 40
0.50000001
 40
0.6666666666666666
 40
0.6666666666666666
 40
0.6666666666666666
 40
0.6666666766666667
 40
1.0
 40
1.0
 40
1.0
 40
1.0
 10
-1.62278
 20
-3.5807
 30
0.0
 10
-1.62278
 20
-3.5807
 30
0.0
 10
-1.62631
 20
-3.59834
 30
0.0
 10
-1.62631
 20
-3.59834
 30
0.0
 10
-1.62631
 20
-3.59834
 30
0.0
 10
-1.62631
 20
-3.59834
 30
0.0
 10
-1.63336
 20
-3.61245
 30
0.0
 10
-1.63336
 20
-3.61245
 30
0.0
 10
-1.63336
 20
-3.61245
 30
0.0
 10
-1.63336
 20
-3.61245
 30
0.0
 10
-1.64395
 20
-3.62303
 30
0.0
 10
-1.64395
 20
-3.62303
 30
0.0
 10
-1.64395
 20
-3.62303
 30
0.0
 10
-1.64395
 20
-3.62303
 30
0.0
 10
-1.66159
 20
-3.62656
 30
0.0
 10
-1.66159
 20
-3.62656
 30
0.0
 10
-1.66159
 20
-3.62656
 30
0.0
 10
-1.66159
 20
-3.62656
 30
0.0
 10
-1.66864
 20
-3.62656
 30
0.0
 10
-1.66864
 20
-3.62656
 30
0.0
  0
SPLINE
  5
19A
330
1F
100
AcDbEntity
  8
Layer 1
370
    25
100
AcDbSpline
210
0.0
220
0.0
230
1.0
 70
    24
 71
     3
 72
     8
 73
     4
 74
     0
 42
0.000000001
 43
0.0000000001
 40
0.0
 40
0.0
 40
0.0
 40
0.0
 40
1.0
 40
1.0
 40
1.0
 40
1.0
 10
-1.61925
 20
-3.5172
 30
0.0
 10
-1.61925
 20
-3.5172
 30
0.0
 10
-1.62278
 20
-3.51367
 30
0.0
 10
-1.62278
 20
-3.51367
 30
0.0
  0
SPLINE
  5
19B
330
1F
100
AcDbEntity
  8
Layer 1
370
    25
100
AcDbSpline
210
0.0
220
0.0
230
1.0
 70
    24
 71
     3
 72
     8
 73
     4
 74
     0
 42
0.000000001
 43
0.0000000001
 40
0.0
 40
0.0
 40
0.0
 40
0.0
 40
1.0
 40
1.0
 40
1.0
 40
1.0
 10
-1.7145
 20
-3.5172
 30
0.0
 10
-1.7145
 20
-3.5172
 30
0.0
 10
-1.71098
 20
-3.51367
 30
0.0
 10
-1.71098
 20
-3.51367
 30
0.0
  0
SPLINE
  5
19C
330
1F
100
AcDbEntity
  8
Layer 1
370
    25
100
AcDbSpline
210
0.0
220
0.0
230
1.0
 70
    24
 71
     3
 72
     8
 73
     4
 74
     0
 42
0.000000001
 43
0.0000000001
 40
0.0
 40
0.0
 40
0.0
 40
0.0
 40
1.0
 40
1.0
 40
1.0
 40
1.0
 10
-1.71098
 20
-3.51367
 30
0.0
 10
-1.71098
 20
-3.51367
 30
0.0
 10
-1.62278
 20
-3.51367
 30
0.0
 10
-1.62278
 20
-3.51367
 30
0.0
  0
SPLINE
  5
19D
330
1F
100
AcDbEntity
  8
Layer 1
370
    25
100
AcDbSpline
210
0.0
220
0.0
230
1.0
 70
    24
 71
     3
 72
     8
 73
     4
 74
     0
 42
0.000000001
 43
0.0000000001
 40
0.0
 40
0.0
 40
0.0
 40
0.0
 40
1.0
 40
1.0
 40
1.0
 40
1.0
 10
-1.61925
 20
-3.46781
 30
0.0
 10
-1.61925
 20
-3.46781
 30
0.0
 10
-1.62278
 20
-3.46781
 30
0.0
 10
-1.62278
 20
-3.46781
 30
0.0
  0
SPLINE
  5
19E
330
1F
100
AcDbEntity
  8
Layer 1
370
    25
100
AcDbSpline
210
0.0
220
0.0
230
1.0
 70
    24
 71
     3
 72
     8
 73
     4
 74
     0
 42
0.000000001
 43
0.0000000001
 40
0.0
 40
0.0
 40
0.0
 40
0.0
 40
1.0
 40
1.0
 40
1.0
 40
1.0
 10
-1.62278
 20
-3.51367
 30
0.0
 10
-1.62278
 20
-3.51367
 30
0.0
 10
-1.62278
 20
-3.46781
 30
0.0
 10
-1.62278
 20
-3.46781
 30
0.0
  0
SPLINE
  5
19F
330
1F
100
AcDbEntity
  8
Layer 1
370
    25
100
AcDbSpline
210
0.0
220
0.0
230
1.0
 70
    24
 71
     3
 72
     8
 73
     4
 74
     0
 42
0.000000001
 43
0.0000000001
 40
0.0
 40
0.0
 40
0.0
 40
0.0
 40
1.0
 40
1.0
 40
1.0
 40
1.0
 10
-1.66864
 20
-3.41842
 30
0.0
 10
-1.66864
 20
-3.41842
 30
0.0
 10
-1.66864
 20
-3.42195
 30
0.0
 10
-1.66864
 20
-3.42195
 30
0.0
  0
SPLINE
  5
1A0
330
1F
100
AcDbEntity
  8
Layer 1
370
    25
100
AcDbSpline
210
0.0
220
0.0
230
1.0
 70
     8
 71
     3
 72
    24
 73
    20
 74
     0
 42
0.000000001
 43
0.0000000001
 40
0.0
 40
0.0
 40
0.0
 40
0.0
 40
0.1666666666666667
 40
0.1666666666666667
 40
0.1666666666666667
 40
0.1666666766666667
 40
0.3333333333333333
 40
0.3333333333333333
 40
0.3333333333333333
 40
0.3333333433333333
 40
0.5
 40
0.5
 40
0.5
 40
0.50000001
 40
0.6666666666666666
 40
0.6666666666666666
 40
0.6666666666666666
 40
0.6666666766666667
 40
1.0
 40
1.0
 40
1.0
 40
1.0
 10
-1.62278
 20
-3.46781
 30
0.0
 10
-1.62278
 20
-3.46781
 30
0.0
 10
-1.62278
 20
-3.4537
 30
0.0
 10
-1.62278
 20
-3.4537
 30
0.0
 10
-1.62278
 20
-3.4537
 30
0.0
 10
-1.62278
 20
-3.4537
 30
0.0
 10
-1.62984
 20
-3.43959
 30
0.0
 10
-1.62984
 20
-3.43959
 30
0.0
 10
-1.62984
 20
-3.43959
 30
0.0
 10
-1.62984
 20
-3.43959
 30
0.0
 10
-1.64395
 20
-3.429
 30
0.0
 10
-1.64395
 20
-3.429
 30
0.0
 10
-1.64395
 20
-3.429
 30
0.0
 10
-1.64395
 20
-3.429
 30
0.0
 10
-1.65806
 20
-3.42195
 30
0.0
 10
-1.65806
 20
-3.42195
 30
0.0
 10
-1.65806
 20
-3.42195
 30
0.0
 10
-1.65806
 20
-3.42195
 30
0.0
 10
-1.66864
 20
-3.42195
 30
0.0
 10
-1.66864
 20
-3.42195
 30
0.0
  0
SPLINE
  5
1A1
330
1F
100
AcDbEntity
  8
Layer 1
370
    25
100
AcDbSpline
210
0.0
220
0.0
230
1.0
 70
    24
 71
     3
 72
     8
 73
     4
 74
     0
 42
0.000000001
 43
0.0000000001
 40
0.0
 40
0.0
 40
0.0
 40
0.0
 40
1.0
 40
1.0
 40
1.0
 40
1.0
 10
-1.7145
 20
-3.46781
 30
0.0
 10
-1.7145
 20
-3.46781
 30
0.0
 10
-1.71098
 20
-3.46781
 30
0.0
 10
-1.71098
 20
-3.46781
 30
0.0
  0
SPLINE
  5
1A2
330
1F
100
AcDbEntity
  8
Layer 1
370
    25
100
AcDbSpline
210
0.0
220
0.0
230
1.0
 70
     8
 71
     3
 72
    24
 73
    20
 74
     0
 42
0.000000001
 43
0.0000000001
 40
0.0
 40
0.0
 40
0.0
 40
0.0
 40
0.1666666666666667
 40
0.1666666666666667
 40
0.1666666666666667
 40
0.1666666766666667
 40
0.3333333333333333
 40
0.3333333333333333
 40
0.3333333333333333
 40
0.3333333433333333
 40
0.5
 40
0.5
 40
0.5
 40
0.50000001
 40
0.6666666666666666
 40
0.6666666666666666
 40
0.6666666666666666
 40
0.6666666766666667
 40
1.0
 40
1.0
 40
1.0
 40
1.0
 10
-1.66864
 20
-3.42195
 30
0.0
 10
-1.66864
 20
-3.42195
 30
0.0
 10
-1.68275
 20
-3.42548
 30
0.0
 10
-1.68275
 20
-3.42548
 30
0.0
 10
-1.68275
 20
-3.42548
 30
0.0
 10
-1.68275
 20
-3.42548
 30
0.0
 10
-1.69686
 20
-3.43253
 30
0.0
 10
-1.69686
 20
-3.43253
 30
0.0
 10
-1.69686
 20
-3.43253
 30
0.0
 10
-1.69686
 20
-3.43253
 30
0.0
 10
-1.70392
 20
-3.44312
 30
0.0
 10
-1.70392
 20
-3.44312
 30
0.0
 10
-1.70392
 20
-3.44312
 30
0.0
 10
-1.70392
 20
-3.44312
 30
0.0
 10
-1.71098
 20
-3.45723
 30
0.0
 10
-1.71098
 20
-3.45723
 30
0.0
 10
-1.71098
 20
-3.45723
 30
0.0
 10
-1.71098
 20
-3.45723
 30
0.0
 10
-1.71098
 20
-3.46781
 30
0.0
 10
-1.71098
 20
-3.46781
 30
0.0
  0
SPLINE
  5
1A3
330
1F
100
AcDbEntity
  8
Layer 1
370
    25
100
AcDbSpline
210
0.0
220
0.0
230
1.0
 70
    24
 71
     3
 72
     8
 73
     4
 74
     0
 42
0.000000001
 43
0.0000000001
 40
0.0
 40
0.0
 40
0.0
 40
0.0
 40
1.0
 40
1.0
 40
1.0
 40
1.0
 10
-1.71098
 20
-3.46781
 30
0.0
 10
-1.71098
 20
-3.46781
 30
0.0
 10
-1.71098
 20
-3.51367
 30
0.0
 10
-1.71098
 20
-3.51367
 30
0.0
  0
SPLINE
  5
1A4
330
1F
100
AcDbEntity
  8
Layer 1
370
    25
100
AcDbSpline
210
0.0
220
0.0
230
1.0
 70
    24
 71
     3
 72
     8
 73
     4
 74
     0
 42
0.000000001
 43
0.0000000001
 40
0.0
 40
0.0
 40
0.0
 40
0.0
 40
1.0
 40
1.0
 40
1.0
 40
1.0
 10
-1.47109
 20
-3.40431
 30
0.0
 10
-1.47109
 20
-3.40431
 30
0.0
 10
-1.47109
 20
-3.40078
 30
0.0
 10
-1.47109
 20
-3.40078
 30
0.0
  0
SPLINE
  5
1A5
330
1F
100
AcDbEntity
  8
Layer 1
370
    25
100
AcDbSpline
210
0.0
220
0.0
230
1.0
 70
     8
 71
     3
 72
    12
 73
     8
 74
     0
 42
0.000000001
 43
0.0000000001
 40
0.0
 40
0.0
 40
0.0
 40
0.0
 40
0.3333333333333333
 40
0.3333333333333333
 40
0.3333333333333333
 40
0.3333333433333333
 40
1.0
 40
1.0
 40
1.0
 40
1.0
 10
-1.50636
 20
-3.41489
 30
0.0
 10
-1.50636
 20
-3.41489
 30
0.0
 10
-1.50636
 20
-3.41137
 30
0.0
 10
-1.50636
 20
-3.41137
 30
0.0
 10
-1.50636
 20
-3.41137
 30
0.0
 10
-1.50636
 20
-3.41137
 30
0.0
 10
-1.50284
 20
-3.40784
 30
0.0
 10
-1.50284
 20
-3.40784
 30
0.0
  0
SPLINE
  5
1A6
330
1F
100
AcDbEntity
  8
Layer 1
370
    25
100
AcDbSpline
210
0.0
220
0.0
230
1.0
 70
     8
 71
     3
 72
    16
 73
    12
 74
     0
 42
0.000000001
 43
0.0000000001
 40
0.0
 40
0.0
 40
0.0
 40
0.0
 40
0.25
 40
0.25
 40
0.25
 40
0.25000001
 40
0.5
 40
0.5
 40
0.5
 40
0.50000001
 40
1.0
 40
1.0
 40
1.0
 40
1.0
 10
-1.47109
 20
-3.40078
 30
0.0
 10
-1.47109
 20
-3.40078
 30
0.0
 10
-1.48167
 20
-3.40431
 30
0.0
 10
-1.48167
 20
-3.40431
 30
0.0
 10
-1.48167
 20
-3.40431
 30
0.0
 10
-1.48167
 20
-3.40431
 30
0.0
 10
-1.49225
 20
-3.40431
 30
0.0
 10
-1.49225
 20
-3.40431
 30
0.0
 10
-1.49225
 20
-3.40431
 30
0.0
 10
-1.49225
 20
-3.40431
 30
0.0
 10
-1.50284
 20
-3.40784
 30
0.0
 10
-1.50284
 20
-3.40784
 30
0.0
  0
SPLINE
  5
1A7
330
1F
100
AcDbEntity
  8
Layer 1
370
    25
100
AcDbSpline
210
0.0
220
0.0
230
1.0
 70
    24
 71
     3
 72
     8
 73
     4
 74
     0
 42
0.000000001
 43
0.0000000001
 40
0.0
 40
0.0
 40
0.0
 40
0.0
 40
1.0
 40
1.0
 40
1.0
 40
1.0
 10
-1.50636
 20
-3.40431
 30
0.0
 10
-1.50636
 20
-3.40431
 30
0.0
 10
-1.50284
 20
-3.40078
 30
0.0
 10
-1.50284
 20
-3.40078
 30
0.0
  0
SPLINE
  5
1A8
330
1F
100
AcDbEntity
  8
Layer 1
370
    25
100
AcDbSpline
210
0.0
220
0.0
230
1.0
 70
    24
 71
     3
 72
     8
 73
     4
 74
     0
 42
0.000000001
 43
0.0000000001
 40
0.0
 40
0.0
 40
0.0
 40
0.0
 40
1.0
 40
1.0
 40
1.0
 40
1.0
 10
-1.50284
 20
-3.40784
 30
0.0
 10
-1.50284
 20
-3.40784
 30
0.0
 10
-1.50284
 20
-3.40078
 30
0.0
 10
-1.50284
 20
-3.40078
 30
0.0
  0
SPLINE
  5
1A9
330
1F
100
AcDbEntity
  8
Layer 1
370
    25
100
AcDbSpline
210
0.0
220
0.0
230
1.0
 70
    24
 71
     3
 72
     8
 73
     4
 74
     0
 42
0.000000001
 43
0.0000000001
 40
0.0
 40
0.0
 40
0.0
 40
0.0
 40
1.0
 40
1.0
 40
1.0
 40
1.0
 10
-1.50284
 20
-3.40078
 30
0.0
 10
-1.50284
 20
-3.40078
 30
0.0
 10
-1.5487
 20
-3.40078
 30
0.0
 10
-1.5487
 20
-3.40078
 30
0.0
  0
SPLINE
  5
1AA
330
1F
100
AcDbEntity
  8
Layer 1
370
    25
100
AcDbSpline
210
0.0
220
0.0
230
1.0
 70
    24
 71
     3
 72
    12
 73
     8
 74
     0
 42
0.000000001
 43
0.0000000001
 40
0.0
 40
0.0
 40
0.0
 40
0.0
 40
0.3333333333333333
 40
0.3333333333333333
 40
0.3333333333333333
 40
0.3333333433333333
 40
1.0
 40
1.0
 40
1.0
 40
1.0
 10
-2.00025
 20
-3.39373
 30
0.0
 10
-2.00025
 20
-3.39373
 30
0.0
 10
-2.00025
 20
-3.39373
 30
0.0
 10
-2.00025
 20
-3.39373
 30
0.0
 10
-2.00025
 20
-3.39373
 30
0.0
 10
-2.00025
 20
-3.39373
 30
0.0
 10
-1.99673
 20
-3.39725
 30
0.0
 10
-1.99673
 20
-3.39725
 30
0.0
  0
SPLINE
  5
1AB
330
1F
100
AcDbEntity
  8
Layer 1
370
    25
100
AcDbSpline
210
0.0
220
0.0
230
1.0
 70
     8
 71
     3
 72
    20
 73
    16
 74
     0
 42
0.000000001
 43
0.0000000001
 40
0.0
 40
0.0
 40
0.0
 40
0.0
 40
0.2
 40
0.2
 40
0.2
 40
0.20000001
 40
0.4
 40
0.4
 40
0.4
 40
0.40000001
 40
0.6
 40
0.6
 40
0.6
 40
0.60000001
 40
1.0
 40
1.0
 40
1.0
 40
1.0
 10
-2.00025
 20
-3.39373
 30
0.0
 10
-2.00025
 20
-3.39373
 30
0.0
 10
-2.01084
 20
-3.37609
 30
0.0
 10
-2.01084
 20
-3.37609
 30
0.0
 10
-2.01084
 20
-3.37609
 30
0.0
 10
-2.01084
 20
-3.37609
 30
0.0
 10
-2.02848
 20
-3.36198
 30
0.0
 10
-2.02848
 20
-3.36198
 30
0.0
 10
-2.02848
 20
-3.36198
 30
0.0
 10
-2.02848
 20
-3.36198
 30
0.0
 10
-2.04964
 20
-3.35139
 30
0.0
 10
-2.04964
 20
-3.35139
 30
0.0
 10
-2.04964
 20
-3.35139
 30
0.0
 10
-2.04964
 20
-3.35139
 30
0.0
 10
-2.07434
 20
-3.34434
 30
0.0
 10
-2.07434
 20
-3.34434
 30
0.0
  0
SPLINE
  5
1AC
330
1F
100
AcDbEntity
  8
Layer 1
370
    25
100
AcDbSpline
210
0.0
220
0.0
230
1.0
 70
    24
 71
     3
 72
     8
 73
     4
 74
     0
 42
0.000000001
 43
0.0000000001
 40
0.0
 40
0.0
 40
0.0
 40
0.0
 40
1.0
 40
1.0
 40
1.0
 40
1.0
 10
-2.07434
 20
-3.34434
 30
0.0
 10
-2.07434
 20
-3.34434
 30
0.0
 10
-2.07434
 20
-3.34081
 30
0.0
 10
-2.07434
 20
-3.34081
 30
0.0
  0
SPLINE
  5
1AD
330
1F
100
AcDbEntity
  8
Layer 1
370
    25
100
AcDbSpline
210
0.0
220
0.0
230
1.0
 70
     8
 71
     3
 72
    24
 73
    20
 74
     0
 42
0.000000001
 43
0.0000000001
 40
0.0
 40
0.0
 40
0.0
 40
0.0
 40
0.1666666666666667
 40
0.1666666666666667
 40
0.1666666666666667
 40
0.1666666766666667
 40
0.3333333333333333
 40
0.3333333333333333
 40
0.3333333333333333
 40
0.3333333433333333
 40
0.5
 40
0.5
 40
0.5
 40
0.50000001
 40
0.6666666666666666
 40
0.6666666666666666
 40
0.6666666666666666
 40
0.6666666766666667
 40
1.0
 40
1.0
 40
1.0
 40
1.0
 10
-1.99673
 20
-3.39725
 30
0.0
 10
-1.99673
 20
-3.39725
 30
0.0
 10
-2.00731
 20
-3.37609
 30
0.0
 10
-2.00731
 20
-3.37609
 30
0.0
 10
-2.00731
 20
-3.37609
 30
0.0
 10
-2.00731
 20
-3.37609
 30
0.0
 10
-2.02142
 20
-3.35845
 30
0.0
 10
-2.02142
 20
-3.35845
 30
0.0
 10
-2.02142
 20
-3.35845
 30
0.0
 10
-2.02142
 20
-3.35845
 30
0.0
 10
-2.04259
 20
-3.34787
 30
0.0
 10
-2.04259
 20
-3.34787
 30
0.0
 10
-2.04259
 20
-3.34787
 30
0.0
 10
-2.04259
 20
-3.34787
 30
0.0
 10
-2.07081
 20
-3.34081
 30
0.0
 10
-2.07081
 20
-3.34081
 30
0.0
 10
-2.07081
 20
-3.34081
 30
0.0
 10
-2.07081
 20
-3.34081
 30
0.0
 10
-2.07434
 20
-3.34081
 30
0.0
 10
-2.07434
 20
-3.34081
 30
0.0
  0
SPLINE
  5
1AE
330
1F
100
AcDbEntity
  8
Layer 1
370
    25
100
AcDbSpline
210
0.0
220
0.0
230
1.0
 70
    24
 71
     3
 72
     8
 73
     4
 74
     0
 42
0.000000001
 43
0.0000000001
 40
0.0
 40
0.0
 40
0.0
 40
0.0
 40
1.0
 40
1.0
 40
1.0
 40
1.0
 10
-2.07434
 20
-3.34434
 30
0.0
 10
-2.07434
 20
-3.34434
 30
0.0
 10
-2.09903
 20
-3.34434
 30
0.0
 10
-2.09903
 20
-3.34434
 30
0.0
  0
SPLINE
  5
1AF
330
1F
100
AcDbEntity
  8
Layer 1
370
    25
100
AcDbSpline
210
0.0
220
0.0
230
1.0
 70
    24
 71
     3
 72
     8
 73
     4
 74
     0
 42
0.000000001
 43
0.0000000001
 40
0.0
 40
0.0
 40
0.0
 40
0.0
 40
1.0
 40
1.0
 40
1.0
 40
1.0
 10
-2.09903
 20
-3.34434
 30
0.0
 10
-2.09903
 20
-3.34434
 30
0.0
 10
-2.09903
 20
-3.34081
 30
0.0
 10
-2.09903
 20
-3.34081
 30
0.0
  0
SPLINE
  5
1B0
330
1F
100
AcDbEntity
  8
Layer 1
370
    25
100
AcDbSpline
210
0.0
220
0.0
230
1.0
 70
    24
 71
     3
 72
     8
 73
     4
 74
     0
 42
0.000000001
 43
0.0000000001
 40
0.0
 40
0.0
 40
0.0
 40
0.0
 40
1.0
 40
1.0
 40
1.0
 40
1.0
 10
-2.07434
 20
-3.34081
 30
0.0
 10
-2.07434
 20
-3.34081
 30
0.0
 10
-2.09903
 20
-3.34081
 30
0.0
 10
-2.09903
 20
-3.34081
 30
0.0
  0
SPLINE
  5
1B1
330
1F
100
AcDbEntity
  8
Layer 1
370
    25
100
AcDbSpline
210
0.0
220
0.0
230
1.0
 70
     8
 71
     3
 72
    16
 73
    12
 74
     0
 42
0.000000001
 43
0.0000000001
 40
0.0
 40
0.0
 40
0.0
 40
0.0
 40
0.25
 40
0.25
 40
0.25
 40
0.25000001
 40
0.5
 40
0.5
 40
0.5
 40
0.50000001
 40
1.0
 40
1.0
 40
1.0
 40
1.0
 10
-2.09903
 20
-3.34434
 30
0.0
 10
-2.09903
 20
-3.34434
 30
0.0
 10
-2.12373
 20
-3.34787
 30
0.0
 10
-2.12373
 20
-3.34787
 30
0.0
 10
-2.12373
 20
-3.34787
 30
0.0
 10
-2.12373
 20
-3.34787
 30
0.0
 10
-2.14842
 20
-3.36198
 30
0.0
 10
-2.14842
 20
-3.36198
 30
0.0
 10
-2.14842
 20
-3.36198
 30
0.0
 10
-2.14842
 20
-3.36198
 30
0.0
 10
-2.16253
 20
-3.37962
 30
0.0
 10
-2.16253
 20
-3.37962
 30
0.0
  0
SPLINE
  5
1B2
330
1F
100
AcDbEntity
  8
Layer 1
370
    25
100
AcDbSpline
210
0.0
220
0.0
230
1.0
 70
    24
 71
     3
 72
     8
 73
     4
 74
     0
 42
0.000000001
 43
0.0000000001
 40
0.0
 40
0.0
 40
0.0
 40
0.0
 40
1.0
 40
1.0
 40
1.0
 40
1.0
 10
-2.16253
 20
-3.37962
 30
0.0
 10
-2.16253
 20
-3.37962
 30
0.0
 10
-2.16606
 20
-3.37609
 30
0.0
 10
-2.16606
 20
-3.37609
 30
0.0
  0
SPLINE
  5
1B3
330
1F
100
AcDbEntity
  8
Layer 1
370
    25
100
AcDbSpline
210
0.0
220
0.0
230
1.0
 70
     8
 71
     3
 72
    16
 73
    12
 74
     0
 42
0.000000001
 43
0.0000000001
 40
0.0
 40
0.0
 40
0.0
 40
0.0
 40
0.25
 40
0.25
 40
0.25
 40
0.25000001
 40
0.5
 40
0.5
 40
0.5
 40
0.50000001
 40
1.0
 40
1.0
 40
1.0
 40
1.0
 10
-2.09903
 20
-3.34081
 30
0.0
 10
-2.09903
 20
-3.34081
 30
0.0
 10
-2.12373
 20
-3.34434
 30
0.0
 10
-2.12373
 20
-3.34434
 30
0.0
 10
-2.12373
 20
-3.34434
 30
0.0
 10
-2.12373
 20
-3.34434
 30
0.0
 10
-2.14842
 20
-3.35845
 30
0.0
 10
-2.14842
 20
-3.35845
 30
0.0
 10
-2.14842
 20
-3.35845
 30
0.0
 10
-2.14842
 20
-3.35845
 30
0.0
 10
-2.16606
 20
-3.37609
 30
0.0
 10
-2.16606
 20
-3.37609
 30
0.0
  0
SPLINE
  5
1B4
330
1F
100
AcDbEntity
  8
Layer 1
370
    25
100
AcDbSpline
210
0.0
220
0.0
230
1.0
 70
     8
 71
     3
 72
    24
 73
    20
 74
     0
 42
0.000000001
 43
0.0000000001
 40
0.0
 40
0.0
 40
0.0
 40
0.0
 40
0.1666666666666667
 40
0.1666666666666667
 40
0.1666666666666667
 40
0.1666666766666667
 40
0.3333333333333333
 40
0.3333333333333333
 40
0.3333333333333333
 40
0.3333333433333333
 40
0.5
 40
0.5
 40
0.5
 40
0.50000001
 40
0.6666666666666666
 40
0.6666666666666666
 40
0.6666666666666666
 40
0.6666666766666667
 40
1.0
 40
1.0
 40
1.0
 40
1.0
 10
-2.16253
 20
-3.37962
 30
0.0
 10
-2.16253
 20
-3.37962
 30
0.0
 10
-2.17311
 20
-3.40078
 30
0.0
 10
-2.17311
 20
-3.40078
 30
0.0
 10
-2.17311
 20
-3.40078
 30
0.0
 10
-2.17311
 20
-3.40078
 30
0.0
 10
-2.17311
 20
-3.41489
 30
0.0
 10
-2.17311
 20
-3.41489
 30
0.0
 10
-2.17311
 20
-3.41489
 30
0.0
 10
-2.17311
 20
-3.41489
 30
0.0
 10
-2.16959
 20
-3.43253
 30
0.0
 10
-2.16959
 20
-3.43253
 30
0.0
 10
-2.16959
 20
-3.43253
 30
0.0
 10
-2.16959
 20
-3.43253
 30
0.0
 10
-2.15195
 20
-3.45723
 30
0.0
 10
-2.15195
 20
-3.45723
 30
0.0
 10
-2.15195
 20
-3.45723
 30
0.0
 10
-2.15195
 20
-3.45723
 30
0.0
 10
-2.10609
 20
-3.4925
 30
0.0
 10
-2.10609
 20
-3.4925
 30
0.0
  0
SPLINE
  5
1B5
330
1F
100
AcDbEntity
  8
Layer 1
370
    25
100
AcDbSpline
210
0.0
220
0.0
230
1.0
 70
    24
 71
     3
 72
     8
 73
     4
 74
     0
 42
0.000000001
 43
0.0000000001
 40
0.0
 40
0.0
 40
0.0
 40
0.0
 40
1.0
 40
1.0
 40
1.0
 40
1.0
 10
-2.10609
 20
-3.4925
 30
0.0
 10
-2.10609
 20
-3.4925
 30
0.0
 10
-2.10609
 20
-3.49603
 30
0.0
 10
-2.10609
 20
-3.49603
 30
0.0
  0
SPLINE
  5
1B6
330
1F
100
AcDbEntity
  8
Layer 1
370
    25
100
AcDbSpline
210
0.0
220
0.0
230
1.0
 70
     8
 71
     3
 72
    24
 73
    20
 74
     0
 42
0.000000001
 43
0.0000000001
 40
0.0
 40
0.0
 40
0.0
 40
0.0
 40
0.1666666666666667
 40
0.1666666666666667
 40
0.1666666666666667
 40
0.1666666766666667
 40
0.3333333333333333
 40
0.3333333333333333
 40
0.3333333333333333
 40
0.3333333433333333
 40
0.5
 40
0.5
 40
0.5
 40
0.50000001
 40
0.6666666666666666
 40
0.6666666666666666
 40
0.6666666666666666
 40
0.6666666766666667
 40
1.0
 40
1.0
 40
1.0
 40
1.0
 10
-2.16606
 20
-3.37609
 30
0.0
 10
-2.16606
 20
-3.37609
 30
0.0
 10
-2.17664
 20
-3.39725
 30
0.0
 10
-2.17664
 20
-3.39725
 30
0.0
 10
-2.17664
 20
-3.39725
 30
0.0
 10
-2.17664
 20
-3.39725
 30
0.0
 10
-2.17664
 20
-3.41489
 30
0.0
 10
-2.17664
 20
-3.41489
 30
0.0
 10
-2.17664
 20
-3.41489
 30
0.0
 10
-2.17664
 20
-3.41489
 30
0.0
 10
-2.16959
 20
-3.43253
 30
0.0
 10
-2.16959
 20
-3.43253
 30
0.0
 10
-2.16959
 20
-3.43253
 30
0.0
 10
-2.16959
 20
-3.43253
 30
0.0
 10
-2.15548
 20
-3.45723
 30
0.0
 10
-2.15548
 20
-3.45723
 30
0.0
 10
-2.15548
 20
-3.45723
 30
0.0
 10
-2.15548
 20
-3.45723
 30
0.0
 10
-2.10609
 20
-3.49603
 30
0.0
 10
-2.10609
 20
-3.49603
 30
0.0
  0
SPLINE
  5
1B7
330
1F
100
AcDbEntity
  8
Layer 1
370
    25
100
AcDbSpline
210
0.0
220
0.0
230
1.0
 70
     8
 71
     3
 72
    20
 73
    16
 74
     0
 42
0.000000001
 43
0.0000000001
 40
0.0
 40
0.0
 40
0.0
 40
0.0
 40
0.2
 40
0.2
 40
0.2
 40
0.20000001
 40
0.4
 40
0.4
 40
0.4
 40
0.40000001
 40
0.6
 40
0.6
 40
0.6
 40
0.60000001
 40
1.0
 40
1.0
 40
1.0
 40
1.0
 10
-2.10609
 20
-3.4925
 30
0.0
 10
-2.10609
 20
-3.4925
 30
0.0
 10
-2.06728
 20
-3.52425
 30
0.0
 10
-2.06728
 20
-3.52425
 30
0.0
 10
-2.06728
 20
-3.52425
 30
0.0
 10
-2.06728
 20
-3.52425
 30
0.0
 10
-2.04611
 20
-3.54542
 30
0.0
 10
-2.04611
 20
-3.54542
 30
0.0
 10
-2.04611
 20
-3.54542
 30
0.0
 10
-2.04611
 20
-3.54542
 30
0.0
 10
-2.03906
 20
-3.57012
 30
0.0
 10
-2.03906
 20
-3.57012
 30
0.0
 10
-2.03906
 20
-3.57012
 30
0.0
 10
-2.03906
 20
-3.57012
 30
0.0
 10
-2.03553
 20
-3.58423
 30
0.0
 10
-2.03553
 20
-3.58423
 30
0.0
  0
SPLINE
  5
1B8
330
1F
100
AcDbEntity
  8
Layer 1
370
    25
100
AcDbSpline
210
0.0
220
0.0
230
1.0
 70
    24
 71
     3
 72
     8
 73
     4
 74
     0
 42
0.000000001
 43
0.0000000001
 40
0.0
 40
0.0
 40
0.0
 40
0.0
 40
1.0
 40
1.0
 40
1.0
 40
1.0
 10
-2.03553
 20
-3.58423
 30
0.0
 10
-2.03553
 20
-3.58423
 30
0.0
 10
-2.03906
 20
-3.58423
 30
0.0
 10
-2.03906
 20
-3.58423
 30
0.0
  0
SPLINE
  5
1B9
330
1F
100
AcDbEntity
  8
Layer 1
370
    25
100
AcDbSpline
210
0.0
220
0.0
230
1.0
 70
     8
 71
     3
 72
    20
 73
    16
 74
     0
 42
0.000000001
 43
0.0000000001
 40
0.0
 40
0.0
 40
0.0
 40
0.0
 40
0.2
 40
0.2
 40
0.2
 40
0.20000001
 40
0.4
 40
0.4
 40
0.4
 40
0.40000001
 40
0.6
 40
0.6
 40
0.6
 40
0.60000001
 40
1.0
 40
1.0
 40
1.0
 40
1.0
 10
-2.10609
 20
-3.49603
 30
0.0
 10
-2.10609
 20
-3.49603
 30
0.0
 10
-2.06728
 20
-3.52778
 30
0.0
 10
-2.06728
 20
-3.52778
 30
0.0
 10
-2.06728
 20
-3.52778
 30
0.0
 10
-2.06728
 20
-3.52778
 30
0.0
 10
-2.04964
 20
-3.54895
 30
0.0
 10
-2.04964
 20
-3.54895
 30
0.0
 10
-2.04964
 20
-3.54895
 30
0.0
 10
-2.04964
 20
-3.54895
 30
0.0
 10
-2.04259
 20
-3.57364
 30
0.0
 10
-2.04259
 20
-3.57364
 30
0.0
 10
-2.04259
 20
-3.57364
 30
0.0
 10
-2.04259
 20
-3.57364
 30
0.0
 10
-2.03906
 20
-3.58423
 30
0.0
 10
-2.03906
 20
-3.58423
 30
0.0
  0
SPLINE
  5
1BA
330
1F
100
AcDbEntity
  8
Layer 1
370
    25
100
AcDbSpline
210
0.0
220
0.0
230
1.0
 70
     8
 71
     3
 72
    24
 73
    20
 74
     0
 42
0.000000001
 43
0.0000000001
 40
0.0
 40
0.0
 40
0.0
 40
0.0
 40
0.1666666666666667
 40
0.1666666666666667
 40
0.1666666666666667
 40
0.1666666766666667
 40
0.3333333333333333
 40
0.3333333333333333
 40
0.3333333333333333
 40
0.3333333433333333
 40
0.5
 40
0.5
 40
0.5
 40
0.50000001
 40
0.6666666666666666
 40
0.6666666666666666
 40
0.6666666666666666
 40
0.6666666766666667
 40
1.0
 40
1.0
 40
1.0
 40
1.0
 10
-2.03553
 20
-3.58423
 30
0.0
 10
-2.03553
 20
-3.58423
 30
0.0
 10
-2.03906
 20
-3.59834
 30
0.0
 10
-2.03906
 20
-3.59834
 30
0.0
 10
-2.03906
 20
-3.59834
 30
0.0
 10
-2.03906
 20
-3.59834
 30
0.0
 10
-2.04964
 20
-3.61245
 30
0.0
 10
-2.04964
 20
-3.61245
 30
0.0
 10
-2.04964
 20
-3.61245
 30
0.0
 10
-2.04964
 20
-3.61245
 30
0.0
 10
-2.06023
 20
-3.62303
 30
0.0
 10
-2.06023
 20
-3.62303
 30
0.0
 10
-2.06023
 20
-3.62303
 30
0.0
 10
-2.06023
 20
-3.62303
 30
0.0
 10
-2.07786
 20
-3.63009
 30
0.0
 10
-2.07786
 20
-3.63009
 30
0.0
 10
-2.07786
 20
-3.63009
 30
0.0
 10
-2.07786
 20
-3.63009
 30
0.0
 10
-2.08492
 20
-3.63009
 30
0.0
 10
-2.08492
 20
-3.63009
 30
0.0
  0
SPLINE
  5
1BB
330
1F
100
AcDbEntity
  8
Layer 1
370
    25
100
AcDbSpline
210
0.0
220
0.0
230
1.0
 70
    24
 71
     3
 72
     8
 73
     4
 74
     0
 42
0.000000001
 43
0.0000000001
 40
0.0
 40
0.0
 40
0.0
 40
0.0
 40
1.0
 40
1.0
 40
1.0
 40
1.0
 10
-2.08492
 20
-3.63009
 30
0.0
 10
-2.08492
 20
-3.63009
 30
0.0
 10
-2.08492
 20
-3.62656
 30
0.0
 10
-2.08492
 20
-3.62656
 30
0.0
  0
SPLINE
  5
1BC
330
1F
100
AcDbEntity
  8
Layer 1
370
    25
100
AcDbSpline
210
0.0
220
0.0
230
1.0
 70
     8
 71
     3
 72
    24
 73
    20
 74
     0
 42
0.000000001
 43
0.0000000001
 40
0.0
 40
0.0
 40
0.0
 40
0.0
 40
0.1666666666666667
 40
0.1666666666666667
 40
0.1666666666666667
 40
0.1666666766666667
 40
0.3333333333333333
 40
0.3333333333333333
 40
0.3333333333333333
 40
0.3333333433333333
 40
0.5
 40
0.5
 40
0.5
 40
0.50000001
 40
0.6666666666666666
 40
0.6666666666666666
 40
0.6666666666666666
 40
0.6666666766666667
 40
1.0
 40
1.0
 40
1.0
 40
1.0
 10
-2.03906
 20
-3.58423
 30
0.0
 10
-2.03906
 20
-3.58423
 30
0.0
 10
-2.04259
 20
-3.59834
 30
0.0
 10
-2.04259
 20
-3.59834
 30
0.0
 10
-2.04259
 20
-3.59834
 30
0.0
 10
-2.04259
 20
-3.59834
 30
0.0
 10
-2.04964
 20
-3.61245
 30
0.0
 10
-2.04964
 20
-3.61245
 30
0.0
 10
-2.04964
 20
-3.61245
 30
0.0
 10
-2.04964
 20
-3.61245
 30
0.0
 10
-2.06375
 20
-3.6195
 30
0.0
 10
-2.06375
 20
-3.6195
 30
0.0
 10
-2.06375
 20
-3.6195
 30
0.0
 10
-2.06375
 20
-3.6195
 30
0.0
 10
-2.07786
 20
-3.62656
 30
0.0
 10
-2.07786
 20
-3.62656
 30
0.0
 10
-2.07786
 20
-3.62656
 30
0.0
 10
-2.07786
 20
-3.62656
 30
0.0
 10
-2.08492
 20
-3.62656
 30
0.0
 10
-2.08492
 20
-3.62656
 30
0.0
  0
SPLINE
  5
1BD
330
1F
100
AcDbEntity
  8
Layer 1
370
    25
100
AcDbSpline
210
0.0
220
0.0
230
1.0
 70
     8
 71
     3
 72
    24
 73
    20
 74
     0
 42
0.000000001
 43
0.0000000001
 40
0.0
 40
0.0
 40
0.0
 40
0.0
 40
0.1666666666666667
 40
0.1666666666666667
 40
0.1666666666666667
 40
0.1666666766666667
 40
0.3333333333333333
 40
0.3333333333333333
 40
0.3333333333333333
 40
0.3333333433333333
 40
0.5
 40
0.5
 40
0.5
 40
0.50000001
 40
0.6666666666666666
 40
0.6666666666666666
 40
0.6666666666666666
 40
0.6666666766666667
 40
1.0
 40
1.0
 40
1.0
 40
1.0
 10
-2.08492
 20
-3.63009
 30
0.0
 10
-2.08492
 20
-3.63009
 30
0.0
 10
-2.10256
 20
-3.62656
 30
0.0
 10
-2.10256
 20
-3.62656
 30
0.0
 10
-2.10256
 20
-3.62656
 30
0.0
 10
-2.10256
 20
-3.62656
 30
0.0
 10
-2.1202
 20
-3.6195
 30
0.0
 10
-2.1202
 20
-3.6195
 30
0.0
 10
-2.1202
 20
-3.6195
 30
0.0
 10
-2.1202
 20
-3.6195
 30
0.0
 10
-2.12725
 20
-3.60892
 30
0.0
 10
-2.12725
 20
-3.60892
 30
0.0
 10
-2.12725
 20
-3.60892
 30
0.0
 10
-2.12725
 20
-3.60892
 30
0.0
 10
-2.13431
 20
-3.59481
 30
0.0
 10
-2.13431
 20
-3.59481
 30
0.0
 10
-2.13431
 20
-3.59481
 30
0.0
 10
-2.13431
 20
-3.59481
 30
0.0
 10
-2.13431
 20
-3.58775
 30
0.0
 10
-2.13431
 20
-3.58775
 30
0.0
  0
SPLINE
  5
1BE
330
1F
100
AcDbEntity
  8
Layer 1
370
    25
100
AcDbSpline
210
0.0
220
0.0
230
1.0
 70
    24
 71
     3
 72
     8
 73
     4
 74
     0
 42
0.000000001
 43
0.0000000001
 40
0.0
 40
0.0
 40
0.0
 40
0.0
 40
1.0
 40
1.0
 40
1.0
 40
1.0
 10
-2.13431
 20
-3.58775
 30
0.0
 10
-2.13431
 20
-3.58775
 30
0.0
 10
-2.13078
 20
-3.58775
 30
0.0
 10
-2.13078
 20
-3.58775
 30
0.0
  0
SPLINE
  5
1BF
330
1F
100
AcDbEntity
  8
Layer 1
370
    25
100
AcDbSpline
210
0.0
220
0.0
230
1.0
 70
     8
 71
     3
 72
    24
 73
    20
 74
     0
 42
0.000000001
 43
0.0000000001
 40
0.0
 40
0.0
 40
0.0
 40
0.0
 40
0.1666666666666667
 40
0.1666666666666667
 40
0.1666666666666667
 40
0.1666666766666667
 40
0.3333333333333333
 40
0.3333333333333333
 40
0.3333333333333333
 40
0.3333333433333333
 40
0.5
 40
0.5
 40
0.5
 40
0.50000001
 40
0.6666666666666666
 40
0.6666666666666666
 40
0.6666666666666666
 40
0.6666666766666667
 40
1.0
 40
1.0
 40
1.0
 40
1.0
 10
-2.08492
 20
-3.62656
 30
0.0
 10
-2.08492
 20
-3.62656
 30
0.0
 10
-2.10256
 20
-3.62303
 30
0.0
 10
-2.10256
 20
-3.62303
 30
0.0
 10
-2.10256
 20
-3.62303
 30
0.0
 10
-2.10256
 20
-3.62303
 30
0.0
 10
-2.11667
 20
-3.61598
 30
0.0
 10
-2.11667
 20
-3.61598
 30
0.0
 10
-2.11667
 20
-3.61598
 30
0.0
 10
-2.11667
 20
-3.61598
 30
0.0
 10
-2.12725
 20
-3.60539
 30
0.0
 10
-2.12725
 20
-3.60539
 30
0.0
 10
-2.12725
 20
-3.60539
 30
0.0
 10
-2.12725
 20
-3.60539
 30
0.0
 10
-2.13078
 20
-3.59481
 30
0.0
 10
-2.13078
 20
-3.59481
 30
0.0
 10
-2.13078
 20
-3.59481
 30
0.0
 10
-2.13078
 20
-3.59481
 30
0.0
 10
-2.13078
 20
-3.58775
 30
0.0
 10
-2.13078
 20
-3.58775
 30
0.0
  0
SPLINE
  5
1C0
330
1F
100
AcDbEntity
  8
Layer 1
370
    25
100
AcDbSpline
210
0.0
220
0.0
230
1.0
 70
    24
 71
     3
 72
     8
 73
     4
 74
     0
 42
0.000000001
 43
0.0000000001
 40
0.0
 40
0.0
 40
0.0
 40
0.0
 40
1.0
 40
1.0
 40
1.0
 40
1.0
 10
-2.13431
 20
-3.58775
 30
0.0
 10
-2.13431
 20
-3.58775
 30
0.0
 10
-2.13431
 20
-3.556
 30
0.0
 10
-2.13431
 20
-3.556
 30
0.0
  0
SPLINE
  5
1C1
330
1F
100
AcDbEntity
  8
Layer 1
370
    25
100
AcDbSpline
210
0.0
220
0.0
230
1.0
 70
    24
 71
     3
 72
     8
 73
     4
 74
     0
 42
0.000000001
 43
0.0000000001
 40
0.0
 40
0.0
 40
0.0
 40
0.0
 40
1.0
 40
1.0
 40
1.0
 40
1.0
 10
-2.13431
 20
-3.556
 30
0.0
 10
-2.13431
 20
-3.556
 30
0.0
 10
-2.13078
 20
-3.55248
 30
0.0
 10
-2.13078
 20
-3.55248
 30
0.0
  0
SPLINE
  5
1C2
330
1F
100
AcDbEntity
  8
Layer 1
370
    25
100
AcDbSpline
210
0.0
220
0.0
230
1.0
 70
    24
 71
     3
 72
     8
 73
     4
 74
     0
 42
0.000000001
 43
0.0000000001
 40
0.0
 40
0.0
 40
0.0
 40
0.0
 40
1.0
 40
1.0
 40
1.0
 40
1.0
 10
-2.13078
 20
-3.58775
 30
0.0
 10
-2.13078
 20
-3.58775
 30
0.0
 10
-2.13078
 20
-3.55248
 30
0.0
 10
-2.13078
 20
-3.55248
 30
0.0
  0
SPLINE
  5
1C3
330
1F
100
AcDbEntity
  8
Layer 1
370
    25
100
AcDbSpline
210
0.0
220
0.0
230
1.0
 70
    24
 71
     3
 72
     8
 73
     4
 74
     0
 42
0.000000001
 43
0.0000000001
 40
0.0
 40
0.0
 40
0.0
 40
0.0
 40
1.0
 40
1.0
 40
1.0
 40
1.0
 10
-2.13431
 20
-3.556
 30
0.0
 10
-2.13431
 20
-3.556
 30
0.0
 10
-2.17311
 20
-3.56659
 30
0.0
 10
-2.17311
 20
-3.56659
 30
0.0
  0
SPLINE
  5
1C4
330
1F
100
AcDbEntity
  8
Layer 1
370
    25
100
AcDbSpline
210
0.0
220
0.0
230
1.0
 70
    24
 71
     3
 72
     8
 73
     4
 74
     0
 42
0.000000001
 43
0.0000000001
 40
0.0
 40
0.0
 40
0.0
 40
0.0
 40
1.0
 40
1.0
 40
1.0
 40
1.0
 10
-2.17311
 20
-3.56659
 30
0.0
 10
-2.17311
 20
-3.56659
 30
0.0
 10
-2.17664
 20
-3.56306
 30
0.0
 10
-2.17664
 20
-3.56306
 30
0.0
  0
SPLINE
  5
1C5
330
1F
100
AcDbEntity
  8
Layer 1
370
    25
100
AcDbSpline
210
0.0
220
0.0
230
1.0
 70
    24
 71
     3
 72
     8
 73
     4
 74
     0
 42
0.000000001
 43
0.0000000001
 40
0.0
 40
0.0
 40
0.0
 40
0.0
 40
1.0
 40
1.0
 40
1.0
 40
1.0
 10
-2.13078
 20
-3.55248
 30
0.0
 10
-2.13078
 20
-3.55248
 30
0.0
 10
-2.17664
 20
-3.56306
 30
0.0
 10
-2.17664
 20
-3.56306
 30
0.0
  0
SPLINE
  5
1C6
330
1F
100
AcDbEntity
  8
Layer 1
370
    25
100
AcDbSpline
210
0.0
220
0.0
230
1.0
 70
    24
 71
     3
 72
     8
 73
     4
 74
     0
 42
0.000000001
 43
0.0000000001
 40
0.0
 40
0.0
 40
0.0
 40
0.0
 40
1.0
 40
1.0
 40
1.0
 40
1.0
 10
-2.17311
 20
-3.56659
 30
0.0
 10
-2.17311
 20
-3.56659
 30
0.0
 10
-2.17311
 20
-3.58423
 30
0.0
 10
-2.17311
 20
-3.58423
 30
0.0
  0
SPLINE
  5
1C7
330
1F
100
AcDbEntity
  8
Layer 1
370
    25
100
AcDbSpline
210
0.0
220
0.0
230
1.0
 70
    24
 71
     3
 72
     8
 73
     4
 74
     0
 42
0.000000001
 43
0.0000000001
 40
0.0
 40
0.0
 40
0.0
 40
0.0
 40
1.0
 40
1.0
 40
1.0
 40
1.0
 10
-2.17311
 20
-3.58423
 30
0.0
 10
-2.17311
 20
-3.58423
 30
0.0
 10
-2.17664
 20
-3.58423
 30
0.0
 10
-2.17664
 20
-3.58423
 30
0.0
  0
SPLINE
  5
1C8
330
1F
100
AcDbEntity
  8
Layer 1
370
    25
100
AcDbSpline
210
0.0
220
0.0
230
1.0
 70
    24
 71
     3
 72
     8
 73
     4
 74
     0
 42
0.000000001
 43
0.0000000001
 40
0.0
 40
0.0
 40
0.0
 40
0.0
 40
1.0
 40
1.0
 40
1.0
 40
1.0
 10
-2.17664
 20
-3.56306
 30
0.0
 10
-2.17664
 20
-3.56306
 30
0.0
 10
-2.17664
 20
-3.58423
 30
0.0
 10
-2.17664
 20
-3.58423
 30
0.0
  0
SPLINE
  5
1C9
330
1F
100
AcDbEntity
  8
Layer 1
370
    25
100
AcDbSpline
210
0.0
220
0.0
230
1.0
 70
     8
 71
     3
 72
    24
 73
    20
 74
     0
 42
0.000000001
 43
0.0000000001
 40
0.0
 40
0.0
 40
0.0
 40
0.0
 40
0.1666666666666667
 40
0.1666666666666667
 40
0.1666666666666667
 40
0.1666666766666667
 40
0.3333333333333333
 40
0.3333333333333333
 40
0.3333333333333333
 40
0.3333333433333333
 40
0.5
 40
0.5
 40
0.5
 40
0.50000001
 40
0.6666666666666666
 40
0.6666666666666666
 40
0.6666666666666666
 40
0.6666666766666667
 40
1.0
 40
1.0
 40
1.0
 40
1.0
 10
-2.17311
 20
-3.58423
 30
0.0
 10
-2.17311
 20
-3.58423
 30
0.0
 10
-2.16959
 20
-3.60187
 30
0.0
 10
-2.16959
 20
-3.60187
 30
0.0
 10
-2.16959
 20
-3.60187
 30
0.0
 10
-2.16959
 20
-3.60187
 30
0.0
 10
-2.16253
 20
-3.61245
 30
0.0
 10
-2.16253
 20
-3.61245
 30
0.0
 10
-2.16253
 20
-3.61245
 30
0.0
 10
-2.16253
 20
-3.61245
 30
0.0
 10
-2.14842
 20
-3.63009
 30
0.0
 10
-2.14842
 20
-3.63009
 30
0.0
 10
-2.14842
 20
-3.63009
 30
0.0
 10
-2.14842
 20
-3.63009
 30
0.0
 10
-2.1202
 20
-3.64067
 30
0.0
 10
-2.1202
 20
-3.64067
 30
0.0
 10
-2.1202
 20
-3.64067
 30
0.0
 10
-2.1202
 20
-3.64067
 30
0.0
 10
-2.09903
 20
-3.6442
 30
0.0
 10
-2.09903
 20
-3.6442
 30
0.0
  0
SPLINE
  5
1CA
330
1F
100
AcDbEntity
  8
Layer 1
370
    25
100
AcDbSpline
210
0.0
220
0.0
230
1.0
 70
    24
 71
     3
 72
     8
 73
     4
 74
     0
 42
0.000000001
 43
0.0000000001
 40
0.0
 40
0.0
 40
0.0
 40
0.0
 40
1.0
 40
1.0
 40
1.0
 40
1.0
 10
-2.09903
 20
-3.6442
 30
0.0
 10
-2.09903
 20
-3.6442
 30
0.0
 10
-2.09903
 20
-3.64773
 30
0.0
 10
-2.09903
 20
-3.64773
 30
0.0
  0
SPLINE
  5
1CB
330
1F
100
AcDbEntity
  8
Layer 1
370
    25
100
AcDbSpline
210
0.0
220
0.0
230
1.0
 70
     8
 71
     3
 72
    24
 73
    20
 74
     0
 42
0.000000001
 43
0.0000000001
 40
0.0
 40
0.0
 40
0.0
 40
0.0
 40
0.1666666666666667
 40
0.1666666666666667
 40
0.1666666666666667
 40
0.1666666766666667
 40
0.3333333333333333
 40
0.3333333333333333
 40
0.3333333333333333
 40
0.3333333433333333
 40
0.5
 40
0.5
 40
0.5
 40
0.50000001
 40
0.6666666666666666
 40
0.6666666666666666
 40
0.6666666666666666
 40
0.6666666766666667
 40
1.0
 40
1.0
 40
1.0
 40
1.0
 10
-2.17664
 20
-3.58423
 30
0.0
 10
-2.17664
 20
-3.58423
 30
0.0
 10
-2.17311
 20
-3.60187
 30
0.0
 10
-2.17311
 20
-3.60187
 30
0.0
 10
-2.17311
 20
-3.60187
 30
0.0
 10
-2.17311
 20
-3.60187
 30
0.0
 10
-2.16606
 20
-3.61598
 30
0.0
 10
-2.16606
 20
-3.61598
 30
0.0
 10
-2.16606
 20
-3.61598
 30
0.0
 10
-2.16606
 20
-3.61598
 30
0.0
 10
-2.14842
 20
-3.63009
 30
0.0
 10
-2.14842
 20
-3.63009
 30
0.0
 10
-2.14842
 20
-3.63009
 30
0.0
 10
-2.14842
 20
-3.63009
 30
0.0
 10
-2.1202
 20
-3.6442
 30
0.0
 10
-2.1202
 20
-3.6442
 30
0.0
 10
-2.1202
 20
-3.6442
 30
0.0
 10
-2.1202
 20
-3.6442
 30
0.0
 10
-2.09903
 20
-3.64773
 30
0.0
 10
-2.09903
 20
-3.64773
 30
0.0
  0
SPLINE
  5
1CC
330
1F
100
AcDbEntity
  8
Layer 1
370
    25
100
AcDbSpline
210
0.0
220
0.0
230
1.0
 70
    24
 71
     3
 72
     8
 73
     4
 74
     0
 42
0.000000001
 43
0.0000000001
 40
0.0
 40
0.0
 40
0.0
 40
0.0
 40
1.0
 40
1.0
 40
1.0
 40
1.0
 10
-2.09903
 20
-3.6442
 30
0.0
 10
-2.09903
 20
-3.6442
 30
0.0
 10
-2.07434
 20
-3.6442
 30
0.0
 10
-2.07434
 20
-3.6442
 30
0.0
  0
SPLINE
  5
1CD
330
1F
100
AcDbEntity
  8
Layer 1
370
    25
100
AcDbSpline
210
0.0
220
0.0
230
1.0
 70
    24
 71
     3
 72
     8
 73
     4
 74
     0
 42
0.000000001
 43
0.0000000001
 40
0.0
 40
0.0
 40
0.0
 40
0.0
 40
1.0
 40
1.0
 40
1.0
 40
1.0
 10
-2.07434
 20
-3.6442
 30
0.0
 10
-2.07434
 20
-3.6442
 30
0.0
 10
-2.07434
 20
-3.64773
 30
0.0
 10
-2.07434
 20
-3.64773
 30
0.0
  0
SPLINE
  5
1CE
330
1F
100
AcDbEntity
  8
Layer 1
370
    25
100
AcDbSpline
210
0.0
220
0.0
230
1.0
 70
    24
 71
     3
 72
     8
 73
     4
 74
     0
 42
0.000000001
 43
0.0000000001
 40
0.0
 40
0.0
 40
0.0
 40
0.0
 40
1.0
 40
1.0
 40
1.0
 40
1.0
 10
-2.09903
 20
-3.64773
 30
0.0
 10
-2.09903
 20
-3.64773
 30
0.0
 10
-2.07434
 20
-3.64773
 30
0.0
 10
-2.07434
 20
-3.64773
 30
0.0
  0
SPLINE
  5
1CF
330
1F
100
AcDbEntity
  8
Layer 1
370
    25
100
AcDbSpline
210
0.0
220
0.0
230
1.0
 70
     8
 71
     3
 72
    16
 73
    12
 74
     0
 42
0.000000001
 43
0.0000000001
 40
0.0
 40
0.0
 40
0.0
 40
0.0
 40
0.25
 40
0.25
 40
0.25
 40
0.25000001
 40
0.5
 40
0.5
 40
0.5
 40
0.50000001
 40
1.0
 40
1.0
 40
1.0
 40
1.0
 10
-2.07434
 20
-3.6442
 30
0.0
 10
-2.07434
 20
-3.6442
 30
0.0
 10
-2.04964
 20
-3.64067
 30
0.0
 10
-2.04964
 20
-3.64067
 30
0.0
 10
-2.04964
 20
-3.64067
 30
0.0
 10
-2.04964
 20
-3.64067
 30
0.0
 10
-2.02495
 20
-3.62656
 30
0.0
 10
-2.02495
 20
-3.62656
 30
0.0
 10
-2.02495
 20
-3.62656
 30
0.0
 10
-2.02495
 20
-3.62656
 30
0.0
 10
-2.00731
 20
-3.60892
 30
0.0
 10
-2.00731
 20
-3.60892
 30
0.0
  0
SPLINE
  5
1D0
330
1F
100
AcDbEntity
  8
Layer 1
370
    25
100
AcDbSpline
210
0.0
220
0.0
230
1.0
 70
    24
 71
     3
 72
     8
 73
     4
 74
     0
 42
0.000000001
 43
0.0000000001
 40
0.0
 40
0.0
 40
0.0
 40
0.0
 40
1.0
 40
1.0
 40
1.0
 40
1.0
 10
-2.00731
 20
-3.60892
 30
0.0
 10
-2.00731
 20
-3.60892
 30
0.0
 10
-2.00378
 20
-3.61245
 30
0.0
 10
-2.00378
 20
-3.61245
 30
0.0
  0
SPLINE
  5
1D1
330
1F
100
AcDbEntity
  8
Layer 1
370
    25
100
AcDbSpline
210
0.0
220
0.0
230
1.0
 70
     8
 71
     3
 72
    16
 73
    12
 74
     0
 42
0.000000001
 43
0.0000000001
 40
0.0
 40
0.0
 40
0.0
 40
0.0
 40
0.25
 40
0.25
 40
0.25
 40
0.25000001
 40
0.5
 40
0.5
 40
0.5
 40
0.50000001
 40
1.0
 40
1.0
 40
1.0
 40
1.0
 10
-2.07434
 20
-3.64773
 30
0.0
 10
-2.07434
 20
-3.64773
 30
0.0
 10
-2.04964
 20
-3.6442
 30
0.0
 10
-2.04964
 20
-3.6442
 30
0.0
 10
-2.04964
 20
-3.6442
 30
0.0
 10
-2.04964
 20
-3.6442
 30
0.0
 10
-2.02142
 20
-3.63009
 30
0.0
 10
-2.02142
 20
-3.63009
 30
0.0
 10
-2.02142
 20
-3.63009
 30
0.0
 10
-2.02142
 20
-3.63009
 30
0.0
 10
-2.00378
 20
-3.61245
 30
0.0
 10
-2.00378
 20
-3.61245
 30
0.0
  0
SPLINE
  5
1D2
330
1F
100
AcDbEntity
  8
Layer 1
370
    25
100
AcDbSpline
210
0.0
220
0.0
230
1.0
 70
     8
 71
     3
 72
    24
 73
    20
 74
     0
 42
0.000000001
 43
0.0000000001
 40
0.0
 40
0.0
 40
0.0
 40
0.0
 40
0.1666666666666667
 40
0.1666666666666667
 40
0.1666666666666667
 40
0.1666666766666667
 40
0.3333333333333333
 40
0.3333333333333333
 40
0.3333333333333333
 40
0.3333333433333333
 40
0.5
 40
0.5
 40
0.5
 40
0.50000001
 40
0.6666666666666666
 40
0.6666666666666666
 40
0.6666666666666666
 40
0.6666666766666667
 40
1.0
 40
1.0
 40
1.0
 40
1.0
 10
-2.00731
 20
-3.60892
 30
0.0
 10
-2.00731
 20
-3.60892
 30
0.0
 10
-2.00025
 20
-3.58775
 30
0.0
 10
-2.00025
 20
-3.58775
 30
0.0
 10
-2.00025
 20
-3.58775
 30
0.0
 10
-2.00025
 20
-3.58775
 30
0.0
 10
-2.00025
 20
-3.57012
 30
0.0
 10
-2.00025
 20
-3.57012
 30
0.0
 10
-2.00025
 20
-3.57012
 30
0.0
 10
-2.00025
 20
-3.57012
 30
0.0
 10
-2.00378
 20
-3.556
 30
0.0
 10
-2.00378
 20
-3.556
 30
0.0
 10
-2.00378
 20
-3.556
 30
0.0
 10
-2.00378
 20
-3.556
 30
0.0
 10
-2.02142
 20
-3.53484
 30
0.0
 10
-2.02142
 20
-3.53484
 30
0.0
 10
-2.02142
 20
-3.53484
 30
0.0
 10
-2.02142
 20
-3.53484
 30
0.0
 10
-2.06728
 20
-3.49603
 30
0.0
 10
-2.06728
 20
-3.49603
 30
0.0
  0
SPLINE
  5
1D3
330
1F
100
AcDbEntity
  8
Layer 1
370
    25
100
AcDbSpline
210
0.0
220
0.0
230
1.0
 70
    24
 71
     3
 72
     8
 73
     4
 74
     0
 42
0.000000001
 43
0.0000000001
 40
0.0
 40
0.0
 40
0.0
 40
0.0
 40
1.0
 40
1.0
 40
1.0
 40
1.0
 10
-2.06728
 20
-3.49603
 30
0.0
 10
-2.06728
 20
-3.49603
 30
0.0
 10
-2.06728
 20
-3.4925
 30
0.0
 10
-2.06728
 20
-3.4925
 30
0.0
  0
SPLINE
  5
1D4
330
1F
100
AcDbEntity
  8
Layer 1
370
    25
100
AcDbSpline
210
0.0
220
0.0
230
1.0
 70
     8
 71
     3
 72
    24
 73
    20
 74
     0
 42
0.000000001
 43
0.0000000001
 40
0.0
 40
0.0
 40
0.0
 40
0.0
 40
0.1666666666666667
 40
0.1666666666666667
 40
0.1666666666666667
 40
0.1666666766666667
 40
0.3333333333333333
 40
0.3333333333333333
 40
0.3333333333333333
 40
0.3333333433333333
 40
0.5
 40
0.5
 40
0.5
 40
0.50000001
 40
0.6666666666666666
 40
0.6666666666666666
 40
0.6666666666666666
 40
0.6666666766666667
 40
1.0
 40
1.0
 40
1.0
 40
1.0
 10
-2.00378
 20
-3.61245
 30
0.0
 10
-2.00378
 20
-3.61245
 30
0.0
 10
-1.99673
 20
-3.59128
 30
0.0
 10
-1.99673
 20
-3.59128
 30
0.0
 10
-1.99673
 20
-3.59128
 30
0.0
 10
-1.99673
 20
-3.59128
 30
0.0
 10
-1.99673
 20
-3.57364
 30
0.0
 10
-1.99673
 20
-3.57364
 30
0.0
 10
-1.99673
 20
-3.57364
 30
0.0
 10
-1.99673
 20
-3.57364
 30
0.0
 10
-2.00025
 20
-3.556
 30
0.0
 10
-2.00025
 20
-3.556
 30
0.0
 10
-2.00025
 20
-3.556
 30
0.0
 10
-2.00025
 20
-3.556
 30
0.0
 10
-2.01436
 20
-3.53131
 30
0.0
 10
-2.01436
 20
-3.53131
 30
0.0
 10
-2.01436
 20
-3.53131
 30
0.0
 10
-2.01436
 20
-3.53131
 30
0.0
 10
-2.06728
 20
-3.4925
 30
0.0
 10
-2.06728
 20
-3.4925
 30
0.0
  0
SPLINE
  5
1D5
330
1F
100
AcDbEntity
  8
Layer 1
370
    25
100
AcDbSpline
210
0.0
220
0.0
230
1.0
 70
     8
 71
     3
 72
    20
 73
    16
 74
     0
 42
0.000000001
 43
0.0000000001
 40
0.0
 40
0.0
 40
0.0
 40
0.0
 40
0.2
 40
0.2
 40
0.2
 40
0.20000001
 40
0.4
 40
0.4
 40
0.4
 40
0.40000001
 40
0.6
 40
0.6
 40
0.6
 40
0.60000001
 40
1.0
 40
1.0
 40
1.0
 40
1.0
 10
-2.06728
 20
-3.49603
 30
0.0
 10
-2.06728
 20
-3.49603
 30
0.0
 10
-2.10609
 20
-3.46781
 30
0.0
 10
-2.10609
 20
-3.46781
 30
0.0
 10
-2.10609
 20
-3.46781
 30
0.0
 10
-2.10609
 20
-3.46781
 30
0.0
 10
-2.12725
 20
-3.44664
 30
0.0
 10
-2.12725
 20
-3.44664
 30
0.0
 10
-2.12725
 20
-3.44664
 30
0.0
 10
-2.12725
 20
-3.44664
 30
0.0
 10
-2.13431
 20
-3.42195
 30
0.0
 10
-2.13431
 20
-3.42195
 30
0.0
 10
-2.13431
 20
-3.42195
 30
0.0
 10
-2.13431
 20
-3.42195
 30
0.0
 10
-2.13431
 20
-3.40784
 30
0.0
 10
-2.13431
 20
-3.40784
 30
0.0
  0
SPLINE
  5
1D6
330
1F
100
AcDbEntity
  8
Layer 1
370
    25
100
AcDbSpline
210
0.0
220
0.0
230
1.0
 70
    24
 71
     3
 72
     8
 73
     4
 74
     0
 42
0.000000001
 43
0.0000000001
 40
0.0
 40
0.0
 40
0.0
 40
0.0
 40
1.0
 40
1.0
 40
1.0
 40
1.0
 10
-2.13431
 20
-3.40784
 30
0.0
 10
-2.13431
 20
-3.40784
 30
0.0
 10
-2.13078
 20
-3.40784
 30
0.0
 10
-2.13078
 20
-3.40784
 30
0.0
  0
SPLINE
  5
1D7
330
1F
100
AcDbEntity
  8
Layer 1
370
    25
100
AcDbSpline
210
0.0
220
0.0
230
1.0
 70
     8
 71
     3
 72
    20
 73
    16
 74
     0
 42
0.000000001
 43
0.0000000001
 40
0.0
 40
0.0
 40
0.0
 40
0.0
 40
0.2
 40
0.2
 40
0.2
 40
0.20000001
 40
0.4
 40
0.4
 40
0.4
 40
0.40000001
 40
0.6
 40
0.6
 40
0.6
 40
0.60000001
 40
1.0
 40
1.0
 40
1.0
 40
1.0
 10
-2.06728
 20
-3.4925
 30
0.0
 10
-2.06728
 20
-3.4925
 30
0.0
 10
-2.10609
 20
-3.46428
 30
0.0
 10
-2.10609
 20
-3.46428
 30
0.0
 10
-2.10609
 20
-3.46428
 30
0.0
 10
-2.10609
 20
-3.46428
 30
0.0
 10
-2.12373
 20
-3.44312
 30
0.0
 10
-2.12373
 20
-3.44312
 30
0.0
 10
-2.12373
 20
-3.44312
 30
0.0
 10
-2.12373
 20
-3.44312
 30
0.0
 10
-2.13078
 20
-3.42195
 30
0.0
 10
-2.13078
 20
-3.42195
 30
0.0
 10
-2.13078
 20
-3.42195
 30
0.0
 10
-2.13078
 20
-3.42195
 30
0.0
 10
-2.13078
 20
-3.40784
 30
0.0
 10
-2.13078
 20
-3.40784
 30
0.0
  0
SPLINE
  5
1D8
330
1F
100
AcDbEntity
  8
Layer 1
370
    25
100
AcDbSpline
210
0.0
220
0.0
230
1.0
 70
     8
 71
     3
 72
    24
 73
    20
 74
     0
 42
0.000000001
 43
0.0000000001
 40
0.0
 40
0.0
 40
0.0
 40
0.0
 40
0.1666666666666667
 40
0.1666666666666667
 40
0.1666666666666667
 40
0.1666666766666667
 40
0.3333333333333333
 40
0.3333333333333333
 40
0.3333333333333333
 40
0.3333333433333333
 40
0.5
 40
0.5
 40
0.5
 40
0.50000001
 40
0.6666666666666666
 40
0.6666666666666666
 40
0.6666666666666666
 40
0.6666666766666667
 40
1.0
 40
1.0
 40
1.0
 40
1.0
 10
-2.13431
 20
-3.40784
 30
0.0
 10
-2.13431
 20
-3.40784
 30
0.0
 10
-2.13431
 20
-3.3902
 30
0.0
 10
-2.13431
 20
-3.3902
 30
0.0
 10
-2.13431
 20
-3.3902
 30
0.0
 10
-2.13431
 20
-3.3902
 30
0.0
 10
-2.12373
 20
-3.37609
 30
0.0
 10
-2.12373
 20
-3.37609
 30
0.0
 10
-2.12373
 20
-3.37609
 30
0.0
 10
-2.12373
 20
-3.37609
 30
0.0
 10
-2.11314
 20
-3.3655
 30
0.0
 10
-2.11314
 20
-3.3655
 30
0.0
 10
-2.11314
 20
-3.3655
 30
0.0
 10
-2.11314
 20
-3.3655
 30
0.0
 10
-2.0955
 20
-3.35845
 30
0.0
 10
-2.0955
 20
-3.35845
 30
0.0
 10
-2.0955
 20
-3.35845
 30
0.0
 10
-2.0955
 20
-3.35845
 30
0.0
 10
-2.08492
 20
-3.35845
 30
0.0
 10
-2.08492
 20
-3.35845
 30
0.0
  0
SPLINE
  5
1D9
330
1F
100
AcDbEntity
  8
Layer 1
370
    25
100
AcDbSpline
210
0.0
220
0.0
230
1.0
 70
    24
 71
     3
 72
     8
 73
     4
 74
     0
 42
0.000000001
 43
0.0000000001
 40
0.0
 40
0.0
 40
0.0
 40
0.0
 40
1.0
 40
1.0
 40
1.0
 40
1.0
 10
-2.08492
 20
-3.35845
 30
0.0
 10
-2.08492
 20
-3.35845
 30
0.0
 10
-2.08492
 20
-3.36198
 30
0.0
 10
-2.08492
 20
-3.36198
 30
0.0
  0
SPLINE
  5
1DA
330
1F
100
AcDbEntity
  8
Layer 1
370
    25
100
AcDbSpline
210
0.0
220
0.0
230
1.0
 70
     8
 71
     3
 72
    24
 73
    20
 74
     0
 42
0.000000001
 43
0.0000000001
 40
0.0
 40
0.0
 40
0.0
 40
0.0
 40
0.1666666666666667
 40
0.1666666666666667
 40
0.1666666666666667
 40
0.1666666766666667
 40
0.3333333333333333
 40
0.3333333333333333
 40
0.3333333333333333
 40
0.3333333433333333
 40
0.5
 40
0.5
 40
0.5
 40
0.50000001
 40
0.6666666666666666
 40
0.6666666666666666
 40
0.6666666666666666
 40
0.6666666766666667
 40
1.0
 40
1.0
 40
1.0
 40
1.0
 10
-2.13078
 20
-3.40784
 30
0.0
 10
-2.13078
 20
-3.40784
 30
0.0
 10
-2.13078
 20
-3.39373
 30
0.0
 10
-2.13078
 20
-3.39373
 30
0.0
 10
-2.13078
 20
-3.39373
 30
0.0
 10
-2.13078
 20
-3.39373
 30
0.0
 10
-2.12373
 20
-3.37962
 30
0.0
 10
-2.12373
 20
-3.37962
 30
0.0
 10
-2.12373
 20
-3.37962
 30
0.0
 10
-2.12373
 20
-3.37962
 30
0.0
 10
-2.10961
 20
-3.36903
 30
0.0
 10
-2.10961
 20
-3.36903
 30
0.0
 10
-2.10961
 20
-3.36903
 30
0.0
 10
-2.10961
 20
-3.36903
 30
0.0
 10
-2.0955
 20
-3.36198
 30
0.0
 10
-2.0955
 20
-3.36198
 30
0.0
 10
-2.0955
 20
-3.36198
 30
0.0
 10
-2.0955
 20
-3.36198
 30
0.0
 10
-2.08492
 20
-3.36198
 30
0.0
 10
-2.08492
 20
-3.36198
 30
0.0
  0
SPLINE
  5
1DB
330
1F
100
AcDbEntity
  8
Layer 1
370
    25
100
AcDbSpline
210
0.0
220
0.0
230
1.0
 70
    24
 71
     3
 72
     8
 73
     4
 74
     0
 42
0.000000001
 43
0.0000000001
 40
0.0
 40
0.0
 40
0.0
 40
0.0
 40
1.0
 40
1.0
 40
1.0
 40
1.0
 10
-2.03906
 20
-3.40431
 30
0.0
 10
-2.03906
 20
-3.40431
 30
0.0
 10
-2.00025
 20
-3.39373
 30
0.0
 10
-2.00025
 20
-3.39373
 30
0.0
  0
SPLINE
  5
1DC
330
1F
100
AcDbEntity
  8
Layer 1
370
    25
100
AcDbSpline
210
0.0
220
0.0
230
1.0
 70
     8
 71
     3
 72
    24
 73
    20
 74
     0
 42
0.000000001
 43
0.0000000001
 40
0.0
 40
0.0
 40
0.0
 40
0.0
 40
0.1666666666666667
 40
0.1666666666666667
 40
0.1666666666666667
 40
0.1666666766666667
 40
0.3333333333333333
 40
0.3333333333333333
 40
0.3333333333333333
 40
0.3333333433333333
 40
0.5
 40
0.5
 40
0.5
 40
0.50000001
 40
0.6666666666666666
 40
0.6666666666666666
 40
0.6666666666666666
 40
0.6666666766666667
 40
1.0
 40
1.0
 40
1.0
 40
1.0
 10
-2.08492
 20
-3.35845
 30
0.0
 10
-2.08492
 20
-3.35845
 30
0.0
 10
-2.07081
 20
-3.36198
 30
0.0
 10
-2.07081
 20
-3.36198
 30
0.0
 10
-2.07081
 20
-3.36198
 30
0.0
 10
-2.07081
 20
-3.36198
 30
0.0
 10
-2.0567
 20
-3.36903
 30
0.0
 10
-2.0567
 20
-3.36903
 30
0.0
 10
-2.0567
 20
-3.36903
 30
0.0
 10
-2.0567
 20
-3.36903
 30
0.0
 10
-2.04611
 20
-3.38314
 30
0.0
 10
-2.04611
 20
-3.38314
 30
0.0
 10
-2.04611
 20
-3.38314
 30
0.0
 10
-2.04611
 20
-3.38314
 30
0.0
 10
-2.03906
 20
-3.39725
 30
0.0
 10
-2.03906
 20
-3.39725
 30
0.0
 10
-2.03906
 20
-3.39725
 30
0.0
 10
-2.03906
 20
-3.39725
 30
0.0
 10
-2.03906
 20
-3.40431
 30
0.0
 10
-2.03906
 20
-3.40431
 30
0.0
  0
SPLINE
  5
1DD
330
1F
100
AcDbEntity
  8
Layer 1
370
    25
100
AcDbSpline
210
0.0
220
0.0
230
1.0
 70
    24
 71
     3
 72
     8
 73
     4
 74
     0
 42
0.000000001
 43
0.0000000001
 40
0.0
 40
0.0
 40
0.0
 40
0.0
 40
1.0
 40
1.0
 40
1.0
 40
1.0
 10
-1.20298
 20
-3.58423
 30
0.0
 10
-1.20298
 20
-3.58423
 30
0.0
 10
-1.20298
 20
-3.51367
 30
0.0
 10
-1.20298
 20
-3.51367
 30
0.0
  0
SPLINE
  5
1DE
330
1F
100
AcDbEntity
  8
Layer 1
370
    25
100
AcDbSpline
210
0.0
220
0.0
230
1.0
 70
    24
 71
     3
 72
     8
 73
     4
 74
     0
 42
0.000000001
 43
0.0000000001
 40
0.0
 40
0.0
 40
0.0
 40
0.0
 40
1.0
 40
1.0
 40
1.0
 40
1.0
 10
-0.77964
 20
-3.40431
 30
0.0
 10
-0.77964
 20
-3.40431
 30
0.0
 10
-0.77964
 20
-3.40078
 30
0.0
 10
-0.77964
 20
-3.40078
 30
0.0
  0
SPLINE
  5
1DF
330
1F
100
AcDbEntity
  8
Layer 1
370
    25
100
AcDbSpline
210
0.0
220
0.0
230
1.0
 70
    24
 71
     3
 72
     8
 73
     4
 74
     0
 42
0.000000001
 43
0.0000000001
 40
0.0
 40
0.0
 40
0.0
 40
0.0
 40
1.0
 40
1.0
 40
1.0
 40
1.0
 10
-0.85373
 20
-3.47134
 30
0.0
 10
-0.85373
 20
-3.47134
 30
0.0
 10
-0.85725
 20
-3.47134
 30
0.0
 10
-0.85725
 20
-3.47134
 30
0.0
  0
SPLINE
  5
1E0
330
1F
100
AcDbEntity
  8
Layer 1
370
    25
100
AcDbSpline
210
0.0
220
0.0
230
1.0
 70
     8
 71
     3
 72
    24
 73
    20
 74
     0
 42
0.000000001
 43
0.0000000001
 40
0.0
 40
0.0
 40
0.0
 40
0.0
 40
0.1666666666666667
 40
0.1666666666666667
 40
0.1666666666666667
 40
0.1666666766666667
 40
0.3333333333333333
 40
0.3333333333333333
 40
0.3333333333333333
 40
0.3333333433333333
 40
0.5
 40
0.5
 40
0.5
 40
0.50000001
 40
0.6666666666666666
 40
0.6666666666666666
 40
0.6666666666666666
 40
0.6666666766666667
 40
1.0
 40
1.0
 40
1.0
 40
1.0
 10
-0.77964
 20
-3.40078
 30
0.0
 10
-0.77964
 20
-3.40078
 30
0.0
 10
-0.80434
 20
-3.40431
 30
0.0
 10
-0.80434
 20
-3.40431
 30
0.0
 10
-0.80434
 20
-3.40431
 30
0.0
 10
-0.80434
 20
-3.40431
 30
0.0
 10
-0.83256
 20
-3.41842
 30
0.0
 10
-0.83256
 20
-3.41842
 30
0.0
 10
-0.83256
 20
-3.41842
 30
0.0
 10
-0.83256
 20
-3.41842
 30
0.0
 10
-0.84667
 20
-3.43253
 30
0.0
 10
-0.84667
 20
-3.43253
 30
0.0
 10
-0.84667
 20
-3.43253
 30
0.0
 10
-0.84667
 20
-3.43253
 30
0.0
 10
-0.85725
 20
-3.4537
 30
0.0
 10
-0.85725
 20
-3.4537
 30
0.0
 10
-0.85725
 20
-3.4537
 30
0.0
 10
-0.85725
 20
-3.4537
 30
0.0
 10
-0.85725
 20
-3.47134
 30
0.0
 10
-0.85725
 20
-3.47134
 30
0.0
  0
SPLINE
  5
1E1
330
1F
100
AcDbEntity
  8
Layer 1
370
    25
100
AcDbSpline
210
0.0
220
0.0
230
1.0
 70
    24
 71
     3
 72
     8
 73
     4
 74
     0
 42
0.000000001
 43
0.0000000001
 40
0.0
 40
0.0
 40
0.0
 40
0.0
 40
1.0
 40
1.0
 40
1.0
 40
1.0
 10
-0.85373
 20
-3.57717
 30
0.0
 10
-0.85373
 20
-3.57717
 30
0.0
 10
-0.85725
 20
-3.57717
 30
0.0
 10
-0.85725
 20
-3.57717
 30
0.0
  0
SPLINE
  5
1E2
330
1F
100
AcDbEntity
  8
Layer 1
370
    25
100
AcDbSpline
210
0.0
220
0.0
230
1.0
 70
    24
 71
     3
 72
     8
 73
     4
 74
     0
 42
0.000000001
 43
0.0000000001
 40
0.0
 40
0.0
 40
0.0
 40
0.0
 40
1.0
 40
1.0
 40
1.0
 40
1.0
 10
-0.85725
 20
-3.47134
 30
0.0
 10
-0.85725
 20
-3.47134
 30
0.0
 10
-0.85725
 20
-3.57717
 30
0.0
 10
-0.85725
 20
-3.57717
 30
0.0
  0
SPLINE
  5
1E3
330
1F
100
AcDbEntity
  8
Layer 1
370
    25
100
AcDbSpline
210
0.0
220
0.0
230
1.0
 70
     8
 71
     3
 72
    24
 73
    20
 74
     0
 42
0.000000001
 43
0.0000000001
 40
0.0
 40
0.0
 40
0.0
 40
0.0
 40
0.1666666666666667
 40
0.1666666666666667
 40
0.1666666666666667
 40
0.1666666766666667
 40
0.3333333333333333
 40
0.3333333333333333
 40
0.3333333333333333
 40
0.3333333433333333
 40
0.5
 40
0.5
 40
0.5
 40
0.50000001
 40
0.6666666666666666
 40
0.6666666666666666
 40
0.6666666666666666
 40
0.6666666766666667
 40
1.0
 40
1.0
 40
1.0
 40
1.0
 10
-0.85725
 20
-3.57717
 30
0.0
 10
-0.85725
 20
-3.57717
 30
0.0
 10
-0.85373
 20
-3.60187
 30
0.0
 10
-0.85373
 20
-3.60187
 30
0.0
 10
-0.85373
 20
-3.60187
 30
0.0
 10
-0.85373
 20
-3.60187
 30
0.0
 10
-0.84314
 20
-3.6195
 30
0.0
 10
-0.84314
 20
-3.6195
 30
0.0
 10
-0.84314
 20
-3.6195
 30
0.0
 10
-0.84314
 20
-3.6195
 30
0.0
 10
-0.8255
 20
-3.63362
 30
0.0
 10
-0.8255
 20
-3.63362
 30
0.0
 10
-0.8255
 20
-3.63362
 30
0.0
 10
-0.8255
 20
-3.63362
 30
0.0
 10
-0.79728
 20
-3.6442
 30
0.0
 10
-0.79728
 20
-3.6442
 30
0.0
 10
-0.79728
 20
-3.6442
 30
0.0
 10
-0.79728
 20
-3.6442
 30
0.0
 10
-0.77964
 20
-3.64773
 30
0.0
 10
-0.77964
 20
-3.64773
 30
0.0
  0
SPLINE
  5
1E4
330
1F
100
AcDbEntity
  8
Layer 1
370
    25
100
AcDbSpline
210
0.0
220
0.0
230
1.0
 70
    24
 71
     3
 72
    12
 73
     8
 74
     0
 42
0.000000001
 43
0.0000000001
 40
0.0
 40
0.0
 40
0.0
 40
0.0
 40
0.3333333333333333
 40
0.3333333333333333
 40
0.3333333333333333
 40
0.3333333433333333
 40
1.0
 40
1.0
 40
1.0
 40
1.0
 10
-1.89089
 20
-3.40431
 30
0.0
 10
-1.89089
 20
-3.40431
 30
0.0
 10
-1.89089
 20
-3.40431
 30
0.0
 10
-1.89089
 20
-3.40431
 30
0.0
 10
-1.89089
 20
-3.40431
 30
0.0
 10
-1.89089
 20
-3.40431
 30
0.0
 10
-1.89089
 20
-3.40078
 30
0.0
 10
-1.89089
 20
-3.40078
 30
0.0
  0
SPLINE
  5
1E5
330
1F
100
AcDbEntity
  8
Layer 1
370
    25
100
AcDbSpline
210
0.0
220
0.0
230
1.0
 70
    24
 71
     3
 72
     8
 73
     4
 74
     0
 42
0.000000001
 43
0.0000000001
 40
0.0
 40
0.0
 40
0.0
 40
0.0
 40
1.0
 40
1.0
 40
1.0
 40
1.0
 10
-1.96498
 20
-3.47134
 30
0.0
 10
-1.96498
 20
-3.47134
 30
0.0
 10
-1.9685
 20
-3.47134
 30
0.0
 10
-1.9685
 20
-3.47134
 30
0.0
  0
SPLINE
  5
1E6
330
1F
100
AcDbEntity
  8
Layer 1
370
    25
100
AcDbSpline
210
0.0
220
0.0
230
1.0
 70
     8
 71
     3
 72
    24
 73
    20
 74
     0
 42
0.000000001
 43
0.0000000001
 40
0.0
 40
0.0
 40
0.0
 40
0.0
 40
0.1666666666666667
 40
0.1666666666666667
 40
0.1666666666666667
 40
0.1666666766666667
 40
0.3333333333333333
 40
0.3333333333333333
 40
0.3333333333333333
 40
0.3333333433333333
 40
0.5
 40
0.5
 40
0.5
 40
0.50000001
 40
0.6666666666666666
 40
0.6666666666666666
 40
0.6666666666666666
 40
0.6666666766666667
 40
1.0
 40
1.0
 40
1.0
 40
1.0
 10
-1.89089
 20
-3.40078
 30
0.0
 10
-1.89089
 20
-3.40078
 30
0.0
 10
-1.91911
 20
-3.40784
 30
0.0
 10
-1.91911
 20
-3.40784
 30
0.0
 10
-1.91911
 20
-3.40784
 30
0.0
 10
-1.91911
 20
-3.40784
 30
0.0
 10
-1.94381
 20
-3.42195
 30
0.0
 10
-1.94381
 20
-3.42195
 30
0.0
 10
-1.94381
 20
-3.42195
 30
0.0
 10
-1.94381
 20
-3.42195
 30
0.0
 10
-1.95792
 20
-3.43959
 30
0.0
 10
-1.95792
 20
-3.43959
 30
0.0
 10
-1.95792
 20
-3.43959
 30
0.0
 10
-1.95792
 20
-3.43959
 30
0.0
 10
-1.9685
 20
-3.46428
 30
0.0
 10
-1.9685
 20
-3.46428
 30
0.0
 10
-1.9685
 20
-3.46428
 30
0.0
 10
-1.9685
 20
-3.46428
 30
0.0
 10
-1.9685
 20
-3.47134
 30
0.0
 10
-1.9685
 20
-3.47134
 30
0.0
  0
SPLINE
  5
1E7
330
1F
100
AcDbEntity
  8
Layer 1
370
    25
100
AcDbSpline
210
0.0
220
0.0
230
1.0
 70
    24
 71
     3
 72
     8
 73
     4
 74
     0
 42
0.000000001
 43
0.0000000001
 40
0.0
 40
0.0
 40
0.0
 40
0.0
 40
1.0
 40
1.0
 40
1.0
 40
1.0
 10
-0.68086
 20
-3.57717
 30
0.0
 10
-0.68086
 20
-3.57717
 30
0.0
 10
-0.67734
 20
-3.57717
 30
0.0
 10
-0.67734
 20
-3.57717
 30
0.0
  0
SPLINE
  5
1E8
330
1F
100
AcDbEntity
  8
Layer 1
370
    25
100
AcDbSpline
210
0.0
220
0.0
230
1.0
 70
     8
 71
     3
 72
    24
 73
    20
 74
     0
 42
0.000000001
 43
0.0000000001
 40
0.0
 40
0.0
 40
0.0
 40
0.0
 40
0.1666666666666667
 40
0.1666666666666667
 40
0.1666666666666667
 40
0.1666666766666667
 40
0.3333333333333333
 40
0.3333333333333333
 40
0.3333333333333333
 40
0.3333333433333333
 40
0.5
 40
0.5
 40
0.5
 40
0.50000001
 40
0.6666666666666666
 40
0.6666666666666666
 40
0.6666666666666666
 40
0.6666666766666667
 40
1.0
 40
1.0
 40
1.0
 40
1.0
 10
-0.75495
 20
-3.64773
 30
0.0
 10
-0.75495
 20
-3.64773
 30
0.0
 10
-0.7232
 20
-3.64067
 30
0.0
 10
-0.7232
 20
-3.64067
 30
0.0
 10
-0.7232
 20
-3.64067
 30
0.0
 10
-0.7232
 20
-3.64067
 30
0.0
 10
-0.70203
 20
-3.63009
 30
0.0
 10
-0.70203
 20
-3.63009
 30
0.0
 10
-0.70203
 20
-3.63009
 30
0.0
 10
-0.70203
 20
-3.63009
 30
0.0
 10
-0.68792
 20
-3.61245
 30
0.0
 10
-0.68792
 20
-3.61245
 30
0.0
 10
-0.68792
 20
-3.61245
 30
0.0
 10
-0.68792
 20
-3.61245
 30
0.0
 10
-0.67734
 20
-3.59128
 30
0.0
 10
-0.67734
 20
-3.59128
 30
0.0
 10
-0.67734
 20
-3.59128
 30
0.0
 10
-0.67734
 20
-3.59128
 30
0.0
 10
-0.67734
 20
-3.57717
 30
0.0
 10
-0.67734
 20
-3.57717
 30
0.0
  0
SPLINE
  5
1E9
330
1F
100
AcDbEntity
  8
Layer 1
370
    25
100
AcDbSpline
210
0.0
220
0.0
230
1.0
 70
    24
 71
     3
 72
     8
 73
     4
 74
     0
 42
0.000000001
 43
0.0000000001
 40
0.0
 40
0.0
 40
0.0
 40
0.0
 40
1.0
 40
1.0
 40
1.0
 40
1.0
 10
-0.68086
 20
-3.47134
 30
0.0
 10
-0.68086
 20
-3.47134
 30
0.0
 10
-0.67734
 20
-3.47134
 30
0.0
 10
-0.67734
 20
-3.47134
 30
0.0
  0
SPLINE
  5
1EA
330
1F
100
AcDbEntity
  8
Layer 1
370
    25
100
AcDbSpline
210
0.0
220
0.0
230
1.0
 70
    24
 71
     3
 72
     8
 73
     4
 74
     0
 42
0.000000001
 43
0.0000000001
 40
0.0
 40
0.0
 40
0.0
 40
0.0
 40
1.0
 40
1.0
 40
1.0
 40
1.0
 10
-0.67734
 20
-3.57717
 30
0.0
 10
-0.67734
 20
-3.57717
 30
0.0
 10
-0.67734
 20
-3.47134
 30
0.0
 10
-0.67734
 20
-3.47134
 30
0.0
  0
SPLINE
  5
1EB
330
1F
100
AcDbEntity
  8
Layer 1
370
    25
100
AcDbSpline
210
0.0
220
0.0
230
1.0
 70
    24
 71
     3
 72
     8
 73
     4
 74
     0
 42
0.000000001
 43
0.0000000001
 40
0.0
 40
0.0
 40
0.0
 40
0.0
 40
1.0
 40
1.0
 40
1.0
 40
1.0
 10
-0.75495
 20
-3.40431
 30
0.0
 10
-0.75495
 20
-3.40431
 30
0.0
 10
-0.75495
 20
-3.40078
 30
0.0
 10
-0.75495
 20
-3.40078
 30
0.0
  0
SPLINE
  5
1EC
330
1F
100
AcDbEntity
  8
Layer 1
370
    25
100
AcDbSpline
210
0.0
220
0.0
230
1.0
 70
     8
 71
     3
 72
    24
 73
    20
 74
     0
 42
0.000000001
 43
0.0000000001
 40
0.0
 40
0.0
 40
0.0
 40
0.0
 40
0.1666666666666667
 40
0.1666666666666667
 40
0.1666666666666667
 40
0.1666666766666667
 40
0.3333333333333333
 40
0.3333333333333333
 40
0.3333333333333333
 40
0.3333333433333333
 40
0.5
 40
0.5
 40
0.5
 40
0.50000001
 40
0.6666666666666666
 40
0.6666666666666666
 40
0.6666666666666666
 40
0.6666666766666667
 40
1.0
 40
1.0
 40
1.0
 40
1.0
 10
-0.67734
 20
-3.47134
 30
0.0
 10
-0.67734
 20
-3.47134
 30
0.0
 10
-0.68086
 20
-3.45017
 30
0.0
 10
-0.68086
 20
-3.45017
 30
0.0
 10
-0.68086
 20
-3.45017
 30
0.0
 10
-0.68086
 20
-3.45017
 30
0.0
 10
-0.69145
 20
-3.429
 30
0.0
 10
-0.69145
 20
-3.429
 30
0.0
 10
-0.69145
 20
-3.429
 30
0.0
 10
-0.69145
 20
-3.429
 30
0.0
 10
-0.70909
 20
-3.41489
 30
0.0
 10
-0.70909
 20
-3.41489
 30
0.0
 10
-0.70909
 20
-3.41489
 30
0.0
 10
-0.70909
 20
-3.41489
 30
0.0
 10
-0.73025
 20
-3.40431
 30
0.0
 10
-0.73025
 20
-3.40431
 30
0.0
 10
-0.73025
 20
-3.40431
 30
0.0
 10
-0.73025
 20
-3.40431
 30
0.0
 10
-0.75495
 20
-3.40078
 30
0.0
 10
-0.75495
 20
-3.40078
 30
0.0
  0
SPLINE
  5
1ED
330
1F
100
AcDbEntity
  8
Layer 1
370
    25
100
AcDbSpline
210
0.0
220
0.0
230
1.0
 70
    24
 71
     3
 72
     8
 73
     4
 74
     0
 42
0.000000001
 43
0.0000000001
 40
0.0
 40
0.0
 40
0.0
 40
0.0
 40
1.0
 40
1.0
 40
1.0
 40
1.0
 10
-0.75495
 20
-3.40078
 30
0.0
 10
-0.75495
 20
-3.40078
 30
0.0
 10
-0.77964
 20
-3.40078
 30
0.0
 10
-0.77964
 20
-3.40078
 30
0.0
  0
SPLINE
  5
1EE
330
1F
100
AcDbEntity
  8
Layer 1
370
    25
100
AcDbSpline
210
0.0
220
0.0
230
1.0
 70
    24
 71
     3
 72
     8
 73
     4
 74
     0
 42
0.000000001
 43
0.0000000001
 40
0.0
 40
0.0
 40
0.0
 40
0.0
 40
1.0
 40
1.0
 40
1.0
 40
1.0
 10
-0.81845
 20
-3.46781
 30
0.0
 10
-0.81845
 20
-3.46781
 30
0.0
 10
-0.81492
 20
-3.46781
 30
0.0
 10
-0.81492
 20
-3.46781
 30
0.0
  0
SPLINE
  5
1EF
330
1F
100
AcDbEntity
  8
Layer 1
370
    25
100
AcDbSpline
210
0.0
220
0.0
230
1.0
 70
     8
 71
     3
 72
    24
 73
    20
 74
     0
 42
0.000000001
 43
0.0000000001
 40
0.0
 40
0.0
 40
0.0
 40
0.0
 40
0.1666666666666667
 40
0.1666666666666667
 40
0.1666666666666667
 40
0.1666666766666667
 40
0.3333333333333333
 40
0.3333333333333333
 40
0.3333333333333333
 40
0.3333333433333333
 40
0.5
 40
0.5
 40
0.5
 40
0.50000001
 40
0.6666666666666666
 40
0.6666666666666666
 40
0.6666666666666666
 40
0.6666666766666667
 40
1.0
 40
1.0
 40
1.0
 40
1.0
 10
-0.76906
 20
-3.42195
 30
0.0
 10
-0.76906
 20
-3.42195
 30
0.0
 10
-0.78317
 20
-3.42548
 30
0.0
 10
-0.78317
 20
-3.42548
 30
0.0
 10
-0.78317
 20
-3.42548
 30
0.0
 10
-0.78317
 20
-3.42548
 30
0.0
 10
-0.79728
 20
-3.43253
 30
0.0
 10
-0.79728
 20
-3.43253
 30
0.0
 10
-0.79728
 20
-3.43253
 30
0.0
 10
-0.79728
 20
-3.43253
 30
0.0
 10
-0.80786
 20
-3.44312
 30
0.0
 10
-0.80786
 20
-3.44312
 30
0.0
 10
-0.80786
 20
-3.44312
 30
0.0
 10
-0.80786
 20
-3.44312
 30
0.0
 10
-0.81139
 20
-3.45723
 30
0.0
 10
-0.81139
 20
-3.45723
 30
0.0
 10
-0.81139
 20
-3.45723
 30
0.0
 10
-0.81139
 20
-3.45723
 30
0.0
 10
-0.81492
 20
-3.46781
 30
0.0
 10
-0.81492
 20
-3.46781
 30
0.0
  0
SPLINE
  5
1F0
330
1F
100
AcDbEntity
  8
Layer 1
370
    25
100
AcDbSpline
210
0.0
220
0.0
230
1.0
 70
    24
 71
     3
 72
     8
 73
     4
 74
     0
 42
0.000000001
 43
0.0000000001
 40
0.0
 40
0.0
 40
0.0
 40
0.0
 40
1.0
 40
1.0
 40
1.0
 40
1.0
 10
-0.81845
 20
-3.5807
 30
0.0
 10
-0.81845
 20
-3.5807
 30
0.0
 10
-0.81492
 20
-3.5807
 30
0.0
 10
-0.81492
 20
-3.5807
 30
0.0
  0
SPLINE
  5
1F1
330
1F
100
AcDbEntity
  8
Layer 1
370
    25
100
AcDbSpline
210
0.0
220
0.0
230
1.0
 70
    24
 71
     3
 72
     8
 73
     4
 74
     0
 42
0.000000001
 43
0.0000000001
 40
0.0
 40
0.0
 40
0.0
 40
0.0
 40
1.0
 40
1.0
 40
1.0
 40
1.0
 10
-0.81492
 20
-3.46781
 30
0.0
 10
-0.81492
 20
-3.46781
 30
0.0
 10
-0.81492
 20
-3.5807
 30
0.0
 10
-0.81492
 20
-3.5807
 30
0.0
  0
SPLINE
  5
1F2
330
1F
100
AcDbEntity
  8
Layer 1
370
    25
100
AcDbSpline
210
0.0
220
0.0
230
1.0
 70
     8
 71
     3
 72
    24
 73
    20
 74
     0
 42
0.000000001
 43
0.0000000001
 40
0.0
 40
0.0
 40
0.0
 40
0.0
 40
0.1666666666666667
 40
0.1666666666666667
 40
0.1666666666666667
 40
0.1666666766666667
 40
0.3333333333333333
 40
0.3333333333333333
 40
0.3333333333333333
 40
0.3333333433333333
 40
0.5
 40
0.5
 40
0.5
 40
0.50000001
 40
0.6666666666666666
 40
0.6666666666666666
 40
0.6666666666666666
 40
0.6666666766666667
 40
1.0
 40
1.0
 40
1.0
 40
1.0
 10
-0.81492
 20
-3.5807
 30
0.0
 10
-0.81492
 20
-3.5807
 30
0.0
 10
-0.81139
 20
-3.59481
 30
0.0
 10
-0.81139
 20
-3.59481
 30
0.0
 10
-0.81139
 20
-3.59481
 30
0.0
 10
-0.81139
 20
-3.59481
 30
0.0
 10
-0.80434
 20
-3.60892
 30
0.0
 10
-0.80434
 20
-3.60892
 30
0.0
 10
-0.80434
 20
-3.60892
 30
0.0
 10
-0.80434
 20
-3.60892
 30
0.0
 10
-0.79375
 20
-3.6195
 30
0.0
 10
-0.79375
 20
-3.6195
 30
0.0
 10
-0.79375
 20
-3.6195
 30
0.0
 10
-0.79375
 20
-3.6195
 30
0.0
 10
-0.77611
 20
-3.62656
 30
0.0
 10
-0.77611
 20
-3.62656
 30
0.0
 10
-0.77611
 20
-3.62656
 30
0.0
 10
-0.77611
 20
-3.62656
 30
0.0
 10
-0.76906
 20
-3.62656
 30
0.0
 10
-0.76906
 20
-3.62656
 30
0.0
  0
SPLINE
  5
1F3
330
1F
100
AcDbEntity
  8
Layer 1
370
    25
100
AcDbSpline
210
0.0
220
0.0
230
1.0
 70
    24
 71
     3
 72
     8
 73
     4
 74
     0
 42
0.000000001
 43
0.0000000001
 40
0.0
 40
0.0
 40
0.0
 40
0.0
 40
1.0
 40
1.0
 40
1.0
 40
1.0
 10
-1.36878
 20
-3.47134
 30
0.0
 10
-1.36878
 20
-3.47134
 30
0.0
 10
-1.36525
 20
-3.47134
 30
0.0
 10
-1.36525
 20
-3.47134
 30
0.0
  0
SPLINE
  5
1F4
330
1F
100
AcDbEntity
  8
Layer 1
370
    25
100
AcDbSpline
210
0.0
220
0.0
230
1.0
 70
    24
 71
     3
 72
     8
 73
     4
 74
     0
 42
0.000000001
 43
0.0000000001
 40
0.0
 40
0.0
 40
0.0
 40
0.0
 40
1.0
 40
1.0
 40
1.0
 40
1.0
 10
-1.36525
 20
-3.64773
 30
0.0
 10
-1.36525
 20
-3.64773
 30
0.0
 10
-1.36525
 20
-3.47134
 30
0.0
 10
-1.36525
 20
-3.47134
 30
0.0
  0
SPLINE
  5
1F5
330
1F
100
AcDbEntity
  8
Layer 1
370
    25
100
AcDbSpline
210
0.0
220
0.0
230
1.0
 70
    24
 71
     3
 72
     8
 73
     4
 74
     0
 42
0.000000001
 43
0.0000000001
 40
0.0
 40
0.0
 40
0.0
 40
0.0
 40
1.0
 40
1.0
 40
1.0
 40
1.0
 10
-1.44286
 20
-3.40431
 30
0.0
 10
-1.44286
 20
-3.40431
 30
0.0
 10
-1.44286
 20
-3.40078
 30
0.0
 10
-1.44286
 20
-3.40078
 30
0.0
  0
SPLINE
  5
1F6
330
1F
100
AcDbEntity
  8
Layer 1
370
    25
100
AcDbSpline
210
0.0
220
0.0
230
1.0
 70
     8
 71
     3
 72
    24
 73
    20
 74
     0
 42
0.000000001
 43
0.0000000001
 40
0.0
 40
0.0
 40
0.0
 40
0.0
 40
0.1666666666666667
 40
0.1666666666666667
 40
0.1666666666666667
 40
0.1666666766666667
 40
0.3333333333333333
 40
0.3333333333333333
 40
0.3333333333333333
 40
0.3333333433333333
 40
0.5
 40
0.5
 40
0.5
 40
0.50000001
 40
0.6666666666666666
 40
0.6666666666666666
 40
0.6666666666666666
 40
0.6666666766666667
 40
1.0
 40
1.0
 40
1.0
 40
1.0
 10
-1.36525
 20
-3.47134
 30
0.0
 10
-1.36525
 20
-3.47134
 30
0.0
 10
-1.36878
 20
-3.45017
 30
0.0
 10
-1.36878
 20
-3.45017
 30
0.0
 10
-1.36878
 20
-3.45017
 30
0.0
 10
-1.36878
 20
-3.45017
 30
0.0
 10
-1.37936
 20
-3.43253
 30
0.0
 10
-1.37936
 20
-3.43253
 30
0.0
 10
-1.37936
 20
-3.43253
 30
0.0
 10
-1.37936
 20
-3.43253
 30
0.0
 10
-1.397
 20
-3.41489
 30
0.0
 10
-1.397
 20
-3.41489
 30
0.0
 10
-1.397
 20
-3.41489
 30
0.0
 10
-1.397
 20
-3.41489
 30
0.0
 10
-1.41817
 20
-3.40431
 30
0.0
 10
-1.41817
 20
-3.40431
 30
0.0
 10
-1.41817
 20
-3.40431
 30
0.0
 10
-1.41817
 20
-3.40431
 30
0.0
 10
-1.44286
 20
-3.40078
 30
0.0
 10
-1.44286
 20
-3.40078
 30
0.0
  0
SPLINE
  5
1F7
330
1F
100
AcDbEntity
  8
Layer 1
370
    25
100
AcDbSpline
210
0.0
220
0.0
230
1.0
 70
    24
 71
     3
 72
     8
 73
     4
 74
     0
 42
0.000000001
 43
0.0000000001
 40
0.0
 40
0.0
 40
0.0
 40
0.0
 40
1.0
 40
1.0
 40
1.0
 40
1.0
 10
-1.44286
 20
-3.40078
 30
0.0
 10
-1.44286
 20
-3.40078
 30
0.0
 10
-1.47109
 20
-3.40078
 30
0.0
 10
-1.47109
 20
-3.40078
 30
0.0
  0
SPLINE
  5
1F8
330
1F
100
AcDbEntity
  8
Layer 1
370
    25
100
AcDbSpline
210
0.0
220
0.0
230
1.0
 70
    24
 71
     3
 72
     8
 73
     4
 74
     0
 42
0.000000001
 43
0.0000000001
 40
0.0
 40
0.0
 40
0.0
 40
0.0
 40
1.0
 40
1.0
 40
1.0
 40
1.0
 10
-0.92781
 20
-3.34434
 30
0.0
 10
-0.92781
 20
-3.34434
 30
0.0
 10
-0.93134
 20
-3.34081
 30
0.0
 10
-0.93134
 20
-3.34081
 30
0.0
  0
SPLINE
  5
1F9
330
1F
100
AcDbEntity
  8
Layer 1
370
    25
100
AcDbSpline
210
0.0
220
0.0
230
1.0
 70
    24
 71
     3
 72
     8
 73
     4
 74
     0
 42
0.000000001
 43
0.0000000001
 40
0.0
 40
0.0
 40
0.0
 40
0.0
 40
1.0
 40
1.0
 40
1.0
 40
1.0
 10
-0.92781
 20
-3.34434
 30
0.0
 10
-0.92781
 20
-3.34434
 30
0.0
 10
-0.92781
 20
-3.37256
 30
0.0
 10
-0.92781
 20
-3.37256
 30
0.0
  0
SPLINE
  5
1FA
330
1F
100
AcDbEntity
  8
Layer 1
370
    25
100
AcDbSpline
210
0.0
220
0.0
230
1.0
 70
    24
 71
     3
 72
     8
 73
     4
 74
     0
 42
0.000000001
 43
0.0000000001
 40
0.0
 40
0.0
 40
0.0
 40
0.0
 40
1.0
 40
1.0
 40
1.0
 40
1.0
 10
-0.92781
 20
-3.37256
 30
0.0
 10
-0.92781
 20
-3.37256
 30
0.0
 10
-0.93134
 20
-3.37609
 30
0.0
 10
-0.93134
 20
-3.37609
 30
0.0
  0
SPLINE
  5
1FB
330
1F
100
AcDbEntity
  8
Layer 1
370
    25
100
AcDbSpline
210
0.0
220
0.0
230
1.0
 70
    24
 71
     3
 72
     8
 73
     4
 74
     0
 42
0.000000001
 43
0.0000000001
 40
0.0
 40
0.0
 40
0.0
 40
0.0
 40
1.0
 40
1.0
 40
1.0
 40
1.0
 10
-0.93134
 20
-3.34081
 30
0.0
 10
-0.93134
 20
-3.34081
 30
0.0
 10
-0.93134
 20
-3.37609
 30
0.0
 10
-0.93134
 20
-3.37609
 30
0.0
  0
SPLINE
  5
1FC
330
1F
100
AcDbEntity
  8
Layer 1
370
    25
100
AcDbSpline
210
0.0
220
0.0
230
1.0
 70
    24
 71
     3
 72
     8
 73
     4
 74
     0
 42
0.000000001
 43
0.0000000001
 40
0.0
 40
0.0
 40
0.0
 40
0.0
 40
1.0
 40
1.0
 40
1.0
 40
1.0
 10
-0.889
 20
-3.40431
 30
0.0
 10
-0.889
 20
-3.40431
 30
0.0
 10
-0.88548
 20
-3.40078
 30
0.0
 10
-0.88548
 20
-3.40078
 30
0.0
  0
SPLINE
  5
1FD
330
1F
100
AcDbEntity
  8
Layer 1
370
    25
100
AcDbSpline
210
0.0
220
0.0
230
1.0
 70
    24
 71
     3
 72
     8
 73
     4
 74
     0
 42
0.000000001
 43
0.0000000001
 40
0.0
 40
0.0
 40
0.0
 40
0.0
 40
1.0
 40
1.0
 40
1.0
 40
1.0
 10
-0.889
 20
-3.40431
 30
0.0
 10
-0.889
 20
-3.40431
 30
0.0
 10
-0.92781
 20
-3.40431
 30
0.0
 10
-0.92781
 20
-3.40431
 30
0.0
  0
SPLINE
  5
1FE
330
1F
100
AcDbEntity
  8
Layer 1
370
    25
100
AcDbSpline
210
0.0
220
0.0
230
1.0
 70
    24
 71
     3
 72
     8
 73
     4
 74
     0
 42
0.000000001
 43
0.0000000001
 40
0.0
 40
0.0
 40
0.0
 40
0.0
 40
1.0
 40
1.0
 40
1.0
 40
1.0
 10
-0.92781
 20
-3.40431
 30
0.0
 10
-0.92781
 20
-3.40431
 30
0.0
 10
-0.93134
 20
-3.40078
 30
0.0
 10
-0.93134
 20
-3.40078
 30
0.0
  0
SPLINE
  5
1FF
330
1F
100
AcDbEntity
  8
Layer 1
370
    25
100
AcDbSpline
210
0.0
220
0.0
230
1.0
 70
    24
 71
     3
 72
     8
 73
     4
 74
     0
 42
0.000000001
 43
0.0000000001
 40
0.0
 40
0.0
 40
0.0
 40
0.0
 40
1.0
 40
1.0
 40
1.0
 40
1.0
 10
-0.88548
 20
-3.40078
 30
0.0
 10
-0.88548
 20
-3.40078
 30
0.0
 10
-0.93134
 20
-3.40078
 30
0.0
 10
-0.93134
 20
-3.40078
 30
0.0
  0
SPLINE
  5
200
330
1F
100
AcDbEntity
  8
Layer 1
370
    25
100
AcDbSpline
210
0.0
220
0.0
230
1.0
 70
    24
 71
     3
 72
     8
 73
     4
 74
     0
 42
0.000000001
 43
0.0000000001
 40
0.0
 40
0.0
 40
0.0
 40
0.0
 40
1.0
 40
1.0
 40
1.0
 40
1.0
 10
-0.92781
 20
-3.40431
 30
0.0
 10
-0.92781
 20
-3.40431
 30
0.0
 10
-0.92781
 20
-3.6442
 30
0.0
 10
-0.92781
 20
-3.6442
 30
0.0
  0
SPLINE
  5
201
330
1F
100
AcDbEntity
  8
Layer 1
370
    25
100
AcDbSpline
210
0.0
220
0.0
230
1.0
 70
    24
 71
     3
 72
     8
 73
     4
 74
     0
 42
0.000000001
 43
0.0000000001
 40
0.0
 40
0.0
 40
0.0
 40
0.0
 40
1.0
 40
1.0
 40
1.0
 40
1.0
 10
-0.92781
 20
-3.6442
 30
0.0
 10
-0.92781
 20
-3.6442
 30
0.0
 10
-0.93134
 20
-3.64773
 30
0.0
 10
-0.93134
 20
-3.64773
 30
0.0
  0
SPLINE
  5
202
330
1F
100
AcDbEntity
  8
Layer 1
370
    25
100
AcDbSpline
210
0.0
220
0.0
230
1.0
 70
    24
 71
     3
 72
     8
 73
     4
 74
     0
 42
0.000000001
 43
0.0000000001
 40
0.0
 40
0.0
 40
0.0
 40
0.0
 40
1.0
 40
1.0
 40
1.0
 40
1.0
 10
-0.93134
 20
-3.40078
 30
0.0
 10
-0.93134
 20
-3.40078
 30
0.0
 10
-0.93134
 20
-3.64773
 30
0.0
 10
-0.93134
 20
-3.64773
 30
0.0
  0
SPLINE
  5
203
330
1F
100
AcDbEntity
  8
Layer 1
370
    25
100
AcDbSpline
210
0.0
220
0.0
230
1.0
 70
    24
 71
     3
 72
     8
 73
     4
 74
     0
 42
0.000000001
 43
0.0000000001
 40
0.0
 40
0.0
 40
0.0
 40
0.0
 40
1.0
 40
1.0
 40
1.0
 40
1.0
 10
-0.92781
 20
-3.6442
 30
0.0
 10
-0.92781
 20
-3.6442
 30
0.0
 10
-0.889
 20
-3.6442
 30
0.0
 10
-0.889
 20
-3.6442
 30
0.0
  0
SPLINE
  5
204
330
1F
100
AcDbEntity
  8
Layer 1
370
    25
100
AcDbSpline
210
0.0
220
0.0
230
1.0
 70
    24
 71
     3
 72
     8
 73
     4
 74
     0
 42
0.000000001
 43
0.0000000001
 40
0.0
 40
0.0
 40
0.0
 40
0.0
 40
1.0
 40
1.0
 40
1.0
 40
1.0
 10
-0.889
 20
-3.6442
 30
0.0
 10
-0.889
 20
-3.6442
 30
0.0
 10
-0.88548
 20
-3.64773
 30
0.0
 10
-0.88548
 20
-3.64773
 30
0.0
  0
SPLINE
  5
205
330
1F
100
AcDbEntity
  8
Layer 1
370
    25
100
AcDbSpline
210
0.0
220
0.0
230
1.0
 70
    24
 71
     3
 72
     8
 73
     4
 74
     0
 42
0.000000001
 43
0.0000000001
 40
0.0
 40
0.0
 40
0.0
 40
0.0
 40
1.0
 40
1.0
 40
1.0
 40
1.0
 10
-0.93134
 20
-3.64773
 30
0.0
 10
-0.93134
 20
-3.64773
 30
0.0
 10
-0.88548
 20
-3.64773
 30
0.0
 10
-0.88548
 20
-3.64773
 30
0.0
  0
SPLINE
  5
206
330
1F
100
AcDbEntity
  8
Layer 1
370
    25
100
AcDbSpline
210
0.0
220
0.0
230
1.0
 70
    24
 71
     3
 72
     8
 73
     4
 74
     0
 42
0.000000001
 43
0.0000000001
 40
0.0
 40
0.0
 40
0.0
 40
0.0
 40
1.0
 40
1.0
 40
1.0
 40
1.0
 10
-0.889
 20
-3.6442
 30
0.0
 10
-0.889
 20
-3.6442
 30
0.0
 10
-0.889
 20
-3.40431
 30
0.0
 10
-0.889
 20
-3.40431
 30
0.0
  0
SPLINE
  5
207
330
1F
100
AcDbEntity
  8
Layer 1
370
    25
100
AcDbSpline
210
0.0
220
0.0
230
1.0
 70
    24
 71
     3
 72
     8
 73
     4
 74
     0
 42
0.000000001
 43
0.0000000001
 40
0.0
 40
0.0
 40
0.0
 40
0.0
 40
1.0
 40
1.0
 40
1.0
 40
1.0
 10
-0.88548
 20
-3.64773
 30
0.0
 10
-0.88548
 20
-3.64773
 30
0.0
 10
-0.88548
 20
-3.40078
 30
0.0
 10
-0.88548
 20
-3.40078
 30
0.0
  0
SPLINE
  5
208
330
1F
100
AcDbEntity
  8
Layer 1
370
    25
100
AcDbSpline
210
0.0
220
0.0
230
1.0
 70
    24
 71
     3
 72
     8
 73
     4
 74
     0
 42
0.000000001
 43
0.0000000001
 40
0.0
 40
0.0
 40
0.0
 40
0.0
 40
1.0
 40
1.0
 40
1.0
 40
1.0
 10
-1.3335
 20
-3.56306
 30
0.0
 10
-1.3335
 20
-3.56306
 30
0.0
 10
-1.33703
 20
-3.56306
 30
0.0
 10
-1.33703
 20
-3.56306
 30
0.0
  0
SPLINE
  5
209
330
1F
100
AcDbEntity
  8
Layer 1
370
    25
100
AcDbSpline
210
0.0
220
0.0
230
1.0
 70
    24
 71
     3
 72
     8
 73
     4
 74
     0
 42
0.000000001
 43
0.0000000001
 40
0.0
 40
0.0
 40
0.0
 40
0.0
 40
1.0
 40
1.0
 40
1.0
 40
1.0
 10
-1.3335
 20
-3.57717
 30
0.0
 10
-1.3335
 20
-3.57717
 30
0.0
 10
-1.33703
 20
-3.57717
 30
0.0
 10
-1.33703
 20
-3.57717
 30
0.0
  0
SPLINE
  5
20A
330
1F
100
AcDbEntity
  8
Layer 1
370
    25
100
AcDbSpline
210
0.0
220
0.0
230
1.0
 70
    24
 71
     3
 72
     8
 73
     4
 74
     0
 42
0.000000001
 43
0.0000000001
 40
0.0
 40
0.0
 40
0.0
 40
0.0
 40
1.0
 40
1.0
 40
1.0
 40
1.0
 10
-1.33703
 20
-3.56306
 30
0.0
 10
-1.33703
 20
-3.56306
 30
0.0
 10
-1.33703
 20
-3.57717
 30
0.0
 10
-1.33703
 20
-3.57717
 30
0.0
  0
SPLINE
  5
20B
330
1F
100
AcDbEntity
  8
Layer 1
370
    25
100
AcDbSpline
210
0.0
220
0.0
230
1.0
 70
    24
 71
     3
 72
     8
 73
     4
 74
     0
 42
0.000000001
 43
0.0000000001
 40
0.0
 40
0.0
 40
0.0
 40
0.0
 40
1.0
 40
1.0
 40
1.0
 40
1.0
 10
-1.26295
 20
-3.6442
 30
0.0
 10
-1.26295
 20
-3.6442
 30
0.0
 10
-1.26295
 20
-3.64773
 30
0.0
 10
-1.26295
 20
-3.64773
 30
0.0
  0
SPLINE
  5
20C
330
1F
100
AcDbEntity
  8
Layer 1
370
    25
100
AcDbSpline
210
0.0
220
0.0
230
1.0
 70
     8
 71
     3
 72
    24
 73
    20
 74
     0
 42
0.000000001
 43
0.0000000001
 40
0.0
 40
0.0
 40
0.0
 40
0.0
 40
0.1666666666666667
 40
0.1666666666666667
 40
0.1666666666666667
 40
0.1666666766666667
 40
0.3333333333333333
 40
0.3333333333333333
 40
0.3333333333333333
 40
0.3333333433333333
 40
0.5
 40
0.5
 40
0.5
 40
0.50000001
 40
0.6666666666666666
 40
0.6666666666666666
 40
0.6666666666666666
 40
0.6666666766666667
 40
1.0
 40
1.0
 40
1.0
 40
1.0
 10
-1.33703
 20
-3.57717
 30
0.0
 10
-1.33703
 20
-3.57717
 30
0.0
 10
-1.3335
 20
-3.59834
 30
0.0
 10
-1.3335
 20
-3.59834
 30
0.0
 10
-1.3335
 20
-3.59834
 30
0.0
 10
-1.3335
 20
-3.59834
 30
0.0
 10
-1.32292
 20
-3.61598
 30
0.0
 10
-1.32292
 20
-3.61598
 30
0.0
 10
-1.32292
 20
-3.61598
 30
0.0
 10
-1.32292
 20
-3.61598
 30
0.0
 10
-1.30881
 20
-3.63362
 30
0.0
 10
-1.30881
 20
-3.63362
 30
0.0
 10
-1.30881
 20
-3.63362
 30
0.0
 10
-1.30881
 20
-3.63362
 30
0.0
 10
-1.28411
 20
-3.6442
 30
0.0
 10
-1.28411
 20
-3.6442
 30
0.0
 10
-1.28411
 20
-3.6442
 30
0.0
 10
-1.28411
 20
-3.6442
 30
0.0
 10
-1.26295
 20
-3.64773
 30
0.0
 10
-1.26295
 20
-3.64773
 30
0.0
  0
SPLINE
  5
20D
330
1F
100
AcDbEntity
  8
Layer 1
370
    25
100
AcDbSpline
210
0.0
220
0.0
230
1.0
 70
    24
 71
     3
 72
     8
 73
     4
 74
     0
 42
0.000000001
 43
0.0000000001
 40
0.0
 40
0.0
 40
0.0
 40
0.0
 40
1.0
 40
1.0
 40
1.0
 40
1.0
 10
-1.23473
 20
-3.6442
 30
0.0
 10
-1.23473
 20
-3.6442
 30
0.0
 10
-1.23473
 20
-3.64773
 30
0.0
 10
-1.23473
 20
-3.64773
 30
0.0
  0
SPLINE
  5
20E
330
1F
100
AcDbEntity
  8
Layer 1
370
    25
100
AcDbSpline
210
0.0
220
0.0
230
1.0
 70
    24
 71
     3
 72
     8
 73
     4
 74
     0
 42
0.000000001
 43
0.0000000001
 40
0.0
 40
0.0
 40
0.0
 40
0.0
 40
1.0
 40
1.0
 40
1.0
 40
1.0
 10
-1.26295
 20
-3.64773
 30
0.0
 10
-1.26295
 20
-3.64773
 30
0.0
 10
-1.23473
 20
-3.64773
 30
0.0
 10
-1.23473
 20
-3.64773
 30
0.0
  0
SPLINE
  5
20F
330
1F
100
AcDbEntity
  8
Layer 1
370
    25
100
AcDbSpline
210
0.0
220
0.0
230
1.0
 70
    24
 71
     3
 72
    12
 73
     8
 74
     0
 42
0.000000001
 43
0.0000000001
 40
0.0
 40
0.0
 40
0.0
 40
0.0
 40
0.3333333333333333
 40
0.3333333333333333
 40
0.3333333333333333
 40
0.3333333433333333
 40
1.0
 40
1.0
 40
1.0
 40
1.0
 10
-1.19945
 20
-3.63714
 30
0.0
 10
-1.19945
 20
-3.63714
 30
0.0
 10
-1.19945
 20
-3.63714
 30
0.0
 10
-1.19945
 20
-3.63714
 30
0.0
 10
-1.19945
 20
-3.63714
 30
0.0
 10
-1.19945
 20
-3.63714
 30
0.0
 10
-1.20298
 20
-3.64067
 30
0.0
 10
-1.20298
 20
-3.64067
 30
0.0
  0
SPLINE
  5
210
330
1F
100
AcDbEntity
  8
Layer 1
370
    25
100
AcDbSpline
210
0.0
220
0.0
230
1.0
 70
     8
 71
     3
 72
    16
 73
    12
 74
     0
 42
0.000000001
 43
0.0000000001
 40
0.0
 40
0.0
 40
0.0
 40
0.0
 40
0.25
 40
0.25
 40
0.25
 40
0.25000001
 40
0.5
 40
0.5
 40
0.5
 40
0.50000001
 40
1.0
 40
1.0
 40
1.0
 40
1.0
 10
-1.23473
 20
-3.64773
 30
0.0
 10
-1.23473
 20
-3.64773
 30
0.0
 10
-1.22061
 20
-3.64773
 30
0.0
 10
-1.22061
 20
-3.64773
 30
0.0
 10
-1.22061
 20
-3.64773
 30
0.0
 10
-1.22061
 20
-3.64773
 30
0.0
 10
-1.21356
 20
-3.6442
 30
0.0
 10
-1.21356
 20
-3.6442
 30
0.0
 10
-1.21356
 20
-3.6442
 30
0.0
 10
-1.21356
 20
-3.6442
 30
0.0
 10
-1.20298
 20
-3.64067
 30
0.0
 10
-1.20298
 20
-3.64067
 30
0.0
  0
SPLINE
  5
211
330
1F
100
AcDbEntity
  8
Layer 1
370
    25
100
AcDbSpline
210
0.0
220
0.0
230
1.0
 70
    24
 71
     3
 72
     8
 73
     4
 74
     0
 42
0.000000001
 43
0.0000000001
 40
0.0
 40
0.0
 40
0.0
 40
0.0
 40
1.0
 40
1.0
 40
1.0
 40
1.0
 10
-1.19945
 20
-3.6442
 30
0.0
 10
-1.19945
 20
-3.6442
 30
0.0
 10
-1.20298
 20
-3.64773
 30
0.0
 10
-1.20298
 20
-3.64773
 30
0.0
  0
SPLINE
  5
212
330
1F
100
AcDbEntity
  8
Layer 1
370
    25
100
AcDbSpline
210
0.0
220
0.0
230
1.0
 70
    24
 71
     3
 72
     8
 73
     4
 74
     0
 42
0.000000001
 43
0.0000000001
 40
0.0
 40
0.0
 40
0.0
 40
0.0
 40
1.0
 40
1.0
 40
1.0
 40
1.0
 10
-1.20298
 20
-3.64067
 30
0.0
 10
-1.20298
 20
-3.64067
 30
0.0
 10
-1.20298
 20
-3.64773
 30
0.0
 10
-1.20298
 20
-3.64773
 30
0.0
  0
SPLINE
  5
213
330
1F
100
AcDbEntity
  8
Layer 1
370
    25
100
AcDbSpline
210
0.0
220
0.0
230
1.0
 70
     8
 71
     3
 72
    12
 73
     8
 74
     0
 42
0.000000001
 43
0.0000000001
 40
0.0
 40
0.0
 40
0.0
 40
0.0
 40
0.3333333333333333
 40
0.3333333333333333
 40
0.3333333333333333
 40
0.3333333433333333
 40
1.0
 40
1.0
 40
1.0
 40
1.0
 10
-1.16064
 20
-3.6442
 30
0.0
 10
-1.16064
 20
-3.6442
 30
0.0
 10
-1.15711
 20
-3.6442
 30
0.0
 10
-1.15711
 20
-3.6442
 30
0.0
 10
-1.15711
 20
-3.6442
 30
0.0
 10
-1.15711
 20
-3.6442
 30
0.0
 10
-1.15711
 20
-3.64773
 30
0.0
 10
-1.15711
 20
-3.64773
 30
0.0
  0
SPLINE
  5
214
330
1F
100
AcDbEntity
  8
Layer 1
370
    25
100
AcDbSpline
210
0.0
220
0.0
230
1.0
 70
    24
 71
     3
 72
     8
 73
     4
 74
     0
 42
0.000000001
 43
0.0000000001
 40
0.0
 40
0.0
 40
0.0
 40
0.0
 40
1.0
 40
1.0
 40
1.0
 40
1.0
 10
-1.20298
 20
-3.64773
 30
0.0
 10
-1.20298
 20
-3.64773
 30
0.0
 10
-1.15711
 20
-3.64773
 30
0.0
 10
-1.15711
 20
-3.64773
 30
0.0
  0
SPLINE
  5
215
330
1F
100
AcDbEntity
  8
Layer 1
370
    25
100
AcDbSpline
210
0.0
220
0.0
230
1.0
 70
    24
 71
     3
 72
    16
 73
    12
 74
     0
 42
0.000000001
 43
0.0000000001
 40
0.0
 40
0.0
 40
0.0
 40
0.0
 40
0.25
 40
0.25
 40
0.25
 40
0.25000001
 40
0.5
 40
0.5
 40
0.5
 40
0.50000001
 40
1.0
 40
1.0
 40
1.0
 40
1.0
 10
-1.15711
 20
-3.64773
 30
0.0
 10
-1.15711
 20
-3.64773
 30
0.0
 10
-1.15711
 20
-3.59834
 30
0.0
 10
-1.15711
 20
-3.59834
 30
0.0
 10
-1.15711
 20
-3.59834
 30
0.0
 10
-1.15711
 20
-3.59834
 30
0.0
 10
-1.15711
 20
-3.54895
 30
0.0
 10
-1.15711
 20
-3.54895
 30
0.0
 10
-1.15711
 20
-3.54895
 30
0.0
 10
-1.15711
 20
-3.54895
 30
0.0
 10
-1.15711
 20
-3.47134
 30
0.0
 10
-1.15711
 20
-3.47134
 30
0.0
  0
SPLINE
  5
216
330
1F
100
AcDbEntity
  8
Layer 1
370
    25
100
AcDbSpline
210
0.0
220
0.0
230
1.0
 70
     8
 71
     3
 72
    12
 73
     8
 74
     0
 42
0.000000001
 43
0.0000000001
 40
0.0
 40
0.0
 40
0.0
 40
0.0
 40
0.3333333333333333
 40
0.3333333333333333
 40
0.3333333333333333
 40
0.3333333433333333
 40
1.0
 40
1.0
 40
1.0
 40
1.0
 10
-1.82739
 20
-3.58775
 30
0.0
 10
-1.82739
 20
-3.58775
 30
0.0
 10
-1.83092
 20
-3.58423
 30
0.0
 10
-1.83092
 20
-3.58423
 30
0.0
 10
-1.83092
 20
-3.58423
 30
0.0
 10
-1.83092
 20
-3.58423
 30
0.0
 10
-1.83092
 20
-3.5807
 30
0.0
 10
-1.83092
 20
-3.5807
 30
0.0
  0
SPLINE
  5
217
330
1F
100
AcDbEntity
  8
Layer 1
370
    25
100
AcDbSpline
210
0.0
220
0.0
230
1.0
 70
    24
 71
     3
 72
     8
 73
     4
 74
     0
 42
0.000000001
 43
0.0000000001
 40
0.0
 40
0.0
 40
0.0
 40
0.0
 40
1.0
 40
1.0
 40
1.0
 40
1.0
 10
-1.87678
 20
-3.63009
 30
0.0
 10
-1.87678
 20
-3.63009
 30
0.0
 10
-1.87678
 20
-3.62656
 30
0.0
 10
-1.87678
 20
-3.62656
 30
0.0
  0
SPLINE
  5
218
330
1F
100
AcDbEntity
  8
Layer 1
370
    25
100
AcDbSpline
210
0.0
220
0.0
230
1.0
 70
     8
 71
     3
 72
    24
 73
    20
 74
     0
 42
0.000000001
 43
0.0000000001
 40
0.0
 40
0.0
 40
0.0
 40
0.0
 40
0.1666666666666667
 40
0.1666666666666667
 40
0.1666666666666667
 40
0.1666666766666667
 40
0.3333333333333333
 40
0.3333333333333333
 40
0.3333333333333333
 40
0.3333333433333333
 40
0.5
 40
0.5
 40
0.5
 40
0.50000001
 40
0.6666666666666666
 40
0.6666666666666666
 40
0.6666666666666666
 40
0.6666666766666667
 40
1.0
 40
1.0
 40
1.0
 40
1.0
 10
-1.83092
 20
-3.5807
 30
0.0
 10
-1.83092
 20
-3.5807
 30
0.0
 10
-1.83445
 20
-3.59834
 30
0.0
 10
-1.83445
 20
-3.59834
 30
0.0
 10
-1.83445
 20
-3.59834
 30
0.0
 10
-1.83445
 20
-3.59834
 30
0.0
 10
-1.8415
 20
-3.60892
 30
0.0
 10
-1.8415
 20
-3.60892
 30
0.0
 10
-1.8415
 20
-3.60892
 30
0.0
 10
-1.8415
 20
-3.60892
 30
0.0
 10
-1.85209
 20
-3.6195
 30
0.0
 10
-1.85209
 20
-3.6195
 30
0.0
 10
-1.85209
 20
-3.6195
 30
0.0
 10
-1.85209
 20
-3.6195
 30
0.0
 10
-1.8662
 20
-3.62656
 30
0.0
 10
-1.8662
 20
-3.62656
 30
0.0
 10
-1.8662
 20
-3.62656
 30
0.0
 10
-1.8662
 20
-3.62656
 30
0.0
 10
-1.87678
 20
-3.62656
 30
0.0
 10
-1.87678
 20
-3.62656
 30
0.0
  0
SPLINE
  5
219
330
1F
100
AcDbEntity
  8
Layer 1
370
    25
100
AcDbSpline
210
0.0
220
0.0
230
1.0
 70
    24
 71
     3
 72
     8
 73
     4
 74
     0
 42
0.000000001
 43
0.0000000001
 40
0.0
 40
0.0
 40
0.0
 40
0.0
 40
1.0
 40
1.0
 40
1.0
 40
1.0
 10
-1.92617
 20
-3.5807
 30
0.0
 10
-1.92617
 20
-3.5807
 30
0.0
 10
-1.92264
 20
-3.5807
 30
0.0
 10
-1.92264
 20
-3.5807
 30
0.0
  0
SPLINE
  5
21A
330
1F
100
AcDbEntity
  8
Layer 1
370
    25
100
AcDbSpline
210
0.0
220
0.0
230
1.0
 70
     8
 71
     3
 72
    24
 73
    20
 74
     0
 42
0.000000001
 43
0.0000000001
 40
0.0
 40
0.0
 40
0.0
 40
0.0
 40
0.1666666666666667
 40
0.1666666666666667
 40
0.1666666666666667
 40
0.1666666766666667
 40
0.3333333333333333
 40
0.3333333333333333
 40
0.3333333333333333
 40
0.3333333433333333
 40
0.5
 40
0.5
 40
0.5
 40
0.50000001
 40
0.6666666666666666
 40
0.6666666666666666
 40
0.6666666666666666
 40
0.6666666766666667
 40
1.0
 40
1.0
 40
1.0
 40
1.0
 10
-1.87678
 20
-3.62656
 30
0.0
 10
-1.87678
 20
-3.62656
 30
0.0
 10
-1.89089
 20
-3.62303
 30
0.0
 10
-1.89089
 20
-3.62303
 30
0.0
 10
-1.89089
 20
-3.62303
 30
0.0
 10
-1.89089
 20
-3.62303
 30
0.0
 10
-1.905
 20
-3.61598
 30
0.0
 10
-1.905
 20
-3.61598
 30
0.0
 10
-1.905
 20
-3.61598
 30
0.0
 10
-1.905
 20
-3.61598
 30
0.0
 10
-1.91559
 20
-3.60539
 30
0.0
 10
-1.91559
 20
-3.60539
 30
0.0
 10
-1.91559
 20
-3.60539
 30
0.0
 10
-1.91559
 20
-3.60539
 30
0.0
 10
-1.92264
 20
-3.59128
 30
0.0
 10
-1.92264
 20
-3.59128
 30
0.0
 10
-1.92264
 20
-3.59128
 30
0.0
 10
-1.92264
 20
-3.59128
 30
0.0
 10
-1.92264
 20
-3.5807
 30
0.0
 10
-1.92264
 20
-3.5807
 30
0.0
  0
SPLINE
  5
21B
330
1F
100
AcDbEntity
  8
Layer 1
370
    25
100
AcDbSpline
210
0.0
220
0.0
230
1.0
 70
    24
 71
     3
 72
     8
 73
     4
 74
     0
 42
0.000000001
 43
0.0000000001
 40
0.0
 40
0.0
 40
0.0
 40
0.0
 40
1.0
 40
1.0
 40
1.0
 40
1.0
 10
-1.92617
 20
-3.46781
 30
0.0
 10
-1.92617
 20
-3.46781
 30
0.0
 10
-1.92264
 20
-3.46781
 30
0.0
 10
-1.92264
 20
-3.46781
 30
0.0
  0
SPLINE
  5
21C
330
1F
100
AcDbEntity
  8
Layer 1
370
    25
100
AcDbSpline
210
0.0
220
0.0
230
1.0
 70
    24
 71
     3
 72
     8
 73
     4
 74
     0
 42
0.000000001
 43
0.0000000001
 40
0.0
 40
0.0
 40
0.0
 40
0.0
 40
1.0
 40
1.0
 40
1.0
 40
1.0
 10
-1.92264
 20
-3.5807
 30
0.0
 10
-1.92264
 20
-3.5807
 30
0.0
 10
-1.92264
 20
-3.46781
 30
0.0
 10
-1.92264
 20
-3.46781
 30
0.0
  0
SPLINE
  5
21D
330
1F
100
AcDbEntity
  8
Layer 1
370
    25
100
AcDbSpline
210
0.0
220
0.0
230
1.0
 70
    24
 71
     3
 72
     8
 73
     4
 74
     0
 42
0.000000001
 43
0.0000000001
 40
0.0
 40
0.0
 40
0.0
 40
0.0
 40
1.0
 40
1.0
 40
1.0
 40
1.0
 10
-1.87678
 20
-3.41842
 30
0.0
 10
-1.87678
 20
-3.41842
 30
0.0
 10
-1.87678
 20
-3.42195
 30
0.0
 10
-1.87678
 20
-3.42195
 30
0.0
  0
SPLINE
  5
21E
330
1F
100
AcDbEntity
  8
Layer 1
370
    25
100
AcDbSpline
210
0.0
220
0.0
230
1.0
 70
     8
 71
     3
 72
    24
 73
    20
 74
     0
 42
0.000000001
 43
0.0000000001
 40
0.0
 40
0.0
 40
0.0
 40
0.0
 40
0.1666666666666667
 40
0.1666666666666667
 40
0.1666666666666667
 40
0.1666666766666667
 40
0.3333333333333333
 40
0.3333333333333333
 40
0.3333333333333333
 40
0.3333333433333333
 40
0.5
 40
0.5
 40
0.5
 40
0.50000001
 40
0.6666666666666666
 40
0.6666666666666666
 40
0.6666666666666666
 40
0.6666666766666667
 40
1.0
 40
1.0
 40
1.0
 40
1.0
 10
-1.92264
 20
-3.46781
 30
0.0
 10
-1.92264
 20
-3.46781
 30
0.0
 10
-1.91911
 20
-3.4537
 30
0.0
 10
-1.91911
 20
-3.4537
 30
0.0
 10
-1.91911
 20
-3.4537
 30
0.0
 10
-1.91911
 20
-3.4537
 30
0.0
 10
-1.91206
 20
-3.43959
 30
0.0
 10
-1.91206
 20
-3.43959
 30
0.0
 10
-1.91206
 20
-3.43959
 30
0.0
 10
-1.91206
 20
-3.43959
 30
0.0
 10
-1.90148
 20
-3.429
 30
0.0
 10
-1.90148
 20
-3.429
 30
0.0
 10
-1.90148
 20
-3.429
 30
0.0
 10
-1.90148
 20
-3.429
 30
0.0
 10
-1.88736
 20
-3.42195
 30
0.0
 10
-1.88736
 20
-3.42195
 30
0.0
 10
-1.88736
 20
-3.42195
 30
0.0
 10
-1.88736
 20
-3.42195
 30
0.0
 10
-1.87678
 20
-3.42195
 30
0.0
 10
-1.87678
 20
-3.42195
 30
0.0
  0
SPLINE
  5
21F
330
1F
100
AcDbEntity
  8
Layer 1
370
    25
100
AcDbSpline
210
0.0
220
0.0
230
1.0
 70
     8
 71
     3
 72
    24
 73
    20
 74
     0
 42
0.000000001
 43
0.0000000001
 40
0.0
 40
0.0
 40
0.0
 40
0.0
 40
0.1666666666666667
 40
0.1666666666666667
 40
0.1666666666666667
 40
0.1666666766666667
 40
0.3333333333333333
 40
0.3333333333333333
 40
0.3333333333333333
 40
0.3333333433333333
 40
0.5
 40
0.5
 40
0.5
 40
0.50000001
 40
0.6666666666666666
 40
0.6666666666666666
 40
0.6666666666666666
 40
0.6666666766666667
 40
1.0
 40
1.0
 40
1.0
 40
1.0
 10
-1.87678
 20
-3.42195
 30
0.0
 10
-1.87678
 20
-3.42195
 30
0.0
 10
-1.86267
 20
-3.42548
 30
0.0
 10
-1.86267
 20
-3.42548
 30
0.0
 10
-1.86267
 20
-3.42548
 30
0.0
 10
-1.86267
 20
-3.42548
 30
0.0
 10
-1.84856
 20
-3.43253
 30
0.0
 10
-1.84856
 20
-3.43253
 30
0.0
 10
-1.84856
 20
-3.43253
 30
0.0
 10
-1.84856
 20
-3.43253
 30
0.0
 10
-1.83798
 20
-3.44312
 30
0.0
 10
-1.83798
 20
-3.44312
 30
0.0
 10
-1.83798
 20
-3.44312
 30
0.0
 10
-1.83798
 20
-3.44312
 30
0.0
 10
-1.83092
 20
-3.45723
 30
0.0
 10
-1.83092
 20
-3.45723
 30
0.0
 10
-1.83092
 20
-3.45723
 30
0.0
 10
-1.83092
 20
-3.45723
 30
0.0
 10
-1.83092
 20
-3.46781
 30
0.0
 10
-1.83092
 20
-3.46781
 30
0.0
  0
SPLINE
  5
220
330
1F
100
AcDbEntity
  8
Layer 1
370
    25
100
AcDbSpline
210
0.0
220
0.0
230
1.0
 70
    24
 71
     3
 72
     8
 73
     4
 74
     0
 42
0.000000001
 43
0.0000000001
 40
0.0
 40
0.0
 40
0.0
 40
0.0
 40
1.0
 40
1.0
 40
1.0
 40
1.0
 10
-0.92781
 20
-3.37256
 30
0.0
 10
-0.92781
 20
-3.37256
 30
0.0
 10
-0.889
 20
-3.37256
 30
0.0
 10
-0.889
 20
-3.37256
 30
0.0
  0
SPLINE
  5
221
330
1F
100
AcDbEntity
  8
Layer 1
370
    25
100
AcDbSpline
210
0.0
220
0.0
230
1.0
 70
    24
 71
     3
 72
     8
 73
     4
 74
     0
 42
0.000000001
 43
0.0000000001
 40
0.0
 40
0.0
 40
0.0
 40
0.0
 40
1.0
 40
1.0
 40
1.0
 40
1.0
 10
-0.889
 20
-3.37256
 30
0.0
 10
-0.889
 20
-3.37256
 30
0.0
 10
-0.88548
 20
-3.37609
 30
0.0
 10
-0.88548
 20
-3.37609
 30
0.0
  0
SPLINE
  5
222
330
1F
100
AcDbEntity
  8
Layer 1
370
    25
100
AcDbSpline
210
0.0
220
0.0
230
1.0
 70
    24
 71
     3
 72
     8
 73
     4
 74
     0
 42
0.000000001
 43
0.0000000001
 40
0.0
 40
0.0
 40
0.0
 40
0.0
 40
1.0
 40
1.0
 40
1.0
 40
1.0
 10
-0.93134
 20
-3.37609
 30
0.0
 10
-0.93134
 20
-3.37609
 30
0.0
 10
-0.88548
 20
-3.37609
 30
0.0
 10
-0.88548
 20
-3.37609
 30
0.0
  0
SPLINE
  5
223
330
1F
100
AcDbEntity
  8
Layer 1
370
    25
100
AcDbSpline
210
0.0
220
0.0
230
1.0
 70
    24
 71
     3
 72
     8
 73
     4
 74
     0
 42
0.000000001
 43
0.0000000001
 40
0.0
 40
0.0
 40
0.0
 40
0.0
 40
1.0
 40
1.0
 40
1.0
 40
1.0
 10
-0.889
 20
-3.37256
 30
0.0
 10
-0.889
 20
-3.37256
 30
0.0
 10
-0.889
 20
-3.34434
 30
0.0
 10
-0.889
 20
-3.34434
 30
0.0
  0
SPLINE
  5
224
330
1F
100
AcDbEntity
  8
Layer 1
370
    25
100
AcDbSpline
210
0.0
220
0.0
230
1.0
 70
    24
 71
     3
 72
     8
 73
     4
 74
     0
 42
0.000000001
 43
0.0000000001
 40
0.0
 40
0.0
 40
0.0
 40
0.0
 40
1.0
 40
1.0
 40
1.0
 40
1.0
 10
-0.889
 20
-3.34434
 30
0.0
 10
-0.889
 20
-3.34434
 30
0.0
 10
-0.88548
 20
-3.34081
 30
0.0
 10
-0.88548
 20
-3.34081
 30
0.0
  0
SPLINE
  5
225
330
1F
100
AcDbEntity
  8
Layer 1
370
    25
100
AcDbSpline
210
0.0
220
0.0
230
1.0
 70
    24
 71
     3
 72
     8
 73
     4
 74
     0
 42
0.000000001
 43
0.0000000001
 40
0.0
 40
0.0
 40
0.0
 40
0.0
 40
1.0
 40
1.0
 40
1.0
 40
1.0
 10
-0.88548
 20
-3.37609
 30
0.0
 10
-0.88548
 20
-3.37609
 30
0.0
 10
-0.88548
 20
-3.34081
 30
0.0
 10
-0.88548
 20
-3.34081
 30
0.0
  0
SPLINE
  5
226
330
1F
100
AcDbEntity
  8
Layer 1
370
    25
100
AcDbSpline
210
0.0
220
0.0
230
1.0
 70
    24
 71
     3
 72
     8
 73
     4
 74
     0
 42
0.000000001
 43
0.0000000001
 40
0.0
 40
0.0
 40
0.0
 40
0.0
 40
1.0
 40
1.0
 40
1.0
 40
1.0
 10
-0.889
 20
-3.34434
 30
0.0
 10
-0.889
 20
-3.34434
 30
0.0
 10
-0.92781
 20
-3.34434
 30
0.0
 10
-0.92781
 20
-3.34434
 30
0.0
  0
SPLINE
  5
227
330
1F
100
AcDbEntity
  8
Layer 1
370
    25
100
AcDbSpline
210
0.0
220
0.0
230
1.0
 70
    24
 71
     3
 72
     8
 73
     4
 74
     0
 42
0.000000001
 43
0.0000000001
 40
0.0
 40
0.0
 40
0.0
 40
0.0
 40
1.0
 40
1.0
 40
1.0
 40
1.0
 10
-0.88548
 20
-3.34081
 30
0.0
 10
-0.88548
 20
-3.34081
 30
0.0
 10
-0.93134
 20
-3.34081
 30
0.0
 10
-0.93134
 20
-3.34081
 30
0.0
  0
SPLINE
  5
228
330
1F
100
AcDbEntity
  8
Layer 1
370
    25
100
AcDbSpline
210
0.0
220
0.0
230
1.0
 70
    24
 71
     3
 72
     8
 73
     4
 74
     0
 42
0.000000001
 43
0.0000000001
 40
0.0
 40
0.0
 40
0.0
 40
0.0
 40
1.0
 40
1.0
 40
1.0
 40
1.0
 10
-1.65453
 20
-3.40078
 30
0.0
 10
-1.65453
 20
-3.40078
 30
0.0
 10
-1.67923
 20
-3.40078
 30
0.0
 10
-1.67923
 20
-3.40078
 30
0.0
  0
SPLINE
  5
229
330
1F
100
AcDbEntity
  8
Layer 1
370
    25
100
AcDbSpline
210
0.0
220
0.0
230
1.0
 70
    24
 71
     3
 72
     8
 73
     4
 74
     0
 42
0.000000001
 43
0.0000000001
 40
0.0
 40
0.0
 40
0.0
 40
0.0
 40
1.0
 40
1.0
 40
1.0
 40
1.0
 10
-1.86267
 20
-3.40078
 30
0.0
 10
-1.86267
 20
-3.40078
 30
0.0
 10
-1.89089
 20
-3.40078
 30
0.0
 10
-1.89089
 20
-3.40078
 30
0.0
  0
SPLINE
  5
22A
330
1F
100
AcDbEntity
  8
Layer 1
370
    25
100
AcDbSpline
210
0.0
220
0.0
230
1.0
 70
    24
 71
     3
 72
     8
 73
     4
 74
     0
 42
0.000000001
 43
0.0000000001
 40
0.0
 40
0.0
 40
0.0
 40
0.0
 40
1.0
 40
1.0
 40
1.0
 40
1.0
 10
-1.25942
 20
-3.49956
 30
0.0
 10
-1.25942
 20
-3.49956
 30
0.0
 10
-1.25942
 20
-3.49603
 30
0.0
 10
-1.25942
 20
-3.49603
 30
0.0
  0
SPLINE
  5
22B
330
1F
100
AcDbEntity
  8
Layer 1
370
    25
100
AcDbSpline
210
0.0
220
0.0
230
1.0
 70
     8
 71
     3
 72
    24
 73
    20
 74
     0
 42
0.000000001
 43
0.0000000001
 40
0.0
 40
0.0
 40
0.0
 40
0.0
 40
0.1666666666666667
 40
0.1666666666666667
 40
0.1666666666666667
 40
0.1666666766666667
 40
0.3333333333333333
 40
0.3333333333333333
 40
0.3333333333333333
 40
0.3333333433333333
 40
0.5
 40
0.5
 40
0.5
 40
0.50000001
 40
0.6666666666666666
 40
0.6666666666666666
 40
0.6666666666666666
 40
0.6666666766666667
 40
1.0
 40
1.0
 40
1.0
 40
1.0
 10
-1.25942
 20
-3.49603
 30
0.0
 10
-1.25942
 20
-3.49603
 30
0.0
 10
-1.28411
 20
-3.49956
 30
0.0
 10
-1.28411
 20
-3.49956
 30
0.0
 10
-1.28411
 20
-3.49956
 30
0.0
 10
-1.28411
 20
-3.49956
 30
0.0
 10
-1.30881
 20
-3.51014
 30
0.0
 10
-1.30881
 20
-3.51014
 30
0.0
 10
-1.30881
 20
-3.51014
 30
0.0
 10
-1.30881
 20
-3.51014
 30
0.0
 10
-1.32645
 20
-3.52778
 30
0.0
 10
-1.32645
 20
-3.52778
 30
0.0
 10
-1.32645
 20
-3.52778
 30
0.0
 10
-1.32645
 20
-3.52778
 30
0.0
 10
-1.33703
 20
-3.54542
 30
0.0
 10
-1.33703
 20
-3.54542
 30
0.0
 10
-1.33703
 20
-3.54542
 30
0.0
 10
-1.33703
 20
-3.54542
 30
0.0
 10
-1.33703
 20
-3.56306
 30
0.0
 10
-1.33703
 20
-3.56306
 30
0.0
  0
SPLINE
  5
22C
330
1F
100
AcDbEntity
  8
Layer 1
370
    25
100
AcDbSpline
210
0.0
220
0.0
230
1.0
 70
    24
 71
     3
 72
     8
 73
     4
 74
     0
 42
0.000000001
 43
0.0000000001
 40
0.0
 40
0.0
 40
0.0
 40
0.0
 40
1.0
 40
1.0
 40
1.0
 40
1.0
 10
-1.96498
 20
-3.57717
 30
0.0
 10
-1.96498
 20
-3.57717
 30
0.0
 10
-1.9685
 20
-3.57717
 30
0.0
 10
-1.9685
 20
-3.57717
 30
0.0
  0
SPLINE
  5
22D
330
1F
100
AcDbEntity
  8
Layer 1
370
    25
100
AcDbSpline
210
0.0
220
0.0
230
1.0
 70
    24
 71
     3
 72
     8
 73
     4
 74
     0
 42
0.000000001
 43
0.0000000001
 40
0.0
 40
0.0
 40
0.0
 40
0.0
 40
1.0
 40
1.0
 40
1.0
 40
1.0
 10
-1.9685
 20
-3.47134
 30
0.0
 10
-1.9685
 20
-3.47134
 30
0.0
 10
-1.9685
 20
-3.57717
 30
0.0
 10
-1.9685
 20
-3.57717
 30
0.0
  0
SPLINE
  5
22E
330
1F
100
AcDbEntity
  8
Layer 1
370
    25
100
AcDbSpline
210
0.0
220
0.0
230
1.0
 70
    24
 71
     3
 72
     8
 73
     4
 74
     0
 42
0.000000001
 43
0.0000000001
 40
0.0
 40
0.0
 40
0.0
 40
0.0
 40
1.0
 40
1.0
 40
1.0
 40
1.0
 10
-1.89089
 20
-3.6442
 30
0.0
 10
-1.89089
 20
-3.6442
 30
0.0
 10
-1.89089
 20
-3.64773
 30
0.0
 10
-1.89089
 20
-3.64773
 30
0.0
  0
SPLINE
  5
22F
330
1F
100
AcDbEntity
  8
Layer 1
370
    25
100
AcDbSpline
210
0.0
220
0.0
230
1.0
 70
     8
 71
     3
 72
    24
 73
    20
 74
     0
 42
0.000000001
 43
0.0000000001
 40
0.0
 40
0.0
 40
0.0
 40
0.0
 40
0.1666666666666667
 40
0.1666666666666667
 40
0.1666666666666667
 40
0.1666666766666667
 40
0.3333333333333333
 40
0.3333333333333333
 40
0.3333333333333333
 40
0.3333333433333333
 40
0.5
 40
0.5
 40
0.5
 40
0.50000001
 40
0.6666666666666666
 40
0.6666666666666666
 40
0.6666666666666666
 40
0.6666666766666667
 40
1.0
 40
1.0
 40
1.0
 40
1.0
 10
-1.9685
 20
-3.57717
 30
0.0
 10
-1.9685
 20
-3.57717
 30
0.0
 10
-1.96498
 20
-3.59834
 30
0.0
 10
-1.96498
 20
-3.59834
 30
0.0
 10
-1.96498
 20
-3.59834
 30
0.0
 10
-1.96498
 20
-3.59834
 30
0.0
 10
-1.95439
 20
-3.61598
 30
0.0
 10
-1.95439
 20
-3.61598
 30
0.0
 10
-1.95439
 20
-3.61598
 30
0.0
 10
-1.95439
 20
-3.61598
 30
0.0
 10
-1.93675
 20
-3.63362
 30
0.0
 10
-1.93675
 20
-3.63362
 30
0.0
 10
-1.93675
 20
-3.63362
 30
0.0
 10
-1.93675
 20
-3.63362
 30
0.0
 10
-1.91559
 20
-3.6442
 30
0.0
 10
-1.91559
 20
-3.6442
 30
0.0
 10
-1.91559
 20
-3.6442
 30
0.0
 10
-1.91559
 20
-3.6442
 30
0.0
 10
-1.89089
 20
-3.64773
 30
0.0
 10
-1.89089
 20
-3.64773
 30
0.0
  0
SPLINE
  5
230
330
1F
100
AcDbEntity
  8
Layer 1
370
    25
100
AcDbSpline
210
0.0
220
0.0
230
1.0
 70
    24
 71
     3
 72
     8
 73
     4
 74
     0
 42
0.000000001
 43
0.0000000001
 40
0.0
 40
0.0
 40
0.0
 40
0.0
 40
1.0
 40
1.0
 40
1.0
 40
1.0
 10
-1.86267
 20
-3.6442
 30
0.0
 10
-1.86267
 20
-3.6442
 30
0.0
 10
-1.86267
 20
-3.64773
 30
0.0
 10
-1.86267
 20
-3.64773
 30
0.0
  0
SPLINE
  5
231
330
1F
100
AcDbEntity
  8
Layer 1
370
    25
100
AcDbSpline
210
0.0
220
0.0
230
1.0
 70
    24
 71
     3
 72
     8
 73
     4
 74
     0
 42
0.000000001
 43
0.0000000001
 40
0.0
 40
0.0
 40
0.0
 40
0.0
 40
1.0
 40
1.0
 40
1.0
 40
1.0
 10
-1.89089
 20
-3.64773
 30
0.0
 10
-1.89089
 20
-3.64773
 30
0.0
 10
-1.86267
 20
-3.64773
 30
0.0
 10
-1.86267
 20
-3.64773
 30
0.0
  0
SPLINE
  5
232
330
1F
100
AcDbEntity
  8
Layer 1
370
    25
100
AcDbSpline
210
0.0
220
0.0
230
1.0
 70
    24
 71
     3
 72
     8
 73
     4
 74
     0
 42
0.000000001
 43
0.0000000001
 40
0.0
 40
0.0
 40
0.0
 40
0.0
 40
1.0
 40
1.0
 40
1.0
 40
1.0
 10
-1.79211
 20
-3.59481
 30
0.0
 10
-1.79211
 20
-3.59481
 30
0.0
 10
-1.78859
 20
-3.59481
 30
0.0
 10
-1.78859
 20
-3.59481
 30
0.0
  0
SPLINE
  5
233
330
1F
100
AcDbEntity
  8
Layer 1
370
    25
100
AcDbSpline
210
0.0
220
0.0
230
1.0
 70
     8
 71
     3
 72
    20
 73
    16
 74
     0
 42
0.000000001
 43
0.0000000001
 40
0.0
 40
0.0
 40
0.0
 40
0.0
 40
0.2
 40
0.2
 40
0.2
 40
0.20000001
 40
0.4
 40
0.4
 40
0.4
 40
0.40000001
 40
0.6
 40
0.6
 40
0.6
 40
0.60000001
 40
1.0
 40
1.0
 40
1.0
 40
1.0
 10
-1.86267
 20
-3.64773
 30
0.0
 10
-1.86267
 20
-3.64773
 30
0.0
 10
-1.83798
 20
-3.6442
 30
0.0
 10
-1.83798
 20
-3.6442
 30
0.0
 10
-1.83798
 20
-3.6442
 30
0.0
 10
-1.83798
 20
-3.6442
 30
0.0
 10
-1.81328
 20
-3.63009
 30
0.0
 10
-1.81328
 20
-3.63009
 30
0.0
 10
-1.81328
 20
-3.63009
 30
0.0
 10
-1.81328
 20
-3.63009
 30
0.0
 10
-1.79564
 20
-3.60892
 30
0.0
 10
-1.79564
 20
-3.60892
 30
0.0
 10
-1.79564
 20
-3.60892
 30
0.0
 10
-1.79564
 20
-3.60892
 30
0.0
 10
-1.78859
 20
-3.59481
 30
0.0
 10
-1.78859
 20
-3.59481
 30
0.0
  0
SPLINE
  5
234
330
1F
100
AcDbEntity
  8
Layer 1
370
    25
100
AcDbSpline
210
0.0
220
0.0
230
1.0
 70
    24
 71
     3
 72
     8
 73
     4
 74
     0
 42
0.000000001
 43
0.0000000001
 40
0.0
 40
0.0
 40
0.0
 40
0.0
 40
1.0
 40
1.0
 40
1.0
 40
1.0
 10
-1.78859
 20
-3.59481
 30
0.0
 10
-1.78859
 20
-3.59481
 30
0.0
 10
-1.83092
 20
-3.5807
 30
0.0
 10
-1.83092
 20
-3.5807
 30
0.0
  0
SPLINE
  5
235
330
1F
100
AcDbEntity
  8
Layer 1
370
    25
100
AcDbSpline
210
0.0
220
0.0
230
1.0
 70
    24
 71
     3
 72
     8
 73
     4
 74
     0
 42
0.000000001
 43
0.0000000001
 40
0.0
 40
0.0
 40
0.0
 40
0.0
 40
1.0
 40
1.0
 40
1.0
 40
1.0
 10
-1.19945
 20
-3.49956
 30
0.0
 10
-1.19945
 20
-3.49956
 30
0.0
 10
-1.20298
 20
-3.49603
 30
0.0
 10
-1.20298
 20
-3.49603
 30
0.0
  0
SPLINE
  5
236
330
1F
100
AcDbEntity
  8
Layer 1
370
    25
100
AcDbSpline
210
0.0
220
0.0
230
1.0
 70
    24
 71
     3
 72
     8
 73
     4
 74
     0
 42
0.000000001
 43
0.0000000001
 40
0.0
 40
0.0
 40
0.0
 40
0.0
 40
1.0
 40
1.0
 40
1.0
 40
1.0
 10
-1.20298
 20
-3.46428
 30
0.0
 10
-1.20298
 20
-3.46428
 30
0.0
 10
-1.20298
 20
-3.49603
 30
0.0
 10
-1.20298
 20
-3.49603
 30
0.0
  0
SPLINE
  5
237
330
1F
100
AcDbEntity
  8
Layer 1
370
    25
100
AcDbSpline
210
0.0
220
0.0
230
1.0
 70
    24
 71
     3
 72
     8
 73
     4
 74
     0
 42
0.000000001
 43
0.0000000001
 40
0.0
 40
0.0
 40
0.0
 40
0.0
 40
1.0
 40
1.0
 40
1.0
 40
1.0
 10
-1.20298
 20
-3.49603
 30
0.0
 10
-1.20298
 20
-3.49603
 30
0.0
 10
-1.25942
 20
-3.49603
 30
0.0
 10
-1.25942
 20
-3.49603
 30
0.0
  0
SPLINE
  5
238
330
1F
100
AcDbEntity
  8
Layer 1
370
    25
100
AcDbSpline
210
0.0
220
0.0
230
1.0
 70
    24
 71
     3
 72
    12
 73
     8
 74
     0
 42
0.000000001
 43
0.0000000001
 40
0.0
 40
0.0
 40
0.0
 40
0.0
 40
0.3333333333333333
 40
0.3333333333333333
 40
0.3333333333333333
 40
0.3333333433333333
 40
1.0
 40
1.0
 40
1.0
 40
1.0
 10
-2.03906
 20
-3.40431
 30
0.0
 10
-2.03906
 20
-3.40431
 30
0.0
 10
-2.03906
 20
-3.40431
 30
0.0
 10
-2.03906
 20
-3.40431
 30
0.0
 10
-2.03906
 20
-3.40431
 30
0.0
 10
-2.03906
 20
-3.40431
 30
0.0
 10
-2.03906
 20
-3.40784
 30
0.0
 10
-2.03906
 20
-3.40784
 30
0.0
  0
SPLINE
  5
239
330
1F
100
AcDbEntity
  8
Layer 1
370
    25
100
AcDbSpline
210
0.0
220
0.0
230
1.0
 70
     8
 71
     3
 72
    24
 73
    20
 74
     0
 42
0.000000001
 43
0.0000000001
 40
0.0
 40
0.0
 40
0.0
 40
0.0
 40
0.1666666666666667
 40
0.1666666666666667
 40
0.1666666666666667
 40
0.1666666766666667
 40
0.3333333333333333
 40
0.3333333333333333
 40
0.3333333333333333
 40
0.3333333433333333
 40
0.5
 40
0.5
 40
0.5
 40
0.50000001
 40
0.6666666666666666
 40
0.6666666666666666
 40
0.6666666666666666
 40
0.6666666766666667
 40
1.0
 40
1.0
 40
1.0
 40
1.0
 10
-2.08492
 20
-3.36198
 30
0.0
 10
-2.08492
 20
-3.36198
 30
0.0
 10
-2.07081
 20
-3.3655
 30
0.0
 10
-2.07081
 20
-3.3655
 30
0.0
 10
-2.07081
 20
-3.3655
 30
0.0
 10
-2.07081
 20
-3.3655
 30
0.0
 10
-2.0567
 20
-3.37256
 30
0.0
 10
-2.0567
 20
-3.37256
 30
0.0
 10
-2.0567
 20
-3.37256
 30
0.0
 10
-2.0567
 20
-3.37256
 30
0.0
 10
-2.04611
 20
-3.38314
 30
0.0
 10
-2.04611
 20
-3.38314
 30
0.0
 10
-2.04611
 20
-3.38314
 30
0.0
 10
-2.04611
 20
-3.38314
 30
0.0
 10
-2.04259
 20
-3.39725
 30
0.0
 10
-2.04259
 20
-3.39725
 30
0.0
 10
-2.04259
 20
-3.39725
 30
0.0
 10
-2.04259
 20
-3.39725
 30
0.0
 10
-2.03906
 20
-3.40784
 30
0.0
 10
-2.03906
 20
-3.40784
 30
0.0
  0
SPLINE
  5
23A
330
1F
100
AcDbEntity
  8
Layer 1
370
    25
100
AcDbSpline
210
0.0
220
0.0
230
1.0
 70
    24
 71
     3
 72
     8
 73
     4
 74
     0
 42
0.000000001
 43
0.0000000001
 40
0.0
 40
0.0
 40
0.0
 40
0.0
 40
1.0
 40
1.0
 40
1.0
 40
1.0
 10
-2.03906
 20
-3.40784
 30
0.0
 10
-2.03906
 20
-3.40784
 30
0.0
 10
-1.99673
 20
-3.39725
 30
0.0
 10
-1.99673
 20
-3.39725
 30
0.0
  0
SPLINE
  5
23B
330
1F
100
AcDbEntity
  8
Layer 1
370
    25
100
AcDbSpline
210
0.0
220
0.0
230
1.0
 70
    24
 71
     3
 72
     8
 73
     4
 74
     0
 42
0.000000001
 43
0.0000000001
 40
0.0
 40
0.0
 40
0.0
 40
0.0
 40
1.0
 40
1.0
 40
1.0
 40
1.0
 10
-6.01134
 20
-1.67217
 30
0.0
 10
-6.01134
 20
-1.67217
 30
0.0
 10
-2.1837
 20
-1.67217
 30
0.0
 10
-2.1837
 20
-1.67217
 30
0.0
  0
SPLINE
  5
23C
330
1F
100
AcDbEntity
  8
Layer 1
370
    25
100
AcDbSpline
210
0.0
220
0.0
230
1.0
 70
     8
 71
     3
 72
    36
 73
    32
 74
     0
 42
0.000000001
 43
0.0000000001
 40
0.0
 40
0.0
 40
0.0
 40
0.0
 40
0.1111111111111111
 40
0.1111111111111111
 40
0.1111111111111111
 40
0.1111111211111111
 40
0.2222222222222222
 40
0.2222222222222222
 40
0.2222222222222222
 40
0.2222222322222222
 40
0.3333333333333333
 40
0.3333333333333333
 40
0.3333333333333333
 40
0.3333333433333333
 40
0.4444444444444444
 40
0.4444444444444444
 40
0.4444444444444444
 40
0.4444444544444444
 40
0.5555555555555556
 40
0.5555555555555556
 40
0.5555555555555556
 40
0.5555555655555556
 40
0.6666666666666666
 40
0.6666666666666666
 40
0.6666666666666666
 40
0.6666666766666667
 40
0.7777777777777778
 40
0.7777777777777778
 40
0.7777777777777778
 40
0.7777777877777778
 40
1.0
 40
1.0
 40
1.0
 40
1.0
 10
-2.1837
 20
-1.67217
 30
0.0
 10
-2.1837
 20
-1.67217
 30
0.0
 10
-2.1837
 20
-1.67217
 30
0.0
 10
-2.1837
 20
-1.67217
 30
0.0
 10
-2.1837
 20
-1.67217
 30
0.0
 10
-2.1837
 20
-1.67217
 30
0.0
 10
-2.18017
 20
-1.67217
 30
0.0
 10
-2.18017
 20
-1.67217
 30
0.0
 10
-2.18017
 20
-1.67217
 30
0.0
 10
-2.18017
 20
-1.67217
 30
0.0
 10
-2.18017
 20
-1.6757
 30
0.0
 10
-2.18017
 20
-1.6757
 30
0.0
 10
-2.18017
 20
-1.6757
 30
0.0
 10
-2.18017
 20
-1.6757
 30
0.0
 10
-2.17664
 20
-1.6757
 30
0.0
 10
-2.17664
 20
-1.6757
 30
0.0
 10
-2.17664
 20
-1.6757
 30
0.0
 10
-2.17664
 20
-1.6757
 30
0.0
 10
-2.17311
 20
-1.67923
 30
0.0
 10
-2.17311
 20
-1.67923
 30
0.0
 10
-2.17311
 20
-1.67923
 30
0.0
 10
-2.17311
 20
-1.67923
 30
0.0
 10
-2.16959
 20
-1.68275
 30
0.0
 10
-2.16959
 20
-1.68275
 30
0.0
 10
-2.16959
 20
-1.68275
 30
0.0
 10
-2.16959
 20
-1.68275
 30
0.0
 10
-2.16606
 20
-1.68628
 30
0.0
 10
-2.16606
 20
-1.68628
 30
0.0
 10
-2.16606
 20
-1.68628
 30
0.0
 10
-2.16606
 20
-1.68628
 30
0.0
 10
-2.16253
 20
-1.68981
 30
0.0
 10
-2.16253
 20
-1.68981
 30
0.0
  0
SPLINE
  5
23D
330
1F
100
AcDbEntity
  8
Layer 1
370
    25
100
AcDbSpline
210
0.0
220
0.0
230
1.0
 70
    24
 71
     3
 72
     8
 73
     4
 74
     0
 42
0.000000001
 43
0.0000000001
 40
0.0
 40
0.0
 40
0.0
 40
0.0
 40
1.0
 40
1.0
 40
1.0
 40
1.0
 10
-2.16253
 20
-1.68981
 30
0.0
 10
-2.16253
 20
-1.68981
 30
0.0
 10
-6.02898
 20
-1.68981
 30
0.0
 10
-6.02898
 20
-1.68981
 30
0.0
  0
SPLINE
  5
23E
330
1F
100
AcDbEntity
  8
Layer 1
370
    25
100
AcDbSpline
210
0.0
220
0.0
230
1.0
 70
     8
 71
     3
 72
    24
 73
    20
 74
     0
 42
0.000000001
 43
0.0000000001
 40
0.0
 40
0.0
 40
0.0
 40
0.0
 40
0.1666666666666667
 40
0.1666666666666667
 40
0.1666666666666667
 40
0.1666666766666667
 40
0.3333333333333333
 40
0.3333333333333333
 40
0.3333333333333333
 40
0.3333333433333333
 40
0.5
 40
0.5
 40
0.5
 40
0.50000001
 40
0.6666666666666666
 40
0.6666666666666666
 40
0.6666666666666666
 40
0.6666666766666667
 40
1.0
 40
1.0
 40
1.0
 40
1.0
 10
-6.02898
 20
-1.68981
 30
0.0
 10
-6.02898
 20
-1.68981
 30
0.0
 10
-6.02545
 20
-1.68628
 30
0.0
 10
-6.02545
 20
-1.68628
 30
0.0
 10
-6.02545
 20
-1.68628
 30
0.0
 10
-6.02545
 20
-1.68628
 30
0.0
 10
-6.02192
 20
-1.68275
 30
0.0
 10
-6.02192
 20
-1.68275
 30
0.0
 10
-6.02192
 20
-1.68275
 30
0.0
 10
-6.02192
 20
-1.68275
 30
0.0
 10
-6.01839
 20
-1.67923
 30
0.0
 10
-6.01839
 20
-1.67923
 30
0.0
 10
-6.01839
 20
-1.67923
 30
0.0
 10
-6.01839
 20
-1.67923
 30
0.0
 10
-6.01487
 20
-1.6757
 30
0.0
 10
-6.01487
 20
-1.6757
 30
0.0
 10
-6.01487
 20
-1.6757
 30
0.0
 10
-6.01487
 20
-1.6757
 30
0.0
 10
-6.01134
 20
-1.67217
 30
0.0
 10
-6.01134
 20
-1.67217
 30
0.0
  0
SPLINE
  5
23F
330
1F
100
AcDbEntity
  8
Layer 1
370
    25
100
AcDbSpline
210
0.0
220
0.0
230
1.0
 70
    24
 71
     3
 72
     8
 73
     4
 74
     0
 42
0.000000001
 43
0.0000000001
 40
0.0
 40
0.0
 40
0.0
 40
0.0
 40
1.0
 40
1.0
 40
1.0
 40
1.0
 10
-8.32203
 20
7.70113
 30
0.0
 10
-8.32203
 20
7.70113
 30
0.0
 10
-8.32203
 20
-3.937
 30
0.0
 10
-8.32203
 20
-3.937
 30
0.0
  0
SPLINE
  5
240
330
1F
100
AcDbEntity
  8
Layer 1
370
    25
100
AcDbSpline
210
0.0
220
0.0
230
1.0
 70
     8
 71
     3
 72
    36
 73
    32
 74
     0
 42
0.000000001
 43
0.0000000001
 40
0.0
 40
0.0
 40
0.0
 40
0.0
 40
0.1111111111111111
 40
0.1111111111111111
 40
0.1111111111111111
 40
0.1111111211111111
 40
0.2222222222222222
 40
0.2222222222222222
 40
0.2222222222222222
 40
0.2222222322222222
 40
0.3333333333333333
 40
0.3333333333333333
 40
0.3333333333333333
 40
0.3333333433333333
 40
0.4444444444444444
 40
0.4444444444444444
 40
0.4444444444444444
 40
0.4444444544444444
 40
0.5555555555555556
 40
0.5555555555555556
 40
0.5555555555555556
 40
0.5555555655555556
 40
0.6666666666666666
 40
0.6666666666666666
 40
0.6666666666666666
 40
0.6666666766666667
 40
0.7777777777777778
 40
0.7777777777777778
 40
0.7777777777777778
 40
0.7777777877777778
 40
1.0
 40
1.0
 40
1.0
 40
1.0
 10
-8.05745
 20
7.96572
 30
0.0
 10
-8.05745
 20
7.96572
 30
0.0
 10
-8.10684
 20
7.96219
 30
0.0
 10
-8.10684
 20
7.96219
 30
0.0
 10
-8.10684
 20
7.96219
 30
0.0
 10
-8.10684
 20
7.96219
 30
0.0
 10
-8.15623
 20
7.94808
 30
0.0
 10
-8.15623
 20
7.94808
 30
0.0
 10
-8.15623
 20
7.94808
 30
0.0
 10
-8.15623
 20
7.94808
 30
0.0
 10
-8.20209
 20
7.92338
 30
0.0
 10
-8.20209
 20
7.92338
 30
0.0
 10
-8.20209
 20
7.92338
 30
0.0
 10
-8.20209
 20
7.92338
 30
0.0
 10
-8.24442
 20
7.88811
 30
0.0
 10
-8.24442
 20
7.88811
 30
0.0
 10
-8.24442
 20
7.88811
 30
0.0
 10
-8.24442
 20
7.88811
 30
0.0
 10
-8.27617
 20
7.8493
 30
0.0
 10
-8.27617
 20
7.8493
 30
0.0
 10
-8.27617
 20
7.8493
 30
0.0
 10
-8.27617
 20
7.8493
 30
0.0
 10
-8.30087
 20
7.80344
 30
0.0
 10
-8.30087
 20
7.80344
 30
0.0
 10
-8.30087
 20
7.80344
 30
0.0
 10
-8.30087
 20
7.80344
 30
0.0
 10
-8.31498
 20
7.75405
 30
0.0
 10
-8.31498
 20
7.75405
 30
0.0
 10
-8.31498
 20
7.75405
 30
0.0
 10
-8.31498
 20
7.75405
 30
0.0
 10
-8.32203
 20
7.70113
 30
0.0
 10
-8.32203
 20
7.70113
 30
0.0
  0
SPLINE
  5
241
330
1F
100
AcDbEntity
  8
Layer 1
370
    25
100
AcDbSpline
210
0.0
220
0.0
230
1.0
 70
    24
 71
     3
 72
     8
 73
     4
 74
     0
 42
0.000000001
 43
0.0000000001
 40
0.0
 40
0.0
 40
0.0
 40
0.0
 40
1.0
 40
1.0
 40
1.0
 40
1.0
 10
-0.13759
 20
7.96572
 30
0.0
 10
-0.13759
 20
7.96572
 30
0.0
 10
-8.05745
 20
7.96572
 30
0.0
 10
-8.05745
 20
7.96572
 30
0.0
  0
SPLINE
  5
242
330
1F
100
AcDbEntity
  8
Layer 1
370
    25
100
AcDbSpline
210
0.0
220
0.0
230
1.0
 70
     8
 71
     3
 72
    36
 73
    32
 74
     0
 42
0.000000001
 43
0.0000000001
 40
0.0
 40
0.0
 40
0.0
 40
0.0
 40
0.1111111111111111
 40
0.1111111111111111
 40
0.1111111111111111
 40
0.1111111211111111
 40
0.2222222222222222
 40
0.2222222222222222
 40
0.2222222222222222
 40
0.2222222322222222
 40
0.3333333333333333
 40
0.3333333333333333
 40
0.3333333333333333
 40
0.3333333433333333
 40
0.4444444444444444
 40
0.4444444444444444
 40
0.4444444444444444
 40
0.4444444544444444
 40
0.5555555555555556
 40
0.5555555555555556
 40
0.5555555555555556
 40
0.5555555655555556
 40
0.6666666666666666
 40
0.6666666666666666
 40
0.6666666666666666
 40
0.6666666766666667
 40
0.7777777777777778
 40
0.7777777777777778
 40
0.7777777777777778
 40
0.7777777877777778
 40
1.0
 40
1.0
 40
1.0
 40
1.0
 10
0.127
 20
7.70113
 30
0.0
 10
0.127
 20
7.70113
 30
0.0
 10
0.12347
 20
7.75405
 30
0.0
 10
0.12347
 20
7.75405
 30
0.0
 10
0.12347
 20
7.75405
 30
0.0
 10
0.12347
 20
7.75405
 30
0.0
 10
0.10936
 20
7.80344
 30
0.0
 10
0.10936
 20
7.80344
 30
0.0
 10
0.10936
 20
7.80344
 30
0.0
 10
0.10936
 20
7.80344
 30
0.0
 10
0.08466
 20
7.8493
 30
0.0
 10
0.08466
 20
7.8493
 30
0.0
 10
0.08466
 20
7.8493
 30
0.0
 10
0.08466
 20
7.8493
 30
0.0
 10
0.04939
 20
7.88811
 30
0.0
 10
0.04939
 20
7.88811
 30
0.0
 10
0.04939
 20
7.88811
 30
0.0
 10
0.04939
 20
7.88811
 30
0.0
 10
0.01058
 20
7.92338
 30
0.0
 10
0.01058
 20
7.92338
 30
0.0
 10
0.01058
 20
7.92338
 30
0.0
 10
0.01058
 20
7.92338
 30
0.0
 10
-0.03528
 20
7.94808
 30
0.0
 10
-0.03528
 20
7.94808
 30
0.0
 10
-0.03528
 20
7.94808
 30
0.0
 10
-0.03528
 20
7.94808
 30
0.0
 10
-0.08467
 20
7.96219
 30
0.0
 10
-0.08467
 20
7.96219
 30
0.0
 10
-0.08467
 20
7.96219
 30
0.0
 10
-0.08467
 20
7.96219
 30
0.0
 10
-0.13759
 20
7.96572
 30
0.0
 10
-0.13759
 20
7.96572
 30
0.0
  0
SPLINE
  5
243
330
1F
100
AcDbEntity
  8
Layer 1
370
    25
100
AcDbSpline
210
0.0
220
0.0
230
1.0
 70
    24
 71
     3
 72
     8
 73
     4
 74
     0
 42
0.000000001
 43
0.0000000001
 40
0.0
 40
0.0
 40
0.0
 40
0.0
 40
1.0
 40
1.0
 40
1.0
 40
1.0
 10
0.127
 20
-3.937
 30
0.0
 10
0.127
 20
-3.937
 30
0.0
 10
0.127
 20
7.70113
 30
0.0
 10
0.127
 20
7.70113
 30
0.0
  0
SPLINE
  5
244
330
1F
100
AcDbEntity
  8
Layer 1
370
    25
100
AcDbSpline
210
0.0
220
0.0
230
1.0
 70
     8
 71
     3
 72
    36
 73
    32
 74
     0
 42
0.000000001
 43
0.0000000001
 40
0.0
 40
0.0
 40
0.0
 40
0.0
 40
0.1111111111111111
 40
0.1111111111111111
 40
0.1111111111111111
 40
0.1111111211111111
 40
0.2222222222222222
 40
0.2222222222222222
 40
0.2222222222222222
 40
0.2222222322222222
 40
0.3333333333333333
 40
0.3333333333333333
 40
0.3333333333333333
 40
0.3333333433333333
 40
0.4444444444444444
 40
0.4444444444444444
 40
0.4444444444444444
 40
0.4444444544444444
 40
0.5555555555555556
 40
0.5555555555555556
 40
0.5555555555555556
 40
0.5555555655555556
 40
0.6666666666666666
 40
0.6666666666666666
 40
0.6666666666666666
 40
0.6666666766666667
 40
0.7777777777777778
 40
0.7777777777777778
 40
0.7777777777777778
 40
0.7777777877777778
 40
1.0
 40
1.0
 40
1.0
 40
1.0
 10
-0.13759
 20
-4.20159
 30
0.0
 10
-0.13759
 20
-4.20159
 30
0.0
 10
-0.08467
 20
-4.19806
 30
0.0
 10
-0.08467
 20
-4.19806
 30
0.0
 10
-0.08467
 20
-4.19806
 30
0.0
 10
-0.08467
 20
-4.19806
 30
0.0
 10
-0.03528
 20
-4.18042
 30
0.0
 10
-0.03528
 20
-4.18042
 30
0.0
 10
-0.03528
 20
-4.18042
 30
0.0
 10
-0.03528
 20
-4.18042
 30
0.0
 10
0.01058
 20
-4.15925
 30
0.0
 10
0.01058
 20
-4.15925
 30
0.0
 10
0.01058
 20
-4.15925
 30
0.0
 10
0.01058
 20
-4.15925
 30
0.0
 10
0.04939
 20
-4.12398
 30
0.0
 10
0.04939
 20
-4.12398
 30
0.0
 10
0.04939
 20
-4.12398
 30
0.0
 10
0.04939
 20
-4.12398
 30
0.0
 10
0.08466
 20
-4.08517
 30
0.0
 10
0.08466
 20
-4.08517
 30
0.0
 10
0.08466
 20
-4.08517
 30
0.0
 10
0.08466
 20
-4.08517
 30
0.0
 10
0.10936
 20
-4.03931
 30
0.0
 10
0.10936
 20
-4.03931
 30
0.0
 10
0.10936
 20
-4.03931
 30
0.0
 10
0.10936
 20
-4.03931
 30
0.0
 10
0.12347
 20
-3.98992
 30
0.0
 10
0.12347
 20
-3.98992
 30
0.0
 10
0.12347
 20
-3.98992
 30
0.0
 10
0.12347
 20
-3.98992
 30
0.0
 10
0.127
 20
-3.937
 30
0.0
 10
0.127
 20
-3.937
 30
0.0
  0
SPLINE
  5
245
330
1F
100
AcDbEntity
  8
Layer 1
370
    25
100
AcDbSpline
210
0.0
220
0.0
230
1.0
 70
    24
 71
     3
 72
     8
 73
     4
 74
     0
 42
0.000000001
 43
0.0000000001
 40
0.0
 40
0.0
 40
0.0
 40
0.0
 40
1.0
 40
1.0
 40
1.0
 40
1.0
 10
-8.05745
 20
-4.20159
 30
0.0
 10
-8.05745
 20
-4.20159
 30
0.0
 10
-0.13759
 20
-4.20159
 30
0.0
 10
-0.13759
 20
-4.20159
 30
0.0
  0
SPLINE
  5
246
330
1F
100
AcDbEntity
  8
Layer 1
370
    25
100
AcDbSpline
210
0.0
220
0.0
230
1.0
 70
     8
 71
     3
 72
    36
 73
    32
 74
     0
 42
0.000000001
 43
0.0000000001
 40
0.0
 40
0.0
 40
0.0
 40
0.0
 40
0.1111111111111111
 40
0.1111111111111111
 40
0.1111111111111111
 40
0.1111111211111111
 40
0.2222222222222222
 40
0.2222222222222222
 40
0.2222222222222222
 40
0.2222222322222222
 40
0.3333333333333333
 40
0.3333333333333333
 40
0.3333333333333333
 40
0.3333333433333333
 40
0.4444444444444444
 40
0.4444444444444444
 40
0.4444444444444444
 40
0.4444444544444444
 40
0.5555555555555556
 40
0.5555555555555556
 40
0.5555555555555556
 40
0.5555555655555556
 40
0.6666666666666666
 40
0.6666666666666666
 40
0.6666666666666666
 40
0.6666666766666667
 40
0.7777777777777778
 40
0.7777777777777778
 40
0.7777777777777778
 40
0.7777777877777778
 40
1.0
 40
1.0
 40
1.0
 40
1.0
 10
-8.32203
 20
-3.937
 30
0.0
 10
-8.32203
 20
-3.937
 30
0.0
 10
-8.31498
 20
-3.98992
 30
0.0
 10
-8.31498
 20
-3.98992
 30
0.0
 10
-8.31498
 20
-3.98992
 30
0.0
 10
-8.31498
 20
-3.98992
 30
0.0
 10
-8.30087
 20
-4.03931
 30
0.0
 10
-8.30087
 20
-4.03931
 30
0.0
 10
-8.30087
 20
-4.03931
 30
0.0
 10
-8.30087
 20
-4.03931
 30
0.0
 10
-8.27617
 20
-4.08517
 30
0.0
 10
-8.27617
 20
-4.08517
 30
0.0
 10
-8.27617
 20
-4.08517
 30
0.0
 10
-8.27617
 20
-4.08517
 30
0.0
 10
-8.24442
 20
-4.12398
 30
0.0
 10
-8.24442
 20
-4.12398
 30
0.0
 10
-8.24442
 20
-4.12398
 30
0.0
 10
-8.24442
 20
-4.12398
 30
0.0
 10
-8.20209
 20
-4.15925
 30
0.0
 10
-8.20209
 20
-4.15925
 30
0.0
 10
-8.20209
 20
-4.15925
 30
0.0
 10
-8.20209
 20
-4.15925
 30
0.0
 10
-8.15623
 20
-4.18042
 30
0.0
 10
-8.15623
 20
-4.18042
 30
0.0
 10
-8.15623
 20
-4.18042
 30
0.0
 10
-8.15623
 20
-4.18042
 30
0.0
 10
-8.10684
 20
-4.19806
 30
0.0
 10
-8.10684
 20
-4.19806
 30
0.0
 10
-8.10684
 20
-4.19806
 30
0.0
 10
-8.10684
 20
-4.19806
 30
0.0
 10
-8.05745
 20
-4.20159
 30
0.0
 10
-8.05745
 20
-4.20159
 30
0.0
  0
SPLINE
  5
247
330
1F
100
AcDbEntity
  8
Layer 1
370
    25
100
AcDbSpline
210
0.0
220
0.0
230
1.0
 70
    24
 71
     3
 72
     8
 73
     4
 74
     0
 42
0.000000001
 43
0.0000000001
 40
0.0
 40
0.0
 40
0.0
 40
0.0
 40
1.0
 40
1.0
 40
1.0
 40
1.0
 10
-2.16253
 20
5.45394
 30
0.0
 10
-2.16253
 20
5.45394
 30
0.0
 10
-2.16253
 20
-1.68981
 30
0.0
 10
-2.16253
 20
-1.68981
 30
0.0
  0
SPLINE
  5
248
330
1F
100
AcDbEntity
  8
Layer 1
370
    25
100
AcDbSpline
210
0.0
220
0.0
230
1.0
 70
    24
 71
     3
 72
     8
 73
     4
 74
     0
 42
0.000000001
 43
0.0000000001
 40
0.0
 40
0.0
 40
0.0
 40
0.0
 40
1.0
 40
1.0
 40
1.0
 40
1.0
 10
-6.02898
 20
5.45394
 30
0.0
 10
-6.02898
 20
5.45394
 30
0.0
 10
-2.16253
 20
5.45394
 30
0.0
 10
-2.16253
 20
5.45394
 30
0.0
  0
SPLINE
  5
249
330
1F
100
AcDbEntity
  8
Layer 1
370
    25
100
AcDbSpline
210
0.0
220
0.0
230
1.0
 70
    24
 71
     3
 72
     8
 73
     4
 74
     0
 42
0.000000001
 43
0.0000000001
 40
0.0
 40
0.0
 40
0.0
 40
0.0
 40
1.0
 40
1.0
 40
1.0
 40
1.0
 10
-6.02898
 20
-1.68981
 30
0.0
 10
-6.02898
 20
-1.68981
 30
0.0
 10
-6.02898
 20
5.45394
 30
0.0
 10
-6.02898
 20
5.45394
 30
0.0
  0
SPLINE
  5
24A
330
1F
100
AcDbEntity
  8
Layer 1
370
    25
100
AcDbSpline
210
0.0
220
0.0
230
1.0
 70
     8
 71
     3
 72
    36
 73
    32
 74
     0
 42
0.000000001
 43
0.0000000001
 40
0.0
 40
0.0
 40
0.0
 40
0.0
 40
0.1111111111111111
 40
0.1111111111111111
 40
0.1111111111111111
 40
0.1111111211111111
 40
0.2222222222222222
 40
0.2222222222222222
 40
0.2222222222222222
 40
0.2222222322222222
 40
0.3333333333333333
 40
0.3333333333333333
 40
0.3333333333333333
 40
0.3333333433333333
 40
0.4444444444444444
 40
0.4444444444444444
 40
0.4444444444444444
 40
0.4444444544444444
 40
0.5555555555555556
 40
0.5555555555555556
 40
0.5555555555555556
 40
0.5555555655555556
 40
0.6666666666666666
 40
0.6666666666666666
 40
0.6666666666666666
 40
0.6666666766666667
 40
0.7777777777777778
 40
0.7777777777777778
 40
0.7777777777777778
 40
0.7777777877777778
 40
1.0
 40
1.0
 40
1.0
 40
1.0
 10
0.14816
 20
-3.937
 30
0.0
 10
0.14816
 20
-3.937
 30
0.0
 10
0.14111
 20
-3.99345
 30
0.0
 10
0.14111
 20
-3.99345
 30
0.0
 10
0.14111
 20
-3.99345
 30
0.0
 10
0.14111
 20
-3.99345
 30
0.0
 10
0.127
 20
-4.04637
 30
0.0
 10
0.127
 20
-4.04637
 30
0.0
 10
0.127
 20
-4.04637
 30
0.0
 10
0.127
 20
-4.04637
 30
0.0
 10
0.09877
 20
-4.09575
 30
0.0
 10
0.09877
 20
-4.09575
 30
0.0
 10
0.09877
 20
-4.09575
 30
0.0
 10
0.09877
 20
-4.09575
 30
0.0
 10
0.0635
 20
-4.13809
 30
0.0
 10
0.0635
 20
-4.13809
 30
0.0
 10
0.0635
 20
-4.13809
 30
0.0
 10
0.0635
 20
-4.13809
 30
0.0
 10
0.02116
 20
-4.17337
 30
0.0
 10
0.02116
 20
-4.17337
 30
0.0
 10
0.02116
 20
-4.17337
 30
0.0
 10
0.02116
 20
-4.17337
 30
0.0
 10
-0.02823
 20
-4.20159
 30
0.0
 10
-0.02823
 20
-4.20159
 30
0.0
 10
-0.02823
 20
-4.20159
 30
0.0
 10
-0.02823
 20
-4.20159
 30
0.0
 10
-0.08114
 20
-4.2157
 30
0.0
 10
-0.08114
 20
-4.2157
 30
0.0
 10
-0.08114
 20
-4.2157
 30
0.0
 10
-0.08114
 20
-4.2157
 30
0.0
 10
-0.13759
 20
-4.22275
 30
0.0
 10
-0.13759
 20
-4.22275
 30
0.0
  0
SPLINE
  5
24B
330
1F
100
AcDbEntity
  8
Layer 1
370
    25
100
AcDbSpline
210
0.0
220
0.0
230
1.0
 70
    24
 71
     3
 72
    32
 73
    28
 74
     0
 42
0.000000001
 43
0.0000000001
 40
0.0
 40
0.0
 40
0.0
 40
0.0
 40
0.125
 40
0.125
 40
0.125
 40
0.12500001
 40
0.25
 40
0.25
 40
0.25
 40
0.25000001
 40
0.375
 40
0.375
 40
0.375
 40
0.37500001
 40
0.5
 40
0.5
 40
0.5
 40
0.50000001
 40
0.625
 40
0.625
 40
0.625
 40
0.62500001
 40
0.75
 40
0.75
 40
0.75
 40
0.75000001
 40
1.0
 40
1.0
 40
1.0
 40
1.0
 10
-0.13759
 20
-4.22275
 30
0.0
 10
-0.13759
 20
-4.22275
 30
0.0
 10
-0.13759
 20
-4.22275
 30
0.0
 10
-0.13759
 20
-4.22275
 30
0.0
 10
-0.13759
 20
-4.22275
 30
0.0
 10
-0.13759
 20
-4.22275
 30
0.0
 10
-0.13759
 20
-4.21923
 30
0.0
 10
-0.13759
 20
-4.21923
 30
0.0
 10
-0.13759
 20
-4.21923
 30
0.0
 10
-0.13759
 20
-4.21923
 30
0.0
 10
-0.13759
 20
-4.2157
 30
0.0
 10
-0.13759
 20
-4.2157
 30
0.0
 10
-0.13759
 20
-4.2157
 30
0.0
 10
-0.13759
 20
-4.2157
 30
0.0
 10
-0.13759
 20
-4.21217
 30
0.0
 10
-0.13759
 20
-4.21217
 30
0.0
 10
-0.13759
 20
-4.21217
 30
0.0
 10
-0.13759
 20
-4.21217
 30
0.0
 10
-0.13759
 20
-4.20864
 30
0.0
 10
-0.13759
 20
-4.20864
 30
0.0
 10
-0.13759
 20
-4.20864
 30
0.0
 10
-0.13759
 20
-4.20864
 30
0.0
 10
-0.13759
 20
-4.20512
 30
0.0
 10
-0.13759
 20
-4.20512
 30
0.0
 10
-0.13759
 20
-4.20512
 30
0.0
 10
-0.13759
 20
-4.20512
 30
0.0
 10
-0.13759
 20
-4.20159
 30
0.0
 10
-0.13759
 20
-4.20159
 30
0.0
  0
SPLINE
  5
24C
330
1F
100
AcDbEntity
  8
Layer 1
370
    25
100
AcDbSpline
210
0.0
220
0.0
230
1.0
 70
    24
 71
     3
 72
    32
 73
    28
 74
     0
 42
0.000000001
 43
0.0000000001
 40
0.0
 40
0.0
 40
0.0
 40
0.0
 40
0.125
 40
0.125
 40
0.125
 40
0.12500001
 40
0.25
 40
0.25
 40
0.25
 40
0.25000001
 40
0.375
 40
0.375
 40
0.375
 40
0.37500001
 40
0.5
 40
0.5
 40
0.5
 40
0.50000001
 40
0.625
 40
0.625
 40
0.625
 40
0.62500001
 40
0.75
 40
0.75
 40
0.75
 40
0.75000001
 40
1.0
 40
1.0
 40
1.0
 40
1.0
 10
0.14816
 20
-3.937
 30
0.0
 10
0.14816
 20
-3.937
 30
0.0
 10
0.14816
 20
-3.937
 30
0.0
 10
0.14816
 20
-3.937
 30
0.0
 10
0.14816
 20
-3.937
 30
0.0
 10
0.14816
 20
-3.937
 30
0.0
 10
0.14464
 20
-3.937
 30
0.0
 10
0.14464
 20
-3.937
 30
0.0
 10
0.14464
 20
-3.937
 30
0.0
 10
0.14464
 20
-3.937
 30
0.0
 10
0.14111
 20
-3.937
 30
0.0
 10
0.14111
 20
-3.937
 30
0.0
 10
0.14111
 20
-3.937
 30
0.0
 10
0.14111
 20
-3.937
 30
0.0
 10
0.13758
 20
-3.937
 30
0.0
 10
0.13758
 20
-3.937
 30
0.0
 10
0.13758
 20
-3.937
 30
0.0
 10
0.13758
 20
-3.937
 30
0.0
 10
0.13405
 20
-3.937
 30
0.0
 10
0.13405
 20
-3.937
 30
0.0
 10
0.13405
 20
-3.937
 30
0.0
 10
0.13405
 20
-3.937
 30
0.0
 10
0.13052
 20
-3.937
 30
0.0
 10
0.13052
 20
-3.937
 30
0.0
 10
0.13052
 20
-3.937
 30
0.0
 10
0.13052
 20
-3.937
 30
0.0
 10
0.127
 20
-3.937
 30
0.0
 10
0.127
 20
-3.937
 30
0.0
  0
SPLINE
  5
24D
330
1F
100
AcDbEntity
  8
Layer 1
370
    25
100
AcDbSpline
210
0.0
220
0.0
230
1.0
 70
    24
 71
     3
 72
     8
 73
     4
 74
     0
 42
0.000000001
 43
0.0000000001
 40
0.0
 40
0.0
 40
0.0
 40
0.0
 40
1.0
 40
1.0
 40
1.0
 40
1.0
 10
-0.13759
 20
-4.22275
 30
0.0
 10
-0.13759
 20
-4.22275
 30
0.0
 10
-8.05745
 20
-4.22275
 30
0.0
 10
-8.05745
 20
-4.22275
 30
0.0
  0
SPLINE
  5
24E
330
1F
100
AcDbEntity
  8
Layer 1
370
    25
100
AcDbSpline
210
0.0
220
0.0
230
1.0
 70
    24
 71
     3
 72
    28
 73
    24
 74
     0
 42
0.000000001
 43
0.0000000001
 40
0.0
 40
0.0
 40
0.0
 40
0.0
 40
0.1428571428571428
 40
0.1428571428571428
 40
0.1428571428571428
 40
0.1428571528571428
 40
0.2857142857142857
 40
0.2857142857142857
 40
0.2857142857142857
 40
0.2857142957142857
 40
0.4285714285714285
 40
0.4285714285714285
 40
0.4285714285714285
 40
0.4285714385714285
 40
0.5714285714285714
 40
0.5714285714285714
 40
0.5714285714285714
 40
0.5714285814285714
 40
0.7142857142857143
 40
0.7142857142857143
 40
0.7142857142857143
 40
0.7142857242857144
 40
1.0
 40
1.0
 40
1.0
 40
1.0
 10
-8.05745
 20
-4.20159
 30
0.0
 10
-8.05745
 20
-4.20159
 30
0.0
 10
-8.05745
 20
-4.20512
 30
0.0
 10
-8.05745
 20
-4.20512
 30
0.0
 10
-8.05745
 20
-4.20512
 30
0.0
 10
-8.05745
 20
-4.20512
 30
0.0
 10
-8.05745
 20
-4.20864
 30
0.0
 10
-8.05745
 20
-4.20864
 30
0.0
 10
-8.05745
 20
-4.20864
 30
0.0
 10
-8.05745
 20
-4.20864
 30
0.0
 10
-8.05745
 20
-4.21217
 30
0.0
 10
-8.05745
 20
-4.21217
 30
0.0
 10
-8.05745
 20
-4.21217
 30
0.0
 10
-8.05745
 20
-4.21217
 30
0.0
 10
-8.05745
 20
-4.2157
 30
0.0
 10
-8.05745
 20
-4.2157
 30
0.0
 10
-8.05745
 20
-4.2157
 30
0.0
 10
-8.05745
 20
-4.2157
 30
0.0
 10
-8.05745
 20
-4.21923
 30
0.0
 10
-8.05745
 20
-4.21923
 30
0.0
 10
-8.05745
 20
-4.21923
 30
0.0
 10
-8.05745
 20
-4.21923
 30
0.0
 10
-8.05745
 20
-4.22275
 30
0.0
 10
-8.05745
 20
-4.22275
 30
0.0
  0
SPLINE
  5
24F
330
1F
100
AcDbEntity
  8
Layer 1
370
    25
100
AcDbSpline
210
0.0
220
0.0
230
1.0
 70
     8
 71
     3
 72
    36
 73
    32
 74
     0
 42
0.000000001
 43
0.0000000001
 40
0.0
 40
0.0
 40
0.0
 40
0.0
 40
0.1111111111111111
 40
0.1111111111111111
 40
0.1111111111111111
 40
0.1111111211111111
 40
0.2222222222222222
 40
0.2222222222222222
 40
0.2222222222222222
 40
0.2222222322222222
 40
0.3333333333333333
 40
0.3333333333333333
 40
0.3333333333333333
 40
0.3333333433333333
 40
0.4444444444444444
 40
0.4444444444444444
 40
0.4444444444444444
 40
0.4444444544444444
 40
0.5555555555555556
 40
0.5555555555555556
 40
0.5555555555555556
 40
0.5555555655555556
 40
0.6666666666666666
 40
0.6666666666666666
 40
0.6666666666666666
 40
0.6666666766666667
 40
0.7777777777777778
 40
0.7777777777777778
 40
0.7777777777777778
 40
0.7777777877777778
 40
1.0
 40
1.0
 40
1.0
 40
1.0
 10
-0.13759
 20
7.98688
 30
0.0
 10
-0.13759
 20
7.98688
 30
0.0
 10
-0.08114
 20
7.97983
 30
0.0
 10
-0.08114
 20
7.97983
 30
0.0
 10
-0.08114
 20
7.97983
 30
0.0
 10
-0.08114
 20
7.97983
 30
0.0
 10
-0.02823
 20
7.96572
 30
0.0
 10
-0.02823
 20
7.96572
 30
0.0
 10
-0.02823
 20
7.96572
 30
0.0
 10
-0.02823
 20
7.96572
 30
0.0
 10
0.02116
 20
7.9375
 30
0.0
 10
0.02116
 20
7.9375
 30
0.0
 10
0.02116
 20
7.9375
 30
0.0
 10
0.02116
 20
7.9375
 30
0.0
 10
0.0635
 20
7.90222
 30
0.0
 10
0.0635
 20
7.90222
 30
0.0
 10
0.0635
 20
7.90222
 30
0.0
 10
0.0635
 20
7.90222
 30
0.0
 10
0.09877
 20
7.85988
 30
0.0
 10
0.09877
 20
7.85988
 30
0.0
 10
0.09877
 20
7.85988
 30
0.0
 10
0.09877
 20
7.85988
 30
0.0
 10
0.127
 20
7.8105
 30
0.0
 10
0.127
 20
7.8105
 30
0.0
 10
0.127
 20
7.8105
 30
0.0
 10
0.127
 20
7.8105
 30
0.0
 10
0.14111
 20
7.75758
 30
0.0
 10
0.14111
 20
7.75758
 30
0.0
 10
0.14111
 20
7.75758
 30
0.0
 10
0.14111
 20
7.75758
 30
0.0
 10
0.14816
 20
7.70113
 30
0.0
 10
0.14816
 20
7.70113
 30
0.0
  0
SPLINE
  5
250
330
1F
100
AcDbEntity
  8
Layer 1
370
    25
100
AcDbSpline
210
0.0
220
0.0
230
1.0
 70
    24
 71
     3
 72
    32
 73
    28
 74
     0
 42
0.000000001
 43
0.0000000001
 40
0.0
 40
0.0
 40
0.0
 40
0.0
 40
0.125
 40
0.125
 40
0.125
 40
0.12500001
 40
0.25
 40
0.25
 40
0.25
 40
0.25000001
 40
0.375
 40
0.375
 40
0.375
 40
0.37500001
 40
0.5
 40
0.5
 40
0.5
 40
0.50000001
 40
0.625
 40
0.625
 40
0.625
 40
0.62500001
 40
0.75
 40
0.75
 40
0.75
 40
0.75000001
 40
1.0
 40
1.0
 40
1.0
 40
1.0
 10
0.14816
 20
7.70113
 30
0.0
 10
0.14816
 20
7.70113
 30
0.0
 10
0.14816
 20
7.70113
 30
0.0
 10
0.14816
 20
7.70113
 30
0.0
 10
0.14816
 20
7.70113
 30
0.0
 10
0.14816
 20
7.70113
 30
0.0
 10
0.14464
 20
7.70113
 30
0.0
 10
0.14464
 20
7.70113
 30
0.0
 10
0.14464
 20
7.70113
 30
0.0
 10
0.14464
 20
7.70113
 30
0.0
 10
0.14111
 20
7.70113
 30
0.0
 10
0.14111
 20
7.70113
 30
0.0
 10
0.14111
 20
7.70113
 30
0.0
 10
0.14111
 20
7.70113
 30
0.0
 10
0.13758
 20
7.70113
 30
0.0
 10
0.13758
 20
7.70113
 30
0.0
 10
0.13758
 20
7.70113
 30
0.0
 10
0.13758
 20
7.70113
 30
0.0
 10
0.13405
 20
7.70113
 30
0.0
 10
0.13405
 20
7.70113
 30
0.0
 10
0.13405
 20
7.70113
 30
0.0
 10
0.13405
 20
7.70113
 30
0.0
 10
0.13052
 20
7.70113
 30
0.0
 10
0.13052
 20
7.70113
 30
0.0
 10
0.13052
 20
7.70113
 30
0.0
 10
0.13052
 20
7.70113
 30
0.0
 10
0.127
 20
7.70113
 30
0.0
 10
0.127
 20
7.70113
 30
0.0
  0
SPLINE
  5
251
330
1F
100
AcDbEntity
  8
Layer 1
370
    25
100
AcDbSpline
210
0.0
220
0.0
230
1.0
 70
    24
 71
     3
 72
    28
 73
    24
 74
     0
 42
0.000000001
 43
0.0000000001
 40
0.0
 40
0.0
 40
0.0
 40
0.0
 40
0.1428571428571428
 40
0.1428571428571428
 40
0.1428571428571428
 40
0.1428571528571428
 40
0.2857142857142857
 40
0.2857142857142857
 40
0.2857142857142857
 40
0.2857142957142857
 40
0.4285714285714285
 40
0.4285714285714285
 40
0.4285714285714285
 40
0.4285714385714285
 40
0.5714285714285714
 40
0.5714285714285714
 40
0.5714285714285714
 40
0.5714285814285714
 40
0.7142857142857143
 40
0.7142857142857143
 40
0.7142857142857143
 40
0.7142857242857144
 40
1.0
 40
1.0
 40
1.0
 40
1.0
 10
-0.13759
 20
7.98688
 30
0.0
 10
-0.13759
 20
7.98688
 30
0.0
 10
-0.13759
 20
7.98688
 30
0.0
 10
-0.13759
 20
7.98688
 30
0.0
 10
-0.13759
 20
7.98688
 30
0.0
 10
-0.13759
 20
7.98688
 30
0.0
 10
-0.13759
 20
7.98336
 30
0.0
 10
-0.13759
 20
7.98336
 30
0.0
 10
-0.13759
 20
7.98336
 30
0.0
 10
-0.13759
 20
7.98336
 30
0.0
 10
-0.13759
 20
7.97983
 30
0.0
 10
-0.13759
 20
7.97983
 30
0.0
 10
-0.13759
 20
7.97983
 30
0.0
 10
-0.13759
 20
7.97983
 30
0.0
 10
-0.13759
 20
7.9763
 30
0.0
 10
-0.13759
 20
7.9763
 30
0.0
 10
-0.13759
 20
7.9763
 30
0.0
 10
-0.13759
 20
7.9763
 30
0.0
 10
-0.13759
 20
7.96925
 30
0.0
 10
-0.13759
 20
7.96925
 30
0.0
 10
-0.13759
 20
7.96925
 30
0.0
 10
-0.13759
 20
7.96925
 30
0.0
 10
-0.13759
 20
7.96572
 30
0.0
 10
-0.13759
 20
7.96572
 30
0.0
  0
SPLINE
  5
252
330
1F
100
AcDbEntity
  8
Layer 1
370
    25
100
AcDbSpline
210
0.0
220
0.0
230
1.0
 70
    24
 71
     3
 72
    24
 73
    20
 74
     0
 42
0.000000001
 43
0.0000000001
 40
0.0
 40
0.0
 40
0.0
 40
0.0
 40
0.1666666666666667
 40
0.1666666666666667
 40
0.1666666666666667
 40
0.1666666766666667
 40
0.3333333333333333
 40
0.3333333333333333
 40
0.3333333333333333
 40
0.3333333433333333
 40
0.5
 40
0.5
 40
0.5
 40
0.50000001
 40
0.6666666666666666
 40
0.6666666666666666
 40
0.6666666666666666
 40
0.6666666766666667
 40
1.0
 40
1.0
 40
1.0
 40
1.0
 10
-8.32203
 20
-3.937
 30
0.0
 10
-8.32203
 20
-3.937
 30
0.0
 10
-8.32556
 20
-3.937
 30
0.0
 10
-8.32556
 20
-3.937
 30
0.0
 10
-8.32556
 20
-3.937
 30
0.0
 10
-8.32556
 20
-3.937
 30
0.0
 10
-8.32909
 20
-3.937
 30
0.0
 10
-8.32909
 20
-3.937
 30
0.0
 10
-8.32909
 20
-3.937
 30
0.0
 10
-8.32909
 20
-3.937
 30
0.0
 10
-8.33262
 20
-3.937
 30
0.0
 10
-8.33262
 20
-3.937
 30
0.0
 10
-8.33262
 20
-3.937
 30
0.0
 10
-8.33262
 20
-3.937
 30
0.0
 10
-8.33614
 20
-3.937
 30
0.0
 10
-8.33614
 20
-3.937
 30
0.0
 10
-8.33614
 20
-3.937
 30
0.0
 10
-8.33614
 20
-3.937
 30
0.0
 10
-8.33967
 20
-3.937
 30
0.0
 10
-8.33967
 20
-3.937
 30
0.0
  0
SPLINE
  5
253
330
1F
100
AcDbEntity
  8
Layer 1
370
    25
100
AcDbSpline
210
0.0
220
0.0
230
1.0
 70
    24
 71
     3
 72
     8
 73
     4
 74
     0
 42
0.000000001
 43
0.0000000001
 40
0.0
 40
0.0
 40
0.0
 40
0.0
 40
1.0
 40
1.0
 40
1.0
 40
1.0
 10
-8.33967
 20
-3.937
 30
0.0
 10
-8.33967
 20
-3.937
 30
0.0
 10
-8.33967
 20
7.70113
 30
0.0
 10
-8.33967
 20
7.70113
 30
0.0
  0
SPLINE
  5
254
330
1F
100
AcDbEntity
  8
Layer 1
370
    25
100
AcDbSpline
210
0.0
220
0.0
230
1.0
 70
    24
 71
     3
 72
    24
 73
    20
 74
     0
 42
0.000000001
 43
0.0000000001
 40
0.0
 40
0.0
 40
0.0
 40
0.0
 40
0.1666666666666667
 40
0.1666666666666667
 40
0.1666666666666667
 40
0.1666666766666667
 40
0.3333333333333333
 40
0.3333333333333333
 40
0.3333333333333333
 40
0.3333333433333333
 40
0.5
 40
0.5
 40
0.5
 40
0.50000001
 40
0.6666666666666666
 40
0.6666666666666666
 40
0.6666666666666666
 40
0.6666666766666667
 40
1.0
 40
1.0
 40
1.0
 40
1.0
 10
-8.32203
 20
7.70113
 30
0.0
 10
-8.32203
 20
7.70113
 30
0.0
 10
-8.32556
 20
7.70113
 30
0.0
 10
-8.32556
 20
7.70113
 30
0.0
 10
-8.32556
 20
7.70113
 30
0.0
 10
-8.32556
 20
7.70113
 30
0.0
 10
-8.32909
 20
7.70113
 30
0.0
 10
-8.32909
 20
7.70113
 30
0.0
 10
-8.32909
 20
7.70113
 30
0.0
 10
-8.32909
 20
7.70113
 30
0.0
 10
-8.33262
 20
7.70113
 30
0.0
 10
-8.33262
 20
7.70113
 30
0.0
 10
-8.33262
 20
7.70113
 30
0.0
 10
-8.33262
 20
7.70113
 30
0.0
 10
-8.33614
 20
7.70113
 30
0.0
 10
-8.33614
 20
7.70113
 30
0.0
 10
-8.33614
 20
7.70113
 30
0.0
 10
-8.33614
 20
7.70113
 30
0.0
 10
-8.33967
 20
7.70113
 30
0.0
 10
-8.33967
 20
7.70113
 30
0.0
  0
SPLINE
  5
255
330
1F
100
AcDbEntity
  8
Layer 1
370
    25
100
AcDbSpline
210
0.0
220
0.0
230
1.0
 70
    24
 71
     3
 72
    24
 73
    20
 74
     0
 42
0.000000001
 43
0.0000000001
 40
0.0
 40
0.0
 40
0.0
 40
0.0
 40
0.1666666666666667
 40
0.1666666666666667
 40
0.1666666666666667
 40
0.1666666766666667
 40
0.3333333333333333
 40
0.3333333333333333
 40
0.3333333333333333
 40
0.3333333433333333
 40
0.5
 40
0.5
 40
0.5
 40
0.50000001
 40
0.6666666666666666
 40
0.6666666666666666
 40
0.6666666666666666
 40
0.6666666766666667
 40
1.0
 40
1.0
 40
1.0
 40
1.0
 10
-8.05745
 20
7.96572
 30
0.0
 10
-8.05745
 20
7.96572
 30
0.0
 10
-8.05745
 20
7.96925
 30
0.0
 10
-8.05745
 20
7.96925
 30
0.0
 10
-8.05745
 20
7.96925
 30
0.0
 10
-8.05745
 20
7.96925
 30
0.0
 10
-8.05745
 20
7.9763
 30
0.0
 10
-8.05745
 20
7.9763
 30
0.0
 10
-8.05745
 20
7.9763
 30
0.0
 10
-8.05745
 20
7.9763
 30
0.0
 10
-8.05745
 20
7.97983
 30
0.0
 10
-8.05745
 20
7.97983
 30
0.0
 10
-8.05745
 20
7.97983
 30
0.0
 10
-8.05745
 20
7.97983
 30
0.0
 10
-8.05745
 20
7.98336
 30
0.0
 10
-8.05745
 20
7.98336
 30
0.0
 10
-8.05745
 20
7.98336
 30
0.0
 10
-8.05745
 20
7.98336
 30
0.0
 10
-8.05745
 20
7.98688
 30
0.0
 10
-8.05745
 20
7.98688
 30
0.0
  0
SPLINE
  5
256
330
1F
100
AcDbEntity
  8
Layer 1
370
    25
100
AcDbSpline
210
0.0
220
0.0
230
1.0
 70
    24
 71
     3
 72
     8
 73
     4
 74
     0
 42
0.000000001
 43
0.0000000001
 40
0.0
 40
0.0
 40
0.0
 40
0.0
 40
1.0
 40
1.0
 40
1.0
 40
1.0
 10
-8.05745
 20
7.98688
 30
0.0
 10
-8.05745
 20
7.98688
 30
0.0
 10
-0.13759
 20
7.98688
 30
0.0
 10
-0.13759
 20
7.98688
 30
0.0
  0
SPLINE
  5
257
330
1F
100
AcDbEntity
  8
Layer 1
370
    25
100
AcDbSpline
210
0.0
220
0.0
230
1.0
 70
     8
 71
     3
 72
    36
 73
    32
 74
     0
 42
0.000000001
 43
0.0000000001
 40
0.0
 40
0.0
 40
0.0
 40
0.0
 40
0.1111111111111111
 40
0.1111111111111111
 40
0.1111111111111111
 40
0.1111111211111111
 40
0.2222222222222222
 40
0.2222222222222222
 40
0.2222222222222222
 40
0.2222222322222222
 40
0.3333333333333333
 40
0.3333333333333333
 40
0.3333333333333333
 40
0.3333333433333333
 40
0.4444444444444444
 40
0.4444444444444444
 40
0.4444444444444444
 40
0.4444444544444444
 40
0.5555555555555556
 40
0.5555555555555556
 40
0.5555555555555556
 40
0.5555555655555556
 40
0.6666666666666666
 40
0.6666666666666666
 40
0.6666666666666666
 40
0.6666666766666667
 40
0.7777777777777778
 40
0.7777777777777778
 40
0.7777777777777778
 40
0.7777777877777778
 40
1.0
 40
1.0
 40
1.0
 40
1.0
 10
-8.33967
 20
7.70113
 30
0.0
 10
-8.33967
 20
7.70113
 30
0.0
 10
-8.33614
 20
7.75758
 30
0.0
 10
-8.33614
 20
7.75758
 30
0.0
 10
-8.33614
 20
7.75758
 30
0.0
 10
-8.33614
 20
7.75758
 30
0.0
 10
-8.3185
 20
7.8105
 30
0.0
 10
-8.3185
 20
7.8105
 30
0.0
 10
-8.3185
 20
7.8105
 30
0.0
 10
-8.3185
 20
7.8105
 30
0.0
 10
-8.29381
 20
7.85988
 30
0.0
 10
-8.29381
 20
7.85988
 30
0.0
 10
-8.29381
 20
7.85988
 30
0.0
 10
-8.29381
 20
7.85988
 30
0.0
 10
-8.25853
 20
7.90222
 30
0.0
 10
-8.25853
 20
7.90222
 30
0.0
 10
-8.25853
 20
7.90222
 30
0.0
 10
-8.25853
 20
7.90222
 30
0.0
 10
-8.2162
 20
7.9375
 30
0.0
 10
-8.2162
 20
7.9375
 30
0.0
 10
-8.2162
 20
7.9375
 30
0.0
 10
-8.2162
 20
7.9375
 30
0.0
 10
-8.16681
 20
7.96572
 30
0.0
 10
-8.16681
 20
7.96572
 30
0.0
 10
-8.16681
 20
7.96572
 30
0.0
 10
-8.16681
 20
7.96572
 30
0.0
 10
-8.11389
 20
7.97983
 30
0.0
 10
-8.11389
 20
7.97983
 30
0.0
 10
-8.11389
 20
7.97983
 30
0.0
 10
-8.11389
 20
7.97983
 30
0.0
 10
-8.05745
 20
7.98688
 30
0.0
 10
-8.05745
 20
7.98688
 30
0.0
  0
SPLINE
  5
258
330
1F
100
AcDbEntity
  8
Layer 1
370
    25
100
AcDbSpline
210
0.0
220
0.0
230
1.0
 70
     8
 71
     3
 72
    24
 73
    20
 74
     0
 42
0.000000001
 43
0.0000000001
 40
0.0
 40
0.0
 40
0.0
 40
0.0
 40
0.1666666666666667
 40
0.1666666666666667
 40
0.1666666666666667
 40
0.1666666766666667
 40
0.3333333333333333
 40
0.3333333333333333
 40
0.3333333333333333
 40
0.3333333433333333
 40
0.5
 40
0.5
 40
0.5
 40
0.50000001
 40
0.6666666666666666
 40
0.6666666666666666
 40
0.6666666666666666
 40
0.6666666766666667
 40
1.0
 40
1.0
 40
1.0
 40
1.0
 10
-6.02898
 20
5.45394
 30
0.0
 10
-6.02898
 20
5.45394
 30
0.0
 10
-6.02545
 20
5.45041
 30
0.0
 10
-6.02545
 20
5.45041
 30
0.0
 10
-6.02545
 20
5.45041
 30
0.0
 10
-6.02545
 20
5.45041
 30
0.0
 10
-6.02192
 20
5.44688
 30
0.0
 10
-6.02192
 20
5.44688
 30
0.0
 10
-6.02192
 20
5.44688
 30
0.0
 10
-6.02192
 20
5.44688
 30
0.0
 10
-6.01839
 20
5.44336
 30
0.0
 10
-6.01839
 20
5.44336
 30
0.0
 10
-6.01839
 20
5.44336
 30
0.0
 10
-6.01839
 20
5.44336
 30
0.0
 10
-6.01487
 20
5.43983
 30
0.0
 10
-6.01487
 20
5.43983
 30
0.0
 10
-6.01487
 20
5.43983
 30
0.0
 10
-6.01487
 20
5.43983
 30
0.0
 10
-6.01134
 20
5.4363
 30
0.0
 10
-6.01134
 20
5.4363
 30
0.0
  0
SPLINE
  5
259
330
1F
100
AcDbEntity
  8
Layer 1
370
    25
100
AcDbSpline
210
0.0
220
0.0
230
1.0
 70
    24
 71
     3
 72
     8
 73
     4
 74
     0
 42
0.000000001
 43
0.0000000001
 40
0.0
 40
0.0
 40
0.0
 40
0.0
 40
1.0
 40
1.0
 40
1.0
 40
1.0
 10
-6.01134
 20
5.4363
 30
0.0
 10
-6.01134
 20
5.4363
 30
0.0
 10
-6.01134
 20
-1.67217
 30
0.0
 10
-6.01134
 20
-1.67217
 30
0.0
  0
SPLINE
  5
25A
330
1F
100
AcDbEntity
  8
Layer 1
370
    25
100
AcDbSpline
210
0.0
220
0.0
230
1.0
 70
    24
 71
     3
 72
     8
 73
     4
 74
     0
 42
0.000000001
 43
0.0000000001
 40
0.0
 40
0.0
 40
0.0
 40
0.0
 40
1.0
 40
1.0
 40
1.0
 40
1.0
 10
-2.1837
 20
5.4363
 30
0.0
 10
-2.1837
 20
5.4363
 30
0.0
 10
-6.01134
 20
5.4363
 30
0.0
 10
-6.01134
 20
5.4363
 30
0.0
  0
SPLINE
  5
25B
330
1F
100
AcDbEntity
  8
Layer 1
370
    25
100
AcDbSpline
210
0.0
220
0.0
230
1.0
 70
     8
 71
     3
 72
    36
 73
    32
 74
     0
 42
0.000000001
 43
0.0000000001
 40
0.0
 40
0.0
 40
0.0
 40
0.0
 40
0.1111111111111111
 40
0.1111111111111111
 40
0.1111111111111111
 40
0.1111111211111111
 40
0.2222222222222222
 40
0.2222222222222222
 40
0.2222222222222222
 40
0.2222222322222222
 40
0.3333333333333333
 40
0.3333333333333333
 40
0.3333333333333333
 40
0.3333333433333333
 40
0.4444444444444444
 40
0.4444444444444444
 40
0.4444444444444444
 40
0.4444444544444444
 40
0.5555555555555556
 40
0.5555555555555556
 40
0.5555555555555556
 40
0.5555555655555556
 40
0.6666666666666666
 40
0.6666666666666666
 40
0.6666666666666666
 40
0.6666666766666667
 40
0.7777777777777778
 40
0.7777777777777778
 40
0.7777777777777778
 40
0.7777777877777778
 40
1.0
 40
1.0
 40
1.0
 40
1.0
 10
-2.1837
 20
5.4363
 30
0.0
 10
-2.1837
 20
5.4363
 30
0.0
 10
-2.1837
 20
5.4363
 30
0.0
 10
-2.1837
 20
5.4363
 30
0.0
 10
-2.1837
 20
5.4363
 30
0.0
 10
-2.1837
 20
5.4363
 30
0.0
 10
-2.18017
 20
5.4363
 30
0.0
 10
-2.18017
 20
5.4363
 30
0.0
 10
-2.18017
 20
5.4363
 30
0.0
 10
-2.18017
 20
5.4363
 30
0.0
 10
-2.18017
 20
5.43983
 30
0.0
 10
-2.18017
 20
5.43983
 30
0.0
 10
-2.18017
 20
5.43983
 30
0.0
 10
-2.18017
 20
5.43983
 30
0.0
 10
-2.17664
 20
5.43983
 30
0.0
 10
-2.17664
 20
5.43983
 30
0.0
 10
-2.17664
 20
5.43983
 30
0.0
 10
-2.17664
 20
5.43983
 30
0.0
 10
-2.17311
 20
5.44336
 30
0.0
 10
-2.17311
 20
5.44336
 30
0.0
 10
-2.17311
 20
5.44336
 30
0.0
 10
-2.17311
 20
5.44336
 30
0.0
 10
-2.16959
 20
5.44688
 30
0.0
 10
-2.16959
 20
5.44688
 30
0.0
 10
-2.16959
 20
5.44688
 30
0.0
 10
-2.16959
 20
5.44688
 30
0.0
 10
-2.16606
 20
5.45041
 30
0.0
 10
-2.16606
 20
5.45041
 30
0.0
 10
-2.16606
 20
5.45041
 30
0.0
 10
-2.16606
 20
5.45041
 30
0.0
 10
-2.16253
 20
5.45394
 30
0.0
 10
-2.16253
 20
5.45394
 30
0.0
  0
SPLINE
  5
25C
330
1F
100
AcDbEntity
  8
Layer 1
370
    25
100
AcDbSpline
210
0.0
220
0.0
230
1.0
 70
    24
 71
     3
 72
     8
 73
     4
 74
     0
 42
0.000000001
 43
0.0000000001
 40
0.0
 40
0.0
 40
0.0
 40
0.0
 40
1.0
 40
1.0
 40
1.0
 40
1.0
 10
0.14816
 20
7.70113
 30
0.0
 10
0.14816
 20
7.70113
 30
0.0
 10
0.14816
 20
-3.937
 30
0.0
 10
0.14816
 20
-3.937
 30
0.0
  0
SPLINE
  5
25D
330
1F
100
AcDbEntity
  8
Layer 1
370
    25
100
AcDbSpline
210
0.0
220
0.0
230
1.0
 70
     8
 71
     3
 72
    36
 73
    32
 74
     0
 42
0.000000001
 43
0.0000000001
 40
0.0
 40
0.0
 40
0.0
 40
0.0
 40
0.1111111111111111
 40
0.1111111111111111
 40
0.1111111111111111
 40
0.1111111211111111
 40
0.2222222222222222
 40
0.2222222222222222
 40
0.2222222222222222
 40
0.2222222322222222
 40
0.3333333333333333
 40
0.3333333333333333
 40
0.3333333333333333
 40
0.3333333433333333
 40
0.4444444444444444
 40
0.4444444444444444
 40
0.4444444444444444
 40
0.4444444544444444
 40
0.5555555555555556
 40
0.5555555555555556
 40
0.5555555555555556
 40
0.5555555655555556
 40
0.6666666666666666
 40
0.6666666666666666
 40
0.6666666666666666
 40
0.6666666766666667
 40
0.7777777777777778
 40
0.7777777777777778
 40
0.7777777777777778
 40
0.7777777877777778
 40
1.0
 40
1.0
 40
1.0
 40
1.0
 10
-8.05745
 20
-4.22275
 30
0.0
 10
-8.05745
 20
-4.22275
 30
0.0
 10
-8.11389
 20
-4.2157
 30
0.0
 10
-8.11389
 20
-4.2157
 30
0.0
 10
-8.11389
 20
-4.2157
 30
0.0
 10
-8.11389
 20
-4.2157
 30
0.0
 10
-8.16681
 20
-4.20159
 30
0.0
 10
-8.16681
 20
-4.20159
 30
0.0
 10
-8.16681
 20
-4.20159
 30
0.0
 10
-8.16681
 20
-4.20159
 30
0.0
 10
-8.2162
 20
-4.17337
 30
0.0
 10
-8.2162
 20
-4.17337
 30
0.0
 10
-8.2162
 20
-4.17337
 30
0.0
 10
-8.2162
 20
-4.17337
 30
0.0
 10
-8.25853
 20
-4.13809
 30
0.0
 10
-8.25853
 20
-4.13809
 30
0.0
 10
-8.25853
 20
-4.13809
 30
0.0
 10
-8.25853
 20
-4.13809
 30
0.0
 10
-8.29381
 20
-4.09575
 30
0.0
 10
-8.29381
 20
-4.09575
 30
0.0
 10
-8.29381
 20
-4.09575
 30
0.0
 10
-8.29381
 20
-4.09575
 30
0.0
 10
-8.3185
 20
-4.04637
 30
0.0
 10
-8.3185
 20
-4.04637
 30
0.0
 10
-8.3185
 20
-4.04637
 30
0.0
 10
-8.3185
 20
-4.04637
 30
0.0
 10
-8.33614
 20
-3.99345
 30
0.0
 10
-8.33614
 20
-3.99345
 30
0.0
 10
-8.33614
 20
-3.99345
 30
0.0
 10
-8.33614
 20
-3.99345
 30
0.0
 10
-8.33967
 20
-3.937
 30
0.0
 10
-8.33967
 20
-3.937
 30
0.0
  0
SPLINE
  5
25E
330
1F
100
AcDbEntity
  8
Layer 1
370
    25
100
AcDbSpline
210
0.0
220
0.0
230
1.0
 70
    24
 71
     3
 72
     8
 73
     4
 74
     0
 42
0.000000001
 43
0.0000000001
 40
0.0
 40
0.0
 40
0.0
 40
0.0
 40
1.0
 40
1.0
 40
1.0
 40
1.0
 10
-2.1837
 20
-1.67217
 30
0.0
 10
-2.1837
 20
-1.67217
 30
0.0
 10
-2.1837
 20
5.4363
 30
0.0
 10
-2.1837
 20
5.4363
 30
0.0
  0
SPLINE
  5
25F
330
1F
100
AcDbEntity
  8
Layer 1
370
    25
100
AcDbSpline
210
0.0
220
0.0
230
1.0
 70
    24
 71
     3
 72
     8
 73
     4
 74
     0
 42
0.000000001
 43
0.0000000001
 40
0.0
 40
0.0
 40
0.0
 40
0.0
 40
1.0
 40
1.0
 40
1.0
 40
1.0
 10
-6.00781
 20
5.43277
 30
0.0
 10
-6.00781
 20
5.43277
 30
0.0
 10
-6.00781
 20
-1.66864
 30
0.0
 10
-6.00781
 20
-1.66864
 30
0.0
  0
SPLINE
  5
260
330
1F
100
AcDbEntity
  8
Layer 1
370
    25
100
AcDbSpline
210
0.0
220
0.0
230
1.0
 70
    24
 71
     3
 72
     8
 73
     4
 74
     0
 42
0.000000001
 43
0.0000000001
 40
0.0
 40
0.0
 40
0.0
 40
0.0
 40
1.0
 40
1.0
 40
1.0
 40
1.0
 10
-6.00781
 20
-1.66864
 30
0.0
 10
-6.00781
 20
-1.66864
 30
0.0
 10
-6.01134
 20
-1.67217
 30
0.0
 10
-6.01134
 20
-1.67217
 30
0.0
  0
SPLINE
  5
261
330
1F
100
AcDbEntity
  8
Layer 1
370
    25
100
AcDbSpline
210
0.0
220
0.0
230
1.0
 70
    24
 71
     3
 72
     8
 73
     4
 74
     0
 42
0.000000001
 43
0.0000000001
 40
0.0
 40
0.0
 40
0.0
 40
0.0
 40
1.0
 40
1.0
 40
1.0
 40
1.0
 10
-6.00781
 20
5.43277
 30
0.0
 10
-6.00781
 20
5.43277
 30
0.0
 10
-6.01134
 20
5.4363
 30
0.0
 10
-6.01134
 20
5.4363
 30
0.0
  0
SPLINE
  5
262
330
1F
100
AcDbEntity
  8
Layer 1
370
    25
100
AcDbSpline
210
0.0
220
0.0
230
1.0
 70
    24
 71
     3
 72
     8
 73
     4
 74
     0
 42
0.000000001
 43
0.0000000001
 40
0.0
 40
0.0
 40
0.0
 40
0.0
 40
1.0
 40
1.0
 40
1.0
 40
1.0
 10
-0.13759
 20
8.001
 30
0.0
 10
-0.13759
 20
8.001
 30
0.0
 10
-8.05745
 20
8.001
 30
0.0
 10
-8.05745
 20
8.001
 30
0.0
  0
SPLINE
  5
263
330
1F
100
AcDbEntity
  8
Layer 1
370
    25
100
AcDbSpline
210
0.0
220
0.0
230
1.0
 70
    24
 71
     3
 72
     8
 73
     4
 74
     0
 42
0.000000001
 43
0.0000000001
 40
0.0
 40
0.0
 40
0.0
 40
0.0
 40
1.0
 40
1.0
 40
1.0
 40
1.0
 10
-0.13759
 20
7.98688
 30
0.0
 10
-0.13759
 20
7.98688
 30
0.0
 10
-0.13759
 20
8.001
 30
0.0
 10
-0.13759
 20
8.001
 30
0.0
  0
SPLINE
  5
264
330
1F
100
AcDbEntity
  8
Layer 1
370
    25
100
AcDbSpline
210
0.0
220
0.0
230
1.0
 70
    24
 71
     3
 72
     8
 73
     4
 74
     0
 42
0.000000001
 43
0.0000000001
 40
0.0
 40
0.0
 40
0.0
 40
0.0
 40
1.0
 40
1.0
 40
1.0
 40
1.0
 10
-8.05745
 20
7.98688
 30
0.0
 10
-8.05745
 20
7.98688
 30
0.0
 10
-8.05745
 20
8.001
 30
0.0
 10
-8.05745
 20
8.001
 30
0.0
  0
SPLINE
  5
265
330
1F
100
AcDbEntity
  8
Layer 1
370
    25
100
AcDbSpline
210
0.0
220
0.0
230
1.0
 70
    24
 71
     3
 72
     8
 73
     4
 74
     0
 42
0.000000001
 43
0.0000000001
 40
0.0
 40
0.0
 40
0.0
 40
0.0
 40
1.0
 40
1.0
 40
1.0
 40
1.0
 10
-2.18723
 20
5.43277
 30
0.0
 10
-2.18723
 20
5.43277
 30
0.0
 10
-6.00781
 20
5.43277
 30
0.0
 10
-6.00781
 20
5.43277
 30
0.0
  0
SPLINE
  5
266
330
1F
100
AcDbEntity
  8
Layer 1
370
    25
100
AcDbSpline
210
0.0
220
0.0
230
1.0
 70
    24
 71
     3
 72
     8
 73
     4
 74
     0
 42
0.000000001
 43
0.0000000001
 40
0.0
 40
0.0
 40
0.0
 40
0.0
 40
1.0
 40
1.0
 40
1.0
 40
1.0
 10
-2.18723
 20
5.43277
 30
0.0
 10
-2.18723
 20
5.43277
 30
0.0
 10
-2.1837
 20
5.4363
 30
0.0
 10
-2.1837
 20
5.4363
 30
0.0
  0
SPLINE
  5
267
330
1F
100
AcDbEntity
  8
Layer 1
370
    25
100
AcDbSpline
210
0.0
220
0.0
230
1.0
 70
    24
 71
     3
 72
     8
 73
     4
 74
     0
 42
0.000000001
 43
0.0000000001
 40
0.0
 40
0.0
 40
0.0
 40
0.0
 40
1.0
 40
1.0
 40
1.0
 40
1.0
 10
0.16227
 20
-3.937
 30
0.0
 10
0.16227
 20
-3.937
 30
0.0
 10
0.16227
 20
7.70113
 30
0.0
 10
0.16227
 20
7.70113
 30
0.0
  0
SPLINE
  5
268
330
1F
100
AcDbEntity
  8
Layer 1
370
    25
100
AcDbSpline
210
0.0
220
0.0
230
1.0
 70
    24
 71
     3
 72
     8
 73
     4
 74
     0
 42
0.000000001
 43
0.0000000001
 40
0.0
 40
0.0
 40
0.0
 40
0.0
 40
1.0
 40
1.0
 40
1.0
 40
1.0
 10
0.14816
 20
-3.937
 30
0.0
 10
0.14816
 20
-3.937
 30
0.0
 10
0.16227
 20
-3.937
 30
0.0
 10
0.16227
 20
-3.937
 30
0.0
  0
SPLINE
  5
269
330
1F
100
AcDbEntity
  8
Layer 1
370
    25
100
AcDbSpline
210
0.0
220
0.0
230
1.0
 70
    24
 71
     3
 72
     8
 73
     4
 74
     0
 42
0.000000001
 43
0.0000000001
 40
0.0
 40
0.0
 40
0.0
 40
0.0
 40
1.0
 40
1.0
 40
1.0
 40
1.0
 10
0.14816
 20
7.70113
 30
0.0
 10
0.14816
 20
7.70113
 30
0.0
 10
0.16227
 20
7.70113
 30
0.0
 10
0.16227
 20
7.70113
 30
0.0
  0
SPLINE
  5
26A
330
1F
100
AcDbEntity
  8
Layer 1
370
    25
100
AcDbSpline
210
0.0
220
0.0
230
1.0
 70
     8
 71
     3
 72
    36
 73
    32
 74
     0
 42
0.000000001
 43
0.0000000001
 40
0.0
 40
0.0
 40
0.0
 40
0.0
 40
0.1111111111111111
 40
0.1111111111111111
 40
0.1111111111111111
 40
0.1111111211111111
 40
0.2222222222222222
 40
0.2222222222222222
 40
0.2222222222222222
 40
0.2222222322222222
 40
0.3333333333333333
 40
0.3333333333333333
 40
0.3333333333333333
 40
0.3333333433333333
 40
0.4444444444444444
 40
0.4444444444444444
 40
0.4444444444444444
 40
0.4444444544444444
 40
0.5555555555555556
 40
0.5555555555555556
 40
0.5555555555555556
 40
0.5555555655555556
 40
0.6666666666666666
 40
0.6666666666666666
 40
0.6666666666666666
 40
0.6666666766666667
 40
0.7777777777777778
 40
0.7777777777777778
 40
0.7777777777777778
 40
0.7777777877777778
 40
1.0
 40
1.0
 40
1.0
 40
1.0
 10
0.16227
 20
7.70113
 30
0.0
 10
0.16227
 20
7.70113
 30
0.0
 10
0.15875
 20
7.76111
 30
0.0
 10
0.15875
 20
7.76111
 30
0.0
 10
0.15875
 20
7.76111
 30
0.0
 10
0.15875
 20
7.76111
 30
0.0
 10
0.14111
 20
7.81755
 30
0.0
 10
0.14111
 20
7.81755
 30
0.0
 10
0.14111
 20
7.81755
 30
0.0
 10
0.14111
 20
7.81755
 30
0.0
 10
0.11289
 20
7.87047
 30
0.0
 10
0.11289
 20
7.87047
 30
0.0
 10
0.11289
 20
7.87047
 30
0.0
 10
0.11289
 20
7.87047
 30
0.0
 10
0.07408
 20
7.9128
 30
0.0
 10
0.07408
 20
7.9128
 30
0.0
 10
0.07408
 20
7.9128
 30
0.0
 10
0.07408
 20
7.9128
 30
0.0
 10
0.03175
 20
7.95161
 30
0.0
 10
0.03175
 20
7.95161
 30
0.0
 10
0.03175
 20
7.95161
 30
0.0
 10
0.03175
 20
7.95161
 30
0.0
 10
-0.02117
 20
7.97983
 30
0.0
 10
-0.02117
 20
7.97983
 30
0.0
 10
-0.02117
 20
7.97983
 30
0.0
 10
-0.02117
 20
7.97983
 30
0.0
 10
-0.07761
 20
7.99747
 30
0.0
 10
-0.07761
 20
7.99747
 30
0.0
 10
-0.07761
 20
7.99747
 30
0.0
 10
-0.07761
 20
7.99747
 30
0.0
 10
-0.13759
 20
8.001
 30
0.0
 10
-0.13759
 20
8.001
 30
0.0
  0
SPLINE
  5
26B
330
1F
100
AcDbEntity
  8
Layer 1
370
    25
100
AcDbSpline
210
0.0
220
0.0
230
1.0
 70
    24
 71
     3
 72
     8
 73
     4
 74
     0
 42
0.000000001
 43
0.0000000001
 40
0.0
 40
0.0
 40
0.0
 40
0.0
 40
1.0
 40
1.0
 40
1.0
 40
1.0
 10
-8.05745
 20
-4.22275
 30
0.0
 10
-8.05745
 20
-4.22275
 30
0.0
 10
-8.05745
 20
-4.23687
 30
0.0
 10
-8.05745
 20
-4.23687
 30
0.0
  0
SPLINE
  5
26C
330
1F
100
AcDbEntity
  8
Layer 1
370
    25
100
AcDbSpline
210
0.0
220
0.0
230
1.0
 70
    24
 71
     3
 72
     8
 73
     4
 74
     0
 42
0.000000001
 43
0.0000000001
 40
0.0
 40
0.0
 40
0.0
 40
0.0
 40
1.0
 40
1.0
 40
1.0
 40
1.0
 10
-0.13759
 20
-4.22275
 30
0.0
 10
-0.13759
 20
-4.22275
 30
0.0
 10
-0.13759
 20
-4.23687
 30
0.0
 10
-0.13759
 20
-4.23687
 30
0.0
  0
SPLINE
  5
26D
330
1F
100
AcDbEntity
  8
Layer 1
370
    25
100
AcDbSpline
210
0.0
220
0.0
230
1.0
 70
    24
 71
     3
 72
     8
 73
     4
 74
     0
 42
0.000000001
 43
0.0000000001
 40
0.0
 40
0.0
 40
0.0
 40
0.0
 40
1.0
 40
1.0
 40
1.0
 40
1.0
 10
-3.68653
 20
-4.23687
 30
0.0
 10
-3.68653
 20
-4.23687
 30
0.0
 10
-0.13759
 20
-4.23687
 30
0.0
 10
-0.13759
 20
-4.23687
 30
0.0
  0
SPLINE
  5
26E
330
1F
100
AcDbEntity
  8
Layer 1
370
    25
100
AcDbSpline
210
0.0
220
0.0
230
1.0
 70
    24
 71
     3
 72
     8
 73
     4
 74
     0
 42
0.000000001
 43
0.0000000001
 40
0.0
 40
0.0
 40
0.0
 40
0.0
 40
1.0
 40
1.0
 40
1.0
 40
1.0
 10
-3.69006
 20
-4.23334
 30
0.0
 10
-3.69006
 20
-4.23334
 30
0.0
 10
-3.68653
 20
-4.23687
 30
0.0
 10
-3.68653
 20
-4.23687
 30
0.0
  0
SPLINE
  5
26F
330
1F
100
AcDbEntity
  8
Layer 1
370
    25
100
AcDbSpline
210
0.0
220
0.0
230
1.0
 70
    24
 71
     3
 72
     8
 73
     4
 74
     0
 42
0.000000001
 43
0.0000000001
 40
0.0
 40
0.0
 40
0.0
 40
0.0
 40
1.0
 40
1.0
 40
1.0
 40
1.0
 10
-4.50145
 20
-4.23334
 30
0.0
 10
-4.50145
 20
-4.23334
 30
0.0
 10
-3.69006
 20
-4.23334
 30
0.0
 10
-3.69006
 20
-4.23334
 30
0.0
  0
SPLINE
  5
270
330
1F
100
AcDbEntity
  8
Layer 1
370
    25
100
AcDbSpline
210
0.0
220
0.0
230
1.0
 70
    24
 71
     3
 72
     8
 73
     4
 74
     0
 42
0.000000001
 43
0.0000000001
 40
0.0
 40
0.0
 40
0.0
 40
0.0
 40
1.0
 40
1.0
 40
1.0
 40
1.0
 10
-4.50498
 20
-4.23687
 30
0.0
 10
-4.50498
 20
-4.23687
 30
0.0
 10
-4.50145
 20
-4.23334
 30
0.0
 10
-4.50145
 20
-4.23334
 30
0.0
  0
SPLINE
  5
271
330
1F
100
AcDbEntity
  8
Layer 1
370
    25
100
AcDbSpline
210
0.0
220
0.0
230
1.0
 70
    24
 71
     3
 72
     8
 73
     4
 74
     0
 42
0.000000001
 43
0.0000000001
 40
0.0
 40
0.0
 40
0.0
 40
0.0
 40
1.0
 40
1.0
 40
1.0
 40
1.0
 10
-8.05745
 20
-4.23687
 30
0.0
 10
-8.05745
 20
-4.23687
 30
0.0
 10
-4.50498
 20
-4.23687
 30
0.0
 10
-4.50498
 20
-4.23687
 30
0.0
  0
SPLINE
  5
272
330
1F
100
AcDbEntity
  8
Layer 1
370
    25
100
AcDbSpline
210
0.0
220
0.0
230
1.0
 70
     8
 71
     3
 72
    36
 73
    32
 74
     0
 42
0.000000001
 43
0.0000000001
 40
0.0
 40
0.0
 40
0.0
 40
0.0
 40
0.1111111111111111
 40
0.1111111111111111
 40
0.1111111111111111
 40
0.1111111211111111
 40
0.2222222222222222
 40
0.2222222222222222
 40
0.2222222222222222
 40
0.2222222322222222
 40
0.3333333333333333
 40
0.3333333333333333
 40
0.3333333333333333
 40
0.3333333433333333
 40
0.4444444444444444
 40
0.4444444444444444
 40
0.4444444444444444
 40
0.4444444544444444
 40
0.5555555555555556
 40
0.5555555555555556
 40
0.5555555555555556
 40
0.5555555655555556
 40
0.6666666666666666
 40
0.6666666666666666
 40
0.6666666666666666
 40
0.6666666766666667
 40
0.7777777777777778
 40
0.7777777777777778
 40
0.7777777777777778
 40
0.7777777877777778
 40
1.0
 40
1.0
 40
1.0
 40
1.0
 10
-0.13759
 20
-4.23687
 30
0.0
 10
-0.13759
 20
-4.23687
 30
0.0
 10
-0.07761
 20
-4.23334
 30
0.0
 10
-0.07761
 20
-4.23334
 30
0.0
 10
-0.07761
 20
-4.23334
 30
0.0
 10
-0.07761
 20
-4.23334
 30
0.0
 10
-0.02117
 20
-4.2157
 30
0.0
 10
-0.02117
 20
-4.2157
 30
0.0
 10
-0.02117
 20
-4.2157
 30
0.0
 10
-0.02117
 20
-4.2157
 30
0.0
 10
0.03175
 20
-4.18748
 30
0.0
 10
0.03175
 20
-4.18748
 30
0.0
 10
0.03175
 20
-4.18748
 30
0.0
 10
0.03175
 20
-4.18748
 30
0.0
 10
0.07408
 20
-4.14867
 30
0.0
 10
0.07408
 20
-4.14867
 30
0.0
 10
0.07408
 20
-4.14867
 30
0.0
 10
0.07408
 20
-4.14867
 30
0.0
 10
0.11289
 20
-4.10281
 30
0.0
 10
0.11289
 20
-4.10281
 30
0.0
 10
0.11289
 20
-4.10281
 30
0.0
 10
0.11289
 20
-4.10281
 30
0.0
 10
0.14111
 20
-4.05342
 30
0.0
 10
0.14111
 20
-4.05342
 30
0.0
 10
0.14111
 20
-4.05342
 30
0.0
 10
0.14111
 20
-4.05342
 30
0.0
 10
0.15875
 20
-3.99698
 30
0.0
 10
0.15875
 20
-3.99698
 30
0.0
 10
0.15875
 20
-3.99698
 30
0.0
 10
0.15875
 20
-3.99698
 30
0.0
 10
0.16227
 20
-3.937
 30
0.0
 10
0.16227
 20
-3.937
 30
0.0
  0
SPLINE
  5
273
330
1F
100
AcDbEntity
  8
Layer 1
370
    25
100
AcDbSpline
210
0.0
220
0.0
230
1.0
 70
    24
 71
     3
 72
     8
 73
     4
 74
     0
 42
0.000000001
 43
0.0000000001
 40
0.0
 40
0.0
 40
0.0
 40
0.0
 40
1.0
 40
1.0
 40
1.0
 40
1.0
 10
-8.35731
 20
7.70113
 30
0.0
 10
-8.35731
 20
7.70113
 30
0.0
 10
-8.35731
 20
-3.937
 30
0.0
 10
-8.35731
 20
-3.937
 30
0.0
  0
SPLINE
  5
274
330
1F
100
AcDbEntity
  8
Layer 1
370
    25
100
AcDbSpline
210
0.0
220
0.0
230
1.0
 70
    24
 71
     3
 72
     8
 73
     4
 74
     0
 42
0.000000001
 43
0.0000000001
 40
0.0
 40
0.0
 40
0.0
 40
0.0
 40
1.0
 40
1.0
 40
1.0
 40
1.0
 10
-8.33967
 20
7.70113
 30
0.0
 10
-8.33967
 20
7.70113
 30
0.0
 10
-8.35731
 20
7.70113
 30
0.0
 10
-8.35731
 20
7.70113
 30
0.0
  0
SPLINE
  5
275
330
1F
100
AcDbEntity
  8
Layer 1
370
    25
100
AcDbSpline
210
0.0
220
0.0
230
1.0
 70
    24
 71
     3
 72
     8
 73
     4
 74
     0
 42
0.000000001
 43
0.0000000001
 40
0.0
 40
0.0
 40
0.0
 40
0.0
 40
1.0
 40
1.0
 40
1.0
 40
1.0
 10
-8.33967
 20
-3.937
 30
0.0
 10
-8.33967
 20
-3.937
 30
0.0
 10
-8.35731
 20
-3.937
 30
0.0
 10
-8.35731
 20
-3.937
 30
0.0
  0
SPLINE
  5
276
330
1F
100
AcDbEntity
  8
Layer 1
370
    25
100
AcDbSpline
210
0.0
220
0.0
230
1.0
 70
    24
 71
     3
 72
     8
 73
     4
 74
     0
 42
0.000000001
 43
0.0000000001
 40
0.0
 40
0.0
 40
0.0
 40
0.0
 40
1.0
 40
1.0
 40
1.0
 40
1.0
 10
-2.18723
 20
-1.66864
 30
0.0
 10
-2.18723
 20
-1.66864
 30
0.0
 10
-2.18723
 20
5.43277
 30
0.0
 10
-2.18723
 20
5.43277
 30
0.0
  0
SPLINE
  5
277
330
1F
100
AcDbEntity
  8
Layer 1
370
    25
100
AcDbSpline
210
0.0
220
0.0
230
1.0
 70
    24
 71
     3
 72
     8
 73
     4
 74
     0
 42
0.000000001
 43
0.0000000001
 40
0.0
 40
0.0
 40
0.0
 40
0.0
 40
1.0
 40
1.0
 40
1.0
 40
1.0
 10
-2.18723
 20
-1.66864
 30
0.0
 10
-2.18723
 20
-1.66864
 30
0.0
 10
-2.1837
 20
-1.67217
 30
0.0
 10
-2.1837
 20
-1.67217
 30
0.0
  0
SPLINE
  5
278
330
1F
100
AcDbEntity
  8
Layer 1
370
    25
100
AcDbSpline
210
0.0
220
0.0
230
1.0
 70
    24
 71
     3
 72
     8
 73
     4
 74
     0
 42
0.000000001
 43
0.0000000001
 40
0.0
 40
0.0
 40
0.0
 40
0.0
 40
1.0
 40
1.0
 40
1.0
 40
1.0
 10
-6.00781
 20
-1.66864
 30
0.0
 10
-6.00781
 20
-1.66864
 30
0.0
 10
-2.18723
 20
-1.66864
 30
0.0
 10
-2.18723
 20
-1.66864
 30
0.0
  0
SPLINE
  5
279
330
1F
100
AcDbEntity
  8
Layer 1
370
    25
100
AcDbSpline
210
0.0
220
0.0
230
1.0
 70
     8
 71
     3
 72
    36
 73
    32
 74
     0
 42
0.000000001
 43
0.0000000001
 40
0.0
 40
0.0
 40
0.0
 40
0.0
 40
0.1111111111111111
 40
0.1111111111111111
 40
0.1111111111111111
 40
0.1111111211111111
 40
0.2222222222222222
 40
0.2222222222222222
 40
0.2222222222222222
 40
0.2222222322222222
 40
0.3333333333333333
 40
0.3333333333333333
 40
0.3333333333333333
 40
0.3333333433333333
 40
0.4444444444444444
 40
0.4444444444444444
 40
0.4444444444444444
 40
0.4444444544444444
 40
0.5555555555555556
 40
0.5555555555555556
 40
0.5555555555555556
 40
0.5555555655555556
 40
0.6666666666666666
 40
0.6666666666666666
 40
0.6666666666666666
 40
0.6666666766666667
 40
0.7777777777777778
 40
0.7777777777777778
 40
0.7777777777777778
 40
0.7777777877777778
 40
1.0
 40
1.0
 40
1.0
 40
1.0
 10
-8.05745
 20
8.001
 30
0.0
 10
-8.05745
 20
8.001
 30
0.0
 10
-8.11389
 20
7.99747
 30
0.0
 10
-8.11389
 20
7.99747
 30
0.0
 10
-8.11389
 20
7.99747
 30
0.0
 10
-8.11389
 20
7.99747
 30
0.0
 10
-8.17034
 20
7.97983
 30
0.0
 10
-8.17034
 20
7.97983
 30
0.0
 10
-8.17034
 20
7.97983
 30
0.0
 10
-8.17034
 20
7.97983
 30
0.0
 10
-8.22325
 20
7.95161
 30
0.0
 10
-8.22325
 20
7.95161
 30
0.0
 10
-8.22325
 20
7.95161
 30
0.0
 10
-8.22325
 20
7.95161
 30
0.0
 10
-8.26912
 20
7.9128
 30
0.0
 10
-8.26912
 20
7.9128
 30
0.0
 10
-8.26912
 20
7.9128
 30
0.0
 10
-8.26912
 20
7.9128
 30
0.0
 10
-8.30439
 20
7.87047
 30
0.0
 10
-8.30439
 20
7.87047
 30
0.0
 10
-8.30439
 20
7.87047
 30
0.0
 10
-8.30439
 20
7.87047
 30
0.0
 10
-8.33262
 20
7.81755
 30
0.0
 10
-8.33262
 20
7.81755
 30
0.0
 10
-8.33262
 20
7.81755
 30
0.0
 10
-8.33262
 20
7.81755
 30
0.0
 10
-8.35025
 20
7.76111
 30
0.0
 10
-8.35025
 20
7.76111
 30
0.0
 10
-8.35025
 20
7.76111
 30
0.0
 10
-8.35025
 20
7.76111
 30
0.0
 10
-8.35731
 20
7.70113
 30
0.0
 10
-8.35731
 20
7.70113
 30
0.0
  0
SPLINE
  5
27A
330
1F
100
AcDbEntity
  8
Layer 1
370
    25
100
AcDbSpline
210
0.0
220
0.0
230
1.0
 70
     8
 71
     3
 72
    36
 73
    32
 74
     0
 42
0.000000001
 43
0.0000000001
 40
0.0
 40
0.0
 40
0.0
 40
0.0
 40
0.1111111111111111
 40
0.1111111111111111
 40
0.1111111111111111
 40
0.1111111211111111
 40
0.2222222222222222
 40
0.2222222222222222
 40
0.2222222222222222
 40
0.2222222322222222
 40
0.3333333333333333
 40
0.3333333333333333
 40
0.3333333333333333
 40
0.3333333433333333
 40
0.4444444444444444
 40
0.4444444444444444
 40
0.4444444444444444
 40
0.4444444544444444
 40
0.5555555555555556
 40
0.5555555555555556
 40
0.5555555555555556
 40
0.5555555655555556
 40
0.6666666666666666
 40
0.6666666666666666
 40
0.6666666666666666
 40
0.6666666766666667
 40
0.7777777777777778
 40
0.7777777777777778
 40
0.7777777777777778
 40
0.7777777877777778
 40
1.0
 40
1.0
 40
1.0
 40
1.0
 10
-8.35731
 20
-3.937
 30
0.0
 10
-8.35731
 20
-3.937
 30
0.0
 10
-8.35025
 20
-3.99698
 30
0.0
 10
-8.35025
 20
-3.99698
 30
0.0
 10
-8.35025
 20
-3.99698
 30
0.0
 10
-8.35025
 20
-3.99698
 30
0.0
 10
-8.33262
 20
-4.05342
 30
0.0
 10
-8.33262
 20
-4.05342
 30
0.0
 10
-8.33262
 20
-4.05342
 30
0.0
 10
-8.33262
 20
-4.05342
 30
0.0
 10
-8.30439
 20
-4.10281
 30
0.0
 10
-8.30439
 20
-4.10281
 30
0.0
 10
-8.30439
 20
-4.10281
 30
0.0
 10
-8.30439
 20
-4.10281
 30
0.0
 10
-8.26912
 20
-4.14867
 30
0.0
 10
-8.26912
 20
-4.14867
 30
0.0
 10
-8.26912
 20
-4.14867
 30
0.0
 10
-8.26912
 20
-4.14867
 30
0.0
 10
-8.22325
 20
-4.18748
 30
0.0
 10
-8.22325
 20
-4.18748
 30
0.0
 10
-8.22325
 20
-4.18748
 30
0.0
 10
-8.22325
 20
-4.18748
 30
0.0
 10
-8.17034
 20
-4.2157
 30
0.0
 10
-8.17034
 20
-4.2157
 30
0.0
 10
-8.17034
 20
-4.2157
 30
0.0
 10
-8.17034
 20
-4.2157
 30
0.0
 10
-8.11389
 20
-4.23334
 30
0.0
 10
-8.11389
 20
-4.23334
 30
0.0
 10
-8.11389
 20
-4.23334
 30
0.0
 10
-8.11389
 20
-4.23334
 30
0.0
 10
-8.05745
 20
-4.23687
 30
0.0
 10
-8.05745
 20
-4.23687
 30
0.0
  0
SPLINE
  5
27B
330
1F
100
AcDbEntity
  8
Layer 1
370
    25
100
AcDbSpline
210
0.0
220
0.0
230
1.0
 70
    24
 71
     3
 72
     8
 73
     4
 74
     0
 42
0.000000001
 43
0.0000000001
 40
0.0
 40
0.0
 40
0.0
 40
0.0
 40
1.0
 40
1.0
 40
1.0
 40
1.0
 10
-2.17664
 20
-7.98336
 30
0.0
 10
-2.17664
 20
-7.98336
 30
0.0
 10
-2.17312
 20
-8.001
 30
0.0
 10
-2.17312
 20
-8.001
 30
0.0
  0
SPLINE
  5
27C
330
1F
100
AcDbEntity
  8
Layer 1
370
    25
100
AcDbSpline
210
0.0
220
0.0
230
1.0
 70
    24
 71
     3
 72
     8
 73
     4
 74
     0
 42
0.000000001
 43
0.0000000001
 40
0.0
 40
0.0
 40
0.0
 40
0.0
 40
1.0
 40
1.0
 40
1.0
 40
1.0
 10
-1.16064
 20
-8.001
 30
0.0
 10
-1.16064
 20
-8.001
 30
0.0
 10
-1.15712
 20
-7.98336
 30
0.0
 10
-1.15712
 20
-7.98336
 30
0.0
  0
SPLINE
  5
27D
330
1F
100
AcDbEntity
  8
Layer 1
370
    25
100
AcDbSpline
210
0.0
220
0.0
230
1.0
 70
    24
 71
     3
 72
     8
 73
     4
 74
     0
 42
0.000000001
 43
0.0000000001
 40
0.0
 40
0.0
 40
0.0
 40
0.0
 40
1.0
 40
1.0
 40
1.0
 40
1.0
 10
-1.36878
 20
-8.001
 30
0.0
 10
-1.36878
 20
-8.001
 30
0.0
 10
-1.36525
 20
-7.98336
 30
0.0
 10
-1.36525
 20
-7.98336
 30
0.0
  0
SPLINE
  5
27E
330
1F
100
AcDbEntity
  8
Layer 1
370
    25
100
AcDbSpline
210
0.0
220
0.0
230
1.0
 70
    24
 71
     3
 72
     8
 73
     4
 74
     0
 42
0.000000001
 43
0.0000000001
 40
0.0
 40
0.0
 40
0.0
 40
0.0
 40
1.0
 40
1.0
 40
1.0
 40
1.0
 10
-1.16064
 20
-8.001
 30
0.0
 10
-1.16064
 20
-8.001
 30
0.0
 10
-1.15712
 20
-7.98336
 30
0.0
 10
-1.15712
 20
-7.98336
 30
0.0
  0
SPLINE
  5
27F
330
1F
100
AcDbEntity
  8
Layer 1
370
    25
100
AcDbSpline
210
0.0
220
0.0
230
1.0
 70
    24
 71
     3
 72
     8
 73
     4
 74
     0
 42
0.000000001
 43
0.0000000001
 40
0.0
 40
0.0
 40
0.0
 40
0.0
 40
1.0
 40
1.0
 40
1.0
 40
1.0
 10
-1.99673
 20
-8.001
 30
0.0
 10
-1.99673
 20
-8.001
 30
0.0
 10
-1.9932
 20
-7.98336
 30
0.0
 10
-1.9932
 20
-7.98336
 30
0.0
  0
SPLINE
  5
280
330
1F
100
AcDbEntity
  8
Layer 1
370
    25
100
AcDbSpline
210
0.0
220
0.0
230
1.0
 70
    24
 71
     3
 72
     8
 73
     4
 74
     0
 42
0.000000001
 43
0.0000000001
 40
0.0
 40
0.0
 40
0.0
 40
0.0
 40
1.0
 40
1.0
 40
1.0
 40
1.0
 10
0.14816
 20
-7.96219
 30
0.0
 10
0.14816
 20
-7.96219
 30
0.0
 10
0.16227
 20
-7.08377
 30
0.0
 10
0.16227
 20
-7.08377
 30
0.0
  0
SPLINE
  5
281
330
1F
100
AcDbEntity
  8
Layer 1
370
    25
100
AcDbSpline
210
0.0
220
0.0
230
1.0
 70
    24
 71
     3
 72
    36
 73
    32
 74
     0
 42
0.000000001
 43
0.0000000001
 40
0.0
 40
0.0
 40
0.0
 40
0.0
 40
0.1111111111111111
 40
0.1111111111111111
 40
0.1111111111111111
 40
0.1111111211111111
 40
0.2222222222222222
 40
0.2222222222222222
 40
0.2222222222222222
 40
0.2222222322222222
 40
0.3333333333333333
 40
0.3333333333333333
 40
0.3333333333333333
 40
0.3333333433333333
 40
0.4444444444444444
 40
0.4444444444444444
 40
0.4444444444444444
 40
0.4444444544444444
 40
0.5555555555555556
 40
0.5555555555555556
 40
0.5555555555555556
 40
0.5555555655555556
 40
0.6666666666666666
 40
0.6666666666666666
 40
0.6666666666666666
 40
0.6666666766666667
 40
0.7777777777777778
 40
0.7777777777777778
 40
0.7777777777777778
 40
0.7777777877777778
 40
1.0
 40
1.0
 40
1.0
 40
1.0
 10
-0.13759
 20
-7.96219
 30
0.0
 10
-0.13759
 20
-7.96219
 30
0.0
 10
-0.08114
 20
-7.96219
 30
0.0
 10
-0.08114
 20
-7.96219
 30
0.0
 10
-0.08114
 20
-7.96219
 30
0.0
 10
-0.08114
 20
-7.96219
 30
0.0
 10
-0.02823
 20
-7.96219
 30
0.0
 10
-0.02823
 20
-7.96219
 30
0.0
 10
-0.02823
 20
-7.96219
 30
0.0
 10
-0.02823
 20
-7.96219
 30
0.0
 10
0.02116
 20
-7.96219
 30
0.0
 10
0.02116
 20
-7.96219
 30
0.0
 10
0.02116
 20
-7.96219
 30
0.0
 10
0.02116
 20
-7.96219
 30
0.0
 10
0.0635
 20
-7.96219
 30
0.0
 10
0.0635
 20
-7.96219
 30
0.0
 10
0.0635
 20
-7.96219
 30
0.0
 10
0.0635
 20
-7.96219
 30
0.0
 10
0.09877
 20
-7.96219
 30
0.0
 10
0.09877
 20
-7.96219
 30
0.0
 10
0.09877
 20
-7.96219
 30
0.0
 10
0.09877
 20
-7.96219
 30
0.0
 10
0.127
 20
-7.96219
 30
0.0
 10
0.127
 20
-7.96219
 30
0.0
 10
0.127
 20
-7.96219
 30
0.0
 10
0.127
 20
-7.96219
 30
0.0
 10
0.14111
 20
-7.96219
 30
0.0
 10
0.14111
 20
-7.96219
 30
0.0
 10
0.14111
 20
-7.96219
 30
0.0
 10
0.14111
 20
-7.96219
 30
0.0
 10
0.14816
 20
-7.96219
 30
0.0
 10
0.14816
 20
-7.96219
 30
0.0
  0
SPLINE
  5
282
330
1F
100
AcDbEntity
  8
Layer 1
370
    25
100
AcDbSpline
210
0.0
220
0.0
230
1.0
 70
    24
 71
     3
 72
     8
 73
     4
 74
     0
 42
0.000000001
 43
0.0000000001
 40
0.0
 40
0.0
 40
0.0
 40
0.0
 40
1.0
 40
1.0
 40
1.0
 40
1.0
 10
-0.13759
 20
-7.96219
 30
0.0
 10
-0.13759
 20
-7.96219
 30
0.0
 10
-0.13759
 20
-7.08377
 30
0.0
 10
-0.13759
 20
-7.08377
 30
0.0
  0
SPLINE
  5
283
330
1F
100
AcDbEntity
  8
Layer 1
370
    25
100
AcDbSpline
210
0.0
220
0.0
230
1.0
 70
    24
 71
     3
 72
    36
 73
    32
 74
     0
 42
0.000000001
 43
0.0000000001
 40
0.0
 40
0.0
 40
0.0
 40
0.0
 40
0.1111111111111111
 40
0.1111111111111111
 40
0.1111111111111111
 40
0.1111111211111111
 40
0.2222222222222222
 40
0.2222222222222222
 40
0.2222222222222222
 40
0.2222222322222222
 40
0.3333333333333333
 40
0.3333333333333333
 40
0.3333333333333333
 40
0.3333333433333333
 40
0.4444444444444444
 40
0.4444444444444444
 40
0.4444444444444444
 40
0.4444444544444444
 40
0.5555555555555556
 40
0.5555555555555556
 40
0.5555555555555556
 40
0.5555555655555556
 40
0.6666666666666666
 40
0.6666666666666666
 40
0.6666666666666666
 40
0.6666666766666667
 40
0.7777777777777778
 40
0.7777777777777778
 40
0.7777777777777778
 40
0.7777777877777778
 40
1.0
 40
1.0
 40
1.0
 40
1.0
 10
0.16227
 20
-7.08377
 30
0.0
 10
0.16227
 20
-7.08377
 30
0.0
 10
0.15875
 20
-7.08377
 30
0.0
 10
0.15875
 20
-7.08377
 30
0.0
 10
0.15875
 20
-7.08377
 30
0.0
 10
0.15875
 20
-7.08377
 30
0.0
 10
0.14111
 20
-7.08377
 30
0.0
 10
0.14111
 20
-7.08377
 30
0.0
 10
0.14111
 20
-7.08377
 30
0.0
 10
0.14111
 20
-7.08377
 30
0.0
 10
0.11289
 20
-7.08377
 30
0.0
 10
0.11289
 20
-7.08377
 30
0.0
 10
0.11289
 20
-7.08377
 30
0.0
 10
0.11289
 20
-7.08377
 30
0.0
 10
0.07408
 20
-7.08377
 30
0.0
 10
0.07408
 20
-7.08377
 30
0.0
 10
0.07408
 20
-7.08377
 30
0.0
 10
0.07408
 20
-7.08377
 30
0.0
 10
0.03175
 20
-7.08377
 30
0.0
 10
0.03175
 20
-7.08377
 30
0.0
 10
0.03175
 20
-7.08377
 30
0.0
 10
0.03175
 20
-7.08377
 30
0.0
 10
-0.02117
 20
-7.08377
 30
0.0
 10
-0.02117
 20
-7.08377
 30
0.0
 10
-0.02117
 20
-7.08377
 30
0.0
 10
-0.02117
 20
-7.08377
 30
0.0
 10
-0.07762
 20
-7.08377
 30
0.0
 10
-0.07762
 20
-7.08377
 30
0.0
 10
-0.07762
 20
-7.08377
 30
0.0
 10
-0.07762
 20
-7.08377
 30
0.0
 10
-0.13759
 20
-7.08377
 30
0.0
 10
-0.13759
 20
-7.08377
 30
0.0
  0
SPLINE
  5
284
330
1F
100
AcDbEntity
  8
Layer 1
370
    25
100
AcDbSpline
210
0.0
220
0.0
230
1.0
 70
    24
 71
     3
 72
     8
 73
     4
 74
     0
 42
0.000000001
 43
0.0000000001
 40
0.0
 40
0.0
 40
0.0
 40
0.0
 40
1.0
 40
1.0
 40
1.0
 40
1.0
 10
-8.05745
 20
-7.96219
 30
0.0
 10
-8.05745
 20
-7.96219
 30
0.0
 10
-0.13759
 20
-7.96219
 30
0.0
 10
-0.13759
 20
-7.96219
 30
0.0
  0
SPLINE
  5
285
330
1F
100
AcDbEntity
  8
Layer 1
370
    25
100
AcDbSpline
210
0.0
220
0.0
230
1.0
 70
    24
 71
     3
 72
     8
 73
     4
 74
     0
 42
0.000000001
 43
0.0000000001
 40
0.0
 40
0.0
 40
0.0
 40
0.0
 40
1.0
 40
1.0
 40
1.0
 40
1.0
 10
-8.05745
 20
-7.96219
 30
0.0
 10
-8.05745
 20
-7.96219
 30
0.0
 10
-8.05745
 20
-7.08377
 30
0.0
 10
-8.05745
 20
-7.08377
 30
0.0
  0
SPLINE
  5
286
330
1F
100
AcDbEntity
  8
Layer 1
370
    25
100
AcDbSpline
210
0.0
220
0.0
230
1.0
 70
    24
 71
     3
 72
     8
 73
     4
 74
     0
 42
0.000000001
 43
0.0000000001
 40
0.0
 40
0.0
 40
0.0
 40
0.0
 40
1.0
 40
1.0
 40
1.0
 40
1.0
 10
-0.13759
 20
-7.08377
 30
0.0
 10
-0.13759
 20
-7.08377
 30
0.0
 10
-8.05745
 20
-7.08377
 30
0.0
 10
-8.05745
 20
-7.08377
 30
0.0
  0
SPLINE
  5
287
330
1F
100
AcDbEntity
  8
Layer 1
370
    25
100
AcDbSpline
210
0.0
220
0.0
230
1.0
 70
    24
 71
     3
 72
    36
 73
    32
 74
     0
 42
0.000000001
 43
0.0000000001
 40
0.0
 40
0.0
 40
0.0
 40
0.0
 40
0.1111111111111111
 40
0.1111111111111111
 40
0.1111111111111111
 40
0.1111111211111111
 40
0.2222222222222222
 40
0.2222222222222222
 40
0.2222222222222222
 40
0.2222222322222222
 40
0.3333333333333333
 40
0.3333333333333333
 40
0.3333333333333333
 40
0.3333333433333333
 40
0.4444444444444444
 40
0.4444444444444444
 40
0.4444444444444444
 40
0.4444444544444444
 40
0.5555555555555556
 40
0.5555555555555556
 40
0.5555555555555556
 40
0.5555555655555556
 40
0.6666666666666666
 40
0.6666666666666666
 40
0.6666666666666666
 40
0.6666666766666667
 40
0.7777777777777778
 40
0.7777777777777778
 40
0.7777777777777778
 40
0.7777777877777778
 40
1.0
 40
1.0
 40
1.0
 40
1.0
 10
-8.33967
 20
-7.96219
 30
0.0
 10
-8.33967
 20
-7.96219
 30
0.0
 10
-8.33614
 20
-7.96219
 30
0.0
 10
-8.33614
 20
-7.96219
 30
0.0
 10
-8.33614
 20
-7.96219
 30
0.0
 10
-8.33614
 20
-7.96219
 30
0.0
 10
-8.3185
 20
-7.96219
 30
0.0
 10
-8.3185
 20
-7.96219
 30
0.0
 10
-8.3185
 20
-7.96219
 30
0.0
 10
-8.3185
 20
-7.96219
 30
0.0
 10
-8.29381
 20
-7.96219
 30
0.0
 10
-8.29381
 20
-7.96219
 30
0.0
 10
-8.29381
 20
-7.96219
 30
0.0
 10
-8.29381
 20
-7.96219
 30
0.0
 10
-8.25853
 20
-7.96219
 30
0.0
 10
-8.25853
 20
-7.96219
 30
0.0
 10
-8.25853
 20
-7.96219
 30
0.0
 10
-8.25853
 20
-7.96219
 30
0.0
 10
-8.2162
 20
-7.96219
 30
0.0
 10
-8.2162
 20
-7.96219
 30
0.0
 10
-8.2162
 20
-7.96219
 30
0.0
 10
-8.2162
 20
-7.96219
 30
0.0
 10
-8.16681
 20
-7.96219
 30
0.0
 10
-8.16681
 20
-7.96219
 30
0.0
 10
-8.16681
 20
-7.96219
 30
0.0
 10
-8.16681
 20
-7.96219
 30
0.0
 10
-8.11389
 20
-7.96219
 30
0.0
 10
-8.11389
 20
-7.96219
 30
0.0
 10
-8.11389
 20
-7.96219
 30
0.0
 10
-8.11389
 20
-7.96219
 30
0.0
 10
-8.05745
 20
-7.96219
 30
0.0
 10
-8.05745
 20
-7.96219
 30
0.0
  0
SPLINE
  5
288
330
1F
100
AcDbEntity
  8
Layer 1
370
    25
100
AcDbSpline
210
0.0
220
0.0
230
1.0
 70
    24
 71
     3
 72
     8
 73
     4
 74
     0
 42
0.000000001
 43
0.0000000001
 40
0.0
 40
0.0
 40
0.0
 40
0.0
 40
1.0
 40
1.0
 40
1.0
 40
1.0
 10
-8.33967
 20
-7.96219
 30
0.0
 10
-8.33967
 20
-7.96219
 30
0.0
 10
-8.35731
 20
-7.08377
 30
0.0
 10
-8.35731
 20
-7.08377
 30
0.0
  0
SPLINE
  5
289
330
1F
100
AcDbEntity
  8
Layer 1
370
    25
100
AcDbSpline
210
0.0
220
0.0
230
1.0
 70
    24
 71
     3
 72
    36
 73
    32
 74
     0
 42
0.000000001
 43
0.0000000001
 40
0.0
 40
0.0
 40
0.0
 40
0.0
 40
0.1111111111111111
 40
0.1111111111111111
 40
0.1111111111111111
 40
0.1111111211111111
 40
0.2222222222222222
 40
0.2222222222222222
 40
0.2222222222222222
 40
0.2222222322222222
 40
0.3333333333333333
 40
0.3333333333333333
 40
0.3333333333333333
 40
0.3333333433333333
 40
0.4444444444444444
 40
0.4444444444444444
 40
0.4444444444444444
 40
0.4444444544444444
 40
0.5555555555555556
 40
0.5555555555555556
 40
0.5555555555555556
 40
0.5555555655555556
 40
0.6666666666666666
 40
0.6666666666666666
 40
0.6666666666666666
 40
0.6666666766666667
 40
0.7777777777777778
 40
0.7777777777777778
 40
0.7777777777777778
 40
0.7777777877777778
 40
1.0
 40
1.0
 40
1.0
 40
1.0
 10
-8.05745
 20
-7.08377
 30
0.0
 10
-8.05745
 20
-7.08377
 30
0.0
 10
-8.11389
 20
-7.08377
 30
0.0
 10
-8.11389
 20
-7.08377
 30
0.0
 10
-8.11389
 20
-7.08377
 30
0.0
 10
-8.11389
 20
-7.08377
 30
0.0
 10
-8.17034
 20
-7.08377
 30
0.0
 10
-8.17034
 20
-7.08377
 30
0.0
 10
-8.17034
 20
-7.08377
 30
0.0
 10
-8.17034
 20
-7.08377
 30
0.0
 10
-8.22325
 20
-7.08377
 30
0.0
 10
-8.22325
 20
-7.08377
 30
0.0
 10
-8.22325
 20
-7.08377
 30
0.0
 10
-8.22325
 20
-7.08377
 30
0.0
 10
-8.26912
 20
-7.08377
 30
0.0
 10
-8.26912
 20
-7.08377
 30
0.0
 10
-8.26912
 20
-7.08377
 30
0.0
 10
-8.26912
 20
-7.08377
 30
0.0
 10
-8.30439
 20
-7.08377
 30
0.0
 10
-8.30439
 20
-7.08377
 30
0.0
 10
-8.30439
 20
-7.08377
 30
0.0
 10
-8.30439
 20
-7.08377
 30
0.0
 10
-8.33262
 20
-7.08377
 30
0.0
 10
-8.33262
 20
-7.08377
 30
0.0
 10
-8.33262
 20
-7.08377
 30
0.0
 10
-8.33262
 20
-7.08377
 30
0.0
 10
-8.35025
 20
-7.08377
 30
0.0
 10
-8.35025
 20
-7.08377
 30
0.0
 10
-8.35025
 20
-7.08377
 30
0.0
 10
-8.35025
 20
-7.08377
 30
0.0
 10
-8.35731
 20
-7.08377
 30
0.0
 10
-8.35731
 20
-7.08377
 30
0.0
  0
SPLINE
  5
28A
330
1F
100
AcDbEntity
  8
Layer 1
370
    25
100
AcDbSpline
210
0.0
220
0.0
230
1.0
 70
     8
 71
     3
 72
    36
 73
    32
 74
     0
 42
0.000000001
 43
0.0000000001
 40
0.0
 40
0.0
 40
0.0
 40
0.0
 40
0.1111111111111111
 40
0.1111111111111111
 40
0.1111111111111111
 40
0.1111111211111111
 40
0.2222222222222222
 40
0.2222222222222222
 40
0.2222222222222222
 40
0.2222222322222222
 40
0.3333333333333333
 40
0.3333333333333333
 40
0.3333333333333333
 40
0.3333333433333333
 40
0.4444444444444444
 40
0.4444444444444444
 40
0.4444444444444444
 40
0.4444444544444444
 40
0.5555555555555556
 40
0.5555555555555556
 40
0.5555555555555556
 40
0.5555555655555556
 40
0.6666666666666666
 40
0.6666666666666666
 40
0.6666666666666666
 40
0.6666666766666667
 40
0.7777777777777778
 40
0.7777777777777778
 40
0.7777777777777778
 40
0.7777777877777778
 40
1.0
 40
1.0
 40
1.0
 40
1.0
 10
0.14816
 20
-7.96219
 30
0.0
 10
0.14816
 20
-7.96219
 30
0.0
 10
0.14816
 20
-7.96572
 30
0.0
 10
0.14816
 20
-7.96572
 30
0.0
 10
0.14816
 20
-7.96572
 30
0.0
 10
0.14816
 20
-7.96572
 30
0.0
 10
0.14463
 20
-7.96925
 30
0.0
 10
0.14463
 20
-7.96925
 30
0.0
 10
0.14463
 20
-7.96925
 30
0.0
 10
0.14463
 20
-7.96925
 30
0.0
 10
0.14463
 20
-7.97277
 30
0.0
 10
0.14463
 20
-7.97277
 30
0.0
 10
0.14463
 20
-7.97277
 30
0.0
 10
0.14463
 20
-7.97277
 30
0.0
 10
0.14111
 20
-7.9763
 30
0.0
 10
0.14111
 20
-7.9763
 30
0.0
 10
0.14111
 20
-7.9763
 30
0.0
 10
0.14111
 20
-7.9763
 30
0.0
 10
0.13758
 20
-7.97983
 30
0.0
 10
0.13758
 20
-7.97983
 30
0.0
 10
0.13758
 20
-7.97983
 30
0.0
 10
0.13758
 20
-7.97983
 30
0.0
 10
0.13405
 20
-7.97983
 30
0.0
 10
0.13405
 20
-7.97983
 30
0.0
 10
0.13405
 20
-7.97983
 30
0.0
 10
0.13405
 20
-7.97983
 30
0.0
 10
0.13052
 20
-7.98336
 30
0.0
 10
0.13052
 20
-7.98336
 30
0.0
 10
0.13052
 20
-7.98336
 30
0.0
 10
0.13052
 20
-7.98336
 30
0.0
 10
0.127
 20
-7.98336
 30
0.0
 10
0.127
 20
-7.98336
 30
0.0
  0
SPLINE
  5
28B
330
1F
100
AcDbEntity
  8
Layer 1
370
    25
100
AcDbSpline
210
0.0
220
0.0
230
1.0
 70
    24
 71
     3
 72
    36
 73
    32
 74
     0
 42
0.000000001
 43
0.0000000001
 40
0.0
 40
0.0
 40
0.0
 40
0.0
 40
0.1111111111111111
 40
0.1111111111111111
 40
0.1111111111111111
 40
0.1111111211111111
 40
0.2222222222222222
 40
0.2222222222222222
 40
0.2222222222222222
 40
0.2222222322222222
 40
0.3333333333333333
 40
0.3333333333333333
 40
0.3333333333333333
 40
0.3333333433333333
 40
0.4444444444444444
 40
0.4444444444444444
 40
0.4444444444444444
 40
0.4444444544444444
 40
0.5555555555555556
 40
0.5555555555555556
 40
0.5555555555555556
 40
0.5555555655555556
 40
0.6666666666666666
 40
0.6666666666666666
 40
0.6666666666666666
 40
0.6666666766666667
 40
0.7777777777777778
 40
0.7777777777777778
 40
0.7777777777777778
 40
0.7777777877777778
 40
1.0
 40
1.0
 40
1.0
 40
1.0
 10
0.127
 20
-7.98336
 30
0.0
 10
0.127
 20
-7.98336
 30
0.0
 10
0.12347
 20
-7.98336
 30
0.0
 10
0.12347
 20
-7.98336
 30
0.0
 10
0.12347
 20
-7.98336
 30
0.0
 10
0.12347
 20
-7.98336
 30
0.0
 10
0.10936
 20
-7.98336
 30
0.0
 10
0.10936
 20
-7.98336
 30
0.0
 10
0.10936
 20
-7.98336
 30
0.0
 10
0.10936
 20
-7.98336
 30
0.0
 10
0.08466
 20
-7.98336
 30
0.0
 10
0.08466
 20
-7.98336
 30
0.0
 10
0.08466
 20
-7.98336
 30
0.0
 10
0.08466
 20
-7.98336
 30
0.0
 10
0.04938
 20
-7.98336
 30
0.0
 10
0.04938
 20
-7.98336
 30
0.0
 10
0.04938
 20
-7.98336
 30
0.0
 10
0.04938
 20
-7.98336
 30
0.0
 10
0.01058
 20
-7.98336
 30
0.0
 10
0.01058
 20
-7.98336
 30
0.0
 10
0.01058
 20
-7.98336
 30
0.0
 10
0.01058
 20
-7.98336
 30
0.0
 10
-0.03528
 20
-7.98336
 30
0.0
 10
-0.03528
 20
-7.98336
 30
0.0
 10
-0.03528
 20
-7.98336
 30
0.0
 10
-0.03528
 20
-7.98336
 30
0.0
 10
-0.08467
 20
-7.98336
 30
0.0
 10
-0.08467
 20
-7.98336
 30
0.0
 10
-0.08467
 20
-7.98336
 30
0.0
 10
-0.08467
 20
-7.98336
 30
0.0
 10
-0.13759
 20
-7.98336
 30
0.0
 10
-0.13759
 20
-7.98336
 30
0.0
  0
SPLINE
  5
28C
330
1F
100
AcDbEntity
  8
Layer 1
370
    25
100
AcDbSpline
210
0.0
220
0.0
230
1.0
 70
    24
 71
     3
 72
    28
 73
    24
 74
     0
 42
0.000000001
 43
0.0000000001
 40
0.0
 40
0.0
 40
0.0
 40
0.0
 40
0.1428571428571428
 40
0.1428571428571428
 40
0.1428571428571428
 40
0.1428571528571428
 40
0.2857142857142857
 40
0.2857142857142857
 40
0.2857142857142857
 40
0.2857142957142857
 40
0.4285714285714285
 40
0.4285714285714285
 40
0.4285714285714285
 40
0.4285714385714285
 40
0.5714285714285714
 40
0.5714285714285714
 40
0.5714285714285714
 40
0.5714285814285714
 40
0.7142857142857143
 40
0.7142857142857143
 40
0.7142857142857143
 40
0.7142857242857144
 40
1.0
 40
1.0
 40
1.0
 40
1.0
 10
-0.13759
 20
-7.96219
 30
0.0
 10
-0.13759
 20
-7.96219
 30
0.0
 10
-0.13759
 20
-7.96572
 30
0.0
 10
-0.13759
 20
-7.96572
 30
0.0
 10
-0.13759
 20
-7.96572
 30
0.0
 10
-0.13759
 20
-7.96572
 30
0.0
 10
-0.13759
 20
-7.96925
 30
0.0
 10
-0.13759
 20
-7.96925
 30
0.0
 10
-0.13759
 20
-7.96925
 30
0.0
 10
-0.13759
 20
-7.96925
 30
0.0
 10
-0.13759
 20
-7.97277
 30
0.0
 10
-0.13759
 20
-7.97277
 30
0.0
 10
-0.13759
 20
-7.97277
 30
0.0
 10
-0.13759
 20
-7.97277
 30
0.0
 10
-0.13759
 20
-7.9763
 30
0.0
 10
-0.13759
 20
-7.9763
 30
0.0
 10
-0.13759
 20
-7.9763
 30
0.0
 10
-0.13759
 20
-7.9763
 30
0.0
 10
-0.13759
 20
-7.97983
 30
0.0
 10
-0.13759
 20
-7.97983
 30
0.0
 10
-0.13759
 20
-7.97983
 30
0.0
 10
-0.13759
 20
-7.97983
 30
0.0
 10
-0.13759
 20
-7.98336
 30
0.0
 10
-0.13759
 20
-7.98336
 30
0.0
  0
SPLINE
  5
28D
330
1F
100
AcDbEntity
  8
Layer 1
370
    25
100
AcDbSpline
210
0.0
220
0.0
230
1.0
 70
    24
 71
     3
 72
     8
 73
     4
 74
     0
 42
0.000000001
 43
0.0000000001
 40
0.0
 40
0.0
 40
0.0
 40
0.0
 40
1.0
 40
1.0
 40
1.0
 40
1.0
 10
-0.13759
 20
-7.98336
 30
0.0
 10
-0.13759
 20
-7.98336
 30
0.0
 10
-8.05745
 20
-7.98336
 30
0.0
 10
-8.05745
 20
-7.98336
 30
0.0
  0
SPLINE
  5
28E
330
1F
100
AcDbEntity
  8
Layer 1
370
    25
100
AcDbSpline
210
0.0
220
0.0
230
1.0
 70
    24
 71
     3
 72
    32
 73
    28
 74
     0
 42
0.000000001
 43
0.0000000001
 40
0.0
 40
0.0
 40
0.0
 40
0.0
 40
0.125
 40
0.125
 40
0.125
 40
0.12500001
 40
0.25
 40
0.25
 40
0.25
 40
0.25000001
 40
0.375
 40
0.375
 40
0.375
 40
0.37500001
 40
0.5
 40
0.5
 40
0.5
 40
0.50000001
 40
0.625
 40
0.625
 40
0.625
 40
0.62500001
 40
0.75
 40
0.75
 40
0.75
 40
0.75000001
 40
1.0
 40
1.0
 40
1.0
 40
1.0
 10
-8.05745
 20
-7.98336
 30
0.0
 10
-8.05745
 20
-7.98336
 30
0.0
 10
-8.05745
 20
-7.98336
 30
0.0
 10
-8.05745
 20
-7.98336
 30
0.0
 10
-8.05745
 20
-7.98336
 30
0.0
 10
-8.05745
 20
-7.98336
 30
0.0
 10
-8.05745
 20
-7.97983
 30
0.0
 10
-8.05745
 20
-7.97983
 30
0.0
 10
-8.05745
 20
-7.97983
 30
0.0
 10
-8.05745
 20
-7.97983
 30
0.0
 10
-8.05745
 20
-7.9763
 30
0.0
 10
-8.05745
 20
-7.9763
 30
0.0
 10
-8.05745
 20
-7.9763
 30
0.0
 10
-8.05745
 20
-7.9763
 30
0.0
 10
-8.05745
 20
-7.97277
 30
0.0
 10
-8.05745
 20
-7.97277
 30
0.0
 10
-8.05745
 20
-7.97277
 30
0.0
 10
-8.05745
 20
-7.97277
 30
0.0
 10
-8.05745
 20
-7.96925
 30
0.0
 10
-8.05745
 20
-7.96925
 30
0.0
 10
-8.05745
 20
-7.96925
 30
0.0
 10
-8.05745
 20
-7.96925
 30
0.0
 10
-8.05745
 20
-7.96572
 30
0.0
 10
-8.05745
 20
-7.96572
 30
0.0
 10
-8.05745
 20
-7.96572
 30
0.0
 10
-8.05745
 20
-7.96572
 30
0.0
 10
-8.05745
 20
-7.96219
 30
0.0
 10
-8.05745
 20
-7.96219
 30
0.0
  0
SPLINE
  5
28F
330
1F
100
AcDbEntity
  8
Layer 1
370
    25
100
AcDbSpline
210
0.0
220
0.0
230
1.0
 70
    24
 71
     3
 72
    36
 73
    32
 74
     0
 42
0.000000001
 43
0.0000000001
 40
0.0
 40
0.0
 40
0.0
 40
0.0
 40
0.1111111111111111
 40
0.1111111111111111
 40
0.1111111111111111
 40
0.1111111211111111
 40
0.2222222222222222
 40
0.2222222222222222
 40
0.2222222222222222
 40
0.2222222322222222
 40
0.3333333333333333
 40
0.3333333333333333
 40
0.3333333333333333
 40
0.3333333433333333
 40
0.4444444444444444
 40
0.4444444444444444
 40
0.4444444444444444
 40
0.4444444544444444
 40
0.5555555555555556
 40
0.5555555555555556
 40
0.5555555555555556
 40
0.5555555655555556
 40
0.6666666666666666
 40
0.6666666666666666
 40
0.6666666666666666
 40
0.6666666766666667
 40
0.7777777777777778
 40
0.7777777777777778
 40
0.7777777777777778
 40
0.7777777877777778
 40
1.0
 40
1.0
 40
1.0
 40
1.0
 10
-8.05745
 20
-7.98336
 30
0.0
 10
-8.05745
 20
-7.98336
 30
0.0
 10
-8.10684
 20
-7.98336
 30
0.0
 10
-8.10684
 20
-7.98336
 30
0.0
 10
-8.10684
 20
-7.98336
 30
0.0
 10
-8.10684
 20
-7.98336
 30
0.0
 10
-8.15623
 20
-7.98336
 30
0.0
 10
-8.15623
 20
-7.98336
 30
0.0
 10
-8.15623
 20
-7.98336
 30
0.0
 10
-8.15623
 20
-7.98336
 30
0.0
 10
-8.20209
 20
-7.98336
 30
0.0
 10
-8.20209
 20
-7.98336
 30
0.0
 10
-8.20209
 20
-7.98336
 30
0.0
 10
-8.20209
 20
-7.98336
 30
0.0
 10
-8.24442
 20
-7.98336
 30
0.0
 10
-8.24442
 20
-7.98336
 30
0.0
 10
-8.24442
 20
-7.98336
 30
0.0
 10
-8.24442
 20
-7.98336
 30
0.0
 10
-8.27617
 20
-7.98336
 30
0.0
 10
-8.27617
 20
-7.98336
 30
0.0
 10
-8.27617
 20
-7.98336
 30
0.0
 10
-8.27617
 20
-7.98336
 30
0.0
 10
-8.30087
 20
-7.98336
 30
0.0
 10
-8.30087
 20
-7.98336
 30
0.0
 10
-8.30087
 20
-7.98336
 30
0.0
 10
-8.30087
 20
-7.98336
 30
0.0
 10
-8.31498
 20
-7.98336
 30
0.0
 10
-8.31498
 20
-7.98336
 30
0.0
 10
-8.31498
 20
-7.98336
 30
0.0
 10
-8.31498
 20
-7.98336
 30
0.0
 10
-8.32203
 20
-7.98336
 30
0.0
 10
-8.32203
 20
-7.98336
 30
0.0
  0
SPLINE
  5
290
330
1F
100
AcDbEntity
  8
Layer 1
370
    25
100
AcDbSpline
210
0.0
220
0.0
230
1.0
 70
     8
 71
     3
 72
    36
 73
    32
 74
     0
 42
0.000000001
 43
0.0000000001
 40
0.0
 40
0.0
 40
0.0
 40
0.0
 40
0.1111111111111111
 40
0.1111111111111111
 40
0.1111111111111111
 40
0.1111111211111111
 40
0.2222222222222222
 40
0.2222222222222222
 40
0.2222222222222222
 40
0.2222222322222222
 40
0.3333333333333333
 40
0.3333333333333333
 40
0.3333333333333333
 40
0.3333333433333333
 40
0.4444444444444444
 40
0.4444444444444444
 40
0.4444444444444444
 40
0.4444444544444444
 40
0.5555555555555556
 40
0.5555555555555556
 40
0.5555555555555556
 40
0.5555555655555556
 40
0.6666666666666666
 40
0.6666666666666666
 40
0.6666666666666666
 40
0.6666666766666667
 40
0.7777777777777778
 40
0.7777777777777778
 40
0.7777777777777778
 40
0.7777777877777778
 40
1.0
 40
1.0
 40
1.0
 40
1.0
 10
-8.32203
 20
-7.98336
 30
0.0
 10
-8.32203
 20
-7.98336
 30
0.0
 10
-8.32556
 20
-7.98336
 30
0.0
 10
-8.32556
 20
-7.98336
 30
0.0
 10
-8.32556
 20
-7.98336
 30
0.0
 10
-8.32556
 20
-7.98336
 30
0.0
 10
-8.32909
 20
-7.97983
 30
0.0
 10
-8.32909
 20
-7.97983
 30
0.0
 10
-8.32909
 20
-7.97983
 30
0.0
 10
-8.32909
 20
-7.97983
 30
0.0
 10
-8.33262
 20
-7.97983
 30
0.0
 10
-8.33262
 20
-7.97983
 30
0.0
 10
-8.33262
 20
-7.97983
 30
0.0
 10
-8.33262
 20
-7.97983
 30
0.0
 10
-8.33614
 20
-7.9763
 30
0.0
 10
-8.33614
 20
-7.9763
 30
0.0
 10
-8.33614
 20
-7.9763
 30
0.0
 10
-8.33614
 20
-7.9763
 30
0.0
 10
-8.33614
 20
-7.97277
 30
0.0
 10
-8.33614
 20
-7.97277
 30
0.0
 10
-8.33614
 20
-7.97277
 30
0.0
 10
-8.33614
 20
-7.97277
 30
0.0
 10
-8.33967
 20
-7.96925
 30
0.0
 10
-8.33967
 20
-7.96925
 30
0.0
 10
-8.33967
 20
-7.96925
 30
0.0
 10
-8.33967
 20
-7.96925
 30
0.0
 10
-8.33967
 20
-7.96572
 30
0.0
 10
-8.33967
 20
-7.96572
 30
0.0
 10
-8.33967
 20
-7.96572
 30
0.0
 10
-8.33967
 20
-7.96572
 30
0.0
 10
-8.33967
 20
-7.96219
 30
0.0
 10
-8.33967
 20
-7.96219
 30
0.0
  0
SPLINE
  5
291
330
1F
100
AcDbEntity
  8
Layer 1
370
    25
100
AcDbSpline
210
0.0
220
0.0
230
1.0
 70
    24
 71
     3
 72
     8
 73
     4
 74
     0
 42
0.000000001
 43
0.0000000001
 40
0.0
 40
0.0
 40
0.0
 40
0.0
 40
1.0
 40
1.0
 40
1.0
 40
1.0
 10
-2.09903
 20
-8.001
 30
0.0
 10
-2.09903
 20
-8.001
 30
0.0
 10
-2.09903
 20
-7.98336
 30
0.0
 10
-2.09903
 20
-7.98336
 30
0.0
  0
SPLINE
  5
292
330
1F
100
AcDbEntity
  8
Layer 1
370
    25
100
AcDbSpline
210
0.0
220
0.0
230
1.0
 70
    24
 71
     3
 72
    16
 73
    12
 74
     0
 42
0.000000001
 43
0.0000000001
 40
0.0
 40
0.0
 40
0.0
 40
0.0
 40
0.25
 40
0.25
 40
0.25
 40
0.25000001
 40
0.5
 40
0.5
 40
0.5
 40
0.50000001
 40
1.0
 40
1.0
 40
1.0
 40
1.0
 10
-2.09903
 20
-8.001
 30
0.0
 10
-2.09903
 20
-8.001
 30
0.0
 10
-2.12373
 20
-8.001
 30
0.0
 10
-2.12373
 20
-8.001
 30
0.0
 10
-2.12373
 20
-8.001
 30
0.0
 10
-2.12373
 20
-8.001
 30
0.0
 10
-2.14842
 20
-8.001
 30
0.0
 10
-2.14842
 20
-8.001
 30
0.0
 10
-2.14842
 20
-8.001
 30
0.0
 10
-2.14842
 20
-8.001
 30
0.0
 10
-2.16253
 20
-8.001
 30
0.0
 10
-2.16253
 20
-8.001
 30
0.0
  0
SPLINE
  5
293
330
1F
100
AcDbEntity
  8
Layer 1
370
    25
100
AcDbSpline
210
0.0
220
0.0
230
1.0
 70
    24
 71
     3
 72
     8
 73
     4
 74
     0
 42
0.000000001
 43
0.0000000001
 40
0.0
 40
0.0
 40
0.0
 40
0.0
 40
1.0
 40
1.0
 40
1.0
 40
1.0
 10
-2.16253
 20
-8.001
 30
0.0
 10
-2.16253
 20
-8.001
 30
0.0
 10
-2.16606
 20
-7.98336
 30
0.0
 10
-2.16606
 20
-7.98336
 30
0.0
  0
SPLINE
  5
294
330
1F
100
AcDbEntity
  8
Layer 1
370
    25
100
AcDbSpline
210
0.0
220
0.0
230
1.0
 70
     8
 71
     3
 72
    12
 73
     8
 74
     0
 42
0.000000001
 43
0.0000000001
 40
0.0
 40
0.0
 40
0.0
 40
0.0
 40
0.3333333333333333
 40
0.3333333333333333
 40
0.3333333333333333
 40
0.3333333433333333
 40
1.0
 40
1.0
 40
1.0
 40
1.0
 10
-2.00025
 20
-8.001
 30
0.0
 10
-2.00025
 20
-8.001
 30
0.0
 10
-2.00025
 20
-7.99394
 30
0.0
 10
-2.00025
 20
-7.99394
 30
0.0
 10
-2.00025
 20
-7.99394
 30
0.0
 10
-2.00025
 20
-7.99394
 30
0.0
 10
-1.99673
 20
-7.98336
 30
0.0
 10
-1.99673
 20
-7.98336
 30
0.0
  0
SPLINE
  5
295
330
1F
100
AcDbEntity
  8
Layer 1
370
    25
100
AcDbSpline
210
0.0
220
0.0
230
1.0
 70
    24
 71
     3
 72
    20
 73
    16
 74
     0
 42
0.000000001
 43
0.0000000001
 40
0.0
 40
0.0
 40
0.0
 40
0.0
 40
0.2
 40
0.2
 40
0.2
 40
0.20000001
 40
0.4
 40
0.4
 40
0.4
 40
0.40000001
 40
0.6
 40
0.6
 40
0.6
 40
0.60000001
 40
1.0
 40
1.0
 40
1.0
 40
1.0
 10
-2.00025
 20
-8.001
 30
0.0
 10
-2.00025
 20
-8.001
 30
0.0
 10
-2.01084
 20
-8.001
 30
0.0
 10
-2.01084
 20
-8.001
 30
0.0
 10
-2.01084
 20
-8.001
 30
0.0
 10
-2.01084
 20
-8.001
 30
0.0
 10
-2.02848
 20
-8.001
 30
0.0
 10
-2.02848
 20
-8.001
 30
0.0
 10
-2.02848
 20
-8.001
 30
0.0
 10
-2.02848
 20
-8.001
 30
0.0
 10
-2.04964
 20
-8.001
 30
0.0
 10
-2.04964
 20
-8.001
 30
0.0
 10
-2.04964
 20
-8.001
 30
0.0
 10
-2.04964
 20
-8.001
 30
0.0
 10
-2.07434
 20
-8.001
 30
0.0
 10
-2.07434
 20
-8.001
 30
0.0
  0
SPLINE
  5
296
330
1F
100
AcDbEntity
  8
Layer 1
370
    25
100
AcDbSpline
210
0.0
220
0.0
230
1.0
 70
    24
 71
     3
 72
     8
 73
     4
 74
     0
 42
0.000000001
 43
0.0000000001
 40
0.0
 40
0.0
 40
0.0
 40
0.0
 40
1.0
 40
1.0
 40
1.0
 40
1.0
 10
-2.07434
 20
-8.001
 30
0.0
 10
-2.07434
 20
-8.001
 30
0.0
 10
-2.07434
 20
-7.98336
 30
0.0
 10
-2.07434
 20
-7.98336
 30
0.0
  0
SPLINE
  5
297
330
1F
100
AcDbEntity
  8
Layer 1
370
    25
100
AcDbSpline
210
0.0
220
0.0
230
1.0
 70
    24
 71
     3
 72
     8
 73
     4
 74
     0
 42
0.000000001
 43
0.0000000001
 40
0.0
 40
0.0
 40
0.0
 40
0.0
 40
1.0
 40
1.0
 40
1.0
 40
1.0
 10
-0.889
 20
-8.001
 30
0.0
 10
-0.889
 20
-8.001
 30
0.0
 10
-0.92781
 20
-8.001
 30
0.0
 10
-0.92781
 20
-8.001
 30
0.0
  0
SPLINE
  5
298
330
1F
100
AcDbEntity
  8
Layer 1
370
    25
100
AcDbSpline
210
0.0
220
0.0
230
1.0
 70
    24
 71
     3
 72
     8
 73
     4
 74
     0
 42
0.000000001
 43
0.0000000001
 40
0.0
 40
0.0
 40
0.0
 40
0.0
 40
1.0
 40
1.0
 40
1.0
 40
1.0
 10
-0.889
 20
-8.001
 30
0.0
 10
-0.889
 20
-8.001
 30
0.0
 10
-0.88548
 20
-7.98336
 30
0.0
 10
-0.88548
 20
-7.98336
 30
0.0
  0
SPLINE
  5
299
330
1F
100
AcDbEntity
  8
Layer 1
370
    25
100
AcDbSpline
210
0.0
220
0.0
230
1.0
 70
    24
 71
     3
 72
     8
 73
     4
 74
     0
 42
0.000000001
 43
0.0000000001
 40
0.0
 40
0.0
 40
0.0
 40
0.0
 40
1.0
 40
1.0
 40
1.0
 40
1.0
 10
-0.92781
 20
-8.001
 30
0.0
 10
-0.92781
 20
-8.001
 30
0.0
 10
-0.93134
 20
-7.98336
 30
0.0
 10
-0.93134
 20
-7.98336
 30
0.0
  0
SPLINE
  5
29A
330
1F
100
AcDbEntity
  8
Layer 1
370
    25
100
AcDbSpline
210
0.0
220
0.0
230
1.0
 70
    24
 71
     3
 72
     8
 73
     4
 74
     0
 42
0.000000001
 43
0.0000000001
 40
0.0
 40
0.0
 40
0.0
 40
0.0
 40
1.0
 40
1.0
 40
1.0
 40
1.0
 10
-2.07434
 20
-8.001
 30
0.0
 10
-2.07434
 20
-8.001
 30
0.0
 10
-2.09903
 20
-8.001
 30
0.0
 10
-2.09903
 20
-8.001
 30
0.0
  0
SPLINE
  5
29B
330
1F
100
AcDbEntity
  8
Layer 1
370
    25
100
AcDbSpline
210
0.0
220
0.0
230
1.0
 70
    24
 71
     3
 72
     8
 73
     4
 74
     0
 42
0.000000001
 43
0.0000000001
 40
0.0
 40
0.0
 40
0.0
 40
0.0
 40
1.0
 40
1.0
 40
1.0
 40
1.0
 10
-1.67923
 20
-8.001
 30
0.0
 10
-1.67923
 20
-8.001
 30
0.0
 10
-1.67923
 20
-7.98336
 30
0.0
 10
-1.67923
 20
-7.98336
 30
0.0
  0
SPLINE
  5
29C
330
1F
100
AcDbEntity
  8
Layer 1
370
    25
100
AcDbSpline
210
0.0
220
0.0
230
1.0
 70
    24
 71
     3
 72
    20
 73
    16
 74
     0
 42
0.000000001
 43
0.0000000001
 40
0.0
 40
0.0
 40
0.0
 40
0.0
 40
0.2
 40
0.2
 40
0.2
 40
0.20000001
 40
0.4
 40
0.4
 40
0.4
 40
0.40000001
 40
0.6
 40
0.6
 40
0.6
 40
0.60000001
 40
1.0
 40
1.0
 40
1.0
 40
1.0
 10
-1.67923
 20
-8.001
 30
0.0
 10
-1.67923
 20
-8.001
 30
0.0
 10
-1.70392
 20
-8.001
 30
0.0
 10
-1.70392
 20
-8.001
 30
0.0
 10
-1.70392
 20
-8.001
 30
0.0
 10
-1.70392
 20
-8.001
 30
0.0
 10
-1.72862
 20
-8.001
 30
0.0
 10
-1.72862
 20
-8.001
 30
0.0
 10
-1.72862
 20
-8.001
 30
0.0
 10
-1.72862
 20
-8.001
 30
0.0
 10
-1.74625
 20
-8.001
 30
0.0
 10
-1.74625
 20
-8.001
 30
0.0
 10
-1.74625
 20
-8.001
 30
0.0
 10
-1.74625
 20
-8.001
 30
0.0
 10
-1.75331
 20
-8.001
 30
0.0
 10
-1.75331
 20
-8.001
 30
0.0
  0
SPLINE
  5
29D
330
1F
100
AcDbEntity
  8
Layer 1
370
    25
100
AcDbSpline
210
0.0
220
0.0
230
1.0
 70
    24
 71
     3
 72
     8
 73
     4
 74
     0
 42
0.000000001
 43
0.0000000001
 40
0.0
 40
0.0
 40
0.0
 40
0.0
 40
1.0
 40
1.0
 40
1.0
 40
1.0
 10
-1.75331
 20
-8.001
 30
0.0
 10
-1.75331
 20
-8.001
 30
0.0
 10
-1.75684
 20
-7.98336
 30
0.0
 10
-1.75684
 20
-7.98336
 30
0.0
  0
SPLINE
  5
29E
330
1F
100
AcDbEntity
  8
Layer 1
370
    25
100
AcDbSpline
210
0.0
220
0.0
230
1.0
 70
    24
 71
     3
 72
    16
 73
    12
 74
     0
 42
0.000000001
 43
0.0000000001
 40
0.0
 40
0.0
 40
0.0
 40
0.0
 40
0.25
 40
0.25
 40
0.25
 40
0.25000001
 40
0.5
 40
0.5
 40
0.5
 40
0.50000001
 40
1.0
 40
1.0
 40
1.0
 40
1.0
 10
-1.89089
 20
-8.001
 30
0.0
 10
-1.89089
 20
-8.001
 30
0.0
 10
-1.89089
 20
-7.99747
 30
0.0
 10
-1.89089
 20
-7.99747
 30
0.0
 10
-1.89089
 20
-7.99747
 30
0.0
 10
-1.89089
 20
-7.99747
 30
0.0
 10
-1.89089
 20
-7.99041
 30
0.0
 10
-1.89089
 20
-7.99041
 30
0.0
 10
-1.89089
 20
-7.99041
 30
0.0
 10
-1.89089
 20
-7.99041
 30
0.0
 10
-1.89089
 20
-7.98336
 30
0.0
 10
-1.89089
 20
-7.98336
 30
0.0
  0
SPLINE
  5
29F
330
1F
100
AcDbEntity
  8
Layer 1
370
    25
100
AcDbSpline
210
0.0
220
0.0
230
1.0
 70
    24
 71
     3
 72
    24
 73
    20
 74
     0
 42
0.000000001
 43
0.0000000001
 40
0.0
 40
0.0
 40
0.0
 40
0.0
 40
0.1666666666666667
 40
0.1666666666666667
 40
0.1666666666666667
 40
0.1666666766666667
 40
0.3333333333333333
 40
0.3333333333333333
 40
0.3333333333333333
 40
0.3333333433333333
 40
0.5
 40
0.5
 40
0.5
 40
0.50000001
 40
0.6666666666666666
 40
0.6666666666666666
 40
0.6666666666666666
 40
0.6666666766666667
 40
1.0
 40
1.0
 40
1.0
 40
1.0
 10
-1.89089
 20
-8.001
 30
0.0
 10
-1.89089
 20
-8.001
 30
0.0
 10
-1.91559
 20
-8.001
 30
0.0
 10
-1.91559
 20
-8.001
 30
0.0
 10
-1.91559
 20
-8.001
 30
0.0
 10
-1.91559
 20
-8.001
 30
0.0
 10
-1.93675
 20
-8.001
 30
0.0
 10
-1.93675
 20
-8.001
 30
0.0
 10
-1.93675
 20
-8.001
 30
0.0
 10
-1.93675
 20
-8.001
 30
0.0
 10
-1.95439
 20
-8.001
 30
0.0
 10
-1.95439
 20
-8.001
 30
0.0
 10
-1.95439
 20
-8.001
 30
0.0
 10
-1.95439
 20
-8.001
 30
0.0
 10
-1.96145
 20
-8.001
 30
0.0
 10
-1.96145
 20
-8.001
 30
0.0
 10
-1.96145
 20
-8.001
 30
0.0
 10
-1.96145
 20
-8.001
 30
0.0
 10
-1.96498
 20
-8.001
 30
0.0
 10
-1.96498
 20
-8.001
 30
0.0
  0
SPLINE
  5
2A0
330
1F
100
AcDbEntity
  8
Layer 1
370
    25
100
AcDbSpline
210
0.0
220
0.0
230
1.0
 70
    24
 71
     3
 72
     8
 73
     4
 74
     0
 42
0.000000001
 43
0.0000000001
 40
0.0
 40
0.0
 40
0.0
 40
0.0
 40
1.0
 40
1.0
 40
1.0
 40
1.0
 10
-1.96498
 20
-8.001
 30
0.0
 10
-1.96498
 20
-8.001
 30
0.0
 10
-1.9685
 20
-7.98336
 30
0.0
 10
-1.9685
 20
-7.98336
 30
0.0
  0
SPLINE
  5
2A1
330
1F
100
AcDbEntity
  8
Layer 1
370
    25
100
AcDbSpline
210
0.0
220
0.0
230
1.0
 70
    24
 71
     3
 72
     8
 73
     4
 74
     0
 42
0.000000001
 43
0.0000000001
 40
0.0
 40
0.0
 40
0.0
 40
0.0
 40
1.0
 40
1.0
 40
1.0
 40
1.0
 10
-0.77964
 20
-8.001
 30
0.0
 10
-0.77964
 20
-8.001
 30
0.0
 10
-0.77964
 20
-7.98336
 30
0.0
 10
-0.77964
 20
-7.98336
 30
0.0
  0
SPLINE
  5
2A2
330
1F
100
AcDbEntity
  8
Layer 1
370
    25
100
AcDbSpline
210
0.0
220
0.0
230
1.0
 70
    24
 71
     3
 72
    20
 73
    16
 74
     0
 42
0.000000001
 43
0.0000000001
 40
0.0
 40
0.0
 40
0.0
 40
0.0
 40
0.2
 40
0.2
 40
0.2
 40
0.20000001
 40
0.4
 40
0.4
 40
0.4
 40
0.40000001
 40
0.6
 40
0.6
 40
0.6
 40
0.60000001
 40
1.0
 40
1.0
 40
1.0
 40
1.0
 10
-0.77964
 20
-8.001
 30
0.0
 10
-0.77964
 20
-8.001
 30
0.0
 10
-0.80434
 20
-8.001
 30
0.0
 10
-0.80434
 20
-8.001
 30
0.0
 10
-0.80434
 20
-8.001
 30
0.0
 10
-0.80434
 20
-8.001
 30
0.0
 10
-0.82903
 20
-8.001
 30
0.0
 10
-0.82903
 20
-8.001
 30
0.0
 10
-0.82903
 20
-8.001
 30
0.0
 10
-0.82903
 20
-8.001
 30
0.0
 10
-0.84314
 20
-8.001
 30
0.0
 10
-0.84314
 20
-8.001
 30
0.0
 10
-0.84314
 20
-8.001
 30
0.0
 10
-0.84314
 20
-8.001
 30
0.0
 10
-0.85373
 20
-8.001
 30
0.0
 10
-0.85373
 20
-8.001
 30
0.0
  0
SPLINE
  5
2A3
330
1F
100
AcDbEntity
  8
Layer 1
370
    25
100
AcDbSpline
210
0.0
220
0.0
230
1.0
 70
    24
 71
     3
 72
     8
 73
     4
 74
     0
 42
0.000000001
 43
0.0000000001
 40
0.0
 40
0.0
 40
0.0
 40
0.0
 40
1.0
 40
1.0
 40
1.0
 40
1.0
 10
-0.85373
 20
-8.001
 30
0.0
 10
-0.85373
 20
-8.001
 30
0.0
 10
-0.85725
 20
-7.98336
 30
0.0
 10
-0.85725
 20
-7.98336
 30
0.0
  0
SPLINE
  5
2A4
330
1F
100
AcDbEntity
  8
Layer 1
370
    25
100
AcDbSpline
210
0.0
220
0.0
230
1.0
 70
    24
 71
     3
 72
     8
 73
     4
 74
     0
 42
0.000000001
 43
0.0000000001
 40
0.0
 40
0.0
 40
0.0
 40
0.0
 40
1.0
 40
1.0
 40
1.0
 40
1.0
 10
-1.25942
 20
-8.001
 30
0.0
 10
-1.25942
 20
-8.001
 30
0.0
 10
-1.25942
 20
-7.98336
 30
0.0
 10
-1.25942
 20
-7.98336
 30
0.0
  0
SPLINE
  5
2A5
330
1F
100
AcDbEntity
  8
Layer 1
370
    25
100
AcDbSpline
210
0.0
220
0.0
230
1.0
 70
    24
 71
     3
 72
    16
 73
    12
 74
     0
 42
0.000000001
 43
0.0000000001
 40
0.0
 40
0.0
 40
0.0
 40
0.0
 40
0.25
 40
0.25
 40
0.25
 40
0.25000001
 40
0.5
 40
0.5
 40
0.5
 40
0.50000001
 40
1.0
 40
1.0
 40
1.0
 40
1.0
 10
-1.25942
 20
-8.001
 30
0.0
 10
-1.25942
 20
-8.001
 30
0.0
 10
-1.28412
 20
-8.001
 30
0.0
 10
-1.28412
 20
-8.001
 30
0.0
 10
-1.28412
 20
-8.001
 30
0.0
 10
-1.28412
 20
-8.001
 30
0.0
 10
-1.30881
 20
-8.001
 30
0.0
 10
-1.30881
 20
-8.001
 30
0.0
 10
-1.30881
 20
-8.001
 30
0.0
 10
-1.30881
 20
-8.001
 30
0.0
 10
-1.31587
 20
-8.001
 30
0.0
 10
-1.31587
 20
-8.001
 30
0.0
  0
SPLINE
  5
2A6
330
1F
100
AcDbEntity
  8
Layer 1
370
    25
100
AcDbSpline
210
0.0
220
0.0
230
1.0
 70
     8
 71
     3
 72
    12
 73
     8
 74
     0
 42
0.000000001
 43
0.0000000001
 40
0.0
 40
0.0
 40
0.0
 40
0.0
 40
0.3333333333333333
 40
0.3333333333333333
 40
0.3333333333333333
 40
0.3333333433333333
 40
1.0
 40
1.0
 40
1.0
 40
1.0
 10
-1.31587
 20
-8.001
 30
0.0
 10
-1.31587
 20
-8.001
 30
0.0
 10
-1.31939
 20
-7.99394
 30
0.0
 10
-1.31939
 20
-7.99394
 30
0.0
 10
-1.31939
 20
-7.99394
 30
0.0
 10
-1.31939
 20
-7.99394
 30
0.0
 10
-1.32292
 20
-7.98336
 30
0.0
 10
-1.32292
 20
-7.98336
 30
0.0
  0
SPLINE
  5
2A7
330
1F
100
AcDbEntity
  8
Layer 1
370
    25
100
AcDbSpline
210
0.0
220
0.0
230
1.0
 70
     8
 71
     3
 72
    16
 73
    12
 74
     0
 42
0.000000001
 43
0.0000000001
 40
0.0
 40
0.0
 40
0.0
 40
0.0
 40
0.25
 40
0.25
 40
0.25
 40
0.25000001
 40
0.5
 40
0.5
 40
0.5
 40
0.50000001
 40
1.0
 40
1.0
 40
1.0
 40
1.0
 10
-1.58045
 20
-8.001
 30
0.0
 10
-1.58045
 20
-8.001
 30
0.0
 10
-1.57692
 20
-7.99747
 30
0.0
 10
-1.57692
 20
-7.99747
 30
0.0
 10
-1.57692
 20
-7.99747
 30
0.0
 10
-1.57692
 20
-7.99747
 30
0.0
 10
-1.57692
 20
-7.99041
 30
0.0
 10
-1.57692
 20
-7.99041
 30
0.0
 10
-1.57692
 20
-7.99041
 30
0.0
 10
-1.57692
 20
-7.99041
 30
0.0
 10
-1.57692
 20
-7.98336
 30
0.0
 10
-1.57692
 20
-7.98336
 30
0.0
  0
SPLINE
  5
2A8
330
1F
100
AcDbEntity
  8
Layer 1
370
    25
100
AcDbSpline
210
0.0
220
0.0
230
1.0
 70
    24
 71
     3
 72
    24
 73
    20
 74
     0
 42
0.000000001
 43
0.0000000001
 40
0.0
 40
0.0
 40
0.0
 40
0.0
 40
0.1666666666666667
 40
0.1666666666666667
 40
0.1666666666666667
 40
0.1666666766666667
 40
0.3333333333333333
 40
0.3333333333333333
 40
0.3333333333333333
 40
0.3333333433333333
 40
0.5
 40
0.5
 40
0.5
 40
0.50000001
 40
0.6666666666666666
 40
0.6666666666666666
 40
0.6666666666666666
 40
0.6666666766666667
 40
1.0
 40
1.0
 40
1.0
 40
1.0
 10
-1.58045
 20
-8.001
 30
0.0
 10
-1.58045
 20
-8.001
 30
0.0
 10
-1.58398
 20
-8.001
 30
0.0
 10
-1.58398
 20
-8.001
 30
0.0
 10
-1.58398
 20
-8.001
 30
0.0
 10
-1.58398
 20
-8.001
 30
0.0
 10
-1.59809
 20
-8.001
 30
0.0
 10
-1.59809
 20
-8.001
 30
0.0
 10
-1.59809
 20
-8.001
 30
0.0
 10
-1.59809
 20
-8.001
 30
0.0
 10
-1.6122
 20
-8.001
 30
0.0
 10
-1.6122
 20
-8.001
 30
0.0
 10
-1.6122
 20
-8.001
 30
0.0
 10
-1.6122
 20
-8.001
 30
0.0
 10
-1.64042
 20
-8.001
 30
0.0
 10
-1.64042
 20
-8.001
 30
0.0
 10
-1.64042
 20
-8.001
 30
0.0
 10
-1.64042
 20
-8.001
 30
0.0
 10
-1.65453
 20
-8.001
 30
0.0
 10
-1.65453
 20
-8.001
 30
0.0
  0
SPLINE
  5
2A9
330
1F
100
AcDbEntity
  8
Layer 1
370
    25
100
AcDbSpline
210
0.0
220
0.0
230
1.0
 70
    24
 71
     3
 72
     8
 73
     4
 74
     0
 42
0.000000001
 43
0.0000000001
 40
0.0
 40
0.0
 40
0.0
 40
0.0
 40
1.0
 40
1.0
 40
1.0
 40
1.0
 10
-1.65453
 20
-8.001
 30
0.0
 10
-1.65453
 20
-8.001
 30
0.0
 10
-1.65453
 20
-7.98336
 30
0.0
 10
-1.65453
 20
-7.98336
 30
0.0
  0
SPLINE
  5
2AA
330
1F
100
AcDbEntity
  8
Layer 1
370
    25
100
AcDbSpline
210
0.0
220
0.0
230
1.0
 70
     8
 71
     3
 72
    12
 73
     8
 74
     0
 42
0.000000001
 43
0.0000000001
 40
0.0
 40
0.0
 40
0.0
 40
0.0
 40
0.3333333333333333
 40
0.3333333333333333
 40
0.3333333333333333
 40
0.3333333433333333
 40
1.0
 40
1.0
 40
1.0
 40
1.0
 10
-1.79212
 20
-8.001
 30
0.0
 10
-1.79212
 20
-8.001
 30
0.0
 10
-1.78859
 20
-7.99394
 30
0.0
 10
-1.78859
 20
-7.99394
 30
0.0
 10
-1.78859
 20
-7.99394
 30
0.0
 10
-1.78859
 20
-7.99394
 30
0.0
 10
-1.78859
 20
-7.98336
 30
0.0
 10
-1.78859
 20
-7.98336
 30
0.0
  0
SPLINE
  5
2AB
330
1F
100
AcDbEntity
  8
Layer 1
370
    25
100
AcDbSpline
210
0.0
220
0.0
230
1.0
 70
    24
 71
     3
 72
    20
 73
    16
 74
     0
 42
0.000000001
 43
0.0000000001
 40
0.0
 40
0.0
 40
0.0
 40
0.0
 40
0.2
 40
0.2
 40
0.2
 40
0.20000001
 40
0.4
 40
0.4
 40
0.4
 40
0.40000001
 40
0.6
 40
0.6
 40
0.6
 40
0.60000001
 40
1.0
 40
1.0
 40
1.0
 40
1.0
 10
-1.79212
 20
-8.001
 30
0.0
 10
-1.79212
 20
-8.001
 30
0.0
 10
-1.8027
 20
-8.001
 30
0.0
 10
-1.8027
 20
-8.001
 30
0.0
 10
-1.8027
 20
-8.001
 30
0.0
 10
-1.8027
 20
-8.001
 30
0.0
 10
-1.81681
 20
-8.001
 30
0.0
 10
-1.81681
 20
-8.001
 30
0.0
 10
-1.81681
 20
-8.001
 30
0.0
 10
-1.81681
 20
-8.001
 30
0.0
 10
-1.83798
 20
-8.001
 30
0.0
 10
-1.83798
 20
-8.001
 30
0.0
 10
-1.83798
 20
-8.001
 30
0.0
 10
-1.83798
 20
-8.001
 30
0.0
 10
-1.86267
 20
-8.001
 30
0.0
 10
-1.86267
 20
-8.001
 30
0.0
  0
SPLINE
  5
2AC
330
1F
100
AcDbEntity
  8
Layer 1
370
    25
100
AcDbSpline
210
0.0
220
0.0
230
1.0
 70
    24
 71
     3
 72
     8
 73
     4
 74
     0
 42
0.000000001
 43
0.0000000001
 40
0.0
 40
0.0
 40
0.0
 40
0.0
 40
1.0
 40
1.0
 40
1.0
 40
1.0
 10
-1.86267
 20
-8.001
 30
0.0
 10
-1.86267
 20
-8.001
 30
0.0
 10
-1.86267
 20
-7.98336
 30
0.0
 10
-1.86267
 20
-7.98336
 30
0.0
  0
SPLINE
  5
2AD
330
1F
100
AcDbEntity
  8
Layer 1
370
    25
100
AcDbSpline
210
0.0
220
0.0
230
1.0
 70
    24
 71
     3
 72
     8
 73
     4
 74
     0
 42
0.000000001
 43
0.0000000001
 40
0.0
 40
0.0
 40
0.0
 40
0.0
 40
1.0
 40
1.0
 40
1.0
 40
1.0
 10
-0.68087
 20
-8.001
 30
0.0
 10
-0.68087
 20
-8.001
 30
0.0
 10
-0.67734
 20
-7.98336
 30
0.0
 10
-0.67734
 20
-7.98336
 30
0.0
  0
SPLINE
  5
2AE
330
1F
100
AcDbEntity
  8
Layer 1
370
    25
100
AcDbSpline
210
0.0
220
0.0
230
1.0
 70
    24
 71
     3
 72
    24
 73
    20
 74
     0
 42
0.000000001
 43
0.0000000001
 40
0.0
 40
0.0
 40
0.0
 40
0.0
 40
0.1666666666666667
 40
0.1666666666666667
 40
0.1666666666666667
 40
0.1666666766666667
 40
0.3333333333333333
 40
0.3333333333333333
 40
0.3333333333333333
 40
0.3333333433333333
 40
0.5
 40
0.5
 40
0.5
 40
0.50000001
 40
0.6666666666666666
 40
0.6666666666666666
 40
0.6666666666666666
 40
0.6666666766666667
 40
1.0
 40
1.0
 40
1.0
 40
1.0
 10
-0.68087
 20
-8.001
 30
0.0
 10
-0.68087
 20
-8.001
 30
0.0
 10
-0.68439
 20
-8.001
 30
0.0
 10
-0.68439
 20
-8.001
 30
0.0
 10
-0.68439
 20
-8.001
 30
0.0
 10
-0.68439
 20
-8.001
 30
0.0
 10
-0.69498
 20
-8.001
 30
0.0
 10
-0.69498
 20
-8.001
 30
0.0
 10
-0.69498
 20
-8.001
 30
0.0
 10
-0.69498
 20
-8.001
 30
0.0
 10
-0.71262
 20
-8.001
 30
0.0
 10
-0.71262
 20
-8.001
 30
0.0
 10
-0.71262
 20
-8.001
 30
0.0
 10
-0.71262
 20
-8.001
 30
0.0
 10
-0.73025
 20
-8.001
 30
0.0
 10
-0.73025
 20
-8.001
 30
0.0
 10
-0.73025
 20
-8.001
 30
0.0
 10
-0.73025
 20
-8.001
 30
0.0
 10
-0.75495
 20
-8.001
 30
0.0
 10
-0.75495
 20
-8.001
 30
0.0
  0
SPLINE
  5
2AF
330
1F
100
AcDbEntity
  8
Layer 1
370
    25
100
AcDbSpline
210
0.0
220
0.0
230
1.0
 70
    24
 71
     3
 72
     8
 73
     4
 74
     0
 42
0.000000001
 43
0.0000000001
 40
0.0
 40
0.0
 40
0.0
 40
0.0
 40
1.0
 40
1.0
 40
1.0
 40
1.0
 10
-0.75495
 20
-8.001
 30
0.0
 10
-0.75495
 20
-8.001
 30
0.0
 10
-0.75495
 20
-7.98336
 30
0.0
 10
-0.75495
 20
-7.98336
 30
0.0
  0
SPLINE
  5
2B0
330
1F
100
AcDbEntity
  8
Layer 1
370
    25
100
AcDbSpline
210
0.0
220
0.0
230
1.0
 70
     8
 71
     3
 72
    12
 73
     8
 74
     0
 42
0.000000001
 43
0.0000000001
 40
0.0
 40
0.0
 40
0.0
 40
0.0
 40
0.3333333333333333
 40
0.3333333333333333
 40
0.3333333333333333
 40
0.3333333433333333
 40
1.0
 40
1.0
 40
1.0
 40
1.0
 10
-0.97367
 20
-8.001
 30
0.0
 10
-0.97367
 20
-8.001
 30
0.0
 10
-0.97014
 20
-7.99394
 30
0.0
 10
-0.97014
 20
-7.99394
 30
0.0
 10
-0.97014
 20
-7.99394
 30
0.0
 10
-0.97014
 20
-7.99394
 30
0.0
 10
-0.96662
 20
-7.98336
 30
0.0
 10
-0.96662
 20
-7.98336
 30
0.0
  0
SPLINE
  5
2B1
330
1F
100
AcDbEntity
  8
Layer 1
370
    25
100
AcDbSpline
210
0.0
220
0.0
230
1.0
 70
    24
 71
     3
 72
    16
 73
    12
 74
     0
 42
0.000000001
 43
0.0000000001
 40
0.0
 40
0.0
 40
0.0
 40
0.0
 40
0.25
 40
0.25
 40
0.25
 40
0.25000001
 40
0.5
 40
0.5
 40
0.5
 40
0.50000001
 40
1.0
 40
1.0
 40
1.0
 40
1.0
 10
-0.97367
 20
-8.001
 30
0.0
 10
-0.97367
 20
-8.001
 30
0.0
 10
-0.99131
 20
-8.001
 30
0.0
 10
-0.99131
 20
-8.001
 30
0.0
 10
-0.99131
 20
-8.001
 30
0.0
 10
-0.99131
 20
-8.001
 30
0.0
 10
-1.016
 20
-8.001
 30
0.0
 10
-1.016
 20
-8.001
 30
0.0
 10
-1.016
 20
-8.001
 30
0.0
 10
-1.016
 20
-8.001
 30
0.0
 10
-1.02306
 20
-8.001
 30
0.0
 10
-1.02306
 20
-8.001
 30
0.0
  0
SPLINE
  5
2B2
330
1F
100
AcDbEntity
  8
Layer 1
370
    25
100
AcDbSpline
210
0.0
220
0.0
230
1.0
 70
    24
 71
     3
 72
     8
 73
     4
 74
     0
 42
0.000000001
 43
0.0000000001
 40
0.0
 40
0.0
 40
0.0
 40
0.0
 40
1.0
 40
1.0
 40
1.0
 40
1.0
 10
-1.02306
 20
-8.001
 30
0.0
 10
-1.02306
 20
-8.001
 30
0.0
 10
-1.02306
 20
-7.98336
 30
0.0
 10
-1.02306
 20
-7.98336
 30
0.0
  0
SPLINE
  5
2B3
330
1F
100
AcDbEntity
  8
Layer 1
370
    25
100
AcDbSpline
210
0.0
220
0.0
230
1.0
 70
    24
 71
     3
 72
    24
 73
    20
 74
     0
 42
0.000000001
 43
0.0000000001
 40
0.0
 40
0.0
 40
0.0
 40
0.0
 40
0.1666666666666667
 40
0.1666666666666667
 40
0.1666666666666667
 40
0.1666666766666667
 40
0.3333333333333333
 40
0.3333333333333333
 40
0.3333333333333333
 40
0.3333333433333333
 40
0.5
 40
0.5
 40
0.5
 40
0.50000001
 40
0.6666666666666666
 40
0.6666666666666666
 40
0.6666666666666666
 40
0.6666666766666667
 40
1.0
 40
1.0
 40
1.0
 40
1.0
 10
-1.16064
 20
-8.001
 30
0.0
 10
-1.16064
 20
-8.001
 30
0.0
 10
-1.16417
 20
-8.001
 30
0.0
 10
-1.16417
 20
-8.001
 30
0.0
 10
-1.16417
 20
-8.001
 30
0.0
 10
-1.16417
 20
-8.001
 30
0.0
 10
-1.17475
 20
-8.001
 30
0.0
 10
-1.17475
 20
-8.001
 30
0.0
 10
-1.17475
 20
-8.001
 30
0.0
 10
-1.17475
 20
-8.001
 30
0.0
 10
-1.18887
 20
-8.001
 30
0.0
 10
-1.18887
 20
-8.001
 30
0.0
 10
-1.18887
 20
-8.001
 30
0.0
 10
-1.18887
 20
-8.001
 30
0.0
 10
-1.21003
 20
-8.001
 30
0.0
 10
-1.21003
 20
-8.001
 30
0.0
 10
-1.21003
 20
-8.001
 30
0.0
 10
-1.21003
 20
-8.001
 30
0.0
 10
-1.23473
 20
-8.001
 30
0.0
 10
-1.23473
 20
-8.001
 30
0.0
  0
SPLINE
  5
2B4
330
1F
100
AcDbEntity
  8
Layer 1
370
    25
100
AcDbSpline
210
0.0
220
0.0
230
1.0
 70
    24
 71
     3
 72
     8
 73
     4
 74
     0
 42
0.000000001
 43
0.0000000001
 40
0.0
 40
0.0
 40
0.0
 40
0.0
 40
1.0
 40
1.0
 40
1.0
 40
1.0
 10
-1.23473
 20
-8.001
 30
0.0
 10
-1.23473
 20
-8.001
 30
0.0
 10
-1.23473
 20
-7.98336
 30
0.0
 10
-1.23473
 20
-7.98336
 30
0.0
  0
SPLINE
  5
2B5
330
1F
100
AcDbEntity
  8
Layer 1
370
    25
100
AcDbSpline
210
0.0
220
0.0
230
1.0
 70
    24
 71
     3
 72
    24
 73
    20
 74
     0
 42
0.000000001
 43
0.0000000001
 40
0.0
 40
0.0
 40
0.0
 40
0.0
 40
0.1666666666666667
 40
0.1666666666666667
 40
0.1666666666666667
 40
0.1666666766666667
 40
0.3333333333333333
 40
0.3333333333333333
 40
0.3333333333333333
 40
0.3333333433333333
 40
0.5
 40
0.5
 40
0.5
 40
0.50000001
 40
0.6666666666666666
 40
0.6666666666666666
 40
0.6666666666666666
 40
0.6666666766666667
 40
1.0
 40
1.0
 40
1.0
 40
1.0
 10
-1.36878
 20
-8.001
 30
0.0
 10
-1.36878
 20
-8.001
 30
0.0
 10
-1.37231
 20
-8.001
 30
0.0
 10
-1.37231
 20
-8.001
 30
0.0
 10
-1.37231
 20
-8.001
 30
0.0
 10
-1.37231
 20
-8.001
 30
0.0
 10
-1.38289
 20
-8.001
 30
0.0
 10
-1.38289
 20
-8.001
 30
0.0
 10
-1.38289
 20
-8.001
 30
0.0
 10
-1.38289
 20
-8.001
 30
0.0
 10
-1.40053
 20
-8.001
 30
0.0
 10
-1.40053
 20
-8.001
 30
0.0
 10
-1.40053
 20
-8.001
 30
0.0
 10
-1.40053
 20
-8.001
 30
0.0
 10
-1.41817
 20
-8.001
 30
0.0
 10
-1.41817
 20
-8.001
 30
0.0
 10
-1.41817
 20
-8.001
 30
0.0
 10
-1.41817
 20
-8.001
 30
0.0
 10
-1.44287
 20
-8.001
 30
0.0
 10
-1.44287
 20
-8.001
 30
0.0
  0
SPLINE
  5
2B6
330
1F
100
AcDbEntity
  8
Layer 1
370
    25
100
AcDbSpline
210
0.0
220
0.0
230
1.0
 70
    24
 71
     3
 72
     8
 73
     4
 74
     0
 42
0.000000001
 43
0.0000000001
 40
0.0
 40
0.0
 40
0.0
 40
0.0
 40
1.0
 40
1.0
 40
1.0
 40
1.0
 10
-1.44287
 20
-8.001
 30
0.0
 10
-1.44287
 20
-8.001
 30
0.0
 10
-1.44287
 20
-7.98336
 30
0.0
 10
-1.44287
 20
-7.98336
 30
0.0
  0
SPLINE
  5
2B7
330
1F
100
AcDbEntity
  8
Layer 1
370
    25
100
AcDbSpline
210
0.0
220
0.0
230
1.0
 70
    24
 71
     3
 72
     8
 73
     4
 74
     0
 42
0.000000001
 43
0.0000000001
 40
0.0
 40
0.0
 40
0.0
 40
0.0
 40
1.0
 40
1.0
 40
1.0
 40
1.0
 10
-1.05128
 20
-8.001
 30
0.0
 10
-1.05128
 20
-8.001
 30
0.0
 10
-1.05128
 20
-7.98336
 30
0.0
 10
-1.05128
 20
-7.98336
 30
0.0
  0
SPLINE
  5
2B8
330
1F
100
AcDbEntity
  8
Layer 1
370
    25
100
AcDbSpline
210
0.0
220
0.0
230
1.0
 70
    24
 71
     3
 72
    16
 73
    12
 74
     0
 42
0.000000001
 43
0.0000000001
 40
0.0
 40
0.0
 40
0.0
 40
0.0
 40
0.25
 40
0.25
 40
0.25
 40
0.25000001
 40
0.5
 40
0.5
 40
0.5
 40
0.50000001
 40
1.0
 40
1.0
 40
1.0
 40
1.0
 10
-1.05128
 20
-8.001
 30
0.0
 10
-1.05128
 20
-8.001
 30
0.0
 10
-1.06187
 20
-8.001
 30
0.0
 10
-1.06187
 20
-8.001
 30
0.0
 10
-1.06187
 20
-8.001
 30
0.0
 10
-1.06187
 20
-8.001
 30
0.0
 10
-1.07598
 20
-8.001
 30
0.0
 10
-1.07598
 20
-8.001
 30
0.0
 10
-1.07598
 20
-8.001
 30
0.0
 10
-1.07598
 20
-8.001
 30
0.0
 10
-1.08656
 20
-8.001
 30
0.0
 10
-1.08656
 20
-8.001
 30
0.0
  0
SPLINE
  5
2B9
330
1F
100
AcDbEntity
  8
Layer 1
370
    25
100
AcDbSpline
210
0.0
220
0.0
230
1.0
 70
    24
 71
     3
 72
     8
 73
     4
 74
     0
 42
0.000000001
 43
0.0000000001
 40
0.0
 40
0.0
 40
0.0
 40
0.0
 40
1.0
 40
1.0
 40
1.0
 40
1.0
 10
-1.47109
 20
-8.001
 30
0.0
 10
-1.47109
 20
-8.001
 30
0.0
 10
-1.47109
 20
-7.98336
 30
0.0
 10
-1.47109
 20
-7.98336
 30
0.0
  0
SPLINE
  5
2BA
330
1F
100
AcDbEntity
  8
Layer 1
370
    25
100
AcDbSpline
210
0.0
220
0.0
230
1.0
 70
    24
 71
     3
 72
    16
 73
    12
 74
     0
 42
0.000000001
 43
0.0000000001
 40
0.0
 40
0.0
 40
0.0
 40
0.0
 40
0.25
 40
0.25
 40
0.25
 40
0.25000001
 40
0.5
 40
0.5
 40
0.5
 40
0.50000001
 40
1.0
 40
1.0
 40
1.0
 40
1.0
 10
-1.47109
 20
-8.001
 30
0.0
 10
-1.47109
 20
-8.001
 30
0.0
 10
-1.48167
 20
-8.001
 30
0.0
 10
-1.48167
 20
-8.001
 30
0.0
 10
-1.48167
 20
-8.001
 30
0.0
 10
-1.48167
 20
-8.001
 30
0.0
 10
-1.49578
 20
-8.001
 30
0.0
 10
-1.49578
 20
-8.001
 30
0.0
 10
-1.49578
 20
-8.001
 30
0.0
 10
-1.49578
 20
-8.001
 30
0.0
 10
-1.50637
 20
-8.001
 30
0.0
 10
-1.50637
 20
-8.001
 30
0.0
  0
SPLINE
  5
2BB
330
1F
100
AcDbEntity
  8
Layer 1
370
    25
100
AcDbSpline
210
0.0
220
0.0
230
1.0
 70
    24
 71
     3
 72
     8
 73
     4
 74
     0
 42
0.000000001
 43
0.0000000001
 40
0.0
 40
0.0
 40
0.0
 40
0.0
 40
1.0
 40
1.0
 40
1.0
 40
1.0
 10
-1.86267
 20
-8.001
 30
0.0
 10
-1.86267
 20
-8.001
 30
0.0
 10
-1.89089
 20
-8.001
 30
0.0
 10
-1.89089
 20
-8.001
 30
0.0
  0
SPLINE
  5
2BC
330
1F
100
AcDbEntity
  8
Layer 1
370
    25
100
AcDbSpline
210
0.0
220
0.0
230
1.0
 70
    24
 71
     3
 72
     8
 73
     4
 74
     0
 42
0.000000001
 43
0.0000000001
 40
0.0
 40
0.0
 40
0.0
 40
0.0
 40
1.0
 40
1.0
 40
1.0
 40
1.0
 10
-1.65453
 20
-8.001
 30
0.0
 10
-1.65453
 20
-8.001
 30
0.0
 10
-1.67923
 20
-8.001
 30
0.0
 10
-1.67923
 20
-8.001
 30
0.0
  0
SPLINE
  5
2BD
330
1F
100
AcDbEntity
  8
Layer 1
370
    25
100
AcDbSpline
210
0.0
220
0.0
230
1.0
 70
    24
 71
     3
 72
     8
 73
     4
 74
     0
 42
0.000000001
 43
0.0000000001
 40
0.0
 40
0.0
 40
0.0
 40
0.0
 40
1.0
 40
1.0
 40
1.0
 40
1.0
 10
-1.08656
 20
-8.001
 30
0.0
 10
-1.08656
 20
-8.001
 30
0.0
 10
-1.08303
 20
-7.98336
 30
0.0
 10
-1.08303
 20
-7.98336
 30
0.0
  0
SPLINE
  5
2BE
330
1F
100
AcDbEntity
  8
Layer 1
370
    25
100
AcDbSpline
210
0.0
220
0.0
230
1.0
 70
    24
 71
     3
 72
     8
 73
     4
 74
     0
 42
0.000000001
 43
0.0000000001
 40
0.0
 40
0.0
 40
0.0
 40
0.0
 40
1.0
 40
1.0
 40
1.0
 40
1.0
 10
-1.12537
 20
-8.001
 30
0.0
 10
-1.12537
 20
-8.001
 30
0.0
 10
-1.12889
 20
-7.98336
 30
0.0
 10
-1.12889
 20
-7.98336
 30
0.0
  0
SPLINE
  5
2BF
330
1F
100
AcDbEntity
  8
Layer 1
370
    25
100
AcDbSpline
210
0.0
220
0.0
230
1.0
 70
    24
 71
     3
 72
     8
 73
     4
 74
     0
 42
0.000000001
 43
0.0000000001
 40
0.0
 40
0.0
 40
0.0
 40
0.0
 40
1.0
 40
1.0
 40
1.0
 40
1.0
 10
-1.08656
 20
-8.001
 30
0.0
 10
-1.08656
 20
-8.001
 30
0.0
 10
-1.12537
 20
-8.001
 30
0.0
 10
-1.12537
 20
-8.001
 30
0.0
  0
SPLINE
  5
2C0
330
1F
100
AcDbEntity
  8
Layer 1
370
    25
100
AcDbSpline
210
0.0
220
0.0
230
1.0
 70
    24
 71
     3
 72
     8
 73
     4
 74
     0
 42
0.000000001
 43
0.0000000001
 40
0.0
 40
0.0
 40
0.0
 40
0.0
 40
1.0
 40
1.0
 40
1.0
 40
1.0
 10
-1.50637
 20
-8.001
 30
0.0
 10
-1.50637
 20
-8.001
 30
0.0
 10
-1.50284
 20
-7.98336
 30
0.0
 10
-1.50284
 20
-7.98336
 30
0.0
  0
SPLINE
  5
2C1
330
1F
100
AcDbEntity
  8
Layer 1
370
    25
100
AcDbSpline
210
0.0
220
0.0
230
1.0
 70
    24
 71
     3
 72
     8
 73
     4
 74
     0
 42
0.000000001
 43
0.0000000001
 40
0.0
 40
0.0
 40
0.0
 40
0.0
 40
1.0
 40
1.0
 40
1.0
 40
1.0
 10
-1.54517
 20
-8.001
 30
0.0
 10
-1.54517
 20
-8.001
 30
0.0
 10
-1.5487
 20
-7.98336
 30
0.0
 10
-1.5487
 20
-7.98336
 30
0.0
  0
SPLINE
  5
2C2
330
1F
100
AcDbEntity
  8
Layer 1
370
    25
100
AcDbSpline
210
0.0
220
0.0
230
1.0
 70
    24
 71
     3
 72
     8
 73
     4
 74
     0
 42
0.000000001
 43
0.0000000001
 40
0.0
 40
0.0
 40
0.0
 40
0.0
 40
1.0
 40
1.0
 40
1.0
 40
1.0
 10
-1.50637
 20
-8.001
 30
0.0
 10
-1.50637
 20
-8.001
 30
0.0
 10
-1.54517
 20
-8.001
 30
0.0
 10
-1.54517
 20
-8.001
 30
0.0
  0
SPLINE
  5
2C3
330
1F
100
AcDbEntity
  8
Layer 1
370
    25
100
AcDbSpline
210
0.0
220
0.0
230
1.0
 70
    24
 71
     3
 72
     8
 73
     4
 74
     0
 42
0.000000001
 43
0.0000000001
 40
0.0
 40
0.0
 40
0.0
 40
0.0
 40
1.0
 40
1.0
 40
1.0
 40
1.0
 10
-0.75495
 20
-8.001
 30
0.0
 10
-0.75495
 20
-8.001
 30
0.0
 10
-0.77964
 20
-8.001
 30
0.0
 10
-0.77964
 20
-8.001
 30
0.0
  0
SPLINE
  5
2C4
330
1F
100
AcDbEntity
  8
Layer 1
370
    25
100
AcDbSpline
210
0.0
220
0.0
230
1.0
 70
    24
 71
     3
 72
     8
 73
     4
 74
     0
 42
0.000000001
 43
0.0000000001
 40
0.0
 40
0.0
 40
0.0
 40
0.0
 40
1.0
 40
1.0
 40
1.0
 40
1.0
 10
-1.23473
 20
-8.001
 30
0.0
 10
-1.23473
 20
-8.001
 30
0.0
 10
-1.25942
 20
-8.001
 30
0.0
 10
-1.25942
 20
-8.001
 30
0.0
  0
SPLINE
  5
2C5
330
1F
100
AcDbEntity
  8
Layer 1
370
    25
100
AcDbSpline
210
0.0
220
0.0
230
1.0
 70
    24
 71
     3
 72
     8
 73
     4
 74
     0
 42
0.000000001
 43
0.0000000001
 40
0.0
 40
0.0
 40
0.0
 40
0.0
 40
1.0
 40
1.0
 40
1.0
 40
1.0
 10
-1.44287
 20
-8.001
 30
0.0
 10
-1.44287
 20
-8.001
 30
0.0
 10
-1.47109
 20
-8.001
 30
0.0
 10
-1.47109
 20
-8.001
 30
0.0
  0
SPLINE
  5
2C6
330
1F
100
AcDbEntity
  8
Layer 1
370
    25
100
AcDbSpline
210
0.0
220
0.0
230
1.0
 70
    24
 71
     3
 72
     8
 73
     4
 74
     0
 42
0.000000001
 43
0.0000000001
 40
0.0
 40
0.0
 40
0.0
 40
0.0
 40
1.0
 40
1.0
 40
1.0
 40
1.0
 10
-1.02306
 20
-8.001
 30
0.0
 10
-1.02306
 20
-8.001
 30
0.0
 10
-1.05128
 20
-8.001
 30
0.0
 10
-1.05128
 20
-8.001
 30
0.0
  0
SPLINE
  5
2C7
330
1F
100
AcDbEntity
  8
Layer 1
370
    25
100
AcDbSpline
210
0.0
220
0.0
230
1.0
 70
    24
 71
     3
 72
     8
 73
     4
 74
     0
 42
0.000000001
 43
0.0000000001
 40
0.0
 40
0.0
 40
0.0
 40
0.0
 40
1.0
 40
1.0
 40
1.0
 40
1.0
 10
-0.68087
 20
-8.001
 30
0.0
 10
-0.68087
 20
-8.001
 30
0.0
 10
-0.67734
 20
-7.98336
 30
0.0
 10
-0.67734
 20
-7.98336
 30
0.0
  0
SPLINE
  5
2C8
330
1F
100
AcDbEntity
  8
Layer 1
370
    25
100
AcDbSpline
210
0.0
220
0.0
230
1.0
 70
    24
 71
     3
 72
     8
 73
     4
 74
     0
 42
0.000000001
 43
0.0000000001
 40
0.0
 40
0.0
 40
0.0
 40
0.0
 40
1.0
 40
1.0
 40
1.0
 40
1.0
 10
-1.75331
 20
-8.001
 30
0.0
 10
-1.75331
 20
-8.001
 30
0.0
 10
-1.75684
 20
-7.98336
 30
0.0
 10
-1.75684
 20
-7.98336
 30
0.0
  0
SPLINE
  5
2C9
330
1F
100
AcDbEntity
  8
Layer 1
370
    25
100
AcDbSpline
210
0.0
220
0.0
230
1.0
 70
    24
 71
     3
 72
     8
 73
     4
 74
     0
 42
0.000000001
 43
0.0000000001
 40
0.0
 40
0.0
 40
0.0
 40
0.0
 40
1.0
 40
1.0
 40
1.0
 40
1.0
 10
-1.96498
 20
-8.001
 30
0.0
 10
-1.96498
 20
-8.001
 30
0.0
 10
-1.9685
 20
-7.98336
 30
0.0
 10
-1.9685
 20
-7.98336
 30
0.0
  0
SPLINE
  5
2CA
330
1F
100
AcDbEntity
  8
Layer 1
370
    25
100
AcDbSpline
210
0.0
220
0.0
230
1.0
 70
    24
 71
     3
 72
     8
 73
     4
 74
     0
 42
0.000000001
 43
0.0000000001
 40
0.0
 40
0.0
 40
0.0
 40
0.0
 40
1.0
 40
1.0
 40
1.0
 40
1.0
 10
-1.3335
 20
-8.001
 30
0.0
 10
-1.3335
 20
-8.001
 30
0.0
 10
-1.33703
 20
-7.98336
 30
0.0
 10
-1.33703
 20
-7.98336
 30
0.0
  0
SPLINE
  5
2CB
330
1F
100
AcDbEntity
  8
Layer 1
370
    25
100
AcDbSpline
210
0.0
220
0.0
230
1.0
 70
    24
 71
     3
 72
    12
 73
     8
 74
     0
 42
0.000000001
 43
0.0000000001
 40
0.0
 40
0.0
 40
0.0
 40
0.0
 40
0.3333333333333333
 40
0.3333333333333333
 40
0.3333333333333333
 40
0.3333333433333333
 40
1.0
 40
1.0
 40
1.0
 40
1.0
 10
-1.32292
 20
-8.001
 30
0.0
 10
-1.32292
 20
-8.001
 30
0.0
 10
-1.32645
 20
-8.001
 30
0.0
 10
-1.32645
 20
-8.001
 30
0.0
 10
-1.32645
 20
-8.001
 30
0.0
 10
-1.32645
 20
-8.001
 30
0.0
 10
-1.3335
 20
-8.001
 30
0.0
 10
-1.3335
 20
-8.001
 30
0.0
  0
SPLINE
  5
2CC
330
1F
100
AcDbEntity
  8
Layer 1
370
    25
100
AcDbSpline
210
0.0
220
0.0
230
1.0
 70
    24
 71
     3
 72
     8
 73
     4
 74
     0
 42
0.000000001
 43
0.0000000001
 40
0.0
 40
0.0
 40
0.0
 40
0.0
 40
1.0
 40
1.0
 40
1.0
 40
1.0
 10
-2.17312
 20
-8.001
 30
0.0
 10
-2.17312
 20
-8.001
 30
0.0
 10
-2.17664
 20
-7.98336
 30
0.0
 10
-2.17664
 20
-7.98336
 30
0.0
  0
SPLINE
  5
2CD
330
1F
100
AcDbEntity
  8
Layer 1
370
    25
100
AcDbSpline
210
0.0
220
0.0
230
1.0
 70
    24
 71
     3
 72
     8
 73
     4
 74
     0
 42
0.000000001
 43
0.0000000001
 40
0.0
 40
0.0
 40
0.0
 40
0.0
 40
1.0
 40
1.0
 40
1.0
 40
1.0
 10
-1.3335
 20
-8.001
 30
0.0
 10
-1.3335
 20
-8.001
 30
0.0
 10
-1.33703
 20
-7.98336
 30
0.0
 10
-1.33703
 20
-7.98336
 30
0.0
  0
SPLINE
  5
2CE
330
1F
100
AcDbEntity
  8
Layer 1
370
    25
100
AcDbSpline
210
0.0
220
0.0
230
1.0
 70
     8
 71
     3
 72
    12
 73
     8
 74
     0
 42
0.000000001
 43
0.0000000001
 40
0.0
 40
0.0
 40
0.0
 40
0.0
 40
0.3333333333333333
 40
0.3333333333333333
 40
0.3333333333333333
 40
0.3333333433333333
 40
1.0
 40
1.0
 40
1.0
 40
1.0
 10
-1.79212
 20
-8.001
 30
0.0
 10
-1.79212
 20
-8.001
 30
0.0
 10
-1.78859
 20
-7.99394
 30
0.0
 10
-1.78859
 20
-7.99394
 30
0.0
 10
-1.78859
 20
-7.99394
 30
0.0
 10
-1.78859
 20
-7.99394
 30
0.0
 10
-1.78859
 20
-7.98336
 30
0.0
 10
-1.78859
 20
-7.98336
 30
0.0
  0
SPLINE
  5
2CF
330
1F
100
AcDbEntity
  8
Layer 1
370
    25
100
AcDbSpline
210
0.0
220
0.0
230
1.0
 70
    24
 71
     3
 72
     8
 73
     4
 74
     0
 42
0.000000001
 43
0.0000000001
 40
0.0
 40
0.0
 40
0.0
 40
0.0
 40
1.0
 40
1.0
 40
1.0
 40
1.0
 10
3.9088
 20
-3.64067
 30
0.0
 10
3.9088
 20
-3.64067
 30
0.0
 10
3.88763
 20
-3.6442
 30
0.0
 10
3.88763
 20
-3.6442
 30
0.0
  0
SPLINE
  5
2D2
330
1F
100
AcDbEntity
  8
Layer 1
370
    25
100
AcDbSpline
210
0.0
220
0.0
230
1.0
 70
    24
 71
     3
 72
    36
 73
    32
 74
     0
 42
0.000000001
 43
0.0000000001
 40
0.0
 40
0.0
 40
0.0
 40
0.0
 40
0.1111111111111111
 40
0.1111111111111111
 40
0.1111111111111111
 40
0.1111111211111111
 40
0.2222222222222222
 40
0.2222222222222222
 40
0.2222222222222222
 40
0.2222222322222222
 40
0.3333333333333333
 40
0.3333333333333333
 40
0.3333333333333333
 40
0.3333333433333333
 40
0.4444444444444444
 40
0.4444444444444444
 40
0.4444444444444444
 40
0.4444444544444444
 40
0.5555555555555556
 40
0.5555555555555556
 40
0.5555555555555556
 40
0.5555555655555556
 40
0.6666666666666666
 40
0.6666666666666666
 40
0.6666666666666666
 40
0.6666666766666667
 40
0.7777777777777778
 40
0.7777777777777778
 40
0.7777777777777778
 40
0.7777777877777778
 40
1.0
 40
1.0
 40
1.0
 40
1.0
 10
2.98805
 20
7.70466
 30
0.0
 10
2.98805
 20
7.70466
 30
0.0
 10
2.98805
 20
7.76463
 30
0.0
 10
2.98805
 20
7.76463
 30
0.0
 10
2.98805
 20
7.76463
 30
0.0
 10
2.98805
 20
7.76463
 30
0.0
 10
2.98805
 20
7.82108
 30
0.0
 10
2.98805
 20
7.82108
 30
0.0
 10
2.98805
 20
7.82108
 30
0.0
 10
2.98805
 20
7.82108
 30
0.0
 10
2.98805
 20
7.87047
 30
0.0
 10
2.98805
 20
7.87047
 30
0.0
 10
2.98805
 20
7.87047
 30
0.0
 10
2.98805
 20
7.87047
 30
0.0
 10
2.98805
 20
7.91633
 30
0.0
 10
2.98805
 20
7.91633
 30
0.0
 10
2.98805
 20
7.91633
 30
0.0
 10
2.98805
 20
7.91633
 30
0.0
 10
2.98805
 20
7.95513
 30
0.0
 10
2.98805
 20
7.95513
 30
0.0
 10
2.98805
 20
7.95513
 30
0.0
 10
2.98805
 20
7.95513
 30
0.0
 10
2.98805
 20
7.98336
 30
0.0
 10
2.98805
 20
7.98336
 30
0.0
 10
2.98805
 20
7.98336
 30
0.0
 10
2.98805
 20
7.98336
 30
0.0
 10
2.98805
 20
7.99747
 30
0.0
 10
2.98805
 20
7.99747
 30
0.0
 10
2.98805
 20
7.99747
 30
0.0
 10
2.98805
 20
7.99747
 30
0.0
 10
2.98805
 20
8.00452
 30
0.0
 10
2.98805
 20
8.00452
 30
0.0
  0
SPLINE
  5
2D3
330
1F
100
AcDbEntity
  8
Layer 1
370
    25
100
AcDbSpline
210
0.0
220
0.0
230
1.0
 70
    24
 71
     3
 72
     8
 73
     4
 74
     0
 42
0.000000001
 43
0.0000000001
 40
0.0
 40
0.0
 40
0.0
 40
0.0
 40
1.0
 40
1.0
 40
1.0
 40
1.0
 10
3.86647
 20
7.70466
 30
0.0
 10
3.86647
 20
7.70466
 30
0.0
 10
2.98805
 20
7.70466
 30
0.0
 10
2.98805
 20
7.70466
 30
0.0
  0
SPLINE
  5
2D4
330
1F
100
AcDbEntity
  8
Layer 1
370
    25
100
AcDbSpline
210
0.0
220
0.0
230
1.0
 70
    24
 71
     3
 72
    36
 73
    32
 74
     0
 42
0.000000001
 43
0.0000000001
 40
0.0
 40
0.0
 40
0.0
 40
0.0
 40
0.1111111111111111
 40
0.1111111111111111
 40
0.1111111111111111
 40
0.1111111211111111
 40
0.2222222222222222
 40
0.2222222222222222
 40
0.2222222222222222
 40
0.2222222322222222
 40
0.3333333333333333
 40
0.3333333333333333
 40
0.3333333333333333
 40
0.3333333433333333
 40
0.4444444444444444
 40
0.4444444444444444
 40
0.4444444444444444
 40
0.4444444544444444
 40
0.5555555555555556
 40
0.5555555555555556
 40
0.5555555555555556
 40
0.5555555655555556
 40
0.6666666666666666
 40
0.6666666666666666
 40
0.6666666666666666
 40
0.6666666766666667
 40
0.7777777777777778
 40
0.7777777777777778
 40
0.7777777777777778
 40
0.7777777877777778
 40
1.0
 40
1.0
 40
1.0
 40
1.0
 10
3.86647
 20
7.99041
 30
0.0
 10
3.86647
 20
7.99041
 30
0.0
 10
3.86647
 20
7.98336
 30
0.0
 10
3.86647
 20
7.98336
 30
0.0
 10
3.86647
 20
7.98336
 30
0.0
 10
3.86647
 20
7.98336
 30
0.0
 10
3.86647
 20
7.96925
 30
0.0
 10
3.86647
 20
7.96925
 30
0.0
 10
3.86647
 20
7.96925
 30
0.0
 10
3.86647
 20
7.96925
 30
0.0
 10
3.86647
 20
7.94102
 30
0.0
 10
3.86647
 20
7.94102
 30
0.0
 10
3.86647
 20
7.94102
 30
0.0
 10
3.86647
 20
7.94102
 30
0.0
 10
3.86647
 20
7.90575
 30
0.0
 10
3.86647
 20
7.90575
 30
0.0
 10
3.86647
 20
7.90575
 30
0.0
 10
3.86647
 20
7.90575
 30
0.0
 10
3.86647
 20
7.86341
 30
0.0
 10
3.86647
 20
7.86341
 30
0.0
 10
3.86647
 20
7.86341
 30
0.0
 10
3.86647
 20
7.86341
 30
0.0
 10
3.86647
 20
7.81402
 30
0.0
 10
3.86647
 20
7.81402
 30
0.0
 10
3.86647
 20
7.81402
 30
0.0
 10
3.86647
 20
7.81402
 30
0.0
 10
3.86647
 20
7.76111
 30
0.0
 10
3.86647
 20
7.76111
 30
0.0
 10
3.86647
 20
7.76111
 30
0.0
 10
3.86647
 20
7.76111
 30
0.0
 10
3.86647
 20
7.70466
 30
0.0
 10
3.86647
 20
7.70466
 30
0.0
  0
SPLINE
  5
2D5
330
1F
100
AcDbEntity
  8
Layer 1
370
    25
100
AcDbSpline
210
0.0
220
0.0
230
1.0
 70
    24
 71
     3
 72
     8
 73
     4
 74
     0
 42
0.000000001
 43
0.0000000001
 40
0.0
 40
0.0
 40
0.0
 40
0.0
 40
1.0
 40
1.0
 40
1.0
 40
1.0
 10
3.86647
 20
7.99041
 30
0.0
 10
3.86647
 20
7.99041
 30
0.0
 10
2.98805
 20
8.00452
 30
0.0
 10
2.98805
 20
8.00452
 30
0.0
  0
SPLINE
  5
2D6
330
1F
100
AcDbEntity
  8
Layer 1
370
    25
100
AcDbSpline
210
0.0
220
0.0
230
1.0
 70
    24
 71
     3
 72
    36
 73
    32
 74
     0
 42
0.000000001
 43
0.0000000001
 40
0.0
 40
0.0
 40
0.0
 40
0.0
 40
0.1111111111111111
 40
0.1111111111111111
 40
0.1111111111111111
 40
0.1111111211111111
 40
0.2222222222222222
 40
0.2222222222222222
 40
0.2222222222222222
 40
0.2222222322222222
 40
0.3333333333333333
 40
0.3333333333333333
 40
0.3333333333333333
 40
0.3333333433333333
 40
0.4444444444444444
 40
0.4444444444444444
 40
0.4444444444444444
 40
0.4444444544444444
 40
0.5555555555555556
 40
0.5555555555555556
 40
0.5555555555555556
 40
0.5555555655555556
 40
0.6666666666666666
 40
0.6666666666666666
 40
0.6666666666666666
 40
0.6666666766666667
 40
0.7777777777777778
 40
0.7777777777777778
 40
0.7777777777777778
 40
0.7777777877777778
 40
1.0
 40
1.0
 40
1.0
 40
1.0
 10
2.98805
 20
-4.23687
 30
0.0
 10
2.98805
 20
-4.23687
 30
0.0
 10
2.98805
 20
-4.22981
 30
0.0
 10
2.98805
 20
-4.22981
 30
0.0
 10
2.98805
 20
-4.22981
 30
0.0
 10
2.98805
 20
-4.22981
 30
0.0
 10
2.98805
 20
-4.21217
 30
0.0
 10
2.98805
 20
-4.21217
 30
0.0
 10
2.98805
 20
-4.21217
 30
0.0
 10
2.98805
 20
-4.21217
 30
0.0
 10
2.98805
 20
-4.18395
 30
0.0
 10
2.98805
 20
-4.18395
 30
0.0
 10
2.98805
 20
-4.18395
 30
0.0
 10
2.98805
 20
-4.18395
 30
0.0
 10
2.98805
 20
-4.14867
 30
0.0
 10
2.98805
 20
-4.14867
 30
0.0
 10
2.98805
 20
-4.14867
 30
0.0
 10
2.98805
 20
-4.14867
 30
0.0
 10
2.98805
 20
-4.10281
 30
0.0
 10
2.98805
 20
-4.10281
 30
0.0
 10
2.98805
 20
-4.10281
 30
0.0
 10
2.98805
 20
-4.10281
 30
0.0
 10
2.98805
 20
-4.04989
 30
0.0
 10
2.98805
 20
-4.04989
 30
0.0
 10
2.98805
 20
-4.04989
 30
0.0
 10
2.98805
 20
-4.04989
 30
0.0
 10
2.98805
 20
-3.99345
 30
0.0
 10
2.98805
 20
-3.99345
 30
0.0
 10
2.98805
 20
-3.99345
 30
0.0
 10
2.98805
 20
-3.99345
 30
0.0
 10
2.98805
 20
-3.937
 30
0.0
 10
2.98805
 20
-3.937
 30
0.0
  0
SPLINE
  5
2D7
330
1F
100
AcDbEntity
  8
Layer 1
370
    25
100
AcDbSpline
210
0.0
220
0.0
230
1.0
 70
    24
 71
     3
 72
     8
 73
     4
 74
     0
 42
0.000000001
 43
0.0000000001
 40
0.0
 40
0.0
 40
0.0
 40
0.0
 40
1.0
 40
1.0
 40
1.0
 40
1.0
 10
3.86647
 20
-4.21923
 30
0.0
 10
3.86647
 20
-4.21923
 30
0.0
 10
2.98805
 20
-4.23687
 30
0.0
 10
2.98805
 20
-4.23687
 30
0.0
  0
SPLINE
  5
2D8
330
1F
100
AcDbEntity
  8
Layer 1
370
    25
100
AcDbSpline
210
0.0
220
0.0
230
1.0
 70
    24
 71
     3
 72
    36
 73
    32
 74
     0
 42
0.000000001
 43
0.0000000001
 40
0.0
 40
0.0
 40
0.0
 40
0.0
 40
0.1111111111111111
 40
0.1111111111111111
 40
0.1111111111111111
 40
0.1111111211111111
 40
0.2222222222222222
 40
0.2222222222222222
 40
0.2222222222222222
 40
0.2222222322222222
 40
0.3333333333333333
 40
0.3333333333333333
 40
0.3333333333333333
 40
0.3333333433333333
 40
0.4444444444444444
 40
0.4444444444444444
 40
0.4444444444444444
 40
0.4444444544444444
 40
0.5555555555555556
 40
0.5555555555555556
 40
0.5555555555555556
 40
0.5555555655555556
 40
0.6666666666666666
 40
0.6666666666666666
 40
0.6666666666666666
 40
0.6666666766666667
 40
0.7777777777777778
 40
0.7777777777777778
 40
0.7777777777777778
 40
0.7777777877777778
 40
1.0
 40
1.0
 40
1.0
 40
1.0
 10
3.86647
 20
-3.937
 30
0.0
 10
3.86647
 20
-3.937
 30
0.0
 10
3.86647
 20
-3.98992
 30
0.0
 10
3.86647
 20
-3.98992
 30
0.0
 10
3.86647
 20
-3.98992
 30
0.0
 10
3.86647
 20
-3.98992
 30
0.0
 10
3.86647
 20
-4.04284
 30
0.0
 10
3.86647
 20
-4.04284
 30
0.0
 10
3.86647
 20
-4.04284
 30
0.0
 10
3.86647
 20
-4.04284
 30
0.0
 10
3.86647
 20
-4.09223
 30
0.0
 10
3.86647
 20
-4.09223
 30
0.0
 10
3.86647
 20
-4.09223
 30
0.0
 10
3.86647
 20
-4.09223
 30
0.0
 10
3.86647
 20
-4.13809
 30
0.0
 10
3.86647
 20
-4.13809
 30
0.0
 10
3.86647
 20
-4.13809
 30
0.0
 10
3.86647
 20
-4.13809
 30
0.0
 10
3.86647
 20
-4.17337
 30
0.0
 10
3.86647
 20
-4.17337
 30
0.0
 10
3.86647
 20
-4.17337
 30
0.0
 10
3.86647
 20
-4.17337
 30
0.0
 10
3.86647
 20
-4.19806
 30
0.0
 10
3.86647
 20
-4.19806
 30
0.0
 10
3.86647
 20
-4.19806
 30
0.0
 10
3.86647
 20
-4.19806
 30
0.0
 10
3.86647
 20
-4.2157
 30
0.0
 10
3.86647
 20
-4.2157
 30
0.0
 10
3.86647
 20
-4.2157
 30
0.0
 10
3.86647
 20
-4.2157
 30
0.0
 10
3.86647
 20
-4.21923
 30
0.0
 10
3.86647
 20
-4.21923
 30
0.0
  0
SPLINE
  5
2D9
330
1F
100
AcDbEntity
  8
Layer 1
370
    25
100
AcDbSpline
210
0.0
220
0.0
230
1.0
 70
    24
 71
     3
 72
     8
 73
     4
 74
     0
 42
0.000000001
 43
0.0000000001
 40
0.0
 40
0.0
 40
0.0
 40
0.0
 40
1.0
 40
1.0
 40
1.0
 40
1.0
 10
3.86647
 20
-3.937
 30
0.0
 10
3.86647
 20
-3.937
 30
0.0
 10
2.98805
 20
-3.937
 30
0.0
 10
2.98805
 20
-3.937
 30
0.0
  0
SPLINE
  5
2DA
330
1F
100
AcDbEntity
  8
Layer 1
370
    25
100
AcDbSpline
210
0.0
220
0.0
230
1.0
 70
    24
 71
     3
 72
     8
 73
     4
 74
     0
 42
0.000000001
 43
0.0000000001
 40
0.0
 40
0.0
 40
0.0
 40
0.0
 40
1.0
 40
1.0
 40
1.0
 40
1.0
 10
3.86647
 20
7.70466
 30
0.0
 10
3.86647
 20
7.70466
 30
0.0
 10
3.86647
 20
-3.937
 30
0.0
 10
3.86647
 20
-3.937
 30
0.0
  0
SPLINE
  5
2DB
330
1F
100
AcDbEntity
  8
Layer 1
370
    25
100
AcDbSpline
210
0.0
220
0.0
230
1.0
 70
    24
 71
     3
 72
     8
 73
     4
 74
     0
 42
0.000000001
 43
0.0000000001
 40
0.0
 40
0.0
 40
0.0
 40
0.0
 40
1.0
 40
1.0
 40
1.0
 40
1.0
 10
2.98805
 20
-3.937
 30
0.0
 10
2.98805
 20
-3.937
 30
0.0
 10
2.98805
 20
7.70466
 30
0.0
 10
2.98805
 20
7.70466
 30
0.0
  0
SPLINE
  5
2DC
330
1F
100
AcDbEntity
  8
Layer 1
370
    25
100
AcDbSpline
210
0.0
220
0.0
230
1.0
 70
    24
 71
     3
 72
    28
 73
    24
 74
     0
 42
0.000000001
 43
0.0000000001
 40
0.0
 40
0.0
 40
0.0
 40
0.0
 40
0.1428571428571428
 40
0.1428571428571428
 40
0.1428571428571428
 40
0.1428571528571428
 40
0.2857142857142857
 40
0.2857142857142857
 40
0.2857142857142857
 40
0.2857142957142857
 40
0.4285714285714285
 40
0.4285714285714285
 40
0.4285714285714285
 40
0.4285714385714285
 40
0.5714285714285714
 40
0.5714285714285714
 40
0.5714285714285714
 40
0.5714285814285714
 40
0.7142857142857143
 40
0.7142857142857143
 40
0.7142857142857143
 40
0.7142857242857144
 40
1.0
 40
1.0
 40
1.0
 40
1.0
 10
3.86647
 20
7.70466
 30
0.0
 10
3.86647
 20
7.70466
 30
0.0
 10
3.86999
 20
7.70466
 30
0.0
 10
3.86999
 20
7.70466
 30
0.0
 10
3.86999
 20
7.70466
 30
0.0
 10
3.86999
 20
7.70466
 30
0.0
 10
3.87352
 20
7.70466
 30
0.0
 10
3.87352
 20
7.70466
 30
0.0
 10
3.87352
 20
7.70466
 30
0.0
 10
3.87352
 20
7.70466
 30
0.0
 10
3.87705
 20
7.70466
 30
0.0
 10
3.87705
 20
7.70466
 30
0.0
 10
3.87705
 20
7.70466
 30
0.0
 10
3.87705
 20
7.70466
 30
0.0
 10
3.88058
 20
7.70466
 30
0.0
 10
3.88058
 20
7.70466
 30
0.0
 10
3.88058
 20
7.70466
 30
0.0
 10
3.88058
 20
7.70466
 30
0.0
 10
3.88411
 20
7.70466
 30
0.0
 10
3.88411
 20
7.70466
 30
0.0
 10
3.88411
 20
7.70466
 30
0.0
 10
3.88411
 20
7.70466
 30
0.0
 10
3.88763
 20
7.70466
 30
0.0
 10
3.88763
 20
7.70466
 30
0.0
  0
SPLINE
  5
2DD
330
1F
100
AcDbEntity
  8
Layer 1
370
    25
100
AcDbSpline
210
0.0
220
0.0
230
1.0
 70
    24
 71
     3
 72
    36
 73
    32
 74
     0
 42
0.000000001
 43
0.0000000001
 40
0.0
 40
0.0
 40
0.0
 40
0.0
 40
0.1111111111111111
 40
0.1111111111111111
 40
0.1111111111111111
 40
0.1111111211111111
 40
0.2222222222222222
 40
0.2222222222222222
 40
0.2222222222222222
 40
0.2222222322222222
 40
0.3333333333333333
 40
0.3333333333333333
 40
0.3333333333333333
 40
0.3333333433333333
 40
0.4444444444444444
 40
0.4444444444444444
 40
0.4444444444444444
 40
0.4444444544444444
 40
0.5555555555555556
 40
0.5555555555555556
 40
0.5555555555555556
 40
0.5555555655555556
 40
0.6666666666666666
 40
0.6666666666666666
 40
0.6666666666666666
 40
0.6666666766666667
 40
0.7777777777777778
 40
0.7777777777777778
 40
0.7777777777777778
 40
0.7777777877777778
 40
1.0
 40
1.0
 40
1.0
 40
1.0
 10
3.88763
 20
7.70466
 30
0.0
 10
3.88763
 20
7.70466
 30
0.0
 10
3.88763
 20
7.75758
 30
0.0
 10
3.88763
 20
7.75758
 30
0.0
 10
3.88763
 20
7.75758
 30
0.0
 10
3.88763
 20
7.75758
 30
0.0
 10
3.88763
 20
7.80697
 30
0.0
 10
3.88763
 20
7.80697
 30
0.0
 10
3.88763
 20
7.80697
 30
0.0
 10
3.88763
 20
7.80697
 30
0.0
 10
3.88763
 20
7.85283
 30
0.0
 10
3.88763
 20
7.85283
 30
0.0
 10
3.88763
 20
7.85283
 30
0.0
 10
3.88763
 20
7.85283
 30
0.0
 10
3.88763
 20
7.89163
 30
0.0
 10
3.88763
 20
7.89163
 30
0.0
 10
3.88763
 20
7.89163
 30
0.0
 10
3.88763
 20
7.89163
 30
0.0
 10
3.88763
 20
7.92338
 30
0.0
 10
3.88763
 20
7.92338
 30
0.0
 10
3.88763
 20
7.92338
 30
0.0
 10
3.88763
 20
7.92338
 30
0.0
 10
3.88763
 20
7.94808
 30
0.0
 10
3.88763
 20
7.94808
 30
0.0
 10
3.88763
 20
7.94808
 30
0.0
 10
3.88763
 20
7.94808
 30
0.0
 10
3.88763
 20
7.96572
 30
0.0
 10
3.88763
 20
7.96572
 30
0.0
 10
3.88763
 20
7.96572
 30
0.0
 10
3.88763
 20
7.96572
 30
0.0
 10
3.88763
 20
7.96925
 30
0.0
 10
3.88763
 20
7.96925
 30
0.0
  0
SPLINE
  5
2DE
330
1F
100
AcDbEntity
  8
Layer 1
370
    25
100
AcDbSpline
210
0.0
220
0.0
230
1.0
 70
     8
 71
     3
 72
    36
 73
    32
 74
     0
 42
0.000000001
 43
0.0000000001
 40
0.0
 40
0.0
 40
0.0
 40
0.0
 40
0.1111111111111111
 40
0.1111111111111111
 40
0.1111111111111111
 40
0.1111111211111111
 40
0.2222222222222222
 40
0.2222222222222222
 40
0.2222222222222222
 40
0.2222222322222222
 40
0.3333333333333333
 40
0.3333333333333333
 40
0.3333333333333333
 40
0.3333333433333333
 40
0.4444444444444444
 40
0.4444444444444444
 40
0.4444444444444444
 40
0.4444444544444444
 40
0.5555555555555556
 40
0.5555555555555556
 40
0.5555555555555556
 40
0.5555555655555556
 40
0.6666666666666666
 40
0.6666666666666666
 40
0.6666666666666666
 40
0.6666666766666667
 40
0.7777777777777778
 40
0.7777777777777778
 40
0.7777777777777778
 40
0.7777777877777778
 40
1.0
 40
1.0
 40
1.0
 40
1.0
 10
3.86647
 20
7.99041
 30
0.0
 10
3.86647
 20
7.99041
 30
0.0
 10
3.86999
 20
7.99041
 30
0.0
 10
3.86999
 20
7.99041
 30
0.0
 10
3.86999
 20
7.99041
 30
0.0
 10
3.86999
 20
7.99041
 30
0.0
 10
3.87352
 20
7.98688
 30
0.0
 10
3.87352
 20
7.98688
 30
0.0
 10
3.87352
 20
7.98688
 30
0.0
 10
3.87352
 20
7.98688
 30
0.0
 10
3.87705
 20
7.98688
 30
0.0
 10
3.87705
 20
7.98688
 30
0.0
 10
3.87705
 20
7.98688
 30
0.0
 10
3.87705
 20
7.98688
 30
0.0
 10
3.88058
 20
7.98336
 30
0.0
 10
3.88058
 20
7.98336
 30
0.0
 10
3.88058
 20
7.98336
 30
0.0
 10
3.88058
 20
7.98336
 30
0.0
 10
3.88411
 20
7.97983
 30
0.0
 10
3.88411
 20
7.97983
 30
0.0
 10
3.88411
 20
7.97983
 30
0.0
 10
3.88411
 20
7.97983
 30
0.0
 10
3.88411
 20
7.9763
 30
0.0
 10
3.88411
 20
7.9763
 30
0.0
 10
3.88411
 20
7.9763
 30
0.0
 10
3.88411
 20
7.9763
 30
0.0
 10
3.88763
 20
7.97277
 30
0.0
 10
3.88763
 20
7.97277
 30
0.0
 10
3.88763
 20
7.97277
 30
0.0
 10
3.88763
 20
7.97277
 30
0.0
 10
3.88763
 20
7.96925
 30
0.0
 10
3.88763
 20
7.96925
 30
0.0
  0
SPLINE
  5
2DF
330
1F
100
AcDbEntity
  8
Layer 1
370
    25
100
AcDbSpline
210
0.0
220
0.0
230
1.0
 70
     8
 71
     3
 72
    36
 73
    32
 74
     0
 42
0.000000001
 43
0.0000000001
 40
0.0
 40
0.0
 40
0.0
 40
0.0
 40
0.1111111111111111
 40
0.1111111111111111
 40
0.1111111111111111
 40
0.1111111211111111
 40
0.2222222222222222
 40
0.2222222222222222
 40
0.2222222222222222
 40
0.2222222322222222
 40
0.3333333333333333
 40
0.3333333333333333
 40
0.3333333333333333
 40
0.3333333433333333
 40
0.4444444444444444
 40
0.4444444444444444
 40
0.4444444444444444
 40
0.4444444544444444
 40
0.5555555555555556
 40
0.5555555555555556
 40
0.5555555555555556
 40
0.5555555655555556
 40
0.6666666666666666
 40
0.6666666666666666
 40
0.6666666666666666
 40
0.6666666766666667
 40
0.7777777777777778
 40
0.7777777777777778
 40
0.7777777777777778
 40
0.7777777877777778
 40
1.0
 40
1.0
 40
1.0
 40
1.0
 10
3.86647
 20
-4.21923
 30
0.0
 10
3.86647
 20
-4.21923
 30
0.0
 10
3.86999
 20
-4.21923
 30
0.0
 10
3.86999
 20
-4.21923
 30
0.0
 10
3.86999
 20
-4.21923
 30
0.0
 10
3.86999
 20
-4.21923
 30
0.0
 10
3.87352
 20
-4.21923
 30
0.0
 10
3.87352
 20
-4.21923
 30
0.0
 10
3.87352
 20
-4.21923
 30
0.0
 10
3.87352
 20
-4.21923
 30
0.0
 10
3.87705
 20
-4.2157
 30
0.0
 10
3.87705
 20
-4.2157
 30
0.0
 10
3.87705
 20
-4.2157
 30
0.0
 10
3.87705
 20
-4.2157
 30
0.0
 10
3.88058
 20
-4.2157
 30
0.0
 10
3.88058
 20
-4.2157
 30
0.0
 10
3.88058
 20
-4.2157
 30
0.0
 10
3.88058
 20
-4.2157
 30
0.0
 10
3.88411
 20
-4.21217
 30
0.0
 10
3.88411
 20
-4.21217
 30
0.0
 10
3.88411
 20
-4.21217
 30
0.0
 10
3.88411
 20
-4.21217
 30
0.0
 10
3.88411
 20
-4.20864
 30
0.0
 10
3.88411
 20
-4.20864
 30
0.0
 10
3.88411
 20
-4.20864
 30
0.0
 10
3.88411
 20
-4.20864
 30
0.0
 10
3.88763
 20
-4.20512
 30
0.0
 10
3.88763
 20
-4.20512
 30
0.0
 10
3.88763
 20
-4.20512
 30
0.0
 10
3.88763
 20
-4.20512
 30
0.0
 10
3.88763
 20
-4.20159
 30
0.0
 10
3.88763
 20
-4.20159
 30
0.0
  0
SPLINE
  5
2E0
330
1F
100
AcDbEntity
  8
Layer 1
370
    25
100
AcDbSpline
210
0.0
220
0.0
230
1.0
 70
    24
 71
     3
 72
    36
 73
    32
 74
     0
 42
0.000000001
 43
0.0000000001
 40
0.0
 40
0.0
 40
0.0
 40
0.0
 40
0.1111111111111111
 40
0.1111111111111111
 40
0.1111111111111111
 40
0.1111111211111111
 40
0.2222222222222222
 40
0.2222222222222222
 40
0.2222222222222222
 40
0.2222222322222222
 40
0.3333333333333333
 40
0.3333333333333333
 40
0.3333333333333333
 40
0.3333333433333333
 40
0.4444444444444444
 40
0.4444444444444444
 40
0.4444444444444444
 40
0.4444444544444444
 40
0.5555555555555556
 40
0.5555555555555556
 40
0.5555555555555556
 40
0.5555555655555556
 40
0.6666666666666666
 40
0.6666666666666666
 40
0.6666666666666666
 40
0.6666666766666667
 40
0.7777777777777778
 40
0.7777777777777778
 40
0.7777777777777778
 40
0.7777777877777778
 40
1.0
 40
1.0
 40
1.0
 40
1.0
 10
3.88763
 20
-4.20159
 30
0.0
 10
3.88763
 20
-4.20159
 30
0.0
 10
3.88763
 20
-4.19453
 30
0.0
 10
3.88763
 20
-4.19453
 30
0.0
 10
3.88763
 20
-4.19453
 30
0.0
 10
3.88763
 20
-4.19453
 30
0.0
 10
3.88763
 20
-4.18042
 30
0.0
 10
3.88763
 20
-4.18042
 30
0.0
 10
3.88763
 20
-4.18042
 30
0.0
 10
3.88763
 20
-4.18042
 30
0.0
 10
3.88763
 20
-4.15573
 30
0.0
 10
3.88763
 20
-4.15573
 30
0.0
 10
3.88763
 20
-4.15573
 30
0.0
 10
3.88763
 20
-4.15573
 30
0.0
 10
3.88763
 20
-4.12398
 30
0.0
 10
3.88763
 20
-4.12398
 30
0.0
 10
3.88763
 20
-4.12398
 30
0.0
 10
3.88763
 20
-4.12398
 30
0.0
 10
3.88763
 20
-4.08164
 30
0.0
 10
3.88763
 20
-4.08164
 30
0.0
 10
3.88763
 20
-4.08164
 30
0.0
 10
3.88763
 20
-4.08164
 30
0.0
 10
3.88763
 20
-4.03578
 30
0.0
 10
3.88763
 20
-4.03578
 30
0.0
 10
3.88763
 20
-4.03578
 30
0.0
 10
3.88763
 20
-4.03578
 30
0.0
 10
3.88763
 20
-3.98639
 30
0.0
 10
3.88763
 20
-3.98639
 30
0.0
 10
3.88763
 20
-3.98639
 30
0.0
 10
3.88763
 20
-3.98639
 30
0.0
 10
3.88763
 20
-3.937
 30
0.0
 10
3.88763
 20
-3.937
 30
0.0
  0
SPLINE
  5
2E1
330
1F
100
AcDbEntity
  8
Layer 1
370
    25
100
AcDbSpline
210
0.0
220
0.0
230
1.0
 70
    24
 71
     3
 72
    28
 73
    24
 74
     0
 42
0.000000001
 43
0.0000000001
 40
0.0
 40
0.0
 40
0.0
 40
0.0
 40
0.1428571428571428
 40
0.1428571428571428
 40
0.1428571428571428
 40
0.1428571528571428
 40
0.2857142857142857
 40
0.2857142857142857
 40
0.2857142857142857
 40
0.2857142957142857
 40
0.4285714285714285
 40
0.4285714285714285
 40
0.4285714285714285
 40
0.4285714385714285
 40
0.5714285714285714
 40
0.5714285714285714
 40
0.5714285714285714
 40
0.5714285814285714
 40
0.7142857142857143
 40
0.7142857142857143
 40
0.7142857142857143
 40
0.7142857242857144
 40
1.0
 40
1.0
 40
1.0
 40
1.0
 10
3.86647
 20
-3.937
 30
0.0
 10
3.86647
 20
-3.937
 30
0.0
 10
3.86999
 20
-3.937
 30
0.0
 10
3.86999
 20
-3.937
 30
0.0
 10
3.86999
 20
-3.937
 30
0.0
 10
3.86999
 20
-3.937
 30
0.0
 10
3.87352
 20
-3.937
 30
0.0
 10
3.87352
 20
-3.937
 30
0.0
 10
3.87352
 20
-3.937
 30
0.0
 10
3.87352
 20
-3.937
 30
0.0
 10
3.87705
 20
-3.937
 30
0.0
 10
3.87705
 20
-3.937
 30
0.0
 10
3.87705
 20
-3.937
 30
0.0
 10
3.87705
 20
-3.937
 30
0.0
 10
3.88058
 20
-3.937
 30
0.0
 10
3.88058
 20
-3.937
 30
0.0
 10
3.88058
 20
-3.937
 30
0.0
 10
3.88058
 20
-3.937
 30
0.0
 10
3.88411
 20
-3.937
 30
0.0
 10
3.88411
 20
-3.937
 30
0.0
 10
3.88411
 20
-3.937
 30
0.0
 10
3.88411
 20
-3.937
 30
0.0
 10
3.88763
 20
-3.937
 30
0.0
 10
3.88763
 20
-3.937
 30
0.0
  0
SPLINE
  5
2E2
330
1F
100
AcDbEntity
  8
Layer 1
370
    25
100
AcDbSpline
210
0.0
220
0.0
230
1.0
 70
    24
 71
     3
 72
     8
 73
     4
 74
     0
 42
0.000000001
 43
0.0000000001
 40
0.0
 40
0.0
 40
0.0
 40
0.0
 40
1.0
 40
1.0
 40
1.0
 40
1.0
 10
3.88763
 20
-3.937
 30
0.0
 10
3.88763
 20
-3.937
 30
0.0
 10
3.88763
 20
7.70466
 30
0.0
 10
3.88763
 20
7.70466
 30
0.0
  0
SPLINE
  5
2E3
330
1F
100
AcDbEntity
  8
Layer 1
370
    25
100
AcDbSpline
210
0.0
220
0.0
230
1.0
 70
    24
 71
     3
 72
    24
 73
    20
 74
     0
 42
0.000000001
 43
0.0000000001
 40
0.0
 40
0.0
 40
0.0
 40
0.0
 40
0.1666666666666667
 40
0.1666666666666667
 40
0.1666666666666667
 40
0.1666666766666667
 40
0.3333333333333333
 40
0.3333333333333333
 40
0.3333333333333333
 40
0.3333333433333333
 40
0.5
 40
0.5
 40
0.5
 40
0.50000001
 40
0.6666666666666666
 40
0.6666666666666666
 40
0.6666666666666666
 40
0.6666666766666667
 40
1.0
 40
1.0
 40
1.0
 40
1.0
 10
3.9088
 20
-3.64067
 30
0.0
 10
3.9088
 20
-3.64067
 30
0.0
 10
3.9088
 20
-3.63714
 30
0.0
 10
3.9088
 20
-3.63714
 30
0.0
 10
3.9088
 20
-3.63714
 30
0.0
 10
3.9088
 20
-3.63714
 30
0.0
 10
3.9088
 20
-3.62656
 30
0.0
 10
3.9088
 20
-3.62656
 30
0.0
 10
3.9088
 20
-3.62656
 30
0.0
 10
3.9088
 20
-3.62656
 30
0.0
 10
3.9088
 20
-3.61245
 30
0.0
 10
3.9088
 20
-3.61245
 30
0.0
 10
3.9088
 20
-3.61245
 30
0.0
 10
3.9088
 20
-3.61245
 30
0.0
 10
3.9088
 20
-3.59128
 30
0.0
 10
3.9088
 20
-3.59128
 30
0.0
 10
3.9088
 20
-3.59128
 30
0.0
 10
3.9088
 20
-3.59128
 30
0.0
 10
3.9088
 20
-3.57364
 30
0.0
 10
3.9088
 20
-3.57364
 30
0.0
  0
SPLINE
  5
2E4
330
1F
100
AcDbEntity
  8
Layer 1
370
    25
100
AcDbSpline
210
0.0
220
0.0
230
1.0
 70
    24
 71
     3
 72
     8
 73
     4
 74
     0
 42
0.000000001
 43
0.0000000001
 40
0.0
 40
0.0
 40
0.0
 40
0.0
 40
1.0
 40
1.0
 40
1.0
 40
1.0
 10
3.9088
 20
-3.57364
 30
0.0
 10
3.9088
 20
-3.57364
 30
0.0
 10
3.88763
 20
-3.57364
 30
0.0
 10
3.88763
 20
-3.57364
 30
0.0
  0
SPLINE
  5
2E5
330
1F
100
AcDbEntity
  8
Layer 1
370
    25
100
AcDbSpline
210
0.0
220
0.0
230
1.0
 70
    24
 71
     3
 72
     8
 73
     4
 74
     0
 42
0.000000001
 43
0.0000000001
 40
0.0
 40
0.0
 40
0.0
 40
0.0
 40
1.0
 40
1.0
 40
1.0
 40
1.0
 10
3.9088
 20
-3.47134
 30
0.0
 10
3.9088
 20
-3.47134
 30
0.0
 10
3.88763
 20
-3.47134
 30
0.0
 10
3.88763
 20
-3.47134
 30
0.0
  0
SPLINE
  5
2E6
330
1F
100
AcDbEntity
  8
Layer 1
370
    25
100
AcDbSpline
210
0.0
220
0.0
230
1.0
 70
    24
 71
     3
 72
    24
 73
    20
 74
     0
 42
0.000000001
 43
0.0000000001
 40
0.0
 40
0.0
 40
0.0
 40
0.0
 40
0.1666666666666667
 40
0.1666666666666667
 40
0.1666666666666667
 40
0.1666666766666667
 40
0.3333333333333333
 40
0.3333333333333333
 40
0.3333333333333333
 40
0.3333333433333333
 40
0.5
 40
0.5
 40
0.5
 40
0.50000001
 40
0.6666666666666666
 40
0.6666666666666666
 40
0.6666666666666666
 40
0.6666666766666667
 40
1.0
 40
1.0
 40
1.0
 40
1.0
 10
3.9088
 20
-3.47134
 30
0.0
 10
3.9088
 20
-3.47134
 30
0.0
 10
3.9088
 20
-3.44664
 30
0.0
 10
3.9088
 20
-3.44664
 30
0.0
 10
3.9088
 20
-3.44664
 30
0.0
 10
3.9088
 20
-3.44664
 30
0.0
 10
3.9088
 20
-3.429
 30
0.0
 10
3.9088
 20
-3.429
 30
0.0
 10
3.9088
 20
-3.429
 30
0.0
 10
3.9088
 20
-3.429
 30
0.0
 10
3.9088
 20
-3.41489
 30
0.0
 10
3.9088
 20
-3.41489
 30
0.0
 10
3.9088
 20
-3.41489
 30
0.0
 10
3.9088
 20
-3.41489
 30
0.0
 10
3.9088
 20
-3.40784
 30
0.0
 10
3.9088
 20
-3.40784
 30
0.0
 10
3.9088
 20
-3.40784
 30
0.0
 10
3.9088
 20
-3.40784
 30
0.0
 10
3.9088
 20
-3.40431
 30
0.0
 10
3.9088
 20
-3.40431
 30
0.0
  0
SPLINE
  5
2E7
330
1F
100
AcDbEntity
  8
Layer 1
370
    25
100
AcDbSpline
210
0.0
220
0.0
230
1.0
 70
    24
 71
     3
 72
     8
 73
     4
 74
     0
 42
0.000000001
 43
0.0000000001
 40
0.0
 40
0.0
 40
0.0
 40
0.0
 40
1.0
 40
1.0
 40
1.0
 40
1.0
 10
3.9088
 20
-3.40431
 30
0.0
 10
3.9088
 20
-3.40431
 30
0.0
 10
3.88763
 20
-3.40078
 30
0.0
 10
3.88763
 20
-3.40078
 30
0.0
  0
SPLINE
  5
2E8
330
1F
100
AcDbEntity
  8
Layer 1
370
    25
100
AcDbSpline
210
0.0
220
0.0
230
1.0
 70
    24
 71
     3
 72
     8
 73
     4
 74
     0
 42
0.000000001
 43
0.0000000001
 40
0.0
 40
0.0
 40
0.0
 40
0.0
 40
1.0
 40
1.0
 40
1.0
 40
1.0
 10
3.9088
 20
-3.57364
 30
0.0
 10
3.9088
 20
-3.57364
 30
0.0
 10
3.9088
 20
-3.47134
 30
0.0
 10
3.9088
 20
-3.47134
 30
0.0
  0
SPLINE
  5
2E9
330
1F
100
AcDbEntity
  8
Layer 1
370
    25
100
AcDbSpline
210
0.0
220
0.0
230
1.0
 70
    24
 71
     3
 72
     8
 73
     4
 74
     0
 42
0.000000001
 43
0.0000000001
 40
0.0
 40
0.0
 40
0.0
 40
0.0
 40
1.0
 40
1.0
 40
1.0
 40
1.0
 10
3.9088
 20
-3.64067
 30
0.0
 10
3.9088
 20
-3.64067
 30
0.0
 10
3.88763
 20
-3.6442
 30
0.0
 10
3.88763
 20
-3.6442
 30
0.0
  0
SPLINE
  5
2EA
330
1F
100
AcDbEntity
  8
Layer 1
370
    25
100
AcDbSpline
210
0.0
220
0.0
230
1.0
 70
    24
 71
     3
 72
     8
 73
     4
 74
     0
 42
0.000000001
 43
0.0000000001
 40
0.0
 40
0.0
 40
0.0
 40
0.0
 40
1.0
 40
1.0
 40
1.0
 40
1.0
 10
3.9088
 20
-3.37256
 30
0.0
 10
3.9088
 20
-3.37256
 30
0.0
 10
3.88763
 20
-3.37609
 30
0.0
 10
3.88763
 20
-3.37609
 30
0.0
  0
SPLINE
  5
2EB
330
1F
100
AcDbEntity
  8
Layer 1
370
    25
100
AcDbSpline
210
0.0
220
0.0
230
1.0
 70
    24
 71
     3
 72
     8
 73
     4
 74
     0
 42
0.000000001
 43
0.0000000001
 40
0.0
 40
0.0
 40
0.0
 40
0.0
 40
1.0
 40
1.0
 40
1.0
 40
1.0
 10
3.9088
 20
-3.37256
 30
0.0
 10
3.9088
 20
-3.37256
 30
0.0
 10
3.9088
 20
-3.34434
 30
0.0
 10
3.9088
 20
-3.34434
 30
0.0
  0
SPLINE
  5
2EC
330
1F
100
AcDbEntity
  8
Layer 1
370
    25
100
AcDbSpline
210
0.0
220
0.0
230
1.0
 70
    24
 71
     3
 72
     8
 73
     4
 74
     0
 42
0.000000001
 43
0.0000000001
 40
0.0
 40
0.0
 40
0.0
 40
0.0
 40
1.0
 40
1.0
 40
1.0
 40
1.0
 10
3.9088
 20
-3.34434
 30
0.0
 10
3.9088
 20
-3.34434
 30
0.0
 10
3.88763
 20
-3.34081
 30
0.0
 10
3.88763
 20
-3.34081
 30
0.0
  0
SPLINE
  5
2ED
330
1F
100
AcDbEntity
  8
Layer 1
370
    25
100
AcDbSpline
210
0.0
220
0.0
230
1.0
 70
    24
 71
     3
 72
     8
 73
     4
 74
     0
 42
0.000000001
 43
0.0000000001
 40
0.0
 40
0.0
 40
0.0
 40
0.0
 40
1.0
 40
1.0
 40
1.0
 40
1.0
 10
3.9088
 20
-3.40078
 30
0.0
 10
3.9088
 20
-3.40078
 30
0.0
 10
3.90174
 20
-3.40078
 30
0.0
 10
3.90174
 20
-3.40078
 30
0.0
  0
SPLINE
  5
2EE
330
1F
100
AcDbEntity
  8
Layer 1
370
    25
100
AcDbSpline
210
0.0
220
0.0
230
1.0
 70
     8
 71
     3
 72
    12
 73
     8
 74
     0
 42
0.000000001
 43
0.0000000001
 40
0.0
 40
0.0
 40
0.0
 40
0.0
 40
0.3333333333333333
 40
0.3333333333333333
 40
0.3333333333333333
 40
0.3333333433333333
 40
1.0
 40
1.0
 40
1.0
 40
1.0
 10
3.9088
 20
-3.3902
 30
0.0
 10
3.9088
 20
-3.3902
 30
0.0
 10
3.89822
 20
-3.39373
 30
0.0
 10
3.89822
 20
-3.39373
 30
0.0
 10
3.89822
 20
-3.39373
 30
0.0
 10
3.89822
 20
-3.39373
 30
0.0
 10
3.88763
 20
-3.39373
 30
0.0
 10
3.88763
 20
-3.39373
 30
0.0
  0
SPLINE
  5
2EF
330
1F
100
AcDbEntity
  8
Layer 1
370
    25
100
AcDbSpline
210
0.0
220
0.0
230
1.0
 70
    24
 71
     3
 72
     8
 73
     4
 74
     0
 42
0.000000001
 43
0.0000000001
 40
0.0
 40
0.0
 40
0.0
 40
0.0
 40
1.0
 40
1.0
 40
1.0
 40
1.0
 10
3.9088
 20
-3.40078
 30
0.0
 10
3.9088
 20
-3.40078
 30
0.0
 10
3.9088
 20
-3.3902
 30
0.0
 10
3.9088
 20
-3.3902
 30
0.0
  0
SPLINE
  5
2F0
330
1F
100
AcDbEntity
  8
Layer 1
370
    25
100
AcDbSpline
210
0.0
220
0.0
230
1.0
 70
    24
 71
     3
 72
     8
 73
     4
 74
     0
 42
0.000000001
 43
0.0000000001
 40
0.0
 40
0.0
 40
0.0
 40
0.0
 40
1.0
 40
1.0
 40
1.0
 40
1.0
 10
3.9088
 20
-3.3902
 30
0.0
 10
3.9088
 20
-3.3902
 30
0.0
 10
3.9088
 20
-3.37609
 30
0.0
 10
3.9088
 20
-3.37609
 30
0.0
  0
SPLINE
  5
2F1
330
1F
100
AcDbEntity
  8
Layer 1
370
    25
100
AcDbSpline
210
0.0
220
0.0
230
1.0
 70
    24
 71
     3
 72
     8
 73
     4
 74
     0
 42
0.000000001
 43
0.0000000001
 40
0.0
 40
0.0
 40
0.0
 40
0.0
 40
1.0
 40
1.0
 40
1.0
 40
1.0
 10
-3.52071
 20
-6.15597
 30
0.0
 10
-3.52071
 20
-6.15597
 30
0.0
 10
-3.43252
 20
-6.15597
 30
0.0
 10
-3.43252
 20
-6.15597
 30
0.0
  0
SPLINE
  5
2F2
330
1F
100
AcDbEntity
  8
Layer 1
370
    25
100
AcDbSpline
210
0.0
220
0.0
230
1.0
 70
    24
 71
     3
 72
     8
 73
     4
 74
     0
 42
0.000000001
 43
0.0000000001
 40
0.0
 40
0.0
 40
0.0
 40
0.0
 40
1.0
 40
1.0
 40
1.0
 40
1.0
 10
-3.52071
 20
-6.26533
 30
0.0
 10
-3.52071
 20
-6.26533
 30
0.0
 10
-3.52071
 20
-6.15597
 30
0.0
 10
-3.52071
 20
-6.15597
 30
0.0
  0
SPLINE
  5
2F3
330
1F
100
AcDbEntity
  8
Layer 1
370
    25
100
AcDbSpline
210
0.0
220
0.0
230
1.0
 70
    24
 71
     3
 72
     8
 73
     4
 74
     0
 42
0.000000001
 43
0.0000000001
 40
0.0
 40
0.0
 40
0.0
 40
0.0
 40
1.0
 40
1.0
 40
1.0
 40
1.0
 10
-3.8241
 20
-6.26533
 30
0.0
 10
-3.8241
 20
-6.26533
 30
0.0
 10
-3.52071
 20
-6.26533
 30
0.0
 10
-3.52071
 20
-6.26533
 30
0.0
  0
SPLINE
  5
2F4
330
1F
100
AcDbEntity
  8
Layer 1
370
    25
100
AcDbSpline
210
0.0
220
0.0
230
1.0
 70
    24
 71
     3
 72
     8
 73
     4
 74
     0
 42
0.000000001
 43
0.0000000001
 40
0.0
 40
0.0
 40
0.0
 40
0.0
 40
1.0
 40
1.0
 40
1.0
 40
1.0
 10
-4.2933
 20
-6.15597
 30
0.0
 10
-4.2933
 20
-6.15597
 30
0.0
 10
-4.2933
 20
-6.26533
 30
0.0
 10
-4.2933
 20
-6.26533
 30
0.0
  0
SPLINE
  5
2F5
330
1F
100
AcDbEntity
  8
Layer 1
370
    25
100
AcDbSpline
210
0.0
220
0.0
230
1.0
 70
    24
 71
     3
 72
     8
 73
     4
 74
     0
 42
0.000000001
 43
0.0000000001
 40
0.0
 40
0.0
 40
0.0
 40
0.0
 40
1.0
 40
1.0
 40
1.0
 40
1.0
 10
-4.59316
 20
-6.15597
 30
0.0
 10
-4.59316
 20
-6.15597
 30
0.0
 10
-4.2933
 20
-6.15597
 30
0.0
 10
-4.2933
 20
-6.15597
 30
0.0
  0
SPLINE
  5
2F6
330
1F
100
AcDbEntity
  8
Layer 1
370
    25
100
AcDbSpline
210
0.0
220
0.0
230
1.0
 70
    24
 71
     3
 72
     8
 73
     4
 74
     0
 42
0.000000001
 43
0.0000000001
 40
0.0
 40
0.0
 40
0.0
 40
0.0
 40
1.0
 40
1.0
 40
1.0
 40
1.0
 10
-4.59316
 20
-5.47511
 30
0.0
 10
-4.59316
 20
-5.47511
 30
0.0
 10
-4.59316
 20
-6.15597
 30
0.0
 10
-4.59316
 20
-6.15597
 30
0.0
  0
SPLINE
  5
2F7
330
1F
100
AcDbEntity
  8
Layer 1
370
    25
100
AcDbSpline
210
0.0
220
0.0
230
1.0
 70
    24
 71
     3
 72
     8
 73
     4
 74
     0
 42
0.000000001
 43
0.0000000001
 40
0.0
 40
0.0
 40
0.0
 40
0.0
 40
1.0
 40
1.0
 40
1.0
 40
1.0
 10
-4.49085
 20
-5.47511
 30
0.0
 10
-4.49085
 20
-5.47511
 30
0.0
 10
-4.59316
 20
-5.47511
 30
0.0
 10
-4.59316
 20
-5.47511
 30
0.0
  0
SPLINE
  5
2F8
330
1F
100
AcDbEntity
  8
Layer 1
370
    25
100
AcDbSpline
210
0.0
220
0.0
230
1.0
 70
    24
 71
     3
 72
     8
 73
     4
 74
     0
 42
0.000000001
 43
0.0000000001
 40
0.0
 40
0.0
 40
0.0
 40
0.0
 40
1.0
 40
1.0
 40
1.0
 40
1.0
 10
-4.08163
 20
-5.40455
 30
0.0
 10
-4.08163
 20
-5.40455
 30
0.0
 10
-4.49085
 20
-5.47511
 30
0.0
 10
-4.49085
 20
-5.47511
 30
0.0
  0
SPLINE
  5
2F9
330
1F
100
AcDbEntity
  8
Layer 1
370
    25
100
AcDbSpline
210
0.0
220
0.0
230
1.0
 70
    24
 71
     3
 72
     8
 73
     4
 74
     0
 42
0.000000001
 43
0.0000000001
 40
0.0
 40
0.0
 40
0.0
 40
0.0
 40
1.0
 40
1.0
 40
1.0
 40
1.0
 10
-4.08163
 20
-5.36575
 30
0.0
 10
-4.08163
 20
-5.36575
 30
0.0
 10
-4.08163
 20
-5.40455
 30
0.0
 10
-4.08163
 20
-5.40455
 30
0.0
  0
SPLINE
  5
2FA
330
1F
100
AcDbEntity
  8
Layer 1
370
    25
100
AcDbSpline
210
0.0
220
0.0
230
1.0
 70
    24
 71
     3
 72
     8
 73
     4
 74
     0
 42
0.000000001
 43
0.0000000001
 40
0.0
 40
0.0
 40
0.0
 40
0.0
 40
1.0
 40
1.0
 40
1.0
 40
1.0
 10
-3.43252
 20
-5.36575
 30
0.0
 10
-3.43252
 20
-5.36575
 30
0.0
 10
-4.08163
 20
-5.36575
 30
0.0
 10
-4.08163
 20
-5.36575
 30
0.0
  0
SPLINE
  5
2FB
330
1F
100
AcDbEntity
  8
Layer 1
370
    25
100
AcDbSpline
210
0.0
220
0.0
230
1.0
 70
    24
 71
     3
 72
     8
 73
     4
 74
     0
 42
0.000000001
 43
0.0000000001
 40
0.0
 40
0.0
 40
0.0
 40
0.0
 40
1.0
 40
1.0
 40
1.0
 40
1.0
 10
-3.43252
 20
-6.15597
 30
0.0
 10
-3.43252
 20
-6.15597
 30
0.0
 10
-3.43252
 20
-5.36575
 30
0.0
 10
-3.43252
 20
-5.36575
 30
0.0
  0
SPLINE
  5
2FC
330
1F
100
AcDbEntity
  8
Layer 1
370
    25
100
AcDbSpline
210
0.0
220
0.0
230
1.0
 70
    24
 71
     3
 72
     8
 73
     4
 74
     0
 42
0.000000001
 43
0.0000000001
 40
0.0
 40
0.0
 40
0.0
 40
0.0
 40
1.0
 40
1.0
 40
1.0
 40
1.0
 10
-4.51202
 20
-6.27239
 30
0.0
 10
-4.51202
 20
-6.27239
 30
0.0
 10
-4.51202
 20
-6.26533
 30
0.0
 10
-4.51202
 20
-6.26533
 30
0.0
  0
SPLINE
  5
2FE
330
1F
100
AcDbEntity
  8
Layer 1
370
    25
100
AcDbSpline
210
0.0
220
0.0
230
1.0
 70
    24
 71
     3
 72
     8
 73
     4
 74
     0
 42
0.000000001
 43
0.0000000001
 40
0.0
 40
0.0
 40
0.0
 40
0.0
 40
1.0
 40
1.0
 40
1.0
 40
1.0
 10
-4.51202
 20
-6.26533
 30
0.0
 10
-4.51202
 20
-6.26533
 30
0.0
 10
-3.8241
 20
-6.26533
 30
0.0
 10
-3.8241
 20
-6.26533
 30
0.0
  0
SPLINE
  5
2FF
330
1F
100
AcDbEntity
  8
Layer 1
370
    25
100
AcDbSpline
210
0.0
220
0.0
230
1.0
 70
    24
 71
     3
 72
    12
 73
     8
 74
     0
 42
0.000000001
 43
0.0000000001
 40
0.0
 40
0.0
 40
0.0
 40
0.0
 40
0.3333333333333333
 40
0.3333333333333333
 40
0.3333333333333333
 40
0.3333333433333333
 40
1.0
 40
1.0
 40
1.0
 40
1.0
 10
-3.8241
 20
-6.26533
 30
0.0
 10
-3.8241
 20
-6.26533
 30
0.0
 10
-3.8241
 20
-6.26533
 30
0.0
 10
-3.8241
 20
-6.26533
 30
0.0
 10
-3.8241
 20
-6.26533
 30
0.0
 10
-3.8241
 20
-6.26533
 30
0.0
 10
-3.82058
 20
-6.26533
 30
0.0
 10
-3.82058
 20
-6.26533
 30
0.0
  0
SPLINE
  5
300
330
1F
100
AcDbEntity
  8
Layer 1
370
    25
100
AcDbSpline
210
0.0
220
0.0
230
1.0
 70
    24
 71
     3
 72
     8
 73
     4
 74
     0
 42
0.000000001
 43
0.0000000001
 40
0.0
 40
0.0
 40
0.0
 40
0.0
 40
1.0
 40
1.0
 40
1.0
 40
1.0
 10
-3.82058
 20
-6.26533
 30
0.0
 10
-3.82058
 20
-6.26533
 30
0.0
 10
-3.82058
 20
-6.27239
 30
0.0
 10
-3.82058
 20
-6.27239
 30
0.0
  0
SPLINE
  5
301
330
1F
100
AcDbEntity
  8
Layer 1
370
    25
100
AcDbSpline
210
0.0
220
0.0
230
1.0
 70
    24
 71
     3
 72
     8
 73
     4
 74
     0
 42
0.000000001
 43
0.0000000001
 40
0.0
 40
0.0
 40
0.0
 40
0.0
 40
1.0
 40
1.0
 40
1.0
 40
1.0
 10
-6.31119
 20
-6.27239
 30
0.0
 10
-6.31119
 20
-6.27239
 30
0.0
 10
-6.31599
 20
-7.08377
 30
0.0
 10
-6.31599
 20
-7.08377
 30
0.0
  0
SPLINE
  5
302
330
1F
100
AcDbEntity
  8
Layer 1
370
    25
100
AcDbSpline
210
0.0
220
0.0
230
1.0
 70
    24
 71
     3
 72
     8
 73
     4
 74
     0
 42
0.000000001
 43
0.0000000001
 40
0.0
 40
0.0
 40
0.0
 40
0.0
 40
1.0
 40
1.0
 40
1.0
 40
1.0
 10
-1.87677
 20
-6.27239
 30
0.0
 10
-1.87677
 20
-6.27239
 30
0.0
 10
-6.31119
 20
-6.27239
 30
0.0
 10
-6.31119
 20
-6.27239
 30
0.0
  0
SPLINE
  5
303
330
1F
100
AcDbEntity
  8
Layer 1
370
    25
100
AcDbSpline
210
0.0
220
0.0
230
1.0
 70
    24
 71
     3
 72
     8
 73
     4
 74
     0
 42
0.000000001
 43
0.0000000001
 40
0.0
 40
0.0
 40
0.0
 40
0.0
 40
1.0
 40
1.0
 40
1.0
 40
1.0
 10
-1.87677
 20
-6.27239
 30
0.0
 10
-1.87677
 20
-6.27239
 30
0.0
 10
-1.87037
 20
-7.08377
 30
0.0
 10
-1.87037
 20
-7.08377
 30
0.0
  0
SPLINE
  5
304
330
1F
100
AcDbEntity
  8
Layer 1
370
    25
100
AcDbSpline
210
0.0
220
0.0
230
1.0
 70
    24
 71
     3
 72
     8
 73
     4
 74
     0
 42
0.000000001
 43
0.0000000001
 40
0.0
 40
0.0
 40
0.0
 40
0.0
 40
1.0
 40
1.0
 40
1.0
 40
1.0
 10
2.19782
 20
-1.83621
 30
0.0
 10
2.19782
 20
-1.83621
 30
0.0
 10
2.19782
 20
5.59682
 30
0.0
 10
2.19782
 20
5.59682
 30
0.0
  0
SPLINE
  5
305
330
1F
100
AcDbEntity
  8
Layer 1
370
    25
100
AcDbSpline
210
0.0
220
0.0
230
1.0
 70
    24
 71
     3
 72
     8
 73
     4
 74
     0
 42
0.000000001
 43
0.0000000001
 40
0.0
 40
0.0
 40
0.0
 40
0.0
 40
1.0
 40
1.0
 40
1.0
 40
1.0
 10
2.19782
 20
-1.83621
 30
0.0
 10
2.19782
 20
-1.83621
 30
0.0
 10
2.98805
 20
-1.84261
 30
0.0
 10
2.98805
 20
-1.84261
 30
0.0
  0
SPLINE
  5
306
330
1F
100
AcDbEntity
  8
Layer 1
370
    25
100
AcDbSpline
210
0.0
220
0.0
230
1.0
 70
    24
 71
     3
 72
     8
 73
     4
 74
     0
 42
0.000000001
 43
0.0000000001
 40
0.0
 40
0.0
 40
0.0
 40
0.0
 40
1.0
 40
1.0
 40
1.0
 40
1.0
 10
2.19782
 20
5.59682
 30
0.0
 10
2.19782
 20
5.59682
 30
0.0
 10
2.98805
 20
5.60322
 30
0.0
 10
2.98805
 20
5.60322
 30
0.0
  0
SPLINE
  5
307
330
1F
100
AcDbEntity
  8
Layer 1
 62
   250
370
    20
100
AcDbSpline
210
0.0
220
0.0
230
1.0
 70
    24
 71
     3
 72
     8
 73
     4
 74
     0
 42
0.000000001
 43
0.0000000001
 40
0.0
 40
0.0
 40
0.0
 40
0.0
 40
1.0
 40
1.0
 40
1.0
 40
1.0
 10
-5.99016
 20
-1.62983
 30
0.0
 10
-5.99016
 20
-1.62983
 30
0.0
 10
-5.99016
 20
1.82739
 30
0.0
 10
-5.99016
 20
1.82739
 30
0.0
  0
SPLINE
  5
308
330
1F
100
AcDbEntity
  8
Layer 1
 62
   250
370
    20
100
AcDbSpline
210
0.0
220
0.0
230
1.0
 70
    24
 71
     3
 72
    36
 73
    32
 74
     0
 42
0.000000001
 43
0.0000000001
 40
0.0
 40
0.0
 40
0.0
 40
0.0
 40
0.1111111111111111
 40
0.1111111111111111
 40
0.1111111111111111
 40
0.1111111211111111
 40
0.2222222222222222
 40
0.2222222222222222
 40
0.2222222222222222
 40
0.2222222322222222
 40
0.3333333333333333
 40
0.3333333333333333
 40
0.3333333333333333
 40
0.3333333433333333
 40
0.4444444444444444
 40
0.4444444444444444
 40
0.4444444444444444
 40
0.4444444544444444
 40
0.5555555555555556
 40
0.5555555555555556
 40
0.5555555555555556
 40
0.5555555655555556
 40
0.6666666666666666
 40
0.6666666666666666
 40
0.6666666666666666
 40
0.6666666766666667
 40
0.7777777777777778
 40
0.7777777777777778
 40
0.7777777777777778
 40
0.7777777877777778
 40
1.0
 40
1.0
 40
1.0
 40
1.0
 10
-5.99016
 20
1.82739
 30
0.0
 10
-5.99016
 20
1.82739
 30
0.0
 10
-5.99016
 20
1.82739
 30
0.0
 10
-5.99016
 20
1.82739
 30
0.0
 10
-5.99016
 20
1.82739
 30
0.0
 10
-5.99016
 20
1.82739
 30
0.0
 10
-5.98663
 20
1.82739
 30
0.0
 10
-5.98663
 20
1.82739
 30
0.0
 10
-5.98663
 20
1.82739
 30
0.0
 10
-5.98663
 20
1.82739
 30
0.0
 10
-5.9831
 20
1.82739
 30
0.0
 10
-5.9831
 20
1.82739
 30
0.0
 10
-5.9831
 20
1.82739
 30
0.0
 10
-5.9831
 20
1.82739
 30
0.0
 10
-5.97957
 20
1.82739
 30
0.0
 10
-5.97957
 20
1.82739
 30
0.0
 10
-5.97957
 20
1.82739
 30
0.0
 10
-5.97957
 20
1.82739
 30
0.0
 10
-5.97605
 20
1.82739
 30
0.0
 10
-5.97605
 20
1.82739
 30
0.0
 10
-5.97605
 20
1.82739
 30
0.0
 10
-5.97605
 20
1.82739
 30
0.0
 10
-5.96899
 20
1.82739
 30
0.0
 10
-5.96899
 20
1.82739
 30
0.0
 10
-5.96899
 20
1.82739
 30
0.0
 10
-5.96899
 20
1.82739
 30
0.0
 10
-5.96546
 20
1.82739
 30
0.0
 10
-5.96546
 20
1.82739
 30
0.0
 10
-5.96546
 20
1.82739
 30
0.0
 10
-5.96546
 20
1.82739
 30
0.0
 10
-5.95841
 20
1.82739
 30
0.0
 10
-5.95841
 20
1.82739
 30
0.0
  0
SPLINE
  5
309
330
1F
100
AcDbEntity
  8
Layer 1
 62
   250
370
    20
100
AcDbSpline
210
0.0
220
0.0
230
1.0
 70
    24
 71
     3
 72
     8
 73
     4
 74
     0
 42
0.000000001
 43
0.0000000001
 40
0.0
 40
0.0
 40
0.0
 40
0.0
 40
1.0
 40
1.0
 40
1.0
 40
1.0
 10
-5.95841
 20
1.82739
 30
0.0
 10
-5.95841
 20
1.82739
 30
0.0
 10
-5.95841
 20
-1.62983
 30
0.0
 10
-5.95841
 20
-1.62983
 30
0.0
  0
SPLINE
  5
30A
330
1F
100
AcDbEntity
  8
Layer 1
 62
   250
370
    20
100
AcDbSpline
210
0.0
220
0.0
230
1.0
 70
    24
 71
     3
 72
    36
 73
    32
 74
     0
 42
0.000000001
 43
0.0000000001
 40
0.0
 40
0.0
 40
0.0
 40
0.0
 40
0.1111111111111111
 40
0.1111111111111111
 40
0.1111111111111111
 40
0.1111111211111111
 40
0.2222222222222222
 40
0.2222222222222222
 40
0.2222222222222222
 40
0.2222222322222222
 40
0.3333333333333333
 40
0.3333333333333333
 40
0.3333333333333333
 40
0.3333333433333333
 40
0.4444444444444444
 40
0.4444444444444444
 40
0.4444444444444444
 40
0.4444444544444444
 40
0.5555555555555556
 40
0.5555555555555556
 40
0.5555555555555556
 40
0.5555555655555556
 40
0.6666666666666666
 40
0.6666666666666666
 40
0.6666666666666666
 40
0.6666666766666667
 40
0.7777777777777778
 40
0.7777777777777778
 40
0.7777777777777778
 40
0.7777777877777778
 40
1.0
 40
1.0
 40
1.0
 40
1.0
 10
-5.99016
 20
-1.62983
 30
0.0
 10
-5.99016
 20
-1.62983
 30
0.0
 10
-5.99016
 20
-1.62983
 30
0.0
 10
-5.99016
 20
-1.62983
 30
0.0
 10
-5.99016
 20
-1.62983
 30
0.0
 10
-5.99016
 20
-1.62983
 30
0.0
 10
-5.98663
 20
-1.62983
 30
0.0
 10
-5.98663
 20
-1.62983
 30
0.0
 10
-5.98663
 20
-1.62983
 30
0.0
 10
-5.98663
 20
-1.62983
 30
0.0
 10
-5.9831
 20
-1.62983
 30
0.0
 10
-5.9831
 20
-1.62983
 30
0.0
 10
-5.9831
 20
-1.62983
 30
0.0
 10
-5.9831
 20
-1.62983
 30
0.0
 10
-5.97957
 20
-1.62983
 30
0.0
 10
-5.97957
 20
-1.62983
 30
0.0
 10
-5.97957
 20
-1.62983
 30
0.0
 10
-5.97957
 20
-1.62983
 30
0.0
 10
-5.97605
 20
-1.62983
 30
0.0
 10
-5.97605
 20
-1.62983
 30
0.0
 10
-5.97605
 20
-1.62983
 30
0.0
 10
-5.97605
 20
-1.62983
 30
0.0
 10
-5.96899
 20
-1.62983
 30
0.0
 10
-5.96899
 20
-1.62983
 30
0.0
 10
-5.96899
 20
-1.62983
 30
0.0
 10
-5.96899
 20
-1.62983
 30
0.0
 10
-5.96546
 20
-1.62983
 30
0.0
 10
-5.96546
 20
-1.62983
 30
0.0
 10
-5.96546
 20
-1.62983
 30
0.0
 10
-5.96546
 20
-1.62983
 30
0.0
 10
-5.95841
 20
-1.62983
 30
0.0
 10
-5.95841
 20
-1.62983
 30
0.0
  0
SPLINE
  5
30B
330
1F
100
AcDbEntity
  8
Layer 1
 62
   250
370
    20
100
AcDbSpline
210
0.0
220
0.0
230
1.0
 70
    24
 71
     3
 72
     8
 73
     4
 74
     0
 42
0.000000001
 43
0.0000000001
 40
0.0
 40
0.0
 40
0.0
 40
0.0
 40
1.0
 40
1.0
 40
1.0
 40
1.0
 10
-2.21896
 20
1.82739
 30
0.0
 10
-2.21896
 20
1.82739
 30
0.0
 10
-5.95841
 20
1.82739
 30
0.0
 10
-5.95841
 20
1.82739
 30
0.0
  0
SPLINE
  5
30C
330
1F
100
AcDbEntity
  8
Layer 1
 62
   250
370
    20
100
AcDbSpline
210
0.0
220
0.0
230
1.0
 70
    24
 71
     3
 72
    36
 73
    32
 74
     0
 42
0.000000001
 43
0.0000000001
 40
0.0
 40
0.0
 40
0.0
 40
0.0
 40
0.1111111111111111
 40
0.1111111111111111
 40
0.1111111111111111
 40
0.1111111211111111
 40
0.2222222222222222
 40
0.2222222222222222
 40
0.2222222222222222
 40
0.2222222322222222
 40
0.3333333333333333
 40
0.3333333333333333
 40
0.3333333333333333
 40
0.3333333433333333
 40
0.4444444444444444
 40
0.4444444444444444
 40
0.4444444444444444
 40
0.4444444544444444
 40
0.5555555555555556
 40
0.5555555555555556
 40
0.5555555555555556
 40
0.5555555655555556
 40
0.6666666666666666
 40
0.6666666666666666
 40
0.6666666666666666
 40
0.6666666766666667
 40
0.7777777777777778
 40
0.7777777777777778
 40
0.7777777777777778
 40
0.7777777877777778
 40
1.0
 40
1.0
 40
1.0
 40
1.0
 10
-5.95841
 20
1.85914
 30
0.0
 10
-5.95841
 20
1.85914
 30
0.0
 10
-5.95841
 20
1.85914
 30
0.0
 10
-5.95841
 20
1.85914
 30
0.0
 10
-5.95841
 20
1.85914
 30
0.0
 10
-5.95841
 20
1.85914
 30
0.0
 10
-5.95841
 20
1.85561
 30
0.0
 10
-5.95841
 20
1.85561
 30
0.0
 10
-5.95841
 20
1.85561
 30
0.0
 10
-5.95841
 20
1.85561
 30
0.0
 10
-5.95841
 20
1.85208
 30
0.0
 10
-5.95841
 20
1.85208
 30
0.0
 10
-5.95841
 20
1.85208
 30
0.0
 10
-5.95841
 20
1.85208
 30
0.0
 10
-5.95841
 20
1.84856
 30
0.0
 10
-5.95841
 20
1.84856
 30
0.0
 10
-5.95841
 20
1.84856
 30
0.0
 10
-5.95841
 20
1.84856
 30
0.0
 10
-5.95841
 20
1.84503
 30
0.0
 10
-5.95841
 20
1.84503
 30
0.0
 10
-5.95841
 20
1.84503
 30
0.0
 10
-5.95841
 20
1.84503
 30
0.0
 10
-5.95841
 20
1.83797
 30
0.0
 10
-5.95841
 20
1.83797
 30
0.0
 10
-5.95841
 20
1.83797
 30
0.0
 10
-5.95841
 20
1.83797
 30
0.0
 10
-5.95841
 20
1.83444
 30
0.0
 10
-5.95841
 20
1.83444
 30
0.0
 10
-5.95841
 20
1.83444
 30
0.0
 10
-5.95841
 20
1.83444
 30
0.0
 10
-5.95841
 20
1.82739
 30
0.0
 10
-5.95841
 20
1.82739
 30
0.0
  0
SPLINE
  5
30D
330
1F
100
AcDbEntity
  8
Layer 1
 62
   250
370
    20
100
AcDbSpline
210
0.0
220
0.0
230
1.0
 70
    24
 71
     3
 72
     8
 73
     4
 74
     0
 42
0.000000001
 43
0.0000000001
 40
0.0
 40
0.0
 40
0.0
 40
0.0
 40
1.0
 40
1.0
 40
1.0
 40
1.0
 10
-5.95841
 20
1.85914
 30
0.0
 10
-5.95841
 20
1.85914
 30
0.0
 10
-2.21896
 20
1.85914
 30
0.0
 10
-2.21896
 20
1.85914
 30
0.0
  0
SPLINE
  5
30E
330
1F
100
AcDbEntity
  8
Layer 1
 62
   250
370
    20
100
AcDbSpline
210
0.0
220
0.0
230
1.0
 70
    24
 71
     3
 72
    32
 73
    28
 74
     0
 42
0.000000001
 43
0.0000000001
 40
0.0
 40
0.0
 40
0.0
 40
0.0
 40
0.125
 40
0.125
 40
0.125
 40
0.12500001
 40
0.25
 40
0.25
 40
0.25
 40
0.25000001
 40
0.375
 40
0.375
 40
0.375
 40
0.37500001
 40
0.5
 40
0.5
 40
0.5
 40
0.50000001
 40
0.625
 40
0.625
 40
0.625
 40
0.62500001
 40
0.75
 40
0.75
 40
0.75
 40
0.75000001
 40
1.0
 40
1.0
 40
1.0
 40
1.0
 10
-2.21896
 20
1.82739
 30
0.0
 10
-2.21896
 20
1.82739
 30
0.0
 10
-2.21896
 20
1.83444
 30
0.0
 10
-2.21896
 20
1.83444
 30
0.0
 10
-2.21896
 20
1.83444
 30
0.0
 10
-2.21896
 20
1.83444
 30
0.0
 10
-2.21896
 20
1.83797
 30
0.0
 10
-2.21896
 20
1.83797
 30
0.0
 10
-2.21896
 20
1.83797
 30
0.0
 10
-2.21896
 20
1.83797
 30
0.0
 10
-2.21896
 20
1.84503
 30
0.0
 10
-2.21896
 20
1.84503
 30
0.0
 10
-2.21896
 20
1.84503
 30
0.0
 10
-2.21896
 20
1.84503
 30
0.0
 10
-2.21896
 20
1.84856
 30
0.0
 10
-2.21896
 20
1.84856
 30
0.0
 10
-2.21896
 20
1.84856
 30
0.0
 10
-2.21896
 20
1.84856
 30
0.0
 10
-2.21896
 20
1.85208
 30
0.0
 10
-2.21896
 20
1.85208
 30
0.0
 10
-2.21896
 20
1.85208
 30
0.0
 10
-2.21896
 20
1.85208
 30
0.0
 10
-2.21896
 20
1.85561
 30
0.0
 10
-2.21896
 20
1.85561
 30
0.0
 10
-2.21896
 20
1.85561
 30
0.0
 10
-2.21896
 20
1.85561
 30
0.0
 10
-2.21896
 20
1.85914
 30
0.0
 10
-2.21896
 20
1.85914
 30
0.0
  0
SPLINE
  5
30F
330
1F
100
AcDbEntity
  8
Layer 1
 62
   250
370
    20
100
AcDbSpline
210
0.0
220
0.0
230
1.0
 70
     8
 71
     3
 72
    36
 73
    32
 74
     0
 42
0.000000001
 43
0.0000000001
 40
0.0
 40
0.0
 40
0.0
 40
0.0
 40
0.1111111111111111
 40
0.1111111111111111
 40
0.1111111111111111
 40
0.1111111211111111
 40
0.2222222222222222
 40
0.2222222222222222
 40
0.2222222222222222
 40
0.2222222322222222
 40
0.3333333333333333
 40
0.3333333333333333
 40
0.3333333333333333
 40
0.3333333433333333
 40
0.4444444444444444
 40
0.4444444444444444
 40
0.4444444444444444
 40
0.4444444544444444
 40
0.5555555555555556
 40
0.5555555555555556
 40
0.5555555555555556
 40
0.5555555655555556
 40
0.6666666666666666
 40
0.6666666666666666
 40
0.6666666666666666
 40
0.6666666766666667
 40
0.7777777777777778
 40
0.7777777777777778
 40
0.7777777777777778
 40
0.7777777877777778
 40
1.0
 40
1.0
 40
1.0
 40
1.0
 10
-5.95841
 20
1.85914
 30
0.0
 10
-5.95841
 20
1.85914
 30
0.0
 10
-5.96546
 20
1.85914
 30
0.0
 10
-5.96546
 20
1.85914
 30
0.0
 10
-5.96546
 20
1.85914
 30
0.0
 10
-5.96546
 20
1.85914
 30
0.0
 10
-5.96899
 20
1.85561
 30
0.0
 10
-5.96899
 20
1.85561
 30
0.0
 10
-5.96899
 20
1.85561
 30
0.0
 10
-5.96899
 20
1.85561
 30
0.0
 10
-5.97605
 20
1.85208
 30
0.0
 10
-5.97605
 20
1.85208
 30
0.0
 10
-5.97605
 20
1.85208
 30
0.0
 10
-5.97605
 20
1.85208
 30
0.0
 10
-5.97957
 20
1.84856
 30
0.0
 10
-5.97957
 20
1.84856
 30
0.0
 10
-5.97957
 20
1.84856
 30
0.0
 10
-5.97957
 20
1.84856
 30
0.0
 10
-5.9831
 20
1.84503
 30
0.0
 10
-5.9831
 20
1.84503
 30
0.0
 10
-5.9831
 20
1.84503
 30
0.0
 10
-5.9831
 20
1.84503
 30
0.0
 10
-5.98663
 20
1.83797
 30
0.0
 10
-5.98663
 20
1.83797
 30
0.0
 10
-5.98663
 20
1.83797
 30
0.0
 10
-5.98663
 20
1.83797
 30
0.0
 10
-5.99016
 20
1.83444
 30
0.0
 10
-5.99016
 20
1.83444
 30
0.0
 10
-5.99016
 20
1.83444
 30
0.0
 10
-5.99016
 20
1.83444
 30
0.0
 10
-5.99016
 20
1.82739
 30
0.0
 10
-5.99016
 20
1.82739
 30
0.0
  0
SPLINE
  5
310
330
1F
100
AcDbEntity
  8
Layer 1
 62
   250
370
    20
100
AcDbSpline
210
0.0
220
0.0
230
1.0
 70
    24
 71
     3
 72
     8
 73
     4
 74
     0
 42
0.000000001
 43
0.0000000001
 40
0.0
 40
0.0
 40
0.0
 40
0.0
 40
1.0
 40
1.0
 40
1.0
 40
1.0
 10
-5.95841
 20
-1.62983
 30
0.0
 10
-5.95841
 20
-1.62983
 30
0.0
 10
-2.21896
 20
-1.62983
 30
0.0
 10
-2.21896
 20
-1.62983
 30
0.0
  0
SPLINE
  5
311
330
1F
100
AcDbEntity
  8
Layer 1
 62
   250
370
    20
100
AcDbSpline
210
0.0
220
0.0
230
1.0
 70
     8
 71
     3
 72
    36
 73
    32
 74
     0
 42
0.000000001
 43
0.0000000001
 40
0.0
 40
0.0
 40
0.0
 40
0.0
 40
0.1111111111111111
 40
0.1111111111111111
 40
0.1111111111111111
 40
0.1111111211111111
 40
0.2222222222222222
 40
0.2222222222222222
 40
0.2222222222222222
 40
0.2222222322222222
 40
0.3333333333333333
 40
0.3333333333333333
 40
0.3333333333333333
 40
0.3333333433333333
 40
0.4444444444444444
 40
0.4444444444444444
 40
0.4444444444444444
 40
0.4444444544444444
 40
0.5555555555555556
 40
0.5555555555555556
 40
0.5555555555555556
 40
0.5555555655555556
 40
0.6666666666666666
 40
0.6666666666666666
 40
0.6666666666666666
 40
0.6666666766666667
 40
0.7777777777777778
 40
0.7777777777777778
 40
0.7777777777777778
 40
0.7777777877777778
 40
1.0
 40
1.0
 40
1.0
 40
1.0
 10
-2.21896
 20
-1.62983
 30
0.0
 10
-2.21896
 20
-1.62983
 30
0.0
 10
-2.21896
 20
-1.63689
 30
0.0
 10
-2.21896
 20
-1.63689
 30
0.0
 10
-2.21896
 20
-1.63689
 30
0.0
 10
-2.21896
 20
-1.63689
 30
0.0
 10
-2.21896
 20
-1.64394
 30
0.0
 10
-2.21896
 20
-1.64394
 30
0.0
 10
-2.21896
 20
-1.64394
 30
0.0
 10
-2.21896
 20
-1.64394
 30
0.0
 10
-2.21896
 20
-1.64747
 30
0.0
 10
-2.21896
 20
-1.64747
 30
0.0
 10
-2.21896
 20
-1.64747
 30
0.0
 10
-2.21896
 20
-1.64747
 30
0.0
 10
-2.21896
 20
-1.651
 30
0.0
 10
-2.21896
 20
-1.651
 30
0.0
 10
-2.21896
 20
-1.651
 30
0.0
 10
-2.21896
 20
-1.651
 30
0.0
 10
-2.21896
 20
-1.65453
 30
0.0
 10
-2.21896
 20
-1.65453
 30
0.0
 10
-2.21896
 20
-1.65453
 30
0.0
 10
-2.21896
 20
-1.65453
 30
0.0
 10
-2.21896
 20
-1.65806
 30
0.0
 10
-2.21896
 20
-1.65806
 30
0.0
 10
-2.21896
 20
-1.65806
 30
0.0
 10
-2.21896
 20
-1.65806
 30
0.0
 10
-2.21896
 20
-1.66158
 30
0.0
 10
-2.21896
 20
-1.66158
 30
0.0
 10
-2.21896
 20
-1.66158
 30
0.0
 10
-2.21896
 20
-1.66158
 30
0.0
 10
-5.95841
 20
-1.66158
 30
0.0
 10
-5.95841
 20
-1.66158
 30
0.0
  0
SPLINE
  5
312
330
1F
100
AcDbEntity
  8
Layer 1
 62
   250
370
    20
100
AcDbSpline
210
0.0
220
0.0
230
1.0
 70
    24
 71
     3
 72
    36
 73
    32
 74
     0
 42
0.000000001
 43
0.0000000001
 40
0.0
 40
0.0
 40
0.0
 40
0.0
 40
0.1111111111111111
 40
0.1111111111111111
 40
0.1111111111111111
 40
0.1111111211111111
 40
0.2222222222222222
 40
0.2222222222222222
 40
0.2222222222222222
 40
0.2222222322222222
 40
0.3333333333333333
 40
0.3333333333333333
 40
0.3333333333333333
 40
0.3333333433333333
 40
0.4444444444444444
 40
0.4444444444444444
 40
0.4444444444444444
 40
0.4444444544444444
 40
0.5555555555555556
 40
0.5555555555555556
 40
0.5555555555555556
 40
0.5555555655555556
 40
0.6666666666666666
 40
0.6666666666666666
 40
0.6666666666666666
 40
0.6666666766666667
 40
0.7777777777777778
 40
0.7777777777777778
 40
0.7777777777777778
 40
0.7777777877777778
 40
1.0
 40
1.0
 40
1.0
 40
1.0
 10
-5.95841
 20
-1.66158
 30
0.0
 10
-5.95841
 20
-1.66158
 30
0.0
 10
-5.95841
 20
-1.66158
 30
0.0
 10
-5.95841
 20
-1.66158
 30
0.0
 10
-5.95841
 20
-1.66158
 30
0.0
 10
-5.95841
 20
-1.66158
 30
0.0
 10
-5.95841
 20
-1.65806
 30
0.0
 10
-5.95841
 20
-1.65806
 30
0.0
 10
-5.95841
 20
-1.65806
 30
0.0
 10
-5.95841
 20
-1.65806
 30
0.0
 10
-5.95841
 20
-1.65453
 30
0.0
 10
-5.95841
 20
-1.65453
 30
0.0
 10
-5.95841
 20
-1.65453
 30
0.0
 10
-5.95841
 20
-1.65453
 30
0.0
 10
-5.95841
 20
-1.651
 30
0.0
 10
-5.95841
 20
-1.651
 30
0.0
 10
-5.95841
 20
-1.651
 30
0.0
 10
-5.95841
 20
-1.651
 30
0.0
 10
-5.95841
 20
-1.64747
 30
0.0
 10
-5.95841
 20
-1.64747
 30
0.0
 10
-5.95841
 20
-1.64747
 30
0.0
 10
-5.95841
 20
-1.64747
 30
0.0
 10
-5.95841
 20
-1.64394
 30
0.0
 10
-5.95841
 20
-1.64394
 30
0.0
 10
-5.95841
 20
-1.64394
 30
0.0
 10
-5.95841
 20
-1.64394
 30
0.0
 10
-5.95841
 20
-1.63689
 30
0.0
 10
-5.95841
 20
-1.63689
 30
0.0
 10
-5.95841
 20
-1.63689
 30
0.0
 10
-5.95841
 20
-1.63689
 30
0.0
 10
-5.95841
 20
-1.62983
 30
0.0
 10
-5.95841
 20
-1.62983
 30
0.0
  0
SPLINE
  5
313
330
1F
100
AcDbEntity
  8
Layer 1
 62
   250
370
    20
100
AcDbSpline
210
0.0
220
0.0
230
1.0
 70
    24
 71
     3
 72
     8
 73
     4
 74
     0
 42
0.000000001
 43
0.0000000001
 40
0.0
 40
0.0
 40
0.0
 40
0.0
 40
1.0
 40
1.0
 40
1.0
 40
1.0
 10
-2.21896
 20
-1.62983
 30
0.0
 10
-2.21896
 20
-1.62983
 30
0.0
 10
-2.21896
 20
1.82739
 30
0.0
 10
-2.21896
 20
1.82739
 30
0.0
  0
SPLINE
  5
314
330
1F
100
AcDbEntity
  8
Layer 1
 62
   250
370
    20
100
AcDbSpline
210
0.0
220
0.0
230
1.0
 70
     8
 71
     3
 72
    36
 73
    32
 74
     0
 42
0.000000001
 43
0.0000000001
 40
0.0
 40
0.0
 40
0.0
 40
0.0
 40
0.1111111111111111
 40
0.1111111111111111
 40
0.1111111111111111
 40
0.1111111211111111
 40
0.2222222222222222
 40
0.2222222222222222
 40
0.2222222222222222
 40
0.2222222322222222
 40
0.3333333333333333
 40
0.3333333333333333
 40
0.3333333333333333
 40
0.3333333433333333
 40
0.4444444444444444
 40
0.4444444444444444
 40
0.4444444444444444
 40
0.4444444544444444
 40
0.5555555555555556
 40
0.5555555555555556
 40
0.5555555555555556
 40
0.5555555655555556
 40
0.6666666666666666
 40
0.6666666666666666
 40
0.6666666666666666
 40
0.6666666766666667
 40
0.7777777777777778
 40
0.7777777777777778
 40
0.7777777777777778
 40
0.7777777877777778
 40
1.0
 40
1.0
 40
1.0
 40
1.0
 10
-5.99016
 20
-1.62983
 30
0.0
 10
-5.99016
 20
-1.62983
 30
0.0
 10
-5.99016
 20
-1.63689
 30
0.0
 10
-5.99016
 20
-1.63689
 30
0.0
 10
-5.99016
 20
-1.63689
 30
0.0
 10
-5.99016
 20
-1.63689
 30
0.0
 10
-5.98663
 20
-1.64394
 30
0.0
 10
-5.98663
 20
-1.64394
 30
0.0
 10
-5.98663
 20
-1.64394
 30
0.0
 10
-5.98663
 20
-1.64394
 30
0.0
 10
-5.9831
 20
-1.64747
 30
0.0
 10
-5.9831
 20
-1.64747
 30
0.0
 10
-5.9831
 20
-1.64747
 30
0.0
 10
-5.9831
 20
-1.64747
 30
0.0
 10
-5.97957
 20
-1.651
 30
0.0
 10
-5.97957
 20
-1.651
 30
0.0
 10
-5.97957
 20
-1.651
 30
0.0
 10
-5.97957
 20
-1.651
 30
0.0
 10
-5.97605
 20
-1.65453
 30
0.0
 10
-5.97605
 20
-1.65453
 30
0.0
 10
-5.97605
 20
-1.65453
 30
0.0
 10
-5.97605
 20
-1.65453
 30
0.0
 10
-5.96899
 20
-1.65806
 30
0.0
 10
-5.96899
 20
-1.65806
 30
0.0
 10
-5.96899
 20
-1.65806
 30
0.0
 10
-5.96899
 20
-1.65806
 30
0.0
 10
-5.96546
 20
-1.66158
 30
0.0
 10
-5.96546
 20
-1.66158
 30
0.0
 10
-5.96546
 20
-1.66158
 30
0.0
 10
-5.96546
 20
-1.66158
 30
0.0
 10
-5.95841
 20
-1.66158
 30
0.0
 10
-5.95841
 20
-1.66158
 30
0.0
  0
SPLINE
  5
315
330
1F
100
AcDbEntity
  8
Layer 1
 62
   250
370
    20
100
AcDbSpline
210
0.0
220
0.0
230
1.0
 70
    24
 71
     3
 72
    28
 73
    24
 74
     0
 42
0.000000001
 43
0.0000000001
 40
0.0
 40
0.0
 40
0.0
 40
0.0
 40
0.1428571428571428
 40
0.1428571428571428
 40
0.1428571428571428
 40
0.1428571528571428
 40
0.2857142857142857
 40
0.2857142857142857
 40
0.2857142857142857
 40
0.2857142957142857
 40
0.4285714285714285
 40
0.4285714285714285
 40
0.4285714285714285
 40
0.4285714385714285
 40
0.5714285714285714
 40
0.5714285714285714
 40
0.5714285714285714
 40
0.5714285814285714
 40
0.7142857142857143
 40
0.7142857142857143
 40
0.7142857142857143
 40
0.7142857242857144
 40
1.0
 40
1.0
 40
1.0
 40
1.0
 10
-2.21896
 20
1.82739
 30
0.0
 10
-2.21896
 20
1.82739
 30
0.0
 10
-2.21543
 20
1.82739
 30
0.0
 10
-2.21543
 20
1.82739
 30
0.0
 10
-2.21543
 20
1.82739
 30
0.0
 10
-2.21543
 20
1.82739
 30
0.0
 10
-2.20838
 20
1.82739
 30
0.0
 10
-2.20838
 20
1.82739
 30
0.0
 10
-2.20838
 20
1.82739
 30
0.0
 10
-2.20838
 20
1.82739
 30
0.0
 10
-2.20485
 20
1.82739
 30
0.0
 10
-2.20485
 20
1.82739
 30
0.0
 10
-2.20485
 20
1.82739
 30
0.0
 10
-2.20485
 20
1.82739
 30
0.0
 10
-2.1978
 20
1.82739
 30
0.0
 10
-2.1978
 20
1.82739
 30
0.0
 10
-2.1978
 20
1.82739
 30
0.0
 10
-2.1978
 20
1.82739
 30
0.0
 10
-2.19427
 20
1.82739
 30
0.0
 10
-2.19427
 20
1.82739
 30
0.0
 10
-2.19427
 20
1.82739
 30
0.0
 10
-2.19427
 20
1.82739
 30
0.0
 10
-2.19074
 20
1.82739
 30
0.0
 10
-2.19074
 20
1.82739
 30
0.0
  0
SPLINE
  5
316
330
1F
100
AcDbEntity
  8
Layer 1
 62
   250
370
    20
100
AcDbSpline
210
0.0
220
0.0
230
1.0
 70
    24
 71
     3
 72
     8
 73
     4
 74
     0
 42
0.000000001
 43
0.0000000001
 40
0.0
 40
0.0
 40
0.0
 40
0.0
 40
1.0
 40
1.0
 40
1.0
 40
1.0
 10
-2.19074
 20
1.82739
 30
0.0
 10
-2.19074
 20
1.82739
 30
0.0
 10
-2.19074
 20
-1.62983
 30
0.0
 10
-2.19074
 20
-1.62983
 30
0.0
  0
SPLINE
  5
317
330
1F
100
AcDbEntity
  8
Layer 1
 62
   250
370
    20
100
AcDbSpline
210
0.0
220
0.0
230
1.0
 70
    24
 71
     3
 72
    28
 73
    24
 74
     0
 42
0.000000001
 43
0.0000000001
 40
0.0
 40
0.0
 40
0.0
 40
0.0
 40
0.1428571428571428
 40
0.1428571428571428
 40
0.1428571428571428
 40
0.1428571528571428
 40
0.2857142857142857
 40
0.2857142857142857
 40
0.2857142857142857
 40
0.2857142957142857
 40
0.4285714285714285
 40
0.4285714285714285
 40
0.4285714285714285
 40
0.4285714385714285
 40
0.5714285714285714
 40
0.5714285714285714
 40
0.5714285714285714
 40
0.5714285814285714
 40
0.7142857142857143
 40
0.7142857142857143
 40
0.7142857142857143
 40
0.7142857242857144
 40
1.0
 40
1.0
 40
1.0
 40
1.0
 10
-2.21896
 20
-1.62983
 30
0.0
 10
-2.21896
 20
-1.62983
 30
0.0
 10
-2.21543
 20
-1.62983
 30
0.0
 10
-2.21543
 20
-1.62983
 30
0.0
 10
-2.21543
 20
-1.62983
 30
0.0
 10
-2.21543
 20
-1.62983
 30
0.0
 10
-2.20838
 20
-1.62983
 30
0.0
 10
-2.20838
 20
-1.62983
 30
0.0
 10
-2.20838
 20
-1.62983
 30
0.0
 10
-2.20838
 20
-1.62983
 30
0.0
 10
-2.20485
 20
-1.62983
 30
0.0
 10
-2.20485
 20
-1.62983
 30
0.0
 10
-2.20485
 20
-1.62983
 30
0.0
 10
-2.20485
 20
-1.62983
 30
0.0
 10
-2.1978
 20
-1.62983
 30
0.0
 10
-2.1978
 20
-1.62983
 30
0.0
 10
-2.1978
 20
-1.62983
 30
0.0
 10
-2.1978
 20
-1.62983
 30
0.0
 10
-2.19427
 20
-1.62983
 30
0.0
 10
-2.19427
 20
-1.62983
 30
0.0
 10
-2.19427
 20
-1.62983
 30
0.0
 10
-2.19427
 20
-1.62983
 30
0.0
 10
-2.19074
 20
-1.62983
 30
0.0
 10
-2.19074
 20
-1.62983
 30
0.0
  0
SPLINE
  5
318
330
1F
100
AcDbEntity
  8
Layer 1
 62
   250
370
    20
100
AcDbSpline
210
0.0
220
0.0
230
1.0
 70
     8
 71
     3
 72
    36
 73
    32
 74
     0
 42
0.000000001
 43
0.0000000001
 40
0.0
 40
0.0
 40
0.0
 40
0.0
 40
0.1111111111111111
 40
0.1111111111111111
 40
0.1111111111111111
 40
0.1111111211111111
 40
0.2222222222222222
 40
0.2222222222222222
 40
0.2222222222222222
 40
0.2222222322222222
 40
0.3333333333333333
 40
0.3333333333333333
 40
0.3333333333333333
 40
0.3333333433333333
 40
0.4444444444444444
 40
0.4444444444444444
 40
0.4444444444444444
 40
0.4444444544444444
 40
0.5555555555555556
 40
0.5555555555555556
 40
0.5555555555555556
 40
0.5555555655555556
 40
0.6666666666666666
 40
0.6666666666666666
 40
0.6666666666666666
 40
0.6666666766666667
 40
0.7777777777777778
 40
0.7777777777777778
 40
0.7777777777777778
 40
0.7777777877777778
 40
1.0
 40
1.0
 40
1.0
 40
1.0
 10
-2.19074
 20
1.82739
 30
0.0
 10
-2.19074
 20
1.82739
 30
0.0
 10
-2.19074
 20
1.83444
 30
0.0
 10
-2.19074
 20
1.83444
 30
0.0
 10
-2.19074
 20
1.83444
 30
0.0
 10
-2.19074
 20
1.83444
 30
0.0
 10
-2.19074
 20
1.83797
 30
0.0
 10
-2.19074
 20
1.83797
 30
0.0
 10
-2.19074
 20
1.83797
 30
0.0
 10
-2.19074
 20
1.83797
 30
0.0
 10
-2.19427
 20
1.84503
 30
0.0
 10
-2.19427
 20
1.84503
 30
0.0
 10
-2.19427
 20
1.84503
 30
0.0
 10
-2.19427
 20
1.84503
 30
0.0
 10
-2.1978
 20
1.84856
 30
0.0
 10
-2.1978
 20
1.84856
 30
0.0
 10
-2.1978
 20
1.84856
 30
0.0
 10
-2.1978
 20
1.84856
 30
0.0
 10
-2.20485
 20
1.85208
 30
0.0
 10
-2.20485
 20
1.85208
 30
0.0
 10
-2.20485
 20
1.85208
 30
0.0
 10
-2.20485
 20
1.85208
 30
0.0
 10
-2.20838
 20
1.85561
 30
0.0
 10
-2.20838
 20
1.85561
 30
0.0
 10
-2.20838
 20
1.85561
 30
0.0
 10
-2.20838
 20
1.85561
 30
0.0
 10
-2.21543
 20
1.85914
 30
0.0
 10
-2.21543
 20
1.85914
 30
0.0
 10
-2.21543
 20
1.85914
 30
0.0
 10
-2.21543
 20
1.85914
 30
0.0
 10
-2.21896
 20
1.85914
 30
0.0
 10
-2.21896
 20
1.85914
 30
0.0
  0
SPLINE
  5
319
330
1F
100
AcDbEntity
  8
Layer 1
 62
   250
370
    20
100
AcDbSpline
210
0.0
220
0.0
230
1.0
 70
     8
 71
     3
 72
    36
 73
    32
 74
     0
 42
0.000000001
 43
0.0000000001
 40
0.0
 40
0.0
 40
0.0
 40
0.0
 40
0.1111111111111111
 40
0.1111111111111111
 40
0.1111111111111111
 40
0.1111111211111111
 40
0.2222222222222222
 40
0.2222222222222222
 40
0.2222222222222222
 40
0.2222222322222222
 40
0.3333333333333333
 40
0.3333333333333333
 40
0.3333333333333333
 40
0.3333333433333333
 40
0.4444444444444444
 40
0.4444444444444444
 40
0.4444444444444444
 40
0.4444444544444444
 40
0.5555555555555556
 40
0.5555555555555556
 40
0.5555555555555556
 40
0.5555555655555556
 40
0.6666666666666666
 40
0.6666666666666666
 40
0.6666666666666666
 40
0.6666666766666667
 40
0.7777777777777778
 40
0.7777777777777778
 40
0.7777777777777778
 40
0.7777777877777778
 40
1.0
 40
1.0
 40
1.0
 40
1.0
 10
-2.21896
 20
-1.66158
 30
0.0
 10
-2.21896
 20
-1.66158
 30
0.0
 10
-2.21543
 20
-1.66158
 30
0.0
 10
-2.21543
 20
-1.66158
 30
0.0
 10
-2.21543
 20
-1.66158
 30
0.0
 10
-2.21543
 20
-1.66158
 30
0.0
 10
-2.20838
 20
-1.65806
 30
0.0
 10
-2.20838
 20
-1.65806
 30
0.0
 10
-2.20838
 20
-1.65806
 30
0.0
 10
-2.20838
 20
-1.65806
 30
0.0
 10
-2.20485
 20
-1.65453
 30
0.0
 10
-2.20485
 20
-1.65453
 30
0.0
 10
-2.20485
 20
-1.65453
 30
0.0
 10
-2.20485
 20
-1.65453
 30
0.0
 10
-2.1978
 20
-1.651
 30
0.0
 10
-2.1978
 20
-1.651
 30
0.0
 10
-2.1978
 20
-1.651
 30
0.0
 10
-2.1978
 20
-1.651
 30
0.0
 10
-2.19427
 20
-1.64747
 30
0.0
 10
-2.19427
 20
-1.64747
 30
0.0
 10
-2.19427
 20
-1.64747
 30
0.0
 10
-2.19427
 20
-1.64747
 30
0.0
 10
-2.19074
 20
-1.64394
 30
0.0
 10
-2.19074
 20
-1.64394
 30
0.0
 10
-2.19074
 20
-1.64394
 30
0.0
 10
-2.19074
 20
-1.64394
 30
0.0
 10
-2.19074
 20
-1.63689
 30
0.0
 10
-2.19074
 20
-1.63689
 30
0.0
 10
-2.19074
 20
-1.63689
 30
0.0
 10
-2.19074
 20
-1.63689
 30
0.0
 10
-2.19074
 20
-1.62983
 30
0.0
 10
-2.19074
 20
-1.62983
 30
0.0
  0
SPLINE
  5
31A
330
1F
100
AcDbEntity
  8
Layer 1
 62
   250
370
    20
100
AcDbSpline
210
0.0
220
0.0
230
1.0
 70
    24
 71
     3
 72
     8
 73
     4
 74
     0
 42
0.000000001
 43
0.0000000001
 40
0.0
 40
0.0
 40
0.0
 40
0.0
 40
1.0
 40
1.0
 40
1.0
 40
1.0
 10
-5.96899
 20
1.86972
 30
0.0
 10
-5.96899
 20
1.86972
 30
0.0
 10
-5.95841
 20
1.85914
 30
0.0
 10
-5.95841
 20
1.85914
 30
0.0
  0
SPLINE
  5
31B
330
1F
100
AcDbEntity
  8
Layer 1
 62
   250
370
    20
100
AcDbSpline
210
0.0
220
0.0
230
1.0
 70
    24
 71
     3
 72
     8
 73
     4
 74
     0
 42
0.000000001
 43
0.0000000001
 40
0.0
 40
0.0
 40
0.0
 40
0.0
 40
1.0
 40
1.0
 40
1.0
 40
1.0
 10
-5.99016
 20
1.82739
 30
0.0
 10
-5.99016
 20
1.82739
 30
0.0
 10
-6.00074
 20
1.83797
 30
0.0
 10
-6.00074
 20
1.83797
 30
0.0
  0
SPLINE
  5
31C
330
1F
100
AcDbEntity
  8
Layer 1
 62
   250
370
    20
100
AcDbSpline
210
0.0
220
0.0
230
1.0
 70
     8
 71
     3
 72
    36
 73
    32
 74
     0
 42
0.000000001
 43
0.0000000001
 40
0.0
 40
0.0
 40
0.0
 40
0.0
 40
0.1111111111111111
 40
0.1111111111111111
 40
0.1111111111111111
 40
0.1111111211111111
 40
0.2222222222222222
 40
0.2222222222222222
 40
0.2222222222222222
 40
0.2222222322222222
 40
0.3333333333333333
 40
0.3333333333333333
 40
0.3333333333333333
 40
0.3333333433333333
 40
0.4444444444444444
 40
0.4444444444444444
 40
0.4444444444444444
 40
0.4444444544444444
 40
0.5555555555555556
 40
0.5555555555555556
 40
0.5555555555555556
 40
0.5555555655555556
 40
0.6666666666666666
 40
0.6666666666666666
 40
0.6666666666666666
 40
0.6666666766666667
 40
0.7777777777777778
 40
0.7777777777777778
 40
0.7777777777777778
 40
0.7777777877777778
 40
1.0
 40
1.0
 40
1.0
 40
1.0
 10
-6.00074
 20
1.83797
 30
0.0
 10
-6.00074
 20
1.83797
 30
0.0
 10
-6.00074
 20
1.84503
 30
0.0
 10
-6.00074
 20
1.84503
 30
0.0
 10
-6.00074
 20
1.84503
 30
0.0
 10
-6.00074
 20
1.84503
 30
0.0
 10
-5.99721
 20
1.84856
 30
0.0
 10
-5.99721
 20
1.84856
 30
0.0
 10
-5.99721
 20
1.84856
 30
0.0
 10
-5.99721
 20
1.84856
 30
0.0
 10
-5.99368
 20
1.85561
 30
0.0
 10
-5.99368
 20
1.85561
 30
0.0
 10
-5.99368
 20
1.85561
 30
0.0
 10
-5.99368
 20
1.85561
 30
0.0
 10
-5.99016
 20
1.85914
 30
0.0
 10
-5.99016
 20
1.85914
 30
0.0
 10
-5.99016
 20
1.85914
 30
0.0
 10
-5.99016
 20
1.85914
 30
0.0
 10
-5.98663
 20
1.86267
 30
0.0
 10
-5.98663
 20
1.86267
 30
0.0
 10
-5.98663
 20
1.86267
 30
0.0
 10
-5.98663
 20
1.86267
 30
0.0
 10
-5.97957
 20
1.86619
 30
0.0
 10
-5.97957
 20
1.86619
 30
0.0
 10
-5.97957
 20
1.86619
 30
0.0
 10
-5.97957
 20
1.86619
 30
0.0
 10
-5.97605
 20
1.86619
 30
0.0
 10
-5.97605
 20
1.86619
 30
0.0
 10
-5.97605
 20
1.86619
 30
0.0
 10
-5.97605
 20
1.86619
 30
0.0
 10
-5.96899
 20
1.86972
 30
0.0
 10
-5.96899
 20
1.86972
 30
0.0
  0
SPLINE
  5
31D
330
1F
100
AcDbEntity
  8
Layer 1
 62
   250
370
    20
100
AcDbSpline
210
0.0
220
0.0
230
1.0
 70
    24
 71
     3
 72
     8
 73
     4
 74
     0
 42
0.000000001
 43
0.0000000001
 40
0.0
 40
0.0
 40
0.0
 40
0.0
 40
1.0
 40
1.0
 40
1.0
 40
1.0
 10
-2.19074
 20
-1.62983
 30
0.0
 10
-2.19074
 20
-1.62983
 30
0.0
 10
-2.18016
 20
-1.64042
 30
0.0
 10
-2.18016
 20
-1.64042
 30
0.0
  0
SPLINE
  5
31E
330
1F
100
AcDbEntity
  8
Layer 1
 62
   250
370
    20
100
AcDbSpline
210
0.0
220
0.0
230
1.0
 70
    24
 71
     3
 72
     8
 73
     4
 74
     0
 42
0.000000001
 43
0.0000000001
 40
0.0
 40
0.0
 40
0.0
 40
0.0
 40
1.0
 40
1.0
 40
1.0
 40
1.0
 10
-2.18016
 20
-1.64042
 30
0.0
 10
-2.18016
 20
-1.64042
 30
0.0
 10
-2.18016
 20
-1.64747
 30
0.0
 10
-2.18016
 20
-1.64747
 30
0.0
  0
SPLINE
  5
31F
330
1F
100
AcDbEntity
  8
Layer 1
 62
   250
370
    20
100
AcDbSpline
210
0.0
220
0.0
230
1.0
 70
    24
 71
     3
 72
     8
 73
     4
 74
     0
 42
0.000000001
 43
0.0000000001
 40
0.0
 40
0.0
 40
0.0
 40
0.0
 40
1.0
 40
1.0
 40
1.0
 40
1.0
 10
-6.00074
 20
-1.64042
 30
0.0
 10
-6.00074
 20
-1.64042
 30
0.0
 10
-5.99016
 20
-1.62983
 30
0.0
 10
-5.99016
 20
-1.62983
 30
0.0
  0
SPLINE
  5
320
330
1F
100
AcDbEntity
  8
Layer 1
 62
   250
370
    20
100
AcDbSpline
210
0.0
220
0.0
230
1.0
 70
     8
 71
     3
 72
    32
 73
    28
 74
     0
 42
0.000000001
 43
0.0000000001
 40
0.0
 40
0.0
 40
0.0
 40
0.0
 40
0.125
 40
0.125
 40
0.125
 40
0.12500001
 40
0.25
 40
0.25
 40
0.25
 40
0.25000001
 40
0.375
 40
0.375
 40
0.375
 40
0.37500001
 40
0.5
 40
0.5
 40
0.5
 40
0.50000001
 40
0.625
 40
0.625
 40
0.625
 40
0.62500001
 40
0.75
 40
0.75
 40
0.75
 40
0.75000001
 40
1.0
 40
1.0
 40
1.0
 40
1.0
 10
-5.97605
 20
-1.67217
 30
0.0
 10
-5.97605
 20
-1.67217
 30
0.0
 10
-5.97957
 20
-1.66864
 30
0.0
 10
-5.97957
 20
-1.66864
 30
0.0
 10
-5.97957
 20
-1.66864
 30
0.0
 10
-5.97957
 20
-1.66864
 30
0.0
 10
-5.98663
 20
-1.66511
 30
0.0
 10
-5.98663
 20
-1.66511
 30
0.0
 10
-5.98663
 20
-1.66511
 30
0.0
 10
-5.98663
 20
-1.66511
 30
0.0
 10
-5.99016
 20
-1.66158
 30
0.0
 10
-5.99016
 20
-1.66158
 30
0.0
 10
-5.99016
 20
-1.66158
 30
0.0
 10
-5.99016
 20
-1.66158
 30
0.0
 10
-5.99368
 20
-1.65806
 30
0.0
 10
-5.99368
 20
-1.65806
 30
0.0
 10
-5.99368
 20
-1.65806
 30
0.0
 10
-5.99368
 20
-1.65806
 30
0.0
 10
-5.99721
 20
-1.65453
 30
0.0
 10
-5.99721
 20
-1.65453
 30
0.0
 10
-5.99721
 20
-1.65453
 30
0.0
 10
-5.99721
 20
-1.65453
 30
0.0
 10
-6.00074
 20
-1.64747
 30
0.0
 10
-6.00074
 20
-1.64747
 30
0.0
 10
-6.00074
 20
-1.64747
 30
0.0
 10
-6.00074
 20
-1.64747
 30
0.0
 10
-6.00074
 20
-1.64042
 30
0.0
 10
-6.00074
 20
-1.64042
 30
0.0
  0
SPLINE
  5
321
330
1F
100
AcDbEntity
  8
Layer 1
 62
   250
370
    20
100
AcDbSpline
210
0.0
220
0.0
230
1.0
 70
    24
 71
     3
 72
     8
 73
     4
 74
     0
 42
0.000000001
 43
0.0000000001
 40
0.0
 40
0.0
 40
0.0
 40
0.0
 40
1.0
 40
1.0
 40
1.0
 40
1.0
 10
-2.18016
 20
1.83797
 30
0.0
 10
-2.18016
 20
1.83797
 30
0.0
 10
-2.19074
 20
1.82739
 30
0.0
 10
-2.19074
 20
1.82739
 30
0.0
  0
SPLINE
  5
322
330
1F
100
AcDbEntity
  8
Layer 1
 62
   250
370
    20
100
AcDbSpline
210
0.0
220
0.0
230
1.0
 70
    24
 71
     3
 72
     8
 73
     4
 74
     0
 42
0.000000001
 43
0.0000000001
 40
0.0
 40
0.0
 40
0.0
 40
0.0
 40
1.0
 40
1.0
 40
1.0
 40
1.0
 10
-2.21896
 20
1.85914
 30
0.0
 10
-2.21896
 20
1.85914
 30
0.0
 10
-2.20838
 20
1.86972
 30
0.0
 10
-2.20838
 20
1.86972
 30
0.0
  0
SPLINE
  5
323
330
1F
100
AcDbEntity
  8
Layer 1
 62
   250
370
    20
100
AcDbSpline
210
0.0
220
0.0
230
1.0
 70
     8
 71
     3
 72
    36
 73
    32
 74
     0
 42
0.000000001
 43
0.0000000001
 40
0.0
 40
0.0
 40
0.0
 40
0.0
 40
0.1111111111111111
 40
0.1111111111111111
 40
0.1111111111111111
 40
0.1111111211111111
 40
0.2222222222222222
 40
0.2222222222222222
 40
0.2222222222222222
 40
0.2222222322222222
 40
0.3333333333333333
 40
0.3333333333333333
 40
0.3333333333333333
 40
0.3333333433333333
 40
0.4444444444444444
 40
0.4444444444444444
 40
0.4444444444444444
 40
0.4444444544444444
 40
0.5555555555555556
 40
0.5555555555555556
 40
0.5555555555555556
 40
0.5555555655555556
 40
0.6666666666666666
 40
0.6666666666666666
 40
0.6666666666666666
 40
0.6666666766666667
 40
0.7777777777777778
 40
0.7777777777777778
 40
0.7777777777777778
 40
0.7777777877777778
 40
1.0
 40
1.0
 40
1.0
 40
1.0
 10
-2.20838
 20
1.86972
 30
0.0
 10
-2.20838
 20
1.86972
 30
0.0
 10
-2.20485
 20
1.86619
 30
0.0
 10
-2.20485
 20
1.86619
 30
0.0
 10
-2.20485
 20
1.86619
 30
0.0
 10
-2.20485
 20
1.86619
 30
0.0
 10
-2.1978
 20
1.86619
 30
0.0
 10
-2.1978
 20
1.86619
 30
0.0
 10
-2.1978
 20
1.86619
 30
0.0
 10
-2.1978
 20
1.86619
 30
0.0
 10
-2.19427
 20
1.86267
 30
0.0
 10
-2.19427
 20
1.86267
 30
0.0
 10
-2.19427
 20
1.86267
 30
0.0
 10
-2.19427
 20
1.86267
 30
0.0
 10
-2.18721
 20
1.85914
 30
0.0
 10
-2.18721
 20
1.85914
 30
0.0
 10
-2.18721
 20
1.85914
 30
0.0
 10
-2.18721
 20
1.85914
 30
0.0
 10
-2.18368
 20
1.85561
 30
0.0
 10
-2.18368
 20
1.85561
 30
0.0
 10
-2.18368
 20
1.85561
 30
0.0
 10
-2.18368
 20
1.85561
 30
0.0
 10
-2.18016
 20
1.84856
 30
0.0
 10
-2.18016
 20
1.84856
 30
0.0
 10
-2.18016
 20
1.84856
 30
0.0
 10
-2.18016
 20
1.84856
 30
0.0
 10
-2.18016
 20
1.84503
 30
0.0
 10
-2.18016
 20
1.84503
 30
0.0
 10
-2.18016
 20
1.84503
 30
0.0
 10
-2.18016
 20
1.84503
 30
0.0
 10
-2.18016
 20
1.83797
 30
0.0
 10
-2.18016
 20
1.83797
 30
0.0
  0
SPLINE
  5
324
330
1F
100
AcDbEntity
  8
Layer 1
 62
   250
370
    20
100
AcDbSpline
210
0.0
220
0.0
230
1.0
 70
    24
 71
     3
 72
     8
 73
     4
 74
     0
 42
0.000000001
 43
0.0000000001
 40
0.0
 40
0.0
 40
0.0
 40
0.0
 40
1.0
 40
1.0
 40
1.0
 40
1.0
 10
-2.32832
 20
1.86972
 30
0.0
 10
-2.32832
 20
1.86972
 30
0.0
 10
-2.33538
 20
1.86267
 30
0.0
 10
-2.33538
 20
1.86267
 30
0.0
  0
SPLINE
  5
325
330
1F
100
AcDbEntity
  8
Layer 1
 62
   250
370
    20
100
AcDbSpline
210
0.0
220
0.0
230
1.0
 70
    24
 71
     3
 72
     8
 73
     4
 74
     0
 42
0.000000001
 43
0.0000000001
 40
0.0
 40
0.0
 40
0.0
 40
0.0
 40
1.0
 40
1.0
 40
1.0
 40
1.0
 10
-2.20838
 20
1.86972
 30
0.0
 10
-2.20838
 20
1.86972
 30
0.0
 10
-2.32832
 20
1.86972
 30
0.0
 10
-2.32832
 20
1.86972
 30
0.0
  0
SPLINE
  5
326
330
1F
100
AcDbEntity
  8
Layer 1
 62
   250
370
    20
100
AcDbSpline
210
0.0
220
0.0
230
1.0
 70
    24
 71
     3
 72
     8
 73
     4
 74
     0
 42
0.000000001
 43
0.0000000001
 40
0.0
 40
0.0
 40
0.0
 40
0.0
 40
1.0
 40
1.0
 40
1.0
 40
1.0
 10
-5.84905
 20
1.86972
 30
0.0
 10
-5.84905
 20
1.86972
 30
0.0
 10
-5.96899
 20
1.86972
 30
0.0
 10
-5.96899
 20
1.86972
 30
0.0
  0
SPLINE
  5
327
330
1F
100
AcDbEntity
  8
Layer 1
 62
   250
370
    20
100
AcDbSpline
210
0.0
220
0.0
230
1.0
 70
    24
 71
     3
 72
     8
 73
     4
 74
     0
 42
0.000000001
 43
0.0000000001
 40
0.0
 40
0.0
 40
0.0
 40
0.0
 40
1.0
 40
1.0
 40
1.0
 40
1.0
 10
-5.84552
 20
1.86267
 30
0.0
 10
-5.84552
 20
1.86267
 30
0.0
 10
-5.84905
 20
1.86972
 30
0.0
 10
-5.84905
 20
1.86972
 30
0.0
  0
SPLINE
  5
328
330
1F
100
AcDbEntity
  8
Layer 1
 62
   250
370
    20
100
AcDbSpline
210
0.0
220
0.0
230
1.0
 70
    24
 71
     3
 72
     8
 73
     4
 74
     0
 42
0.000000001
 43
0.0000000001
 40
0.0
 40
0.0
 40
0.0
 40
0.0
 40
1.0
 40
1.0
 40
1.0
 40
1.0
 10
-5.84552
 20
1.86267
 30
0.0
 10
-5.84552
 20
1.86267
 30
0.0
 10
-2.33538
 20
1.86267
 30
0.0
 10
-2.33538
 20
1.86267
 30
0.0
  0
SPLINE
  5
329
330
1F
100
AcDbEntity
  8
Layer 1
 62
   250
370
    20
100
AcDbSpline
210
0.0
220
0.0
230
1.0
 70
    24
 71
     3
 72
     8
 73
     4
 74
     0
 42
0.000000001
 43
0.0000000001
 40
0.0
 40
0.0
 40
0.0
 40
0.0
 40
1.0
 40
1.0
 40
1.0
 40
1.0
 10
-2.18016
 20
-0.05292
 30
0.0
 10
-2.18016
 20
-0.05292
 30
0.0
 10
-2.18016
 20
0.24694
 30
0.0
 10
-2.18016
 20
0.24694
 30
0.0
  0
SPLINE
  5
32A
330
1F
100
AcDbEntity
  8
Layer 1
 62
   250
370
    20
100
AcDbSpline
210
0.0
220
0.0
230
1.0
 70
    24
 71
     3
 72
     8
 73
     4
 74
     0
 42
0.000000001
 43
0.0000000001
 40
0.0
 40
0.0
 40
0.0
 40
0.0
 40
1.0
 40
1.0
 40
1.0
 40
1.0
 10
-2.18368
 20
-1.5875
 30
0.0
 10
-2.18368
 20
-1.5875
 30
0.0
 10
-2.18368
 20
-1.10067
 30
0.0
 10
-2.18368
 20
-1.10067
 30
0.0
  0
SPLINE
  5
32B
330
1F
100
AcDbEntity
  8
Layer 1
 62
   250
370
    20
100
AcDbSpline
210
0.0
220
0.0
230
1.0
 70
    24
 71
     3
 72
     8
 73
     4
 74
     0
 42
0.000000001
 43
0.0000000001
 40
0.0
 40
0.0
 40
0.0
 40
0.0
 40
1.0
 40
1.0
 40
1.0
 40
1.0
 10
-2.18368
 20
1.29822
 30
0.0
 10
-2.18368
 20
1.29822
 30
0.0
 10
-2.18368
 20
1.78506
 30
0.0
 10
-2.18368
 20
1.78506
 30
0.0
  0
SPLINE
  5
32C
330
1F
100
AcDbEntity
  8
Layer 1
 62
   250
370
    20
100
AcDbSpline
210
0.0
220
0.0
230
1.0
 70
    24
 71
     3
 72
     8
 73
     4
 74
     0
 42
0.000000001
 43
0.0000000001
 40
0.0
 40
0.0
 40
0.0
 40
0.0
 40
1.0
 40
1.0
 40
1.0
 40
1.0
 10
-5.99368
 20
-1.10067
 30
0.0
 10
-5.99368
 20
-1.10067
 30
0.0
 10
-5.99368
 20
-1.5875
 30
0.0
 10
-5.99368
 20
-1.5875
 30
0.0
  0
SPLINE
  5
32D
330
1F
100
AcDbEntity
  8
Layer 1
 62
   250
370
    20
100
AcDbSpline
210
0.0
220
0.0
230
1.0
 70
    24
 71
     3
 72
     8
 73
     4
 74
     0
 42
0.000000001
 43
0.0000000001
 40
0.0
 40
0.0
 40
0.0
 40
0.0
 40
1.0
 40
1.0
 40
1.0
 40
1.0
 10
-6.00074
 20
0.24694
 30
0.0
 10
-6.00074
 20
0.24694
 30
0.0
 10
-6.00074
 20
-0.05292
 30
0.0
 10
-6.00074
 20
-0.05292
 30
0.0
  0
SPLINE
  5
32E
330
1F
100
AcDbEntity
  8
Layer 1
 62
   250
370
    20
100
AcDbSpline
210
0.0
220
0.0
230
1.0
 70
    24
 71
     3
 72
     8
 73
     4
 74
     0
 42
0.000000001
 43
0.0000000001
 40
0.0
 40
0.0
 40
0.0
 40
0.0
 40
1.0
 40
1.0
 40
1.0
 40
1.0
 10
-5.99368
 20
1.78506
 30
0.0
 10
-5.99368
 20
1.78506
 30
0.0
 10
-5.99368
 20
1.29822
 30
0.0
 10
-5.99368
 20
1.29822
 30
0.0
  0
SPLINE
  5
32F
330
1F
100
AcDbEntity
  8
Layer 1
 62
   250
370
    20
100
AcDbSpline
210
0.0
220
0.0
230
1.0
 70
    24
 71
     3
 72
     8
 73
     4
 74
     0
 42
0.000000001
 43
0.0000000001
 40
0.0
 40
0.0
 40
0.0
 40
0.0
 40
1.0
 40
1.0
 40
1.0
 40
1.0
 10
-2.18016
 20
-1.5875
 30
0.0
 10
-2.18016
 20
-1.5875
 30
0.0
 10
-2.18368
 20
-1.5875
 30
0.0
 10
-2.18368
 20
-1.5875
 30
0.0
  0
SPLINE
  5
330
330
1F
100
AcDbEntity
  8
Layer 1
 62
   250
370
    20
100
AcDbSpline
210
0.0
220
0.0
230
1.0
 70
    24
 71
     3
 72
     8
 73
     4
 74
     0
 42
0.000000001
 43
0.0000000001
 40
0.0
 40
0.0
 40
0.0
 40
0.0
 40
1.0
 40
1.0
 40
1.0
 40
1.0
 10
-2.18368
 20
-1.10067
 30
0.0
 10
-2.18368
 20
-1.10067
 30
0.0
 10
-2.18016
 20
-1.10067
 30
0.0
 10
-2.18016
 20
-1.10067
 30
0.0
  0
SPLINE
  5
331
330
1F
100
AcDbEntity
  8
Layer 1
 62
   250
370
    20
100
AcDbSpline
210
0.0
220
0.0
230
1.0
 70
    24
 71
     3
 72
     8
 73
     4
 74
     0
 42
0.000000001
 43
0.0000000001
 40
0.0
 40
0.0
 40
0.0
 40
0.0
 40
1.0
 40
1.0
 40
1.0
 40
1.0
 10
-2.18016
 20
1.29822
 30
0.0
 10
-2.18016
 20
1.29822
 30
0.0
 10
-2.18368
 20
1.29822
 30
0.0
 10
-2.18368
 20
1.29822
 30
0.0
  0
SPLINE
  5
332
330
1F
100
AcDbEntity
  8
Layer 1
 62
   250
370
    20
100
AcDbSpline
210
0.0
220
0.0
230
1.0
 70
    24
 71
     3
 72
     8
 73
     4
 74
     0
 42
0.000000001
 43
0.0000000001
 40
0.0
 40
0.0
 40
0.0
 40
0.0
 40
1.0
 40
1.0
 40
1.0
 40
1.0
 10
-2.18368
 20
1.78506
 30
0.0
 10
-2.18368
 20
1.78506
 30
0.0
 10
-2.18016
 20
1.78506
 30
0.0
 10
-2.18016
 20
1.78506
 30
0.0
  0
SPLINE
  5
333
330
1F
100
AcDbEntity
  8
Layer 1
 62
   250
370
    20
100
AcDbSpline
210
0.0
220
0.0
230
1.0
 70
    24
 71
     3
 72
     8
 73
     4
 74
     0
 42
0.000000001
 43
0.0000000001
 40
0.0
 40
0.0
 40
0.0
 40
0.0
 40
1.0
 40
1.0
 40
1.0
 40
1.0
 10
-5.99368
 20
-1.5875
 30
0.0
 10
-5.99368
 20
-1.5875
 30
0.0
 10
-6.00074
 20
-1.5875
 30
0.0
 10
-6.00074
 20
-1.5875
 30
0.0
  0
SPLINE
  5
334
330
1F
100
AcDbEntity
  8
Layer 1
 62
   250
370
    20
100
AcDbSpline
210
0.0
220
0.0
230
1.0
 70
    24
 71
     3
 72
     8
 73
     4
 74
     0
 42
0.000000001
 43
0.0000000001
 40
0.0
 40
0.0
 40
0.0
 40
0.0
 40
1.0
 40
1.0
 40
1.0
 40
1.0
 10
-6.00074
 20
-1.10067
 30
0.0
 10
-6.00074
 20
-1.10067
 30
0.0
 10
-5.99368
 20
-1.10067
 30
0.0
 10
-5.99368
 20
-1.10067
 30
0.0
  0
SPLINE
  5
335
330
1F
100
AcDbEntity
  8
Layer 1
 62
   250
370
    20
100
AcDbSpline
210
0.0
220
0.0
230
1.0
 70
    24
 71
     3
 72
     8
 73
     4
 74
     0
 42
0.000000001
 43
0.0000000001
 40
0.0
 40
0.0
 40
0.0
 40
0.0
 40
1.0
 40
1.0
 40
1.0
 40
1.0
 10
-6.00074
 20
1.78506
 30
0.0
 10
-6.00074
 20
1.78506
 30
0.0
 10
-5.99368
 20
1.78506
 30
0.0
 10
-5.99368
 20
1.78506
 30
0.0
  0
SPLINE
  5
336
330
1F
100
AcDbEntity
  8
Layer 1
 62
   250
370
    20
100
AcDbSpline
210
0.0
220
0.0
230
1.0
 70
    24
 71
     3
 72
     8
 73
     4
 74
     0
 42
0.000000001
 43
0.0000000001
 40
0.0
 40
0.0
 40
0.0
 40
0.0
 40
1.0
 40
1.0
 40
1.0
 40
1.0
 10
-5.99368
 20
1.29822
 30
0.0
 10
-5.99368
 20
1.29822
 30
0.0
 10
-6.00074
 20
1.29822
 30
0.0
 10
-6.00074
 20
1.29822
 30
0.0
  0
SPLINE
  5
337
330
1F
100
AcDbEntity
  8
Layer 1
 62
   250
370
    20
100
AcDbSpline
210
0.0
220
0.0
230
1.0
 70
    24
 71
     3
 72
     8
 73
     4
 74
     0
 42
0.000000001
 43
0.0000000001
 40
0.0
 40
0.0
 40
0.0
 40
0.0
 40
1.0
 40
1.0
 40
1.0
 40
1.0
 10
-2.16958
 20
-0.05292
 30
0.0
 10
-2.16958
 20
-0.05292
 30
0.0
 10
-2.18016
 20
-0.05292
 30
0.0
 10
-2.18016
 20
-0.05292
 30
0.0
  0
SPLINE
  5
338
330
1F
100
AcDbEntity
  8
Layer 1
 62
   250
370
    20
100
AcDbSpline
210
0.0
220
0.0
230
1.0
 70
    24
 71
     3
 72
     8
 73
     4
 74
     0
 42
0.000000001
 43
0.0000000001
 40
0.0
 40
0.0
 40
0.0
 40
0.0
 40
1.0
 40
1.0
 40
1.0
 40
1.0
 10
-2.16958
 20
0.24694
 30
0.0
 10
-2.16958
 20
0.24694
 30
0.0
 10
-2.18016
 20
0.24694
 30
0.0
 10
-2.18016
 20
0.24694
 30
0.0
  0
SPLINE
  5
339
330
1F
100
AcDbEntity
  8
Layer 1
 62
   250
370
    20
100
AcDbSpline
210
0.0
220
0.0
230
1.0
 70
    24
 71
     3
 72
     8
 73
     4
 74
     0
 42
0.000000001
 43
0.0000000001
 40
0.0
 40
0.0
 40
0.0
 40
0.0
 40
1.0
 40
1.0
 40
1.0
 40
1.0
 10
-2.18016
 20
0.24694
 30
0.0
 10
-2.18016
 20
0.24694
 30
0.0
 10
-2.18016
 20
1.88383
 30
0.0
 10
-2.18016
 20
1.88383
 30
0.0
  0
SPLINE
  5
33A
330
1F
100
AcDbEntity
  8
Layer 1
 62
   250
370
    20
100
AcDbSpline
210
0.0
220
0.0
230
1.0
 70
    24
 71
     3
 72
     8
 73
     4
 74
     0
 42
0.000000001
 43
0.0000000001
 40
0.0
 40
0.0
 40
0.0
 40
0.0
 40
1.0
 40
1.0
 40
1.0
 40
1.0
 10
-2.18016
 20
1.88383
 30
0.0
 10
-2.18016
 20
1.88383
 30
0.0
 10
-3.94052
 20
1.88383
 30
0.0
 10
-3.94052
 20
1.88383
 30
0.0
  0
SPLINE
  5
33B
330
1F
100
AcDbEntity
  8
Layer 1
 62
   250
370
    20
100
AcDbSpline
210
0.0
220
0.0
230
1.0
 70
    24
 71
     3
 72
     8
 73
     4
 74
     0
 42
0.000000001
 43
0.0000000001
 40
0.0
 40
0.0
 40
0.0
 40
0.0
 40
1.0
 40
1.0
 40
1.0
 40
1.0
 10
-3.94052
 20
1.88383
 30
0.0
 10
-3.94052
 20
1.88383
 30
0.0
 10
-3.94052
 20
1.89089
 30
0.0
 10
-3.94052
 20
1.89089
 30
0.0
  0
SPLINE
  5
33C
330
1F
100
AcDbEntity
  8
Layer 1
 62
   250
370
    20
100
AcDbSpline
210
0.0
220
0.0
230
1.0
 70
    24
 71
     3
 72
     8
 73
     4
 74
     0
 42
0.000000001
 43
0.0000000001
 40
0.0
 40
0.0
 40
0.0
 40
0.0
 40
1.0
 40
1.0
 40
1.0
 40
1.0
 10
-4.24038
 20
1.88383
 30
0.0
 10
-4.24038
 20
1.88383
 30
0.0
 10
-4.24038
 20
1.89089
 30
0.0
 10
-4.24038
 20
1.89089
 30
0.0
  0
SPLINE
  5
33D
330
1F
100
AcDbEntity
  8
Layer 1
 62
   250
370
    20
100
AcDbSpline
210
0.0
220
0.0
230
1.0
 70
    24
 71
     3
 72
     8
 73
     4
 74
     0
 42
0.000000001
 43
0.0000000001
 40
0.0
 40
0.0
 40
0.0
 40
0.0
 40
1.0
 40
1.0
 40
1.0
 40
1.0
 10
-4.24038
 20
1.88383
 30
0.0
 10
-4.24038
 20
1.88383
 30
0.0
 10
-6.00074
 20
1.88383
 30
0.0
 10
-6.00074
 20
1.88383
 30
0.0
  0
SPLINE
  5
33E
330
1F
100
AcDbEntity
  8
Layer 1
 62
   250
370
    20
100
AcDbSpline
210
0.0
220
0.0
230
1.0
 70
    24
 71
     3
 72
     8
 73
     4
 74
     0
 42
0.000000001
 43
0.0000000001
 40
0.0
 40
0.0
 40
0.0
 40
0.0
 40
1.0
 40
1.0
 40
1.0
 40
1.0
 10
-6.00074
 20
1.88383
 30
0.0
 10
-6.00074
 20
1.88383
 30
0.0
 10
-6.00074
 20
0.24694
 30
0.0
 10
-6.00074
 20
0.24694
 30
0.0
  0
SPLINE
  5
33F
330
1F
100
AcDbEntity
  8
Layer 1
 62
   250
370
    20
100
AcDbSpline
210
0.0
220
0.0
230
1.0
 70
    24
 71
     3
 72
     8
 73
     4
 74
     0
 42
0.000000001
 43
0.0000000001
 40
0.0
 40
0.0
 40
0.0
 40
0.0
 40
1.0
 40
1.0
 40
1.0
 40
1.0
 10
-6.00074
 20
0.24694
 30
0.0
 10
-6.00074
 20
0.24694
 30
0.0
 10
-6.00781
 20
0.24694
 30
0.0
 10
-6.00781
 20
0.24694
 30
0.0
  0
SPLINE
  5
340
330
1F
100
AcDbEntity
  8
Layer 1
 62
   250
370
    20
100
AcDbSpline
210
0.0
220
0.0
230
1.0
 70
    24
 71
     3
 72
     8
 73
     4
 74
     0
 42
0.000000001
 43
0.0000000001
 40
0.0
 40
0.0
 40
0.0
 40
0.0
 40
1.0
 40
1.0
 40
1.0
 40
1.0
 10
-6.00074
 20
-0.05292
 30
0.0
 10
-6.00074
 20
-0.05292
 30
0.0
 10
-6.00781
 20
-0.05292
 30
0.0
 10
-6.00781
 20
-0.05292
 30
0.0
  0
SPLINE
  5
341
330
1F
100
AcDbEntity
  8
Layer 1
 62
   250
370
    25
100
AcDbSpline
210
0.0
220
0.0
230
1.0
 70
    24
 71
     3
 72
     8
 73
     4
 74
     0
 42
0.000000001
 43
0.0000000001
 40
0.0
 40
0.0
 40
0.0
 40
0.0
 40
1.0
 40
1.0
 40
1.0
 40
1.0
 10
2.08143
 20
2.38712
 30
0.0
 10
2.08143
 20
2.38712
 30
0.0
 10
2.08143
 20
0.97953
 30
0.0
 10
2.08143
 20
0.97953
 30
0.0
  0
SPLINE
  5
342
330
1F
100
AcDbEntity
  8
Layer 1
 62
   250
370
    25
100
AcDbSpline
210
0.0
220
0.0
230
1.0
 70
    24
 71
     3
 72
     8
 73
     4
 74
     0
 42
0.000000001
 43
0.0000000001
 40
0.0
 40
0.0
 40
0.0
 40
0.0
 40
1.0
 40
1.0
 40
1.0
 40
1.0
 10
2.08143
 20
2.38712
 30
0.0
 10
2.08143
 20
2.38712
 30
0.0
 10
1.29119
 20
2.38712
 30
0.0
 10
1.29119
 20
2.38712
 30
0.0
  0
SPLINE
  5
343
330
1F
100
AcDbEntity
  8
Layer 1
 62
   250
370
    25
100
AcDbSpline
210
0.0
220
0.0
230
1.0
 70
    24
 71
     3
 72
     8
 73
     4
 74
     0
 42
0.000000001
 43
0.0000000001
 40
0.0
 40
0.0
 40
0.0
 40
0.0
 40
1.0
 40
1.0
 40
1.0
 40
1.0
 10
1.29119
 20
2.38712
 30
0.0
 10
1.29119
 20
2.38712
 30
0.0
 10
1.29119
 20
0.97953
 30
0.0
 10
1.29119
 20
0.97953
 30
0.0
  0
SPLINE
  5
344
330
1F
100
AcDbEntity
  8
Layer 1
 62
   250
370
    25
100
AcDbSpline
210
0.0
220
0.0
230
1.0
 70
    24
 71
     3
 72
     8
 73
     4
 74
     0
 42
0.000000001
 43
0.0000000001
 40
0.0
 40
0.0
 40
0.0
 40
0.0
 40
1.0
 40
1.0
 40
1.0
 40
1.0
 10
2.08143
 20
0.97953
 30
0.0
 10
2.08143
 20
0.97953
 30
0.0
 10
1.29119
 20
0.97953
 30
0.0
 10
1.29119
 20
0.97953
 30
0.0
  0
SPLINE
  5
345
330
1F
100
AcDbEntity
  8
Layer 1
 62
   250
370
    25
100
AcDbSpline
210
0.0
220
0.0
230
1.0
 70
    24
 71
     3
 72
     8
 73
     4
 74
     0
 42
0.000000001
 43
0.0000000001
 40
0.0
 40
0.0
 40
0.0
 40
0.0
 40
1.0
 40
1.0
 40
1.0
 40
1.0
 10
2.19079
 20
1.3041
 30
0.0
 10
2.19079
 20
1.3041
 30
0.0
 10
2.19079
 20
0.97953
 30
0.0
 10
2.19079
 20
0.97953
 30
0.0
  0
SPLINE
  5
346
330
1F
100
AcDbEntity
  8
Layer 1
 62
   250
370
    25
100
AcDbSpline
210
0.0
220
0.0
230
1.0
 70
    24
 71
     3
 72
     8
 73
     4
 74
     0
 42
0.000000001
 43
0.0000000001
 40
0.0
 40
0.0
 40
0.0
 40
0.0
 40
1.0
 40
1.0
 40
1.0
 40
1.0
 10
2.08143
 20
1.3041
 30
0.0
 10
2.08143
 20
1.3041
 30
0.0
 10
2.19079
 20
1.3041
 30
0.0
 10
2.19079
 20
1.3041
 30
0.0
  0
SPLINE
  5
347
330
1F
100
AcDbEntity
  8
Layer 1
 62
   250
370
    25
100
AcDbSpline
210
0.0
220
0.0
230
1.0
 70
    24
 71
     3
 72
     8
 73
     4
 74
     0
 42
0.000000001
 43
0.0000000001
 40
0.0
 40
0.0
 40
0.0
 40
0.0
 40
1.0
 40
1.0
 40
1.0
 40
1.0
 10
2.19079
 20
0.97953
 30
0.0
 10
2.19079
 20
0.97953
 30
0.0
 10
2.08143
 20
0.97953
 30
0.0
 10
2.08143
 20
0.97953
 30
0.0
  0
SPLINE
  5
348
330
1F
100
AcDbEntity
  8
Layer 1
 62
   250
370
    25
100
AcDbSpline
210
0.0
220
0.0
230
1.0
 70
    24
 71
     3
 72
     8
 73
     4
 74
     0
 42
0.000000001
 43
0.0000000001
 40
0.0
 40
0.0
 40
0.0
 40
0.0
 40
1.0
 40
1.0
 40
1.0
 40
1.0
 10
2.08143
 20
1.65335
 30
0.0
 10
2.08143
 20
1.65335
 30
0.0
 10
2.19079
 20
1.65335
 30
0.0
 10
2.19079
 20
1.65335
 30
0.0
  0
SPLINE
  5
349
330
1F
100
AcDbEntity
  8
Layer 1
 62
   250
370
    25
100
AcDbSpline
210
0.0
220
0.0
230
1.0
 70
    24
 71
     3
 72
     8
 73
     4
 74
     0
 42
0.000000001
 43
0.0000000001
 40
0.0
 40
0.0
 40
0.0
 40
0.0
 40
1.0
 40
1.0
 40
1.0
 40
1.0
 10
2.19079
 20
1.65335
 30
0.0
 10
2.19079
 20
1.65335
 30
0.0
 10
2.19079
 20
1.36407
 30
0.0
 10
2.19079
 20
1.36407
 30
0.0
  0
SPLINE
  5
34A
330
1F
100
AcDbEntity
  8
Layer 1
 62
   250
370
    25
100
AcDbSpline
210
0.0
220
0.0
230
1.0
 70
    24
 71
     3
 72
     8
 73
     4
 74
     0
 42
0.000000001
 43
0.0000000001
 40
0.0
 40
0.0
 40
0.0
 40
0.0
 40
1.0
 40
1.0
 40
1.0
 40
1.0
 10
2.08143
 20
1.36407
 30
0.0
 10
2.08143
 20
1.36407
 30
0.0
 10
2.19079
 20
1.36407
 30
0.0
 10
2.19079
 20
1.36407
 30
0.0
  0
SPLINE
  5
34B
330
1F
100
AcDbEntity
  8
Layer 1
 62
   250
370
    25
100
AcDbSpline
210
0.0
220
0.0
230
1.0
 70
    24
 71
     3
 72
     8
 73
     4
 74
     0
 42
0.000000001
 43
0.0000000001
 40
0.0
 40
0.0
 40
0.0
 40
0.0
 40
1.0
 40
1.0
 40
1.0
 40
1.0
 10
2.08143
 20
1.71332
 30
0.0
 10
2.08143
 20
1.71332
 30
0.0
 10
2.19079
 20
1.71332
 30
0.0
 10
2.19079
 20
1.71332
 30
0.0
  0
SPLINE
  5
34C
330
1F
100
AcDbEntity
  8
Layer 1
 62
   250
370
    25
100
AcDbSpline
210
0.0
220
0.0
230
1.0
 70
    24
 71
     3
 72
     8
 73
     4
 74
     0
 42
0.000000001
 43
0.0000000001
 40
0.0
 40
0.0
 40
0.0
 40
0.0
 40
1.0
 40
1.0
 40
1.0
 40
1.0
 10
2.19079
 20
2.0026
 30
0.0
 10
2.19079
 20
2.0026
 30
0.0
 10
2.19079
 20
1.71332
 30
0.0
 10
2.19079
 20
1.71332
 30
0.0
  0
SPLINE
  5
34D
330
1F
100
AcDbEntity
  8
Layer 1
 62
   250
370
    25
100
AcDbSpline
210
0.0
220
0.0
230
1.0
 70
    24
 71
     3
 72
     8
 73
     4
 74
     0
 42
0.000000001
 43
0.0000000001
 40
0.0
 40
0.0
 40
0.0
 40
0.0
 40
1.0
 40
1.0
 40
1.0
 40
1.0
 10
2.08143
 20
2.0026
 30
0.0
 10
2.08143
 20
2.0026
 30
0.0
 10
2.19079
 20
2.0026
 30
0.0
 10
2.19079
 20
2.0026
 30
0.0
  0
SPLINE
  5
34E
330
1F
100
AcDbEntity
  8
Layer 1
 62
   250
370
    25
100
AcDbSpline
210
0.0
220
0.0
230
1.0
 70
    24
 71
     3
 72
     8
 73
     4
 74
     0
 42
0.000000001
 43
0.0000000001
 40
0.0
 40
0.0
 40
0.0
 40
0.0
 40
1.0
 40
1.0
 40
1.0
 40
1.0
 10
2.08143
 20
2.06257
 30
0.0
 10
2.08143
 20
2.06257
 30
0.0
 10
2.19079
 20
2.06257
 30
0.0
 10
2.19079
 20
2.06257
 30
0.0
  0
SPLINE
  5
34F
330
1F
100
AcDbEntity
  8
Layer 1
 62
   250
370
    25
100
AcDbSpline
210
0.0
220
0.0
230
1.0
 70
    24
 71
     3
 72
     8
 73
     4
 74
     0
 42
0.000000001
 43
0.0000000001
 40
0.0
 40
0.0
 40
0.0
 40
0.0
 40
1.0
 40
1.0
 40
1.0
 40
1.0
 10
2.19079
 20
2.38712
 30
0.0
 10
2.19079
 20
2.38712
 30
0.0
 10
2.19079
 20
2.06257
 30
0.0
 10
2.19079
 20
2.06257
 30
0.0
  0
SPLINE
  5
350
330
1F
100
AcDbEntity
  8
Layer 1
 62
   250
370
    25
100
AcDbSpline
210
0.0
220
0.0
230
1.0
 70
    24
 71
     3
 72
     8
 73
     4
 74
     0
 42
0.000000001
 43
0.0000000001
 40
0.0
 40
0.0
 40
0.0
 40
0.0
 40
1.0
 40
1.0
 40
1.0
 40
1.0
 10
2.19079
 20
2.38712
 30
0.0
 10
2.19079
 20
2.38712
 30
0.0
 10
2.08143
 20
2.38712
 30
0.0
 10
2.08143
 20
2.38712
 30
0.0
  0
SPLINE
  5
351
330
1F
100
AcDbEntity
  8
Layer 1
 62
   250
370
    25
100
AcDbSpline
210
0.0
220
0.0
230
1.0
 70
    24
 71
     3
 72
     8
 73
     4
 74
     0
 42
0.000000001
 43
0.0000000001
 40
0.0
 40
0.0
 40
0.0
 40
0.0
 40
1.0
 40
1.0
 40
1.0
 40
1.0
 10
2.19783
 20
-1.8321
 30
0.0
 10
2.19783
 20
-1.8321
 30
0.0
 10
2.19783
 20
5.60093
 30
0.0
 10
2.19783
 20
5.60093
 30
0.0
  0
SPLINE
  5
352
330
1F
100
AcDbEntity
  8
Layer 1
 62
   250
370
    25
100
AcDbSpline
210
0.0
220
0.0
230
1.0
 70
    24
 71
     3
 72
     8
 73
     4
 74
     0
 42
0.000000001
 43
0.0000000001
 40
0.0
 40
0.0
 40
0.0
 40
0.0
 40
1.0
 40
1.0
 40
1.0
 40
1.0
 10
2.19079
 20
2.45062
 30
0.0
 10
2.19079
 20
2.45062
 30
0.0
 10
2.19783
 20
2.45062
 30
0.0
 10
2.19783
 20
2.45062
 30
0.0
  0
SPLINE
  5
353
330
1F
100
AcDbEntity
  8
Layer 1
 62
   250
370
    25
100
AcDbSpline
210
0.0
220
0.0
230
1.0
 70
    24
 71
     3
 72
     8
 73
     4
 74
     0
 42
0.000000001
 43
0.0000000001
 40
0.0
 40
0.0
 40
0.0
 40
0.0
 40
1.0
 40
1.0
 40
1.0
 40
1.0
 10
2.19079
 20
0.91956
 30
0.0
 10
2.19079
 20
0.91956
 30
0.0
 10
2.19079
 20
2.45062
 30
0.0
 10
2.19079
 20
2.45062
 30
0.0
  0
SPLINE
  5
354
330
1F
100
AcDbEntity
  8
Layer 1
 62
   250
370
    25
100
AcDbSpline
210
0.0
220
0.0
230
1.0
 70
    24
 71
     3
 72
     8
 73
     4
 74
     0
 42
0.000000001
 43
0.0000000001
 40
0.0
 40
0.0
 40
0.0
 40
0.0
 40
1.0
 40
1.0
 40
1.0
 40
1.0
 10
2.19079
 20
0.91956
 30
0.0
 10
2.19079
 20
0.91956
 30
0.0
 10
2.19783
 20
0.91956
 30
0.0
 10
2.19783
 20
0.91956
 30
0.0
  0
SPLINE
  5
355
330
1F
100
AcDbEntity
  8
Layer 1
 62
   250
370
    25
100
AcDbSpline
210
0.0
220
0.0
230
1.0
 70
    24
 71
     3
 72
     8
 73
     4
 74
     0
 42
0.000000001
 43
0.0000000001
 40
0.0
 40
0.0
 40
0.0
 40
0.0
 40
1.0
 40
1.0
 40
1.0
 40
1.0
 10
2.19079
 20
0.91956
 30
0.0
 10
2.19079
 20
0.91956
 30
0.0
 10
2.19079
 20
0.97953
 30
0.0
 10
2.19079
 20
0.97953
 30
0.0
  0
SPLINE
  5
356
330
1F
100
AcDbEntity
  8
Layer 1
 62
   250
370
    25
100
AcDbSpline
210
0.0
220
0.0
230
1.0
 70
    24
 71
     3
 72
     8
 73
     4
 74
     0
 42
0.000000001
 43
0.0000000001
 40
0.0
 40
0.0
 40
0.0
 40
0.0
 40
1.0
 40
1.0
 40
1.0
 40
1.0
 10
2.19079
 20
1.3041
 30
0.0
 10
2.19079
 20
1.3041
 30
0.0
 10
2.19079
 20
1.36407
 30
0.0
 10
2.19079
 20
1.36407
 30
0.0
  0
SPLINE
  5
357
330
1F
100
AcDbEntity
  8
Layer 1
 62
   250
370
    25
100
AcDbSpline
210
0.0
220
0.0
230
1.0
 70
    24
 71
     3
 72
     8
 73
     4
 74
     0
 42
0.000000001
 43
0.0000000001
 40
0.0
 40
0.0
 40
0.0
 40
0.0
 40
1.0
 40
1.0
 40
1.0
 40
1.0
 10
2.19079
 20
1.65335
 30
0.0
 10
2.19079
 20
1.65335
 30
0.0
 10
2.19079
 20
1.71332
 30
0.0
 10
2.19079
 20
1.71332
 30
0.0
  0
SPLINE
  5
358
330
1F
100
AcDbEntity
  8
Layer 1
 62
   250
370
    25
100
AcDbSpline
210
0.0
220
0.0
230
1.0
 70
    24
 71
     3
 72
     8
 73
     4
 74
     0
 42
0.000000001
 43
0.0000000001
 40
0.0
 40
0.0
 40
0.0
 40
0.0
 40
1.0
 40
1.0
 40
1.0
 40
1.0
 10
2.19079
 20
2.0026
 30
0.0
 10
2.19079
 20
2.0026
 30
0.0
 10
2.19079
 20
2.06257
 30
0.0
 10
2.19079
 20
2.06257
 30
0.0
  0
SPLINE
  5
359
330
1F
100
AcDbEntity
  8
Layer 1
 62
   250
370
    25
100
AcDbSpline
210
0.0
220
0.0
230
1.0
 70
    24
 71
     3
 72
     8
 73
     4
 74
     0
 42
0.000000001
 43
0.0000000001
 40
0.0
 40
0.0
 40
0.0
 40
0.0
 40
1.0
 40
1.0
 40
1.0
 40
1.0
 10
2.19079
 20
2.38712
 30
0.0
 10
2.19079
 20
2.38712
 30
0.0
 10
2.19079
 20
2.45062
 30
0.0
 10
2.19079
 20
2.45062
 30
0.0
  0
ENDSEC
  0
SECTION
  2
OBJECTS
  0
DICTIONARY
  5
C
330
0
100
AcDbDictionary
281
     1
  3
ACAD_DETAILVIEWSTYLE
350
398
  3
ACAD_GROUP
350
D
  3
ACAD_LAYOUT
350
1A
  3
ACAD_MATERIAL
350
43
  3
ACAD_MLEADERSTYLE
350
6B
  3
ACAD_MLINESTYLE
350
17
  3
ACAD_PLOTSETTINGS
350
19
  3
ACAD_PLOTSTYLENAME
350
E
  3
ACAD_SCALELIST
350
47
  3
ACAD_SECTIONVIEWSTYLE
350
399
  3
ACAD_TABLESTYLE
350
69
  3
ACAD_VISUALSTYLE
350
2A
  3
ACDB_RECOMPOSE_DATA
350
39E
  3
AcDbVariableDictionary
350
35D
  0
SUN
  5
6D
330
29
100
AcDbSun
 90
        1
290
     0
 63
     7
421
 16777215
 40
1.0
291
     1
 91
  2455826
 92
 54000000
292
     0
 70
     2
 71
   256
280
     1
  0
DICTIONARY
  5
398
102
{ACAD_REACTORS
330
C
102
}
330
C
100
AcDbDictionary
281
     1
  3
Imperial24
350
39A
  0
DICTIONARY
  5
D
102
{ACAD_REACTORS
330
C
102
}
330
C
100
AcDbDictionary
281
     1
  0
DICTIONARY
  5
1A
102
{ACAD_REACTORS
330
C
102
}
330
C
100
AcDbDictionary
281
     1
  3
Layout1
350
1E
  3
Layout2
350
26
  3
Model
350
22
  0
DICTIONARY
  5
43
102
{ACAD_REACTORS
330
C
102
}
330
C
100
AcDbDictionary
281
     1
  3
ByBlock
350
45
  3
ByLayer
350
44
  3
Global
350
46
  0
DICTIONARY
  5
6B
102
{ACAD_REACTORS
330
C
102
}
330
C
100
AcDbDictionary
281
     1
  3
Standard
350
6C
  0
DICTIONARY
  5
17
102
{ACAD_REACTORS
330
C
102
}
330
C
100
AcDbDictionary
281
     1
  3
Standard
350
18
  0
DICTIONARY
  5
19
102
{ACAD_REACTORS
330
C
102
}
330
C
100
AcDbDictionary
281
     1
  0
ACDBDICTIONARYWDFLT
  5
E
102
{ACAD_REACTORS
330
C
102
}
330
C
100
AcDbDictionary
281
     1
  3
Normal
350
F
100
AcDbDictionaryWithDefault
340
F
  0
DICTIONARY
  5
47
102
{ACAD_REACTORS
330
C
102
}
330
C
100
AcDbDictionary
281
     1
  3
A0
350
48
  3
A1
350
49
  3
A2
350
4A
  3
A3
350
4B
  3
A4
350
4C
  3
A5
350
4D
  3
A6
350
4E
  3
A7
350
4F
  3
A8
350
50
  3
A9
350
51
  3
B0
350
52
  3
B1
350
53
  3
B2
350
54
  3
B3
350
55
  3
B4
350
56
  3
B5
350
57
  3
B6
350
58
  3
B7
350
59
  3
B8
350
5A
  3
B9
350
5B
  3
C0
350
5C
  3
C1
350
5D
  3
C2
350
5E
  3
C3
350
5F
  3
C4
350
60
  3
C5
350
61
  3
C6
350
62
  3
C7
350
63
  3
C8
350
64
  3
C9
350
65
  3
D0
350
66
  3
D1
350
67
  3
D2
350
68
  0
DICTIONARY
  5
399
102
{ACAD_REACTORS
330
C
102
}
330
C
100
AcDbDictionary
281
     1
  3
Imperial24
350
39B
  0
DICTIONARY
  5
69
102
{ACAD_REACTORS
330
C
102
}
330
C
100
AcDbDictionary
281
     1
  3
Standard
350
6A
  0
DICTIONARY
  5
2A
102
{ACAD_REACTORS
330
C
102
}
330
C
100
AcDbDictionary
281
     1
  3
2dWireframe
350
2F
  3
Basic
350
32
  3
Brighten
350
36
  3
ColorChange
350
3A
  3
Conceptual
350
34
  3
Dim
350
35
  3
EdgeColorOff
350
3D
  3
Facepattern
350
39
  3
Flat
350
2B
  3
FlatWithEdges
350
2C
  3
Gouraud
350
2D
  3
GouraudWithEdges
350
2E
  3
Hidden
350
31
  3
JitterOff
350
3B
  3
Linepattern
350
38
  3
OverhangOff
350
3C
  3
Realistic
350
33
  3
Shaded
350
42
  3
Shaded with edges
350
41
  3
Shades of Gray
350
3E
  3
Sketchy
350
3F
  3
Thicken
350
37
  3
Wireframe
350
30
  3
X-Ray
350
40
  0
XRECORD
  5
39E
102
{ACAD_REACTORS
330
C
102
}
330
C
100
AcDbXrecord
280
     1
 90
        1
330
6A
  0
DICTIONARY
  5
35D
102
{ACAD_REACTORS
330
C
102
}
330
C
100
AcDbDictionary
281
     1
  3
CANNOSCALE
350
35E
  3
CMLEADERSTYLE
350
397
  3
CTABLESTYLE
350
396
  3
CVIEWDETAILSTYLE
350
39F
  3
CVIEWSECTIONSTYLE
350
3A0
  3
XCLIPFRAME
350
35F
  0
ACDBDETAILVIEWSTYLE
  5
39A
102
{ACAD_REACTORS
330
398
102
}
330
398
100
AcDbModelDocViewStyle
 70
     0
  3
Imperial24
290
     0
300
Imperial24
 90
        0
100
AcDbDetailViewStyle
 70
     0
 71
     0
 90
        3
 71
     1
340
11
 62
   256
 40
0.24
340
0
 62
   256
 40
0.24
300

 40
0.36
280
     3
 71
     2
340
16
 90
       25
 62
   256
 71
     3
340
11
 62
   256
 40
0.24
 90
        1
 40
0.75
 90
        1
300
%<\AcVar ViewType \f "%tc1">% %<\AcVar ViewDetailId>%\PSCALE %<\AcVar ViewScale \f "%sn">%
 71
     4
340
16
 90
       25
 62
   256
340
16
 90
       25
 62
   256
280
     0
  0
LAYOUT
  5
1E
102
{ACAD_REACTORS
330
1A
102
}
330
1A
100
AcDbPlotSettings
  1

  2
none_device
  4

  6

 40
0.0
 41
0.0
 42
0.0
 43
0.0
 44
0.0
 45
0.0
 46
0.0
 47
0.0
 48
0.0
 49
0.0
140
0.0
141
0.0
142
1.0
143
1.0
 70
   688
 72
     0
 73
     0
 74
     5
  7

 75
    16
 76
     0
 77
     2
 78
   300
147
1.0
148
0.0
149
0.0
100
AcDbLayout
  1
Layout1
 70
     1
 71
     1
 10
0.0
 20
0.0
 11
12.0
 21
9.0
 12
0.0
 22
0.0
 32
0.0
 14
1.000000000000000E+20
 24
1.000000000000000E+20
 34
1.000000000000000E+20
 15
-1.000000000000000E+20
 25
-1.000000000000000E+20
 35
-1.000000000000000E+20
146
0.0
 13
0.0
 23
0.0
 33
0.0
 16
1.0
 26
0.0
 36
0.0
 17
0.0
 27
1.0
 37
0.0
 76
     0
330
1B
  0
LAYOUT
  5
26
102
{ACAD_REACTORS
330
1A
102
}
330
1A
100
AcDbPlotSettings
  1

  2
none_device
  4

  6

 40
0.0
 41
0.0
 42
0.0
 43
0.0
 44
0.0
 45
0.0
 46
0.0
 47
0.0
 48
0.0
 49
0.0
140
0.0
141
0.0
142
1.0
143
1.0
 70
   688
 72
     0
 73
     0
 74
     5
  7

 75
    16
 76
     0
 77
     2
 78
   300
147
1.0
148
0.0
149
0.0
100
AcDbLayout
  1
Layout2
 70
     1
 71
     2
 10
0.0
 20
0.0
 11
0.0
 21
0.0
 12
0.0
 22
0.0
 32
0.0
 14
0.0
 24
0.0
 34
0.0
 15
0.0
 25
0.0
 35
0.0
146
0.0
 13
0.0
 23
0.0
 33
0.0
 16
1.0
 26
0.0
 36
0.0
 17
0.0
 27
1.0
 37
0.0
 76
     0
330
23
  0
LAYOUT
  5
22
102
{ACAD_REACTORS
330
1A
102
}
330
1A
100
AcDbPlotSettings
  1

  2
none_device
  4
Letter_(8.50_x_11.00_Inches)
  6

 40
6.35
 41
6.35
 42
6.35000508
 43
6.35000508
 44
215.9
 45
279.4
 46
0.0
 47
0.0
 48
0.0
 49
0.0
140
0.0
141
0.0
142
1.0
143
1.0
 70
  1712
 72
     0
 73
     0
 74
     0
  7

 75
     0
 76
     0
 77
     2
 78
   300
147
1.0
148
0.0
149
0.0
100
AcDbLayout
  1
Model
 70
     1
 71
     0
 10
0.0
 20
0.0
 11
12.0
 21
9.0
 12
0.0
 22
0.0
 32
0.0
 14
-8.36982
 24
-8.61676
 34
0.0
 15
4.5422
 25
8.01703
 35
0.0
146
0.0
 13
0.0
 23
0.0
 33
0.0
 16
1.0
 26
0.0
 36
0.0
 17
0.0
 27
1.0
 37
0.0
 76
     0
330
1F
331
29
  0
MATERIAL
  5
45
102
{ACAD_REACTORS
330
43
102
}
330
43
100
AcDbMaterial
  1
ByBlock
 72
     1
 94
      127
  0
MATERIAL
  5
44
102
{ACAD_REACTORS
330
43
102
}
330
43
100
AcDbMaterial
  1
ByLayer
 72
     1
 94
      127
  0
MATERIAL
  5
46
102
{ACAD_REACTORS
330
43
102
}
330
43
100
AcDbMaterial
  1
Global
 72
     1
 94
      127
  0
MLEADERSTYLE
  5
6C
102
{ACAD_REACTORS
330
6B
102
}
330
6B
100
AcDbMLeaderStyle
179
     2
170
     2
171
     1
172
     0
 90
        2
 40
0.0
 41
0.0
173
     1
 91
-1056964608
340
14
 92
       -2
290
     1
 42
0.09
291
     1
 43
0.36
  3
Standard
341
0
 44
0.18
300

342
11
174
     1
178
     6
175
     1
176
     0
 93
-1056964608
 45
0.18
292
     0
297
     0
 46
0.18
343
0
 94
-1056964608
 47
1.0
 49
1.0
140
1.0
293
     1
141
0.0
294
     1
177
     0
142
1.0
295
     0
296
     0
143
0.125
271
     0
272
     9
273
     9
298
     0
  0
MLINESTYLE
  5
18
102
{ACAD_REACTORS
330
17
102
}
330
17
100
AcDbMlineStyle
  2
Standard
 70
     0
  3

 62
   256
 51
90.0
 52
90.0
 71
     2
 49
0.5
 62
   256
  6
BYLAYER
 49
-0.5
 62
   256
  6
BYLAYER
  0
ACDBPLACEHOLDER
  5
F
102
{ACAD_REACTORS
330
E
102
}
330
E
  0
SCALE
  5
48
102
{ACAD_REACTORS
330
47
102
}
330
47
100
AcDbScale
 70
     0
300
1:1
140
1.0
141
1.0
290
     1
  0
SCALE
  5
49
102
{ACAD_REACTORS
330
47
102
}
330
47
100
AcDbScale
 70
     0
300
1:2
140
1.0
141
2.0
290
     0
  0
SCALE
  5
4A
102
{ACAD_REACTORS
330
47
102
}
330
47
100
AcDbScale
 70
     0
300
1:4
140
1.0
141
4.0
290
     0
  0
SCALE
  5
4B
102
{ACAD_REACTORS
330
47
102
}
330
47
100
AcDbScale
 70
     0
300
1:5
140
1.0
141
5.0
290
     0
  0
SCALE
  5
4C
102
{ACAD_REACTORS
330
47
102
}
330
47
100
AcDbScale
 70
     0
300
1:8
140
1.0
141
8.0
290
     0
  0
SCALE
  5
4D
102
{ACAD_REACTORS
330
47
102
}
330
47
100
AcDbScale
 70
     0
300
1:10
140
1.0
141
10.0
290
     0
  0
SCALE
  5
4E
102
{ACAD_REACTORS
330
47
102
}
330
47
100
AcDbScale
 70
     0
300
1:16
140
1.0
141
16.0
290
     0
  0
SCALE
  5
4F
102
{ACAD_REACTORS
330
47
102
}
330
47
100
AcDbScale
 70
     0
300
1:20
140
1.0
141
20.0
290
     0
  0
SCALE
  5
50
102
{ACAD_REACTORS
330
47
102
}
330
47
100
AcDbScale
 70
     0
300
1:30
140
1.0
141
30.0
290
     0
  0
SCALE
  5
51
102
{ACAD_REACTORS
330
47
102
}
330
47
100
AcDbScale
 70
     0
300
1:40
140
1.0
141
40.0
290
     0
  0
SCALE
  5
52
102
{ACAD_REACTORS
330
47
102
}
330
47
100
AcDbScale
 70
     0
300
1:50
140
1.0
141
50.0
290
     0
  0
SCALE
  5
53
102
{ACAD_REACTORS
330
47
102
}
330
47
100
AcDbScale
 70
     0
300
1:100
140
1.0
141
100.0
290
     0
  0
SCALE
  5
54
102
{ACAD_REACTORS
330
47
102
}
330
47
100
AcDbScale
 70
     0
300
2:1
140
2.0
141
1.0
290
     0
  0
SCALE
  5
55
102
{ACAD_REACTORS
330
47
102
}
330
47
100
AcDbScale
 70
     0
300
4:1
140
4.0
141
1.0
290
     0
  0
SCALE
  5
56
102
{ACAD_REACTORS
330
47
102
}
330
47
100
AcDbScale
 70
     0
300
8:1
140
8.0
141
1.0
290
     0
  0
SCALE
  5
57
102
{ACAD_REACTORS
330
47
102
}
330
47
100
AcDbScale
 70
     0
300
10:1
140
10.0
141
1.0
290
     0
  0
SCALE
  5
58
102
{ACAD_REACTORS
330
47
102
}
330
47
100
AcDbScale
 70
     0
300
100:1
140
100.0
141
1.0
290
     0
  0
SCALE
  5
59
102
{ACAD_REACTORS
330
47
102
}
330
47
100
AcDbScale
 70
     0
300
1/128" = 1'-0"
140
0.0078125
141
12.0
290
     0
  0
SCALE
  5
5A
102
{ACAD_REACTORS
330
47
102
}
330
47
100
AcDbScale
 70
     0
300
1/64" = 1'-0"
140
0.015625
141
12.0
290
     0
  0
SCALE
  5
5B
102
{ACAD_REACTORS
330
47
102
}
330
47
100
AcDbScale
 70
     0
300
1/32" = 1'-0"
140
0.03125
141
12.0
290
     0
  0
SCALE
  5
5C
102
{ACAD_REACTORS
330
47
102
}
330
47
100
AcDbScale
 70
     0
300
1/16" = 1'-0"
140
0.0625
141
12.0
290
     0
  0
SCALE
  5
5D
102
{ACAD_REACTORS
330
47
102
}
330
47
100
AcDbScale
 70
     0
300
3/32" = 1'-0"
140
0.09375
141
12.0
290
     0
  0
SCALE
  5
5E
102
{ACAD_REACTORS
330
47
102
}
330
47
100
AcDbScale
 70
     0
300
1/8" = 1'-0"
140
0.125
141
12.0
290
     0
  0
SCALE
  5
5F
102
{ACAD_REACTORS
330
47
102
}
330
47
100
AcDbScale
 70
     0
300
3/16" = 1'-0"
140
0.1875
141
12.0
290
     0
  0
SCALE
  5
60
102
{ACAD_REACTORS
330
47
102
}
330
47
100
AcDbScale
 70
     0
300
1/4" = 1'-0"
140
0.25
141
12.0
290
     0
  0
SCALE
  5
61
102
{ACAD_REACTORS
330
47
102
}
330
47
100
AcDbScale
 70
     0
300
3/8" = 1'-0"
140
0.375
141
12.0
290
     0
  0
SCALE
  5
62
102
{ACAD_REACTORS
330
47
102
}
330
47
100
AcDbScale
 70
     0
300
1/2" = 1'-0"
140
0.5
141
12.0
290
     0
  0
SCALE
  5
63
102
{ACAD_REACTORS
330
47
102
}
330
47
100
AcDbScale
 70
     0
300
3/4" = 1'-0"
140
0.75
141
12.0
290
     0
  0
SCALE
  5
64
102
{ACAD_REACTORS
330
47
102
}
330
47
100
AcDbScale
 70
     0
300
1" = 1'-0"
140
1.0
141
12.0
290
     0
  0
SCALE
  5
65
102
{ACAD_REACTORS
330
47
102
}
330
47
100
AcDbScale
 70
     0
300
1-1/2" = 1'-0"
140
1.5
141
12.0
290
     0
  0
SCALE
  5
66
102
{ACAD_REACTORS
330
47
102
}
330
47
100
AcDbScale
 70
     0
300
3" = 1'-0"
140
3.0
141
12.0
290
     0
  0
SCALE
  5
67
102
{ACAD_REACTORS
330
47
102
}
330
47
100
AcDbScale
 70
     0
300
6" = 1'-0"
140
6.0
141
12.0
290
     0
  0
SCALE
  5
68
102
{ACAD_REACTORS
330
47
102
}
330
47
100
AcDbScale
 70
     0
300
1'-0" = 1'-0"
140
12.0
141
12.0
290
     0
  0
ACDBSECTIONVIEWSTYLE
  5
39B
102
{ACAD_REACTORS
330
399
102
}
330
399
100
AcDbModelDocViewStyle
 70
     0
  3
Imperial24
290
     0
300
Imperial24
 90
        0
100
AcDbSectionViewStyle
 70
     0
 71
     0
 90
       78
 71
     1
340
11
 62
   256
 40
0.24
340
0
340
0
 62
   256
 40
0.24
300
I, O, Q, S, X, Z
 40
0.48
 90
        3
 40
0.18
 90
        1
 71
     2
340
16
 90
       25
 62
   256
340
16
 90
       50
 62
   256
 40
0.24
 40
0.0
 40
0.24
 71
     3
340
11
 62
   256
 40
0.24
 90
        1
 40
0.75
 90
        1
300
%<\AcVar ViewType \f "%tc1">% %<\AcVar ViewSectionStartId>%-%<\AcVar ViewSectionEndId>%\PSCALE %<\AcVar ViewScale \f "%sn">%
 71
     4
 62
   256
 62
   257
300
ANSI31
 40
1.0
 90
        0
290
     0
290
     0
 90
        6
 40
0.0
 40
1.570796326794897
 40
0.2617993877991494
 40
1.308996938995747
 40
-0.2617993877991494
 40
1.832595714594046
  0
TABLESTYLE
  5
6A
102
{ACAD_REACTORS
330
69
102
}
102
{ACAD_XDICTIONARY
360
39C
102
}
330
69
100
AcDbTableStyle
  3
Standard
 70
     0
 71
     0
 40
0.06
 41
0.06
280
     0
281
     0
  7
Standard
140
0.18
170
     2
 62
     0
 63
   257
283
     0
 90
        4
 91
        0
  1

274
    -2
284
     1
 64
     0
275
    -2
285
     1
 65
     0
276
    -2
286
     1
 66
     0
277
    -2
287
     1
 67
     0
278
    -2
288
     1
 68
     0
279
    -2
289
     1
 69
     0
  7
Standard
140
0.25
170
     5
 62
     0
 63
   257
283
     0
 90
        4
 91
        0
  1

274
    -2
284
     1
 64
     0
275
    -2
285
     1
 65
     0
276
    -2
286
     1
 66
     0
277
    -2
287
     1
 67
     0
278
    -2
288
     1
 68
     0
279
    -2
289
     1
 69
     0
  7
Standard
140
0.18
170
     5
 62
     0
 63
   257
283
     0
 90
        4
 91
        0
  1

274
    -2
284
     1
 64
     0
275
    -2
285
     1
 65
     0
276
    -2
286
     1
 66
     0
277
    -2
287
     1
 67
     0
278
    -2
288
     1
 68
     0
279
    -2
289
     1
 69
     0
  0
VISUALSTYLE
  5
2F
102
{ACAD_REACTORS
330
2A
102
}
330
2A
100
AcDbVisualStyle
  2
2dWireframe
 70
     4
177
     3
291
     0
 70
    58
 90
        0
176
     1
 90
        2
176
     1
 90
        0
176
     1
 90
        0
176
     1
 40
0.6
176
     1
 40
30.0
176
     1
 62
     7
420
 16777215
176
     1
 90
        1
176
     1
 90
        4
176
     1
 62
     7
176
     1
 62
   257
176
     1
 90
        1
176
     1
 90
        1
176
     1
 40
1.0
176
     1
 90
        0
176
     1
 62
   257
176
     1
 40
1.0
176
     1
 90
        1
176
     1
 90
        6
176
     1
 90
        2
176
     1
 62
     7
176
     1
 90
        5
176
     1
 90
        0
176
     1
 90
        0
176
     1
290
     0
176
     1
 90
        1
176
     1
 40
0.0
176
     1
 90
        0
176
     1
290
     1
176
     1
290
     1
176
     1
290
     0
176
     1
290
     0
176
     1
290
     0
176
     1
290
     0
176
     1
290
     0
176
     1
290
     0
176
     1
290
     0
176
     1
 90
       50
176
     1
 40
0.0
176
     1
 40
1.0
176
     1
 90
        0
176
     1
 62
    18
420
        0
176
     1
 90
       50
176
     1
 90
        3
176
     1
 62
     5
420
      255
176
     1
290
     0
176
     1
 90
       50
176
     1
 90
       50
176
     1
 90
       50
176
     1
290
     0
176
     1
 90
       50
176
     1
 62
   256
176
     0
 40
1.0
176
     0
 90
        2
176
     1
  1
strokes_ogs.tif
176
     1
290
     0
176
     1
 40
1.0
176
     1
 40
1.0
176
     1
  0
VISUALSTYLE
  5
32
102
{ACAD_REACTORS
330
2A
102
}
330
2A
100
AcDbVisualStyle
  2
Basic
 70
     7
177
     3
291
     1
 70
    58
 90
        1
176
     1
 90
        0
176
     1
 90
        1
176
     1
 90
        0
176
     1
 40
0.6
176
     1
 40
30.0
176
     1
 62
     7
420
 16777215
176
     1
 90
        0
176
     1
 90
        4
176
     1
 62
     7
176
     1
 62
   257
176
     1
 90
        1
176
     1
 90
        1
176
     1
 40
1.0
176
     1
 90
        8
176
     1
 62
     7
176
     1
 40
1.0
176
     1
 90
        1
176
     1
 90
        6
176
     1
 90
        2
176
     1
 62
     7
176
     1
 90
        5
176
     1
 90
        0
176
     1
 90
        0
176
     1
290
     0
176
     1
 90
        1
176
     1
 40
0.0
176
     1
 90
        0
176
     1
290
     0
176
     1
290
     1
176
     1
290
     1
176
     1
290
     0
176
     1
290
     0
176
     1
290
     0
176
     1
290
     0
176
     1
290
     0
176
     1
290
     0
176
     1
 90
       50
176
     1
 40
0.0
176
     1
 40
1.0
176
     1
 90
        0
176
     1
 62
    18
420
        0
176
     1
 90
       50
176
     1
 90
        3
176
     1
 62
     5
420
      255
176
     1
290
     0
176
     1
 90
       50
176
     1
 90
       50
176
     1
 90
       50
176
     1
290
     0
176
     1
 90
       50
176
     1
 62
   256
176
     0
 40
1.0
176
     0
 90
        2
176
     1
  1
strokes_ogs.tif
176
     1
290
     0
176
     1
 40
1.0
176
     1
 40
1.0
176
     1
  0
VISUALSTYLE
  5
36
102
{ACAD_REACTORS
330
2A
102
}
330
2A
100
AcDbVisualStyle
  2
Brighten
 70
    12
177
     3
291
     1
 70
    58
 90
        2
176
     1
 90
        2
176
     1
 90
        0
176
     1
 90
        0
176
     1
 40
0.6
176
     1
 40
30.0
176
     1
 62
     7
420
 16777215
176
     1
 90
        1
176
     1
 90
        4
176
     1
 62
     7
176
     1
 62
   257
176
     1
 90
        1
176
     1
 90
        1
176
     1
 40
1.0
176
     1
 90
        8
176
     1
 62
     7
176
     1
 40
1.0
176
     1
 90
        1
176
     1
 90
        6
176
     1
 90
        2
176
     1
 62
     7
176
     1
 90
        5
176
     1
 90
        0
176
     1
 90
        0
176
     1
290
     0
176
     1
 90
        1
176
     1
 40
50.0
176
     1
 90
        0
176
     1
290
     0
176
     1
290
     1
176
     1
290
     1
176
     1
290
     0
176
     1
290
     0
176
     1
290
     0
176
     1
290
     0
176
     1
290
     0
176
     1
290
     0
176
     1
 90
       50
176
     1
 40
0.0
176
     1
 40
1.0
176
     1
 90
        0
176
     1
 62
    18
420
        0
176
     1
 90
       50
176
     1
 90
        3
176
     1
 62
     5
420
      255
176
     1
290
     0
176
     1
 90
       50
176
     1
 90
       50
176
     1
 90
       50
176
     1
290
     0
176
     1
 90
       50
176
     1
 62
   256
176
     0
 40
1.0
176
     0
 90
        2
176
     1
  1
strokes_ogs.tif
176
     1
290
     0
176
     1
 40
1.0
176
     1
 40
1.0
176
     1
  0
VISUALSTYLE
  5
3A
102
{ACAD_REACTORS
330
2A
102
}
330
2A
100
AcDbVisualStyle
  2
ColorChange
 70
    16
177
     3
291
     1
 70
    58
 90
        2
176
     1
 90
        2
176
     1
 90
        3
176
     1
 90
        0
176
     1
 40
0.6
176
     1
 40
30.0
176
     1
 62
     8
420
  8421504
176
     1
 90
        1
176
     1
 90
        4
176
     1
 62
     7
176
     1
 62
   257
176
     1
 90
        1
176
     1
 90
        1
176
     1
 40
1.0
176
     1
 90
        8
176
     1
 62
     8
420
  8421504
176
     1
 40
1.0
176
     1
 90
        1
176
     1
 90
        6
176
     1
 90
        2
176
     1
 62
     7
176
     1
 90
        5
176
     1
 90
        0
176
     1
 90
        0
176
     1
290
     0
176
     1
 90
        1
176
     1
 40
0.0
176
     1
 90
        0
176
     1
290
     0
176
     1
290
     1
176
     1
290
     1
176
     1
290
     0
176
     1
290
     0
176
     1
290
     0
176
     1
290
     0
176
     1
290
     0
176
     1
290
     0
176
     1
 90
       50
176
     1
 40
0.0
176
     1
 40
1.0
176
     1
 90
        0
176
     1
 62
    18
420
        0
176
     1
 90
       50
176
     1
 90
        3
176
     1
 62
     5
420
      255
176
     1
290
     0
176
     1
 90
       50
176
     1
 90
       50
176
     1
 90
       50
176
     1
290
     0
176
     1
 90
       50
176
     1
 62
   256
176
     0
 40
1.0
176
     0
 90
        2
176
     1
  1
strokes_ogs.tif
176
     1
290
     0
176
     1
 40
1.0
176
     1
 40
1.0
176
     1
  0
VISUALSTYLE
  5
34
102
{ACAD_REACTORS
330
2A
102
}
330
2A
100
AcDbVisualStyle
  2
Conceptual
 70
     9
177
     3
291
     0
 70
    58
 90
        3
176
     1
 90
        2
176
     1
 90
        0
176
     1
 90
        0
176
     1
 40
0.6
176
     1
 40
30.0
176
     1
 62
     7
420
 16777215
176
     1
 90
        2
176
     1
 90
        2
176
     1
 62
     7
176
     1
 62
   257
176
     1
 90
        1
176
     1
 90
        1
176
     1
 40
179.0
176
     1
 90
        8
176
     1
 62
     7
176
     1
 40
1.0
176
     1
 90
        1
176
     1
 90
        6
176
     1
 90
        2
176
     1
 62
     7
176
     1
 90
        3
176
     1
 90
        0
176
     1
 90
        0
176
     1
290
     0
176
     1
 90
        1
176
     1
 40
0.0
176
     1
 90
        0
176
     1
290
     0
176
     1
290
     1
176
     1
290
     1
176
     1
290
     0
176
     1
290
     0
176
     1
290
     0
176
     1
290
     0
176
     1
290
     0
176
     1
290
     0
176
     1
 90
       50
176
     1
 40
0.0
176
     1
 40
1.0
176
     1
 90
        0
176
     1
 62
    18
420
        0
176
     1
 90
       50
176
     1
 90
        3
176
     1
 62
     5
420
      255
176
     1
290
     0
176
     1
 90
       50
176
     1
 90
       50
176
     1
 90
       50
176
     1
290
     0
176
     1
 90
       50
176
     1
 62
   256
176
     0
 40
1.0
176
     0
 90
        2
176
     1
  1
strokes_ogs.tif
176
     1
290
     0
176
     1
 40
1.0
176
     1
 40
1.0
176
     1
  0
VISUALSTYLE
  5
35
102
{ACAD_REACTORS
330
2A
102
}
330
2A
100
AcDbVisualStyle
  2
Dim
 70
    11
177
     3
291
     1
 70
    58
 90
        2
176
     1
 90
        2
176
     1
 90
        0
176
     1
 90
        0
176
     1
 40
0.6
176
     1
 40
30.0
176
     1
 62
     7
420
 16777215
176
     1
 90
        1
176
     1
 90
        4
176
     1
 62
     7
176
     1
 62
   257
176
     1
 90
        1
176
     1
 90
        1
176
     1
 40
1.0
176
     1
 90
        8
176
     1
 62
     7
176
     1
 40
1.0
176
     1
 90
        1
176
     1
 90
        6
176
     1
 90
        2
176
     1
 62
     7
176
     1
 90
        5
176
     1
 90
        0
176
     1
 90
        0
176
     1
290
     0
176
     1
 90
        1
176
     1
 40
-50.0
176
     1
 90
        0
176
     1
290
     0
176
     1
290
     1
176
     1
290
     1
176
     1
290
     0
176
     1
290
     0
176
     1
290
     0
176
     1
290
     0
176
     1
290
     0
176
     1
290
     0
176
     1
 90
       50
176
     1
 40
0.0
176
     1
 40
1.0
176
     1
 90
        0
176
     1
 62
    18
420
        0
176
     1
 90
       50
176
     1
 90
        3
176
     1
 62
     5
420
      255
176
     1
290
     0
176
     1
 90
       50
176
     1
 90
       50
176
     1
 90
       50
176
     1
290
     0
176
     1
 90
       50
176
     1
 62
   256
176
     0
 40
1.0
176
     0
 90
        2
176
     1
  1
strokes_ogs.tif
176
     1
290
     0
176
     1
 40
1.0
176
     1
 40
1.0
176
     1
  0
VISUALSTYLE
  5
3D
102
{ACAD_REACTORS
330
2A
102
}
330
2A
100
AcDbVisualStyle
  2
EdgeColorOff
 70
    22
177
     3
291
     1
 70
    58
 90
        2
176
     0
 90
        2
176
     0
 90
        0
176
     0
 90
        0
176
     0
 40
0.6
176
     0
 40
30.0
176
     0
 62
     7
420
 16777215
176
     0
 90
        1
176
     0
 90
        4
176
     0
 62
     7
176
     0
 62
   257
176
     0
 90
        1
176
     0
 90
        1
176
     0
 40
1.0
176
     0
 90
        8
176
     2
 62
     7
176
     0
 40
1.0
176
     0
 90
        1
176
     0
 90
        6
176
     0
 90
        2
176
     0
 62
     7
176
     0
 90
        5
176
     0
 90
        0
176
     0
 90
        0
176
     0
290
     0
176
     0
 90
        1
176
     0
 40
0.0
176
     0
 90
        0
176
     0
290
     0
176
     0
290
     1
176
     0
290
     1
176
     0
290
     0
176
     0
290
     0
176
     0
290
     0
176
     0
290
     0
176
     0
290
     0
176
     0
290
     0
176
     0
 90
       50
176
     0
 40
0.0
176
     0
 40
1.0
176
     0
 90
        0
176
     0
 62
    18
420
        0
176
     0
 90
       50
176
     0
 90
        3
176
     0
 62
     5
420
      255
176
     0
290
     0
176
     0
 90
       50
176
     0
 90
       50
176
     0
 90
       50
176
     0
290
     0
176
     0
 90
       50
176
     0
 62
   256
176
     0
 40
1.0
176
     0
 90
        2
176
     0
  1
strokes_ogs.tif
176
     0
290
     0
176
     0
 40
1.0
176
     0
 40
1.0
176
     0
  0
VISUALSTYLE
  5
39
102
{ACAD_REACTORS
330
2A
102
}
330
2A
100
AcDbVisualStyle
  2
Facepattern
 70
    15
177
     3
291
     1
 70
    58
 90
        2
176
     1
 90
        2
176
     1
 90
        0
176
     1
 90
        0
176
     1
 40
0.6
176
     1
 40
30.0
176
     1
 62
     7
420
 16777215
176
     1
 90
        1
176
     1
 90
        4
176
     1
 62
     7
176
     1
 62
   257
176
     1
 90
        1
176
     1
 90
        1
176
     1
 40
1.0
176
     1
 90
        8
176
     1
 62
     7
176
     1
 40
1.0
176
     1
 90
        1
176
     1
 90
        6
176
     1
 90
        2
176
     1
 62
     7
176
     1
 90
        5
176
     1
 90
        0
176
     1
 90
        0
176
     1
290
     0
176
     1
 90
        1
176
     1
 40
0.0
176
     1
 90
        0
176
     1
290
     0
176
     1
290
     1
176
     1
290
     1
176
     1
290
     0
176
     1
290
     0
176
     1
290
     0
176
     1
290
     0
176
     1
290
     0
176
     1
290
     0
176
     1
 90
       50
176
     1
 40
0.0
176
     1
 40
1.0
176
     1
 90
        0
176
     1
 62
    18
420
        0
176
     1
 90
       50
176
     1
 90
        3
176
     1
 62
     5
420
      255
176
     1
290
     0
176
     1
 90
       50
176
     1
 90
       50
176
     1
 90
       50
176
     1
290
     0
176
     1
 90
       50
176
     1
 62
   256
176
     0
 40
1.0
176
     0
 90
        2
176
     1
  1
strokes_ogs.tif
176
     1
290
     0
176
     1
 40
1.0
176
     1
 40
1.0
176
     1
  0
VISUALSTYLE
  5
2B
102
{ACAD_REACTORS
330
2A
102
}
330
2A
100
AcDbVisualStyle
  2
Flat
 70
     0
177
     3
291
     1
 70
    58
 90
        2
176
     1
 90
        1
176
     1
 90
        1
176
     1
 90
        2
176
     1
 40
0.6
176
     1
 40
30.0
176
     1
 62
     7
420
 16777215
176
     1
 90
        0
176
     1
 90
        0
176
     1
 62
     7
176
     1
 62
   257
176
     1
 90
        1
176
     1
 90
        1
176
     1
 40
1.0
176
     1
 90
        8
176
     1
 62
     7
176
     1
 40
1.0
176
     1
 90
        1
176
     1
 90
        6
176
     1
 90
        2
176
     1
 62
     7
176
     1
 90
        5
176
     1
 90
        0
176
     1
 90
        0
176
     1
290
     0
176
     1
 90
       13
176
     1
 40
0.0
176
     1
 90
        0
176
     1
290
     0
176
     1
290
     1
176
     1
290
     1
176
     1
290
     0
176
     1
290
     0
176
     1
290
     0
176
     1
290
     0
176
     1
290
     0
176
     1
290
     0
176
     1
 90
       50
176
     1
 40
0.0
176
     1
 40
1.0
176
     1
 90
        0
176
     1
 62
    18
420
        0
176
     1
 90
       50
176
     1
 90
        3
176
     1
 62
     5
420
      255
176
     1
290
     0
176
     1
 90
       50
176
     1
 90
       50
176
     1
 90
       50
176
     1
290
     0
176
     1
 90
       50
176
     1
 62
   256
176
     0
 40
1.0
176
     0
 90
        2
176
     1
  1
strokes_ogs.tif
176
     1
290
     0
176
     1
 40
1.0
176
     1
 40
1.0
176
     1
  0
VISUALSTYLE
  5
2C
102
{ACAD_REACTORS
330
2A
102
}
330
2A
100
AcDbVisualStyle
  2
FlatWithEdges
 70
     1
177
     3
291
     1
 70
    58
 90
        2
176
     1
 90
        1
176
     1
 90
        1
176
     1
 90
        2
176
     1
 40
0.6
176
     1
 40
30.0
176
     1
 62
     7
420
 16777215
176
     1
 90
        1
176
     1
 90
        0
176
     1
 62
     7
176
     1
 62
   257
176
     1
 90
        1
176
     1
 90
        1
176
     1
 40
1.0
176
     1
 90
        0
176
     1
 62
   257
176
     1
 40
1.0
176
     1
 90
        1
176
     1
 90
        6
176
     1
 90
        2
176
     1
 62
     7
176
     1
 90
        5
176
     1
 90
        0
176
     1
 90
        0
176
     1
290
     0
176
     1
 90
       13
176
     1
 40
0.0
176
     1
 90
        0
176
     1
290
     0
176
     1
290
     1
176
     1
290
     1
176
     1
290
     0
176
     1
290
     0
176
     1
290
     0
176
     1
290
     0
176
     1
290
     0
176
     1
290
     0
176
     1
 90
       50
176
     1
 40
0.0
176
     1
 40
1.0
176
     1
 90
        0
176
     1
 62
    18
420
        0
176
     1
 90
       50
176
     1
 90
        3
176
     1
 62
     5
420
      255
176
     1
290
     0
176
     1
 90
       50
176
     1
 90
       50
176
     1
 90
       50
176
     1
290
     0
176
     1
 90
       50
176
     1
 62
   256
176
     0
 40
1.0
176
     0
 90
        2
176
     1
  1
strokes_ogs.tif
176
     1
290
     0
176
     1
 40
1.0
176
     1
 40
1.0
176
     1
  0
VISUALSTYLE
  5
2D
102
{ACAD_REACTORS
330
2A
102
}
330
2A
100
AcDbVisualStyle
  2
Gouraud
 70
     2
177
     3
291
     1
 70
    58
 90
        2
176
     1
 90
        2
176
     1
 90
        1
176
     1
 90
        2
176
     1
 40
0.6
176
     1
 40
30.0
176
     1
 62
     7
420
 16777215
176
     1
 90
        0
176
     1
 90
        0
176
     1
 62
     7
176
     1
 62
   257
176
     1
 90
        1
176
     1
 90
        1
176
     1
 40
1.0
176
     1
 90
        0
176
     1
 62
     7
176
     1
 40
1.0
176
     1
 90
        1
176
     1
 90
        6
176
     1
 90
        2
176
     1
 62
     7
176
     1
 90
        5
176
     1
 90
        0
176
     1
 90
        0
176
     1
290
     0
176
     1
 90
       13
176
     1
 40
0.0
176
     1
 90
        0
176
     1
290
     0
176
     1
290
     1
176
     1
290
     1
176
     1
290
     0
176
     1
290
     0
176
     1
290
     0
176
     1
290
     0
176
     1
290
     0
176
     1
290
     0
176
     1
 90
       50
176
     1
 40
0.0
176
     1
 40
1.0
176
     1
 90
        0
176
     1
 62
    18
420
        0
176
     1
 90
       50
176
     1
 90
        3
176
     1
 62
     5
420
      255
176
     1
290
     0
176
     1
 90
       50
176
     1
 90
       50
176
     1
 90
       50
176
     1
290
     0
176
     1
 90
       50
176
     1
 62
   256
176
     0
 40
1.0
176
     0
 90
        2
176
     1
  1
strokes_ogs.tif
176
     1
290
     0
176
     1
 40
1.0
176
     1
 40
1.0
176
     1
  0
VISUALSTYLE
  5
2E
102
{ACAD_REACTORS
330
2A
102
}
330
2A
100
AcDbVisualStyle
  2
GouraudWithEdges
 70
     3
177
     3
291
     1
 70
    58
 90
        2
176
     1
 90
        2
176
     1
 90
        1
176
     1
 90
        2
176
     1
 40
0.6
176
     1
 40
30.0
176
     1
 62
     7
420
 16777215
176
     1
 90
        1
176
     1
 90
        0
176
     1
 62
     7
176
     1
 62
   257
176
     1
 90
        1
176
     1
 90
        1
176
     1
 40
1.0
176
     1
 90
        0
176
     1
 62
   257
176
     1
 40
1.0
176
     1
 90
        1
176
     1
 90
        6
176
     1
 90
        2
176
     1
 62
     7
176
     1
 90
        5
176
     1
 90
        0
176
     1
 90
        0
176
     1
290
     0
176
     1
 90
       13
176
     1
 40
0.0
176
     1
 90
        0
176
     1
290
     0
176
     1
290
     1
176
     1
290
     1
176
     1
290
     0
176
     1
290
     0
176
     1
290
     0
176
     1
290
     0
176
     1
290
     0
176
     1
290
     0
176
     1
 90
       50
176
     1
 40
0.0
176
     1
 40
1.0
176
     1
 90
        0
176
     1
 62
    18
420
        0
176
     1
 90
       50
176
     1
 90
        3
176
     1
 62
     5
420
      255
176
     1
290
     0
176
     1
 90
       50
176
     1
 90
       50
176
     1
 90
       50
176
     1
290
     0
176
     1
 90
       50
176
     1
 62
   256
176
     0
 40
1.0
176
     0
 90
        2
176
     1
  1
strokes_ogs.tif
176
     1
290
     0
176
     1
 40
1.0
176
     1
 40
1.0
176
     1
  0
VISUALSTYLE
  5
31
102
{ACAD_REACTORS
330
2A
102
}
330
2A
100
AcDbVisualStyle
  2
Hidden
 70
     6
177
     3
291
     0
 70
    58
 90
        1
176
     1
 90
        2
176
     1
 90
        2
176
     1
 90
        0
176
     1
 40
0.6
176
     1
 40
30.0
176
     1
 62
     7
420
 16777215
176
     1
 90
        2
176
     1
 90
        2
176
     1
 62
     7
176
     1
 62
   257
176
     1
 90
        2
176
     1
 90
        1
176
     1
 40
40.0
176
     1
 90
        0
176
     1
 62
   257
176
     1
 40
1.0
176
     1
 90
        1
176
     1
 90
        6
176
     1
 90
        2
176
     1
 62
     7
176
     1
 90
        3
176
     1
 90
        0
176
     1
 90
        0
176
     1
290
     0
176
     1
 90
        1
176
     1
 40
0.0
176
     1
 90
        0
176
     1
290
     0
176
     1
290
     1
176
     1
290
     1
176
     1
290
     0
176
     1
290
     0
176
     1
290
     0
176
     1
290
     0
176
     1
290
     0
176
     1
290
     0
176
     1
 90
       50
176
     1
 40
0.0
176
     1
 40
1.0
176
     1
 90
        0
176
     1
 62
    18
420
        0
176
     1
 90
       50
176
     1
 90
        3
176
     1
 62
     5
420
      255
176
     1
290
     0
176
     1
 90
       50
176
     1
 90
       50
176
     1
 90
       50
176
     1
290
     0
176
     1
 90
       50
176
     1
 62
   256
176
     0
 40
1.0
176
     0
 90
        2
176
     1
  1
strokes_ogs.tif
176
     1
290
     0
176
     1
 40
1.0
176
     1
 40
1.0
176
     1
  0
VISUALSTYLE
  5
3B
102
{ACAD_REACTORS
330
2A
102
}
330
2A
100
AcDbVisualStyle
  2
JitterOff
 70
    20
177
     3
291
     1
 70
    58
 90
        2
176
     0
 90
        2
176
     0
 90
        0
176
     0
 90
        0
176
     0
 40
0.6
176
     0
 40
30.0
176
     0
 62
     7
420
 16777215
176
     0
 90
        1
176
     0
 90
        4
176
     0
 62
     7
176
     0
 62
   257
176
     0
 90
        1
176
     0
 90
        1
176
     0
 40
1.0
176
     0
 90
       10
176
     2
 62
     7
176
     0
 40
1.0
176
     0
 90
        1
176
     0
 90
        6
176
     0
 90
        2
176
     0
 62
     7
176
     0
 90
        5
176
     0
 90
        0
176
     0
 90
        0
176
     0
290
     0
176
     0
 90
        1
176
     0
 40
0.0
176
     0
 90
        0
176
     0
290
     0
176
     0
290
     1
176
     0
290
     1
176
     0
290
     0
176
     0
290
     0
176
     0
290
     0
176
     0
290
     0
176
     0
290
     0
176
     0
290
     0
176
     0
 90
       50
176
     0
 40
0.0
176
     0
 40
1.0
176
     0
 90
        0
176
     0
 62
    18
420
        0
176
     0
 90
       50
176
     0
 90
        3
176
     0
 62
     5
420
      255
176
     0
290
     0
176
     0
 90
       50
176
     0
 90
       50
176
     0
 90
       50
176
     0
290
     0
176
     0
 90
       50
176
     0
 62
   256
176
     0
 40
1.0
176
     0
 90
        2
176
     0
  1
strokes_ogs.tif
176
     0
290
     0
176
     0
 40
1.0
176
     0
 40
1.0
176
     0
  0
VISUALSTYLE
  5
38
102
{ACAD_REACTORS
330
2A
102
}
330
2A
100
AcDbVisualStyle
  2
Linepattern
 70
    14
177
     3
291
     1
 70
    58
 90
        2
176
     1
 90
        2
176
     1
 90
        0
176
     1
 90
        0
176
     1
 40
0.6
176
     1
 40
30.0
176
     1
 62
     7
420
 16777215
176
     1
 90
        1
176
     1
 90
        4
176
     1
 62
     7
176
     1
 62
   257
176
     1
 90
        7
176
     1
 90
        7
176
     1
 40
1.0
176
     1
 90
        8
176
     1
 62
     7
176
     1
 40
1.0
176
     1
 90
        1
176
     1
 90
        6
176
     1
 90
        2
176
     1
 62
     7
176
     1
 90
        5
176
     1
 90
        0
176
     1
 90
        0
176
     1
290
     0
176
     1
 90
        1
176
     1
 40
0.0
176
     1
 90
        0
176
     1
290
     0
176
     1
290
     1
176
     1
290
     1
176
     1
290
     0
176
     1
290
     0
176
     1
290
     0
176
     1
290
     0
176
     1
290
     0
176
     1
290
     0
176
     1
 90
       50
176
     1
 40
0.0
176
     1
 40
1.0
176
     1
 90
        0
176
     1
 62
    18
420
        0
176
     1
 90
       50
176
     1
 90
        3
176
     1
 62
     5
420
      255
176
     1
290
     0
176
     1
 90
       50
176
     1
 90
       50
176
     1
 90
       50
176
     1
290
     0
176
     1
 90
       50
176
     1
 62
   256
176
     0
 40
1.0
176
     0
 90
        2
176
     1
  1
strokes_ogs.tif
176
     1
290
     0
176
     1
 40
1.0
176
     1
 40
1.0
176
     1
  0
VISUALSTYLE
  5
3C
102
{ACAD_REACTORS
330
2A
102
}
330
2A
100
AcDbVisualStyle
  2
OverhangOff
 70
    21
177
     3
291
     1
 70
    58
 90
        2
176
     0
 90
        2
176
     0
 90
        0
176
     0
 90
        0
176
     0
 40
0.6
176
     0
 40
30.0
176
     0
 62
     7
420
 16777215
176
     0
 90
        1
176
     0
 90
        4
176
     0
 62
     7
176
     0
 62
   257
176
     0
 90
        1
176
     0
 90
        1
176
     0
 40
1.0
176
     0
 90
        9
176
     2
 62
     7
176
     0
 40
1.0
176
     0
 90
        1
176
     0
 90
        6
176
     0
 90
        2
176
     0
 62
     7
176
     0
 90
        5
176
     0
 90
        0
176
     0
 90
        0
176
     0
290
     0
176
     0
 90
        1
176
     0
 40
0.0
176
     0
 90
        0
176
     0
290
     0
176
     0
290
     1
176
     0
290
     1
176
     0
290
     0
176
     0
290
     0
176
     0
290
     0
176
     0
290
     0
176
     0
290
     0
176
     0
290
     0
176
     0
 90
       50
176
     0
 40
0.0
176
     0
 40
1.0
176
     0
 90
        0
176
     0
 62
    18
420
        0
176
     0
 90
       50
176
     0
 90
        3
176
     0
 62
     5
420
      255
176
     0
290
     0
176
     0
 90
       50
176
     0
 90
       50
176
     0
 90
       50
176
     0
290
     0
176
     0
 90
       50
176
     0
 62
   256
176
     0
 40
1.0
176
     0
 90
        2
176
     0
  1
strokes_ogs.tif
176
     0
290
     0
176
     0
 40
1.0
176
     0
 40
1.0
176
     0
  0
VISUALSTYLE
  5
33
102
{ACAD_REACTORS
330
2A
102
}
330
2A
100
AcDbVisualStyle
  2
Realistic
 70
     8
177
     3
291
     0
 70
    58
 90
        2
176
     1
 90
        3
176
     1
 90
        0
176
     1
 90
        2
176
     1
 40
0.6
176
     1
 40
30.0
176
     1
 62
     7
420
 16777215
176
     1
 90
        0
176
     1
 90
        0
176
     1
 62
     7
176
     1
 62
   257
176
     1
 90
        1
176
     1
 90
        1
176
     1
 40
1.0
176
     1
 90
        8
176
     1
 62
   257
176
     1
 40
1.0
176
     1
 90
        1
176
     1
 90
        6
176
     1
 90
        2
176
     1
 62
     7
176
     1
 90
        3
176
     1
 90
        0
176
     1
 90
        0
176
     1
290
     0
176
     1
 90
       13
176
     1
 40
0.0
176
     1
 90
        0
176
     1
290
     0
176
     1
290
     1
176
     1
290
     1
176
     1
290
     0
176
     1
290
     0
176
     1
290
     0
176
     1
290
     0
176
     1
290
     0
176
     1
290
     0
176
     1
 90
       50
176
     1
 40
0.0
176
     1
 40
1.0
176
     1
 90
        0
176
     1
 62
    18
420
        0
176
     1
 90
       50
176
     1
 90
        3
176
     1
 62
     5
420
      255
176
     1
290
     0
176
     1
 90
       50
176
     1
 90
       50
176
     1
 90
       50
176
     1
290
     0
176
     1
 90
       50
176
     1
 62
   256
176
     0
 40
1.0
176
     0
 90
        2
176
     1
  1
strokes_ogs.tif
176
     1
290
     0
176
     1
 40
1.0
176
     1
 40
1.0
176
     1
  0
VISUALSTYLE
  5
42
102
{ACAD_REACTORS
330
2A
102
}
330
2A
100
AcDbVisualStyle
  2
Shaded
 70
    27
177
     3
291
     0
 70
    58
 90
        2
176
     1
 90
        2
176
     1
 90
        1
176
     1
 90
        2
176
     1
 40
0.6
176
     1
 40
30.0
176
     1
 62
     7
420
 16777215
176
     1
 90
        0
176
     1
 90
        4
176
     1
 62
     7
176
     1
 62
   257
176
     1
 90
        1
176
     1
 90
        1
176
     1
 40
1.0
176
     1
 90
        8
176
     1
 62
   257
176
     1
 40
1.0
176
     1
 90
        1
176
     1
 90
        6
176
     1
 90
        2
176
     1
 62
     8
420
  7895160
176
     1
 90
        3
176
     1
 90
        0
176
     1
 90
        0
176
     1
290
     0
176
     1
 90
        5
176
     1
 40
0.0
176
     1
 90
        0
176
     1
290
     0
176
     1
290
     1
176
     1
290
     1
176
     1
290
     0
176
     1
290
     0
176
     1
290
     0
176
     1
290
     0
176
     1
290
     0
176
     1
290
     0
176
     1
 90
       50
176
     1
 40
0.0
176
     1
 40
1.0
176
     1
 90
        0
176
     1
 62
    18
420
        0
176
     1
 90
       50
176
     1
 90
        3
176
     1
 62
     5
420
      255
176
     1
290
     0
176
     1
 90
       50
176
     1
 90
       50
176
     1
 90
       50
176
     1
290
     0
176
     1
 90
       50
176
     1
 62
   256
176
     0
 40
1.0
176
     0
 90
        2
176
     1
  1
strokes_ogs.tif
176
     1
290
     0
176
     1
 40
1.0
176
     1
 40
1.0
176
     1
  0
VISUALSTYLE
  5
41
102
{ACAD_REACTORS
330
2A
102
}
330
2A
100
AcDbVisualStyle
  2
Shaded with edges
 70
    26
177
     3
291
     0
 70
    58
 90
        2
176
     1
 90
        2
176
     1
 90
        1
176
     1
 90
        2
176
     1
 40
0.6
176
     1
 40
30.0
176
     1
 62
     7
420
 16777215
176
     1
 90
        1
176
     1
 90
       10
176
     1
 62
     7
176
     1
 62
   257
176
     1
 90
        2
176
     1
 90
        1
176
     1
 40
1.0
176
     1
 90
        8
176
     1
 62
   257
176
     1
 40
1.0
176
     1
 90
        1
176
     1
 90
        6
176
     1
 90
        2
176
     1
 62
     7
176
     1
 90
        3
176
     1
 90
        0
176
     1
 90
        0
176
     1
290
     0
176
     1
 90
        5
176
     1
 40
0.0
176
     1
 90
        0
176
     1
290
     0
176
     1
290
     1
176
     1
290
     1
176
     1
290
     0
176
     1
290
     0
176
     1
290
     0
176
     1
290
     0
176
     1
290
     0
176
     1
290
     0
176
     1
 90
       50
176
     1
 40
0.0
176
     1
 40
1.0
176
     1
 90
        0
176
     1
 62
    18
420
        0
176
     1
 90
       50
176
     1
 90
        3
176
     1
 62
     5
420
      255
176
     1
290
     0
176
     1
 90
       50
176
     1
 90
       50
176
     1
 90
       50
176
     1
290
     0
176
     1
 90
       50
176
     1
 62
   256
176
     0
 40
1.0
176
     0
 90
        2
176
     1
  1
strokes_ogs.tif
176
     1
290
     0
176
     1
 40
1.0
176
     1
 40
1.0
176
     1
  0
VISUALSTYLE
  5
3E
102
{ACAD_REACTORS
330
2A
102
}
330
2A
100
AcDbVisualStyle
  2
Shades of Gray
 70
    23
177
     3
291
     0
 70
    58
 90
        2
176
     1
 90
        2
176
     1
 90
        3
176
     1
 90
        0
176
     1
 40
0.6
176
     1
 40
30.0
176
     1
 62
     7
420
 16777215
176
     1
 90
        2
176
     1
 90
        2
176
     1
 62
     7
176
     1
 62
     7
176
     1
 90
        1
176
     1
 90
        1
176
     1
 40
40.0
176
     1
 90
        8
176
     1
 62
     7
176
     1
 40
1.0
176
     1
 90
        1
176
     1
 90
        6
176
     1
 90
        2
176
     1
 62
     7
176
     1
 90
        3
176
     1
 90
        0
176
     1
 90
        0
176
     1
290
     0
176
     1
 90
        1
176
     1
 40
0.0
176
     1
 90
        0
176
     1
290
     0
176
     1
290
     1
176
     1
290
     1
176
     1
290
     0
176
     1
290
     0
176
     1
290
     0
176
     1
290
     0
176
     1
290
     0
176
     1
290
     0
176
     1
 90
       50
176
     1
 40
0.0
176
     1
 40
1.0
176
     1
 90
        0
176
     1
 62
    18
420
        0
176
     1
 90
       50
176
     1
 90
        3
176
     1
 62
     5
420
      255
176
     1
290
     0
176
     1
 90
       50
176
     1
 90
       50
176
     1
 90
       50
176
     1
290
     0
176
     1
 90
       50
176
     1
 62
   256
176
     0
 40
1.0
176
     0
 90
        2
176
     1
  1
strokes_ogs.tif
176
     1
290
     0
176
     1
 40
1.0
176
     1
 40
1.0
176
     1
  0
VISUALSTYLE
  5
3F
102
{ACAD_REACTORS
330
2A
102
}
330
2A
100
AcDbVisualStyle
  2
Sketchy
 70
    24
177
     3
291
     0
 70
    58
 90
        1
176
     1
 90
        2
176
     1
 90
        2
176
     1
 90
        0
176
     1
 40
0.6
176
     1
 40
30.0
176
     1
 62
     7
420
 16777215
176
     1
 90
        2
176
     1
 90
        2
176
     1
 62
     7
176
     1
 62
     7
176
     1
 90
        1
176
     1
 90
        1
176
     1
 40
40.0
176
     1
 90
       11
176
     1
 62
     7
176
     1
 40
1.0
176
     1
 90
        1
176
     1
 90
        6
176
     1
 90
        2
176
     1
 62
     7
176
     1
 90
        6
176
     1
 90
        0
176
     1
 90
        0
176
     1
290
     0
176
     1
 90
        1
176
     1
 40
0.0
176
     1
 90
        0
176
     1
290
     0
176
     1
290
     1
176
     1
290
     1
176
     1
290
     0
176
     1
290
     0
176
     1
290
     0
176
     1
290
     0
176
     1
290
     0
176
     1
290
     0
176
     1
 90
       50
176
     1
 40
0.0
176
     1
 40
1.0
176
     1
 90
        0
176
     1
 62
    18
420
        0
176
     1
 90
       50
176
     1
 90
        3
176
     1
 62
     5
420
      255
176
     1
290
     0
176
     1
 90
       50
176
     1
 90
       50
176
     1
 90
       50
176
     1
290
     0
176
     1
 90
       50
176
     1
 62
   256
176
     0
 40
1.0
176
     0
 90
        2
176
     1
  1
strokes_ogs.tif
176
     1
290
     0
176
     1
 40
1.0
176
     1
 40
1.0
176
     1
  0
VISUALSTYLE
  5
37
102
{ACAD_REACTORS
330
2A
102
}
330
2A
100
AcDbVisualStyle
  2
Thicken
 70
    13
177
     3
291
     1
 70
    58
 90
        2
176
     1
 90
        2
176
     1
 90
        0
176
     1
 90
        0
176
     1
 40
0.6
176
     1
 40
30.0
176
     1
 62
     7
420
 16777215
176
     1
 90
        1
176
     1
 90
        4
176
     1
 62
     7
176
     1
 62
   257
176
     1
 90
        1
176
     1
 90
        1
176
     1
 40
1.0
176
     1
 90
       12
176
     1
 62
     7
176
     1
 40
1.0
176
     1
 90
        1
176
     1
 90
        6
176
     1
 90
        2
176
     1
 62
     7
176
     1
 90
        5
176
     1
 90
        0
176
     1
 90
        0
176
     1
290
     0
176
     1
 90
        1
176
     1
 40
0.0
176
     1
 90
        0
176
     1
290
     0
176
     1
290
     1
176
     1
290
     1
176
     1
290
     0
176
     1
290
     0
176
     1
290
     0
176
     1
290
     0
176
     1
290
     0
176
     1
290
     0
176
     1
 90
       50
176
     1
 40
0.0
176
     1
 40
1.0
176
     1
 90
        0
176
     1
 62
    18
420
        0
176
     1
 90
       50
176
     1
 90
        3
176
     1
 62
     5
420
      255
176
     1
290
     0
176
     1
 90
       50
176
     1
 90
       50
176
     1
 90
       50
176
     1
290
     0
176
     1
 90
       50
176
     1
 62
   256
176
     0
 40
1.0
176
     0
 90
        2
176
     1
  1
strokes_ogs.tif
176
     1
290
     0
176
     1
 40
1.0
176
     1
 40
1.0
176
     1
  0
VISUALSTYLE
  5
30
102
{ACAD_REACTORS
330
2A
102
}
330
2A
100
AcDbVisualStyle
  2
Wireframe
 70
     5
177
     3
291
     0
 70
    58
 90
        0
176
     1
 90
        2
176
     1
 90
        0
176
     1
 90
        0
176
     1
 40
0.6
176
     1
 40
30.0
176
     1
 62
     7
420
 16777215
176
     1
 90
        1
176
     1
 90
        4
176
     1
 62
     7
176
     1
 62
   257
176
     1
 90
        1
176
     1
 90
        1
176
     1
 40
1.0
176
     1
 90
        0
176
     1
 62
   257
176
     1
 40
1.0
176
     1
 90
        1
176
     1
 90
        6
176
     1
 90
        2
176
     1
 62
     7
176
     1
 90
        3
176
     1
 90
        0
176
     1
 90
        0
176
     1
290
     0
176
     1
 90
        1
176
     1
 40
0.0
176
     1
 90
        0
176
     1
290
     0
176
     1
290
     1
176
     1
290
     1
176
     1
290
     0
176
     1
290
     0
176
     1
290
     0
176
     1
290
     0
176
     1
290
     0
176
     1
290
     0
176
     1
 90
       50
176
     1
 40
0.0
176
     1
 40
1.0
176
     1
 90
        0
176
     1
 62
    18
420
        0
176
     1
 90
       50
176
     1
 90
        3
176
     1
 62
     5
420
      255
176
     1
290
     0
176
     1
 90
       50
176
     1
 90
       50
176
     1
 90
       50
176
     1
290
     0
176
     1
 90
       50
176
     1
 62
   256
176
     0
 40
1.0
176
     0
 90
        2
176
     1
  1
strokes_ogs.tif
176
     1
290
     0
176
     1
 40
1.0
176
     1
 40
1.0
176
     1
  0
VISUALSTYLE
  5
40
102
{ACAD_REACTORS
330
2A
102
}
330
2A
100
AcDbVisualStyle
  2
X-Ray
 70
    25
177
     3
291
     0
 70
    58
 90
        2
176
     1
 90
        2
176
     1
 90
        1
176
     1
 90
        1
176
     1
 40
0.5
176
     1
 40
30.0
176
     1
 62
     7
420
 16777215
176
     1
 90
        1
176
     1
 90
        0
176
     1
 62
     7
176
     1
 62
   257
176
     1
 90
        1
176
     1
 90
        1
176
     1
 40
1.0
176
     1
 90
        8
176
     1
 62
     7
176
     1
 40
1.0
176
     1
 90
        1
176
     1
 90
        6
176
     1
 90
        2
176
     1
 62
     7
176
     1
 90
        3
176
     1
 90
        0
176
     1
 90
        0
176
     1
290
     0
176
     1
 90
       13
176
     1
 40
0.0
176
     1
 90
        0
176
     1
290
     0
176
     1
290
     1
176
     1
290
     1
176
     1
290
     0
176
     1
290
     0
176
     1
290
     0
176
     1
290
     0
176
     1
290
     0
176
     1
290
     0
176
     1
 90
       50
176
     1
 40
0.0
176
     1
 40
1.0
176
     1
 90
        0
176
     1
 62
    18
420
        0
176
     1
 90
       50
176
     1
 90
        3
176
     1
 62
     5
420
      255
176
     1
290
     0
176
     1
 90
       50
176
     1
 90
       50
176
     1
 90
       50
176
     1
290
     0
176
     1
 90
       50
176
     1
 62
   256
176
     0
 40
1.0
176
     0
 90
        2
176
     1
  1
strokes_ogs.tif
176
     1
290
     0
176
     1
 40
1.0
176
     1
 40
1.0
176
     1
  0
DICTIONARYVAR
  5
35E
102
{ACAD_REACTORS
330
35D
102
}
330
35D
100
DictionaryVariables
280
     0
  1
1:1
  0
DICTIONARYVAR
  5
397
102
{ACAD_REACTORS
330
35D
102
}
330
35D
100
DictionaryVariables
280
     0
  1
Standard
  0
DICTIONARYVAR
  5
396
102
{ACAD_REACTORS
330
35D
102
}
330
35D
100
DictionaryVariables
280
     0
  1
Standard
  0
DICTIONARYVAR
  5
39F
102
{ACAD_REACTORS
330
35D
102
}
330
35D
100
DictionaryVariables
280
     0
  1
Imperial24
  0
DICTIONARYVAR
  5
3A0
102
{ACAD_REACTORS
330
35D
102
}
330
35D
100
DictionaryVariables
280
     0
  1
Imperial24
  0
DICTIONARYVAR
  5
35F
102
{ACAD_REACTORS
330
35D
102
}
330
35D
100
DictionaryVariables
280
     0
  1
2
  0
DICTIONARY
  5
39C
330
6A
100
AcDbDictionary
280
     1
281
     1
  3
ACAD_ROUNDTRIP_2008_TABLESTYLE_CELLSTYLEMAP
360
39D
  0
CELLSTYLEMAP
  5
39D
102
{ACAD_REACTORS
330
39C
102
}
330
39C
100
AcDbCellStyleMap
 90
        3
300
CELLSTYLE
  1
TABLEFORMAT_BEGIN
 90
        5
170
     1
 91
        0
 92
    32768
 62
   257
 93
        1
300
CONTENTFORMAT
  1
CONTENTFORMAT_BEGIN
 90
        0
 91
        0
 92
        4
 93
        0
300

 40
0.0
140
1.0
 94
        5
 62
     0
340
11
144
0.25
309
CONTENTFORMAT_END
171
     1
301
MARGIN
  1
CELLMARGIN_BEGIN
 40
0.06
 40
0.06
 40
0.06
 40
0.06
 40
0.06
 40
0.06
309
CELLMARGIN_END
 94
        6
 95
        1
302
GRIDFORMAT
  1
GRIDFORMAT_BEGIN
 90
        0
 91
        1
 62
     0
 92
       -2
340
14
 93
        0
 40
0.045
309
GRIDFORMAT_END
 95
        2
302
GRIDFORMAT
  1
GRIDFORMAT_BEGIN
 90
        0
 91
        1
 62
     0
 92
       -2
340
14
 93
        0
 40
0.045
309
GRIDFORMAT_END
 95
        4
302
GRIDFORMAT
  1
GRIDFORMAT_BEGIN
 90
        0
 91
        1
 62
     0
 92
       -2
340
14
 93
        0
 40
0.045
309
GRIDFORMAT_END
 95
        8
302
GRIDFORMAT
  1
GRIDFORMAT_BEGIN
 90
        0
 91
        1
 62
     0
 92
       -2
340
14
 93
        0
 40
0.045
309
GRIDFORMAT_END
 95
       16
302
GRIDFORMAT
  1
GRIDFORMAT_BEGIN
 90
        0
 91
        1
 62
     0
 92
       -2
340
14
 93
        0
 40
0.045
309
GRIDFORMAT_END
 95
       32
302
GRIDFORMAT
  1
GRIDFORMAT_BEGIN
 90
        0
 91
        1
 62
     0
 92
       -2
340
14
 93
        0
 40
0.045
309
GRIDFORMAT_END
309
TABLEFORMAT_END
  1
CELLSTYLE_BEGIN
 90
        1
 91
        1
300
_TITLE
309
CELLSTYLE_END
300
CELLSTYLE
  1
TABLEFORMAT_BEGIN
 90
        5
170
     1
 91
        0
 92
        0
 62
   257
 93
        1
300
CONTENTFORMAT
  1
CONTENTFORMAT_BEGIN
 90
        0
 91
        0
 92
        4
 93
        0
300

 40
0.0
140
1.0
 94
        5
 62
     0
340
11
144
0.18
309
CONTENTFORMAT_END
171
     1
301
MARGIN
  1
CELLMARGIN_BEGIN
 40
0.06
 40
0.06
 40
0.06
 40
0.06
 40
0.06
 40
0.06
309
CELLMARGIN_END
 94
        6
 95
        1
302
GRIDFORMAT
  1
GRIDFORMAT_BEGIN
 90
        0
 91
        1
 62
     0
 92
       -2
340
14
 93
        0
 40
0.045
309
GRIDFORMAT_END
 95
        2
302
GRIDFORMAT
  1
GRIDFORMAT_BEGIN
 90
        0
 91
        1
 62
     0
 92
       -2
340
14
 93
        0
 40
0.045
309
GRIDFORMAT_END
 95
        4
302
GRIDFORMAT
  1
GRIDFORMAT_BEGIN
 90
        0
 91
        1
 62
     0
 92
       -2
340
14
 93
        0
 40
0.045
309
GRIDFORMAT_END
 95
        8
302
GRIDFORMAT
  1
GRIDFORMAT_BEGIN
 90
        0
 91
        1
 62
     0
 92
       -2
340
14
 93
        0
 40
0.045
309
GRIDFORMAT_END
 95
       16
302
GRIDFORMAT
  1
GRIDFORMAT_BEGIN
 90
        0
 91
        1
 62
     0
 92
       -2
340
14
 93
        0
 40
0.045
309
GRIDFORMAT_END
 95
       32
302
GRIDFORMAT
  1
GRIDFORMAT_BEGIN
 90
        0
 91
        1
 62
     0
 92
       -2
340
14
 93
        0
 40
0.045
309
GRIDFORMAT_END
309
TABLEFORMAT_END
  1
CELLSTYLE_BEGIN
 90
        2
 91
        1
300
_HEADER
309
CELLSTYLE_END
300
CELLSTYLE
  1
TABLEFORMAT_BEGIN
 90
        5
170
     1
 91
        0
 92
        0
 62
   257
 93
        1
300
CONTENTFORMAT
  1
CONTENTFORMAT_BEGIN
 90
        0
 91
        0
 92
        4
 93
        0
300

 40
0.0
140
1.0
 94
        2
 62
     0
340
11
144
0.18
309
CONTENTFORMAT_END
171
     1
301
MARGIN
  1
CELLMARGIN_BEGIN
 40
0.06
 40
0.06
 40
0.06
 40
0.06
 40
0.06
 40
0.06
309
CELLMARGIN_END
 94
        6
 95
        1
302
GRIDFORMAT
  1
GRIDFORMAT_BEGIN
 90
        0
 91
        1
 62
     0
 92
       -2
340
14
 93
        0
 40
0.045
309
GRIDFORMAT_END
 95
        2
302
GRIDFORMAT
  1
GRIDFORMAT_BEGIN
 90
        0
 91
        1
 62
     0
 92
       -2
340
14
 93
        0
 40
0.045
309
GRIDFORMAT_END
 95
        4
302
GRIDFORMAT
  1
GRIDFORMAT_BEGIN
 90
        0
 91
        1
 62
     0
 92
       -2
340
14
 93
        0
 40
0.045
309
GRIDFORMAT_END
 95
        8
302
GRIDFORMAT
  1
GRIDFORMAT_BEGIN
 90
        0
 91
        1
 62
     0
 92
       -2
340
14
 93
        0
 40
0.045
309
GRIDFORMAT_END
 95
       16
302
GRIDFORMAT
  1
GRIDFORMAT_BEGIN
 90
        0
 91
        1
 62
     0
 92
       -2
340
14
 93
        0
 40
0.045
309
GRIDFORMAT_END
 95
       32
302
GRIDFORMAT
  1
GRIDFORMAT_BEGIN
 90
        0
 91
        1
 62
     0
 92
       -2
340
14
 93
        0
 40
0.045
309
GRIDFORMAT_END
309
TABLEFORMAT_END
  1
CELLSTYLE_BEGIN
 90
        3
 91
        2
300
_DATA
309
CELLSTYLE_END
  0
ENDSEC
  0
EOF
