  0
SECTION
  2
HEADER
  9
$ACADVER
  1
AC1032
  9
$ACADMAINTVER
 90
       55
  9
$DWGCODEPAGE
  3
ANSI_1252
  9
$LASTSAVEDBY
  1
desig_0aqrnus
  9
$REQUIREDVERSIONS
160
                 0
  9
$INSBASE
 10
0.0
 20
0.0
 30
0.0
  9
$EXTMIN
 10
-13.88125
 20
-6.12647
 30
0.0
  9
$EXTMAX
 10
-5.35429
 20
6.12371
 30
0.0
  9
$LIMMIN
 10
0.0
 20
0.0
  9
$LIMMAX
 10
12.0
 20
9.0
  9
$ORTHOMODE
 70
     0
  9
$REGENMODE
 70
     1
  9
$FILLMODE
 70
     1
  9
$QTEXTMODE
 70
     0
  9
$MIRRTEXT
 70
     1
  9
$LTSCALE
 40
1.0
  9
$ATTMODE
 70
     1
  9
$TEXTSIZE
 40
0.2
  9
$TRACEWID
 40
0.05
  9
$TEXTSTYLE
  7
Standard
  9
$CLAYER
  8
0
  9
$CELTYPE
  6
ByLayer
  9
$CECOLOR
 62
   256
  9
$CELTSCALE
 40
1.0
  9
$DISPSILH
 70
     0
  9
$DIMSCALE
 40
1.0
  9
$DIMASZ
 40
0.18
  9
$DIMEXO
 40
0.0625
  9
$DIMDLI
 40
0.38
  9
$DIMRND
 40
0.0
  9
$DIMDLE
 40
0.0
  9
$DIMEXE
 40
0.18
  9
$DIMTP
 40
0.0
  9
$DIMTM
 40
0.0
  9
$DIMTXT
 40
0.18
  9
$DIMCEN
 40
0.09
  9
$DIMTSZ
 40
0.0
  9
$DIMTOL
 70
     0
  9
$DIMLIM
 70
     0
  9
$DIMTIH
 70
     1
  9
$DIMTOH
 70
     1
  9
$DIMSE1
 70
     0
  9
$DIMSE2
 70
     0
  9
$DIMTAD
 70
     0
  9
$DIMZIN
 70
     0
  9
$DIMBLK
  1

  9
$DIMASO
 70
     1
  9
$DIMSHO
 70
     1
  9
$DIMPOST
  1

  9
$DIMAPOST
  1

  9
$DIMALT
 70
     0
  9
$DIMALTD
 70
     2
  9
$DIMALTF
 40
25.4
  9
$DIMLFAC
 40
1.0
  9
$DIMTOFL
 70
     0
  9
$DIMTVP
 40
0.0
  9
$DIMTIX
 70
     0
  9
$DIMSOXD
 70
     0
  9
$DIMSAH
 70
     0
  9
$DIMBLK1
  1

  9
$DIMBLK2
  1

  9
$DIMSTYLE
  2
Standard
  9
$DIMCLRD
 70
     0
  9
$DIMCLRE
 70
     0
  9
$DIMCLRT
 70
     0
  9
$DIMTFAC
 40
1.0
  9
$DIMGAP
 40
0.09
  9
$DIMJUST
 70
     0
  9
$DIMSD1
 70
     0
  9
$DIMSD2
 70
     0
  9
$DIMTOLJ
 70
     1
  9
$DIMTZIN
 70
     0
  9
$DIMALTZ
 70
     0
  9
$DIMALTTZ
 70
     0
  9
$DIMUPT
 70
     0
  9
$DIMDEC
 70
     4
  9
$DIMTDEC
 70
     4
  9
$DIMALTU
 70
     2
  9
$DIMALTTD
 70
     2
  9
$DIMTXSTY
  7
Standard
  9
$DIMAUNIT
 70
     0
  9
$DIMADEC
 70
     0
  9
$DIMALTRND
 40
0.0
  9
$DIMAZIN
 70
     0
  9
$DIMDSEP
 70
    46
  9
$DIMATFIT
 70
     3
  9
$DIMFRAC
 70
     0
  9
$DIMLDRBLK
  1

  9
$DIMLUNIT
 70
     2
  9
$DIMLWD
 70
    -2
  9
$DIMLWE
 70
    -2
  9
$DIMTMOVE
 70
     0
  9
$DIMFXL
 40
1.0
  9
$DIMFXLON
 70
     0
  9
$DIMJOGANG
 40
0.7853981633974483
  9
$DIMTFILL
 70
     0
  9
$DIMTFILLCLR
 70
     0
  9
$DIMARCSYM
 70
     0
  9
$DIMLTYPE
  6

  9
$DIMLTEX1
  6

  9
$DIMLTEX2
  6

  9
$DIMTXTDIRECTION
 70
     0
  9
$LUNITS
 70
     2
  9
$LUPREC
 70
     4
  9
$SKETCHINC
 40
0.1
  9
$FILLETRAD
 40
0.5
  9
$AUNITS
 70
     0
  9
$AUPREC
 70
     0
  9
$MENU
  1
.
  9
$ELEVATION
 40
0.0
  9
$PELEVATION
 40
0.0
  9
$THICKNESS
 40
0.0
  9
$LIMCHECK
 70
     0
  9
$CHAMFERA
 40
0.0
  9
$CHAMFERB
 40
0.0
  9
$CHAMFERC
 40
0.0
  9
$CHAMFERD
 40
0.0
  9
$SKPOLY
 70
     0
  9
$TDCREATE
 40
2460853.420231609
  9
$TDUCREATE
 40
2460853.545231609
  9
$TDUPDATE
 40
2461222.39410956
  9
$TDUUPDATE
 40
2461222.51910956
  9
$TDINDWG
 40
0.0000000116
  9
$TDUSRTIMER
 40
0.0000000116
  9
$USRTIMER
 70
     1
  9
$ANGBASE
 50
0.0
  9
$ANGDIR
 70
     0
  9
$PDMODE
 70
     0
  9
$PDSIZE
 40
0.0
  9
$PLINEWID
 40
0.0
  9
$SPLFRAME
 70
     0
  9
$SPLINETYPE
 70
     6
  9
$SPLINESEGS
 70
     8
  9
$HANDSEED
  5
3B6
  9
$SURFTAB1
 70
     6
  9
$SURFTAB2
 70
     6
  9
$SURFTYPE
 70
     6
  9
$SURFU
 70
     6
  9
$SURFV
 70
     6
  9
$UCSBASE
  2

  9
$UCSNAME
  2

  9
$UCSORG
 10
0.0
 20
0.0
 30
0.0
  9
$UCSXDIR
 10
1.0
 20
0.0
 30
0.0
  9
$UCSYDIR
 10
0.0
 20
1.0
 30
0.0
  9
$UCSORTHOREF
  2

  9
$UCSORTHOVIEW
 70
     0
  9
$UCSORGTOP
 10
0.0
 20
0.0
 30
0.0
  9
$UCSORGBOTTOM
 10
0.0
 20
0.0
 30
0.0
  9
$UCSORGLEFT
 10
0.0
 20
0.0
 30
0.0
  9
$UCSORGRIGHT
 10
0.0
 20
0.0
 30
0.0
  9
$UCSORGFRONT
 10
0.0
 20
0.0
 30
0.0
  9
$UCSORGBACK
 10
0.0
 20
0.0
 30
0.0
  9
$PUCSBASE
  2

  9
$PUCSNAME
  2

  9
$PUCSORG
 10
0.0
 20
0.0
 30
0.0
  9
$PUCSXDIR
 10
1.0
 20
0.0
 30
0.0
  9
$PUCSYDIR
 10
0.0
 20
1.0
 30
0.0
  9
$PUCSORTHOREF
  2

  9
$PUCSORTHOVIEW
 70
     0
  9
$PUCSORGTOP
 10
0.0
 20
0.0
 30
0.0
  9
$PUCSORGBOTTOM
 10
0.0
 20
0.0
 30
0.0
  9
$PUCSORGLEFT
 10
0.0
 20
0.0
 30
0.0
  9
$PUCSORGRIGHT
 10
0.0
 20
0.0
 30
0.0
  9
$PUCSORGFRONT
 10
0.0
 20
0.0
 30
0.0
  9
$PUCSORGBACK
 10
0.0
 20
0.0
 30
0.0
  9
$USERI1
 70
     0
  9
$USERI2
 70
     0
  9
$USERI3
 70
     0
  9
$USERI4
 70
     0
  9
$USERI5
 70
     0
  9
$USERR1
 40
0.0
  9
$USERR2
 40
0.0
  9
$USERR3
 40
0.0
  9
$USERR4
 40
0.0
  9
$USERR5
 40
0.0
  9
$WORLDVIEW
 70
     1
  9
$SHADEDGE
 70
     3
  9
$SHADEDIF
 70
    70
  9
$TILEMODE
 70
     1
  9
$MAXACTVP
 70
    64
  9
$PINSBASE
 10
0.0
 20
0.0
 30
0.0
  9
$PLIMCHECK
 70
     0
  9
$PEXTMIN
 10
1.000000000000000E+20
 20
1.000000000000000E+20
 30
1.000000000000000E+20
  9
$PEXTMAX
 10
-1.000000000000000E+20
 20
-1.000000000000000E+20
 30
-1.000000000000000E+20
  9
$PLIMMIN
 10
0.0
 20
0.0
  9
$PLIMMAX
 10
12.0
 20
9.0
  9
$UNITMODE
 70
     0
  9
$VISRETAIN
 70
     1
  9
$PLINEGEN
 70
     0
  9
$PSLTSCALE
 70
     1
  9
$TREEDEPTH
 70
  3020
  9
$CMLSTYLE
  2
Standard
  9
$CMLJUST
 70
     0
  9
$CMLSCALE
 40
1.0
  9
$PROXYGRAPHICS
 70
     1
  9
$MEASUREMENT
 70
     0
  9
$CELWEIGHT
370
    -1
  9
$ENDCAPS
280
     0
  9
$JOINSTYLE
280
     0
  9
$LWDISPLAY
290
     0
  9
$INSUNITS
 70
     5
  9
$HYPERLINKBASE
  1

  9
$STYLESHEET
  1

  9
$XEDIT
290
     1
  9
$CEPSNTYPE
380
     0
  9
$PSTYLEMODE
290
     1
  9
$FINGERPRINTGUID
  2
{4cc5498a-8425-4f5a-99a0-1b359ce8c294}
  9
$VERSIONGUID
  2
{FAEB1C32-E019-11D5-929B-00C0DF256EC4}
  9
$EXTNAMES
290
     1
  9
$PSVPSCALE
 40
0.0
  9
$OLESTARTUP
290
     0
  9
$SORTENTS
280
   127
  9
$INDEXCTL
280
     0
  9
$HIDETEXT
280
     1
  9
$XCLIPFRAME
280
     2
  9
$HALOGAP
280
     0
  9
$OBSCOLOR
 70
   257
  9
$OBSLTYPE
280
     0
  9
$INTERSECTIONDISPLAY
280
     0
  9
$INTERSECTIONCOLOR
 70
   257
  9
$DIMASSOC
280
     2
  9
$PROJECTNAME
  1

  9
$CAMERADISPLAY
290
     0
  9
$LENSLENGTH
 40
50.0
  9
$CAMERAHEIGHT
 40
0.0
  9
$STEPSPERSEC
 40
2.0
  9
$STEPSIZE
 40
6.0
  9
$3DDWFPREC
 40
2.0
  9
$PSOLWIDTH
 40
0.25
  9
$PSOLHEIGHT
 40
4.0
  9
$LOFTANG1
 40
1.570796326794897
  9
$LOFTANG2
 40
1.570796326794897
  9
$LOFTMAG1
 40
0.0
  9
$LOFTMAG2
 40
0.0
  9
$LOFTPARAM
 70
     7
  9
$LOFTNORMALS
280
     1
  9
$LATITUDE
 40
37.795
  9
$LONGITUDE
 40
-122.394
  9
$NORTHDIRECTION
 40
0.0
  9
$TIMEZONE
 70
 -8000
  9
$LIGHTGLYPHDISPLAY
280
     1
  9
$TILEMODELIGHTSYNCH
280
     1
  9
$CMATERIAL
347
44
  9
$SOLIDHIST
280
     0
  9
$SHOWHIST
280
     1
  9
$DWFFRAME
280
     2
  9
$DGNFRAME
280
     2
  9
$REALWORLDSCALE
290
     1
  9
$INTERFERECOLOR
 62
   256
  9
$CSHADOW
280
     0
  9
$SHADOWPLANELOCATION
 40
0.0
  0
ENDSEC
  0
SECTION
  2
CLASSES
  0
CLASS
  1
ACDBDICTIONARYWDFLT
  2
AcDbDictionaryWithDefault
  3
ObjectDBX Classes
 90
        0
 91
        3
280
     0
281
     0
  0
CLASS
  1
VISUALSTYLE
  2
AcDbVisualStyle
  3
ObjectDBX Classes
 90
     4095
 91
        3
280
     0
281
     0
  0
CLASS
  1
MATERIAL
  2
AcDbMaterial
  3
ObjectDBX Classes
 90
     1153
 91
        3
280
     0
281
     0
  0
CLASS
  1
SCALE
  2
AcDbScale
  3
ObjectDBX Classes
 90
     1153
 91
        3
280
     0
281
     0
  0
CLASS
  1
TABLESTYLE
  2
AcDbTableStyle
  3
ObjectDBX Classes
 90
     4095
 91
        3
280
     0
281
     0
  0
CLASS
  1
MLEADERSTYLE
  2
AcDbMLeaderStyle
  3
ACDB_MLEADERSTYLE_CLASS
 90
     4095
 91
        3
280
     0
281
     0
  0
CLASS
  1
SUN
  2
AcDbSun
  3
SCENEOE
 90
     1153
 91
        3
280
     0
281
     0
  0
CLASS
  1
DICTIONARYVAR
  2
AcDbDictionaryVar
  3
ObjectDBX Classes
 90
        0
 91
        3
280
     0
281
     0
  0
CLASS
  1
CELLSTYLEMAP
  2
AcDbCellStyleMap
  3
ObjectDBX Classes
 90
     1152
 91
        3
280
     0
281
     0
  0
CLASS
  1
ACDBDETAILVIEWSTYLE
  2
AcDbDetailViewStyle
  3
ObjectDBX Classes
 90
     1025
 91
        3
280
     0
281
     0
  0
CLASS
  1
ACDBSECTIONVIEWSTYLE
  2
AcDbSectionViewStyle
  3
ObjectDBX Classes
 90
     1025
 91
        3
280
     0
281
     0
  0
ENDSEC
  0
SECTION
  2
TABLES
  0
TABLE
  2
VPORT
  5
8
330
0
100
AcDbSymbolTable
 70
     1
  0
VPORT
  5
29
330
8
100
AcDbSymbolTableRecord
100
AcDbViewportTableRecord
  2
*Active
 70
     0
 10
0.0
 20
0.0
 11
1.0
 21
1.0
 12
10.42990654205607
 22
4.5
 13
0.0
 23
0.0
 14
0.5
 24
0.5
 15
0.5
 25
0.5
 16
0.0
 26
0.0
 36
1.0
 17
0.0
 27
0.0
 37
0.0
 40
9.0
 41
1.972972972850329
 42
50.0
 43
0.0
 44
0.0
 50
0.0
 51
0.0
 71
     0
 72
   100
 73
     1
 74
     3
 75
     0
 76
     0
 77
     0
 78
     0
281
     0
 65
     1
110
0.0
120
0.0
130
0.0
111
1.0
121
0.0
131
0.0
112
0.0
122
1.0
132
0.0
 79
     0
146
0.0
348
2F
 60
     3
 61
     5
292
     1
282
     1
141
0.0
142
0.0
 63
   250
361
6D
  0
ENDTAB
  0
TABLE
  2
LTYPE
  5
5
330
0
100
AcDbSymbolTable
 70
     1
  0
LTYPE
  5
14
330
5
100
AcDbSymbolTableRecord
100
AcDbLinetypeTableRecord
  2
ByBlock
 70
     0
  3

 72
    65
 73
     0
 40
0.0
  0
LTYPE
  5
15
330
5
100
AcDbSymbolTableRecord
100
AcDbLinetypeTableRecord
  2
ByLayer
 70
     0
  3

 72
    65
 73
     0
 40
0.0
  0
LTYPE
  5
16
330
5
100
AcDbSymbolTableRecord
100
AcDbLinetypeTableRecord
  2
Continuous
 70
     0
  3
Solid line
 72
    65
 73
     0
 40
0.0
  0
ENDTAB
  0
TABLE
  2
LAYER
  5
2
330
0
100
AcDbSymbolTable
 70
     2
  0
LAYER
  5
10
330
2
100
AcDbSymbolTableRecord
100
AcDbLayerTableRecord
  2
0
 70
     0
 62
     7
  6
Continuous
370
    -3
390
F
347
46
348
0
  0
LAYER
  5
6F
330
2
100
AcDbSymbolTableRecord
100
AcDbLayerTableRecord
  2
Camada 1
 70
     0
 62
     7
  6
Continuous
370
    -3
390
F
347
46
348
0
  0
ENDTAB
  0
TABLE
  2
STYLE
  5
3
330
0
100
AcDbSymbolTable
 70
     1
  0
STYLE
  5
11
330
3
100
AcDbSymbolTableRecord
100
AcDbTextStyleTableRecord
  2
Standard
 70
     0
 40
0.0
 41
1.0
 50
0.0
 71
     0
 42
0.2
  3
txt
  4

  0
ENDTAB
  0
TABLE
  2
VIEW
  5
6
330
0
100
AcDbSymbolTable
 70
     0
  0
ENDTAB
  0
TABLE
  2
UCS
  5
7
330
0
100
AcDbSymbolTable
 70
     0
  0
ENDTAB
  0
TABLE
  2
APPID
  5
9
330
0
100
AcDbSymbolTable
 70
     3
  0
APPID
  5
12
330
9
100
AcDbSymbolTableRecord
100
AcDbRegAppTableRecord
  2
ACAD
 70
     0
  0
APPID
  5
6E
330
9
100
AcDbSymbolTableRecord
100
AcDbRegAppTableRecord
  2
ODA
 70
     0
  0
APPID
  5
3A7
330
9
100
AcDbSymbolTableRecord
100
AcDbRegAppTableRecord
  2
ACAD_MLEADERVER
 70
     0
  0
ENDTAB
  0
TABLE
  2
DIMSTYLE
  5
A
330
0
100
AcDbSymbolTable
 70
     1
100
AcDbDimStyleTable
  0
DIMSTYLE
105
27
330
A
100
AcDbSymbolTableRecord
100
AcDbDimStyleTableRecord
  2
Standard
 70
     0
178
     0
340
11
  0
ENDTAB
  0
TABLE
  2
BLOCK_RECORD
  5
1
330
0
100
AcDbSymbolTable
 70
     1
  0
BLOCK_RECORD
  5
1F
330
1
100
AcDbSymbolTableRecord
100
AcDbBlockTableRecord
  2
*Model_Space
340
22
 70
     0
280
     1
281
     0
  0
BLOCK_RECORD
  5
1B
330
1
100
AcDbSymbolTableRecord
100
AcDbBlockTableRecord
  2
*Paper_Space
340
1E
 70
     0
280
     1
281
     0
  0
BLOCK_RECORD
  5
23
330
1
100
AcDbSymbolTableRecord
100
AcDbBlockTableRecord
  2
*Paper_Space0
340
26
 70
     0
280
     1
281
     0
  0
ENDTAB
  0
ENDSEC
  0
SECTION
  2
BLOCKS
  0
BLOCK
  5
20
330
1F
100
AcDbEntity
  8
0
100
AcDbBlockBegin
  2
*Model_Space
 70
     0
 10
0.0
 20
0.0
 30
0.0
  3
*Model_Space
  1

  0
ENDBLK
  5
21
330
1F
100
AcDbEntity
  8
0
100
AcDbBlockEnd
  0
BLOCK
  5
1C
330
1B
100
AcDbEntity
 67
     1
  8
0
100
AcDbBlockBegin
  2
*Paper_Space
 70
     0
 10
0.0
 20
0.0
 30
0.0
  3
*Paper_Space
  1

  0
ENDBLK
  5
1D
330
1B
100
AcDbEntity
 67
     1
  8
0
100
AcDbBlockEnd
  0
BLOCK
  5
24
330
23
100
AcDbEntity
  8
0
100
AcDbBlockBegin
  2
*Paper_Space0
 70
     0
 10
0.0
 20
0.0
 30
0.0
  3
*Paper_Space0
  1

  0
ENDBLK
  5
25
330
23
100
AcDbEntity
  8
0
100
AcDbBlockEnd
  0
ENDSEC
  0
SECTION
  2
ENTITIES
  0
SPLINE
  5
70
330
1F
100
AcDbEntity
  8
Camada 1
 62
   251
370
     9
100
AcDbSpline
210
0.0
220
0.0
230
1.0
 70
    24
 71
     3
 72
     8
 73
     4
 74
     0
 42
0.0000000001
 43
0.0000000001
 40
0.0
 40
0.0
 40
0.0
 40
0.0
 40
1.0
 40
1.0
 40
1.0
 40
1.0
 10
-6.28979
 20
-5.3039
 30
0.0
 10
-6.28979
 20
-5.3039
 30
0.0
 10
-6.28979
 20
-5.30743
 30
0.0
 10
-6.28979
 20
-5.30743
 30
0.0
  0
SPLINE
  5
71
330
1F
100
AcDbEntity
  8
Camada 1
 62
   251
370
     9
100
AcDbSpline
210
0.0
220
0.0
230
1.0
 70
     8
 71
     3
 72
    20
 73
    16
 74
     0
 42
0.0000000001
 43
0.0000000001
 40
0.0
 40
0.0
 40
0.0
 40
0.0
 40
0.2
 40
0.2
 40
0.2
 40
0.4
 40
0.4
 40
0.4
 40
0.6000000000000001
 40
0.6000000000000001
 40
0.6000000000000001
 40
0.8
 40
0.8
 40
0.8
 40
1.0
 40
1.0
 40
1.0
 40
1.0
 10
-6.24038
 20
-5.35331
 30
0.0
 10
-6.24038
 20
-5.35331
 30
0.0
 10
-6.24392
 20
-5.33919
 30
0.0
 10
-6.24392
 20
-5.33919
 30
0.0
 10
-6.24392
 20
-5.33919
 30
0.0
 10
-6.2545
 20
-5.32508
 30
0.0
 10
-6.2545
 20
-5.32508
 30
0.0
 10
-6.2545
 20
-5.32508
 30
0.0
 10
-6.26509
 20
-5.31096
 30
0.0
 10
-6.26509
 20
-5.31096
 30
0.0
 10
-6.26509
 20
-5.31096
 30
0.0
 10
-6.27921
 20
-5.30743
 30
0.0
 10
-6.27921
 20
-5.30743
 30
0.0
 10
-6.27921
 20
-5.30743
 30
0.0
 10
-6.28979
 20
-5.3039
 30
0.0
 10
-6.28979
 20
-5.3039
 30
0.0
  0
SPLINE
  5
72
330
1F
100
AcDbEntity
  8
Camada 1
 62
   251
370
     9
100
AcDbSpline
210
0.0
220
0.0
230
1.0
 70
    24
 71
     3
 72
     8
 73
     4
 74
     0
 42
0.0000000001
 43
0.0000000001
 40
0.0
 40
0.0
 40
0.0
 40
0.0
 40
1.0
 40
1.0
 40
1.0
 40
1.0
 10
-6.24038
 20
-5.35331
 30
0.0
 10
-6.24038
 20
-5.35331
 30
0.0
 10
-6.24392
 20
-5.35331
 30
0.0
 10
-6.24392
 20
-5.35331
 30
0.0
  0
SPLINE
  5
73
330
1F
100
AcDbEntity
  8
Camada 1
 62
   251
370
     9
100
AcDbSpline
210
0.0
220
0.0
230
1.0
 70
     8
 71
     3
 72
    20
 73
    16
 74
     0
 42
0.0000000001
 43
0.0000000001
 40
0.0
 40
0.0
 40
0.0
 40
0.0
 40
0.2
 40
0.2
 40
0.2
 40
0.4
 40
0.4
 40
0.4
 40
0.6000000000000001
 40
0.6000000000000001
 40
0.6000000000000001
 40
0.8
 40
0.8
 40
0.8
 40
1.0
 40
1.0
 40
1.0
 40
1.0
 10
-6.24392
 20
-5.35331
 30
0.0
 10
-6.24392
 20
-5.35331
 30
0.0
 10
-6.24745
 20
-5.33919
 30
0.0
 10
-6.24745
 20
-5.33919
 30
0.0
 10
-6.24745
 20
-5.33919
 30
0.0
 10
-6.2545
 20
-5.32508
 30
0.0
 10
-6.2545
 20
-5.32508
 30
0.0
 10
-6.2545
 20
-5.32508
 30
0.0
 10
-6.26862
 20
-5.31449
 30
0.0
 10
-6.26862
 20
-5.31449
 30
0.0
 10
-6.26862
 20
-5.31449
 30
0.0
 10
-6.28274
 20
-5.31096
 30
0.0
 10
-6.28274
 20
-5.31096
 30
0.0
 10
-6.28274
 20
-5.31096
 30
0.0
 10
-6.28979
 20
-5.30743
 30
0.0
 10
-6.28979
 20
-5.30743
 30
0.0
  0
SPLINE
  5
74
330
1F
100
AcDbEntity
  8
Camada 1
 62
   251
370
     9
100
AcDbSpline
210
0.0
220
0.0
230
1.0
 70
    24
 71
     3
 72
     8
 73
     4
 74
     0
 42
0.0000000001
 43
0.0000000001
 40
0.0
 40
0.0
 40
0.0
 40
0.0
 40
1.0
 40
1.0
 40
1.0
 40
1.0
 10
-6.24038
 20
-5.46977
 30
0.0
 10
-6.24038
 20
-5.46977
 30
0.0
 10
-6.24392
 20
-5.46977
 30
0.0
 10
-6.24392
 20
-5.46977
 30
0.0
  0
SPLINE
  5
75
330
1F
100
AcDbEntity
  8
Camada 1
 62
   251
370
     9
100
AcDbSpline
210
0.0
220
0.0
230
1.0
 70
     8
 71
     3
 72
    20
 73
    16
 74
     0
 42
0.0000000001
 43
0.0000000001
 40
0.0
 40
0.0
 40
0.0
 40
0.0
 40
0.2
 40
0.2
 40
0.2
 40
0.4
 40
0.4
 40
0.4
 40
0.6000000000000001
 40
0.6000000000000001
 40
0.6000000000000001
 40
0.8
 40
0.8
 40
0.8
 40
1.0
 40
1.0
 40
1.0
 40
1.0
 10
-6.28979
 20
-5.51565
 30
0.0
 10
-6.28979
 20
-5.51565
 30
0.0
 10
-6.27568
 20
-5.51565
 30
0.0
 10
-6.27568
 20
-5.51565
 30
0.0
 10
-6.27568
 20
-5.51565
 30
0.0
 10
-6.26156
 20
-5.50506
 30
0.0
 10
-6.26156
 20
-5.50506
 30
0.0
 10
-6.26156
 20
-5.50506
 30
0.0
 10
-6.25098
 20
-5.49447
 30
0.0
 10
-6.25098
 20
-5.49447
 30
0.0
 10
-6.25098
 20
-5.49447
 30
0.0
 10
-6.24392
 20
-5.48035
 30
0.0
 10
-6.24392
 20
-5.48035
 30
0.0
 10
-6.24392
 20
-5.48035
 30
0.0
 10
-6.24038
 20
-5.46977
 30
0.0
 10
-6.24038
 20
-5.46977
 30
0.0
  0
SPLINE
  5
76
330
1F
100
AcDbEntity
  8
Camada 1
 62
   251
370
     9
100
AcDbSpline
210
0.0
220
0.0
230
1.0
 70
    24
 71
     3
 72
     8
 73
     4
 74
     0
 42
0.0000000001
 43
0.0000000001
 40
0.0
 40
0.0
 40
0.0
 40
0.0
 40
1.0
 40
1.0
 40
1.0
 40
1.0
 10
-6.28979
 20
-5.51565
 30
0.0
 10
-6.28979
 20
-5.51565
 30
0.0
 10
-6.28979
 20
-5.51212
 30
0.0
 10
-6.28979
 20
-5.51212
 30
0.0
  0
SPLINE
  5
77
330
1F
100
AcDbEntity
  8
Camada 1
 62
   251
370
     9
100
AcDbSpline
210
0.0
220
0.0
230
1.0
 70
     8
 71
     3
 72
    20
 73
    16
 74
     0
 42
0.0000000001
 43
0.0000000001
 40
0.0
 40
0.0
 40
0.0
 40
0.0
 40
0.2
 40
0.2
 40
0.2
 40
0.4
 40
0.4
 40
0.4
 40
0.6000000000000001
 40
0.6000000000000001
 40
0.6000000000000001
 40
0.8
 40
0.8
 40
0.8
 40
1.0
 40
1.0
 40
1.0
 40
1.0
 10
-6.28979
 20
-5.51212
 30
0.0
 10
-6.28979
 20
-5.51212
 30
0.0
 10
-6.27568
 20
-5.51212
 30
0.0
 10
-6.27568
 20
-5.51212
 30
0.0
 10
-6.27568
 20
-5.51212
 30
0.0
 10
-6.26156
 20
-5.50506
 30
0.0
 10
-6.26156
 20
-5.50506
 30
0.0
 10
-6.26156
 20
-5.50506
 30
0.0
 10
-6.25098
 20
-5.49095
 30
0.0
 10
-6.25098
 20
-5.49095
 30
0.0
 10
-6.25098
 20
-5.49095
 30
0.0
 10
-6.24745
 20
-5.47683
 30
0.0
 10
-6.24745
 20
-5.47683
 30
0.0
 10
-6.24745
 20
-5.47683
 30
0.0
 10
-6.24392
 20
-5.46977
 30
0.0
 10
-6.24392
 20
-5.46977
 30
0.0
  0
SPLINE
  5
78
330
1F
100
AcDbEntity
  8
Camada 1
 62
   251
370
     9
100
AcDbSpline
210
0.0
220
0.0
230
1.0
 70
    24
 71
     3
 72
     8
 73
     4
 74
     0
 42
0.0000000001
 43
0.0000000001
 40
0.0
 40
0.0
 40
0.0
 40
0.0
 40
1.0
 40
1.0
 40
1.0
 40
1.0
 10
-6.24038
 20
-5.46977
 30
0.0
 10
-6.24038
 20
-5.46977
 30
0.0
 10
-6.24038
 20
-5.35331
 30
0.0
 10
-6.24038
 20
-5.35331
 30
0.0
  0
SPLINE
  5
79
330
1F
100
AcDbEntity
  8
Camada 1
 62
   251
370
     9
100
AcDbSpline
210
0.0
220
0.0
230
1.0
 70
    24
 71
     3
 72
     8
 73
     4
 74
     0
 42
0.0000000001
 43
0.0000000001
 40
0.0
 40
0.0
 40
0.0
 40
0.0
 40
1.0
 40
1.0
 40
1.0
 40
1.0
 10
-6.24392
 20
-5.46977
 30
0.0
 10
-6.24392
 20
-5.46977
 30
0.0
 10
-6.24392
 20
-5.35331
 30
0.0
 10
-6.24392
 20
-5.35331
 30
0.0
  0
SPLINE
  5
7A
330
1F
100
AcDbEntity
  8
Camada 1
 62
   251
370
     9
100
AcDbSpline
210
0.0
220
0.0
230
1.0
 70
     8
 71
     3
 72
    20
 73
    16
 74
     0
 42
0.0000000001
 43
0.0000000001
 40
0.0
 40
0.0
 40
0.0
 40
0.0
 40
0.2
 40
0.2
 40
0.2
 40
0.4
 40
0.4
 40
0.4
 40
0.6000000000000001
 40
0.6000000000000001
 40
0.6000000000000001
 40
0.8
 40
0.8
 40
0.8
 40
1.0
 40
1.0
 40
1.0
 40
1.0
 10
-6.3392
 20
-5.46624
 30
0.0
 10
-6.3392
 20
-5.46624
 30
0.0
 10
-6.3392
 20
-5.48389
 30
0.0
 10
-6.3392
 20
-5.48389
 30
0.0
 10
-6.3392
 20
-5.48389
 30
0.0
 10
-6.32862
 20
-5.498
 30
0.0
 10
-6.32862
 20
-5.498
 30
0.0
 10
-6.32862
 20
-5.498
 30
0.0
 10
-6.31802
 20
-5.50859
 30
0.0
 10
-6.31802
 20
-5.50859
 30
0.0
 10
-6.31802
 20
-5.50859
 30
0.0
 10
-6.30039
 20
-5.51565
 30
0.0
 10
-6.30039
 20
-5.51565
 30
0.0
 10
-6.30039
 20
-5.51565
 30
0.0
 10
-6.28979
 20
-5.51565
 30
0.0
 10
-6.28979
 20
-5.51565
 30
0.0
  0
SPLINE
  5
7B
330
1F
100
AcDbEntity
  8
Camada 1
 62
   251
370
     9
100
AcDbSpline
210
0.0
220
0.0
230
1.0
 70
     8
 71
     3
 72
    20
 73
    16
 74
     0
 42
0.0000000001
 43
0.0000000001
 40
0.0
 40
0.0
 40
0.0
 40
0.0
 40
0.2
 40
0.2
 40
0.2
 40
0.4
 40
0.4
 40
0.4
 40
0.6000000000000001
 40
0.6000000000000001
 40
0.6000000000000001
 40
0.8
 40
0.8
 40
0.8
 40
1.0
 40
1.0
 40
1.0
 40
1.0
 10
-6.28979
 20
-5.3039
 30
0.0
 10
-6.28979
 20
-5.3039
 30
0.0
 10
-6.30744
 20
-5.30743
 30
0.0
 10
-6.30744
 20
-5.30743
 30
0.0
 10
-6.30744
 20
-5.30743
 30
0.0
 10
-6.32155
 20
-5.31449
 30
0.0
 10
-6.32155
 20
-5.31449
 30
0.0
 10
-6.32155
 20
-5.31449
 30
0.0
 10
-6.33215
 20
-5.32861
 30
0.0
 10
-6.33215
 20
-5.32861
 30
0.0
 10
-6.33215
 20
-5.32861
 30
0.0
 10
-6.3392
 20
-5.34272
 30
0.0
 10
-6.3392
 20
-5.34272
 30
0.0
 10
-6.3392
 20
-5.34272
 30
0.0
 10
-6.3392
 20
-5.35331
 30
0.0
 10
-6.3392
 20
-5.35331
 30
0.0
  0
SPLINE
  5
7C
330
1F
100
AcDbEntity
  8
Camada 1
 62
   251
370
     9
100
AcDbSpline
210
0.0
220
0.0
230
1.0
 70
    24
 71
     3
 72
     8
 73
     4
 74
     0
 42
0.0000000001
 43
0.0000000001
 40
0.0
 40
0.0
 40
0.0
 40
0.0
 40
1.0
 40
1.0
 40
1.0
 40
1.0
 10
-6.3392
 20
-5.35331
 30
0.0
 10
-6.3392
 20
-5.35331
 30
0.0
 10
-6.3392
 20
-5.46624
 30
0.0
 10
-6.3392
 20
-5.46624
 30
0.0
  0
SPLINE
  5
7D
330
1F
100
AcDbEntity
  8
Camada 1
 62
   251
370
     9
100
AcDbSpline
210
0.0
220
0.0
230
1.0
 70
    24
 71
     3
 72
     8
 73
     4
 74
     0
 42
0.0000000001
 43
0.0000000001
 40
0.0
 40
0.0
 40
0.0
 40
0.0
 40
1.0
 40
1.0
 40
1.0
 40
1.0
 10
-6.27921
 20
-5.29331
 30
0.0
 10
-6.27921
 20
-5.29331
 30
0.0
 10
-6.30391
 20
-5.29331
 30
0.0
 10
-6.30391
 20
-5.29331
 30
0.0
  0
SPLINE
  5
7E
330
1F
100
AcDbEntity
  8
Camada 1
 62
   251
370
     9
100
AcDbSpline
210
0.0
220
0.0
230
1.0
 70
     8
 71
     3
 72
    20
 73
    16
 74
     0
 42
0.0000000001
 43
0.0000000001
 40
0.0
 40
0.0
 40
0.0
 40
0.0
 40
0.2
 40
0.2
 40
0.2
 40
0.4
 40
0.4
 40
0.4
 40
0.6000000000000001
 40
0.6000000000000001
 40
0.6000000000000001
 40
0.8
 40
0.8
 40
0.8
 40
1.0
 40
1.0
 40
1.0
 40
1.0
 10
-6.2051
 20
-5.36037
 30
0.0
 10
-6.2051
 20
-5.36037
 30
0.0
 10
-6.20862
 20
-5.33566
 30
0.0
 10
-6.20862
 20
-5.33566
 30
0.0
 10
-6.20862
 20
-5.33566
 30
0.0
 10
-6.21922
 20
-5.31802
 30
0.0
 10
-6.21922
 20
-5.31802
 30
0.0
 10
-6.21922
 20
-5.31802
 30
0.0
 10
-6.23333
 20
-5.3039
 30
0.0
 10
-6.23333
 20
-5.3039
 30
0.0
 10
-6.23333
 20
-5.3039
 30
0.0
 10
-6.2545
 20
-5.29331
 30
0.0
 10
-6.2545
 20
-5.29331
 30
0.0
 10
-6.2545
 20
-5.29331
 30
0.0
 10
-6.27921
 20
-5.29331
 30
0.0
 10
-6.27921
 20
-5.29331
 30
0.0
  0
SPLINE
  5
7F
330
1F
100
AcDbEntity
  8
Camada 1
 62
   251
370
     9
100
AcDbSpline
210
0.0
220
0.0
230
1.0
 70
    24
 71
     3
 72
     8
 73
     4
 74
     0
 42
0.0000000001
 43
0.0000000001
 40
0.0
 40
0.0
 40
0.0
 40
0.0
 40
1.0
 40
1.0
 40
1.0
 40
1.0
 10
-6.2051
 20
-5.46271
 30
0.0
 10
-6.2051
 20
-5.46271
 30
0.0
 10
-6.2051
 20
-5.36037
 30
0.0
 10
-6.2051
 20
-5.36037
 30
0.0
  0
SPLINE
  5
80
330
1F
100
AcDbEntity
  8
Camada 1
 62
   251
370
     9
100
AcDbSpline
210
0.0
220
0.0
230
1.0
 70
     8
 71
     3
 72
    20
 73
    16
 74
     0
 42
0.0000000001
 43
0.0000000001
 40
0.0
 40
0.0
 40
0.0
 40
0.0
 40
0.2
 40
0.2
 40
0.2
 40
0.4
 40
0.4
 40
0.4
 40
0.6000000000000001
 40
0.6000000000000001
 40
0.6000000000000001
 40
0.8
 40
0.8
 40
0.8
 40
1.0
 40
1.0
 40
1.0
 40
1.0
 10
-6.27921
 20
-5.52976
 30
0.0
 10
-6.27921
 20
-5.52976
 30
0.0
 10
-6.2545
 20
-5.52623
 30
0.0
 10
-6.2545
 20
-5.52623
 30
0.0
 10
-6.2545
 20
-5.52623
 30
0.0
 10
-6.23333
 20
-5.51565
 30
0.0
 10
-6.23333
 20
-5.51565
 30
0.0
 10
-6.23333
 20
-5.51565
 30
0.0
 10
-6.21568
 20
-5.50153
 30
0.0
 10
-6.21568
 20
-5.50153
 30
0.0
 10
-6.21568
 20
-5.50153
 30
0.0
 10
-6.2051
 20
-5.48035
 30
0.0
 10
-6.2051
 20
-5.48035
 30
0.0
 10
-6.2051
 20
-5.48035
 30
0.0
 10
-6.2051
 20
-5.46271
 30
0.0
 10
-6.2051
 20
-5.46271
 30
0.0
  0
SPLINE
  5
81
330
1F
100
AcDbEntity
  8
Camada 1
 62
   251
370
     9
100
AcDbSpline
210
0.0
220
0.0
230
1.0
 70
    24
 71
     3
 72
     8
 73
     4
 74
     0
 42
0.0000000001
 43
0.0000000001
 40
0.0
 40
0.0
 40
0.0
 40
0.0
 40
1.0
 40
1.0
 40
1.0
 40
1.0
 10
-6.30391
 20
-5.52976
 30
0.0
 10
-6.30391
 20
-5.52976
 30
0.0
 10
-6.27921
 20
-5.52976
 30
0.0
 10
-6.27921
 20
-5.52976
 30
0.0
  0
SPLINE
  5
82
330
1F
100
AcDbEntity
  8
Camada 1
 62
   251
370
     9
100
AcDbSpline
210
0.0
220
0.0
230
1.0
 70
     8
 71
     3
 72
    20
 73
    16
 74
     0
 42
0.0000000001
 43
0.0000000001
 40
0.0
 40
0.0
 40
0.0
 40
0.0
 40
0.2
 40
0.2
 40
0.2
 40
0.4
 40
0.4
 40
0.4
 40
0.6000000000000001
 40
0.6000000000000001
 40
0.6000000000000001
 40
0.8
 40
0.8
 40
0.8
 40
1.0
 40
1.0
 40
1.0
 40
1.0
 10
-6.37803
 20
-5.46271
 30
0.0
 10
-6.37803
 20
-5.46271
 30
0.0
 10
-6.3745
 20
-5.48742
 30
0.0
 10
-6.3745
 20
-5.48742
 30
0.0
 10
-6.3745
 20
-5.48742
 30
0.0
 10
-6.36391
 20
-5.50506
 30
0.0
 10
-6.36391
 20
-5.50506
 30
0.0
 10
-6.36391
 20
-5.50506
 30
0.0
 10
-6.34979
 20
-5.51918
 30
0.0
 10
-6.34979
 20
-5.51918
 30
0.0
 10
-6.34979
 20
-5.51918
 30
0.0
 10
-6.32155
 20
-5.52976
 30
0.0
 10
-6.32155
 20
-5.52976
 30
0.0
 10
-6.32155
 20
-5.52976
 30
0.0
 10
-6.30391
 20
-5.52976
 30
0.0
 10
-6.30391
 20
-5.52976
 30
0.0
  0
SPLINE
  5
83
330
1F
100
AcDbEntity
  8
Camada 1
 62
   251
370
     9
100
AcDbSpline
210
0.0
220
0.0
230
1.0
 70
    24
 71
     3
 72
     8
 73
     4
 74
     0
 42
0.0000000001
 43
0.0000000001
 40
0.0
 40
0.0
 40
0.0
 40
0.0
 40
1.0
 40
1.0
 40
1.0
 40
1.0
 10
-6.37803
 20
-5.36037
 30
0.0
 10
-6.37803
 20
-5.36037
 30
0.0
 10
-6.37803
 20
-5.46271
 30
0.0
 10
-6.37803
 20
-5.46271
 30
0.0
  0
SPLINE
  5
84
330
1F
100
AcDbEntity
  8
Camada 1
 62
   251
370
     9
100
AcDbSpline
210
0.0
220
0.0
230
1.0
 70
     8
 71
     3
 72
    20
 73
    16
 74
     0
 42
0.0000000001
 43
0.0000000001
 40
0.0
 40
0.0
 40
0.0
 40
0.0
 40
0.2
 40
0.2
 40
0.2
 40
0.4
 40
0.4
 40
0.4
 40
0.6000000000000001
 40
0.6000000000000001
 40
0.6000000000000001
 40
0.8
 40
0.8
 40
0.8
 40
1.0
 40
1.0
 40
1.0
 40
1.0
 10
-6.30391
 20
-5.29331
 30
0.0
 10
-6.30391
 20
-5.29331
 30
0.0
 10
-6.32862
 20
-5.29684
 30
0.0
 10
-6.32862
 20
-5.29684
 30
0.0
 10
-6.32862
 20
-5.29684
 30
0.0
 10
-6.35332
 20
-5.30743
 30
0.0
 10
-6.35332
 20
-5.30743
 30
0.0
 10
-6.35332
 20
-5.30743
 30
0.0
 10
-6.36743
 20
-5.32154
 30
0.0
 10
-6.36743
 20
-5.32154
 30
0.0
 10
-6.36743
 20
-5.32154
 30
0.0
 10
-6.37803
 20
-5.34272
 30
0.0
 10
-6.37803
 20
-5.34272
 30
0.0
 10
-6.37803
 20
-5.34272
 30
0.0
 10
-6.37803
 20
-5.36037
 30
0.0
 10
-6.37803
 20
-5.36037
 30
0.0
  0
SPLINE
  5
85
330
1F
100
AcDbEntity
  8
Camada 1
 62
   251
370
     9
100
AcDbSpline
210
0.0
220
0.0
230
1.0
 70
     8
 71
     3
 72
    20
 73
    16
 74
     0
 42
0.0000000001
 43
0.0000000001
 40
0.0
 40
0.0
 40
0.0
 40
0.0
 40
0.2
 40
0.2
 40
0.2
 40
0.4
 40
0.4
 40
0.4
 40
0.6000000000000001
 40
0.6000000000000001
 40
0.6000000000000001
 40
0.8
 40
0.8
 40
0.8
 40
1.0
 40
1.0
 40
1.0
 40
1.0
 10
-6.76976
 20
-5.51565
 30
0.0
 10
-6.76976
 20
-5.51565
 30
0.0
 10
-6.75564
 20
-5.51565
 30
0.0
 10
-6.75564
 20
-5.51565
 30
0.0
 10
-6.75564
 20
-5.51565
 30
0.0
 10
-6.74153
 20
-5.50506
 30
0.0
 10
-6.74153
 20
-5.50506
 30
0.0
 10
-6.74153
 20
-5.50506
 30
0.0
 10
-6.73093
 20
-5.49447
 30
0.0
 10
-6.73093
 20
-5.49447
 30
0.0
 10
-6.73093
 20
-5.49447
 30
0.0
 10
-6.72388
 20
-5.48035
 30
0.0
 10
-6.72388
 20
-5.48035
 30
0.0
 10
-6.72388
 20
-5.48035
 30
0.0
 10
-6.72035
 20
-5.46977
 30
0.0
 10
-6.72035
 20
-5.46977
 30
0.0
  0
SPLINE
  5
86
330
1F
100
AcDbEntity
  8
Camada 1
 62
   251
370
     9
100
AcDbSpline
210
0.0
220
0.0
230
1.0
 70
    24
 71
     3
 72
     8
 73
     4
 74
     0
 42
0.0000000001
 43
0.0000000001
 40
0.0
 40
0.0
 40
0.0
 40
0.0
 40
1.0
 40
1.0
 40
1.0
 40
1.0
 10
-6.72035
 20
-5.46977
 30
0.0
 10
-6.72035
 20
-5.46977
 30
0.0
 10
-6.72035
 20
-5.39918
 30
0.0
 10
-6.72035
 20
-5.39918
 30
0.0
  0
SPLINE
  5
87
330
1F
100
AcDbEntity
  8
Camada 1
 62
   251
370
     9
100
AcDbSpline
210
0.0
220
0.0
230
1.0
 70
    24
 71
     3
 72
     8
 73
     4
 74
     0
 42
0.0000000001
 43
0.0000000001
 40
0.0
 40
0.0
 40
0.0
 40
0.0
 40
1.0
 40
1.0
 40
1.0
 40
1.0
 10
-6.72035
 20
-5.39918
 30
0.0
 10
-6.72035
 20
-5.39918
 30
0.0
 10
-6.76976
 20
-5.39918
 30
0.0
 10
-6.76976
 20
-5.39918
 30
0.0
  0
SPLINE
  5
88
330
1F
100
AcDbEntity
  8
Camada 1
 62
   251
370
     9
100
AcDbSpline
210
0.0
220
0.0
230
1.0
 70
     8
 71
     3
 72
    20
 73
    16
 74
     0
 42
0.0000000001
 43
0.0000000001
 40
0.0
 40
0.0
 40
0.0
 40
0.0
 40
0.2
 40
0.2
 40
0.2
 40
0.4
 40
0.4
 40
0.4
 40
0.6000000000000001
 40
0.6000000000000001
 40
0.6000000000000001
 40
0.8
 40
0.8
 40
0.8
 40
1.0
 40
1.0
 40
1.0
 40
1.0
 10
-6.76976
 20
-5.39918
 30
0.0
 10
-6.76976
 20
-5.39918
 30
0.0
 10
-6.7874
 20
-5.39918
 30
0.0
 10
-6.7874
 20
-5.39918
 30
0.0
 10
-6.7874
 20
-5.39918
 30
0.0
 10
-6.80152
 20
-5.40978
 30
0.0
 10
-6.80152
 20
-5.40978
 30
0.0
 10
-6.80152
 20
-5.40978
 30
0.0
 10
-6.8121
 20
-5.42036
 30
0.0
 10
-6.8121
 20
-5.42036
 30
0.0
 10
-6.8121
 20
-5.42036
 30
0.0
 10
-6.81917
 20
-5.43801
 30
0.0
 10
-6.81917
 20
-5.43801
 30
0.0
 10
-6.81917
 20
-5.43801
 30
0.0
 10
-6.81917
 20
-5.44859
 30
0.0
 10
-6.81917
 20
-5.44859
 30
0.0
  0
SPLINE
  5
89
330
1F
100
AcDbEntity
  8
Camada 1
 62
   251
370
     9
100
AcDbSpline
210
0.0
220
0.0
230
1.0
 70
    24
 71
     3
 72
     8
 73
     4
 74
     0
 42
0.0000000001
 43
0.0000000001
 40
0.0
 40
0.0
 40
0.0
 40
0.0
 40
1.0
 40
1.0
 40
1.0
 40
1.0
 10
-6.81917
 20
-5.44859
 30
0.0
 10
-6.81917
 20
-5.44859
 30
0.0
 10
-6.81917
 20
-5.46624
 30
0.0
 10
-6.81917
 20
-5.46624
 30
0.0
  0
SPLINE
  5
8A
330
1F
100
AcDbEntity
  8
Camada 1
 62
   251
370
     9
100
AcDbSpline
210
0.0
220
0.0
230
1.0
 70
     8
 71
     3
 72
    20
 73
    16
 74
     0
 42
0.0000000001
 43
0.0000000001
 40
0.0
 40
0.0
 40
0.0
 40
0.0
 40
0.2
 40
0.2
 40
0.2
 40
0.4
 40
0.4
 40
0.4
 40
0.6000000000000001
 40
0.6000000000000001
 40
0.6000000000000001
 40
0.8
 40
0.8
 40
0.8
 40
1.0
 40
1.0
 40
1.0
 40
1.0
 10
-6.81917
 20
-5.46624
 30
0.0
 10
-6.81917
 20
-5.46624
 30
0.0
 10
-6.81917
 20
-5.48389
 30
0.0
 10
-6.81917
 20
-5.48389
 30
0.0
 10
-6.81917
 20
-5.48389
 30
0.0
 10
-6.80858
 20
-5.498
 30
0.0
 10
-6.80858
 20
-5.498
 30
0.0
 10
-6.80858
 20
-5.498
 30
0.0
 10
-6.79799
 20
-5.50859
 30
0.0
 10
-6.79799
 20
-5.50859
 30
0.0
 10
-6.79799
 20
-5.50859
 30
0.0
 10
-6.78034
 20
-5.51565
 30
0.0
 10
-6.78034
 20
-5.51565
 30
0.0
 10
-6.78034
 20
-5.51565
 30
0.0
 10
-6.76976
 20
-5.51565
 30
0.0
 10
-6.76976
 20
-5.51565
 30
0.0
  0
SPLINE
  5
8B
330
1F
100
AcDbEntity
  8
Camada 1
 62
   251
370
     9
100
AcDbSpline
210
0.0
220
0.0
230
1.0
 70
     8
 71
     3
 72
    20
 73
    16
 74
     0
 42
0.0000000001
 43
0.0000000001
 40
0.0
 40
0.0
 40
0.0
 40
0.0
 40
0.2
 40
0.2
 40
0.2
 40
0.4
 40
0.4
 40
0.4
 40
0.6000000000000001
 40
0.6000000000000001
 40
0.6000000000000001
 40
0.8
 40
0.8
 40
0.8
 40
1.0
 40
1.0
 40
1.0
 40
1.0
 10
-6.76976
 20
-5.3039
 30
0.0
 10
-6.76976
 20
-5.3039
 30
0.0
 10
-6.75564
 20
-5.30743
 30
0.0
 10
-6.75564
 20
-5.30743
 30
0.0
 10
-6.75564
 20
-5.30743
 30
0.0
 10
-6.74153
 20
-5.31449
 30
0.0
 10
-6.74153
 20
-5.31449
 30
0.0
 10
-6.74153
 20
-5.31449
 30
0.0
 10
-6.73093
 20
-5.32861
 30
0.0
 10
-6.73093
 20
-5.32861
 30
0.0
 10
-6.73093
 20
-5.32861
 30
0.0
 10
-6.72388
 20
-5.34272
 30
0.0
 10
-6.72388
 20
-5.34272
 30
0.0
 10
-6.72388
 20
-5.34272
 30
0.0
 10
-6.72035
 20
-5.34977
 30
0.0
 10
-6.72035
 20
-5.34977
 30
0.0
  0
SPLINE
  5
8C
330
1F
100
AcDbEntity
  8
Camada 1
 62
   251
370
     9
100
AcDbSpline
210
0.0
220
0.0
230
1.0
 70
     8
 71
     3
 72
    14
 73
    10
 74
     0
 42
0.0000000001
 43
0.0000000001
 40
0.0
 40
0.0
 40
0.0
 40
0.0
 40
0.3333333333333333
 40
0.3333333333333333
 40
0.3333333333333333
 40
0.6666666666666666
 40
0.6666666666666666
 40
0.6666666666666666
 40
1.0
 40
1.0
 40
1.0
 40
1.0
 10
-6.80505
 20
-5.32154
 30
0.0
 10
-6.80505
 20
-5.32154
 30
0.0
 10
-6.79094
 20
-5.31096
 30
0.0
 10
-6.79094
 20
-5.31096
 30
0.0
 10
-6.79094
 20
-5.31096
 30
0.0
 10
-6.77682
 20
-5.3039
 30
0.0
 10
-6.77682
 20
-5.3039
 30
0.0
 10
-6.77682
 20
-5.3039
 30
0.0
 10
-6.76976
 20
-5.3039
 30
0.0
 10
-6.76976
 20
-5.3039
 30
0.0
  0
SPLINE
  5
8D
330
1F
100
AcDbEntity
  8
Camada 1
 62
   251
370
     9
100
AcDbSpline
210
0.0
220
0.0
230
1.0
 70
    24
 71
     3
 72
     8
 73
     4
 74
     0
 42
0.0000000001
 43
0.0000000001
 40
0.0
 40
0.0
 40
0.0
 40
0.0
 40
1.0
 40
1.0
 40
1.0
 40
1.0
 10
-6.83681
 20
-5.31449
 30
0.0
 10
-6.83681
 20
-5.31449
 30
0.0
 10
-6.80505
 20
-5.32154
 30
0.0
 10
-6.80505
 20
-5.32154
 30
0.0
  0
SPLINE
  5
8E
330
1F
100
AcDbEntity
  8
Camada 1
 62
   251
370
     9
100
AcDbSpline
210
0.0
220
0.0
230
1.0
 70
     8
 71
     3
 72
    14
 73
    10
 74
     0
 42
0.0000000001
 43
0.0000000001
 40
0.0
 40
0.0
 40
0.0
 40
0.0
 40
0.3333333333333333
 40
0.3333333333333333
 40
0.3333333333333333
 40
0.6666666666666666
 40
0.6666666666666666
 40
0.6666666666666666
 40
1.0
 40
1.0
 40
1.0
 40
1.0
 10
-6.78387
 20
-5.29331
 30
0.0
 10
-6.78387
 20
-5.29331
 30
0.0
 10
-6.80858
 20
-5.29684
 30
0.0
 10
-6.80858
 20
-5.29684
 30
0.0
 10
-6.80858
 20
-5.29684
 30
0.0
 10
-6.83328
 20
-5.30743
 30
0.0
 10
-6.83328
 20
-5.30743
 30
0.0
 10
-6.83328
 20
-5.30743
 30
0.0
 10
-6.83681
 20
-5.31449
 30
0.0
 10
-6.83681
 20
-5.31449
 30
0.0
  0
SPLINE
  5
8F
330
1F
100
AcDbEntity
  8
Camada 1
 62
   251
370
     9
100
AcDbSpline
210
0.0
220
0.0
230
1.0
 70
    24
 71
     3
 72
     8
 73
     4
 74
     0
 42
0.0000000001
 43
0.0000000001
 40
0.0
 40
0.0
 40
0.0
 40
0.0
 40
1.0
 40
1.0
 40
1.0
 40
1.0
 10
-6.75917
 20
-5.29331
 30
0.0
 10
-6.75917
 20
-5.29331
 30
0.0
 10
-6.78387
 20
-5.29331
 30
0.0
 10
-6.78387
 20
-5.29331
 30
0.0
  0
SPLINE
  5
90
330
1F
100
AcDbEntity
  8
Camada 1
 62
   251
370
     9
100
AcDbSpline
210
0.0
220
0.0
230
1.0
 70
     8
 71
     3
 72
    20
 73
    16
 74
     0
 42
0.0000000001
 43
0.0000000001
 40
0.0
 40
0.0
 40
0.0
 40
0.0
 40
0.2
 40
0.2
 40
0.2
 40
0.4
 40
0.4
 40
0.4
 40
0.6000000000000001
 40
0.6000000000000001
 40
0.6000000000000001
 40
0.8
 40
0.8
 40
0.8
 40
1.0
 40
1.0
 40
1.0
 40
1.0
 10
-6.68505
 20
-5.36037
 30
0.0
 10
-6.68505
 20
-5.36037
 30
0.0
 10
-6.68859
 20
-5.33919
 30
0.0
 10
-6.68859
 20
-5.33919
 30
0.0
 10
-6.68859
 20
-5.33919
 30
0.0
 10
-6.69565
 20
-5.32154
 30
0.0
 10
-6.69565
 20
-5.32154
 30
0.0
 10
-6.69565
 20
-5.32154
 30
0.0
 10
-6.7133
 20
-5.3039
 30
0.0
 10
-6.7133
 20
-5.3039
 30
0.0
 10
-6.7133
 20
-5.3039
 30
0.0
 10
-6.73446
 20
-5.29684
 30
0.0
 10
-6.73446
 20
-5.29684
 30
0.0
 10
-6.73446
 20
-5.29684
 30
0.0
 10
-6.75917
 20
-5.29331
 30
0.0
 10
-6.75917
 20
-5.29331
 30
0.0
  0
SPLINE
  5
91
330
1F
100
AcDbEntity
  8
Camada 1
 62
   251
370
     9
100
AcDbSpline
210
0.0
220
0.0
230
1.0
 70
    24
 71
     3
 72
    14
 73
    10
 74
     0
 42
0.0000000001
 43
0.0000000001
 40
0.0
 40
0.0
 40
0.0
 40
0.0
 40
0.3333333333333333
 40
0.3333333333333333
 40
0.3333333333333333
 40
0.6666666666666666
 40
0.6666666666666666
 40
0.6666666666666666
 40
1.0
 40
1.0
 40
1.0
 40
1.0
 10
-6.68505
 20
-5.52976
 30
0.0
 10
-6.68505
 20
-5.52976
 30
0.0
 10
-6.68505
 20
-5.48035
 30
0.0
 10
-6.68505
 20
-5.48035
 30
0.0
 10
-6.68505
 20
-5.48035
 30
0.0
 10
-6.68505
 20
-5.43448
 30
0.0
 10
-6.68505
 20
-5.43448
 30
0.0
 10
-6.68505
 20
-5.43448
 30
0.0
 10
-6.68505
 20
-5.36037
 30
0.0
 10
-6.68505
 20
-5.36037
 30
0.0
  0
SPLINE
  5
92
330
1F
100
AcDbEntity
  8
Camada 1
 62
   251
370
     9
100
AcDbSpline
210
0.0
220
0.0
230
1.0
 70
    24
 71
     3
 72
     8
 73
     4
 74
     0
 42
0.0000000001
 43
0.0000000001
 40
0.0
 40
0.0
 40
0.0
 40
0.0
 40
1.0
 40
1.0
 40
1.0
 40
1.0
 10
-6.72035
 20
-5.52976
 30
0.0
 10
-6.72035
 20
-5.52976
 30
0.0
 10
-6.68505
 20
-5.52976
 30
0.0
 10
-6.68505
 20
-5.52976
 30
0.0
  0
SPLINE
  5
93
330
1F
100
AcDbEntity
  8
Camada 1
 62
   251
370
     9
100
AcDbSpline
210
0.0
220
0.0
230
1.0
 70
    24
 71
     3
 72
     8
 73
     4
 74
     0
 42
0.0000000001
 43
0.0000000001
 40
0.0
 40
0.0
 40
0.0
 40
0.0
 40
1.0
 40
1.0
 40
1.0
 40
1.0
 10
-6.72035
 20
-5.52271
 30
0.0
 10
-6.72035
 20
-5.52271
 30
0.0
 10
-6.72035
 20
-5.52976
 30
0.0
 10
-6.72035
 20
-5.52976
 30
0.0
  0
SPLINE
  5
94
330
1F
100
AcDbEntity
  8
Camada 1
 62
   251
370
     9
100
AcDbSpline
210
0.0
220
0.0
230
1.0
 70
     8
 71
     3
 72
    14
 73
    10
 74
     0
 42
0.0000000001
 43
0.0000000001
 40
0.0
 40
0.0
 40
0.0
 40
0.0
 40
0.3333333333333333
 40
0.3333333333333333
 40
0.3333333333333333
 40
0.6666666666666666
 40
0.6666666666666666
 40
0.6666666666666666
 40
1.0
 40
1.0
 40
1.0
 40
1.0
 10
-6.75917
 20
-5.52976
 30
0.0
 10
-6.75917
 20
-5.52976
 30
0.0
 10
-6.74506
 20
-5.52976
 30
0.0
 10
-6.74506
 20
-5.52976
 30
0.0
 10
-6.74506
 20
-5.52976
 30
0.0
 10
-6.73446
 20
-5.52623
 30
0.0
 10
-6.73446
 20
-5.52623
 30
0.0
 10
-6.73446
 20
-5.52623
 30
0.0
 10
-6.72035
 20
-5.52271
 30
0.0
 10
-6.72035
 20
-5.52271
 30
0.0
  0
SPLINE
  5
95
330
1F
100
AcDbEntity
  8
Camada 1
 62
   251
370
     9
100
AcDbSpline
210
0.0
220
0.0
230
1.0
 70
    24
 71
     3
 72
     8
 73
     4
 74
     0
 42
0.0000000001
 43
0.0000000001
 40
0.0
 40
0.0
 40
0.0
 40
0.0
 40
1.0
 40
1.0
 40
1.0
 40
1.0
 10
-6.78387
 20
-5.52976
 30
0.0
 10
-6.78387
 20
-5.52976
 30
0.0
 10
-6.75917
 20
-5.52976
 30
0.0
 10
-6.75917
 20
-5.52976
 30
0.0
  0
SPLINE
  5
96
330
1F
100
AcDbEntity
  8
Camada 1
 62
   251
370
     9
100
AcDbSpline
210
0.0
220
0.0
230
1.0
 70
     8
 71
     3
 72
    20
 73
    16
 74
     0
 42
0.0000000001
 43
0.0000000001
 40
0.0
 40
0.0
 40
0.0
 40
0.0
 40
0.2
 40
0.2
 40
0.2
 40
0.4
 40
0.4
 40
0.4
 40
0.6000000000000001
 40
0.6000000000000001
 40
0.6000000000000001
 40
0.8
 40
0.8
 40
0.8
 40
1.0
 40
1.0
 40
1.0
 40
1.0
 10
-6.85798
 20
-5.46271
 30
0.0
 10
-6.85798
 20
-5.46271
 30
0.0
 10
-6.85446
 20
-5.48389
 30
0.0
 10
-6.85446
 20
-5.48389
 30
0.0
 10
-6.85446
 20
-5.48389
 30
0.0
 10
-6.84387
 20
-5.50153
 30
0.0
 10
-6.84387
 20
-5.50153
 30
0.0
 10
-6.84387
 20
-5.50153
 30
0.0
 10
-6.82975
 20
-5.51565
 30
0.0
 10
-6.82975
 20
-5.51565
 30
0.0
 10
-6.82975
 20
-5.51565
 30
0.0
 10
-6.80858
 20
-5.52623
 30
0.0
 10
-6.80858
 20
-5.52623
 30
0.0
 10
-6.80858
 20
-5.52623
 30
0.0
 10
-6.78387
 20
-5.52976
 30
0.0
 10
-6.78387
 20
-5.52976
 30
0.0
  0
SPLINE
  5
97
330
1F
100
AcDbEntity
  8
Camada 1
 62
   251
370
     9
100
AcDbSpline
210
0.0
220
0.0
230
1.0
 70
    24
 71
     3
 72
     8
 73
     4
 74
     0
 42
0.0000000001
 43
0.0000000001
 40
0.0
 40
0.0
 40
0.0
 40
0.0
 40
1.0
 40
1.0
 40
1.0
 40
1.0
 10
-6.85798
 20
-5.44859
 30
0.0
 10
-6.85798
 20
-5.44859
 30
0.0
 10
-6.85798
 20
-5.46271
 30
0.0
 10
-6.85798
 20
-5.46271
 30
0.0
  0
SPLINE
  5
98
330
1F
100
AcDbEntity
  8
Camada 1
 62
   251
370
     9
100
AcDbSpline
210
0.0
220
0.0
230
1.0
 70
     8
 71
     3
 72
    20
 73
    16
 74
     0
 42
0.0000000001
 43
0.0000000001
 40
0.0
 40
0.0
 40
0.0
 40
0.0
 40
0.2
 40
0.2
 40
0.2
 40
0.4
 40
0.4
 40
0.4
 40
0.6000000000000001
 40
0.6000000000000001
 40
0.6000000000000001
 40
0.8
 40
0.8
 40
0.8
 40
1.0
 40
1.0
 40
1.0
 40
1.0
 10
-6.78387
 20
-5.38507
 30
0.0
 10
-6.78387
 20
-5.38507
 30
0.0
 10
-6.80858
 20
-5.3886
 30
0.0
 10
-6.80858
 20
-5.3886
 30
0.0
 10
-6.80858
 20
-5.3886
 30
0.0
 10
-6.83328
 20
-5.39918
 30
0.0
 10
-6.83328
 20
-5.39918
 30
0.0
 10
-6.83328
 20
-5.39918
 30
0.0
 10
-6.8474
 20
-5.41683
 30
0.0
 10
-6.8474
 20
-5.41683
 30
0.0
 10
-6.8474
 20
-5.41683
 30
0.0
 10
-6.85798
 20
-5.43448
 30
0.0
 10
-6.85798
 20
-5.43448
 30
0.0
 10
-6.85798
 20
-5.43448
 30
0.0
 10
-6.85798
 20
-5.44859
 30
0.0
 10
-6.85798
 20
-5.44859
 30
0.0
  0
SPLINE
  5
99
330
1F
100
AcDbEntity
  8
Camada 1
 62
   251
370
     9
100
AcDbSpline
210
0.0
220
0.0
230
1.0
 70
    24
 71
     3
 72
     8
 73
     4
 74
     0
 42
0.0000000001
 43
0.0000000001
 40
0.0
 40
0.0
 40
0.0
 40
0.0
 40
1.0
 40
1.0
 40
1.0
 40
1.0
 10
-6.72035
 20
-5.38507
 30
0.0
 10
-6.72035
 20
-5.38507
 30
0.0
 10
-6.78387
 20
-5.38507
 30
0.0
 10
-6.78387
 20
-5.38507
 30
0.0
  0
SPLINE
  5
9A
330
1F
100
AcDbEntity
  8
Camada 1
 62
   251
370
     9
100
AcDbSpline
210
0.0
220
0.0
230
1.0
 70
    24
 71
     3
 72
     8
 73
     4
 74
     0
 42
0.0000000001
 43
0.0000000001
 40
0.0
 40
0.0
 40
0.0
 40
0.0
 40
1.0
 40
1.0
 40
1.0
 40
1.0
 10
-6.72035
 20
-5.34977
 30
0.0
 10
-6.72035
 20
-5.34977
 30
0.0
 10
-6.72035
 20
-5.38507
 30
0.0
 10
-6.72035
 20
-5.38507
 30
0.0
  0
SPLINE
  5
9B
330
1F
100
AcDbEntity
  8
Camada 1
 62
   251
370
     9
100
AcDbSpline
210
0.0
220
0.0
230
1.0
 70
    24
 71
     3
 72
    11
 73
     7
 74
     0
 42
0.0000000001
 43
0.0000000001
 40
0.0
 40
0.0
 40
0.0
 40
0.0
 40
0.5
 40
0.5
 40
0.5
 40
1.0
 40
1.0
 40
1.0
 40
1.0
 10
-6.80505
 20
-5.32154
 30
0.0
 10
-6.80505
 20
-5.32154
 30
0.0
 10
-6.80505
 20
-5.32154
 30
0.0
 10
-6.80505
 20
-5.32154
 30
0.0
 10
-6.80505
 20
-5.32154
 30
0.0
 10
-6.80505
 20
-5.32508
 30
0.0
 10
-6.80505
 20
-5.32508
 30
0.0
  0
SPLINE
  5
9C
330
1F
100
AcDbEntity
  8
Camada 1
 62
   251
370
     9
100
AcDbSpline
210
0.0
220
0.0
230
1.0
 70
    24
 71
     3
 72
     8
 73
     4
 74
     0
 42
0.0000000001
 43
0.0000000001
 40
0.0
 40
0.0
 40
0.0
 40
0.0
 40
1.0
 40
1.0
 40
1.0
 40
1.0
 10
-6.76976
 20
-5.3039
 30
0.0
 10
-6.76976
 20
-5.3039
 30
0.0
 10
-6.76976
 20
-5.30743
 30
0.0
 10
-6.76976
 20
-5.30743
 30
0.0
  0
SPLINE
  5
9D
330
1F
100
AcDbEntity
  8
Camada 1
 62
   251
370
     9
100
AcDbSpline
210
0.0
220
0.0
230
1.0
 70
     8
 71
     3
 72
    14
 73
    10
 74
     0
 42
0.0000000001
 43
0.0000000001
 40
0.0
 40
0.0
 40
0.0
 40
0.0
 40
0.3333333333333333
 40
0.3333333333333333
 40
0.3333333333333333
 40
0.6666666666666666
 40
0.6666666666666666
 40
0.6666666666666666
 40
1.0
 40
1.0
 40
1.0
 40
1.0
 10
-6.80505
 20
-5.32508
 30
0.0
 10
-6.80505
 20
-5.32508
 30
0.0
 10
-6.79446
 20
-5.31449
 30
0.0
 10
-6.79446
 20
-5.31449
 30
0.0
 10
-6.79446
 20
-5.31449
 30
0.0
 10
-6.77682
 20
-5.31096
 30
0.0
 10
-6.77682
 20
-5.31096
 30
0.0
 10
-6.77682
 20
-5.31096
 30
0.0
 10
-6.76976
 20
-5.30743
 30
0.0
 10
-6.76976
 20
-5.30743
 30
0.0
  0
SPLINE
  5
9E
330
1F
100
AcDbEntity
  8
Camada 1
 62
   251
370
     9
100
AcDbSpline
210
0.0
220
0.0
230
1.0
 70
    24
 71
     3
 72
    11
 73
     7
 74
     0
 42
0.0000000001
 43
0.0000000001
 40
0.0
 40
0.0
 40
0.0
 40
0.0
 40
0.5
 40
0.5
 40
0.5
 40
1.0
 40
1.0
 40
1.0
 40
1.0
 10
-6.83681
 20
-5.31449
 30
0.0
 10
-6.83681
 20
-5.31449
 30
0.0
 10
-6.84034
 20
-5.31449
 30
0.0
 10
-6.84034
 20
-5.31449
 30
0.0
 10
-6.84034
 20
-5.31449
 30
0.0
 10
-6.84387
 20
-5.31449
 30
0.0
 10
-6.84387
 20
-5.31449
 30
0.0
  0
SPLINE
  5
9F
330
1F
100
AcDbEntity
  8
Camada 1
 62
   251
370
     9
100
AcDbSpline
210
0.0
220
0.0
230
1.0
 70
    24
 71
     3
 72
     8
 73
     4
 74
     0
 42
0.0000000001
 43
0.0000000001
 40
0.0
 40
0.0
 40
0.0
 40
0.0
 40
1.0
 40
1.0
 40
1.0
 40
1.0
 10
-6.84387
 20
-5.31449
 30
0.0
 10
-6.84387
 20
-5.31449
 30
0.0
 10
-6.80505
 20
-5.32508
 30
0.0
 10
-6.80505
 20
-5.32508
 30
0.0
  0
SPLINE
  5
A0
330
1F
100
AcDbEntity
  8
Camada 1
 62
   251
370
     9
100
AcDbSpline
210
0.0
220
0.0
230
1.0
 70
    24
 71
     3
 72
     8
 73
     4
 74
     0
 42
0.0000000001
 43
0.0000000001
 40
0.0
 40
0.0
 40
0.0
 40
0.0
 40
1.0
 40
1.0
 40
1.0
 40
1.0
 10
-6.68505
 20
-5.52976
 30
0.0
 10
-6.68505
 20
-5.52976
 30
0.0
 10
-6.68153
 20
-5.5333
 30
0.0
 10
-6.68153
 20
-5.5333
 30
0.0
  0
SPLINE
  5
A1
330
1F
100
AcDbEntity
  8
Camada 1
 62
   251
370
     9
100
AcDbSpline
210
0.0
220
0.0
230
1.0
 70
    24
 71
     3
 72
     8
 73
     4
 74
     0
 42
0.0000000001
 43
0.0000000001
 40
0.0
 40
0.0
 40
0.0
 40
0.0
 40
1.0
 40
1.0
 40
1.0
 40
1.0
 10
-6.68505
 20
-5.36037
 30
0.0
 10
-6.68505
 20
-5.36037
 30
0.0
 10
-6.68153
 20
-5.36037
 30
0.0
 10
-6.68153
 20
-5.36037
 30
0.0
  0
SPLINE
  5
A2
330
1F
100
AcDbEntity
  8
Camada 1
 62
   251
370
     9
100
AcDbSpline
210
0.0
220
0.0
230
1.0
 70
    24
 71
     3
 72
    14
 73
    10
 74
     0
 42
0.0000000001
 43
0.0000000001
 40
0.0
 40
0.0
 40
0.0
 40
0.0
 40
0.3333333333333333
 40
0.3333333333333333
 40
0.3333333333333333
 40
0.6666666666666666
 40
0.6666666666666666
 40
0.6666666666666666
 40
1.0
 40
1.0
 40
1.0
 40
1.0
 10
-6.68153
 20
-5.5333
 30
0.0
 10
-6.68153
 20
-5.5333
 30
0.0
 10
-6.68153
 20
-5.48389
 30
0.0
 10
-6.68153
 20
-5.48389
 30
0.0
 10
-6.68153
 20
-5.48389
 30
0.0
 10
-6.68153
 20
-5.43801
 30
0.0
 10
-6.68153
 20
-5.43801
 30
0.0
 10
-6.68153
 20
-5.43801
 30
0.0
 10
-6.68153
 20
-5.36037
 30
0.0
 10
-6.68153
 20
-5.36037
 30
0.0
  0
SPLINE
  5
A3
330
1F
100
AcDbEntity
  8
Camada 1
 62
   251
370
     9
100
AcDbSpline
210
0.0
220
0.0
230
1.0
 70
    24
 71
     3
 72
     8
 73
     4
 74
     0
 42
0.0000000001
 43
0.0000000001
 40
0.0
 40
0.0
 40
0.0
 40
0.0
 40
1.0
 40
1.0
 40
1.0
 40
1.0
 10
-6.72035
 20
-5.52976
 30
0.0
 10
-6.72035
 20
-5.52976
 30
0.0
 10
-6.72388
 20
-5.5333
 30
0.0
 10
-6.72388
 20
-5.5333
 30
0.0
  0
SPLINE
  5
A4
330
1F
100
AcDbEntity
  8
Camada 1
 62
   251
370
     9
100
AcDbSpline
210
0.0
220
0.0
230
1.0
 70
    24
 71
     3
 72
     8
 73
     4
 74
     0
 42
0.0000000001
 43
0.0000000001
 40
0.0
 40
0.0
 40
0.0
 40
0.0
 40
1.0
 40
1.0
 40
1.0
 40
1.0
 10
-6.72388
 20
-5.5333
 30
0.0
 10
-6.72388
 20
-5.5333
 30
0.0
 10
-6.68153
 20
-5.5333
 30
0.0
 10
-6.68153
 20
-5.5333
 30
0.0
  0
SPLINE
  5
A5
330
1F
100
AcDbEntity
  8
Camada 1
 62
   251
370
     9
100
AcDbSpline
210
0.0
220
0.0
230
1.0
 70
    24
 71
     3
 72
     8
 73
     4
 74
     0
 42
0.0000000001
 43
0.0000000001
 40
0.0
 40
0.0
 40
0.0
 40
0.0
 40
1.0
 40
1.0
 40
1.0
 40
1.0
 10
-6.9321
 20
-5.52976
 30
0.0
 10
-6.9321
 20
-5.52976
 30
0.0
 10
-6.93563
 20
-5.5333
 30
0.0
 10
-6.93563
 20
-5.5333
 30
0.0
  0
SPLINE
  5
A6
330
1F
100
AcDbEntity
  8
Camada 1
 62
   251
370
     9
100
AcDbSpline
210
0.0
220
0.0
230
1.0
 70
    24
 71
     3
 72
     8
 73
     4
 74
     0
 42
0.0000000001
 43
0.0000000001
 40
0.0
 40
0.0
 40
0.0
 40
0.0
 40
1.0
 40
1.0
 40
1.0
 40
1.0
 10
-6.9321
 20
-5.52976
 30
0.0
 10
-6.9321
 20
-5.52976
 30
0.0
 10
-6.89327
 20
-5.52976
 30
0.0
 10
-6.89327
 20
-5.52976
 30
0.0
  0
SPLINE
  5
A7
330
1F
100
AcDbEntity
  8
Camada 1
 62
   251
370
     9
100
AcDbSpline
210
0.0
220
0.0
230
1.0
 70
    24
 71
     3
 72
     8
 73
     4
 74
     0
 42
0.0000000001
 43
0.0000000001
 40
0.0
 40
0.0
 40
0.0
 40
0.0
 40
1.0
 40
1.0
 40
1.0
 40
1.0
 10
-6.89327
 20
-5.52976
 30
0.0
 10
-6.89327
 20
-5.52976
 30
0.0
 10
-6.88974
 20
-5.5333
 30
0.0
 10
-6.88974
 20
-5.5333
 30
0.0
  0
SPLINE
  5
A8
330
1F
100
AcDbEntity
  8
Camada 1
 62
   251
370
     9
100
AcDbSpline
210
0.0
220
0.0
230
1.0
 70
    24
 71
     3
 72
     8
 73
     4
 74
     0
 42
0.0000000001
 43
0.0000000001
 40
0.0
 40
0.0
 40
0.0
 40
0.0
 40
1.0
 40
1.0
 40
1.0
 40
1.0
 10
-6.93563
 20
-5.5333
 30
0.0
 10
-6.93563
 20
-5.5333
 30
0.0
 10
-6.88974
 20
-5.5333
 30
0.0
 10
-6.88974
 20
-5.5333
 30
0.0
  0
SPLINE
  5
A9
330
1F
100
AcDbEntity
  8
Camada 1
 62
   251
370
     9
100
AcDbSpline
210
0.0
220
0.0
230
1.0
 70
    24
 71
     3
 72
     8
 73
     4
 74
     0
 42
0.0000000001
 43
0.0000000001
 40
0.0
 40
0.0
 40
0.0
 40
0.0
 40
1.0
 40
1.0
 40
1.0
 40
1.0
 10
-7.03092
 20
-5.29331
 30
0.0
 10
-7.03092
 20
-5.29331
 30
0.0
 10
-7.06973
 20
-5.29331
 30
0.0
 10
-7.06973
 20
-5.29331
 30
0.0
  0
SPLINE
  5
AA
330
1F
100
AcDbEntity
  8
Camada 1
 62
   251
370
     9
100
AcDbSpline
210
0.0
220
0.0
230
1.0
 70
    24
 71
     3
 72
     8
 73
     4
 74
     0
 42
0.0000000001
 43
0.0000000001
 40
0.0
 40
0.0
 40
0.0
 40
0.0
 40
1.0
 40
1.0
 40
1.0
 40
1.0
 10
-7.03092
 20
-5.30038
 30
0.0
 10
-7.03092
 20
-5.30038
 30
0.0
 10
-7.03092
 20
-5.29331
 30
0.0
 10
-7.03092
 20
-5.29331
 30
0.0
  0
SPLINE
  5
AB
330
1F
100
AcDbEntity
  8
Camada 1
 62
   251
370
     9
100
AcDbSpline
210
0.0
220
0.0
230
1.0
 70
     8
 71
     3
 72
    14
 73
    10
 74
     0
 42
0.0000000001
 43
0.0000000001
 40
0.0
 40
0.0
 40
0.0
 40
0.0
 40
0.3333333333333333
 40
0.3333333333333333
 40
0.3333333333333333
 40
0.6666666666666666
 40
0.6666666666666666
 40
0.6666666666666666
 40
1.0
 40
1.0
 40
1.0
 40
1.0
 10
-6.99562
 20
-5.29331
 30
0.0
 10
-6.99562
 20
-5.29331
 30
0.0
 10
-7.00621
 20
-5.29331
 30
0.0
 10
-7.00621
 20
-5.29331
 30
0.0
 10
-7.00621
 20
-5.29331
 30
0.0
 10
-7.01679
 20
-5.29684
 30
0.0
 10
-7.01679
 20
-5.29684
 30
0.0
 10
-7.01679
 20
-5.29684
 30
0.0
 10
-7.03092
 20
-5.30038
 30
0.0
 10
-7.03092
 20
-5.30038
 30
0.0
  0
SPLINE
  5
AC
330
1F
100
AcDbEntity
  8
Camada 1
 62
   251
370
     9
100
AcDbSpline
210
0.0
220
0.0
230
1.0
 70
    24
 71
     3
 72
     8
 73
     4
 74
     0
 42
0.0000000001
 43
0.0000000001
 40
0.0
 40
0.0
 40
0.0
 40
0.0
 40
1.0
 40
1.0
 40
1.0
 40
1.0
 10
-6.96739
 20
-5.29331
 30
0.0
 10
-6.96739
 20
-5.29331
 30
0.0
 10
-6.99562
 20
-5.29331
 30
0.0
 10
-6.99562
 20
-5.29331
 30
0.0
  0
SPLINE
  5
AD
330
1F
100
AcDbEntity
  8
Camada 1
 62
   251
370
     9
100
AcDbSpline
210
0.0
220
0.0
230
1.0
 70
     8
 71
     3
 72
    20
 73
    16
 74
     0
 42
0.0000000001
 43
0.0000000001
 40
0.0
 40
0.0
 40
0.0
 40
0.0
 40
0.2
 40
0.2
 40
0.2
 40
0.4
 40
0.4
 40
0.4
 40
0.6000000000000001
 40
0.6000000000000001
 40
0.6000000000000001
 40
0.8
 40
0.8
 40
0.8
 40
1.0
 40
1.0
 40
1.0
 40
1.0
 10
-6.89327
 20
-5.36037
 30
0.0
 10
-6.89327
 20
-5.36037
 30
0.0
 10
-6.89681
 20
-5.33919
 30
0.0
 10
-6.89681
 20
-5.33919
 30
0.0
 10
-6.89681
 20
-5.33919
 30
0.0
 10
-6.90739
 20
-5.32154
 30
0.0
 10
-6.90739
 20
-5.32154
 30
0.0
 10
-6.90739
 20
-5.32154
 30
0.0
 10
-6.92151
 20
-5.3039
 30
0.0
 10
-6.92151
 20
-5.3039
 30
0.0
 10
-6.92151
 20
-5.3039
 30
0.0
 10
-6.94268
 20
-5.29684
 30
0.0
 10
-6.94268
 20
-5.29684
 30
0.0
 10
-6.94268
 20
-5.29684
 30
0.0
 10
-6.96739
 20
-5.29331
 30
0.0
 10
-6.96739
 20
-5.29331
 30
0.0
  0
SPLINE
  5
AE
330
1F
100
AcDbEntity
  8
Camada 1
 62
   251
370
     9
100
AcDbSpline
210
0.0
220
0.0
230
1.0
 70
    24
 71
     3
 72
     8
 73
     4
 74
     0
 42
0.0000000001
 43
0.0000000001
 40
0.0
 40
0.0
 40
0.0
 40
0.0
 40
1.0
 40
1.0
 40
1.0
 40
1.0
 10
-6.89327
 20
-5.52976
 30
0.0
 10
-6.89327
 20
-5.52976
 30
0.0
 10
-6.89327
 20
-5.36037
 30
0.0
 10
-6.89327
 20
-5.36037
 30
0.0
  0
SPLINE
  5
AF
330
1F
100
AcDbEntity
  8
Camada 1
 62
   251
370
     9
100
AcDbSpline
210
0.0
220
0.0
230
1.0
 70
    24
 71
     3
 72
     8
 73
     4
 74
     0
 42
0.0000000001
 43
0.0000000001
 40
0.0
 40
0.0
 40
0.0
 40
0.0
 40
1.0
 40
1.0
 40
1.0
 40
1.0
 10
-6.9321
 20
-5.35331
 30
0.0
 10
-6.9321
 20
-5.35331
 30
0.0
 10
-6.9321
 20
-5.52976
 30
0.0
 10
-6.9321
 20
-5.52976
 30
0.0
  0
SPLINE
  5
B0
330
1F
100
AcDbEntity
  8
Camada 1
 62
   251
370
     9
100
AcDbSpline
210
0.0
220
0.0
230
1.0
 70
     8
 71
     3
 72
    20
 73
    16
 74
     0
 42
0.0000000001
 43
0.0000000001
 40
0.0
 40
0.0
 40
0.0
 40
0.0
 40
0.2
 40
0.2
 40
0.2
 40
0.4
 40
0.4
 40
0.4
 40
0.6000000000000001
 40
0.6000000000000001
 40
0.6000000000000001
 40
0.8
 40
0.8
 40
0.8
 40
1.0
 40
1.0
 40
1.0
 40
1.0
 10
-6.98151
 20
-5.3039
 30
0.0
 10
-6.98151
 20
-5.3039
 30
0.0
 10
-6.96386
 20
-5.30743
 30
0.0
 10
-6.96386
 20
-5.30743
 30
0.0
 10
-6.96386
 20
-5.30743
 30
0.0
 10
-6.94975
 20
-5.31449
 30
0.0
 10
-6.94975
 20
-5.31449
 30
0.0
 10
-6.94975
 20
-5.31449
 30
0.0
 10
-6.93915
 20
-5.32861
 30
0.0
 10
-6.93915
 20
-5.32861
 30
0.0
 10
-6.93915
 20
-5.32861
 30
0.0
 10
-6.9321
 20
-5.34272
 30
0.0
 10
-6.9321
 20
-5.34272
 30
0.0
 10
-6.9321
 20
-5.34272
 30
0.0
 10
-6.9321
 20
-5.35331
 30
0.0
 10
-6.9321
 20
-5.35331
 30
0.0
  0
SPLINE
  5
B1
330
1F
100
AcDbEntity
  8
Camada 1
 62
   251
370
     9
100
AcDbSpline
210
0.0
220
0.0
230
1.0
 70
     8
 71
     3
 72
    20
 73
    16
 74
     0
 42
0.0000000001
 43
0.0000000001
 40
0.0
 40
0.0
 40
0.0
 40
0.0
 40
0.2
 40
0.2
 40
0.2
 40
0.4
 40
0.4
 40
0.4
 40
0.6000000000000001
 40
0.6000000000000001
 40
0.6000000000000001
 40
0.8
 40
0.8
 40
0.8
 40
1.0
 40
1.0
 40
1.0
 40
1.0
 10
-7.03092
 20
-5.35331
 30
0.0
 10
-7.03092
 20
-5.35331
 30
0.0
 10
-7.02739
 20
-5.33919
 30
0.0
 10
-7.02739
 20
-5.33919
 30
0.0
 10
-7.02739
 20
-5.33919
 30
0.0
 10
-7.02032
 20
-5.32508
 30
0.0
 10
-7.02032
 20
-5.32508
 30
0.0
 10
-7.02032
 20
-5.32508
 30
0.0
 10
-7.00621
 20
-5.31449
 30
0.0
 10
-7.00621
 20
-5.31449
 30
0.0
 10
-7.00621
 20
-5.31449
 30
0.0
 10
-6.99209
 20
-5.30743
 30
0.0
 10
-6.99209
 20
-5.30743
 30
0.0
 10
-6.99209
 20
-5.30743
 30
0.0
 10
-6.98151
 20
-5.3039
 30
0.0
 10
-6.98151
 20
-5.3039
 30
0.0
  0
SPLINE
  5
B2
330
1F
100
AcDbEntity
  8
Camada 1
 62
   251
370
     9
100
AcDbSpline
210
0.0
220
0.0
230
1.0
 70
    24
 71
     3
 72
     8
 73
     4
 74
     0
 42
0.0000000001
 43
0.0000000001
 40
0.0
 40
0.0
 40
0.0
 40
0.0
 40
1.0
 40
1.0
 40
1.0
 40
1.0
 10
-7.03092
 20
-5.52976
 30
0.0
 10
-7.03092
 20
-5.52976
 30
0.0
 10
-7.03092
 20
-5.35331
 30
0.0
 10
-7.03092
 20
-5.35331
 30
0.0
  0
SPLINE
  5
B3
330
1F
100
AcDbEntity
  8
Camada 1
 62
   251
370
     9
100
AcDbSpline
210
0.0
220
0.0
230
1.0
 70
    24
 71
     3
 72
     8
 73
     4
 74
     0
 42
0.0000000001
 43
0.0000000001
 40
0.0
 40
0.0
 40
0.0
 40
0.0
 40
1.0
 40
1.0
 40
1.0
 40
1.0
 10
-7.06973
 20
-5.52976
 30
0.0
 10
-7.06973
 20
-5.52976
 30
0.0
 10
-7.03092
 20
-5.52976
 30
0.0
 10
-7.03092
 20
-5.52976
 30
0.0
  0
SPLINE
  5
B4
330
1F
100
AcDbEntity
  8
Camada 1
 62
   251
370
     9
100
AcDbSpline
210
0.0
220
0.0
230
1.0
 70
    24
 71
     3
 72
     8
 73
     4
 74
     0
 42
0.0000000001
 43
0.0000000001
 40
0.0
 40
0.0
 40
0.0
 40
0.0
 40
1.0
 40
1.0
 40
1.0
 40
1.0
 10
-7.06973
 20
-5.29331
 30
0.0
 10
-7.06973
 20
-5.29331
 30
0.0
 10
-7.06973
 20
-5.52976
 30
0.0
 10
-7.06973
 20
-5.52976
 30
0.0
  0
SPLINE
  5
B5
330
1F
100
AcDbEntity
  8
Camada 1
 62
   251
370
     9
100
AcDbSpline
210
0.0
220
0.0
230
1.0
 70
    24
 71
     3
 72
     8
 73
     4
 74
     0
 42
0.0000000001
 43
0.0000000001
 40
0.0
 40
0.0
 40
0.0
 40
0.0
 40
1.0
 40
1.0
 40
1.0
 40
1.0
 10
-7.35206
 20
-5.34977
 30
0.0
 10
-7.35206
 20
-5.34977
 30
0.0
 10
-7.31678
 20
-5.33919
 30
0.0
 10
-7.31678
 20
-5.33919
 30
0.0
  0
SPLINE
  5
B6
330
1F
100
AcDbEntity
  8
Camada 1
 62
   251
370
     9
100
AcDbSpline
210
0.0
220
0.0
230
1.0
 70
     8
 71
     3
 72
    20
 73
    16
 74
     0
 42
0.0000000001
 43
0.0000000001
 40
0.0
 40
0.0
 40
0.0
 40
0.0
 40
0.2
 40
0.2
 40
0.2
 40
0.4
 40
0.4
 40
0.4
 40
0.6000000000000001
 40
0.6000000000000001
 40
0.6000000000000001
 40
0.8
 40
0.8
 40
0.8
 40
1.0
 40
1.0
 40
1.0
 40
1.0
 10
-7.40147
 20
-5.3039
 30
0.0
 10
-7.40147
 20
-5.3039
 30
0.0
 10
-7.38382
 20
-5.30743
 30
0.0
 10
-7.38382
 20
-5.30743
 30
0.0
 10
-7.38382
 20
-5.30743
 30
0.0
 10
-7.36971
 20
-5.31449
 30
0.0
 10
-7.36971
 20
-5.31449
 30
0.0
 10
-7.36971
 20
-5.31449
 30
0.0
 10
-7.35912
 20
-5.32861
 30
0.0
 10
-7.35912
 20
-5.32861
 30
0.0
 10
-7.35912
 20
-5.32861
 30
0.0
 10
-7.35206
 20
-5.34272
 30
0.0
 10
-7.35206
 20
-5.34272
 30
0.0
 10
-7.35206
 20
-5.34272
 30
0.0
 10
-7.35206
 20
-5.34977
 30
0.0
 10
-7.35206
 20
-5.34977
 30
0.0
  0
SPLINE
  5
B7
330
1F
100
AcDbEntity
  8
Camada 1
 62
   251
370
     9
100
AcDbSpline
210
0.0
220
0.0
230
1.0
 70
     8
 71
     3
 72
    20
 73
    16
 74
     0
 42
0.0000000001
 43
0.0000000001
 40
0.0
 40
0.0
 40
0.0
 40
0.0
 40
0.2
 40
0.2
 40
0.2
 40
0.4
 40
0.4
 40
0.4
 40
0.6000000000000001
 40
0.6000000000000001
 40
0.6000000000000001
 40
0.8
 40
0.8
 40
0.8
 40
1.0
 40
1.0
 40
1.0
 40
1.0
 10
-7.45088
 20
-5.35331
 30
0.0
 10
-7.45088
 20
-5.35331
 30
0.0
 10
-7.44735
 20
-5.33919
 30
0.0
 10
-7.44735
 20
-5.33919
 30
0.0
 10
-7.44735
 20
-5.33919
 30
0.0
 10
-7.44029
 20
-5.32508
 30
0.0
 10
-7.44029
 20
-5.32508
 30
0.0
 10
-7.44029
 20
-5.32508
 30
0.0
 10
-7.42618
 20
-5.31449
 30
0.0
 10
-7.42618
 20
-5.31449
 30
0.0
 10
-7.42618
 20
-5.31449
 30
0.0
 10
-7.41206
 20
-5.30743
 30
0.0
 10
-7.41206
 20
-5.30743
 30
0.0
 10
-7.41206
 20
-5.30743
 30
0.0
 10
-7.40147
 20
-5.3039
 30
0.0
 10
-7.40147
 20
-5.3039
 30
0.0
  0
SPLINE
  5
B8
330
1F
100
AcDbEntity
  8
Camada 1
 62
   251
370
     9
100
AcDbSpline
210
0.0
220
0.0
230
1.0
 70
    24
 71
     3
 72
     8
 73
     4
 74
     0
 42
0.0000000001
 43
0.0000000001
 40
0.0
 40
0.0
 40
0.0
 40
0.0
 40
1.0
 40
1.0
 40
1.0
 40
1.0
 10
-7.45088
 20
-5.46624
 30
0.0
 10
-7.45088
 20
-5.46624
 30
0.0
 10
-7.45088
 20
-5.35331
 30
0.0
 10
-7.45088
 20
-5.35331
 30
0.0
  0
SPLINE
  5
B9
330
1F
100
AcDbEntity
  8
Camada 1
 62
   251
370
     9
100
AcDbSpline
210
0.0
220
0.0
230
1.0
 70
     8
 71
     3
 72
    20
 73
    16
 74
     0
 42
0.0000000001
 43
0.0000000001
 40
0.0
 40
0.0
 40
0.0
 40
0.0
 40
0.2
 40
0.2
 40
0.2
 40
0.4
 40
0.4
 40
0.4
 40
0.6000000000000001
 40
0.6000000000000001
 40
0.6000000000000001
 40
0.8
 40
0.8
 40
0.8
 40
1.0
 40
1.0
 40
1.0
 40
1.0
 10
-7.40147
 20
-5.51565
 30
0.0
 10
-7.40147
 20
-5.51565
 30
0.0
 10
-7.41558
 20
-5.51565
 30
0.0
 10
-7.41558
 20
-5.51565
 30
0.0
 10
-7.41558
 20
-5.51565
 30
0.0
 10
-7.4297
 20
-5.50506
 30
0.0
 10
-7.4297
 20
-5.50506
 30
0.0
 10
-7.4297
 20
-5.50506
 30
0.0
 10
-7.44029
 20
-5.49447
 30
0.0
 10
-7.44029
 20
-5.49447
 30
0.0
 10
-7.44029
 20
-5.49447
 30
0.0
 10
-7.44735
 20
-5.48035
 30
0.0
 10
-7.44735
 20
-5.48035
 30
0.0
 10
-7.44735
 20
-5.48035
 30
0.0
 10
-7.45088
 20
-5.46624
 30
0.0
 10
-7.45088
 20
-5.46624
 30
0.0
  0
SPLINE
  5
BA
330
1F
100
AcDbEntity
  8
Camada 1
 62
   251
370
     9
100
AcDbSpline
210
0.0
220
0.0
230
1.0
 70
     8
 71
     3
 72
    20
 73
    16
 74
     0
 42
0.0000000001
 43
0.0000000001
 40
0.0
 40
0.0
 40
0.0
 40
0.0
 40
0.2
 40
0.2
 40
0.2
 40
0.4
 40
0.4
 40
0.4
 40
0.6000000000000001
 40
0.6000000000000001
 40
0.6000000000000001
 40
0.8
 40
0.8
 40
0.8
 40
1.0
 40
1.0
 40
1.0
 40
1.0
 10
-7.35206
 20
-5.4733
 30
0.0
 10
-7.35206
 20
-5.4733
 30
0.0
 10
-7.35559
 20
-5.48742
 30
0.0
 10
-7.35559
 20
-5.48742
 30
0.0
 10
-7.35559
 20
-5.48742
 30
0.0
 10
-7.36618
 20
-5.50153
 30
0.0
 10
-7.36618
 20
-5.50153
 30
0.0
 10
-7.36618
 20
-5.50153
 30
0.0
 10
-7.3803
 20
-5.51212
 30
0.0
 10
-7.3803
 20
-5.51212
 30
0.0
 10
-7.3803
 20
-5.51212
 30
0.0
 10
-7.39442
 20
-5.51565
 30
0.0
 10
-7.39442
 20
-5.51565
 30
0.0
 10
-7.39442
 20
-5.51565
 30
0.0
 10
-7.40147
 20
-5.51565
 30
0.0
 10
-7.40147
 20
-5.51565
 30
0.0
  0
SPLINE
  5
BB
330
1F
100
AcDbEntity
  8
Camada 1
 62
   251
370
     9
100
AcDbSpline
210
0.0
220
0.0
230
1.0
 70
    24
 71
     3
 72
     8
 73
     4
 74
     0
 42
0.0000000001
 43
0.0000000001
 40
0.0
 40
0.0
 40
0.0
 40
0.0
 40
1.0
 40
1.0
 40
1.0
 40
1.0
 10
-7.31678
 20
-5.48389
 30
0.0
 10
-7.31678
 20
-5.48389
 30
0.0
 10
-7.35206
 20
-5.4733
 30
0.0
 10
-7.35206
 20
-5.4733
 30
0.0
  0
SPLINE
  5
BC
330
1F
100
AcDbEntity
  8
Camada 1
 62
   251
370
     9
100
AcDbSpline
210
0.0
220
0.0
230
1.0
 70
     8
 71
     3
 72
    17
 73
    13
 74
     0
 42
0.0000000001
 43
0.0000000001
 40
0.0
 40
0.0
 40
0.0
 40
0.0
 40
0.25
 40
0.25
 40
0.25
 40
0.5
 40
0.5
 40
0.5
 40
0.75
 40
0.75
 40
0.75
 40
1.0
 40
1.0
 40
1.0
 40
1.0
 10
-7.38735
 20
-5.52976
 30
0.0
 10
-7.38735
 20
-5.52976
 30
0.0
 10
-7.36265
 20
-5.52623
 30
0.0
 10
-7.36265
 20
-5.52623
 30
0.0
 10
-7.36265
 20
-5.52623
 30
0.0
 10
-7.33795
 20
-5.51565
 30
0.0
 10
-7.33795
 20
-5.51565
 30
0.0
 10
-7.33795
 20
-5.51565
 30
0.0
 10
-7.3203
 20
-5.49447
 30
0.0
 10
-7.3203
 20
-5.49447
 30
0.0
 10
-7.3203
 20
-5.49447
 30
0.0
 10
-7.31678
 20
-5.48389
 30
0.0
 10
-7.31678
 20
-5.48389
 30
0.0
  0
SPLINE
  5
BD
330
1F
100
AcDbEntity
  8
Camada 1
 62
   251
370
     9
100
AcDbSpline
210
0.0
220
0.0
230
1.0
 70
    24
 71
     3
 72
     8
 73
     4
 74
     0
 42
0.0000000001
 43
0.0000000001
 40
0.0
 40
0.0
 40
0.0
 40
0.0
 40
1.0
 40
1.0
 40
1.0
 40
1.0
 10
-7.41206
 20
-5.52976
 30
0.0
 10
-7.41206
 20
-5.52976
 30
0.0
 10
-7.38735
 20
-5.52976
 30
0.0
 10
-7.38735
 20
-5.52976
 30
0.0
  0
SPLINE
  5
BE
330
1F
100
AcDbEntity
  8
Camada 1
 62
   251
370
     9
100
AcDbSpline
210
0.0
220
0.0
230
1.0
 70
     8
 71
     3
 72
    20
 73
    16
 74
     0
 42
0.0000000001
 43
0.0000000001
 40
0.0
 40
0.0
 40
0.0
 40
0.0
 40
0.2
 40
0.2
 40
0.2
 40
0.4
 40
0.4
 40
0.4
 40
0.6000000000000001
 40
0.6000000000000001
 40
0.6000000000000001
 40
0.8
 40
0.8
 40
0.8
 40
1.0
 40
1.0
 40
1.0
 40
1.0
 10
-7.4897
 20
-5.46271
 30
0.0
 10
-7.4897
 20
-5.46271
 30
0.0
 10
-7.48617
 20
-5.48389
 30
0.0
 10
-7.48617
 20
-5.48389
 30
0.0
 10
-7.48617
 20
-5.48389
 30
0.0
 10
-7.47559
 20
-5.50153
 30
0.0
 10
-7.47559
 20
-5.50153
 30
0.0
 10
-7.47559
 20
-5.50153
 30
0.0
 10
-7.46146
 20
-5.51565
 30
0.0
 10
-7.46146
 20
-5.51565
 30
0.0
 10
-7.46146
 20
-5.51565
 30
0.0
 10
-7.43676
 20
-5.52623
 30
0.0
 10
-7.43676
 20
-5.52623
 30
0.0
 10
-7.43676
 20
-5.52623
 30
0.0
 10
-7.41206
 20
-5.52976
 30
0.0
 10
-7.41206
 20
-5.52976
 30
0.0
  0
SPLINE
  5
BF
330
1F
100
AcDbEntity
  8
Camada 1
 62
   251
370
     9
100
AcDbSpline
210
0.0
220
0.0
230
1.0
 70
    24
 71
     3
 72
     8
 73
     4
 74
     0
 42
0.0000000001
 43
0.0000000001
 40
0.0
 40
0.0
 40
0.0
 40
0.0
 40
1.0
 40
1.0
 40
1.0
 40
1.0
 10
-7.4897
 20
-5.36037
 30
0.0
 10
-7.4897
 20
-5.36037
 30
0.0
 10
-7.4897
 20
-5.46271
 30
0.0
 10
-7.4897
 20
-5.46271
 30
0.0
  0
SPLINE
  5
C0
330
1F
100
AcDbEntity
  8
Camada 1
 62
   251
370
     9
100
AcDbSpline
210
0.0
220
0.0
230
1.0
 70
     8
 71
     3
 72
    20
 73
    16
 74
     0
 42
0.0000000001
 43
0.0000000001
 40
0.0
 40
0.0
 40
0.0
 40
0.0
 40
0.2
 40
0.2
 40
0.2
 40
0.4
 40
0.4
 40
0.4
 40
0.6000000000000001
 40
0.6000000000000001
 40
0.6000000000000001
 40
0.8
 40
0.8
 40
0.8
 40
1.0
 40
1.0
 40
1.0
 40
1.0
 10
-7.41206
 20
-5.29331
 30
0.0
 10
-7.41206
 20
-5.29331
 30
0.0
 10
-7.43676
 20
-5.29684
 30
0.0
 10
-7.43676
 20
-5.29684
 30
0.0
 10
-7.43676
 20
-5.29684
 30
0.0
 10
-7.46146
 20
-5.30743
 30
0.0
 10
-7.46146
 20
-5.30743
 30
0.0
 10
-7.46146
 20
-5.30743
 30
0.0
 10
-7.47911
 20
-5.32508
 30
0.0
 10
-7.47911
 20
-5.32508
 30
0.0
 10
-7.47911
 20
-5.32508
 30
0.0
 10
-7.48617
 20
-5.34625
 30
0.0
 10
-7.48617
 20
-5.34625
 30
0.0
 10
-7.48617
 20
-5.34625
 30
0.0
 10
-7.4897
 20
-5.36037
 30
0.0
 10
-7.4897
 20
-5.36037
 30
0.0
  0
SPLINE
  5
C1
330
1F
100
AcDbEntity
  8
Camada 1
 62
   251
370
     9
100
AcDbSpline
210
0.0
220
0.0
230
1.0
 70
    24
 71
     3
 72
     8
 73
     4
 74
     0
 42
0.0000000001
 43
0.0000000001
 40
0.0
 40
0.0
 40
0.0
 40
0.0
 40
1.0
 40
1.0
 40
1.0
 40
1.0
 10
-7.38735
 20
-5.29331
 30
0.0
 10
-7.38735
 20
-5.29331
 30
0.0
 10
-7.41206
 20
-5.29331
 30
0.0
 10
-7.41206
 20
-5.29331
 30
0.0
  0
SPLINE
  5
C2
330
1F
100
AcDbEntity
  8
Camada 1
 62
   251
370
     9
100
AcDbSpline
210
0.0
220
0.0
230
1.0
 70
     8
 71
     3
 72
    17
 73
    13
 74
     0
 42
0.0000000001
 43
0.0000000001
 40
0.0
 40
0.0
 40
0.0
 40
0.0
 40
0.25
 40
0.25
 40
0.25
 40
0.5
 40
0.5
 40
0.5
 40
0.75
 40
0.75
 40
0.75
 40
1.0
 40
1.0
 40
1.0
 40
1.0
 10
-7.31678
 20
-5.33919
 30
0.0
 10
-7.31678
 20
-5.33919
 30
0.0
 10
-7.32736
 20
-5.32154
 30
0.0
 10
-7.32736
 20
-5.32154
 30
0.0
 10
-7.32736
 20
-5.32154
 30
0.0
 10
-7.34148
 20
-5.30743
 30
0.0
 10
-7.34148
 20
-5.30743
 30
0.0
 10
-7.34148
 20
-5.30743
 30
0.0
 10
-7.36265
 20
-5.29684
 30
0.0
 10
-7.36265
 20
-5.29684
 30
0.0
 10
-7.36265
 20
-5.29684
 30
0.0
 10
-7.38735
 20
-5.29331
 30
0.0
 10
-7.38735
 20
-5.29331
 30
0.0
  0
SPLINE
  5
C3
330
1F
100
AcDbEntity
  8
Camada 1
 62
   251
370
     9
100
AcDbSpline
210
0.0
220
0.0
230
1.0
 70
    24
 71
     3
 72
     8
 73
     4
 74
     0
 42
0.0000000001
 43
0.0000000001
 40
0.0
 40
0.0
 40
0.0
 40
0.0
 40
1.0
 40
1.0
 40
1.0
 40
1.0
 10
-7.06973
 20
-5.52976
 30
0.0
 10
-7.06973
 20
-5.52976
 30
0.0
 10
-7.07326
 20
-5.5333
 30
0.0
 10
-7.07326
 20
-5.5333
 30
0.0
  0
SPLINE
  5
C4
330
1F
100
AcDbEntity
  8
Camada 1
 62
   251
370
     9
100
AcDbSpline
210
0.0
220
0.0
230
1.0
 70
    24
 71
     3
 72
     8
 73
     4
 74
     0
 42
0.0000000001
 43
0.0000000001
 40
0.0
 40
0.0
 40
0.0
 40
0.0
 40
1.0
 40
1.0
 40
1.0
 40
1.0
 10
-7.03092
 20
-5.52976
 30
0.0
 10
-7.03092
 20
-5.52976
 30
0.0
 10
-7.02739
 20
-5.5333
 30
0.0
 10
-7.02739
 20
-5.5333
 30
0.0
  0
SPLINE
  5
C5
330
1F
100
AcDbEntity
  8
Camada 1
 62
   251
370
     9
100
AcDbSpline
210
0.0
220
0.0
230
1.0
 70
    24
 71
     3
 72
     8
 73
     4
 74
     0
 42
0.0000000001
 43
0.0000000001
 40
0.0
 40
0.0
 40
0.0
 40
0.0
 40
1.0
 40
1.0
 40
1.0
 40
1.0
 10
-7.07326
 20
-5.5333
 30
0.0
 10
-7.07326
 20
-5.5333
 30
0.0
 10
-7.02739
 20
-5.5333
 30
0.0
 10
-7.02739
 20
-5.5333
 30
0.0
  0
SPLINE
  5
C6
330
1F
100
AcDbEntity
  8
Camada 1
 62
   251
370
     9
100
AcDbSpline
210
0.0
220
0.0
230
1.0
 70
    24
 71
     3
 72
     8
 73
     4
 74
     0
 42
0.0000000001
 43
0.0000000001
 40
0.0
 40
0.0
 40
0.0
 40
0.0
 40
1.0
 40
1.0
 40
1.0
 40
1.0
 10
-6.89327
 20
-5.36037
 30
0.0
 10
-6.89327
 20
-5.36037
 30
0.0
 10
-6.88974
 20
-5.36037
 30
0.0
 10
-6.88974
 20
-5.36037
 30
0.0
  0
SPLINE
  5
C7
330
1F
100
AcDbEntity
  8
Camada 1
 62
   251
370
     9
100
AcDbSpline
210
0.0
220
0.0
230
1.0
 70
    24
 71
     3
 72
     8
 73
     4
 74
     0
 42
0.0000000001
 43
0.0000000001
 40
0.0
 40
0.0
 40
0.0
 40
0.0
 40
1.0
 40
1.0
 40
1.0
 40
1.0
 10
-6.96739
 20
-5.29331
 30
0.0
 10
-6.96739
 20
-5.29331
 30
0.0
 10
-6.96739
 20
-5.28978
 30
0.0
 10
-6.96739
 20
-5.28978
 30
0.0
  0
SPLINE
  5
C8
330
1F
100
AcDbEntity
  8
Camada 1
 62
   251
370
     9
100
AcDbSpline
210
0.0
220
0.0
230
1.0
 70
     8
 71
     3
 72
    20
 73
    16
 74
     0
 42
0.0000000001
 43
0.0000000001
 40
0.0
 40
0.0
 40
0.0
 40
0.0
 40
0.2
 40
0.2
 40
0.2
 40
0.4
 40
0.4
 40
0.4
 40
0.6000000000000001
 40
0.6000000000000001
 40
0.6000000000000001
 40
0.8
 40
0.8
 40
0.8
 40
1.0
 40
1.0
 40
1.0
 40
1.0
 10
-6.88974
 20
-5.36037
 30
0.0
 10
-6.88974
 20
-5.36037
 30
0.0
 10
-6.89327
 20
-5.33566
 30
0.0
 10
-6.89327
 20
-5.33566
 30
0.0
 10
-6.89327
 20
-5.33566
 30
0.0
 10
-6.90387
 20
-5.31802
 30
0.0
 10
-6.90387
 20
-5.31802
 30
0.0
 10
-6.90387
 20
-5.31802
 30
0.0
 10
-6.92151
 20
-5.3039
 30
0.0
 10
-6.92151
 20
-5.3039
 30
0.0
 10
-6.92151
 20
-5.3039
 30
0.0
 10
-6.94268
 20
-5.29331
 30
0.0
 10
-6.94268
 20
-5.29331
 30
0.0
 10
-6.94268
 20
-5.29331
 30
0.0
 10
-6.96739
 20
-5.28978
 30
0.0
 10
-6.96739
 20
-5.28978
 30
0.0
  0
SPLINE
  5
C9
330
1F
100
AcDbEntity
  8
Camada 1
 62
   251
370
     9
100
AcDbSpline
210
0.0
220
0.0
230
1.0
 70
    24
 71
     3
 72
     8
 73
     4
 74
     0
 42
0.0000000001
 43
0.0000000001
 40
0.0
 40
0.0
 40
0.0
 40
0.0
 40
1.0
 40
1.0
 40
1.0
 40
1.0
 10
-6.9321
 20
-5.35331
 30
0.0
 10
-6.9321
 20
-5.35331
 30
0.0
 10
-6.93563
 20
-5.35331
 30
0.0
 10
-6.93563
 20
-5.35331
 30
0.0
  0
SPLINE
  5
CA
330
1F
100
AcDbEntity
  8
Camada 1
 62
   251
370
     9
100
AcDbSpline
210
0.0
220
0.0
230
1.0
 70
    24
 71
     3
 72
     8
 73
     4
 74
     0
 42
0.0000000001
 43
0.0000000001
 40
0.0
 40
0.0
 40
0.0
 40
0.0
 40
1.0
 40
1.0
 40
1.0
 40
1.0
 10
-6.93563
 20
-5.35331
 30
0.0
 10
-6.93563
 20
-5.35331
 30
0.0
 10
-6.93563
 20
-5.5333
 30
0.0
 10
-6.93563
 20
-5.5333
 30
0.0
  0
SPLINE
  5
CB
330
1F
100
AcDbEntity
  8
Camada 1
 62
   251
370
     9
100
AcDbSpline
210
0.0
220
0.0
230
1.0
 70
    24
 71
     3
 72
     8
 73
     4
 74
     0
 42
0.0000000001
 43
0.0000000001
 40
0.0
 40
0.0
 40
0.0
 40
0.0
 40
1.0
 40
1.0
 40
1.0
 40
1.0
 10
-7.03092
 20
-5.29331
 30
0.0
 10
-7.03092
 20
-5.29331
 30
0.0
 10
-7.02739
 20
-5.28978
 30
0.0
 10
-7.02739
 20
-5.28978
 30
0.0
  0
SPLINE
  5
CC
330
1F
100
AcDbEntity
  8
Camada 1
 62
   251
370
     9
100
AcDbSpline
210
0.0
220
0.0
230
1.0
 70
    24
 71
     3
 72
     8
 73
     4
 74
     0
 42
0.0000000001
 43
0.0000000001
 40
0.0
 40
0.0
 40
0.0
 40
0.0
 40
1.0
 40
1.0
 40
1.0
 40
1.0
 10
-7.06973
 20
-5.29331
 30
0.0
 10
-7.06973
 20
-5.29331
 30
0.0
 10
-7.07326
 20
-5.28978
 30
0.0
 10
-7.07326
 20
-5.28978
 30
0.0
  0
SPLINE
  5
CD
330
1F
100
AcDbEntity
  8
Camada 1
 62
   251
370
     9
100
AcDbSpline
210
0.0
220
0.0
230
1.0
 70
    24
 71
     3
 72
     8
 73
     4
 74
     0
 42
0.0000000001
 43
0.0000000001
 40
0.0
 40
0.0
 40
0.0
 40
0.0
 40
1.0
 40
1.0
 40
1.0
 40
1.0
 10
-7.02739
 20
-5.28978
 30
0.0
 10
-7.02739
 20
-5.28978
 30
0.0
 10
-7.07326
 20
-5.28978
 30
0.0
 10
-7.07326
 20
-5.28978
 30
0.0
  0
SPLINE
  5
CE
330
1F
100
AcDbEntity
  8
Camada 1
 62
   251
370
     9
100
AcDbSpline
210
0.0
220
0.0
230
1.0
 70
    24
 71
     3
 72
     8
 73
     4
 74
     0
 42
0.0000000001
 43
0.0000000001
 40
0.0
 40
0.0
 40
0.0
 40
0.0
 40
1.0
 40
1.0
 40
1.0
 40
1.0
 10
-7.14032
 20
-5.40625
 30
0.0
 10
-7.14032
 20
-5.40625
 30
0.0
 10
-7.14032
 20
-5.35331
 30
0.0
 10
-7.14032
 20
-5.35331
 30
0.0
  0
SPLINE
  5
CF
330
1F
100
AcDbEntity
  8
Camada 1
 62
   251
370
     9
100
AcDbSpline
210
0.0
220
0.0
230
1.0
 70
     8
 71
     3
 72
    20
 73
    16
 74
     0
 42
0.0000000001
 43
0.0000000001
 40
0.0
 40
0.0
 40
0.0
 40
0.0
 40
0.2
 40
0.2
 40
0.2
 40
0.4
 40
0.4
 40
0.4
 40
0.6000000000000001
 40
0.6000000000000001
 40
0.6000000000000001
 40
0.8
 40
0.8
 40
0.8
 40
1.0
 40
1.0
 40
1.0
 40
1.0
 10
-7.14032
 20
-5.35331
 30
0.0
 10
-7.14032
 20
-5.35331
 30
0.0
 10
-7.14384
 20
-5.33919
 30
0.0
 10
-7.14384
 20
-5.33919
 30
0.0
 10
-7.14384
 20
-5.33919
 30
0.0
 10
-7.1509
 20
-5.32508
 30
0.0
 10
-7.1509
 20
-5.32508
 30
0.0
 10
-7.1509
 20
-5.32508
 30
0.0
 10
-7.16502
 20
-5.31449
 30
0.0
 10
-7.16502
 20
-5.31449
 30
0.0
 10
-7.16502
 20
-5.31449
 30
0.0
 10
-7.17913
 20
-5.30743
 30
0.0
 10
-7.17913
 20
-5.30743
 30
0.0
 10
-7.17913
 20
-5.30743
 30
0.0
 10
-7.18973
 20
-5.3039
 30
0.0
 10
-7.18973
 20
-5.3039
 30
0.0
  0
SPLINE
  5
D0
330
1F
100
AcDbEntity
  8
Camada 1
 62
   251
370
     9
100
AcDbSpline
210
0.0
220
0.0
230
1.0
 70
     8
 71
     3
 72
    20
 73
    16
 74
     0
 42
0.0000000001
 43
0.0000000001
 40
0.0
 40
0.0
 40
0.0
 40
0.0
 40
0.2
 40
0.2
 40
0.2
 40
0.4
 40
0.4
 40
0.4
 40
0.6000000000000001
 40
0.6000000000000001
 40
0.6000000000000001
 40
0.8
 40
0.8
 40
0.8
 40
1.0
 40
1.0
 40
1.0
 40
1.0
 10
-7.18973
 20
-5.3039
 30
0.0
 10
-7.18973
 20
-5.3039
 30
0.0
 10
-7.20737
 20
-5.30743
 30
0.0
 10
-7.20737
 20
-5.30743
 30
0.0
 10
-7.20737
 20
-5.30743
 30
0.0
 10
-7.22149
 20
-5.31449
 30
0.0
 10
-7.22149
 20
-5.31449
 30
0.0
 10
-7.22149
 20
-5.31449
 30
0.0
 10
-7.23207
 20
-5.32861
 30
0.0
 10
-7.23207
 20
-5.32861
 30
0.0
 10
-7.23207
 20
-5.32861
 30
0.0
 10
-7.23913
 20
-5.34272
 30
0.0
 10
-7.23913
 20
-5.34272
 30
0.0
 10
-7.23913
 20
-5.34272
 30
0.0
 10
-7.23913
 20
-5.35331
 30
0.0
 10
-7.23913
 20
-5.35331
 30
0.0
  0
SPLINE
  5
D1
330
1F
100
AcDbEntity
  8
Camada 1
 62
   251
370
     9
100
AcDbSpline
210
0.0
220
0.0
230
1.0
 70
    24
 71
     3
 72
     8
 73
     4
 74
     0
 42
0.0000000001
 43
0.0000000001
 40
0.0
 40
0.0
 40
0.0
 40
0.0
 40
1.0
 40
1.0
 40
1.0
 40
1.0
 10
-7.23913
 20
-5.35331
 30
0.0
 10
-7.23913
 20
-5.35331
 30
0.0
 10
-7.23913
 20
-5.40625
 30
0.0
 10
-7.23913
 20
-5.40625
 30
0.0
  0
SPLINE
  5
D2
330
1F
100
AcDbEntity
  8
Camada 1
 62
   251
370
     9
100
AcDbSpline
210
0.0
220
0.0
230
1.0
 70
    24
 71
     3
 72
     8
 73
     4
 74
     0
 42
0.0000000001
 43
0.0000000001
 40
0.0
 40
0.0
 40
0.0
 40
0.0
 40
1.0
 40
1.0
 40
1.0
 40
1.0
 10
-7.23913
 20
-5.40625
 30
0.0
 10
-7.23913
 20
-5.40625
 30
0.0
 10
-7.14032
 20
-5.40625
 30
0.0
 10
-7.14032
 20
-5.40625
 30
0.0
  0
SPLINE
  5
D3
330
1F
100
AcDbEntity
  8
Camada 1
 62
   251
370
     9
100
AcDbSpline
210
0.0
220
0.0
230
1.0
 70
     8
 71
     3
 72
    20
 73
    16
 74
     0
 42
0.0000000001
 43
0.0000000001
 40
0.0
 40
0.0
 40
0.0
 40
0.0
 40
0.2
 40
0.2
 40
0.2
 40
0.4
 40
0.4
 40
0.4
 40
0.6000000000000001
 40
0.6000000000000001
 40
0.6000000000000001
 40
0.8
 40
0.8
 40
0.8
 40
1.0
 40
1.0
 40
1.0
 40
1.0
 10
-7.14032
 20
-5.4733
 30
0.0
 10
-7.14032
 20
-5.4733
 30
0.0
 10
-7.14737
 20
-5.49095
 30
0.0
 10
-7.14737
 20
-5.49095
 30
0.0
 10
-7.14737
 20
-5.49095
 30
0.0
 10
-7.15797
 20
-5.50506
 30
0.0
 10
-7.15797
 20
-5.50506
 30
0.0
 10
-7.15797
 20
-5.50506
 30
0.0
 10
-7.16855
 20
-5.51212
 30
0.0
 10
-7.16855
 20
-5.51212
 30
0.0
 10
-7.16855
 20
-5.51212
 30
0.0
 10
-7.1862
 20
-5.51565
 30
0.0
 10
-7.1862
 20
-5.51565
 30
0.0
 10
-7.1862
 20
-5.51565
 30
0.0
 10
-7.18973
 20
-5.51565
 30
0.0
 10
-7.18973
 20
-5.51565
 30
0.0
  0
SPLINE
  5
D4
330
1F
100
AcDbEntity
  8
Camada 1
 62
   251
370
     9
100
AcDbSpline
210
0.0
220
0.0
230
1.0
 70
    24
 71
     3
 72
     8
 73
     4
 74
     0
 42
0.0000000001
 43
0.0000000001
 40
0.0
 40
0.0
 40
0.0
 40
0.0
 40
1.0
 40
1.0
 40
1.0
 40
1.0
 10
-7.10503
 20
-5.48035
 30
0.0
 10
-7.10503
 20
-5.48035
 30
0.0
 10
-7.14032
 20
-5.4733
 30
0.0
 10
-7.14032
 20
-5.4733
 30
0.0
  0
SPLINE
  5
D5
330
1F
100
AcDbEntity
  8
Camada 1
 62
   251
370
     9
100
AcDbSpline
210
0.0
220
0.0
230
1.0
 70
     8
 71
     3
 72
    17
 73
    13
 74
     0
 42
0.0000000001
 43
0.0000000001
 40
0.0
 40
0.0
 40
0.0
 40
0.0
 40
0.25
 40
0.25
 40
0.25
 40
0.5
 40
0.5
 40
0.5
 40
0.75
 40
0.75
 40
0.75
 40
1.0
 40
1.0
 40
1.0
 40
1.0
 10
-7.17913
 20
-5.52976
 30
0.0
 10
-7.17913
 20
-5.52976
 30
0.0
 10
-7.15443
 20
-5.52623
 30
0.0
 10
-7.15443
 20
-5.52623
 30
0.0
 10
-7.15443
 20
-5.52623
 30
0.0
 10
-7.12973
 20
-5.51565
 30
0.0
 10
-7.12973
 20
-5.51565
 30
0.0
 10
-7.12973
 20
-5.51565
 30
0.0
 10
-7.11208
 20
-5.49447
 30
0.0
 10
-7.11208
 20
-5.49447
 30
0.0
 10
-7.11208
 20
-5.49447
 30
0.0
 10
-7.10503
 20
-5.48035
 30
0.0
 10
-7.10503
 20
-5.48035
 30
0.0
  0
SPLINE
  5
D6
330
1F
100
AcDbEntity
  8
Camada 1
 62
   251
370
     9
100
AcDbSpline
210
0.0
220
0.0
230
1.0
 70
    24
 71
     3
 72
     8
 73
     4
 74
     0
 42
0.0000000001
 43
0.0000000001
 40
0.0
 40
0.0
 40
0.0
 40
0.0
 40
1.0
 40
1.0
 40
1.0
 40
1.0
 10
-7.20384
 20
-5.52976
 30
0.0
 10
-7.20384
 20
-5.52976
 30
0.0
 10
-7.17913
 20
-5.52976
 30
0.0
 10
-7.17913
 20
-5.52976
 30
0.0
  0
SPLINE
  5
D7
330
1F
100
AcDbEntity
  8
Camada 1
 62
   251
370
     9
100
AcDbSpline
210
0.0
220
0.0
230
1.0
 70
     8
 71
     3
 72
    20
 73
    16
 74
     0
 42
0.0000000001
 43
0.0000000001
 40
0.0
 40
0.0
 40
0.0
 40
0.0
 40
0.2
 40
0.2
 40
0.2
 40
0.4
 40
0.4
 40
0.4
 40
0.6000000000000001
 40
0.6000000000000001
 40
0.6000000000000001
 40
0.8
 40
0.8
 40
0.8
 40
1.0
 40
1.0
 40
1.0
 40
1.0
 10
-7.27795
 20
-5.46271
 30
0.0
 10
-7.27795
 20
-5.46271
 30
0.0
 10
-7.27442
 20
-5.48389
 30
0.0
 10
-7.27442
 20
-5.48389
 30
0.0
 10
-7.27442
 20
-5.48389
 30
0.0
 10
-7.26384
 20
-5.50153
 30
0.0
 10
-7.26384
 20
-5.50153
 30
0.0
 10
-7.26384
 20
-5.50153
 30
0.0
 10
-7.24972
 20
-5.51565
 30
0.0
 10
-7.24972
 20
-5.51565
 30
0.0
 10
-7.24972
 20
-5.51565
 30
0.0
 10
-7.22854
 20
-5.52623
 30
0.0
 10
-7.22854
 20
-5.52623
 30
0.0
 10
-7.22854
 20
-5.52623
 30
0.0
 10
-7.20384
 20
-5.52976
 30
0.0
 10
-7.20384
 20
-5.52976
 30
0.0
  0
SPLINE
  5
D8
330
1F
100
AcDbEntity
  8
Camada 1
 62
   251
370
     9
100
AcDbSpline
210
0.0
220
0.0
230
1.0
 70
    24
 71
     3
 72
     8
 73
     4
 74
     0
 42
0.0000000001
 43
0.0000000001
 40
0.0
 40
0.0
 40
0.0
 40
0.0
 40
1.0
 40
1.0
 40
1.0
 40
1.0
 10
-7.27795
 20
-5.36037
 30
0.0
 10
-7.27795
 20
-5.36037
 30
0.0
 10
-7.27795
 20
-5.46271
 30
0.0
 10
-7.27795
 20
-5.46271
 30
0.0
  0
SPLINE
  5
D9
330
1F
100
AcDbEntity
  8
Camada 1
 62
   251
370
     9
100
AcDbSpline
210
0.0
220
0.0
230
1.0
 70
     8
 71
     3
 72
    20
 73
    16
 74
     0
 42
0.0000000001
 43
0.0000000001
 40
0.0
 40
0.0
 40
0.0
 40
0.0
 40
0.2
 40
0.2
 40
0.2
 40
0.4
 40
0.4
 40
0.4
 40
0.6000000000000001
 40
0.6000000000000001
 40
0.6000000000000001
 40
0.8
 40
0.8
 40
0.8
 40
1.0
 40
1.0
 40
1.0
 40
1.0
 10
-7.20384
 20
-5.29331
 30
0.0
 10
-7.20384
 20
-5.29331
 30
0.0
 10
-7.22854
 20
-5.29684
 30
0.0
 10
-7.22854
 20
-5.29684
 30
0.0
 10
-7.22854
 20
-5.29684
 30
0.0
 10
-7.25325
 20
-5.30743
 30
0.0
 10
-7.25325
 20
-5.30743
 30
0.0
 10
-7.25325
 20
-5.30743
 30
0.0
 10
-7.27089
 20
-5.32861
 30
0.0
 10
-7.27089
 20
-5.32861
 30
0.0
 10
-7.27089
 20
-5.32861
 30
0.0
 10
-7.27795
 20
-5.34977
 30
0.0
 10
-7.27795
 20
-5.34977
 30
0.0
 10
-7.27795
 20
-5.34977
 30
0.0
 10
-7.27795
 20
-5.36037
 30
0.0
 10
-7.27795
 20
-5.36037
 30
0.0
  0
SPLINE
  5
DA
330
1F
100
AcDbEntity
  8
Camada 1
 62
   251
370
     9
100
AcDbSpline
210
0.0
220
0.0
230
1.0
 70
    24
 71
     3
 72
     8
 73
     4
 74
     0
 42
0.0000000001
 43
0.0000000001
 40
0.0
 40
0.0
 40
0.0
 40
0.0
 40
1.0
 40
1.0
 40
1.0
 40
1.0
 10
-7.17913
 20
-5.29331
 30
0.0
 10
-7.17913
 20
-5.29331
 30
0.0
 10
-7.20384
 20
-5.29331
 30
0.0
 10
-7.20384
 20
-5.29331
 30
0.0
  0
SPLINE
  5
DB
330
1F
100
AcDbEntity
  8
Camada 1
 62
   251
370
     9
100
AcDbSpline
210
0.0
220
0.0
230
1.0
 70
     8
 71
     3
 72
    20
 73
    16
 74
     0
 42
0.0000000001
 43
0.0000000001
 40
0.0
 40
0.0
 40
0.0
 40
0.0
 40
0.2
 40
0.2
 40
0.2
 40
0.4
 40
0.4
 40
0.4
 40
0.6000000000000001
 40
0.6000000000000001
 40
0.6000000000000001
 40
0.8
 40
0.8
 40
0.8
 40
1.0
 40
1.0
 40
1.0
 40
1.0
 10
-7.10503
 20
-5.36037
 30
0.0
 10
-7.10503
 20
-5.36037
 30
0.0
 10
-7.10856
 20
-5.33566
 30
0.0
 10
-7.10856
 20
-5.33566
 30
0.0
 10
-7.10856
 20
-5.33566
 30
0.0
 10
-7.11914
 20
-5.31449
 30
0.0
 10
-7.11914
 20
-5.31449
 30
0.0
 10
-7.11914
 20
-5.31449
 30
0.0
 10
-7.13679
 20
-5.3039
 30
0.0
 10
-7.13679
 20
-5.3039
 30
0.0
 10
-7.13679
 20
-5.3039
 30
0.0
 10
-7.16502
 20
-5.29331
 30
0.0
 10
-7.16502
 20
-5.29331
 30
0.0
 10
-7.16502
 20
-5.29331
 30
0.0
 10
-7.17913
 20
-5.29331
 30
0.0
 10
-7.17913
 20
-5.29331
 30
0.0
  0
SPLINE
  5
DC
330
1F
100
AcDbEntity
  8
Camada 1
 62
   251
370
     9
100
AcDbSpline
210
0.0
220
0.0
230
1.0
 70
    24
 71
     3
 72
     8
 73
     4
 74
     0
 42
0.0000000001
 43
0.0000000001
 40
0.0
 40
0.0
 40
0.0
 40
0.0
 40
1.0
 40
1.0
 40
1.0
 40
1.0
 10
-7.10503
 20
-5.41683
 30
0.0
 10
-7.10503
 20
-5.41683
 30
0.0
 10
-7.10503
 20
-5.36037
 30
0.0
 10
-7.10503
 20
-5.36037
 30
0.0
  0
SPLINE
  5
DD
330
1F
100
AcDbEntity
  8
Camada 1
 62
   251
370
     9
100
AcDbSpline
210
0.0
220
0.0
230
1.0
 70
    24
 71
     3
 72
     8
 73
     4
 74
     0
 42
0.0000000001
 43
0.0000000001
 40
0.0
 40
0.0
 40
0.0
 40
0.0
 40
1.0
 40
1.0
 40
1.0
 40
1.0
 10
-7.23913
 20
-5.41683
 30
0.0
 10
-7.23913
 20
-5.41683
 30
0.0
 10
-7.10503
 20
-5.41683
 30
0.0
 10
-7.10503
 20
-5.41683
 30
0.0
  0
SPLINE
  5
DE
330
1F
100
AcDbEntity
  8
Camada 1
 62
   251
370
     9
100
AcDbSpline
210
0.0
220
0.0
230
1.0
 70
    24
 71
     3
 72
     8
 73
     4
 74
     0
 42
0.0000000001
 43
0.0000000001
 40
0.0
 40
0.0
 40
0.0
 40
0.0
 40
1.0
 40
1.0
 40
1.0
 40
1.0
 10
-7.23913
 20
-5.46624
 30
0.0
 10
-7.23913
 20
-5.46624
 30
0.0
 10
-7.23913
 20
-5.41683
 30
0.0
 10
-7.23913
 20
-5.41683
 30
0.0
  0
SPLINE
  5
DF
330
1F
100
AcDbEntity
  8
Camada 1
 62
   251
370
     9
100
AcDbSpline
210
0.0
220
0.0
230
1.0
 70
     8
 71
     3
 72
    20
 73
    16
 74
     0
 42
0.0000000001
 43
0.0000000001
 40
0.0
 40
0.0
 40
0.0
 40
0.0
 40
0.2
 40
0.2
 40
0.2
 40
0.4
 40
0.4
 40
0.4
 40
0.6000000000000001
 40
0.6000000000000001
 40
0.6000000000000001
 40
0.8
 40
0.8
 40
0.8
 40
1.0
 40
1.0
 40
1.0
 40
1.0
 10
-7.18973
 20
-5.51565
 30
0.0
 10
-7.18973
 20
-5.51565
 30
0.0
 10
-7.20737
 20
-5.51565
 30
0.0
 10
-7.20737
 20
-5.51565
 30
0.0
 10
-7.20737
 20
-5.51565
 30
0.0
 10
-7.22149
 20
-5.50506
 30
0.0
 10
-7.22149
 20
-5.50506
 30
0.0
 10
-7.22149
 20
-5.50506
 30
0.0
 10
-7.23207
 20
-5.49447
 30
0.0
 10
-7.23207
 20
-5.49447
 30
0.0
 10
-7.23207
 20
-5.49447
 30
0.0
 10
-7.23913
 20
-5.48035
 30
0.0
 10
-7.23913
 20
-5.48035
 30
0.0
 10
-7.23913
 20
-5.48035
 30
0.0
 10
-7.23913
 20
-5.46624
 30
0.0
 10
-7.23913
 20
-5.46624
 30
0.0
  0
SPLINE
  5
E0
330
1F
100
AcDbEntity
  8
Camada 1
 62
   251
370
     9
100
AcDbSpline
210
0.0
220
0.0
230
1.0
 70
     8
 71
     3
 72
    11
 73
     7
 74
     0
 42
0.0000000001
 43
0.0000000001
 40
0.0
 40
0.0
 40
0.0
 40
0.0
 40
0.5
 40
0.5
 40
0.5
 40
1.0
 40
1.0
 40
1.0
 40
1.0
 10
-7.35206
 20
-5.34977
 30
0.0
 10
-7.35206
 20
-5.34977
 30
0.0
 10
-7.35206
 20
-5.35331
 30
0.0
 10
-7.35206
 20
-5.35331
 30
0.0
 10
-7.35206
 20
-5.35331
 30
0.0
 10
-7.35559
 20
-5.35331
 30
0.0
 10
-7.35559
 20
-5.35331
 30
0.0
  0
SPLINE
  5
E1
330
1F
100
AcDbEntity
  8
Camada 1
 62
   251
370
     9
100
AcDbSpline
210
0.0
220
0.0
230
1.0
 70
    24
 71
     3
 72
     8
 73
     4
 74
     0
 42
0.0000000001
 43
0.0000000001
 40
0.0
 40
0.0
 40
0.0
 40
0.0
 40
1.0
 40
1.0
 40
1.0
 40
1.0
 10
-7.31678
 20
-5.33919
 30
0.0
 10
-7.31678
 20
-5.33919
 30
0.0
 10
-7.31325
 20
-5.34272
 30
0.0
 10
-7.31325
 20
-5.34272
 30
0.0
  0
SPLINE
  5
E2
330
1F
100
AcDbEntity
  8
Camada 1
 62
   251
370
     9
100
AcDbSpline
210
0.0
220
0.0
230
1.0
 70
    24
 71
     3
 72
     8
 73
     4
 74
     0
 42
0.0000000001
 43
0.0000000001
 40
0.0
 40
0.0
 40
0.0
 40
0.0
 40
1.0
 40
1.0
 40
1.0
 40
1.0
 10
-7.35559
 20
-5.35331
 30
0.0
 10
-7.35559
 20
-5.35331
 30
0.0
 10
-7.31325
 20
-5.34272
 30
0.0
 10
-7.31325
 20
-5.34272
 30
0.0
  0
SPLINE
  5
E3
330
1F
100
AcDbEntity
  8
Camada 1
 62
   251
370
     9
100
AcDbSpline
210
0.0
220
0.0
230
1.0
 70
     8
 71
     3
 72
    11
 73
     7
 74
     0
 42
0.0000000001
 43
0.0000000001
 40
0.0
 40
0.0
 40
0.0
 40
0.0
 40
0.5
 40
0.5
 40
0.5
 40
1.0
 40
1.0
 40
1.0
 40
1.0
 10
-7.03092
 20
-5.30038
 30
0.0
 10
-7.03092
 20
-5.30038
 30
0.0
 10
-7.02739
 20
-5.29684
 30
0.0
 10
-7.02739
 20
-5.29684
 30
0.0
 10
-7.02739
 20
-5.29684
 30
0.0
 10
-7.02739
 20
-5.29331
 30
0.0
 10
-7.02739
 20
-5.29331
 30
0.0
  0
SPLINE
  5
E4
330
1F
100
AcDbEntity
  8
Camada 1
 62
   251
370
     9
100
AcDbSpline
210
0.0
220
0.0
230
1.0
 70
    24
 71
     3
 72
     8
 73
     4
 74
     0
 42
0.0000000001
 43
0.0000000001
 40
0.0
 40
0.0
 40
0.0
 40
0.0
 40
1.0
 40
1.0
 40
1.0
 40
1.0
 10
-7.02739
 20
-5.29331
 30
0.0
 10
-7.02739
 20
-5.29331
 30
0.0
 10
-7.02739
 20
-5.28978
 30
0.0
 10
-7.02739
 20
-5.28978
 30
0.0
  0
SPLINE
  5
E5
330
1F
100
AcDbEntity
  8
Camada 1
 62
   251
370
     9
100
AcDbSpline
210
0.0
220
0.0
230
1.0
 70
    24
 71
     3
 72
     8
 73
     4
 74
     0
 42
0.0000000001
 43
0.0000000001
 40
0.0
 40
0.0
 40
0.0
 40
0.0
 40
1.0
 40
1.0
 40
1.0
 40
1.0
 10
-6.88974
 20
-5.5333
 30
0.0
 10
-6.88974
 20
-5.5333
 30
0.0
 10
-6.88974
 20
-5.36037
 30
0.0
 10
-6.88974
 20
-5.36037
 30
0.0
  0
SPLINE
  5
E6
330
1F
100
AcDbEntity
  8
Camada 1
 62
   251
370
     9
100
AcDbSpline
210
0.0
220
0.0
230
1.0
 70
    24
 71
     3
 72
     8
 73
     4
 74
     0
 42
0.0000000001
 43
0.0000000001
 40
0.0
 40
0.0
 40
0.0
 40
0.0
 40
1.0
 40
1.0
 40
1.0
 40
1.0
 10
-7.07326
 20
-5.28978
 30
0.0
 10
-7.07326
 20
-5.28978
 30
0.0
 10
-7.07326
 20
-5.5333
 30
0.0
 10
-7.07326
 20
-5.5333
 30
0.0
  0
SPLINE
  5
E7
330
1F
100
AcDbEntity
  8
Camada 1
 62
   251
370
     9
100
AcDbSpline
210
0.0
220
0.0
230
1.0
 70
    24
 71
     3
 72
     8
 73
     4
 74
     0
 42
0.0000000001
 43
0.0000000001
 40
0.0
 40
0.0
 40
0.0
 40
0.0
 40
1.0
 40
1.0
 40
1.0
 40
1.0
 10
-7.03092
 20
-5.35331
 30
0.0
 10
-7.03092
 20
-5.35331
 30
0.0
 10
-7.02739
 20
-5.35331
 30
0.0
 10
-7.02739
 20
-5.35331
 30
0.0
  0
SPLINE
  5
E8
330
1F
100
AcDbEntity
  8
Camada 1
 62
   251
370
     9
100
AcDbSpline
210
0.0
220
0.0
230
1.0
 70
    24
 71
     3
 72
     8
 73
     4
 74
     0
 42
0.0000000001
 43
0.0000000001
 40
0.0
 40
0.0
 40
0.0
 40
0.0
 40
1.0
 40
1.0
 40
1.0
 40
1.0
 10
-7.02739
 20
-5.5333
 30
0.0
 10
-7.02739
 20
-5.5333
 30
0.0
 10
-7.02739
 20
-5.35331
 30
0.0
 10
-7.02739
 20
-5.35331
 30
0.0
  0
SPLINE
  5
E9
330
1F
100
AcDbEntity
  8
Camada 1
 62
   251
370
     9
100
AcDbSpline
210
0.0
220
0.0
230
1.0
 70
    24
 71
     3
 72
     8
 73
     4
 74
     0
 42
0.0000000001
 43
0.0000000001
 40
0.0
 40
0.0
 40
0.0
 40
0.0
 40
1.0
 40
1.0
 40
1.0
 40
1.0
 10
-7.14032
 20
-5.4733
 30
0.0
 10
-7.14032
 20
-5.4733
 30
0.0
 10
-7.14384
 20
-5.46977
 30
0.0
 10
-7.14384
 20
-5.46977
 30
0.0
  0
SPLINE
  5
EA
330
1F
100
AcDbEntity
  8
Camada 1
 62
   251
370
     9
100
AcDbSpline
210
0.0
220
0.0
230
1.0
 70
    24
 71
     3
 72
     8
 73
     4
 74
     0
 42
0.0000000001
 43
0.0000000001
 40
0.0
 40
0.0
 40
0.0
 40
0.0
 40
1.0
 40
1.0
 40
1.0
 40
1.0
 10
-7.18973
 20
-5.51565
 30
0.0
 10
-7.18973
 20
-5.51565
 30
0.0
 10
-7.18973
 20
-5.51212
 30
0.0
 10
-7.18973
 20
-5.51212
 30
0.0
  0
SPLINE
  5
EB
330
1F
100
AcDbEntity
  8
Camada 1
 62
   251
370
     9
100
AcDbSpline
210
0.0
220
0.0
230
1.0
 70
     8
 71
     3
 72
    20
 73
    16
 74
     0
 42
0.0000000001
 43
0.0000000001
 40
0.0
 40
0.0
 40
0.0
 40
0.0
 40
0.2
 40
0.2
 40
0.2
 40
0.4
 40
0.4
 40
0.4
 40
0.6000000000000001
 40
0.6000000000000001
 40
0.6000000000000001
 40
0.8
 40
0.8
 40
0.8
 40
1.0
 40
1.0
 40
1.0
 40
1.0
 10
-7.14384
 20
-5.46977
 30
0.0
 10
-7.14384
 20
-5.46977
 30
0.0
 10
-7.14737
 20
-5.48389
 30
0.0
 10
-7.14737
 20
-5.48389
 30
0.0
 10
-7.14737
 20
-5.48389
 30
0.0
 10
-7.15797
 20
-5.498
 30
0.0
 10
-7.15797
 20
-5.498
 30
0.0
 10
-7.15797
 20
-5.498
 30
0.0
 10
-7.16855
 20
-5.50859
 30
0.0
 10
-7.16855
 20
-5.50859
 30
0.0
 10
-7.16855
 20
-5.50859
 30
0.0
 10
-7.18267
 20
-5.51212
 30
0.0
 10
-7.18267
 20
-5.51212
 30
0.0
 10
-7.18267
 20
-5.51212
 30
0.0
 10
-7.18973
 20
-5.51212
 30
0.0
 10
-7.18973
 20
-5.51212
 30
0.0
  0
SPLINE
  5
EC
330
1F
100
AcDbEntity
  8
Camada 1
 62
   251
370
     9
100
AcDbSpline
210
0.0
220
0.0
230
1.0
 70
    24
 71
     3
 72
     8
 73
     4
 74
     0
 42
0.0000000001
 43
0.0000000001
 40
0.0
 40
0.0
 40
0.0
 40
0.0
 40
1.0
 40
1.0
 40
1.0
 40
1.0
 10
-6.98151
 20
-5.3039
 30
0.0
 10
-6.98151
 20
-5.3039
 30
0.0
 10
-6.98151
 20
-5.30743
 30
0.0
 10
-6.98151
 20
-5.30743
 30
0.0
  0
SPLINE
  5
ED
330
1F
100
AcDbEntity
  8
Camada 1
 62
   251
370
     9
100
AcDbSpline
210
0.0
220
0.0
230
1.0
 70
     8
 71
     3
 72
    20
 73
    16
 74
     0
 42
0.0000000001
 43
0.0000000001
 40
0.0
 40
0.0
 40
0.0
 40
0.0
 40
0.2
 40
0.2
 40
0.2
 40
0.4
 40
0.4
 40
0.4
 40
0.6000000000000001
 40
0.6000000000000001
 40
0.6000000000000001
 40
0.8
 40
0.8
 40
0.8
 40
1.0
 40
1.0
 40
1.0
 40
1.0
 10
-7.02739
 20
-5.35331
 30
0.0
 10
-7.02739
 20
-5.35331
 30
0.0
 10
-7.02385
 20
-5.33919
 30
0.0
 10
-7.02385
 20
-5.33919
 30
0.0
 10
-7.02385
 20
-5.33919
 30
0.0
 10
-7.01679
 20
-5.32508
 30
0.0
 10
-7.01679
 20
-5.32508
 30
0.0
 10
-7.01679
 20
-5.32508
 30
0.0
 10
-7.00621
 20
-5.31449
 30
0.0
 10
-7.00621
 20
-5.31449
 30
0.0
 10
-7.00621
 20
-5.31449
 30
0.0
 10
-6.99209
 20
-5.31096
 30
0.0
 10
-6.99209
 20
-5.31096
 30
0.0
 10
-6.99209
 20
-5.31096
 30
0.0
 10
-6.98151
 20
-5.30743
 30
0.0
 10
-6.98151
 20
-5.30743
 30
0.0
  0
SPLINE
  5
EE
330
1F
100
AcDbEntity
  8
Camada 1
 62
   251
370
     9
100
AcDbSpline
210
0.0
220
0.0
230
1.0
 70
    24
 71
     3
 72
     8
 73
     4
 74
     0
 42
0.0000000001
 43
0.0000000001
 40
0.0
 40
0.0
 40
0.0
 40
0.0
 40
1.0
 40
1.0
 40
1.0
 40
1.0
 10
-7.40147
 20
-5.3039
 30
0.0
 10
-7.40147
 20
-5.3039
 30
0.0
 10
-7.40147
 20
-5.30743
 30
0.0
 10
-7.40147
 20
-5.30743
 30
0.0
  0
SPLINE
  5
EF
330
1F
100
AcDbEntity
  8
Camada 1
 62
   251
370
     9
100
AcDbSpline
210
0.0
220
0.0
230
1.0
 70
     8
 71
     3
 72
    20
 73
    16
 74
     0
 42
0.0000000001
 43
0.0000000001
 40
0.0
 40
0.0
 40
0.0
 40
0.0
 40
0.2
 40
0.2
 40
0.2
 40
0.4
 40
0.4
 40
0.4
 40
0.6000000000000001
 40
0.6000000000000001
 40
0.6000000000000001
 40
0.8
 40
0.8
 40
0.8
 40
1.0
 40
1.0
 40
1.0
 40
1.0
 10
-7.40147
 20
-5.30743
 30
0.0
 10
-7.40147
 20
-5.30743
 30
0.0
 10
-7.38382
 20
-5.31096
 30
0.0
 10
-7.38382
 20
-5.31096
 30
0.0
 10
-7.38382
 20
-5.31096
 30
0.0
 10
-7.37324
 20
-5.31802
 30
0.0
 10
-7.37324
 20
-5.31802
 30
0.0
 10
-7.37324
 20
-5.31802
 30
0.0
 10
-7.36265
 20
-5.32861
 30
0.0
 10
-7.36265
 20
-5.32861
 30
0.0
 10
-7.36265
 20
-5.32861
 30
0.0
 10
-7.35559
 20
-5.34272
 30
0.0
 10
-7.35559
 20
-5.34272
 30
0.0
 10
-7.35559
 20
-5.34272
 30
0.0
 10
-7.35559
 20
-5.35331
 30
0.0
 10
-7.35559
 20
-5.35331
 30
0.0
  0
SPLINE
  5
F0
330
1F
100
AcDbEntity
  8
Camada 1
 62
   251
370
     9
100
AcDbSpline
210
0.0
220
0.0
230
1.0
 70
    24
 71
     3
 72
    11
 73
     7
 74
     0
 42
0.0000000001
 43
0.0000000001
 40
0.0
 40
0.0
 40
0.0
 40
0.0
 40
0.5
 40
0.5
 40
0.5
 40
1.0
 40
1.0
 40
1.0
 40
1.0
 10
-7.10503
 20
-5.48035
 30
0.0
 10
-7.10503
 20
-5.48035
 30
0.0
 10
-7.10503
 20
-5.48035
 30
0.0
 10
-7.10503
 20
-5.48035
 30
0.0
 10
-7.10503
 20
-5.48035
 30
0.0
 10
-7.10149
 20
-5.47683
 30
0.0
 10
-7.10149
 20
-5.47683
 30
0.0
  0
SPLINE
  5
F1
330
1F
100
AcDbEntity
  8
Camada 1
 62
   251
370
     9
100
AcDbSpline
210
0.0
220
0.0
230
1.0
 70
    24
 71
     3
 72
     8
 73
     4
 74
     0
 42
0.0000000001
 43
0.0000000001
 40
0.0
 40
0.0
 40
0.0
 40
0.0
 40
1.0
 40
1.0
 40
1.0
 40
1.0
 10
-7.10149
 20
-5.47683
 30
0.0
 10
-7.10149
 20
-5.47683
 30
0.0
 10
-7.14384
 20
-5.46977
 30
0.0
 10
-7.14384
 20
-5.46977
 30
0.0
  0
SPLINE
  5
F2
330
1F
100
AcDbEntity
  8
Camada 1
 62
   251
370
     9
100
AcDbSpline
210
0.0
220
0.0
230
1.0
 70
    24
 71
     3
 72
     8
 73
     4
 74
     0
 42
0.0000000001
 43
0.0000000001
 40
0.0
 40
0.0
 40
0.0
 40
0.0
 40
1.0
 40
1.0
 40
1.0
 40
1.0
 10
-6.99562
 20
-5.29331
 30
0.0
 10
-6.99562
 20
-5.29331
 30
0.0
 10
-6.99562
 20
-5.28978
 30
0.0
 10
-6.99562
 20
-5.28978
 30
0.0
  0
SPLINE
  5
F3
330
1F
100
AcDbEntity
  8
Camada 1
 62
   251
370
     9
100
AcDbSpline
210
0.0
220
0.0
230
1.0
 70
     8
 71
     3
 72
    14
 73
    10
 74
     0
 42
0.0000000001
 43
0.0000000001
 40
0.0
 40
0.0
 40
0.0
 40
0.0
 40
0.3333333333333333
 40
0.3333333333333333
 40
0.3333333333333333
 40
0.6666666666666666
 40
0.6666666666666666
 40
0.6666666666666666
 40
1.0
 40
1.0
 40
1.0
 40
1.0
 10
-6.99562
 20
-5.28978
 30
0.0
 10
-6.99562
 20
-5.28978
 30
0.0
 10
-7.00621
 20
-5.28978
 30
0.0
 10
-7.00621
 20
-5.28978
 30
0.0
 10
-7.00621
 20
-5.28978
 30
0.0
 10
-7.01679
 20
-5.28978
 30
0.0
 10
-7.01679
 20
-5.28978
 30
0.0
 10
-7.01679
 20
-5.28978
 30
0.0
 10
-7.02739
 20
-5.29331
 30
0.0
 10
-7.02739
 20
-5.29331
 30
0.0
  0
SPLINE
  5
F4
330
1F
100
AcDbEntity
  8
Camada 1
 62
   251
370
     9
100
AcDbSpline
210
0.0
220
0.0
230
1.0
 70
     8
 71
     3
 72
    20
 73
    16
 74
     0
 42
0.0000000001
 43
0.0000000001
 40
0.0
 40
0.0
 40
0.0
 40
0.0
 40
0.2
 40
0.2
 40
0.2
 40
0.4
 40
0.4
 40
0.4
 40
0.6000000000000001
 40
0.6000000000000001
 40
0.6000000000000001
 40
0.8
 40
0.8
 40
0.8
 40
1.0
 40
1.0
 40
1.0
 40
1.0
 10
-6.98151
 20
-5.30743
 30
0.0
 10
-6.98151
 20
-5.30743
 30
0.0
 10
-6.96739
 20
-5.31096
 30
0.0
 10
-6.96739
 20
-5.31096
 30
0.0
 10
-6.96739
 20
-5.31096
 30
0.0
 10
-6.95327
 20
-5.31802
 30
0.0
 10
-6.95327
 20
-5.31802
 30
0.0
 10
-6.95327
 20
-5.31802
 30
0.0
 10
-6.94268
 20
-5.32861
 30
0.0
 10
-6.94268
 20
-5.32861
 30
0.0
 10
-6.94268
 20
-5.32861
 30
0.0
 10
-6.93563
 20
-5.34625
 30
0.0
 10
-6.93563
 20
-5.34625
 30
0.0
 10
-6.93563
 20
-5.34625
 30
0.0
 10
-6.93563
 20
-5.35331
 30
0.0
 10
-6.93563
 20
-5.35331
 30
0.0
  0
SPLINE
  5
F5
330
1F
100
AcDbEntity
  8
Camada 1
 62
   251
370
     9
100
AcDbSpline
210
0.0
220
0.0
230
1.0
 70
    24
 71
     3
 72
     8
 73
     4
 74
     0
 42
0.0000000001
 43
0.0000000001
 40
0.0
 40
0.0
 40
0.0
 40
0.0
 40
1.0
 40
1.0
 40
1.0
 40
1.0
 10
-6.96739
 20
-5.28978
 30
0.0
 10
-6.96739
 20
-5.28978
 30
0.0
 10
-6.99562
 20
-5.28978
 30
0.0
 10
-6.99562
 20
-5.28978
 30
0.0
  0
SPLINE
  5
F6
330
1F
100
AcDbEntity
  8
Camada 1
 62
   251
370
     9
100
AcDbSpline
210
0.0
220
0.0
230
1.0
 70
    24
 71
     3
 72
     8
 73
     4
 74
     0
 42
0.0000000001
 43
0.0000000001
 40
0.0
 40
0.0
 40
0.0
 40
0.0
 40
1.0
 40
1.0
 40
1.0
 40
1.0
 10
-6.78387
 20
-5.29331
 30
0.0
 10
-6.78387
 20
-5.29331
 30
0.0
 10
-6.78387
 20
-5.28978
 30
0.0
 10
-6.78387
 20
-5.28978
 30
0.0
  0
SPLINE
  5
F7
330
1F
100
AcDbEntity
  8
Camada 1
 62
   251
370
     9
100
AcDbSpline
210
0.0
220
0.0
230
1.0
 70
     8
 71
     3
 72
    14
 73
    10
 74
     0
 42
0.0000000001
 43
0.0000000001
 40
0.0
 40
0.0
 40
0.0
 40
0.0
 40
0.3333333333333333
 40
0.3333333333333333
 40
0.3333333333333333
 40
0.6666666666666666
 40
0.6666666666666666
 40
0.6666666666666666
 40
1.0
 40
1.0
 40
1.0
 40
1.0
 10
-6.78387
 20
-5.28978
 30
0.0
 10
-6.78387
 20
-5.28978
 30
0.0
 10
-6.80858
 20
-5.29331
 30
0.0
 10
-6.80858
 20
-5.29331
 30
0.0
 10
-6.80858
 20
-5.29331
 30
0.0
 10
-6.83328
 20
-5.3039
 30
0.0
 10
-6.83328
 20
-5.3039
 30
0.0
 10
-6.83328
 20
-5.3039
 30
0.0
 10
-6.84387
 20
-5.31449
 30
0.0
 10
-6.84387
 20
-5.31449
 30
0.0
  0
SPLINE
  5
F8
330
1F
100
AcDbEntity
  8
Camada 1
 62
   251
370
     9
100
AcDbSpline
210
0.0
220
0.0
230
1.0
 70
    24
 71
     3
 72
     8
 73
     4
 74
     0
 42
0.0000000001
 43
0.0000000001
 40
0.0
 40
0.0
 40
0.0
 40
0.0
 40
1.0
 40
1.0
 40
1.0
 40
1.0
 10
-7.23913
 20
-5.46624
 30
0.0
 10
-7.23913
 20
-5.46624
 30
0.0
 10
-7.23561
 20
-5.46624
 30
0.0
 10
-7.23561
 20
-5.46624
 30
0.0
  0
SPLINE
  5
F9
330
1F
100
AcDbEntity
  8
Camada 1
 62
   251
370
     9
100
AcDbSpline
210
0.0
220
0.0
230
1.0
 70
     8
 71
     3
 72
    20
 73
    16
 74
     0
 42
0.0000000001
 43
0.0000000001
 40
0.0
 40
0.0
 40
0.0
 40
0.0
 40
0.2
 40
0.2
 40
0.2
 40
0.4
 40
0.4
 40
0.4
 40
0.6000000000000001
 40
0.6000000000000001
 40
0.6000000000000001
 40
0.8
 40
0.8
 40
0.8
 40
1.0
 40
1.0
 40
1.0
 40
1.0
 10
-7.18973
 20
-5.51212
 30
0.0
 10
-7.18973
 20
-5.51212
 30
0.0
 10
-7.20737
 20
-5.51212
 30
0.0
 10
-7.20737
 20
-5.51212
 30
0.0
 10
-7.20737
 20
-5.51212
 30
0.0
 10
-7.21796
 20
-5.50506
 30
0.0
 10
-7.21796
 20
-5.50506
 30
0.0
 10
-7.21796
 20
-5.50506
 30
0.0
 10
-7.22854
 20
-5.49095
 30
0.0
 10
-7.22854
 20
-5.49095
 30
0.0
 10
-7.22854
 20
-5.49095
 30
0.0
 10
-7.23561
 20
-5.47683
 30
0.0
 10
-7.23561
 20
-5.47683
 30
0.0
 10
-7.23561
 20
-5.47683
 30
0.0
 10
-7.23561
 20
-5.46624
 30
0.0
 10
-7.23561
 20
-5.46624
 30
0.0
  0
SPLINE
  5
FA
330
1F
100
AcDbEntity
  8
Camada 1
 62
   251
370
     9
100
AcDbSpline
210
0.0
220
0.0
230
1.0
 70
    24
 71
     3
 72
     8
 73
     4
 74
     0
 42
0.0000000001
 43
0.0000000001
 40
0.0
 40
0.0
 40
0.0
 40
0.0
 40
1.0
 40
1.0
 40
1.0
 40
1.0
 10
-7.23913
 20
-5.41683
 30
0.0
 10
-7.23913
 20
-5.41683
 30
0.0
 10
-7.23561
 20
-5.42036
 30
0.0
 10
-7.23561
 20
-5.42036
 30
0.0
  0
SPLINE
  5
FB
330
1F
100
AcDbEntity
  8
Camada 1
 62
   251
370
     9
100
AcDbSpline
210
0.0
220
0.0
230
1.0
 70
    24
 71
     3
 72
     8
 73
     4
 74
     0
 42
0.0000000001
 43
0.0000000001
 40
0.0
 40
0.0
 40
0.0
 40
0.0
 40
1.0
 40
1.0
 40
1.0
 40
1.0
 10
-7.23561
 20
-5.46624
 30
0.0
 10
-7.23561
 20
-5.46624
 30
0.0
 10
-7.23561
 20
-5.42036
 30
0.0
 10
-7.23561
 20
-5.42036
 30
0.0
  0
SPLINE
  5
FC
330
1F
100
AcDbEntity
  8
Camada 1
 62
   251
370
     9
100
AcDbSpline
210
0.0
220
0.0
230
1.0
 70
    24
 71
     3
 72
     8
 73
     4
 74
     0
 42
0.0000000001
 43
0.0000000001
 40
0.0
 40
0.0
 40
0.0
 40
0.0
 40
1.0
 40
1.0
 40
1.0
 40
1.0
 10
-7.10503
 20
-5.36037
 30
0.0
 10
-7.10503
 20
-5.36037
 30
0.0
 10
-7.10149
 20
-5.36037
 30
0.0
 10
-7.10149
 20
-5.36037
 30
0.0
  0
SPLINE
  5
FD
330
1F
100
AcDbEntity
  8
Camada 1
 62
   251
370
     9
100
AcDbSpline
210
0.0
220
0.0
230
1.0
 70
    24
 71
     3
 72
     8
 73
     4
 74
     0
 42
0.0000000001
 43
0.0000000001
 40
0.0
 40
0.0
 40
0.0
 40
0.0
 40
1.0
 40
1.0
 40
1.0
 40
1.0
 10
-7.17913
 20
-5.29331
 30
0.0
 10
-7.17913
 20
-5.29331
 30
0.0
 10
-7.17913
 20
-5.28978
 30
0.0
 10
-7.17913
 20
-5.28978
 30
0.0
  0
SPLINE
  5
FE
330
1F
100
AcDbEntity
  8
Camada 1
 62
   251
370
     9
100
AcDbSpline
210
0.0
220
0.0
230
1.0
 70
     8
 71
     3
 72
    20
 73
    16
 74
     0
 42
0.0000000001
 43
0.0000000001
 40
0.0
 40
0.0
 40
0.0
 40
0.0
 40
0.2
 40
0.2
 40
0.2
 40
0.4
 40
0.4
 40
0.4
 40
0.6000000000000001
 40
0.6000000000000001
 40
0.6000000000000001
 40
0.8
 40
0.8
 40
0.8
 40
1.0
 40
1.0
 40
1.0
 40
1.0
 10
-7.10149
 20
-5.36037
 30
0.0
 10
-7.10149
 20
-5.36037
 30
0.0
 10
-7.10503
 20
-5.33566
 30
0.0
 10
-7.10503
 20
-5.33566
 30
0.0
 10
-7.10503
 20
-5.33566
 30
0.0
 10
-7.11561
 20
-5.31449
 30
0.0
 10
-7.11561
 20
-5.31449
 30
0.0
 10
-7.11561
 20
-5.31449
 30
0.0
 10
-7.13326
 20
-5.30038
 30
0.0
 10
-7.13326
 20
-5.30038
 30
0.0
 10
-7.13326
 20
-5.30038
 30
0.0
 10
-7.15797
 20
-5.28978
 30
0.0
 10
-7.15797
 20
-5.28978
 30
0.0
 10
-7.15797
 20
-5.28978
 30
0.0
 10
-7.17913
 20
-5.28978
 30
0.0
 10
-7.17913
 20
-5.28978
 30
0.0
  0
SPLINE
  5
FF
330
1F
100
AcDbEntity
  8
Camada 1
 62
   251
370
     9
100
AcDbSpline
210
0.0
220
0.0
230
1.0
 70
    24
 71
     3
 72
     8
 73
     4
 74
     0
 42
0.0000000001
 43
0.0000000001
 40
0.0
 40
0.0
 40
0.0
 40
0.0
 40
1.0
 40
1.0
 40
1.0
 40
1.0
 10
-6.45213
 20
-5.26155
 30
0.0
 10
-6.45213
 20
-5.26155
 30
0.0
 10
-6.45567
 20
-5.26508
 30
0.0
 10
-6.45567
 20
-5.26508
 30
0.0
  0
SPLINE
  5
100
330
1F
100
AcDbEntity
  8
Camada 1
 62
   251
370
     9
100
AcDbSpline
210
0.0
220
0.0
230
1.0
 70
    24
 71
     3
 72
     8
 73
     4
 74
     0
 42
0.0000000001
 43
0.0000000001
 40
0.0
 40
0.0
 40
0.0
 40
0.0
 40
1.0
 40
1.0
 40
1.0
 40
1.0
 10
-6.45213
 20
-5.26155
 30
0.0
 10
-6.45213
 20
-5.26155
 30
0.0
 10
-6.41331
 20
-5.26155
 30
0.0
 10
-6.41331
 20
-5.26155
 30
0.0
  0
SPLINE
  5
101
330
1F
100
AcDbEntity
  8
Camada 1
 62
   251
370
     9
100
AcDbSpline
210
0.0
220
0.0
230
1.0
 70
    24
 71
     3
 72
     8
 73
     4
 74
     0
 42
0.0000000001
 43
0.0000000001
 40
0.0
 40
0.0
 40
0.0
 40
0.0
 40
1.0
 40
1.0
 40
1.0
 40
1.0
 10
-6.41331
 20
-5.26155
 30
0.0
 10
-6.41331
 20
-5.26155
 30
0.0
 10
-6.40979
 20
-5.26508
 30
0.0
 10
-6.40979
 20
-5.26508
 30
0.0
  0
SPLINE
  5
102
330
1F
100
AcDbEntity
  8
Camada 1
 62
   251
370
     9
100
AcDbSpline
210
0.0
220
0.0
230
1.0
 70
    24
 71
     3
 72
     8
 73
     4
 74
     0
 42
0.0000000001
 43
0.0000000001
 40
0.0
 40
0.0
 40
0.0
 40
0.0
 40
1.0
 40
1.0
 40
1.0
 40
1.0
 10
-6.45567
 20
-5.26508
 30
0.0
 10
-6.45567
 20
-5.26508
 30
0.0
 10
-6.40979
 20
-5.26508
 30
0.0
 10
-6.40979
 20
-5.26508
 30
0.0
  0
SPLINE
  5
103
330
1F
100
AcDbEntity
  8
Camada 1
 62
   251
370
     9
100
AcDbSpline
210
0.0
220
0.0
230
1.0
 70
    24
 71
     3
 72
     8
 73
     4
 74
     0
 42
0.0000000001
 43
0.0000000001
 40
0.0
 40
0.0
 40
0.0
 40
0.0
 40
1.0
 40
1.0
 40
1.0
 40
1.0
 10
-7.10503
 20
-5.41683
 30
0.0
 10
-7.10503
 20
-5.41683
 30
0.0
 10
-7.10149
 20
-5.42036
 30
0.0
 10
-7.10149
 20
-5.42036
 30
0.0
  0
SPLINE
  5
104
330
1F
100
AcDbEntity
  8
Camada 1
 62
   251
370
     9
100
AcDbSpline
210
0.0
220
0.0
230
1.0
 70
    24
 71
     3
 72
     8
 73
     4
 74
     0
 42
0.0000000001
 43
0.0000000001
 40
0.0
 40
0.0
 40
0.0
 40
0.0
 40
1.0
 40
1.0
 40
1.0
 40
1.0
 10
-7.23561
 20
-5.42036
 30
0.0
 10
-7.23561
 20
-5.42036
 30
0.0
 10
-7.10149
 20
-5.42036
 30
0.0
 10
-7.10149
 20
-5.42036
 30
0.0
  0
SPLINE
  5
105
330
1F
100
AcDbEntity
  8
Camada 1
 62
   251
370
     9
100
AcDbSpline
210
0.0
220
0.0
230
1.0
 70
    24
 71
     3
 72
     8
 73
     4
 74
     0
 42
0.0000000001
 43
0.0000000001
 40
0.0
 40
0.0
 40
0.0
 40
0.0
 40
1.0
 40
1.0
 40
1.0
 40
1.0
 10
-7.4897
 20
-5.46271
 30
0.0
 10
-7.4897
 20
-5.46271
 30
0.0
 10
-7.49322
 20
-5.46271
 30
0.0
 10
-7.49322
 20
-5.46271
 30
0.0
  0
SPLINE
  5
106
330
1F
100
AcDbEntity
  8
Camada 1
 62
   251
370
     9
100
AcDbSpline
210
0.0
220
0.0
230
1.0
 70
    24
 71
     3
 72
     8
 73
     4
 74
     0
 42
0.0000000001
 43
0.0000000001
 40
0.0
 40
0.0
 40
0.0
 40
0.0
 40
1.0
 40
1.0
 40
1.0
 40
1.0
 10
-7.41206
 20
-5.52976
 30
0.0
 10
-7.41206
 20
-5.52976
 30
0.0
 10
-7.41206
 20
-5.5333
 30
0.0
 10
-7.41206
 20
-5.5333
 30
0.0
  0
SPLINE
  5
107
330
1F
100
AcDbEntity
  8
Camada 1
 62
   251
370
     9
100
AcDbSpline
210
0.0
220
0.0
230
1.0
 70
     8
 71
     3
 72
    20
 73
    16
 74
     0
 42
0.0000000001
 43
0.0000000001
 40
0.0
 40
0.0
 40
0.0
 40
0.0
 40
0.2
 40
0.2
 40
0.2
 40
0.4
 40
0.4
 40
0.4
 40
0.6000000000000001
 40
0.6000000000000001
 40
0.6000000000000001
 40
0.8
 40
0.8
 40
0.8
 40
1.0
 40
1.0
 40
1.0
 40
1.0
 10
-7.49322
 20
-5.46271
 30
0.0
 10
-7.49322
 20
-5.46271
 30
0.0
 10
-7.4897
 20
-5.48389
 30
0.0
 10
-7.4897
 20
-5.48389
 30
0.0
 10
-7.4897
 20
-5.48389
 30
0.0
 10
-7.47911
 20
-5.50153
 30
0.0
 10
-7.47911
 20
-5.50153
 30
0.0
 10
-7.47911
 20
-5.50153
 30
0.0
 10
-7.46146
 20
-5.51918
 30
0.0
 10
-7.46146
 20
-5.51918
 30
0.0
 10
-7.46146
 20
-5.51918
 30
0.0
 10
-7.44029
 20
-5.52976
 30
0.0
 10
-7.44029
 20
-5.52976
 30
0.0
 10
-7.44029
 20
-5.52976
 30
0.0
 10
-7.41206
 20
-5.5333
 30
0.0
 10
-7.41206
 20
-5.5333
 30
0.0
  0
SPLINE
  5
108
330
1F
100
AcDbEntity
  8
Camada 1
 62
   251
370
     9
100
AcDbSpline
210
0.0
220
0.0
230
1.0
 70
     8
 71
     3
 72
    11
 73
     7
 74
     0
 42
0.0000000001
 43
0.0000000001
 40
0.0
 40
0.0
 40
0.0
 40
0.0
 40
0.5
 40
0.5
 40
0.5
 40
1.0
 40
1.0
 40
1.0
 40
1.0
 10
-6.49448
 20
-5.31096
 30
0.0
 10
-6.49448
 20
-5.31096
 30
0.0
 10
-6.49096
 20
-5.31096
 30
0.0
 10
-6.49096
 20
-5.31096
 30
0.0
 10
-6.49096
 20
-5.31096
 30
0.0
 10
-6.48743
 20
-5.31449
 30
0.0
 10
-6.48743
 20
-5.31449
 30
0.0
  0
SPLINE
  5
109
330
1F
100
AcDbEntity
  8
Camada 1
 62
   251
370
     9
100
AcDbSpline
210
0.0
220
0.0
230
1.0
 70
     8
 71
     3
 72
    14
 73
    10
 74
     0
 42
0.0000000001
 43
0.0000000001
 40
0.0
 40
0.0
 40
0.0
 40
0.0
 40
0.3333333333333333
 40
0.3333333333333333
 40
0.3333333333333333
 40
0.6666666666666666
 40
0.6666666666666666
 40
0.6666666666666666
 40
1.0
 40
1.0
 40
1.0
 40
1.0
 10
-6.49448
 20
-5.31096
 30
0.0
 10
-6.49448
 20
-5.31096
 30
0.0
 10
-6.51566
 20
-5.29684
 30
0.0
 10
-6.51566
 20
-5.29684
 30
0.0
 10
-6.51566
 20
-5.29684
 30
0.0
 10
-6.54036
 20
-5.29331
 30
0.0
 10
-6.54036
 20
-5.29331
 30
0.0
 10
-6.54036
 20
-5.29331
 30
0.0
 10
-6.54742
 20
-5.29331
 30
0.0
 10
-6.54742
 20
-5.29331
 30
0.0
  0
SPLINE
  5
10A
330
1F
100
AcDbEntity
  8
Camada 1
 62
   251
370
     9
100
AcDbSpline
210
0.0
220
0.0
230
1.0
 70
    24
 71
     3
 72
     8
 73
     4
 74
     0
 42
0.0000000001
 43
0.0000000001
 40
0.0
 40
0.0
 40
0.0
 40
0.0
 40
1.0
 40
1.0
 40
1.0
 40
1.0
 10
-6.54742
 20
-5.29331
 30
0.0
 10
-6.54742
 20
-5.29331
 30
0.0
 10
-6.54742
 20
-5.28978
 30
0.0
 10
-6.54742
 20
-5.28978
 30
0.0
  0
SPLINE
  5
10B
330
1F
100
AcDbEntity
  8
Camada 1
 62
   251
370
     9
100
AcDbSpline
210
0.0
220
0.0
230
1.0
 70
     8
 71
     3
 72
    14
 73
    10
 74
     0
 42
0.0000000001
 43
0.0000000001
 40
0.0
 40
0.0
 40
0.0
 40
0.0
 40
0.3333333333333333
 40
0.3333333333333333
 40
0.3333333333333333
 40
0.6666666666666666
 40
0.6666666666666666
 40
0.6666666666666666
 40
1.0
 40
1.0
 40
1.0
 40
1.0
 10
-6.48743
 20
-5.31449
 30
0.0
 10
-6.48743
 20
-5.31449
 30
0.0
 10
-6.5086
 20
-5.29684
 30
0.0
 10
-6.5086
 20
-5.29684
 30
0.0
 10
-6.5086
 20
-5.29684
 30
0.0
 10
-6.53331
 20
-5.28978
 30
0.0
 10
-6.53331
 20
-5.28978
 30
0.0
 10
-6.53331
 20
-5.28978
 30
0.0
 10
-6.54742
 20
-5.28978
 30
0.0
 10
-6.54742
 20
-5.28978
 30
0.0
  0
SPLINE
  5
10C
330
1F
100
AcDbEntity
  8
Camada 1
 62
   251
370
     9
100
AcDbSpline
210
0.0
220
0.0
230
1.0
 70
    24
 71
     3
 72
     8
 73
     4
 74
     0
 42
0.0000000001
 43
0.0000000001
 40
0.0
 40
0.0
 40
0.0
 40
0.0
 40
1.0
 40
1.0
 40
1.0
 40
1.0
 10
-7.27795
 20
-5.36037
 30
0.0
 10
-7.27795
 20
-5.36037
 30
0.0
 10
-7.28148
 20
-5.36037
 30
0.0
 10
-7.28148
 20
-5.36037
 30
0.0
  0
SPLINE
  5
10D
330
1F
100
AcDbEntity
  8
Camada 1
 62
   251
370
     9
100
AcDbSpline
210
0.0
220
0.0
230
1.0
 70
    24
 71
     3
 72
     8
 73
     4
 74
     0
 42
0.0000000001
 43
0.0000000001
 40
0.0
 40
0.0
 40
0.0
 40
0.0
 40
1.0
 40
1.0
 40
1.0
 40
1.0
 10
-7.27795
 20
-5.46271
 30
0.0
 10
-7.27795
 20
-5.46271
 30
0.0
 10
-7.28148
 20
-5.46271
 30
0.0
 10
-7.28148
 20
-5.46271
 30
0.0
  0
SPLINE
  5
10E
330
1F
100
AcDbEntity
  8
Camada 1
 62
   251
370
     9
100
AcDbSpline
210
0.0
220
0.0
230
1.0
 70
    24
 71
     3
 72
     8
 73
     4
 74
     0
 42
0.0000000001
 43
0.0000000001
 40
0.0
 40
0.0
 40
0.0
 40
0.0
 40
1.0
 40
1.0
 40
1.0
 40
1.0
 10
-7.28148
 20
-5.36037
 30
0.0
 10
-7.28148
 20
-5.36037
 30
0.0
 10
-7.28148
 20
-5.46271
 30
0.0
 10
-7.28148
 20
-5.46271
 30
0.0
  0
SPLINE
  5
10F
330
1F
100
AcDbEntity
  8
Camada 1
 62
   251
370
     9
100
AcDbSpline
210
0.0
220
0.0
230
1.0
 70
    24
 71
     3
 72
     8
 73
     4
 74
     0
 42
0.0000000001
 43
0.0000000001
 40
0.0
 40
0.0
 40
0.0
 40
0.0
 40
1.0
 40
1.0
 40
1.0
 40
1.0
 10
-6.30391
 20
-5.52976
 30
0.0
 10
-6.30391
 20
-5.52976
 30
0.0
 10
-6.30391
 20
-5.5333
 30
0.0
 10
-6.30391
 20
-5.5333
 30
0.0
  0
SPLINE
  5
110
330
1F
100
AcDbEntity
  8
Camada 1
 62
   251
370
     9
100
AcDbSpline
210
0.0
220
0.0
230
1.0
 70
    24
 71
     3
 72
     8
 73
     4
 74
     0
 42
0.0000000001
 43
0.0000000001
 40
0.0
 40
0.0
 40
0.0
 40
0.0
 40
1.0
 40
1.0
 40
1.0
 40
1.0
 10
-6.27921
 20
-5.52976
 30
0.0
 10
-6.27921
 20
-5.52976
 30
0.0
 10
-6.27921
 20
-5.5333
 30
0.0
 10
-6.27921
 20
-5.5333
 30
0.0
  0
SPLINE
  5
111
330
1F
100
AcDbEntity
  8
Camada 1
 62
   251
370
     9
100
AcDbSpline
210
0.0
220
0.0
230
1.0
 70
    24
 71
     3
 72
     8
 73
     4
 74
     0
 42
0.0000000001
 43
0.0000000001
 40
0.0
 40
0.0
 40
0.0
 40
0.0
 40
1.0
 40
1.0
 40
1.0
 40
1.0
 10
-6.30391
 20
-5.5333
 30
0.0
 10
-6.30391
 20
-5.5333
 30
0.0
 10
-6.27921
 20
-5.5333
 30
0.0
 10
-6.27921
 20
-5.5333
 30
0.0
  0
SPLINE
  5
112
330
1F
100
AcDbEntity
  8
Camada 1
 62
   251
370
     9
100
AcDbSpline
210
0.0
220
0.0
230
1.0
 70
    24
 71
     3
 72
     8
 73
     4
 74
     0
 42
0.0000000001
 43
0.0000000001
 40
0.0
 40
0.0
 40
0.0
 40
0.0
 40
1.0
 40
1.0
 40
1.0
 40
1.0
 10
-6.81917
 20
-5.44859
 30
0.0
 10
-6.81917
 20
-5.44859
 30
0.0
 10
-6.81563
 20
-5.44859
 30
0.0
 10
-6.81563
 20
-5.44859
 30
0.0
  0
SPLINE
  5
113
330
1F
100
AcDbEntity
  8
Camada 1
 62
   251
370
     9
100
AcDbSpline
210
0.0
220
0.0
230
1.0
 70
    24
 71
     3
 72
     8
 73
     4
 74
     0
 42
0.0000000001
 43
0.0000000001
 40
0.0
 40
0.0
 40
0.0
 40
0.0
 40
1.0
 40
1.0
 40
1.0
 40
1.0
 10
-6.76976
 20
-5.39918
 30
0.0
 10
-6.76976
 20
-5.39918
 30
0.0
 10
-6.76976
 20
-5.40272
 30
0.0
 10
-6.76976
 20
-5.40272
 30
0.0
  0
SPLINE
  5
114
330
1F
100
AcDbEntity
  8
Camada 1
 62
   251
370
     9
100
AcDbSpline
210
0.0
220
0.0
230
1.0
 70
     8
 71
     3
 72
    20
 73
    16
 74
     0
 42
0.0000000001
 43
0.0000000001
 40
0.0
 40
0.0
 40
0.0
 40
0.0
 40
0.2
 40
0.2
 40
0.2
 40
0.4
 40
0.4
 40
0.4
 40
0.6000000000000001
 40
0.6000000000000001
 40
0.6000000000000001
 40
0.8
 40
0.8
 40
0.8
 40
1.0
 40
1.0
 40
1.0
 40
1.0
 10
-6.76976
 20
-5.40272
 30
0.0
 10
-6.76976
 20
-5.40272
 30
0.0
 10
-6.7874
 20
-5.40272
 30
0.0
 10
-6.7874
 20
-5.40272
 30
0.0
 10
-6.7874
 20
-5.40272
 30
0.0
 10
-6.79799
 20
-5.40978
 30
0.0
 10
-6.79799
 20
-5.40978
 30
0.0
 10
-6.79799
 20
-5.40978
 30
0.0
 10
-6.80858
 20
-5.42389
 30
0.0
 10
-6.80858
 20
-5.42389
 30
0.0
 10
-6.80858
 20
-5.42389
 30
0.0
 10
-6.81563
 20
-5.43801
 30
0.0
 10
-6.81563
 20
-5.43801
 30
0.0
 10
-6.81563
 20
-5.43801
 30
0.0
 10
-6.81563
 20
-5.44859
 30
0.0
 10
-6.81563
 20
-5.44859
 30
0.0
  0
SPLINE
  5
115
330
1F
100
AcDbEntity
  8
Camada 1
 62
   251
370
     9
100
AcDbSpline
210
0.0
220
0.0
230
1.0
 70
    24
 71
     3
 72
     8
 73
     4
 74
     0
 42
0.0000000001
 43
0.0000000001
 40
0.0
 40
0.0
 40
0.0
 40
0.0
 40
1.0
 40
1.0
 40
1.0
 40
1.0
 10
-7.10149
 20
-5.42036
 30
0.0
 10
-7.10149
 20
-5.42036
 30
0.0
 10
-7.10149
 20
-5.36037
 30
0.0
 10
-7.10149
 20
-5.36037
 30
0.0
  0
SPLINE
  5
116
330
1F
100
AcDbEntity
  8
Camada 1
 62
   251
370
     9
100
AcDbSpline
210
0.0
220
0.0
230
1.0
 70
    24
 71
     3
 72
     8
 73
     4
 74
     0
 42
0.0000000001
 43
0.0000000001
 40
0.0
 40
0.0
 40
0.0
 40
0.0
 40
1.0
 40
1.0
 40
1.0
 40
1.0
 10
-6.37803
 20
-5.36037
 30
0.0
 10
-6.37803
 20
-5.36037
 30
0.0
 10
-6.38155
 20
-5.36037
 30
0.0
 10
-6.38155
 20
-5.36037
 30
0.0
  0
SPLINE
  5
117
330
1F
100
AcDbEntity
  8
Camada 1
 62
   251
370
     9
100
AcDbSpline
210
0.0
220
0.0
230
1.0
 70
    24
 71
     3
 72
     8
 73
     4
 74
     0
 42
0.0000000001
 43
0.0000000001
 40
0.0
 40
0.0
 40
0.0
 40
0.0
 40
1.0
 40
1.0
 40
1.0
 40
1.0
 10
-6.37803
 20
-5.46271
 30
0.0
 10
-6.37803
 20
-5.46271
 30
0.0
 10
-6.38155
 20
-5.46271
 30
0.0
 10
-6.38155
 20
-5.46271
 30
0.0
  0
SPLINE
  5
118
330
1F
100
AcDbEntity
  8
Camada 1
 62
   251
370
     9
100
AcDbSpline
210
0.0
220
0.0
230
1.0
 70
    24
 71
     3
 72
     8
 73
     4
 74
     0
 42
0.0000000001
 43
0.0000000001
 40
0.0
 40
0.0
 40
0.0
 40
0.0
 40
1.0
 40
1.0
 40
1.0
 40
1.0
 10
-6.38155
 20
-5.36037
 30
0.0
 10
-6.38155
 20
-5.36037
 30
0.0
 10
-6.38155
 20
-5.46271
 30
0.0
 10
-6.38155
 20
-5.46271
 30
0.0
  0
SPLINE
  5
119
330
1F
100
AcDbEntity
  8
Camada 1
 62
   251
370
     9
100
AcDbSpline
210
0.0
220
0.0
230
1.0
 70
    24
 71
     3
 72
     8
 73
     4
 74
     0
 42
0.0000000001
 43
0.0000000001
 40
0.0
 40
0.0
 40
0.0
 40
0.0
 40
1.0
 40
1.0
 40
1.0
 40
1.0
 10
-6.75917
 20
-5.29331
 30
0.0
 10
-6.75917
 20
-5.29331
 30
0.0
 10
-6.75917
 20
-5.28978
 30
0.0
 10
-6.75917
 20
-5.28978
 30
0.0
  0
SPLINE
  5
11A
330
1F
100
AcDbEntity
  8
Camada 1
 62
   251
370
     9
100
AcDbSpline
210
0.0
220
0.0
230
1.0
 70
     8
 71
     3
 72
    20
 73
    16
 74
     0
 42
0.0000000001
 43
0.0000000001
 40
0.0
 40
0.0
 40
0.0
 40
0.0
 40
0.2
 40
0.2
 40
0.2
 40
0.4
 40
0.4
 40
0.4
 40
0.6000000000000001
 40
0.6000000000000001
 40
0.6000000000000001
 40
0.8
 40
0.8
 40
0.8
 40
1.0
 40
1.0
 40
1.0
 40
1.0
 10
-6.68153
 20
-5.36037
 30
0.0
 10
-6.68153
 20
-5.36037
 30
0.0
 10
-6.68505
 20
-5.33919
 30
0.0
 10
-6.68505
 20
-5.33919
 30
0.0
 10
-6.68505
 20
-5.33919
 30
0.0
 10
-6.69565
 20
-5.31802
 30
0.0
 10
-6.69565
 20
-5.31802
 30
0.0
 10
-6.69565
 20
-5.31802
 30
0.0
 10
-6.70976
 20
-5.3039
 30
0.0
 10
-6.70976
 20
-5.3039
 30
0.0
 10
-6.70976
 20
-5.3039
 30
0.0
 10
-6.73446
 20
-5.29331
 30
0.0
 10
-6.73446
 20
-5.29331
 30
0.0
 10
-6.73446
 20
-5.29331
 30
0.0
 10
-6.75917
 20
-5.28978
 30
0.0
 10
-6.75917
 20
-5.28978
 30
0.0
  0
SPLINE
  5
11B
330
1F
100
AcDbEntity
  8
Camada 1
 62
   251
370
     9
100
AcDbSpline
210
0.0
220
0.0
230
1.0
 70
    24
 71
     3
 72
     8
 73
     4
 74
     0
 42
0.0000000001
 43
0.0000000001
 40
0.0
 40
0.0
 40
0.0
 40
0.0
 40
1.0
 40
1.0
 40
1.0
 40
1.0
 10
-6.81917
 20
-5.46624
 30
0.0
 10
-6.81917
 20
-5.46624
 30
0.0
 10
-6.81563
 20
-5.46624
 30
0.0
 10
-6.81563
 20
-5.46624
 30
0.0
  0
SPLINE
  5
11C
330
1F
100
AcDbEntity
  8
Camada 1
 62
   251
370
     9
100
AcDbSpline
210
0.0
220
0.0
230
1.0
 70
    24
 71
     3
 72
     8
 73
     4
 74
     0
 42
0.0000000001
 43
0.0000000001
 40
0.0
 40
0.0
 40
0.0
 40
0.0
 40
1.0
 40
1.0
 40
1.0
 40
1.0
 10
-6.81563
 20
-5.44859
 30
0.0
 10
-6.81563
 20
-5.44859
 30
0.0
 10
-6.81563
 20
-5.46624
 30
0.0
 10
-6.81563
 20
-5.46624
 30
0.0
  0
SPLINE
  5
11D
330
1F
100
AcDbEntity
  8
Camada 1
 62
   251
370
     9
100
AcDbSpline
210
0.0
220
0.0
230
1.0
 70
    24
 71
     3
 72
     8
 73
     4
 74
     0
 42
0.0000000001
 43
0.0000000001
 40
0.0
 40
0.0
 40
0.0
 40
0.0
 40
1.0
 40
1.0
 40
1.0
 40
1.0
 10
-6.72035
 20
-5.46977
 30
0.0
 10
-6.72035
 20
-5.46977
 30
0.0
 10
-6.72388
 20
-5.46977
 30
0.0
 10
-6.72388
 20
-5.46977
 30
0.0
  0
SPLINE
  5
11E
330
1F
100
AcDbEntity
  8
Camada 1
 62
   251
370
     9
100
AcDbSpline
210
0.0
220
0.0
230
1.0
 70
    24
 71
     3
 72
     8
 73
     4
 74
     0
 42
0.0000000001
 43
0.0000000001
 40
0.0
 40
0.0
 40
0.0
 40
0.0
 40
1.0
 40
1.0
 40
1.0
 40
1.0
 10
-6.76976
 20
-5.51565
 30
0.0
 10
-6.76976
 20
-5.51565
 30
0.0
 10
-6.76976
 20
-5.51212
 30
0.0
 10
-6.76976
 20
-5.51212
 30
0.0
  0
SPLINE
  5
11F
330
1F
100
AcDbEntity
  8
Camada 1
 62
   251
370
     9
100
AcDbSpline
210
0.0
220
0.0
230
1.0
 70
     8
 71
     3
 72
    20
 73
    16
 74
     0
 42
0.0000000001
 43
0.0000000001
 40
0.0
 40
0.0
 40
0.0
 40
0.0
 40
0.2
 40
0.2
 40
0.2
 40
0.4
 40
0.4
 40
0.4
 40
0.6000000000000001
 40
0.6000000000000001
 40
0.6000000000000001
 40
0.8
 40
0.8
 40
0.8
 40
1.0
 40
1.0
 40
1.0
 40
1.0
 10
-6.76976
 20
-5.51212
 30
0.0
 10
-6.76976
 20
-5.51212
 30
0.0
 10
-6.75564
 20
-5.51212
 30
0.0
 10
-6.75564
 20
-5.51212
 30
0.0
 10
-6.75564
 20
-5.51212
 30
0.0
 10
-6.74153
 20
-5.50506
 30
0.0
 10
-6.74153
 20
-5.50506
 30
0.0
 10
-6.74153
 20
-5.50506
 30
0.0
 10
-6.73093
 20
-5.49095
 30
0.0
 10
-6.73093
 20
-5.49095
 30
0.0
 10
-6.73093
 20
-5.49095
 30
0.0
 10
-6.72741
 20
-5.47683
 30
0.0
 10
-6.72741
 20
-5.47683
 30
0.0
 10
-6.72741
 20
-5.47683
 30
0.0
 10
-6.72388
 20
-5.46977
 30
0.0
 10
-6.72388
 20
-5.46977
 30
0.0
  0
SPLINE
  5
120
330
1F
100
AcDbEntity
  8
Camada 1
 62
   251
370
     9
100
AcDbSpline
210
0.0
220
0.0
230
1.0
 70
    24
 71
     3
 72
     8
 73
     4
 74
     0
 42
0.0000000001
 43
0.0000000001
 40
0.0
 40
0.0
 40
0.0
 40
0.0
 40
1.0
 40
1.0
 40
1.0
 40
1.0
 10
-6.30391
 20
-5.29331
 30
0.0
 10
-6.30391
 20
-5.29331
 30
0.0
 10
-6.30391
 20
-5.28978
 30
0.0
 10
-6.30391
 20
-5.28978
 30
0.0
  0
SPLINE
  5
121
330
1F
100
AcDbEntity
  8
Camada 1
 62
   251
370
     9
100
AcDbSpline
210
0.0
220
0.0
230
1.0
 70
     8
 71
     3
 72
    20
 73
    16
 74
     0
 42
0.0000000001
 43
0.0000000001
 40
0.0
 40
0.0
 40
0.0
 40
0.0
 40
0.2
 40
0.2
 40
0.2
 40
0.4
 40
0.4
 40
0.4
 40
0.6000000000000001
 40
0.6000000000000001
 40
0.6000000000000001
 40
0.8
 40
0.8
 40
0.8
 40
1.0
 40
1.0
 40
1.0
 40
1.0
 10
-6.30391
 20
-5.28978
 30
0.0
 10
-6.30391
 20
-5.28978
 30
0.0
 10
-6.32862
 20
-5.29331
 30
0.0
 10
-6.32862
 20
-5.29331
 30
0.0
 10
-6.32862
 20
-5.29331
 30
0.0
 10
-6.35332
 20
-5.3039
 30
0.0
 10
-6.35332
 20
-5.3039
 30
0.0
 10
-6.35332
 20
-5.3039
 30
0.0
 10
-6.37096
 20
-5.32154
 30
0.0
 10
-6.37096
 20
-5.32154
 30
0.0
 10
-6.37096
 20
-5.32154
 30
0.0
 10
-6.38155
 20
-5.33919
 30
0.0
 10
-6.38155
 20
-5.33919
 30
0.0
 10
-6.38155
 20
-5.33919
 30
0.0
 10
-6.38155
 20
-5.36037
 30
0.0
 10
-6.38155
 20
-5.36037
 30
0.0
  0
SPLINE
  5
122
330
1F
100
AcDbEntity
  8
Camada 1
 62
   251
370
     9
100
AcDbSpline
210
0.0
220
0.0
230
1.0
 70
    24
 71
     3
 72
    11
 73
     7
 74
     0
 42
0.0000000001
 43
0.0000000001
 40
0.0
 40
0.0
 40
0.0
 40
0.0
 40
0.5
 40
0.5
 40
0.5
 40
1.0
 40
1.0
 40
1.0
 40
1.0
 10
-6.52624
 20
-5.32154
 30
0.0
 10
-6.52624
 20
-5.32154
 30
0.0
 10
-6.52624
 20
-5.32154
 30
0.0
 10
-6.52624
 20
-5.32154
 30
0.0
 10
-6.52624
 20
-5.32154
 30
0.0
 10
-6.52624
 20
-5.32508
 30
0.0
 10
-6.52624
 20
-5.32508
 30
0.0
  0
SPLINE
  5
123
330
1F
100
AcDbEntity
  8
Camada 1
 62
   251
370
     9
100
AcDbSpline
210
0.0
220
0.0
230
1.0
 70
    24
 71
     3
 72
     8
 73
     4
 74
     0
 42
0.0000000001
 43
0.0000000001
 40
0.0
 40
0.0
 40
0.0
 40
0.0
 40
1.0
 40
1.0
 40
1.0
 40
1.0
 10
-6.52624
 20
-5.32154
 30
0.0
 10
-6.52624
 20
-5.32154
 30
0.0
 10
-6.49448
 20
-5.31096
 30
0.0
 10
-6.49448
 20
-5.31096
 30
0.0
  0
SPLINE
  5
124
330
1F
100
AcDbEntity
  8
Camada 1
 62
   251
370
     9
100
AcDbSpline
210
0.0
220
0.0
230
1.0
 70
    24
 71
     3
 72
     8
 73
     4
 74
     0
 42
0.0000000001
 43
0.0000000001
 40
0.0
 40
0.0
 40
0.0
 40
0.0
 40
1.0
 40
1.0
 40
1.0
 40
1.0
 10
-6.52624
 20
-5.32508
 30
0.0
 10
-6.52624
 20
-5.32508
 30
0.0
 10
-6.48743
 20
-5.31449
 30
0.0
 10
-6.48743
 20
-5.31449
 30
0.0
  0
SPLINE
  5
125
330
1F
100
AcDbEntity
  8
Camada 1
 62
   251
370
     9
100
AcDbSpline
210
0.0
220
0.0
230
1.0
 70
     8
 71
     3
 72
    20
 73
    16
 74
     0
 42
0.0000000001
 43
0.0000000001
 40
0.0
 40
0.0
 40
0.0
 40
0.0
 40
0.2
 40
0.2
 40
0.2
 40
0.4
 40
0.4
 40
0.4
 40
0.6000000000000001
 40
0.6000000000000001
 40
0.6000000000000001
 40
0.8
 40
0.8
 40
0.8
 40
1.0
 40
1.0
 40
1.0
 40
1.0
 10
-6.61095
 20
-5.35331
 30
0.0
 10
-6.61095
 20
-5.35331
 30
0.0
 10
-6.60741
 20
-5.33919
 30
0.0
 10
-6.60741
 20
-5.33919
 30
0.0
 10
-6.60741
 20
-5.33919
 30
0.0
 10
-6.60036
 20
-5.32508
 30
0.0
 10
-6.60036
 20
-5.32508
 30
0.0
 10
-6.60036
 20
-5.32508
 30
0.0
 10
-6.58625
 20
-5.31449
 30
0.0
 10
-6.58625
 20
-5.31449
 30
0.0
 10
-6.58625
 20
-5.31449
 30
0.0
 10
-6.57212
 20
-5.30743
 30
0.0
 10
-6.57212
 20
-5.30743
 30
0.0
 10
-6.57212
 20
-5.30743
 30
0.0
 10
-6.56154
 20
-5.3039
 30
0.0
 10
-6.56154
 20
-5.3039
 30
0.0
  0
SPLINE
  5
126
330
1F
100
AcDbEntity
  8
Camada 1
 62
   251
370
     9
100
AcDbSpline
210
0.0
220
0.0
230
1.0
 70
    24
 71
     3
 72
     8
 73
     4
 74
     0
 42
0.0000000001
 43
0.0000000001
 40
0.0
 40
0.0
 40
0.0
 40
0.0
 40
1.0
 40
1.0
 40
1.0
 40
1.0
 10
-6.61095
 20
-5.52976
 30
0.0
 10
-6.61095
 20
-5.52976
 30
0.0
 10
-6.61095
 20
-5.35331
 30
0.0
 10
-6.61095
 20
-5.35331
 30
0.0
  0
SPLINE
  5
127
330
1F
100
AcDbEntity
  8
Camada 1
 62
   251
370
     9
100
AcDbSpline
210
0.0
220
0.0
230
1.0
 70
    24
 71
     3
 72
     8
 73
     4
 74
     0
 42
0.0000000001
 43
0.0000000001
 40
0.0
 40
0.0
 40
0.0
 40
0.0
 40
1.0
 40
1.0
 40
1.0
 40
1.0
 10
-6.64977
 20
-5.52976
 30
0.0
 10
-6.64977
 20
-5.52976
 30
0.0
 10
-6.61095
 20
-5.52976
 30
0.0
 10
-6.61095
 20
-5.52976
 30
0.0
  0
SPLINE
  5
128
330
1F
100
AcDbEntity
  8
Camada 1
 62
   251
370
     9
100
AcDbSpline
210
0.0
220
0.0
230
1.0
 70
    24
 71
     3
 72
     8
 73
     4
 74
     0
 42
0.0000000001
 43
0.0000000001
 40
0.0
 40
0.0
 40
0.0
 40
0.0
 40
1.0
 40
1.0
 40
1.0
 40
1.0
 10
-6.64977
 20
-5.29331
 30
0.0
 10
-6.64977
 20
-5.29331
 30
0.0
 10
-6.64977
 20
-5.52976
 30
0.0
 10
-6.64977
 20
-5.52976
 30
0.0
  0
SPLINE
  5
129
330
1F
100
AcDbEntity
  8
Camada 1
 62
   251
370
     9
100
AcDbSpline
210
0.0
220
0.0
230
1.0
 70
    24
 71
     3
 72
     8
 73
     4
 74
     0
 42
0.0000000001
 43
0.0000000001
 40
0.0
 40
0.0
 40
0.0
 40
0.0
 40
1.0
 40
1.0
 40
1.0
 40
1.0
 10
-6.61095
 20
-5.29331
 30
0.0
 10
-6.61095
 20
-5.29331
 30
0.0
 10
-6.64977
 20
-5.29331
 30
0.0
 10
-6.64977
 20
-5.29331
 30
0.0
  0
SPLINE
  5
12A
330
1F
100
AcDbEntity
  8
Camada 1
 62
   251
370
     9
100
AcDbSpline
210
0.0
220
0.0
230
1.0
 70
    24
 71
     3
 72
     8
 73
     4
 74
     0
 42
0.0000000001
 43
0.0000000001
 40
0.0
 40
0.0
 40
0.0
 40
0.0
 40
1.0
 40
1.0
 40
1.0
 40
1.0
 10
-6.61095
 20
-5.30038
 30
0.0
 10
-6.61095
 20
-5.30038
 30
0.0
 10
-6.61095
 20
-5.29331
 30
0.0
 10
-6.61095
 20
-5.29331
 30
0.0
  0
SPLINE
  5
12B
330
1F
100
AcDbEntity
  8
Camada 1
 62
   251
370
     9
100
AcDbSpline
210
0.0
220
0.0
230
1.0
 70
     8
 71
     3
 72
    14
 73
    10
 74
     0
 42
0.0000000001
 43
0.0000000001
 40
0.0
 40
0.0
 40
0.0
 40
0.0
 40
0.3333333333333333
 40
0.3333333333333333
 40
0.3333333333333333
 40
0.6666666666666666
 40
0.6666666666666666
 40
0.6666666666666666
 40
1.0
 40
1.0
 40
1.0
 40
1.0
 10
-6.57565
 20
-5.29331
 30
0.0
 10
-6.57565
 20
-5.29331
 30
0.0
 10
-6.58625
 20
-5.29331
 30
0.0
 10
-6.58625
 20
-5.29331
 30
0.0
 10
-6.58625
 20
-5.29331
 30
0.0
 10
-6.60036
 20
-5.29684
 30
0.0
 10
-6.60036
 20
-5.29684
 30
0.0
 10
-6.60036
 20
-5.29684
 30
0.0
 10
-6.61095
 20
-5.30038
 30
0.0
 10
-6.61095
 20
-5.30038
 30
0.0
  0
SPLINE
  5
12C
330
1F
100
AcDbEntity
  8
Camada 1
 62
   251
370
     9
100
AcDbSpline
210
0.0
220
0.0
230
1.0
 70
    24
 71
     3
 72
     8
 73
     4
 74
     0
 42
0.0000000001
 43
0.0000000001
 40
0.0
 40
0.0
 40
0.0
 40
0.0
 40
1.0
 40
1.0
 40
1.0
 40
1.0
 10
-6.54742
 20
-5.29331
 30
0.0
 10
-6.54742
 20
-5.29331
 30
0.0
 10
-6.57565
 20
-5.29331
 30
0.0
 10
-6.57565
 20
-5.29331
 30
0.0
  0
SPLINE
  5
12D
330
1F
100
AcDbEntity
  8
Camada 1
 62
   251
370
     9
100
AcDbSpline
210
0.0
220
0.0
230
1.0
 70
     8
 71
     3
 72
    14
 73
    10
 74
     0
 42
0.0000000001
 43
0.0000000001
 40
0.0
 40
0.0
 40
0.0
 40
0.0
 40
0.3333333333333333
 40
0.3333333333333333
 40
0.3333333333333333
 40
0.6666666666666666
 40
0.6666666666666666
 40
0.6666666666666666
 40
1.0
 40
1.0
 40
1.0
 40
1.0
 10
-6.56154
 20
-5.3039
 30
0.0
 10
-6.56154
 20
-5.3039
 30
0.0
 10
-6.54389
 20
-5.30743
 30
0.0
 10
-6.54389
 20
-5.30743
 30
0.0
 10
-6.54389
 20
-5.30743
 30
0.0
 10
-6.52977
 20
-5.31449
 30
0.0
 10
-6.52977
 20
-5.31449
 30
0.0
 10
-6.52977
 20
-5.31449
 30
0.0
 10
-6.52624
 20
-5.32154
 30
0.0
 10
-6.52624
 20
-5.32154
 30
0.0
  0
SPLINE
  5
12E
330
1F
100
AcDbEntity
  8
Camada 1
 62
   251
370
     9
100
AcDbSpline
210
0.0
220
0.0
230
1.0
 70
     8
 71
     3
 72
    11
 73
     7
 74
     0
 42
0.0000000001
 43
0.0000000001
 40
0.0
 40
0.0
 40
0.0
 40
0.0
 40
0.5
 40
0.5
 40
0.5
 40
1.0
 40
1.0
 40
1.0
 40
1.0
 10
-7.52499
 20
-5.2792
 30
0.0
 10
-7.52499
 20
-5.2792
 30
0.0
 10
-7.52499
 20
-5.28273
 30
0.0
 10
-7.52499
 20
-5.28273
 30
0.0
 10
-7.52499
 20
-5.28273
 30
0.0
 10
-7.52147
 20
-5.28273
 30
0.0
 10
-7.52147
 20
-5.28273
 30
0.0
  0
SPLINE
  5
12F
330
1F
100
AcDbEntity
  8
Camada 1
 62
   251
370
     9
100
AcDbSpline
210
0.0
220
0.0
230
1.0
 70
     8
 71
     3
 72
    17
 73
    13
 74
     0
 42
0.0000000001
 43
0.0000000001
 40
0.0
 40
0.0
 40
0.0
 40
0.0
 40
0.25
 40
0.25
 40
0.25
 40
0.5
 40
0.5
 40
0.5
 40
0.75
 40
0.75
 40
0.75
 40
1.0
 40
1.0
 40
1.0
 40
1.0
 10
-7.52499
 20
-5.2792
 30
0.0
 10
-7.52499
 20
-5.2792
 30
0.0
 10
-7.53558
 20
-5.26155
 30
0.0
 10
-7.53558
 20
-5.26155
 30
0.0
 10
-7.53558
 20
-5.26155
 30
0.0
 10
-7.5497
 20
-5.24744
 30
0.0
 10
-7.5497
 20
-5.24744
 30
0.0
 10
-7.5497
 20
-5.24744
 30
0.0
 10
-7.57087
 20
-5.23685
 30
0.0
 10
-7.57087
 20
-5.23685
 30
0.0
 10
-7.57087
 20
-5.23685
 30
0.0
 10
-7.59557
 20
-5.23332
 30
0.0
 10
-7.59557
 20
-5.23332
 30
0.0
  0
SPLINE
  5
130
330
1F
100
AcDbEntity
  8
Camada 1
 62
   251
370
     9
100
AcDbSpline
210
0.0
220
0.0
230
1.0
 70
    24
 71
     3
 72
     8
 73
     4
 74
     0
 42
0.0000000001
 43
0.0000000001
 40
0.0
 40
0.0
 40
0.0
 40
0.0
 40
1.0
 40
1.0
 40
1.0
 40
1.0
 10
-7.59557
 20
-5.23332
 30
0.0
 10
-7.59557
 20
-5.23332
 30
0.0
 10
-7.59557
 20
-5.22979
 30
0.0
 10
-7.59557
 20
-5.22979
 30
0.0
  0
SPLINE
  5
131
330
1F
100
AcDbEntity
  8
Camada 1
 62
   251
370
     9
100
AcDbSpline
210
0.0
220
0.0
230
1.0
 70
     8
 71
     3
 72
    20
 73
    16
 74
     0
 42
0.0000000001
 43
0.0000000001
 40
0.0
 40
0.0
 40
0.0
 40
0.0
 40
0.2
 40
0.2
 40
0.2
 40
0.4
 40
0.4
 40
0.4
 40
0.6000000000000001
 40
0.6000000000000001
 40
0.6000000000000001
 40
0.8
 40
0.8
 40
0.8
 40
1.0
 40
1.0
 40
1.0
 40
1.0
 10
-7.52147
 20
-5.28273
 30
0.0
 10
-7.52147
 20
-5.28273
 30
0.0
 10
-7.53205
 20
-5.26155
 30
0.0
 10
-7.53205
 20
-5.26155
 30
0.0
 10
-7.53205
 20
-5.26155
 30
0.0
 10
-7.54617
 20
-5.24744
 30
0.0
 10
-7.54617
 20
-5.24744
 30
0.0
 10
-7.54617
 20
-5.24744
 30
0.0
 10
-7.56734
 20
-5.23332
 30
0.0
 10
-7.56734
 20
-5.23332
 30
0.0
 10
-7.56734
 20
-5.23332
 30
0.0
 10
-7.59204
 20
-5.22979
 30
0.0
 10
-7.59204
 20
-5.22979
 30
0.0
 10
-7.59204
 20
-5.22979
 30
0.0
 10
-7.59557
 20
-5.22979
 30
0.0
 10
-7.59557
 20
-5.22979
 30
0.0
  0
SPLINE
  5
132
330
1F
100
AcDbEntity
  8
Camada 1
 62
   251
370
     9
100
AcDbSpline
210
0.0
220
0.0
230
1.0
 70
    24
 71
     3
 72
     8
 73
     4
 74
     0
 42
0.0000000001
 43
0.0000000001
 40
0.0
 40
0.0
 40
0.0
 40
0.0
 40
1.0
 40
1.0
 40
1.0
 40
1.0
 10
-7.59204
 20
-5.38154
 30
0.0
 10
-7.59204
 20
-5.38154
 30
0.0
 10
-7.58851
 20
-5.37802
 30
0.0
 10
-7.58851
 20
-5.37802
 30
0.0
  0
SPLINE
  5
133
330
1F
100
AcDbEntity
  8
Camada 1
 62
   251
370
     9
100
AcDbSpline
210
0.0
220
0.0
230
1.0
 70
     8
 71
     3
 72
    17
 73
    13
 74
     0
 42
0.0000000001
 43
0.0000000001
 40
0.0
 40
0.0
 40
0.0
 40
0.0
 40
0.25
 40
0.25
 40
0.25
 40
0.5
 40
0.5
 40
0.5
 40
0.75
 40
0.75
 40
0.75
 40
1.0
 40
1.0
 40
1.0
 40
1.0
 10
-7.59204
 20
-5.38154
 30
0.0
 10
-7.59204
 20
-5.38154
 30
0.0
 10
-7.63087
 20
-5.35331
 30
0.0
 10
-7.63087
 20
-5.35331
 30
0.0
 10
-7.63087
 20
-5.35331
 30
0.0
 10
-7.64851
 20
-5.33214
 30
0.0
 10
-7.64851
 20
-5.33214
 30
0.0
 10
-7.64851
 20
-5.33214
 30
0.0
 10
-7.6591
 20
-5.30743
 30
0.0
 10
-7.6591
 20
-5.30743
 30
0.0
 10
-7.6591
 20
-5.30743
 30
0.0
 10
-7.6591
 20
-5.29331
 30
0.0
 10
-7.6591
 20
-5.29331
 30
0.0
  0
SPLINE
  5
134
330
1F
100
AcDbEntity
  8
Camada 1
 62
   251
370
     9
100
AcDbSpline
210
0.0
220
0.0
230
1.0
 70
    24
 71
     3
 72
     8
 73
     4
 74
     0
 42
0.0000000001
 43
0.0000000001
 40
0.0
 40
0.0
 40
0.0
 40
0.0
 40
1.0
 40
1.0
 40
1.0
 40
1.0
 10
-7.6591
 20
-5.29331
 30
0.0
 10
-7.6591
 20
-5.29331
 30
0.0
 10
-7.65557
 20
-5.29331
 30
0.0
 10
-7.65557
 20
-5.29331
 30
0.0
  0
SPLINE
  5
135
330
1F
100
AcDbEntity
  8
Camada 1
 62
   251
370
     9
100
AcDbSpline
210
0.0
220
0.0
230
1.0
 70
     8
 71
     3
 72
    17
 73
    13
 74
     0
 42
0.0000000001
 43
0.0000000001
 40
0.0
 40
0.0
 40
0.0
 40
0.0
 40
0.25
 40
0.25
 40
0.25
 40
0.5
 40
0.5
 40
0.5
 40
0.75
 40
0.75
 40
0.75
 40
1.0
 40
1.0
 40
1.0
 40
1.0
 10
-7.58851
 20
-5.37802
 30
0.0
 10
-7.58851
 20
-5.37802
 30
0.0
 10
-7.63087
 20
-5.34977
 30
0.0
 10
-7.63087
 20
-5.34977
 30
0.0
 10
-7.63087
 20
-5.34977
 30
0.0
 10
-7.64498
 20
-5.32861
 30
0.0
 10
-7.64498
 20
-5.32861
 30
0.0
 10
-7.64498
 20
-5.32861
 30
0.0
 10
-7.65557
 20
-5.30743
 30
0.0
 10
-7.65557
 20
-5.30743
 30
0.0
 10
-7.65557
 20
-5.30743
 30
0.0
 10
-7.65557
 20
-5.29331
 30
0.0
 10
-7.65557
 20
-5.29331
 30
0.0
  0
SPLINE
  5
136
330
1F
100
AcDbEntity
  8
Camada 1
 62
   251
370
     9
100
AcDbSpline
210
0.0
220
0.0
230
1.0
 70
    24
 71
     3
 72
     8
 73
     4
 74
     0
 42
0.0000000001
 43
0.0000000001
 40
0.0
 40
0.0
 40
0.0
 40
0.0
 40
1.0
 40
1.0
 40
1.0
 40
1.0
 10
-6.75917
 20
-5.28978
 30
0.0
 10
-6.75917
 20
-5.28978
 30
0.0
 10
-6.78387
 20
-5.28978
 30
0.0
 10
-6.78387
 20
-5.28978
 30
0.0
  0
SPLINE
  5
137
330
1F
100
AcDbEntity
  8
Camada 1
 62
   251
370
     9
100
AcDbSpline
210
0.0
220
0.0
230
1.0
 70
    24
 71
     3
 72
     8
 73
     4
 74
     0
 42
0.0000000001
 43
0.0000000001
 40
0.0
 40
0.0
 40
0.0
 40
0.0
 40
1.0
 40
1.0
 40
1.0
 40
1.0
 10
-7.4897
 20
-5.36037
 30
0.0
 10
-7.4897
 20
-5.36037
 30
0.0
 10
-7.49322
 20
-5.36037
 30
0.0
 10
-7.49322
 20
-5.36037
 30
0.0
  0
SPLINE
  5
138
330
1F
100
AcDbEntity
  8
Camada 1
 62
   251
370
     9
100
AcDbSpline
210
0.0
220
0.0
230
1.0
 70
    24
 71
     3
 72
     8
 73
     4
 74
     0
 42
0.0000000001
 43
0.0000000001
 40
0.0
 40
0.0
 40
0.0
 40
0.0
 40
1.0
 40
1.0
 40
1.0
 40
1.0
 10
-7.49322
 20
-5.36037
 30
0.0
 10
-7.49322
 20
-5.36037
 30
0.0
 10
-7.49322
 20
-5.46271
 30
0.0
 10
-7.49322
 20
-5.46271
 30
0.0
  0
SPLINE
  5
139
330
1F
100
AcDbEntity
  8
Camada 1
 62
   251
370
     9
100
AcDbSpline
210
0.0
220
0.0
230
1.0
 70
    24
 71
     3
 72
     8
 73
     4
 74
     0
 42
0.0000000001
 43
0.0000000001
 40
0.0
 40
0.0
 40
0.0
 40
0.0
 40
1.0
 40
1.0
 40
1.0
 40
1.0
 10
-7.17913
 20
-5.52976
 30
0.0
 10
-7.17913
 20
-5.52976
 30
0.0
 10
-7.17913
 20
-5.5333
 30
0.0
 10
-7.17913
 20
-5.5333
 30
0.0
  0
SPLINE
  5
13A
330
1F
100
AcDbEntity
  8
Camada 1
 62
   251
370
     9
100
AcDbSpline
210
0.0
220
0.0
230
1.0
 70
     8
 71
     3
 72
    17
 73
    13
 74
     0
 42
0.0000000001
 43
0.0000000001
 40
0.0
 40
0.0
 40
0.0
 40
0.0
 40
0.25
 40
0.25
 40
0.25
 40
0.5
 40
0.5
 40
0.5
 40
0.75
 40
0.75
 40
0.75
 40
1.0
 40
1.0
 40
1.0
 40
1.0
 10
-7.17913
 20
-5.5333
 30
0.0
 10
-7.17913
 20
-5.5333
 30
0.0
 10
-7.15443
 20
-5.52976
 30
0.0
 10
-7.15443
 20
-5.52976
 30
0.0
 10
-7.15443
 20
-5.52976
 30
0.0
 10
-7.12973
 20
-5.51918
 30
0.0
 10
-7.12973
 20
-5.51918
 30
0.0
 10
-7.12973
 20
-5.51918
 30
0.0
 10
-7.10856
 20
-5.498
 30
0.0
 10
-7.10856
 20
-5.498
 30
0.0
 10
-7.10856
 20
-5.498
 30
0.0
 10
-7.10149
 20
-5.47683
 30
0.0
 10
-7.10149
 20
-5.47683
 30
0.0
  0
SPLINE
  5
13B
330
1F
100
AcDbEntity
  8
Camada 1
 62
   251
370
     9
100
AcDbSpline
210
0.0
220
0.0
230
1.0
 70
    24
 71
     3
 72
     8
 73
     4
 74
     0
 42
0.0000000001
 43
0.0000000001
 40
0.0
 40
0.0
 40
0.0
 40
0.0
 40
1.0
 40
1.0
 40
1.0
 40
1.0
 10
-6.45213
 20
-5.23332
 30
0.0
 10
-6.45213
 20
-5.23332
 30
0.0
 10
-6.45567
 20
-5.22979
 30
0.0
 10
-6.45567
 20
-5.22979
 30
0.0
  0
SPLINE
  5
13C
330
1F
100
AcDbEntity
  8
Camada 1
 62
   251
370
     9
100
AcDbSpline
210
0.0
220
0.0
230
1.0
 70
    24
 71
     3
 72
     8
 73
     4
 74
     0
 42
0.0000000001
 43
0.0000000001
 40
0.0
 40
0.0
 40
0.0
 40
0.0
 40
1.0
 40
1.0
 40
1.0
 40
1.0
 10
-6.45213
 20
-5.23332
 30
0.0
 10
-6.45213
 20
-5.23332
 30
0.0
 10
-6.45213
 20
-5.26155
 30
0.0
 10
-6.45213
 20
-5.26155
 30
0.0
  0
SPLINE
  5
13D
330
1F
100
AcDbEntity
  8
Camada 1
 62
   251
370
     9
100
AcDbSpline
210
0.0
220
0.0
230
1.0
 70
    24
 71
     3
 72
     8
 73
     4
 74
     0
 42
0.0000000001
 43
0.0000000001
 40
0.0
 40
0.0
 40
0.0
 40
0.0
 40
1.0
 40
1.0
 40
1.0
 40
1.0
 10
-6.45567
 20
-5.22979
 30
0.0
 10
-6.45567
 20
-5.22979
 30
0.0
 10
-6.45567
 20
-5.26508
 30
0.0
 10
-6.45567
 20
-5.26508
 30
0.0
  0
SPLINE
  5
13E
330
1F
100
AcDbEntity
  8
Camada 1
 62
   251
370
     9
100
AcDbSpline
210
0.0
220
0.0
230
1.0
 70
    24
 71
     3
 72
     8
 73
     4
 74
     0
 42
0.0000000001
 43
0.0000000001
 40
0.0
 40
0.0
 40
0.0
 40
0.0
 40
1.0
 40
1.0
 40
1.0
 40
1.0
 10
-7.6591
 20
-5.4733
 30
0.0
 10
-7.6591
 20
-5.4733
 30
0.0
 10
-7.65557
 20
-5.4733
 30
0.0
 10
-7.65557
 20
-5.4733
 30
0.0
  0
SPLINE
  5
13F
330
1F
100
AcDbEntity
  8
Camada 1
 62
   251
370
     9
100
AcDbSpline
210
0.0
220
0.0
230
1.0
 70
    24
 71
     3
 72
     8
 73
     4
 74
     0
 42
0.0000000001
 43
0.0000000001
 40
0.0
 40
0.0
 40
0.0
 40
0.0
 40
1.0
 40
1.0
 40
1.0
 40
1.0
 10
-7.6591
 20
-5.4733
 30
0.0
 10
-7.6591
 20
-5.4733
 30
0.0
 10
-7.6591
 20
-5.44154
 30
0.0
 10
-7.6591
 20
-5.44154
 30
0.0
  0
SPLINE
  5
140
330
1F
100
AcDbEntity
  8
Camada 1
 62
   251
370
     9
100
AcDbSpline
210
0.0
220
0.0
230
1.0
 70
    24
 71
     3
 72
     8
 73
     4
 74
     0
 42
0.0000000001
 43
0.0000000001
 40
0.0
 40
0.0
 40
0.0
 40
0.0
 40
1.0
 40
1.0
 40
1.0
 40
1.0
 10
-7.6591
 20
-5.44154
 30
0.0
 10
-7.6591
 20
-5.44154
 30
0.0
 10
-7.65557
 20
-5.43801
 30
0.0
 10
-7.65557
 20
-5.43801
 30
0.0
  0
SPLINE
  5
141
330
1F
100
AcDbEntity
  8
Camada 1
 62
   251
370
     9
100
AcDbSpline
210
0.0
220
0.0
230
1.0
 70
    24
 71
     3
 72
     8
 73
     4
 74
     0
 42
0.0000000001
 43
0.0000000001
 40
0.0
 40
0.0
 40
0.0
 40
0.0
 40
1.0
 40
1.0
 40
1.0
 40
1.0
 10
-7.65557
 20
-5.4733
 30
0.0
 10
-7.65557
 20
-5.4733
 30
0.0
 10
-7.65557
 20
-5.43801
 30
0.0
 10
-7.65557
 20
-5.43801
 30
0.0
  0
SPLINE
  5
142
330
1F
100
AcDbEntity
  8
Camada 1
 62
   251
370
     9
100
AcDbSpline
210
0.0
220
0.0
230
1.0
 70
    24
 71
     3
 72
     8
 73
     4
 74
     0
 42
0.0000000001
 43
0.0000000001
 40
0.0
 40
0.0
 40
0.0
 40
0.0
 40
1.0
 40
1.0
 40
1.0
 40
1.0
 10
-7.63087
 20
-5.38154
 30
0.0
 10
-7.63087
 20
-5.38154
 30
0.0
 10
-7.63087
 20
-5.38507
 30
0.0
 10
-7.63087
 20
-5.38507
 30
0.0
  0
SPLINE
  5
143
330
1F
100
AcDbEntity
  8
Camada 1
 62
   251
370
     9
100
AcDbSpline
210
0.0
220
0.0
230
1.0
 70
     8
 71
     3
 72
    17
 73
    13
 74
     0
 42
0.0000000001
 43
0.0000000001
 40
0.0
 40
0.0
 40
0.0
 40
0.0
 40
0.25
 40
0.25
 40
0.25
 40
0.5
 40
0.5
 40
0.5
 40
0.75
 40
0.75
 40
0.75
 40
1.0
 40
1.0
 40
1.0
 40
1.0
 10
-7.63087
 20
-5.38154
 30
0.0
 10
-7.63087
 20
-5.38154
 30
0.0
 10
-7.58851
 20
-5.40978
 30
0.0
 10
-7.58851
 20
-5.40978
 30
0.0
 10
-7.58851
 20
-5.40978
 30
0.0
 10
-7.57087
 20
-5.43095
 30
0.0
 10
-7.57087
 20
-5.43095
 30
0.0
 10
-7.57087
 20
-5.43095
 30
0.0
 10
-7.56381
 20
-5.45566
 30
0.0
 10
-7.56381
 20
-5.45566
 30
0.0
 10
-7.56381
 20
-5.45566
 30
0.0
 10
-7.56028
 20
-5.46977
 30
0.0
 10
-7.56028
 20
-5.46977
 30
0.0
  0
SPLINE
  5
144
330
1F
100
AcDbEntity
  8
Camada 1
 62
   251
370
     9
100
AcDbSpline
210
0.0
220
0.0
230
1.0
 70
    24
 71
     3
 72
    11
 73
     7
 74
     0
 42
0.0000000001
 43
0.0000000001
 40
0.0
 40
0.0
 40
0.0
 40
0.0
 40
0.5
 40
0.5
 40
0.5
 40
1.0
 40
1.0
 40
1.0
 40
1.0
 10
-7.56028
 20
-5.46977
 30
0.0
 10
-7.56028
 20
-5.46977
 30
0.0
 10
-7.56028
 20
-5.46977
 30
0.0
 10
-7.56028
 20
-5.46977
 30
0.0
 10
-7.56028
 20
-5.46977
 30
0.0
 10
-7.56381
 20
-5.46977
 30
0.0
 10
-7.56381
 20
-5.46977
 30
0.0
  0
SPLINE
  5
145
330
1F
100
AcDbEntity
  8
Camada 1
 62
   251
370
     9
100
AcDbSpline
210
0.0
220
0.0
230
1.0
 70
     8
 71
     3
 72
    17
 73
    13
 74
     0
 42
0.0000000001
 43
0.0000000001
 40
0.0
 40
0.0
 40
0.0
 40
0.0
 40
0.25
 40
0.25
 40
0.25
 40
0.5
 40
0.5
 40
0.5
 40
0.75
 40
0.75
 40
0.75
 40
1.0
 40
1.0
 40
1.0
 40
1.0
 10
-7.63087
 20
-5.38507
 30
0.0
 10
-7.63087
 20
-5.38507
 30
0.0
 10
-7.59204
 20
-5.4133
 30
0.0
 10
-7.59204
 20
-5.4133
 30
0.0
 10
-7.59204
 20
-5.4133
 30
0.0
 10
-7.5744
 20
-5.43448
 30
0.0
 10
-7.5744
 20
-5.43448
 30
0.0
 10
-7.5744
 20
-5.43448
 30
0.0
 10
-7.56381
 20
-5.45919
 30
0.0
 10
-7.56381
 20
-5.45919
 30
0.0
 10
-7.56381
 20
-5.45919
 30
0.0
 10
-7.56381
 20
-5.46977
 30
0.0
 10
-7.56381
 20
-5.46977
 30
0.0
  0
SPLINE
  5
146
330
1F
100
AcDbEntity
  8
Camada 1
 62
   251
370
     9
100
AcDbSpline
210
0.0
220
0.0
230
1.0
 70
    24
 71
     3
 72
     8
 73
     4
 74
     0
 42
0.0000000001
 43
0.0000000001
 40
0.0
 40
0.0
 40
0.0
 40
0.0
 40
1.0
 40
1.0
 40
1.0
 40
1.0
 10
-6.3392
 20
-5.46624
 30
0.0
 10
-6.3392
 20
-5.46624
 30
0.0
 10
-6.33567
 20
-5.46624
 30
0.0
 10
-6.33567
 20
-5.46624
 30
0.0
  0
SPLINE
  5
147
330
1F
100
AcDbEntity
  8
Camada 1
 62
   251
370
     9
100
AcDbSpline
210
0.0
220
0.0
230
1.0
 70
     8
 71
     3
 72
    20
 73
    16
 74
     0
 42
0.0000000001
 43
0.0000000001
 40
0.0
 40
0.0
 40
0.0
 40
0.0
 40
0.2
 40
0.2
 40
0.2
 40
0.4
 40
0.4
 40
0.4
 40
0.6000000000000001
 40
0.6000000000000001
 40
0.6000000000000001
 40
0.8
 40
0.8
 40
0.8
 40
1.0
 40
1.0
 40
1.0
 40
1.0
 10
-6.33567
 20
-5.46624
 30
0.0
 10
-6.33567
 20
-5.46624
 30
0.0
 10
-6.33567
 20
-5.48389
 30
0.0
 10
-6.33567
 20
-5.48389
 30
0.0
 10
-6.33567
 20
-5.48389
 30
0.0
 10
-6.32862
 20
-5.49447
 30
0.0
 10
-6.32862
 20
-5.49447
 30
0.0
 10
-6.32862
 20
-5.49447
 30
0.0
 10
-6.3145
 20
-5.50506
 30
0.0
 10
-6.3145
 20
-5.50506
 30
0.0
 10
-6.3145
 20
-5.50506
 30
0.0
 10
-6.30039
 20
-5.51212
 30
0.0
 10
-6.30039
 20
-5.51212
 30
0.0
 10
-6.30039
 20
-5.51212
 30
0.0
 10
-6.28979
 20
-5.51212
 30
0.0
 10
-6.28979
 20
-5.51212
 30
0.0
  0
SPLINE
  5
148
330
1F
100
AcDbEntity
  8
Camada 1
 62
   251
370
     9
100
AcDbSpline
210
0.0
220
0.0
230
1.0
 70
    24
 71
     3
 72
     8
 73
     4
 74
     0
 42
0.0000000001
 43
0.0000000001
 40
0.0
 40
0.0
 40
0.0
 40
0.0
 40
1.0
 40
1.0
 40
1.0
 40
1.0
 10
-7.56028
 20
-5.28978
 30
0.0
 10
-7.56028
 20
-5.28978
 30
0.0
 10
-7.56381
 20
-5.29331
 30
0.0
 10
-7.56381
 20
-5.29331
 30
0.0
  0
SPLINE
  5
149
330
1F
100
AcDbEntity
  8
Camada 1
 62
   251
370
     9
100
AcDbSpline
210
0.0
220
0.0
230
1.0
 70
    24
 71
     3
 72
     8
 73
     4
 74
     0
 42
0.0000000001
 43
0.0000000001
 40
0.0
 40
0.0
 40
0.0
 40
0.0
 40
1.0
 40
1.0
 40
1.0
 40
1.0
 10
-7.56028
 20
-5.28978
 30
0.0
 10
-7.56028
 20
-5.28978
 30
0.0
 10
-7.52499
 20
-5.2792
 30
0.0
 10
-7.52499
 20
-5.2792
 30
0.0
  0
SPLINE
  5
14A
330
1F
100
AcDbEntity
  8
Camada 1
 62
   251
370
     9
100
AcDbSpline
210
0.0
220
0.0
230
1.0
 70
    24
 71
     3
 72
     8
 73
     4
 74
     0
 42
0.0000000001
 43
0.0000000001
 40
0.0
 40
0.0
 40
0.0
 40
0.0
 40
1.0
 40
1.0
 40
1.0
 40
1.0
 10
-7.56381
 20
-5.29331
 30
0.0
 10
-7.56381
 20
-5.29331
 30
0.0
 10
-7.52147
 20
-5.28273
 30
0.0
 10
-7.52147
 20
-5.28273
 30
0.0
  0
SPLINE
  5
14B
330
1F
100
AcDbEntity
  8
Camada 1
 62
   251
370
     9
100
AcDbSpline
210
0.0
220
0.0
230
1.0
 70
     8
 71
     3
 72
    20
 73
    16
 74
     0
 42
0.0000000001
 43
0.0000000001
 40
0.0
 40
0.0
 40
0.0
 40
0.0
 40
0.2
 40
0.2
 40
0.2
 40
0.4
 40
0.4
 40
0.4
 40
0.6000000000000001
 40
0.6000000000000001
 40
0.6000000000000001
 40
0.8
 40
0.8
 40
0.8
 40
1.0
 40
1.0
 40
1.0
 40
1.0
 10
-6.38155
 20
-5.46271
 30
0.0
 10
-6.38155
 20
-5.46271
 30
0.0
 10
-6.37803
 20
-5.48742
 30
0.0
 10
-6.37803
 20
-5.48742
 30
0.0
 10
-6.37803
 20
-5.48742
 30
0.0
 10
-6.36743
 20
-5.50859
 30
0.0
 10
-6.36743
 20
-5.50859
 30
0.0
 10
-6.36743
 20
-5.50859
 30
0.0
 10
-6.34979
 20
-5.51918
 30
0.0
 10
-6.34979
 20
-5.51918
 30
0.0
 10
-6.34979
 20
-5.51918
 30
0.0
 10
-6.32155
 20
-5.5333
 30
0.0
 10
-6.32155
 20
-5.5333
 30
0.0
 10
-6.32155
 20
-5.5333
 30
0.0
 10
-6.30391
 20
-5.5333
 30
0.0
 10
-6.30391
 20
-5.5333
 30
0.0
  0
SPLINE
  5
14C
330
1F
100
AcDbEntity
  8
Camada 1
 62
   251
370
     9
100
AcDbSpline
210
0.0
220
0.0
230
1.0
 70
    24
 71
     3
 72
     8
 73
     4
 74
     0
 42
0.0000000001
 43
0.0000000001
 40
0.0
 40
0.0
 40
0.0
 40
0.0
 40
1.0
 40
1.0
 40
1.0
 40
1.0
 10
-7.69792
 20
-5.46977
 30
0.0
 10
-7.69792
 20
-5.46977
 30
0.0
 10
-7.70144
 20
-5.46977
 30
0.0
 10
-7.70144
 20
-5.46977
 30
0.0
  0
SPLINE
  5
14D
330
1F
100
AcDbEntity
  8
Camada 1
 62
   251
370
     9
100
AcDbSpline
210
0.0
220
0.0
230
1.0
 70
     8
 71
     3
 72
    20
 73
    16
 74
     0
 42
0.0000000001
 43
0.0000000001
 40
0.0
 40
0.0
 40
0.0
 40
0.0
 40
0.2
 40
0.2
 40
0.2
 40
0.4
 40
0.4
 40
0.4
 40
0.6000000000000001
 40
0.6000000000000001
 40
0.6000000000000001
 40
0.8
 40
0.8
 40
0.8
 40
1.0
 40
1.0
 40
1.0
 40
1.0
 10
-7.69792
 20
-5.46977
 30
0.0
 10
-7.69792
 20
-5.46977
 30
0.0
 10
-7.69439
 20
-5.48742
 30
0.0
 10
-7.69439
 20
-5.48742
 30
0.0
 10
-7.69439
 20
-5.48742
 30
0.0
 10
-7.68733
 20
-5.50153
 30
0.0
 10
-7.68733
 20
-5.50153
 30
0.0
 10
-7.68733
 20
-5.50153
 30
0.0
 10
-7.67321
 20
-5.51565
 30
0.0
 10
-7.67321
 20
-5.51565
 30
0.0
 10
-7.67321
 20
-5.51565
 30
0.0
 10
-7.64498
 20
-5.52623
 30
0.0
 10
-7.64498
 20
-5.52623
 30
0.0
 10
-7.64498
 20
-5.52623
 30
0.0
 10
-7.6238
 20
-5.52976
 30
0.0
 10
-7.6238
 20
-5.52976
 30
0.0
  0
SPLINE
  5
14E
330
1F
100
AcDbEntity
  8
Camada 1
 62
   251
370
     9
100
AcDbSpline
210
0.0
220
0.0
230
1.0
 70
    24
 71
     3
 72
     8
 73
     4
 74
     0
 42
0.0000000001
 43
0.0000000001
 40
0.0
 40
0.0
 40
0.0
 40
0.0
 40
1.0
 40
1.0
 40
1.0
 40
1.0
 10
-7.6238
 20
-5.52976
 30
0.0
 10
-7.6238
 20
-5.52976
 30
0.0
 10
-7.6238
 20
-5.5333
 30
0.0
 10
-7.6238
 20
-5.5333
 30
0.0
  0
SPLINE
  5
14F
330
1F
100
AcDbEntity
  8
Camada 1
 62
   251
370
     9
100
AcDbSpline
210
0.0
220
0.0
230
1.0
 70
     8
 71
     3
 72
    20
 73
    16
 74
     0
 42
0.0000000001
 43
0.0000000001
 40
0.0
 40
0.0
 40
0.0
 40
0.0
 40
0.2
 40
0.2
 40
0.2
 40
0.4
 40
0.4
 40
0.4
 40
0.6000000000000001
 40
0.6000000000000001
 40
0.6000000000000001
 40
0.8
 40
0.8
 40
0.8
 40
1.0
 40
1.0
 40
1.0
 40
1.0
 10
-7.70144
 20
-5.46977
 30
0.0
 10
-7.70144
 20
-5.46977
 30
0.0
 10
-7.69792
 20
-5.48742
 30
0.0
 10
-7.69792
 20
-5.48742
 30
0.0
 10
-7.69792
 20
-5.48742
 30
0.0
 10
-7.69086
 20
-5.50153
 30
0.0
 10
-7.69086
 20
-5.50153
 30
0.0
 10
-7.69086
 20
-5.50153
 30
0.0
 10
-7.67321
 20
-5.51918
 30
0.0
 10
-7.67321
 20
-5.51918
 30
0.0
 10
-7.67321
 20
-5.51918
 30
0.0
 10
-7.64498
 20
-5.52976
 30
0.0
 10
-7.64498
 20
-5.52976
 30
0.0
 10
-7.64498
 20
-5.52976
 30
0.0
 10
-7.6238
 20
-5.5333
 30
0.0
 10
-7.6238
 20
-5.5333
 30
0.0
  0
SPLINE
  5
150
330
1F
100
AcDbEntity
  8
Camada 1
 62
   251
370
     9
100
AcDbSpline
210
0.0
220
0.0
230
1.0
 70
    24
 71
     3
 72
     8
 73
     4
 74
     0
 42
0.0000000001
 43
0.0000000001
 40
0.0
 40
0.0
 40
0.0
 40
0.0
 40
1.0
 40
1.0
 40
1.0
 40
1.0
 10
-7.38735
 20
-5.52976
 30
0.0
 10
-7.38735
 20
-5.52976
 30
0.0
 10
-7.38735
 20
-5.5333
 30
0.0
 10
-7.38735
 20
-5.5333
 30
0.0
  0
SPLINE
  5
151
330
1F
100
AcDbEntity
  8
Camada 1
 62
   251
370
     9
100
AcDbSpline
210
0.0
220
0.0
230
1.0
 70
    24
 71
     3
 72
     8
 73
     4
 74
     0
 42
0.0000000001
 43
0.0000000001
 40
0.0
 40
0.0
 40
0.0
 40
0.0
 40
1.0
 40
1.0
 40
1.0
 40
1.0
 10
-7.41206
 20
-5.5333
 30
0.0
 10
-7.41206
 20
-5.5333
 30
0.0
 10
-7.38735
 20
-5.5333
 30
0.0
 10
-7.38735
 20
-5.5333
 30
0.0
  0
SPLINE
  5
152
330
1F
100
AcDbEntity
  8
Camada 1
 62
   251
370
     9
100
AcDbSpline
210
0.0
220
0.0
230
1.0
 70
    24
 71
     3
 72
     8
 73
     4
 74
     0
 42
0.0000000001
 43
0.0000000001
 40
0.0
 40
0.0
 40
0.0
 40
0.0
 40
1.0
 40
1.0
 40
1.0
 40
1.0
 10
-6.2051
 20
-5.36037
 30
0.0
 10
-6.2051
 20
-5.36037
 30
0.0
 10
-6.20157
 20
-5.36037
 30
0.0
 10
-6.20157
 20
-5.36037
 30
0.0
  0
SPLINE
  5
153
330
1F
100
AcDbEntity
  8
Camada 1
 62
   251
370
     9
100
AcDbSpline
210
0.0
220
0.0
230
1.0
 70
    24
 71
     3
 72
     8
 73
     4
 74
     0
 42
0.0000000001
 43
0.0000000001
 40
0.0
 40
0.0
 40
0.0
 40
0.0
 40
1.0
 40
1.0
 40
1.0
 40
1.0
 10
-6.27921
 20
-5.29331
 30
0.0
 10
-6.27921
 20
-5.29331
 30
0.0
 10
-6.27921
 20
-5.28978
 30
0.0
 10
-6.27921
 20
-5.28978
 30
0.0
  0
SPLINE
  5
154
330
1F
100
AcDbEntity
  8
Camada 1
 62
   251
370
     9
100
AcDbSpline
210
0.0
220
0.0
230
1.0
 70
     8
 71
     3
 72
    20
 73
    16
 74
     0
 42
0.0000000001
 43
0.0000000001
 40
0.0
 40
0.0
 40
0.0
 40
0.0
 40
0.2
 40
0.2
 40
0.2
 40
0.4
 40
0.4
 40
0.4
 40
0.6000000000000001
 40
0.6000000000000001
 40
0.6000000000000001
 40
0.8
 40
0.8
 40
0.8
 40
1.0
 40
1.0
 40
1.0
 40
1.0
 10
-6.20157
 20
-5.36037
 30
0.0
 10
-6.20157
 20
-5.36037
 30
0.0
 10
-6.2051
 20
-5.33566
 30
0.0
 10
-6.2051
 20
-5.33566
 30
0.0
 10
-6.2051
 20
-5.33566
 30
0.0
 10
-6.21568
 20
-5.31449
 30
0.0
 10
-6.21568
 20
-5.31449
 30
0.0
 10
-6.21568
 20
-5.31449
 30
0.0
 10
-6.23333
 20
-5.30038
 30
0.0
 10
-6.23333
 20
-5.30038
 30
0.0
 10
-6.23333
 20
-5.30038
 30
0.0
 10
-6.2545
 20
-5.29331
 30
0.0
 10
-6.2545
 20
-5.29331
 30
0.0
 10
-6.2545
 20
-5.29331
 30
0.0
 10
-6.27921
 20
-5.28978
 30
0.0
 10
-6.27921
 20
-5.28978
 30
0.0
  0
SPLINE
  5
155
330
1F
100
AcDbEntity
  8
Camada 1
 62
   251
370
     9
100
AcDbSpline
210
0.0
220
0.0
230
1.0
 70
    24
 71
     3
 72
     8
 73
     4
 74
     0
 42
0.0000000001
 43
0.0000000001
 40
0.0
 40
0.0
 40
0.0
 40
0.0
 40
1.0
 40
1.0
 40
1.0
 40
1.0
 10
-7.69792
 20
-5.45212
 30
0.0
 10
-7.69792
 20
-5.45212
 30
0.0
 10
-7.70144
 20
-5.45212
 30
0.0
 10
-7.70144
 20
-5.45212
 30
0.0
  0
SPLINE
  5
156
330
1F
100
AcDbEntity
  8
Camada 1
 62
   251
370
     9
100
AcDbSpline
210
0.0
220
0.0
230
1.0
 70
    24
 71
     3
 72
     8
 73
     4
 74
     0
 42
0.0000000001
 43
0.0000000001
 40
0.0
 40
0.0
 40
0.0
 40
0.0
 40
1.0
 40
1.0
 40
1.0
 40
1.0
 10
-7.69792
 20
-5.45212
 30
0.0
 10
-7.69792
 20
-5.45212
 30
0.0
 10
-7.69792
 20
-5.46977
 30
0.0
 10
-7.69792
 20
-5.46977
 30
0.0
  0
SPLINE
  5
157
330
1F
100
AcDbEntity
  8
Camada 1
 62
   251
370
     9
100
AcDbSpline
210
0.0
220
0.0
230
1.0
 70
    24
 71
     3
 72
     8
 73
     4
 74
     0
 42
0.0000000001
 43
0.0000000001
 40
0.0
 40
0.0
 40
0.0
 40
0.0
 40
1.0
 40
1.0
 40
1.0
 40
1.0
 10
-7.70144
 20
-5.45212
 30
0.0
 10
-7.70144
 20
-5.45212
 30
0.0
 10
-7.70144
 20
-5.46977
 30
0.0
 10
-7.70144
 20
-5.46977
 30
0.0
  0
SPLINE
  5
158
330
1F
100
AcDbEntity
  8
Camada 1
 62
   251
370
     9
100
AcDbSpline
210
0.0
220
0.0
230
1.0
 70
    24
 71
     3
 72
     8
 73
     4
 74
     0
 42
0.0000000001
 43
0.0000000001
 40
0.0
 40
0.0
 40
0.0
 40
0.0
 40
1.0
 40
1.0
 40
1.0
 40
1.0
 10
-6.72035
 20
-5.39918
 30
0.0
 10
-6.72035
 20
-5.39918
 30
0.0
 10
-6.72388
 20
-5.40272
 30
0.0
 10
-6.72388
 20
-5.40272
 30
0.0
  0
SPLINE
  5
159
330
1F
100
AcDbEntity
  8
Camada 1
 62
   251
370
     9
100
AcDbSpline
210
0.0
220
0.0
230
1.0
 70
    24
 71
     3
 72
     8
 73
     4
 74
     0
 42
0.0000000001
 43
0.0000000001
 40
0.0
 40
0.0
 40
0.0
 40
0.0
 40
1.0
 40
1.0
 40
1.0
 40
1.0
 10
-6.72388
 20
-5.40272
 30
0.0
 10
-6.72388
 20
-5.40272
 30
0.0
 10
-6.76976
 20
-5.40272
 30
0.0
 10
-6.76976
 20
-5.40272
 30
0.0
  0
SPLINE
  5
15A
330
1F
100
AcDbEntity
  8
Camada 1
 62
   251
370
     9
100
AcDbSpline
210
0.0
220
0.0
230
1.0
 70
     8
 71
     3
 72
    20
 73
    16
 74
     0
 42
0.0000000001
 43
0.0000000001
 40
0.0
 40
0.0
 40
0.0
 40
0.0
 40
0.2
 40
0.2
 40
0.2
 40
0.4
 40
0.4
 40
0.4
 40
0.6000000000000001
 40
0.6000000000000001
 40
0.6000000000000001
 40
0.8
 40
0.8
 40
0.8
 40
1.0
 40
1.0
 40
1.0
 40
1.0
 10
-7.56028
 20
-5.46977
 30
0.0
 10
-7.56028
 20
-5.46977
 30
0.0
 10
-7.56381
 20
-5.48389
 30
0.0
 10
-7.56381
 20
-5.48389
 30
0.0
 10
-7.56381
 20
-5.48389
 30
0.0
 10
-7.5744
 20
-5.498
 30
0.0
 10
-7.5744
 20
-5.498
 30
0.0
 10
-7.5744
 20
-5.498
 30
0.0
 10
-7.58499
 20
-5.51212
 30
0.0
 10
-7.58499
 20
-5.51212
 30
0.0
 10
-7.58499
 20
-5.51212
 30
0.0
 10
-7.60264
 20
-5.51565
 30
0.0
 10
-7.60264
 20
-5.51565
 30
0.0
 10
-7.60264
 20
-5.51565
 30
0.0
 10
-7.60969
 20
-5.51565
 30
0.0
 10
-7.60969
 20
-5.51565
 30
0.0
  0
SPLINE
  5
15B
330
1F
100
AcDbEntity
  8
Camada 1
 62
   251
370
     9
100
AcDbSpline
210
0.0
220
0.0
230
1.0
 70
    24
 71
     3
 72
     8
 73
     4
 74
     0
 42
0.0000000001
 43
0.0000000001
 40
0.0
 40
0.0
 40
0.0
 40
0.0
 40
1.0
 40
1.0
 40
1.0
 40
1.0
 10
-7.60969
 20
-5.51565
 30
0.0
 10
-7.60969
 20
-5.51565
 30
0.0
 10
-7.60969
 20
-5.51212
 30
0.0
 10
-7.60969
 20
-5.51212
 30
0.0
  0
SPLINE
  5
15C
330
1F
100
AcDbEntity
  8
Camada 1
 62
   251
370
     9
100
AcDbSpline
210
0.0
220
0.0
230
1.0
 70
     8
 71
     3
 72
    20
 73
    16
 74
     0
 42
0.0000000001
 43
0.0000000001
 40
0.0
 40
0.0
 40
0.0
 40
0.0
 40
0.2
 40
0.2
 40
0.2
 40
0.4
 40
0.4
 40
0.4
 40
0.6000000000000001
 40
0.6000000000000001
 40
0.6000000000000001
 40
0.8
 40
0.8
 40
0.8
 40
1.0
 40
1.0
 40
1.0
 40
1.0
 10
-7.56381
 20
-5.46977
 30
0.0
 10
-7.56381
 20
-5.46977
 30
0.0
 10
-7.56734
 20
-5.48389
 30
0.0
 10
-7.56734
 20
-5.48389
 30
0.0
 10
-7.56734
 20
-5.48389
 30
0.0
 10
-7.5744
 20
-5.498
 30
0.0
 10
-7.5744
 20
-5.498
 30
0.0
 10
-7.5744
 20
-5.498
 30
0.0
 10
-7.58851
 20
-5.50859
 30
0.0
 10
-7.58851
 20
-5.50859
 30
0.0
 10
-7.58851
 20
-5.50859
 30
0.0
 10
-7.60264
 20
-5.51212
 30
0.0
 10
-7.60264
 20
-5.51212
 30
0.0
 10
-7.60264
 20
-5.51212
 30
0.0
 10
-7.60969
 20
-5.51212
 30
0.0
 10
-7.60969
 20
-5.51212
 30
0.0
  0
SPLINE
  5
15D
330
1F
100
AcDbEntity
  8
Camada 1
 62
   251
370
     9
100
AcDbSpline
210
0.0
220
0.0
230
1.0
 70
    24
 71
     3
 72
     8
 73
     4
 74
     0
 42
0.0000000001
 43
0.0000000001
 40
0.0
 40
0.0
 40
0.0
 40
0.0
 40
1.0
 40
1.0
 40
1.0
 40
1.0
 10
-7.41206
 20
-5.29331
 30
0.0
 10
-7.41206
 20
-5.29331
 30
0.0
 10
-7.41206
 20
-5.28978
 30
0.0
 10
-7.41206
 20
-5.28978
 30
0.0
  0
SPLINE
  5
15E
330
1F
100
AcDbEntity
  8
Camada 1
 62
   251
370
     9
100
AcDbSpline
210
0.0
220
0.0
230
1.0
 70
     8
 71
     3
 72
    20
 73
    16
 74
     0
 42
0.0000000001
 43
0.0000000001
 40
0.0
 40
0.0
 40
0.0
 40
0.0
 40
0.2
 40
0.2
 40
0.2
 40
0.4
 40
0.4
 40
0.4
 40
0.6000000000000001
 40
0.6000000000000001
 40
0.6000000000000001
 40
0.8
 40
0.8
 40
0.8
 40
1.0
 40
1.0
 40
1.0
 40
1.0
 10
-7.41206
 20
-5.28978
 30
0.0
 10
-7.41206
 20
-5.28978
 30
0.0
 10
-7.44383
 20
-5.29331
 30
0.0
 10
-7.44383
 20
-5.29331
 30
0.0
 10
-7.44383
 20
-5.29331
 30
0.0
 10
-7.46499
 20
-5.30743
 30
0.0
 10
-7.46499
 20
-5.30743
 30
0.0
 10
-7.46499
 20
-5.30743
 30
0.0
 10
-7.48264
 20
-5.32861
 30
0.0
 10
-7.48264
 20
-5.32861
 30
0.0
 10
-7.48264
 20
-5.32861
 30
0.0
 10
-7.4897
 20
-5.34977
 30
0.0
 10
-7.4897
 20
-5.34977
 30
0.0
 10
-7.4897
 20
-5.34977
 30
0.0
 10
-7.49322
 20
-5.36037
 30
0.0
 10
-7.49322
 20
-5.36037
 30
0.0
  0
SPLINE
  5
15F
330
1F
100
AcDbEntity
  8
Camada 1
 62
   251
370
     9
100
AcDbSpline
210
0.0
220
0.0
230
1.0
 70
    24
 71
     3
 72
     8
 73
     4
 74
     0
 42
0.0000000001
 43
0.0000000001
 40
0.0
 40
0.0
 40
0.0
 40
0.0
 40
1.0
 40
1.0
 40
1.0
 40
1.0
 10
-6.75917
 20
-5.52976
 30
0.0
 10
-6.75917
 20
-5.52976
 30
0.0
 10
-6.75917
 20
-5.5333
 30
0.0
 10
-6.75917
 20
-5.5333
 30
0.0
  0
SPLINE
  5
160
330
1F
100
AcDbEntity
  8
Camada 1
 62
   251
370
     9
100
AcDbSpline
210
0.0
220
0.0
230
1.0
 70
    24
 71
     3
 72
     8
 73
     4
 74
     0
 42
0.0000000001
 43
0.0000000001
 40
0.0
 40
0.0
 40
0.0
 40
0.0
 40
1.0
 40
1.0
 40
1.0
 40
1.0
 10
-6.72035
 20
-5.52271
 30
0.0
 10
-6.72035
 20
-5.52271
 30
0.0
 10
-6.72388
 20
-5.52623
 30
0.0
 10
-6.72388
 20
-5.52623
 30
0.0
  0
SPLINE
  5
161
330
1F
100
AcDbEntity
  8
Camada 1
 62
   251
370
     9
100
AcDbSpline
210
0.0
220
0.0
230
1.0
 70
     8
 71
     3
 72
    14
 73
    10
 74
     0
 42
0.0000000001
 43
0.0000000001
 40
0.0
 40
0.0
 40
0.0
 40
0.0
 40
0.3333333333333333
 40
0.3333333333333333
 40
0.3333333333333333
 40
0.6666666666666666
 40
0.6666666666666666
 40
0.6666666666666666
 40
1.0
 40
1.0
 40
1.0
 40
1.0
 10
-6.75917
 20
-5.5333
 30
0.0
 10
-6.75917
 20
-5.5333
 30
0.0
 10
-6.74506
 20
-5.5333
 30
0.0
 10
-6.74506
 20
-5.5333
 30
0.0
 10
-6.74506
 20
-5.5333
 30
0.0
 10
-6.73446
 20
-5.52976
 30
0.0
 10
-6.73446
 20
-5.52976
 30
0.0
 10
-6.73446
 20
-5.52976
 30
0.0
 10
-6.72388
 20
-5.52623
 30
0.0
 10
-6.72388
 20
-5.52623
 30
0.0
  0
SPLINE
  5
162
330
1F
100
AcDbEntity
  8
Camada 1
 62
   251
370
     9
100
AcDbSpline
210
0.0
220
0.0
230
1.0
 70
    24
 71
     3
 72
     8
 73
     4
 74
     0
 42
0.0000000001
 43
0.0000000001
 40
0.0
 40
0.0
 40
0.0
 40
0.0
 40
1.0
 40
1.0
 40
1.0
 40
1.0
 10
-6.72388
 20
-5.52623
 30
0.0
 10
-6.72388
 20
-5.52623
 30
0.0
 10
-6.72388
 20
-5.5333
 30
0.0
 10
-6.72388
 20
-5.5333
 30
0.0
  0
SPLINE
  5
163
330
1F
100
AcDbEntity
  8
Camada 1
 62
   251
370
     9
100
AcDbSpline
210
0.0
220
0.0
230
1.0
 70
    24
 71
     3
 72
     8
 73
     4
 74
     0
 42
0.0000000001
 43
0.0000000001
 40
0.0
 40
0.0
 40
0.0
 40
0.0
 40
1.0
 40
1.0
 40
1.0
 40
1.0
 10
-7.23913
 20
-5.35331
 30
0.0
 10
-7.23913
 20
-5.35331
 30
0.0
 10
-7.23561
 20
-5.35331
 30
0.0
 10
-7.23561
 20
-5.35331
 30
0.0
  0
SPLINE
  5
164
330
1F
100
AcDbEntity
  8
Camada 1
 62
   251
370
     9
100
AcDbSpline
210
0.0
220
0.0
230
1.0
 70
    24
 71
     3
 72
     8
 73
     4
 74
     0
 42
0.0000000001
 43
0.0000000001
 40
0.0
 40
0.0
 40
0.0
 40
0.0
 40
1.0
 40
1.0
 40
1.0
 40
1.0
 10
-7.18973
 20
-5.3039
 30
0.0
 10
-7.18973
 20
-5.3039
 30
0.0
 10
-7.18973
 20
-5.30743
 30
0.0
 10
-7.18973
 20
-5.30743
 30
0.0
  0
SPLINE
  5
165
330
1F
100
AcDbEntity
  8
Camada 1
 62
   251
370
     9
100
AcDbSpline
210
0.0
220
0.0
230
1.0
 70
     8
 71
     3
 72
    20
 73
    16
 74
     0
 42
0.0000000001
 43
0.0000000001
 40
0.0
 40
0.0
 40
0.0
 40
0.0
 40
0.2
 40
0.2
 40
0.2
 40
0.4
 40
0.4
 40
0.4
 40
0.6000000000000001
 40
0.6000000000000001
 40
0.6000000000000001
 40
0.8
 40
0.8
 40
0.8
 40
1.0
 40
1.0
 40
1.0
 40
1.0
 10
-7.18973
 20
-5.30743
 30
0.0
 10
-7.18973
 20
-5.30743
 30
0.0
 10
-7.20737
 20
-5.31096
 30
0.0
 10
-7.20737
 20
-5.31096
 30
0.0
 10
-7.20737
 20
-5.31096
 30
0.0
 10
-7.21796
 20
-5.31802
 30
0.0
 10
-7.21796
 20
-5.31802
 30
0.0
 10
-7.21796
 20
-5.31802
 30
0.0
 10
-7.22854
 20
-5.32861
 30
0.0
 10
-7.22854
 20
-5.32861
 30
0.0
 10
-7.22854
 20
-5.32861
 30
0.0
 10
-7.23561
 20
-5.34625
 30
0.0
 10
-7.23561
 20
-5.34625
 30
0.0
 10
-7.23561
 20
-5.34625
 30
0.0
 10
-7.23561
 20
-5.35331
 30
0.0
 10
-7.23561
 20
-5.35331
 30
0.0
  0
SPLINE
  5
166
330
1F
100
AcDbEntity
  8
Camada 1
 62
   251
370
     9
100
AcDbSpline
210
0.0
220
0.0
230
1.0
 70
    24
 71
     3
 72
     8
 73
     4
 74
     0
 42
0.0000000001
 43
0.0000000001
 40
0.0
 40
0.0
 40
0.0
 40
0.0
 40
1.0
 40
1.0
 40
1.0
 40
1.0
 10
-6.72388
 20
-5.46977
 30
0.0
 10
-6.72388
 20
-5.46977
 30
0.0
 10
-6.72388
 20
-5.40272
 30
0.0
 10
-6.72388
 20
-5.40272
 30
0.0
  0
SPLINE
  5
167
330
1F
100
AcDbEntity
  8
Camada 1
 62
   251
370
     9
100
AcDbSpline
210
0.0
220
0.0
230
1.0
 70
    24
 71
     3
 72
     8
 73
     4
 74
     0
 42
0.0000000001
 43
0.0000000001
 40
0.0
 40
0.0
 40
0.0
 40
0.0
 40
1.0
 40
1.0
 40
1.0
 40
1.0
 10
-7.68733
 20
-5.26508
 30
0.0
 10
-7.68733
 20
-5.26508
 30
0.0
 10
-7.69086
 20
-5.26508
 30
0.0
 10
-7.69086
 20
-5.26508
 30
0.0
  0
SPLINE
  5
168
330
1F
100
AcDbEntity
  8
Camada 1
 62
   251
370
     9
100
AcDbSpline
210
0.0
220
0.0
230
1.0
 70
     8
 71
     3
 72
    20
 73
    16
 74
     0
 42
0.0000000001
 43
0.0000000001
 40
0.0
 40
0.0
 40
0.0
 40
0.0
 40
0.2
 40
0.2
 40
0.2
 40
0.4
 40
0.4
 40
0.4
 40
0.6000000000000001
 40
0.6000000000000001
 40
0.6000000000000001
 40
0.8
 40
0.8
 40
0.8
 40
1.0
 40
1.0
 40
1.0
 40
1.0
 10
-7.68733
 20
-5.26508
 30
0.0
 10
-7.68733
 20
-5.26508
 30
0.0
 10
-7.69792
 20
-5.28626
 30
0.0
 10
-7.69792
 20
-5.28626
 30
0.0
 10
-7.69792
 20
-5.28626
 30
0.0
 10
-7.69792
 20
-5.3039
 30
0.0
 10
-7.69792
 20
-5.3039
 30
0.0
 10
-7.69792
 20
-5.3039
 30
0.0
 10
-7.69086
 20
-5.31802
 30
0.0
 10
-7.69086
 20
-5.31802
 30
0.0
 10
-7.69086
 20
-5.31802
 30
0.0
 10
-7.67675
 20
-5.34272
 30
0.0
 10
-7.67675
 20
-5.34272
 30
0.0
 10
-7.67675
 20
-5.34272
 30
0.0
 10
-7.63087
 20
-5.38154
 30
0.0
 10
-7.63087
 20
-5.38154
 30
0.0
  0
SPLINE
  5
169
330
1F
100
AcDbEntity
  8
Camada 1
 62
   251
370
     9
100
AcDbSpline
210
0.0
220
0.0
230
1.0
 70
     8
 71
     3
 72
    20
 73
    16
 74
     0
 42
0.0000000001
 43
0.0000000001
 40
0.0
 40
0.0
 40
0.0
 40
0.0
 40
0.2
 40
0.2
 40
0.2
 40
0.4
 40
0.4
 40
0.4
 40
0.6000000000000001
 40
0.6000000000000001
 40
0.6000000000000001
 40
0.8
 40
0.8
 40
0.8
 40
1.0
 40
1.0
 40
1.0
 40
1.0
 10
-7.69086
 20
-5.26508
 30
0.0
 10
-7.69086
 20
-5.26508
 30
0.0
 10
-7.69792
 20
-5.28626
 30
0.0
 10
-7.69792
 20
-5.28626
 30
0.0
 10
-7.69792
 20
-5.28626
 30
0.0
 10
-7.70144
 20
-5.3039
 30
0.0
 10
-7.70144
 20
-5.3039
 30
0.0
 10
-7.70144
 20
-5.3039
 30
0.0
 10
-7.69439
 20
-5.31802
 30
0.0
 10
-7.69439
 20
-5.31802
 30
0.0
 10
-7.69439
 20
-5.31802
 30
0.0
 10
-7.67675
 20
-5.34625
 30
0.0
 10
-7.67675
 20
-5.34625
 30
0.0
 10
-7.67675
 20
-5.34625
 30
0.0
 10
-7.63087
 20
-5.38507
 30
0.0
 10
-7.63087
 20
-5.38507
 30
0.0
  0
SPLINE
  5
16A
330
1F
100
AcDbEntity
  8
Camada 1
 62
   251
370
     9
100
AcDbSpline
210
0.0
220
0.0
230
1.0
 70
    24
 71
     3
 72
     8
 73
     4
 74
     0
 42
0.0000000001
 43
0.0000000001
 40
0.0
 40
0.0
 40
0.0
 40
0.0
 40
1.0
 40
1.0
 40
1.0
 40
1.0
 10
-6.2051
 20
-5.46271
 30
0.0
 10
-6.2051
 20
-5.46271
 30
0.0
 10
-6.20157
 20
-5.46271
 30
0.0
 10
-6.20157
 20
-5.46271
 30
0.0
  0
SPLINE
  5
16B
330
1F
100
AcDbEntity
  8
Camada 1
 62
   251
370
     9
100
AcDbSpline
210
0.0
220
0.0
230
1.0
 70
    24
 71
     3
 72
     8
 73
     4
 74
     0
 42
0.0000000001
 43
0.0000000001
 40
0.0
 40
0.0
 40
0.0
 40
0.0
 40
1.0
 40
1.0
 40
1.0
 40
1.0
 10
-6.20157
 20
-5.46271
 30
0.0
 10
-6.20157
 20
-5.46271
 30
0.0
 10
-6.20157
 20
-5.36037
 30
0.0
 10
-6.20157
 20
-5.36037
 30
0.0
  0
SPLINE
  5
16C
330
1F
100
AcDbEntity
  8
Camada 1
 62
   251
370
     9
100
AcDbSpline
210
0.0
220
0.0
230
1.0
 70
    24
 71
     3
 72
     8
 73
     4
 74
     0
 42
0.0000000001
 43
0.0000000001
 40
0.0
 40
0.0
 40
0.0
 40
0.0
 40
1.0
 40
1.0
 40
1.0
 40
1.0
 10
-7.20384
 20
-5.52976
 30
0.0
 10
-7.20384
 20
-5.52976
 30
0.0
 10
-7.20384
 20
-5.5333
 30
0.0
 10
-7.20384
 20
-5.5333
 30
0.0
  0
SPLINE
  5
16D
330
1F
100
AcDbEntity
  8
Camada 1
 62
   251
370
     9
100
AcDbSpline
210
0.0
220
0.0
230
1.0
 70
    24
 71
     3
 72
     8
 73
     4
 74
     0
 42
0.0000000001
 43
0.0000000001
 40
0.0
 40
0.0
 40
0.0
 40
0.0
 40
1.0
 40
1.0
 40
1.0
 40
1.0
 10
-7.20384
 20
-5.5333
 30
0.0
 10
-7.20384
 20
-5.5333
 30
0.0
 10
-7.17913
 20
-5.5333
 30
0.0
 10
-7.17913
 20
-5.5333
 30
0.0
  0
SPLINE
  5
16E
330
1F
100
AcDbEntity
  8
Camada 1
 62
   251
370
     9
100
AcDbSpline
210
0.0
220
0.0
230
1.0
 70
     8
 71
     3
 72
    20
 73
    16
 74
     0
 42
0.0000000001
 43
0.0000000001
 40
0.0
 40
0.0
 40
0.0
 40
0.0
 40
0.2
 40
0.2
 40
0.2
 40
0.4
 40
0.4
 40
0.4
 40
0.6000000000000001
 40
0.6000000000000001
 40
0.6000000000000001
 40
0.8
 40
0.8
 40
0.8
 40
1.0
 40
1.0
 40
1.0
 40
1.0
 10
-7.28148
 20
-5.46271
 30
0.0
 10
-7.28148
 20
-5.46271
 30
0.0
 10
-7.27795
 20
-5.48742
 30
0.0
 10
-7.27795
 20
-5.48742
 30
0.0
 10
-7.27795
 20
-5.48742
 30
0.0
 10
-7.26737
 20
-5.50506
 30
0.0
 10
-7.26737
 20
-5.50506
 30
0.0
 10
-7.26737
 20
-5.50506
 30
0.0
 10
-7.24972
 20
-5.51918
 30
0.0
 10
-7.24972
 20
-5.51918
 30
0.0
 10
-7.24972
 20
-5.51918
 30
0.0
 10
-7.22854
 20
-5.52976
 30
0.0
 10
-7.22854
 20
-5.52976
 30
0.0
 10
-7.22854
 20
-5.52976
 30
0.0
 10
-7.20384
 20
-5.5333
 30
0.0
 10
-7.20384
 20
-5.5333
 30
0.0
  0
SPLINE
  5
16F
330
1F
100
AcDbEntity
  8
Camada 1
 62
   251
370
     9
100
AcDbSpline
210
0.0
220
0.0
230
1.0
 70
    24
 71
     3
 72
     8
 73
     4
 74
     0
 42
0.0000000001
 43
0.0000000001
 40
0.0
 40
0.0
 40
0.0
 40
0.0
 40
1.0
 40
1.0
 40
1.0
 40
1.0
 10
-7.20384
 20
-5.29331
 30
0.0
 10
-7.20384
 20
-5.29331
 30
0.0
 10
-7.20384
 20
-5.28978
 30
0.0
 10
-7.20384
 20
-5.28978
 30
0.0
  0
SPLINE
  5
170
330
1F
100
AcDbEntity
  8
Camada 1
 62
   251
370
     9
100
AcDbSpline
210
0.0
220
0.0
230
1.0
 70
    24
 71
     3
 72
     8
 73
     4
 74
     0
 42
0.0000000001
 43
0.0000000001
 40
0.0
 40
0.0
 40
0.0
 40
0.0
 40
1.0
 40
1.0
 40
1.0
 40
1.0
 10
-7.17913
 20
-5.28978
 30
0.0
 10
-7.17913
 20
-5.28978
 30
0.0
 10
-7.20384
 20
-5.28978
 30
0.0
 10
-7.20384
 20
-5.28978
 30
0.0
  0
SPLINE
  5
171
330
1F
100
AcDbEntity
  8
Camada 1
 62
   251
370
     9
100
AcDbSpline
210
0.0
220
0.0
230
1.0
 70
    24
 71
     3
 72
     8
 73
     4
 74
     0
 42
0.0000000001
 43
0.0000000001
 40
0.0
 40
0.0
 40
0.0
 40
0.0
 40
1.0
 40
1.0
 40
1.0
 40
1.0
 10
-6.85798
 20
-5.44859
 30
0.0
 10
-6.85798
 20
-5.44859
 30
0.0
 10
-6.86151
 20
-5.44859
 30
0.0
 10
-6.86151
 20
-5.44859
 30
0.0
  0
SPLINE
  5
172
330
1F
100
AcDbEntity
  8
Camada 1
 62
   251
370
     9
100
AcDbSpline
210
0.0
220
0.0
230
1.0
 70
    24
 71
     3
 72
     8
 73
     4
 74
     0
 42
0.0000000001
 43
0.0000000001
 40
0.0
 40
0.0
 40
0.0
 40
0.0
 40
1.0
 40
1.0
 40
1.0
 40
1.0
 10
-6.85798
 20
-5.46271
 30
0.0
 10
-6.85798
 20
-5.46271
 30
0.0
 10
-6.86151
 20
-5.46271
 30
0.0
 10
-6.86151
 20
-5.46271
 30
0.0
  0
SPLINE
  5
173
330
1F
100
AcDbEntity
  8
Camada 1
 62
   251
370
     9
100
AcDbSpline
210
0.0
220
0.0
230
1.0
 70
    24
 71
     3
 72
     8
 73
     4
 74
     0
 42
0.0000000001
 43
0.0000000001
 40
0.0
 40
0.0
 40
0.0
 40
0.0
 40
1.0
 40
1.0
 40
1.0
 40
1.0
 10
-6.86151
 20
-5.44859
 30
0.0
 10
-6.86151
 20
-5.44859
 30
0.0
 10
-6.86151
 20
-5.46271
 30
0.0
 10
-6.86151
 20
-5.46271
 30
0.0
  0
SPLINE
  5
174
330
1F
100
AcDbEntity
  8
Camada 1
 62
   251
370
     9
100
AcDbSpline
210
0.0
220
0.0
230
1.0
 70
     8
 71
     3
 72
    20
 73
    16
 74
     0
 42
0.0000000001
 43
0.0000000001
 40
0.0
 40
0.0
 40
0.0
 40
0.0
 40
0.2
 40
0.2
 40
0.2
 40
0.4
 40
0.4
 40
0.4
 40
0.6000000000000001
 40
0.6000000000000001
 40
0.6000000000000001
 40
0.8
 40
0.8
 40
0.8
 40
1.0
 40
1.0
 40
1.0
 40
1.0
 10
-7.20384
 20
-5.28978
 30
0.0
 10
-7.20384
 20
-5.28978
 30
0.0
 10
-7.22854
 20
-5.29331
 30
0.0
 10
-7.22854
 20
-5.29331
 30
0.0
 10
-7.22854
 20
-5.29331
 30
0.0
 10
-7.25325
 20
-5.3039
 30
0.0
 10
-7.25325
 20
-5.3039
 30
0.0
 10
-7.25325
 20
-5.3039
 30
0.0
 10
-7.27089
 20
-5.32508
 30
0.0
 10
-7.27089
 20
-5.32508
 30
0.0
 10
-7.27089
 20
-5.32508
 30
0.0
 10
-7.28148
 20
-5.34625
 30
0.0
 10
-7.28148
 20
-5.34625
 30
0.0
 10
-7.28148
 20
-5.34625
 30
0.0
 10
-7.28148
 20
-5.36037
 30
0.0
 10
-7.28148
 20
-5.36037
 30
0.0
  0
SPLINE
  5
175
330
1F
100
AcDbEntity
  8
Camada 1
 62
   251
370
     9
100
AcDbSpline
210
0.0
220
0.0
230
1.0
 70
    24
 71
     3
 72
     8
 73
     4
 74
     0
 42
0.0000000001
 43
0.0000000001
 40
0.0
 40
0.0
 40
0.0
 40
0.0
 40
1.0
 40
1.0
 40
1.0
 40
1.0
 10
-7.60969
 20
-5.2439
 30
0.0
 10
-7.60969
 20
-5.2439
 30
0.0
 10
-7.60969
 20
-5.24744
 30
0.0
 10
-7.60969
 20
-5.24744
 30
0.0
  0
SPLINE
  5
176
330
1F
100
AcDbEntity
  8
Camada 1
 62
   251
370
     9
100
AcDbSpline
210
0.0
220
0.0
230
1.0
 70
     8
 71
     3
 72
    20
 73
    16
 74
     0
 42
0.0000000001
 43
0.0000000001
 40
0.0
 40
0.0
 40
0.0
 40
0.0
 40
0.2
 40
0.2
 40
0.2
 40
0.4
 40
0.4
 40
0.4
 40
0.6000000000000001
 40
0.6000000000000001
 40
0.6000000000000001
 40
0.8
 40
0.8
 40
0.8
 40
1.0
 40
1.0
 40
1.0
 40
1.0
 10
-7.60969
 20
-5.2439
 30
0.0
 10
-7.60969
 20
-5.2439
 30
0.0
 10
-7.59557
 20
-5.24744
 30
0.0
 10
-7.59557
 20
-5.24744
 30
0.0
 10
-7.59557
 20
-5.24744
 30
0.0
 10
-7.58146
 20
-5.25449
 30
0.0
 10
-7.58146
 20
-5.25449
 30
0.0
 10
-7.58146
 20
-5.25449
 30
0.0
 10
-7.56734
 20
-5.26861
 30
0.0
 10
-7.56734
 20
-5.26861
 30
0.0
 10
-7.56734
 20
-5.26861
 30
0.0
 10
-7.56381
 20
-5.28273
 30
0.0
 10
-7.56381
 20
-5.28273
 30
0.0
 10
-7.56381
 20
-5.28273
 30
0.0
 10
-7.56028
 20
-5.28978
 30
0.0
 10
-7.56028
 20
-5.28978
 30
0.0
  0
SPLINE
  5
177
330
1F
100
AcDbEntity
  8
Camada 1
 62
   251
370
     9
100
AcDbSpline
210
0.0
220
0.0
230
1.0
 70
     8
 71
     3
 72
    20
 73
    16
 74
     0
 42
0.0000000001
 43
0.0000000001
 40
0.0
 40
0.0
 40
0.0
 40
0.0
 40
0.2
 40
0.2
 40
0.2
 40
0.4
 40
0.4
 40
0.4
 40
0.6000000000000001
 40
0.6000000000000001
 40
0.6000000000000001
 40
0.8
 40
0.8
 40
0.8
 40
1.0
 40
1.0
 40
1.0
 40
1.0
 10
-7.60969
 20
-5.24744
 30
0.0
 10
-7.60969
 20
-5.24744
 30
0.0
 10
-7.59557
 20
-5.25097
 30
0.0
 10
-7.59557
 20
-5.25097
 30
0.0
 10
-7.59557
 20
-5.25097
 30
0.0
 10
-7.58146
 20
-5.25802
 30
0.0
 10
-7.58146
 20
-5.25802
 30
0.0
 10
-7.58146
 20
-5.25802
 30
0.0
 10
-7.57087
 20
-5.26861
 30
0.0
 10
-7.57087
 20
-5.26861
 30
0.0
 10
-7.57087
 20
-5.26861
 30
0.0
 10
-7.56734
 20
-5.28273
 30
0.0
 10
-7.56734
 20
-5.28273
 30
0.0
 10
-7.56734
 20
-5.28273
 30
0.0
 10
-7.56381
 20
-5.29331
 30
0.0
 10
-7.56381
 20
-5.29331
 30
0.0
  0
SPLINE
  5
178
330
1F
100
AcDbEntity
  8
Camada 1
 62
   251
370
     9
100
AcDbSpline
210
0.0
220
0.0
230
1.0
 70
    24
 71
     3
 72
     8
 73
     4
 74
     0
 42
0.0000000001
 43
0.0000000001
 40
0.0
 40
0.0
 40
0.0
 40
0.0
 40
1.0
 40
1.0
 40
1.0
 40
1.0
 10
-6.56154
 20
-5.3039
 30
0.0
 10
-6.56154
 20
-5.3039
 30
0.0
 10
-6.56154
 20
-5.30743
 30
0.0
 10
-6.56154
 20
-5.30743
 30
0.0
  0
SPLINE
  5
179
330
1F
100
AcDbEntity
  8
Camada 1
 62
   251
370
     9
100
AcDbSpline
210
0.0
220
0.0
230
1.0
 70
     8
 71
     3
 72
    14
 73
    10
 74
     0
 42
0.0000000001
 43
0.0000000001
 40
0.0
 40
0.0
 40
0.0
 40
0.0
 40
0.3333333333333333
 40
0.3333333333333333
 40
0.3333333333333333
 40
0.6666666666666666
 40
0.6666666666666666
 40
0.6666666666666666
 40
1.0
 40
1.0
 40
1.0
 40
1.0
 10
-6.56154
 20
-5.30743
 30
0.0
 10
-6.56154
 20
-5.30743
 30
0.0
 10
-6.54742
 20
-5.31096
 30
0.0
 10
-6.54742
 20
-5.31096
 30
0.0
 10
-6.54742
 20
-5.31096
 30
0.0
 10
-6.53331
 20
-5.31802
 30
0.0
 10
-6.53331
 20
-5.31802
 30
0.0
 10
-6.53331
 20
-5.31802
 30
0.0
 10
-6.52624
 20
-5.32508
 30
0.0
 10
-6.52624
 20
-5.32508
 30
0.0
  0
SPLINE
  5
17A
330
1F
100
AcDbEntity
  8
Camada 1
 62
   251
370
     9
100
AcDbSpline
210
0.0
220
0.0
230
1.0
 70
    24
 71
     3
 72
     8
 73
     4
 74
     0
 42
0.0000000001
 43
0.0000000001
 40
0.0
 40
0.0
 40
0.0
 40
0.0
 40
1.0
 40
1.0
 40
1.0
 40
1.0
 10
-7.6591
 20
-5.44154
 30
0.0
 10
-7.6591
 20
-5.44154
 30
0.0
 10
-7.69792
 20
-5.45212
 30
0.0
 10
-7.69792
 20
-5.45212
 30
0.0
  0
SPLINE
  5
17B
330
1F
100
AcDbEntity
  8
Camada 1
 62
   251
370
     9
100
AcDbSpline
210
0.0
220
0.0
230
1.0
 70
    24
 71
     3
 72
     8
 73
     4
 74
     0
 42
0.0000000001
 43
0.0000000001
 40
0.0
 40
0.0
 40
0.0
 40
0.0
 40
1.0
 40
1.0
 40
1.0
 40
1.0
 10
-7.65557
 20
-5.43801
 30
0.0
 10
-7.65557
 20
-5.43801
 30
0.0
 10
-7.70144
 20
-5.45212
 30
0.0
 10
-7.70144
 20
-5.45212
 30
0.0
  0
SPLINE
  5
17C
330
1F
100
AcDbEntity
  8
Camada 1
 62
   251
370
     9
100
AcDbSpline
210
0.0
220
0.0
230
1.0
 70
    24
 71
     3
 72
     8
 73
     4
 74
     0
 42
0.0000000001
 43
0.0000000001
 40
0.0
 40
0.0
 40
0.0
 40
0.0
 40
1.0
 40
1.0
 40
1.0
 40
1.0
 10
-7.31678
 20
-5.48389
 30
0.0
 10
-7.31678
 20
-5.48389
 30
0.0
 10
-7.31325
 20
-5.48035
 30
0.0
 10
-7.31325
 20
-5.48035
 30
0.0
  0
SPLINE
  5
17D
330
1F
100
AcDbEntity
  8
Camada 1
 62
   251
370
     9
100
AcDbSpline
210
0.0
220
0.0
230
1.0
 70
     8
 71
     3
 72
    11
 73
     7
 74
     0
 42
0.0000000001
 43
0.0000000001
 40
0.0
 40
0.0
 40
0.0
 40
0.0
 40
0.5
 40
0.5
 40
0.5
 40
1.0
 40
1.0
 40
1.0
 40
1.0
 10
-7.35206
 20
-5.4733
 30
0.0
 10
-7.35206
 20
-5.4733
 30
0.0
 10
-7.35206
 20
-5.46977
 30
0.0
 10
-7.35206
 20
-5.46977
 30
0.0
 10
-7.35206
 20
-5.46977
 30
0.0
 10
-7.35559
 20
-5.46977
 30
0.0
 10
-7.35559
 20
-5.46977
 30
0.0
  0
SPLINE
  5
17E
330
1F
100
AcDbEntity
  8
Camada 1
 62
   251
370
     9
100
AcDbSpline
210
0.0
220
0.0
230
1.0
 70
    24
 71
     3
 72
     8
 73
     4
 74
     0
 42
0.0000000001
 43
0.0000000001
 40
0.0
 40
0.0
 40
0.0
 40
0.0
 40
1.0
 40
1.0
 40
1.0
 40
1.0
 10
-7.31325
 20
-5.48035
 30
0.0
 10
-7.31325
 20
-5.48035
 30
0.0
 10
-7.35559
 20
-5.46977
 30
0.0
 10
-7.35559
 20
-5.46977
 30
0.0
  0
SPLINE
  5
17F
330
1F
100
AcDbEntity
  8
Camada 1
 62
   251
370
     9
100
AcDbSpline
210
0.0
220
0.0
230
1.0
 70
     8
 71
     3
 72
    20
 73
    16
 74
     0
 42
0.0000000001
 43
0.0000000001
 40
0.0
 40
0.0
 40
0.0
 40
0.0
 40
0.2
 40
0.2
 40
0.2
 40
0.4
 40
0.4
 40
0.4
 40
0.6000000000000001
 40
0.6000000000000001
 40
0.6000000000000001
 40
0.8
 40
0.8
 40
0.8
 40
1.0
 40
1.0
 40
1.0
 40
1.0
 10
-6.27921
 20
-5.5333
 30
0.0
 10
-6.27921
 20
-5.5333
 30
0.0
 10
-6.24745
 20
-5.52976
 30
0.0
 10
-6.24745
 20
-5.52976
 30
0.0
 10
-6.24745
 20
-5.52976
 30
0.0
 10
-6.22627
 20
-5.51565
 30
0.0
 10
-6.22627
 20
-5.51565
 30
0.0
 10
-6.22627
 20
-5.51565
 30
0.0
 10
-6.21215
 20
-5.498
 30
0.0
 10
-6.21215
 20
-5.498
 30
0.0
 10
-6.21215
 20
-5.498
 30
0.0
 10
-6.20157
 20
-5.47683
 30
0.0
 10
-6.20157
 20
-5.47683
 30
0.0
 10
-6.20157
 20
-5.47683
 30
0.0
 10
-6.20157
 20
-5.46271
 30
0.0
 10
-6.20157
 20
-5.46271
 30
0.0
  0
SPLINE
  5
180
330
1F
100
AcDbEntity
  8
Camada 1
 62
   251
370
     9
100
AcDbSpline
210
0.0
220
0.0
230
1.0
 70
     8
 71
     3
 72
    20
 73
    16
 74
     0
 42
0.0000000001
 43
0.0000000001
 40
0.0
 40
0.0
 40
0.0
 40
0.0
 40
0.2
 40
0.2
 40
0.2
 40
0.4
 40
0.4
 40
0.4
 40
0.6000000000000001
 40
0.6000000000000001
 40
0.6000000000000001
 40
0.8
 40
0.8
 40
0.8
 40
1.0
 40
1.0
 40
1.0
 40
1.0
 10
-7.60969
 20
-5.51565
 30
0.0
 10
-7.60969
 20
-5.51565
 30
0.0
 10
-7.62734
 20
-5.51565
 30
0.0
 10
-7.62734
 20
-5.51565
 30
0.0
 10
-7.62734
 20
-5.51565
 30
0.0
 10
-7.64145
 20
-5.50506
 30
0.0
 10
-7.64145
 20
-5.50506
 30
0.0
 10
-7.64145
 20
-5.50506
 30
0.0
 10
-7.65204
 20
-5.49447
 30
0.0
 10
-7.65204
 20
-5.49447
 30
0.0
 10
-7.65204
 20
-5.49447
 30
0.0
 10
-7.6591
 20
-5.48035
 30
0.0
 10
-7.6591
 20
-5.48035
 30
0.0
 10
-7.6591
 20
-5.48035
 30
0.0
 10
-7.6591
 20
-5.4733
 30
0.0
 10
-7.6591
 20
-5.4733
 30
0.0
  0
SPLINE
  5
181
330
1F
100
AcDbEntity
  8
Camada 1
 62
   251
370
     9
100
AcDbSpline
210
0.0
220
0.0
230
1.0
 70
     8
 71
     3
 72
    20
 73
    16
 74
     0
 42
0.0000000001
 43
0.0000000001
 40
0.0
 40
0.0
 40
0.0
 40
0.0
 40
0.2
 40
0.2
 40
0.2
 40
0.4
 40
0.4
 40
0.4
 40
0.6000000000000001
 40
0.6000000000000001
 40
0.6000000000000001
 40
0.8
 40
0.8
 40
0.8
 40
1.0
 40
1.0
 40
1.0
 40
1.0
 10
-7.60969
 20
-5.51212
 30
0.0
 10
-7.60969
 20
-5.51212
 30
0.0
 10
-7.62734
 20
-5.51212
 30
0.0
 10
-7.62734
 20
-5.51212
 30
0.0
 10
-7.62734
 20
-5.51212
 30
0.0
 10
-7.64145
 20
-5.50153
 30
0.0
 10
-7.64145
 20
-5.50153
 30
0.0
 10
-7.64145
 20
-5.50153
 30
0.0
 10
-7.64851
 20
-5.49447
 30
0.0
 10
-7.64851
 20
-5.49447
 30
0.0
 10
-7.64851
 20
-5.49447
 30
0.0
 10
-7.65557
 20
-5.48035
 30
0.0
 10
-7.65557
 20
-5.48035
 30
0.0
 10
-7.65557
 20
-5.48035
 30
0.0
 10
-7.65557
 20
-5.4733
 30
0.0
 10
-7.65557
 20
-5.4733
 30
0.0
  0
SPLINE
  5
182
330
1F
100
AcDbEntity
  8
Camada 1
 62
   251
370
     9
100
AcDbSpline
210
0.0
220
0.0
230
1.0
 70
    24
 71
     3
 72
     8
 73
     4
 74
     0
 42
0.0000000001
 43
0.0000000001
 40
0.0
 40
0.0
 40
0.0
 40
0.0
 40
1.0
 40
1.0
 40
1.0
 40
1.0
 10
-7.45088
 20
-5.35331
 30
0.0
 10
-7.45088
 20
-5.35331
 30
0.0
 10
-7.44735
 20
-5.35331
 30
0.0
 10
-7.44735
 20
-5.35331
 30
0.0
  0
SPLINE
  5
183
330
1F
100
AcDbEntity
  8
Camada 1
 62
   251
370
     9
100
AcDbSpline
210
0.0
220
0.0
230
1.0
 70
     8
 71
     3
 72
    20
 73
    16
 74
     0
 42
0.0000000001
 43
0.0000000001
 40
0.0
 40
0.0
 40
0.0
 40
0.0
 40
0.2
 40
0.2
 40
0.2
 40
0.4
 40
0.4
 40
0.4
 40
0.6000000000000001
 40
0.6000000000000001
 40
0.6000000000000001
 40
0.8
 40
0.8
 40
0.8
 40
1.0
 40
1.0
 40
1.0
 40
1.0
 10
-7.44735
 20
-5.35331
 30
0.0
 10
-7.44735
 20
-5.35331
 30
0.0
 10
-7.44383
 20
-5.33919
 30
0.0
 10
-7.44383
 20
-5.33919
 30
0.0
 10
-7.44383
 20
-5.33919
 30
0.0
 10
-7.43676
 20
-5.32508
 30
0.0
 10
-7.43676
 20
-5.32508
 30
0.0
 10
-7.43676
 20
-5.32508
 30
0.0
 10
-7.42618
 20
-5.31449
 30
0.0
 10
-7.42618
 20
-5.31449
 30
0.0
 10
-7.42618
 20
-5.31449
 30
0.0
 10
-7.41206
 20
-5.31096
 30
0.0
 10
-7.41206
 20
-5.31096
 30
0.0
 10
-7.41206
 20
-5.31096
 30
0.0
 10
-7.40147
 20
-5.30743
 30
0.0
 10
-7.40147
 20
-5.30743
 30
0.0
  0
SPLINE
  5
184
330
1F
100
AcDbEntity
  8
Camada 1
 62
   251
370
     9
100
AcDbSpline
210
0.0
220
0.0
230
1.0
 70
    24
 71
     3
 72
     8
 73
     4
 74
     0
 42
0.0000000001
 43
0.0000000001
 40
0.0
 40
0.0
 40
0.0
 40
0.0
 40
1.0
 40
1.0
 40
1.0
 40
1.0
 10
-6.61095
 20
-5.35331
 30
0.0
 10
-6.61095
 20
-5.35331
 30
0.0
 10
-6.60741
 20
-5.35331
 30
0.0
 10
-6.60741
 20
-5.35331
 30
0.0
  0
SPLINE
  5
185
330
1F
100
AcDbEntity
  8
Camada 1
 62
   251
370
     9
100
AcDbSpline
210
0.0
220
0.0
230
1.0
 70
     8
 71
     3
 72
    20
 73
    16
 74
     0
 42
0.0000000001
 43
0.0000000001
 40
0.0
 40
0.0
 40
0.0
 40
0.0
 40
0.2
 40
0.2
 40
0.2
 40
0.4
 40
0.4
 40
0.4
 40
0.6000000000000001
 40
0.6000000000000001
 40
0.6000000000000001
 40
0.8
 40
0.8
 40
0.8
 40
1.0
 40
1.0
 40
1.0
 40
1.0
 10
-6.60741
 20
-5.35331
 30
0.0
 10
-6.60741
 20
-5.35331
 30
0.0
 10
-6.60388
 20
-5.33919
 30
0.0
 10
-6.60388
 20
-5.33919
 30
0.0
 10
-6.60388
 20
-5.33919
 30
0.0
 10
-6.59683
 20
-5.32508
 30
0.0
 10
-6.59683
 20
-5.32508
 30
0.0
 10
-6.59683
 20
-5.32508
 30
0.0
 10
-6.58625
 20
-5.31449
 30
0.0
 10
-6.58625
 20
-5.31449
 30
0.0
 10
-6.58625
 20
-5.31449
 30
0.0
 10
-6.57212
 20
-5.31096
 30
0.0
 10
-6.57212
 20
-5.31096
 30
0.0
 10
-6.57212
 20
-5.31096
 30
0.0
 10
-6.56154
 20
-5.30743
 30
0.0
 10
-6.56154
 20
-5.30743
 30
0.0
  0
SPLINE
  5
186
330
1F
100
AcDbEntity
  8
Camada 1
 62
   251
370
     9
100
AcDbSpline
210
0.0
220
0.0
230
1.0
 70
    24
 71
     3
 72
     8
 73
     4
 74
     0
 42
0.0000000001
 43
0.0000000001
 40
0.0
 40
0.0
 40
0.0
 40
0.0
 40
1.0
 40
1.0
 40
1.0
 40
1.0
 10
-6.61095
 20
-5.52976
 30
0.0
 10
-6.61095
 20
-5.52976
 30
0.0
 10
-6.60741
 20
-5.5333
 30
0.0
 10
-6.60741
 20
-5.5333
 30
0.0
  0
SPLINE
  5
187
330
1F
100
AcDbEntity
  8
Camada 1
 62
   251
370
     9
100
AcDbSpline
210
0.0
220
0.0
230
1.0
 70
    24
 71
     3
 72
     8
 73
     4
 74
     0
 42
0.0000000001
 43
0.0000000001
 40
0.0
 40
0.0
 40
0.0
 40
0.0
 40
1.0
 40
1.0
 40
1.0
 40
1.0
 10
-6.60741
 20
-5.5333
 30
0.0
 10
-6.60741
 20
-5.5333
 30
0.0
 10
-6.60741
 20
-5.35331
 30
0.0
 10
-6.60741
 20
-5.35331
 30
0.0
  0
SPLINE
  5
188
330
1F
100
AcDbEntity
  8
Camada 1
 62
   251
370
     9
100
AcDbSpline
210
0.0
220
0.0
230
1.0
 70
    24
 71
     3
 72
     8
 73
     4
 74
     0
 42
0.0000000001
 43
0.0000000001
 40
0.0
 40
0.0
 40
0.0
 40
0.0
 40
1.0
 40
1.0
 40
1.0
 40
1.0
 10
-6.41331
 20
-5.52976
 30
0.0
 10
-6.41331
 20
-5.52976
 30
0.0
 10
-6.41331
 20
-5.29331
 30
0.0
 10
-6.41331
 20
-5.29331
 30
0.0
  0
SPLINE
  5
189
330
1F
100
AcDbEntity
  8
Camada 1
 62
   251
370
     9
100
AcDbSpline
210
0.0
220
0.0
230
1.0
 70
    24
 71
     3
 72
     8
 73
     4
 74
     0
 42
0.0000000001
 43
0.0000000001
 40
0.0
 40
0.0
 40
0.0
 40
0.0
 40
1.0
 40
1.0
 40
1.0
 40
1.0
 10
-6.45213
 20
-5.52976
 30
0.0
 10
-6.45213
 20
-5.52976
 30
0.0
 10
-6.41331
 20
-5.52976
 30
0.0
 10
-6.41331
 20
-5.52976
 30
0.0
  0
SPLINE
  5
18A
330
1F
100
AcDbEntity
  8
Camada 1
 62
   251
370
     9
100
AcDbSpline
210
0.0
220
0.0
230
1.0
 70
    24
 71
     3
 72
     8
 73
     4
 74
     0
 42
0.0000000001
 43
0.0000000001
 40
0.0
 40
0.0
 40
0.0
 40
0.0
 40
1.0
 40
1.0
 40
1.0
 40
1.0
 10
-6.45213
 20
-5.29331
 30
0.0
 10
-6.45213
 20
-5.29331
 30
0.0
 10
-6.45213
 20
-5.52976
 30
0.0
 10
-6.45213
 20
-5.52976
 30
0.0
  0
SPLINE
  5
18B
330
1F
100
AcDbEntity
  8
Camada 1
 62
   251
370
     9
100
AcDbSpline
210
0.0
220
0.0
230
1.0
 70
    24
 71
     3
 72
     8
 73
     4
 74
     0
 42
0.0000000001
 43
0.0000000001
 40
0.0
 40
0.0
 40
0.0
 40
0.0
 40
1.0
 40
1.0
 40
1.0
 40
1.0
 10
-6.41331
 20
-5.29331
 30
0.0
 10
-6.41331
 20
-5.29331
 30
0.0
 10
-6.45213
 20
-5.29331
 30
0.0
 10
-6.45213
 20
-5.29331
 30
0.0
  0
SPLINE
  5
18C
330
1F
100
AcDbEntity
  8
Camada 1
 62
   251
370
     9
100
AcDbSpline
210
0.0
220
0.0
230
1.0
 70
    24
 71
     3
 72
     8
 73
     4
 74
     0
 42
0.0000000001
 43
0.0000000001
 40
0.0
 40
0.0
 40
0.0
 40
0.0
 40
1.0
 40
1.0
 40
1.0
 40
1.0
 10
-7.23913
 20
-5.40625
 30
0.0
 10
-7.23913
 20
-5.40625
 30
0.0
 10
-7.23561
 20
-5.40272
 30
0.0
 10
-7.23561
 20
-5.40272
 30
0.0
  0
SPLINE
  5
18D
330
1F
100
AcDbEntity
  8
Camada 1
 62
   251
370
     9
100
AcDbSpline
210
0.0
220
0.0
230
1.0
 70
    24
 71
     3
 72
     8
 73
     4
 74
     0
 42
0.0000000001
 43
0.0000000001
 40
0.0
 40
0.0
 40
0.0
 40
0.0
 40
1.0
 40
1.0
 40
1.0
 40
1.0
 10
-7.23561
 20
-5.35331
 30
0.0
 10
-7.23561
 20
-5.35331
 30
0.0
 10
-7.23561
 20
-5.40272
 30
0.0
 10
-7.23561
 20
-5.40272
 30
0.0
  0
SPLINE
  5
18E
330
1F
100
AcDbEntity
  8
Camada 1
 62
   251
370
     9
100
AcDbSpline
210
0.0
220
0.0
230
1.0
 70
    24
 71
     3
 72
     8
 73
     4
 74
     0
 42
0.0000000001
 43
0.0000000001
 40
0.0
 40
0.0
 40
0.0
 40
0.0
 40
1.0
 40
1.0
 40
1.0
 40
1.0
 10
-7.14032
 20
-5.35331
 30
0.0
 10
-7.14032
 20
-5.35331
 30
0.0
 10
-7.14384
 20
-5.35331
 30
0.0
 10
-7.14384
 20
-5.35331
 30
0.0
  0
SPLINE
  5
18F
330
1F
100
AcDbEntity
  8
Camada 1
 62
   251
370
     9
100
AcDbSpline
210
0.0
220
0.0
230
1.0
 70
     8
 71
     3
 72
    20
 73
    16
 74
     0
 42
0.0000000001
 43
0.0000000001
 40
0.0
 40
0.0
 40
0.0
 40
0.0
 40
0.2
 40
0.2
 40
0.2
 40
0.4
 40
0.4
 40
0.4
 40
0.6000000000000001
 40
0.6000000000000001
 40
0.6000000000000001
 40
0.8
 40
0.8
 40
0.8
 40
1.0
 40
1.0
 40
1.0
 40
1.0
 10
-7.14384
 20
-5.35331
 30
0.0
 10
-7.14384
 20
-5.35331
 30
0.0
 10
-7.14737
 20
-5.33919
 30
0.0
 10
-7.14737
 20
-5.33919
 30
0.0
 10
-7.14737
 20
-5.33919
 30
0.0
 10
-7.15443
 20
-5.32508
 30
0.0
 10
-7.15443
 20
-5.32508
 30
0.0
 10
-7.15443
 20
-5.32508
 30
0.0
 10
-7.16502
 20
-5.31449
 30
0.0
 10
-7.16502
 20
-5.31449
 30
0.0
 10
-7.16502
 20
-5.31449
 30
0.0
 10
-7.17913
 20
-5.31096
 30
0.0
 10
-7.17913
 20
-5.31096
 30
0.0
 10
-7.17913
 20
-5.31096
 30
0.0
 10
-7.18973
 20
-5.30743
 30
0.0
 10
-7.18973
 20
-5.30743
 30
0.0
  0
SPLINE
  5
190
330
1F
100
AcDbEntity
  8
Camada 1
 62
   251
370
     9
100
AcDbSpline
210
0.0
220
0.0
230
1.0
 70
    24
 71
     3
 72
     8
 73
     4
 74
     0
 42
0.0000000001
 43
0.0000000001
 40
0.0
 40
0.0
 40
0.0
 40
0.0
 40
1.0
 40
1.0
 40
1.0
 40
1.0
 10
-6.3392
 20
-5.35331
 30
0.0
 10
-6.3392
 20
-5.35331
 30
0.0
 10
-6.33567
 20
-5.35331
 30
0.0
 10
-6.33567
 20
-5.35331
 30
0.0
  0
SPLINE
  5
191
330
1F
100
AcDbEntity
  8
Camada 1
 62
   251
370
     9
100
AcDbSpline
210
0.0
220
0.0
230
1.0
 70
     8
 71
     3
 72
    20
 73
    16
 74
     0
 42
0.0000000001
 43
0.0000000001
 40
0.0
 40
0.0
 40
0.0
 40
0.0
 40
0.2
 40
0.2
 40
0.2
 40
0.4
 40
0.4
 40
0.4
 40
0.6000000000000001
 40
0.6000000000000001
 40
0.6000000000000001
 40
0.8
 40
0.8
 40
0.8
 40
1.0
 40
1.0
 40
1.0
 40
1.0
 10
-6.28979
 20
-5.30743
 30
0.0
 10
-6.28979
 20
-5.30743
 30
0.0
 10
-6.30744
 20
-5.31096
 30
0.0
 10
-6.30744
 20
-5.31096
 30
0.0
 10
-6.30744
 20
-5.31096
 30
0.0
 10
-6.31802
 20
-5.31802
 30
0.0
 10
-6.31802
 20
-5.31802
 30
0.0
 10
-6.31802
 20
-5.31802
 30
0.0
 10
-6.32862
 20
-5.32861
 30
0.0
 10
-6.32862
 20
-5.32861
 30
0.0
 10
-6.32862
 20
-5.32861
 30
0.0
 10
-6.33567
 20
-5.34625
 30
0.0
 10
-6.33567
 20
-5.34625
 30
0.0
 10
-6.33567
 20
-5.34625
 30
0.0
 10
-6.33567
 20
-5.35331
 30
0.0
 10
-6.33567
 20
-5.35331
 30
0.0
  0
SPLINE
  5
192
330
1F
100
AcDbEntity
  8
Camada 1
 62
   251
370
     9
100
AcDbSpline
210
0.0
220
0.0
230
1.0
 70
    24
 71
     3
 72
     8
 73
     4
 74
     0
 42
0.0000000001
 43
0.0000000001
 40
0.0
 40
0.0
 40
0.0
 40
0.0
 40
1.0
 40
1.0
 40
1.0
 40
1.0
 10
-6.78387
 20
-5.52976
 30
0.0
 10
-6.78387
 20
-5.52976
 30
0.0
 10
-6.78387
 20
-5.5333
 30
0.0
 10
-6.78387
 20
-5.5333
 30
0.0
  0
SPLINE
  5
193
330
1F
100
AcDbEntity
  8
Camada 1
 62
   251
370
     9
100
AcDbSpline
210
0.0
220
0.0
230
1.0
 70
     8
 71
     3
 72
    20
 73
    16
 74
     0
 42
0.0000000001
 43
0.0000000001
 40
0.0
 40
0.0
 40
0.0
 40
0.0
 40
0.2
 40
0.2
 40
0.2
 40
0.4
 40
0.4
 40
0.4
 40
0.6000000000000001
 40
0.6000000000000001
 40
0.6000000000000001
 40
0.8
 40
0.8
 40
0.8
 40
1.0
 40
1.0
 40
1.0
 40
1.0
 10
-6.86151
 20
-5.46271
 30
0.0
 10
-6.86151
 20
-5.46271
 30
0.0
 10
-6.85798
 20
-5.48389
 30
0.0
 10
-6.85798
 20
-5.48389
 30
0.0
 10
-6.85798
 20
-5.48389
 30
0.0
 10
-6.8474
 20
-5.50506
 30
0.0
 10
-6.8474
 20
-5.50506
 30
0.0
 10
-6.8474
 20
-5.50506
 30
0.0
 10
-6.83328
 20
-5.51918
 30
0.0
 10
-6.83328
 20
-5.51918
 30
0.0
 10
-6.83328
 20
-5.51918
 30
0.0
 10
-6.80858
 20
-5.52976
 30
0.0
 10
-6.80858
 20
-5.52976
 30
0.0
 10
-6.80858
 20
-5.52976
 30
0.0
 10
-6.78387
 20
-5.5333
 30
0.0
 10
-6.78387
 20
-5.5333
 30
0.0
  0
SPLINE
  5
194
330
1F
100
AcDbEntity
  8
Camada 1
 62
   251
370
     9
100
AcDbSpline
210
0.0
220
0.0
230
1.0
 70
    24
 71
     3
 72
     8
 73
     4
 74
     0
 42
0.0000000001
 43
0.0000000001
 40
0.0
 40
0.0
 40
0.0
 40
0.0
 40
1.0
 40
1.0
 40
1.0
 40
1.0
 10
-7.59557
 20
-5.23332
 30
0.0
 10
-7.59557
 20
-5.23332
 30
0.0
 10
-7.6238
 20
-5.23332
 30
0.0
 10
-7.6238
 20
-5.23332
 30
0.0
  0
SPLINE
  5
195
330
1F
100
AcDbEntity
  8
Camada 1
 62
   251
370
     9
100
AcDbSpline
210
0.0
220
0.0
230
1.0
 70
    24
 71
     3
 72
     8
 73
     4
 74
     0
 42
0.0000000001
 43
0.0000000001
 40
0.0
 40
0.0
 40
0.0
 40
0.0
 40
1.0
 40
1.0
 40
1.0
 40
1.0
 10
-7.6238
 20
-5.23332
 30
0.0
 10
-7.6238
 20
-5.23332
 30
0.0
 10
-7.6238
 20
-5.22979
 30
0.0
 10
-7.6238
 20
-5.22979
 30
0.0
  0
SPLINE
  5
196
330
1F
100
AcDbEntity
  8
Camada 1
 62
   251
370
     9
100
AcDbSpline
210
0.0
220
0.0
230
1.0
 70
    24
 71
     3
 72
     8
 73
     4
 74
     0
 42
0.0000000001
 43
0.0000000001
 40
0.0
 40
0.0
 40
0.0
 40
0.0
 40
1.0
 40
1.0
 40
1.0
 40
1.0
 10
-7.59557
 20
-5.22979
 30
0.0
 10
-7.59557
 20
-5.22979
 30
0.0
 10
-7.6238
 20
-5.22979
 30
0.0
 10
-7.6238
 20
-5.22979
 30
0.0
  0
SPLINE
  5
197
330
1F
100
AcDbEntity
  8
Camada 1
 62
   251
370
     9
100
AcDbSpline
210
0.0
220
0.0
230
1.0
 70
    24
 71
     3
 72
     8
 73
     4
 74
     0
 42
0.0000000001
 43
0.0000000001
 40
0.0
 40
0.0
 40
0.0
 40
0.0
 40
1.0
 40
1.0
 40
1.0
 40
1.0
 10
-6.41331
 20
-5.52976
 30
0.0
 10
-6.41331
 20
-5.52976
 30
0.0
 10
-6.40979
 20
-5.5333
 30
0.0
 10
-6.40979
 20
-5.5333
 30
0.0
  0
SPLINE
  5
198
330
1F
100
AcDbEntity
  8
Camada 1
 62
   251
370
     9
100
AcDbSpline
210
0.0
220
0.0
230
1.0
 70
    24
 71
     3
 72
     8
 73
     4
 74
     0
 42
0.0000000001
 43
0.0000000001
 40
0.0
 40
0.0
 40
0.0
 40
0.0
 40
1.0
 40
1.0
 40
1.0
 40
1.0
 10
-6.41331
 20
-5.29331
 30
0.0
 10
-6.41331
 20
-5.29331
 30
0.0
 10
-6.40979
 20
-5.28978
 30
0.0
 10
-6.40979
 20
-5.28978
 30
0.0
  0
SPLINE
  5
199
330
1F
100
AcDbEntity
  8
Camada 1
 62
   251
370
     9
100
AcDbSpline
210
0.0
220
0.0
230
1.0
 70
    24
 71
     3
 72
     8
 73
     4
 74
     0
 42
0.0000000001
 43
0.0000000001
 40
0.0
 40
0.0
 40
0.0
 40
0.0
 40
1.0
 40
1.0
 40
1.0
 40
1.0
 10
-6.40979
 20
-5.5333
 30
0.0
 10
-6.40979
 20
-5.5333
 30
0.0
 10
-6.40979
 20
-5.28978
 30
0.0
 10
-6.40979
 20
-5.28978
 30
0.0
  0
SPLINE
  5
19A
330
1F
100
AcDbEntity
  8
Camada 1
 62
   251
370
     9
100
AcDbSpline
210
0.0
220
0.0
230
1.0
 70
    24
 71
     3
 72
     8
 73
     4
 74
     0
 42
0.0000000001
 43
0.0000000001
 40
0.0
 40
0.0
 40
0.0
 40
0.0
 40
1.0
 40
1.0
 40
1.0
 40
1.0
 10
-7.45088
 20
-5.46624
 30
0.0
 10
-7.45088
 20
-5.46624
 30
0.0
 10
-7.44735
 20
-5.46624
 30
0.0
 10
-7.44735
 20
-5.46624
 30
0.0
  0
SPLINE
  5
19B
330
1F
100
AcDbEntity
  8
Camada 1
 62
   251
370
     9
100
AcDbSpline
210
0.0
220
0.0
230
1.0
 70
    24
 71
     3
 72
     8
 73
     4
 74
     0
 42
0.0000000001
 43
0.0000000001
 40
0.0
 40
0.0
 40
0.0
 40
0.0
 40
1.0
 40
1.0
 40
1.0
 40
1.0
 10
-7.44735
 20
-5.46624
 30
0.0
 10
-7.44735
 20
-5.46624
 30
0.0
 10
-7.44735
 20
-5.35331
 30
0.0
 10
-7.44735
 20
-5.35331
 30
0.0
  0
SPLINE
  5
19C
330
1F
100
AcDbEntity
  8
Camada 1
 62
   251
370
     9
100
AcDbSpline
210
0.0
220
0.0
230
1.0
 70
    24
 71
     3
 72
     8
 73
     4
 74
     0
 42
0.0000000001
 43
0.0000000001
 40
0.0
 40
0.0
 40
0.0
 40
0.0
 40
1.0
 40
1.0
 40
1.0
 40
1.0
 10
-7.40147
 20
-5.51565
 30
0.0
 10
-7.40147
 20
-5.51565
 30
0.0
 10
-7.40147
 20
-5.51212
 30
0.0
 10
-7.40147
 20
-5.51212
 30
0.0
  0
SPLINE
  5
19D
330
1F
100
AcDbEntity
  8
Camada 1
 62
   251
370
     9
100
AcDbSpline
210
0.0
220
0.0
230
1.0
 70
     8
 71
     3
 72
    20
 73
    16
 74
     0
 42
0.0000000001
 43
0.0000000001
 40
0.0
 40
0.0
 40
0.0
 40
0.0
 40
0.2
 40
0.2
 40
0.2
 40
0.4
 40
0.4
 40
0.4
 40
0.6000000000000001
 40
0.6000000000000001
 40
0.6000000000000001
 40
0.8
 40
0.8
 40
0.8
 40
1.0
 40
1.0
 40
1.0
 40
1.0
 10
-7.35559
 20
-5.46977
 30
0.0
 10
-7.35559
 20
-5.46977
 30
0.0
 10
-7.35912
 20
-5.48389
 30
0.0
 10
-7.35912
 20
-5.48389
 30
0.0
 10
-7.35912
 20
-5.48389
 30
0.0
 10
-7.36618
 20
-5.498
 30
0.0
 10
-7.36618
 20
-5.498
 30
0.0
 10
-7.36618
 20
-5.498
 30
0.0
 10
-7.37677
 20
-5.50506
 30
0.0
 10
-7.37677
 20
-5.50506
 30
0.0
 10
-7.37677
 20
-5.50506
 30
0.0
 10
-7.39089
 20
-5.51212
 30
0.0
 10
-7.39089
 20
-5.51212
 30
0.0
 10
-7.39089
 20
-5.51212
 30
0.0
 10
-7.40147
 20
-5.51212
 30
0.0
 10
-7.40147
 20
-5.51212
 30
0.0
  0
SPLINE
  5
19E
330
1F
100
AcDbEntity
  8
Camada 1
 62
   251
370
     9
100
AcDbSpline
210
0.0
220
0.0
230
1.0
 70
     8
 71
     3
 72
    11
 73
     7
 74
     0
 42
0.0000000001
 43
0.0000000001
 40
0.0
 40
0.0
 40
0.0
 40
0.0
 40
0.5
 40
0.5
 40
0.5
 40
1.0
 40
1.0
 40
1.0
 40
1.0
 10
-6.61095
 20
-5.30038
 30
0.0
 10
-6.61095
 20
-5.30038
 30
0.0
 10
-6.60741
 20
-5.29684
 30
0.0
 10
-6.60741
 20
-5.29684
 30
0.0
 10
-6.60741
 20
-5.29684
 30
0.0
 10
-6.60741
 20
-5.29331
 30
0.0
 10
-6.60741
 20
-5.29331
 30
0.0
  0
SPLINE
  5
19F
330
1F
100
AcDbEntity
  8
Camada 1
 62
   251
370
     9
100
AcDbSpline
210
0.0
220
0.0
230
1.0
 70
    24
 71
     3
 72
     8
 73
     4
 74
     0
 42
0.0000000001
 43
0.0000000001
 40
0.0
 40
0.0
 40
0.0
 40
0.0
 40
1.0
 40
1.0
 40
1.0
 40
1.0
 10
-6.61095
 20
-5.29331
 30
0.0
 10
-6.61095
 20
-5.29331
 30
0.0
 10
-6.60741
 20
-5.28978
 30
0.0
 10
-6.60741
 20
-5.28978
 30
0.0
  0
SPLINE
  5
1A0
330
1F
100
AcDbEntity
  8
Camada 1
 62
   251
370
     9
100
AcDbSpline
210
0.0
220
0.0
230
1.0
 70
    24
 71
     3
 72
     8
 73
     4
 74
     0
 42
0.0000000001
 43
0.0000000001
 40
0.0
 40
0.0
 40
0.0
 40
0.0
 40
1.0
 40
1.0
 40
1.0
 40
1.0
 10
-6.60741
 20
-5.29331
 30
0.0
 10
-6.60741
 20
-5.29331
 30
0.0
 10
-6.60741
 20
-5.28978
 30
0.0
 10
-6.60741
 20
-5.28978
 30
0.0
  0
SPLINE
  5
1A1
330
1F
100
AcDbEntity
  8
Camada 1
 62
   251
370
     9
100
AcDbSpline
210
0.0
220
0.0
230
1.0
 70
     8
 71
     3
 72
    14
 73
    10
 74
     0
 42
0.0000000001
 43
0.0000000001
 40
0.0
 40
0.0
 40
0.0
 40
0.0
 40
0.3333333333333333
 40
0.3333333333333333
 40
0.3333333333333333
 40
0.6666666666666666
 40
0.6666666666666666
 40
0.6666666666666666
 40
1.0
 40
1.0
 40
1.0
 40
1.0
 10
-7.6238
 20
-5.23332
 30
0.0
 10
-7.6238
 20
-5.23332
 30
0.0
 10
-7.64851
 20
-5.23685
 30
0.0
 10
-7.64851
 20
-5.23685
 30
0.0
 10
-7.64851
 20
-5.23685
 30
0.0
 10
-7.67321
 20
-5.24744
 30
0.0
 10
-7.67321
 20
-5.24744
 30
0.0
 10
-7.67321
 20
-5.24744
 30
0.0
 10
-7.68733
 20
-5.26508
 30
0.0
 10
-7.68733
 20
-5.26508
 30
0.0
  0
SPLINE
  5
1A2
330
1F
100
AcDbEntity
  8
Camada 1
 62
   251
370
     9
100
AcDbSpline
210
0.0
220
0.0
230
1.0
 70
     8
 71
     3
 72
    14
 73
    10
 74
     0
 42
0.0000000001
 43
0.0000000001
 40
0.0
 40
0.0
 40
0.0
 40
0.0
 40
0.3333333333333333
 40
0.3333333333333333
 40
0.3333333333333333
 40
0.6666666666666666
 40
0.6666666666666666
 40
0.6666666666666666
 40
1.0
 40
1.0
 40
1.0
 40
1.0
 10
-7.6238
 20
-5.22979
 30
0.0
 10
-7.6238
 20
-5.22979
 30
0.0
 10
-7.64851
 20
-5.23332
 30
0.0
 10
-7.64851
 20
-5.23332
 30
0.0
 10
-7.64851
 20
-5.23332
 30
0.0
 10
-7.67321
 20
-5.2439
 30
0.0
 10
-7.67321
 20
-5.2439
 30
0.0
 10
-7.67321
 20
-5.2439
 30
0.0
 10
-7.69086
 20
-5.26508
 30
0.0
 10
-7.69086
 20
-5.26508
 30
0.0
  0
SPLINE
  5
1A3
330
1F
100
AcDbEntity
  8
Camada 1
 62
   251
370
     9
100
AcDbSpline
210
0.0
220
0.0
230
1.0
 70
    24
 71
     3
 72
     8
 73
     4
 74
     0
 42
0.0000000001
 43
0.0000000001
 40
0.0
 40
0.0
 40
0.0
 40
0.0
 40
1.0
 40
1.0
 40
1.0
 40
1.0
 10
-6.72035
 20
-5.34977
 30
0.0
 10
-6.72035
 20
-5.34977
 30
0.0
 10
-6.72388
 20
-5.34977
 30
0.0
 10
-6.72388
 20
-5.34977
 30
0.0
  0
SPLINE
  5
1A4
330
1F
100
AcDbEntity
  8
Camada 1
 62
   251
370
     9
100
AcDbSpline
210
0.0
220
0.0
230
1.0
 70
     8
 71
     3
 72
    20
 73
    16
 74
     0
 42
0.0000000001
 43
0.0000000001
 40
0.0
 40
0.0
 40
0.0
 40
0.0
 40
0.2
 40
0.2
 40
0.2
 40
0.4
 40
0.4
 40
0.4
 40
0.6000000000000001
 40
0.6000000000000001
 40
0.6000000000000001
 40
0.8
 40
0.8
 40
0.8
 40
1.0
 40
1.0
 40
1.0
 40
1.0
 10
-6.76976
 20
-5.30743
 30
0.0
 10
-6.76976
 20
-5.30743
 30
0.0
 10
-6.75564
 20
-5.31096
 30
0.0
 10
-6.75564
 20
-5.31096
 30
0.0
 10
-6.75564
 20
-5.31096
 30
0.0
 10
-6.74153
 20
-5.31802
 30
0.0
 10
-6.74153
 20
-5.31802
 30
0.0
 10
-6.74153
 20
-5.31802
 30
0.0
 10
-6.73093
 20
-5.32861
 30
0.0
 10
-6.73093
 20
-5.32861
 30
0.0
 10
-6.73093
 20
-5.32861
 30
0.0
 10
-6.72741
 20
-5.34625
 30
0.0
 10
-6.72741
 20
-5.34625
 30
0.0
 10
-6.72741
 20
-5.34625
 30
0.0
 10
-6.72388
 20
-5.34977
 30
0.0
 10
-6.72388
 20
-5.34977
 30
0.0
  0
SPLINE
  5
1A5
330
1F
100
AcDbEntity
  8
Camada 1
 62
   251
370
     9
100
AcDbSpline
210
0.0
220
0.0
230
1.0
 70
     8
 71
     3
 72
    20
 73
    16
 74
     0
 42
0.0000000001
 43
0.0000000001
 40
0.0
 40
0.0
 40
0.0
 40
0.0
 40
0.2
 40
0.2
 40
0.2
 40
0.4
 40
0.4
 40
0.4
 40
0.6000000000000001
 40
0.6000000000000001
 40
0.6000000000000001
 40
0.8
 40
0.8
 40
0.8
 40
1.0
 40
1.0
 40
1.0
 40
1.0
 10
-6.81563
 20
-5.46624
 30
0.0
 10
-6.81563
 20
-5.46624
 30
0.0
 10
-6.81563
 20
-5.48389
 30
0.0
 10
-6.81563
 20
-5.48389
 30
0.0
 10
-6.81563
 20
-5.48389
 30
0.0
 10
-6.80858
 20
-5.498
 30
0.0
 10
-6.80858
 20
-5.498
 30
0.0
 10
-6.80858
 20
-5.498
 30
0.0
 10
-6.79446
 20
-5.50506
 30
0.0
 10
-6.79446
 20
-5.50506
 30
0.0
 10
-6.79446
 20
-5.50506
 30
0.0
 10
-6.78034
 20
-5.51212
 30
0.0
 10
-6.78034
 20
-5.51212
 30
0.0
 10
-6.78034
 20
-5.51212
 30
0.0
 10
-6.76976
 20
-5.51212
 30
0.0
 10
-6.76976
 20
-5.51212
 30
0.0
  0
SPLINE
  5
1A6
330
1F
100
AcDbEntity
  8
Camada 1
 62
   251
370
     9
100
AcDbSpline
210
0.0
220
0.0
230
1.0
 70
    24
 71
     3
 72
     8
 73
     4
 74
     0
 42
0.0000000001
 43
0.0000000001
 40
0.0
 40
0.0
 40
0.0
 40
0.0
 40
1.0
 40
1.0
 40
1.0
 40
1.0
 10
-6.27921
 20
-5.28978
 30
0.0
 10
-6.27921
 20
-5.28978
 30
0.0
 10
-6.30391
 20
-5.28978
 30
0.0
 10
-6.30391
 20
-5.28978
 30
0.0
  0
SPLINE
  5
1A7
330
1F
100
AcDbEntity
  8
Camada 1
 62
   251
370
     9
100
AcDbSpline
210
0.0
220
0.0
230
1.0
 70
    24
 71
     3
 72
     8
 73
     4
 74
     0
 42
0.0000000001
 43
0.0000000001
 40
0.0
 40
0.0
 40
0.0
 40
0.0
 40
1.0
 40
1.0
 40
1.0
 40
1.0
 10
-6.41331
 20
-5.26155
 30
0.0
 10
-6.41331
 20
-5.26155
 30
0.0
 10
-6.41331
 20
-5.23332
 30
0.0
 10
-6.41331
 20
-5.23332
 30
0.0
  0
SPLINE
  5
1A8
330
1F
100
AcDbEntity
  8
Camada 1
 62
   251
370
     9
100
AcDbSpline
210
0.0
220
0.0
230
1.0
 70
    24
 71
     3
 72
     8
 73
     4
 74
     0
 42
0.0000000001
 43
0.0000000001
 40
0.0
 40
0.0
 40
0.0
 40
0.0
 40
1.0
 40
1.0
 40
1.0
 40
1.0
 10
-6.41331
 20
-5.23332
 30
0.0
 10
-6.41331
 20
-5.23332
 30
0.0
 10
-6.40979
 20
-5.22979
 30
0.0
 10
-6.40979
 20
-5.22979
 30
0.0
  0
SPLINE
  5
1A9
330
1F
100
AcDbEntity
  8
Camada 1
 62
   251
370
     9
100
AcDbSpline
210
0.0
220
0.0
230
1.0
 70
    24
 71
     3
 72
     8
 73
     4
 74
     0
 42
0.0000000001
 43
0.0000000001
 40
0.0
 40
0.0
 40
0.0
 40
0.0
 40
1.0
 40
1.0
 40
1.0
 40
1.0
 10
-6.40979
 20
-5.26508
 30
0.0
 10
-6.40979
 20
-5.26508
 30
0.0
 10
-6.40979
 20
-5.22979
 30
0.0
 10
-6.40979
 20
-5.22979
 30
0.0
  0
SPLINE
  5
1AA
330
1F
100
AcDbEntity
  8
Camada 1
 62
   251
370
     9
100
AcDbSpline
210
0.0
220
0.0
230
1.0
 70
    24
 71
     3
 72
     8
 73
     4
 74
     0
 42
0.0000000001
 43
0.0000000001
 40
0.0
 40
0.0
 40
0.0
 40
0.0
 40
1.0
 40
1.0
 40
1.0
 40
1.0
 10
-6.41331
 20
-5.23332
 30
0.0
 10
-6.41331
 20
-5.23332
 30
0.0
 10
-6.45213
 20
-5.23332
 30
0.0
 10
-6.45213
 20
-5.23332
 30
0.0
  0
SPLINE
  5
1AB
330
1F
100
AcDbEntity
  8
Camada 1
 62
   251
370
     9
100
AcDbSpline
210
0.0
220
0.0
230
1.0
 70
    24
 71
     3
 72
     8
 73
     4
 74
     0
 42
0.0000000001
 43
0.0000000001
 40
0.0
 40
0.0
 40
0.0
 40
0.0
 40
1.0
 40
1.0
 40
1.0
 40
1.0
 10
-7.14032
 20
-5.40625
 30
0.0
 10
-7.14032
 20
-5.40625
 30
0.0
 10
-7.14384
 20
-5.40272
 30
0.0
 10
-7.14384
 20
-5.40272
 30
0.0
  0
SPLINE
  5
1AC
330
1F
100
AcDbEntity
  8
Camada 1
 62
   251
370
     9
100
AcDbSpline
210
0.0
220
0.0
230
1.0
 70
    24
 71
     3
 72
     8
 73
     4
 74
     0
 42
0.0000000001
 43
0.0000000001
 40
0.0
 40
0.0
 40
0.0
 40
0.0
 40
1.0
 40
1.0
 40
1.0
 40
1.0
 10
-7.23561
 20
-5.40272
 30
0.0
 10
-7.23561
 20
-5.40272
 30
0.0
 10
-7.14384
 20
-5.40272
 30
0.0
 10
-7.14384
 20
-5.40272
 30
0.0
  0
SPLINE
  5
1AD
330
1F
100
AcDbEntity
  8
Camada 1
 62
   251
370
     9
100
AcDbSpline
210
0.0
220
0.0
230
1.0
 70
     8
 71
     3
 72
    20
 73
    16
 74
     0
 42
0.0000000001
 43
0.0000000001
 40
0.0
 40
0.0
 40
0.0
 40
0.0
 40
0.2
 40
0.2
 40
0.2
 40
0.4
 40
0.4
 40
0.4
 40
0.6000000000000001
 40
0.6000000000000001
 40
0.6000000000000001
 40
0.8
 40
0.8
 40
0.8
 40
1.0
 40
1.0
 40
1.0
 40
1.0
 10
-7.40147
 20
-5.51212
 30
0.0
 10
-7.40147
 20
-5.51212
 30
0.0
 10
-7.41558
 20
-5.51212
 30
0.0
 10
-7.41558
 20
-5.51212
 30
0.0
 10
-7.41558
 20
-5.51212
 30
0.0
 10
-7.4297
 20
-5.50506
 30
0.0
 10
-7.4297
 20
-5.50506
 30
0.0
 10
-7.4297
 20
-5.50506
 30
0.0
 10
-7.44029
 20
-5.49095
 30
0.0
 10
-7.44029
 20
-5.49095
 30
0.0
 10
-7.44029
 20
-5.49095
 30
0.0
 10
-7.44383
 20
-5.47683
 30
0.0
 10
-7.44383
 20
-5.47683
 30
0.0
 10
-7.44383
 20
-5.47683
 30
0.0
 10
-7.44735
 20
-5.46624
 30
0.0
 10
-7.44735
 20
-5.46624
 30
0.0
  0
SPLINE
  5
1AE
330
1F
100
AcDbEntity
  8
Camada 1
 62
   251
370
     9
100
AcDbSpline
210
0.0
220
0.0
230
1.0
 70
    24
 71
     3
 72
     8
 73
     4
 74
     0
 42
0.0000000001
 43
0.0000000001
 40
0.0
 40
0.0
 40
0.0
 40
0.0
 40
1.0
 40
1.0
 40
1.0
 40
1.0
 10
-6.78387
 20
-5.5333
 30
0.0
 10
-6.78387
 20
-5.5333
 30
0.0
 10
-6.75917
 20
-5.5333
 30
0.0
 10
-6.75917
 20
-5.5333
 30
0.0
  0
SPLINE
  5
1AF
330
1F
100
AcDbEntity
  8
Camada 1
 62
   251
370
     9
100
AcDbSpline
210
0.0
220
0.0
230
1.0
 70
    24
 71
     3
 72
     8
 73
     4
 74
     0
 42
0.0000000001
 43
0.0000000001
 40
0.0
 40
0.0
 40
0.0
 40
0.0
 40
1.0
 40
1.0
 40
1.0
 40
1.0
 10
-6.72035
 20
-5.38507
 30
0.0
 10
-6.72035
 20
-5.38507
 30
0.0
 10
-6.72388
 20
-5.38154
 30
0.0
 10
-6.72388
 20
-5.38154
 30
0.0
  0
SPLINE
  5
1B0
330
1F
100
AcDbEntity
  8
Camada 1
 62
   251
370
     9
100
AcDbSpline
210
0.0
220
0.0
230
1.0
 70
    24
 71
     3
 72
     8
 73
     4
 74
     0
 42
0.0000000001
 43
0.0000000001
 40
0.0
 40
0.0
 40
0.0
 40
0.0
 40
1.0
 40
1.0
 40
1.0
 40
1.0
 10
-6.78387
 20
-5.38507
 30
0.0
 10
-6.78387
 20
-5.38507
 30
0.0
 10
-6.78387
 20
-5.38154
 30
0.0
 10
-6.78387
 20
-5.38154
 30
0.0
  0
SPLINE
  5
1B1
330
1F
100
AcDbEntity
  8
Camada 1
 62
   251
370
     9
100
AcDbSpline
210
0.0
220
0.0
230
1.0
 70
    24
 71
     3
 72
     8
 73
     4
 74
     0
 42
0.0000000001
 43
0.0000000001
 40
0.0
 40
0.0
 40
0.0
 40
0.0
 40
1.0
 40
1.0
 40
1.0
 40
1.0
 10
-6.72388
 20
-5.38154
 30
0.0
 10
-6.72388
 20
-5.38154
 30
0.0
 10
-6.78387
 20
-5.38154
 30
0.0
 10
-6.78387
 20
-5.38154
 30
0.0
  0
SPLINE
  5
1B2
330
1F
100
AcDbEntity
  8
Camada 1
 62
   251
370
     9
100
AcDbSpline
210
0.0
220
0.0
230
1.0
 70
     8
 71
     3
 72
    20
 73
    16
 74
     0
 42
0.0000000001
 43
0.0000000001
 40
0.0
 40
0.0
 40
0.0
 40
0.0
 40
0.2
 40
0.2
 40
0.2
 40
0.4
 40
0.4
 40
0.4
 40
0.6000000000000001
 40
0.6000000000000001
 40
0.6000000000000001
 40
0.8
 40
0.8
 40
0.8
 40
1.0
 40
1.0
 40
1.0
 40
1.0
 10
-7.6591
 20
-5.29331
 30
0.0
 10
-7.6591
 20
-5.29331
 30
0.0
 10
-7.65557
 20
-5.2792
 30
0.0
 10
-7.65557
 20
-5.2792
 30
0.0
 10
-7.65557
 20
-5.2792
 30
0.0
 10
-7.64851
 20
-5.26508
 30
0.0
 10
-7.64851
 20
-5.26508
 30
0.0
 10
-7.64851
 20
-5.26508
 30
0.0
 10
-7.63792
 20
-5.25449
 30
0.0
 10
-7.63792
 20
-5.25449
 30
0.0
 10
-7.63792
 20
-5.25449
 30
0.0
 10
-7.62027
 20
-5.24744
 30
0.0
 10
-7.62027
 20
-5.24744
 30
0.0
 10
-7.62027
 20
-5.24744
 30
0.0
 10
-7.60969
 20
-5.2439
 30
0.0
 10
-7.60969
 20
-5.2439
 30
0.0
  0
SPLINE
  5
1B3
330
1F
100
AcDbEntity
  8
Camada 1
 62
   251
370
     9
100
AcDbSpline
210
0.0
220
0.0
230
1.0
 70
     8
 71
     3
 72
    20
 73
    16
 74
     0
 42
0.0000000001
 43
0.0000000001
 40
0.0
 40
0.0
 40
0.0
 40
0.0
 40
0.2
 40
0.2
 40
0.2
 40
0.4
 40
0.4
 40
0.4
 40
0.6000000000000001
 40
0.6000000000000001
 40
0.6000000000000001
 40
0.8
 40
0.8
 40
0.8
 40
1.0
 40
1.0
 40
1.0
 40
1.0
 10
-7.65557
 20
-5.29331
 30
0.0
 10
-7.65557
 20
-5.29331
 30
0.0
 10
-7.65204
 20
-5.2792
 30
0.0
 10
-7.65204
 20
-5.2792
 30
0.0
 10
-7.65204
 20
-5.2792
 30
0.0
 10
-7.64498
 20
-5.26508
 30
0.0
 10
-7.64498
 20
-5.26508
 30
0.0
 10
-7.64498
 20
-5.26508
 30
0.0
 10
-7.6344
 20
-5.25449
 30
0.0
 10
-7.6344
 20
-5.25449
 30
0.0
 10
-7.6344
 20
-5.25449
 30
0.0
 10
-7.62027
 20
-5.25097
 30
0.0
 10
-7.62027
 20
-5.25097
 30
0.0
 10
-7.62027
 20
-5.25097
 30
0.0
 10
-7.60969
 20
-5.24744
 30
0.0
 10
-7.60969
 20
-5.24744
 30
0.0
  0
SPLINE
  5
1B4
330
1F
100
AcDbEntity
  8
Camada 1
 62
   251
370
     9
100
AcDbSpline
210
0.0
220
0.0
230
1.0
 70
    24
 71
     3
 72
     8
 73
     4
 74
     0
 42
0.0000000001
 43
0.0000000001
 40
0.0
 40
0.0
 40
0.0
 40
0.0
 40
1.0
 40
1.0
 40
1.0
 40
1.0
 10
-7.38735
 20
-5.29331
 30
0.0
 10
-7.38735
 20
-5.29331
 30
0.0
 10
-7.38735
 20
-5.28978
 30
0.0
 10
-7.38735
 20
-5.28978
 30
0.0
  0
SPLINE
  5
1B5
330
1F
100
AcDbEntity
  8
Camada 1
 62
   251
370
     9
100
AcDbSpline
210
0.0
220
0.0
230
1.0
 70
    24
 71
     3
 72
     8
 73
     4
 74
     0
 42
0.0000000001
 43
0.0000000001
 40
0.0
 40
0.0
 40
0.0
 40
0.0
 40
1.0
 40
1.0
 40
1.0
 40
1.0
 10
-7.38735
 20
-5.28978
 30
0.0
 10
-7.38735
 20
-5.28978
 30
0.0
 10
-7.41206
 20
-5.28978
 30
0.0
 10
-7.41206
 20
-5.28978
 30
0.0
  0
SPLINE
  5
1B6
330
1F
100
AcDbEntity
  8
Camada 1
 62
   251
370
     9
100
AcDbSpline
210
0.0
220
0.0
230
1.0
 70
     8
 71
     3
 72
    20
 73
    16
 74
     0
 42
0.0000000001
 43
0.0000000001
 40
0.0
 40
0.0
 40
0.0
 40
0.0
 40
0.2
 40
0.2
 40
0.2
 40
0.4
 40
0.4
 40
0.4
 40
0.6000000000000001
 40
0.6000000000000001
 40
0.6000000000000001
 40
0.8
 40
0.8
 40
0.8
 40
1.0
 40
1.0
 40
1.0
 40
1.0
 10
-7.31325
 20
-5.34272
 30
0.0
 10
-7.31325
 20
-5.34272
 30
0.0
 10
-7.3203
 20
-5.32154
 30
0.0
 10
-7.3203
 20
-5.32154
 30
0.0
 10
-7.3203
 20
-5.32154
 30
0.0
 10
-7.33441
 20
-5.30743
 30
0.0
 10
-7.33441
 20
-5.30743
 30
0.0
 10
-7.33441
 20
-5.30743
 30
0.0
 10
-7.35559
 20
-5.29331
 30
0.0
 10
-7.35559
 20
-5.29331
 30
0.0
 10
-7.35559
 20
-5.29331
 30
0.0
 10
-7.38382
 20
-5.28978
 30
0.0
 10
-7.38382
 20
-5.28978
 30
0.0
 10
-7.38382
 20
-5.28978
 30
0.0
 10
-7.38735
 20
-5.28978
 30
0.0
 10
-7.38735
 20
-5.28978
 30
0.0
  0
SPLINE
  5
1B7
330
1F
100
AcDbEntity
  8
Camada 1
 62
   251
370
     9
100
AcDbSpline
210
0.0
220
0.0
230
1.0
 70
     8
 71
     3
 72
    17
 73
    13
 74
     0
 42
0.0000000001
 43
0.0000000001
 40
0.0
 40
0.0
 40
0.0
 40
0.0
 40
0.25
 40
0.25
 40
0.25
 40
0.5
 40
0.5
 40
0.5
 40
0.75
 40
0.75
 40
0.75
 40
1.0
 40
1.0
 40
1.0
 40
1.0
 10
-7.38735
 20
-5.5333
 30
0.0
 10
-7.38735
 20
-5.5333
 30
0.0
 10
-7.36265
 20
-5.52976
 30
0.0
 10
-7.36265
 20
-5.52976
 30
0.0
 10
-7.36265
 20
-5.52976
 30
0.0
 10
-7.33795
 20
-5.51918
 30
0.0
 10
-7.33795
 20
-5.51918
 30
0.0
 10
-7.33795
 20
-5.51918
 30
0.0
 10
-7.3203
 20
-5.498
 30
0.0
 10
-7.3203
 20
-5.498
 30
0.0
 10
-7.3203
 20
-5.498
 30
0.0
 10
-7.31325
 20
-5.48035
 30
0.0
 10
-7.31325
 20
-5.48035
 30
0.0
  0
SPLINE
  5
1B8
330
1F
100
AcDbEntity
  8
Camada 1
 62
   251
370
     9
100
AcDbSpline
210
0.0
220
0.0
230
1.0
 70
    24
 71
     3
 72
     8
 73
     4
 74
     0
 42
0.0000000001
 43
0.0000000001
 40
0.0
 40
0.0
 40
0.0
 40
0.0
 40
1.0
 40
1.0
 40
1.0
 40
1.0
 10
-6.72388
 20
-5.34977
 30
0.0
 10
-6.72388
 20
-5.34977
 30
0.0
 10
-6.72388
 20
-5.38154
 30
0.0
 10
-6.72388
 20
-5.38154
 30
0.0
  0
SPLINE
  5
1B9
330
1F
100
AcDbEntity
  8
Camada 1
 62
   251
370
     9
100
AcDbSpline
210
0.0
220
0.0
230
1.0
 70
     8
 71
     3
 72
    20
 73
    16
 74
     0
 42
0.0000000001
 43
0.0000000001
 40
0.0
 40
0.0
 40
0.0
 40
0.0
 40
0.2
 40
0.2
 40
0.2
 40
0.4
 40
0.4
 40
0.4
 40
0.6000000000000001
 40
0.6000000000000001
 40
0.6000000000000001
 40
0.8
 40
0.8
 40
0.8
 40
1.0
 40
1.0
 40
1.0
 40
1.0
 10
-6.78387
 20
-5.38154
 30
0.0
 10
-6.78387
 20
-5.38154
 30
0.0
 10
-6.80858
 20
-5.38507
 30
0.0
 10
-6.80858
 20
-5.38507
 30
0.0
 10
-6.80858
 20
-5.38507
 30
0.0
 10
-6.83328
 20
-5.39566
 30
0.0
 10
-6.83328
 20
-5.39566
 30
0.0
 10
-6.83328
 20
-5.39566
 30
0.0
 10
-6.85093
 20
-5.4133
 30
0.0
 10
-6.85093
 20
-5.4133
 30
0.0
 10
-6.85093
 20
-5.4133
 30
0.0
 10
-6.86151
 20
-5.43095
 30
0.0
 10
-6.86151
 20
-5.43095
 30
0.0
 10
-6.86151
 20
-5.43095
 30
0.0
 10
-6.86151
 20
-5.44859
 30
0.0
 10
-6.86151
 20
-5.44859
 30
0.0
  0
SPLINE
  5
1BA
330
1F
100
AcDbEntity
  8
Camada 1
 62
   251
370
     9
100
AcDbSpline
210
0.0
220
0.0
230
1.0
 70
    24
 71
     3
 72
     8
 73
     4
 74
     0
 42
0.0000000001
 43
0.0000000001
 40
0.0
 40
0.0
 40
0.0
 40
0.0
 40
1.0
 40
1.0
 40
1.0
 40
1.0
 10
-6.33567
 20
-5.35331
 30
0.0
 10
-6.33567
 20
-5.35331
 30
0.0
 10
-6.33567
 20
-5.46624
 30
0.0
 10
-6.33567
 20
-5.46624
 30
0.0
  0
SPLINE
  5
1BB
330
1F
100
AcDbEntity
  8
Camada 1
 62
   251
370
     9
100
AcDbSpline
210
0.0
220
0.0
230
1.0
 70
    24
 71
     3
 72
     8
 73
     4
 74
     0
 42
0.0000000001
 43
0.0000000001
 40
0.0
 40
0.0
 40
0.0
 40
0.0
 40
1.0
 40
1.0
 40
1.0
 40
1.0
 10
-6.64977
 20
-5.29331
 30
0.0
 10
-6.64977
 20
-5.29331
 30
0.0
 10
-6.65329
 20
-5.28978
 30
0.0
 10
-6.65329
 20
-5.28978
 30
0.0
  0
SPLINE
  5
1BC
330
1F
100
AcDbEntity
  8
Camada 1
 62
   251
370
     9
100
AcDbSpline
210
0.0
220
0.0
230
1.0
 70
    24
 71
     3
 72
     8
 73
     4
 74
     0
 42
0.0000000001
 43
0.0000000001
 40
0.0
 40
0.0
 40
0.0
 40
0.0
 40
1.0
 40
1.0
 40
1.0
 40
1.0
 10
-6.60741
 20
-5.28978
 30
0.0
 10
-6.60741
 20
-5.28978
 30
0.0
 10
-6.65329
 20
-5.28978
 30
0.0
 10
-6.65329
 20
-5.28978
 30
0.0
  0
SPLINE
  5
1BD
330
1F
100
AcDbEntity
  8
Camada 1
 62
   251
370
     9
100
AcDbSpline
210
0.0
220
0.0
230
1.0
 70
    24
 71
     3
 72
     8
 73
     4
 74
     0
 42
0.0000000001
 43
0.0000000001
 40
0.0
 40
0.0
 40
0.0
 40
0.0
 40
1.0
 40
1.0
 40
1.0
 40
1.0
 10
-6.64977
 20
-5.52976
 30
0.0
 10
-6.64977
 20
-5.52976
 30
0.0
 10
-6.65329
 20
-5.5333
 30
0.0
 10
-6.65329
 20
-5.5333
 30
0.0
  0
SPLINE
  5
1BE
330
1F
100
AcDbEntity
  8
Camada 1
 62
   251
370
     9
100
AcDbSpline
210
0.0
220
0.0
230
1.0
 70
    24
 71
     3
 72
     8
 73
     4
 74
     0
 42
0.0000000001
 43
0.0000000001
 40
0.0
 40
0.0
 40
0.0
 40
0.0
 40
1.0
 40
1.0
 40
1.0
 40
1.0
 10
-6.65329
 20
-5.28978
 30
0.0
 10
-6.65329
 20
-5.28978
 30
0.0
 10
-6.65329
 20
-5.5333
 30
0.0
 10
-6.65329
 20
-5.5333
 30
0.0
  0
SPLINE
  5
1BF
330
1F
100
AcDbEntity
  8
Camada 1
 62
   251
370
     9
100
AcDbSpline
210
0.0
220
0.0
230
1.0
 70
    24
 71
     3
 72
     8
 73
     4
 74
     0
 42
0.0000000001
 43
0.0000000001
 40
0.0
 40
0.0
 40
0.0
 40
0.0
 40
1.0
 40
1.0
 40
1.0
 40
1.0
 10
-6.65329
 20
-5.5333
 30
0.0
 10
-6.65329
 20
-5.5333
 30
0.0
 10
-6.60741
 20
-5.5333
 30
0.0
 10
-6.60741
 20
-5.5333
 30
0.0
  0
SPLINE
  5
1C0
330
1F
100
AcDbEntity
  8
Camada 1
 62
   251
370
     9
100
AcDbSpline
210
0.0
220
0.0
230
1.0
 70
    24
 71
     3
 72
     8
 73
     4
 74
     0
 42
0.0000000001
 43
0.0000000001
 40
0.0
 40
0.0
 40
0.0
 40
0.0
 40
1.0
 40
1.0
 40
1.0
 40
1.0
 10
-6.40979
 20
-5.22979
 30
0.0
 10
-6.40979
 20
-5.22979
 30
0.0
 10
-6.45567
 20
-5.22979
 30
0.0
 10
-6.45567
 20
-5.22979
 30
0.0
  0
SPLINE
  5
1C1
330
1F
100
AcDbEntity
  8
Camada 1
 62
   251
370
     9
100
AcDbSpline
210
0.0
220
0.0
230
1.0
 70
    24
 71
     3
 72
     8
 73
     4
 74
     0
 42
0.0000000001
 43
0.0000000001
 40
0.0
 40
0.0
 40
0.0
 40
0.0
 40
1.0
 40
1.0
 40
1.0
 40
1.0
 10
-6.57565
 20
-5.29331
 30
0.0
 10
-6.57565
 20
-5.29331
 30
0.0
 10
-6.57565
 20
-5.28978
 30
0.0
 10
-6.57565
 20
-5.28978
 30
0.0
  0
SPLINE
  5
1C2
330
1F
100
AcDbEntity
  8
Camada 1
 62
   251
370
     9
100
AcDbSpline
210
0.0
220
0.0
230
1.0
 70
     8
 71
     3
 72
    14
 73
    10
 74
     0
 42
0.0000000001
 43
0.0000000001
 40
0.0
 40
0.0
 40
0.0
 40
0.0
 40
0.3333333333333333
 40
0.3333333333333333
 40
0.3333333333333333
 40
0.6666666666666666
 40
0.6666666666666666
 40
0.6666666666666666
 40
1.0
 40
1.0
 40
1.0
 40
1.0
 10
-6.57565
 20
-5.28978
 30
0.0
 10
-6.57565
 20
-5.28978
 30
0.0
 10
-6.58625
 20
-5.28978
 30
0.0
 10
-6.58625
 20
-5.28978
 30
0.0
 10
-6.58625
 20
-5.28978
 30
0.0
 10
-6.59683
 20
-5.28978
 30
0.0
 10
-6.59683
 20
-5.28978
 30
0.0
 10
-6.59683
 20
-5.28978
 30
0.0
 10
-6.60741
 20
-5.29331
 30
0.0
 10
-6.60741
 20
-5.29331
 30
0.0
  0
SPLINE
  5
1C3
330
1F
100
AcDbEntity
  8
Camada 1
 62
   251
370
     9
100
AcDbSpline
210
0.0
220
0.0
230
1.0
 70
     8
 71
     3
 72
    20
 73
    16
 74
     0
 42
0.0000000001
 43
0.0000000001
 40
0.0
 40
0.0
 40
0.0
 40
0.0
 40
0.2
 40
0.2
 40
0.2
 40
0.4
 40
0.4
 40
0.4
 40
0.6000000000000001
 40
0.6000000000000001
 40
0.6000000000000001
 40
0.8
 40
0.8
 40
0.8
 40
1.0
 40
1.0
 40
1.0
 40
1.0
 10
-7.53205
 20
-5.498
 30
0.0
 10
-7.53205
 20
-5.498
 30
0.0
 10
-7.52147
 20
-5.4733
 30
0.0
 10
-7.52147
 20
-5.4733
 30
0.0
 10
-7.52147
 20
-5.4733
 30
0.0
 10
-7.52147
 20
-5.45919
 30
0.0
 10
-7.52147
 20
-5.45919
 30
0.0
 10
-7.52147
 20
-5.45919
 30
0.0
 10
-7.52852
 20
-5.44154
 30
0.0
 10
-7.52852
 20
-5.44154
 30
0.0
 10
-7.52852
 20
-5.44154
 30
0.0
 10
-7.54263
 20
-5.42036
 30
0.0
 10
-7.54263
 20
-5.42036
 30
0.0
 10
-7.54263
 20
-5.42036
 30
0.0
 10
-7.59204
 20
-5.38154
 30
0.0
 10
-7.59204
 20
-5.38154
 30
0.0
  0
SPLINE
  5
1C4
330
1F
100
AcDbEntity
  8
Camada 1
 62
   251
370
     9
100
AcDbSpline
210
0.0
220
0.0
230
1.0
 70
     8
 71
     3
 72
    14
 73
    10
 74
     0
 42
0.0000000001
 43
0.0000000001
 40
0.0
 40
0.0
 40
0.0
 40
0.0
 40
0.3333333333333333
 40
0.3333333333333333
 40
0.3333333333333333
 40
0.6666666666666666
 40
0.6666666666666666
 40
0.6666666666666666
 40
1.0
 40
1.0
 40
1.0
 40
1.0
 10
-7.59557
 20
-5.52976
 30
0.0
 10
-7.59557
 20
-5.52976
 30
0.0
 10
-7.57087
 20
-5.52623
 30
0.0
 10
-7.57087
 20
-5.52623
 30
0.0
 10
-7.57087
 20
-5.52623
 30
0.0
 10
-7.54617
 20
-5.51212
 30
0.0
 10
-7.54617
 20
-5.51212
 30
0.0
 10
-7.54617
 20
-5.51212
 30
0.0
 10
-7.53205
 20
-5.498
 30
0.0
 10
-7.53205
 20
-5.498
 30
0.0
  0
SPLINE
  5
1C5
330
1F
100
AcDbEntity
  8
Camada 1
 62
   251
370
     9
100
AcDbSpline
210
0.0
220
0.0
230
1.0
 70
    24
 71
     3
 72
     8
 73
     4
 74
     0
 42
0.0000000001
 43
0.0000000001
 40
0.0
 40
0.0
 40
0.0
 40
0.0
 40
1.0
 40
1.0
 40
1.0
 40
1.0
 10
-7.6238
 20
-5.52976
 30
0.0
 10
-7.6238
 20
-5.52976
 30
0.0
 10
-7.59557
 20
-5.52976
 30
0.0
 10
-7.59557
 20
-5.52976
 30
0.0
  0
SPLINE
  5
1C6
330
1F
100
AcDbEntity
  8
Camada 1
 62
   251
370
     9
100
AcDbSpline
210
0.0
220
0.0
230
1.0
 70
    24
 71
     3
 72
     8
 73
     4
 74
     0
 42
0.0000000001
 43
0.0000000001
 40
0.0
 40
0.0
 40
0.0
 40
0.0
 40
1.0
 40
1.0
 40
1.0
 40
1.0
 10
-7.53205
 20
-5.498
 30
0.0
 10
-7.53205
 20
-5.498
 30
0.0
 10
-7.52852
 20
-5.498
 30
0.0
 10
-7.52852
 20
-5.498
 30
0.0
  0
SPLINE
  5
1C7
330
1F
100
AcDbEntity
  8
Camada 1
 62
   251
370
     9
100
AcDbSpline
210
0.0
220
0.0
230
1.0
 70
     8
 71
     3
 72
    20
 73
    16
 74
     0
 42
0.0000000001
 43
0.0000000001
 40
0.0
 40
0.0
 40
0.0
 40
0.0
 40
0.2
 40
0.2
 40
0.2
 40
0.4
 40
0.4
 40
0.4
 40
0.6000000000000001
 40
0.6000000000000001
 40
0.6000000000000001
 40
0.8
 40
0.8
 40
0.8
 40
1.0
 40
1.0
 40
1.0
 40
1.0
 10
-7.52852
 20
-5.498
 30
0.0
 10
-7.52852
 20
-5.498
 30
0.0
 10
-7.51793
 20
-5.47683
 30
0.0
 10
-7.51793
 20
-5.47683
 30
0.0
 10
-7.51793
 20
-5.47683
 30
0.0
 10
-7.51793
 20
-5.45919
 30
0.0
 10
-7.51793
 20
-5.45919
 30
0.0
 10
-7.51793
 20
-5.45919
 30
0.0
 10
-7.52499
 20
-5.44154
 30
0.0
 10
-7.52499
 20
-5.44154
 30
0.0
 10
-7.52499
 20
-5.44154
 30
0.0
 10
-7.53911
 20
-5.42036
 30
0.0
 10
-7.53911
 20
-5.42036
 30
0.0
 10
-7.53911
 20
-5.42036
 30
0.0
 10
-7.58851
 20
-5.37802
 30
0.0
 10
-7.58851
 20
-5.37802
 30
0.0
  0
SPLINE
  5
1C8
330
1F
100
AcDbEntity
  8
Camada 1
 62
   251
370
     9
100
AcDbSpline
210
0.0
220
0.0
230
1.0
 70
    24
 71
     3
 72
     8
 73
     4
 74
     0
 42
0.0000000001
 43
0.0000000001
 40
0.0
 40
0.0
 40
0.0
 40
0.0
 40
1.0
 40
1.0
 40
1.0
 40
1.0
 10
-6.45213
 20
-5.52976
 30
0.0
 10
-6.45213
 20
-5.52976
 30
0.0
 10
-6.45567
 20
-5.5333
 30
0.0
 10
-6.45567
 20
-5.5333
 30
0.0
  0
SPLINE
  5
1C9
330
1F
100
AcDbEntity
  8
Camada 1
 62
   251
370
     9
100
AcDbSpline
210
0.0
220
0.0
230
1.0
 70
    24
 71
     3
 72
     8
 73
     4
 74
     0
 42
0.0000000001
 43
0.0000000001
 40
0.0
 40
0.0
 40
0.0
 40
0.0
 40
1.0
 40
1.0
 40
1.0
 40
1.0
 10
-6.45567
 20
-5.5333
 30
0.0
 10
-6.45567
 20
-5.5333
 30
0.0
 10
-6.40979
 20
-5.5333
 30
0.0
 10
-6.40979
 20
-5.5333
 30
0.0
  0
SPLINE
  5
1CA
330
1F
100
AcDbEntity
  8
Camada 1
 62
   251
370
     9
100
AcDbSpline
210
0.0
220
0.0
230
1.0
 70
    24
 71
     3
 72
     8
 73
     4
 74
     0
 42
0.0000000001
 43
0.0000000001
 40
0.0
 40
0.0
 40
0.0
 40
0.0
 40
1.0
 40
1.0
 40
1.0
 40
1.0
 10
-6.45213
 20
-5.29331
 30
0.0
 10
-6.45213
 20
-5.29331
 30
0.0
 10
-6.45567
 20
-5.28978
 30
0.0
 10
-6.45567
 20
-5.28978
 30
0.0
  0
SPLINE
  5
1CB
330
1F
100
AcDbEntity
  8
Camada 1
 62
   251
370
     9
100
AcDbSpline
210
0.0
220
0.0
230
1.0
 70
    24
 71
     3
 72
     8
 73
     4
 74
     0
 42
0.0000000001
 43
0.0000000001
 40
0.0
 40
0.0
 40
0.0
 40
0.0
 40
1.0
 40
1.0
 40
1.0
 40
1.0
 10
-6.40979
 20
-5.28978
 30
0.0
 10
-6.40979
 20
-5.28978
 30
0.0
 10
-6.45567
 20
-5.28978
 30
0.0
 10
-6.45567
 20
-5.28978
 30
0.0
  0
SPLINE
  5
1CC
330
1F
100
AcDbEntity
  8
Camada 1
 62
   251
370
     9
100
AcDbSpline
210
0.0
220
0.0
230
1.0
 70
    24
 71
     3
 72
     8
 73
     4
 74
     0
 42
0.0000000001
 43
0.0000000001
 40
0.0
 40
0.0
 40
0.0
 40
0.0
 40
1.0
 40
1.0
 40
1.0
 40
1.0
 10
-6.54742
 20
-5.28978
 30
0.0
 10
-6.54742
 20
-5.28978
 30
0.0
 10
-6.57565
 20
-5.28978
 30
0.0
 10
-6.57565
 20
-5.28978
 30
0.0
  0
SPLINE
  5
1CD
330
1F
100
AcDbEntity
  8
Camada 1
 62
   251
370
     9
100
AcDbSpline
210
0.0
220
0.0
230
1.0
 70
    24
 71
     3
 72
     8
 73
     4
 74
     0
 42
0.0000000001
 43
0.0000000001
 40
0.0
 40
0.0
 40
0.0
 40
0.0
 40
1.0
 40
1.0
 40
1.0
 40
1.0
 10
-7.59557
 20
-5.52976
 30
0.0
 10
-7.59557
 20
-5.52976
 30
0.0
 10
-7.59557
 20
-5.5333
 30
0.0
 10
-7.59557
 20
-5.5333
 30
0.0
  0
SPLINE
  5
1CE
330
1F
100
AcDbEntity
  8
Camada 1
 62
   251
370
     9
100
AcDbSpline
210
0.0
220
0.0
230
1.0
 70
     8
 71
     3
 72
    14
 73
    10
 74
     0
 42
0.0000000001
 43
0.0000000001
 40
0.0
 40
0.0
 40
0.0
 40
0.0
 40
0.3333333333333333
 40
0.3333333333333333
 40
0.3333333333333333
 40
0.6666666666666666
 40
0.6666666666666666
 40
0.6666666666666666
 40
1.0
 40
1.0
 40
1.0
 40
1.0
 10
-7.59557
 20
-5.5333
 30
0.0
 10
-7.59557
 20
-5.5333
 30
0.0
 10
-7.57087
 20
-5.52976
 30
0.0
 10
-7.57087
 20
-5.52976
 30
0.0
 10
-7.57087
 20
-5.52976
 30
0.0
 10
-7.54617
 20
-5.51565
 30
0.0
 10
-7.54617
 20
-5.51565
 30
0.0
 10
-7.54617
 20
-5.51565
 30
0.0
 10
-7.52852
 20
-5.498
 30
0.0
 10
-7.52852
 20
-5.498
 30
0.0
  0
SPLINE
  5
1CF
330
1F
100
AcDbEntity
  8
Camada 1
 62
   251
370
     9
100
AcDbSpline
210
0.0
220
0.0
230
1.0
 70
    24
 71
     3
 72
     8
 73
     4
 74
     0
 42
0.0000000001
 43
0.0000000001
 40
0.0
 40
0.0
 40
0.0
 40
0.0
 40
1.0
 40
1.0
 40
1.0
 40
1.0
 10
-6.45567
 20
-5.28978
 30
0.0
 10
-6.45567
 20
-5.28978
 30
0.0
 10
-6.45567
 20
-5.5333
 30
0.0
 10
-6.45567
 20
-5.5333
 30
0.0
  0
SPLINE
  5
1D0
330
1F
100
AcDbEntity
  8
Camada 1
 62
   251
370
     9
100
AcDbSpline
210
0.0
220
0.0
230
1.0
 70
    24
 71
     3
 72
     8
 73
     4
 74
     0
 42
0.0000000001
 43
0.0000000001
 40
0.0
 40
0.0
 40
0.0
 40
0.0
 40
1.0
 40
1.0
 40
1.0
 40
1.0
 10
-7.14384
 20
-5.40272
 30
0.0
 10
-7.14384
 20
-5.40272
 30
0.0
 10
-7.14384
 20
-5.35331
 30
0.0
 10
-7.14384
 20
-5.35331
 30
0.0
  0
SPLINE
  5
1D1
330
1F
100
AcDbEntity
  8
Camada 1
 62
   251
370
     9
100
AcDbSpline
210
0.0
220
0.0
230
1.0
 70
    24
 71
     3
 72
     8
 73
     4
 74
     0
 42
0.0000000001
 43
0.0000000001
 40
0.0
 40
0.0
 40
0.0
 40
0.0
 40
1.0
 40
1.0
 40
1.0
 40
1.0
 10
-7.6238
 20
-5.5333
 30
0.0
 10
-7.6238
 20
-5.5333
 30
0.0
 10
-7.59557
 20
-5.5333
 30
0.0
 10
-7.59557
 20
-5.5333
 30
0.0
  0
SPLINE
  5
1D2
330
1F
100
AcDbEntity
  8
Camada 1
 62
   251
370
     9
100
AcDbSpline
210
0.0
220
0.0
230
1.0
 70
    24
 71
     3
 72
     8
 73
     4
 74
     0
 42
0.0000000001
 43
0.0000000001
 40
0.0
 40
0.0
 40
0.0
 40
0.0
 40
1.0
 40
1.0
 40
1.0
 40
1.0
 10
-13.84921
 20
5.81992
 30
0.0
 10
-13.84921
 20
5.81992
 30
0.0
 10
-13.84921
 20
-5.82269
 30
0.0
 10
-13.84921
 20
-5.82269
 30
0.0
  0
SPLINE
  5
1D3
330
1F
100
AcDbEntity
  8
Camada 1
 62
   251
370
     9
100
AcDbSpline
210
0.0
220
0.0
230
1.0
 70
     8
 71
     3
 72
    29
 73
    25
 74
     0
 42
0.0000000001
 43
0.0000000001
 40
0.0
 40
0.0
 40
0.0
 40
0.0
 40
0.125
 40
0.125
 40
0.125
 40
0.25
 40
0.25
 40
0.25
 40
0.375
 40
0.375
 40
0.375
 40
0.5
 40
0.5
 40
0.5
 40
0.625
 40
0.625
 40
0.625
 40
0.75
 40
0.75
 40
0.75
 40
0.875
 40
0.875
 40
0.875
 40
1.0
 40
1.0
 40
1.0
 40
1.0
 10
-13.58099
 20
6.08813
 30
0.0
 10
-13.58099
 20
6.08813
 30
0.0
 10
-13.6304
 20
6.08461
 30
0.0
 10
-13.6304
 20
6.08461
 30
0.0
 10
-13.6304
 20
6.08461
 30
0.0
 10
-13.68334
 20
6.07049
 30
0.0
 10
-13.68334
 20
6.07049
 30
0.0
 10
-13.68334
 20
6.07049
 30
0.0
 10
-13.72922
 20
6.04579
 30
0.0
 10
-13.72922
 20
6.04579
 30
0.0
 10
-13.72922
 20
6.04579
 30
0.0
 10
-13.76803
 20
6.0105
 30
0.0
 10
-13.76803
 20
6.0105
 30
0.0
 10
-13.76803
 20
6.0105
 30
0.0
 10
-13.80333
 20
5.96815
 30
0.0
 10
-13.80333
 20
5.96815
 30
0.0
 10
-13.80333
 20
5.96815
 30
0.0
 10
-13.82803
 20
5.92227
 30
0.0
 10
-13.82803
 20
5.92227
 30
0.0
 10
-13.82803
 20
5.92227
 30
0.0
 10
-13.84215
 20
5.87286
 30
0.0
 10
-13.84215
 20
5.87286
 30
0.0
 10
-13.84215
 20
5.87286
 30
0.0
 10
-13.84921
 20
5.81992
 30
0.0
 10
-13.84921
 20
5.81992
 30
0.0
  0
SPLINE
  5
1D4
330
1F
100
AcDbEntity
  8
Camada 1
 62
   251
370
     9
100
AcDbSpline
210
0.0
220
0.0
230
1.0
 70
    24
 71
     3
 72
     8
 73
     4
 74
     0
 42
0.0000000001
 43
0.0000000001
 40
0.0
 40
0.0
 40
0.0
 40
0.0
 40
1.0
 40
1.0
 40
1.0
 40
1.0
 10
-5.65808
 20
6.08813
 30
0.0
 10
-5.65808
 20
6.08813
 30
0.0
 10
-13.58099
 20
6.08813
 30
0.0
 10
-13.58099
 20
6.08813
 30
0.0
  0
SPLINE
  5
1D5
330
1F
100
AcDbEntity
  8
Camada 1
 62
   251
370
     9
100
AcDbSpline
210
0.0
220
0.0
230
1.0
 70
     8
 71
     3
 72
    29
 73
    25
 74
     0
 42
0.0000000001
 43
0.0000000001
 40
0.0
 40
0.0
 40
0.0
 40
0.0
 40
0.125
 40
0.125
 40
0.125
 40
0.25
 40
0.25
 40
0.25
 40
0.375
 40
0.375
 40
0.375
 40
0.5
 40
0.5
 40
0.5
 40
0.625
 40
0.625
 40
0.625
 40
0.75
 40
0.75
 40
0.75
 40
0.875
 40
0.875
 40
0.875
 40
1.0
 40
1.0
 40
1.0
 40
1.0
 10
-5.38987
 20
5.81992
 30
0.0
 10
-5.38987
 20
5.81992
 30
0.0
 10
-5.3934
 20
5.87286
 30
0.0
 10
-5.3934
 20
5.87286
 30
0.0
 10
-5.3934
 20
5.87286
 30
0.0
 10
-5.41105
 20
5.92227
 30
0.0
 10
-5.41105
 20
5.92227
 30
0.0
 10
-5.41105
 20
5.92227
 30
0.0
 10
-5.43574
 20
5.96815
 30
0.0
 10
-5.43574
 20
5.96815
 30
0.0
 10
-5.43574
 20
5.96815
 30
0.0
 10
-5.46751
 20
6.0105
 30
0.0
 10
-5.46751
 20
6.0105
 30
0.0
 10
-5.46751
 20
6.0105
 30
0.0
 10
-5.50985
 20
6.04579
 30
0.0
 10
-5.50985
 20
6.04579
 30
0.0
 10
-5.50985
 20
6.04579
 30
0.0
 10
-5.55573
 20
6.07049
 30
0.0
 10
-5.55573
 20
6.07049
 30
0.0
 10
-5.55573
 20
6.07049
 30
0.0
 10
-5.60514
 20
6.08461
 30
0.0
 10
-5.60514
 20
6.08461
 30
0.0
 10
-5.60514
 20
6.08461
 30
0.0
 10
-5.65808
 20
6.08813
 30
0.0
 10
-5.65808
 20
6.08813
 30
0.0
  0
SPLINE
  5
1D6
330
1F
100
AcDbEntity
  8
Camada 1
 62
   251
370
     9
100
AcDbSpline
210
0.0
220
0.0
230
1.0
 70
    24
 71
     3
 72
     8
 73
     4
 74
     0
 42
0.0000000001
 43
0.0000000001
 40
0.0
 40
0.0
 40
0.0
 40
0.0
 40
1.0
 40
1.0
 40
1.0
 40
1.0
 10
-5.38987
 20
-5.82269
 30
0.0
 10
-5.38987
 20
-5.82269
 30
0.0
 10
-5.38987
 20
5.81992
 30
0.0
 10
-5.38987
 20
5.81992
 30
0.0
  0
SPLINE
  5
1D7
330
1F
100
AcDbEntity
  8
Camada 1
 62
   251
370
     9
100
AcDbSpline
210
0.0
220
0.0
230
1.0
 70
     8
 71
     3
 72
    29
 73
    25
 74
     0
 42
0.0000000001
 43
0.0000000001
 40
0.0
 40
0.0
 40
0.0
 40
0.0
 40
0.125
 40
0.125
 40
0.125
 40
0.25
 40
0.25
 40
0.25
 40
0.375
 40
0.375
 40
0.375
 40
0.5
 40
0.5
 40
0.5
 40
0.625
 40
0.625
 40
0.625
 40
0.75
 40
0.75
 40
0.75
 40
0.875
 40
0.875
 40
0.875
 40
1.0
 40
1.0
 40
1.0
 40
1.0
 10
-5.65808
 20
-6.09443
 30
0.0
 10
-5.65808
 20
-6.09443
 30
0.0
 10
-5.60514
 20
-6.08737
 30
0.0
 10
-5.60514
 20
-6.08737
 30
0.0
 10
-5.60514
 20
-6.08737
 30
0.0
 10
-5.55573
 20
-6.07325
 30
0.0
 10
-5.55573
 20
-6.07325
 30
0.0
 10
-5.55573
 20
-6.07325
 30
0.0
 10
-5.50985
 20
-6.04854
 30
0.0
 10
-5.50985
 20
-6.04854
 30
0.0
 10
-5.50985
 20
-6.04854
 30
0.0
 10
-5.46751
 20
-6.01326
 30
0.0
 10
-5.46751
 20
-6.01326
 30
0.0
 10
-5.46751
 20
-6.01326
 30
0.0
 10
-5.43574
 20
-5.97443
 30
0.0
 10
-5.43574
 20
-5.97443
 30
0.0
 10
-5.43574
 20
-5.97443
 30
0.0
 10
-5.41105
 20
-5.92856
 30
0.0
 10
-5.41105
 20
-5.92856
 30
0.0
 10
-5.41105
 20
-5.92856
 30
0.0
 10
-5.3934
 20
-5.87562
 30
0.0
 10
-5.3934
 20
-5.87562
 30
0.0
 10
-5.3934
 20
-5.87562
 30
0.0
 10
-5.38987
 20
-5.82269
 30
0.0
 10
-5.38987
 20
-5.82269
 30
0.0
  0
SPLINE
  5
1D8
330
1F
100
AcDbEntity
  8
Camada 1
 62
   251
370
     9
100
AcDbSpline
210
0.0
220
0.0
230
1.0
 70
    24
 71
     3
 72
     8
 73
     4
 74
     0
 42
0.0000000001
 43
0.0000000001
 40
0.0
 40
0.0
 40
0.0
 40
0.0
 40
1.0
 40
1.0
 40
1.0
 40
1.0
 10
-13.58099
 20
-6.09443
 30
0.0
 10
-13.58099
 20
-6.09443
 30
0.0
 10
-5.65808
 20
-6.09443
 30
0.0
 10
-5.65808
 20
-6.09443
 30
0.0
  0
SPLINE
  5
1D9
330
1F
100
AcDbEntity
  8
Camada 1
 62
   251
370
     9
100
AcDbSpline
210
0.0
220
0.0
230
1.0
 70
     8
 71
     3
 72
    29
 73
    25
 74
     0
 42
0.0000000001
 43
0.0000000001
 40
0.0
 40
0.0
 40
0.0
 40
0.0
 40
0.125
 40
0.125
 40
0.125
 40
0.25
 40
0.25
 40
0.25
 40
0.375
 40
0.375
 40
0.375
 40
0.5
 40
0.5
 40
0.5
 40
0.625
 40
0.625
 40
0.625
 40
0.75
 40
0.75
 40
0.75
 40
0.875
 40
0.875
 40
0.875
 40
1.0
 40
1.0
 40
1.0
 40
1.0
 10
-13.84921
 20
-5.82269
 30
0.0
 10
-13.84921
 20
-5.82269
 30
0.0
 10
-13.84215
 20
-5.87562
 30
0.0
 10
-13.84215
 20
-5.87562
 30
0.0
 10
-13.84215
 20
-5.87562
 30
0.0
 10
-13.82803
 20
-5.92856
 30
0.0
 10
-13.82803
 20
-5.92856
 30
0.0
 10
-13.82803
 20
-5.92856
 30
0.0
 10
-13.80333
 20
-5.97443
 30
0.0
 10
-13.80333
 20
-5.97443
 30
0.0
 10
-13.80333
 20
-5.97443
 30
0.0
 10
-13.76803
 20
-6.01326
 30
0.0
 10
-13.76803
 20
-6.01326
 30
0.0
 10
-13.76803
 20
-6.01326
 30
0.0
 10
-13.72922
 20
-6.04854
 30
0.0
 10
-13.72922
 20
-6.04854
 30
0.0
 10
-13.72922
 20
-6.04854
 30
0.0
 10
-13.68334
 20
-6.07325
 30
0.0
 10
-13.68334
 20
-6.07325
 30
0.0
 10
-13.68334
 20
-6.07325
 30
0.0
 10
-13.6304
 20
-6.08737
 30
0.0
 10
-13.6304
 20
-6.08737
 30
0.0
 10
-13.6304
 20
-6.08737
 30
0.0
 10
-13.58099
 20
-6.09443
 30
0.0
 10
-13.58099
 20
-6.09443
 30
0.0
  0
SPLINE
  5
1DA
330
1F
100
AcDbEntity
  8
Camada 1
 62
   251
370
     9
100
AcDbSpline
210
0.0
220
0.0
230
1.0
 70
    24
 71
     3
 72
     8
 73
     4
 74
     0
 42
0.0000000001
 43
0.0000000001
 40
0.0
 40
0.0
 40
0.0
 40
0.0
 40
1.0
 40
1.0
 40
1.0
 40
1.0
 10
-7.68381
 20
-3.57815
 30
0.0
 10
-7.68381
 20
-3.57815
 30
0.0
 10
-11.55174
 20
-3.57815
 30
0.0
 10
-11.55174
 20
-3.57815
 30
0.0
  0
SPLINE
  5
1DB
330
1F
100
AcDbEntity
  8
Camada 1
 62
   251
370
     9
100
AcDbSpline
210
0.0
220
0.0
230
1.0
 70
    24
 71
     3
 72
     8
 73
     4
 74
     0
 42
0.0000000001
 43
0.0000000001
 40
0.0
 40
0.0
 40
0.0
 40
0.0
 40
1.0
 40
1.0
 40
1.0
 40
1.0
 10
-7.68381
 20
3.57187
 30
0.0
 10
-7.68381
 20
3.57187
 30
0.0
 10
-7.68381
 20
-3.57815
 30
0.0
 10
-7.68381
 20
-3.57815
 30
0.0
  0
SPLINE
  5
1DC
330
1F
100
AcDbEntity
  8
Camada 1
 62
   251
370
     9
100
AcDbSpline
210
0.0
220
0.0
230
1.0
 70
    24
 71
     3
 72
     8
 73
     4
 74
     0
 42
0.0000000001
 43
0.0000000001
 40
0.0
 40
0.0
 40
0.0
 40
0.0
 40
1.0
 40
1.0
 40
1.0
 40
1.0
 10
-11.55174
 20
3.57187
 30
0.0
 10
-11.55174
 20
3.57187
 30
0.0
 10
-7.68381
 20
3.57187
 30
0.0
 10
-7.68381
 20
3.57187
 30
0.0
  0
SPLINE
  5
1DD
330
1F
100
AcDbEntity
  8
Camada 1
 62
   251
370
     9
100
AcDbSpline
210
0.0
220
0.0
230
1.0
 70
    24
 71
     3
 72
     8
 73
     4
 74
     0
 42
0.0000000001
 43
0.0000000001
 40
0.0
 40
0.0
 40
0.0
 40
0.0
 40
1.0
 40
1.0
 40
1.0
 40
1.0
 10
-11.55174
 20
-3.57815
 30
0.0
 10
-11.55174
 20
-3.57815
 30
0.0
 10
-11.55174
 20
3.57187
 30
0.0
 10
-11.55174
 20
3.57187
 30
0.0
  0
SPLINE
  5
1DE
330
1F
100
AcDbEntity
  8
Camada 1
 62
   251
370
     9
100
AcDbSpline
210
0.0
220
0.0
230
1.0
 70
     8
 71
     3
 72
    26
 73
    22
 74
     0
 42
0.0000000001
 43
0.0000000001
 40
0.0
 40
0.0
 40
0.0
 40
0.0
 40
0.1428571428571428
 40
0.1428571428571428
 40
0.1428571428571428
 40
0.2857142857142857
 40
0.2857142857142857
 40
0.2857142857142857
 40
0.4285714285714285
 40
0.4285714285714285
 40
0.4285714285714285
 40
0.5714285714285714
 40
0.5714285714285714
 40
0.5714285714285714
 40
0.7142857142857142
 40
0.7142857142857142
 40
0.7142857142857142
 40
0.8571428571428571
 40
0.8571428571428571
 40
0.8571428571428571
 40
1.0
 40
1.0
 40
1.0
 40
1.0
 10
-11.51998
 20
-3.55698
 30
0.0
 10
-11.51998
 20
-3.55698
 30
0.0
 10
-11.52351
 20
-3.55698
 30
0.0
 10
-11.52351
 20
-3.55698
 30
0.0
 10
-11.52351
 20
-3.55698
 30
0.0
 10
-11.52703
 20
-3.56051
 30
0.0
 10
-11.52703
 20
-3.56051
 30
0.0
 10
-11.52703
 20
-3.56051
 30
0.0
 10
-11.53057
 20
-3.56404
 30
0.0
 10
-11.53057
 20
-3.56404
 30
0.0
 10
-11.53057
 20
-3.56404
 30
0.0
 10
-11.5341
 20
-3.56404
 30
0.0
 10
-11.5341
 20
-3.56404
 30
0.0
 10
-11.5341
 20
-3.56404
 30
0.0
 10
-11.54115
 20
-3.56757
 30
0.0
 10
-11.54115
 20
-3.56757
 30
0.0
 10
-11.54115
 20
-3.56757
 30
0.0
 10
-11.54468
 20
-3.57109
 30
0.0
 10
-11.54468
 20
-3.57109
 30
0.0
 10
-11.54468
 20
-3.57109
 30
0.0
 10
-11.55174
 20
-3.57815
 30
0.0
 10
-11.55174
 20
-3.57815
 30
0.0
  0
SPLINE
  5
1DF
330
1F
100
AcDbEntity
  8
Camada 1
 62
   251
370
     9
100
AcDbSpline
210
0.0
220
0.0
230
1.0
 70
    24
 71
     3
 72
     8
 73
     4
 74
     0
 42
0.0000000001
 43
0.0000000001
 40
0.0
 40
0.0
 40
0.0
 40
0.0
 40
1.0
 40
1.0
 40
1.0
 40
1.0
 10
-11.51998
 20
-3.55698
 30
0.0
 10
-11.51998
 20
-3.55698
 30
0.0
 10
-7.71557
 20
-3.55698
 30
0.0
 10
-7.71557
 20
-3.55698
 30
0.0
  0
SPLINE
  5
1E0
330
1F
100
AcDbEntity
  8
Camada 1
 62
   251
370
     9
100
AcDbSpline
210
0.0
220
0.0
230
1.0
 70
     8
 71
     3
 72
    26
 73
    22
 74
     0
 42
0.0000000001
 43
0.0000000001
 40
0.0
 40
0.0
 40
0.0
 40
0.0
 40
0.1428571428571428
 40
0.1428571428571428
 40
0.1428571428571428
 40
0.2857142857142857
 40
0.2857142857142857
 40
0.2857142857142857
 40
0.4285714285714285
 40
0.4285714285714285
 40
0.4285714285714285
 40
0.5714285714285714
 40
0.5714285714285714
 40
0.5714285714285714
 40
0.7142857142857142
 40
0.7142857142857142
 40
0.7142857142857142
 40
0.8571428571428571
 40
0.8571428571428571
 40
0.8571428571428571
 40
1.0
 40
1.0
 40
1.0
 40
1.0
 10
-7.68381
 20
-3.57815
 30
0.0
 10
-7.68381
 20
-3.57815
 30
0.0
 10
-7.69087
 20
-3.57109
 30
0.0
 10
-7.69087
 20
-3.57109
 30
0.0
 10
-7.69087
 20
-3.57109
 30
0.0
 10
-7.6944
 20
-3.56757
 30
0.0
 10
-7.6944
 20
-3.56757
 30
0.0
 10
-7.6944
 20
-3.56757
 30
0.0
 10
-7.70145
 20
-3.56404
 30
0.0
 10
-7.70145
 20
-3.56404
 30
0.0
 10
-7.70145
 20
-3.56404
 30
0.0
 10
-7.70499
 20
-3.56404
 30
0.0
 10
-7.70499
 20
-3.56404
 30
0.0
 10
-7.70499
 20
-3.56404
 30
0.0
 10
-7.70852
 20
-3.56051
 30
0.0
 10
-7.70852
 20
-3.56051
 30
0.0
 10
-7.70852
 20
-3.56051
 30
0.0
 10
-7.71205
 20
-3.55698
 30
0.0
 10
-7.71205
 20
-3.55698
 30
0.0
 10
-7.71205
 20
-3.55698
 30
0.0
 10
-7.71557
 20
-3.55698
 30
0.0
 10
-7.71557
 20
-3.55698
 30
0.0
  0
SPLINE
  5
1E1
330
1F
100
AcDbEntity
  8
Camada 1
 62
   251
370
     9
100
AcDbSpline
210
0.0
220
0.0
230
1.0
 70
     8
 71
     3
 72
    29
 73
    25
 74
     0
 42
0.0000000001
 43
0.0000000001
 40
0.0
 40
0.0
 40
0.0
 40
0.0
 40
0.125
 40
0.125
 40
0.125
 40
0.25
 40
0.25
 40
0.25
 40
0.375
 40
0.375
 40
0.375
 40
0.5
 40
0.5
 40
0.5
 40
0.625
 40
0.625
 40
0.625
 40
0.75
 40
0.75
 40
0.75
 40
0.875
 40
0.875
 40
0.875
 40
1.0
 40
1.0
 40
1.0
 40
1.0
 10
-5.36869
 20
-5.82269
 30
0.0
 10
-5.36869
 20
-5.82269
 30
0.0
 10
-5.37575
 20
-5.87915
 30
0.0
 10
-5.37575
 20
-5.87915
 30
0.0
 10
-5.37575
 20
-5.87915
 30
0.0
 10
-5.3934
 20
-5.93562
 30
0.0
 10
-5.3934
 20
-5.93562
 30
0.0
 10
-5.3934
 20
-5.93562
 30
0.0
 10
-5.4181
 20
-5.98502
 30
0.0
 10
-5.4181
 20
-5.98502
 30
0.0
 10
-5.4181
 20
-5.98502
 30
0.0
 10
-5.45339
 20
-6.02737
 30
0.0
 10
-5.45339
 20
-6.02737
 30
0.0
 10
-5.45339
 20
-6.02737
 30
0.0
 10
-5.49927
 20
-6.06619
 30
0.0
 10
-5.49927
 20
-6.06619
 30
0.0
 10
-5.49927
 20
-6.06619
 30
0.0
 10
-5.54868
 20
-6.0909
 30
0.0
 10
-5.54868
 20
-6.0909
 30
0.0
 10
-5.54868
 20
-6.0909
 30
0.0
 10
-5.60162
 20
-6.10855
 30
0.0
 10
-5.60162
 20
-6.10855
 30
0.0
 10
-5.60162
 20
-6.10855
 30
0.0
 10
-5.65808
 20
-6.11208
 30
0.0
 10
-5.65808
 20
-6.11208
 30
0.0
  0
SPLINE
  5
1E2
330
1F
100
AcDbEntity
  8
Camada 1
 62
   251
370
     9
100
AcDbSpline
210
0.0
220
0.0
230
1.0
 70
    24
 71
     3
 72
    23
 73
    19
 74
     0
 42
0.0000000001
 43
0.0000000001
 40
0.0
 40
0.0
 40
0.0
 40
0.0
 40
0.1666666666666667
 40
0.1666666666666667
 40
0.1666666666666667
 40
0.3333333333333333
 40
0.3333333333333333
 40
0.3333333333333333
 40
0.5
 40
0.5
 40
0.5
 40
0.6666666666666666
 40
0.6666666666666666
 40
0.6666666666666666
 40
0.8333333333333333
 40
0.8333333333333333
 40
0.8333333333333333
 40
1.0
 40
1.0
 40
1.0
 40
1.0
 10
-5.65808
 20
-6.11208
 30
0.0
 10
-5.65808
 20
-6.11208
 30
0.0
 10
-5.65808
 20
-6.11208
 30
0.0
 10
-5.65808
 20
-6.11208
 30
0.0
 10
-5.65808
 20
-6.11208
 30
0.0
 10
-5.65808
 20
-6.10855
 30
0.0
 10
-5.65808
 20
-6.10855
 30
0.0
 10
-5.65808
 20
-6.10855
 30
0.0
 10
-5.65808
 20
-6.10501
 30
0.0
 10
-5.65808
 20
-6.10501
 30
0.0
 10
-5.65808
 20
-6.10501
 30
0.0
 10
-5.65808
 20
-6.10148
 30
0.0
 10
-5.65808
 20
-6.10148
 30
0.0
 10
-5.65808
 20
-6.10148
 30
0.0
 10
-5.65808
 20
-6.09795
 30
0.0
 10
-5.65808
 20
-6.09795
 30
0.0
 10
-5.65808
 20
-6.09795
 30
0.0
 10
-5.65808
 20
-6.09443
 30
0.0
 10
-5.65808
 20
-6.09443
 30
0.0
  0
SPLINE
  5
1E3
330
1F
100
AcDbEntity
  8
Camada 1
 62
   251
370
     9
100
AcDbSpline
210
0.0
220
0.0
230
1.0
 70
    24
 71
     3
 72
    26
 73
    22
 74
     0
 42
0.0000000001
 43
0.0000000001
 40
0.0
 40
0.0
 40
0.0
 40
0.0
 40
0.1428571428571428
 40
0.1428571428571428
 40
0.1428571428571428
 40
0.2857142857142857
 40
0.2857142857142857
 40
0.2857142857142857
 40
0.4285714285714285
 40
0.4285714285714285
 40
0.4285714285714285
 40
0.5714285714285714
 40
0.5714285714285714
 40
0.5714285714285714
 40
0.7142857142857142
 40
0.7142857142857142
 40
0.7142857142857142
 40
0.8571428571428571
 40
0.8571428571428571
 40
0.8571428571428571
 40
1.0
 40
1.0
 40
1.0
 40
1.0
 10
-5.36869
 20
-5.82269
 30
0.0
 10
-5.36869
 20
-5.82269
 30
0.0
 10
-5.36869
 20
-5.82269
 30
0.0
 10
-5.36869
 20
-5.82269
 30
0.0
 10
-5.36869
 20
-5.82269
 30
0.0
 10
-5.37222
 20
-5.82269
 30
0.0
 10
-5.37222
 20
-5.82269
 30
0.0
 10
-5.37222
 20
-5.82269
 30
0.0
 10
-5.37575
 20
-5.82269
 30
0.0
 10
-5.37575
 20
-5.82269
 30
0.0
 10
-5.37575
 20
-5.82269
 30
0.0
 10
-5.37928
 20
-5.82269
 30
0.0
 10
-5.37928
 20
-5.82269
 30
0.0
 10
-5.37928
 20
-5.82269
 30
0.0
 10
-5.3828
 20
-5.82269
 30
0.0
 10
-5.3828
 20
-5.82269
 30
0.0
 10
-5.3828
 20
-5.82269
 30
0.0
 10
-5.38634
 20
-5.82269
 30
0.0
 10
-5.38634
 20
-5.82269
 30
0.0
 10
-5.38634
 20
-5.82269
 30
0.0
 10
-5.38987
 20
-5.82269
 30
0.0
 10
-5.38987
 20
-5.82269
 30
0.0
  0
SPLINE
  5
1E4
330
1F
100
AcDbEntity
  8
Camada 1
 62
   251
370
     9
100
AcDbSpline
210
0.0
220
0.0
230
1.0
 70
     8
 71
     3
 72
    29
 73
    25
 74
     0
 42
0.0000000001
 43
0.0000000001
 40
0.0
 40
0.0
 40
0.0
 40
0.0
 40
0.125
 40
0.125
 40
0.125
 40
0.25
 40
0.25
 40
0.25
 40
0.375
 40
0.375
 40
0.375
 40
0.5
 40
0.5
 40
0.5
 40
0.625
 40
0.625
 40
0.625
 40
0.75
 40
0.75
 40
0.75
 40
0.875
 40
0.875
 40
0.875
 40
1.0
 40
1.0
 40
1.0
 40
1.0
 10
-7.70499
 20
-3.54639
 30
0.0
 10
-7.70499
 20
-3.54639
 30
0.0
 10
-7.70499
 20
-3.54639
 30
0.0
 10
-7.70499
 20
-3.54639
 30
0.0
 10
-7.70499
 20
-3.54639
 30
0.0
 10
-7.70145
 20
-3.54992
 30
0.0
 10
-7.70145
 20
-3.54992
 30
0.0
 10
-7.70145
 20
-3.54992
 30
0.0
 10
-7.70145
 20
-3.55346
 30
0.0
 10
-7.70145
 20
-3.55346
 30
0.0
 10
-7.70145
 20
-3.55346
 30
0.0
 10
-7.69792
 20
-3.55698
 30
0.0
 10
-7.69792
 20
-3.55698
 30
0.0
 10
-7.69792
 20
-3.55698
 30
0.0
 10
-7.6944
 20
-3.56051
 30
0.0
 10
-7.6944
 20
-3.56051
 30
0.0
 10
-7.6944
 20
-3.56051
 30
0.0
 10
-7.69087
 20
-3.56404
 30
0.0
 10
-7.69087
 20
-3.56404
 30
0.0
 10
-7.69087
 20
-3.56404
 30
0.0
 10
-7.68734
 20
-3.57109
 30
0.0
 10
-7.68734
 20
-3.57109
 30
0.0
 10
-7.68734
 20
-3.57109
 30
0.0
 10
-7.68381
 20
-3.57815
 30
0.0
 10
-7.68381
 20
-3.57815
 30
0.0
  0
SPLINE
  5
1E5
330
1F
100
AcDbEntity
  8
Camada 1
 62
   251
370
     9
100
AcDbSpline
210
0.0
220
0.0
230
1.0
 70
     8
 71
     3
 72
    23
 73
    19
 74
     0
 42
0.0000000001
 43
0.0000000001
 40
0.0
 40
0.0
 40
0.0
 40
0.0
 40
0.1666666666666667
 40
0.1666666666666667
 40
0.1666666666666667
 40
0.3333333333333333
 40
0.3333333333333333
 40
0.3333333333333333
 40
0.5
 40
0.5
 40
0.5
 40
0.6666666666666666
 40
0.6666666666666666
 40
0.6666666666666666
 40
0.8333333333333333
 40
0.8333333333333333
 40
0.8333333333333333
 40
1.0
 40
1.0
 40
1.0
 40
1.0
 10
-7.70499
 20
-3.54639
 30
0.0
 10
-7.70499
 20
-3.54639
 30
0.0
 10
-7.70499
 20
-3.54992
 30
0.0
 10
-7.70499
 20
-3.54992
 30
0.0
 10
-7.70499
 20
-3.54992
 30
0.0
 10
-7.70499
 20
-3.55346
 30
0.0
 10
-7.70499
 20
-3.55346
 30
0.0
 10
-7.70499
 20
-3.55346
 30
0.0
 10
-7.70852
 20
-3.55346
 30
0.0
 10
-7.70852
 20
-3.55346
 30
0.0
 10
-7.70852
 20
-3.55346
 30
0.0
 10
-7.70852
 20
-3.55698
 30
0.0
 10
-7.70852
 20
-3.55698
 30
0.0
 10
-7.70852
 20
-3.55698
 30
0.0
 10
-7.71205
 20
-3.55698
 30
0.0
 10
-7.71205
 20
-3.55698
 30
0.0
 10
-7.71205
 20
-3.55698
 30
0.0
 10
-7.71557
 20
-3.55698
 30
0.0
 10
-7.71557
 20
-3.55698
 30
0.0
  0
SPLINE
  5
1E6
330
1F
100
AcDbEntity
  8
Camada 1
 62
   251
370
     9
100
AcDbSpline
210
0.0
220
0.0
230
1.0
 70
    24
 71
     3
 72
    20
 73
    16
 74
     0
 42
0.0000000001
 43
0.0000000001
 40
0.0
 40
0.0
 40
0.0
 40
0.0
 40
0.2
 40
0.2
 40
0.2
 40
0.4
 40
0.4
 40
0.4
 40
0.6000000000000001
 40
0.6000000000000001
 40
0.6000000000000001
 40
0.8
 40
0.8
 40
0.8
 40
1.0
 40
1.0
 40
1.0
 40
1.0
 10
-13.84921
 20
5.81992
 30
0.0
 10
-13.84921
 20
5.81992
 30
0.0
 10
-13.85274
 20
5.81992
 30
0.0
 10
-13.85274
 20
5.81992
 30
0.0
 10
-13.85274
 20
5.81992
 30
0.0
 10
-13.85627
 20
5.81992
 30
0.0
 10
-13.85627
 20
5.81992
 30
0.0
 10
-13.85627
 20
5.81992
 30
0.0
 10
-13.85979
 20
5.81992
 30
0.0
 10
-13.85979
 20
5.81992
 30
0.0
 10
-13.85979
 20
5.81992
 30
0.0
 10
-13.86332
 20
5.81992
 30
0.0
 10
-13.86332
 20
5.81992
 30
0.0
 10
-13.86332
 20
5.81992
 30
0.0
 10
-13.86685
 20
5.81992
 30
0.0
 10
-13.86685
 20
5.81992
 30
0.0
  0
SPLINE
  5
1E7
330
1F
100
AcDbEntity
  8
Camada 1
 62
   251
370
     9
100
AcDbSpline
210
0.0
220
0.0
230
1.0
 70
     8
 71
     3
 72
    29
 73
    25
 74
     0
 42
0.0000000001
 43
0.0000000001
 40
0.0
 40
0.0
 40
0.0
 40
0.0
 40
0.125
 40
0.125
 40
0.125
 40
0.25
 40
0.25
 40
0.25
 40
0.375
 40
0.375
 40
0.375
 40
0.5
 40
0.5
 40
0.5
 40
0.625
 40
0.625
 40
0.625
 40
0.75
 40
0.75
 40
0.75
 40
0.875
 40
0.875
 40
0.875
 40
1.0
 40
1.0
 40
1.0
 40
1.0
 10
-13.86685
 20
5.81992
 30
0.0
 10
-13.86685
 20
5.81992
 30
0.0
 10
-13.86332
 20
5.87639
 30
0.0
 10
-13.86332
 20
5.87639
 30
0.0
 10
-13.86332
 20
5.87639
 30
0.0
 10
-13.84567
 20
5.92932
 30
0.0
 10
-13.84567
 20
5.92932
 30
0.0
 10
-13.84567
 20
5.92932
 30
0.0
 10
-13.82097
 20
5.98226
 30
0.0
 10
-13.82097
 20
5.98226
 30
0.0
 10
-13.82097
 20
5.98226
 30
0.0
 10
-13.78215
 20
6.02461
 30
0.0
 10
-13.78215
 20
6.02461
 30
0.0
 10
-13.78215
 20
6.02461
 30
0.0
 10
-13.7398
 20
6.0599
 30
0.0
 10
-13.7398
 20
6.0599
 30
0.0
 10
-13.7398
 20
6.0599
 30
0.0
 10
-13.69039
 20
6.08813
 30
0.0
 10
-13.69039
 20
6.08813
 30
0.0
 10
-13.69039
 20
6.08813
 30
0.0
 10
-13.63393
 20
6.10225
 30
0.0
 10
-13.63393
 20
6.10225
 30
0.0
 10
-13.63393
 20
6.10225
 30
0.0
 10
-13.58099
 20
6.10931
 30
0.0
 10
-13.58099
 20
6.10931
 30
0.0
  0
SPLINE
  5
1E8
330
1F
100
AcDbEntity
  8
Camada 1
 62
   251
370
     9
100
AcDbSpline
210
0.0
220
0.0
230
1.0
 70
    24
 71
     3
 72
    23
 73
    19
 74
     0
 42
0.0000000001
 43
0.0000000001
 40
0.0
 40
0.0
 40
0.0
 40
0.0
 40
0.1666666666666667
 40
0.1666666666666667
 40
0.1666666666666667
 40
0.3333333333333333
 40
0.3333333333333333
 40
0.3333333333333333
 40
0.5
 40
0.5
 40
0.5
 40
0.6666666666666666
 40
0.6666666666666666
 40
0.6666666666666666
 40
0.8333333333333333
 40
0.8333333333333333
 40
0.8333333333333333
 40
1.0
 40
1.0
 40
1.0
 40
1.0
 10
-13.58099
 20
6.08813
 30
0.0
 10
-13.58099
 20
6.08813
 30
0.0
 10
-13.58099
 20
6.09167
 30
0.0
 10
-13.58099
 20
6.09167
 30
0.0
 10
-13.58099
 20
6.09167
 30
0.0
 10
-13.58099
 20
6.0952
 30
0.0
 10
-13.58099
 20
6.0952
 30
0.0
 10
-13.58099
 20
6.0952
 30
0.0
 10
-13.58099
 20
6.09873
 30
0.0
 10
-13.58099
 20
6.09873
 30
0.0
 10
-13.58099
 20
6.09873
 30
0.0
 10
-13.58099
 20
6.10225
 30
0.0
 10
-13.58099
 20
6.10225
 30
0.0
 10
-13.58099
 20
6.10225
 30
0.0
 10
-13.58099
 20
6.10578
 30
0.0
 10
-13.58099
 20
6.10578
 30
0.0
 10
-13.58099
 20
6.10578
 30
0.0
 10
-13.58099
 20
6.10931
 30
0.0
 10
-13.58099
 20
6.10931
 30
0.0
  0
SPLINE
  5
1E9
330
1F
100
AcDbEntity
  8
Camada 1
 62
   251
370
     9
100
AcDbSpline
210
0.0
220
0.0
230
1.0
 70
    24
 71
     3
 72
     8
 73
     4
 74
     0
 42
0.0000000001
 43
0.0000000001
 40
0.0
 40
0.0
 40
0.0
 40
0.0
 40
1.0
 40
1.0
 40
1.0
 40
1.0
 10
-5.36869
 20
5.81992
 30
0.0
 10
-5.36869
 20
5.81992
 30
0.0
 10
-5.36869
 20
-5.82269
 30
0.0
 10
-5.36869
 20
-5.82269
 30
0.0
  0
SPLINE
  5
1EA
330
1F
100
AcDbEntity
  8
Camada 1
 62
   251
370
     9
100
AcDbSpline
210
0.0
220
0.0
230
1.0
 70
    24
 71
     3
 72
    26
 73
    22
 74
     0
 42
0.0000000001
 43
0.0000000001
 40
0.0
 40
0.0
 40
0.0
 40
0.0
 40
0.1428571428571428
 40
0.1428571428571428
 40
0.1428571428571428
 40
0.2857142857142857
 40
0.2857142857142857
 40
0.2857142857142857
 40
0.4285714285714285
 40
0.4285714285714285
 40
0.4285714285714285
 40
0.5714285714285714
 40
0.5714285714285714
 40
0.5714285714285714
 40
0.7142857142857142
 40
0.7142857142857142
 40
0.7142857142857142
 40
0.8571428571428571
 40
0.8571428571428571
 40
0.8571428571428571
 40
1.0
 40
1.0
 40
1.0
 40
1.0
 10
-5.36869
 20
5.81992
 30
0.0
 10
-5.36869
 20
5.81992
 30
0.0
 10
-5.36869
 20
5.81992
 30
0.0
 10
-5.36869
 20
5.81992
 30
0.0
 10
-5.36869
 20
5.81992
 30
0.0
 10
-5.37222
 20
5.81992
 30
0.0
 10
-5.37222
 20
5.81992
 30
0.0
 10
-5.37222
 20
5.81992
 30
0.0
 10
-5.37575
 20
5.81992
 30
0.0
 10
-5.37575
 20
5.81992
 30
0.0
 10
-5.37575
 20
5.81992
 30
0.0
 10
-5.37928
 20
5.81992
 30
0.0
 10
-5.37928
 20
5.81992
 30
0.0
 10
-5.37928
 20
5.81992
 30
0.0
 10
-5.3828
 20
5.81992
 30
0.0
 10
-5.3828
 20
5.81992
 30
0.0
 10
-5.3828
 20
5.81992
 30
0.0
 10
-5.38634
 20
5.81992
 30
0.0
 10
-5.38634
 20
5.81992
 30
0.0
 10
-5.38634
 20
5.81992
 30
0.0
 10
-5.38987
 20
5.81992
 30
0.0
 10
-5.38987
 20
5.81992
 30
0.0
  0
SPLINE
  5
1EB
330
1F
100
AcDbEntity
  8
Camada 1
 62
   251
370
     9
100
AcDbSpline
210
0.0
220
0.0
230
1.0
 70
     8
 71
     3
 72
    26
 73
    22
 74
     0
 42
0.0000000001
 43
0.0000000001
 40
0.0
 40
0.0
 40
0.0
 40
0.0
 40
0.1428571428571428
 40
0.1428571428571428
 40
0.1428571428571428
 40
0.2857142857142857
 40
0.2857142857142857
 40
0.2857142857142857
 40
0.4285714285714285
 40
0.4285714285714285
 40
0.4285714285714285
 40
0.5714285714285714
 40
0.5714285714285714
 40
0.5714285714285714
 40
0.7142857142857142
 40
0.7142857142857142
 40
0.7142857142857142
 40
0.8571428571428571
 40
0.8571428571428571
 40
0.8571428571428571
 40
1.0
 40
1.0
 40
1.0
 40
1.0
 10
-7.68381
 20
3.57187
 30
0.0
 10
-7.68381
 20
3.57187
 30
0.0
 10
-7.68734
 20
3.56834
 30
0.0
 10
-7.68734
 20
3.56834
 30
0.0
 10
-7.68734
 20
3.56834
 30
0.0
 10
-7.69087
 20
3.56128
 30
0.0
 10
-7.69087
 20
3.56128
 30
0.0
 10
-7.69087
 20
3.56128
 30
0.0
 10
-7.6944
 20
3.55775
 30
0.0
 10
-7.6944
 20
3.55775
 30
0.0
 10
-7.6944
 20
3.55775
 30
0.0
 10
-7.69792
 20
3.55069
 30
0.0
 10
-7.69792
 20
3.55069
 30
0.0
 10
-7.69792
 20
3.55069
 30
0.0
 10
-7.70145
 20
3.54716
 30
0.0
 10
-7.70145
 20
3.54716
 30
0.0
 10
-7.70145
 20
3.54716
 30
0.0
 10
-7.70145
 20
3.54364
 30
0.0
 10
-7.70145
 20
3.54364
 30
0.0
 10
-7.70145
 20
3.54364
 30
0.0
 10
-7.70499
 20
3.54364
 30
0.0
 10
-7.70499
 20
3.54364
 30
0.0
  0
SPLINE
  5
1EC
330
1F
100
AcDbEntity
  8
Camada 1
 62
   251
370
     9
100
AcDbSpline
210
0.0
220
0.0
230
1.0
 70
    24
 71
     3
 72
     8
 73
     4
 74
     0
 42
0.0000000001
 43
0.0000000001
 40
0.0
 40
0.0
 40
0.0
 40
0.0
 40
1.0
 40
1.0
 40
1.0
 40
1.0
 10
-7.70499
 20
-3.54639
 30
0.0
 10
-7.70499
 20
-3.54639
 30
0.0
 10
-7.70499
 20
3.54364
 30
0.0
 10
-7.70499
 20
3.54364
 30
0.0
  0
SPLINE
  5
1ED
330
1F
100
AcDbEntity
  8
Camada 1
 62
   251
370
     9
100
AcDbSpline
210
0.0
220
0.0
230
1.0
 70
     8
 71
     3
 72
    20
 73
    16
 74
     0
 42
0.0000000001
 43
0.0000000001
 40
0.0
 40
0.0
 40
0.0
 40
0.0
 40
0.2
 40
0.2
 40
0.2
 40
0.4
 40
0.4
 40
0.4
 40
0.6000000000000001
 40
0.6000000000000001
 40
0.6000000000000001
 40
0.8
 40
0.8
 40
0.8
 40
1.0
 40
1.0
 40
1.0
 40
1.0
 10
-7.70499
 20
3.54364
 30
0.0
 10
-7.70499
 20
3.54364
 30
0.0
 10
-7.70499
 20
3.54364
 30
0.0
 10
-7.70499
 20
3.54364
 30
0.0
 10
-7.70499
 20
3.54364
 30
0.0
 10
-7.70499
 20
3.54716
 30
0.0
 10
-7.70499
 20
3.54716
 30
0.0
 10
-7.70499
 20
3.54716
 30
0.0
 10
-7.70852
 20
3.55069
 30
0.0
 10
-7.70852
 20
3.55069
 30
0.0
 10
-7.70852
 20
3.55069
 30
0.0
 10
-7.71205
 20
3.55069
 30
0.0
 10
-7.71205
 20
3.55069
 30
0.0
 10
-7.71205
 20
3.55069
 30
0.0
 10
-7.71557
 20
3.55422
 30
0.0
 10
-7.71557
 20
3.55422
 30
0.0
  0
SPLINE
  5
1EE
330
1F
100
AcDbEntity
  8
Camada 1
 62
   251
370
     9
100
AcDbSpline
210
0.0
220
0.0
230
1.0
 70
     8
 71
     3
 72
    26
 73
    22
 74
     0
 42
0.0000000001
 43
0.0000000001
 40
0.0
 40
0.0
 40
0.0
 40
0.0
 40
0.1428571428571428
 40
0.1428571428571428
 40
0.1428571428571428
 40
0.2857142857142857
 40
0.2857142857142857
 40
0.2857142857142857
 40
0.4285714285714285
 40
0.4285714285714285
 40
0.4285714285714285
 40
0.5714285714285714
 40
0.5714285714285714
 40
0.5714285714285714
 40
0.7142857142857142
 40
0.7142857142857142
 40
0.7142857142857142
 40
0.8571428571428571
 40
0.8571428571428571
 40
0.8571428571428571
 40
1.0
 40
1.0
 40
1.0
 40
1.0
 10
-7.71557
 20
3.55422
 30
0.0
 10
-7.71557
 20
3.55422
 30
0.0
 10
-7.71205
 20
3.55422
 30
0.0
 10
-7.71205
 20
3.55422
 30
0.0
 10
-7.71205
 20
3.55422
 30
0.0
 10
-7.70852
 20
3.55775
 30
0.0
 10
-7.70852
 20
3.55775
 30
0.0
 10
-7.70852
 20
3.55775
 30
0.0
 10
-7.70499
 20
3.55775
 30
0.0
 10
-7.70499
 20
3.55775
 30
0.0
 10
-7.70499
 20
3.55775
 30
0.0
 10
-7.70145
 20
3.56128
 30
0.0
 10
-7.70145
 20
3.56128
 30
0.0
 10
-7.70145
 20
3.56128
 30
0.0
 10
-7.6944
 20
3.56481
 30
0.0
 10
-7.6944
 20
3.56481
 30
0.0
 10
-7.6944
 20
3.56481
 30
0.0
 10
-7.69087
 20
3.56834
 30
0.0
 10
-7.69087
 20
3.56834
 30
0.0
 10
-7.69087
 20
3.56834
 30
0.0
 10
-7.68381
 20
3.57187
 30
0.0
 10
-7.68381
 20
3.57187
 30
0.0
  0
SPLINE
  5
1EF
330
1F
100
AcDbEntity
  8
Camada 1
 62
   251
370
     9
100
AcDbSpline
210
0.0
220
0.0
230
1.0
 70
     8
 71
     3
 72
    29
 73
    25
 74
     0
 42
0.0000000001
 43
0.0000000001
 40
0.0
 40
0.0
 40
0.0
 40
0.0
 40
0.125
 40
0.125
 40
0.125
 40
0.25
 40
0.25
 40
0.25
 40
0.375
 40
0.375
 40
0.375
 40
0.5
 40
0.5
 40
0.5
 40
0.625
 40
0.625
 40
0.625
 40
0.75
 40
0.75
 40
0.75
 40
0.875
 40
0.875
 40
0.875
 40
1.0
 40
1.0
 40
1.0
 40
1.0
 10
-11.53057
 20
3.54364
 30
0.0
 10
-11.53057
 20
3.54364
 30
0.0
 10
-11.53057
 20
3.54364
 30
0.0
 10
-11.53057
 20
3.54364
 30
0.0
 10
-11.53057
 20
3.54364
 30
0.0
 10
-11.5341
 20
3.54364
 30
0.0
 10
-11.5341
 20
3.54364
 30
0.0
 10
-11.5341
 20
3.54364
 30
0.0
 10
-11.5341
 20
3.54716
 30
0.0
 10
-11.5341
 20
3.54716
 30
0.0
 10
-11.5341
 20
3.54716
 30
0.0
 10
-11.53763
 20
3.55069
 30
0.0
 10
-11.53763
 20
3.55069
 30
0.0
 10
-11.53763
 20
3.55069
 30
0.0
 10
-11.54115
 20
3.55775
 30
0.0
 10
-11.54115
 20
3.55775
 30
0.0
 10
-11.54115
 20
3.55775
 30
0.0
 10
-11.54468
 20
3.56128
 30
0.0
 10
-11.54468
 20
3.56128
 30
0.0
 10
-11.54468
 20
3.56128
 30
0.0
 10
-11.54821
 20
3.56834
 30
0.0
 10
-11.54821
 20
3.56834
 30
0.0
 10
-11.54821
 20
3.56834
 30
0.0
 10
-11.55174
 20
3.57187
 30
0.0
 10
-11.55174
 20
3.57187
 30
0.0
  0
SPLINE
  5
1F0
330
1F
100
AcDbEntity
  8
Camada 1
 62
   251
370
     9
100
AcDbSpline
210
0.0
220
0.0
230
1.0
 70
    24
 71
     3
 72
     8
 73
     4
 74
     0
 42
0.0000000001
 43
0.0000000001
 40
0.0
 40
0.0
 40
0.0
 40
0.0
 40
1.0
 40
1.0
 40
1.0
 40
1.0
 10
-11.53057
 20
3.54364
 30
0.0
 10
-11.53057
 20
3.54364
 30
0.0
 10
-11.53057
 20
-3.54639
 30
0.0
 10
-11.53057
 20
-3.54639
 30
0.0
  0
SPLINE
  5
1F1
330
1F
100
AcDbEntity
  8
Camada 1
 62
   251
370
     9
100
AcDbSpline
210
0.0
220
0.0
230
1.0
 70
     8
 71
     3
 72
    26
 73
    22
 74
     0
 42
0.0000000001
 43
0.0000000001
 40
0.0
 40
0.0
 40
0.0
 40
0.0
 40
0.1428571428571428
 40
0.1428571428571428
 40
0.1428571428571428
 40
0.2857142857142857
 40
0.2857142857142857
 40
0.2857142857142857
 40
0.4285714285714285
 40
0.4285714285714285
 40
0.4285714285714285
 40
0.5714285714285714
 40
0.5714285714285714
 40
0.5714285714285714
 40
0.7142857142857142
 40
0.7142857142857142
 40
0.7142857142857142
 40
0.8571428571428571
 40
0.8571428571428571
 40
0.8571428571428571
 40
1.0
 40
1.0
 40
1.0
 40
1.0
 10
-11.55174
 20
-3.57815
 30
0.0
 10
-11.55174
 20
-3.57815
 30
0.0
 10
-11.54821
 20
-3.57109
 30
0.0
 10
-11.54821
 20
-3.57109
 30
0.0
 10
-11.54821
 20
-3.57109
 30
0.0
 10
-11.54468
 20
-3.56404
 30
0.0
 10
-11.54468
 20
-3.56404
 30
0.0
 10
-11.54468
 20
-3.56404
 30
0.0
 10
-11.54115
 20
-3.56051
 30
0.0
 10
-11.54115
 20
-3.56051
 30
0.0
 10
-11.54115
 20
-3.56051
 30
0.0
 10
-11.53763
 20
-3.55698
 30
0.0
 10
-11.53763
 20
-3.55698
 30
0.0
 10
-11.53763
 20
-3.55698
 30
0.0
 10
-11.5341
 20
-3.55346
 30
0.0
 10
-11.5341
 20
-3.55346
 30
0.0
 10
-11.5341
 20
-3.55346
 30
0.0
 10
-11.5341
 20
-3.54992
 30
0.0
 10
-11.5341
 20
-3.54992
 30
0.0
 10
-11.5341
 20
-3.54992
 30
0.0
 10
-11.53057
 20
-3.54639
 30
0.0
 10
-11.53057
 20
-3.54639
 30
0.0
  0
SPLINE
  5
1F2
330
1F
100
AcDbEntity
  8
Camada 1
 62
   251
370
     9
100
AcDbSpline
210
0.0
220
0.0
230
1.0
 70
    24
 71
     3
 72
    20
 73
    16
 74
     0
 42
0.0000000001
 43
0.0000000001
 40
0.0
 40
0.0
 40
0.0
 40
0.0
 40
0.2
 40
0.2
 40
0.2
 40
0.4
 40
0.4
 40
0.4
 40
0.6000000000000001
 40
0.6000000000000001
 40
0.6000000000000001
 40
0.8
 40
0.8
 40
0.8
 40
1.0
 40
1.0
 40
1.0
 40
1.0
 10
-13.84921
 20
-5.82269
 30
0.0
 10
-13.84921
 20
-5.82269
 30
0.0
 10
-13.85274
 20
-5.82269
 30
0.0
 10
-13.85274
 20
-5.82269
 30
0.0
 10
-13.85274
 20
-5.82269
 30
0.0
 10
-13.85627
 20
-5.82269
 30
0.0
 10
-13.85627
 20
-5.82269
 30
0.0
 10
-13.85627
 20
-5.82269
 30
0.0
 10
-13.85979
 20
-5.82269
 30
0.0
 10
-13.85979
 20
-5.82269
 30
0.0
 10
-13.85979
 20
-5.82269
 30
0.0
 10
-13.86332
 20
-5.82269
 30
0.0
 10
-13.86332
 20
-5.82269
 30
0.0
 10
-13.86332
 20
-5.82269
 30
0.0
 10
-13.86685
 20
-5.82269
 30
0.0
 10
-13.86685
 20
-5.82269
 30
0.0
  0
SPLINE
  5
1F3
330
1F
100
AcDbEntity
  8
Camada 1
 62
   251
370
     9
100
AcDbSpline
210
0.0
220
0.0
230
1.0
 70
    24
 71
     3
 72
     8
 73
     4
 74
     0
 42
0.0000000001
 43
0.0000000001
 40
0.0
 40
0.0
 40
0.0
 40
0.0
 40
1.0
 40
1.0
 40
1.0
 40
1.0
 10
-13.86685
 20
-5.82269
 30
0.0
 10
-13.86685
 20
-5.82269
 30
0.0
 10
-13.86685
 20
5.81992
 30
0.0
 10
-13.86685
 20
5.81992
 30
0.0
  0
SPLINE
  5
1F4
330
1F
100
AcDbEntity
  8
Camada 1
 62
   251
370
     9
100
AcDbSpline
210
0.0
220
0.0
230
1.0
 70
     8
 71
     3
 72
    29
 73
    25
 74
     0
 42
0.0000000001
 43
0.0000000001
 40
0.0
 40
0.0
 40
0.0
 40
0.0
 40
0.125
 40
0.125
 40
0.125
 40
0.25
 40
0.25
 40
0.25
 40
0.375
 40
0.375
 40
0.375
 40
0.5
 40
0.5
 40
0.5
 40
0.625
 40
0.625
 40
0.625
 40
0.75
 40
0.75
 40
0.75
 40
0.875
 40
0.875
 40
0.875
 40
1.0
 40
1.0
 40
1.0
 40
1.0
 10
-5.65808
 20
6.10931
 30
0.0
 10
-5.65808
 20
6.10931
 30
0.0
 10
-5.60162
 20
6.10225
 30
0.0
 10
-5.60162
 20
6.10225
 30
0.0
 10
-5.60162
 20
6.10225
 30
0.0
 10
-5.54868
 20
6.08813
 30
0.0
 10
-5.54868
 20
6.08813
 30
0.0
 10
-5.54868
 20
6.08813
 30
0.0
 10
-5.49927
 20
6.0599
 30
0.0
 10
-5.49927
 20
6.0599
 30
0.0
 10
-5.49927
 20
6.0599
 30
0.0
 10
-5.45339
 20
6.02461
 30
0.0
 10
-5.45339
 20
6.02461
 30
0.0
 10
-5.45339
 20
6.02461
 30
0.0
 10
-5.4181
 20
5.98226
 30
0.0
 10
-5.4181
 20
5.98226
 30
0.0
 10
-5.4181
 20
5.98226
 30
0.0
 10
-5.3934
 20
5.92932
 30
0.0
 10
-5.3934
 20
5.92932
 30
0.0
 10
-5.3934
 20
5.92932
 30
0.0
 10
-5.37575
 20
5.87639
 30
0.0
 10
-5.37575
 20
5.87639
 30
0.0
 10
-5.37575
 20
5.87639
 30
0.0
 10
-5.36869
 20
5.81992
 30
0.0
 10
-5.36869
 20
5.81992
 30
0.0
  0
SPLINE
  5
1F5
330
1F
100
AcDbEntity
  8
Camada 1
 62
   251
370
     9
100
AcDbSpline
210
0.0
220
0.0
230
1.0
 70
    24
 71
     3
 72
    26
 73
    22
 74
     0
 42
0.0000000001
 43
0.0000000001
 40
0.0
 40
0.0
 40
0.0
 40
0.0
 40
0.1428571428571428
 40
0.1428571428571428
 40
0.1428571428571428
 40
0.2857142857142857
 40
0.2857142857142857
 40
0.2857142857142857
 40
0.4285714285714285
 40
0.4285714285714285
 40
0.4285714285714285
 40
0.5714285714285714
 40
0.5714285714285714
 40
0.5714285714285714
 40
0.7142857142857142
 40
0.7142857142857142
 40
0.7142857142857142
 40
0.8571428571428571
 40
0.8571428571428571
 40
0.8571428571428571
 40
1.0
 40
1.0
 40
1.0
 40
1.0
 10
-5.65808
 20
6.10931
 30
0.0
 10
-5.65808
 20
6.10931
 30
0.0
 10
-5.65808
 20
6.10931
 30
0.0
 10
-5.65808
 20
6.10931
 30
0.0
 10
-5.65808
 20
6.10931
 30
0.0
 10
-5.65808
 20
6.10578
 30
0.0
 10
-5.65808
 20
6.10578
 30
0.0
 10
-5.65808
 20
6.10578
 30
0.0
 10
-5.65808
 20
6.10225
 30
0.0
 10
-5.65808
 20
6.10225
 30
0.0
 10
-5.65808
 20
6.10225
 30
0.0
 10
-5.65808
 20
6.09873
 30
0.0
 10
-5.65808
 20
6.09873
 30
0.0
 10
-5.65808
 20
6.09873
 30
0.0
 10
-5.65808
 20
6.0952
 30
0.0
 10
-5.65808
 20
6.0952
 30
0.0
 10
-5.65808
 20
6.0952
 30
0.0
 10
-5.65808
 20
6.09167
 30
0.0
 10
-5.65808
 20
6.09167
 30
0.0
 10
-5.65808
 20
6.09167
 30
0.0
 10
-5.65808
 20
6.08813
 30
0.0
 10
-5.65808
 20
6.08813
 30
0.0
  0
SPLINE
  5
1F6
330
1F
100
AcDbEntity
  8
Camada 1
 62
   251
370
     9
100
AcDbSpline
210
0.0
220
0.0
230
1.0
 70
    24
 71
     3
 72
    20
 73
    16
 74
     0
 42
0.0000000001
 43
0.0000000001
 40
0.0
 40
0.0
 40
0.0
 40
0.0
 40
0.2
 40
0.2
 40
0.2
 40
0.4
 40
0.4
 40
0.4
 40
0.6000000000000001
 40
0.6000000000000001
 40
0.6000000000000001
 40
0.8
 40
0.8
 40
0.8
 40
1.0
 40
1.0
 40
1.0
 40
1.0
 10
-13.58099
 20
-6.09443
 30
0.0
 10
-13.58099
 20
-6.09443
 30
0.0
 10
-13.58099
 20
-6.09795
 30
0.0
 10
-13.58099
 20
-6.09795
 30
0.0
 10
-13.58099
 20
-6.09795
 30
0.0
 10
-13.58099
 20
-6.10148
 30
0.0
 10
-13.58099
 20
-6.10148
 30
0.0
 10
-13.58099
 20
-6.10148
 30
0.0
 10
-13.58099
 20
-6.10501
 30
0.0
 10
-13.58099
 20
-6.10501
 30
0.0
 10
-13.58099
 20
-6.10501
 30
0.0
 10
-13.58099
 20
-6.10855
 30
0.0
 10
-13.58099
 20
-6.10855
 30
0.0
 10
-13.58099
 20
-6.10855
 30
0.0
 10
-13.58099
 20
-6.11208
 30
0.0
 10
-13.58099
 20
-6.11208
 30
0.0
  0
SPLINE
  5
1F7
330
1F
100
AcDbEntity
  8
Camada 1
 62
   251
370
     9
100
AcDbSpline
210
0.0
220
0.0
230
1.0
 70
     8
 71
     3
 72
    29
 73
    25
 74
     0
 42
0.0000000001
 43
0.0000000001
 40
0.0
 40
0.0
 40
0.0
 40
0.0
 40
0.125
 40
0.125
 40
0.125
 40
0.25
 40
0.25
 40
0.25
 40
0.375
 40
0.375
 40
0.375
 40
0.5
 40
0.5
 40
0.5
 40
0.625
 40
0.625
 40
0.625
 40
0.75
 40
0.75
 40
0.75
 40
0.875
 40
0.875
 40
0.875
 40
1.0
 40
1.0
 40
1.0
 40
1.0
 10
-13.58099
 20
-6.11208
 30
0.0
 10
-13.58099
 20
-6.11208
 30
0.0
 10
-13.63393
 20
-6.10855
 30
0.0
 10
-13.63393
 20
-6.10855
 30
0.0
 10
-13.63393
 20
-6.10855
 30
0.0
 10
-13.69039
 20
-6.0909
 30
0.0
 10
-13.69039
 20
-6.0909
 30
0.0
 10
-13.69039
 20
-6.0909
 30
0.0
 10
-13.7398
 20
-6.06619
 30
0.0
 10
-13.7398
 20
-6.06619
 30
0.0
 10
-13.7398
 20
-6.06619
 30
0.0
 10
-13.78215
 20
-6.02737
 30
0.0
 10
-13.78215
 20
-6.02737
 30
0.0
 10
-13.78215
 20
-6.02737
 30
0.0
 10
-13.82097
 20
-5.98502
 30
0.0
 10
-13.82097
 20
-5.98502
 30
0.0
 10
-13.82097
 20
-5.98502
 30
0.0
 10
-13.84567
 20
-5.93562
 30
0.0
 10
-13.84567
 20
-5.93562
 30
0.0
 10
-13.84567
 20
-5.93562
 30
0.0
 10
-13.86332
 20
-5.87915
 30
0.0
 10
-13.86332
 20
-5.87915
 30
0.0
 10
-13.86332
 20
-5.87915
 30
0.0
 10
-13.86685
 20
-5.82269
 30
0.0
 10
-13.86685
 20
-5.82269
 30
0.0
  0
SPLINE
  5
1F8
330
1F
100
AcDbEntity
  8
Camada 1
 62
   251
370
     9
100
AcDbSpline
210
0.0
220
0.0
230
1.0
 70
    24
 71
     3
 72
     8
 73
     4
 74
     0
 42
0.0000000001
 43
0.0000000001
 40
0.0
 40
0.0
 40
0.0
 40
0.0
 40
1.0
 40
1.0
 40
1.0
 40
1.0
 10
-7.71557
 20
3.55422
 30
0.0
 10
-7.71557
 20
3.55422
 30
0.0
 10
-11.51998
 20
3.55422
 30
0.0
 10
-11.51998
 20
3.55422
 30
0.0
  0
SPLINE
  5
1F9
330
1F
100
AcDbEntity
  8
Camada 1
 62
   251
370
     9
100
AcDbSpline
210
0.0
220
0.0
230
1.0
 70
     8
 71
     3
 72
    26
 73
    22
 74
     0
 42
0.0000000001
 43
0.0000000001
 40
0.0
 40
0.0
 40
0.0
 40
0.0
 40
0.1428571428571428
 40
0.1428571428571428
 40
0.1428571428571428
 40
0.2857142857142857
 40
0.2857142857142857
 40
0.2857142857142857
 40
0.4285714285714285
 40
0.4285714285714285
 40
0.4285714285714285
 40
0.5714285714285714
 40
0.5714285714285714
 40
0.5714285714285714
 40
0.7142857142857142
 40
0.7142857142857142
 40
0.7142857142857142
 40
0.8571428571428571
 40
0.8571428571428571
 40
0.8571428571428571
 40
1.0
 40
1.0
 40
1.0
 40
1.0
 10
-11.55174
 20
3.57187
 30
0.0
 10
-11.55174
 20
3.57187
 30
0.0
 10
-11.54468
 20
3.56834
 30
0.0
 10
-11.54468
 20
3.56834
 30
0.0
 10
-11.54468
 20
3.56834
 30
0.0
 10
-11.54115
 20
3.56481
 30
0.0
 10
-11.54115
 20
3.56481
 30
0.0
 10
-11.54115
 20
3.56481
 30
0.0
 10
-11.5341
 20
3.56128
 30
0.0
 10
-11.5341
 20
3.56128
 30
0.0
 10
-11.5341
 20
3.56128
 30
0.0
 10
-11.53057
 20
3.55775
 30
0.0
 10
-11.53057
 20
3.55775
 30
0.0
 10
-11.53057
 20
3.55775
 30
0.0
 10
-11.52703
 20
3.55775
 30
0.0
 10
-11.52703
 20
3.55775
 30
0.0
 10
-11.52703
 20
3.55775
 30
0.0
 10
-11.52351
 20
3.55422
 30
0.0
 10
-11.52351
 20
3.55422
 30
0.0
 10
-11.52351
 20
3.55422
 30
0.0
 10
-11.51998
 20
3.55422
 30
0.0
 10
-11.51998
 20
3.55422
 30
0.0
  0
SPLINE
  5
1FA
330
1F
100
AcDbEntity
  8
Camada 1
 62
   251
370
     9
100
AcDbSpline
210
0.0
220
0.0
230
1.0
 70
    24
 71
     3
 72
     8
 73
     4
 74
     0
 42
0.0000000001
 43
0.0000000001
 40
0.0
 40
0.0
 40
0.0
 40
0.0
 40
1.0
 40
1.0
 40
1.0
 40
1.0
 10
-13.58099
 20
6.10931
 30
0.0
 10
-13.58099
 20
6.10931
 30
0.0
 10
-5.65808
 20
6.10931
 30
0.0
 10
-5.65808
 20
6.10931
 30
0.0
  0
SPLINE
  5
1FB
330
1F
100
AcDbEntity
  8
Camada 1
 62
   251
370
     9
100
AcDbSpline
210
0.0
220
0.0
230
1.0
 70
    24
 71
     3
 72
     8
 73
     4
 74
     0
 42
0.0000000001
 43
0.0000000001
 40
0.0
 40
0.0
 40
0.0
 40
0.0
 40
1.0
 40
1.0
 40
1.0
 40
1.0
 10
-5.65808
 20
-6.11208
 30
0.0
 10
-5.65808
 20
-6.11208
 30
0.0
 10
-13.58099
 20
-6.11208
 30
0.0
 10
-13.58099
 20
-6.11208
 30
0.0
  0
SPLINE
  5
1FC
330
1F
100
AcDbEntity
  8
Camada 1
 62
   251
370
     9
100
AcDbSpline
210
0.0
220
0.0
230
1.0
 70
     8
 71
     3
 72
    23
 73
    19
 74
     0
 42
0.0000000001
 43
0.0000000001
 40
0.0
 40
0.0
 40
0.0
 40
0.0
 40
0.1666666666666667
 40
0.1666666666666667
 40
0.1666666666666667
 40
0.3333333333333333
 40
0.3333333333333333
 40
0.3333333333333333
 40
0.5
 40
0.5
 40
0.5
 40
0.6666666666666666
 40
0.6666666666666666
 40
0.6666666666666666
 40
0.8333333333333333
 40
0.8333333333333333
 40
0.8333333333333333
 40
1.0
 40
1.0
 40
1.0
 40
1.0
 10
-11.53057
 20
-3.54639
 30
0.0
 10
-11.53057
 20
-3.54639
 30
0.0
 10
-11.53057
 20
-3.54992
 30
0.0
 10
-11.53057
 20
-3.54992
 30
0.0
 10
-11.53057
 20
-3.54992
 30
0.0
 10
-11.53057
 20
-3.55346
 30
0.0
 10
-11.53057
 20
-3.55346
 30
0.0
 10
-11.53057
 20
-3.55346
 30
0.0
 10
-11.52703
 20
-3.55346
 30
0.0
 10
-11.52703
 20
-3.55346
 30
0.0
 10
-11.52703
 20
-3.55346
 30
0.0
 10
-11.52703
 20
-3.55698
 30
0.0
 10
-11.52703
 20
-3.55698
 30
0.0
 10
-11.52703
 20
-3.55698
 30
0.0
 10
-11.52351
 20
-3.55698
 30
0.0
 10
-11.52351
 20
-3.55698
 30
0.0
 10
-11.52351
 20
-3.55698
 30
0.0
 10
-11.51998
 20
-3.55698
 30
0.0
 10
-11.51998
 20
-3.55698
 30
0.0
  0
SPLINE
  5
1FD
330
1F
100
AcDbEntity
  8
Camada 1
 62
   251
370
     9
100
AcDbSpline
210
0.0
220
0.0
230
1.0
 70
     8
 71
     3
 72
    17
 73
    13
 74
     0
 42
0.0000000001
 43
0.0000000001
 40
0.0
 40
0.0
 40
0.0
 40
0.0
 40
0.25
 40
0.25
 40
0.25
 40
0.5
 40
0.5
 40
0.5
 40
0.75
 40
0.75
 40
0.75
 40
1.0
 40
1.0
 40
1.0
 40
1.0
 10
-11.51998
 20
3.55422
 30
0.0
 10
-11.51998
 20
3.55422
 30
0.0
 10
-11.52351
 20
3.55069
 30
0.0
 10
-11.52351
 20
3.55069
 30
0.0
 10
-11.52351
 20
3.55069
 30
0.0
 10
-11.52703
 20
3.55069
 30
0.0
 10
-11.52703
 20
3.55069
 30
0.0
 10
-11.52703
 20
3.55069
 30
0.0
 10
-11.53057
 20
3.54716
 30
0.0
 10
-11.53057
 20
3.54716
 30
0.0
 10
-11.53057
 20
3.54716
 30
0.0
 10
-11.53057
 20
3.54364
 30
0.0
 10
-11.53057
 20
3.54364
 30
0.0
  0
SPLINE
  5
1FE
330
1F
100
AcDbEntity
  8
Camada 1
 62
   251
370
     9
100
AcDbSpline
210
0.0
220
0.0
230
1.0
 70
    24
 71
     3
 72
     8
 73
     4
 74
     0
 42
0.0000000001
 43
0.0000000001
 40
0.0
 40
0.0
 40
0.0
 40
0.0
 40
1.0
 40
1.0
 40
1.0
 40
1.0
 10
-11.52703
 20
3.54011
 30
0.0
 10
-11.52703
 20
3.54011
 30
0.0
 10
-11.53057
 20
3.54364
 30
0.0
 10
-11.53057
 20
3.54364
 30
0.0
  0
SPLINE
  5
1FF
330
1F
100
AcDbEntity
  8
Camada 1
 62
   251
370
     9
100
AcDbSpline
210
0.0
220
0.0
230
1.0
 70
    24
 71
     3
 72
     8
 73
     4
 74
     0
 42
0.0000000001
 43
0.0000000001
 40
0.0
 40
0.0
 40
0.0
 40
0.0
 40
1.0
 40
1.0
 40
1.0
 40
1.0
 10
-11.52703
 20
-3.54286
 30
0.0
 10
-11.52703
 20
-3.54286
 30
0.0
 10
-11.52703
 20
3.54011
 30
0.0
 10
-11.52703
 20
3.54011
 30
0.0
  0
SPLINE
  5
200
330
1F
100
AcDbEntity
  8
Camada 1
 62
   251
370
     9
100
AcDbSpline
210
0.0
220
0.0
230
1.0
 70
    24
 71
     3
 72
     8
 73
     4
 74
     0
 42
0.0000000001
 43
0.0000000001
 40
0.0
 40
0.0
 40
0.0
 40
0.0
 40
1.0
 40
1.0
 40
1.0
 40
1.0
 10
-11.53057
 20
-3.54639
 30
0.0
 10
-11.53057
 20
-3.54639
 30
0.0
 10
-11.52703
 20
-3.54286
 30
0.0
 10
-11.52703
 20
-3.54286
 30
0.0
  0
SPLINE
  5
201
330
1F
100
AcDbEntity
  8
Camada 1
 62
   251
370
     9
100
AcDbSpline
210
0.0
220
0.0
230
1.0
 70
    24
 71
     3
 72
     8
 73
     4
 74
     0
 42
0.0000000001
 43
0.0000000001
 40
0.0
 40
0.0
 40
0.0
 40
0.0
 40
1.0
 40
1.0
 40
1.0
 40
1.0
 10
-7.70852
 20
-3.54286
 30
0.0
 10
-7.70852
 20
-3.54286
 30
0.0
 10
-7.70499
 20
-3.54639
 30
0.0
 10
-7.70499
 20
-3.54639
 30
0.0
  0
SPLINE
  5
202
330
1F
100
AcDbEntity
  8
Camada 1
 62
   251
370
     9
100
AcDbSpline
210
0.0
220
0.0
230
1.0
 70
    24
 71
     3
 72
     8
 73
     4
 74
     0
 42
0.0000000001
 43
0.0000000001
 40
0.0
 40
0.0
 40
0.0
 40
0.0
 40
1.0
 40
1.0
 40
1.0
 40
1.0
 10
-7.71557
 20
-3.55698
 30
0.0
 10
-7.71557
 20
-3.55698
 30
0.0
 10
-7.71557
 20
-3.55346
 30
0.0
 10
-7.71557
 20
-3.55346
 30
0.0
  0
SPLINE
  5
203
330
1F
100
AcDbEntity
  8
Camada 1
 62
   251
370
     9
100
AcDbSpline
210
0.0
220
0.0
230
1.0
 70
     8
 71
     3
 72
    17
 73
    13
 74
     0
 42
0.0000000001
 43
0.0000000001
 40
0.0
 40
0.0
 40
0.0
 40
0.0
 40
0.25
 40
0.25
 40
0.25
 40
0.5
 40
0.5
 40
0.5
 40
0.75
 40
0.75
 40
0.75
 40
1.0
 40
1.0
 40
1.0
 40
1.0
 10
-7.70852
 20
-3.54286
 30
0.0
 10
-7.70852
 20
-3.54286
 30
0.0
 10
-7.70852
 20
-3.54639
 30
0.0
 10
-7.70852
 20
-3.54639
 30
0.0
 10
-7.70852
 20
-3.54639
 30
0.0
 10
-7.70852
 20
-3.54992
 30
0.0
 10
-7.70852
 20
-3.54992
 30
0.0
 10
-7.70852
 20
-3.54992
 30
0.0
 10
-7.71205
 20
-3.55346
 30
0.0
 10
-7.71205
 20
-3.55346
 30
0.0
 10
-7.71205
 20
-3.55346
 30
0.0
 10
-7.71557
 20
-3.55346
 30
0.0
 10
-7.71557
 20
-3.55346
 30
0.0
  0
SPLINE
  5
204
330
1F
100
AcDbEntity
  8
Camada 1
 62
   251
370
     9
100
AcDbSpline
210
0.0
220
0.0
230
1.0
 70
    24
 71
     3
 72
     8
 73
     4
 74
     0
 42
0.0000000001
 43
0.0000000001
 40
0.0
 40
0.0
 40
0.0
 40
0.0
 40
1.0
 40
1.0
 40
1.0
 40
1.0
 10
-5.65808
 20
-6.11208
 30
0.0
 10
-5.65808
 20
-6.11208
 30
0.0
 10
-5.65808
 20
-6.12266
 30
0.0
 10
-5.65808
 20
-6.12266
 30
0.0
  0
SPLINE
  5
205
330
1F
100
AcDbEntity
  8
Camada 1
 62
   251
370
     9
100
AcDbSpline
210
0.0
220
0.0
230
1.0
 70
    24
 71
     3
 72
     8
 73
     4
 74
     0
 42
0.0000000001
 43
0.0000000001
 40
0.0
 40
0.0
 40
0.0
 40
0.0
 40
1.0
 40
1.0
 40
1.0
 40
1.0
 10
-13.58099
 20
-6.12266
 30
0.0
 10
-13.58099
 20
-6.12266
 30
0.0
 10
-5.65808
 20
-6.12266
 30
0.0
 10
-5.65808
 20
-6.12266
 30
0.0
  0
SPLINE
  5
206
330
1F
100
AcDbEntity
  8
Camada 1
 62
   251
370
     9
100
AcDbSpline
210
0.0
220
0.0
230
1.0
 70
    24
 71
     3
 72
     8
 73
     4
 74
     0
 42
0.0000000001
 43
0.0000000001
 40
0.0
 40
0.0
 40
0.0
 40
0.0
 40
1.0
 40
1.0
 40
1.0
 40
1.0
 10
-13.58099
 20
-6.11208
 30
0.0
 10
-13.58099
 20
-6.11208
 30
0.0
 10
-13.58099
 20
-6.12266
 30
0.0
 10
-13.58099
 20
-6.12266
 30
0.0
  0
SPLINE
  5
207
330
1F
100
AcDbEntity
  8
Camada 1
 62
   251
370
     9
100
AcDbSpline
210
0.0
220
0.0
230
1.0
 70
     8
 71
     3
 72
    29
 73
    25
 74
     0
 42
0.0000000001
 43
0.0000000001
 40
0.0
 40
0.0
 40
0.0
 40
0.0
 40
0.125
 40
0.125
 40
0.125
 40
0.25
 40
0.25
 40
0.25
 40
0.375
 40
0.375
 40
0.375
 40
0.5
 40
0.5
 40
0.5
 40
0.625
 40
0.625
 40
0.625
 40
0.75
 40
0.75
 40
0.75
 40
0.875
 40
0.875
 40
0.875
 40
1.0
 40
1.0
 40
1.0
 40
1.0
 10
-13.87744
 20
-5.82269
 30
0.0
 10
-13.87744
 20
-5.82269
 30
0.0
 10
-13.87392
 20
-5.88268
 30
0.0
 10
-13.87392
 20
-5.88268
 30
0.0
 10
-13.87392
 20
-5.88268
 30
0.0
 10
-13.85627
 20
-5.93914
 30
0.0
 10
-13.85627
 20
-5.93914
 30
0.0
 10
-13.85627
 20
-5.93914
 30
0.0
 10
-13.82803
 20
-5.99208
 30
0.0
 10
-13.82803
 20
-5.99208
 30
0.0
 10
-13.82803
 20
-5.99208
 30
0.0
 10
-13.79274
 20
-6.03796
 30
0.0
 10
-13.79274
 20
-6.03796
 30
0.0
 10
-13.79274
 20
-6.03796
 30
0.0
 10
-13.74687
 20
-6.07325
 30
0.0
 10
-13.74687
 20
-6.07325
 30
0.0
 10
-13.74687
 20
-6.07325
 30
0.0
 10
-13.69393
 20
-6.10148
 30
0.0
 10
-13.69393
 20
-6.10148
 30
0.0
 10
-13.69393
 20
-6.10148
 30
0.0
 10
-13.63745
 20
-6.11913
 30
0.0
 10
-13.63745
 20
-6.11913
 30
0.0
 10
-13.63745
 20
-6.11913
 30
0.0
 10
-13.58099
 20
-6.12266
 30
0.0
 10
-13.58099
 20
-6.12266
 30
0.0
  0
SPLINE
  5
208
330
1F
100
AcDbEntity
  8
Camada 1
 62
   251
370
     9
100
AcDbSpline
210
0.0
220
0.0
230
1.0
 70
    24
 71
     3
 72
     8
 73
     4
 74
     0
 42
0.0000000001
 43
0.0000000001
 40
0.0
 40
0.0
 40
0.0
 40
0.0
 40
1.0
 40
1.0
 40
1.0
 40
1.0
 10
-13.86685
 20
-5.82269
 30
0.0
 10
-13.86685
 20
-5.82269
 30
0.0
 10
-13.87744
 20
-5.82269
 30
0.0
 10
-13.87744
 20
-5.82269
 30
0.0
  0
SPLINE
  5
209
330
1F
100
AcDbEntity
  8
Camada 1
 62
   251
370
     9
100
AcDbSpline
210
0.0
220
0.0
230
1.0
 70
     8
 71
     3
 72
    17
 73
    13
 74
     0
 42
0.0000000001
 43
0.0000000001
 40
0.0
 40
0.0
 40
0.0
 40
0.0
 40
0.25
 40
0.25
 40
0.25
 40
0.5
 40
0.5
 40
0.5
 40
0.75
 40
0.75
 40
0.75
 40
1.0
 40
1.0
 40
1.0
 40
1.0
 10
-11.52703
 20
-3.54286
 30
0.0
 10
-11.52703
 20
-3.54286
 30
0.0
 10
-11.52703
 20
-3.54639
 30
0.0
 10
-11.52703
 20
-3.54639
 30
0.0
 10
-11.52703
 20
-3.54639
 30
0.0
 10
-11.52703
 20
-3.54992
 30
0.0
 10
-11.52703
 20
-3.54992
 30
0.0
 10
-11.52703
 20
-3.54992
 30
0.0
 10
-11.52351
 20
-3.55346
 30
0.0
 10
-11.52351
 20
-3.55346
 30
0.0
 10
-11.52351
 20
-3.55346
 30
0.0
 10
-11.51998
 20
-3.55346
 30
0.0
 10
-11.51998
 20
-3.55346
 30
0.0
  0
SPLINE
  5
20A
330
1F
100
AcDbEntity
  8
Camada 1
 62
   251
370
     9
100
AcDbSpline
210
0.0
220
0.0
230
1.0
 70
    24
 71
     3
 72
     8
 73
     4
 74
     0
 42
0.0000000001
 43
0.0000000001
 40
0.0
 40
0.0
 40
0.0
 40
0.0
 40
1.0
 40
1.0
 40
1.0
 40
1.0
 10
-11.51998
 20
-3.55346
 30
0.0
 10
-11.51998
 20
-3.55346
 30
0.0
 10
-11.51998
 20
-3.55698
 30
0.0
 10
-11.51998
 20
-3.55698
 30
0.0
  0
SPLINE
  5
20B
330
1F
100
AcDbEntity
  8
Camada 1
 62
   251
370
     9
100
AcDbSpline
210
0.0
220
0.0
230
1.0
 70
    24
 71
     3
 72
     8
 73
     4
 74
     0
 42
0.0000000001
 43
0.0000000001
 40
0.0
 40
0.0
 40
0.0
 40
0.0
 40
1.0
 40
1.0
 40
1.0
 40
1.0
 10
-5.65808
 20
6.10931
 30
0.0
 10
-5.65808
 20
6.10931
 30
0.0
 10
-5.65808
 20
6.1199
 30
0.0
 10
-5.65808
 20
6.1199
 30
0.0
  0
SPLINE
  5
20C
330
1F
100
AcDbEntity
  8
Camada 1
 62
   251
370
     9
100
AcDbSpline
210
0.0
220
0.0
230
1.0
 70
     8
 71
     3
 72
    29
 73
    25
 74
     0
 42
0.0000000001
 43
0.0000000001
 40
0.0
 40
0.0
 40
0.0
 40
0.0
 40
0.125
 40
0.125
 40
0.125
 40
0.25
 40
0.25
 40
0.25
 40
0.375
 40
0.375
 40
0.375
 40
0.5
 40
0.5
 40
0.5
 40
0.625
 40
0.625
 40
0.625
 40
0.75
 40
0.75
 40
0.75
 40
0.875
 40
0.875
 40
0.875
 40
1.0
 40
1.0
 40
1.0
 40
1.0
 10
-5.3581
 20
5.81992
 30
0.0
 10
-5.3581
 20
5.81992
 30
0.0
 10
-5.36516
 20
5.87992
 30
0.0
 10
-5.36516
 20
5.87992
 30
0.0
 10
-5.36516
 20
5.87992
 30
0.0
 10
-5.3828
 20
5.93639
 30
0.0
 10
-5.3828
 20
5.93639
 30
0.0
 10
-5.3828
 20
5.93639
 30
0.0
 10
-5.41105
 20
5.9858
 30
0.0
 10
-5.41105
 20
5.9858
 30
0.0
 10
-5.41105
 20
5.9858
 30
0.0
 10
-5.44633
 20
6.03167
 30
0.0
 10
-5.44633
 20
6.03167
 30
0.0
 10
-5.44633
 20
6.03167
 30
0.0
 10
-5.49221
 20
6.07049
 30
0.0
 10
-5.49221
 20
6.07049
 30
0.0
 10
-5.49221
 20
6.07049
 30
0.0
 10
-5.54515
 20
6.09873
 30
0.0
 10
-5.54515
 20
6.09873
 30
0.0
 10
-5.54515
 20
6.09873
 30
0.0
 10
-5.60162
 20
6.11284
 30
0.0
 10
-5.60162
 20
6.11284
 30
0.0
 10
-5.60162
 20
6.11284
 30
0.0
 10
-5.65808
 20
6.1199
 30
0.0
 10
-5.65808
 20
6.1199
 30
0.0
  0
SPLINE
  5
20D
330
1F
100
AcDbEntity
  8
Camada 1
 62
   251
370
     9
100
AcDbSpline
210
0.0
220
0.0
230
1.0
 70
    24
 71
     3
 72
     8
 73
     4
 74
     0
 42
0.0000000001
 43
0.0000000001
 40
0.0
 40
0.0
 40
0.0
 40
0.0
 40
1.0
 40
1.0
 40
1.0
 40
1.0
 10
-5.36869
 20
5.81992
 30
0.0
 10
-5.36869
 20
5.81992
 30
0.0
 10
-5.3581
 20
5.81992
 30
0.0
 10
-5.3581
 20
5.81992
 30
0.0
  0
SPLINE
  5
20E
330
1F
100
AcDbEntity
  8
Camada 1
 62
   251
370
     9
100
AcDbSpline
210
0.0
220
0.0
230
1.0
 70
    24
 71
     3
 72
     8
 73
     4
 74
     0
 42
0.0000000001
 43
0.0000000001
 40
0.0
 40
0.0
 40
0.0
 40
0.0
 40
1.0
 40
1.0
 40
1.0
 40
1.0
 10
-13.87744
 20
5.81992
 30
0.0
 10
-13.87744
 20
5.81992
 30
0.0
 10
-13.87744
 20
-5.82269
 30
0.0
 10
-13.87744
 20
-5.82269
 30
0.0
  0
SPLINE
  5
20F
330
1F
100
AcDbEntity
  8
Camada 1
 62
   251
370
     9
100
AcDbSpline
210
0.0
220
0.0
230
1.0
 70
    24
 71
     3
 72
     8
 73
     4
 74
     0
 42
0.0000000001
 43
0.0000000001
 40
0.0
 40
0.0
 40
0.0
 40
0.0
 40
1.0
 40
1.0
 40
1.0
 40
1.0
 10
-13.86685
 20
5.81992
 30
0.0
 10
-13.86685
 20
5.81992
 30
0.0
 10
-13.87744
 20
5.81992
 30
0.0
 10
-13.87744
 20
5.81992
 30
0.0
  0
SPLINE
  5
210
330
1F
100
AcDbEntity
  8
Camada 1
 62
   251
370
     9
100
AcDbSpline
210
0.0
220
0.0
230
1.0
 70
    24
 71
     3
 72
     8
 73
     4
 74
     0
 42
0.0000000001
 43
0.0000000001
 40
0.0
 40
0.0
 40
0.0
 40
0.0
 40
1.0
 40
1.0
 40
1.0
 40
1.0
 10
-13.58099
 20
6.10931
 30
0.0
 10
-13.58099
 20
6.10931
 30
0.0
 10
-13.58099
 20
6.1199
 30
0.0
 10
-13.58099
 20
6.1199
 30
0.0
  0
SPLINE
  5
211
330
1F
100
AcDbEntity
  8
Camada 1
 62
   251
370
     9
100
AcDbSpline
210
0.0
220
0.0
230
1.0
 70
    24
 71
     3
 72
     8
 73
     4
 74
     0
 42
0.0000000001
 43
0.0000000001
 40
0.0
 40
0.0
 40
0.0
 40
0.0
 40
1.0
 40
1.0
 40
1.0
 40
1.0
 10
-5.65808
 20
6.1199
 30
0.0
 10
-5.65808
 20
6.1199
 30
0.0
 10
-13.58099
 20
6.1199
 30
0.0
 10
-13.58099
 20
6.1199
 30
0.0
  0
SPLINE
  5
212
330
1F
100
AcDbEntity
  8
Camada 1
 62
   251
370
     9
100
AcDbSpline
210
0.0
220
0.0
230
1.0
 70
    24
 71
     3
 72
     8
 73
     4
 74
     0
 42
0.0000000001
 43
0.0000000001
 40
0.0
 40
0.0
 40
0.0
 40
0.0
 40
1.0
 40
1.0
 40
1.0
 40
1.0
 10
-7.70499
 20
3.54364
 30
0.0
 10
-7.70499
 20
3.54364
 30
0.0
 10
-7.70852
 20
3.54011
 30
0.0
 10
-7.70852
 20
3.54011
 30
0.0
  0
SPLINE
  5
213
330
1F
100
AcDbEntity
  8
Camada 1
 62
   251
370
     9
100
AcDbSpline
210
0.0
220
0.0
230
1.0
 70
     8
 71
     3
 72
    20
 73
    16
 74
     0
 42
0.0000000001
 43
0.0000000001
 40
0.0
 40
0.0
 40
0.0
 40
0.0
 40
0.2
 40
0.2
 40
0.2
 40
0.4
 40
0.4
 40
0.4
 40
0.6000000000000001
 40
0.6000000000000001
 40
0.6000000000000001
 40
0.8
 40
0.8
 40
0.8
 40
1.0
 40
1.0
 40
1.0
 40
1.0
 10
-7.70852
 20
3.54011
 30
0.0
 10
-7.70852
 20
3.54011
 30
0.0
 10
-7.70852
 20
3.54011
 30
0.0
 10
-7.70852
 20
3.54011
 30
0.0
 10
-7.70852
 20
3.54011
 30
0.0
 10
-7.70852
 20
3.54364
 30
0.0
 10
-7.70852
 20
3.54364
 30
0.0
 10
-7.70852
 20
3.54364
 30
0.0
 10
-7.70852
 20
3.54716
 30
0.0
 10
-7.70852
 20
3.54716
 30
0.0
 10
-7.70852
 20
3.54716
 30
0.0
 10
-7.71205
 20
3.54716
 30
0.0
 10
-7.71205
 20
3.54716
 30
0.0
 10
-7.71205
 20
3.54716
 30
0.0
 10
-7.71557
 20
3.55069
 30
0.0
 10
-7.71557
 20
3.55069
 30
0.0
  0
SPLINE
  5
214
330
1F
100
AcDbEntity
  8
Camada 1
 62
   251
370
     9
100
AcDbSpline
210
0.0
220
0.0
230
1.0
 70
    24
 71
     3
 72
     8
 73
     4
 74
     0
 42
0.0000000001
 43
0.0000000001
 40
0.0
 40
0.0
 40
0.0
 40
0.0
 40
1.0
 40
1.0
 40
1.0
 40
1.0
 10
-7.71557
 20
3.55069
 30
0.0
 10
-7.71557
 20
3.55069
 30
0.0
 10
-7.71557
 20
3.55422
 30
0.0
 10
-7.71557
 20
3.55422
 30
0.0
  0
SPLINE
  5
215
330
1F
100
AcDbEntity
  8
Camada 1
 62
   251
370
     9
100
AcDbSpline
210
0.0
220
0.0
230
1.0
 70
    24
 71
     3
 72
     8
 73
     4
 74
     0
 42
0.0000000001
 43
0.0000000001
 40
0.0
 40
0.0
 40
0.0
 40
0.0
 40
1.0
 40
1.0
 40
1.0
 40
1.0
 10
-5.36869
 20
-5.82269
 30
0.0
 10
-5.36869
 20
-5.82269
 30
0.0
 10
-5.3581
 20
-5.82269
 30
0.0
 10
-5.3581
 20
-5.82269
 30
0.0
  0
SPLINE
  5
216
330
1F
100
AcDbEntity
  8
Camada 1
 62
   251
370
     9
100
AcDbSpline
210
0.0
220
0.0
230
1.0
 70
     8
 71
     3
 72
    29
 73
    25
 74
     0
 42
0.0000000001
 43
0.0000000001
 40
0.0
 40
0.0
 40
0.0
 40
0.0
 40
0.125
 40
0.125
 40
0.125
 40
0.25
 40
0.25
 40
0.25
 40
0.375
 40
0.375
 40
0.375
 40
0.5
 40
0.5
 40
0.5
 40
0.625
 40
0.625
 40
0.625
 40
0.75
 40
0.75
 40
0.75
 40
0.875
 40
0.875
 40
0.875
 40
1.0
 40
1.0
 40
1.0
 40
1.0
 10
-5.65808
 20
-6.12266
 30
0.0
 10
-5.65808
 20
-6.12266
 30
0.0
 10
-5.60162
 20
-6.11913
 30
0.0
 10
-5.60162
 20
-6.11913
 30
0.0
 10
-5.60162
 20
-6.11913
 30
0.0
 10
-5.54515
 20
-6.10148
 30
0.0
 10
-5.54515
 20
-6.10148
 30
0.0
 10
-5.54515
 20
-6.10148
 30
0.0
 10
-5.49221
 20
-6.07325
 30
0.0
 10
-5.49221
 20
-6.07325
 30
0.0
 10
-5.49221
 20
-6.07325
 30
0.0
 10
-5.44633
 20
-6.03796
 30
0.0
 10
-5.44633
 20
-6.03796
 30
0.0
 10
-5.44633
 20
-6.03796
 30
0.0
 10
-5.41105
 20
-5.99208
 30
0.0
 10
-5.41105
 20
-5.99208
 30
0.0
 10
-5.41105
 20
-5.99208
 30
0.0
 10
-5.3828
 20
-5.93914
 30
0.0
 10
-5.3828
 20
-5.93914
 30
0.0
 10
-5.3828
 20
-5.93914
 30
0.0
 10
-5.36516
 20
-5.88268
 30
0.0
 10
-5.36516
 20
-5.88268
 30
0.0
 10
-5.36516
 20
-5.88268
 30
0.0
 10
-5.3581
 20
-5.82269
 30
0.0
 10
-5.3581
 20
-5.82269
 30
0.0
  0
SPLINE
  5
217
330
1F
100
AcDbEntity
  8
Camada 1
 62
   251
370
     9
100
AcDbSpline
210
0.0
220
0.0
230
1.0
 70
    24
 71
     3
 72
     8
 73
     4
 74
     0
 42
0.0000000001
 43
0.0000000001
 40
0.0
 40
0.0
 40
0.0
 40
0.0
 40
1.0
 40
1.0
 40
1.0
 40
1.0
 10
-11.51998
 20
3.55069
 30
0.0
 10
-11.51998
 20
3.55069
 30
0.0
 10
-7.71557
 20
3.55069
 30
0.0
 10
-7.71557
 20
3.55069
 30
0.0
  0
SPLINE
  5
218
330
1F
100
AcDbEntity
  8
Camada 1
 62
   251
370
     9
100
AcDbSpline
210
0.0
220
0.0
230
1.0
 70
    24
 71
     3
 72
     8
 73
     4
 74
     0
 42
0.0000000001
 43
0.0000000001
 40
0.0
 40
0.0
 40
0.0
 40
0.0
 40
1.0
 40
1.0
 40
1.0
 40
1.0
 10
-11.51998
 20
3.55422
 30
0.0
 10
-11.51998
 20
3.55422
 30
0.0
 10
-11.51998
 20
3.55069
 30
0.0
 10
-11.51998
 20
3.55069
 30
0.0
  0
SPLINE
  5
219
330
1F
100
AcDbEntity
  8
Camada 1
 62
   251
370
     9
100
AcDbSpline
210
0.0
220
0.0
230
1.0
 70
    24
 71
     3
 72
     8
 73
     4
 74
     0
 42
0.0000000001
 43
0.0000000001
 40
0.0
 40
0.0
 40
0.0
 40
0.0
 40
1.0
 40
1.0
 40
1.0
 40
1.0
 10
-5.3581
 20
-5.82269
 30
0.0
 10
-5.3581
 20
-5.82269
 30
0.0
 10
-5.3581
 20
5.81992
 30
0.0
 10
-5.3581
 20
5.81992
 30
0.0
  0
SPLINE
  5
21A
330
1F
100
AcDbEntity
  8
Camada 1
 62
   251
370
     9
100
AcDbSpline
210
0.0
220
0.0
230
1.0
 70
     8
 71
     3
 72
    20
 73
    16
 74
     0
 42
0.0000000001
 43
0.0000000001
 40
0.0
 40
0.0
 40
0.0
 40
0.0
 40
0.2
 40
0.2
 40
0.2
 40
0.4
 40
0.4
 40
0.4
 40
0.6000000000000001
 40
0.6000000000000001
 40
0.6000000000000001
 40
0.8
 40
0.8
 40
0.8
 40
1.0
 40
1.0
 40
1.0
 40
1.0
 10
-11.51998
 20
3.55069
 30
0.0
 10
-11.51998
 20
3.55069
 30
0.0
 10
-11.51998
 20
3.55069
 30
0.0
 10
-11.51998
 20
3.55069
 30
0.0
 10
-11.51998
 20
3.55069
 30
0.0
 10
-11.52351
 20
3.54716
 30
0.0
 10
-11.52351
 20
3.54716
 30
0.0
 10
-11.52351
 20
3.54716
 30
0.0
 10
-11.52703
 20
3.54716
 30
0.0
 10
-11.52703
 20
3.54716
 30
0.0
 10
-11.52703
 20
3.54716
 30
0.0
 10
-11.52703
 20
3.54364
 30
0.0
 10
-11.52703
 20
3.54364
 30
0.0
 10
-11.52703
 20
3.54364
 30
0.0
 10
-11.52703
 20
3.54011
 30
0.0
 10
-11.52703
 20
3.54011
 30
0.0
  0
SPLINE
  5
21B
330
1F
100
AcDbEntity
  8
Camada 1
 62
   251
370
     9
100
AcDbSpline
210
0.0
220
0.0
230
1.0
 70
    24
 71
     3
 72
     8
 73
     4
 74
     0
 42
0.0000000001
 43
0.0000000001
 40
0.0
 40
0.0
 40
0.0
 40
0.0
 40
1.0
 40
1.0
 40
1.0
 40
1.0
 10
-7.70852
 20
3.54011
 30
0.0
 10
-7.70852
 20
3.54011
 30
0.0
 10
-7.70852
 20
-3.54286
 30
0.0
 10
-7.70852
 20
-3.54286
 30
0.0
  0
SPLINE
  5
21C
330
1F
100
AcDbEntity
  8
Camada 1
 62
   251
370
     9
100
AcDbSpline
210
0.0
220
0.0
230
1.0
 70
     8
 71
     3
 72
    29
 73
    25
 74
     0
 42
0.0000000001
 43
0.0000000001
 40
0.0
 40
0.0
 40
0.0
 40
0.0
 40
0.125
 40
0.125
 40
0.125
 40
0.25
 40
0.25
 40
0.25
 40
0.375
 40
0.375
 40
0.375
 40
0.5
 40
0.5
 40
0.5
 40
0.625
 40
0.625
 40
0.625
 40
0.75
 40
0.75
 40
0.75
 40
0.875
 40
0.875
 40
0.875
 40
1.0
 40
1.0
 40
1.0
 40
1.0
 10
-13.58099
 20
6.1199
 30
0.0
 10
-13.58099
 20
6.1199
 30
0.0
 10
-13.63745
 20
6.11284
 30
0.0
 10
-13.63745
 20
6.11284
 30
0.0
 10
-13.63745
 20
6.11284
 30
0.0
 10
-13.69393
 20
6.09873
 30
0.0
 10
-13.69393
 20
6.09873
 30
0.0
 10
-13.69393
 20
6.09873
 30
0.0
 10
-13.74687
 20
6.07049
 30
0.0
 10
-13.74687
 20
6.07049
 30
0.0
 10
-13.74687
 20
6.07049
 30
0.0
 10
-13.79274
 20
6.03167
 30
0.0
 10
-13.79274
 20
6.03167
 30
0.0
 10
-13.79274
 20
6.03167
 30
0.0
 10
-13.82803
 20
5.9858
 30
0.0
 10
-13.82803
 20
5.9858
 30
0.0
 10
-13.82803
 20
5.9858
 30
0.0
 10
-13.85627
 20
5.93639
 30
0.0
 10
-13.85627
 20
5.93639
 30
0.0
 10
-13.85627
 20
5.93639
 30
0.0
 10
-13.87392
 20
5.87992
 30
0.0
 10
-13.87392
 20
5.87992
 30
0.0
 10
-13.87392
 20
5.87992
 30
0.0
 10
-13.87744
 20
5.81992
 30
0.0
 10
-13.87744
 20
5.81992
 30
0.0
  0
SPLINE
  5
21D
330
1F
100
AcDbEntity
  8
Camada 1
 62
   251
370
     9
100
AcDbSpline
210
0.0
220
0.0
230
1.0
 70
    24
 71
     3
 72
     8
 73
     4
 74
     0
 42
0.0000000001
 43
0.0000000001
 40
0.0
 40
0.0
 40
0.0
 40
0.0
 40
1.0
 40
1.0
 40
1.0
 40
1.0
 10
-7.71557
 20
-3.55346
 30
0.0
 10
-7.71557
 20
-3.55346
 30
0.0
 10
-11.51998
 20
-3.55346
 30
0.0
 10
-11.51998
 20
-3.55346
 30
0.0
  0
SPLINE
  5
21E
330
1F
100
AcDbEntity
  8
Camada 1
 62
   251
370
     9
100
AcDbSpline
210
0.0
220
0.0
230
1.0
 70
     8
 71
     3
 72
    29
 73
    25
 74
     0
 42
0.0000000001
 43
0.0000000001
 40
0.0
 40
0.0
 40
0.0
 40
0.0
 40
0.125
 40
0.125
 40
0.125
 40
0.25
 40
0.25
 40
0.25
 40
0.375
 40
0.375
 40
0.375
 40
0.5
 40
0.5
 40
0.5
 40
0.625
 40
0.625
 40
0.625
 40
0.75
 40
0.75
 40
0.75
 40
0.875
 40
0.875
 40
0.875
 40
1.0
 40
1.0
 40
1.0
 40
1.0
 10
-9.83296
 20
2.15585
 30
0.0
 10
-9.83296
 20
2.15585
 30
0.0
 10
-9.83296
 20
2.0606
 30
0.0
 10
-9.83296
 20
2.0606
 30
0.0
 10
-9.83296
 20
2.0606
 30
0.0
 10
-9.82944
 20
1.96183
 30
0.0
 10
-9.82944
 20
1.96183
 30
0.0
 10
-9.82944
 20
1.96183
 30
0.0
 10
-9.82944
 20
1.86305
 30
0.0
 10
-9.82944
 20
1.86305
 30
0.0
 10
-9.82944
 20
1.86305
 30
0.0
 10
-9.82591
 20
1.76427
 30
0.0
 10
-9.82591
 20
1.76427
 30
0.0
 10
-9.82591
 20
1.76427
 30
0.0
 10
-9.82591
 20
1.66549
 30
0.0
 10
-9.82591
 20
1.66549
 30
0.0
 10
-9.82591
 20
1.66549
 30
0.0
 10
-9.82591
 20
1.56671
 30
0.0
 10
-9.82591
 20
1.56671
 30
0.0
 10
-9.82591
 20
1.56671
 30
0.0
 10
-9.82238
 20
1.46794
 30
0.0
 10
-9.82238
 20
1.46794
 30
0.0
 10
-9.82238
 20
1.46794
 30
0.0
 10
-9.82238
 20
1.37622
 30
0.0
 10
-9.82238
 20
1.37622
 30
0.0
  0
SPLINE
  5
21F
330
1F
100
AcDbEntity
  8
Camada 1
 62
   251
370
     9
100
AcDbSpline
210
0.0
220
0.0
230
1.0
 70
    24
 71
     3
 72
    29
 73
    25
 74
     0
 42
0.0000000001
 43
0.0000000001
 40
0.0
 40
0.0
 40
0.0
 40
0.0
 40
0.125
 40
0.125
 40
0.125
 40
0.25
 40
0.25
 40
0.25
 40
0.375
 40
0.375
 40
0.375
 40
0.5
 40
0.5
 40
0.5
 40
0.625
 40
0.625
 40
0.625
 40
0.75
 40
0.75
 40
0.75
 40
0.875
 40
0.875
 40
0.875
 40
1.0
 40
1.0
 40
1.0
 40
1.0
 10
-9.6213
 20
2.15585
 30
0.0
 10
-9.6213
 20
2.15585
 30
0.0
 10
-9.64952
 20
2.15585
 30
0.0
 10
-9.64952
 20
2.15585
 30
0.0
 10
-9.64952
 20
2.15585
 30
0.0
 10
-9.67421
 20
2.15585
 30
0.0
 10
-9.67421
 20
2.15585
 30
0.0
 10
-9.67421
 20
2.15585
 30
0.0
 10
-9.70244
 20
2.15585
 30
0.0
 10
-9.70244
 20
2.15585
 30
0.0
 10
-9.70244
 20
2.15585
 30
0.0
 10
-9.72713
 20
2.15585
 30
0.0
 10
-9.72713
 20
2.15585
 30
0.0
 10
-9.72713
 20
2.15585
 30
0.0
 10
-9.75535
 20
2.15585
 30
0.0
 10
-9.75535
 20
2.15585
 30
0.0
 10
-9.75535
 20
2.15585
 30
0.0
 10
-9.78005
 20
2.15585
 30
0.0
 10
-9.78005
 20
2.15585
 30
0.0
 10
-9.78005
 20
2.15585
 30
0.0
 10
-9.80474
 20
2.15585
 30
0.0
 10
-9.80474
 20
2.15585
 30
0.0
 10
-9.80474
 20
2.15585
 30
0.0
 10
-9.83296
 20
2.15585
 30
0.0
 10
-9.83296
 20
2.15585
 30
0.0
  0
SPLINE
  5
220
330
1F
100
AcDbEntity
  8
Camada 1
 62
   251
370
     9
100
AcDbSpline
210
0.0
220
0.0
230
1.0
 70
     8
 71
     3
 72
    29
 73
    25
 74
     0
 42
0.0000000001
 43
0.0000000001
 40
0.0
 40
0.0
 40
0.0
 40
0.0
 40
0.125
 40
0.125
 40
0.125
 40
0.25
 40
0.25
 40
0.25
 40
0.375
 40
0.375
 40
0.375
 40
0.5
 40
0.5
 40
0.5
 40
0.625
 40
0.625
 40
0.625
 40
0.75
 40
0.75
 40
0.75
 40
0.875
 40
0.875
 40
0.875
 40
1.0
 40
1.0
 40
1.0
 40
1.0
 10
-9.41316
 20
2.15938
 30
0.0
 10
-9.41316
 20
2.15938
 30
0.0
 10
-9.43785
 20
2.15938
 30
0.0
 10
-9.43785
 20
2.15938
 30
0.0
 10
-9.43785
 20
2.15938
 30
0.0
 10
-9.46607
 20
2.15938
 30
0.0
 10
-9.46607
 20
2.15938
 30
0.0
 10
-9.46607
 20
2.15938
 30
0.0
 10
-9.49077
 20
2.15938
 30
0.0
 10
-9.49077
 20
2.15938
 30
0.0
 10
-9.49077
 20
2.15938
 30
0.0
 10
-9.51546
 20
2.15938
 30
0.0
 10
-9.51546
 20
2.15938
 30
0.0
 10
-9.51546
 20
2.15938
 30
0.0
 10
-9.54369
 20
2.15938
 30
0.0
 10
-9.54369
 20
2.15938
 30
0.0
 10
-9.54369
 20
2.15938
 30
0.0
 10
-9.56838
 20
2.15938
 30
0.0
 10
-9.56838
 20
2.15938
 30
0.0
 10
-9.56838
 20
2.15938
 30
0.0
 10
-9.5966
 20
2.15585
 30
0.0
 10
-9.5966
 20
2.15585
 30
0.0
 10
-9.5966
 20
2.15585
 30
0.0
 10
-9.6213
 20
2.15585
 30
0.0
 10
-9.6213
 20
2.15585
 30
0.0
  0
SPLINE
  5
221
330
1F
100
AcDbEntity
  8
Camada 1
 62
   251
370
     9
100
AcDbSpline
210
0.0
220
0.0
230
1.0
 70
     8
 71
     3
 72
    29
 73
    25
 74
     0
 42
0.0000000001
 43
0.0000000001
 40
0.0
 40
0.0
 40
0.0
 40
0.0
 40
0.125
 40
0.125
 40
0.125
 40
0.25
 40
0.25
 40
0.25
 40
0.375
 40
0.375
 40
0.375
 40
0.5
 40
0.5
 40
0.5
 40
0.625
 40
0.625
 40
0.625
 40
0.75
 40
0.75
 40
0.75
 40
0.875
 40
0.875
 40
0.875
 40
1.0
 40
1.0
 40
1.0
 40
1.0
 10
-9.40257
 20
1.37974
 30
0.0
 10
-9.40257
 20
1.37974
 30
0.0
 10
-9.40257
 20
1.47499
 30
0.0
 10
-9.40257
 20
1.47499
 30
0.0
 10
-9.40257
 20
1.47499
 30
0.0
 10
-9.4061
 20
1.57024
 30
0.0
 10
-9.4061
 20
1.57024
 30
0.0
 10
-9.4061
 20
1.57024
 30
0.0
 10
-9.4061
 20
1.66902
 30
0.0
 10
-9.4061
 20
1.66902
 30
0.0
 10
-9.4061
 20
1.66902
 30
0.0
 10
-9.4061
 20
1.77133
 30
0.0
 10
-9.4061
 20
1.77133
 30
0.0
 10
-9.4061
 20
1.77133
 30
0.0
 10
-9.40963
 20
1.8701
 30
0.0
 10
-9.40963
 20
1.8701
 30
0.0
 10
-9.40963
 20
1.8701
 30
0.0
 10
-9.40963
 20
1.96888
 30
0.0
 10
-9.40963
 20
1.96888
 30
0.0
 10
-9.40963
 20
1.96888
 30
0.0
 10
-9.40963
 20
2.06413
 30
0.0
 10
-9.40963
 20
2.06413
 30
0.0
 10
-9.40963
 20
2.06413
 30
0.0
 10
-9.41316
 20
2.15938
 30
0.0
 10
-9.41316
 20
2.15938
 30
0.0
  0
SPLINE
  5
222
330
1F
100
AcDbEntity
  8
Camada 1
 62
   251
370
     9
100
AcDbSpline
210
0.0
220
0.0
230
1.0
 70
     8
 71
     3
 72
    29
 73
    25
 74
     0
 42
0.0000000001
 43
0.0000000001
 40
0.0
 40
0.0
 40
0.0
 40
0.0
 40
0.125
 40
0.125
 40
0.125
 40
0.25
 40
0.25
 40
0.25
 40
0.375
 40
0.375
 40
0.375
 40
0.5
 40
0.5
 40
0.5
 40
0.625
 40
0.625
 40
0.625
 40
0.75
 40
0.75
 40
0.75
 40
0.875
 40
0.875
 40
0.875
 40
1.0
 40
1.0
 40
1.0
 40
1.0
 10
-9.61424
 20
1.37622
 30
0.0
 10
-9.61424
 20
1.37622
 30
0.0
 10
-9.58602
 20
1.37622
 30
0.0
 10
-9.58602
 20
1.37622
 30
0.0
 10
-9.58602
 20
1.37622
 30
0.0
 10
-9.56132
 20
1.37622
 30
0.0
 10
-9.56132
 20
1.37622
 30
0.0
 10
-9.56132
 20
1.37622
 30
0.0
 10
-9.5331
 20
1.37974
 30
0.0
 10
-9.5331
 20
1.37974
 30
0.0
 10
-9.5331
 20
1.37974
 30
0.0
 10
-9.50841
 20
1.37974
 30
0.0
 10
-9.50841
 20
1.37974
 30
0.0
 10
-9.50841
 20
1.37974
 30
0.0
 10
-9.48019
 20
1.37974
 30
0.0
 10
-9.48019
 20
1.37974
 30
0.0
 10
-9.48019
 20
1.37974
 30
0.0
 10
-9.45549
 20
1.37974
 30
0.0
 10
-9.45549
 20
1.37974
 30
0.0
 10
-9.45549
 20
1.37974
 30
0.0
 10
-9.42727
 20
1.37974
 30
0.0
 10
-9.42727
 20
1.37974
 30
0.0
 10
-9.42727
 20
1.37974
 30
0.0
 10
-9.40257
 20
1.37974
 30
0.0
 10
-9.40257
 20
1.37974
 30
0.0
  0
SPLINE
  5
223
330
1F
100
AcDbEntity
  8
Camada 1
 62
   251
370
     9
100
AcDbSpline
210
0.0
220
0.0
230
1.0
 70
    24
 71
     3
 72
    29
 73
    25
 74
     0
 42
0.0000000001
 43
0.0000000001
 40
0.0
 40
0.0
 40
0.0
 40
0.0
 40
0.125
 40
0.125
 40
0.125
 40
0.25
 40
0.25
 40
0.25
 40
0.375
 40
0.375
 40
0.375
 40
0.5
 40
0.5
 40
0.5
 40
0.625
 40
0.625
 40
0.625
 40
0.75
 40
0.75
 40
0.75
 40
0.875
 40
0.875
 40
0.875
 40
1.0
 40
1.0
 40
1.0
 40
1.0
 10
-9.82238
 20
1.37622
 30
0.0
 10
-9.82238
 20
1.37622
 30
0.0
 10
-9.79769
 20
1.37622
 30
0.0
 10
-9.79769
 20
1.37622
 30
0.0
 10
-9.79769
 20
1.37622
 30
0.0
 10
-9.76946
 20
1.37622
 30
0.0
 10
-9.76946
 20
1.37622
 30
0.0
 10
-9.76946
 20
1.37622
 30
0.0
 10
-9.74477
 20
1.37622
 30
0.0
 10
-9.74477
 20
1.37622
 30
0.0
 10
-9.74477
 20
1.37622
 30
0.0
 10
-9.71655
 20
1.37622
 30
0.0
 10
-9.71655
 20
1.37622
 30
0.0
 10
-9.71655
 20
1.37622
 30
0.0
 10
-9.69185
 20
1.37622
 30
0.0
 10
-9.69185
 20
1.37622
 30
0.0
 10
-9.69185
 20
1.37622
 30
0.0
 10
-9.66716
 20
1.37622
 30
0.0
 10
-9.66716
 20
1.37622
 30
0.0
 10
-9.66716
 20
1.37622
 30
0.0
 10
-9.63894
 20
1.37622
 30
0.0
 10
-9.63894
 20
1.37622
 30
0.0
 10
-9.63894
 20
1.37622
 30
0.0
 10
-9.61424
 20
1.37622
 30
0.0
 10
-9.61424
 20
1.37622
 30
0.0
  0
SPLINE
  5
224
330
1F
100
AcDbEntity
  8
Camada 1
 62
   251
370
     9
100
AcDbSpline
210
0.0
220
0.0
230
1.0
 70
     8
 71
     3
 72
    29
 73
    25
 74
     0
 42
0.0000000001
 43
0.0000000001
 40
0.0
 40
0.0
 40
0.0
 40
0.0
 40
0.125
 40
0.125
 40
0.125
 40
0.25
 40
0.25
 40
0.25
 40
0.375
 40
0.375
 40
0.375
 40
0.5
 40
0.5
 40
0.5
 40
0.625
 40
0.625
 40
0.625
 40
0.75
 40
0.75
 40
0.75
 40
0.875
 40
0.875
 40
0.875
 40
1.0
 40
1.0
 40
1.0
 40
1.0
 10
-9.21207
 20
2.16291
 30
0.0
 10
-9.21207
 20
2.16291
 30
0.0
 10
-9.23677
 20
2.16291
 30
0.0
 10
-9.23677
 20
2.16291
 30
0.0
 10
-9.23677
 20
2.16291
 30
0.0
 10
-9.26146
 20
2.16291
 30
0.0
 10
-9.26146
 20
2.16291
 30
0.0
 10
-9.26146
 20
2.16291
 30
0.0
 10
-9.28616
 20
2.16291
 30
0.0
 10
-9.28616
 20
2.16291
 30
0.0
 10
-9.28616
 20
2.16291
 30
0.0
 10
-9.31085
 20
2.15938
 30
0.0
 10
-9.31085
 20
2.15938
 30
0.0
 10
-9.31085
 20
2.15938
 30
0.0
 10
-9.33555
 20
2.15938
 30
0.0
 10
-9.33555
 20
2.15938
 30
0.0
 10
-9.33555
 20
2.15938
 30
0.0
 10
-9.36024
 20
2.15938
 30
0.0
 10
-9.36024
 20
2.15938
 30
0.0
 10
-9.36024
 20
2.15938
 30
0.0
 10
-9.38846
 20
2.15938
 30
0.0
 10
-9.38846
 20
2.15938
 30
0.0
 10
-9.38846
 20
2.15938
 30
0.0
 10
-9.41316
 20
2.15938
 30
0.0
 10
-9.41316
 20
2.15938
 30
0.0
  0
SPLINE
  5
225
330
1F
100
AcDbEntity
  8
Camada 1
 62
   251
370
     9
100
AcDbSpline
210
0.0
220
0.0
230
1.0
 70
    24
 71
     3
 72
    29
 73
    25
 74
     0
 42
0.0000000001
 43
0.0000000001
 40
0.0
 40
0.0
 40
0.0
 40
0.0
 40
0.125
 40
0.125
 40
0.125
 40
0.25
 40
0.25
 40
0.25
 40
0.375
 40
0.375
 40
0.375
 40
0.5
 40
0.5
 40
0.5
 40
0.625
 40
0.625
 40
0.625
 40
0.75
 40
0.75
 40
0.75
 40
0.875
 40
0.875
 40
0.875
 40
1.0
 40
1.0
 40
1.0
 40
1.0
 10
-9.07096
 20
2.16291
 30
0.0
 10
-9.07096
 20
2.16291
 30
0.0
 10
-9.0886
 20
2.16291
 30
0.0
 10
-9.0886
 20
2.16291
 30
0.0
 10
-9.0886
 20
2.16291
 30
0.0
 10
-9.10624
 20
2.16291
 30
0.0
 10
-9.10624
 20
2.16291
 30
0.0
 10
-9.10624
 20
2.16291
 30
0.0
 10
-9.12388
 20
2.16291
 30
0.0
 10
-9.12388
 20
2.16291
 30
0.0
 10
-9.12388
 20
2.16291
 30
0.0
 10
-9.14152
 20
2.16291
 30
0.0
 10
-9.14152
 20
2.16291
 30
0.0
 10
-9.14152
 20
2.16291
 30
0.0
 10
-9.15916
 20
2.16291
 30
0.0
 10
-9.15916
 20
2.16291
 30
0.0
 10
-9.15916
 20
2.16291
 30
0.0
 10
-9.1768
 20
2.16291
 30
0.0
 10
-9.1768
 20
2.16291
 30
0.0
 10
-9.1768
 20
2.16291
 30
0.0
 10
-9.19444
 20
2.16291
 30
0.0
 10
-9.19444
 20
2.16291
 30
0.0
 10
-9.19444
 20
2.16291
 30
0.0
 10
-9.21207
 20
2.16291
 30
0.0
 10
-9.21207
 20
2.16291
 30
0.0
  0
SPLINE
  5
226
330
1F
100
AcDbEntity
  8
Camada 1
 62
   251
370
     9
100
AcDbSpline
210
0.0
220
0.0
230
1.0
 70
     8
 71
     3
 72
    32
 73
    28
 74
     0
 42
0.0000000001
 43
0.0000000001
 40
0.0
 40
0.0
 40
0.0
 40
0.0
 40
0.1111111111111111
 40
0.1111111111111111
 40
0.1111111111111111
 40
0.2222222222222222
 40
0.2222222222222222
 40
0.2222222222222222
 40
0.3333333333333333
 40
0.3333333333333333
 40
0.3333333333333333
 40
0.4444444444444444
 40
0.4444444444444444
 40
0.4444444444444444
 40
0.5555555555555556
 40
0.5555555555555556
 40
0.5555555555555556
 40
0.6666666666666666
 40
0.6666666666666666
 40
0.6666666666666666
 40
0.7777777777777777
 40
0.7777777777777777
 40
0.7777777777777777
 40
0.8888888888888888
 40
0.8888888888888888
 40
0.8888888888888888
 40
1.0
 40
1.0
 40
1.0
 40
1.0
 10
-9.06391
 20
1.38327
 30
0.0
 10
-9.06391
 20
1.38327
 30
0.0
 10
-9.06391
 20
1.46794
 30
0.0
 10
-9.06391
 20
1.46794
 30
0.0
 10
-9.06391
 20
1.46794
 30
0.0
 10
-9.06391
 20
1.5526
 30
0.0
 10
-9.06391
 20
1.5526
 30
0.0
 10
-9.06391
 20
1.5526
 30
0.0
 10
-9.06744
 20
1.6408
 30
0.0
 10
-9.06744
 20
1.6408
 30
0.0
 10
-9.06744
 20
1.6408
 30
0.0
 10
-9.06744
 20
1.72899
 30
0.0
 10
-9.06744
 20
1.72899
 30
0.0
 10
-9.06744
 20
1.72899
 30
0.0
 10
-9.06744
 20
1.81719
 30
0.0
 10
-9.06744
 20
1.81719
 30
0.0
 10
-9.06744
 20
1.81719
 30
0.0
 10
-9.07096
 20
1.90538
 30
0.0
 10
-9.07096
 20
1.90538
 30
0.0
 10
-9.07096
 20
1.90538
 30
0.0
 10
-9.07096
 20
1.99358
 30
0.0
 10
-9.07096
 20
1.99358
 30
0.0
 10
-9.07096
 20
1.99358
 30
0.0
 10
-9.07096
 20
2.08177
 30
0.0
 10
-9.07096
 20
2.08177
 30
0.0
 10
-9.07096
 20
2.08177
 30
0.0
 10
-9.07096
 20
2.16291
 30
0.0
 10
-9.07096
 20
2.16291
 30
0.0
  0
SPLINE
  5
227
330
1F
100
AcDbEntity
  8
Camada 1
 62
   251
370
     9
100
AcDbSpline
210
0.0
220
0.0
230
1.0
 70
    24
 71
     3
 72
    29
 73
    25
 74
     0
 42
0.0000000001
 43
0.0000000001
 40
0.0
 40
0.0
 40
0.0
 40
0.0
 40
0.125
 40
0.125
 40
0.125
 40
0.25
 40
0.25
 40
0.25
 40
0.375
 40
0.375
 40
0.375
 40
0.5
 40
0.5
 40
0.5
 40
0.625
 40
0.625
 40
0.625
 40
0.75
 40
0.75
 40
0.75
 40
0.875
 40
0.875
 40
0.875
 40
1.0
 40
1.0
 40
1.0
 40
1.0
 10
-9.20149
 20
1.38327
 30
0.0
 10
-9.20149
 20
1.38327
 30
0.0
 10
-9.18385
 20
1.38327
 30
0.0
 10
-9.18385
 20
1.38327
 30
0.0
 10
-9.18385
 20
1.38327
 30
0.0
 10
-9.16621
 20
1.38327
 30
0.0
 10
-9.16621
 20
1.38327
 30
0.0
 10
-9.16621
 20
1.38327
 30
0.0
 10
-9.14857
 20
1.38327
 30
0.0
 10
-9.14857
 20
1.38327
 30
0.0
 10
-9.14857
 20
1.38327
 30
0.0
 10
-9.13094
 20
1.38327
 30
0.0
 10
-9.13094
 20
1.38327
 30
0.0
 10
-9.13094
 20
1.38327
 30
0.0
 10
-9.1133
 20
1.38327
 30
0.0
 10
-9.1133
 20
1.38327
 30
0.0
 10
-9.1133
 20
1.38327
 30
0.0
 10
-9.09566
 20
1.38327
 30
0.0
 10
-9.09566
 20
1.38327
 30
0.0
 10
-9.09566
 20
1.38327
 30
0.0
 10
-9.07802
 20
1.38327
 30
0.0
 10
-9.07802
 20
1.38327
 30
0.0
 10
-9.07802
 20
1.38327
 30
0.0
 10
-9.06391
 20
1.38327
 30
0.0
 10
-9.06391
 20
1.38327
 30
0.0
  0
SPLINE
  5
228
330
1F
100
AcDbEntity
  8
Camada 1
 62
   251
370
     9
100
AcDbSpline
210
0.0
220
0.0
230
1.0
 70
     8
 71
     3
 72
    29
 73
    25
 74
     0
 42
0.0000000001
 43
0.0000000001
 40
0.0
 40
0.0
 40
0.0
 40
0.0
 40
0.125
 40
0.125
 40
0.125
 40
0.25
 40
0.25
 40
0.25
 40
0.375
 40
0.375
 40
0.375
 40
0.5
 40
0.5
 40
0.5
 40
0.625
 40
0.625
 40
0.625
 40
0.75
 40
0.75
 40
0.75
 40
0.875
 40
0.875
 40
0.875
 40
1.0
 40
1.0
 40
1.0
 40
1.0
 10
-9.40257
 20
1.37974
 30
0.0
 10
-9.40257
 20
1.37974
 30
0.0
 10
-9.37788
 20
1.37974
 30
0.0
 10
-9.37788
 20
1.37974
 30
0.0
 10
-9.37788
 20
1.37974
 30
0.0
 10
-9.35319
 20
1.37974
 30
0.0
 10
-9.35319
 20
1.37974
 30
0.0
 10
-9.35319
 20
1.37974
 30
0.0
 10
-9.32496
 20
1.37974
 30
0.0
 10
-9.32496
 20
1.37974
 30
0.0
 10
-9.32496
 20
1.37974
 30
0.0
 10
-9.30027
 20
1.37974
 30
0.0
 10
-9.30027
 20
1.37974
 30
0.0
 10
-9.30027
 20
1.37974
 30
0.0
 10
-9.27557
 20
1.37974
 30
0.0
 10
-9.27557
 20
1.37974
 30
0.0
 10
-9.27557
 20
1.37974
 30
0.0
 10
-9.25088
 20
1.38327
 30
0.0
 10
-9.25088
 20
1.38327
 30
0.0
 10
-9.25088
 20
1.38327
 30
0.0
 10
-9.22619
 20
1.38327
 30
0.0
 10
-9.22619
 20
1.38327
 30
0.0
 10
-9.22619
 20
1.38327
 30
0.0
 10
-9.20149
 20
1.38327
 30
0.0
 10
-9.20149
 20
1.38327
 30
0.0
  0
SPLINE
  5
229
330
1F
100
AcDbEntity
  8
Camada 1
 62
   251
370
     9
100
AcDbSpline
210
0.0
220
0.0
230
1.0
 70
     8
 71
     3
 72
    29
 73
    25
 74
     0
 42
0.0000000001
 43
0.0000000001
 40
0.0
 40
0.0
 40
0.0
 40
0.0
 40
0.125
 40
0.125
 40
0.125
 40
0.25
 40
0.25
 40
0.25
 40
0.375
 40
0.375
 40
0.375
 40
0.5
 40
0.5
 40
0.5
 40
0.625
 40
0.625
 40
0.625
 40
0.75
 40
0.75
 40
0.75
 40
0.875
 40
0.875
 40
0.875
 40
1.0
 40
1.0
 40
1.0
 40
1.0
 10
-10.02346
 20
1.37269
 30
0.0
 10
-10.02346
 20
1.37269
 30
0.0
 10
-9.99877
 20
1.37269
 30
0.0
 10
-9.99877
 20
1.37269
 30
0.0
 10
-9.99877
 20
1.37269
 30
0.0
 10
-9.97407
 20
1.37269
 30
0.0
 10
-9.97407
 20
1.37269
 30
0.0
 10
-9.97407
 20
1.37269
 30
0.0
 10
-9.94938
 20
1.37269
 30
0.0
 10
-9.94938
 20
1.37269
 30
0.0
 10
-9.94938
 20
1.37269
 30
0.0
 10
-9.92469
 20
1.37269
 30
0.0
 10
-9.92469
 20
1.37269
 30
0.0
 10
-9.92469
 20
1.37269
 30
0.0
 10
-9.89999
 20
1.37269
 30
0.0
 10
-9.89999
 20
1.37269
 30
0.0
 10
-9.89999
 20
1.37269
 30
0.0
 10
-9.8753
 20
1.37269
 30
0.0
 10
-9.8753
 20
1.37269
 30
0.0
 10
-9.8753
 20
1.37269
 30
0.0
 10
-9.84707
 20
1.37269
 30
0.0
 10
-9.84707
 20
1.37269
 30
0.0
 10
-9.84707
 20
1.37269
 30
0.0
 10
-9.82238
 20
1.37622
 30
0.0
 10
-9.82238
 20
1.37622
 30
0.0
  0
SPLINE
  5
22A
330
1F
100
AcDbEntity
  8
Camada 1
 62
   251
370
     9
100
AcDbSpline
210
0.0
220
0.0
230
1.0
 70
     8
 71
     3
 72
    29
 73
    25
 74
     0
 42
0.0000000001
 43
0.0000000001
 40
0.0
 40
0.0
 40
0.0
 40
0.0
 40
0.125
 40
0.125
 40
0.125
 40
0.25
 40
0.25
 40
0.25
 40
0.375
 40
0.375
 40
0.375
 40
0.5
 40
0.5
 40
0.5
 40
0.625
 40
0.625
 40
0.625
 40
0.75
 40
0.75
 40
0.75
 40
0.875
 40
0.875
 40
0.875
 40
1.0
 40
1.0
 40
1.0
 40
1.0
 10
-10.16105
 20
1.36916
 30
0.0
 10
-10.16105
 20
1.36916
 30
0.0
 10
-10.14694
 20
1.36916
 30
0.0
 10
-10.14694
 20
1.36916
 30
0.0
 10
-10.14694
 20
1.36916
 30
0.0
 10
-10.1293
 20
1.36916
 30
0.0
 10
-10.1293
 20
1.36916
 30
0.0
 10
-10.1293
 20
1.36916
 30
0.0
 10
-10.11166
 20
1.37269
 30
0.0
 10
-10.11166
 20
1.37269
 30
0.0
 10
-10.11166
 20
1.37269
 30
0.0
 10
-10.09402
 20
1.37269
 30
0.0
 10
-10.09402
 20
1.37269
 30
0.0
 10
-10.09402
 20
1.37269
 30
0.0
 10
-10.07638
 20
1.37269
 30
0.0
 10
-10.07638
 20
1.37269
 30
0.0
 10
-10.07638
 20
1.37269
 30
0.0
 10
-10.05874
 20
1.37269
 30
0.0
 10
-10.05874
 20
1.37269
 30
0.0
 10
-10.05874
 20
1.37269
 30
0.0
 10
-10.0411
 20
1.37269
 30
0.0
 10
-10.0411
 20
1.37269
 30
0.0
 10
-10.0411
 20
1.37269
 30
0.0
 10
-10.02346
 20
1.37269
 30
0.0
 10
-10.02346
 20
1.37269
 30
0.0
  0
SPLINE
  5
22B
330
1F
100
AcDbEntity
  8
Camada 1
 62
   251
370
     9
100
AcDbSpline
210
0.0
220
0.0
230
1.0
 70
     8
 71
     3
 72
    32
 73
    28
 74
     0
 42
0.0000000001
 43
0.0000000001
 40
0.0
 40
0.0
 40
0.0
 40
0.0
 40
0.1111111111111111
 40
0.1111111111111111
 40
0.1111111111111111
 40
0.2222222222222222
 40
0.2222222222222222
 40
0.2222222222222222
 40
0.3333333333333333
 40
0.3333333333333333
 40
0.3333333333333333
 40
0.4444444444444444
 40
0.4444444444444444
 40
0.4444444444444444
 40
0.5555555555555556
 40
0.5555555555555556
 40
0.5555555555555556
 40
0.6666666666666666
 40
0.6666666666666666
 40
0.6666666666666666
 40
0.7777777777777777
 40
0.7777777777777777
 40
0.7777777777777777
 40
0.8888888888888888
 40
0.8888888888888888
 40
0.8888888888888888
 40
1.0
 40
1.0
 40
1.0
 40
1.0
 10
-10.17163
 20
2.1488
 30
0.0
 10
-10.17163
 20
2.1488
 30
0.0
 10
-10.17163
 20
2.06766
 30
0.0
 10
-10.17163
 20
2.06766
 30
0.0
 10
-10.17163
 20
2.06766
 30
0.0
 10
-10.17163
 20
1.97946
 30
0.0
 10
-10.17163
 20
1.97946
 30
0.0
 10
-10.17163
 20
1.97946
 30
0.0
 10
-10.1681
 20
1.89127
 30
0.0
 10
-10.1681
 20
1.89127
 30
0.0
 10
-10.1681
 20
1.89127
 30
0.0
 10
-10.1681
 20
1.80308
 30
0.0
 10
-10.1681
 20
1.80308
 30
0.0
 10
-10.1681
 20
1.80308
 30
0.0
 10
-10.1681
 20
1.71488
 30
0.0
 10
-10.1681
 20
1.71488
 30
0.0
 10
-10.1681
 20
1.71488
 30
0.0
 10
-10.16457
 20
1.62669
 30
0.0
 10
-10.16457
 20
1.62669
 30
0.0
 10
-10.16457
 20
1.62669
 30
0.0
 10
-10.16457
 20
1.53849
 30
0.0
 10
-10.16457
 20
1.53849
 30
0.0
 10
-10.16457
 20
1.53849
 30
0.0
 10
-10.16457
 20
1.45383
 30
0.0
 10
-10.16457
 20
1.45383
 30
0.0
 10
-10.16457
 20
1.45383
 30
0.0
 10
-10.16105
 20
1.36916
 30
0.0
 10
-10.16105
 20
1.36916
 30
0.0
  0
SPLINE
  5
22C
330
1F
100
AcDbEntity
  8
Camada 1
 62
   251
370
     9
100
AcDbSpline
210
0.0
220
0.0
230
1.0
 70
     8
 71
     3
 72
    29
 73
    25
 74
     0
 42
0.0000000001
 43
0.0000000001
 40
0.0
 40
0.0
 40
0.0
 40
0.0
 40
0.125
 40
0.125
 40
0.125
 40
0.25
 40
0.25
 40
0.25
 40
0.375
 40
0.375
 40
0.375
 40
0.5
 40
0.5
 40
0.5
 40
0.625
 40
0.625
 40
0.625
 40
0.75
 40
0.75
 40
0.75
 40
0.875
 40
0.875
 40
0.875
 40
1.0
 40
1.0
 40
1.0
 40
1.0
 10
-10.03405
 20
2.15233
 30
0.0
 10
-10.03405
 20
2.15233
 30
0.0
 10
-10.05168
 20
2.15233
 30
0.0
 10
-10.05168
 20
2.15233
 30
0.0
 10
-10.05168
 20
2.15233
 30
0.0
 10
-10.06932
 20
2.15233
 30
0.0
 10
-10.06932
 20
2.15233
 30
0.0
 10
-10.06932
 20
2.15233
 30
0.0
 10
-10.08696
 20
2.15233
 30
0.0
 10
-10.08696
 20
2.15233
 30
0.0
 10
-10.08696
 20
2.15233
 30
0.0
 10
-10.1046
 20
2.15233
 30
0.0
 10
-10.1046
 20
2.15233
 30
0.0
 10
-10.1046
 20
2.15233
 30
0.0
 10
-10.12224
 20
2.15233
 30
0.0
 10
-10.12224
 20
2.15233
 30
0.0
 10
-10.12224
 20
2.15233
 30
0.0
 10
-10.13988
 20
2.15233
 30
0.0
 10
-10.13988
 20
2.15233
 30
0.0
 10
-10.13988
 20
2.15233
 30
0.0
 10
-10.15399
 20
2.1488
 30
0.0
 10
-10.15399
 20
2.1488
 30
0.0
 10
-10.15399
 20
2.1488
 30
0.0
 10
-10.17163
 20
2.1488
 30
0.0
 10
-10.17163
 20
2.1488
 30
0.0
  0
SPLINE
  5
22D
330
1F
100
AcDbEntity
  8
Camada 1
 62
   251
370
     9
100
AcDbSpline
210
0.0
220
0.0
230
1.0
 70
     8
 71
     3
 72
    29
 73
    25
 74
     0
 42
0.0000000001
 43
0.0000000001
 40
0.0
 40
0.0
 40
0.0
 40
0.0
 40
0.125
 40
0.125
 40
0.125
 40
0.25
 40
0.25
 40
0.25
 40
0.375
 40
0.375
 40
0.375
 40
0.5
 40
0.5
 40
0.5
 40
0.625
 40
0.625
 40
0.625
 40
0.75
 40
0.75
 40
0.75
 40
0.875
 40
0.875
 40
0.875
 40
1.0
 40
1.0
 40
1.0
 40
1.0
 10
-9.83296
 20
2.15585
 30
0.0
 10
-9.83296
 20
2.15585
 30
0.0
 10
-9.85766
 20
2.15585
 30
0.0
 10
-9.85766
 20
2.15585
 30
0.0
 10
-9.85766
 20
2.15585
 30
0.0
 10
-9.88235
 20
2.15233
 30
0.0
 10
-9.88235
 20
2.15233
 30
0.0
 10
-9.88235
 20
2.15233
 30
0.0
 10
-9.90705
 20
2.15233
 30
0.0
 10
-9.90705
 20
2.15233
 30
0.0
 10
-9.90705
 20
2.15233
 30
0.0
 10
-9.93527
 20
2.15233
 30
0.0
 10
-9.93527
 20
2.15233
 30
0.0
 10
-9.93527
 20
2.15233
 30
0.0
 10
-9.95996
 20
2.15233
 30
0.0
 10
-9.95996
 20
2.15233
 30
0.0
 10
-9.95996
 20
2.15233
 30
0.0
 10
-9.98466
 20
2.15233
 30
0.0
 10
-9.98466
 20
2.15233
 30
0.0
 10
-9.98466
 20
2.15233
 30
0.0
 10
-10.00935
 20
2.15233
 30
0.0
 10
-10.00935
 20
2.15233
 30
0.0
 10
-10.00935
 20
2.15233
 30
0.0
 10
-10.03405
 20
2.15233
 30
0.0
 10
-10.03405
 20
2.15233
 30
0.0
  0
SPLINE
  5
22E
330
1F
100
AcDbEntity
  8
Camada 1
 62
   251
370
     9
100
AcDbSpline
210
0.0
220
0.0
230
1.0
 70
     8
 71
     3
 72
    29
 73
    25
 74
     0
 42
0.0000000001
 43
0.0000000001
 40
0.0
 40
0.0
 40
0.0
 40
0.0
 40
0.125
 40
0.125
 40
0.125
 40
0.25
 40
0.25
 40
0.25
 40
0.375
 40
0.375
 40
0.375
 40
0.5
 40
0.5
 40
0.5
 40
0.625
 40
0.625
 40
0.625
 40
0.75
 40
0.75
 40
0.75
 40
0.875
 40
0.875
 40
0.875
 40
1.0
 40
1.0
 40
1.0
 40
1.0
 10
-9.19796
 20
0.9811
 30
0.0
 10
-9.19796
 20
0.9811
 30
0.0
 10
-9.19796
 20
1.02696
 30
0.0
 10
-9.19796
 20
1.02696
 30
0.0
 10
-9.19796
 20
1.02696
 30
0.0
 10
-9.19796
 20
1.07283
 30
0.0
 10
-9.19796
 20
1.07283
 30
0.0
 10
-9.19796
 20
1.07283
 30
0.0
 10
-9.19796
 20
1.11869
 30
0.0
 10
-9.19796
 20
1.11869
 30
0.0
 10
-9.19796
 20
1.11869
 30
0.0
 10
-9.20149
 20
1.16808
 30
0.0
 10
-9.20149
 20
1.16808
 30
0.0
 10
-9.20149
 20
1.16808
 30
0.0
 10
-9.20149
 20
1.22099
 30
0.0
 10
-9.20149
 20
1.22099
 30
0.0
 10
-9.20149
 20
1.22099
 30
0.0
 10
-9.20149
 20
1.27391
 30
0.0
 10
-9.20149
 20
1.27391
 30
0.0
 10
-9.20149
 20
1.27391
 30
0.0
 10
-9.20149
 20
1.32683
 30
0.0
 10
-9.20149
 20
1.32683
 30
0.0
 10
-9.20149
 20
1.32683
 30
0.0
 10
-9.20149
 20
1.38327
 30
0.0
 10
-9.20149
 20
1.38327
 30
0.0
  0
SPLINE
  5
22F
330
1F
100
AcDbEntity
  8
Camada 1
 62
   251
370
     9
100
AcDbSpline
210
0.0
220
0.0
230
1.0
 70
     8
 71
     3
 72
    29
 73
    25
 74
     0
 42
0.0000000001
 43
0.0000000001
 40
0.0
 40
0.0
 40
0.0
 40
0.0
 40
0.125
 40
0.125
 40
0.125
 40
0.25
 40
0.25
 40
0.25
 40
0.375
 40
0.375
 40
0.375
 40
0.5
 40
0.5
 40
0.5
 40
0.625
 40
0.625
 40
0.625
 40
0.75
 40
0.75
 40
0.75
 40
0.875
 40
0.875
 40
0.875
 40
1.0
 40
1.0
 40
1.0
 40
1.0
 10
-9.60719
 20
0.97758
 30
0.0
 10
-9.60719
 20
0.97758
 30
0.0
 10
-9.55427
 20
0.97758
 30
0.0
 10
-9.55427
 20
0.97758
 30
0.0
 10
-9.55427
 20
0.97758
 30
0.0
 10
-9.50135
 20
0.97758
 30
0.0
 10
-9.50135
 20
0.97758
 30
0.0
 10
-9.50135
 20
0.97758
 30
0.0
 10
-9.44844
 20
0.97758
 30
0.0
 10
-9.44844
 20
0.97758
 30
0.0
 10
-9.44844
 20
0.97758
 30
0.0
 10
-9.39552
 20
0.9811
 30
0.0
 10
-9.39552
 20
0.9811
 30
0.0
 10
-9.39552
 20
0.9811
 30
0.0
 10
-9.34613
 20
0.9811
 30
0.0
 10
-9.34613
 20
0.9811
 30
0.0
 10
-9.34613
 20
0.9811
 30
0.0
 10
-9.29674
 20
0.9811
 30
0.0
 10
-9.29674
 20
0.9811
 30
0.0
 10
-9.29674
 20
0.9811
 30
0.0
 10
-9.24735
 20
0.9811
 30
0.0
 10
-9.24735
 20
0.9811
 30
0.0
 10
-9.24735
 20
0.9811
 30
0.0
 10
-9.19796
 20
0.9811
 30
0.0
 10
-9.19796
 20
0.9811
 30
0.0
  0
SPLINE
  5
230
330
1F
100
AcDbEntity
  8
Camada 1
 62
   251
370
     9
100
AcDbSpline
210
0.0
220
0.0
230
1.0
 70
     8
 71
     3
 72
    29
 73
    25
 74
     0
 42
0.0000000001
 43
0.0000000001
 40
0.0
 40
0.0
 40
0.0
 40
0.0
 40
0.125
 40
0.125
 40
0.125
 40
0.25
 40
0.25
 40
0.25
 40
0.375
 40
0.375
 40
0.375
 40
0.5
 40
0.5
 40
0.5
 40
0.625
 40
0.625
 40
0.625
 40
0.75
 40
0.75
 40
0.75
 40
0.875
 40
0.875
 40
0.875
 40
1.0
 40
1.0
 40
1.0
 40
1.0
 10
-9.61424
 20
1.37622
 30
0.0
 10
-9.61424
 20
1.37622
 30
0.0
 10
-9.61071
 20
1.3233
 30
0.0
 10
-9.61071
 20
1.3233
 30
0.0
 10
-9.61071
 20
1.3233
 30
0.0
 10
-9.61071
 20
1.27038
 30
0.0
 10
-9.61071
 20
1.27038
 30
0.0
 10
-9.61071
 20
1.27038
 30
0.0
 10
-9.61071
 20
1.21747
 30
0.0
 10
-9.61071
 20
1.21747
 30
0.0
 10
-9.61071
 20
1.21747
 30
0.0
 10
-9.61071
 20
1.16455
 30
0.0
 10
-9.61071
 20
1.16455
 30
0.0
 10
-9.61071
 20
1.16455
 30
0.0
 10
-9.61071
 20
1.11516
 30
0.0
 10
-9.61071
 20
1.11516
 30
0.0
 10
-9.61071
 20
1.11516
 30
0.0
 10
-9.60719
 20
1.0693
 30
0.0
 10
-9.60719
 20
1.0693
 30
0.0
 10
-9.60719
 20
1.0693
 30
0.0
 10
-9.60719
 20
1.02344
 30
0.0
 10
-9.60719
 20
1.02344
 30
0.0
 10
-9.60719
 20
1.02344
 30
0.0
 10
-9.60719
 20
0.97758
 30
0.0
 10
-9.60719
 20
0.97758
 30
0.0
  0
SPLINE
  5
231
330
1F
100
AcDbEntity
  8
Camada 1
 62
   251
370
     9
100
AcDbSpline
210
0.0
220
0.0
230
1.0
 70
     8
 71
     3
 72
    29
 73
    25
 74
     0
 42
0.0000000001
 43
0.0000000001
 40
0.0
 40
0.0
 40
0.0
 40
0.0
 40
0.125
 40
0.125
 40
0.125
 40
0.25
 40
0.25
 40
0.25
 40
0.375
 40
0.375
 40
0.375
 40
0.5
 40
0.5
 40
0.5
 40
0.625
 40
0.625
 40
0.625
 40
0.75
 40
0.75
 40
0.75
 40
0.875
 40
0.875
 40
0.875
 40
1.0
 40
1.0
 40
1.0
 40
1.0
 10
-10.01641
 20
0.97052
 30
0.0
 10
-10.01641
 20
0.97052
 30
0.0
 10
-9.97055
 20
0.97405
 30
0.0
 10
-9.97055
 20
0.97405
 30
0.0
 10
-9.97055
 20
0.97405
 30
0.0
 10
-9.92116
 20
0.97405
 30
0.0
 10
-9.92116
 20
0.97405
 30
0.0
 10
-9.92116
 20
0.97405
 30
0.0
 10
-9.86824
 20
0.97405
 30
0.0
 10
-9.86824
 20
0.97405
 30
0.0
 10
-9.86824
 20
0.97405
 30
0.0
 10
-9.81885
 20
0.97405
 30
0.0
 10
-9.81885
 20
0.97405
 30
0.0
 10
-9.81885
 20
0.97405
 30
0.0
 10
-9.76594
 20
0.97405
 30
0.0
 10
-9.76594
 20
0.97405
 30
0.0
 10
-9.76594
 20
0.97405
 30
0.0
 10
-9.71302
 20
0.97758
 30
0.0
 10
-9.71302
 20
0.97758
 30
0.0
 10
-9.71302
 20
0.97758
 30
0.0
 10
-9.6601
 20
0.97758
 30
0.0
 10
-9.6601
 20
0.97758
 30
0.0
 10
-9.6601
 20
0.97758
 30
0.0
 10
-9.60719
 20
0.97758
 30
0.0
 10
-9.60719
 20
0.97758
 30
0.0
  0
SPLINE
  5
232
330
1F
100
AcDbEntity
  8
Camada 1
 62
   251
370
     9
100
AcDbSpline
210
0.0
220
0.0
230
1.0
 70
     8
 71
     3
 72
    29
 73
    25
 74
     0
 42
0.0000000001
 43
0.0000000001
 40
0.0
 40
0.0
 40
0.0
 40
0.0
 40
0.125
 40
0.125
 40
0.125
 40
0.25
 40
0.25
 40
0.25
 40
0.375
 40
0.375
 40
0.375
 40
0.5
 40
0.5
 40
0.5
 40
0.625
 40
0.625
 40
0.625
 40
0.75
 40
0.75
 40
0.75
 40
0.875
 40
0.875
 40
0.875
 40
1.0
 40
1.0
 40
1.0
 40
1.0
 10
-10.02346
 20
1.37269
 30
0.0
 10
-10.02346
 20
1.37269
 30
0.0
 10
-10.02346
 20
1.31624
 30
0.0
 10
-10.02346
 20
1.31624
 30
0.0
 10
-10.02346
 20
1.31624
 30
0.0
 10
-10.01994
 20
1.26333
 30
0.0
 10
-10.01994
 20
1.26333
 30
0.0
 10
-10.01994
 20
1.26333
 30
0.0
 10
-10.01994
 20
1.21041
 30
0.0
 10
-10.01994
 20
1.21041
 30
0.0
 10
-10.01994
 20
1.21041
 30
0.0
 10
-10.01994
 20
1.15749
 30
0.0
 10
-10.01994
 20
1.15749
 30
0.0
 10
-10.01994
 20
1.15749
 30
0.0
 10
-10.01994
 20
1.1081
 30
0.0
 10
-10.01994
 20
1.1081
 30
0.0
 10
-10.01994
 20
1.1081
 30
0.0
 10
-10.01994
 20
1.06224
 30
0.0
 10
-10.01994
 20
1.06224
 30
0.0
 10
-10.01994
 20
1.06224
 30
0.0
 10
-10.01994
 20
1.01638
 30
0.0
 10
-10.01994
 20
1.01638
 30
0.0
 10
-10.01994
 20
1.01638
 30
0.0
 10
-10.01641
 20
0.97052
 30
0.0
 10
-10.01641
 20
0.97052
 30
0.0
  0
SPLINE
  5
233
330
1F
100
AcDbEntity
  8
Camada 1
 62
   251
370
     9
100
AcDbSpline
210
0.0
220
0.0
230
1.0
 70
     8
 71
     3
 72
    29
 73
    25
 74
     0
 42
0.0000000001
 43
0.0000000001
 40
0.0
 40
0.0
 40
0.0
 40
0.0
 40
0.125
 40
0.125
 40
0.125
 40
0.25
 40
0.25
 40
0.25
 40
0.375
 40
0.375
 40
0.375
 40
0.5
 40
0.5
 40
0.5
 40
0.625
 40
0.625
 40
0.625
 40
0.75
 40
0.75
 40
0.75
 40
0.875
 40
0.875
 40
0.875
 40
1.0
 40
1.0
 40
1.0
 40
1.0
 10
-9.21207
 20
2.16291
 30
0.0
 10
-9.21207
 20
2.16291
 30
0.0
 10
-9.21207
 20
2.21583
 30
0.0
 10
-9.21207
 20
2.21583
 30
0.0
 10
-9.21207
 20
2.21583
 30
0.0
 10
-9.21207
 20
2.27227
 30
0.0
 10
-9.21207
 20
2.27227
 30
0.0
 10
-9.21207
 20
2.27227
 30
0.0
 10
-9.2156
 20
2.32519
 30
0.0
 10
-9.2156
 20
2.32519
 30
0.0
 10
-9.2156
 20
2.32519
 30
0.0
 10
-9.2156
 20
2.37458
 30
0.0
 10
-9.2156
 20
2.37458
 30
0.0
 10
-9.2156
 20
2.37458
 30
0.0
 10
-9.2156
 20
2.42397
 30
0.0
 10
-9.2156
 20
2.42397
 30
0.0
 10
-9.2156
 20
2.42397
 30
0.0
 10
-9.2156
 20
2.47335
 30
0.0
 10
-9.2156
 20
2.47335
 30
0.0
 10
-9.2156
 20
2.47335
 30
0.0
 10
-9.2156
 20
2.51921
 30
0.0
 10
-9.2156
 20
2.51921
 30
0.0
 10
-9.2156
 20
2.51921
 30
0.0
 10
-9.21913
 20
2.56155
 30
0.0
 10
-9.21913
 20
2.56155
 30
0.0
  0
SPLINE
  5
234
330
1F
100
AcDbEntity
  8
Camada 1
 62
   251
370
     9
100
AcDbSpline
210
0.0
220
0.0
230
1.0
 70
     8
 71
     3
 72
    29
 73
    25
 74
     0
 42
0.0000000001
 43
0.0000000001
 40
0.0
 40
0.0
 40
0.0
 40
0.0
 40
0.125
 40
0.125
 40
0.125
 40
0.25
 40
0.25
 40
0.25
 40
0.375
 40
0.375
 40
0.375
 40
0.5
 40
0.5
 40
0.5
 40
0.625
 40
0.625
 40
0.625
 40
0.75
 40
0.75
 40
0.75
 40
0.875
 40
0.875
 40
0.875
 40
1.0
 40
1.0
 40
1.0
 40
1.0
 10
-9.62835
 20
2.55802
 30
0.0
 10
-9.62835
 20
2.55802
 30
0.0
 10
-9.62835
 20
2.51216
 30
0.0
 10
-9.62835
 20
2.51216
 30
0.0
 10
-9.62835
 20
2.51216
 30
0.0
 10
-9.62482
 20
2.4663
 30
0.0
 10
-9.62482
 20
2.4663
 30
0.0
 10
-9.62482
 20
2.4663
 30
0.0
 10
-9.62482
 20
2.41691
 30
0.0
 10
-9.62482
 20
2.41691
 30
0.0
 10
-9.62482
 20
2.41691
 30
0.0
 10
-9.62482
 20
2.36752
 30
0.0
 10
-9.62482
 20
2.36752
 30
0.0
 10
-9.62482
 20
2.36752
 30
0.0
 10
-9.62482
 20
2.31813
 30
0.0
 10
-9.62482
 20
2.31813
 30
0.0
 10
-9.62482
 20
2.31813
 30
0.0
 10
-9.62482
 20
2.26522
 30
0.0
 10
-9.62482
 20
2.26522
 30
0.0
 10
-9.62482
 20
2.26522
 30
0.0
 10
-9.62482
 20
2.2123
 30
0.0
 10
-9.62482
 20
2.2123
 30
0.0
 10
-9.62482
 20
2.2123
 30
0.0
 10
-9.6213
 20
2.15585
 30
0.0
 10
-9.6213
 20
2.15585
 30
0.0
  0
SPLINE
  5
235
330
1F
100
AcDbEntity
  8
Camada 1
 62
   251
370
     9
100
AcDbSpline
210
0.0
220
0.0
230
1.0
 70
     8
 71
     3
 72
    29
 73
    25
 74
     0
 42
0.0000000001
 43
0.0000000001
 40
0.0
 40
0.0
 40
0.0
 40
0.0
 40
0.125
 40
0.125
 40
0.125
 40
0.25
 40
0.25
 40
0.25
 40
0.375
 40
0.375
 40
0.375
 40
0.5
 40
0.5
 40
0.5
 40
0.625
 40
0.625
 40
0.625
 40
0.75
 40
0.75
 40
0.75
 40
0.875
 40
0.875
 40
0.875
 40
1.0
 40
1.0
 40
1.0
 40
1.0
 10
-9.21913
 20
2.56155
 30
0.0
 10
-9.21913
 20
2.56155
 30
0.0
 10
-9.26499
 20
2.56155
 30
0.0
 10
-9.26499
 20
2.56155
 30
0.0
 10
-9.26499
 20
2.56155
 30
0.0
 10
-9.31438
 20
2.56155
 30
0.0
 10
-9.31438
 20
2.56155
 30
0.0
 10
-9.31438
 20
2.56155
 30
0.0
 10
-9.36377
 20
2.56155
 30
0.0
 10
-9.36377
 20
2.56155
 30
0.0
 10
-9.36377
 20
2.56155
 30
0.0
 10
-9.41668
 20
2.55802
 30
0.0
 10
-9.41668
 20
2.55802
 30
0.0
 10
-9.41668
 20
2.55802
 30
0.0
 10
-9.4696
 20
2.55802
 30
0.0
 10
-9.4696
 20
2.55802
 30
0.0
 10
-9.4696
 20
2.55802
 30
0.0
 10
-9.52252
 20
2.55802
 30
0.0
 10
-9.52252
 20
2.55802
 30
0.0
 10
-9.52252
 20
2.55802
 30
0.0
 10
-9.57543
 20
2.55802
 30
0.0
 10
-9.57543
 20
2.55802
 30
0.0
 10
-9.57543
 20
2.55802
 30
0.0
 10
-9.62835
 20
2.55802
 30
0.0
 10
-9.62835
 20
2.55802
 30
0.0
  0
SPLINE
  5
236
330
1F
100
AcDbEntity
  8
Camada 1
 62
   251
370
     9
100
AcDbSpline
210
0.0
220
0.0
230
1.0
 70
     8
 71
     3
 72
    29
 73
    25
 74
     0
 42
0.0000000001
 43
0.0000000001
 40
0.0
 40
0.0
 40
0.0
 40
0.0
 40
0.125
 40
0.125
 40
0.125
 40
0.25
 40
0.25
 40
0.25
 40
0.375
 40
0.375
 40
0.375
 40
0.5
 40
0.5
 40
0.5
 40
0.625
 40
0.625
 40
0.625
 40
0.75
 40
0.75
 40
0.75
 40
0.875
 40
0.875
 40
0.875
 40
1.0
 40
1.0
 40
1.0
 40
1.0
 10
-10.03757
 20
2.55097
 30
0.0
 10
-10.03757
 20
2.55097
 30
0.0
 10
-10.03757
 20
2.50863
 30
0.0
 10
-10.03757
 20
2.50863
 30
0.0
 10
-10.03757
 20
2.50863
 30
0.0
 10
-10.03757
 20
2.46277
 30
0.0
 10
-10.03757
 20
2.46277
 30
0.0
 10
-10.03757
 20
2.46277
 30
0.0
 10
-10.03405
 20
2.41338
 30
0.0
 10
-10.03405
 20
2.41338
 30
0.0
 10
-10.03405
 20
2.41338
 30
0.0
 10
-10.03405
 20
2.36399
 30
0.0
 10
-10.03405
 20
2.36399
 30
0.0
 10
-10.03405
 20
2.36399
 30
0.0
 10
-10.03405
 20
2.3146
 30
0.0
 10
-10.03405
 20
2.3146
 30
0.0
 10
-10.03405
 20
2.3146
 30
0.0
 10
-10.03405
 20
2.26169
 30
0.0
 10
-10.03405
 20
2.26169
 30
0.0
 10
-10.03405
 20
2.26169
 30
0.0
 10
-10.03405
 20
2.20877
 30
0.0
 10
-10.03405
 20
2.20877
 30
0.0
 10
-10.03405
 20
2.20877
 30
0.0
 10
-10.03405
 20
2.15233
 30
0.0
 10
-10.03405
 20
2.15233
 30
0.0
  0
SPLINE
  5
237
330
1F
100
AcDbEntity
  8
Camada 1
 62
   251
370
     9
100
AcDbSpline
210
0.0
220
0.0
230
1.0
 70
     8
 71
     3
 72
    29
 73
    25
 74
     0
 42
0.0000000001
 43
0.0000000001
 40
0.0
 40
0.0
 40
0.0
 40
0.0
 40
0.125
 40
0.125
 40
0.125
 40
0.25
 40
0.25
 40
0.25
 40
0.375
 40
0.375
 40
0.375
 40
0.5
 40
0.5
 40
0.5
 40
0.625
 40
0.625
 40
0.625
 40
0.75
 40
0.75
 40
0.75
 40
0.875
 40
0.875
 40
0.875
 40
1.0
 40
1.0
 40
1.0
 40
1.0
 10
-9.62835
 20
2.55802
 30
0.0
 10
-9.62835
 20
2.55802
 30
0.0
 10
-9.68127
 20
2.55802
 30
0.0
 10
-9.68127
 20
2.55802
 30
0.0
 10
-9.68127
 20
2.55802
 30
0.0
 10
-9.73418
 20
2.55449
 30
0.0
 10
-9.73418
 20
2.55449
 30
0.0
 10
-9.73418
 20
2.55449
 30
0.0
 10
-9.7871
 20
2.55449
 30
0.0
 10
-9.7871
 20
2.55449
 30
0.0
 10
-9.7871
 20
2.55449
 30
0.0
 10
-9.83649
 20
2.55449
 30
0.0
 10
-9.83649
 20
2.55449
 30
0.0
 10
-9.83649
 20
2.55449
 30
0.0
 10
-9.88941
 20
2.55449
 30
0.0
 10
-9.88941
 20
2.55449
 30
0.0
 10
-9.88941
 20
2.55449
 30
0.0
 10
-9.9388
 20
2.55449
 30
0.0
 10
-9.9388
 20
2.55449
 30
0.0
 10
-9.9388
 20
2.55449
 30
0.0
 10
-9.98819
 20
2.55097
 30
0.0
 10
-9.98819
 20
2.55097
 30
0.0
 10
-9.98819
 20
2.55097
 30
0.0
 10
-10.03757
 20
2.55097
 30
0.0
 10
-10.03757
 20
2.55097
 30
0.0
  0
SPLINE
  5
238
330
1F
100
AcDbEntity
  8
Camada 1
 62
   251
370
     9
100
AcDbSpline
210
0.0
220
0.0
230
1.0
 70
     8
 71
     3
 72
    29
 73
    25
 74
     0
 42
0.0000000001
 43
0.0000000001
 40
0.0
 40
0.0
 40
0.0
 40
0.0
 40
0.125
 40
0.125
 40
0.125
 40
0.25
 40
0.25
 40
0.25
 40
0.375
 40
0.375
 40
0.375
 40
0.5
 40
0.5
 40
0.5
 40
0.625
 40
0.625
 40
0.625
 40
0.75
 40
0.75
 40
0.75
 40
0.875
 40
0.875
 40
0.875
 40
1.0
 40
1.0
 40
1.0
 40
1.0
 10
-8.78874
 20
2.16644
 30
0.0
 10
-8.78874
 20
2.16644
 30
0.0
 10
-8.82049
 20
2.16644
 30
0.0
 10
-8.82049
 20
2.16644
 30
0.0
 10
-8.82049
 20
2.16644
 30
0.0
 10
-8.85224
 20
2.16644
 30
0.0
 10
-8.85224
 20
2.16644
 30
0.0
 10
-8.85224
 20
2.16644
 30
0.0
 10
-8.88399
 20
2.16644
 30
0.0
 10
-8.88399
 20
2.16644
 30
0.0
 10
-8.88399
 20
2.16644
 30
0.0
 10
-8.91927
 20
2.16644
 30
0.0
 10
-8.91927
 20
2.16644
 30
0.0
 10
-8.91927
 20
2.16644
 30
0.0
 10
-8.95807
 20
2.16644
 30
0.0
 10
-8.95807
 20
2.16644
 30
0.0
 10
-8.95807
 20
2.16644
 30
0.0
 10
-8.99335
 20
2.16644
 30
0.0
 10
-8.99335
 20
2.16644
 30
0.0
 10
-8.99335
 20
2.16644
 30
0.0
 10
-9.03216
 20
2.16291
 30
0.0
 10
-9.03216
 20
2.16291
 30
0.0
 10
-9.03216
 20
2.16291
 30
0.0
 10
-9.07096
 20
2.16291
 30
0.0
 10
-9.07096
 20
2.16291
 30
0.0
  0
SPLINE
  5
239
330
1F
100
AcDbEntity
  8
Camada 1
 62
   251
370
     9
100
AcDbSpline
210
0.0
220
0.0
230
1.0
 70
     8
 71
     3
 72
    35
 73
    31
 74
     0
 42
0.0000000001
 43
0.0000000001
 40
0.0
 40
0.0
 40
0.0
 40
0.0
 40
0.1
 40
0.1
 40
0.1
 40
0.2
 40
0.2
 40
0.2
 40
0.3
 40
0.3
 40
0.3
 40
0.4
 40
0.4
 40
0.4
 40
0.5
 40
0.5
 40
0.5
 40
0.6000000000000001
 40
0.6000000000000001
 40
0.6000000000000001
 40
0.7000000000000001
 40
0.7000000000000001
 40
0.7000000000000001
 40
0.8
 40
0.8
 40
0.8
 40
0.9
 40
0.9
 40
0.9
 40
1.0
 40
1.0
 40
1.0
 40
1.0
 10
-8.77816
 20
1.3868
 30
0.0
 10
-8.77816
 20
1.3868
 30
0.0
 10
-8.77816
 20
1.46088
 30
0.0
 10
-8.77816
 20
1.46088
 30
0.0
 10
-8.77816
 20
1.46088
 30
0.0
 10
-8.77816
 20
1.53849
 30
0.0
 10
-8.77816
 20
1.53849
 30
0.0
 10
-8.77816
 20
1.53849
 30
0.0
 10
-8.78168
 20
1.6161
 30
0.0
 10
-8.78168
 20
1.6161
 30
0.0
 10
-8.78168
 20
1.6161
 30
0.0
 10
-8.78168
 20
1.69724
 30
0.0
 10
-8.78168
 20
1.69724
 30
0.0
 10
-8.78168
 20
1.69724
 30
0.0
 10
-8.78168
 20
1.77838
 30
0.0
 10
-8.78168
 20
1.77838
 30
0.0
 10
-8.78168
 20
1.77838
 30
0.0
 10
-8.78521
 20
1.85952
 30
0.0
 10
-8.78521
 20
1.85952
 30
0.0
 10
-8.78521
 20
1.85952
 30
0.0
 10
-8.78521
 20
1.93713
 30
0.0
 10
-8.78521
 20
1.93713
 30
0.0
 10
-8.78521
 20
1.93713
 30
0.0
 10
-8.78521
 20
2.01827
 30
0.0
 10
-8.78521
 20
2.01827
 30
0.0
 10
-8.78521
 20
2.01827
 30
0.0
 10
-8.78521
 20
2.09235
 30
0.0
 10
-8.78521
 20
2.09235
 30
0.0
 10
-8.78521
 20
2.09235
 30
0.0
 10
-8.78874
 20
2.16644
 30
0.0
 10
-8.78874
 20
2.16644
 30
0.0
  0
SPLINE
  5
23A
330
1F
100
AcDbEntity
  8
Camada 1
 62
   251
370
     9
100
AcDbSpline
210
0.0
220
0.0
230
1.0
 70
     8
 71
     3
 72
    29
 73
    25
 74
     0
 42
0.0000000001
 43
0.0000000001
 40
0.0
 40
0.0
 40
0.0
 40
0.0
 40
0.125
 40
0.125
 40
0.125
 40
0.25
 40
0.25
 40
0.25
 40
0.375
 40
0.375
 40
0.375
 40
0.5
 40
0.5
 40
0.5
 40
0.625
 40
0.625
 40
0.625
 40
0.75
 40
0.75
 40
0.75
 40
0.875
 40
0.875
 40
0.875
 40
1.0
 40
1.0
 40
1.0
 40
1.0
 10
-9.06391
 20
1.38327
 30
0.0
 10
-9.06391
 20
1.38327
 30
0.0
 10
-9.0251
 20
1.38327
 30
0.0
 10
-9.0251
 20
1.38327
 30
0.0
 10
-9.0251
 20
1.38327
 30
0.0
 10
-8.9863
 20
1.38327
 30
0.0
 10
-8.9863
 20
1.38327
 30
0.0
 10
-8.9863
 20
1.38327
 30
0.0
 10
-8.94749
 20
1.3868
 30
0.0
 10
-8.94749
 20
1.3868
 30
0.0
 10
-8.94749
 20
1.3868
 30
0.0
 10
-8.91221
 20
1.3868
 30
0.0
 10
-8.91221
 20
1.3868
 30
0.0
 10
-8.91221
 20
1.3868
 30
0.0
 10
-8.87694
 20
1.3868
 30
0.0
 10
-8.87694
 20
1.3868
 30
0.0
 10
-8.87694
 20
1.3868
 30
0.0
 10
-8.84166
 20
1.3868
 30
0.0
 10
-8.84166
 20
1.3868
 30
0.0
 10
-8.84166
 20
1.3868
 30
0.0
 10
-8.80991
 20
1.3868
 30
0.0
 10
-8.80991
 20
1.3868
 30
0.0
 10
-8.80991
 20
1.3868
 30
0.0
 10
-8.77816
 20
1.3868
 30
0.0
 10
-8.77816
 20
1.3868
 30
0.0
  0
SPLINE
  5
23B
330
1F
100
AcDbEntity
  8
Camada 1
 62
   251
370
     9
100
AcDbSpline
210
0.0
220
0.0
230
1.0
 70
     8
 71
     3
 72
    29
 73
    25
 74
     0
 42
0.0000000001
 43
0.0000000001
 40
0.0
 40
0.0
 40
0.0
 40
0.0
 40
0.125
 40
0.125
 40
0.125
 40
0.25
 40
0.25
 40
0.25
 40
0.375
 40
0.375
 40
0.375
 40
0.5
 40
0.5
 40
0.5
 40
0.625
 40
0.625
 40
0.625
 40
0.75
 40
0.75
 40
0.75
 40
0.875
 40
0.875
 40
0.875
 40
1.0
 40
1.0
 40
1.0
 40
1.0
 10
-10.4468
 20
1.36563
 30
0.0
 10
-10.4468
 20
1.36563
 30
0.0
 10
-10.41505
 20
1.36563
 30
0.0
 10
-10.41505
 20
1.36563
 30
0.0
 10
-10.41505
 20
1.36563
 30
0.0
 10
-10.3833
 20
1.36916
 30
0.0
 10
-10.3833
 20
1.36916
 30
0.0
 10
-10.3833
 20
1.36916
 30
0.0
 10
-10.34802
 20
1.36916
 30
0.0
 10
-10.34802
 20
1.36916
 30
0.0
 10
-10.34802
 20
1.36916
 30
0.0
 10
-10.31274
 20
1.36916
 30
0.0
 10
-10.31274
 20
1.36916
 30
0.0
 10
-10.31274
 20
1.36916
 30
0.0
 10
-10.27746
 20
1.36916
 30
0.0
 10
-10.27746
 20
1.36916
 30
0.0
 10
-10.27746
 20
1.36916
 30
0.0
 10
-10.24219
 20
1.36916
 30
0.0
 10
-10.24219
 20
1.36916
 30
0.0
 10
-10.24219
 20
1.36916
 30
0.0
 10
-10.20338
 20
1.36916
 30
0.0
 10
-10.20338
 20
1.36916
 30
0.0
 10
-10.20338
 20
1.36916
 30
0.0
 10
-10.16105
 20
1.36916
 30
0.0
 10
-10.16105
 20
1.36916
 30
0.0
  0
SPLINE
  5
23C
330
1F
100
AcDbEntity
  8
Camada 1
 62
   251
370
     9
100
AcDbSpline
210
0.0
220
0.0
230
1.0
 70
     8
 71
     3
 72
    35
 73
    31
 74
     0
 42
0.0000000001
 43
0.0000000001
 40
0.0
 40
0.0
 40
0.0
 40
0.0
 40
0.1
 40
0.1
 40
0.1
 40
0.2
 40
0.2
 40
0.2
 40
0.3
 40
0.3
 40
0.3
 40
0.4
 40
0.4
 40
0.4
 40
0.5
 40
0.5
 40
0.5
 40
0.6000000000000001
 40
0.6000000000000001
 40
0.6000000000000001
 40
0.7000000000000001
 40
0.7000000000000001
 40
0.7000000000000001
 40
0.8
 40
0.8
 40
0.8
 40
0.9
 40
0.9
 40
0.9
 40
1.0
 40
1.0
 40
1.0
 40
1.0
 10
-10.45738
 20
2.14527
 30
0.0
 10
-10.45738
 20
2.14527
 30
0.0
 10
-10.45738
 20
2.07119
 30
0.0
 10
-10.45738
 20
2.07119
 30
0.0
 10
-10.45738
 20
2.07119
 30
0.0
 10
-10.45385
 20
1.9971
 30
0.0
 10
-10.45385
 20
1.9971
 30
0.0
 10
-10.45385
 20
1.9971
 30
0.0
 10
-10.45385
 20
1.91597
 30
0.0
 10
-10.45385
 20
1.91597
 30
0.0
 10
-10.45385
 20
1.91597
 30
0.0
 10
-10.45385
 20
1.83835
 30
0.0
 10
-10.45385
 20
1.83835
 30
0.0
 10
-10.45385
 20
1.83835
 30
0.0
 10
-10.45385
 20
1.75722
 30
0.0
 10
-10.45385
 20
1.75722
 30
0.0
 10
-10.45385
 20
1.75722
 30
0.0
 10
-10.45032
 20
1.67608
 30
0.0
 10
-10.45032
 20
1.67608
 30
0.0
 10
-10.45032
 20
1.67608
 30
0.0
 10
-10.45032
 20
1.59494
 30
0.0
 10
-10.45032
 20
1.59494
 30
0.0
 10
-10.45032
 20
1.59494
 30
0.0
 10
-10.45032
 20
1.51733
 30
0.0
 10
-10.45032
 20
1.51733
 30
0.0
 10
-10.45032
 20
1.51733
 30
0.0
 10
-10.45032
 20
1.43972
 30
0.0
 10
-10.45032
 20
1.43972
 30
0.0
 10
-10.45032
 20
1.43972
 30
0.0
 10
-10.4468
 20
1.36563
 30
0.0
 10
-10.4468
 20
1.36563
 30
0.0
  0
SPLINE
  5
23D
330
1F
100
AcDbEntity
  8
Camada 1
 62
   251
370
     9
100
AcDbSpline
210
0.0
220
0.0
230
1.0
 70
     8
 71
     3
 72
    29
 73
    25
 74
     0
 42
0.0000000001
 43
0.0000000001
 40
0.0
 40
0.0
 40
0.0
 40
0.0
 40
0.125
 40
0.125
 40
0.125
 40
0.25
 40
0.25
 40
0.25
 40
0.375
 40
0.375
 40
0.375
 40
0.5
 40
0.5
 40
0.5
 40
0.625
 40
0.625
 40
0.625
 40
0.75
 40
0.75
 40
0.75
 40
0.875
 40
0.875
 40
0.875
 40
1.0
 40
1.0
 40
1.0
 40
1.0
 10
-10.17163
 20
2.1488
 30
0.0
 10
-10.17163
 20
2.1488
 30
0.0
 10
-10.21043
 20
2.1488
 30
0.0
 10
-10.21043
 20
2.1488
 30
0.0
 10
-10.21043
 20
2.1488
 30
0.0
 10
-10.24924
 20
2.1488
 30
0.0
 10
-10.24924
 20
2.1488
 30
0.0
 10
-10.24924
 20
2.1488
 30
0.0
 10
-10.28805
 20
2.1488
 30
0.0
 10
-10.28805
 20
2.1488
 30
0.0
 10
-10.28805
 20
2.1488
 30
0.0
 10
-10.32332
 20
2.1488
 30
0.0
 10
-10.32332
 20
2.1488
 30
0.0
 10
-10.32332
 20
2.1488
 30
0.0
 10
-10.3586
 20
2.1488
 30
0.0
 10
-10.3586
 20
2.1488
 30
0.0
 10
-10.3586
 20
2.1488
 30
0.0
 10
-10.39388
 20
2.1488
 30
0.0
 10
-10.39388
 20
2.1488
 30
0.0
 10
-10.39388
 20
2.1488
 30
0.0
 10
-10.42563
 20
2.1488
 30
0.0
 10
-10.42563
 20
2.1488
 30
0.0
 10
-10.42563
 20
2.1488
 30
0.0
 10
-10.45738
 20
2.14527
 30
0.0
 10
-10.45738
 20
2.14527
 30
0.0
  0
SPLINE
  5
23E
330
1F
100
AcDbEntity
  8
Camada 1
 62
   251
370
     9
100
AcDbSpline
210
0.0
220
0.0
230
1.0
 70
    11
 71
     3
 72
   236
 73
   232
 74
     0
 42
0.0000000001
 43
0.0000000001
 40
0.0
 40
0.0
 40
0.0
 40
0.0
 40
0.012987012987013
 40
0.012987012987013
 40
0.012987012987013
 40
0.025974025974026
 40
0.025974025974026
 40
0.025974025974026
 40
0.038961038961039
 40
0.038961038961039
 40
0.038961038961039
 40
0.051948051948052
 40
0.051948051948052
 40
0.051948051948052
 40
0.0649350649350649
 40
0.0649350649350649
 40
0.0649350649350649
 40
0.0779220779220779
 40
0.0779220779220779
 40
0.0779220779220779
 40
0.0909090909090909
 40
0.0909090909090909
 40
0.0909090909090909
 40
0.1038961038961039
 40
0.1038961038961039
 40
0.1038961038961039
 40
0.1168831168831169
 40
0.1168831168831169
 40
0.1168831168831169
 40
0.1298701298701299
 40
0.1298701298701299
 40
0.1298701298701299
 40
0.1428571428571429
 40
0.1428571428571429
 40
0.1428571428571429
 40
0.1558441558441558
 40
0.1558441558441558
 40
0.1558441558441558
 40
0.1688311688311688
 40
0.1688311688311688
 40
0.1688311688311688
 40
0.1818181818181818
 40
0.1818181818181818
 40
0.1818181818181818
 40
0.1948051948051948
 40
0.1948051948051948
 40
0.1948051948051948
 40
0.2077922077922078
 40
0.2077922077922078
 40
0.2077922077922078
 40
0.2207792207792208
 40
0.2207792207792208
 40
0.2207792207792208
 40
0.2337662337662338
 40
0.2337662337662338
 40
0.2337662337662338
 40
0.2467532467532468
 40
0.2467532467532468
 40
0.2467532467532468
 40
0.2597402597402598
 40
0.2597402597402598
 40
0.2597402597402598
 40
0.2727272727272728
 40
0.2727272727272728
 40
0.2727272727272728
 40
0.2857142857142858
 40
0.2857142857142858
 40
0.2857142857142858
 40
0.2987012987012987
 40
0.2987012987012987
 40
0.2987012987012987
 40
0.3116883116883117
 40
0.3116883116883117
 40
0.3116883116883117
 40
0.3246753246753247
 40
0.3246753246753247
 40
0.3246753246753247
 40
0.3376623376623377
 40
0.3376623376623377
 40
0.3376623376623377
 40
0.3506493506493507
 40
0.3506493506493507
 40
0.3506493506493507
 40
0.3636363636363636
 40
0.3636363636363636
 40
0.3636363636363636
 40
0.3766233766233766
 40
0.3766233766233766
 40
0.3766233766233766
 40
0.3896103896103896
 40
0.3896103896103896
 40
0.3896103896103896
 40
0.4025974025974026
 40
0.4025974025974026
 40
0.4025974025974026
 40
0.4155844155844156
 40
0.4155844155844156
 40
0.4155844155844156
 40
0.4285714285714286
 40
0.4285714285714286
 40
0.4285714285714286
 40
0.4415584415584416
 40
0.4415584415584416
 40
0.4415584415584416
 40
0.4545454545454546
 40
0.4545454545454546
 40
0.4545454545454546
 40
0.4675324675324676
 40
0.4675324675324676
 40
0.4675324675324676
 40
0.4805194805194806
 40
0.4805194805194806
 40
0.4805194805194806
 40
0.4935064935064936
 40
0.4935064935064936
 40
0.4935064935064936
 40
0.5064935064935066
 40
0.5064935064935066
 40
0.5064935064935066
 40
0.5194805194805195
 40
0.5194805194805195
 40
0.5194805194805195
 40
0.5324675324675325
 40
0.5324675324675325
 40
0.5324675324675325
 40
0.5454545454545455
 40
0.5454545454545455
 40
0.5454545454545455
 40
0.5584415584415585
 40
0.5584415584415585
 40
0.5584415584415585
 40
0.5714285714285715
 40
0.5714285714285715
 40
0.5714285714285715
 40
0.5844155844155845
 40
0.5844155844155845
 40
0.5844155844155845
 40
0.5974025974025975
 40
0.5974025974025975
 40
0.5974025974025975
 40
0.6103896103896105
 40
0.6103896103896105
 40
0.6103896103896105
 40
0.6233766233766234
 40
0.6233766233766234
 40
0.6233766233766234
 40
0.6363636363636364
 40
0.6363636363636364
 40
0.6363636363636364
 40
0.6493506493506493
 40
0.6493506493506493
 40
0.6493506493506493
 40
0.6623376623376623
 40
0.6623376623376623
 40
0.6623376623376623
 40
0.6753246753246753
 40
0.6753246753246753
 40
0.6753246753246753
 40
0.6883116883116883
 40
0.6883116883116883
 40
0.6883116883116883
 40
0.7012987012987013
 40
0.7012987012987013
 40
0.7012987012987013
 40
0.7142857142857143
 40
0.7142857142857143
 40
0.7142857142857143
 40
0.7272727272727273
 40
0.7272727272727273
 40
0.7272727272727273
 40
0.7402597402597403
 40
0.7402597402597403
 40
0.7402597402597403
 40
0.7532467532467533
 40
0.7532467532467533
 40
0.7532467532467533
 40
0.7662337662337663
 40
0.7662337662337663
 40
0.7662337662337663
 40
0.7792207792207793
 40
0.7792207792207793
 40
0.7792207792207793
 40
0.7922077922077922
 40
0.7922077922077922
 40
0.7922077922077922
 40
0.8051948051948052
 40
0.8051948051948052
 40
0.8051948051948052
 40
0.8181818181818182
 40
0.8181818181818182
 40
0.8181818181818182
 40
0.8311688311688312
 40
0.8311688311688312
 40
0.8311688311688312
 40
0.8441558441558442
 40
0.8441558441558442
 40
0.8441558441558442
 40
0.8571428571428572
 40
0.8571428571428572
 40
0.8571428571428572
 40
0.8701298701298702
 40
0.8701298701298702
 40
0.8701298701298702
 40
0.8831168831168832
 40
0.8831168831168832
 40
0.8831168831168832
 40
0.8961038961038962
 40
0.8961038961038962
 40
0.8961038961038962
 40
0.9090909090909092
 40
0.9090909090909092
 40
0.9090909090909092
 40
0.9220779220779222
 40
0.9220779220779222
 40
0.9220779220779222
 40
0.9350649350649352
 40
0.9350649350649352
 40
0.9350649350649352
 40
0.9480519480519481
 40
0.9480519480519481
 40
0.9480519480519481
 40
0.9610389610389611
 40
0.9610389610389611
 40
0.9610389610389611
 40
0.9740259740259741
 40
0.9740259740259741
 40
0.9740259740259741
 40
0.9870129870129871
 40
0.9870129870129871
 40
0.9870129870129871
 40
1.0
 40
1.0
 40
1.0
 40
1.0
 10
-9.60366
 20
0.72358
 30
0.0
 10
-9.60366
 20
0.72358
 30
0.0
 10
-9.51899
 20
0.7271
 30
0.0
 10
-9.51899
 20
0.7271
 30
0.0
 10
-9.51899
 20
0.7271
 30
0.0
 10
-9.43432
 20
0.74122
 30
0.0
 10
-9.43432
 20
0.74122
 30
0.0
 10
-9.43432
 20
0.74122
 30
0.0
 10
-9.35319
 20
0.75885
 30
0.0
 10
-9.35319
 20
0.75885
 30
0.0
 10
-9.35319
 20
0.75885
 30
0.0
 10
-9.27205
 20
0.78355
 30
0.0
 10
-9.27205
 20
0.78355
 30
0.0
 10
-9.27205
 20
0.78355
 30
0.0
 10
-9.19091
 20
0.8153
 30
0.0
 10
-9.19091
 20
0.8153
 30
0.0
 10
-9.19091
 20
0.8153
 30
0.0
 10
-9.11682
 20
0.85058
 30
0.0
 10
-9.11682
 20
0.85058
 30
0.0
 10
-9.11682
 20
0.85058
 30
0.0
 10
-9.04274
 20
0.89644
 30
0.0
 10
-9.04274
 20
0.89644
 30
0.0
 10
-9.04274
 20
0.89644
 30
0.0
 10
-8.97219
 20
0.94583
 30
0.0
 10
-8.97219
 20
0.94583
 30
0.0
 10
-8.97219
 20
0.94583
 30
0.0
 10
-8.90869
 20
1.00227
 30
0.0
 10
-8.90869
 20
1.00227
 30
0.0
 10
-8.90869
 20
1.00227
 30
0.0
 10
-8.84871
 20
1.06224
 30
0.0
 10
-8.84871
 20
1.06224
 30
0.0
 10
-8.84871
 20
1.06224
 30
0.0
 10
-8.79227
 20
1.12574
 30
0.0
 10
-8.79227
 20
1.12574
 30
0.0
 10
-8.79227
 20
1.12574
 30
0.0
 10
-8.74288
 20
1.1963
 30
0.0
 10
-8.74288
 20
1.1963
 30
0.0
 10
-8.74288
 20
1.1963
 30
0.0
 10
-8.70055
 20
1.27038
 30
0.0
 10
-8.70055
 20
1.27038
 30
0.0
 10
-8.70055
 20
1.27038
 30
0.0
 10
-8.66174
 20
1.34446
 30
0.0
 10
-8.66174
 20
1.34446
 30
0.0
 10
-8.66174
 20
1.34446
 30
0.0
 10
-8.63352
 20
1.4256
 30
0.0
 10
-8.63352
 20
1.4256
 30
0.0
 10
-8.63352
 20
1.4256
 30
0.0
 10
-8.60882
 20
1.50674
 30
0.0
 10
-8.60882
 20
1.50674
 30
0.0
 10
-8.60882
 20
1.50674
 30
0.0
 10
-8.58766
 20
1.58788
 30
0.0
 10
-8.58766
 20
1.58788
 30
0.0
 10
-8.58766
 20
1.58788
 30
0.0
 10
-8.57707
 20
1.67255
 30
0.0
 10
-8.57707
 20
1.67255
 30
0.0
 10
-8.57707
 20
1.67255
 30
0.0
 10
-8.57355
 20
1.75722
 30
0.0
 10
-8.57355
 20
1.75722
 30
0.0
 10
-8.57355
 20
1.75722
 30
0.0
 10
-8.57707
 20
1.84541
 30
0.0
 10
-8.57707
 20
1.84541
 30
0.0
 10
-8.57707
 20
1.84541
 30
0.0
 10
-8.58766
 20
1.93008
 30
0.0
 10
-8.58766
 20
1.93008
 30
0.0
 10
-8.58766
 20
1.93008
 30
0.0
 10
-8.60177
 20
2.01122
 30
0.0
 10
-8.60177
 20
2.01122
 30
0.0
 10
-8.60177
 20
2.01122
 30
0.0
 10
-8.62646
 20
2.09235
 30
0.0
 10
-8.62646
 20
2.09235
 30
0.0
 10
-8.62646
 20
2.09235
 30
0.0
 10
-8.65469
 20
2.17349
 30
0.0
 10
-8.65469
 20
2.17349
 30
0.0
 10
-8.65469
 20
2.17349
 30
0.0
 10
-8.69349
 20
2.2511
 30
0.0
 10
-8.69349
 20
2.2511
 30
0.0
 10
-8.69349
 20
2.2511
 30
0.0
 10
-8.73582
 20
2.32519
 30
0.0
 10
-8.73582
 20
2.32519
 30
0.0
 10
-8.73582
 20
2.32519
 30
0.0
 10
-8.78521
 20
2.39574
 30
0.0
 10
-8.78521
 20
2.39574
 30
0.0
 10
-8.78521
 20
2.39574
 30
0.0
 10
-8.83813
 20
2.45924
 30
0.0
 10
-8.83813
 20
2.45924
 30
0.0
 10
-8.83813
 20
2.45924
 30
0.0
 10
-8.8981
 20
2.52274
 30
0.0
 10
-8.8981
 20
2.52274
 30
0.0
 10
-8.8981
 20
2.52274
 30
0.0
 10
-8.9616
 20
2.57919
 30
0.0
 10
-8.9616
 20
2.57919
 30
0.0
 10
-8.9616
 20
2.57919
 30
0.0
 10
-9.02863
 20
2.62858
 30
0.0
 10
-9.02863
 20
2.62858
 30
0.0
 10
-9.02863
 20
2.62858
 30
0.0
 10
-9.09918
 20
2.67444
 30
0.0
 10
-9.09918
 20
2.67444
 30
0.0
 10
-9.09918
 20
2.67444
 30
0.0
 10
-9.1768
 20
2.71324
 30
0.0
 10
-9.1768
 20
2.71324
 30
0.0
 10
-9.1768
 20
2.71324
 30
0.0
 10
-9.25441
 20
2.74499
 30
0.0
 10
-9.25441
 20
2.74499
 30
0.0
 10
-9.25441
 20
2.74499
 30
0.0
 10
-9.33555
 20
2.77321
 30
0.0
 10
-9.33555
 20
2.77321
 30
0.0
 10
-9.33555
 20
2.77321
 30
0.0
 10
-9.42021
 20
2.79085
 30
0.0
 10
-9.42021
 20
2.79085
 30
0.0
 10
-9.42021
 20
2.79085
 30
0.0
 10
-9.50135
 20
2.80497
 30
0.0
 10
-9.50135
 20
2.80497
 30
0.0
 10
-9.50135
 20
2.80497
 30
0.0
 10
-9.58955
 20
2.80849
 30
0.0
 10
-9.58955
 20
2.80849
 30
0.0
 10
-9.58955
 20
2.80849
 30
0.0
 10
-9.67421
 20
2.80849
 30
0.0
 10
-9.67421
 20
2.80849
 30
0.0
 10
-9.67421
 20
2.80849
 30
0.0
 10
-9.75888
 20
2.80144
 30
0.0
 10
-9.75888
 20
2.80144
 30
0.0
 10
-9.75888
 20
2.80144
 30
0.0
 10
-9.84002
 20
2.78733
 30
0.0
 10
-9.84002
 20
2.78733
 30
0.0
 10
-9.84002
 20
2.78733
 30
0.0
 10
-9.92469
 20
2.76616
 30
0.0
 10
-9.92469
 20
2.76616
 30
0.0
 10
-9.92469
 20
2.76616
 30
0.0
 10
-10.00582
 20
2.73794
 30
0.0
 10
-10.00582
 20
2.73794
 30
0.0
 10
-10.00582
 20
2.73794
 30
0.0
 10
-10.08344
 20
2.70266
 30
0.0
 10
-10.08344
 20
2.70266
 30
0.0
 10
-10.08344
 20
2.70266
 30
0.0
 10
-10.15752
 20
2.66033
 30
0.0
 10
-10.15752
 20
2.66033
 30
0.0
 10
-10.15752
 20
2.66033
 30
0.0
 10
-10.22807
 20
2.61446
 30
0.0
 10
-10.22807
 20
2.61446
 30
0.0
 10
-10.22807
 20
2.61446
 30
0.0
 10
-10.2951
 20
2.56155
 30
0.0
 10
-10.2951
 20
2.56155
 30
0.0
 10
-10.2951
 20
2.56155
 30
0.0
 10
-10.3586
 20
2.50158
 30
0.0
 10
-10.3586
 20
2.50158
 30
0.0
 10
-10.3586
 20
2.50158
 30
0.0
 10
-10.41505
 20
2.4416
 30
0.0
 10
-10.41505
 20
2.4416
 30
0.0
 10
-10.41505
 20
2.4416
 30
0.0
 10
-10.46796
 20
2.37458
 30
0.0
 10
-10.46796
 20
2.37458
 30
0.0
 10
-10.46796
 20
2.37458
 30
0.0
 10
-10.51382
 20
2.30049
 30
0.0
 10
-10.51382
 20
2.30049
 30
0.0
 10
-10.51382
 20
2.30049
 30
0.0
 10
-10.55263
 20
2.22641
 30
0.0
 10
-10.55263
 20
2.22641
 30
0.0
 10
-10.55263
 20
2.22641
 30
0.0
 10
-10.58791
 20
2.1488
 30
0.0
 10
-10.58791
 20
2.1488
 30
0.0
 10
-10.58791
 20
2.1488
 30
0.0
 10
-10.61613
 20
2.06766
 30
0.0
 10
-10.61613
 20
2.06766
 30
0.0
 10
-10.61613
 20
2.06766
 30
0.0
 10
-10.6373
 20
1.98652
 30
0.0
 10
-10.6373
 20
1.98652
 30
0.0
 10
-10.6373
 20
1.98652
 30
0.0
 10
-10.65141
 20
1.90185
 30
0.0
 10
-10.65141
 20
1.90185
 30
0.0
 10
-10.65141
 20
1.90185
 30
0.0
 10
-10.65846
 20
1.81719
 30
0.0
 10
-10.65846
 20
1.81719
 30
0.0
 10
-10.65846
 20
1.81719
 30
0.0
 10
-10.66199
 20
1.73252
 30
0.0
 10
-10.66199
 20
1.73252
 30
0.0
 10
-10.66199
 20
1.73252
 30
0.0
 10
-10.65494
 20
1.64785
 30
0.0
 10
-10.65494
 20
1.64785
 30
0.0
 10
-10.65494
 20
1.64785
 30
0.0
 10
-10.64082
 20
1.56319
 30
0.0
 10
-10.64082
 20
1.56319
 30
0.0
 10
-10.64082
 20
1.56319
 30
0.0
 10
-10.61966
 20
1.48205
 30
0.0
 10
-10.61966
 20
1.48205
 30
0.0
 10
-10.61966
 20
1.48205
 30
0.0
 10
-10.59496
 20
1.40091
 30
0.0
 10
-10.59496
 20
1.40091
 30
0.0
 10
-10.59496
 20
1.40091
 30
0.0
 10
-10.55969
 20
1.3233
 30
0.0
 10
-10.55969
 20
1.3233
 30
0.0
 10
-10.55969
 20
1.3233
 30
0.0
 10
-10.52088
 20
1.24569
 30
0.0
 10
-10.52088
 20
1.24569
 30
0.0
 10
-10.52088
 20
1.24569
 30
0.0
 10
-10.47502
 20
1.17513
 30
0.0
 10
-10.47502
 20
1.17513
 30
0.0
 10
-10.47502
 20
1.17513
 30
0.0
 10
-10.42563
 20
1.1081
 30
0.0
 10
-10.42563
 20
1.1081
 30
0.0
 10
-10.42563
 20
1.1081
 30
0.0
 10
-10.36918
 20
1.04108
 30
0.0
 10
-10.36918
 20
1.04108
 30
0.0
 10
-10.36918
 20
1.04108
 30
0.0
 10
-10.30569
 20
0.98463
 30
0.0
 10
-10.30569
 20
0.98463
 30
0.0
 10
-10.30569
 20
0.98463
 30
0.0
 10
-10.24219
 20
0.93171
 30
0.0
 10
-10.24219
 20
0.93171
 30
0.0
 10
-10.24219
 20
0.93171
 30
0.0
 10
-10.17163
 20
0.88233
 30
0.0
 10
-10.17163
 20
0.88233
 30
0.0
 10
-10.17163
 20
0.88233
 30
0.0
 10
-10.09755
 20
0.83999
 30
0.0
 10
-10.09755
 20
0.83999
 30
0.0
 10
-10.09755
 20
0.83999
 30
0.0
 10
-10.01994
 20
0.80472
 30
0.0
 10
-10.01994
 20
0.80472
 30
0.0
 10
-10.01994
 20
0.80472
 30
0.0
 10
-9.9388
 20
0.77296
 30
0.0
 10
-9.9388
 20
0.77296
 30
0.0
 10
-9.9388
 20
0.77296
 30
0.0
 10
-9.85766
 20
0.7518
 30
0.0
 10
-9.85766
 20
0.7518
 30
0.0
 10
-9.85766
 20
0.7518
 30
0.0
 10
-9.77299
 20
0.73416
 30
0.0
 10
-9.77299
 20
0.73416
 30
0.0
 10
-9.77299
 20
0.73416
 30
0.0
 10
-9.68832
 20
0.7271
 30
0.0
 10
-9.68832
 20
0.7271
 30
0.0
 10
-9.68832
 20
0.7271
 30
0.0
 10
-9.60366
 20
0.72358
 30
0.0
 10
-9.60366
 20
0.72358
 30
0.0
  0
SPLINE
  5
23F
330
1F
100
AcDbEntity
  8
Camada 1
 62
   251
370
     9
100
AcDbSpline
210
0.0
220
0.0
230
1.0
 70
    11
 71
     3
 72
   239
 73
   235
 74
     0
 42
0.0000000001
 43
0.0000000001
 40
0.0
 40
0.0
 40
0.0
 40
0.0
 40
0.0128205128205128
 40
0.0128205128205128
 40
0.0128205128205128
 40
0.0256410256410256
 40
0.0256410256410256
 40
0.0256410256410256
 40
0.0384615384615385
 40
0.0384615384615385
 40
0.0384615384615385
 40
0.0512820512820513
 40
0.0512820512820513
 40
0.0512820512820513
 40
0.0641025641025641
 40
0.0641025641025641
 40
0.0641025641025641
 40
0.0769230769230769
 40
0.0769230769230769
 40
0.0769230769230769
 40
0.0897435897435897
 40
0.0897435897435897
 40
0.0897435897435897
 40
0.1025641025641026
 40
0.1025641025641026
 40
0.1025641025641026
 40
0.1153846153846154
 40
0.1153846153846154
 40
0.1153846153846154
 40
0.1282051282051282
 40
0.1282051282051282
 40
0.1282051282051282
 40
0.141025641025641
 40
0.141025641025641
 40
0.141025641025641
 40
0.1538461538461539
 40
0.1538461538461539
 40
0.1538461538461539
 40
0.1666666666666667
 40
0.1666666666666667
 40
0.1666666666666667
 40
0.1794871794871795
 40
0.1794871794871795
 40
0.1794871794871795
 40
0.1923076923076923
 40
0.1923076923076923
 40
0.1923076923076923
 40
0.2051282051282051
 40
0.2051282051282051
 40
0.2051282051282051
 40
0.217948717948718
 40
0.217948717948718
 40
0.217948717948718
 40
0.2307692307692308
 40
0.2307692307692308
 40
0.2307692307692308
 40
0.2435897435897436
 40
0.2435897435897436
 40
0.2435897435897436
 40
0.2564102564102564
 40
0.2564102564102564
 40
0.2564102564102564
 40
0.2692307692307692
 40
0.2692307692307692
 40
0.2692307692307692
 40
0.282051282051282
 40
0.282051282051282
 40
0.282051282051282
 40
0.2948717948717949
 40
0.2948717948717949
 40
0.2948717948717949
 40
0.3076923076923077
 40
0.3076923076923077
 40
0.3076923076923077
 40
0.3205128205128205
 40
0.3205128205128205
 40
0.3205128205128205
 40
0.3333333333333333
 40
0.3333333333333333
 40
0.3333333333333333
 40
0.3461538461538461
 40
0.3461538461538461
 40
0.3461538461538461
 40
0.358974358974359
 40
0.358974358974359
 40
0.358974358974359
 40
0.3717948717948718
 40
0.3717948717948718
 40
0.3717948717948718
 40
0.3846153846153846
 40
0.3846153846153846
 40
0.3846153846153846
 40
0.3974358974358974
 40
0.3974358974358974
 40
0.3974358974358974
 40
0.4102564102564102
 40
0.4102564102564102
 40
0.4102564102564102
 40
0.4230769230769231
 40
0.4230769230769231
 40
0.4230769230769231
 40
0.4358974358974359
 40
0.4358974358974359
 40
0.4358974358974359
 40
0.4487179487179487
 40
0.4487179487179487
 40
0.4487179487179487
 40
0.4615384615384615
 40
0.4615384615384615
 40
0.4615384615384615
 40
0.4743589743589743
 40
0.4743589743589743
 40
0.4743589743589743
 40
0.4871794871794872
 40
0.4871794871794872
 40
0.4871794871794872
 40
0.5
 40
0.5
 40
0.5
 40
0.5128205128205128
 40
0.5128205128205128
 40
0.5128205128205128
 40
0.5256410256410257
 40
0.5256410256410257
 40
0.5256410256410257
 40
0.5384615384615384
 40
0.5384615384615384
 40
0.5384615384615384
 40
0.5512820512820512
 40
0.5512820512820512
 40
0.5512820512820512
 40
0.5641025641025641
 40
0.5641025641025641
 40
0.5641025641025641
 40
0.5769230769230769
 40
0.5769230769230769
 40
0.5769230769230769
 40
0.5897435897435898
 40
0.5897435897435898
 40
0.5897435897435898
 40
0.6025641025641025
 40
0.6025641025641025
 40
0.6025641025641025
 40
0.6153846153846154
 40
0.6153846153846154
 40
0.6153846153846154
 40
0.6282051282051282
 40
0.6282051282051282
 40
0.6282051282051282
 40
0.641025641025641
 40
0.641025641025641
 40
0.641025641025641
 40
0.6538461538461539
 40
0.6538461538461539
 40
0.6538461538461539
 40
0.6666666666666666
 40
0.6666666666666666
 40
0.6666666666666666
 40
0.6794871794871795
 40
0.6794871794871795
 40
0.6794871794871795
 40
0.6923076923076923
 40
0.6923076923076923
 40
0.6923076923076923
 40
0.7051282051282051
 40
0.7051282051282051
 40
0.7051282051282051
 40
0.717948717948718
 40
0.717948717948718
 40
0.717948717948718
 40
0.7307692307692307
 40
0.7307692307692307
 40
0.7307692307692307
 40
0.7435897435897436
 40
0.7435897435897436
 40
0.7435897435897436
 40
0.7564102564102564
 40
0.7564102564102564
 40
0.7564102564102564
 40
0.7692307692307692
 40
0.7692307692307692
 40
0.7692307692307692
 40
0.782051282051282
 40
0.782051282051282
 40
0.782051282051282
 40
0.7948717948717948
 40
0.7948717948717948
 40
0.7948717948717948
 40
0.8076923076923077
 40
0.8076923076923077
 40
0.8076923076923077
 40
0.8205128205128205
 40
0.8205128205128205
 40
0.8205128205128205
 40
0.8333333333333333
 40
0.8333333333333333
 40
0.8333333333333333
 40
0.8461538461538461
 40
0.8461538461538461
 40
0.8461538461538461
 40
0.8589743589743589
 40
0.8589743589743589
 40
0.8589743589743589
 40
0.8717948717948718
 40
0.8717948717948718
 40
0.8717948717948718
 40
0.8846153846153846
 40
0.8846153846153846
 40
0.8846153846153846
 40
0.8974358974358974
 40
0.8974358974358974
 40
0.8974358974358974
 40
0.9102564102564102
 40
0.9102564102564102
 40
0.9102564102564102
 40
0.923076923076923
 40
0.923076923076923
 40
0.923076923076923
 40
0.9358974358974359
 40
0.9358974358974359
 40
0.9358974358974359
 40
0.9487179487179487
 40
0.9487179487179487
 40
0.9487179487179487
 40
0.9615384615384615
 40
0.9615384615384615
 40
0.9615384615384615
 40
0.9743589743589743
 40
0.9743589743589743
 40
0.9743589743589743
 40
0.9871794871794871
 40
0.9871794871794871
 40
0.9871794871794871
 40
1.0
 40
1.0
 40
1.0
 40
1.0
 10
-9.60366
 20
0.71652
 30
0.0
 10
-9.60366
 20
0.71652
 30
0.0
 10
-9.68832
 20
0.72005
 30
0.0
 10
-9.68832
 20
0.72005
 30
0.0
 10
-9.68832
 20
0.72005
 30
0.0
 10
-9.77299
 20
0.7271
 30
0.0
 10
-9.77299
 20
0.7271
 30
0.0
 10
-9.77299
 20
0.7271
 30
0.0
 10
-9.85766
 20
0.74474
 30
0.0
 10
-9.85766
 20
0.74474
 30
0.0
 10
-9.85766
 20
0.74474
 30
0.0
 10
-9.9388
 20
0.76591
 30
0.0
 10
-9.9388
 20
0.76591
 30
0.0
 10
-9.9388
 20
0.76591
 30
0.0
 10
-10.01641
 20
0.79766
 30
0.0
 10
-10.01641
 20
0.79766
 30
0.0
 10
-10.01641
 20
0.79766
 30
0.0
 10
-10.09402
 20
0.83294
 30
0.0
 10
-10.09402
 20
0.83294
 30
0.0
 10
-10.09402
 20
0.83294
 30
0.0
 10
-10.1681
 20
0.87174
 30
0.0
 10
-10.1681
 20
0.87174
 30
0.0
 10
-10.1681
 20
0.87174
 30
0.0
 10
-10.23866
 20
0.92113
 30
0.0
 10
-10.23866
 20
0.92113
 30
0.0
 10
-10.23866
 20
0.92113
 30
0.0
 10
-10.30569
 20
0.97405
 30
0.0
 10
-10.30569
 20
0.97405
 30
0.0
 10
-10.30569
 20
0.97405
 30
0.0
 10
-10.36566
 20
1.03049
 30
0.0
 10
-10.36566
 20
1.03049
 30
0.0
 10
-10.36566
 20
1.03049
 30
0.0
 10
-10.4221
 20
1.09399
 30
0.0
 10
-10.4221
 20
1.09399
 30
0.0
 10
-10.4221
 20
1.09399
 30
0.0
 10
-10.47502
 20
1.16102
 30
0.0
 10
-10.47502
 20
1.16102
 30
0.0
 10
-10.47502
 20
1.16102
 30
0.0
 10
-10.52088
 20
1.23158
 30
0.0
 10
-10.52088
 20
1.23158
 30
0.0
 10
-10.52088
 20
1.23158
 30
0.0
 10
-10.55969
 20
1.30566
 30
0.0
 10
-10.55969
 20
1.30566
 30
0.0
 10
-10.55969
 20
1.30566
 30
0.0
 10
-10.59496
 20
1.38327
 30
0.0
 10
-10.59496
 20
1.38327
 30
0.0
 10
-10.59496
 20
1.38327
 30
0.0
 10
-10.62319
 20
1.46088
 30
0.0
 10
-10.62319
 20
1.46088
 30
0.0
 10
-10.62319
 20
1.46088
 30
0.0
 10
-10.64435
 20
1.54555
 30
0.0
 10
-10.64435
 20
1.54555
 30
0.0
 10
-10.64435
 20
1.54555
 30
0.0
 10
-10.65846
 20
1.62669
 30
0.0
 10
-10.65846
 20
1.62669
 30
0.0
 10
-10.65846
 20
1.62669
 30
0.0
 10
-10.66552
 20
1.71135
 30
0.0
 10
-10.66552
 20
1.71135
 30
0.0
 10
-10.66552
 20
1.71135
 30
0.0
 10
-10.66552
 20
1.79602
 30
0.0
 10
-10.66552
 20
1.79602
 30
0.0
 10
-10.66552
 20
1.79602
 30
0.0
 10
-10.66199
 20
1.88069
 30
0.0
 10
-10.66199
 20
1.88069
 30
0.0
 10
-10.66199
 20
1.88069
 30
0.0
 10
-10.64788
 20
1.96535
 30
0.0
 10
-10.64788
 20
1.96535
 30
0.0
 10
-10.64788
 20
1.96535
 30
0.0
 10
-10.63024
 20
2.04649
 30
0.0
 10
-10.63024
 20
2.04649
 30
0.0
 10
-10.63024
 20
2.04649
 30
0.0
 10
-10.60555
 20
2.12763
 30
0.0
 10
-10.60555
 20
2.12763
 30
0.0
 10
-10.60555
 20
2.12763
 30
0.0
 10
-10.57027
 20
2.20524
 30
0.0
 10
-10.57027
 20
2.20524
 30
0.0
 10
-10.57027
 20
2.20524
 30
0.0
 10
-10.53499
 20
2.27933
 30
0.0
 10
-10.53499
 20
2.27933
 30
0.0
 10
-10.53499
 20
2.27933
 30
0.0
 10
-10.48913
 20
2.35341
 30
0.0
 10
-10.48913
 20
2.35341
 30
0.0
 10
-10.48913
 20
2.35341
 30
0.0
 10
-10.43974
 20
2.42044
 30
0.0
 10
-10.43974
 20
2.42044
 30
0.0
 10
-10.43974
 20
2.42044
 30
0.0
 10
-10.3833
 20
2.48394
 30
0.0
 10
-10.3833
 20
2.48394
 30
0.0
 10
-10.3833
 20
2.48394
 30
0.0
 10
-10.32332
 20
2.54391
 30
0.0
 10
-10.32332
 20
2.54391
 30
0.0
 10
-10.32332
 20
2.54391
 30
0.0
 10
-10.25982
 20
2.60035
 30
0.0
 10
-10.25982
 20
2.60035
 30
0.0
 10
-10.25982
 20
2.60035
 30
0.0
 10
-10.18927
 20
2.64622
 30
0.0
 10
-10.18927
 20
2.64622
 30
0.0
 10
-10.18927
 20
2.64622
 30
0.0
 10
-10.11871
 20
2.69208
 30
0.0
 10
-10.11871
 20
2.69208
 30
0.0
 10
-10.11871
 20
2.69208
 30
0.0
 10
-10.0411
 20
2.72735
 30
0.0
 10
-10.0411
 20
2.72735
 30
0.0
 10
-10.0411
 20
2.72735
 30
0.0
 10
-9.96349
 20
2.7591
 30
0.0
 10
-9.96349
 20
2.7591
 30
0.0
 10
-9.96349
 20
2.7591
 30
0.0
 10
-9.88235
 20
2.7838
 30
0.0
 10
-9.88235
 20
2.7838
 30
0.0
 10
-9.88235
 20
2.7838
 30
0.0
 10
-9.79769
 20
2.80144
 30
0.0
 10
-9.79769
 20
2.80144
 30
0.0
 10
-9.79769
 20
2.80144
 30
0.0
 10
-9.71655
 20
2.81202
 30
0.0
 10
-9.71655
 20
2.81202
 30
0.0
 10
-9.71655
 20
2.81202
 30
0.0
 10
-9.63188
 20
2.81555
 30
0.0
 10
-9.63188
 20
2.81555
 30
0.0
 10
-9.63188
 20
2.81555
 30
0.0
 10
-9.54721
 20
2.81555
 30
0.0
 10
-9.54721
 20
2.81555
 30
0.0
 10
-9.54721
 20
2.81555
 30
0.0
 10
-9.46255
 20
2.80497
 30
0.0
 10
-9.46255
 20
2.80497
 30
0.0
 10
-9.46255
 20
2.80497
 30
0.0
 10
-9.37788
 20
2.79085
 30
0.0
 10
-9.37788
 20
2.79085
 30
0.0
 10
-9.37788
 20
2.79085
 30
0.0
 10
-9.29674
 20
2.76616
 30
0.0
 10
-9.29674
 20
2.76616
 30
0.0
 10
-9.29674
 20
2.76616
 30
0.0
 10
-9.21913
 20
2.73794
 30
0.0
 10
-9.21913
 20
2.73794
 30
0.0
 10
-9.21913
 20
2.73794
 30
0.0
 10
-9.14152
 20
2.70266
 30
0.0
 10
-9.14152
 20
2.70266
 30
0.0
 10
-9.14152
 20
2.70266
 30
0.0
 10
-9.06744
 20
2.66033
 30
0.0
 10
-9.06744
 20
2.66033
 30
0.0
 10
-9.06744
 20
2.66033
 30
0.0
 10
-8.99688
 20
2.61446
 30
0.0
 10
-8.99688
 20
2.61446
 30
0.0
 10
-8.99688
 20
2.61446
 30
0.0
 10
-8.92985
 20
2.56155
 30
0.0
 10
-8.92985
 20
2.56155
 30
0.0
 10
-8.92985
 20
2.56155
 30
0.0
 10
-8.86988
 20
2.5051
 30
0.0
 10
-8.86988
 20
2.5051
 30
0.0
 10
-8.86988
 20
2.5051
 30
0.0
 10
-8.81344
 20
2.4416
 30
0.0
 10
-8.81344
 20
2.4416
 30
0.0
 10
-8.81344
 20
2.4416
 30
0.0
 10
-8.76052
 20
2.37458
 30
0.0
 10
-8.76052
 20
2.37458
 30
0.0
 10
-8.76052
 20
2.37458
 30
0.0
 10
-8.71466
 20
2.30402
 30
0.0
 10
-8.71466
 20
2.30402
 30
0.0
 10
-8.71466
 20
2.30402
 30
0.0
 10
-8.67585
 20
2.22994
 30
0.0
 10
-8.67585
 20
2.22994
 30
0.0
 10
-8.67585
 20
2.22994
 30
0.0
 10
-8.64057
 20
2.15233
 30
0.0
 10
-8.64057
 20
2.15233
 30
0.0
 10
-8.64057
 20
2.15233
 30
0.0
 10
-8.61235
 20
2.07119
 30
0.0
 10
-8.61235
 20
2.07119
 30
0.0
 10
-8.61235
 20
2.07119
 30
0.0
 10
-8.59119
 20
1.99005
 30
0.0
 10
-8.59119
 20
1.99005
 30
0.0
 10
-8.59119
 20
1.99005
 30
0.0
 10
-8.57707
 20
1.90538
 30
0.0
 10
-8.57707
 20
1.90538
 30
0.0
 10
-8.57707
 20
1.90538
 30
0.0
 10
-8.57002
 20
1.82071
 30
0.0
 10
-8.57002
 20
1.82071
 30
0.0
 10
-8.57002
 20
1.82071
 30
0.0
 10
-8.56649
 20
1.73958
 30
0.0
 10
-8.56649
 20
1.73958
 30
0.0
 10
-8.56649
 20
1.73958
 30
0.0
 10
-8.57355
 20
1.65491
 30
0.0
 10
-8.57355
 20
1.65491
 30
0.0
 10
-8.57355
 20
1.65491
 30
0.0
 10
-8.58766
 20
1.57024
 30
0.0
 10
-8.58766
 20
1.57024
 30
0.0
 10
-8.58766
 20
1.57024
 30
0.0
 10
-8.6053
 20
1.4891
 30
0.0
 10
-8.6053
 20
1.4891
 30
0.0
 10
-8.6053
 20
1.4891
 30
0.0
 10
-8.62999
 20
1.40796
 30
0.0
 10
-8.62999
 20
1.40796
 30
0.0
 10
-8.62999
 20
1.40796
 30
0.0
 10
-8.66174
 20
1.33035
 30
0.0
 10
-8.66174
 20
1.33035
 30
0.0
 10
-8.66174
 20
1.33035
 30
0.0
 10
-8.70055
 20
1.25274
 30
0.0
 10
-8.70055
 20
1.25274
 30
0.0
 10
-8.70055
 20
1.25274
 30
0.0
 10
-8.74641
 20
1.18219
 30
0.0
 10
-8.74641
 20
1.18219
 30
0.0
 10
-8.74641
 20
1.18219
 30
0.0
 10
-8.7958
 20
1.11163
 30
0.0
 10
-8.7958
 20
1.11163
 30
0.0
 10
-8.7958
 20
1.11163
 30
0.0
 10
-8.85224
 20
1.04813
 30
0.0
 10
-8.85224
 20
1.04813
 30
0.0
 10
-8.85224
 20
1.04813
 30
0.0
 10
-8.91221
 20
0.98816
 30
0.0
 10
-8.91221
 20
0.98816
 30
0.0
 10
-8.91221
 20
0.98816
 30
0.0
 10
-8.97571
 20
0.93524
 30
0.0
 10
-8.97571
 20
0.93524
 30
0.0
 10
-8.97571
 20
0.93524
 30
0.0
 10
-9.04627
 20
0.88585
 30
0.0
 10
-9.04627
 20
0.88585
 30
0.0
 10
-9.04627
 20
0.88585
 30
0.0
 10
-9.11682
 20
0.84352
 30
0.0
 10
-9.11682
 20
0.84352
 30
0.0
 10
-9.11682
 20
0.84352
 30
0.0
 10
-9.19444
 20
0.80472
 30
0.0
 10
-9.19444
 20
0.80472
 30
0.0
 10
-9.19444
 20
0.80472
 30
0.0
 10
-9.27205
 20
0.77649
 30
0.0
 10
-9.27205
 20
0.77649
 30
0.0
 10
-9.27205
 20
0.77649
 30
0.0
 10
-9.35319
 20
0.7518
 30
0.0
 10
-9.35319
 20
0.7518
 30
0.0
 10
-9.35319
 20
0.7518
 30
0.0
 10
-9.43785
 20
0.73416
 30
0.0
 10
-9.43785
 20
0.73416
 30
0.0
 10
-9.43785
 20
0.73416
 30
0.0
 10
-9.51899
 20
0.72005
 30
0.0
 10
-9.51899
 20
0.72005
 30
0.0
 10
-9.51899
 20
0.72005
 30
0.0
 10
-9.60366
 20
0.71652
 30
0.0
 10
-9.60366
 20
0.71652
 30
0.0
  0
SPLINE
  5
240
330
1F
100
AcDbEntity
  8
Camada 1
 62
   251
370
     9
100
AcDbSpline
210
0.0
220
0.0
230
1.0
 70
     8
 71
     3
 72
    50
 73
    46
 74
     0
 42
0.0000000001
 43
0.0000000001
 40
0.0
 40
0.0
 40
0.0
 40
0.0
 40
0.0666666666666667
 40
0.0666666666666667
 40
0.0666666666666667
 40
0.1333333333333333
 40
0.1333333333333333
 40
0.1333333333333333
 40
0.2
 40
0.2
 40
0.2
 40
0.2666666666666667
 40
0.2666666666666667
 40
0.2666666666666667
 40
0.3333333333333333
 40
0.3333333333333333
 40
0.3333333333333333
 40
0.4
 40
0.4
 40
0.4
 40
0.4666666666666667
 40
0.4666666666666667
 40
0.4666666666666667
 40
0.5333333333333333
 40
0.5333333333333333
 40
0.5333333333333333
 40
0.6
 40
0.6
 40
0.6
 40
0.6666666666666666
 40
0.6666666666666666
 40
0.6666666666666666
 40
0.7333333333333333
 40
0.7333333333333333
 40
0.7333333333333333
 40
0.8
 40
0.8
 40
0.8
 40
0.8666666666666667
 40
0.8666666666666667
 40
0.8666666666666667
 40
0.9333333333333333
 40
0.9333333333333333
 40
0.9333333333333333
 40
1.0
 40
1.0
 40
1.0
 40
1.0
 10
-7.76569
 20
0.04272
 30
0.0
 10
-7.76569
 20
0.04272
 30
0.0
 10
-7.77274
 20
0.08858
 30
0.0
 10
-7.77274
 20
0.08858
 30
0.0
 10
-7.77274
 20
0.08858
 30
0.0
 10
-7.78332
 20
0.21205
 30
0.0
 10
-7.78332
 20
0.21205
 30
0.0
 10
-7.78332
 20
0.21205
 30
0.0
 10
-7.79391
 20
0.33905
 30
0.0
 10
-7.79391
 20
0.33905
 30
0.0
 10
-7.79391
 20
0.33905
 30
0.0
 10
-7.80802
 20
0.67066
 30
0.0
 10
-7.80802
 20
0.67066
 30
0.0
 10
-7.80802
 20
0.67066
 30
0.0
 10
-7.81507
 20
0.99874
 30
0.0
 10
-7.81507
 20
0.99874
 30
0.0
 10
-7.81507
 20
0.99874
 30
0.0
 10
-7.8186
 20
1.33035
 30
0.0
 10
-7.8186
 20
1.33035
 30
0.0
 10
-7.8186
 20
1.33035
 30
0.0
 10
-7.82213
 20
1.86658
 30
0.0
 10
-7.82213
 20
1.86658
 30
0.0
 10
-7.82213
 20
1.86658
 30
0.0
 10
-7.8186
 20
2.4028
 30
0.0
 10
-7.8186
 20
2.4028
 30
0.0
 10
-7.8186
 20
2.4028
 30
0.0
 10
-7.81155
 20
2.66385
 30
0.0
 10
-7.81155
 20
2.66385
 30
0.0
 10
-7.81155
 20
2.66385
 30
0.0
 10
-7.80449
 20
2.92491
 30
0.0
 10
-7.80449
 20
2.92491
 30
0.0
 10
-7.80449
 20
2.92491
 30
0.0
 10
-7.79391
 20
3.18597
 30
0.0
 10
-7.79391
 20
3.18597
 30
0.0
 10
-7.79391
 20
3.18597
 30
0.0
 10
-7.79038
 20
3.26358
 30
0.0
 10
-7.79038
 20
3.26358
 30
0.0
 10
-7.79038
 20
3.26358
 30
0.0
 10
-7.78332
 20
3.34119
 30
0.0
 10
-7.78332
 20
3.34119
 30
0.0
 10
-7.78332
 20
3.34119
 30
0.0
 10
-7.77627
 20
3.4188
 30
0.0
 10
-7.77627
 20
3.4188
 30
0.0
 10
-7.77627
 20
3.4188
 30
0.0
 10
-7.76569
 20
3.49288
 30
0.0
 10
-7.76569
 20
3.49288
 30
0.0
  0
SPLINE
  5
241
330
1F
100
AcDbEntity
  8
Camada 1
 62
   251
370
     9
100
AcDbSpline
210
0.0
220
0.0
230
1.0
 70
     8
 71
     3
 72
    26
 73
    22
 74
     0
 42
0.0000000001
 43
0.0000000001
 40
0.0
 40
0.0
 40
0.0
 40
0.0
 40
0.1428571428571428
 40
0.1428571428571428
 40
0.1428571428571428
 40
0.2857142857142857
 40
0.2857142857142857
 40
0.2857142857142857
 40
0.4285714285714285
 40
0.4285714285714285
 40
0.4285714285714285
 40
0.5714285714285714
 40
0.5714285714285714
 40
0.5714285714285714
 40
0.7142857142857142
 40
0.7142857142857142
 40
0.7142857142857142
 40
0.8571428571428571
 40
0.8571428571428571
 40
0.8571428571428571
 40
1.0
 40
1.0
 40
1.0
 40
1.0
 10
-7.76569
 20
3.49288
 30
0.0
 10
-7.76569
 20
3.49288
 30
0.0
 10
-7.75863
 20
3.48935
 30
0.0
 10
-7.75863
 20
3.48935
 30
0.0
 10
-7.75863
 20
3.48935
 30
0.0
 10
-7.7551
 20
3.48935
 30
0.0
 10
-7.7551
 20
3.48935
 30
0.0
 10
-7.7551
 20
3.48935
 30
0.0
 10
-7.75157
 20
3.48583
 30
0.0
 10
-7.75157
 20
3.48583
 30
0.0
 10
-7.75157
 20
3.48583
 30
0.0
 10
-7.74805
 20
3.48583
 30
0.0
 10
-7.74805
 20
3.48583
 30
0.0
 10
-7.74805
 20
3.48583
 30
0.0
 10
-7.74452
 20
3.4823
 30
0.0
 10
-7.74452
 20
3.4823
 30
0.0
 10
-7.74452
 20
3.4823
 30
0.0
 10
-7.74099
 20
3.4823
 30
0.0
 10
-7.74099
 20
3.4823
 30
0.0
 10
-7.74099
 20
3.4823
 30
0.0
 10
-7.73746
 20
3.47877
 30
0.0
 10
-7.73746
 20
3.47877
 30
0.0
  0
SPLINE
  5
242
330
1F
100
AcDbEntity
  8
Camada 1
 62
   251
370
     9
100
AcDbSpline
210
0.0
220
0.0
230
1.0
 70
     8
 71
     3
 72
    50
 73
    46
 74
     0
 42
0.0000000001
 43
0.0000000001
 40
0.0
 40
0.0
 40
0.0
 40
0.0
 40
0.0666666666666667
 40
0.0666666666666667
 40
0.0666666666666667
 40
0.1333333333333333
 40
0.1333333333333333
 40
0.1333333333333333
 40
0.2
 40
0.2
 40
0.2
 40
0.2666666666666667
 40
0.2666666666666667
 40
0.2666666666666667
 40
0.3333333333333333
 40
0.3333333333333333
 40
0.3333333333333333
 40
0.4
 40
0.4
 40
0.4
 40
0.4666666666666667
 40
0.4666666666666667
 40
0.4666666666666667
 40
0.5333333333333333
 40
0.5333333333333333
 40
0.5333333333333333
 40
0.6
 40
0.6
 40
0.6
 40
0.6666666666666666
 40
0.6666666666666666
 40
0.6666666666666666
 40
0.7333333333333333
 40
0.7333333333333333
 40
0.7333333333333333
 40
0.8
 40
0.8
 40
0.8
 40
0.8666666666666667
 40
0.8666666666666667
 40
0.8666666666666667
 40
0.9333333333333333
 40
0.9333333333333333
 40
0.9333333333333333
 40
1.0
 40
1.0
 40
1.0
 40
1.0
 10
-7.73746
 20
3.47877
 30
0.0
 10
-7.73746
 20
3.47877
 30
0.0
 10
-7.74805
 20
3.40821
 30
0.0
 10
-7.74805
 20
3.40821
 30
0.0
 10
-7.74805
 20
3.40821
 30
0.0
 10
-7.75863
 20
3.33413
 30
0.0
 10
-7.75863
 20
3.33413
 30
0.0
 10
-7.75863
 20
3.33413
 30
0.0
 10
-7.76216
 20
3.25652
 30
0.0
 10
-7.76216
 20
3.25652
 30
0.0
 10
-7.76216
 20
3.25652
 30
0.0
 10
-7.76569
 20
3.17891
 30
0.0
 10
-7.76569
 20
3.17891
 30
0.0
 10
-7.76569
 20
3.17891
 30
0.0
 10
-7.7798
 20
2.92138
 30
0.0
 10
-7.7798
 20
2.92138
 30
0.0
 10
-7.7798
 20
2.92138
 30
0.0
 10
-7.78685
 20
2.66385
 30
0.0
 10
-7.78685
 20
2.66385
 30
0.0
 10
-7.78685
 20
2.66385
 30
0.0
 10
-7.79038
 20
2.4028
 30
0.0
 10
-7.79038
 20
2.4028
 30
0.0
 10
-7.79038
 20
2.4028
 30
0.0
 10
-7.79391
 20
1.86658
 30
0.0
 10
-7.79391
 20
1.86658
 30
0.0
 10
-7.79391
 20
1.86658
 30
0.0
 10
-7.79391
 20
1.33388
 30
0.0
 10
-7.79391
 20
1.33388
 30
0.0
 10
-7.79391
 20
1.33388
 30
0.0
 10
-7.78685
 20
1.00227
 30
0.0
 10
-7.78685
 20
1.00227
 30
0.0
 10
-7.78685
 20
1.00227
 30
0.0
 10
-7.7798
 20
0.67066
 30
0.0
 10
-7.7798
 20
0.67066
 30
0.0
 10
-7.7798
 20
0.67066
 30
0.0
 10
-7.76569
 20
0.34258
 30
0.0
 10
-7.76569
 20
0.34258
 30
0.0
 10
-7.76569
 20
0.34258
 30
0.0
 10
-7.75863
 20
0.2191
 30
0.0
 10
-7.75863
 20
0.2191
 30
0.0
 10
-7.75863
 20
0.2191
 30
0.0
 10
-7.74452
 20
0.09916
 30
0.0
 10
-7.74452
 20
0.09916
 30
0.0
 10
-7.74452
 20
0.09916
 30
0.0
 10
-7.73746
 20
0.05683
 30
0.0
 10
-7.73746
 20
0.05683
 30
0.0
  0
SPLINE
  5
243
330
1F
100
AcDbEntity
  8
Camada 1
 62
   251
370
     9
100
AcDbSpline
210
0.0
220
0.0
230
1.0
 70
     8
 71
     3
 72
    29
 73
    25
 74
     0
 42
0.0000000001
 43
0.0000000001
 40
0.0
 40
0.0
 40
0.0
 40
0.0
 40
0.125
 40
0.125
 40
0.125
 40
0.25
 40
0.25
 40
0.25
 40
0.375
 40
0.375
 40
0.375
 40
0.5
 40
0.5
 40
0.5
 40
0.625
 40
0.625
 40
0.625
 40
0.75
 40
0.75
 40
0.75
 40
0.875
 40
0.875
 40
0.875
 40
1.0
 40
1.0
 40
1.0
 40
1.0
 10
-7.76569
 20
0.04272
 30
0.0
 10
-7.76569
 20
0.04272
 30
0.0
 10
-7.75863
 20
0.04272
 30
0.0
 10
-7.75863
 20
0.04272
 30
0.0
 10
-7.75863
 20
0.04272
 30
0.0
 10
-7.7551
 20
0.04624
 30
0.0
 10
-7.7551
 20
0.04624
 30
0.0
 10
-7.7551
 20
0.04624
 30
0.0
 10
-7.75157
 20
0.04624
 30
0.0
 10
-7.75157
 20
0.04624
 30
0.0
 10
-7.75157
 20
0.04624
 30
0.0
 10
-7.74805
 20
0.04977
 30
0.0
 10
-7.74805
 20
0.04977
 30
0.0
 10
-7.74805
 20
0.04977
 30
0.0
 10
-7.74452
 20
0.04977
 30
0.0
 10
-7.74452
 20
0.04977
 30
0.0
 10
-7.74452
 20
0.04977
 30
0.0
 10
-7.74099
 20
0.0533
 30
0.0
 10
-7.74099
 20
0.0533
 30
0.0
 10
-7.74099
 20
0.0533
 30
0.0
 10
-7.73746
 20
0.0533
 30
0.0
 10
-7.73746
 20
0.0533
 30
0.0
 10
-7.73746
 20
0.0533
 30
0.0
 10
-7.73746
 20
0.05683
 30
0.0
 10
-7.73746
 20
0.05683
 30
0.0
  0
SPLINE
  5
244
330
1F
100
AcDbEntity
  8
Camada 1
 62
   251
370
     9
100
AcDbSpline
210
0.0
220
0.0
230
1.0
 70
    11
 71
     3
 72
    62
 73
    58
 74
     0
 42
0.0000000001
 43
0.0000000001
 40
0.0
 40
0.0
 40
0.0
 40
0.0
 40
0.0526315789473684
 40
0.0526315789473684
 40
0.0526315789473684
 40
0.1052631578947368
 40
0.1052631578947368
 40
0.1052631578947368
 40
0.1578947368421053
 40
0.1578947368421053
 40
0.1578947368421053
 40
0.2105263157894737
 40
0.2105263157894737
 40
0.2105263157894737
 40
0.2631578947368421
 40
0.2631578947368421
 40
0.2631578947368421
 40
0.3157894736842105
 40
0.3157894736842105
 40
0.3157894736842105
 40
0.3684210526315789
 40
0.3684210526315789
 40
0.3684210526315789
 40
0.4210526315789473
 40
0.4210526315789473
 40
0.4210526315789473
 40
0.4736842105263158
 40
0.4736842105263158
 40
0.4736842105263158
 40
0.5263157894736842
 40
0.5263157894736842
 40
0.5263157894736842
 40
0.5789473684210527
 40
0.5789473684210527
 40
0.5789473684210527
 40
0.631578947368421
 40
0.631578947368421
 40
0.631578947368421
 40
0.6842105263157894
 40
0.6842105263157894
 40
0.6842105263157894
 40
0.7368421052631579
 40
0.7368421052631579
 40
0.7368421052631579
 40
0.7894736842105263
 40
0.7894736842105263
 40
0.7894736842105263
 40
0.8421052631578947
 40
0.8421052631578947
 40
0.8421052631578947
 40
0.894736842105263
 40
0.894736842105263
 40
0.894736842105263
 40
0.9473684210526315
 40
0.9473684210526315
 40
0.9473684210526315
 40
1.0
 40
1.0
 40
1.0
 40
1.0
 10
-11.04299
 20
2.94608
 30
0.0
 10
-11.04299
 20
2.94608
 30
0.0
 10
-11.04652
 20
2.92138
 30
0.0
 10
-11.04652
 20
2.92138
 30
0.0
 10
-11.04652
 20
2.92138
 30
0.0
 10
-11.06063
 20
2.90022
 30
0.0
 10
-11.06063
 20
2.90022
 30
0.0
 10
-11.06063
 20
2.90022
 30
0.0
 10
-11.07827
 20
2.88258
 30
0.0
 10
-11.07827
 20
2.88258
 30
0.0
 10
-11.07827
 20
2.88258
 30
0.0
 10
-11.10296
 20
2.87552
 30
0.0
 10
-11.10296
 20
2.87552
 30
0.0
 10
-11.10296
 20
2.87552
 30
0.0
 10
-11.12766
 20
2.87199
 30
0.0
 10
-11.12766
 20
2.87199
 30
0.0
 10
-11.12766
 20
2.87199
 30
0.0
 10
-11.14882
 20
2.87905
 30
0.0
 10
-11.14882
 20
2.87905
 30
0.0
 10
-11.14882
 20
2.87905
 30
0.0
 10
-11.16999
 20
2.89316
 30
0.0
 10
-11.16999
 20
2.89316
 30
0.0
 10
-11.16999
 20
2.89316
 30
0.0
 10
-11.1841
 20
2.91433
 30
0.0
 10
-11.1841
 20
2.91433
 30
0.0
 10
-11.1841
 20
2.91433
 30
0.0
 10
-11.19116
 20
2.93902
 30
0.0
 10
-11.19116
 20
2.93902
 30
0.0
 10
-11.19116
 20
2.93902
 30
0.0
 10
-11.19116
 20
2.96372
 30
0.0
 10
-11.19116
 20
2.96372
 30
0.0
 10
-11.19116
 20
2.96372
 30
0.0
 10
-11.18057
 20
2.98841
 30
0.0
 10
-11.18057
 20
2.98841
 30
0.0
 10
-11.18057
 20
2.98841
 30
0.0
 10
-11.16293
 20
3.00605
 30
0.0
 10
-11.16293
 20
3.00605
 30
0.0
 10
-11.16293
 20
3.00605
 30
0.0
 10
-11.14177
 20
3.01663
 30
0.0
 10
-11.14177
 20
3.01663
 30
0.0
 10
-11.14177
 20
3.01663
 30
0.0
 10
-11.11707
 20
3.02369
 30
0.0
 10
-11.11707
 20
3.02369
 30
0.0
 10
-11.11707
 20
3.02369
 30
0.0
 10
-11.09238
 20
3.01663
 30
0.0
 10
-11.09238
 20
3.01663
 30
0.0
 10
-11.09238
 20
3.01663
 30
0.0
 10
-11.07121
 20
3.00605
 30
0.0
 10
-11.07121
 20
3.00605
 30
0.0
 10
-11.07121
 20
3.00605
 30
0.0
 10
-11.05357
 20
2.98488
 30
0.0
 10
-11.05357
 20
2.98488
 30
0.0
 10
-11.05357
 20
2.98488
 30
0.0
 10
-11.04299
 20
2.96372
 30
0.0
 10
-11.04299
 20
2.96372
 30
0.0
 10
-11.04299
 20
2.96372
 30
0.0
 10
-11.04299
 20
2.94608
 30
0.0
 10
-11.04299
 20
2.94608
 30
0.0
  0
SPLINE
  5
245
330
1F
100
AcDbEntity
  8
Camada 1
 62
   251
370
     9
100
AcDbSpline
210
0.0
220
0.0
230
1.0
 70
    24
 71
     3
 72
     8
 73
     4
 74
     0
 42
0.0000000001
 43
0.0000000001
 40
0.0
 40
0.0
 40
0.0
 40
0.0
 40
1.0
 40
1.0
 40
1.0
 40
1.0
 10
-7.76216
 20
0.02508
 30
0.0
 10
-7.76216
 20
0.02508
 30
0.0
 10
-7.76569
 20
0.04272
 30
0.0
 10
-7.76569
 20
0.04272
 30
0.0
  0
SPLINE
  5
247
330
1F
100
AcDbEntity
  8
Camada 1
 62
   251
370
     9
100
AcDbSpline
210
0.0
220
0.0
230
1.0
 70
    24
 71
     3
 72
     8
 73
     4
 74
     0
 42
0.0000000001
 43
0.0000000001
 40
0.0
 40
0.0
 40
0.0
 40
0.0
 40
1.0
 40
1.0
 40
1.0
 40
1.0
 10
-11.47338
 20
0.02508
 30
0.0
 10
-11.47338
 20
0.02508
 30
0.0
 10
-7.76216
 20
0.02508
 30
0.0
 10
-7.76216
 20
0.02508
 30
0.0
  0
SPLINE
  5
249
330
1F
100
AcDbEntity
  8
Camada 1
 62
   251
370
     9
100
AcDbSpline
210
0.0
220
0.0
230
1.0
 70
    24
 71
     3
 72
     8
 73
     4
 74
     0
 42
0.0000000001
 43
0.0000000001
 40
0.0
 40
0.0
 40
0.0
 40
0.0
 40
1.0
 40
1.0
 40
1.0
 40
1.0
 10
-11.46985
 20
0.04272
 30
0.0
 10
-11.46985
 20
0.04272
 30
0.0
 10
-11.47338
 20
0.02508
 30
0.0
 10
-11.47338
 20
0.02508
 30
0.0
  0
SPLINE
  5
24A
330
1F
100
AcDbEntity
  8
Camada 1
 62
   251
370
     9
100
AcDbSpline
210
0.0
220
0.0
230
1.0
 70
     8
 71
     3
 72
    50
 73
    46
 74
     0
 42
0.0000000001
 43
0.0000000001
 40
0.0
 40
0.0
 40
0.0
 40
0.0
 40
0.0666666666666667
 40
0.0666666666666667
 40
0.0666666666666667
 40
0.1333333333333333
 40
0.1333333333333333
 40
0.1333333333333333
 40
0.2
 40
0.2
 40
0.2
 40
0.2666666666666667
 40
0.2666666666666667
 40
0.2666666666666667
 40
0.3333333333333333
 40
0.3333333333333333
 40
0.3333333333333333
 40
0.4
 40
0.4
 40
0.4
 40
0.4666666666666667
 40
0.4666666666666667
 40
0.4666666666666667
 40
0.5333333333333333
 40
0.5333333333333333
 40
0.5333333333333333
 40
0.6
 40
0.6
 40
0.6
 40
0.6666666666666666
 40
0.6666666666666666
 40
0.6666666666666666
 40
0.7333333333333333
 40
0.7333333333333333
 40
0.7333333333333333
 40
0.8
 40
0.8
 40
0.8
 40
0.8666666666666667
 40
0.8666666666666667
 40
0.8666666666666667
 40
0.9333333333333333
 40
0.9333333333333333
 40
0.9333333333333333
 40
1.0
 40
1.0
 40
1.0
 40
1.0
 10
-11.46985
 20
3.49288
 30
0.0
 10
-11.46985
 20
3.49288
 30
0.0
 10
-11.4628
 20
3.44349
 30
0.0
 10
-11.4628
 20
3.44349
 30
0.0
 10
-11.4628
 20
3.44349
 30
0.0
 10
-11.44869
 20
3.32002
 30
0.0
 10
-11.44869
 20
3.32002
 30
0.0
 10
-11.44869
 20
3.32002
 30
0.0
 10
-11.44163
 20
3.19655
 30
0.0
 10
-11.44163
 20
3.19655
 30
0.0
 10
-11.44163
 20
3.19655
 30
0.0
 10
-11.42752
 20
2.86494
 30
0.0
 10
-11.42752
 20
2.86494
 30
0.0
 10
-11.42752
 20
2.86494
 30
0.0
 10
-11.42046
 20
2.53333
 30
0.0
 10
-11.42046
 20
2.53333
 30
0.0
 10
-11.42046
 20
2.53333
 30
0.0
 10
-11.41694
 20
2.20171
 30
0.0
 10
-11.41694
 20
2.20171
 30
0.0
 10
-11.41694
 20
2.20171
 30
0.0
 10
-11.41341
 20
1.66549
 30
0.0
 10
-11.41341
 20
1.66549
 30
0.0
 10
-11.41341
 20
1.66549
 30
0.0
 10
-11.41694
 20
1.12927
 30
0.0
 10
-11.41694
 20
1.12927
 30
0.0
 10
-11.41694
 20
1.12927
 30
0.0
 10
-11.42399
 20
0.86821
 30
0.0
 10
-11.42399
 20
0.86821
 30
0.0
 10
-11.42399
 20
0.86821
 30
0.0
 10
-11.43105
 20
0.61069
 30
0.0
 10
-11.43105
 20
0.61069
 30
0.0
 10
-11.43105
 20
0.61069
 30
0.0
 10
-11.44163
 20
0.34963
 30
0.0
 10
-11.44163
 20
0.34963
 30
0.0
 10
-11.44163
 20
0.34963
 30
0.0
 10
-11.44516
 20
0.27202
 30
0.0
 10
-11.44516
 20
0.27202
 30
0.0
 10
-11.44516
 20
0.27202
 30
0.0
 10
-11.45221
 20
0.19088
 30
0.0
 10
-11.45221
 20
0.19088
 30
0.0
 10
-11.45221
 20
0.19088
 30
0.0
 10
-11.45927
 20
0.1168
 30
0.0
 10
-11.45927
 20
0.1168
 30
0.0
 10
-11.45927
 20
0.1168
 30
0.0
 10
-11.46985
 20
0.04272
 30
0.0
 10
-11.46985
 20
0.04272
 30
0.0
  0
SPLINE
  5
24B
330
1F
100
AcDbEntity
  8
Camada 1
 62
   251
370
     9
100
AcDbSpline
210
0.0
220
0.0
230
1.0
 70
    24
 71
     3
 72
     8
 73
     4
 74
     0
 42
0.0000000001
 43
0.0000000001
 40
0.0
 40
0.0
 40
0.0
 40
0.0
 40
1.0
 40
1.0
 40
1.0
 40
1.0
 10
-11.47338
 20
3.51052
 30
0.0
 10
-11.47338
 20
3.51052
 30
0.0
 10
-11.46985
 20
3.49288
 30
0.0
 10
-11.46985
 20
3.49288
 30
0.0
  0
SPLINE
  5
24D
330
1F
100
AcDbEntity
  8
Camada 1
 62
   251
370
     9
100
AcDbSpline
210
0.0
220
0.0
230
1.0
 70
    24
 71
     3
 72
     8
 73
     4
 74
     0
 42
0.0000000001
 43
0.0000000001
 40
0.0
 40
0.0
 40
0.0
 40
0.0
 40
1.0
 40
1.0
 40
1.0
 40
1.0
 10
-7.76216
 20
3.51052
 30
0.0
 10
-7.76216
 20
3.51052
 30
0.0
 10
-11.47338
 20
3.51052
 30
0.0
 10
-11.47338
 20
3.51052
 30
0.0
  0
SPLINE
  5
24F
330
1F
100
AcDbEntity
  8
Camada 1
 62
   251
370
     9
100
AcDbSpline
210
0.0
220
0.0
230
1.0
 70
    24
 71
     3
 72
     8
 73
     4
 74
     0
 42
0.0000000001
 43
0.0000000001
 40
0.0
 40
0.0
 40
0.0
 40
0.0
 40
1.0
 40
1.0
 40
1.0
 40
1.0
 10
-7.76569
 20
3.49288
 30
0.0
 10
-7.76569
 20
3.49288
 30
0.0
 10
-7.76216
 20
3.51052
 30
0.0
 10
-7.76216
 20
3.51052
 30
0.0
  0
SPLINE
  5
250
330
1F
100
AcDbEntity
  8
Camada 1
 62
   251
370
     9
100
AcDbSpline
210
0.0
220
0.0
230
1.0
 70
    11
 71
     3
 72
   173
 73
   169
 74
     0
 42
0.0000000001
 43
0.0000000001
 40
0.0
 40
0.0
 40
0.0
 40
0.0
 40
0.0178571428571429
 40
0.0178571428571429
 40
0.0178571428571429
 40
0.0357142857142857
 40
0.0357142857142857
 40
0.0357142857142857
 40
0.0535714285714286
 40
0.0535714285714286
 40
0.0535714285714286
 40
0.0714285714285714
 40
0.0714285714285714
 40
0.0714285714285714
 40
0.0892857142857143
 40
0.0892857142857143
 40
0.0892857142857143
 40
0.1071428571428571
 40
0.1071428571428571
 40
0.1071428571428571
 40
0.125
 40
0.125
 40
0.125
 40
0.1428571428571428
 40
0.1428571428571428
 40
0.1428571428571428
 40
0.1607142857142857
 40
0.1607142857142857
 40
0.1607142857142857
 40
0.1785714285714285
 40
0.1785714285714285
 40
0.1785714285714285
 40
0.1964285714285714
 40
0.1964285714285714
 40
0.1964285714285714
 40
0.2142857142857143
 40
0.2142857142857143
 40
0.2142857142857143
 40
0.2321428571428571
 40
0.2321428571428571
 40
0.2321428571428571
 40
0.25
 40
0.25
 40
0.25
 40
0.2678571428571428
 40
0.2678571428571428
 40
0.2678571428571428
 40
0.2857142857142857
 40
0.2857142857142857
 40
0.2857142857142857
 40
0.3035714285714285
 40
0.3035714285714285
 40
0.3035714285714285
 40
0.3214285714285714
 40
0.3214285714285714
 40
0.3214285714285714
 40
0.3392857142857142
 40
0.3392857142857142
 40
0.3392857142857142
 40
0.3571428571428571
 40
0.3571428571428571
 40
0.3571428571428571
 40
0.375
 40
0.375
 40
0.375
 40
0.3928571428571428
 40
0.3928571428571428
 40
0.3928571428571428
 40
0.4107142857142857
 40
0.4107142857142857
 40
0.4107142857142857
 40
0.4285714285714285
 40
0.4285714285714285
 40
0.4285714285714285
 40
0.4464285714285714
 40
0.4464285714285714
 40
0.4464285714285714
 40
0.4642857142857142
 40
0.4642857142857142
 40
0.4642857142857142
 40
0.4821428571428571
 40
0.4821428571428571
 40
0.4821428571428571
 40
0.5
 40
0.5
 40
0.5
 40
0.5178571428571428
 40
0.5178571428571428
 40
0.5178571428571428
 40
0.5357142857142857
 40
0.5357142857142857
 40
0.5357142857142857
 40
0.5535714285714285
 40
0.5535714285714285
 40
0.5535714285714285
 40
0.5714285714285714
 40
0.5714285714285714
 40
0.5714285714285714
 40
0.5892857142857143
 40
0.5892857142857143
 40
0.5892857142857143
 40
0.6071428571428571
 40
0.6071428571428571
 40
0.6071428571428571
 40
0.625
 40
0.625
 40
0.625
 40
0.6428571428571428
 40
0.6428571428571428
 40
0.6428571428571428
 40
0.6607142857142857
 40
0.6607142857142857
 40
0.6607142857142857
 40
0.6785714285714285
 40
0.6785714285714285
 40
0.6785714285714285
 40
0.6964285714285714
 40
0.6964285714285714
 40
0.6964285714285714
 40
0.7142857142857142
 40
0.7142857142857142
 40
0.7142857142857142
 40
0.7321428571428571
 40
0.7321428571428571
 40
0.7321428571428571
 40
0.75
 40
0.75
 40
0.75
 40
0.7678571428571428
 40
0.7678571428571428
 40
0.7678571428571428
 40
0.7857142857142857
 40
0.7857142857142857
 40
0.7857142857142857
 40
0.8035714285714285
 40
0.8035714285714285
 40
0.8035714285714285
 40
0.8214285714285714
 40
0.8214285714285714
 40
0.8214285714285714
 40
0.8392857142857142
 40
0.8392857142857142
 40
0.8392857142857142
 40
0.8571428571428571
 40
0.8571428571428571
 40
0.8571428571428571
 40
0.875
 40
0.875
 40
0.875
 40
0.8928571428571428
 40
0.8928571428571428
 40
0.8928571428571428
 40
0.9107142857142857
 40
0.9107142857142857
 40
0.9107142857142857
 40
0.9285714285714285
 40
0.9285714285714285
 40
0.9285714285714285
 40
0.9464285714285714
 40
0.9464285714285714
 40
0.9464285714285714
 40
0.9642857142857142
 40
0.9642857142857142
 40
0.9642857142857142
 40
0.9821428571428571
 40
0.9821428571428571
 40
0.9821428571428571
 40
1.0
 40
1.0
 40
1.0
 40
1.0
 10
-10.68316
 20
1.7678
 30
0.0
 10
-10.68316
 20
1.7678
 30
0.0
 10
-10.6761
 20
1.88774
 30
0.0
 10
-10.6761
 20
1.88774
 30
0.0
 10
-10.6761
 20
1.88774
 30
0.0
 10
-10.65846
 20
2.00416
 30
0.0
 10
-10.65846
 20
2.00416
 30
0.0
 10
-10.65846
 20
2.00416
 30
0.0
 10
-10.62319
 20
2.12058
 30
0.0
 10
-10.62319
 20
2.12058
 30
0.0
 10
-10.62319
 20
2.12058
 30
0.0
 10
-10.57732
 20
2.22994
 30
0.0
 10
-10.57732
 20
2.22994
 30
0.0
 10
-10.57732
 20
2.22994
 30
0.0
 10
-10.52088
 20
2.33224
 30
0.0
 10
-10.52088
 20
2.33224
 30
0.0
 10
-10.52088
 20
2.33224
 30
0.0
 10
-10.45032
 20
2.43102
 30
0.0
 10
-10.45032
 20
2.43102
 30
0.0
 10
-10.45032
 20
2.43102
 30
0.0
 10
-10.37271
 20
2.51921
 30
0.0
 10
-10.37271
 20
2.51921
 30
0.0
 10
-10.37271
 20
2.51921
 30
0.0
 10
-10.28099
 20
2.60035
 30
0.0
 10
-10.28099
 20
2.60035
 30
0.0
 10
-10.28099
 20
2.60035
 30
0.0
 10
-10.18574
 20
2.66738
 30
0.0
 10
-10.18574
 20
2.66738
 30
0.0
 10
-10.18574
 20
2.66738
 30
0.0
 10
-10.07991
 20
2.72735
 30
0.0
 10
-10.07991
 20
2.72735
 30
0.0
 10
-10.07991
 20
2.72735
 30
0.0
 10
-9.97055
 20
2.77321
 30
0.0
 10
-9.97055
 20
2.77321
 30
0.0
 10
-9.97055
 20
2.77321
 30
0.0
 10
-9.85413
 20
2.80497
 30
0.0
 10
-9.85413
 20
2.80497
 30
0.0
 10
-9.85413
 20
2.80497
 30
0.0
 10
-9.73771
 20
2.82613
 30
0.0
 10
-9.73771
 20
2.82613
 30
0.0
 10
-9.73771
 20
2.82613
 30
0.0
 10
-9.61777
 20
2.83319
 30
0.0
 10
-9.61777
 20
2.83319
 30
0.0
 10
-9.61777
 20
2.83319
 30
0.0
 10
-9.49782
 20
2.82613
 30
0.0
 10
-9.49782
 20
2.82613
 30
0.0
 10
-9.49782
 20
2.82613
 30
0.0
 10
-9.37788
 20
2.80497
 30
0.0
 10
-9.37788
 20
2.80497
 30
0.0
 10
-9.37788
 20
2.80497
 30
0.0
 10
-9.26146
 20
2.77321
 30
0.0
 10
-9.26146
 20
2.77321
 30
0.0
 10
-9.26146
 20
2.77321
 30
0.0
 10
-9.1521
 20
2.72735
 30
0.0
 10
-9.1521
 20
2.72735
 30
0.0
 10
-9.1521
 20
2.72735
 30
0.0
 10
-9.04627
 20
2.66738
 30
0.0
 10
-9.04627
 20
2.66738
 30
0.0
 10
-9.04627
 20
2.66738
 30
0.0
 10
-8.95102
 20
2.59683
 30
0.0
 10
-8.95102
 20
2.59683
 30
0.0
 10
-8.95102
 20
2.59683
 30
0.0
 10
-8.8593
 20
2.51921
 30
0.0
 10
-8.8593
 20
2.51921
 30
0.0
 10
-8.8593
 20
2.51921
 30
0.0
 10
-8.78168
 20
2.42749
 30
0.0
 10
-8.78168
 20
2.42749
 30
0.0
 10
-8.78168
 20
2.42749
 30
0.0
 10
-8.71113
 20
2.32872
 30
0.0
 10
-8.71113
 20
2.32872
 30
0.0
 10
-8.71113
 20
2.32872
 30
0.0
 10
-8.65469
 20
2.22288
 30
0.0
 10
-8.65469
 20
2.22288
 30
0.0
 10
-8.65469
 20
2.22288
 30
0.0
 10
-8.60882
 20
2.11352
 30
0.0
 10
-8.60882
 20
2.11352
 30
0.0
 10
-8.60882
 20
2.11352
 30
0.0
 10
-8.57707
 20
1.9971
 30
0.0
 10
-8.57707
 20
1.9971
 30
0.0
 10
-8.57707
 20
1.9971
 30
0.0
 10
-8.55591
 20
1.88069
 30
0.0
 10
-8.55591
 20
1.88069
 30
0.0
 10
-8.55591
 20
1.88069
 30
0.0
 10
-8.55238
 20
1.7678
 30
0.0
 10
-8.55238
 20
1.7678
 30
0.0
 10
-8.55238
 20
1.7678
 30
0.0
 10
-8.55591
 20
1.65491
 30
0.0
 10
-8.55591
 20
1.65491
 30
0.0
 10
-8.55591
 20
1.65491
 30
0.0
 10
-8.57707
 20
1.53497
 30
0.0
 10
-8.57707
 20
1.53497
 30
0.0
 10
-8.57707
 20
1.53497
 30
0.0
 10
-8.60882
 20
1.42208
 30
0.0
 10
-8.60882
 20
1.42208
 30
0.0
 10
-8.60882
 20
1.42208
 30
0.0
 10
-8.65469
 20
1.30919
 30
0.0
 10
-8.65469
 20
1.30919
 30
0.0
 10
-8.65469
 20
1.30919
 30
0.0
 10
-8.71113
 20
1.20688
 30
0.0
 10
-8.71113
 20
1.20688
 30
0.0
 10
-8.71113
 20
1.20688
 30
0.0
 10
-8.78168
 20
1.1081
 30
0.0
 10
-8.78168
 20
1.1081
 30
0.0
 10
-8.78168
 20
1.1081
 30
0.0
 10
-8.8593
 20
1.01638
 30
0.0
 10
-8.8593
 20
1.01638
 30
0.0
 10
-8.8593
 20
1.01638
 30
0.0
 10
-8.94749
 20
0.93877
 30
0.0
 10
-8.94749
 20
0.93877
 30
0.0
 10
-8.94749
 20
0.93877
 30
0.0
 10
-9.04627
 20
0.86821
 30
0.0
 10
-9.04627
 20
0.86821
 30
0.0
 10
-9.04627
 20
0.86821
 30
0.0
 10
-9.14857
 20
0.80824
 30
0.0
 10
-9.14857
 20
0.80824
 30
0.0
 10
-9.14857
 20
0.80824
 30
0.0
 10
-9.26146
 20
0.76238
 30
0.0
 10
-9.26146
 20
0.76238
 30
0.0
 10
-9.26146
 20
0.76238
 30
0.0
 10
-9.37435
 20
0.73063
 30
0.0
 10
-9.37435
 20
0.73063
 30
0.0
 10
-9.37435
 20
0.73063
 30
0.0
 10
-9.4943
 20
0.70946
 30
0.0
 10
-9.4943
 20
0.70946
 30
0.0
 10
-9.4943
 20
0.70946
 30
0.0
 10
-9.61424
 20
0.70241
 30
0.0
 10
-9.61424
 20
0.70241
 30
0.0
 10
-9.61424
 20
0.70241
 30
0.0
 10
-9.73418
 20
0.70946
 30
0.0
 10
-9.73418
 20
0.70946
 30
0.0
 10
-9.73418
 20
0.70946
 30
0.0
 10
-9.8506
 20
0.7271
 30
0.0
 10
-9.8506
 20
0.7271
 30
0.0
 10
-9.8506
 20
0.7271
 30
0.0
 10
-9.96702
 20
0.75885
 30
0.0
 10
-9.96702
 20
0.75885
 30
0.0
 10
-9.96702
 20
0.75885
 30
0.0
 10
-10.07638
 20
0.80472
 30
0.0
 10
-10.07638
 20
0.80472
 30
0.0
 10
-10.07638
 20
0.80472
 30
0.0
 10
-10.18221
 20
0.86469
 30
0.0
 10
-10.18221
 20
0.86469
 30
0.0
 10
-10.18221
 20
0.86469
 30
0.0
 10
-10.28099
 20
0.93171
 30
0.0
 10
-10.28099
 20
0.93171
 30
0.0
 10
-10.28099
 20
0.93171
 30
0.0
 10
-10.36918
 20
1.01285
 30
0.0
 10
-10.36918
 20
1.01285
 30
0.0
 10
-10.36918
 20
1.01285
 30
0.0
 10
-10.45032
 20
1.10105
 30
0.0
 10
-10.45032
 20
1.10105
 30
0.0
 10
-10.45032
 20
1.10105
 30
0.0
 10
-10.52088
 20
1.19983
 30
0.0
 10
-10.52088
 20
1.19983
 30
0.0
 10
-10.52088
 20
1.19983
 30
0.0
 10
-10.57732
 20
1.30566
 30
0.0
 10
-10.57732
 20
1.30566
 30
0.0
 10
-10.57732
 20
1.30566
 30
0.0
 10
-10.62319
 20
1.41502
 30
0.0
 10
-10.62319
 20
1.41502
 30
0.0
 10
-10.62319
 20
1.41502
 30
0.0
 10
-10.65846
 20
1.53144
 30
0.0
 10
-10.65846
 20
1.53144
 30
0.0
 10
-10.65846
 20
1.53144
 30
0.0
 10
-10.6761
 20
1.64785
 30
0.0
 10
-10.6761
 20
1.64785
 30
0.0
 10
-10.6761
 20
1.64785
 30
0.0
 10
-10.68316
 20
1.7678
 30
0.0
 10
-10.68316
 20
1.7678
 30
0.0
  0
SPLINE
  5
251
330
1F
100
AcDbEntity
  8
Camada 1
 62
   251
370
     9
100
AcDbSpline
210
0.0
220
0.0
230
1.0
 70
     8
 71
     3
 72
    26
 73
    22
 74
     0
 42
0.0000000001
 43
0.0000000001
 40
0.0
 40
0.0
 40
0.0
 40
0.0
 40
0.1428571428571428
 40
0.1428571428571428
 40
0.1428571428571428
 40
0.2857142857142857
 40
0.2857142857142857
 40
0.2857142857142857
 40
0.4285714285714285
 40
0.4285714285714285
 40
0.4285714285714285
 40
0.5714285714285714
 40
0.5714285714285714
 40
0.5714285714285714
 40
0.7142857142857142
 40
0.7142857142857142
 40
0.7142857142857142
 40
0.8571428571428571
 40
0.8571428571428571
 40
0.8571428571428571
 40
1.0
 40
1.0
 40
1.0
 40
1.0
 10
-11.46985
 20
0.04272
 30
0.0
 10
-11.46985
 20
0.04272
 30
0.0
 10
-11.47691
 20
0.04272
 30
0.0
 10
-11.47691
 20
0.04272
 30
0.0
 10
-11.47691
 20
0.04272
 30
0.0
 10
-11.48043
 20
0.04624
 30
0.0
 10
-11.48043
 20
0.04624
 30
0.0
 10
-11.48043
 20
0.04624
 30
0.0
 10
-11.48396
 20
0.04624
 30
0.0
 10
-11.48396
 20
0.04624
 30
0.0
 10
-11.48396
 20
0.04624
 30
0.0
 10
-11.48749
 20
0.04977
 30
0.0
 10
-11.48749
 20
0.04977
 30
0.0
 10
-11.48749
 20
0.04977
 30
0.0
 10
-11.49102
 20
0.04977
 30
0.0
 10
-11.49102
 20
0.04977
 30
0.0
 10
-11.49102
 20
0.04977
 30
0.0
 10
-11.49455
 20
0.0533
 30
0.0
 10
-11.49455
 20
0.0533
 30
0.0
 10
-11.49455
 20
0.0533
 30
0.0
 10
-11.49807
 20
0.05683
 30
0.0
 10
-11.49807
 20
0.05683
 30
0.0
  0
SPLINE
  5
252
330
1F
100
AcDbEntity
  8
Camada 1
 62
   251
370
     9
100
AcDbSpline
210
0.0
220
0.0
230
1.0
 70
     8
 71
     3
 72
    50
 73
    46
 74
     0
 42
0.0000000001
 43
0.0000000001
 40
0.0
 40
0.0
 40
0.0
 40
0.0
 40
0.0666666666666667
 40
0.0666666666666667
 40
0.0666666666666667
 40
0.1333333333333333
 40
0.1333333333333333
 40
0.1333333333333333
 40
0.2
 40
0.2
 40
0.2
 40
0.2666666666666667
 40
0.2666666666666667
 40
0.2666666666666667
 40
0.3333333333333333
 40
0.3333333333333333
 40
0.3333333333333333
 40
0.4
 40
0.4
 40
0.4
 40
0.4666666666666667
 40
0.4666666666666667
 40
0.4666666666666667
 40
0.5333333333333333
 40
0.5333333333333333
 40
0.5333333333333333
 40
0.6
 40
0.6
 40
0.6
 40
0.6666666666666666
 40
0.6666666666666666
 40
0.6666666666666666
 40
0.7333333333333333
 40
0.7333333333333333
 40
0.7333333333333333
 40
0.8
 40
0.8
 40
0.8
 40
0.8666666666666667
 40
0.8666666666666667
 40
0.8666666666666667
 40
0.9333333333333333
 40
0.9333333333333333
 40
0.9333333333333333
 40
1.0
 40
1.0
 40
1.0
 40
1.0
 10
-11.49807
 20
0.05683
 30
0.0
 10
-11.49807
 20
0.05683
 30
0.0
 10
-11.48396
 20
0.12738
 30
0.0
 10
-11.48396
 20
0.12738
 30
0.0
 10
-11.48396
 20
0.12738
 30
0.0
 10
-11.47691
 20
0.20147
 30
0.0
 10
-11.47691
 20
0.20147
 30
0.0
 10
-11.47691
 20
0.20147
 30
0.0
 10
-11.47338
 20
0.27555
 30
0.0
 10
-11.47338
 20
0.27555
 30
0.0
 10
-11.47338
 20
0.27555
 30
0.0
 10
-11.46985
 20
0.35316
 30
0.0
 10
-11.46985
 20
0.35316
 30
0.0
 10
-11.46985
 20
0.35316
 30
0.0
 10
-11.45574
 20
0.61069
 30
0.0
 10
-11.45574
 20
0.61069
 30
0.0
 10
-11.45574
 20
0.61069
 30
0.0
 10
-11.44869
 20
0.87174
 30
0.0
 10
-11.44869
 20
0.87174
 30
0.0
 10
-11.44869
 20
0.87174
 30
0.0
 10
-11.44516
 20
1.12927
 30
0.0
 10
-11.44516
 20
1.12927
 30
0.0
 10
-11.44516
 20
1.12927
 30
0.0
 10
-11.44163
 20
1.66549
 30
0.0
 10
-11.44163
 20
1.66549
 30
0.0
 10
-11.44163
 20
1.66549
 30
0.0
 10
-11.44163
 20
2.20171
 30
0.0
 10
-11.44163
 20
2.20171
 30
0.0
 10
-11.44163
 20
2.20171
 30
0.0
 10
-11.44516
 20
2.53333
 30
0.0
 10
-11.44516
 20
2.53333
 30
0.0
 10
-11.44516
 20
2.53333
 30
0.0
 10
-11.45574
 20
2.86141
 30
0.0
 10
-11.45574
 20
2.86141
 30
0.0
 10
-11.45574
 20
2.86141
 30
0.0
 10
-11.46985
 20
3.18949
 30
0.0
 10
-11.46985
 20
3.18949
 30
0.0
 10
-11.46985
 20
3.18949
 30
0.0
 10
-11.47691
 20
3.31296
 30
0.0
 10
-11.47691
 20
3.31296
 30
0.0
 10
-11.47691
 20
3.31296
 30
0.0
 10
-11.49102
 20
3.43644
 30
0.0
 10
-11.49102
 20
3.43644
 30
0.0
 10
-11.49102
 20
3.43644
 30
0.0
 10
-11.49807
 20
3.47877
 30
0.0
 10
-11.49807
 20
3.47877
 30
0.0
  0
SPLINE
  5
253
330
1F
100
AcDbEntity
  8
Camada 1
 62
   251
370
     9
100
AcDbSpline
210
0.0
220
0.0
230
1.0
 70
     8
 71
     3
 72
    29
 73
    25
 74
     0
 42
0.0000000001
 43
0.0000000001
 40
0.0
 40
0.0
 40
0.0
 40
0.0
 40
0.125
 40
0.125
 40
0.125
 40
0.25
 40
0.25
 40
0.25
 40
0.375
 40
0.375
 40
0.375
 40
0.5
 40
0.5
 40
0.5
 40
0.625
 40
0.625
 40
0.625
 40
0.75
 40
0.75
 40
0.75
 40
0.875
 40
0.875
 40
0.875
 40
1.0
 40
1.0
 40
1.0
 40
1.0
 10
-11.46985
 20
3.49288
 30
0.0
 10
-11.46985
 20
3.49288
 30
0.0
 10
-11.47691
 20
3.48935
 30
0.0
 10
-11.47691
 20
3.48935
 30
0.0
 10
-11.47691
 20
3.48935
 30
0.0
 10
-11.48043
 20
3.48935
 30
0.0
 10
-11.48043
 20
3.48935
 30
0.0
 10
-11.48043
 20
3.48935
 30
0.0
 10
-11.48396
 20
3.48583
 30
0.0
 10
-11.48396
 20
3.48583
 30
0.0
 10
-11.48396
 20
3.48583
 30
0.0
 10
-11.48749
 20
3.48583
 30
0.0
 10
-11.48749
 20
3.48583
 30
0.0
 10
-11.48749
 20
3.48583
 30
0.0
 10
-11.49102
 20
3.4823
 30
0.0
 10
-11.49102
 20
3.4823
 30
0.0
 10
-11.49102
 20
3.4823
 30
0.0
 10
-11.49455
 20
3.4823
 30
0.0
 10
-11.49455
 20
3.4823
 30
0.0
 10
-11.49455
 20
3.4823
 30
0.0
 10
-11.49455
 20
3.47877
 30
0.0
 10
-11.49455
 20
3.47877
 30
0.0
 10
-11.49455
 20
3.47877
 30
0.0
 10
-11.49807
 20
3.47877
 30
0.0
 10
-11.49807
 20
3.47877
 30
0.0
  0
SPLINE
  5
254
330
1F
100
AcDbEntity
  8
Camada 1
 62
   251
370
     9
100
AcDbSpline
210
0.0
220
0.0
230
1.0
 70
    24
 71
     3
 72
     8
 73
     4
 74
     0
 42
0.0000000001
 43
0.0000000001
 40
0.0
 40
0.0
 40
0.0
 40
0.0
 40
1.0
 40
1.0
 40
1.0
 40
1.0
 10
-7.73746
 20
0.05683
 30
0.0
 10
-7.73746
 20
0.05683
 30
0.0
 10
-7.73746
 20
3.47877
 30
0.0
 10
-7.73746
 20
3.47877
 30
0.0
  0
SPLINE
  5
255
330
1F
100
AcDbEntity
  8
Camada 1
 62
   251
370
     9
100
AcDbSpline
210
0.0
220
0.0
230
1.0
 70
    24
 71
     3
 72
     8
 73
     4
 74
     0
 42
0.0000000001
 43
0.0000000001
 40
0.0
 40
0.0
 40
0.0
 40
0.0
 40
1.0
 40
1.0
 40
1.0
 40
1.0
 10
-11.49807
 20
3.47877
 30
0.0
 10
-11.49807
 20
3.47877
 30
0.0
 10
-11.49807
 20
0.05683
 30
0.0
 10
-11.49807
 20
0.05683
 30
0.0
  0
SPLINE
  5
256
330
1F
100
AcDbEntity
  8
Camada 1
 62
   251
370
     9
100
AcDbSpline
210
0.0
220
0.0
230
1.0
 70
     8
 71
     3
 72
    29
 73
    25
 74
     0
 42
0.0000000001
 43
0.0000000001
 40
0.0
 40
0.0
 40
0.0
 40
0.0
 40
0.125
 40
0.125
 40
0.125
 40
0.25
 40
0.25
 40
0.25
 40
0.375
 40
0.375
 40
0.375
 40
0.5
 40
0.5
 40
0.5
 40
0.625
 40
0.625
 40
0.625
 40
0.75
 40
0.75
 40
0.75
 40
0.875
 40
0.875
 40
0.875
 40
1.0
 40
1.0
 40
1.0
 40
1.0
 10
-7.76216
 20
3.51052
 30
0.0
 10
-7.76216
 20
3.51052
 30
0.0
 10
-7.7551
 20
3.51052
 30
0.0
 10
-7.7551
 20
3.51052
 30
0.0
 10
-7.7551
 20
3.51052
 30
0.0
 10
-7.75157
 20
3.50699
 30
0.0
 10
-7.75157
 20
3.50699
 30
0.0
 10
-7.75157
 20
3.50699
 30
0.0
 10
-7.74452
 20
3.50699
 30
0.0
 10
-7.74452
 20
3.50699
 30
0.0
 10
-7.74452
 20
3.50699
 30
0.0
 10
-7.74099
 20
3.50347
 30
0.0
 10
-7.74099
 20
3.50347
 30
0.0
 10
-7.74099
 20
3.50347
 30
0.0
 10
-7.73746
 20
3.49994
 30
0.0
 10
-7.73746
 20
3.49994
 30
0.0
 10
-7.73746
 20
3.49994
 30
0.0
 10
-7.73394
 20
3.49994
 30
0.0
 10
-7.73394
 20
3.49994
 30
0.0
 10
-7.73394
 20
3.49994
 30
0.0
 10
-7.73394
 20
3.49641
 30
0.0
 10
-7.73394
 20
3.49641
 30
0.0
 10
-7.73394
 20
3.49641
 30
0.0
 10
-7.73394
 20
3.49288
 30
0.0
 10
-7.73394
 20
3.49288
 30
0.0
  0
SPLINE
  5
257
330
1F
100
AcDbEntity
  8
Camada 1
 62
   251
370
     9
100
AcDbSpline
210
0.0
220
0.0
230
1.0
 70
    24
 71
     3
 72
     8
 73
     4
 74
     0
 42
0.0000000001
 43
0.0000000001
 40
0.0
 40
0.0
 40
0.0
 40
0.0
 40
1.0
 40
1.0
 40
1.0
 40
1.0
 10
-7.73394
 20
3.49288
 30
0.0
 10
-7.73394
 20
3.49288
 30
0.0
 10
-7.73746
 20
3.47877
 30
0.0
 10
-7.73746
 20
3.47877
 30
0.0
  0
SPLINE
  5
258
330
1F
100
AcDbEntity
  8
Camada 1
 62
   251
370
     9
100
AcDbSpline
210
0.0
220
0.0
230
1.0
 70
    24
 71
     3
 72
     8
 73
     4
 74
     0
 42
0.0000000001
 43
0.0000000001
 40
0.0
 40
0.0
 40
0.0
 40
0.0
 40
1.0
 40
1.0
 40
1.0
 40
1.0
 10
-7.73746
 20
0.05683
 30
0.0
 10
-7.73746
 20
0.05683
 30
0.0
 10
-7.73394
 20
0.04272
 30
0.0
 10
-7.73394
 20
0.04272
 30
0.0
  0
SPLINE
  5
259
330
1F
100
AcDbEntity
  8
Camada 1
 62
   251
370
     9
100
AcDbSpline
210
0.0
220
0.0
230
1.0
 70
     8
 71
     3
 72
    29
 73
    25
 74
     0
 42
0.0000000001
 43
0.0000000001
 40
0.0
 40
0.0
 40
0.0
 40
0.0
 40
0.125
 40
0.125
 40
0.125
 40
0.25
 40
0.25
 40
0.25
 40
0.375
 40
0.375
 40
0.375
 40
0.5
 40
0.5
 40
0.5
 40
0.625
 40
0.625
 40
0.625
 40
0.75
 40
0.75
 40
0.75
 40
0.875
 40
0.875
 40
0.875
 40
1.0
 40
1.0
 40
1.0
 40
1.0
 10
-7.76216
 20
0.02508
 30
0.0
 10
-7.76216
 20
0.02508
 30
0.0
 10
-7.7551
 20
0.02508
 30
0.0
 10
-7.7551
 20
0.02508
 30
0.0
 10
-7.7551
 20
0.02508
 30
0.0
 10
-7.75157
 20
0.02508
 30
0.0
 10
-7.75157
 20
0.02508
 30
0.0
 10
-7.75157
 20
0.02508
 30
0.0
 10
-7.74452
 20
0.0286
 30
0.0
 10
-7.74452
 20
0.0286
 30
0.0
 10
-7.74452
 20
0.0286
 30
0.0
 10
-7.74099
 20
0.0286
 30
0.0
 10
-7.74099
 20
0.0286
 30
0.0
 10
-7.74099
 20
0.0286
 30
0.0
 10
-7.73746
 20
0.03213
 30
0.0
 10
-7.73746
 20
0.03213
 30
0.0
 10
-7.73746
 20
0.03213
 30
0.0
 10
-7.73394
 20
0.03566
 30
0.0
 10
-7.73394
 20
0.03566
 30
0.0
 10
-7.73394
 20
0.03566
 30
0.0
 10
-7.73394
 20
0.03919
 30
0.0
 10
-7.73394
 20
0.03919
 30
0.0
 10
-7.73394
 20
0.03919
 30
0.0
 10
-7.73394
 20
0.04272
 30
0.0
 10
-7.73394
 20
0.04272
 30
0.0
  0
SPLINE
  5
25A
330
1F
100
AcDbEntity
  8
Camada 1
 62
   251
370
     9
100
AcDbSpline
210
0.0
220
0.0
230
1.0
 70
     8
 71
     3
 72
    29
 73
    25
 74
     0
 42
0.0000000001
 43
0.0000000001
 40
0.0
 40
0.0
 40
0.0
 40
0.0
 40
0.125
 40
0.125
 40
0.125
 40
0.25
 40
0.25
 40
0.25
 40
0.375
 40
0.375
 40
0.375
 40
0.5
 40
0.5
 40
0.5
 40
0.625
 40
0.625
 40
0.625
 40
0.75
 40
0.75
 40
0.75
 40
0.875
 40
0.875
 40
0.875
 40
1.0
 40
1.0
 40
1.0
 40
1.0
 10
-11.47338
 20
0.02508
 30
0.0
 10
-11.47338
 20
0.02508
 30
0.0
 10
-11.48043
 20
0.02508
 30
0.0
 10
-11.48043
 20
0.02508
 30
0.0
 10
-11.48043
 20
0.02508
 30
0.0
 10
-11.48396
 20
0.02508
 30
0.0
 10
-11.48396
 20
0.02508
 30
0.0
 10
-11.48396
 20
0.02508
 30
0.0
 10
-11.49102
 20
0.0286
 30
0.0
 10
-11.49102
 20
0.0286
 30
0.0
 10
-11.49102
 20
0.0286
 30
0.0
 10
-11.49455
 20
0.0286
 30
0.0
 10
-11.49455
 20
0.0286
 30
0.0
 10
-11.49455
 20
0.0286
 30
0.0
 10
-11.49807
 20
0.03213
 30
0.0
 10
-11.49807
 20
0.03213
 30
0.0
 10
-11.49807
 20
0.03213
 30
0.0
 10
-11.5016
 20
0.03566
 30
0.0
 10
-11.5016
 20
0.03566
 30
0.0
 10
-11.5016
 20
0.03566
 30
0.0
 10
-11.5016
 20
0.03919
 30
0.0
 10
-11.5016
 20
0.03919
 30
0.0
 10
-11.5016
 20
0.03919
 30
0.0
 10
-11.5016
 20
0.04272
 30
0.0
 10
-11.5016
 20
0.04272
 30
0.0
  0
SPLINE
  5
25B
330
1F
100
AcDbEntity
  8
Camada 1
 62
   251
370
     9
100
AcDbSpline
210
0.0
220
0.0
230
1.0
 70
    24
 71
     3
 72
     8
 73
     4
 74
     0
 42
0.0000000001
 43
0.0000000001
 40
0.0
 40
0.0
 40
0.0
 40
0.0
 40
1.0
 40
1.0
 40
1.0
 40
1.0
 10
-11.5016
 20
0.04272
 30
0.0
 10
-11.5016
 20
0.04272
 30
0.0
 10
-11.49807
 20
0.05683
 30
0.0
 10
-11.49807
 20
0.05683
 30
0.0
  0
SPLINE
  5
25C
330
1F
100
AcDbEntity
  8
Camada 1
 62
   251
370
     9
100
AcDbSpline
210
0.0
220
0.0
230
1.0
 70
    24
 71
     3
 72
     8
 73
     4
 74
     0
 42
0.0000000001
 43
0.0000000001
 40
0.0
 40
0.0
 40
0.0
 40
0.0
 40
1.0
 40
1.0
 40
1.0
 40
1.0
 10
-11.49807
 20
3.47877
 30
0.0
 10
-11.49807
 20
3.47877
 30
0.0
 10
-11.5016
 20
3.49288
 30
0.0
 10
-11.5016
 20
3.49288
 30
0.0
  0
SPLINE
  5
25D
330
1F
100
AcDbEntity
  8
Camada 1
 62
   251
370
     9
100
AcDbSpline
210
0.0
220
0.0
230
1.0
 70
     8
 71
     3
 72
    29
 73
    25
 74
     0
 42
0.0000000001
 43
0.0000000001
 40
0.0
 40
0.0
 40
0.0
 40
0.0
 40
0.125
 40
0.125
 40
0.125
 40
0.25
 40
0.25
 40
0.25
 40
0.375
 40
0.375
 40
0.375
 40
0.5
 40
0.5
 40
0.5
 40
0.625
 40
0.625
 40
0.625
 40
0.75
 40
0.75
 40
0.75
 40
0.875
 40
0.875
 40
0.875
 40
1.0
 40
1.0
 40
1.0
 40
1.0
 10
-11.47338
 20
3.51052
 30
0.0
 10
-11.47338
 20
3.51052
 30
0.0
 10
-11.48043
 20
3.51052
 30
0.0
 10
-11.48043
 20
3.51052
 30
0.0
 10
-11.48043
 20
3.51052
 30
0.0
 10
-11.48396
 20
3.50699
 30
0.0
 10
-11.48396
 20
3.50699
 30
0.0
 10
-11.48396
 20
3.50699
 30
0.0
 10
-11.49102
 20
3.50699
 30
0.0
 10
-11.49102
 20
3.50699
 30
0.0
 10
-11.49102
 20
3.50699
 30
0.0
 10
-11.49455
 20
3.50347
 30
0.0
 10
-11.49455
 20
3.50347
 30
0.0
 10
-11.49455
 20
3.50347
 30
0.0
 10
-11.49807
 20
3.49994
 30
0.0
 10
-11.49807
 20
3.49994
 30
0.0
 10
-11.49807
 20
3.49994
 30
0.0
 10
-11.5016
 20
3.49994
 30
0.0
 10
-11.5016
 20
3.49994
 30
0.0
 10
-11.5016
 20
3.49994
 30
0.0
 10
-11.5016
 20
3.49641
 30
0.0
 10
-11.5016
 20
3.49641
 30
0.0
 10
-11.5016
 20
3.49641
 30
0.0
 10
-11.5016
 20
3.49288
 30
0.0
 10
-11.5016
 20
3.49288
 30
0.0
  0
SPLINE
  5
25F
330
1F
100
AcDbEntity
  8
Camada 1
 62
   251
370
     9
100
AcDbSpline
210
0.0
220
0.0
230
1.0
 70
     8
 71
     3
 72
    29
 73
    25
 74
     0
 42
0.0000000001
 43
0.0000000001
 40
0.0
 40
0.0
 40
0.0
 40
0.0
 40
0.125
 40
0.125
 40
0.125
 40
0.25
 40
0.25
 40
0.25
 40
0.375
 40
0.375
 40
0.375
 40
0.5
 40
0.5
 40
0.5
 40
0.625
 40
0.625
 40
0.625
 40
0.75
 40
0.75
 40
0.75
 40
0.875
 40
0.875
 40
0.875
 40
1.0
 40
1.0
 40
1.0
 40
1.0
 10
-7.76216
 20
3.51052
 30
0.0
 10
-7.76216
 20
3.51052
 30
0.0
 10
-7.7551
 20
3.51052
 30
0.0
 10
-7.7551
 20
3.51052
 30
0.0
 10
-7.7551
 20
3.51052
 30
0.0
 10
-7.75157
 20
3.51052
 30
0.0
 10
-7.75157
 20
3.51052
 30
0.0
 10
-7.75157
 20
3.51052
 30
0.0
 10
-7.74452
 20
3.50699
 30
0.0
 10
-7.74452
 20
3.50699
 30
0.0
 10
-7.74452
 20
3.50699
 30
0.0
 10
-7.74099
 20
3.50699
 30
0.0
 10
-7.74099
 20
3.50699
 30
0.0
 10
-7.74099
 20
3.50699
 30
0.0
 10
-7.73746
 20
3.50347
 30
0.0
 10
-7.73746
 20
3.50347
 30
0.0
 10
-7.73746
 20
3.50347
 30
0.0
 10
-7.73394
 20
3.49994
 30
0.0
 10
-7.73394
 20
3.49994
 30
0.0
 10
-7.73394
 20
3.49994
 30
0.0
 10
-7.73394
 20
3.49641
 30
0.0
 10
-7.73394
 20
3.49641
 30
0.0
 10
-7.73394
 20
3.49641
 30
0.0
 10
-7.73394
 20
3.49288
 30
0.0
 10
-7.73394
 20
3.49288
 30
0.0
  0
SPLINE
  5
261
330
1F
100
AcDbEntity
  8
Camada 1
 62
   251
370
     9
100
AcDbSpline
210
0.0
220
0.0
230
1.0
 70
     8
 71
     3
 72
    29
 73
    25
 74
     0
 42
0.0000000001
 43
0.0000000001
 40
0.0
 40
0.0
 40
0.0
 40
0.0
 40
0.125
 40
0.125
 40
0.125
 40
0.25
 40
0.25
 40
0.25
 40
0.375
 40
0.375
 40
0.375
 40
0.5
 40
0.5
 40
0.5
 40
0.625
 40
0.625
 40
0.625
 40
0.75
 40
0.75
 40
0.75
 40
0.875
 40
0.875
 40
0.875
 40
1.0
 40
1.0
 40
1.0
 40
1.0
 10
-7.76216
 20
0.02508
 30
0.0
 10
-7.76216
 20
0.02508
 30
0.0
 10
-7.7551
 20
0.02508
 30
0.0
 10
-7.7551
 20
0.02508
 30
0.0
 10
-7.7551
 20
0.02508
 30
0.0
 10
-7.75157
 20
0.02508
 30
0.0
 10
-7.75157
 20
0.02508
 30
0.0
 10
-7.75157
 20
0.02508
 30
0.0
 10
-7.74452
 20
0.02508
 30
0.0
 10
-7.74452
 20
0.02508
 30
0.0
 10
-7.74452
 20
0.02508
 30
0.0
 10
-7.74099
 20
0.0286
 30
0.0
 10
-7.74099
 20
0.0286
 30
0.0
 10
-7.74099
 20
0.0286
 30
0.0
 10
-7.73746
 20
0.03213
 30
0.0
 10
-7.73746
 20
0.03213
 30
0.0
 10
-7.73746
 20
0.03213
 30
0.0
 10
-7.73394
 20
0.03566
 30
0.0
 10
-7.73394
 20
0.03566
 30
0.0
 10
-7.73394
 20
0.03566
 30
0.0
 10
-7.73394
 20
0.03919
 30
0.0
 10
-7.73394
 20
0.03919
 30
0.0
 10
-7.73394
 20
0.03919
 30
0.0
 10
-7.73394
 20
0.04272
 30
0.0
 10
-7.73394
 20
0.04272
 30
0.0
  0
SPLINE
  5
263
330
1F
100
AcDbEntity
  8
Camada 1
 62
   251
370
     9
100
AcDbSpline
210
0.0
220
0.0
230
1.0
 70
     8
 71
     3
 72
    29
 73
    25
 74
     0
 42
0.0000000001
 43
0.0000000001
 40
0.0
 40
0.0
 40
0.0
 40
0.0
 40
0.125
 40
0.125
 40
0.125
 40
0.25
 40
0.25
 40
0.25
 40
0.375
 40
0.375
 40
0.375
 40
0.5
 40
0.5
 40
0.5
 40
0.625
 40
0.625
 40
0.625
 40
0.75
 40
0.75
 40
0.75
 40
0.875
 40
0.875
 40
0.875
 40
1.0
 40
1.0
 40
1.0
 40
1.0
 10
-11.47338
 20
3.51052
 30
0.0
 10
-11.47338
 20
3.51052
 30
0.0
 10
-11.48043
 20
3.51052
 30
0.0
 10
-11.48043
 20
3.51052
 30
0.0
 10
-11.48043
 20
3.51052
 30
0.0
 10
-11.48396
 20
3.51052
 30
0.0
 10
-11.48396
 20
3.51052
 30
0.0
 10
-11.48396
 20
3.51052
 30
0.0
 10
-11.49102
 20
3.50699
 30
0.0
 10
-11.49102
 20
3.50699
 30
0.0
 10
-11.49102
 20
3.50699
 30
0.0
 10
-11.49455
 20
3.50699
 30
0.0
 10
-11.49455
 20
3.50699
 30
0.0
 10
-11.49455
 20
3.50699
 30
0.0
 10
-11.49807
 20
3.50347
 30
0.0
 10
-11.49807
 20
3.50347
 30
0.0
 10
-11.49807
 20
3.50347
 30
0.0
 10
-11.5016
 20
3.49994
 30
0.0
 10
-11.5016
 20
3.49994
 30
0.0
 10
-11.5016
 20
3.49994
 30
0.0
 10
-11.5016
 20
3.49641
 30
0.0
 10
-11.5016
 20
3.49641
 30
0.0
 10
-11.5016
 20
3.49641
 30
0.0
 10
-11.5016
 20
3.49288
 30
0.0
 10
-11.5016
 20
3.49288
 30
0.0
  0
SPLINE
  5
265
330
1F
100
AcDbEntity
  8
Camada 1
 62
   251
370
     9
100
AcDbSpline
210
0.0
220
0.0
230
1.0
 70
     8
 71
     3
 72
    29
 73
    25
 74
     0
 42
0.0000000001
 43
0.0000000001
 40
0.0
 40
0.0
 40
0.0
 40
0.0
 40
0.125
 40
0.125
 40
0.125
 40
0.25
 40
0.25
 40
0.25
 40
0.375
 40
0.375
 40
0.375
 40
0.5
 40
0.5
 40
0.5
 40
0.625
 40
0.625
 40
0.625
 40
0.75
 40
0.75
 40
0.75
 40
0.875
 40
0.875
 40
0.875
 40
1.0
 40
1.0
 40
1.0
 40
1.0
 10
-11.47338
 20
0.02508
 30
0.0
 10
-11.47338
 20
0.02508
 30
0.0
 10
-11.48043
 20
0.02508
 30
0.0
 10
-11.48043
 20
0.02508
 30
0.0
 10
-11.48043
 20
0.02508
 30
0.0
 10
-11.48396
 20
0.02508
 30
0.0
 10
-11.48396
 20
0.02508
 30
0.0
 10
-11.48396
 20
0.02508
 30
0.0
 10
-11.49102
 20
0.02508
 30
0.0
 10
-11.49102
 20
0.02508
 30
0.0
 10
-11.49102
 20
0.02508
 30
0.0
 10
-11.49455
 20
0.0286
 30
0.0
 10
-11.49455
 20
0.0286
 30
0.0
 10
-11.49455
 20
0.0286
 30
0.0
 10
-11.49807
 20
0.03213
 30
0.0
 10
-11.49807
 20
0.03213
 30
0.0
 10
-11.49807
 20
0.03213
 30
0.0
 10
-11.5016
 20
0.03566
 30
0.0
 10
-11.5016
 20
0.03566
 30
0.0
 10
-11.5016
 20
0.03566
 30
0.0
 10
-11.5016
 20
0.03919
 30
0.0
 10
-11.5016
 20
0.03919
 30
0.0
 10
-11.5016
 20
0.03919
 30
0.0
 10
-11.5016
 20
0.04272
 30
0.0
 10
-11.5016
 20
0.04272
 30
0.0
  0
SPLINE
  5
266
330
1F
100
AcDbEntity
  8
Camada 1
 62
   251
370
     9
100
AcDbSpline
210
0.0
220
0.0
230
1.0
 70
     8
 71
     3
 72
    29
 73
    25
 74
     0
 42
0.0000000001
 43
0.0000000001
 40
0.0
 40
0.0
 40
0.0
 40
0.0
 40
0.125
 40
0.125
 40
0.125
 40
0.25
 40
0.25
 40
0.25
 40
0.375
 40
0.375
 40
0.375
 40
0.5
 40
0.5
 40
0.5
 40
0.625
 40
0.625
 40
0.625
 40
0.75
 40
0.75
 40
0.75
 40
0.875
 40
0.875
 40
0.875
 40
1.0
 40
1.0
 40
1.0
 40
1.0
 10
-7.76216
 20
3.5211
 30
0.0
 10
-7.76216
 20
3.5211
 30
0.0
 10
-7.7551
 20
3.5211
 30
0.0
 10
-7.7551
 20
3.5211
 30
0.0
 10
-7.7551
 20
3.5211
 30
0.0
 10
-7.75157
 20
3.5211
 30
0.0
 10
-7.75157
 20
3.5211
 30
0.0
 10
-7.75157
 20
3.5211
 30
0.0
 10
-7.74452
 20
3.51758
 30
0.0
 10
-7.74452
 20
3.51758
 30
0.0
 10
-7.74452
 20
3.51758
 30
0.0
 10
-7.74099
 20
3.51405
 30
0.0
 10
-7.74099
 20
3.51405
 30
0.0
 10
-7.74099
 20
3.51405
 30
0.0
 10
-7.73746
 20
3.51052
 30
0.0
 10
-7.73746
 20
3.51052
 30
0.0
 10
-7.73746
 20
3.51052
 30
0.0
 10
-7.73394
 20
3.50347
 30
0.0
 10
-7.73394
 20
3.50347
 30
0.0
 10
-7.73394
 20
3.50347
 30
0.0
 10
-7.73394
 20
3.49994
 30
0.0
 10
-7.73394
 20
3.49994
 30
0.0
 10
-7.73394
 20
3.49994
 30
0.0
 10
-7.73394
 20
3.49288
 30
0.0
 10
-7.73394
 20
3.49288
 30
0.0
  0
SPLINE
  5
267
330
1F
100
AcDbEntity
  8
Camada 1
 62
   251
370
     9
100
AcDbSpline
210
0.0
220
0.0
230
1.0
 70
    24
 71
     3
 72
    14
 73
    10
 74
     0
 42
0.0000000001
 43
0.0000000001
 40
0.0
 40
0.0
 40
0.0
 40
0.0
 40
0.3333333333333333
 40
0.3333333333333333
 40
0.3333333333333333
 40
0.6666666666666666
 40
0.6666666666666666
 40
0.6666666666666666
 40
1.0
 40
1.0
 40
1.0
 40
1.0
 10
-7.76216
 20
3.51052
 30
0.0
 10
-7.76216
 20
3.51052
 30
0.0
 10
-7.76216
 20
3.51405
 30
0.0
 10
-7.76216
 20
3.51405
 30
0.0
 10
-7.76216
 20
3.51405
 30
0.0
 10
-7.76216
 20
3.51758
 30
0.0
 10
-7.76216
 20
3.51758
 30
0.0
 10
-7.76216
 20
3.51758
 30
0.0
 10
-7.76216
 20
3.5211
 30
0.0
 10
-7.76216
 20
3.5211
 30
0.0
  0
SPLINE
  5
268
330
1F
100
AcDbEntity
  8
Camada 1
 62
   251
370
     9
100
AcDbSpline
210
0.0
220
0.0
230
1.0
 70
     8
 71
     3
 72
    29
 73
    25
 74
     0
 42
0.0000000001
 43
0.0000000001
 40
0.0
 40
0.0
 40
0.0
 40
0.0
 40
0.125
 40
0.125
 40
0.125
 40
0.25
 40
0.25
 40
0.25
 40
0.375
 40
0.375
 40
0.375
 40
0.5
 40
0.5
 40
0.5
 40
0.625
 40
0.625
 40
0.625
 40
0.75
 40
0.75
 40
0.75
 40
0.875
 40
0.875
 40
0.875
 40
1.0
 40
1.0
 40
1.0
 40
1.0
 10
-7.76216
 20
0.01097
 30
0.0
 10
-7.76216
 20
0.01097
 30
0.0
 10
-7.7551
 20
0.01097
 30
0.0
 10
-7.7551
 20
0.01097
 30
0.0
 10
-7.7551
 20
0.01097
 30
0.0
 10
-7.75157
 20
0.01449
 30
0.0
 10
-7.75157
 20
0.01449
 30
0.0
 10
-7.75157
 20
0.01449
 30
0.0
 10
-7.74452
 20
0.01802
 30
0.0
 10
-7.74452
 20
0.01802
 30
0.0
 10
-7.74452
 20
0.01802
 30
0.0
 10
-7.74099
 20
0.02155
 30
0.0
 10
-7.74099
 20
0.02155
 30
0.0
 10
-7.74099
 20
0.02155
 30
0.0
 10
-7.73746
 20
0.02508
 30
0.0
 10
-7.73746
 20
0.02508
 30
0.0
 10
-7.73746
 20
0.02508
 30
0.0
 10
-7.73394
 20
0.0286
 30
0.0
 10
-7.73394
 20
0.0286
 30
0.0
 10
-7.73394
 20
0.0286
 30
0.0
 10
-7.73394
 20
0.03566
 30
0.0
 10
-7.73394
 20
0.03566
 30
0.0
 10
-7.73394
 20
0.03566
 30
0.0
 10
-7.73394
 20
0.04272
 30
0.0
 10
-7.73394
 20
0.04272
 30
0.0
  0
SPLINE
  5
269
330
1F
100
AcDbEntity
  8
Camada 1
 62
   251
370
     9
100
AcDbSpline
210
0.0
220
0.0
230
1.0
 70
    24
 71
     3
 72
    20
 73
    16
 74
     0
 42
0.0000000001
 43
0.0000000001
 40
0.0
 40
0.0
 40
0.0
 40
0.0
 40
0.2
 40
0.2
 40
0.2
 40
0.4
 40
0.4
 40
0.4
 40
0.6000000000000001
 40
0.6000000000000001
 40
0.6000000000000001
 40
0.8
 40
0.8
 40
0.8
 40
1.0
 40
1.0
 40
1.0
 40
1.0
 10
-7.76216
 20
0.01097
 30
0.0
 10
-7.76216
 20
0.01097
 30
0.0
 10
-7.76216
 20
0.01097
 30
0.0
 10
-7.76216
 20
0.01097
 30
0.0
 10
-7.76216
 20
0.01097
 30
0.0
 10
-7.76216
 20
0.01449
 30
0.0
 10
-7.76216
 20
0.01449
 30
0.0
 10
-7.76216
 20
0.01449
 30
0.0
 10
-7.76216
 20
0.01802
 30
0.0
 10
-7.76216
 20
0.01802
 30
0.0
 10
-7.76216
 20
0.01802
 30
0.0
 10
-7.76216
 20
0.02155
 30
0.0
 10
-7.76216
 20
0.02155
 30
0.0
 10
-7.76216
 20
0.02155
 30
0.0
 10
-7.76216
 20
0.02508
 30
0.0
 10
-7.76216
 20
0.02508
 30
0.0
  0
SPLINE
  5
26A
330
1F
100
AcDbEntity
  8
Camada 1
 62
   251
370
     9
100
AcDbSpline
210
0.0
220
0.0
230
1.0
 70
     8
 71
     3
 72
    29
 73
    25
 74
     0
 42
0.0000000001
 43
0.0000000001
 40
0.0
 40
0.0
 40
0.0
 40
0.0
 40
0.125
 40
0.125
 40
0.125
 40
0.25
 40
0.25
 40
0.25
 40
0.375
 40
0.375
 40
0.375
 40
0.5
 40
0.5
 40
0.5
 40
0.625
 40
0.625
 40
0.625
 40
0.75
 40
0.75
 40
0.75
 40
0.875
 40
0.875
 40
0.875
 40
1.0
 40
1.0
 40
1.0
 40
1.0
 10
-11.47338
 20
0.01097
 30
0.0
 10
-11.47338
 20
0.01097
 30
0.0
 10
-11.48043
 20
0.01097
 30
0.0
 10
-11.48043
 20
0.01097
 30
0.0
 10
-11.48043
 20
0.01097
 30
0.0
 10
-11.48396
 20
0.01449
 30
0.0
 10
-11.48396
 20
0.01449
 30
0.0
 10
-11.48396
 20
0.01449
 30
0.0
 10
-11.49102
 20
0.01802
 30
0.0
 10
-11.49102
 20
0.01802
 30
0.0
 10
-11.49102
 20
0.01802
 30
0.0
 10
-11.49455
 20
0.02155
 30
0.0
 10
-11.49455
 20
0.02155
 30
0.0
 10
-11.49455
 20
0.02155
 30
0.0
 10
-11.49807
 20
0.02508
 30
0.0
 10
-11.49807
 20
0.02508
 30
0.0
 10
-11.49807
 20
0.02508
 30
0.0
 10
-11.5016
 20
0.0286
 30
0.0
 10
-11.5016
 20
0.0286
 30
0.0
 10
-11.5016
 20
0.0286
 30
0.0
 10
-11.5016
 20
0.03566
 30
0.0
 10
-11.5016
 20
0.03566
 30
0.0
 10
-11.5016
 20
0.03566
 30
0.0
 10
-11.5016
 20
0.04272
 30
0.0
 10
-11.5016
 20
0.04272
 30
0.0
  0
SPLINE
  5
26B
330
1F
100
AcDbEntity
  8
Camada 1
 62
   251
370
     9
100
AcDbSpline
210
0.0
220
0.0
230
1.0
 70
    24
 71
     3
 72
    17
 73
    13
 74
     0
 42
0.0000000001
 43
0.0000000001
 40
0.0
 40
0.0
 40
0.0
 40
0.0
 40
0.25
 40
0.25
 40
0.25
 40
0.5
 40
0.5
 40
0.5
 40
0.75
 40
0.75
 40
0.75
 40
1.0
 40
1.0
 40
1.0
 40
1.0
 10
-11.47338
 20
0.02508
 30
0.0
 10
-11.47338
 20
0.02508
 30
0.0
 10
-11.47338
 20
0.02155
 30
0.0
 10
-11.47338
 20
0.02155
 30
0.0
 10
-11.47338
 20
0.02155
 30
0.0
 10
-11.47338
 20
0.01802
 30
0.0
 10
-11.47338
 20
0.01802
 30
0.0
 10
-11.47338
 20
0.01802
 30
0.0
 10
-11.47338
 20
0.01449
 30
0.0
 10
-11.47338
 20
0.01449
 30
0.0
 10
-11.47338
 20
0.01449
 30
0.0
 10
-11.47338
 20
0.01097
 30
0.0
 10
-11.47338
 20
0.01097
 30
0.0
  0
SPLINE
  5
26C
330
1F
100
AcDbEntity
  8
Camada 1
 62
   251
370
     9
100
AcDbSpline
210
0.0
220
0.0
230
1.0
 70
     8
 71
     3
 72
    29
 73
    25
 74
     0
 42
0.0000000001
 43
0.0000000001
 40
0.0
 40
0.0
 40
0.0
 40
0.0
 40
0.125
 40
0.125
 40
0.125
 40
0.25
 40
0.25
 40
0.25
 40
0.375
 40
0.375
 40
0.375
 40
0.5
 40
0.5
 40
0.5
 40
0.625
 40
0.625
 40
0.625
 40
0.75
 40
0.75
 40
0.75
 40
0.875
 40
0.875
 40
0.875
 40
1.0
 40
1.0
 40
1.0
 40
1.0
 10
-11.47338
 20
3.5211
 30
0.0
 10
-11.47338
 20
3.5211
 30
0.0
 10
-11.48043
 20
3.5211
 30
0.0
 10
-11.48043
 20
3.5211
 30
0.0
 10
-11.48043
 20
3.5211
 30
0.0
 10
-11.48396
 20
3.5211
 30
0.0
 10
-11.48396
 20
3.5211
 30
0.0
 10
-11.48396
 20
3.5211
 30
0.0
 10
-11.49102
 20
3.51758
 30
0.0
 10
-11.49102
 20
3.51758
 30
0.0
 10
-11.49102
 20
3.51758
 30
0.0
 10
-11.49455
 20
3.51405
 30
0.0
 10
-11.49455
 20
3.51405
 30
0.0
 10
-11.49455
 20
3.51405
 30
0.0
 10
-11.49807
 20
3.51052
 30
0.0
 10
-11.49807
 20
3.51052
 30
0.0
 10
-11.49807
 20
3.51052
 30
0.0
 10
-11.5016
 20
3.50347
 30
0.0
 10
-11.5016
 20
3.50347
 30
0.0
 10
-11.5016
 20
3.50347
 30
0.0
 10
-11.5016
 20
3.49994
 30
0.0
 10
-11.5016
 20
3.49994
 30
0.0
 10
-11.5016
 20
3.49994
 30
0.0
 10
-11.5016
 20
3.49288
 30
0.0
 10
-11.5016
 20
3.49288
 30
0.0
  0
SPLINE
  5
26D
330
1F
100
AcDbEntity
  8
Camada 1
 62
   251
370
     9
100
AcDbSpline
210
0.0
220
0.0
230
1.0
 70
    24
 71
     3
 72
    17
 73
    13
 74
     0
 42
0.0000000001
 43
0.0000000001
 40
0.0
 40
0.0
 40
0.0
 40
0.0
 40
0.25
 40
0.25
 40
0.25
 40
0.5
 40
0.5
 40
0.5
 40
0.75
 40
0.75
 40
0.75
 40
1.0
 40
1.0
 40
1.0
 40
1.0
 10
-11.47338
 20
3.5211
 30
0.0
 10
-11.47338
 20
3.5211
 30
0.0
 10
-11.47338
 20
3.5211
 30
0.0
 10
-11.47338
 20
3.5211
 30
0.0
 10
-11.47338
 20
3.5211
 30
0.0
 10
-11.47338
 20
3.51758
 30
0.0
 10
-11.47338
 20
3.51758
 30
0.0
 10
-11.47338
 20
3.51758
 30
0.0
 10
-11.47338
 20
3.51405
 30
0.0
 10
-11.47338
 20
3.51405
 30
0.0
 10
-11.47338
 20
3.51405
 30
0.0
 10
-11.47338
 20
3.51052
 30
0.0
 10
-11.47338
 20
3.51052
 30
0.0
  0
SPLINE
  5
26E
330
1F
100
AcDbEntity
  8
Camada 1
 62
   251
370
     9
100
AcDbSpline
210
0.0
220
0.0
230
1.0
 70
    24
 71
     3
 72
     8
 73
     4
 74
     0
 42
0.0000000001
 43
0.0000000001
 40
0.0
 40
0.0
 40
0.0
 40
0.0
 40
1.0
 40
1.0
 40
1.0
 40
1.0
 10
-11.47338
 20
3.5211
 30
0.0
 10
-11.47338
 20
3.5211
 30
0.0
 10
-7.76216
 20
3.5211
 30
0.0
 10
-7.76216
 20
3.5211
 30
0.0
  0
SPLINE
  5
26F
330
1F
100
AcDbEntity
  8
Camada 1
 62
   251
370
     9
100
AcDbSpline
210
0.0
220
0.0
230
1.0
 70
    24
 71
     3
 72
     8
 73
     4
 74
     0
 42
0.0000000001
 43
0.0000000001
 40
0.0
 40
0.0
 40
0.0
 40
0.0
 40
1.0
 40
1.0
 40
1.0
 40
1.0
 10
-7.76216
 20
0.01097
 30
0.0
 10
-7.76216
 20
0.01097
 30
0.0
 10
-11.47338
 20
0.01097
 30
0.0
 10
-11.47338
 20
0.01097
 30
0.0
  0
SPLINE
  5
270
330
1F
100
AcDbEntity
  8
Camada 1
 62
   251
370
     9
100
AcDbSpline
210
0.0
220
0.0
230
1.0
 70
    24
 71
     3
 72
     8
 73
     4
 74
     0
 42
0.0000000001
 43
0.0000000001
 40
0.0
 40
0.0
 40
0.0
 40
0.0
 40
1.0
 40
1.0
 40
1.0
 40
1.0
 10
-7.73394
 20
3.49288
 30
0.0
 10
-7.73394
 20
3.49288
 30
0.0
 10
-7.73394
 20
0.04272
 30
0.0
 10
-7.73394
 20
0.04272
 30
0.0
  0
SPLINE
  5
271
330
1F
100
AcDbEntity
  8
Camada 1
 62
   251
370
     9
100
AcDbSpline
210
0.0
220
0.0
230
1.0
 70
    24
 71
     3
 72
     8
 73
     4
 74
     0
 42
0.0000000001
 43
0.0000000001
 40
0.0
 40
0.0
 40
0.0
 40
0.0
 40
1.0
 40
1.0
 40
1.0
 40
1.0
 10
-11.5016
 20
0.04272
 30
0.0
 10
-11.5016
 20
0.04272
 30
0.0
 10
-11.5016
 20
3.49288
 30
0.0
 10
-11.5016
 20
3.49288
 30
0.0
  0
SPLINE
  5
272
330
1F
100
AcDbEntity
  8
Camada 1
 62
   251
370
     9
100
AcDbSpline
210
0.0
220
0.0
230
1.0
 70
    24
 71
     3
 72
     8
 73
     4
 74
     0
 42
0.0000000001
 43
0.0000000001
 40
0.0
 40
0.0
 40
0.0
 40
0.0
 40
1.0
 40
1.0
 40
1.0
 40
1.0
 10
-7.73041
 20
3.49288
 30
0.0
 10
-7.73041
 20
3.49288
 30
0.0
 10
-7.73394
 20
3.49288
 30
0.0
 10
-7.73394
 20
3.49288
 30
0.0
  0
SPLINE
  5
273
330
1F
100
AcDbEntity
  8
Camada 1
 62
   251
370
     9
100
AcDbSpline
210
0.0
220
0.0
230
1.0
 70
    24
 71
     3
 72
     8
 73
     4
 74
     0
 42
0.0000000001
 43
0.0000000001
 40
0.0
 40
0.0
 40
0.0
 40
0.0
 40
1.0
 40
1.0
 40
1.0
 40
1.0
 10
-7.73041
 20
0.03919
 30
0.0
 10
-7.73041
 20
0.03919
 30
0.0
 10
-7.73041
 20
3.49288
 30
0.0
 10
-7.73041
 20
3.49288
 30
0.0
  0
SPLINE
  5
274
330
1F
100
AcDbEntity
  8
Camada 1
 62
   251
370
     9
100
AcDbSpline
210
0.0
220
0.0
230
1.0
 70
    24
 71
     3
 72
     8
 73
     4
 74
     0
 42
0.0000000001
 43
0.0000000001
 40
0.0
 40
0.0
 40
0.0
 40
0.0
 40
1.0
 40
1.0
 40
1.0
 40
1.0
 10
-7.73394
 20
0.04272
 30
0.0
 10
-7.73394
 20
0.04272
 30
0.0
 10
-7.73041
 20
0.03919
 30
0.0
 10
-7.73041
 20
0.03919
 30
0.0
  0
SPLINE
  5
275
330
1F
100
AcDbEntity
  8
Camada 1
 62
   251
370
     9
100
AcDbSpline
210
0.0
220
0.0
230
1.0
 70
    24
 71
     3
 72
     8
 73
     4
 74
     0
 42
0.0000000001
 43
0.0000000001
 40
0.0
 40
0.0
 40
0.0
 40
0.0
 40
1.0
 40
1.0
 40
1.0
 40
1.0
 10
-11.5016
 20
3.49288
 30
0.0
 10
-11.5016
 20
3.49288
 30
0.0
 10
-11.50513
 20
3.49288
 30
0.0
 10
-11.50513
 20
3.49288
 30
0.0
  0
SPLINE
  5
276
330
1F
100
AcDbEntity
  8
Camada 1
 62
   251
370
     9
100
AcDbSpline
210
0.0
220
0.0
230
1.0
 70
    24
 71
     3
 72
     8
 73
     4
 74
     0
 42
0.0000000001
 43
0.0000000001
 40
0.0
 40
0.0
 40
0.0
 40
0.0
 40
1.0
 40
1.0
 40
1.0
 40
1.0
 10
-11.50513
 20
0.03919
 30
0.0
 10
-11.50513
 20
0.03919
 30
0.0
 10
-11.5016
 20
0.04272
 30
0.0
 10
-11.5016
 20
0.04272
 30
0.0
  0
SPLINE
  5
277
330
1F
100
AcDbEntity
  8
Camada 1
 62
   251
370
     9
100
AcDbSpline
210
0.0
220
0.0
230
1.0
 70
    24
 71
     3
 72
     8
 73
     4
 74
     0
 42
0.0000000001
 43
0.0000000001
 40
0.0
 40
0.0
 40
0.0
 40
0.0
 40
1.0
 40
1.0
 40
1.0
 40
1.0
 10
-11.50513
 20
3.49288
 30
0.0
 10
-11.50513
 20
3.49288
 30
0.0
 10
-11.50513
 20
0.03919
 30
0.0
 10
-11.50513
 20
0.03919
 30
0.0
  0
SPLINE
  5
278
330
1F
100
AcDbEntity
  8
Camada 1
 62
   251
370
     9
100
AcDbSpline
210
0.0
220
0.0
230
1.0
 70
    24
 71
     3
 72
     8
 73
     4
 74
     0
 42
0.0000000001
 43
0.0000000001
 40
0.0
 40
0.0
 40
0.0
 40
0.0
 40
1.0
 40
1.0
 40
1.0
 40
1.0
 10
-7.76216
 20
3.5211
 30
0.0
 10
-7.76216
 20
3.5211
 30
0.0
 10
-7.76216
 20
3.52463
 30
0.0
 10
-7.76216
 20
3.52463
 30
0.0
  0
SPLINE
  5
279
330
1F
100
AcDbEntity
  8
Camada 1
 62
   251
370
     9
100
AcDbSpline
210
0.0
220
0.0
230
1.0
 70
     8
 71
     3
 72
    29
 73
    25
 74
     0
 42
0.0000000001
 43
0.0000000001
 40
0.0
 40
0.0
 40
0.0
 40
0.0
 40
0.125
 40
0.125
 40
0.125
 40
0.25
 40
0.25
 40
0.25
 40
0.375
 40
0.375
 40
0.375
 40
0.5
 40
0.5
 40
0.5
 40
0.625
 40
0.625
 40
0.625
 40
0.75
 40
0.75
 40
0.75
 40
0.875
 40
0.875
 40
0.875
 40
1.0
 40
1.0
 40
1.0
 40
1.0
 10
-7.76216
 20
3.52463
 30
0.0
 10
-7.76216
 20
3.52463
 30
0.0
 10
-7.7551
 20
3.5211
 30
0.0
 10
-7.7551
 20
3.5211
 30
0.0
 10
-7.7551
 20
3.5211
 30
0.0
 10
-7.74805
 20
3.5211
 30
0.0
 10
-7.74805
 20
3.5211
 30
0.0
 10
-7.74805
 20
3.5211
 30
0.0
 10
-7.74452
 20
3.51758
 30
0.0
 10
-7.74452
 20
3.51758
 30
0.0
 10
-7.74452
 20
3.51758
 30
0.0
 10
-7.74099
 20
3.51405
 30
0.0
 10
-7.74099
 20
3.51405
 30
0.0
 10
-7.74099
 20
3.51405
 30
0.0
 10
-7.73746
 20
3.51052
 30
0.0
 10
-7.73746
 20
3.51052
 30
0.0
 10
-7.73746
 20
3.51052
 30
0.0
 10
-7.73394
 20
3.50347
 30
0.0
 10
-7.73394
 20
3.50347
 30
0.0
 10
-7.73394
 20
3.50347
 30
0.0
 10
-7.73041
 20
3.49994
 30
0.0
 10
-7.73041
 20
3.49994
 30
0.0
 10
-7.73041
 20
3.49994
 30
0.0
 10
-7.73041
 20
3.49288
 30
0.0
 10
-7.73041
 20
3.49288
 30
0.0
  0
SPLINE
  5
27B
330
1F
100
AcDbEntity
  8
Camada 1
 62
   251
370
     9
100
AcDbSpline
210
0.0
220
0.0
230
1.0
 70
     8
 71
     3
 72
    29
 73
    25
 74
     0
 42
0.0000000001
 43
0.0000000001
 40
0.0
 40
0.0
 40
0.0
 40
0.0
 40
0.125
 40
0.125
 40
0.125
 40
0.25
 40
0.25
 40
0.25
 40
0.375
 40
0.375
 40
0.375
 40
0.5
 40
0.5
 40
0.5
 40
0.625
 40
0.625
 40
0.625
 40
0.75
 40
0.75
 40
0.75
 40
0.875
 40
0.875
 40
0.875
 40
1.0
 40
1.0
 40
1.0
 40
1.0
 10
-7.73041
 20
0.03919
 30
0.0
 10
-7.73041
 20
0.03919
 30
0.0
 10
-7.73041
 20
0.03566
 30
0.0
 10
-7.73041
 20
0.03566
 30
0.0
 10
-7.73041
 20
0.03566
 30
0.0
 10
-7.73394
 20
0.0286
 30
0.0
 10
-7.73394
 20
0.0286
 30
0.0
 10
-7.73394
 20
0.0286
 30
0.0
 10
-7.73746
 20
0.02508
 30
0.0
 10
-7.73746
 20
0.02508
 30
0.0
 10
-7.73746
 20
0.02508
 30
0.0
 10
-7.74099
 20
0.01802
 30
0.0
 10
-7.74099
 20
0.01802
 30
0.0
 10
-7.74099
 20
0.01802
 30
0.0
 10
-7.74452
 20
0.01449
 30
0.0
 10
-7.74452
 20
0.01449
 30
0.0
 10
-7.74452
 20
0.01449
 30
0.0
 10
-7.74805
 20
0.01449
 30
0.0
 10
-7.74805
 20
0.01449
 30
0.0
 10
-7.74805
 20
0.01449
 30
0.0
 10
-7.7551
 20
0.01097
 30
0.0
 10
-7.7551
 20
0.01097
 30
0.0
 10
-7.7551
 20
0.01097
 30
0.0
 10
-7.76216
 20
0.01097
 30
0.0
 10
-7.76216
 20
0.01097
 30
0.0
  0
SPLINE
  5
27C
330
1F
100
AcDbEntity
  8
Camada 1
 62
   251
370
     9
100
AcDbSpline
210
0.0
220
0.0
230
1.0
 70
    24
 71
     3
 72
     8
 73
     4
 74
     0
 42
0.0000000001
 43
0.0000000001
 40
0.0
 40
0.0
 40
0.0
 40
0.0
 40
1.0
 40
1.0
 40
1.0
 40
1.0
 10
-11.47338
 20
3.52463
 30
0.0
 10
-11.47338
 20
3.52463
 30
0.0
 10
-11.47338
 20
3.5211
 30
0.0
 10
-11.47338
 20
3.5211
 30
0.0
  0
SPLINE
  5
27D
330
1F
100
AcDbEntity
  8
Camada 1
 62
   251
370
     9
100
AcDbSpline
210
0.0
220
0.0
230
1.0
 70
     8
 71
     3
 72
    29
 73
    25
 74
     0
 42
0.0000000001
 43
0.0000000001
 40
0.0
 40
0.0
 40
0.0
 40
0.0
 40
0.125
 40
0.125
 40
0.125
 40
0.25
 40
0.25
 40
0.25
 40
0.375
 40
0.375
 40
0.375
 40
0.5
 40
0.5
 40
0.5
 40
0.625
 40
0.625
 40
0.625
 40
0.75
 40
0.75
 40
0.75
 40
0.875
 40
0.875
 40
0.875
 40
1.0
 40
1.0
 40
1.0
 40
1.0
 10
-11.50513
 20
3.49288
 30
0.0
 10
-11.50513
 20
3.49288
 30
0.0
 10
-11.5016
 20
3.49994
 30
0.0
 10
-11.5016
 20
3.49994
 30
0.0
 10
-11.5016
 20
3.49994
 30
0.0
 10
-11.5016
 20
3.50347
 30
0.0
 10
-11.5016
 20
3.50347
 30
0.0
 10
-11.5016
 20
3.50347
 30
0.0
 10
-11.49807
 20
3.51052
 30
0.0
 10
-11.49807
 20
3.51052
 30
0.0
 10
-11.49807
 20
3.51052
 30
0.0
 10
-11.49455
 20
3.51405
 30
0.0
 10
-11.49455
 20
3.51405
 30
0.0
 10
-11.49455
 20
3.51405
 30
0.0
 10
-11.49102
 20
3.51758
 30
0.0
 10
-11.49102
 20
3.51758
 30
0.0
 10
-11.49102
 20
3.51758
 30
0.0
 10
-11.48396
 20
3.5211
 30
0.0
 10
-11.48396
 20
3.5211
 30
0.0
 10
-11.48396
 20
3.5211
 30
0.0
 10
-11.48043
 20
3.5211
 30
0.0
 10
-11.48043
 20
3.5211
 30
0.0
 10
-11.48043
 20
3.5211
 30
0.0
 10
-11.47338
 20
3.52463
 30
0.0
 10
-11.47338
 20
3.52463
 30
0.0
  0
SPLINE
  5
27F
330
1F
100
AcDbEntity
  8
Camada 1
 62
   251
370
     9
100
AcDbSpline
210
0.0
220
0.0
230
1.0
 70
     8
 71
     3
 72
    29
 73
    25
 74
     0
 42
0.0000000001
 43
0.0000000001
 40
0.0
 40
0.0
 40
0.0
 40
0.0
 40
0.125
 40
0.125
 40
0.125
 40
0.25
 40
0.25
 40
0.25
 40
0.375
 40
0.375
 40
0.375
 40
0.5
 40
0.5
 40
0.5
 40
0.625
 40
0.625
 40
0.625
 40
0.75
 40
0.75
 40
0.75
 40
0.875
 40
0.875
 40
0.875
 40
1.0
 40
1.0
 40
1.0
 40
1.0
 10
-11.47338
 20
0.01097
 30
0.0
 10
-11.47338
 20
0.01097
 30
0.0
 10
-11.48043
 20
0.01097
 30
0.0
 10
-11.48043
 20
0.01097
 30
0.0
 10
-11.48043
 20
0.01097
 30
0.0
 10
-11.48396
 20
0.01449
 30
0.0
 10
-11.48396
 20
0.01449
 30
0.0
 10
-11.48396
 20
0.01449
 30
0.0
 10
-11.49102
 20
0.01449
 30
0.0
 10
-11.49102
 20
0.01449
 30
0.0
 10
-11.49102
 20
0.01449
 30
0.0
 10
-11.49455
 20
0.01802
 30
0.0
 10
-11.49455
 20
0.01802
 30
0.0
 10
-11.49455
 20
0.01802
 30
0.0
 10
-11.49807
 20
0.02508
 30
0.0
 10
-11.49807
 20
0.02508
 30
0.0
 10
-11.49807
 20
0.02508
 30
0.0
 10
-11.5016
 20
0.0286
 30
0.0
 10
-11.5016
 20
0.0286
 30
0.0
 10
-11.5016
 20
0.0286
 30
0.0
 10
-11.5016
 20
0.03566
 30
0.0
 10
-11.5016
 20
0.03566
 30
0.0
 10
-11.5016
 20
0.03566
 30
0.0
 10
-11.50513
 20
0.03919
 30
0.0
 10
-11.50513
 20
0.03919
 30
0.0
  0
SPLINE
  5
280
330
1F
100
AcDbEntity
  8
Camada 1
 62
   251
370
     9
100
AcDbSpline
210
0.0
220
0.0
230
1.0
 70
    24
 71
     3
 72
     8
 73
     4
 74
     0
 42
0.0000000001
 43
0.0000000001
 40
0.0
 40
0.0
 40
0.0
 40
0.0
 40
1.0
 40
1.0
 40
1.0
 40
1.0
 10
-11.47338
 20
3.52463
 30
0.0
 10
-11.47338
 20
3.52463
 30
0.0
 10
-7.76216
 20
3.52463
 30
0.0
 10
-7.76216
 20
3.52463
 30
0.0
  0
SPLINE
  5
281
330
1F
100
AcDbEntity
  8
Camada 1
 62
   251
370
     9
100
AcDbSpline
210
0.0
220
0.0
230
1.0
 70
    24
 71
     3
 72
     8
 73
     4
 74
     0
 42
0.0000000001
 43
0.0000000001
 40
0.0
 40
0.0
 40
0.0
 40
0.0
 40
1.0
 40
1.0
 40
1.0
 40
1.0
 10
-11.47338
 20
0.01097
 30
0.0
 10
-11.47338
 20
0.01097
 30
0.0
 10
-7.76216
 20
0.01097
 30
0.0
 10
-7.76216
 20
0.01097
 30
0.0
  0
SPLINE
  5
282
330
1F
100
AcDbEntity
  8
Camada 1
 62
   251
370
     9
100
AcDbSpline
210
0.0
220
0.0
230
1.0
 70
    24
 71
     3
 72
     8
 73
     4
 74
     0
 42
0.0000000001
 43
0.0000000001
 40
0.0
 40
0.0
 40
0.0
 40
0.0
 40
1.0
 40
1.0
 40
1.0
 40
1.0
 10
-7.76216
 20
-1.16026
 30
0.0
 10
-7.76216
 20
-1.16026
 30
0.0
 10
-7.76569
 20
-1.1532
 30
0.0
 10
-7.76569
 20
-1.1532
 30
0.0
  0
SPLINE
  5
283
330
1F
100
AcDbEntity
  8
Camada 1
 62
   251
370
     9
100
AcDbSpline
210
0.0
220
0.0
230
1.0
 70
    24
 71
     3
 72
     8
 73
     4
 74
     0
 42
0.0000000001
 43
0.0000000001
 40
0.0
 40
0.0
 40
0.0
 40
0.0
 40
1.0
 40
1.0
 40
1.0
 40
1.0
 10
-11.47338
 20
-1.16026
 30
0.0
 10
-11.47338
 20
-1.16026
 30
0.0
 10
-7.76216
 20
-1.16026
 30
0.0
 10
-7.76216
 20
-1.16026
 30
0.0
  0
SPLINE
  5
284
330
1F
100
AcDbEntity
  8
Camada 1
 62
   251
370
     9
100
AcDbSpline
210
0.0
220
0.0
230
1.0
 70
    24
 71
     3
 72
     8
 73
     4
 74
     0
 42
0.0000000001
 43
0.0000000001
 40
0.0
 40
0.0
 40
0.0
 40
0.0
 40
1.0
 40
1.0
 40
1.0
 40
1.0
 10
-11.46985
 20
-1.1532
 30
0.0
 10
-11.46985
 20
-1.1532
 30
0.0
 10
-11.47338
 20
-1.16026
 30
0.0
 10
-11.47338
 20
-1.16026
 30
0.0
  0
SPLINE
  5
285
330
1F
100
AcDbEntity
  8
Camada 1
 62
   251
370
     9
100
AcDbSpline
210
0.0
220
0.0
230
1.0
 70
     8
 71
     3
 72
    41
 73
    37
 74
     0
 42
0.0000000001
 43
0.0000000001
 40
0.0
 40
0.0
 40
0.0
 40
0.0
 40
0.0833333333333333
 40
0.0833333333333333
 40
0.0833333333333333
 40
0.1666666666666667
 40
0.1666666666666667
 40
0.1666666666666667
 40
0.25
 40
0.25
 40
0.25
 40
0.3333333333333333
 40
0.3333333333333333
 40
0.3333333333333333
 40
0.4166666666666666
 40
0.4166666666666666
 40
0.4166666666666666
 40
0.5
 40
0.5
 40
0.5
 40
0.5833333333333333
 40
0.5833333333333333
 40
0.5833333333333333
 40
0.6666666666666666
 40
0.6666666666666666
 40
0.6666666666666666
 40
0.75
 40
0.75
 40
0.75
 40
0.8333333333333333
 40
0.8333333333333333
 40
0.8333333333333333
 40
0.9166666666666666
 40
0.9166666666666666
 40
0.9166666666666666
 40
1.0
 40
1.0
 40
1.0
 40
1.0
 10
-11.46985
 20
-0.03137
 30
0.0
 10
-11.46985
 20
-0.03137
 30
0.0
 10
-11.45927
 20
-0.06665
 30
0.0
 10
-11.45927
 20
-0.06665
 30
0.0
 10
-11.45927
 20
-0.06665
 30
0.0
 10
-11.44869
 20
-0.10898
 30
0.0
 10
-11.44869
 20
-0.10898
 30
0.0
 10
-11.44869
 20
-0.10898
 30
0.0
 10
-11.43457
 20
-0.20776
 30
0.0
 10
-11.43457
 20
-0.20776
 30
0.0
 10
-11.43457
 20
-0.20776
 30
0.0
 10
-11.42399
 20
-0.31359
 30
0.0
 10
-11.42399
 20
-0.31359
 30
0.0
 10
-11.42399
 20
-0.31359
 30
0.0
 10
-11.41341
 20
-0.49704
 30
0.0
 10
-11.41341
 20
-0.49704
 30
0.0
 10
-11.41341
 20
-0.49704
 30
0.0
 10
-11.41341
 20
-0.68048
 30
0.0
 10
-11.41341
 20
-0.68048
 30
0.0
 10
-11.41341
 20
-0.68048
 30
0.0
 10
-11.42399
 20
-0.86745
 30
0.0
 10
-11.42399
 20
-0.86745
 30
0.0
 10
-11.42399
 20
-0.86745
 30
0.0
 10
-11.42752
 20
-0.94153
 30
0.0
 10
-11.42752
 20
-0.94153
 30
0.0
 10
-11.42752
 20
-0.94153
 30
0.0
 10
-11.4381
 20
-1.01209
 30
0.0
 10
-11.4381
 20
-1.01209
 30
0.0
 10
-11.4381
 20
-1.01209
 30
0.0
 10
-11.44516
 20
-1.06148
 30
0.0
 10
-11.44516
 20
-1.06148
 30
0.0
 10
-11.44516
 20
-1.06148
 30
0.0
 10
-11.45574
 20
-1.10734
 30
0.0
 10
-11.45574
 20
-1.10734
 30
0.0
 10
-11.45574
 20
-1.10734
 30
0.0
 10
-11.46985
 20
-1.1532
 30
0.0
 10
-11.46985
 20
-1.1532
 30
0.0
  0
SPLINE
  5
286
330
1F
100
AcDbEntity
  8
Camada 1
 62
   251
370
     9
100
AcDbSpline
210
0.0
220
0.0
230
1.0
 70
    24
 71
     3
 72
     8
 73
     4
 74
     0
 42
0.0000000001
 43
0.0000000001
 40
0.0
 40
0.0
 40
0.0
 40
0.0
 40
1.0
 40
1.0
 40
1.0
 40
1.0
 10
-11.47338
 20
-0.02431
 30
0.0
 10
-11.47338
 20
-0.02431
 30
0.0
 10
-11.46985
 20
-0.03137
 30
0.0
 10
-11.46985
 20
-0.03137
 30
0.0
  0
SPLINE
  5
287
330
1F
100
AcDbEntity
  8
Camada 1
 62
   251
370
     9
100
AcDbSpline
210
0.0
220
0.0
230
1.0
 70
    24
 71
     3
 72
     8
 73
     4
 74
     0
 42
0.0000000001
 43
0.0000000001
 40
0.0
 40
0.0
 40
0.0
 40
0.0
 40
1.0
 40
1.0
 40
1.0
 40
1.0
 10
-7.76216
 20
-0.02431
 30
0.0
 10
-7.76216
 20
-0.02431
 30
0.0
 10
-11.47338
 20
-0.02431
 30
0.0
 10
-11.47338
 20
-0.02431
 30
0.0
  0
SPLINE
  5
288
330
1F
100
AcDbEntity
  8
Camada 1
 62
   251
370
     9
100
AcDbSpline
210
0.0
220
0.0
230
1.0
 70
    24
 71
     3
 72
     8
 73
     4
 74
     0
 42
0.0000000001
 43
0.0000000001
 40
0.0
 40
0.0
 40
0.0
 40
0.0
 40
1.0
 40
1.0
 40
1.0
 40
1.0
 10
-7.76569
 20
-0.03137
 30
0.0
 10
-7.76569
 20
-0.03137
 30
0.0
 10
-7.76216
 20
-0.02431
 30
0.0
 10
-7.76216
 20
-0.02431
 30
0.0
  0
SPLINE
  5
289
330
1F
100
AcDbEntity
  8
Camada 1
 62
   251
370
     9
100
AcDbSpline
210
0.0
220
0.0
230
1.0
 70
     8
 71
     3
 72
    41
 73
    37
 74
     0
 42
0.0000000001
 43
0.0000000001
 40
0.0
 40
0.0
 40
0.0
 40
0.0
 40
0.0833333333333333
 40
0.0833333333333333
 40
0.0833333333333333
 40
0.1666666666666667
 40
0.1666666666666667
 40
0.1666666666666667
 40
0.25
 40
0.25
 40
0.25
 40
0.3333333333333333
 40
0.3333333333333333
 40
0.3333333333333333
 40
0.4166666666666666
 40
0.4166666666666666
 40
0.4166666666666666
 40
0.5
 40
0.5
 40
0.5
 40
0.5833333333333333
 40
0.5833333333333333
 40
0.5833333333333333
 40
0.6666666666666666
 40
0.6666666666666666
 40
0.6666666666666666
 40
0.75
 40
0.75
 40
0.75
 40
0.8333333333333333
 40
0.8333333333333333
 40
0.8333333333333333
 40
0.9166666666666666
 40
0.9166666666666666
 40
0.9166666666666666
 40
1.0
 40
1.0
 40
1.0
 40
1.0
 10
-7.76569
 20
-1.1532
 30
0.0
 10
-7.76569
 20
-1.1532
 30
0.0
 10
-7.77627
 20
-1.11792
 30
0.0
 10
-7.77627
 20
-1.11792
 30
0.0
 10
-7.77627
 20
-1.11792
 30
0.0
 10
-7.78685
 20
-1.07559
 30
0.0
 10
-7.78685
 20
-1.07559
 30
0.0
 10
-7.78685
 20
-1.07559
 30
0.0
 10
-7.80096
 20
-0.97681
 30
0.0
 10
-7.80096
 20
-0.97681
 30
0.0
 10
-7.80096
 20
-0.97681
 30
0.0
 10
-7.81155
 20
-0.87098
 30
0.0
 10
-7.81155
 20
-0.87098
 30
0.0
 10
-7.81155
 20
-0.87098
 30
0.0
 10
-7.82213
 20
-0.68753
 30
0.0
 10
-7.82213
 20
-0.68753
 30
0.0
 10
-7.82213
 20
-0.68753
 30
0.0
 10
-7.82213
 20
-0.50409
 30
0.0
 10
-7.82213
 20
-0.50409
 30
0.0
 10
-7.82213
 20
-0.50409
 30
0.0
 10
-7.81155
 20
-0.31712
 30
0.0
 10
-7.81155
 20
-0.31712
 30
0.0
 10
-7.81155
 20
-0.31712
 30
0.0
 10
-7.80449
 20
-0.24304
 30
0.0
 10
-7.80449
 20
-0.24304
 30
0.0
 10
-7.80449
 20
-0.24304
 30
0.0
 10
-7.79744
 20
-0.17248
 30
0.0
 10
-7.79744
 20
-0.17248
 30
0.0
 10
-7.79744
 20
-0.17248
 30
0.0
 10
-7.79038
 20
-0.12309
 30
0.0
 10
-7.79038
 20
-0.12309
 30
0.0
 10
-7.79038
 20
-0.12309
 30
0.0
 10
-7.7798
 20
-0.07723
 30
0.0
 10
-7.7798
 20
-0.07723
 30
0.0
 10
-7.7798
 20
-0.07723
 30
0.0
 10
-7.76569
 20
-0.03137
 30
0.0
 10
-7.76569
 20
-0.03137
 30
0.0
  0
SPLINE
  5
28A
330
1F
100
AcDbEntity
  8
Camada 1
 62
   251
370
     9
100
AcDbSpline
210
0.0
220
0.0
230
1.0
 70
     8
 71
     3
 72
    29
 73
    25
 74
     0
 42
0.0000000001
 43
0.0000000001
 40
0.0
 40
0.0
 40
0.0
 40
0.0
 40
0.125
 40
0.125
 40
0.125
 40
0.25
 40
0.25
 40
0.25
 40
0.375
 40
0.375
 40
0.375
 40
0.5
 40
0.5
 40
0.5
 40
0.625
 40
0.625
 40
0.625
 40
0.75
 40
0.75
 40
0.75
 40
0.875
 40
0.875
 40
0.875
 40
1.0
 40
1.0
 40
1.0
 40
1.0
 10
-7.76569
 20
-0.03137
 30
0.0
 10
-7.76569
 20
-0.03137
 30
0.0
 10
-7.75863
 20
-0.03137
 30
0.0
 10
-7.75863
 20
-0.03137
 30
0.0
 10
-7.75863
 20
-0.03137
 30
0.0
 10
-7.7551
 20
-0.0349
 30
0.0
 10
-7.7551
 20
-0.0349
 30
0.0
 10
-7.7551
 20
-0.0349
 30
0.0
 10
-7.75157
 20
-0.0349
 30
0.0
 10
-7.75157
 20
-0.0349
 30
0.0
 10
-7.75157
 20
-0.0349
 30
0.0
 10
-7.74805
 20
-0.03842
 30
0.0
 10
-7.74805
 20
-0.03842
 30
0.0
 10
-7.74805
 20
-0.03842
 30
0.0
 10
-7.74452
 20
-0.04195
 30
0.0
 10
-7.74452
 20
-0.04195
 30
0.0
 10
-7.74452
 20
-0.04195
 30
0.0
 10
-7.74099
 20
-0.04548
 30
0.0
 10
-7.74099
 20
-0.04548
 30
0.0
 10
-7.74099
 20
-0.04548
 30
0.0
 10
-7.73746
 20
-0.04901
 30
0.0
 10
-7.73746
 20
-0.04901
 30
0.0
 10
-7.73746
 20
-0.04901
 30
0.0
 10
-7.73746
 20
-0.05253
 30
0.0
 10
-7.73746
 20
-0.05253
 30
0.0
  0
SPLINE
  5
28B
330
1F
100
AcDbEntity
  8
Camada 1
 62
   251
370
     9
100
AcDbSpline
210
0.0
220
0.0
230
1.0
 70
     8
 71
     3
 72
    41
 73
    37
 74
     0
 42
0.0000000001
 43
0.0000000001
 40
0.0
 40
0.0
 40
0.0
 40
0.0
 40
0.0833333333333333
 40
0.0833333333333333
 40
0.0833333333333333
 40
0.1666666666666667
 40
0.1666666666666667
 40
0.1666666666666667
 40
0.25
 40
0.25
 40
0.25
 40
0.3333333333333333
 40
0.3333333333333333
 40
0.3333333333333333
 40
0.4166666666666666
 40
0.4166666666666666
 40
0.4166666666666666
 40
0.5
 40
0.5
 40
0.5
 40
0.5833333333333333
 40
0.5833333333333333
 40
0.5833333333333333
 40
0.6666666666666666
 40
0.6666666666666666
 40
0.6666666666666666
 40
0.75
 40
0.75
 40
0.75
 40
0.8333333333333333
 40
0.8333333333333333
 40
0.8333333333333333
 40
0.9166666666666666
 40
0.9166666666666666
 40
0.9166666666666666
 40
1.0
 40
1.0
 40
1.0
 40
1.0
 10
-7.73746
 20
-0.05253
 30
0.0
 10
-7.73746
 20
-0.05253
 30
0.0
 10
-7.75157
 20
-0.09134
 30
0.0
 10
-7.75157
 20
-0.09134
 30
0.0
 10
-7.75157
 20
-0.09134
 30
0.0
 10
-7.76216
 20
-0.13367
 30
0.0
 10
-7.76216
 20
-0.13367
 30
0.0
 10
-7.76216
 20
-0.13367
 30
0.0
 10
-7.76921
 20
-0.17954
 30
0.0
 10
-7.76921
 20
-0.17954
 30
0.0
 10
-7.76921
 20
-0.17954
 30
0.0
 10
-7.7798
 20
-0.25009
 30
0.0
 10
-7.7798
 20
-0.25009
 30
0.0
 10
-7.7798
 20
-0.25009
 30
0.0
 10
-7.78685
 20
-0.32417
 30
0.0
 10
-7.78685
 20
-0.32417
 30
0.0
 10
-7.78685
 20
-0.32417
 30
0.0
 10
-7.79391
 20
-0.50409
 30
0.0
 10
-7.79391
 20
-0.50409
 30
0.0
 10
-7.79391
 20
-0.50409
 30
0.0
 10
-7.79391
 20
-0.68753
 30
0.0
 10
-7.79391
 20
-0.68753
 30
0.0
 10
-7.79391
 20
-0.68753
 30
0.0
 10
-7.78332
 20
-0.86745
 30
0.0
 10
-7.78332
 20
-0.86745
 30
0.0
 10
-7.78332
 20
-0.86745
 30
0.0
 10
-7.77627
 20
-0.96623
 30
0.0
 10
-7.77627
 20
-0.96623
 30
0.0
 10
-7.77627
 20
-0.96623
 30
0.0
 10
-7.75863
 20
-1.06148
 30
0.0
 10
-7.75863
 20
-1.06148
 30
0.0
 10
-7.75863
 20
-1.06148
 30
0.0
 10
-7.74805
 20
-1.10028
 30
0.0
 10
-7.74805
 20
-1.10028
 30
0.0
 10
-7.74805
 20
-1.10028
 30
0.0
 10
-7.73746
 20
-1.13203
 30
0.0
 10
-7.73746
 20
-1.13203
 30
0.0
  0
SPLINE
  5
28C
330
1F
100
AcDbEntity
  8
Camada 1
 62
   251
370
     9
100
AcDbSpline
210
0.0
220
0.0
230
1.0
 70
     8
 71
     3
 72
    29
 73
    25
 74
     0
 42
0.0000000001
 43
0.0000000001
 40
0.0
 40
0.0
 40
0.0
 40
0.0
 40
0.125
 40
0.125
 40
0.125
 40
0.25
 40
0.25
 40
0.25
 40
0.375
 40
0.375
 40
0.375
 40
0.5
 40
0.5
 40
0.5
 40
0.625
 40
0.625
 40
0.625
 40
0.75
 40
0.75
 40
0.75
 40
0.875
 40
0.875
 40
0.875
 40
1.0
 40
1.0
 40
1.0
 40
1.0
 10
-7.76569
 20
-1.1532
 30
0.0
 10
-7.76569
 20
-1.1532
 30
0.0
 10
-7.75863
 20
-1.1532
 30
0.0
 10
-7.75863
 20
-1.1532
 30
0.0
 10
-7.75863
 20
-1.1532
 30
0.0
 10
-7.7551
 20
-1.14967
 30
0.0
 10
-7.7551
 20
-1.14967
 30
0.0
 10
-7.7551
 20
-1.14967
 30
0.0
 10
-7.75157
 20
-1.14967
 30
0.0
 10
-7.75157
 20
-1.14967
 30
0.0
 10
-7.75157
 20
-1.14967
 30
0.0
 10
-7.74805
 20
-1.14615
 30
0.0
 10
-7.74805
 20
-1.14615
 30
0.0
 10
-7.74805
 20
-1.14615
 30
0.0
 10
-7.74452
 20
-1.14262
 30
0.0
 10
-7.74452
 20
-1.14262
 30
0.0
 10
-7.74452
 20
-1.14262
 30
0.0
 10
-7.74099
 20
-1.13909
 30
0.0
 10
-7.74099
 20
-1.13909
 30
0.0
 10
-7.74099
 20
-1.13909
 30
0.0
 10
-7.73746
 20
-1.13556
 30
0.0
 10
-7.73746
 20
-1.13556
 30
0.0
 10
-7.73746
 20
-1.13556
 30
0.0
 10
-7.73746
 20
-1.13203
 30
0.0
 10
-7.73746
 20
-1.13203
 30
0.0
  0
SPLINE
  5
28D
330
1F
100
AcDbEntity
  8
Camada 1
 62
   251
370
     9
100
AcDbSpline
210
0.0
220
0.0
230
1.0
 70
     8
 71
     3
 72
    29
 73
    25
 74
     0
 42
0.0000000001
 43
0.0000000001
 40
0.0
 40
0.0
 40
0.0
 40
0.0
 40
0.125
 40
0.125
 40
0.125
 40
0.25
 40
0.25
 40
0.25
 40
0.375
 40
0.375
 40
0.375
 40
0.5
 40
0.5
 40
0.5
 40
0.625
 40
0.625
 40
0.625
 40
0.75
 40
0.75
 40
0.75
 40
0.875
 40
0.875
 40
0.875
 40
1.0
 40
1.0
 40
1.0
 40
1.0
 10
-11.46985
 20
-1.1532
 30
0.0
 10
-11.46985
 20
-1.1532
 30
0.0
 10
-11.47691
 20
-1.1532
 30
0.0
 10
-11.47691
 20
-1.1532
 30
0.0
 10
-11.47691
 20
-1.1532
 30
0.0
 10
-11.48043
 20
-1.14967
 30
0.0
 10
-11.48043
 20
-1.14967
 30
0.0
 10
-11.48043
 20
-1.14967
 30
0.0
 10
-11.48396
 20
-1.14967
 30
0.0
 10
-11.48396
 20
-1.14967
 30
0.0
 10
-11.48396
 20
-1.14967
 30
0.0
 10
-11.48749
 20
-1.14615
 30
0.0
 10
-11.48749
 20
-1.14615
 30
0.0
 10
-11.48749
 20
-1.14615
 30
0.0
 10
-11.49102
 20
-1.14262
 30
0.0
 10
-11.49102
 20
-1.14262
 30
0.0
 10
-11.49102
 20
-1.14262
 30
0.0
 10
-11.49455
 20
-1.13909
 30
0.0
 10
-11.49455
 20
-1.13909
 30
0.0
 10
-11.49455
 20
-1.13909
 30
0.0
 10
-11.49807
 20
-1.13556
 30
0.0
 10
-11.49807
 20
-1.13556
 30
0.0
 10
-11.49807
 20
-1.13556
 30
0.0
 10
-11.49807
 20
-1.13203
 30
0.0
 10
-11.49807
 20
-1.13203
 30
0.0
  0
SPLINE
  5
28E
330
1F
100
AcDbEntity
  8
Camada 1
 62
   251
370
     9
100
AcDbSpline
210
0.0
220
0.0
230
1.0
 70
     8
 71
     3
 72
    41
 73
    37
 74
     0
 42
0.0000000001
 43
0.0000000001
 40
0.0
 40
0.0
 40
0.0
 40
0.0
 40
0.0833333333333333
 40
0.0833333333333333
 40
0.0833333333333333
 40
0.1666666666666667
 40
0.1666666666666667
 40
0.1666666666666667
 40
0.25
 40
0.25
 40
0.25
 40
0.3333333333333333
 40
0.3333333333333333
 40
0.3333333333333333
 40
0.4166666666666666
 40
0.4166666666666666
 40
0.4166666666666666
 40
0.5
 40
0.5
 40
0.5
 40
0.5833333333333333
 40
0.5833333333333333
 40
0.5833333333333333
 40
0.6666666666666666
 40
0.6666666666666666
 40
0.6666666666666666
 40
0.75
 40
0.75
 40
0.75
 40
0.8333333333333333
 40
0.8333333333333333
 40
0.8333333333333333
 40
0.9166666666666666
 40
0.9166666666666666
 40
0.9166666666666666
 40
1.0
 40
1.0
 40
1.0
 40
1.0
 10
-11.49807
 20
-1.13203
 30
0.0
 10
-11.49807
 20
-1.13203
 30
0.0
 10
-11.48396
 20
-1.09323
 30
0.0
 10
-11.48396
 20
-1.09323
 30
0.0
 10
-11.48396
 20
-1.09323
 30
0.0
 10
-11.47338
 20
-1.0509
 30
0.0
 10
-11.47338
 20
-1.0509
 30
0.0
 10
-11.47338
 20
-1.0509
 30
0.0
 10
-11.46632
 20
-1.00503
 30
0.0
 10
-11.46632
 20
-1.00503
 30
0.0
 10
-11.46632
 20
-1.00503
 30
0.0
 10
-11.45574
 20
-0.93448
 30
0.0
 10
-11.45574
 20
-0.93448
 30
0.0
 10
-11.45574
 20
-0.93448
 30
0.0
 10
-11.44869
 20
-0.8604
 30
0.0
 10
-11.44869
 20
-0.8604
 30
0.0
 10
-11.44869
 20
-0.8604
 30
0.0
 10
-11.44163
 20
-0.68048
 30
0.0
 10
-11.44163
 20
-0.68048
 30
0.0
 10
-11.44163
 20
-0.68048
 30
0.0
 10
-11.44163
 20
-0.49704
 30
0.0
 10
-11.44163
 20
-0.49704
 30
0.0
 10
-11.44163
 20
-0.49704
 30
0.0
 10
-11.44869
 20
-0.31712
 30
0.0
 10
-11.44869
 20
-0.31712
 30
0.0
 10
-11.44869
 20
-0.31712
 30
0.0
 10
-11.45927
 20
-0.21834
 30
0.0
 10
-11.45927
 20
-0.21834
 30
0.0
 10
-11.45927
 20
-0.21834
 30
0.0
 10
-11.47691
 20
-0.12309
 30
0.0
 10
-11.47691
 20
-0.12309
 30
0.0
 10
-11.47691
 20
-0.12309
 30
0.0
 10
-11.48749
 20
-0.08429
 30
0.0
 10
-11.48749
 20
-0.08429
 30
0.0
 10
-11.48749
 20
-0.08429
 30
0.0
 10
-11.49807
 20
-0.05253
 30
0.0
 10
-11.49807
 20
-0.05253
 30
0.0
  0
SPLINE
  5
28F
330
1F
100
AcDbEntity
  8
Camada 1
 62
   251
370
     9
100
AcDbSpline
210
0.0
220
0.0
230
1.0
 70
     8
 71
     3
 72
    29
 73
    25
 74
     0
 42
0.0000000001
 43
0.0000000001
 40
0.0
 40
0.0
 40
0.0
 40
0.0
 40
0.125
 40
0.125
 40
0.125
 40
0.25
 40
0.25
 40
0.25
 40
0.375
 40
0.375
 40
0.375
 40
0.5
 40
0.5
 40
0.5
 40
0.625
 40
0.625
 40
0.625
 40
0.75
 40
0.75
 40
0.75
 40
0.875
 40
0.875
 40
0.875
 40
1.0
 40
1.0
 40
1.0
 40
1.0
 10
-11.46985
 20
-0.03137
 30
0.0
 10
-11.46985
 20
-0.03137
 30
0.0
 10
-11.47691
 20
-0.03137
 30
0.0
 10
-11.47691
 20
-0.03137
 30
0.0
 10
-11.47691
 20
-0.03137
 30
0.0
 10
-11.48043
 20
-0.0349
 30
0.0
 10
-11.48043
 20
-0.0349
 30
0.0
 10
-11.48043
 20
-0.0349
 30
0.0
 10
-11.48396
 20
-0.0349
 30
0.0
 10
-11.48396
 20
-0.0349
 30
0.0
 10
-11.48396
 20
-0.0349
 30
0.0
 10
-11.48749
 20
-0.03842
 30
0.0
 10
-11.48749
 20
-0.03842
 30
0.0
 10
-11.48749
 20
-0.03842
 30
0.0
 10
-11.49102
 20
-0.04195
 30
0.0
 10
-11.49102
 20
-0.04195
 30
0.0
 10
-11.49102
 20
-0.04195
 30
0.0
 10
-11.49455
 20
-0.04548
 30
0.0
 10
-11.49455
 20
-0.04548
 30
0.0
 10
-11.49455
 20
-0.04548
 30
0.0
 10
-11.49807
 20
-0.04901
 30
0.0
 10
-11.49807
 20
-0.04901
 30
0.0
 10
-11.49807
 20
-0.04901
 30
0.0
 10
-11.49807
 20
-0.05253
 30
0.0
 10
-11.49807
 20
-0.05253
 30
0.0
  0
SPLINE
  5
290
330
1F
100
AcDbEntity
  8
Camada 1
 62
   251
370
     9
100
AcDbSpline
210
0.0
220
0.0
230
1.0
 70
    24
 71
     3
 72
     8
 73
     4
 74
     0
 42
0.0000000001
 43
0.0000000001
 40
0.0
 40
0.0
 40
0.0
 40
0.0
 40
1.0
 40
1.0
 40
1.0
 40
1.0
 10
-7.73746
 20
-1.13203
 30
0.0
 10
-7.73746
 20
-1.13203
 30
0.0
 10
-7.73746
 20
-0.05253
 30
0.0
 10
-7.73746
 20
-0.05253
 30
0.0
  0
SPLINE
  5
291
330
1F
100
AcDbEntity
  8
Camada 1
 62
   251
370
     9
100
AcDbSpline
210
0.0
220
0.0
230
1.0
 70
    24
 71
     3
 72
     8
 73
     4
 74
     0
 42
0.0000000001
 43
0.0000000001
 40
0.0
 40
0.0
 40
0.0
 40
0.0
 40
1.0
 40
1.0
 40
1.0
 40
1.0
 10
-11.49807
 20
-0.05253
 30
0.0
 10
-11.49807
 20
-0.05253
 30
0.0
 10
-11.49807
 20
-1.13203
 30
0.0
 10
-11.49807
 20
-1.13203
 30
0.0
  0
SPLINE
  5
292
330
1F
100
AcDbEntity
  8
Camada 1
 62
   251
370
     9
100
AcDbSpline
210
0.0
220
0.0
230
1.0
 70
    24
 71
     3
 72
     8
 73
     4
 74
     0
 42
0.0000000001
 43
0.0000000001
 40
0.0
 40
0.0
 40
0.0
 40
0.0
 40
1.0
 40
1.0
 40
1.0
 40
1.0
 10
-7.73394
 20
-0.04548
 30
0.0
 10
-7.73394
 20
-0.04548
 30
0.0
 10
-7.73746
 20
-0.05253
 30
0.0
 10
-7.73746
 20
-0.05253
 30
0.0
  0
SPLINE
  5
293
330
1F
100
AcDbEntity
  8
Camada 1
 62
   251
370
     9
100
AcDbSpline
210
0.0
220
0.0
230
1.0
 70
     8
 71
     3
 72
    29
 73
    25
 74
     0
 42
0.0000000001
 43
0.0000000001
 40
0.0
 40
0.0
 40
0.0
 40
0.0
 40
0.125
 40
0.125
 40
0.125
 40
0.25
 40
0.25
 40
0.25
 40
0.375
 40
0.375
 40
0.375
 40
0.5
 40
0.5
 40
0.5
 40
0.625
 40
0.625
 40
0.625
 40
0.75
 40
0.75
 40
0.75
 40
0.875
 40
0.875
 40
0.875
 40
1.0
 40
1.0
 40
1.0
 40
1.0
 10
-7.76216
 20
-0.02431
 30
0.0
 10
-7.76216
 20
-0.02431
 30
0.0
 10
-7.7551
 20
-0.02431
 30
0.0
 10
-7.7551
 20
-0.02431
 30
0.0
 10
-7.7551
 20
-0.02431
 30
0.0
 10
-7.75157
 20
-0.02431
 30
0.0
 10
-7.75157
 20
-0.02431
 30
0.0
 10
-7.75157
 20
-0.02431
 30
0.0
 10
-7.74452
 20
-0.02784
 30
0.0
 10
-7.74452
 20
-0.02784
 30
0.0
 10
-7.74452
 20
-0.02784
 30
0.0
 10
-7.74099
 20
-0.03137
 30
0.0
 10
-7.74099
 20
-0.03137
 30
0.0
 10
-7.74099
 20
-0.03137
 30
0.0
 10
-7.73746
 20
-0.0349
 30
0.0
 10
-7.73746
 20
-0.0349
 30
0.0
 10
-7.73746
 20
-0.0349
 30
0.0
 10
-7.73394
 20
-0.03842
 30
0.0
 10
-7.73394
 20
-0.03842
 30
0.0
 10
-7.73394
 20
-0.03842
 30
0.0
 10
-7.73394
 20
-0.04195
 30
0.0
 10
-7.73394
 20
-0.04195
 30
0.0
 10
-7.73394
 20
-0.04195
 30
0.0
 10
-7.73394
 20
-0.04548
 30
0.0
 10
-7.73394
 20
-0.04548
 30
0.0
  0
SPLINE
  5
294
330
1F
100
AcDbEntity
  8
Camada 1
 62
   251
370
     9
100
AcDbSpline
210
0.0
220
0.0
230
1.0
 70
    24
 71
     3
 72
     8
 73
     4
 74
     0
 42
0.0000000001
 43
0.0000000001
 40
0.0
 40
0.0
 40
0.0
 40
0.0
 40
1.0
 40
1.0
 40
1.0
 40
1.0
 10
-7.73746
 20
-1.13203
 30
0.0
 10
-7.73746
 20
-1.13203
 30
0.0
 10
-7.73394
 20
-1.13909
 30
0.0
 10
-7.73394
 20
-1.13909
 30
0.0
  0
SPLINE
  5
295
330
1F
100
AcDbEntity
  8
Camada 1
 62
   251
370
     9
100
AcDbSpline
210
0.0
220
0.0
230
1.0
 70
     8
 71
     3
 72
    29
 73
    25
 74
     0
 42
0.0000000001
 43
0.0000000001
 40
0.0
 40
0.0
 40
0.0
 40
0.0
 40
0.125
 40
0.125
 40
0.125
 40
0.25
 40
0.25
 40
0.25
 40
0.375
 40
0.375
 40
0.375
 40
0.5
 40
0.5
 40
0.5
 40
0.625
 40
0.625
 40
0.625
 40
0.75
 40
0.75
 40
0.75
 40
0.875
 40
0.875
 40
0.875
 40
1.0
 40
1.0
 40
1.0
 40
1.0
 10
-7.76216
 20
-1.16026
 30
0.0
 10
-7.76216
 20
-1.16026
 30
0.0
 10
-7.7551
 20
-1.16026
 30
0.0
 10
-7.7551
 20
-1.16026
 30
0.0
 10
-7.7551
 20
-1.16026
 30
0.0
 10
-7.75157
 20
-1.16026
 30
0.0
 10
-7.75157
 20
-1.16026
 30
0.0
 10
-7.75157
 20
-1.16026
 30
0.0
 10
-7.74452
 20
-1.15673
 30
0.0
 10
-7.74452
 20
-1.15673
 30
0.0
 10
-7.74452
 20
-1.15673
 30
0.0
 10
-7.74099
 20
-1.1532
 30
0.0
 10
-7.74099
 20
-1.1532
 30
0.0
 10
-7.74099
 20
-1.1532
 30
0.0
 10
-7.73746
 20
-1.14967
 30
0.0
 10
-7.73746
 20
-1.14967
 30
0.0
 10
-7.73746
 20
-1.14967
 30
0.0
 10
-7.73394
 20
-1.14615
 30
0.0
 10
-7.73394
 20
-1.14615
 30
0.0
 10
-7.73394
 20
-1.14615
 30
0.0
 10
-7.73394
 20
-1.14262
 30
0.0
 10
-7.73394
 20
-1.14262
 30
0.0
 10
-7.73394
 20
-1.14262
 30
0.0
 10
-7.73394
 20
-1.13909
 30
0.0
 10
-7.73394
 20
-1.13909
 30
0.0
  0
SPLINE
  5
296
330
1F
100
AcDbEntity
  8
Camada 1
 62
   251
370
     9
100
AcDbSpline
210
0.0
220
0.0
230
1.0
 70
    24
 71
     3
 72
     8
 73
     4
 74
     0
 42
0.0000000001
 43
0.0000000001
 40
0.0
 40
0.0
 40
0.0
 40
0.0
 40
1.0
 40
1.0
 40
1.0
 40
1.0
 10
-11.49807
 20
-0.05253
 30
0.0
 10
-11.49807
 20
-0.05253
 30
0.0
 10
-11.5016
 20
-0.04548
 30
0.0
 10
-11.5016
 20
-0.04548
 30
0.0
  0
SPLINE
  5
297
330
1F
100
AcDbEntity
  8
Camada 1
 62
   251
370
     9
100
AcDbSpline
210
0.0
220
0.0
230
1.0
 70
     8
 71
     3
 72
    29
 73
    25
 74
     0
 42
0.0000000001
 43
0.0000000001
 40
0.0
 40
0.0
 40
0.0
 40
0.0
 40
0.125
 40
0.125
 40
0.125
 40
0.25
 40
0.25
 40
0.25
 40
0.375
 40
0.375
 40
0.375
 40
0.5
 40
0.5
 40
0.5
 40
0.625
 40
0.625
 40
0.625
 40
0.75
 40
0.75
 40
0.75
 40
0.875
 40
0.875
 40
0.875
 40
1.0
 40
1.0
 40
1.0
 40
1.0
 10
-11.47338
 20
-0.02431
 30
0.0
 10
-11.47338
 20
-0.02431
 30
0.0
 10
-11.47691
 20
-0.02431
 30
0.0
 10
-11.47691
 20
-0.02431
 30
0.0
 10
-11.47691
 20
-0.02431
 30
0.0
 10
-11.48396
 20
-0.02431
 30
0.0
 10
-11.48396
 20
-0.02431
 30
0.0
 10
-11.48396
 20
-0.02431
 30
0.0
 10
-11.48749
 20
-0.02784
 30
0.0
 10
-11.48749
 20
-0.02784
 30
0.0
 10
-11.48749
 20
-0.02784
 30
0.0
 10
-11.49455
 20
-0.03137
 30
0.0
 10
-11.49455
 20
-0.03137
 30
0.0
 10
-11.49455
 20
-0.03137
 30
0.0
 10
-11.49807
 20
-0.0349
 30
0.0
 10
-11.49807
 20
-0.0349
 30
0.0
 10
-11.49807
 20
-0.0349
 30
0.0
 10
-11.5016
 20
-0.03842
 30
0.0
 10
-11.5016
 20
-0.03842
 30
0.0
 10
-11.5016
 20
-0.03842
 30
0.0
 10
-11.5016
 20
-0.04195
 30
0.0
 10
-11.5016
 20
-0.04195
 30
0.0
 10
-11.5016
 20
-0.04195
 30
0.0
 10
-11.5016
 20
-0.04548
 30
0.0
 10
-11.5016
 20
-0.04548
 30
0.0
  0
SPLINE
  5
298
330
1F
100
AcDbEntity
  8
Camada 1
 62
   251
370
     9
100
AcDbSpline
210
0.0
220
0.0
230
1.0
 70
    24
 71
     3
 72
     8
 73
     4
 74
     0
 42
0.0000000001
 43
0.0000000001
 40
0.0
 40
0.0
 40
0.0
 40
0.0
 40
1.0
 40
1.0
 40
1.0
 40
1.0
 10
-11.5016
 20
-1.13909
 30
0.0
 10
-11.5016
 20
-1.13909
 30
0.0
 10
-11.49807
 20
-1.13203
 30
0.0
 10
-11.49807
 20
-1.13203
 30
0.0
  0
SPLINE
  5
299
330
1F
100
AcDbEntity
  8
Camada 1
 62
   251
370
     9
100
AcDbSpline
210
0.0
220
0.0
230
1.0
 70
     8
 71
     3
 72
    29
 73
    25
 74
     0
 42
0.0000000001
 43
0.0000000001
 40
0.0
 40
0.0
 40
0.0
 40
0.0
 40
0.125
 40
0.125
 40
0.125
 40
0.25
 40
0.25
 40
0.25
 40
0.375
 40
0.375
 40
0.375
 40
0.5
 40
0.5
 40
0.5
 40
0.625
 40
0.625
 40
0.625
 40
0.75
 40
0.75
 40
0.75
 40
0.875
 40
0.875
 40
0.875
 40
1.0
 40
1.0
 40
1.0
 40
1.0
 10
-11.47338
 20
-1.16026
 30
0.0
 10
-11.47338
 20
-1.16026
 30
0.0
 10
-11.47691
 20
-1.16026
 30
0.0
 10
-11.47691
 20
-1.16026
 30
0.0
 10
-11.47691
 20
-1.16026
 30
0.0
 10
-11.48396
 20
-1.16026
 30
0.0
 10
-11.48396
 20
-1.16026
 30
0.0
 10
-11.48396
 20
-1.16026
 30
0.0
 10
-11.48749
 20
-1.15673
 30
0.0
 10
-11.48749
 20
-1.15673
 30
0.0
 10
-11.48749
 20
-1.15673
 30
0.0
 10
-11.49455
 20
-1.1532
 30
0.0
 10
-11.49455
 20
-1.1532
 30
0.0
 10
-11.49455
 20
-1.1532
 30
0.0
 10
-11.49807
 20
-1.14967
 30
0.0
 10
-11.49807
 20
-1.14967
 30
0.0
 10
-11.49807
 20
-1.14967
 30
0.0
 10
-11.5016
 20
-1.14615
 30
0.0
 10
-11.5016
 20
-1.14615
 30
0.0
 10
-11.5016
 20
-1.14615
 30
0.0
 10
-11.5016
 20
-1.14262
 30
0.0
 10
-11.5016
 20
-1.14262
 30
0.0
 10
-11.5016
 20
-1.14262
 30
0.0
 10
-11.5016
 20
-1.13909
 30
0.0
 10
-11.5016
 20
-1.13909
 30
0.0
  0
SPLINE
  5
29C
330
1F
100
AcDbEntity
  8
Camada 1
 62
   251
370
     9
100
AcDbSpline
210
0.0
220
0.0
230
1.0
 70
    24
 71
     3
 72
     8
 73
     4
 74
     0
 42
0.0000000001
 43
0.0000000001
 40
0.0
 40
0.0
 40
0.0
 40
0.0
 40
1.0
 40
1.0
 40
1.0
 40
1.0
 10
-7.73394
 20
-0.04548
 30
0.0
 10
-7.73394
 20
-0.04548
 30
0.0
 10
-7.73394
 20
-1.13909
 30
0.0
 10
-7.73394
 20
-1.13909
 30
0.0
  0
SPLINE
  5
29F
330
1F
100
AcDbEntity
  8
Camada 1
 62
   251
370
     9
100
AcDbSpline
210
0.0
220
0.0
230
1.0
 70
    24
 71
     3
 72
     8
 73
     4
 74
     0
 42
0.0000000001
 43
0.0000000001
 40
0.0
 40
0.0
 40
0.0
 40
0.0
 40
1.0
 40
1.0
 40
1.0
 40
1.0
 10
-11.5016
 20
-1.13909
 30
0.0
 10
-11.5016
 20
-1.13909
 30
0.0
 10
-11.5016
 20
-0.04548
 30
0.0
 10
-11.5016
 20
-0.04548
 30
0.0
  0
SPLINE
  5
2A0
330
1F
100
AcDbEntity
  8
Camada 1
 62
   251
370
     9
100
AcDbSpline
210
0.0
220
0.0
230
1.0
 70
     8
 71
     3
 72
    29
 73
    25
 74
     0
 42
0.0000000001
 43
0.0000000001
 40
0.0
 40
0.0
 40
0.0
 40
0.0
 40
0.125
 40
0.125
 40
0.125
 40
0.25
 40
0.25
 40
0.25
 40
0.375
 40
0.375
 40
0.375
 40
0.5
 40
0.5
 40
0.5
 40
0.625
 40
0.625
 40
0.625
 40
0.75
 40
0.75
 40
0.75
 40
0.875
 40
0.875
 40
0.875
 40
1.0
 40
1.0
 40
1.0
 40
1.0
 10
-7.76216
 20
-0.01726
 30
0.0
 10
-7.76216
 20
-0.01726
 30
0.0
 10
-7.7551
 20
-0.01726
 30
0.0
 10
-7.7551
 20
-0.01726
 30
0.0
 10
-7.7551
 20
-0.01726
 30
0.0
 10
-7.75157
 20
-0.02079
 30
0.0
 10
-7.75157
 20
-0.02079
 30
0.0
 10
-7.75157
 20
-0.02079
 30
0.0
 10
-7.74452
 20
-0.02079
 30
0.0
 10
-7.74452
 20
-0.02079
 30
0.0
 10
-7.74452
 20
-0.02079
 30
0.0
 10
-7.74099
 20
-0.02431
 30
0.0
 10
-7.74099
 20
-0.02431
 30
0.0
 10
-7.74099
 20
-0.02431
 30
0.0
 10
-7.73746
 20
-0.03137
 30
0.0
 10
-7.73746
 20
-0.03137
 30
0.0
 10
-7.73746
 20
-0.03137
 30
0.0
 10
-7.73394
 20
-0.0349
 30
0.0
 10
-7.73394
 20
-0.0349
 30
0.0
 10
-7.73394
 20
-0.0349
 30
0.0
 10
-7.73394
 20
-0.04195
 30
0.0
 10
-7.73394
 20
-0.04195
 30
0.0
 10
-7.73394
 20
-0.04195
 30
0.0
 10
-7.73394
 20
-0.04548
 30
0.0
 10
-7.73394
 20
-0.04548
 30
0.0
  0
SPLINE
  5
2A1
330
1F
100
AcDbEntity
  8
Camada 1
 62
   251
370
     9
100
AcDbSpline
210
0.0
220
0.0
230
1.0
 70
    24
 71
     3
 72
    11
 73
     7
 74
     0
 42
0.0000000001
 43
0.0000000001
 40
0.0
 40
0.0
 40
0.0
 40
0.0
 40
0.5
 40
0.5
 40
0.5
 40
1.0
 40
1.0
 40
1.0
 40
1.0
 10
-7.76216
 20
-0.02431
 30
0.0
 10
-7.76216
 20
-0.02431
 30
0.0
 10
-7.76216
 20
-0.02079
 30
0.0
 10
-7.76216
 20
-0.02079
 30
0.0
 10
-7.76216
 20
-0.02079
 30
0.0
 10
-7.76216
 20
-0.01726
 30
0.0
 10
-7.76216
 20
-0.01726
 30
0.0
  0
SPLINE
  5
2A2
330
1F
100
AcDbEntity
  8
Camada 1
 62
   251
370
     9
100
AcDbSpline
210
0.0
220
0.0
230
1.0
 70
     8
 71
     3
 72
    29
 73
    25
 74
     0
 42
0.0000000001
 43
0.0000000001
 40
0.0
 40
0.0
 40
0.0
 40
0.0
 40
0.125
 40
0.125
 40
0.125
 40
0.25
 40
0.25
 40
0.25
 40
0.375
 40
0.375
 40
0.375
 40
0.5
 40
0.5
 40
0.5
 40
0.625
 40
0.625
 40
0.625
 40
0.75
 40
0.75
 40
0.75
 40
0.875
 40
0.875
 40
0.875
 40
1.0
 40
1.0
 40
1.0
 40
1.0
 10
-7.76216
 20
-1.16731
 30
0.0
 10
-7.76216
 20
-1.16731
 30
0.0
 10
-7.7551
 20
-1.16731
 30
0.0
 10
-7.7551
 20
-1.16731
 30
0.0
 10
-7.7551
 20
-1.16731
 30
0.0
 10
-7.75157
 20
-1.16378
 30
0.0
 10
-7.75157
 20
-1.16378
 30
0.0
 10
-7.75157
 20
-1.16378
 30
0.0
 10
-7.74452
 20
-1.16378
 30
0.0
 10
-7.74452
 20
-1.16378
 30
0.0
 10
-7.74452
 20
-1.16378
 30
0.0
 10
-7.74099
 20
-1.16026
 30
0.0
 10
-7.74099
 20
-1.16026
 30
0.0
 10
-7.74099
 20
-1.16026
 30
0.0
 10
-7.73746
 20
-1.1532
 30
0.0
 10
-7.73746
 20
-1.1532
 30
0.0
 10
-7.73746
 20
-1.1532
 30
0.0
 10
-7.73394
 20
-1.14967
 30
0.0
 10
-7.73394
 20
-1.14967
 30
0.0
 10
-7.73394
 20
-1.14967
 30
0.0
 10
-7.73394
 20
-1.14262
 30
0.0
 10
-7.73394
 20
-1.14262
 30
0.0
 10
-7.73394
 20
-1.14262
 30
0.0
 10
-7.73394
 20
-1.13909
 30
0.0
 10
-7.73394
 20
-1.13909
 30
0.0
  0
SPLINE
  5
2A3
330
1F
100
AcDbEntity
  8
Camada 1
 62
   251
370
     9
100
AcDbSpline
210
0.0
220
0.0
230
1.0
 70
    24
 71
     3
 72
    14
 73
    10
 74
     0
 42
0.0000000001
 43
0.0000000001
 40
0.0
 40
0.0
 40
0.0
 40
0.0
 40
0.3333333333333333
 40
0.3333333333333333
 40
0.3333333333333333
 40
0.6666666666666666
 40
0.6666666666666666
 40
0.6666666666666666
 40
1.0
 40
1.0
 40
1.0
 40
1.0
 10
-7.76216
 20
-1.16731
 30
0.0
 10
-7.76216
 20
-1.16731
 30
0.0
 10
-7.76216
 20
-1.16731
 30
0.0
 10
-7.76216
 20
-1.16731
 30
0.0
 10
-7.76216
 20
-1.16731
 30
0.0
 10
-7.76216
 20
-1.16378
 30
0.0
 10
-7.76216
 20
-1.16378
 30
0.0
 10
-7.76216
 20
-1.16378
 30
0.0
 10
-7.76216
 20
-1.16026
 30
0.0
 10
-7.76216
 20
-1.16026
 30
0.0
  0
SPLINE
  5
2A4
330
1F
100
AcDbEntity
  8
Camada 1
 62
   251
370
     9
100
AcDbSpline
210
0.0
220
0.0
230
1.0
 70
     8
 71
     3
 72
    29
 73
    25
 74
     0
 42
0.0000000001
 43
0.0000000001
 40
0.0
 40
0.0
 40
0.0
 40
0.0
 40
0.125
 40
0.125
 40
0.125
 40
0.25
 40
0.25
 40
0.25
 40
0.375
 40
0.375
 40
0.375
 40
0.5
 40
0.5
 40
0.5
 40
0.625
 40
0.625
 40
0.625
 40
0.75
 40
0.75
 40
0.75
 40
0.875
 40
0.875
 40
0.875
 40
1.0
 40
1.0
 40
1.0
 40
1.0
 10
-11.47338
 20
-0.01726
 30
0.0
 10
-11.47338
 20
-0.01726
 30
0.0
 10
-11.47691
 20
-0.01726
 30
0.0
 10
-11.47691
 20
-0.01726
 30
0.0
 10
-11.47691
 20
-0.01726
 30
0.0
 10
-11.48396
 20
-0.02079
 30
0.0
 10
-11.48396
 20
-0.02079
 30
0.0
 10
-11.48396
 20
-0.02079
 30
0.0
 10
-11.49102
 20
-0.02079
 30
0.0
 10
-11.49102
 20
-0.02079
 30
0.0
 10
-11.49102
 20
-0.02079
 30
0.0
 10
-11.49455
 20
-0.02431
 30
0.0
 10
-11.49455
 20
-0.02431
 30
0.0
 10
-11.49455
 20
-0.02431
 30
0.0
 10
-11.49807
 20
-0.03137
 30
0.0
 10
-11.49807
 20
-0.03137
 30
0.0
 10
-11.49807
 20
-0.03137
 30
0.0
 10
-11.5016
 20
-0.0349
 30
0.0
 10
-11.5016
 20
-0.0349
 30
0.0
 10
-11.5016
 20
-0.0349
 30
0.0
 10
-11.5016
 20
-0.04195
 30
0.0
 10
-11.5016
 20
-0.04195
 30
0.0
 10
-11.5016
 20
-0.04195
 30
0.0
 10
-11.5016
 20
-0.04548
 30
0.0
 10
-11.5016
 20
-0.04548
 30
0.0
  0
SPLINE
  5
2A5
330
1F
100
AcDbEntity
  8
Camada 1
 62
   251
370
     9
100
AcDbSpline
210
0.0
220
0.0
230
1.0
 70
    24
 71
     3
 72
    14
 73
    10
 74
     0
 42
0.0000000001
 43
0.0000000001
 40
0.0
 40
0.0
 40
0.0
 40
0.0
 40
0.3333333333333333
 40
0.3333333333333333
 40
0.3333333333333333
 40
0.6666666666666666
 40
0.6666666666666666
 40
0.6666666666666666
 40
1.0
 40
1.0
 40
1.0
 40
1.0
 10
-11.47338
 20
-0.01726
 30
0.0
 10
-11.47338
 20
-0.01726
 30
0.0
 10
-11.47338
 20
-0.01726
 30
0.0
 10
-11.47338
 20
-0.01726
 30
0.0
 10
-11.47338
 20
-0.01726
 30
0.0
 10
-11.47338
 20
-0.02079
 30
0.0
 10
-11.47338
 20
-0.02079
 30
0.0
 10
-11.47338
 20
-0.02079
 30
0.0
 10
-11.47338
 20
-0.02431
 30
0.0
 10
-11.47338
 20
-0.02431
 30
0.0
  0
SPLINE
  5
2A6
330
1F
100
AcDbEntity
  8
Camada 1
 62
   251
370
     9
100
AcDbSpline
210
0.0
220
0.0
230
1.0
 70
     8
 71
     3
 72
    29
 73
    25
 74
     0
 42
0.0000000001
 43
0.0000000001
 40
0.0
 40
0.0
 40
0.0
 40
0.0
 40
0.125
 40
0.125
 40
0.125
 40
0.25
 40
0.25
 40
0.25
 40
0.375
 40
0.375
 40
0.375
 40
0.5
 40
0.5
 40
0.5
 40
0.625
 40
0.625
 40
0.625
 40
0.75
 40
0.75
 40
0.75
 40
0.875
 40
0.875
 40
0.875
 40
1.0
 40
1.0
 40
1.0
 40
1.0
 10
-11.47338
 20
-1.16731
 30
0.0
 10
-11.47338
 20
-1.16731
 30
0.0
 10
-11.47691
 20
-1.16731
 30
0.0
 10
-11.47691
 20
-1.16731
 30
0.0
 10
-11.47691
 20
-1.16731
 30
0.0
 10
-11.48396
 20
-1.16378
 30
0.0
 10
-11.48396
 20
-1.16378
 30
0.0
 10
-11.48396
 20
-1.16378
 30
0.0
 10
-11.49102
 20
-1.16378
 30
0.0
 10
-11.49102
 20
-1.16378
 30
0.0
 10
-11.49102
 20
-1.16378
 30
0.0
 10
-11.49455
 20
-1.16026
 30
0.0
 10
-11.49455
 20
-1.16026
 30
0.0
 10
-11.49455
 20
-1.16026
 30
0.0
 10
-11.49807
 20
-1.1532
 30
0.0
 10
-11.49807
 20
-1.1532
 30
0.0
 10
-11.49807
 20
-1.1532
 30
0.0
 10
-11.5016
 20
-1.14967
 30
0.0
 10
-11.5016
 20
-1.14967
 30
0.0
 10
-11.5016
 20
-1.14967
 30
0.0
 10
-11.5016
 20
-1.14262
 30
0.0
 10
-11.5016
 20
-1.14262
 30
0.0
 10
-11.5016
 20
-1.14262
 30
0.0
 10
-11.5016
 20
-1.13909
 30
0.0
 10
-11.5016
 20
-1.13909
 30
0.0
  0
SPLINE
  5
2A7
330
1F
100
AcDbEntity
  8
Camada 1
 62
   251
370
     9
100
AcDbSpline
210
0.0
220
0.0
230
1.0
 70
    24
 71
     3
 72
    11
 73
     7
 74
     0
 42
0.0000000001
 43
0.0000000001
 40
0.0
 40
0.0
 40
0.0
 40
0.0
 40
0.5
 40
0.5
 40
0.5
 40
1.0
 40
1.0
 40
1.0
 40
1.0
 10
-11.47338
 20
-1.16026
 30
0.0
 10
-11.47338
 20
-1.16026
 30
0.0
 10
-11.47338
 20
-1.16378
 30
0.0
 10
-11.47338
 20
-1.16378
 30
0.0
 10
-11.47338
 20
-1.16378
 30
0.0
 10
-11.47338
 20
-1.16731
 30
0.0
 10
-11.47338
 20
-1.16731
 30
0.0
  0
SPLINE
  5
2A8
330
1F
100
AcDbEntity
  8
Camada 1
 62
   251
370
     9
100
AcDbSpline
210
0.0
220
0.0
230
1.0
 70
    24
 71
     3
 72
     8
 73
     4
 74
     0
 42
0.0000000001
 43
0.0000000001
 40
0.0
 40
0.0
 40
0.0
 40
0.0
 40
1.0
 40
1.0
 40
1.0
 40
1.0
 10
-11.47338
 20
-0.01726
 30
0.0
 10
-11.47338
 20
-0.01726
 30
0.0
 10
-7.76216
 20
-0.01726
 30
0.0
 10
-7.76216
 20
-0.01726
 30
0.0
  0
SPLINE
  5
2A9
330
1F
100
AcDbEntity
  8
Camada 1
 62
   251
370
     9
100
AcDbSpline
210
0.0
220
0.0
230
1.0
 70
    24
 71
     3
 72
     8
 73
     4
 74
     0
 42
0.0000000001
 43
0.0000000001
 40
0.0
 40
0.0
 40
0.0
 40
0.0
 40
1.0
 40
1.0
 40
1.0
 40
1.0
 10
-7.76216
 20
-1.16731
 30
0.0
 10
-7.76216
 20
-1.16731
 30
0.0
 10
-11.47338
 20
-1.16731
 30
0.0
 10
-11.47338
 20
-1.16731
 30
0.0
  0
SPLINE
  5
2AA
330
1F
100
AcDbEntity
  8
Camada 1
 62
   251
370
     9
100
AcDbSpline
210
0.0
220
0.0
230
1.0
 70
     8
 71
     3
 72
    29
 73
    25
 74
     0
 42
0.0000000001
 43
0.0000000001
 40
0.0
 40
0.0
 40
0.0
 40
0.0
 40
0.125
 40
0.125
 40
0.125
 40
0.25
 40
0.25
 40
0.25
 40
0.375
 40
0.375
 40
0.375
 40
0.5
 40
0.5
 40
0.5
 40
0.625
 40
0.625
 40
0.625
 40
0.75
 40
0.75
 40
0.75
 40
0.875
 40
0.875
 40
0.875
 40
1.0
 40
1.0
 40
1.0
 40
1.0
 10
-7.76216
 20
-1.16731
 30
0.0
 10
-7.76216
 20
-1.16731
 30
0.0
 10
-7.7551
 20
-1.16731
 30
0.0
 10
-7.7551
 20
-1.16731
 30
0.0
 10
-7.7551
 20
-1.16731
 30
0.0
 10
-7.75157
 20
-1.16378
 30
0.0
 10
-7.75157
 20
-1.16378
 30
0.0
 10
-7.75157
 20
-1.16378
 30
0.0
 10
-7.74452
 20
-1.16378
 30
0.0
 10
-7.74452
 20
-1.16378
 30
0.0
 10
-7.74452
 20
-1.16378
 30
0.0
 10
-7.74099
 20
-1.16026
 30
0.0
 10
-7.74099
 20
-1.16026
 30
0.0
 10
-7.74099
 20
-1.16026
 30
0.0
 10
-7.73746
 20
-1.1532
 30
0.0
 10
-7.73746
 20
-1.1532
 30
0.0
 10
-7.73746
 20
-1.1532
 30
0.0
 10
-7.73394
 20
-1.14967
 30
0.0
 10
-7.73394
 20
-1.14967
 30
0.0
 10
-7.73394
 20
-1.14967
 30
0.0
 10
-7.73394
 20
-1.14262
 30
0.0
 10
-7.73394
 20
-1.14262
 30
0.0
 10
-7.73394
 20
-1.14262
 30
0.0
 10
-7.73394
 20
-1.13909
 30
0.0
 10
-7.73394
 20
-1.13909
 30
0.0
  0
SPLINE
  5
2AD
330
1F
100
AcDbEntity
  8
Camada 1
 62
   251
370
     9
100
AcDbSpline
210
0.0
220
0.0
230
1.0
 70
     8
 71
     3
 72
    29
 73
    25
 74
     0
 42
0.0000000001
 43
0.0000000001
 40
0.0
 40
0.0
 40
0.0
 40
0.0
 40
0.125
 40
0.125
 40
0.125
 40
0.25
 40
0.25
 40
0.25
 40
0.375
 40
0.375
 40
0.375
 40
0.5
 40
0.5
 40
0.5
 40
0.625
 40
0.625
 40
0.625
 40
0.75
 40
0.75
 40
0.75
 40
0.875
 40
0.875
 40
0.875
 40
1.0
 40
1.0
 40
1.0
 40
1.0
 10
-7.76216
 20
-0.01726
 30
0.0
 10
-7.76216
 20
-0.01726
 30
0.0
 10
-7.7551
 20
-0.01726
 30
0.0
 10
-7.7551
 20
-0.01726
 30
0.0
 10
-7.7551
 20
-0.01726
 30
0.0
 10
-7.75157
 20
-0.02079
 30
0.0
 10
-7.75157
 20
-0.02079
 30
0.0
 10
-7.75157
 20
-0.02079
 30
0.0
 10
-7.74452
 20
-0.02079
 30
0.0
 10
-7.74452
 20
-0.02079
 30
0.0
 10
-7.74452
 20
-0.02079
 30
0.0
 10
-7.74099
 20
-0.02431
 30
0.0
 10
-7.74099
 20
-0.02431
 30
0.0
 10
-7.74099
 20
-0.02431
 30
0.0
 10
-7.73746
 20
-0.03137
 30
0.0
 10
-7.73746
 20
-0.03137
 30
0.0
 10
-7.73746
 20
-0.03137
 30
0.0
 10
-7.73394
 20
-0.0349
 30
0.0
 10
-7.73394
 20
-0.0349
 30
0.0
 10
-7.73394
 20
-0.0349
 30
0.0
 10
-7.73394
 20
-0.04195
 30
0.0
 10
-7.73394
 20
-0.04195
 30
0.0
 10
-7.73394
 20
-0.04195
 30
0.0
 10
-7.73394
 20
-0.04548
 30
0.0
 10
-7.73394
 20
-0.04548
 30
0.0
  0
SPLINE
  5
2AE
330
1F
100
AcDbEntity
  8
Camada 1
 62
   251
370
     9
100
AcDbSpline
210
0.0
220
0.0
230
1.0
 70
     8
 71
     3
 72
    29
 73
    25
 74
     0
 42
0.0000000001
 43
0.0000000001
 40
0.0
 40
0.0
 40
0.0
 40
0.0
 40
0.125
 40
0.125
 40
0.125
 40
0.25
 40
0.25
 40
0.25
 40
0.375
 40
0.375
 40
0.375
 40
0.5
 40
0.5
 40
0.5
 40
0.625
 40
0.625
 40
0.625
 40
0.75
 40
0.75
 40
0.75
 40
0.875
 40
0.875
 40
0.875
 40
1.0
 40
1.0
 40
1.0
 40
1.0
 10
-11.47338
 20
-0.01726
 30
0.0
 10
-11.47338
 20
-0.01726
 30
0.0
 10
-11.48043
 20
-0.01726
 30
0.0
 10
-11.48043
 20
-0.01726
 30
0.0
 10
-11.48043
 20
-0.01726
 30
0.0
 10
-11.48396
 20
-0.02079
 30
0.0
 10
-11.48396
 20
-0.02079
 30
0.0
 10
-11.48396
 20
-0.02079
 30
0.0
 10
-11.49102
 20
-0.02079
 30
0.0
 10
-11.49102
 20
-0.02079
 30
0.0
 10
-11.49102
 20
-0.02079
 30
0.0
 10
-11.49455
 20
-0.02431
 30
0.0
 10
-11.49455
 20
-0.02431
 30
0.0
 10
-11.49455
 20
-0.02431
 30
0.0
 10
-11.49807
 20
-0.03137
 30
0.0
 10
-11.49807
 20
-0.03137
 30
0.0
 10
-11.49807
 20
-0.03137
 30
0.0
 10
-11.5016
 20
-0.0349
 30
0.0
 10
-11.5016
 20
-0.0349
 30
0.0
 10
-11.5016
 20
-0.0349
 30
0.0
 10
-11.5016
 20
-0.04195
 30
0.0
 10
-11.5016
 20
-0.04195
 30
0.0
 10
-11.5016
 20
-0.04195
 30
0.0
 10
-11.5016
 20
-0.04548
 30
0.0
 10
-11.5016
 20
-0.04548
 30
0.0
  0
SPLINE
  5
2B1
330
1F
100
AcDbEntity
  8
Camada 1
 62
   251
370
     9
100
AcDbSpline
210
0.0
220
0.0
230
1.0
 70
     8
 71
     3
 72
    29
 73
    25
 74
     0
 42
0.0000000001
 43
0.0000000001
 40
0.0
 40
0.0
 40
0.0
 40
0.0
 40
0.125
 40
0.125
 40
0.125
 40
0.25
 40
0.25
 40
0.25
 40
0.375
 40
0.375
 40
0.375
 40
0.5
 40
0.5
 40
0.5
 40
0.625
 40
0.625
 40
0.625
 40
0.75
 40
0.75
 40
0.75
 40
0.875
 40
0.875
 40
0.875
 40
1.0
 40
1.0
 40
1.0
 40
1.0
 10
-11.47338
 20
-1.16731
 30
0.0
 10
-11.47338
 20
-1.16731
 30
0.0
 10
-11.48043
 20
-1.16731
 30
0.0
 10
-11.48043
 20
-1.16731
 30
0.0
 10
-11.48043
 20
-1.16731
 30
0.0
 10
-11.48396
 20
-1.16378
 30
0.0
 10
-11.48396
 20
-1.16378
 30
0.0
 10
-11.48396
 20
-1.16378
 30
0.0
 10
-11.49102
 20
-1.16378
 30
0.0
 10
-11.49102
 20
-1.16378
 30
0.0
 10
-11.49102
 20
-1.16378
 30
0.0
 10
-11.49455
 20
-1.16026
 30
0.0
 10
-11.49455
 20
-1.16026
 30
0.0
 10
-11.49455
 20
-1.16026
 30
0.0
 10
-11.49807
 20
-1.1532
 30
0.0
 10
-11.49807
 20
-1.1532
 30
0.0
 10
-11.49807
 20
-1.1532
 30
0.0
 10
-11.5016
 20
-1.14967
 30
0.0
 10
-11.5016
 20
-1.14967
 30
0.0
 10
-11.5016
 20
-1.14967
 30
0.0
 10
-11.5016
 20
-1.14262
 30
0.0
 10
-11.5016
 20
-1.14262
 30
0.0
 10
-11.5016
 20
-1.14262
 30
0.0
 10
-11.5016
 20
-1.13909
 30
0.0
 10
-11.5016
 20
-1.13909
 30
0.0
  0
SPLINE
  5
2B3
330
1F
100
AcDbEntity
  8
Camada 1
 62
   251
370
     9
100
AcDbSpline
210
0.0
220
0.0
230
1.0
 70
    24
 71
     3
 72
     8
 73
     4
 74
     0
 42
0.0000000001
 43
0.0000000001
 40
0.0
 40
0.0
 40
0.0
 40
0.0
 40
1.0
 40
1.0
 40
1.0
 40
1.0
 10
-7.76216
 20
-0.01726
 30
0.0
 10
-7.76216
 20
-0.01726
 30
0.0
 10
-11.47338
 20
-0.01726
 30
0.0
 10
-11.47338
 20
-0.01726
 30
0.0
  0
SPLINE
  5
2B6
330
1F
100
AcDbEntity
  8
Camada 1
 62
   251
370
     9
100
AcDbSpline
210
0.0
220
0.0
230
1.0
 70
    24
 71
     3
 72
     8
 73
     4
 74
     0
 42
0.0000000001
 43
0.0000000001
 40
0.0
 40
0.0
 40
0.0
 40
0.0
 40
1.0
 40
1.0
 40
1.0
 40
1.0
 10
-11.47338
 20
-1.16731
 30
0.0
 10
-11.47338
 20
-1.16731
 30
0.0
 10
-7.76216
 20
-1.16731
 30
0.0
 10
-7.76216
 20
-1.16731
 30
0.0
  0
SPLINE
  5
2B8
330
1F
100
AcDbEntity
  8
Camada 1
 62
   251
370
     9
100
AcDbSpline
210
0.0
220
0.0
230
1.0
 70
     8
 71
     3
 72
    29
 73
    25
 74
     0
 42
0.0000000001
 43
0.0000000001
 40
0.0
 40
0.0
 40
0.0
 40
0.0
 40
0.125
 40
0.125
 40
0.125
 40
0.25
 40
0.25
 40
0.25
 40
0.375
 40
0.375
 40
0.375
 40
0.5
 40
0.5
 40
0.5
 40
0.625
 40
0.625
 40
0.625
 40
0.75
 40
0.75
 40
0.75
 40
0.875
 40
0.875
 40
0.875
 40
1.0
 40
1.0
 40
1.0
 40
1.0
 10
-7.73041
 20
-0.04548
 30
0.0
 10
-7.73041
 20
-0.04548
 30
0.0
 10
-7.73041
 20
-0.03842
 30
0.0
 10
-7.73041
 20
-0.03842
 30
0.0
 10
-7.73041
 20
-0.03842
 30
0.0
 10
-7.73394
 20
-0.0349
 30
0.0
 10
-7.73394
 20
-0.0349
 30
0.0
 10
-7.73394
 20
-0.0349
 30
0.0
 10
-7.73746
 20
-0.02784
 30
0.0
 10
-7.73746
 20
-0.02784
 30
0.0
 10
-7.73746
 20
-0.02784
 30
0.0
 10
-7.74099
 20
-0.02431
 30
0.0
 10
-7.74099
 20
-0.02431
 30
0.0
 10
-7.74099
 20
-0.02431
 30
0.0
 10
-7.74452
 20
-0.02079
 30
0.0
 10
-7.74452
 20
-0.02079
 30
0.0
 10
-7.74452
 20
-0.02079
 30
0.0
 10
-7.75157
 20
-0.01726
 30
0.0
 10
-7.75157
 20
-0.01726
 30
0.0
 10
-7.75157
 20
-0.01726
 30
0.0
 10
-7.7551
 20
-0.01726
 30
0.0
 10
-7.7551
 20
-0.01726
 30
0.0
 10
-7.7551
 20
-0.01726
 30
0.0
 10
-7.76216
 20
-0.01726
 30
0.0
 10
-7.76216
 20
-0.01726
 30
0.0
  0
SPLINE
  5
2B9
330
1F
100
AcDbEntity
  8
Camada 1
 62
   251
370
     9
100
AcDbSpline
210
0.0
220
0.0
230
1.0
 70
    24
 71
     3
 72
     8
 73
     4
 74
     0
 42
0.0000000001
 43
0.0000000001
 40
0.0
 40
0.0
 40
0.0
 40
0.0
 40
1.0
 40
1.0
 40
1.0
 40
1.0
 10
-7.73041
 20
-0.04548
 30
0.0
 10
-7.73041
 20
-0.04548
 30
0.0
 10
-7.73394
 20
-0.04548
 30
0.0
 10
-7.73394
 20
-0.04548
 30
0.0
  0
SPLINE
  5
2BA
330
1F
100
AcDbEntity
  8
Camada 1
 62
   251
370
     9
100
AcDbSpline
210
0.0
220
0.0
230
1.0
 70
    24
 71
     3
 72
     8
 73
     4
 74
     0
 42
0.0000000001
 43
0.0000000001
 40
0.0
 40
0.0
 40
0.0
 40
0.0
 40
1.0
 40
1.0
 40
1.0
 40
1.0
 10
-7.73394
 20
-1.13909
 30
0.0
 10
-7.73394
 20
-1.13909
 30
0.0
 10
-7.73041
 20
-1.13909
 30
0.0
 10
-7.73041
 20
-1.13909
 30
0.0
  0
SPLINE
  5
2BB
330
1F
100
AcDbEntity
  8
Camada 1
 62
   251
370
     9
100
AcDbSpline
210
0.0
220
0.0
230
1.0
 70
     8
 71
     3
 72
    29
 73
    25
 74
     0
 42
0.0000000001
 43
0.0000000001
 40
0.0
 40
0.0
 40
0.0
 40
0.0
 40
0.125
 40
0.125
 40
0.125
 40
0.25
 40
0.25
 40
0.25
 40
0.375
 40
0.375
 40
0.375
 40
0.5
 40
0.5
 40
0.5
 40
0.625
 40
0.625
 40
0.625
 40
0.75
 40
0.75
 40
0.75
 40
0.875
 40
0.875
 40
0.875
 40
1.0
 40
1.0
 40
1.0
 40
1.0
 10
-7.76216
 20
-1.16731
 30
0.0
 10
-7.76216
 20
-1.16731
 30
0.0
 10
-7.7551
 20
-1.16731
 30
0.0
 10
-7.7551
 20
-1.16731
 30
0.0
 10
-7.7551
 20
-1.16731
 30
0.0
 10
-7.75157
 20
-1.16731
 30
0.0
 10
-7.75157
 20
-1.16731
 30
0.0
 10
-7.75157
 20
-1.16731
 30
0.0
 10
-7.74452
 20
-1.16378
 30
0.0
 10
-7.74452
 20
-1.16378
 30
0.0
 10
-7.74452
 20
-1.16378
 30
0.0
 10
-7.74099
 20
-1.16026
 30
0.0
 10
-7.74099
 20
-1.16026
 30
0.0
 10
-7.74099
 20
-1.16026
 30
0.0
 10
-7.73746
 20
-1.15673
 30
0.0
 10
-7.73746
 20
-1.15673
 30
0.0
 10
-7.73746
 20
-1.15673
 30
0.0
 10
-7.73394
 20
-1.14967
 30
0.0
 10
-7.73394
 20
-1.14967
 30
0.0
 10
-7.73394
 20
-1.14967
 30
0.0
 10
-7.73041
 20
-1.14615
 30
0.0
 10
-7.73041
 20
-1.14615
 30
0.0
 10
-7.73041
 20
-1.14615
 30
0.0
 10
-7.73041
 20
-1.13909
 30
0.0
 10
-7.73041
 20
-1.13909
 30
0.0
  0
SPLINE
  5
2BC
330
1F
100
AcDbEntity
  8
Camada 1
 62
   251
370
     9
100
AcDbSpline
210
0.0
220
0.0
230
1.0
 70
     8
 71
     3
 72
    29
 73
    25
 74
     0
 42
0.0000000001
 43
0.0000000001
 40
0.0
 40
0.0
 40
0.0
 40
0.0
 40
0.125
 40
0.125
 40
0.125
 40
0.25
 40
0.25
 40
0.25
 40
0.375
 40
0.375
 40
0.375
 40
0.5
 40
0.5
 40
0.5
 40
0.625
 40
0.625
 40
0.625
 40
0.75
 40
0.75
 40
0.75
 40
0.875
 40
0.875
 40
0.875
 40
1.0
 40
1.0
 40
1.0
 40
1.0
 10
-11.50513
 20
-1.13909
 30
0.0
 10
-11.50513
 20
-1.13909
 30
0.0
 10
-11.5016
 20
-1.14615
 30
0.0
 10
-11.5016
 20
-1.14615
 30
0.0
 10
-11.5016
 20
-1.14615
 30
0.0
 10
-11.5016
 20
-1.14967
 30
0.0
 10
-11.5016
 20
-1.14967
 30
0.0
 10
-11.5016
 20
-1.14967
 30
0.0
 10
-11.49807
 20
-1.15673
 30
0.0
 10
-11.49807
 20
-1.15673
 30
0.0
 10
-11.49807
 20
-1.15673
 30
0.0
 10
-11.49455
 20
-1.16026
 30
0.0
 10
-11.49455
 20
-1.16026
 30
0.0
 10
-11.49455
 20
-1.16026
 30
0.0
 10
-11.49102
 20
-1.16378
 30
0.0
 10
-11.49102
 20
-1.16378
 30
0.0
 10
-11.49102
 20
-1.16378
 30
0.0
 10
-11.48396
 20
-1.16731
 30
0.0
 10
-11.48396
 20
-1.16731
 30
0.0
 10
-11.48396
 20
-1.16731
 30
0.0
 10
-11.48043
 20
-1.16731
 30
0.0
 10
-11.48043
 20
-1.16731
 30
0.0
 10
-11.48043
 20
-1.16731
 30
0.0
 10
-11.47338
 20
-1.16731
 30
0.0
 10
-11.47338
 20
-1.16731
 30
0.0
  0
SPLINE
  5
2BD
330
1F
100
AcDbEntity
  8
Camada 1
 62
   251
370
     9
100
AcDbSpline
210
0.0
220
0.0
230
1.0
 70
    24
 71
     3
 72
     8
 73
     4
 74
     0
 42
0.0000000001
 43
0.0000000001
 40
0.0
 40
0.0
 40
0.0
 40
0.0
 40
1.0
 40
1.0
 40
1.0
 40
1.0
 10
-11.50513
 20
-1.13909
 30
0.0
 10
-11.50513
 20
-1.13909
 30
0.0
 10
-11.5016
 20
-1.13909
 30
0.0
 10
-11.5016
 20
-1.13909
 30
0.0
  0
SPLINE
  5
2BE
330
1F
100
AcDbEntity
  8
Camada 1
 62
   251
370
     9
100
AcDbSpline
210
0.0
220
0.0
230
1.0
 70
    24
 71
     3
 72
     8
 73
     4
 74
     0
 42
0.0000000001
 43
0.0000000001
 40
0.0
 40
0.0
 40
0.0
 40
0.0
 40
1.0
 40
1.0
 40
1.0
 40
1.0
 10
-11.5016
 20
-0.04548
 30
0.0
 10
-11.5016
 20
-0.04548
 30
0.0
 10
-11.50513
 20
-0.04548
 30
0.0
 10
-11.50513
 20
-0.04548
 30
0.0
  0
SPLINE
  5
2BF
330
1F
100
AcDbEntity
  8
Camada 1
 62
   251
370
     9
100
AcDbSpline
210
0.0
220
0.0
230
1.0
 70
     8
 71
     3
 72
    29
 73
    25
 74
     0
 42
0.0000000001
 43
0.0000000001
 40
0.0
 40
0.0
 40
0.0
 40
0.0
 40
0.125
 40
0.125
 40
0.125
 40
0.25
 40
0.25
 40
0.25
 40
0.375
 40
0.375
 40
0.375
 40
0.5
 40
0.5
 40
0.5
 40
0.625
 40
0.625
 40
0.625
 40
0.75
 40
0.75
 40
0.75
 40
0.875
 40
0.875
 40
0.875
 40
1.0
 40
1.0
 40
1.0
 40
1.0
 10
-11.47338
 20
-0.01726
 30
0.0
 10
-11.47338
 20
-0.01726
 30
0.0
 10
-11.48043
 20
-0.01726
 30
0.0
 10
-11.48043
 20
-0.01726
 30
0.0
 10
-11.48043
 20
-0.01726
 30
0.0
 10
-11.48396
 20
-0.01726
 30
0.0
 10
-11.48396
 20
-0.01726
 30
0.0
 10
-11.48396
 20
-0.01726
 30
0.0
 10
-11.49102
 20
-0.02079
 30
0.0
 10
-11.49102
 20
-0.02079
 30
0.0
 10
-11.49102
 20
-0.02079
 30
0.0
 10
-11.49455
 20
-0.02431
 30
0.0
 10
-11.49455
 20
-0.02431
 30
0.0
 10
-11.49455
 20
-0.02431
 30
0.0
 10
-11.49807
 20
-0.02784
 30
0.0
 10
-11.49807
 20
-0.02784
 30
0.0
 10
-11.49807
 20
-0.02784
 30
0.0
 10
-11.5016
 20
-0.0349
 30
0.0
 10
-11.5016
 20
-0.0349
 30
0.0
 10
-11.5016
 20
-0.0349
 30
0.0
 10
-11.5016
 20
-0.03842
 30
0.0
 10
-11.5016
 20
-0.03842
 30
0.0
 10
-11.5016
 20
-0.03842
 30
0.0
 10
-11.50513
 20
-0.04548
 30
0.0
 10
-11.50513
 20
-0.04548
 30
0.0
  0
SPLINE
  5
2C0
330
1F
100
AcDbEntity
  8
Camada 1
 62
   251
370
     9
100
AcDbSpline
210
0.0
220
0.0
230
1.0
 70
    24
 71
     3
 72
     8
 73
     4
 74
     0
 42
0.0000000001
 43
0.0000000001
 40
0.0
 40
0.0
 40
0.0
 40
0.0
 40
1.0
 40
1.0
 40
1.0
 40
1.0
 10
-7.73041
 20
-1.13909
 30
0.0
 10
-7.73041
 20
-1.13909
 30
0.0
 10
-7.73041
 20
-0.04548
 30
0.0
 10
-7.73041
 20
-0.04548
 30
0.0
  0
SPLINE
  5
2C1
330
1F
100
AcDbEntity
  8
Camada 1
 62
   251
370
     9
100
AcDbSpline
210
0.0
220
0.0
230
1.0
 70
    24
 71
     3
 72
     8
 73
     4
 74
     0
 42
0.0000000001
 43
0.0000000001
 40
0.0
 40
0.0
 40
0.0
 40
0.0
 40
1.0
 40
1.0
 40
1.0
 40
1.0
 10
-11.50513
 20
-0.04548
 30
0.0
 10
-11.50513
 20
-0.04548
 30
0.0
 10
-11.50513
 20
-1.13909
 30
0.0
 10
-11.50513
 20
-1.13909
 30
0.0
  0
SPLINE
  5
2C2
330
1F
100
AcDbEntity
  8
Camada 1
 62
   251
370
     9
100
AcDbSpline
210
0.0
220
0.0
230
1.0
 70
     8
 71
     3
 72
    41
 73
    37
 74
     0
 42
0.0000000001
 43
0.0000000001
 40
0.0
 40
0.0
 40
0.0
 40
0.0
 40
0.0833333333333333
 40
0.0833333333333333
 40
0.0833333333333333
 40
0.1666666666666667
 40
0.1666666666666667
 40
0.1666666666666667
 40
0.25
 40
0.25
 40
0.25
 40
0.3333333333333333
 40
0.3333333333333333
 40
0.3333333333333333
 40
0.4166666666666666
 40
0.4166666666666666
 40
0.4166666666666666
 40
0.5
 40
0.5
 40
0.5
 40
0.5833333333333333
 40
0.5833333333333333
 40
0.5833333333333333
 40
0.6666666666666666
 40
0.6666666666666666
 40
0.6666666666666666
 40
0.75
 40
0.75
 40
0.75
 40
0.8333333333333333
 40
0.8333333333333333
 40
0.8333333333333333
 40
0.9166666666666666
 40
0.9166666666666666
 40
0.9166666666666666
 40
1.0
 40
1.0
 40
1.0
 40
1.0
 10
-7.76569
 20
-3.51328
 30
0.0
 10
-7.76569
 20
-3.51328
 30
0.0
 10
-7.77627
 20
-3.47801
 30
0.0
 10
-7.77627
 20
-3.47801
 30
0.0
 10
-7.77627
 20
-3.47801
 30
0.0
 10
-7.78685
 20
-3.43567
 30
0.0
 10
-7.78685
 20
-3.43567
 30
0.0
 10
-7.78685
 20
-3.43567
 30
0.0
 10
-7.80096
 20
-3.3369
 30
0.0
 10
-7.80096
 20
-3.3369
 30
0.0
 10
-7.80096
 20
-3.3369
 30
0.0
 10
-7.81155
 20
-3.23106
 30
0.0
 10
-7.81155
 20
-3.23106
 30
0.0
 10
-7.81155
 20
-3.23106
 30
0.0
 10
-7.82213
 20
-3.04762
 30
0.0
 10
-7.82213
 20
-3.04762
 30
0.0
 10
-7.82213
 20
-3.04762
 30
0.0
 10
-7.82213
 20
-2.86417
 30
0.0
 10
-7.82213
 20
-2.86417
 30
0.0
 10
-7.82213
 20
-2.86417
 30
0.0
 10
-7.81155
 20
-2.6772
 30
0.0
 10
-7.81155
 20
-2.6772
 30
0.0
 10
-7.81155
 20
-2.6772
 30
0.0
 10
-7.80449
 20
-2.60312
 30
0.0
 10
-7.80449
 20
-2.60312
 30
0.0
 10
-7.80449
 20
-2.60312
 30
0.0
 10
-7.79744
 20
-2.53256
 30
0.0
 10
-7.79744
 20
-2.53256
 30
0.0
 10
-7.79744
 20
-2.53256
 30
0.0
 10
-7.79038
 20
-2.48317
 30
0.0
 10
-7.79038
 20
-2.48317
 30
0.0
 10
-7.79038
 20
-2.48317
 30
0.0
 10
-7.7798
 20
-2.43731
 30
0.0
 10
-7.7798
 20
-2.43731
 30
0.0
 10
-7.7798
 20
-2.43731
 30
0.0
 10
-7.76569
 20
-2.39145
 30
0.0
 10
-7.76569
 20
-2.39145
 30
0.0
  0
SPLINE
  5
2C3
330
1F
100
AcDbEntity
  8
Camada 1
 62
   251
370
     9
100
AcDbSpline
210
0.0
220
0.0
230
1.0
 70
     8
 71
     3
 72
    29
 73
    25
 74
     0
 42
0.0000000001
 43
0.0000000001
 40
0.0
 40
0.0
 40
0.0
 40
0.0
 40
0.125
 40
0.125
 40
0.125
 40
0.25
 40
0.25
 40
0.25
 40
0.375
 40
0.375
 40
0.375
 40
0.5
 40
0.5
 40
0.5
 40
0.625
 40
0.625
 40
0.625
 40
0.75
 40
0.75
 40
0.75
 40
0.875
 40
0.875
 40
0.875
 40
1.0
 40
1.0
 40
1.0
 40
1.0
 10
-7.76569
 20
-2.39145
 30
0.0
 10
-7.76569
 20
-2.39145
 30
0.0
 10
-7.75863
 20
-2.39145
 30
0.0
 10
-7.75863
 20
-2.39145
 30
0.0
 10
-7.75863
 20
-2.39145
 30
0.0
 10
-7.7551
 20
-2.39498
 30
0.0
 10
-7.7551
 20
-2.39498
 30
0.0
 10
-7.7551
 20
-2.39498
 30
0.0
 10
-7.75157
 20
-2.39498
 30
0.0
 10
-7.75157
 20
-2.39498
 30
0.0
 10
-7.75157
 20
-2.39498
 30
0.0
 10
-7.74805
 20
-2.39851
 30
0.0
 10
-7.74805
 20
-2.39851
 30
0.0
 10
-7.74805
 20
-2.39851
 30
0.0
 10
-7.74452
 20
-2.40203
 30
0.0
 10
-7.74452
 20
-2.40203
 30
0.0
 10
-7.74452
 20
-2.40203
 30
0.0
 10
-7.74099
 20
-2.40556
 30
0.0
 10
-7.74099
 20
-2.40556
 30
0.0
 10
-7.74099
 20
-2.40556
 30
0.0
 10
-7.73746
 20
-2.40909
 30
0.0
 10
-7.73746
 20
-2.40909
 30
0.0
 10
-7.73746
 20
-2.40909
 30
0.0
 10
-7.73746
 20
-2.41262
 30
0.0
 10
-7.73746
 20
-2.41262
 30
0.0
  0
SPLINE
  5
2C4
330
1F
100
AcDbEntity
  8
Camada 1
 62
   251
370
     9
100
AcDbSpline
210
0.0
220
0.0
230
1.0
 70
     8
 71
     3
 72
    41
 73
    37
 74
     0
 42
0.0000000001
 43
0.0000000001
 40
0.0
 40
0.0
 40
0.0
 40
0.0
 40
0.0833333333333333
 40
0.0833333333333333
 40
0.0833333333333333
 40
0.1666666666666667
 40
0.1666666666666667
 40
0.1666666666666667
 40
0.25
 40
0.25
 40
0.25
 40
0.3333333333333333
 40
0.3333333333333333
 40
0.3333333333333333
 40
0.4166666666666666
 40
0.4166666666666666
 40
0.4166666666666666
 40
0.5
 40
0.5
 40
0.5
 40
0.5833333333333333
 40
0.5833333333333333
 40
0.5833333333333333
 40
0.6666666666666666
 40
0.6666666666666666
 40
0.6666666666666666
 40
0.75
 40
0.75
 40
0.75
 40
0.8333333333333333
 40
0.8333333333333333
 40
0.8333333333333333
 40
0.9166666666666666
 40
0.9166666666666666
 40
0.9166666666666666
 40
1.0
 40
1.0
 40
1.0
 40
1.0
 10
-7.73746
 20
-2.41262
 30
0.0
 10
-7.73746
 20
-2.41262
 30
0.0
 10
-7.75157
 20
-2.45142
 30
0.0
 10
-7.75157
 20
-2.45142
 30
0.0
 10
-7.75157
 20
-2.45142
 30
0.0
 10
-7.76216
 20
-2.49376
 30
0.0
 10
-7.76216
 20
-2.49376
 30
0.0
 10
-7.76216
 20
-2.49376
 30
0.0
 10
-7.76921
 20
-2.53962
 30
0.0
 10
-7.76921
 20
-2.53962
 30
0.0
 10
-7.76921
 20
-2.53962
 30
0.0
 10
-7.7798
 20
-2.61017
 30
0.0
 10
-7.7798
 20
-2.61017
 30
0.0
 10
-7.7798
 20
-2.61017
 30
0.0
 10
-7.78685
 20
-2.68426
 30
0.0
 10
-7.78685
 20
-2.68426
 30
0.0
 10
-7.78685
 20
-2.68426
 30
0.0
 10
-7.79391
 20
-2.86417
 30
0.0
 10
-7.79391
 20
-2.86417
 30
0.0
 10
-7.79391
 20
-2.86417
 30
0.0
 10
-7.79391
 20
-3.04762
 30
0.0
 10
-7.79391
 20
-3.04762
 30
0.0
 10
-7.79391
 20
-3.04762
 30
0.0
 10
-7.78332
 20
-3.22753
 30
0.0
 10
-7.78332
 20
-3.22753
 30
0.0
 10
-7.78332
 20
-3.22753
 30
0.0
 10
-7.77627
 20
-3.32631
 30
0.0
 10
-7.77627
 20
-3.32631
 30
0.0
 10
-7.77627
 20
-3.32631
 30
0.0
 10
-7.75863
 20
-3.42156
 30
0.0
 10
-7.75863
 20
-3.42156
 30
0.0
 10
-7.75863
 20
-3.42156
 30
0.0
 10
-7.74805
 20
-3.46037
 30
0.0
 10
-7.74805
 20
-3.46037
 30
0.0
 10
-7.74805
 20
-3.46037
 30
0.0
 10
-7.73746
 20
-3.49212
 30
0.0
 10
-7.73746
 20
-3.49212
 30
0.0
  0
SPLINE
  5
2C5
330
1F
100
AcDbEntity
  8
Camada 1
 62
   251
370
     9
100
AcDbSpline
210
0.0
220
0.0
230
1.0
 70
     8
 71
     3
 72
    29
 73
    25
 74
     0
 42
0.0000000001
 43
0.0000000001
 40
0.0
 40
0.0
 40
0.0
 40
0.0
 40
0.125
 40
0.125
 40
0.125
 40
0.25
 40
0.25
 40
0.25
 40
0.375
 40
0.375
 40
0.375
 40
0.5
 40
0.5
 40
0.5
 40
0.625
 40
0.625
 40
0.625
 40
0.75
 40
0.75
 40
0.75
 40
0.875
 40
0.875
 40
0.875
 40
1.0
 40
1.0
 40
1.0
 40
1.0
 10
-7.76569
 20
-3.51328
 30
0.0
 10
-7.76569
 20
-3.51328
 30
0.0
 10
-7.75863
 20
-3.51328
 30
0.0
 10
-7.75863
 20
-3.51328
 30
0.0
 10
-7.75863
 20
-3.51328
 30
0.0
 10
-7.7551
 20
-3.50976
 30
0.0
 10
-7.7551
 20
-3.50976
 30
0.0
 10
-7.7551
 20
-3.50976
 30
0.0
 10
-7.75157
 20
-3.50623
 30
0.0
 10
-7.75157
 20
-3.50623
 30
0.0
 10
-7.75157
 20
-3.50623
 30
0.0
 10
-7.74805
 20
-3.50623
 30
0.0
 10
-7.74805
 20
-3.50623
 30
0.0
 10
-7.74805
 20
-3.50623
 30
0.0
 10
-7.74452
 20
-3.5027
 30
0.0
 10
-7.74452
 20
-3.5027
 30
0.0
 10
-7.74452
 20
-3.5027
 30
0.0
 10
-7.74099
 20
-3.49917
 30
0.0
 10
-7.74099
 20
-3.49917
 30
0.0
 10
-7.74099
 20
-3.49917
 30
0.0
 10
-7.73746
 20
-3.49565
 30
0.0
 10
-7.73746
 20
-3.49565
 30
0.0
 10
-7.73746
 20
-3.49565
 30
0.0
 10
-7.73746
 20
-3.49212
 30
0.0
 10
-7.73746
 20
-3.49212
 30
0.0
  0
SPLINE
  5
2C6
330
1F
100
AcDbEntity
  8
Camada 1
 62
   251
370
     9
100
AcDbSpline
210
0.0
220
0.0
230
1.0
 70
    24
 71
     3
 72
     8
 73
     4
 74
     0
 42
0.0000000001
 43
0.0000000001
 40
0.0
 40
0.0
 40
0.0
 40
0.0
 40
1.0
 40
1.0
 40
1.0
 40
1.0
 10
-7.76216
 20
-3.52033
 30
0.0
 10
-7.76216
 20
-3.52033
 30
0.0
 10
-7.76569
 20
-3.51328
 30
0.0
 10
-7.76569
 20
-3.51328
 30
0.0
  0
SPLINE
  5
2C7
330
1F
100
AcDbEntity
  8
Camada 1
 62
   251
370
     9
100
AcDbSpline
210
0.0
220
0.0
230
1.0
 70
    24
 71
     3
 72
     8
 73
     4
 74
     0
 42
0.0000000001
 43
0.0000000001
 40
0.0
 40
0.0
 40
0.0
 40
0.0
 40
1.0
 40
1.0
 40
1.0
 40
1.0
 10
-11.47338
 20
-3.52033
 30
0.0
 10
-11.47338
 20
-3.52033
 30
0.0
 10
-7.76216
 20
-3.52033
 30
0.0
 10
-7.76216
 20
-3.52033
 30
0.0
  0
SPLINE
  5
2C8
330
1F
100
AcDbEntity
  8
Camada 1
 62
   251
370
     9
100
AcDbSpline
210
0.0
220
0.0
230
1.0
 70
    24
 71
     3
 72
     8
 73
     4
 74
     0
 42
0.0000000001
 43
0.0000000001
 40
0.0
 40
0.0
 40
0.0
 40
0.0
 40
1.0
 40
1.0
 40
1.0
 40
1.0
 10
-11.46985
 20
-3.51328
 30
0.0
 10
-11.46985
 20
-3.51328
 30
0.0
 10
-11.47338
 20
-3.52033
 30
0.0
 10
-11.47338
 20
-3.52033
 30
0.0
  0
SPLINE
  5
2C9
330
1F
100
AcDbEntity
  8
Camada 1
 62
   251
370
     9
100
AcDbSpline
210
0.0
220
0.0
230
1.0
 70
     8
 71
     3
 72
    41
 73
    37
 74
     0
 42
0.0000000001
 43
0.0000000001
 40
0.0
 40
0.0
 40
0.0
 40
0.0
 40
0.0833333333333333
 40
0.0833333333333333
 40
0.0833333333333333
 40
0.1666666666666667
 40
0.1666666666666667
 40
0.1666666666666667
 40
0.25
 40
0.25
 40
0.25
 40
0.3333333333333333
 40
0.3333333333333333
 40
0.3333333333333333
 40
0.4166666666666666
 40
0.4166666666666666
 40
0.4166666666666666
 40
0.5
 40
0.5
 40
0.5
 40
0.5833333333333333
 40
0.5833333333333333
 40
0.5833333333333333
 40
0.6666666666666666
 40
0.6666666666666666
 40
0.6666666666666666
 40
0.75
 40
0.75
 40
0.75
 40
0.8333333333333333
 40
0.8333333333333333
 40
0.8333333333333333
 40
0.9166666666666666
 40
0.9166666666666666
 40
0.9166666666666666
 40
1.0
 40
1.0
 40
1.0
 40
1.0
 10
-11.46985
 20
-2.39145
 30
0.0
 10
-11.46985
 20
-2.39145
 30
0.0
 10
-11.45927
 20
-2.42673
 30
0.0
 10
-11.45927
 20
-2.42673
 30
0.0
 10
-11.45927
 20
-2.42673
 30
0.0
 10
-11.44869
 20
-2.46906
 30
0.0
 10
-11.44869
 20
-2.46906
 30
0.0
 10
-11.44869
 20
-2.46906
 30
0.0
 10
-11.43457
 20
-2.56784
 30
0.0
 10
-11.43457
 20
-2.56784
 30
0.0
 10
-11.43457
 20
-2.56784
 30
0.0
 10
-11.42399
 20
-2.67367
 30
0.0
 10
-11.42399
 20
-2.67367
 30
0.0
 10
-11.42399
 20
-2.67367
 30
0.0
 10
-11.41341
 20
-2.85712
 30
0.0
 10
-11.41341
 20
-2.85712
 30
0.0
 10
-11.41341
 20
-2.85712
 30
0.0
 10
-11.41341
 20
-3.04056
 30
0.0
 10
-11.41341
 20
-3.04056
 30
0.0
 10
-11.41341
 20
-3.04056
 30
0.0
 10
-11.42399
 20
-3.22401
 30
0.0
 10
-11.42399
 20
-3.22401
 30
0.0
 10
-11.42399
 20
-3.22401
 30
0.0
 10
-11.42752
 20
-3.30162
 30
0.0
 10
-11.42752
 20
-3.30162
 30
0.0
 10
-11.42752
 20
-3.30162
 30
0.0
 10
-11.4381
 20
-3.37217
 30
0.0
 10
-11.4381
 20
-3.37217
 30
0.0
 10
-11.4381
 20
-3.37217
 30
0.0
 10
-11.44516
 20
-3.42156
 30
0.0
 10
-11.44516
 20
-3.42156
 30
0.0
 10
-11.44516
 20
-3.42156
 30
0.0
 10
-11.45574
 20
-3.46742
 30
0.0
 10
-11.45574
 20
-3.46742
 30
0.0
 10
-11.45574
 20
-3.46742
 30
0.0
 10
-11.46985
 20
-3.51328
 30
0.0
 10
-11.46985
 20
-3.51328
 30
0.0
  0
SPLINE
  5
2CA
330
1F
100
AcDbEntity
  8
Camada 1
 62
   251
370
     9
100
AcDbSpline
210
0.0
220
0.0
230
1.0
 70
    24
 71
     3
 72
     8
 73
     4
 74
     0
 42
0.0000000001
 43
0.0000000001
 40
0.0
 40
0.0
 40
0.0
 40
0.0
 40
1.0
 40
1.0
 40
1.0
 40
1.0
 10
-11.47338
 20
-2.3844
 30
0.0
 10
-11.47338
 20
-2.3844
 30
0.0
 10
-11.46985
 20
-2.39145
 30
0.0
 10
-11.46985
 20
-2.39145
 30
0.0
  0
SPLINE
  5
2CB
330
1F
100
AcDbEntity
  8
Camada 1
 62
   251
370
     9
100
AcDbSpline
210
0.0
220
0.0
230
1.0
 70
    24
 71
     3
 72
     8
 73
     4
 74
     0
 42
0.0000000001
 43
0.0000000001
 40
0.0
 40
0.0
 40
0.0
 40
0.0
 40
1.0
 40
1.0
 40
1.0
 40
1.0
 10
-7.76216
 20
-2.3844
 30
0.0
 10
-7.76216
 20
-2.3844
 30
0.0
 10
-11.47338
 20
-2.3844
 30
0.0
 10
-11.47338
 20
-2.3844
 30
0.0
  0
SPLINE
  5
2CC
330
1F
100
AcDbEntity
  8
Camada 1
 62
   251
370
     9
100
AcDbSpline
210
0.0
220
0.0
230
1.0
 70
    24
 71
     3
 72
     8
 73
     4
 74
     0
 42
0.0000000001
 43
0.0000000001
 40
0.0
 40
0.0
 40
0.0
 40
0.0
 40
1.0
 40
1.0
 40
1.0
 40
1.0
 10
-7.76569
 20
-2.39145
 30
0.0
 10
-7.76569
 20
-2.39145
 30
0.0
 10
-7.76216
 20
-2.3844
 30
0.0
 10
-7.76216
 20
-2.3844
 30
0.0
  0
SPLINE
  5
2CD
330
1F
100
AcDbEntity
  8
Camada 1
 62
   251
370
     9
100
AcDbSpline
210
0.0
220
0.0
230
1.0
 70
     8
 71
     3
 72
    29
 73
    25
 74
     0
 42
0.0000000001
 43
0.0000000001
 40
0.0
 40
0.0
 40
0.0
 40
0.0
 40
0.125
 40
0.125
 40
0.125
 40
0.25
 40
0.25
 40
0.25
 40
0.375
 40
0.375
 40
0.375
 40
0.5
 40
0.5
 40
0.5
 40
0.625
 40
0.625
 40
0.625
 40
0.75
 40
0.75
 40
0.75
 40
0.875
 40
0.875
 40
0.875
 40
1.0
 40
1.0
 40
1.0
 40
1.0
 10
-11.46985
 20
-3.51328
 30
0.0
 10
-11.46985
 20
-3.51328
 30
0.0
 10
-11.47691
 20
-3.51328
 30
0.0
 10
-11.47691
 20
-3.51328
 30
0.0
 10
-11.47691
 20
-3.51328
 30
0.0
 10
-11.48043
 20
-3.50976
 30
0.0
 10
-11.48043
 20
-3.50976
 30
0.0
 10
-11.48043
 20
-3.50976
 30
0.0
 10
-11.48396
 20
-3.50623
 30
0.0
 10
-11.48396
 20
-3.50623
 30
0.0
 10
-11.48396
 20
-3.50623
 30
0.0
 10
-11.48749
 20
-3.50623
 30
0.0
 10
-11.48749
 20
-3.50623
 30
0.0
 10
-11.48749
 20
-3.50623
 30
0.0
 10
-11.49102
 20
-3.5027
 30
0.0
 10
-11.49102
 20
-3.5027
 30
0.0
 10
-11.49102
 20
-3.5027
 30
0.0
 10
-11.49455
 20
-3.49917
 30
0.0
 10
-11.49455
 20
-3.49917
 30
0.0
 10
-11.49455
 20
-3.49917
 30
0.0
 10
-11.49807
 20
-3.49565
 30
0.0
 10
-11.49807
 20
-3.49565
 30
0.0
 10
-11.49807
 20
-3.49565
 30
0.0
 10
-11.49807
 20
-3.49212
 30
0.0
 10
-11.49807
 20
-3.49212
 30
0.0
  0
SPLINE
  5
2CE
330
1F
100
AcDbEntity
  8
Camada 1
 62
   251
370
     9
100
AcDbSpline
210
0.0
220
0.0
230
1.0
 70
     8
 71
     3
 72
    41
 73
    37
 74
     0
 42
0.0000000001
 43
0.0000000001
 40
0.0
 40
0.0
 40
0.0
 40
0.0
 40
0.0833333333333333
 40
0.0833333333333333
 40
0.0833333333333333
 40
0.1666666666666667
 40
0.1666666666666667
 40
0.1666666666666667
 40
0.25
 40
0.25
 40
0.25
 40
0.3333333333333333
 40
0.3333333333333333
 40
0.3333333333333333
 40
0.4166666666666666
 40
0.4166666666666666
 40
0.4166666666666666
 40
0.5
 40
0.5
 40
0.5
 40
0.5833333333333333
 40
0.5833333333333333
 40
0.5833333333333333
 40
0.6666666666666666
 40
0.6666666666666666
 40
0.6666666666666666
 40
0.75
 40
0.75
 40
0.75
 40
0.8333333333333333
 40
0.8333333333333333
 40
0.8333333333333333
 40
0.9166666666666666
 40
0.9166666666666666
 40
0.9166666666666666
 40
1.0
 40
1.0
 40
1.0
 40
1.0
 10
-11.49807
 20
-3.49212
 30
0.0
 10
-11.49807
 20
-3.49212
 30
0.0
 10
-11.48396
 20
-3.45331
 30
0.0
 10
-11.48396
 20
-3.45331
 30
0.0
 10
-11.48396
 20
-3.45331
 30
0.0
 10
-11.47338
 20
-3.40745
 30
0.0
 10
-11.47338
 20
-3.40745
 30
0.0
 10
-11.47338
 20
-3.40745
 30
0.0
 10
-11.46632
 20
-3.36512
 30
0.0
 10
-11.46632
 20
-3.36512
 30
0.0
 10
-11.46632
 20
-3.36512
 30
0.0
 10
-11.45574
 20
-3.29456
 30
0.0
 10
-11.45574
 20
-3.29456
 30
0.0
 10
-11.45574
 20
-3.29456
 30
0.0
 10
-11.44869
 20
-3.22048
 30
0.0
 10
-11.44869
 20
-3.22048
 30
0.0
 10
-11.44869
 20
-3.22048
 30
0.0
 10
-11.44163
 20
-3.04056
 30
0.0
 10
-11.44163
 20
-3.04056
 30
0.0
 10
-11.44163
 20
-3.04056
 30
0.0
 10
-11.44163
 20
-2.85712
 30
0.0
 10
-11.44163
 20
-2.85712
 30
0.0
 10
-11.44163
 20
-2.85712
 30
0.0
 10
-11.44869
 20
-2.6772
 30
0.0
 10
-11.44869
 20
-2.6772
 30
0.0
 10
-11.44869
 20
-2.6772
 30
0.0
 10
-11.45927
 20
-2.57842
 30
0.0
 10
-11.45927
 20
-2.57842
 30
0.0
 10
-11.45927
 20
-2.57842
 30
0.0
 10
-11.47691
 20
-2.48317
 30
0.0
 10
-11.47691
 20
-2.48317
 30
0.0
 10
-11.47691
 20
-2.48317
 30
0.0
 10
-11.48749
 20
-2.44437
 30
0.0
 10
-11.48749
 20
-2.44437
 30
0.0
 10
-11.48749
 20
-2.44437
 30
0.0
 10
-11.49807
 20
-2.41262
 30
0.0
 10
-11.49807
 20
-2.41262
 30
0.0
  0
SPLINE
  5
2CF
330
1F
100
AcDbEntity
  8
Camada 1
 62
   251
370
     9
100
AcDbSpline
210
0.0
220
0.0
230
1.0
 70
     8
 71
     3
 72
    29
 73
    25
 74
     0
 42
0.0000000001
 43
0.0000000001
 40
0.0
 40
0.0
 40
0.0
 40
0.0
 40
0.125
 40
0.125
 40
0.125
 40
0.25
 40
0.25
 40
0.25
 40
0.375
 40
0.375
 40
0.375
 40
0.5
 40
0.5
 40
0.5
 40
0.625
 40
0.625
 40
0.625
 40
0.75
 40
0.75
 40
0.75
 40
0.875
 40
0.875
 40
0.875
 40
1.0
 40
1.0
 40
1.0
 40
1.0
 10
-11.46985
 20
-2.39145
 30
0.0
 10
-11.46985
 20
-2.39145
 30
0.0
 10
-11.47691
 20
-2.39145
 30
0.0
 10
-11.47691
 20
-2.39145
 30
0.0
 10
-11.47691
 20
-2.39145
 30
0.0
 10
-11.48043
 20
-2.39498
 30
0.0
 10
-11.48043
 20
-2.39498
 30
0.0
 10
-11.48043
 20
-2.39498
 30
0.0
 10
-11.48396
 20
-2.39498
 30
0.0
 10
-11.48396
 20
-2.39498
 30
0.0
 10
-11.48396
 20
-2.39498
 30
0.0
 10
-11.48749
 20
-2.39851
 30
0.0
 10
-11.48749
 20
-2.39851
 30
0.0
 10
-11.48749
 20
-2.39851
 30
0.0
 10
-11.49102
 20
-2.40203
 30
0.0
 10
-11.49102
 20
-2.40203
 30
0.0
 10
-11.49102
 20
-2.40203
 30
0.0
 10
-11.49455
 20
-2.40556
 30
0.0
 10
-11.49455
 20
-2.40556
 30
0.0
 10
-11.49455
 20
-2.40556
 30
0.0
 10
-11.49807
 20
-2.40909
 30
0.0
 10
-11.49807
 20
-2.40909
 30
0.0
 10
-11.49807
 20
-2.40909
 30
0.0
 10
-11.49807
 20
-2.41262
 30
0.0
 10
-11.49807
 20
-2.41262
 30
0.0
  0
SPLINE
  5
2D0
330
1F
100
AcDbEntity
  8
Camada 1
 62
   251
370
     9
100
AcDbSpline
210
0.0
220
0.0
230
1.0
 70
    24
 71
     3
 72
     8
 73
     4
 74
     0
 42
0.0000000001
 43
0.0000000001
 40
0.0
 40
0.0
 40
0.0
 40
0.0
 40
1.0
 40
1.0
 40
1.0
 40
1.0
 10
-7.73746
 20
-3.49212
 30
0.0
 10
-7.73746
 20
-3.49212
 30
0.0
 10
-7.73746
 20
-2.41262
 30
0.0
 10
-7.73746
 20
-2.41262
 30
0.0
  0
SPLINE
  5
2D1
330
1F
100
AcDbEntity
  8
Camada 1
 62
   251
370
     9
100
AcDbSpline
210
0.0
220
0.0
230
1.0
 70
    24
 71
     3
 72
     8
 73
     4
 74
     0
 42
0.0000000001
 43
0.0000000001
 40
0.0
 40
0.0
 40
0.0
 40
0.0
 40
1.0
 40
1.0
 40
1.0
 40
1.0
 10
-11.49807
 20
-2.41262
 30
0.0
 10
-11.49807
 20
-2.41262
 30
0.0
 10
-11.49807
 20
-3.49212
 30
0.0
 10
-11.49807
 20
-3.49212
 30
0.0
  0
SPLINE
  5
2D2
330
1F
100
AcDbEntity
  8
Camada 1
 62
   251
370
     9
100
AcDbSpline
210
0.0
220
0.0
230
1.0
 70
    24
 71
     3
 72
     8
 73
     4
 74
     0
 42
0.0000000001
 43
0.0000000001
 40
0.0
 40
0.0
 40
0.0
 40
0.0
 40
1.0
 40
1.0
 40
1.0
 40
1.0
 10
-7.73746
 20
-3.49212
 30
0.0
 10
-7.73746
 20
-3.49212
 30
0.0
 10
-7.73394
 20
-3.49917
 30
0.0
 10
-7.73394
 20
-3.49917
 30
0.0
  0
SPLINE
  5
2D3
330
1F
100
AcDbEntity
  8
Camada 1
 62
   251
370
     9
100
AcDbSpline
210
0.0
220
0.0
230
1.0
 70
     8
 71
     3
 72
    29
 73
    25
 74
     0
 42
0.0000000001
 43
0.0000000001
 40
0.0
 40
0.0
 40
0.0
 40
0.0
 40
0.125
 40
0.125
 40
0.125
 40
0.25
 40
0.25
 40
0.25
 40
0.375
 40
0.375
 40
0.375
 40
0.5
 40
0.5
 40
0.5
 40
0.625
 40
0.625
 40
0.625
 40
0.75
 40
0.75
 40
0.75
 40
0.875
 40
0.875
 40
0.875
 40
1.0
 40
1.0
 40
1.0
 40
1.0
 10
-7.76216
 20
-3.52033
 30
0.0
 10
-7.76216
 20
-3.52033
 30
0.0
 10
-7.7551
 20
-3.52033
 30
0.0
 10
-7.7551
 20
-3.52033
 30
0.0
 10
-7.7551
 20
-3.52033
 30
0.0
 10
-7.75157
 20
-3.52033
 30
0.0
 10
-7.75157
 20
-3.52033
 30
0.0
 10
-7.75157
 20
-3.52033
 30
0.0
 10
-7.74452
 20
-3.51681
 30
0.0
 10
-7.74452
 20
-3.51681
 30
0.0
 10
-7.74452
 20
-3.51681
 30
0.0
 10
-7.74099
 20
-3.51328
 30
0.0
 10
-7.74099
 20
-3.51328
 30
0.0
 10
-7.74099
 20
-3.51328
 30
0.0
 10
-7.73746
 20
-3.50976
 30
0.0
 10
-7.73746
 20
-3.50976
 30
0.0
 10
-7.73746
 20
-3.50976
 30
0.0
 10
-7.73394
 20
-3.50623
 30
0.0
 10
-7.73394
 20
-3.50623
 30
0.0
 10
-7.73394
 20
-3.50623
 30
0.0
 10
-7.73394
 20
-3.5027
 30
0.0
 10
-7.73394
 20
-3.5027
 30
0.0
 10
-7.73394
 20
-3.5027
 30
0.0
 10
-7.73394
 20
-3.49917
 30
0.0
 10
-7.73394
 20
-3.49917
 30
0.0
  0
SPLINE
  5
2D4
330
1F
100
AcDbEntity
  8
Camada 1
 62
   251
370
     9
100
AcDbSpline
210
0.0
220
0.0
230
1.0
 70
    24
 71
     3
 72
     8
 73
     4
 74
     0
 42
0.0000000001
 43
0.0000000001
 40
0.0
 40
0.0
 40
0.0
 40
0.0
 40
1.0
 40
1.0
 40
1.0
 40
1.0
 10
-7.73394
 20
-2.40556
 30
0.0
 10
-7.73394
 20
-2.40556
 30
0.0
 10
-7.73746
 20
-2.41262
 30
0.0
 10
-7.73746
 20
-2.41262
 30
0.0
  0
SPLINE
  5
2D5
330
1F
100
AcDbEntity
  8
Camada 1
 62
   251
370
     9
100
AcDbSpline
210
0.0
220
0.0
230
1.0
 70
     8
 71
     3
 72
    29
 73
    25
 74
     0
 42
0.0000000001
 43
0.0000000001
 40
0.0
 40
0.0
 40
0.0
 40
0.0
 40
0.125
 40
0.125
 40
0.125
 40
0.25
 40
0.25
 40
0.25
 40
0.375
 40
0.375
 40
0.375
 40
0.5
 40
0.5
 40
0.5
 40
0.625
 40
0.625
 40
0.625
 40
0.75
 40
0.75
 40
0.75
 40
0.875
 40
0.875
 40
0.875
 40
1.0
 40
1.0
 40
1.0
 40
1.0
 10
-7.76216
 20
-2.3844
 30
0.0
 10
-7.76216
 20
-2.3844
 30
0.0
 10
-7.7551
 20
-2.3844
 30
0.0
 10
-7.7551
 20
-2.3844
 30
0.0
 10
-7.7551
 20
-2.3844
 30
0.0
 10
-7.75157
 20
-2.3844
 30
0.0
 10
-7.75157
 20
-2.3844
 30
0.0
 10
-7.75157
 20
-2.3844
 30
0.0
 10
-7.74452
 20
-2.38792
 30
0.0
 10
-7.74452
 20
-2.38792
 30
0.0
 10
-7.74452
 20
-2.38792
 30
0.0
 10
-7.74099
 20
-2.39145
 30
0.0
 10
-7.74099
 20
-2.39145
 30
0.0
 10
-7.74099
 20
-2.39145
 30
0.0
 10
-7.73746
 20
-2.39498
 30
0.0
 10
-7.73746
 20
-2.39498
 30
0.0
 10
-7.73746
 20
-2.39498
 30
0.0
 10
-7.73394
 20
-2.39851
 30
0.0
 10
-7.73394
 20
-2.39851
 30
0.0
 10
-7.73394
 20
-2.39851
 30
0.0
 10
-7.73394
 20
-2.40203
 30
0.0
 10
-7.73394
 20
-2.40203
 30
0.0
 10
-7.73394
 20
-2.40203
 30
0.0
 10
-7.73394
 20
-2.40556
 30
0.0
 10
-7.73394
 20
-2.40556
 30
0.0
  0
SPLINE
  5
2D6
330
1F
100
AcDbEntity
  8
Camada 1
 62
   251
370
     9
100
AcDbSpline
210
0.0
220
0.0
230
1.0
 70
    24
 71
     3
 72
     8
 73
     4
 74
     0
 42
0.0000000001
 43
0.0000000001
 40
0.0
 40
0.0
 40
0.0
 40
0.0
 40
1.0
 40
1.0
 40
1.0
 40
1.0
 10
-11.5016
 20
-3.49917
 30
0.0
 10
-11.5016
 20
-3.49917
 30
0.0
 10
-11.49807
 20
-3.49212
 30
0.0
 10
-11.49807
 20
-3.49212
 30
0.0
  0
SPLINE
  5
2D7
330
1F
100
AcDbEntity
  8
Camada 1
 62
   251
370
     9
100
AcDbSpline
210
0.0
220
0.0
230
1.0
 70
     8
 71
     3
 72
    29
 73
    25
 74
     0
 42
0.0000000001
 43
0.0000000001
 40
0.0
 40
0.0
 40
0.0
 40
0.0
 40
0.125
 40
0.125
 40
0.125
 40
0.25
 40
0.25
 40
0.25
 40
0.375
 40
0.375
 40
0.375
 40
0.5
 40
0.5
 40
0.5
 40
0.625
 40
0.625
 40
0.625
 40
0.75
 40
0.75
 40
0.75
 40
0.875
 40
0.875
 40
0.875
 40
1.0
 40
1.0
 40
1.0
 40
1.0
 10
-11.47338
 20
-3.52033
 30
0.0
 10
-11.47338
 20
-3.52033
 30
0.0
 10
-11.47691
 20
-3.52033
 30
0.0
 10
-11.47691
 20
-3.52033
 30
0.0
 10
-11.47691
 20
-3.52033
 30
0.0
 10
-11.48396
 20
-3.52033
 30
0.0
 10
-11.48396
 20
-3.52033
 30
0.0
 10
-11.48396
 20
-3.52033
 30
0.0
 10
-11.48749
 20
-3.51681
 30
0.0
 10
-11.48749
 20
-3.51681
 30
0.0
 10
-11.48749
 20
-3.51681
 30
0.0
 10
-11.49455
 20
-3.51328
 30
0.0
 10
-11.49455
 20
-3.51328
 30
0.0
 10
-11.49455
 20
-3.51328
 30
0.0
 10
-11.49807
 20
-3.50976
 30
0.0
 10
-11.49807
 20
-3.50976
 30
0.0
 10
-11.49807
 20
-3.50976
 30
0.0
 10
-11.5016
 20
-3.50623
 30
0.0
 10
-11.5016
 20
-3.50623
 30
0.0
 10
-11.5016
 20
-3.50623
 30
0.0
 10
-11.5016
 20
-3.5027
 30
0.0
 10
-11.5016
 20
-3.5027
 30
0.0
 10
-11.5016
 20
-3.5027
 30
0.0
 10
-11.5016
 20
-3.49917
 30
0.0
 10
-11.5016
 20
-3.49917
 30
0.0
  0
SPLINE
  5
2D8
330
1F
100
AcDbEntity
  8
Camada 1
 62
   251
370
     9
100
AcDbSpline
210
0.0
220
0.0
230
1.0
 70
    24
 71
     3
 72
     8
 73
     4
 74
     0
 42
0.0000000001
 43
0.0000000001
 40
0.0
 40
0.0
 40
0.0
 40
0.0
 40
1.0
 40
1.0
 40
1.0
 40
1.0
 10
-11.49807
 20
-2.41262
 30
0.0
 10
-11.49807
 20
-2.41262
 30
0.0
 10
-11.5016
 20
-2.40556
 30
0.0
 10
-11.5016
 20
-2.40556
 30
0.0
  0
SPLINE
  5
2D9
330
1F
100
AcDbEntity
  8
Camada 1
 62
   251
370
     9
100
AcDbSpline
210
0.0
220
0.0
230
1.0
 70
     8
 71
     3
 72
    29
 73
    25
 74
     0
 42
0.0000000001
 43
0.0000000001
 40
0.0
 40
0.0
 40
0.0
 40
0.0
 40
0.125
 40
0.125
 40
0.125
 40
0.25
 40
0.25
 40
0.25
 40
0.375
 40
0.375
 40
0.375
 40
0.5
 40
0.5
 40
0.5
 40
0.625
 40
0.625
 40
0.625
 40
0.75
 40
0.75
 40
0.75
 40
0.875
 40
0.875
 40
0.875
 40
1.0
 40
1.0
 40
1.0
 40
1.0
 10
-11.47338
 20
-2.3844
 30
0.0
 10
-11.47338
 20
-2.3844
 30
0.0
 10
-11.47691
 20
-2.3844
 30
0.0
 10
-11.47691
 20
-2.3844
 30
0.0
 10
-11.47691
 20
-2.3844
 30
0.0
 10
-11.48396
 20
-2.3844
 30
0.0
 10
-11.48396
 20
-2.3844
 30
0.0
 10
-11.48396
 20
-2.3844
 30
0.0
 10
-11.48749
 20
-2.38792
 30
0.0
 10
-11.48749
 20
-2.38792
 30
0.0
 10
-11.48749
 20
-2.38792
 30
0.0
 10
-11.49455
 20
-2.39145
 30
0.0
 10
-11.49455
 20
-2.39145
 30
0.0
 10
-11.49455
 20
-2.39145
 30
0.0
 10
-11.49807
 20
-2.39498
 30
0.0
 10
-11.49807
 20
-2.39498
 30
0.0
 10
-11.49807
 20
-2.39498
 30
0.0
 10
-11.5016
 20
-2.39851
 30
0.0
 10
-11.5016
 20
-2.39851
 30
0.0
 10
-11.5016
 20
-2.39851
 30
0.0
 10
-11.5016
 20
-2.40203
 30
0.0
 10
-11.5016
 20
-2.40203
 30
0.0
 10
-11.5016
 20
-2.40203
 30
0.0
 10
-11.5016
 20
-2.40556
 30
0.0
 10
-11.5016
 20
-2.40556
 30
0.0
  0
SPLINE
  5
2DC
330
1F
100
AcDbEntity
  8
Camada 1
 62
   251
370
     9
100
AcDbSpline
210
0.0
220
0.0
230
1.0
 70
    24
 71
     3
 72
     8
 73
     4
 74
     0
 42
0.0000000001
 43
0.0000000001
 40
0.0
 40
0.0
 40
0.0
 40
0.0
 40
1.0
 40
1.0
 40
1.0
 40
1.0
 10
-7.73394
 20
-2.40556
 30
0.0
 10
-7.73394
 20
-2.40556
 30
0.0
 10
-7.73394
 20
-3.49917
 30
0.0
 10
-7.73394
 20
-3.49917
 30
0.0
  0
SPLINE
  5
2DF
330
1F
100
AcDbEntity
  8
Camada 1
 62
   251
370
     9
100
AcDbSpline
210
0.0
220
0.0
230
1.0
 70
    24
 71
     3
 72
     8
 73
     4
 74
     0
 42
0.0000000001
 43
0.0000000001
 40
0.0
 40
0.0
 40
0.0
 40
0.0
 40
1.0
 40
1.0
 40
1.0
 40
1.0
 10
-11.5016
 20
-3.49917
 30
0.0
 10
-11.5016
 20
-3.49917
 30
0.0
 10
-11.5016
 20
-2.40556
 30
0.0
 10
-11.5016
 20
-2.40556
 30
0.0
  0
SPLINE
  5
2E0
330
1F
100
AcDbEntity
  8
Camada 1
 62
   251
370
     9
100
AcDbSpline
210
0.0
220
0.0
230
1.0
 70
     8
 71
     3
 72
    29
 73
    25
 74
     0
 42
0.0000000001
 43
0.0000000001
 40
0.0
 40
0.0
 40
0.0
 40
0.0
 40
0.125
 40
0.125
 40
0.125
 40
0.25
 40
0.25
 40
0.25
 40
0.375
 40
0.375
 40
0.375
 40
0.5
 40
0.5
 40
0.5
 40
0.625
 40
0.625
 40
0.625
 40
0.75
 40
0.75
 40
0.75
 40
0.875
 40
0.875
 40
0.875
 40
1.0
 40
1.0
 40
1.0
 40
1.0
 10
-7.76216
 20
-3.52739
 30
0.0
 10
-7.76216
 20
-3.52739
 30
0.0
 10
-7.7551
 20
-3.52739
 30
0.0
 10
-7.7551
 20
-3.52739
 30
0.0
 10
-7.7551
 20
-3.52739
 30
0.0
 10
-7.75157
 20
-3.52386
 30
0.0
 10
-7.75157
 20
-3.52386
 30
0.0
 10
-7.75157
 20
-3.52386
 30
0.0
 10
-7.74452
 20
-3.52386
 30
0.0
 10
-7.74452
 20
-3.52386
 30
0.0
 10
-7.74452
 20
-3.52386
 30
0.0
 10
-7.74099
 20
-3.52033
 30
0.0
 10
-7.74099
 20
-3.52033
 30
0.0
 10
-7.74099
 20
-3.52033
 30
0.0
 10
-7.73746
 20
-3.51328
 30
0.0
 10
-7.73746
 20
-3.51328
 30
0.0
 10
-7.73746
 20
-3.51328
 30
0.0
 10
-7.73394
 20
-3.50976
 30
0.0
 10
-7.73394
 20
-3.50976
 30
0.0
 10
-7.73394
 20
-3.50976
 30
0.0
 10
-7.73394
 20
-3.5027
 30
0.0
 10
-7.73394
 20
-3.5027
 30
0.0
 10
-7.73394
 20
-3.5027
 30
0.0
 10
-7.73394
 20
-3.49917
 30
0.0
 10
-7.73394
 20
-3.49917
 30
0.0
  0
SPLINE
  5
2E1
330
1F
100
AcDbEntity
  8
Camada 1
 62
   251
370
     9
100
AcDbSpline
210
0.0
220
0.0
230
1.0
 70
    24
 71
     3
 72
    14
 73
    10
 74
     0
 42
0.0000000001
 43
0.0000000001
 40
0.0
 40
0.0
 40
0.0
 40
0.0
 40
0.3333333333333333
 40
0.3333333333333333
 40
0.3333333333333333
 40
0.6666666666666666
 40
0.6666666666666666
 40
0.6666666666666666
 40
1.0
 40
1.0
 40
1.0
 40
1.0
 10
-7.76216
 20
-3.52739
 30
0.0
 10
-7.76216
 20
-3.52739
 30
0.0
 10
-7.76216
 20
-3.52739
 30
0.0
 10
-7.76216
 20
-3.52739
 30
0.0
 10
-7.76216
 20
-3.52739
 30
0.0
 10
-7.76216
 20
-3.52386
 30
0.0
 10
-7.76216
 20
-3.52386
 30
0.0
 10
-7.76216
 20
-3.52386
 30
0.0
 10
-7.76216
 20
-3.52033
 30
0.0
 10
-7.76216
 20
-3.52033
 30
0.0
  0
SPLINE
  5
2E2
330
1F
100
AcDbEntity
  8
Camada 1
 62
   251
370
     9
100
AcDbSpline
210
0.0
220
0.0
230
1.0
 70
     8
 71
     3
 72
    29
 73
    25
 74
     0
 42
0.0000000001
 43
0.0000000001
 40
0.0
 40
0.0
 40
0.0
 40
0.0
 40
0.125
 40
0.125
 40
0.125
 40
0.25
 40
0.25
 40
0.25
 40
0.375
 40
0.375
 40
0.375
 40
0.5
 40
0.5
 40
0.5
 40
0.625
 40
0.625
 40
0.625
 40
0.75
 40
0.75
 40
0.75
 40
0.875
 40
0.875
 40
0.875
 40
1.0
 40
1.0
 40
1.0
 40
1.0
 10
-7.76216
 20
-2.37734
 30
0.0
 10
-7.76216
 20
-2.37734
 30
0.0
 10
-7.7551
 20
-2.37734
 30
0.0
 10
-7.7551
 20
-2.37734
 30
0.0
 10
-7.7551
 20
-2.37734
 30
0.0
 10
-7.75157
 20
-2.38087
 30
0.0
 10
-7.75157
 20
-2.38087
 30
0.0
 10
-7.75157
 20
-2.38087
 30
0.0
 10
-7.74452
 20
-2.38087
 30
0.0
 10
-7.74452
 20
-2.38087
 30
0.0
 10
-7.74452
 20
-2.38087
 30
0.0
 10
-7.74099
 20
-2.3844
 30
0.0
 10
-7.74099
 20
-2.3844
 30
0.0
 10
-7.74099
 20
-2.3844
 30
0.0
 10
-7.73746
 20
-2.39145
 30
0.0
 10
-7.73746
 20
-2.39145
 30
0.0
 10
-7.73746
 20
-2.39145
 30
0.0
 10
-7.73394
 20
-2.39498
 30
0.0
 10
-7.73394
 20
-2.39498
 30
0.0
 10
-7.73394
 20
-2.39498
 30
0.0
 10
-7.73394
 20
-2.40203
 30
0.0
 10
-7.73394
 20
-2.40203
 30
0.0
 10
-7.73394
 20
-2.40203
 30
0.0
 10
-7.73394
 20
-2.40556
 30
0.0
 10
-7.73394
 20
-2.40556
 30
0.0
  0
SPLINE
  5
2E3
330
1F
100
AcDbEntity
  8
Camada 1
 62
   251
370
     9
100
AcDbSpline
210
0.0
220
0.0
230
1.0
 70
    24
 71
     3
 72
    11
 73
     7
 74
     0
 42
0.0000000001
 43
0.0000000001
 40
0.0
 40
0.0
 40
0.0
 40
0.0
 40
0.5
 40
0.5
 40
0.5
 40
1.0
 40
1.0
 40
1.0
 40
1.0
 10
-7.76216
 20
-2.3844
 30
0.0
 10
-7.76216
 20
-2.3844
 30
0.0
 10
-7.76216
 20
-2.38087
 30
0.0
 10
-7.76216
 20
-2.38087
 30
0.0
 10
-7.76216
 20
-2.38087
 30
0.0
 10
-7.76216
 20
-2.37734
 30
0.0
 10
-7.76216
 20
-2.37734
 30
0.0
  0
SPLINE
  5
2E4
330
1F
100
AcDbEntity
  8
Camada 1
 62
   251
370
     9
100
AcDbSpline
210
0.0
220
0.0
230
1.0
 70
     8
 71
     3
 72
    29
 73
    25
 74
     0
 42
0.0000000001
 43
0.0000000001
 40
0.0
 40
0.0
 40
0.0
 40
0.0
 40
0.125
 40
0.125
 40
0.125
 40
0.25
 40
0.25
 40
0.25
 40
0.375
 40
0.375
 40
0.375
 40
0.5
 40
0.5
 40
0.5
 40
0.625
 40
0.625
 40
0.625
 40
0.75
 40
0.75
 40
0.75
 40
0.875
 40
0.875
 40
0.875
 40
1.0
 40
1.0
 40
1.0
 40
1.0
 10
-11.47338
 20
-2.37734
 30
0.0
 10
-11.47338
 20
-2.37734
 30
0.0
 10
-11.47691
 20
-2.37734
 30
0.0
 10
-11.47691
 20
-2.37734
 30
0.0
 10
-11.47691
 20
-2.37734
 30
0.0
 10
-11.48396
 20
-2.38087
 30
0.0
 10
-11.48396
 20
-2.38087
 30
0.0
 10
-11.48396
 20
-2.38087
 30
0.0
 10
-11.49102
 20
-2.38087
 30
0.0
 10
-11.49102
 20
-2.38087
 30
0.0
 10
-11.49102
 20
-2.38087
 30
0.0
 10
-11.49455
 20
-2.3844
 30
0.0
 10
-11.49455
 20
-2.3844
 30
0.0
 10
-11.49455
 20
-2.3844
 30
0.0
 10
-11.49807
 20
-2.39145
 30
0.0
 10
-11.49807
 20
-2.39145
 30
0.0
 10
-11.49807
 20
-2.39145
 30
0.0
 10
-11.5016
 20
-2.39498
 30
0.0
 10
-11.5016
 20
-2.39498
 30
0.0
 10
-11.5016
 20
-2.39498
 30
0.0
 10
-11.5016
 20
-2.40203
 30
0.0
 10
-11.5016
 20
-2.40203
 30
0.0
 10
-11.5016
 20
-2.40203
 30
0.0
 10
-11.5016
 20
-2.40556
 30
0.0
 10
-11.5016
 20
-2.40556
 30
0.0
  0
SPLINE
  5
2E5
330
1F
100
AcDbEntity
  8
Camada 1
 62
   251
370
     9
100
AcDbSpline
210
0.0
220
0.0
230
1.0
 70
    24
 71
     3
 72
    14
 73
    10
 74
     0
 42
0.0000000001
 43
0.0000000001
 40
0.0
 40
0.0
 40
0.0
 40
0.0
 40
0.3333333333333333
 40
0.3333333333333333
 40
0.3333333333333333
 40
0.6666666666666666
 40
0.6666666666666666
 40
0.6666666666666666
 40
1.0
 40
1.0
 40
1.0
 40
1.0
 10
-11.47338
 20
-2.37734
 30
0.0
 10
-11.47338
 20
-2.37734
 30
0.0
 10
-11.47338
 20
-2.37734
 30
0.0
 10
-11.47338
 20
-2.37734
 30
0.0
 10
-11.47338
 20
-2.37734
 30
0.0
 10
-11.47338
 20
-2.38087
 30
0.0
 10
-11.47338
 20
-2.38087
 30
0.0
 10
-11.47338
 20
-2.38087
 30
0.0
 10
-11.47338
 20
-2.3844
 30
0.0
 10
-11.47338
 20
-2.3844
 30
0.0
  0
SPLINE
  5
2E6
330
1F
100
AcDbEntity
  8
Camada 1
 62
   251
370
     9
100
AcDbSpline
210
0.0
220
0.0
230
1.0
 70
     8
 71
     3
 72
    29
 73
    25
 74
     0
 42
0.0000000001
 43
0.0000000001
 40
0.0
 40
0.0
 40
0.0
 40
0.0
 40
0.125
 40
0.125
 40
0.125
 40
0.25
 40
0.25
 40
0.25
 40
0.375
 40
0.375
 40
0.375
 40
0.5
 40
0.5
 40
0.5
 40
0.625
 40
0.625
 40
0.625
 40
0.75
 40
0.75
 40
0.75
 40
0.875
 40
0.875
 40
0.875
 40
1.0
 40
1.0
 40
1.0
 40
1.0
 10
-11.47338
 20
-3.52739
 30
0.0
 10
-11.47338
 20
-3.52739
 30
0.0
 10
-11.47691
 20
-3.52739
 30
0.0
 10
-11.47691
 20
-3.52739
 30
0.0
 10
-11.47691
 20
-3.52739
 30
0.0
 10
-11.48396
 20
-3.52386
 30
0.0
 10
-11.48396
 20
-3.52386
 30
0.0
 10
-11.48396
 20
-3.52386
 30
0.0
 10
-11.49102
 20
-3.52386
 30
0.0
 10
-11.49102
 20
-3.52386
 30
0.0
 10
-11.49102
 20
-3.52386
 30
0.0
 10
-11.49455
 20
-3.52033
 30
0.0
 10
-11.49455
 20
-3.52033
 30
0.0
 10
-11.49455
 20
-3.52033
 30
0.0
 10
-11.49807
 20
-3.51328
 30
0.0
 10
-11.49807
 20
-3.51328
 30
0.0
 10
-11.49807
 20
-3.51328
 30
0.0
 10
-11.5016
 20
-3.50976
 30
0.0
 10
-11.5016
 20
-3.50976
 30
0.0
 10
-11.5016
 20
-3.50976
 30
0.0
 10
-11.5016
 20
-3.5027
 30
0.0
 10
-11.5016
 20
-3.5027
 30
0.0
 10
-11.5016
 20
-3.5027
 30
0.0
 10
-11.5016
 20
-3.49917
 30
0.0
 10
-11.5016
 20
-3.49917
 30
0.0
  0
SPLINE
  5
2E7
330
1F
100
AcDbEntity
  8
Camada 1
 62
   251
370
     9
100
AcDbSpline
210
0.0
220
0.0
230
1.0
 70
    24
 71
     3
 72
    11
 73
     7
 74
     0
 42
0.0000000001
 43
0.0000000001
 40
0.0
 40
0.0
 40
0.0
 40
0.0
 40
0.5
 40
0.5
 40
0.5
 40
1.0
 40
1.0
 40
1.0
 40
1.0
 10
-11.47338
 20
-3.52033
 30
0.0
 10
-11.47338
 20
-3.52033
 30
0.0
 10
-11.47338
 20
-3.52386
 30
0.0
 10
-11.47338
 20
-3.52386
 30
0.0
 10
-11.47338
 20
-3.52386
 30
0.0
 10
-11.47338
 20
-3.52739
 30
0.0
 10
-11.47338
 20
-3.52739
 30
0.0
  0
SPLINE
  5
2E8
330
1F
100
AcDbEntity
  8
Camada 1
 62
   251
370
     9
100
AcDbSpline
210
0.0
220
0.0
230
1.0
 70
    24
 71
     3
 72
     8
 73
     4
 74
     0
 42
0.0000000001
 43
0.0000000001
 40
0.0
 40
0.0
 40
0.0
 40
0.0
 40
1.0
 40
1.0
 40
1.0
 40
1.0
 10
-11.47338
 20
-2.37734
 30
0.0
 10
-11.47338
 20
-2.37734
 30
0.0
 10
-7.76216
 20
-2.37734
 30
0.0
 10
-7.76216
 20
-2.37734
 30
0.0
  0
SPLINE
  5
2E9
330
1F
100
AcDbEntity
  8
Camada 1
 62
   251
370
     9
100
AcDbSpline
210
0.0
220
0.0
230
1.0
 70
    24
 71
     3
 72
     8
 73
     4
 74
     0
 42
0.0000000001
 43
0.0000000001
 40
0.0
 40
0.0
 40
0.0
 40
0.0
 40
1.0
 40
1.0
 40
1.0
 40
1.0
 10
-7.76216
 20
-3.52739
 30
0.0
 10
-7.76216
 20
-3.52739
 30
0.0
 10
-11.47338
 20
-3.52739
 30
0.0
 10
-11.47338
 20
-3.52739
 30
0.0
  0
SPLINE
  5
2EA
330
1F
100
AcDbEntity
  8
Camada 1
 62
   251
370
     9
100
AcDbSpline
210
0.0
220
0.0
230
1.0
 70
     8
 71
     3
 72
    29
 73
    25
 74
     0
 42
0.0000000001
 43
0.0000000001
 40
0.0
 40
0.0
 40
0.0
 40
0.0
 40
0.125
 40
0.125
 40
0.125
 40
0.25
 40
0.25
 40
0.25
 40
0.375
 40
0.375
 40
0.375
 40
0.5
 40
0.5
 40
0.5
 40
0.625
 40
0.625
 40
0.625
 40
0.75
 40
0.75
 40
0.75
 40
0.875
 40
0.875
 40
0.875
 40
1.0
 40
1.0
 40
1.0
 40
1.0
 10
-7.76216
 20
-3.52739
 30
0.0
 10
-7.76216
 20
-3.52739
 30
0.0
 10
-7.7551
 20
-3.52739
 30
0.0
 10
-7.7551
 20
-3.52739
 30
0.0
 10
-7.7551
 20
-3.52739
 30
0.0
 10
-7.75157
 20
-3.52386
 30
0.0
 10
-7.75157
 20
-3.52386
 30
0.0
 10
-7.75157
 20
-3.52386
 30
0.0
 10
-7.74452
 20
-3.52386
 30
0.0
 10
-7.74452
 20
-3.52386
 30
0.0
 10
-7.74452
 20
-3.52386
 30
0.0
 10
-7.74099
 20
-3.52033
 30
0.0
 10
-7.74099
 20
-3.52033
 30
0.0
 10
-7.74099
 20
-3.52033
 30
0.0
 10
-7.73746
 20
-3.51328
 30
0.0
 10
-7.73746
 20
-3.51328
 30
0.0
 10
-7.73746
 20
-3.51328
 30
0.0
 10
-7.73394
 20
-3.50976
 30
0.0
 10
-7.73394
 20
-3.50976
 30
0.0
 10
-7.73394
 20
-3.50976
 30
0.0
 10
-7.73394
 20
-3.5027
 30
0.0
 10
-7.73394
 20
-3.5027
 30
0.0
 10
-7.73394
 20
-3.5027
 30
0.0
 10
-7.73394
 20
-3.49917
 30
0.0
 10
-7.73394
 20
-3.49917
 30
0.0
  0
SPLINE
  5
2ED
330
1F
100
AcDbEntity
  8
Camada 1
 62
   251
370
     9
100
AcDbSpline
210
0.0
220
0.0
230
1.0
 70
     8
 71
     3
 72
    29
 73
    25
 74
     0
 42
0.0000000001
 43
0.0000000001
 40
0.0
 40
0.0
 40
0.0
 40
0.0
 40
0.125
 40
0.125
 40
0.125
 40
0.25
 40
0.25
 40
0.25
 40
0.375
 40
0.375
 40
0.375
 40
0.5
 40
0.5
 40
0.5
 40
0.625
 40
0.625
 40
0.625
 40
0.75
 40
0.75
 40
0.75
 40
0.875
 40
0.875
 40
0.875
 40
1.0
 40
1.0
 40
1.0
 40
1.0
 10
-7.76216
 20
-2.37734
 30
0.0
 10
-7.76216
 20
-2.37734
 30
0.0
 10
-7.7551
 20
-2.37734
 30
0.0
 10
-7.7551
 20
-2.37734
 30
0.0
 10
-7.7551
 20
-2.37734
 30
0.0
 10
-7.75157
 20
-2.38087
 30
0.0
 10
-7.75157
 20
-2.38087
 30
0.0
 10
-7.75157
 20
-2.38087
 30
0.0
 10
-7.74452
 20
-2.38087
 30
0.0
 10
-7.74452
 20
-2.38087
 30
0.0
 10
-7.74452
 20
-2.38087
 30
0.0
 10
-7.74099
 20
-2.3844
 30
0.0
 10
-7.74099
 20
-2.3844
 30
0.0
 10
-7.74099
 20
-2.3844
 30
0.0
 10
-7.73746
 20
-2.39145
 30
0.0
 10
-7.73746
 20
-2.39145
 30
0.0
 10
-7.73746
 20
-2.39145
 30
0.0
 10
-7.73394
 20
-2.39498
 30
0.0
 10
-7.73394
 20
-2.39498
 30
0.0
 10
-7.73394
 20
-2.39498
 30
0.0
 10
-7.73394
 20
-2.40203
 30
0.0
 10
-7.73394
 20
-2.40203
 30
0.0
 10
-7.73394
 20
-2.40203
 30
0.0
 10
-7.73394
 20
-2.40556
 30
0.0
 10
-7.73394
 20
-2.40556
 30
0.0
  0
SPLINE
  5
2EE
330
1F
100
AcDbEntity
  8
Camada 1
 62
   251
370
     9
100
AcDbSpline
210
0.0
220
0.0
230
1.0
 70
     8
 71
     3
 72
    29
 73
    25
 74
     0
 42
0.0000000001
 43
0.0000000001
 40
0.0
 40
0.0
 40
0.0
 40
0.0
 40
0.125
 40
0.125
 40
0.125
 40
0.25
 40
0.25
 40
0.25
 40
0.375
 40
0.375
 40
0.375
 40
0.5
 40
0.5
 40
0.5
 40
0.625
 40
0.625
 40
0.625
 40
0.75
 40
0.75
 40
0.75
 40
0.875
 40
0.875
 40
0.875
 40
1.0
 40
1.0
 40
1.0
 40
1.0
 10
-11.47338
 20
-2.37734
 30
0.0
 10
-11.47338
 20
-2.37734
 30
0.0
 10
-11.48043
 20
-2.37734
 30
0.0
 10
-11.48043
 20
-2.37734
 30
0.0
 10
-11.48043
 20
-2.37734
 30
0.0
 10
-11.48396
 20
-2.38087
 30
0.0
 10
-11.48396
 20
-2.38087
 30
0.0
 10
-11.48396
 20
-2.38087
 30
0.0
 10
-11.49102
 20
-2.38087
 30
0.0
 10
-11.49102
 20
-2.38087
 30
0.0
 10
-11.49102
 20
-2.38087
 30
0.0
 10
-11.49455
 20
-2.3844
 30
0.0
 10
-11.49455
 20
-2.3844
 30
0.0
 10
-11.49455
 20
-2.3844
 30
0.0
 10
-11.49807
 20
-2.39145
 30
0.0
 10
-11.49807
 20
-2.39145
 30
0.0
 10
-11.49807
 20
-2.39145
 30
0.0
 10
-11.5016
 20
-2.39498
 30
0.0
 10
-11.5016
 20
-2.39498
 30
0.0
 10
-11.5016
 20
-2.39498
 30
0.0
 10
-11.5016
 20
-2.40203
 30
0.0
 10
-11.5016
 20
-2.40203
 30
0.0
 10
-11.5016
 20
-2.40203
 30
0.0
 10
-11.5016
 20
-2.40556
 30
0.0
 10
-11.5016
 20
-2.40556
 30
0.0
  0
SPLINE
  5
2F1
330
1F
100
AcDbEntity
  8
Camada 1
 62
   251
370
     9
100
AcDbSpline
210
0.0
220
0.0
230
1.0
 70
     8
 71
     3
 72
    29
 73
    25
 74
     0
 42
0.0000000001
 43
0.0000000001
 40
0.0
 40
0.0
 40
0.0
 40
0.0
 40
0.125
 40
0.125
 40
0.125
 40
0.25
 40
0.25
 40
0.25
 40
0.375
 40
0.375
 40
0.375
 40
0.5
 40
0.5
 40
0.5
 40
0.625
 40
0.625
 40
0.625
 40
0.75
 40
0.75
 40
0.75
 40
0.875
 40
0.875
 40
0.875
 40
1.0
 40
1.0
 40
1.0
 40
1.0
 10
-11.47338
 20
-3.52739
 30
0.0
 10
-11.47338
 20
-3.52739
 30
0.0
 10
-11.48043
 20
-3.52739
 30
0.0
 10
-11.48043
 20
-3.52739
 30
0.0
 10
-11.48043
 20
-3.52739
 30
0.0
 10
-11.48396
 20
-3.52386
 30
0.0
 10
-11.48396
 20
-3.52386
 30
0.0
 10
-11.48396
 20
-3.52386
 30
0.0
 10
-11.49102
 20
-3.52386
 30
0.0
 10
-11.49102
 20
-3.52386
 30
0.0
 10
-11.49102
 20
-3.52386
 30
0.0
 10
-11.49455
 20
-3.52033
 30
0.0
 10
-11.49455
 20
-3.52033
 30
0.0
 10
-11.49455
 20
-3.52033
 30
0.0
 10
-11.49807
 20
-3.51328
 30
0.0
 10
-11.49807
 20
-3.51328
 30
0.0
 10
-11.49807
 20
-3.51328
 30
0.0
 10
-11.5016
 20
-3.50976
 30
0.0
 10
-11.5016
 20
-3.50976
 30
0.0
 10
-11.5016
 20
-3.50976
 30
0.0
 10
-11.5016
 20
-3.5027
 30
0.0
 10
-11.5016
 20
-3.5027
 30
0.0
 10
-11.5016
 20
-3.5027
 30
0.0
 10
-11.5016
 20
-3.49917
 30
0.0
 10
-11.5016
 20
-3.49917
 30
0.0
  0
SPLINE
  5
2F3
330
1F
100
AcDbEntity
  8
Camada 1
 62
   251
370
     9
100
AcDbSpline
210
0.0
220
0.0
230
1.0
 70
    24
 71
     3
 72
     8
 73
     4
 74
     0
 42
0.0000000001
 43
0.0000000001
 40
0.0
 40
0.0
 40
0.0
 40
0.0
 40
1.0
 40
1.0
 40
1.0
 40
1.0
 10
-11.47338
 20
-3.52739
 30
0.0
 10
-11.47338
 20
-3.52739
 30
0.0
 10
-7.76216
 20
-3.52739
 30
0.0
 10
-7.76216
 20
-3.52739
 30
0.0
  0
SPLINE
  5
2F6
330
1F
100
AcDbEntity
  8
Camada 1
 62
   251
370
     9
100
AcDbSpline
210
0.0
220
0.0
230
1.0
 70
    24
 71
     3
 72
     8
 73
     4
 74
     0
 42
0.0000000001
 43
0.0000000001
 40
0.0
 40
0.0
 40
0.0
 40
0.0
 40
1.0
 40
1.0
 40
1.0
 40
1.0
 10
-7.76216
 20
-2.37734
 30
0.0
 10
-7.76216
 20
-2.37734
 30
0.0
 10
-11.47338
 20
-2.37734
 30
0.0
 10
-11.47338
 20
-2.37734
 30
0.0
  0
SPLINE
  5
2F8
330
1F
100
AcDbEntity
  8
Camada 1
 62
   251
370
     9
100
AcDbSpline
210
0.0
220
0.0
230
1.0
 70
     8
 71
     3
 72
    29
 73
    25
 74
     0
 42
0.0000000001
 43
0.0000000001
 40
0.0
 40
0.0
 40
0.0
 40
0.0
 40
0.125
 40
0.125
 40
0.125
 40
0.25
 40
0.25
 40
0.25
 40
0.375
 40
0.375
 40
0.375
 40
0.5
 40
0.5
 40
0.5
 40
0.625
 40
0.625
 40
0.625
 40
0.75
 40
0.75
 40
0.75
 40
0.875
 40
0.875
 40
0.875
 40
1.0
 40
1.0
 40
1.0
 40
1.0
 10
-7.73041
 20
-2.40556
 30
0.0
 10
-7.73041
 20
-2.40556
 30
0.0
 10
-7.73041
 20
-2.39851
 30
0.0
 10
-7.73041
 20
-2.39851
 30
0.0
 10
-7.73041
 20
-2.39851
 30
0.0
 10
-7.73394
 20
-2.39498
 30
0.0
 10
-7.73394
 20
-2.39498
 30
0.0
 10
-7.73394
 20
-2.39498
 30
0.0
 10
-7.73746
 20
-2.38792
 30
0.0
 10
-7.73746
 20
-2.38792
 30
0.0
 10
-7.73746
 20
-2.38792
 30
0.0
 10
-7.74099
 20
-2.3844
 30
0.0
 10
-7.74099
 20
-2.3844
 30
0.0
 10
-7.74099
 20
-2.3844
 30
0.0
 10
-7.74452
 20
-2.38087
 30
0.0
 10
-7.74452
 20
-2.38087
 30
0.0
 10
-7.74452
 20
-2.38087
 30
0.0
 10
-7.75157
 20
-2.37734
 30
0.0
 10
-7.75157
 20
-2.37734
 30
0.0
 10
-7.75157
 20
-2.37734
 30
0.0
 10
-7.7551
 20
-2.37734
 30
0.0
 10
-7.7551
 20
-2.37734
 30
0.0
 10
-7.7551
 20
-2.37734
 30
0.0
 10
-7.76216
 20
-2.37734
 30
0.0
 10
-7.76216
 20
-2.37734
 30
0.0
  0
SPLINE
  5
2F9
330
1F
100
AcDbEntity
  8
Camada 1
 62
   251
370
     9
100
AcDbSpline
210
0.0
220
0.0
230
1.0
 70
    24
 71
     3
 72
     8
 73
     4
 74
     0
 42
0.0000000001
 43
0.0000000001
 40
0.0
 40
0.0
 40
0.0
 40
0.0
 40
1.0
 40
1.0
 40
1.0
 40
1.0
 10
-7.73041
 20
-2.40556
 30
0.0
 10
-7.73041
 20
-2.40556
 30
0.0
 10
-7.73394
 20
-2.40556
 30
0.0
 10
-7.73394
 20
-2.40556
 30
0.0
  0
SPLINE
  5
2FA
330
1F
100
AcDbEntity
  8
Camada 1
 62
   251
370
     9
100
AcDbSpline
210
0.0
220
0.0
230
1.0
 70
    24
 71
     3
 72
     8
 73
     4
 74
     0
 42
0.0000000001
 43
0.0000000001
 40
0.0
 40
0.0
 40
0.0
 40
0.0
 40
1.0
 40
1.0
 40
1.0
 40
1.0
 10
-7.73394
 20
-3.49917
 30
0.0
 10
-7.73394
 20
-3.49917
 30
0.0
 10
-7.73041
 20
-3.49917
 30
0.0
 10
-7.73041
 20
-3.49917
 30
0.0
  0
SPLINE
  5
2FB
330
1F
100
AcDbEntity
  8
Camada 1
 62
   251
370
     9
100
AcDbSpline
210
0.0
220
0.0
230
1.0
 70
     8
 71
     3
 72
    29
 73
    25
 74
     0
 42
0.0000000001
 43
0.0000000001
 40
0.0
 40
0.0
 40
0.0
 40
0.0
 40
0.125
 40
0.125
 40
0.125
 40
0.25
 40
0.25
 40
0.25
 40
0.375
 40
0.375
 40
0.375
 40
0.5
 40
0.5
 40
0.5
 40
0.625
 40
0.625
 40
0.625
 40
0.75
 40
0.75
 40
0.75
 40
0.875
 40
0.875
 40
0.875
 40
1.0
 40
1.0
 40
1.0
 40
1.0
 10
-7.76216
 20
-3.52739
 30
0.0
 10
-7.76216
 20
-3.52739
 30
0.0
 10
-7.7551
 20
-3.52739
 30
0.0
 10
-7.7551
 20
-3.52739
 30
0.0
 10
-7.7551
 20
-3.52739
 30
0.0
 10
-7.75157
 20
-3.52739
 30
0.0
 10
-7.75157
 20
-3.52739
 30
0.0
 10
-7.75157
 20
-3.52739
 30
0.0
 10
-7.74452
 20
-3.52386
 30
0.0
 10
-7.74452
 20
-3.52386
 30
0.0
 10
-7.74452
 20
-3.52386
 30
0.0
 10
-7.74099
 20
-3.52033
 30
0.0
 10
-7.74099
 20
-3.52033
 30
0.0
 10
-7.74099
 20
-3.52033
 30
0.0
 10
-7.73746
 20
-3.51681
 30
0.0
 10
-7.73746
 20
-3.51681
 30
0.0
 10
-7.73746
 20
-3.51681
 30
0.0
 10
-7.73394
 20
-3.50976
 30
0.0
 10
-7.73394
 20
-3.50976
 30
0.0
 10
-7.73394
 20
-3.50976
 30
0.0
 10
-7.73041
 20
-3.5027
 30
0.0
 10
-7.73041
 20
-3.5027
 30
0.0
 10
-7.73041
 20
-3.5027
 30
0.0
 10
-7.73041
 20
-3.49917
 30
0.0
 10
-7.73041
 20
-3.49917
 30
0.0
  0
SPLINE
  5
2FC
330
1F
100
AcDbEntity
  8
Camada 1
 62
   251
370
     9
100
AcDbSpline
210
0.0
220
0.0
230
1.0
 70
     8
 71
     3
 72
    29
 73
    25
 74
     0
 42
0.0000000001
 43
0.0000000001
 40
0.0
 40
0.0
 40
0.0
 40
0.0
 40
0.125
 40
0.125
 40
0.125
 40
0.25
 40
0.25
 40
0.25
 40
0.375
 40
0.375
 40
0.375
 40
0.5
 40
0.5
 40
0.5
 40
0.625
 40
0.625
 40
0.625
 40
0.75
 40
0.75
 40
0.75
 40
0.875
 40
0.875
 40
0.875
 40
1.0
 40
1.0
 40
1.0
 40
1.0
 10
-11.50513
 20
-3.49917
 30
0.0
 10
-11.50513
 20
-3.49917
 30
0.0
 10
-11.5016
 20
-3.5027
 30
0.0
 10
-11.5016
 20
-3.5027
 30
0.0
 10
-11.5016
 20
-3.5027
 30
0.0
 10
-11.5016
 20
-3.50976
 30
0.0
 10
-11.5016
 20
-3.50976
 30
0.0
 10
-11.5016
 20
-3.50976
 30
0.0
 10
-11.49807
 20
-3.51681
 30
0.0
 10
-11.49807
 20
-3.51681
 30
0.0
 10
-11.49807
 20
-3.51681
 30
0.0
 10
-11.49455
 20
-3.52033
 30
0.0
 10
-11.49455
 20
-3.52033
 30
0.0
 10
-11.49455
 20
-3.52033
 30
0.0
 10
-11.49102
 20
-3.52386
 30
0.0
 10
-11.49102
 20
-3.52386
 30
0.0
 10
-11.49102
 20
-3.52386
 30
0.0
 10
-11.48396
 20
-3.52739
 30
0.0
 10
-11.48396
 20
-3.52739
 30
0.0
 10
-11.48396
 20
-3.52739
 30
0.0
 10
-11.48043
 20
-3.52739
 30
0.0
 10
-11.48043
 20
-3.52739
 30
0.0
 10
-11.48043
 20
-3.52739
 30
0.0
 10
-11.47338
 20
-3.52739
 30
0.0
 10
-11.47338
 20
-3.52739
 30
0.0
  0
SPLINE
  5
2FD
330
1F
100
AcDbEntity
  8
Camada 1
 62
   251
370
     9
100
AcDbSpline
210
0.0
220
0.0
230
1.0
 70
    24
 71
     3
 72
     8
 73
     4
 74
     0
 42
0.0000000001
 43
0.0000000001
 40
0.0
 40
0.0
 40
0.0
 40
0.0
 40
1.0
 40
1.0
 40
1.0
 40
1.0
 10
-11.50513
 20
-3.49917
 30
0.0
 10
-11.50513
 20
-3.49917
 30
0.0
 10
-11.5016
 20
-3.49917
 30
0.0
 10
-11.5016
 20
-3.49917
 30
0.0
  0
SPLINE
  5
2FE
330
1F
100
AcDbEntity
  8
Camada 1
 62
   251
370
     9
100
AcDbSpline
210
0.0
220
0.0
230
1.0
 70
    24
 71
     3
 72
     8
 73
     4
 74
     0
 42
0.0000000001
 43
0.0000000001
 40
0.0
 40
0.0
 40
0.0
 40
0.0
 40
1.0
 40
1.0
 40
1.0
 40
1.0
 10
-11.5016
 20
-2.40556
 30
0.0
 10
-11.5016
 20
-2.40556
 30
0.0
 10
-11.50513
 20
-2.40556
 30
0.0
 10
-11.50513
 20
-2.40556
 30
0.0
  0
SPLINE
  5
2FF
330
1F
100
AcDbEntity
  8
Camada 1
 62
   251
370
     9
100
AcDbSpline
210
0.0
220
0.0
230
1.0
 70
     8
 71
     3
 72
    29
 73
    25
 74
     0
 42
0.0000000001
 43
0.0000000001
 40
0.0
 40
0.0
 40
0.0
 40
0.0
 40
0.125
 40
0.125
 40
0.125
 40
0.25
 40
0.25
 40
0.25
 40
0.375
 40
0.375
 40
0.375
 40
0.5
 40
0.5
 40
0.5
 40
0.625
 40
0.625
 40
0.625
 40
0.75
 40
0.75
 40
0.75
 40
0.875
 40
0.875
 40
0.875
 40
1.0
 40
1.0
 40
1.0
 40
1.0
 10
-11.47338
 20
-2.37734
 30
0.0
 10
-11.47338
 20
-2.37734
 30
0.0
 10
-11.48043
 20
-2.37734
 30
0.0
 10
-11.48043
 20
-2.37734
 30
0.0
 10
-11.48043
 20
-2.37734
 30
0.0
 10
-11.48396
 20
-2.37734
 30
0.0
 10
-11.48396
 20
-2.37734
 30
0.0
 10
-11.48396
 20
-2.37734
 30
0.0
 10
-11.49102
 20
-2.38087
 30
0.0
 10
-11.49102
 20
-2.38087
 30
0.0
 10
-11.49102
 20
-2.38087
 30
0.0
 10
-11.49455
 20
-2.3844
 30
0.0
 10
-11.49455
 20
-2.3844
 30
0.0
 10
-11.49455
 20
-2.3844
 30
0.0
 10
-11.49807
 20
-2.38792
 30
0.0
 10
-11.49807
 20
-2.38792
 30
0.0
 10
-11.49807
 20
-2.38792
 30
0.0
 10
-11.5016
 20
-2.39498
 30
0.0
 10
-11.5016
 20
-2.39498
 30
0.0
 10
-11.5016
 20
-2.39498
 30
0.0
 10
-11.5016
 20
-2.39851
 30
0.0
 10
-11.5016
 20
-2.39851
 30
0.0
 10
-11.5016
 20
-2.39851
 30
0.0
 10
-11.50513
 20
-2.40556
 30
0.0
 10
-11.50513
 20
-2.40556
 30
0.0
  0
SPLINE
  5
300
330
1F
100
AcDbEntity
  8
Camada 1
 62
   251
370
     9
100
AcDbSpline
210
0.0
220
0.0
230
1.0
 70
    24
 71
     3
 72
     8
 73
     4
 74
     0
 42
0.0000000001
 43
0.0000000001
 40
0.0
 40
0.0
 40
0.0
 40
0.0
 40
1.0
 40
1.0
 40
1.0
 40
1.0
 10
-7.73041
 20
-3.49917
 30
0.0
 10
-7.73041
 20
-3.49917
 30
0.0
 10
-7.73041
 20
-2.40556
 30
0.0
 10
-7.73041
 20
-2.40556
 30
0.0
  0
SPLINE
  5
301
330
1F
100
AcDbEntity
  8
Camada 1
 62
   251
370
     9
100
AcDbSpline
210
0.0
220
0.0
230
1.0
 70
    24
 71
     3
 72
     8
 73
     4
 74
     0
 42
0.0000000001
 43
0.0000000001
 40
0.0
 40
0.0
 40
0.0
 40
0.0
 40
1.0
 40
1.0
 40
1.0
 40
1.0
 10
-11.50513
 20
-2.40556
 30
0.0
 10
-11.50513
 20
-2.40556
 30
0.0
 10
-11.50513
 20
-3.49917
 30
0.0
 10
-11.50513
 20
-3.49917
 30
0.0
  0
SPLINE
  5
302
330
1F
100
AcDbEntity
  8
Camada 1
 62
   251
370
     9
100
AcDbSpline
210
0.0
220
0.0
230
1.0
 70
     8
 71
     3
 72
    41
 73
    37
 74
     0
 42
0.0000000001
 43
0.0000000001
 40
0.0
 40
0.0
 40
0.0
 40
0.0
 40
0.0833333333333333
 40
0.0833333333333333
 40
0.0833333333333333
 40
0.1666666666666667
 40
0.1666666666666667
 40
0.1666666666666667
 40
0.25
 40
0.25
 40
0.25
 40
0.3333333333333333
 40
0.3333333333333333
 40
0.3333333333333333
 40
0.4166666666666666
 40
0.4166666666666666
 40
0.4166666666666666
 40
0.5
 40
0.5
 40
0.5
 40
0.5833333333333333
 40
0.5833333333333333
 40
0.5833333333333333
 40
0.6666666666666666
 40
0.6666666666666666
 40
0.6666666666666666
 40
0.75
 40
0.75
 40
0.75
 40
0.8333333333333333
 40
0.8333333333333333
 40
0.8333333333333333
 40
0.9166666666666666
 40
0.9166666666666666
 40
0.9166666666666666
 40
1.0
 40
1.0
 40
1.0
 40
1.0
 10
-7.76569
 20
-2.33501
 30
0.0
 10
-7.76569
 20
-2.33501
 30
0.0
 10
-7.77627
 20
-2.2962
 30
0.0
 10
-7.77627
 20
-2.2962
 30
0.0
 10
-7.77627
 20
-2.2962
 30
0.0
 10
-7.78685
 20
-2.2574
 30
0.0
 10
-7.78685
 20
-2.2574
 30
0.0
 10
-7.78685
 20
-2.2574
 30
0.0
 10
-7.80096
 20
-2.15509
 30
0.0
 10
-7.80096
 20
-2.15509
 30
0.0
 10
-7.80096
 20
-2.15509
 30
0.0
 10
-7.81155
 20
-2.05278
 30
0.0
 10
-7.81155
 20
-2.05278
 30
0.0
 10
-7.81155
 20
-2.05278
 30
0.0
 10
-7.82213
 20
-1.86934
 30
0.0
 10
-7.82213
 20
-1.86934
 30
0.0
 10
-7.82213
 20
-1.86934
 30
0.0
 10
-7.82213
 20
-1.68237
 30
0.0
 10
-7.82213
 20
-1.68237
 30
0.0
 10
-7.82213
 20
-1.68237
 30
0.0
 10
-7.81155
 20
-1.49892
 30
0.0
 10
-7.81155
 20
-1.49892
 30
0.0
 10
-7.81155
 20
-1.49892
 30
0.0
 10
-7.80449
 20
-1.42484
 30
0.0
 10
-7.80449
 20
-1.42484
 30
0.0
 10
-7.80449
 20
-1.42484
 30
0.0
 10
-7.79744
 20
-1.35076
 30
0.0
 10
-7.79744
 20
-1.35076
 30
0.0
 10
-7.79744
 20
-1.35076
 30
0.0
 10
-7.79038
 20
-1.30137
 30
0.0
 10
-7.79038
 20
-1.30137
 30
0.0
 10
-7.79038
 20
-1.30137
 30
0.0
 10
-7.7798
 20
-1.25551
 30
0.0
 10
-7.7798
 20
-1.25551
 30
0.0
 10
-7.7798
 20
-1.25551
 30
0.0
 10
-7.76569
 20
-1.20965
 30
0.0
 10
-7.76569
 20
-1.20965
 30
0.0
  0
SPLINE
  5
303
330
1F
100
AcDbEntity
  8
Camada 1
 62
   251
370
     9
100
AcDbSpline
210
0.0
220
0.0
230
1.0
 70
     8
 71
     3
 72
    29
 73
    25
 74
     0
 42
0.0000000001
 43
0.0000000001
 40
0.0
 40
0.0
 40
0.0
 40
0.0
 40
0.125
 40
0.125
 40
0.125
 40
0.25
 40
0.25
 40
0.25
 40
0.375
 40
0.375
 40
0.375
 40
0.5
 40
0.5
 40
0.5
 40
0.625
 40
0.625
 40
0.625
 40
0.75
 40
0.75
 40
0.75
 40
0.875
 40
0.875
 40
0.875
 40
1.0
 40
1.0
 40
1.0
 40
1.0
 10
-7.76569
 20
-1.20965
 30
0.0
 10
-7.76569
 20
-1.20965
 30
0.0
 10
-7.75863
 20
-1.21317
 30
0.0
 10
-7.75863
 20
-1.21317
 30
0.0
 10
-7.75863
 20
-1.21317
 30
0.0
 10
-7.7551
 20
-1.21317
 30
0.0
 10
-7.7551
 20
-1.21317
 30
0.0
 10
-7.7551
 20
-1.21317
 30
0.0
 10
-7.75157
 20
-1.2167
 30
0.0
 10
-7.75157
 20
-1.2167
 30
0.0
 10
-7.75157
 20
-1.2167
 30
0.0
 10
-7.74805
 20
-1.22023
 30
0.0
 10
-7.74805
 20
-1.22023
 30
0.0
 10
-7.74805
 20
-1.22023
 30
0.0
 10
-7.74452
 20
-1.22376
 30
0.0
 10
-7.74452
 20
-1.22376
 30
0.0
 10
-7.74452
 20
-1.22376
 30
0.0
 10
-7.74099
 20
-1.22729
 30
0.0
 10
-7.74099
 20
-1.22729
 30
0.0
 10
-7.74099
 20
-1.22729
 30
0.0
 10
-7.73746
 20
-1.23081
 30
0.0
 10
-7.73746
 20
-1.23081
 30
0.0
 10
-7.73746
 20
-1.23081
 30
0.0
 10
-7.73746
 20
-1.23434
 30
0.0
 10
-7.73746
 20
-1.23434
 30
0.0
  0
SPLINE
  5
304
330
1F
100
AcDbEntity
  8
Camada 1
 62
   251
370
     9
100
AcDbSpline
210
0.0
220
0.0
230
1.0
 70
     8
 71
     3
 72
    41
 73
    37
 74
     0
 42
0.0000000001
 43
0.0000000001
 40
0.0
 40
0.0
 40
0.0
 40
0.0
 40
0.0833333333333333
 40
0.0833333333333333
 40
0.0833333333333333
 40
0.1666666666666667
 40
0.1666666666666667
 40
0.1666666666666667
 40
0.25
 40
0.25
 40
0.25
 40
0.3333333333333333
 40
0.3333333333333333
 40
0.3333333333333333
 40
0.4166666666666666
 40
0.4166666666666666
 40
0.4166666666666666
 40
0.5
 40
0.5
 40
0.5
 40
0.5833333333333333
 40
0.5833333333333333
 40
0.5833333333333333
 40
0.6666666666666666
 40
0.6666666666666666
 40
0.6666666666666666
 40
0.75
 40
0.75
 40
0.75
 40
0.8333333333333333
 40
0.8333333333333333
 40
0.8333333333333333
 40
0.9166666666666666
 40
0.9166666666666666
 40
0.9166666666666666
 40
1.0
 40
1.0
 40
1.0
 40
1.0
 10
-7.73746
 20
-1.23434
 30
0.0
 10
-7.73746
 20
-1.23434
 30
0.0
 10
-7.75157
 20
-1.27315
 30
0.0
 10
-7.75157
 20
-1.27315
 30
0.0
 10
-7.75157
 20
-1.27315
 30
0.0
 10
-7.76216
 20
-1.31548
 30
0.0
 10
-7.76216
 20
-1.31548
 30
0.0
 10
-7.76216
 20
-1.31548
 30
0.0
 10
-7.76921
 20
-1.36134
 30
0.0
 10
-7.76921
 20
-1.36134
 30
0.0
 10
-7.76921
 20
-1.36134
 30
0.0
 10
-7.7798
 20
-1.4319
 30
0.0
 10
-7.7798
 20
-1.4319
 30
0.0
 10
-7.7798
 20
-1.4319
 30
0.0
 10
-7.78685
 20
-1.50245
 30
0.0
 10
-7.78685
 20
-1.50245
 30
0.0
 10
-7.78685
 20
-1.50245
 30
0.0
 10
-7.79391
 20
-1.6859
 30
0.0
 10
-7.79391
 20
-1.6859
 30
0.0
 10
-7.79391
 20
-1.6859
 30
0.0
 10
-7.79391
 20
-1.86581
 30
0.0
 10
-7.79391
 20
-1.86581
 30
0.0
 10
-7.79391
 20
-1.86581
 30
0.0
 10
-7.78332
 20
-2.04926
 30
0.0
 10
-7.78332
 20
-2.04926
 30
0.0
 10
-7.78332
 20
-2.04926
 30
0.0
 10
-7.77627
 20
-2.14804
 30
0.0
 10
-7.77627
 20
-2.14804
 30
0.0
 10
-7.77627
 20
-2.14804
 30
0.0
 10
-7.75863
 20
-2.24328
 30
0.0
 10
-7.75863
 20
-2.24328
 30
0.0
 10
-7.75863
 20
-2.24328
 30
0.0
 10
-7.74805
 20
-2.27856
 30
0.0
 10
-7.74805
 20
-2.27856
 30
0.0
 10
-7.74805
 20
-2.27856
 30
0.0
 10
-7.73746
 20
-2.31031
 30
0.0
 10
-7.73746
 20
-2.31031
 30
0.0
  0
SPLINE
  5
305
330
1F
100
AcDbEntity
  8
Camada 1
 62
   251
370
     9
100
AcDbSpline
210
0.0
220
0.0
230
1.0
 70
     8
 71
     3
 72
    29
 73
    25
 74
     0
 42
0.0000000001
 43
0.0000000001
 40
0.0
 40
0.0
 40
0.0
 40
0.0
 40
0.125
 40
0.125
 40
0.125
 40
0.25
 40
0.25
 40
0.25
 40
0.375
 40
0.375
 40
0.375
 40
0.5
 40
0.5
 40
0.5
 40
0.625
 40
0.625
 40
0.625
 40
0.75
 40
0.75
 40
0.75
 40
0.875
 40
0.875
 40
0.875
 40
1.0
 40
1.0
 40
1.0
 40
1.0
 10
-7.76569
 20
-2.33501
 30
0.0
 10
-7.76569
 20
-2.33501
 30
0.0
 10
-7.75863
 20
-2.33148
 30
0.0
 10
-7.75863
 20
-2.33148
 30
0.0
 10
-7.75863
 20
-2.33148
 30
0.0
 10
-7.7551
 20
-2.33148
 30
0.0
 10
-7.7551
 20
-2.33148
 30
0.0
 10
-7.7551
 20
-2.33148
 30
0.0
 10
-7.75157
 20
-2.32795
 30
0.0
 10
-7.75157
 20
-2.32795
 30
0.0
 10
-7.75157
 20
-2.32795
 30
0.0
 10
-7.74805
 20
-2.32442
 30
0.0
 10
-7.74805
 20
-2.32442
 30
0.0
 10
-7.74805
 20
-2.32442
 30
0.0
 10
-7.74452
 20
-2.3209
 30
0.0
 10
-7.74452
 20
-2.3209
 30
0.0
 10
-7.74452
 20
-2.3209
 30
0.0
 10
-7.74099
 20
-2.31737
 30
0.0
 10
-7.74099
 20
-2.31737
 30
0.0
 10
-7.74099
 20
-2.31737
 30
0.0
 10
-7.73746
 20
-2.31384
 30
0.0
 10
-7.73746
 20
-2.31384
 30
0.0
 10
-7.73746
 20
-2.31384
 30
0.0
 10
-7.73746
 20
-2.31031
 30
0.0
 10
-7.73746
 20
-2.31031
 30
0.0
  0
SPLINE
  5
306
330
1F
100
AcDbEntity
  8
Camada 1
 62
   251
370
     9
100
AcDbSpline
210
0.0
220
0.0
230
1.0
 70
    24
 71
     3
 72
     8
 73
     4
 74
     0
 42
0.0000000001
 43
0.0000000001
 40
0.0
 40
0.0
 40
0.0
 40
0.0
 40
1.0
 40
1.0
 40
1.0
 40
1.0
 10
-7.76216
 20
-2.34206
 30
0.0
 10
-7.76216
 20
-2.34206
 30
0.0
 10
-7.76569
 20
-2.33501
 30
0.0
 10
-7.76569
 20
-2.33501
 30
0.0
  0
SPLINE
  5
307
330
1F
100
AcDbEntity
  8
Camada 1
 62
   251
370
     9
100
AcDbSpline
210
0.0
220
0.0
230
1.0
 70
    24
 71
     3
 72
     8
 73
     4
 74
     0
 42
0.0000000001
 43
0.0000000001
 40
0.0
 40
0.0
 40
0.0
 40
0.0
 40
1.0
 40
1.0
 40
1.0
 40
1.0
 10
-11.47338
 20
-2.34206
 30
0.0
 10
-11.47338
 20
-2.34206
 30
0.0
 10
-7.76216
 20
-2.34206
 30
0.0
 10
-7.76216
 20
-2.34206
 30
0.0
  0
SPLINE
  5
308
330
1F
100
AcDbEntity
  8
Camada 1
 62
   251
370
     9
100
AcDbSpline
210
0.0
220
0.0
230
1.0
 70
    24
 71
     3
 72
     8
 73
     4
 74
     0
 42
0.0000000001
 43
0.0000000001
 40
0.0
 40
0.0
 40
0.0
 40
0.0
 40
1.0
 40
1.0
 40
1.0
 40
1.0
 10
-11.46985
 20
-2.33501
 30
0.0
 10
-11.46985
 20
-2.33501
 30
0.0
 10
-11.47338
 20
-2.34206
 30
0.0
 10
-11.47338
 20
-2.34206
 30
0.0
  0
SPLINE
  5
309
330
1F
100
AcDbEntity
  8
Camada 1
 62
   251
370
     9
100
AcDbSpline
210
0.0
220
0.0
230
1.0
 70
     8
 71
     3
 72
    41
 73
    37
 74
     0
 42
0.0000000001
 43
0.0000000001
 40
0.0
 40
0.0
 40
0.0
 40
0.0
 40
0.0833333333333333
 40
0.0833333333333333
 40
0.0833333333333333
 40
0.1666666666666667
 40
0.1666666666666667
 40
0.1666666666666667
 40
0.25
 40
0.25
 40
0.25
 40
0.3333333333333333
 40
0.3333333333333333
 40
0.3333333333333333
 40
0.4166666666666666
 40
0.4166666666666666
 40
0.4166666666666666
 40
0.5
 40
0.5
 40
0.5
 40
0.5833333333333333
 40
0.5833333333333333
 40
0.5833333333333333
 40
0.6666666666666666
 40
0.6666666666666666
 40
0.6666666666666666
 40
0.75
 40
0.75
 40
0.75
 40
0.8333333333333333
 40
0.8333333333333333
 40
0.8333333333333333
 40
0.9166666666666666
 40
0.9166666666666666
 40
0.9166666666666666
 40
1.0
 40
1.0
 40
1.0
 40
1.0
 10
-11.46985
 20
-1.20965
 30
0.0
 10
-11.46985
 20
-1.20965
 30
0.0
 10
-11.45927
 20
-1.24845
 30
0.0
 10
-11.45927
 20
-1.24845
 30
0.0
 10
-11.45927
 20
-1.24845
 30
0.0
 10
-11.44869
 20
-1.28726
 30
0.0
 10
-11.44869
 20
-1.28726
 30
0.0
 10
-11.44869
 20
-1.28726
 30
0.0
 10
-11.43457
 20
-1.38604
 30
0.0
 10
-11.43457
 20
-1.38604
 30
0.0
 10
-11.43457
 20
-1.38604
 30
0.0
 10
-11.42399
 20
-1.49187
 30
0.0
 10
-11.42399
 20
-1.49187
 30
0.0
 10
-11.42399
 20
-1.49187
 30
0.0
 10
-11.41341
 20
-1.67531
 30
0.0
 10
-11.41341
 20
-1.67531
 30
0.0
 10
-11.41341
 20
-1.67531
 30
0.0
 10
-11.41341
 20
-1.86229
 30
0.0
 10
-11.41341
 20
-1.86229
 30
0.0
 10
-11.41341
 20
-1.86229
 30
0.0
 10
-11.42399
 20
-2.04573
 30
0.0
 10
-11.42399
 20
-2.04573
 30
0.0
 10
-11.42399
 20
-2.04573
 30
0.0
 10
-11.42752
 20
-2.11981
 30
0.0
 10
-11.42752
 20
-2.11981
 30
0.0
 10
-11.42752
 20
-2.11981
 30
0.0
 10
-11.4381
 20
-2.1939
 30
0.0
 10
-11.4381
 20
-2.1939
 30
0.0
 10
-11.4381
 20
-2.1939
 30
0.0
 10
-11.44516
 20
-2.24328
 30
0.0
 10
-11.44516
 20
-2.24328
 30
0.0
 10
-11.44516
 20
-2.24328
 30
0.0
 10
-11.45574
 20
-2.28562
 30
0.0
 10
-11.45574
 20
-2.28562
 30
0.0
 10
-11.45574
 20
-2.28562
 30
0.0
 10
-11.46985
 20
-2.33501
 30
0.0
 10
-11.46985
 20
-2.33501
 30
0.0
  0
SPLINE
  5
30A
330
1F
100
AcDbEntity
  8
Camada 1
 62
   251
370
     9
100
AcDbSpline
210
0.0
220
0.0
230
1.0
 70
    24
 71
     3
 72
     8
 73
     4
 74
     0
 42
0.0000000001
 43
0.0000000001
 40
0.0
 40
0.0
 40
0.0
 40
0.0
 40
1.0
 40
1.0
 40
1.0
 40
1.0
 10
-11.47338
 20
-1.20259
 30
0.0
 10
-11.47338
 20
-1.20259
 30
0.0
 10
-11.46985
 20
-1.20965
 30
0.0
 10
-11.46985
 20
-1.20965
 30
0.0
  0
SPLINE
  5
30B
330
1F
100
AcDbEntity
  8
Camada 1
 62
   251
370
     9
100
AcDbSpline
210
0.0
220
0.0
230
1.0
 70
    24
 71
     3
 72
     8
 73
     4
 74
     0
 42
0.0000000001
 43
0.0000000001
 40
0.0
 40
0.0
 40
0.0
 40
0.0
 40
1.0
 40
1.0
 40
1.0
 40
1.0
 10
-7.76216
 20
-1.20259
 30
0.0
 10
-7.76216
 20
-1.20259
 30
0.0
 10
-11.47338
 20
-1.20259
 30
0.0
 10
-11.47338
 20
-1.20259
 30
0.0
  0
SPLINE
  5
30C
330
1F
100
AcDbEntity
  8
Camada 1
 62
   251
370
     9
100
AcDbSpline
210
0.0
220
0.0
230
1.0
 70
    24
 71
     3
 72
     8
 73
     4
 74
     0
 42
0.0000000001
 43
0.0000000001
 40
0.0
 40
0.0
 40
0.0
 40
0.0
 40
1.0
 40
1.0
 40
1.0
 40
1.0
 10
-7.76569
 20
-1.20965
 30
0.0
 10
-7.76569
 20
-1.20965
 30
0.0
 10
-7.76216
 20
-1.20259
 30
0.0
 10
-7.76216
 20
-1.20259
 30
0.0
  0
SPLINE
  5
30D
330
1F
100
AcDbEntity
  8
Camada 1
 62
   251
370
     9
100
AcDbSpline
210
0.0
220
0.0
230
1.0
 70
     8
 71
     3
 72
    29
 73
    25
 74
     0
 42
0.0000000001
 43
0.0000000001
 40
0.0
 40
0.0
 40
0.0
 40
0.0
 40
0.125
 40
0.125
 40
0.125
 40
0.25
 40
0.25
 40
0.25
 40
0.375
 40
0.375
 40
0.375
 40
0.5
 40
0.5
 40
0.5
 40
0.625
 40
0.625
 40
0.625
 40
0.75
 40
0.75
 40
0.75
 40
0.875
 40
0.875
 40
0.875
 40
1.0
 40
1.0
 40
1.0
 40
1.0
 10
-11.46985
 20
-2.33501
 30
0.0
 10
-11.46985
 20
-2.33501
 30
0.0
 10
-11.47691
 20
-2.33148
 30
0.0
 10
-11.47691
 20
-2.33148
 30
0.0
 10
-11.47691
 20
-2.33148
 30
0.0
 10
-11.48043
 20
-2.33148
 30
0.0
 10
-11.48043
 20
-2.33148
 30
0.0
 10
-11.48043
 20
-2.33148
 30
0.0
 10
-11.48396
 20
-2.32795
 30
0.0
 10
-11.48396
 20
-2.32795
 30
0.0
 10
-11.48396
 20
-2.32795
 30
0.0
 10
-11.48749
 20
-2.32442
 30
0.0
 10
-11.48749
 20
-2.32442
 30
0.0
 10
-11.48749
 20
-2.32442
 30
0.0
 10
-11.49102
 20
-2.3209
 30
0.0
 10
-11.49102
 20
-2.3209
 30
0.0
 10
-11.49102
 20
-2.3209
 30
0.0
 10
-11.49455
 20
-2.31737
 30
0.0
 10
-11.49455
 20
-2.31737
 30
0.0
 10
-11.49455
 20
-2.31737
 30
0.0
 10
-11.49807
 20
-2.31384
 30
0.0
 10
-11.49807
 20
-2.31384
 30
0.0
 10
-11.49807
 20
-2.31384
 30
0.0
 10
-11.49807
 20
-2.31031
 30
0.0
 10
-11.49807
 20
-2.31031
 30
0.0
  0
SPLINE
  5
30E
330
1F
100
AcDbEntity
  8
Camada 1
 62
   251
370
     9
100
AcDbSpline
210
0.0
220
0.0
230
1.0
 70
     8
 71
     3
 72
    41
 73
    37
 74
     0
 42
0.0000000001
 43
0.0000000001
 40
0.0
 40
0.0
 40
0.0
 40
0.0
 40
0.0833333333333333
 40
0.0833333333333333
 40
0.0833333333333333
 40
0.1666666666666667
 40
0.1666666666666667
 40
0.1666666666666667
 40
0.25
 40
0.25
 40
0.25
 40
0.3333333333333333
 40
0.3333333333333333
 40
0.3333333333333333
 40
0.4166666666666666
 40
0.4166666666666666
 40
0.4166666666666666
 40
0.5
 40
0.5
 40
0.5
 40
0.5833333333333333
 40
0.5833333333333333
 40
0.5833333333333333
 40
0.6666666666666666
 40
0.6666666666666666
 40
0.6666666666666666
 40
0.75
 40
0.75
 40
0.75
 40
0.8333333333333333
 40
0.8333333333333333
 40
0.8333333333333333
 40
0.9166666666666666
 40
0.9166666666666666
 40
0.9166666666666666
 40
1.0
 40
1.0
 40
1.0
 40
1.0
 10
-11.49807
 20
-2.31031
 30
0.0
 10
-11.49807
 20
-2.31031
 30
0.0
 10
-11.48396
 20
-2.27151
 30
0.0
 10
-11.48396
 20
-2.27151
 30
0.0
 10
-11.48396
 20
-2.27151
 30
0.0
 10
-11.47338
 20
-2.22917
 30
0.0
 10
-11.47338
 20
-2.22917
 30
0.0
 10
-11.47338
 20
-2.22917
 30
0.0
 10
-11.46632
 20
-2.18331
 30
0.0
 10
-11.46632
 20
-2.18331
 30
0.0
 10
-11.46632
 20
-2.18331
 30
0.0
 10
-11.45574
 20
-2.11276
 30
0.0
 10
-11.45574
 20
-2.11276
 30
0.0
 10
-11.45574
 20
-2.11276
 30
0.0
 10
-11.44869
 20
-2.0422
 30
0.0
 10
-11.44869
 20
-2.0422
 30
0.0
 10
-11.44869
 20
-2.0422
 30
0.0
 10
-11.44163
 20
-1.85876
 30
0.0
 10
-11.44163
 20
-1.85876
 30
0.0
 10
-11.44163
 20
-1.85876
 30
0.0
 10
-11.44163
 20
-1.67884
 30
0.0
 10
-11.44163
 20
-1.67884
 30
0.0
 10
-11.44163
 20
-1.67884
 30
0.0
 10
-11.44869
 20
-1.4954
 30
0.0
 10
-11.44869
 20
-1.4954
 30
0.0
 10
-11.44869
 20
-1.4954
 30
0.0
 10
-11.45927
 20
-1.39662
 30
0.0
 10
-11.45927
 20
-1.39662
 30
0.0
 10
-11.45927
 20
-1.39662
 30
0.0
 10
-11.47691
 20
-1.30137
 30
0.0
 10
-11.47691
 20
-1.30137
 30
0.0
 10
-11.47691
 20
-1.30137
 30
0.0
 10
-11.48749
 20
-1.26609
 30
0.0
 10
-11.48749
 20
-1.26609
 30
0.0
 10
-11.48749
 20
-1.26609
 30
0.0
 10
-11.49807
 20
-1.23434
 30
0.0
 10
-11.49807
 20
-1.23434
 30
0.0
  0
SPLINE
  5
30F
330
1F
100
AcDbEntity
  8
Camada 1
 62
   251
370
     9
100
AcDbSpline
210
0.0
220
0.0
230
1.0
 70
     8
 71
     3
 72
    29
 73
    25
 74
     0
 42
0.0000000001
 43
0.0000000001
 40
0.0
 40
0.0
 40
0.0
 40
0.0
 40
0.125
 40
0.125
 40
0.125
 40
0.25
 40
0.25
 40
0.25
 40
0.375
 40
0.375
 40
0.375
 40
0.5
 40
0.5
 40
0.5
 40
0.625
 40
0.625
 40
0.625
 40
0.75
 40
0.75
 40
0.75
 40
0.875
 40
0.875
 40
0.875
 40
1.0
 40
1.0
 40
1.0
 40
1.0
 10
-11.46985
 20
-1.20965
 30
0.0
 10
-11.46985
 20
-1.20965
 30
0.0
 10
-11.47691
 20
-1.21317
 30
0.0
 10
-11.47691
 20
-1.21317
 30
0.0
 10
-11.47691
 20
-1.21317
 30
0.0
 10
-11.48043
 20
-1.21317
 30
0.0
 10
-11.48043
 20
-1.21317
 30
0.0
 10
-11.48043
 20
-1.21317
 30
0.0
 10
-11.48396
 20
-1.2167
 30
0.0
 10
-11.48396
 20
-1.2167
 30
0.0
 10
-11.48396
 20
-1.2167
 30
0.0
 10
-11.48749
 20
-1.22023
 30
0.0
 10
-11.48749
 20
-1.22023
 30
0.0
 10
-11.48749
 20
-1.22023
 30
0.0
 10
-11.49102
 20
-1.22376
 30
0.0
 10
-11.49102
 20
-1.22376
 30
0.0
 10
-11.49102
 20
-1.22376
 30
0.0
 10
-11.49455
 20
-1.22729
 30
0.0
 10
-11.49455
 20
-1.22729
 30
0.0
 10
-11.49455
 20
-1.22729
 30
0.0
 10
-11.49807
 20
-1.23081
 30
0.0
 10
-11.49807
 20
-1.23081
 30
0.0
 10
-11.49807
 20
-1.23081
 30
0.0
 10
-11.49807
 20
-1.23434
 30
0.0
 10
-11.49807
 20
-1.23434
 30
0.0
  0
SPLINE
  5
310
330
1F
100
AcDbEntity
  8
Camada 1
 62
   251
370
     9
100
AcDbSpline
210
0.0
220
0.0
230
1.0
 70
    24
 71
     3
 72
     8
 73
     4
 74
     0
 42
0.0000000001
 43
0.0000000001
 40
0.0
 40
0.0
 40
0.0
 40
0.0
 40
1.0
 40
1.0
 40
1.0
 40
1.0
 10
-7.73746
 20
-2.31031
 30
0.0
 10
-7.73746
 20
-2.31031
 30
0.0
 10
-7.73746
 20
-1.23434
 30
0.0
 10
-7.73746
 20
-1.23434
 30
0.0
  0
SPLINE
  5
311
330
1F
100
AcDbEntity
  8
Camada 1
 62
   251
370
     9
100
AcDbSpline
210
0.0
220
0.0
230
1.0
 70
    24
 71
     3
 72
     8
 73
     4
 74
     0
 42
0.0000000001
 43
0.0000000001
 40
0.0
 40
0.0
 40
0.0
 40
0.0
 40
1.0
 40
1.0
 40
1.0
 40
1.0
 10
-11.49807
 20
-1.23434
 30
0.0
 10
-11.49807
 20
-1.23434
 30
0.0
 10
-11.49807
 20
-2.31031
 30
0.0
 10
-11.49807
 20
-2.31031
 30
0.0
  0
SPLINE
  5
312
330
1F
100
AcDbEntity
  8
Camada 1
 62
   251
370
     9
100
AcDbSpline
210
0.0
220
0.0
230
1.0
 70
    24
 71
     3
 72
     8
 73
     4
 74
     0
 42
0.0000000001
 43
0.0000000001
 40
0.0
 40
0.0
 40
0.0
 40
0.0
 40
1.0
 40
1.0
 40
1.0
 40
1.0
 10
-7.73746
 20
-2.31031
 30
0.0
 10
-7.73746
 20
-2.31031
 30
0.0
 10
-7.73394
 20
-2.31737
 30
0.0
 10
-7.73394
 20
-2.31737
 30
0.0
  0
SPLINE
  5
313
330
1F
100
AcDbEntity
  8
Camada 1
 62
   251
370
     9
100
AcDbSpline
210
0.0
220
0.0
230
1.0
 70
     8
 71
     3
 72
    29
 73
    25
 74
     0
 42
0.0000000001
 43
0.0000000001
 40
0.0
 40
0.0
 40
0.0
 40
0.0
 40
0.125
 40
0.125
 40
0.125
 40
0.25
 40
0.25
 40
0.25
 40
0.375
 40
0.375
 40
0.375
 40
0.5
 40
0.5
 40
0.5
 40
0.625
 40
0.625
 40
0.625
 40
0.75
 40
0.75
 40
0.75
 40
0.875
 40
0.875
 40
0.875
 40
1.0
 40
1.0
 40
1.0
 40
1.0
 10
-7.76216
 20
-2.34206
 30
0.0
 10
-7.76216
 20
-2.34206
 30
0.0
 10
-7.7551
 20
-2.34206
 30
0.0
 10
-7.7551
 20
-2.34206
 30
0.0
 10
-7.7551
 20
-2.34206
 30
0.0
 10
-7.75157
 20
-2.33854
 30
0.0
 10
-7.75157
 20
-2.33854
 30
0.0
 10
-7.75157
 20
-2.33854
 30
0.0
 10
-7.74452
 20
-2.33501
 30
0.0
 10
-7.74452
 20
-2.33501
 30
0.0
 10
-7.74452
 20
-2.33501
 30
0.0
 10
-7.74099
 20
-2.33501
 30
0.0
 10
-7.74099
 20
-2.33501
 30
0.0
 10
-7.74099
 20
-2.33501
 30
0.0
 10
-7.73746
 20
-2.33148
 30
0.0
 10
-7.73746
 20
-2.33148
 30
0.0
 10
-7.73746
 20
-2.33148
 30
0.0
 10
-7.73394
 20
-2.32795
 30
0.0
 10
-7.73394
 20
-2.32795
 30
0.0
 10
-7.73394
 20
-2.32795
 30
0.0
 10
-7.73394
 20
-2.3209
 30
0.0
 10
-7.73394
 20
-2.3209
 30
0.0
 10
-7.73394
 20
-2.3209
 30
0.0
 10
-7.73394
 20
-2.31737
 30
0.0
 10
-7.73394
 20
-2.31737
 30
0.0
  0
SPLINE
  5
314
330
1F
100
AcDbEntity
  8
Camada 1
 62
   251
370
     9
100
AcDbSpline
210
0.0
220
0.0
230
1.0
 70
    24
 71
     3
 72
     8
 73
     4
 74
     0
 42
0.0000000001
 43
0.0000000001
 40
0.0
 40
0.0
 40
0.0
 40
0.0
 40
1.0
 40
1.0
 40
1.0
 40
1.0
 10
-7.73394
 20
-1.22729
 30
0.0
 10
-7.73394
 20
-1.22729
 30
0.0
 10
-7.73746
 20
-1.23434
 30
0.0
 10
-7.73746
 20
-1.23434
 30
0.0
  0
SPLINE
  5
315
330
1F
100
AcDbEntity
  8
Camada 1
 62
   251
370
     9
100
AcDbSpline
210
0.0
220
0.0
230
1.0
 70
     8
 71
     3
 72
    29
 73
    25
 74
     0
 42
0.0000000001
 43
0.0000000001
 40
0.0
 40
0.0
 40
0.0
 40
0.0
 40
0.125
 40
0.125
 40
0.125
 40
0.25
 40
0.25
 40
0.25
 40
0.375
 40
0.375
 40
0.375
 40
0.5
 40
0.5
 40
0.5
 40
0.625
 40
0.625
 40
0.625
 40
0.75
 40
0.75
 40
0.75
 40
0.875
 40
0.875
 40
0.875
 40
1.0
 40
1.0
 40
1.0
 40
1.0
 10
-7.76216
 20
-1.20259
 30
0.0
 10
-7.76216
 20
-1.20259
 30
0.0
 10
-7.7551
 20
-1.20259
 30
0.0
 10
-7.7551
 20
-1.20259
 30
0.0
 10
-7.7551
 20
-1.20259
 30
0.0
 10
-7.75157
 20
-1.20612
 30
0.0
 10
-7.75157
 20
-1.20612
 30
0.0
 10
-7.75157
 20
-1.20612
 30
0.0
 10
-7.74452
 20
-1.20612
 30
0.0
 10
-7.74452
 20
-1.20612
 30
0.0
 10
-7.74452
 20
-1.20612
 30
0.0
 10
-7.74099
 20
-1.20965
 30
0.0
 10
-7.74099
 20
-1.20965
 30
0.0
 10
-7.74099
 20
-1.20965
 30
0.0
 10
-7.73746
 20
-1.21317
 30
0.0
 10
-7.73746
 20
-1.21317
 30
0.0
 10
-7.73746
 20
-1.21317
 30
0.0
 10
-7.73394
 20
-1.2167
 30
0.0
 10
-7.73394
 20
-1.2167
 30
0.0
 10
-7.73394
 20
-1.2167
 30
0.0
 10
-7.73394
 20
-1.22376
 30
0.0
 10
-7.73394
 20
-1.22376
 30
0.0
 10
-7.73394
 20
-1.22376
 30
0.0
 10
-7.73394
 20
-1.22729
 30
0.0
 10
-7.73394
 20
-1.22729
 30
0.0
  0
SPLINE
  5
316
330
1F
100
AcDbEntity
  8
Camada 1
 62
   251
370
     9
100
AcDbSpline
210
0.0
220
0.0
230
1.0
 70
    24
 71
     3
 72
     8
 73
     4
 74
     0
 42
0.0000000001
 43
0.0000000001
 40
0.0
 40
0.0
 40
0.0
 40
0.0
 40
1.0
 40
1.0
 40
1.0
 40
1.0
 10
-11.5016
 20
-2.31737
 30
0.0
 10
-11.5016
 20
-2.31737
 30
0.0
 10
-11.49807
 20
-2.31031
 30
0.0
 10
-11.49807
 20
-2.31031
 30
0.0
  0
SPLINE
  5
317
330
1F
100
AcDbEntity
  8
Camada 1
 62
   251
370
     9
100
AcDbSpline
210
0.0
220
0.0
230
1.0
 70
     8
 71
     3
 72
    29
 73
    25
 74
     0
 42
0.0000000001
 43
0.0000000001
 40
0.0
 40
0.0
 40
0.0
 40
0.0
 40
0.125
 40
0.125
 40
0.125
 40
0.25
 40
0.25
 40
0.25
 40
0.375
 40
0.375
 40
0.375
 40
0.5
 40
0.5
 40
0.5
 40
0.625
 40
0.625
 40
0.625
 40
0.75
 40
0.75
 40
0.75
 40
0.875
 40
0.875
 40
0.875
 40
1.0
 40
1.0
 40
1.0
 40
1.0
 10
-11.47338
 20
-2.34206
 30
0.0
 10
-11.47338
 20
-2.34206
 30
0.0
 10
-11.47691
 20
-2.34206
 30
0.0
 10
-11.47691
 20
-2.34206
 30
0.0
 10
-11.47691
 20
-2.34206
 30
0.0
 10
-11.48396
 20
-2.33854
 30
0.0
 10
-11.48396
 20
-2.33854
 30
0.0
 10
-11.48396
 20
-2.33854
 30
0.0
 10
-11.48749
 20
-2.33501
 30
0.0
 10
-11.48749
 20
-2.33501
 30
0.0
 10
-11.48749
 20
-2.33501
 30
0.0
 10
-11.49455
 20
-2.33501
 30
0.0
 10
-11.49455
 20
-2.33501
 30
0.0
 10
-11.49455
 20
-2.33501
 30
0.0
 10
-11.49807
 20
-2.33148
 30
0.0
 10
-11.49807
 20
-2.33148
 30
0.0
 10
-11.49807
 20
-2.33148
 30
0.0
 10
-11.5016
 20
-2.32795
 30
0.0
 10
-11.5016
 20
-2.32795
 30
0.0
 10
-11.5016
 20
-2.32795
 30
0.0
 10
-11.5016
 20
-2.3209
 30
0.0
 10
-11.5016
 20
-2.3209
 30
0.0
 10
-11.5016
 20
-2.3209
 30
0.0
 10
-11.5016
 20
-2.31737
 30
0.0
 10
-11.5016
 20
-2.31737
 30
0.0
  0
SPLINE
  5
318
330
1F
100
AcDbEntity
  8
Camada 1
 62
   251
370
     9
100
AcDbSpline
210
0.0
220
0.0
230
1.0
 70
    24
 71
     3
 72
     8
 73
     4
 74
     0
 42
0.0000000001
 43
0.0000000001
 40
0.0
 40
0.0
 40
0.0
 40
0.0
 40
1.0
 40
1.0
 40
1.0
 40
1.0
 10
-11.49807
 20
-1.23434
 30
0.0
 10
-11.49807
 20
-1.23434
 30
0.0
 10
-11.5016
 20
-1.22729
 30
0.0
 10
-11.5016
 20
-1.22729
 30
0.0
  0
SPLINE
  5
319
330
1F
100
AcDbEntity
  8
Camada 1
 62
   251
370
     9
100
AcDbSpline
210
0.0
220
0.0
230
1.0
 70
     8
 71
     3
 72
    29
 73
    25
 74
     0
 42
0.0000000001
 43
0.0000000001
 40
0.0
 40
0.0
 40
0.0
 40
0.0
 40
0.125
 40
0.125
 40
0.125
 40
0.25
 40
0.25
 40
0.25
 40
0.375
 40
0.375
 40
0.375
 40
0.5
 40
0.5
 40
0.5
 40
0.625
 40
0.625
 40
0.625
 40
0.75
 40
0.75
 40
0.75
 40
0.875
 40
0.875
 40
0.875
 40
1.0
 40
1.0
 40
1.0
 40
1.0
 10
-11.47338
 20
-1.20259
 30
0.0
 10
-11.47338
 20
-1.20259
 30
0.0
 10
-11.47691
 20
-1.20259
 30
0.0
 10
-11.47691
 20
-1.20259
 30
0.0
 10
-11.47691
 20
-1.20259
 30
0.0
 10
-11.48396
 20
-1.20612
 30
0.0
 10
-11.48396
 20
-1.20612
 30
0.0
 10
-11.48396
 20
-1.20612
 30
0.0
 10
-11.48749
 20
-1.20612
 30
0.0
 10
-11.48749
 20
-1.20612
 30
0.0
 10
-11.48749
 20
-1.20612
 30
0.0
 10
-11.49455
 20
-1.20965
 30
0.0
 10
-11.49455
 20
-1.20965
 30
0.0
 10
-11.49455
 20
-1.20965
 30
0.0
 10
-11.49807
 20
-1.21317
 30
0.0
 10
-11.49807
 20
-1.21317
 30
0.0
 10
-11.49807
 20
-1.21317
 30
0.0
 10
-11.5016
 20
-1.2167
 30
0.0
 10
-11.5016
 20
-1.2167
 30
0.0
 10
-11.5016
 20
-1.2167
 30
0.0
 10
-11.5016
 20
-1.22376
 30
0.0
 10
-11.5016
 20
-1.22376
 30
0.0
 10
-11.5016
 20
-1.22376
 30
0.0
 10
-11.5016
 20
-1.22729
 30
0.0
 10
-11.5016
 20
-1.22729
 30
0.0
  0
SPLINE
  5
31C
330
1F
100
AcDbEntity
  8
Camada 1
 62
   251
370
     9
100
AcDbSpline
210
0.0
220
0.0
230
1.0
 70
    24
 71
     3
 72
     8
 73
     4
 74
     0
 42
0.0000000001
 43
0.0000000001
 40
0.0
 40
0.0
 40
0.0
 40
0.0
 40
1.0
 40
1.0
 40
1.0
 40
1.0
 10
-7.73394
 20
-1.22729
 30
0.0
 10
-7.73394
 20
-1.22729
 30
0.0
 10
-7.73394
 20
-2.31737
 30
0.0
 10
-7.73394
 20
-2.31737
 30
0.0
  0
SPLINE
  5
31F
330
1F
100
AcDbEntity
  8
Camada 1
 62
   251
370
     9
100
AcDbSpline
210
0.0
220
0.0
230
1.0
 70
    24
 71
     3
 72
     8
 73
     4
 74
     0
 42
0.0000000001
 43
0.0000000001
 40
0.0
 40
0.0
 40
0.0
 40
0.0
 40
1.0
 40
1.0
 40
1.0
 40
1.0
 10
-11.5016
 20
-2.31737
 30
0.0
 10
-11.5016
 20
-2.31737
 30
0.0
 10
-11.5016
 20
-1.22729
 30
0.0
 10
-11.5016
 20
-1.22729
 30
0.0
  0
SPLINE
  5
320
330
1F
100
AcDbEntity
  8
Camada 1
 62
   251
370
     9
100
AcDbSpline
210
0.0
220
0.0
230
1.0
 70
     8
 71
     3
 72
    29
 73
    25
 74
     0
 42
0.0000000001
 43
0.0000000001
 40
0.0
 40
0.0
 40
0.0
 40
0.0
 40
0.125
 40
0.125
 40
0.125
 40
0.25
 40
0.25
 40
0.25
 40
0.375
 40
0.375
 40
0.375
 40
0.5
 40
0.5
 40
0.5
 40
0.625
 40
0.625
 40
0.625
 40
0.75
 40
0.75
 40
0.75
 40
0.875
 40
0.875
 40
0.875
 40
1.0
 40
1.0
 40
1.0
 40
1.0
 10
-7.76216
 20
-2.34912
 30
0.0
 10
-7.76216
 20
-2.34912
 30
0.0
 10
-7.7551
 20
-2.34559
 30
0.0
 10
-7.7551
 20
-2.34559
 30
0.0
 10
-7.7551
 20
-2.34559
 30
0.0
 10
-7.75157
 20
-2.34559
 30
0.0
 10
-7.75157
 20
-2.34559
 30
0.0
 10
-7.75157
 20
-2.34559
 30
0.0
 10
-7.74452
 20
-2.34206
 30
0.0
 10
-7.74452
 20
-2.34206
 30
0.0
 10
-7.74452
 20
-2.34206
 30
0.0
 10
-7.74099
 20
-2.33854
 30
0.0
 10
-7.74099
 20
-2.33854
 30
0.0
 10
-7.74099
 20
-2.33854
 30
0.0
 10
-7.73746
 20
-2.33501
 30
0.0
 10
-7.73746
 20
-2.33501
 30
0.0
 10
-7.73746
 20
-2.33501
 30
0.0
 10
-7.73394
 20
-2.32795
 30
0.0
 10
-7.73394
 20
-2.32795
 30
0.0
 10
-7.73394
 20
-2.32795
 30
0.0
 10
-7.73394
 20
-2.32442
 30
0.0
 10
-7.73394
 20
-2.32442
 30
0.0
 10
-7.73394
 20
-2.32442
 30
0.0
 10
-7.73394
 20
-2.31737
 30
0.0
 10
-7.73394
 20
-2.31737
 30
0.0
  0
SPLINE
  5
321
330
1F
100
AcDbEntity
  8
Camada 1
 62
   251
370
     9
100
AcDbSpline
210
0.0
220
0.0
230
1.0
 70
    24
 71
     3
 72
    14
 73
    10
 74
     0
 42
0.0000000001
 43
0.0000000001
 40
0.0
 40
0.0
 40
0.0
 40
0.0
 40
0.3333333333333333
 40
0.3333333333333333
 40
0.3333333333333333
 40
0.6666666666666666
 40
0.6666666666666666
 40
0.6666666666666666
 40
1.0
 40
1.0
 40
1.0
 40
1.0
 10
-7.76216
 20
-2.34912
 30
0.0
 10
-7.76216
 20
-2.34912
 30
0.0
 10
-7.76216
 20
-2.34912
 30
0.0
 10
-7.76216
 20
-2.34912
 30
0.0
 10
-7.76216
 20
-2.34912
 30
0.0
 10
-7.76216
 20
-2.34559
 30
0.0
 10
-7.76216
 20
-2.34559
 30
0.0
 10
-7.76216
 20
-2.34559
 30
0.0
 10
-7.76216
 20
-2.34206
 30
0.0
 10
-7.76216
 20
-2.34206
 30
0.0
  0
SPLINE
  5
322
330
1F
100
AcDbEntity
  8
Camada 1
 62
   251
370
     9
100
AcDbSpline
210
0.0
220
0.0
230
1.0
 70
     8
 71
     3
 72
    29
 73
    25
 74
     0
 42
0.0000000001
 43
0.0000000001
 40
0.0
 40
0.0
 40
0.0
 40
0.0
 40
0.125
 40
0.125
 40
0.125
 40
0.25
 40
0.25
 40
0.25
 40
0.375
 40
0.375
 40
0.375
 40
0.5
 40
0.5
 40
0.5
 40
0.625
 40
0.625
 40
0.625
 40
0.75
 40
0.75
 40
0.75
 40
0.875
 40
0.875
 40
0.875
 40
1.0
 40
1.0
 40
1.0
 40
1.0
 10
-7.76216
 20
-1.19554
 30
0.0
 10
-7.76216
 20
-1.19554
 30
0.0
 10
-7.7551
 20
-1.19906
 30
0.0
 10
-7.7551
 20
-1.19906
 30
0.0
 10
-7.7551
 20
-1.19906
 30
0.0
 10
-7.75157
 20
-1.19906
 30
0.0
 10
-7.75157
 20
-1.19906
 30
0.0
 10
-7.75157
 20
-1.19906
 30
0.0
 10
-7.74452
 20
-1.20259
 30
0.0
 10
-7.74452
 20
-1.20259
 30
0.0
 10
-7.74452
 20
-1.20259
 30
0.0
 10
-7.74099
 20
-1.20612
 30
0.0
 10
-7.74099
 20
-1.20612
 30
0.0
 10
-7.74099
 20
-1.20612
 30
0.0
 10
-7.73746
 20
-1.20965
 30
0.0
 10
-7.73746
 20
-1.20965
 30
0.0
 10
-7.73746
 20
-1.20965
 30
0.0
 10
-7.73394
 20
-1.2167
 30
0.0
 10
-7.73394
 20
-1.2167
 30
0.0
 10
-7.73394
 20
-1.2167
 30
0.0
 10
-7.73394
 20
-1.22023
 30
0.0
 10
-7.73394
 20
-1.22023
 30
0.0
 10
-7.73394
 20
-1.22023
 30
0.0
 10
-7.73394
 20
-1.22729
 30
0.0
 10
-7.73394
 20
-1.22729
 30
0.0
  0
SPLINE
  5
323
330
1F
100
AcDbEntity
  8
Camada 1
 62
   251
370
     9
100
AcDbSpline
210
0.0
220
0.0
230
1.0
 70
    24
 71
     3
 72
    14
 73
    10
 74
     0
 42
0.0000000001
 43
0.0000000001
 40
0.0
 40
0.0
 40
0.0
 40
0.0
 40
0.3333333333333333
 40
0.3333333333333333
 40
0.3333333333333333
 40
0.6666666666666666
 40
0.6666666666666666
 40
0.6666666666666666
 40
1.0
 40
1.0
 40
1.0
 40
1.0
 10
-7.76216
 20
-1.20259
 30
0.0
 10
-7.76216
 20
-1.20259
 30
0.0
 10
-7.76216
 20
-1.20259
 30
0.0
 10
-7.76216
 20
-1.20259
 30
0.0
 10
-7.76216
 20
-1.20259
 30
0.0
 10
-7.76216
 20
-1.19906
 30
0.0
 10
-7.76216
 20
-1.19906
 30
0.0
 10
-7.76216
 20
-1.19906
 30
0.0
 10
-7.76216
 20
-1.19554
 30
0.0
 10
-7.76216
 20
-1.19554
 30
0.0
  0
SPLINE
  5
324
330
1F
100
AcDbEntity
  8
Camada 1
 62
   251
370
     9
100
AcDbSpline
210
0.0
220
0.0
230
1.0
 70
     8
 71
     3
 72
    29
 73
    25
 74
     0
 42
0.0000000001
 43
0.0000000001
 40
0.0
 40
0.0
 40
0.0
 40
0.0
 40
0.125
 40
0.125
 40
0.125
 40
0.25
 40
0.25
 40
0.25
 40
0.375
 40
0.375
 40
0.375
 40
0.5
 40
0.5
 40
0.5
 40
0.625
 40
0.625
 40
0.625
 40
0.75
 40
0.75
 40
0.75
 40
0.875
 40
0.875
 40
0.875
 40
1.0
 40
1.0
 40
1.0
 40
1.0
 10
-11.47338
 20
-1.19554
 30
0.0
 10
-11.47338
 20
-1.19554
 30
0.0
 10
-11.47691
 20
-1.19906
 30
0.0
 10
-11.47691
 20
-1.19906
 30
0.0
 10
-11.47691
 20
-1.19906
 30
0.0
 10
-11.48396
 20
-1.19906
 30
0.0
 10
-11.48396
 20
-1.19906
 30
0.0
 10
-11.48396
 20
-1.19906
 30
0.0
 10
-11.49102
 20
-1.20259
 30
0.0
 10
-11.49102
 20
-1.20259
 30
0.0
 10
-11.49102
 20
-1.20259
 30
0.0
 10
-11.49455
 20
-1.20612
 30
0.0
 10
-11.49455
 20
-1.20612
 30
0.0
 10
-11.49455
 20
-1.20612
 30
0.0
 10
-11.49807
 20
-1.20965
 30
0.0
 10
-11.49807
 20
-1.20965
 30
0.0
 10
-11.49807
 20
-1.20965
 30
0.0
 10
-11.5016
 20
-1.2167
 30
0.0
 10
-11.5016
 20
-1.2167
 30
0.0
 10
-11.5016
 20
-1.2167
 30
0.0
 10
-11.5016
 20
-1.22023
 30
0.0
 10
-11.5016
 20
-1.22023
 30
0.0
 10
-11.5016
 20
-1.22023
 30
0.0
 10
-11.5016
 20
-1.22729
 30
0.0
 10
-11.5016
 20
-1.22729
 30
0.0
  0
SPLINE
  5
325
330
1F
100
AcDbEntity
  8
Camada 1
 62
   251
370
     9
100
AcDbSpline
210
0.0
220
0.0
230
1.0
 70
    24
 71
     3
 72
    14
 73
    10
 74
     0
 42
0.0000000001
 43
0.0000000001
 40
0.0
 40
0.0
 40
0.0
 40
0.0
 40
0.3333333333333333
 40
0.3333333333333333
 40
0.3333333333333333
 40
0.6666666666666666
 40
0.6666666666666666
 40
0.6666666666666666
 40
1.0
 40
1.0
 40
1.0
 40
1.0
 10
-11.47338
 20
-1.19554
 30
0.0
 10
-11.47338
 20
-1.19554
 30
0.0
 10
-11.47338
 20
-1.19554
 30
0.0
 10
-11.47338
 20
-1.19554
 30
0.0
 10
-11.47338
 20
-1.19554
 30
0.0
 10
-11.47338
 20
-1.19906
 30
0.0
 10
-11.47338
 20
-1.19906
 30
0.0
 10
-11.47338
 20
-1.19906
 30
0.0
 10
-11.47338
 20
-1.20259
 30
0.0
 10
-11.47338
 20
-1.20259
 30
0.0
  0
SPLINE
  5
326
330
1F
100
AcDbEntity
  8
Camada 1
 62
   251
370
     9
100
AcDbSpline
210
0.0
220
0.0
230
1.0
 70
     8
 71
     3
 72
    29
 73
    25
 74
     0
 42
0.0000000001
 43
0.0000000001
 40
0.0
 40
0.0
 40
0.0
 40
0.0
 40
0.125
 40
0.125
 40
0.125
 40
0.25
 40
0.25
 40
0.25
 40
0.375
 40
0.375
 40
0.375
 40
0.5
 40
0.5
 40
0.5
 40
0.625
 40
0.625
 40
0.625
 40
0.75
 40
0.75
 40
0.75
 40
0.875
 40
0.875
 40
0.875
 40
1.0
 40
1.0
 40
1.0
 40
1.0
 10
-11.47338
 20
-2.34912
 30
0.0
 10
-11.47338
 20
-2.34912
 30
0.0
 10
-11.47691
 20
-2.34559
 30
0.0
 10
-11.47691
 20
-2.34559
 30
0.0
 10
-11.47691
 20
-2.34559
 30
0.0
 10
-11.48396
 20
-2.34559
 30
0.0
 10
-11.48396
 20
-2.34559
 30
0.0
 10
-11.48396
 20
-2.34559
 30
0.0
 10
-11.49102
 20
-2.34206
 30
0.0
 10
-11.49102
 20
-2.34206
 30
0.0
 10
-11.49102
 20
-2.34206
 30
0.0
 10
-11.49455
 20
-2.33854
 30
0.0
 10
-11.49455
 20
-2.33854
 30
0.0
 10
-11.49455
 20
-2.33854
 30
0.0
 10
-11.49807
 20
-2.33501
 30
0.0
 10
-11.49807
 20
-2.33501
 30
0.0
 10
-11.49807
 20
-2.33501
 30
0.0
 10
-11.5016
 20
-2.32795
 30
0.0
 10
-11.5016
 20
-2.32795
 30
0.0
 10
-11.5016
 20
-2.32795
 30
0.0
 10
-11.5016
 20
-2.32442
 30
0.0
 10
-11.5016
 20
-2.32442
 30
0.0
 10
-11.5016
 20
-2.32442
 30
0.0
 10
-11.5016
 20
-2.31737
 30
0.0
 10
-11.5016
 20
-2.31737
 30
0.0
  0
SPLINE
  5
327
330
1F
100
AcDbEntity
  8
Camada 1
 62
   251
370
     9
100
AcDbSpline
210
0.0
220
0.0
230
1.0
 70
    24
 71
     3
 72
    14
 73
    10
 74
     0
 42
0.0000000001
 43
0.0000000001
 40
0.0
 40
0.0
 40
0.0
 40
0.0
 40
0.3333333333333333
 40
0.3333333333333333
 40
0.3333333333333333
 40
0.6666666666666666
 40
0.6666666666666666
 40
0.6666666666666666
 40
1.0
 40
1.0
 40
1.0
 40
1.0
 10
-11.47338
 20
-2.34206
 30
0.0
 10
-11.47338
 20
-2.34206
 30
0.0
 10
-11.47338
 20
-2.34206
 30
0.0
 10
-11.47338
 20
-2.34206
 30
0.0
 10
-11.47338
 20
-2.34206
 30
0.0
 10
-11.47338
 20
-2.34559
 30
0.0
 10
-11.47338
 20
-2.34559
 30
0.0
 10
-11.47338
 20
-2.34559
 30
0.0
 10
-11.47338
 20
-2.34912
 30
0.0
 10
-11.47338
 20
-2.34912
 30
0.0
  0
SPLINE
  5
328
330
1F
100
AcDbEntity
  8
Camada 1
 62
   251
370
     9
100
AcDbSpline
210
0.0
220
0.0
230
1.0
 70
    24
 71
     3
 72
     8
 73
     4
 74
     0
 42
0.0000000001
 43
0.0000000001
 40
0.0
 40
0.0
 40
0.0
 40
0.0
 40
1.0
 40
1.0
 40
1.0
 40
1.0
 10
-11.47338
 20
-1.19554
 30
0.0
 10
-11.47338
 20
-1.19554
 30
0.0
 10
-7.76216
 20
-1.19554
 30
0.0
 10
-7.76216
 20
-1.19554
 30
0.0
  0
SPLINE
  5
329
330
1F
100
AcDbEntity
  8
Camada 1
 62
   251
370
     9
100
AcDbSpline
210
0.0
220
0.0
230
1.0
 70
    24
 71
     3
 72
     8
 73
     4
 74
     0
 42
0.0000000001
 43
0.0000000001
 40
0.0
 40
0.0
 40
0.0
 40
0.0
 40
1.0
 40
1.0
 40
1.0
 40
1.0
 10
-7.76216
 20
-2.34912
 30
0.0
 10
-7.76216
 20
-2.34912
 30
0.0
 10
-11.47338
 20
-2.34912
 30
0.0
 10
-11.47338
 20
-2.34912
 30
0.0
  0
SPLINE
  5
32B
330
1F
100
AcDbEntity
  8
Camada 1
 62
   251
370
     9
100
AcDbSpline
210
0.0
220
0.0
230
1.0
 70
     8
 71
     3
 72
    29
 73
    25
 74
     0
 42
0.0000000001
 43
0.0000000001
 40
0.0
 40
0.0
 40
0.0
 40
0.0
 40
0.125
 40
0.125
 40
0.125
 40
0.25
 40
0.25
 40
0.25
 40
0.375
 40
0.375
 40
0.375
 40
0.5
 40
0.5
 40
0.5
 40
0.625
 40
0.625
 40
0.625
 40
0.75
 40
0.75
 40
0.75
 40
0.875
 40
0.875
 40
0.875
 40
1.0
 40
1.0
 40
1.0
 40
1.0
 10
-7.76216
 20
-1.19554
 30
0.0
 10
-7.76216
 20
-1.19554
 30
0.0
 10
-7.7551
 20
-1.19906
 30
0.0
 10
-7.7551
 20
-1.19906
 30
0.0
 10
-7.7551
 20
-1.19906
 30
0.0
 10
-7.75157
 20
-1.19906
 30
0.0
 10
-7.75157
 20
-1.19906
 30
0.0
 10
-7.75157
 20
-1.19906
 30
0.0
 10
-7.74452
 20
-1.20259
 30
0.0
 10
-7.74452
 20
-1.20259
 30
0.0
 10
-7.74452
 20
-1.20259
 30
0.0
 10
-7.74099
 20
-1.20612
 30
0.0
 10
-7.74099
 20
-1.20612
 30
0.0
 10
-7.74099
 20
-1.20612
 30
0.0
 10
-7.73746
 20
-1.20965
 30
0.0
 10
-7.73746
 20
-1.20965
 30
0.0
 10
-7.73746
 20
-1.20965
 30
0.0
 10
-7.73394
 20
-1.2167
 30
0.0
 10
-7.73394
 20
-1.2167
 30
0.0
 10
-7.73394
 20
-1.2167
 30
0.0
 10
-7.73394
 20
-1.22023
 30
0.0
 10
-7.73394
 20
-1.22023
 30
0.0
 10
-7.73394
 20
-1.22023
 30
0.0
 10
-7.73394
 20
-1.22729
 30
0.0
 10
-7.73394
 20
-1.22729
 30
0.0
  0
SPLINE
  5
32C
330
1F
100
AcDbEntity
  8
Camada 1
 62
   251
370
     9
100
AcDbSpline
210
0.0
220
0.0
230
1.0
 70
     8
 71
     3
 72
    29
 73
    25
 74
     0
 42
0.0000000001
 43
0.0000000001
 40
0.0
 40
0.0
 40
0.0
 40
0.0
 40
0.125
 40
0.125
 40
0.125
 40
0.25
 40
0.25
 40
0.25
 40
0.375
 40
0.375
 40
0.375
 40
0.5
 40
0.5
 40
0.5
 40
0.625
 40
0.625
 40
0.625
 40
0.75
 40
0.75
 40
0.75
 40
0.875
 40
0.875
 40
0.875
 40
1.0
 40
1.0
 40
1.0
 40
1.0
 10
-7.76216
 20
-2.34912
 30
0.0
 10
-7.76216
 20
-2.34912
 30
0.0
 10
-7.7551
 20
-2.34559
 30
0.0
 10
-7.7551
 20
-2.34559
 30
0.0
 10
-7.7551
 20
-2.34559
 30
0.0
 10
-7.75157
 20
-2.34559
 30
0.0
 10
-7.75157
 20
-2.34559
 30
0.0
 10
-7.75157
 20
-2.34559
 30
0.0
 10
-7.74452
 20
-2.34206
 30
0.0
 10
-7.74452
 20
-2.34206
 30
0.0
 10
-7.74452
 20
-2.34206
 30
0.0
 10
-7.74099
 20
-2.33854
 30
0.0
 10
-7.74099
 20
-2.33854
 30
0.0
 10
-7.74099
 20
-2.33854
 30
0.0
 10
-7.73746
 20
-2.33501
 30
0.0
 10
-7.73746
 20
-2.33501
 30
0.0
 10
-7.73746
 20
-2.33501
 30
0.0
 10
-7.73394
 20
-2.32795
 30
0.0
 10
-7.73394
 20
-2.32795
 30
0.0
 10
-7.73394
 20
-2.32795
 30
0.0
 10
-7.73394
 20
-2.32442
 30
0.0
 10
-7.73394
 20
-2.32442
 30
0.0
 10
-7.73394
 20
-2.32442
 30
0.0
 10
-7.73394
 20
-2.31737
 30
0.0
 10
-7.73394
 20
-2.31737
 30
0.0
  0
SPLINE
  5
32E
330
1F
100
AcDbEntity
  8
Camada 1
 62
   251
370
     9
100
AcDbSpline
210
0.0
220
0.0
230
1.0
 70
     8
 71
     3
 72
    29
 73
    25
 74
     0
 42
0.0000000001
 43
0.0000000001
 40
0.0
 40
0.0
 40
0.0
 40
0.0
 40
0.125
 40
0.125
 40
0.125
 40
0.25
 40
0.25
 40
0.25
 40
0.375
 40
0.375
 40
0.375
 40
0.5
 40
0.5
 40
0.5
 40
0.625
 40
0.625
 40
0.625
 40
0.75
 40
0.75
 40
0.75
 40
0.875
 40
0.875
 40
0.875
 40
1.0
 40
1.0
 40
1.0
 40
1.0
 10
-11.47338
 20
-1.19554
 30
0.0
 10
-11.47338
 20
-1.19554
 30
0.0
 10
-11.48043
 20
-1.19906
 30
0.0
 10
-11.48043
 20
-1.19906
 30
0.0
 10
-11.48043
 20
-1.19906
 30
0.0
 10
-11.48396
 20
-1.19906
 30
0.0
 10
-11.48396
 20
-1.19906
 30
0.0
 10
-11.48396
 20
-1.19906
 30
0.0
 10
-11.49102
 20
-1.20259
 30
0.0
 10
-11.49102
 20
-1.20259
 30
0.0
 10
-11.49102
 20
-1.20259
 30
0.0
 10
-11.49455
 20
-1.20612
 30
0.0
 10
-11.49455
 20
-1.20612
 30
0.0
 10
-11.49455
 20
-1.20612
 30
0.0
 10
-11.49807
 20
-1.20965
 30
0.0
 10
-11.49807
 20
-1.20965
 30
0.0
 10
-11.49807
 20
-1.20965
 30
0.0
 10
-11.5016
 20
-1.2167
 30
0.0
 10
-11.5016
 20
-1.2167
 30
0.0
 10
-11.5016
 20
-1.2167
 30
0.0
 10
-11.5016
 20
-1.22023
 30
0.0
 10
-11.5016
 20
-1.22023
 30
0.0
 10
-11.5016
 20
-1.22023
 30
0.0
 10
-11.5016
 20
-1.22729
 30
0.0
 10
-11.5016
 20
-1.22729
 30
0.0
  0
SPLINE
  5
331
330
1F
100
AcDbEntity
  8
Camada 1
 62
   251
370
     9
100
AcDbSpline
210
0.0
220
0.0
230
1.0
 70
     8
 71
     3
 72
    29
 73
    25
 74
     0
 42
0.0000000001
 43
0.0000000001
 40
0.0
 40
0.0
 40
0.0
 40
0.0
 40
0.125
 40
0.125
 40
0.125
 40
0.25
 40
0.25
 40
0.25
 40
0.375
 40
0.375
 40
0.375
 40
0.5
 40
0.5
 40
0.5
 40
0.625
 40
0.625
 40
0.625
 40
0.75
 40
0.75
 40
0.75
 40
0.875
 40
0.875
 40
0.875
 40
1.0
 40
1.0
 40
1.0
 40
1.0
 10
-11.47338
 20
-2.34912
 30
0.0
 10
-11.47338
 20
-2.34912
 30
0.0
 10
-11.48043
 20
-2.34559
 30
0.0
 10
-11.48043
 20
-2.34559
 30
0.0
 10
-11.48043
 20
-2.34559
 30
0.0
 10
-11.48396
 20
-2.34559
 30
0.0
 10
-11.48396
 20
-2.34559
 30
0.0
 10
-11.48396
 20
-2.34559
 30
0.0
 10
-11.49102
 20
-2.34206
 30
0.0
 10
-11.49102
 20
-2.34206
 30
0.0
 10
-11.49102
 20
-2.34206
 30
0.0
 10
-11.49455
 20
-2.33854
 30
0.0
 10
-11.49455
 20
-2.33854
 30
0.0
 10
-11.49455
 20
-2.33854
 30
0.0
 10
-11.49807
 20
-2.33501
 30
0.0
 10
-11.49807
 20
-2.33501
 30
0.0
 10
-11.49807
 20
-2.33501
 30
0.0
 10
-11.5016
 20
-2.32795
 30
0.0
 10
-11.5016
 20
-2.32795
 30
0.0
 10
-11.5016
 20
-2.32795
 30
0.0
 10
-11.5016
 20
-2.32442
 30
0.0
 10
-11.5016
 20
-2.32442
 30
0.0
 10
-11.5016
 20
-2.32442
 30
0.0
 10
-11.5016
 20
-2.31737
 30
0.0
 10
-11.5016
 20
-2.31737
 30
0.0
  0
SPLINE
  5
333
330
1F
100
AcDbEntity
  8
Camada 1
 62
   251
370
     9
100
AcDbSpline
210
0.0
220
0.0
230
1.0
 70
    24
 71
     3
 72
     8
 73
     4
 74
     0
 42
0.0000000001
 43
0.0000000001
 40
0.0
 40
0.0
 40
0.0
 40
0.0
 40
1.0
 40
1.0
 40
1.0
 40
1.0
 10
-11.47338
 20
-2.34912
 30
0.0
 10
-11.47338
 20
-2.34912
 30
0.0
 10
-7.76216
 20
-2.34912
 30
0.0
 10
-7.76216
 20
-2.34912
 30
0.0
  0
SPLINE
  5
336
330
1F
100
AcDbEntity
  8
Camada 1
 62
   251
370
     9
100
AcDbSpline
210
0.0
220
0.0
230
1.0
 70
    24
 71
     3
 72
     8
 73
     4
 74
     0
 42
0.0000000001
 43
0.0000000001
 40
0.0
 40
0.0
 40
0.0
 40
0.0
 40
1.0
 40
1.0
 40
1.0
 40
1.0
 10
-7.76216
 20
-1.19554
 30
0.0
 10
-7.76216
 20
-1.19554
 30
0.0
 10
-11.47338
 20
-1.19554
 30
0.0
 10
-11.47338
 20
-1.19554
 30
0.0
  0
SPLINE
  5
338
330
1F
100
AcDbEntity
  8
Camada 1
 62
   251
370
     9
100
AcDbSpline
210
0.0
220
0.0
230
1.0
 70
     8
 71
     3
 72
    29
 73
    25
 74
     0
 42
0.0000000001
 43
0.0000000001
 40
0.0
 40
0.0
 40
0.0
 40
0.0
 40
0.125
 40
0.125
 40
0.125
 40
0.25
 40
0.25
 40
0.25
 40
0.375
 40
0.375
 40
0.375
 40
0.5
 40
0.5
 40
0.5
 40
0.625
 40
0.625
 40
0.625
 40
0.75
 40
0.75
 40
0.75
 40
0.875
 40
0.875
 40
0.875
 40
1.0
 40
1.0
 40
1.0
 40
1.0
 10
-7.73041
 20
-1.22729
 30
0.0
 10
-7.73041
 20
-1.22729
 30
0.0
 10
-7.73041
 20
-1.22023
 30
0.0
 10
-7.73041
 20
-1.22023
 30
0.0
 10
-7.73041
 20
-1.22023
 30
0.0
 10
-7.73394
 20
-1.21317
 30
0.0
 10
-7.73394
 20
-1.21317
 30
0.0
 10
-7.73394
 20
-1.21317
 30
0.0
 10
-7.73746
 20
-1.20965
 30
0.0
 10
-7.73746
 20
-1.20965
 30
0.0
 10
-7.73746
 20
-1.20965
 30
0.0
 10
-7.74099
 20
-1.20612
 30
0.0
 10
-7.74099
 20
-1.20612
 30
0.0
 10
-7.74099
 20
-1.20612
 30
0.0
 10
-7.74452
 20
-1.20259
 30
0.0
 10
-7.74452
 20
-1.20259
 30
0.0
 10
-7.74452
 20
-1.20259
 30
0.0
 10
-7.75157
 20
-1.19906
 30
0.0
 10
-7.75157
 20
-1.19906
 30
0.0
 10
-7.75157
 20
-1.19906
 30
0.0
 10
-7.7551
 20
-1.19554
 30
0.0
 10
-7.7551
 20
-1.19554
 30
0.0
 10
-7.7551
 20
-1.19554
 30
0.0
 10
-7.76216
 20
-1.19554
 30
0.0
 10
-7.76216
 20
-1.19554
 30
0.0
  0
SPLINE
  5
339
330
1F
100
AcDbEntity
  8
Camada 1
 62
   251
370
     9
100
AcDbSpline
210
0.0
220
0.0
230
1.0
 70
    24
 71
     3
 72
     8
 73
     4
 74
     0
 42
0.0000000001
 43
0.0000000001
 40
0.0
 40
0.0
 40
0.0
 40
0.0
 40
1.0
 40
1.0
 40
1.0
 40
1.0
 10
-7.73041
 20
-1.22729
 30
0.0
 10
-7.73041
 20
-1.22729
 30
0.0
 10
-7.73394
 20
-1.22729
 30
0.0
 10
-7.73394
 20
-1.22729
 30
0.0
  0
SPLINE
  5
33A
330
1F
100
AcDbEntity
  8
Camada 1
 62
   251
370
     9
100
AcDbSpline
210
0.0
220
0.0
230
1.0
 70
    24
 71
     3
 72
     8
 73
     4
 74
     0
 42
0.0000000001
 43
0.0000000001
 40
0.0
 40
0.0
 40
0.0
 40
0.0
 40
1.0
 40
1.0
 40
1.0
 40
1.0
 10
-7.73394
 20
-2.31737
 30
0.0
 10
-7.73394
 20
-2.31737
 30
0.0
 10
-7.73041
 20
-2.31737
 30
0.0
 10
-7.73041
 20
-2.31737
 30
0.0
  0
SPLINE
  5
33B
330
1F
100
AcDbEntity
  8
Camada 1
 62
   251
370
     9
100
AcDbSpline
210
0.0
220
0.0
230
1.0
 70
     8
 71
     3
 72
    29
 73
    25
 74
     0
 42
0.0000000001
 43
0.0000000001
 40
0.0
 40
0.0
 40
0.0
 40
0.0
 40
0.125
 40
0.125
 40
0.125
 40
0.25
 40
0.25
 40
0.25
 40
0.375
 40
0.375
 40
0.375
 40
0.5
 40
0.5
 40
0.5
 40
0.625
 40
0.625
 40
0.625
 40
0.75
 40
0.75
 40
0.75
 40
0.875
 40
0.875
 40
0.875
 40
1.0
 40
1.0
 40
1.0
 40
1.0
 10
-7.76216
 20
-2.34912
 30
0.0
 10
-7.76216
 20
-2.34912
 30
0.0
 10
-7.7551
 20
-2.34912
 30
0.0
 10
-7.7551
 20
-2.34912
 30
0.0
 10
-7.7551
 20
-2.34912
 30
0.0
 10
-7.75157
 20
-2.34559
 30
0.0
 10
-7.75157
 20
-2.34559
 30
0.0
 10
-7.75157
 20
-2.34559
 30
0.0
 10
-7.74452
 20
-2.34206
 30
0.0
 10
-7.74452
 20
-2.34206
 30
0.0
 10
-7.74452
 20
-2.34206
 30
0.0
 10
-7.74099
 20
-2.33854
 30
0.0
 10
-7.74099
 20
-2.33854
 30
0.0
 10
-7.74099
 20
-2.33854
 30
0.0
 10
-7.73746
 20
-2.33501
 30
0.0
 10
-7.73746
 20
-2.33501
 30
0.0
 10
-7.73746
 20
-2.33501
 30
0.0
 10
-7.73394
 20
-2.33148
 30
0.0
 10
-7.73394
 20
-2.33148
 30
0.0
 10
-7.73394
 20
-2.33148
 30
0.0
 10
-7.73041
 20
-2.32442
 30
0.0
 10
-7.73041
 20
-2.32442
 30
0.0
 10
-7.73041
 20
-2.32442
 30
0.0
 10
-7.73041
 20
-2.31737
 30
0.0
 10
-7.73041
 20
-2.31737
 30
0.0
  0
SPLINE
  5
33C
330
1F
100
AcDbEntity
  8
Camada 1
 62
   251
370
     9
100
AcDbSpline
210
0.0
220
0.0
230
1.0
 70
    24
 71
     3
 72
     8
 73
     4
 74
     0
 42
0.0000000001
 43
0.0000000001
 40
0.0
 40
0.0
 40
0.0
 40
0.0
 40
1.0
 40
1.0
 40
1.0
 40
1.0
 10
-11.5016
 20
-1.22729
 30
0.0
 10
-11.5016
 20
-1.22729
 30
0.0
 10
-11.50513
 20
-1.22729
 30
0.0
 10
-11.50513
 20
-1.22729
 30
0.0
  0
SPLINE
  5
33D
330
1F
100
AcDbEntity
  8
Camada 1
 62
   251
370
     9
100
AcDbSpline
210
0.0
220
0.0
230
1.0
 70
     8
 71
     3
 72
    29
 73
    25
 74
     0
 42
0.0000000001
 43
0.0000000001
 40
0.0
 40
0.0
 40
0.0
 40
0.0
 40
0.125
 40
0.125
 40
0.125
 40
0.25
 40
0.25
 40
0.25
 40
0.375
 40
0.375
 40
0.375
 40
0.5
 40
0.5
 40
0.5
 40
0.625
 40
0.625
 40
0.625
 40
0.75
 40
0.75
 40
0.75
 40
0.875
 40
0.875
 40
0.875
 40
1.0
 40
1.0
 40
1.0
 40
1.0
 10
-11.47338
 20
-1.19554
 30
0.0
 10
-11.47338
 20
-1.19554
 30
0.0
 10
-11.48043
 20
-1.19554
 30
0.0
 10
-11.48043
 20
-1.19554
 30
0.0
 10
-11.48043
 20
-1.19554
 30
0.0
 10
-11.48396
 20
-1.19906
 30
0.0
 10
-11.48396
 20
-1.19906
 30
0.0
 10
-11.48396
 20
-1.19906
 30
0.0
 10
-11.49102
 20
-1.20259
 30
0.0
 10
-11.49102
 20
-1.20259
 30
0.0
 10
-11.49102
 20
-1.20259
 30
0.0
 10
-11.49455
 20
-1.20612
 30
0.0
 10
-11.49455
 20
-1.20612
 30
0.0
 10
-11.49455
 20
-1.20612
 30
0.0
 10
-11.49807
 20
-1.20965
 30
0.0
 10
-11.49807
 20
-1.20965
 30
0.0
 10
-11.49807
 20
-1.20965
 30
0.0
 10
-11.5016
 20
-1.21317
 30
0.0
 10
-11.5016
 20
-1.21317
 30
0.0
 10
-11.5016
 20
-1.21317
 30
0.0
 10
-11.5016
 20
-1.22023
 30
0.0
 10
-11.5016
 20
-1.22023
 30
0.0
 10
-11.5016
 20
-1.22023
 30
0.0
 10
-11.50513
 20
-1.22729
 30
0.0
 10
-11.50513
 20
-1.22729
 30
0.0
  0
SPLINE
  5
33E
330
1F
100
AcDbEntity
  8
Camada 1
 62
   251
370
     9
100
AcDbSpline
210
0.0
220
0.0
230
1.0
 70
     8
 71
     3
 72
    29
 73
    25
 74
     0
 42
0.0000000001
 43
0.0000000001
 40
0.0
 40
0.0
 40
0.0
 40
0.0
 40
0.125
 40
0.125
 40
0.125
 40
0.25
 40
0.25
 40
0.25
 40
0.375
 40
0.375
 40
0.375
 40
0.5
 40
0.5
 40
0.5
 40
0.625
 40
0.625
 40
0.625
 40
0.75
 40
0.75
 40
0.75
 40
0.875
 40
0.875
 40
0.875
 40
1.0
 40
1.0
 40
1.0
 40
1.0
 10
-11.50513
 20
-2.31737
 30
0.0
 10
-11.50513
 20
-2.31737
 30
0.0
 10
-11.5016
 20
-2.32442
 30
0.0
 10
-11.5016
 20
-2.32442
 30
0.0
 10
-11.5016
 20
-2.32442
 30
0.0
 10
-11.5016
 20
-2.33148
 30
0.0
 10
-11.5016
 20
-2.33148
 30
0.0
 10
-11.5016
 20
-2.33148
 30
0.0
 10
-11.49807
 20
-2.33501
 30
0.0
 10
-11.49807
 20
-2.33501
 30
0.0
 10
-11.49807
 20
-2.33501
 30
0.0
 10
-11.49455
 20
-2.33854
 30
0.0
 10
-11.49455
 20
-2.33854
 30
0.0
 10
-11.49455
 20
-2.33854
 30
0.0
 10
-11.49102
 20
-2.34206
 30
0.0
 10
-11.49102
 20
-2.34206
 30
0.0
 10
-11.49102
 20
-2.34206
 30
0.0
 10
-11.48396
 20
-2.34559
 30
0.0
 10
-11.48396
 20
-2.34559
 30
0.0
 10
-11.48396
 20
-2.34559
 30
0.0
 10
-11.48043
 20
-2.34912
 30
0.0
 10
-11.48043
 20
-2.34912
 30
0.0
 10
-11.48043
 20
-2.34912
 30
0.0
 10
-11.47338
 20
-2.34912
 30
0.0
 10
-11.47338
 20
-2.34912
 30
0.0
  0
SPLINE
  5
33F
330
1F
100
AcDbEntity
  8
Camada 1
 62
   251
370
     9
100
AcDbSpline
210
0.0
220
0.0
230
1.0
 70
    24
 71
     3
 72
     8
 73
     4
 74
     0
 42
0.0000000001
 43
0.0000000001
 40
0.0
 40
0.0
 40
0.0
 40
0.0
 40
1.0
 40
1.0
 40
1.0
 40
1.0
 10
-11.50513
 20
-2.31737
 30
0.0
 10
-11.50513
 20
-2.31737
 30
0.0
 10
-11.5016
 20
-2.31737
 30
0.0
 10
-11.5016
 20
-2.31737
 30
0.0
  0
SPLINE
  5
340
330
1F
100
AcDbEntity
  8
Camada 1
 62
   251
370
     9
100
AcDbSpline
210
0.0
220
0.0
230
1.0
 70
    24
 71
     3
 72
     8
 73
     4
 74
     0
 42
0.0000000001
 43
0.0000000001
 40
0.0
 40
0.0
 40
0.0
 40
0.0
 40
1.0
 40
1.0
 40
1.0
 40
1.0
 10
-7.73041
 20
-2.31737
 30
0.0
 10
-7.73041
 20
-2.31737
 30
0.0
 10
-7.73041
 20
-1.22729
 30
0.0
 10
-7.73041
 20
-1.22729
 30
0.0
  0
SPLINE
  5
341
330
1F
100
AcDbEntity
  8
Camada 1
 62
   251
370
     9
100
AcDbSpline
210
0.0
220
0.0
230
1.0
 70
    24
 71
     3
 72
     8
 73
     4
 74
     0
 42
0.0000000001
 43
0.0000000001
 40
0.0
 40
0.0
 40
0.0
 40
0.0
 40
1.0
 40
1.0
 40
1.0
 40
1.0
 10
-11.50513
 20
-1.22729
 30
0.0
 10
-11.50513
 20
-1.22729
 30
0.0
 10
-11.50513
 20
-2.31737
 30
0.0
 10
-11.50513
 20
-2.31737
 30
0.0
  0
SPLINE
  5
342
330
1F
100
AcDbEntity
  8
Camada 1
 62
   251
370
     9
100
AcDbSpline
210
0.0
220
0.0
230
1.0
 70
    11
 71
     3
 72
    56
 73
    52
 74
     0
 42
0.0000000001
 43
0.0000000001
 40
0.0
 40
0.0
 40
0.0
 40
0.0
 40
0.0588235294117647
 40
0.0588235294117647
 40
0.0588235294117647
 40
0.1176470588235294
 40
0.1176470588235294
 40
0.1176470588235294
 40
0.1764705882352941
 40
0.1764705882352941
 40
0.1764705882352941
 40
0.2352941176470588
 40
0.2352941176470588
 40
0.2352941176470588
 40
0.2941176470588235
 40
0.2941176470588235
 40
0.2941176470588235
 40
0.3529411764705882
 40
0.3529411764705882
 40
0.3529411764705882
 40
0.4117647058823529
 40
0.4117647058823529
 40
0.4117647058823529
 40
0.4705882352941176
 40
0.4705882352941176
 40
0.4705882352941176
 40
0.5294117647058824
 40
0.5294117647058824
 40
0.5294117647058824
 40
0.5882352941176471
 40
0.5882352941176471
 40
0.5882352941176471
 40
0.6470588235294118
 40
0.6470588235294118
 40
0.6470588235294118
 40
0.7058823529411764
 40
0.7058823529411764
 40
0.7058823529411764
 40
0.7647058823529411
 40
0.7647058823529411
 40
0.7647058823529411
 40
0.8235294117647058
 40
0.8235294117647058
 40
0.8235294117647058
 40
0.8823529411764706
 40
0.8823529411764706
 40
0.8823529411764706
 40
0.9411764705882353
 40
0.9411764705882353
 40
0.9411764705882353
 40
1.0
 40
1.0
 40
1.0
 40
1.0
 10
-11.11707
 20
2.99899
 30
0.0
 10
-11.11707
 20
2.99899
 30
0.0
 10
-11.13824
 20
2.99546
 30
0.0
 10
-11.13824
 20
2.99546
 30
0.0
 10
-11.13824
 20
2.99546
 30
0.0
 10
-11.15235
 20
2.98841
 30
0.0
 10
-11.15235
 20
2.98841
 30
0.0
 10
-11.15235
 20
2.98841
 30
0.0
 10
-11.16646
 20
2.97077
 30
0.0
 10
-11.16646
 20
2.97077
 30
0.0
 10
-11.16646
 20
2.97077
 30
0.0
 10
-11.16999
 20
2.95313
 30
0.0
 10
-11.16999
 20
2.95313
 30
0.0
 10
-11.16999
 20
2.95313
 30
0.0
 10
-11.16999
 20
2.93196
 30
0.0
 10
-11.16999
 20
2.93196
 30
0.0
 10
-11.16999
 20
2.93196
 30
0.0
 10
-11.15941
 20
2.91433
 30
0.0
 10
-11.15941
 20
2.91433
 30
0.0
 10
-11.15941
 20
2.91433
 30
0.0
 10
-11.1453
 20
2.90022
 30
0.0
 10
-11.1453
 20
2.90022
 30
0.0
 10
-11.1453
 20
2.90022
 30
0.0
 10
-11.12766
 20
2.89316
 30
0.0
 10
-11.12766
 20
2.89316
 30
0.0
 10
-11.12766
 20
2.89316
 30
0.0
 10
-11.10649
 20
2.89316
 30
0.0
 10
-11.10649
 20
2.89316
 30
0.0
 10
-11.10649
 20
2.89316
 30
0.0
 10
-11.08885
 20
2.90022
 30
0.0
 10
-11.08885
 20
2.90022
 30
0.0
 10
-11.08885
 20
2.90022
 30
0.0
 10
-11.07474
 20
2.91433
 30
0.0
 10
-11.07474
 20
2.91433
 30
0.0
 10
-11.07474
 20
2.91433
 30
0.0
 10
-11.06769
 20
2.93196
 30
0.0
 10
-11.06769
 20
2.93196
 30
0.0
 10
-11.06769
 20
2.93196
 30
0.0
 10
-11.06416
 20
2.95313
 30
0.0
 10
-11.06416
 20
2.95313
 30
0.0
 10
-11.06416
 20
2.95313
 30
0.0
 10
-11.07121
 20
2.97077
 30
0.0
 10
-11.07121
 20
2.97077
 30
0.0
 10
-11.07121
 20
2.97077
 30
0.0
 10
-11.0818
 20
2.98841
 30
0.0
 10
-11.0818
 20
2.98841
 30
0.0
 10
-11.0818
 20
2.98841
 30
0.0
 10
-11.09944
 20
2.99546
 30
0.0
 10
-11.09944
 20
2.99546
 30
0.0
 10
-11.09944
 20
2.99546
 30
0.0
 10
-11.11707
 20
2.99899
 30
0.0
 10
-11.11707
 20
2.99899
 30
0.0
  0
SPLINE
  5
343
330
1F
100
AcDbEntity
  8
Camada 1
 62
   251
370
     9
100
AcDbSpline
210
0.0
220
0.0
230
1.0
 70
    11
 71
     3
 72
    62
 73
    58
 74
     0
 42
0.0000000001
 43
0.0000000001
 40
0.0
 40
0.0
 40
0.0
 40
0.0
 40
0.0526315789473684
 40
0.0526315789473684
 40
0.0526315789473684
 40
0.1052631578947368
 40
0.1052631578947368
 40
0.1052631578947368
 40
0.1578947368421053
 40
0.1578947368421053
 40
0.1578947368421053
 40
0.2105263157894737
 40
0.2105263157894737
 40
0.2105263157894737
 40
0.2631578947368421
 40
0.2631578947368421
 40
0.2631578947368421
 40
0.3157894736842105
 40
0.3157894736842105
 40
0.3157894736842105
 40
0.3684210526315789
 40
0.3684210526315789
 40
0.3684210526315789
 40
0.4210526315789473
 40
0.4210526315789473
 40
0.4210526315789473
 40
0.4736842105263158
 40
0.4736842105263158
 40
0.4736842105263158
 40
0.5263157894736842
 40
0.5263157894736842
 40
0.5263157894736842
 40
0.5789473684210527
 40
0.5789473684210527
 40
0.5789473684210527
 40
0.631578947368421
 40
0.631578947368421
 40
0.631578947368421
 40
0.6842105263157894
 40
0.6842105263157894
 40
0.6842105263157894
 40
0.7368421052631579
 40
0.7368421052631579
 40
0.7368421052631579
 40
0.7894736842105263
 40
0.7894736842105263
 40
0.7894736842105263
 40
0.8421052631578947
 40
0.8421052631578947
 40
0.8421052631578947
 40
0.894736842105263
 40
0.894736842105263
 40
0.894736842105263
 40
0.9473684210526315
 40
0.9473684210526315
 40
0.9473684210526315
 40
1.0
 40
1.0
 40
1.0
 40
1.0
 10
-11.11707
 20
2.88258
 30
0.0
 10
-11.11707
 20
2.88258
 30
0.0
 10
-11.13824
 20
2.8861
 30
0.0
 10
-11.13824
 20
2.8861
 30
0.0
 10
-11.13824
 20
2.8861
 30
0.0
 10
-11.15588
 20
2.89669
 30
0.0
 10
-11.15588
 20
2.89669
 30
0.0
 10
-11.15588
 20
2.89669
 30
0.0
 10
-11.16999
 20
2.9108
 30
0.0
 10
-11.16999
 20
2.9108
 30
0.0
 10
-11.16999
 20
2.9108
 30
0.0
 10
-11.18057
 20
2.93196
 30
0.0
 10
-11.18057
 20
2.93196
 30
0.0
 10
-11.18057
 20
2.93196
 30
0.0
 10
-11.18057
 20
2.95313
 30
0.0
 10
-11.18057
 20
2.95313
 30
0.0
 10
-11.18057
 20
2.95313
 30
0.0
 10
-11.17705
 20
2.9743
 30
0.0
 10
-11.17705
 20
2.9743
 30
0.0
 10
-11.17705
 20
2.9743
 30
0.0
 10
-11.16293
 20
2.98841
 30
0.0
 10
-11.16293
 20
2.98841
 30
0.0
 10
-11.16293
 20
2.98841
 30
0.0
 10
-11.14882
 20
3.00252
 30
0.0
 10
-11.14882
 20
3.00252
 30
0.0
 10
-11.14882
 20
3.00252
 30
0.0
 10
-11.12766
 20
3.00958
 30
0.0
 10
-11.12766
 20
3.00958
 30
0.0
 10
-11.12766
 20
3.00958
 30
0.0
 10
-11.10649
 20
3.00958
 30
0.0
 10
-11.10649
 20
3.00958
 30
0.0
 10
-11.10649
 20
3.00958
 30
0.0
 10
-11.08885
 20
3.00252
 30
0.0
 10
-11.08885
 20
3.00252
 30
0.0
 10
-11.08885
 20
3.00252
 30
0.0
 10
-11.07121
 20
2.98841
 30
0.0
 10
-11.07121
 20
2.98841
 30
0.0
 10
-11.07121
 20
2.98841
 30
0.0
 10
-11.06063
 20
2.9743
 30
0.0
 10
-11.06063
 20
2.9743
 30
0.0
 10
-11.06063
 20
2.9743
 30
0.0
 10
-11.05357
 20
2.95313
 30
0.0
 10
-11.05357
 20
2.95313
 30
0.0
 10
-11.05357
 20
2.95313
 30
0.0
 10
-11.0571
 20
2.93196
 30
0.0
 10
-11.0571
 20
2.93196
 30
0.0
 10
-11.0571
 20
2.93196
 30
0.0
 10
-11.06416
 20
2.9108
 30
0.0
 10
-11.06416
 20
2.9108
 30
0.0
 10
-11.06416
 20
2.9108
 30
0.0
 10
-11.07827
 20
2.89669
 30
0.0
 10
-11.07827
 20
2.89669
 30
0.0
 10
-11.07827
 20
2.89669
 30
0.0
 10
-11.09591
 20
2.8861
 30
0.0
 10
-11.09591
 20
2.8861
 30
0.0
 10
-11.09591
 20
2.8861
 30
0.0
 10
-11.11707
 20
2.88258
 30
0.0
 10
-11.11707
 20
2.88258
 30
0.0
  0
SPLINE
  5
344
330
1F
100
AcDbEntity
  8
Camada 1
 62
   251
370
     9
100
AcDbSpline
210
0.0
220
0.0
230
1.0
 70
    11
 71
     3
 72
    62
 73
    58
 74
     0
 42
0.0000000001
 43
0.0000000001
 40
0.0
 40
0.0
 40
0.0
 40
0.0
 40
0.0526315789473684
 40
0.0526315789473684
 40
0.0526315789473684
 40
0.1052631578947368
 40
0.1052631578947368
 40
0.1052631578947368
 40
0.1578947368421053
 40
0.1578947368421053
 40
0.1578947368421053
 40
0.2105263157894737
 40
0.2105263157894737
 40
0.2105263157894737
 40
0.2631578947368421
 40
0.2631578947368421
 40
0.2631578947368421
 40
0.3157894736842105
 40
0.3157894736842105
 40
0.3157894736842105
 40
0.3684210526315789
 40
0.3684210526315789
 40
0.3684210526315789
 40
0.4210526315789473
 40
0.4210526315789473
 40
0.4210526315789473
 40
0.4736842105263158
 40
0.4736842105263158
 40
0.4736842105263158
 40
0.5263157894736842
 40
0.5263157894736842
 40
0.5263157894736842
 40
0.5789473684210527
 40
0.5789473684210527
 40
0.5789473684210527
 40
0.631578947368421
 40
0.631578947368421
 40
0.631578947368421
 40
0.6842105263157894
 40
0.6842105263157894
 40
0.6842105263157894
 40
0.7368421052631579
 40
0.7368421052631579
 40
0.7368421052631579
 40
0.7894736842105263
 40
0.7894736842105263
 40
0.7894736842105263
 40
0.8421052631578947
 40
0.8421052631578947
 40
0.8421052631578947
 40
0.894736842105263
 40
0.894736842105263
 40
0.894736842105263
 40
0.9473684210526315
 40
0.9473684210526315
 40
0.9473684210526315
 40
1.0
 40
1.0
 40
1.0
 40
1.0
 10
-11.11707
 20
2.88258
 30
0.0
 10
-11.11707
 20
2.88258
 30
0.0
 10
-11.09591
 20
2.8861
 30
0.0
 10
-11.09591
 20
2.8861
 30
0.0
 10
-11.09591
 20
2.8861
 30
0.0
 10
-11.07827
 20
2.89669
 30
0.0
 10
-11.07827
 20
2.89669
 30
0.0
 10
-11.07827
 20
2.89669
 30
0.0
 10
-11.06416
 20
2.9108
 30
0.0
 10
-11.06416
 20
2.9108
 30
0.0
 10
-11.06416
 20
2.9108
 30
0.0
 10
-11.05357
 20
2.93196
 30
0.0
 10
-11.05357
 20
2.93196
 30
0.0
 10
-11.05357
 20
2.93196
 30
0.0
 10
-11.05357
 20
2.95313
 30
0.0
 10
-11.05357
 20
2.95313
 30
0.0
 10
-11.05357
 20
2.95313
 30
0.0
 10
-11.0571
 20
2.9743
 30
0.0
 10
-11.0571
 20
2.9743
 30
0.0
 10
-11.0571
 20
2.9743
 30
0.0
 10
-11.07121
 20
2.99194
 30
0.0
 10
-11.07121
 20
2.99194
 30
0.0
 10
-11.07121
 20
2.99194
 30
0.0
 10
-11.08532
 20
3.00252
 30
0.0
 10
-11.08532
 20
3.00252
 30
0.0
 10
-11.08532
 20
3.00252
 30
0.0
 10
-11.10649
 20
3.00958
 30
0.0
 10
-11.10649
 20
3.00958
 30
0.0
 10
-11.10649
 20
3.00958
 30
0.0
 10
-11.12766
 20
3.00958
 30
0.0
 10
-11.12766
 20
3.00958
 30
0.0
 10
-11.12766
 20
3.00958
 30
0.0
 10
-11.14882
 20
3.00252
 30
0.0
 10
-11.14882
 20
3.00252
 30
0.0
 10
-11.14882
 20
3.00252
 30
0.0
 10
-11.16646
 20
2.99194
 30
0.0
 10
-11.16646
 20
2.99194
 30
0.0
 10
-11.16646
 20
2.99194
 30
0.0
 10
-11.17705
 20
2.9743
 30
0.0
 10
-11.17705
 20
2.9743
 30
0.0
 10
-11.17705
 20
2.9743
 30
0.0
 10
-11.18057
 20
2.95313
 30
0.0
 10
-11.18057
 20
2.95313
 30
0.0
 10
-11.18057
 20
2.95313
 30
0.0
 10
-11.18057
 20
2.93196
 30
0.0
 10
-11.18057
 20
2.93196
 30
0.0
 10
-11.18057
 20
2.93196
 30
0.0
 10
-11.17352
 20
2.9108
 30
0.0
 10
-11.17352
 20
2.9108
 30
0.0
 10
-11.17352
 20
2.9108
 30
0.0
 10
-11.15588
 20
2.89669
 30
0.0
 10
-11.15588
 20
2.89669
 30
0.0
 10
-11.15588
 20
2.89669
 30
0.0
 10
-11.13824
 20
2.8861
 30
0.0
 10
-11.13824
 20
2.8861
 30
0.0
 10
-11.13824
 20
2.8861
 30
0.0
 10
-11.11707
 20
2.88258
 30
0.0
 10
-11.11707
 20
2.88258
 30
0.0
  0
SPLINE
  5
345
330
1F
100
AcDbEntity
  8
Camada 1
 62
   251
370
     9
100
AcDbSpline
210
0.0
220
0.0
230
1.0
 70
    24
 71
     3
 72
     8
 73
     4
 74
     0
 42
0.0000000001
 43
0.0000000001
 40
0.0
 40
0.0
 40
0.0
 40
0.0
 40
1.0
 40
1.0
 40
1.0
 40
1.0
 10
-11.43457
 20
0.01097
 30
0.0
 10
-11.43457
 20
0.01097
 30
0.0
 10
-11.43457
 20
-0.01726
 30
0.0
 10
-11.43457
 20
-0.01726
 30
0.0
  0
SPLINE
  5
346
330
1F
100
AcDbEntity
  8
Camada 1
 62
   251
370
     9
100
AcDbSpline
210
0.0
220
0.0
230
1.0
 70
    24
 71
     3
 72
     8
 73
     4
 74
     0
 42
0.0000000001
 43
0.0000000001
 40
0.0
 40
0.0
 40
0.0
 40
0.0
 40
1.0
 40
1.0
 40
1.0
 40
1.0
 10
-7.80096
 20
-0.01726
 30
0.0
 10
-7.80096
 20
-0.01726
 30
0.0
 10
-7.80096
 20
0.01097
 30
0.0
 10
-7.80096
 20
0.01097
 30
0.0
  0
SPLINE
  5
347
330
1F
100
AcDbEntity
  8
Camada 1
 62
   251
370
     9
100
AcDbSpline
210
0.0
220
0.0
230
1.0
 70
    24
 71
     3
 72
     8
 73
     4
 74
     0
 42
0.0000000001
 43
0.0000000001
 40
0.0
 40
0.0
 40
0.0
 40
0.0
 40
1.0
 40
1.0
 40
1.0
 40
1.0
 10
-7.80096
 20
-1.19554
 30
0.0
 10
-7.80096
 20
-1.19554
 30
0.0
 10
-7.80096
 20
-1.16731
 30
0.0
 10
-7.80096
 20
-1.16731
 30
0.0
  0
SPLINE
  5
348
330
1F
100
AcDbEntity
  8
Camada 1
 62
   251
370
     9
100
AcDbSpline
210
0.0
220
0.0
230
1.0
 70
    24
 71
     3
 72
     8
 73
     4
 74
     0
 42
0.0000000001
 43
0.0000000001
 40
0.0
 40
0.0
 40
0.0
 40
0.0
 40
1.0
 40
1.0
 40
1.0
 40
1.0
 10
-7.80096
 20
-2.37734
 30
0.0
 10
-7.80096
 20
-2.37734
 30
0.0
 10
-7.80096
 20
-2.34912
 30
0.0
 10
-7.80096
 20
-2.34912
 30
0.0
  0
SPLINE
  5
349
330
1F
100
AcDbEntity
  8
Camada 1
 62
   251
370
     9
100
AcDbSpline
210
0.0
220
0.0
230
1.0
 70
    24
 71
     3
 72
     8
 73
     4
 74
     0
 42
0.0000000001
 43
0.0000000001
 40
0.0
 40
0.0
 40
0.0
 40
0.0
 40
1.0
 40
1.0
 40
1.0
 40
1.0
 10
-11.43457
 20
-1.16731
 30
0.0
 10
-11.43457
 20
-1.16731
 30
0.0
 10
-11.43457
 20
-1.19554
 30
0.0
 10
-11.43457
 20
-1.19554
 30
0.0
  0
SPLINE
  5
34A
330
1F
100
AcDbEntity
  8
Camada 1
 62
   251
370
     9
100
AcDbSpline
210
0.0
220
0.0
230
1.0
 70
    24
 71
     3
 72
     8
 73
     4
 74
     0
 42
0.0000000001
 43
0.0000000001
 40
0.0
 40
0.0
 40
0.0
 40
0.0
 40
1.0
 40
1.0
 40
1.0
 40
1.0
 10
-11.43457
 20
-2.34912
 30
0.0
 10
-11.43457
 20
-2.34912
 30
0.0
 10
-11.43457
 20
-2.37734
 30
0.0
 10
-11.43457
 20
-2.37734
 30
0.0
  0
SPLINE
  5
34B
330
1F
100
AcDbEntity
  8
Camada 1
 62
   251
370
     9
100
AcDbSpline
210
0.0
220
0.0
230
1.0
 70
    24
 71
     3
 72
     8
 73
     4
 74
     0
 42
0.0000000001
 43
0.0000000001
 40
0.0
 40
0.0
 40
0.0
 40
0.0
 40
1.0
 40
1.0
 40
1.0
 40
1.0
 10
-11.11707
 20
2.87199
 30
0.0
 10
-11.11707
 20
2.87199
 30
0.0
 10
-11.1206
 20
2.87199
 30
0.0
 10
-11.1206
 20
2.87199
 30
0.0
  0
SPLINE
  5
34C
330
1F
100
AcDbEntity
  8
Camada 1
 62
   251
370
     9
100
AcDbSpline
210
0.0
220
0.0
230
1.0
 70
     8
 71
     3
 72
    14
 73
    10
 74
     0
 42
0.0000000001
 43
0.0000000001
 40
0.0
 40
0.0
 40
0.0
 40
0.0
 40
0.3333333333333333
 40
0.3333333333333333
 40
0.3333333333333333
 40
0.6666666666666666
 40
0.6666666666666666
 40
0.6666666666666666
 40
1.0
 40
1.0
 40
1.0
 40
1.0
 10
-11.04652
 20
2.96724
 30
0.0
 10
-11.04652
 20
2.96724
 30
0.0
 10
-11.04299
 20
2.94608
 30
0.0
 10
-11.04299
 20
2.94608
 30
0.0
 10
-11.04299
 20
2.94608
 30
0.0
 10
-11.04652
 20
2.92491
 30
0.0
 10
-11.04652
 20
2.92491
 30
0.0
 10
-11.04652
 20
2.92491
 30
0.0
 10
-11.05005
 20
2.91433
 30
0.0
 10
-11.05005
 20
2.91433
 30
0.0
  0
SPLINE
  5
34D
330
1F
100
AcDbEntity
  8
Camada 1
 62
   251
370
     9
100
AcDbSpline
210
0.0
220
0.0
230
1.0
 70
    24
 71
     3
 72
     8
 73
     4
 74
     0
 42
0.0000000001
 43
0.0000000001
 40
0.0
 40
0.0
 40
0.0
 40
0.0
 40
1.0
 40
1.0
 40
1.0
 40
1.0
 10
-11.10649
 20
2.87199
 30
0.0
 10
-11.10649
 20
2.87199
 30
0.0
 10
-11.11707
 20
2.87199
 30
0.0
 10
-11.11707
 20
2.87199
 30
0.0
  0
SPLINE
  5
34E
330
1F
100
AcDbEntity
  8
Camada 1
 62
   251
370
     9
100
AcDbSpline
210
0.0
220
0.0
230
1.0
 70
    24
 71
     3
 72
     8
 73
     4
 74
     0
 42
0.0000000001
 43
0.0000000001
 40
0.0
 40
0.0
 40
0.0
 40
0.0
 40
1.0
 40
1.0
 40
1.0
 40
1.0
 10
-11.43457
 20
-1.16731
 30
0.0
 10
-11.43457
 20
-1.16731
 30
0.0
 10
-11.43457
 20
-1.19554
 30
0.0
 10
-11.43457
 20
-1.19554
 30
0.0
  0
SPLINE
  5
34F
330
1F
100
AcDbEntity
  8
Camada 1
 62
   251
370
     9
100
AcDbSpline
210
0.0
220
0.0
230
1.0
 70
    24
 71
     3
 72
     8
 73
     4
 74
     0
 42
0.0000000001
 43
0.0000000001
 40
0.0
 40
0.0
 40
0.0
 40
0.0
 40
1.0
 40
1.0
 40
1.0
 40
1.0
 10
-11.44516
 20
-1.19554
 30
0.0
 10
-11.44516
 20
-1.19554
 30
0.0
 10
-11.44516
 20
-1.16731
 30
0.0
 10
-11.44516
 20
-1.16731
 30
0.0
  0
SPLINE
  5
350
330
1F
100
AcDbEntity
  8
Camada 1
 62
   251
370
     9
100
AcDbSpline
210
0.0
220
0.0
230
1.0
 70
    24
 71
     3
 72
     8
 73
     4
 74
     0
 42
0.0000000001
 43
0.0000000001
 40
0.0
 40
0.0
 40
0.0
 40
0.0
 40
1.0
 40
1.0
 40
1.0
 40
1.0
 10
-7.79038
 20
-1.16731
 30
0.0
 10
-7.79038
 20
-1.16731
 30
0.0
 10
-7.79038
 20
-1.19554
 30
0.0
 10
-7.79038
 20
-1.19554
 30
0.0
  0
SPLINE
  5
351
330
1F
100
AcDbEntity
  8
Camada 1
 62
   251
370
     9
100
AcDbSpline
210
0.0
220
0.0
230
1.0
 70
    24
 71
     3
 72
     8
 73
     4
 74
     0
 42
0.0000000001
 43
0.0000000001
 40
0.0
 40
0.0
 40
0.0
 40
0.0
 40
1.0
 40
1.0
 40
1.0
 40
1.0
 10
-7.80096
 20
-1.19554
 30
0.0
 10
-7.80096
 20
-1.19554
 30
0.0
 10
-7.80096
 20
-1.16731
 30
0.0
 10
-7.80096
 20
-1.16731
 30
0.0
  0
SPLINE
  5
352
330
1F
100
AcDbEntity
  8
Camada 1
 62
   251
370
     9
100
AcDbSpline
210
0.0
220
0.0
230
1.0
 70
    24
 71
     3
 72
     8
 73
     4
 74
     0
 42
0.0000000001
 43
0.0000000001
 40
0.0
 40
0.0
 40
0.0
 40
0.0
 40
1.0
 40
1.0
 40
1.0
 40
1.0
 10
-7.79038
 20
-2.34912
 30
0.0
 10
-7.79038
 20
-2.34912
 30
0.0
 10
-7.79038
 20
-2.37734
 30
0.0
 10
-7.79038
 20
-2.37734
 30
0.0
  0
SPLINE
  5
353
330
1F
100
AcDbEntity
  8
Camada 1
 62
   251
370
     9
100
AcDbSpline
210
0.0
220
0.0
230
1.0
 70
    24
 71
     3
 72
     8
 73
     4
 74
     0
 42
0.0000000001
 43
0.0000000001
 40
0.0
 40
0.0
 40
0.0
 40
0.0
 40
1.0
 40
1.0
 40
1.0
 40
1.0
 10
-7.80096
 20
-2.37734
 30
0.0
 10
-7.80096
 20
-2.37734
 30
0.0
 10
-7.80096
 20
-2.34912
 30
0.0
 10
-7.80096
 20
-2.34912
 30
0.0
  0
SPLINE
  5
354
330
1F
100
AcDbEntity
  8
Camada 1
 62
   251
370
     9
100
AcDbSpline
210
0.0
220
0.0
230
1.0
 70
    24
 71
     3
 72
     8
 73
     4
 74
     0
 42
0.0000000001
 43
0.0000000001
 40
0.0
 40
0.0
 40
0.0
 40
0.0
 40
1.0
 40
1.0
 40
1.0
 40
1.0
 10
-11.43457
 20
0.01097
 30
0.0
 10
-11.43457
 20
0.01097
 30
0.0
 10
-11.43457
 20
-0.01726
 30
0.0
 10
-11.43457
 20
-0.01726
 30
0.0
  0
SPLINE
  5
355
330
1F
100
AcDbEntity
  8
Camada 1
 62
   251
370
     9
100
AcDbSpline
210
0.0
220
0.0
230
1.0
 70
    24
 71
     3
 72
     8
 73
     4
 74
     0
 42
0.0000000001
 43
0.0000000001
 40
0.0
 40
0.0
 40
0.0
 40
0.0
 40
1.0
 40
1.0
 40
1.0
 40
1.0
 10
-11.44516
 20
-0.01726
 30
0.0
 10
-11.44516
 20
-0.01726
 30
0.0
 10
-11.44516
 20
0.01097
 30
0.0
 10
-11.44516
 20
0.01097
 30
0.0
  0
SPLINE
  5
356
330
1F
100
AcDbEntity
  8
Camada 1
 62
   251
370
     9
100
AcDbSpline
210
0.0
220
0.0
230
1.0
 70
    24
 71
     3
 72
     8
 73
     4
 74
     0
 42
0.0000000001
 43
0.0000000001
 40
0.0
 40
0.0
 40
0.0
 40
0.0
 40
1.0
 40
1.0
 40
1.0
 40
1.0
 10
-7.79038
 20
0.01097
 30
0.0
 10
-7.79038
 20
0.01097
 30
0.0
 10
-7.79038
 20
-0.01726
 30
0.0
 10
-7.79038
 20
-0.01726
 30
0.0
  0
SPLINE
  5
357
330
1F
100
AcDbEntity
  8
Camada 1
 62
   251
370
     9
100
AcDbSpline
210
0.0
220
0.0
230
1.0
 70
    24
 71
     3
 72
     8
 73
     4
 74
     0
 42
0.0000000001
 43
0.0000000001
 40
0.0
 40
0.0
 40
0.0
 40
0.0
 40
1.0
 40
1.0
 40
1.0
 40
1.0
 10
-7.80096
 20
-0.01726
 30
0.0
 10
-7.80096
 20
-0.01726
 30
0.0
 10
-7.80096
 20
0.01097
 30
0.0
 10
-7.80096
 20
0.01097
 30
0.0
  0
SPLINE
  5
358
330
1F
100
AcDbEntity
  8
Camada 1
 62
   251
370
     9
100
AcDbSpline
210
0.0
220
0.0
230
1.0
 70
    24
 71
     3
 72
     8
 73
     4
 74
     0
 42
0.0000000001
 43
0.0000000001
 40
0.0
 40
0.0
 40
0.0
 40
0.0
 40
1.0
 40
1.0
 40
1.0
 40
1.0
 10
-11.44516
 20
-2.37734
 30
0.0
 10
-11.44516
 20
-2.37734
 30
0.0
 10
-11.44516
 20
-2.34912
 30
0.0
 10
-11.44516
 20
-2.34912
 30
0.0
  0
SPLINE
  5
359
330
1F
100
AcDbEntity
  8
Camada 1
 62
   251
370
     9
100
AcDbSpline
210
0.0
220
0.0
230
1.0
 70
    24
 71
     3
 72
     8
 73
     4
 74
     0
 42
0.0000000001
 43
0.0000000001
 40
0.0
 40
0.0
 40
0.0
 40
0.0
 40
1.0
 40
1.0
 40
1.0
 40
1.0
 10
-11.43457
 20
-2.34912
 30
0.0
 10
-11.43457
 20
-2.34912
 30
0.0
 10
-11.43457
 20
-2.37734
 30
0.0
 10
-11.43457
 20
-2.37734
 30
0.0
  0
SPLINE
  5
35A
330
1F
100
AcDbEntity
  8
Camada 1
 62
   251
370
     9
100
AcDbSpline
210
0.0
220
0.0
230
1.0
 70
    24
 71
     3
 72
     8
 73
     4
 74
     0
 42
0.0000000001
 43
0.0000000001
 40
0.0
 40
0.0
 40
0.0
 40
0.0
 40
1.0
 40
1.0
 40
1.0
 40
1.0
 10
-11.22644
 20
-1.16731
 30
0.0
 10
-11.22644
 20
-1.16731
 30
0.0
 10
-11.22644
 20
-1.19554
 30
0.0
 10
-11.22644
 20
-1.19554
 30
0.0
  0
SPLINE
  5
35B
330
1F
100
AcDbEntity
  8
Camada 1
 62
   251
370
     9
100
AcDbSpline
210
0.0
220
0.0
230
1.0
 70
    24
 71
     3
 72
     8
 73
     4
 74
     0
 42
0.0000000001
 43
0.0000000001
 40
0.0
 40
0.0
 40
0.0
 40
0.0
 40
1.0
 40
1.0
 40
1.0
 40
1.0
 10
-8.0091
 20
-1.19554
 30
0.0
 10
-8.0091
 20
-1.19554
 30
0.0
 10
-8.0091
 20
-1.16731
 30
0.0
 10
-8.0091
 20
-1.16731
 30
0.0
  0
SPLINE
  5
35C
330
1F
100
AcDbEntity
  8
Camada 1
 62
   251
370
     9
100
AcDbSpline
210
0.0
220
0.0
230
1.0
 70
    24
 71
     3
 72
     8
 73
     4
 74
     0
 42
0.0000000001
 43
0.0000000001
 40
0.0
 40
0.0
 40
0.0
 40
0.0
 40
1.0
 40
1.0
 40
1.0
 40
1.0
 10
-11.23349
 20
-1.19554
 30
0.0
 10
-11.23349
 20
-1.19554
 30
0.0
 10
-11.23349
 20
-1.16731
 30
0.0
 10
-11.23349
 20
-1.16731
 30
0.0
  0
SPLINE
  5
35D
330
1F
100
AcDbEntity
  8
Camada 1
 62
   251
370
     9
100
AcDbSpline
210
0.0
220
0.0
230
1.0
 70
    24
 71
     3
 72
     8
 73
     4
 74
     0
 42
0.0000000001
 43
0.0000000001
 40
0.0
 40
0.0
 40
0.0
 40
0.0
 40
1.0
 40
1.0
 40
1.0
 40
1.0
 10
-11.22644
 20
0.01097
 30
0.0
 10
-11.22644
 20
0.01097
 30
0.0
 10
-11.22644
 20
-0.01726
 30
0.0
 10
-11.22644
 20
-0.01726
 30
0.0
  0
SPLINE
  5
35E
330
1F
100
AcDbEntity
  8
Camada 1
 62
   251
370
     9
100
AcDbSpline
210
0.0
220
0.0
230
1.0
 70
    24
 71
     3
 72
     8
 73
     4
 74
     0
 42
0.0000000001
 43
0.0000000001
 40
0.0
 40
0.0
 40
0.0
 40
0.0
 40
1.0
 40
1.0
 40
1.0
 40
1.0
 10
-8.0091
 20
-0.01726
 30
0.0
 10
-8.0091
 20
-0.01726
 30
0.0
 10
-8.0091
 20
0.01097
 30
0.0
 10
-8.0091
 20
0.01097
 30
0.0
  0
SPLINE
  5
35F
330
1F
100
AcDbEntity
  8
Camada 1
 62
   251
370
     9
100
AcDbSpline
210
0.0
220
0.0
230
1.0
 70
    24
 71
     3
 72
     8
 73
     4
 74
     0
 42
0.0000000001
 43
0.0000000001
 40
0.0
 40
0.0
 40
0.0
 40
0.0
 40
1.0
 40
1.0
 40
1.0
 40
1.0
 10
-7.99852
 20
0.01097
 30
0.0
 10
-7.99852
 20
0.01097
 30
0.0
 10
-7.99852
 20
-0.01726
 30
0.0
 10
-7.99852
 20
-0.01726
 30
0.0
  0
SPLINE
  5
360
330
1F
100
AcDbEntity
  8
Camada 1
 62
   251
370
     9
100
AcDbSpline
210
0.0
220
0.0
230
1.0
 70
    24
 71
     3
 72
     8
 73
     4
 74
     0
 42
0.0000000001
 43
0.0000000001
 40
0.0
 40
0.0
 40
0.0
 40
0.0
 40
1.0
 40
1.0
 40
1.0
 40
1.0
 10
-11.22644
 20
-2.34912
 30
0.0
 10
-11.22644
 20
-2.34912
 30
0.0
 10
-11.22644
 20
-2.37734
 30
0.0
 10
-11.22644
 20
-2.37734
 30
0.0
  0
SPLINE
  5
361
330
1F
100
AcDbEntity
  8
Camada 1
 62
   251
370
     9
100
AcDbSpline
210
0.0
220
0.0
230
1.0
 70
    24
 71
     3
 72
     8
 73
     4
 74
     0
 42
0.0000000001
 43
0.0000000001
 40
0.0
 40
0.0
 40
0.0
 40
0.0
 40
1.0
 40
1.0
 40
1.0
 40
1.0
 10
-8.0091
 20
-2.37734
 30
0.0
 10
-8.0091
 20
-2.37734
 30
0.0
 10
-8.0091
 20
-2.34912
 30
0.0
 10
-8.0091
 20
-2.34912
 30
0.0
  0
SPLINE
  5
362
330
1F
100
AcDbEntity
  8
Camada 1
 62
   251
370
     9
100
AcDbSpline
210
0.0
220
0.0
230
1.0
 70
    24
 71
     3
 72
     8
 73
     4
 74
     0
 42
0.0000000001
 43
0.0000000001
 40
0.0
 40
0.0
 40
0.0
 40
0.0
 40
1.0
 40
1.0
 40
1.0
 40
1.0
 10
-11.23349
 20
-0.01726
 30
0.0
 10
-11.23349
 20
-0.01726
 30
0.0
 10
-11.23349
 20
0.01097
 30
0.0
 10
-11.23349
 20
0.01097
 30
0.0
  0
SPLINE
  5
363
330
1F
100
AcDbEntity
  8
Camada 1
 62
   251
370
     9
100
AcDbSpline
210
0.0
220
0.0
230
1.0
 70
    24
 71
     3
 72
     8
 73
     4
 74
     0
 42
0.0000000001
 43
0.0000000001
 40
0.0
 40
0.0
 40
0.0
 40
0.0
 40
1.0
 40
1.0
 40
1.0
 40
1.0
 10
-11.23349
 20
-2.37734
 30
0.0
 10
-11.23349
 20
-2.37734
 30
0.0
 10
-11.23349
 20
-2.34912
 30
0.0
 10
-11.23349
 20
-2.34912
 30
0.0
  0
SPLINE
  5
364
330
1F
100
AcDbEntity
  8
Camada 1
 62
   251
370
     9
100
AcDbSpline
210
0.0
220
0.0
230
1.0
 70
    24
 71
     3
 72
     8
 73
     4
 74
     0
 42
0.0000000001
 43
0.0000000001
 40
0.0
 40
0.0
 40
0.0
 40
0.0
 40
1.0
 40
1.0
 40
1.0
 40
1.0
 10
-7.99852
 20
-1.16731
 30
0.0
 10
-7.99852
 20
-1.16731
 30
0.0
 10
-7.99852
 20
-1.19554
 30
0.0
 10
-7.99852
 20
-1.19554
 30
0.0
  0
SPLINE
  5
365
330
1F
100
AcDbEntity
  8
Camada 1
 62
   251
370
     9
100
AcDbSpline
210
0.0
220
0.0
230
1.0
 70
    24
 71
     3
 72
     8
 73
     4
 74
     0
 42
0.0000000001
 43
0.0000000001
 40
0.0
 40
0.0
 40
0.0
 40
0.0
 40
1.0
 40
1.0
 40
1.0
 40
1.0
 10
-7.99852
 20
-2.34912
 30
0.0
 10
-7.99852
 20
-2.34912
 30
0.0
 10
-7.99852
 20
-2.37734
 30
0.0
 10
-7.99852
 20
-2.37734
 30
0.0
  0
SPLINE
  5
366
330
1F
100
AcDbEntity
  8
Camada 1
 62
   251
370
     9
100
AcDbSpline
210
0.0
220
0.0
230
1.0
 70
    24
 71
     3
 72
     8
 73
     4
 74
     0
 42
0.0000000001
 43
0.0000000001
 40
0.0
 40
0.0
 40
0.0
 40
0.0
 40
1.0
 40
1.0
 40
1.0
 40
1.0
 10
-11.23702
 20
-1.16731
 30
0.0
 10
-11.23702
 20
-1.16731
 30
0.0
 10
-11.23702
 20
-1.19554
 30
0.0
 10
-11.23702
 20
-1.19554
 30
0.0
  0
SPLINE
  5
367
330
1F
100
AcDbEntity
  8
Camada 1
 62
   251
370
     9
100
AcDbSpline
210
0.0
220
0.0
230
1.0
 70
    24
 71
     3
 72
     8
 73
     4
 74
     0
 42
0.0000000001
 43
0.0000000001
 40
0.0
 40
0.0
 40
0.0
 40
0.0
 40
1.0
 40
1.0
 40
1.0
 40
1.0
 10
-11.23702
 20
-2.34912
 30
0.0
 10
-11.23702
 20
-2.34912
 30
0.0
 10
-11.23702
 20
-2.37734
 30
0.0
 10
-11.23702
 20
-2.37734
 30
0.0
  0
SPLINE
  5
368
330
1F
100
AcDbEntity
  8
Camada 1
 62
   251
370
     9
100
AcDbSpline
210
0.0
220
0.0
230
1.0
 70
    24
 71
     3
 72
     8
 73
     4
 74
     0
 42
0.0000000001
 43
0.0000000001
 40
0.0
 40
0.0
 40
0.0
 40
0.0
 40
1.0
 40
1.0
 40
1.0
 40
1.0
 10
-11.23702
 20
0.01097
 30
0.0
 10
-11.23702
 20
0.01097
 30
0.0
 10
-11.23702
 20
-0.01726
 30
0.0
 10
-11.23702
 20
-0.01726
 30
0.0
  0
SPLINE
  5
369
330
1F
100
AcDbEntity
  8
Camada 1
 62
   251
370
     9
100
AcDbSpline
210
0.0
220
0.0
230
1.0
 70
    24
 71
     3
 72
     8
 73
     4
 74
     0
 42
0.0000000001
 43
0.0000000001
 40
0.0
 40
0.0
 40
0.0
 40
0.0
 40
1.0
 40
1.0
 40
1.0
 40
1.0
 10
-7.99852
 20
-1.19554
 30
0.0
 10
-7.99852
 20
-1.19554
 30
0.0
 10
-7.99852
 20
-1.16731
 30
0.0
 10
-7.99852
 20
-1.16731
 30
0.0
  0
SPLINE
  5
36A
330
1F
100
AcDbEntity
  8
Camada 1
 62
   251
370
     9
100
AcDbSpline
210
0.0
220
0.0
230
1.0
 70
    24
 71
     3
 72
     8
 73
     4
 74
     0
 42
0.0000000001
 43
0.0000000001
 40
0.0
 40
0.0
 40
0.0
 40
0.0
 40
1.0
 40
1.0
 40
1.0
 40
1.0
 10
-7.99852
 20
-0.01726
 30
0.0
 10
-7.99852
 20
-0.01726
 30
0.0
 10
-7.99852
 20
0.01097
 30
0.0
 10
-7.99852
 20
0.01097
 30
0.0
  0
SPLINE
  5
36B
330
1F
100
AcDbEntity
  8
Camada 1
 62
   251
370
     9
100
AcDbSpline
210
0.0
220
0.0
230
1.0
 70
    24
 71
     3
 72
     8
 73
     4
 74
     0
 42
0.0000000001
 43
0.0000000001
 40
0.0
 40
0.0
 40
0.0
 40
0.0
 40
1.0
 40
1.0
 40
1.0
 40
1.0
 10
-7.99852
 20
-2.37734
 30
0.0
 10
-7.99852
 20
-2.37734
 30
0.0
 10
-7.99852
 20
-2.34912
 30
0.0
 10
-7.99852
 20
-2.34912
 30
0.0
  0
SPLINE
  5
36C
330
1F
100
AcDbEntity
  8
Camada 1
 62
   251
370
     9
100
AcDbSpline
210
0.0
220
0.0
230
1.0
 70
    24
 71
     3
 72
     8
 73
     4
 74
     0
 42
0.0000000001
 43
0.0000000001
 40
0.0
 40
0.0
 40
0.0
 40
0.0
 40
1.0
 40
1.0
 40
1.0
 40
1.0
 10
-11.2476
 20
-0.01726
 30
0.0
 10
-11.2476
 20
-0.01726
 30
0.0
 10
-11.2476
 20
0.01097
 30
0.0
 10
-11.2476
 20
0.01097
 30
0.0
  0
SPLINE
  5
36D
330
1F
100
AcDbEntity
  8
Camada 1
 62
   251
370
     9
100
AcDbSpline
210
0.0
220
0.0
230
1.0
 70
    24
 71
     3
 72
     8
 73
     4
 74
     0
 42
0.0000000001
 43
0.0000000001
 40
0.0
 40
0.0
 40
0.0
 40
0.0
 40
1.0
 40
1.0
 40
1.0
 40
1.0
 10
-11.2476
 20
-1.19554
 30
0.0
 10
-11.2476
 20
-1.19554
 30
0.0
 10
-11.2476
 20
-1.16731
 30
0.0
 10
-11.2476
 20
-1.16731
 30
0.0
  0
SPLINE
  5
36E
330
1F
100
AcDbEntity
  8
Camada 1
 62
   251
370
     9
100
AcDbSpline
210
0.0
220
0.0
230
1.0
 70
    24
 71
     3
 72
     8
 73
     4
 74
     0
 42
0.0000000001
 43
0.0000000001
 40
0.0
 40
0.0
 40
0.0
 40
0.0
 40
1.0
 40
1.0
 40
1.0
 40
1.0
 10
-7.98794
 20
0.01097
 30
0.0
 10
-7.98794
 20
0.01097
 30
0.0
 10
-7.98794
 20
-0.01726
 30
0.0
 10
-7.98794
 20
-0.01726
 30
0.0
  0
SPLINE
  5
36F
330
1F
100
AcDbEntity
  8
Camada 1
 62
   251
370
     9
100
AcDbSpline
210
0.0
220
0.0
230
1.0
 70
    24
 71
     3
 72
     8
 73
     4
 74
     0
 42
0.0000000001
 43
0.0000000001
 40
0.0
 40
0.0
 40
0.0
 40
0.0
 40
1.0
 40
1.0
 40
1.0
 40
1.0
 10
-7.98794
 20
-1.16731
 30
0.0
 10
-7.98794
 20
-1.16731
 30
0.0
 10
-7.98794
 20
-1.19554
 30
0.0
 10
-7.98794
 20
-1.19554
 30
0.0
  0
SPLINE
  5
370
330
1F
100
AcDbEntity
  8
Camada 1
 62
   251
370
     9
100
AcDbSpline
210
0.0
220
0.0
230
1.0
 70
    24
 71
     3
 72
     8
 73
     4
 74
     0
 42
0.0000000001
 43
0.0000000001
 40
0.0
 40
0.0
 40
0.0
 40
0.0
 40
1.0
 40
1.0
 40
1.0
 40
1.0
 10
-11.2476
 20
-2.37734
 30
0.0
 10
-11.2476
 20
-2.37734
 30
0.0
 10
-11.2476
 20
-2.34912
 30
0.0
 10
-11.2476
 20
-2.34912
 30
0.0
  0
SPLINE
  5
371
330
1F
100
AcDbEntity
  8
Camada 1
 62
   251
370
     9
100
AcDbSpline
210
0.0
220
0.0
230
1.0
 70
    24
 71
     3
 72
     8
 73
     4
 74
     0
 42
0.0000000001
 43
0.0000000001
 40
0.0
 40
0.0
 40
0.0
 40
0.0
 40
1.0
 40
1.0
 40
1.0
 40
1.0
 10
-7.98794
 20
-2.34912
 30
0.0
 10
-7.98794
 20
-2.34912
 30
0.0
 10
-7.98794
 20
-2.37734
 30
0.0
 10
-7.98794
 20
-2.37734
 30
0.0
  0
ENDSEC
  0
SECTION
  2
OBJECTS
  0
DICTIONARY
  5
C
330
0
100
AcDbDictionary
281
     1
  3
ACAD_DETAILVIEWSTYLE
350
3AD
  3
ACAD_GROUP
350
D
  3
ACAD_LAYOUT
350
1A
  3
ACAD_MATERIAL
350
43
  3
ACAD_MLEADERSTYLE
350
6B
  3
ACAD_MLINESTYLE
350
17
  3
ACAD_PLOTSETTINGS
350
19
  3
ACAD_PLOTSTYLENAME
350
E
  3
ACAD_SCALELIST
350
47
  3
ACAD_SECTIONVIEWSTYLE
350
3AE
  3
ACAD_TABLESTYLE
350
69
  3
ACAD_VISUALSTYLE
350
2A
  3
ACDB_RECOMPOSE_DATA
350
3B3
  3
AcDbVariableDictionary
350
372
  0
SUN
  5
6D
330
29
100
AcDbSun
 90
        1
290
     0
 63
     7
421
 16777215
 40
1.0
291
     1
 91
  2455826
 92
 54000000
292
     0
 70
     2
 71
   256
280
     1
  0
DICTIONARY
  5
3AD
102
{ACAD_REACTORS
330
C
102
}
330
C
100
AcDbDictionary
281
     1
  3
Imperial24
350
3AF
  0
DICTIONARY
  5
D
102
{ACAD_REACTORS
330
C
102
}
330
C
100
AcDbDictionary
281
     1
  0
DICTIONARY
  5
1A
102
{ACAD_REACTORS
330
C
102
}
330
C
100
AcDbDictionary
281
     1
  3
Layout1
350
1E
  3
Layout2
350
26
  3
Model
350
22
  0
DICTIONARY
  5
43
102
{ACAD_REACTORS
330
C
102
}
330
C
100
AcDbDictionary
281
     1
  3
ByBlock
350
45
  3
ByLayer
350
44
  3
Global
350
46
  0
DICTIONARY
  5
6B
102
{ACAD_REACTORS
330
C
102
}
330
C
100
AcDbDictionary
281
     1
  3
Standard
350
6C
  0
DICTIONARY
  5
17
102
{ACAD_REACTORS
330
C
102
}
330
C
100
AcDbDictionary
281
     1
  3
Standard
350
18
  0
DICTIONARY
  5
19
102
{ACAD_REACTORS
330
C
102
}
330
C
100
AcDbDictionary
281
     1
  0
ACDBDICTIONARYWDFLT
  5
E
102
{ACAD_REACTORS
330
C
102
}
330
C
100
AcDbDictionary
281
     1
  3
Normal
350
F
100
AcDbDictionaryWithDefault
340
F
  0
DICTIONARY
  5
47
102
{ACAD_REACTORS
330
C
102
}
330
C
100
AcDbDictionary
281
     1
  3
A0
350
48
  3
A1
350
49
  3
A2
350
4A
  3
A3
350
4B
  3
A4
350
4C
  3
A5
350
4D
  3
A6
350
4E
  3
A7
350
4F
  3
A8
350
50
  3
A9
350
51
  3
B0
350
52
  3
B1
350
53
  3
B2
350
54
  3
B3
350
55
  3
B4
350
56
  3
B5
350
57
  3
B6
350
58
  3
B7
350
59
  3
B8
350
5A
  3
B9
350
5B
  3
C0
350
5C
  3
C1
350
5D
  3
C2
350
5E
  3
C3
350
5F
  3
C4
350
60
  3
C5
350
61
  3
C6
350
62
  3
C7
350
63
  3
C8
350
64
  3
C9
350
65
  3
D0
350
66
  3
D1
350
67
  3
D2
350
68
  0
DICTIONARY
  5
3AE
102
{ACAD_REACTORS
330
C
102
}
330
C
100
AcDbDictionary
281
     1
  3
Imperial24
350
3B0
  0
DICTIONARY
  5
69
102
{ACAD_REACTORS
330
C
102
}
330
C
100
AcDbDictionary
281
     1
  3
Standard
350
6A
  0
DICTIONARY
  5
2A
102
{ACAD_REACTORS
330
C
102
}
330
C
100
AcDbDictionary
281
     1
  3
2dWireframe
350
2F
  3
Basic
350
32
  3
Brighten
350
36
  3
ColorChange
350
3A
  3
Conceptual
350
34
  3
Dim
350
35
  3
EdgeColorOff
350
3D
  3
Facepattern
350
39
  3
Flat
350
2B
  3
FlatWithEdges
350
2C
  3
Gouraud
350
2D
  3
GouraudWithEdges
350
2E
  3
Hidden
350
31
  3
JitterOff
350
3B
  3
Linepattern
350
38
  3
OverhangOff
350
3C
  3
Realistic
350
33
  3
Shaded
350
42
  3
Shaded with edges
350
41
  3
Shades of Gray
350
3E
  3
Sketchy
350
3F
  3
Thicken
350
37
  3
Wireframe
350
30
  3
X-Ray
350
40
  0
XRECORD
  5
3B3
102
{ACAD_REACTORS
330
C
102
}
330
C
100
AcDbXrecord
280
     1
 90
        1
330
6A
  0
DICTIONARY
  5
372
102
{ACAD_REACTORS
330
C
102
}
330
C
100
AcDbDictionary
281
     1
  3
CANNOSCALE
350
373
  3
CMLEADERSTYLE
350
3AC
  3
CTABLESTYLE
350
3AB
  3
CVIEWDETAILSTYLE
350
3B4
  3
CVIEWSECTIONSTYLE
350
3B5
  3
XCLIPFRAME
350
374
  0
ACDBDETAILVIEWSTYLE
  5
3AF
102
{ACAD_REACTORS
330
3AD
102
}
330
3AD
100
AcDbModelDocViewStyle
 70
     0
  3
Imperial24
290
     0
300
Imperial24
 90
        0
100
AcDbDetailViewStyle
 70
     0
 71
     0
 90
        3
 71
     1
340
11
 62
   256
 40
0.24
340
0
 62
   256
 40
0.24
300

 40
0.36
280
     3
 71
     2
340
16
 90
       25
 62
   256
 71
     3
340
11
 62
   256
 40
0.24
 90
        1
 40
0.75
 90
        1
300
%<\AcVar ViewType \f "%tc1">% %<\AcVar ViewDetailId>%\PSCALE %<\AcVar ViewScale \f "%sn">%
 71
     4
340
16
 90
       25
 62
   256
340
16
 90
       25
 62
   256
280
     0
  0
LAYOUT
  5
1E
102
{ACAD_REACTORS
330
1A
102
}
330
1A
100
AcDbPlotSettings
  1

  2
none_device
  4

  6

 40
0.0
 41
0.0
 42
0.0
 43
0.0
 44
0.0
 45
0.0
 46
0.0
 47
0.0
 48
0.0
 49
0.0
140
0.0
141
0.0
142
1.0
143
1.0
 70
   688
 72
     0
 73
     0
 74
     5
  7

 75
    16
 76
     0
 77
     2
 78
   300
147
1.0
148
0.0
149
0.0
100
AcDbLayout
  1
Layout1
 70
     1
 71
     1
 10
0.0
 20
0.0
 11
12.0
 21
9.0
 12
0.0
 22
0.0
 32
0.0
 14
1.000000000000000E+20
 24
1.000000000000000E+20
 34
1.000000000000000E+20
 15
-1.000000000000000E+20
 25
-1.000000000000000E+20
 35
-1.000000000000000E+20
146
0.0
 13
0.0
 23
0.0
 33
0.0
 16
1.0
 26
0.0
 36
0.0
 17
0.0
 27
1.0
 37
0.0
 76
     0
330
1B
  0
LAYOUT
  5
26
102
{ACAD_REACTORS
330
1A
102
}
330
1A
100
AcDbPlotSettings
  1

  2
none_device
  4

  6

 40
0.0
 41
0.0
 42
0.0
 43
0.0
 44
0.0
 45
0.0
 46
0.0
 47
0.0
 48
0.0
 49
0.0
140
0.0
141
0.0
142
1.0
143
1.0
 70
   688
 72
     0
 73
     0
 74
     5
  7

 75
    16
 76
     0
 77
     2
 78
   300
147
1.0
148
0.0
149
0.0
100
AcDbLayout
  1
Layout2
 70
     1
 71
     2
 10
0.0
 20
0.0
 11
0.0
 21
0.0
 12
0.0
 22
0.0
 32
0.0
 14
0.0
 24
0.0
 34
0.0
 15
0.0
 25
0.0
 35
0.0
146
0.0
 13
0.0
 23
0.0
 33
0.0
 16
1.0
 26
0.0
 36
0.0
 17
0.0
 27
1.0
 37
0.0
 76
     0
330
23
  0
LAYOUT
  5
22
102
{ACAD_REACTORS
330
1A
102
}
330
1A
100
AcDbPlotSettings
  1

  2
none_device
  4
Letter_(8.50_x_11.00_Inches)
  6

 40
6.35
 41
6.35
 42
6.35000508
 43
6.35000508
 44
215.9
 45
279.4
 46
0.0
 47
0.0
 48
0.0
 49
0.0
140
0.0
141
0.0
142
1.0
143
1.0
 70
  1712
 72
     0
 73
     0
 74
     0
  7

 75
     0
 76
     0
 77
     2
 78
   300
147
1.0
148
0.0
149
0.0
100
AcDbLayout
  1
Model
 70
     1
 71
     0
 10
0.0
 20
0.0
 11
12.0
 21
9.0
 12
0.0
 22
0.0
 32
0.0
 14
-13.88125
 24
-6.12647
 34
0.0
 15
-5.35429
 25
6.12371
 35
0.0
146
0.0
 13
0.0
 23
0.0
 33
0.0
 16
1.0
 26
0.0
 36
0.0
 17
0.0
 27
1.0
 37
0.0
 76
     0
330
1F
331
29
  0
MATERIAL
  5
45
102
{ACAD_REACTORS
330
43
102
}
330
43
100
AcDbMaterial
  1
ByBlock
 72
     1
 94
      127
  0
MATERIAL
  5
44
102
{ACAD_REACTORS
330
43
102
}
330
43
100
AcDbMaterial
  1
ByLayer
 72
     1
 94
      127
  0
MATERIAL
  5
46
102
{ACAD_REACTORS
330
43
102
}
330
43
100
AcDbMaterial
  1
Global
 72
     1
 94
      127
  0
MLEADERSTYLE
  5
6C
102
{ACAD_REACTORS
330
6B
102
}
330
6B
100
AcDbMLeaderStyle
179
     2
170
     2
171
     1
172
     0
 90
        2
 40
0.0
 41
0.0
173
     1
 91
-1056964608
340
14
 92
       -2
290
     1
 42
0.09
291
     1
 43
0.36
  3
Standard
341
0
 44
0.18
300

342
11
174
     1
178
     6
175
     1
176
     0
 93
-1056964608
 45
0.18
292
     0
297
     0
 46
0.18
343
0
 94
-1056964608
 47
1.0
 49
1.0
140
1.0
293
     1
141
0.0
294
     1
177
     0
142
1.0
295
     0
296
     0
143
0.125
271
     0
272
     9
273
     9
298
     0
  0
MLINESTYLE
  5
18
102
{ACAD_REACTORS
330
17
102
}
330
17
100
AcDbMlineStyle
  2
Standard
 70
     0
  3

 62
   256
 51
90.0
 52
90.0
 71
     2
 49
0.5
 62
   256
  6
BYLAYER
 49
-0.5
 62
   256
  6
BYLAYER
  0
ACDBPLACEHOLDER
  5
F
102
{ACAD_REACTORS
330
E
102
}
330
E
  0
SCALE
  5
48
102
{ACAD_REACTORS
330
47
102
}
330
47
100
AcDbScale
 70
     0
300
1:1
140
1.0
141
1.0
290
     1
  0
SCALE
  5
49
102
{ACAD_REACTORS
330
47
102
}
330
47
100
AcDbScale
 70
     0
300
1:2
140
1.0
141
2.0
290
     0
  0
SCALE
  5
4A
102
{ACAD_REACTORS
330
47
102
}
330
47
100
AcDbScale
 70
     0
300
1:4
140
1.0
141
4.0
290
     0
  0
SCALE
  5
4B
102
{ACAD_REACTORS
330
47
102
}
330
47
100
AcDbScale
 70
     0
300
1:5
140
1.0
141
5.0
290
     0
  0
SCALE
  5
4C
102
{ACAD_REACTORS
330
47
102
}
330
47
100
AcDbScale
 70
     0
300
1:8
140
1.0
141
8.0
290
     0
  0
SCALE
  5
4D
102
{ACAD_REACTORS
330
47
102
}
330
47
100
AcDbScale
 70
     0
300
1:10
140
1.0
141
10.0
290
     0
  0
SCALE
  5
4E
102
{ACAD_REACTORS
330
47
102
}
330
47
100
AcDbScale
 70
     0
300
1:16
140
1.0
141
16.0
290
     0
  0
SCALE
  5
4F
102
{ACAD_REACTORS
330
47
102
}
330
47
100
AcDbScale
 70
     0
300
1:20
140
1.0
141
20.0
290
     0
  0
SCALE
  5
50
102
{ACAD_REACTORS
330
47
102
}
330
47
100
AcDbScale
 70
     0
300
1:30
140
1.0
141
30.0
290
     0
  0
SCALE
  5
51
102
{ACAD_REACTORS
330
47
102
}
330
47
100
AcDbScale
 70
     0
300
1:40
140
1.0
141
40.0
290
     0
  0
SCALE
  5
52
102
{ACAD_REACTORS
330
47
102
}
330
47
100
AcDbScale
 70
     0
300
1:50
140
1.0
141
50.0
290
     0
  0
SCALE
  5
53
102
{ACAD_REACTORS
330
47
102
}
330
47
100
AcDbScale
 70
     0
300
1:100
140
1.0
141
100.0
290
     0
  0
SCALE
  5
54
102
{ACAD_REACTORS
330
47
102
}
330
47
100
AcDbScale
 70
     0
300
2:1
140
2.0
141
1.0
290
     0
  0
SCALE
  5
55
102
{ACAD_REACTORS
330
47
102
}
330
47
100
AcDbScale
 70
     0
300
4:1
140
4.0
141
1.0
290
     0
  0
SCALE
  5
56
102
{ACAD_REACTORS
330
47
102
}
330
47
100
AcDbScale
 70
     0
300
8:1
140
8.0
141
1.0
290
     0
  0
SCALE
  5
57
102
{ACAD_REACTORS
330
47
102
}
330
47
100
AcDbScale
 70
     0
300
10:1
140
10.0
141
1.0
290
     0
  0
SCALE
  5
58
102
{ACAD_REACTORS
330
47
102
}
330
47
100
AcDbScale
 70
     0
300
100:1
140
100.0
141
1.0
290
     0
  0
SCALE
  5
59
102
{ACAD_REACTORS
330
47
102
}
330
47
100
AcDbScale
 70
     0
300
1/128" = 1'-0"
140
0.0078125
141
12.0
290
     0
  0
SCALE
  5
5A
102
{ACAD_REACTORS
330
47
102
}
330
47
100
AcDbScale
 70
     0
300
1/64" = 1'-0"
140
0.015625
141
12.0
290
     0
  0
SCALE
  5
5B
102
{ACAD_REACTORS
330
47
102
}
330
47
100
AcDbScale
 70
     0
300
1/32" = 1'-0"
140
0.03125
141
12.0
290
     0
  0
SCALE
  5
5C
102
{ACAD_REACTORS
330
47
102
}
330
47
100
AcDbScale
 70
     0
300
1/16" = 1'-0"
140
0.0625
141
12.0
290
     0
  0
SCALE
  5
5D
102
{ACAD_REACTORS
330
47
102
}
330
47
100
AcDbScale
 70
     0
300
3/32" = 1'-0"
140
0.09375
141
12.0
290
     0
  0
SCALE
  5
5E
102
{ACAD_REACTORS
330
47
102
}
330
47
100
AcDbScale
 70
     0
300
1/8" = 1'-0"
140
0.125
141
12.0
290
     0
  0
SCALE
  5
5F
102
{ACAD_REACTORS
330
47
102
}
330
47
100
AcDbScale
 70
     0
300
3/16" = 1'-0"
140
0.1875
141
12.0
290
     0
  0
SCALE
  5
60
102
{ACAD_REACTORS
330
47
102
}
330
47
100
AcDbScale
 70
     0
300
1/4" = 1'-0"
140
0.25
141
12.0
290
     0
  0
SCALE
  5
61
102
{ACAD_REACTORS
330
47
102
}
330
47
100
AcDbScale
 70
     0
300
3/8" = 1'-0"
140
0.375
141
12.0
290
     0
  0
SCALE
  5
62
102
{ACAD_REACTORS
330
47
102
}
330
47
100
AcDbScale
 70
     0
300
1/2" = 1'-0"
140
0.5
141
12.0
290
     0
  0
SCALE
  5
63
102
{ACAD_REACTORS
330
47
102
}
330
47
100
AcDbScale
 70
     0
300
3/4" = 1'-0"
140
0.75
141
12.0
290
     0
  0
SCALE
  5
64
102
{ACAD_REACTORS
330
47
102
}
330
47
100
AcDbScale
 70
     0
300
1" = 1'-0"
140
1.0
141
12.0
290
     0
  0
SCALE
  5
65
102
{ACAD_REACTORS
330
47
102
}
330
47
100
AcDbScale
 70
     0
300
1-1/2" = 1'-0"
140
1.5
141
12.0
290
     0
  0
SCALE
  5
66
102
{ACAD_REACTORS
330
47
102
}
330
47
100
AcDbScale
 70
     0
300
3" = 1'-0"
140
3.0
141
12.0
290
     0
  0
SCALE
  5
67
102
{ACAD_REACTORS
330
47
102
}
330
47
100
AcDbScale
 70
     0
300
6" = 1'-0"
140
6.0
141
12.0
290
     0
  0
SCALE
  5
68
102
{ACAD_REACTORS
330
47
102
}
330
47
100
AcDbScale
 70
     0
300
1'-0" = 1'-0"
140
12.0
141
12.0
290
     0
  0
ACDBSECTIONVIEWSTYLE
  5
3B0
102
{ACAD_REACTORS
330
3AE
102
}
330
3AE
100
AcDbModelDocViewStyle
 70
     0
  3
Imperial24
290
     0
300
Imperial24
 90
        0
100
AcDbSectionViewStyle
 70
     0
 71
     0
 90
       78
 71
     1
340
11
 62
   256
 40
0.24
340
0
340
0
 62
   256
 40
0.24
300
I, O, Q, S, X, Z
 40
0.48
 90
        3
 40
0.18
 90
        1
 71
     2
340
16
 90
       25
 62
   256
340
16
 90
       50
 62
   256
 40
0.24
 40
0.0
 40
0.24
 71
     3
340
11
 62
   256
 40
0.24
 90
        1
 40
0.75
 90
        1
300
%<\AcVar ViewType \f "%tc1">% %<\AcVar ViewSectionStartId>%-%<\AcVar ViewSectionEndId>%\PSCALE %<\AcVar ViewScale \f "%sn">%
 71
     4
 62
   256
 62
   257
300
ANSI31
 40
1.0
 90
        0
290
     0
290
     0
 90
        6
 40
0.0
 40
1.570796326794897
 40
0.2617993877991494
 40
1.308996938995747
 40
-0.2617993877991494
 40
1.832595714594046
  0
TABLESTYLE
  5
6A
102
{ACAD_REACTORS
330
69
102
}
102
{ACAD_XDICTIONARY
360
3B1
102
}
330
69
100
AcDbTableStyle
  3
Standard
 70
     0
 71
     0
 40
0.06
 41
0.06
280
     0
281
     0
  7
Standard
140
0.18
170
     2
 62
     0
 63
   257
283
     0
 90
        4
 91
        0
  1

274
    -2
284
     1
 64
     0
275
    -2
285
     1
 65
     0
276
    -2
286
     1
 66
     0
277
    -2
287
     1
 67
     0
278
    -2
288
     1
 68
     0
279
    -2
289
     1
 69
     0
  7
Standard
140
0.25
170
     5
 62
     0
 63
   257
283
     0
 90
        4
 91
        0
  1

274
    -2
284
     1
 64
     0
275
    -2
285
     1
 65
     0
276
    -2
286
     1
 66
     0
277
    -2
287
     1
 67
     0
278
    -2
288
     1
 68
     0
279
    -2
289
     1
 69
     0
  7
Standard
140
0.18
170
     5
 62
     0
 63
   257
283
     0
 90
        4
 91
        0
  1

274
    -2
284
     1
 64
     0
275
    -2
285
     1
 65
     0
276
    -2
286
     1
 66
     0
277
    -2
287
     1
 67
     0
278
    -2
288
     1
 68
     0
279
    -2
289
     1
 69
     0
  0
VISUALSTYLE
  5
2F
102
{ACAD_REACTORS
330
2A
102
}
330
2A
100
AcDbVisualStyle
  2
2dWireframe
 70
     4
177
     3
291
     0
 70
    58
 90
        0
176
     1
 90
        2
176
     1
 90
        0
176
     1
 90
        0
176
     1
 40
0.6
176
     1
 40
30.0
176
     1
 62
     7
420
 16777215
176
     1
 90
        1
176
     1
 90
        4
176
     1
 62
     7
176
     1
 62
   257
176
     1
 90
        1
176
     1
 90
        1
176
     1
 40
1.0
176
     1
 90
        0
176
     1
 62
   257
176
     1
 40
1.0
176
     1
 90
        1
176
     1
 90
        6
176
     1
 90
        2
176
     1
 62
     7
176
     1
 90
        5
176
     1
 90
        0
176
     1
 90
        0
176
     1
290
     0
176
     1
 90
        1
176
     1
 40
0.0
176
     1
 90
        0
176
     1
290
     1
176
     1
290
     1
176
     1
290
     0
176
     1
290
     0
176
     1
290
     0
176
     1
290
     0
176
     1
290
     0
176
     1
290
     0
176
     1
290
     0
176
     1
 90
       50
176
     1
 40
0.0
176
     1
 40
1.0
176
     1
 90
        0
176
     1
 62
    18
420
        0
176
     1
 90
       50
176
     1
 90
        3
176
     1
 62
     5
420
      255
176
     1
290
     0
176
     1
 90
       50
176
     1
 90
       50
176
     1
 90
       50
176
     1
290
     0
176
     1
 90
       50
176
     1
 62
   256
176
     0
 40
1.0
176
     0
 90
        2
176
     1
  1
strokes_ogs.tif
176
     1
290
     0
176
     1
 40
1.0
176
     1
 40
1.0
176
     1
  0
VISUALSTYLE
  5
32
102
{ACAD_REACTORS
330
2A
102
}
330
2A
100
AcDbVisualStyle
  2
Basic
 70
     7
177
     3
291
     1
 70
    58
 90
        1
176
     1
 90
        0
176
     1
 90
        1
176
     1
 90
        0
176
     1
 40
0.6
176
     1
 40
30.0
176
     1
 62
     7
420
 16777215
176
     1
 90
        0
176
     1
 90
        4
176
     1
 62
     7
176
     1
 62
   257
176
     1
 90
        1
176
     1
 90
        1
176
     1
 40
1.0
176
     1
 90
        8
176
     1
 62
     7
176
     1
 40
1.0
176
     1
 90
        1
176
     1
 90
        6
176
     1
 90
        2
176
     1
 62
     7
176
     1
 90
        5
176
     1
 90
        0
176
     1
 90
        0
176
     1
290
     0
176
     1
 90
        1
176
     1
 40
0.0
176
     1
 90
        0
176
     1
290
     0
176
     1
290
     1
176
     1
290
     1
176
     1
290
     0
176
     1
290
     0
176
     1
290
     0
176
     1
290
     0
176
     1
290
     0
176
     1
290
     0
176
     1
 90
       50
176
     1
 40
0.0
176
     1
 40
1.0
176
     1
 90
        0
176
     1
 62
    18
420
        0
176
     1
 90
       50
176
     1
 90
        3
176
     1
 62
     5
420
      255
176
     1
290
     0
176
     1
 90
       50
176
     1
 90
       50
176
     1
 90
       50
176
     1
290
     0
176
     1
 90
       50
176
     1
 62
   256
176
     0
 40
1.0
176
     0
 90
        2
176
     1
  1
strokes_ogs.tif
176
     1
290
     0
176
     1
 40
1.0
176
     1
 40
1.0
176
     1
  0
VISUALSTYLE
  5
36
102
{ACAD_REACTORS
330
2A
102
}
330
2A
100
AcDbVisualStyle
  2
Brighten
 70
    12
177
     3
291
     1
 70
    58
 90
        2
176
     1
 90
        2
176
     1
 90
        0
176
     1
 90
        0
176
     1
 40
0.6
176
     1
 40
30.0
176
     1
 62
     7
420
 16777215
176
     1
 90
        1
176
     1
 90
        4
176
     1
 62
     7
176
     1
 62
   257
176
     1
 90
        1
176
     1
 90
        1
176
     1
 40
1.0
176
     1
 90
        8
176
     1
 62
     7
176
     1
 40
1.0
176
     1
 90
        1
176
     1
 90
        6
176
     1
 90
        2
176
     1
 62
     7
176
     1
 90
        5
176
     1
 90
        0
176
     1
 90
        0
176
     1
290
     0
176
     1
 90
        1
176
     1
 40
50.0
176
     1
 90
        0
176
     1
290
     0
176
     1
290
     1
176
     1
290
     1
176
     1
290
     0
176
     1
290
     0
176
     1
290
     0
176
     1
290
     0
176
     1
290
     0
176
     1
290
     0
176
     1
 90
       50
176
     1
 40
0.0
176
     1
 40
1.0
176
     1
 90
        0
176
     1
 62
    18
420
        0
176
     1
 90
       50
176
     1
 90
        3
176
     1
 62
     5
420
      255
176
     1
290
     0
176
     1
 90
       50
176
     1
 90
       50
176
     1
 90
       50
176
     1
290
     0
176
     1
 90
       50
176
     1
 62
   256
176
     0
 40
1.0
176
     0
 90
        2
176
     1
  1
strokes_ogs.tif
176
     1
290
     0
176
     1
 40
1.0
176
     1
 40
1.0
176
     1
  0
VISUALSTYLE
  5
3A
102
{ACAD_REACTORS
330
2A
102
}
330
2A
100
AcDbVisualStyle
  2
ColorChange
 70
    16
177
     3
291
     1
 70
    58
 90
        2
176
     1
 90
        2
176
     1
 90
        3
176
     1
 90
        0
176
     1
 40
0.6
176
     1
 40
30.0
176
     1
 62
     8
420
  8421504
176
     1
 90
        1
176
     1
 90
        4
176
     1
 62
     7
176
     1
 62
   257
176
     1
 90
        1
176
     1
 90
        1
176
     1
 40
1.0
176
     1
 90
        8
176
     1
 62
     8
420
  8421504
176
     1
 40
1.0
176
     1
 90
        1
176
     1
 90
        6
176
     1
 90
        2
176
     1
 62
     7
176
     1
 90
        5
176
     1
 90
        0
176
     1
 90
        0
176
     1
290
     0
176
     1
 90
        1
176
     1
 40
0.0
176
     1
 90
        0
176
     1
290
     0
176
     1
290
     1
176
     1
290
     1
176
     1
290
     0
176
     1
290
     0
176
     1
290
     0
176
     1
290
     0
176
     1
290
     0
176
     1
290
     0
176
     1
 90
       50
176
     1
 40
0.0
176
     1
 40
1.0
176
     1
 90
        0
176
     1
 62
    18
420
        0
176
     1
 90
       50
176
     1
 90
        3
176
     1
 62
     5
420
      255
176
     1
290
     0
176
     1
 90
       50
176
     1
 90
       50
176
     1
 90
       50
176
     1
290
     0
176
     1
 90
       50
176
     1
 62
   256
176
     0
 40
1.0
176
     0
 90
        2
176
     1
  1
strokes_ogs.tif
176
     1
290
     0
176
     1
 40
1.0
176
     1
 40
1.0
176
     1
  0
VISUALSTYLE
  5
34
102
{ACAD_REACTORS
330
2A
102
}
330
2A
100
AcDbVisualStyle
  2
Conceptual
 70
     9
177
     3
291
     0
 70
    58
 90
        3
176
     1
 90
        2
176
     1
 90
        0
176
     1
 90
        0
176
     1
 40
0.6
176
     1
 40
30.0
176
     1
 62
     7
420
 16777215
176
     1
 90
        2
176
     1
 90
        2
176
     1
 62
     7
176
     1
 62
   257
176
     1
 90
        1
176
     1
 90
        1
176
     1
 40
179.0
176
     1
 90
        8
176
     1
 62
     7
176
     1
 40
1.0
176
     1
 90
        1
176
     1
 90
        6
176
     1
 90
        2
176
     1
 62
     7
176
     1
 90
        3
176
     1
 90
        0
176
     1
 90
        0
176
     1
290
     0
176
     1
 90
        1
176
     1
 40
0.0
176
     1
 90
        0
176
     1
290
     0
176
     1
290
     1
176
     1
290
     1
176
     1
290
     0
176
     1
290
     0
176
     1
290
     0
176
     1
290
     0
176
     1
290
     0
176
     1
290
     0
176
     1
 90
       50
176
     1
 40
0.0
176
     1
 40
1.0
176
     1
 90
        0
176
     1
 62
    18
420
        0
176
     1
 90
       50
176
     1
 90
        3
176
     1
 62
     5
420
      255
176
     1
290
     0
176
     1
 90
       50
176
     1
 90
       50
176
     1
 90
       50
176
     1
290
     0
176
     1
 90
       50
176
     1
 62
   256
176
     0
 40
1.0
176
     0
 90
        2
176
     1
  1
strokes_ogs.tif
176
     1
290
     0
176
     1
 40
1.0
176
     1
 40
1.0
176
     1
  0
VISUALSTYLE
  5
35
102
{ACAD_REACTORS
330
2A
102
}
330
2A
100
AcDbVisualStyle
  2
Dim
 70
    11
177
     3
291
     1
 70
    58
 90
        2
176
     1
 90
        2
176
     1
 90
        0
176
     1
 90
        0
176
     1
 40
0.6
176
     1
 40
30.0
176
     1
 62
     7
420
 16777215
176
     1
 90
        1
176
     1
 90
        4
176
     1
 62
     7
176
     1
 62
   257
176
     1
 90
        1
176
     1
 90
        1
176
     1
 40
1.0
176
     1
 90
        8
176
     1
 62
     7
176
     1
 40
1.0
176
     1
 90
        1
176
     1
 90
        6
176
     1
 90
        2
176
     1
 62
     7
176
     1
 90
        5
176
     1
 90
        0
176
     1
 90
        0
176
     1
290
     0
176
     1
 90
        1
176
     1
 40
-50.0
176
     1
 90
        0
176
     1
290
     0
176
     1
290
     1
176
     1
290
     1
176
     1
290
     0
176
     1
290
     0
176
     1
290
     0
176
     1
290
     0
176
     1
290
     0
176
     1
290
     0
176
     1
 90
       50
176
     1
 40
0.0
176
     1
 40
1.0
176
     1
 90
        0
176
     1
 62
    18
420
        0
176
     1
 90
       50
176
     1
 90
        3
176
     1
 62
     5
420
      255
176
     1
290
     0
176
     1
 90
       50
176
     1
 90
       50
176
     1
 90
       50
176
     1
290
     0
176
     1
 90
       50
176
     1
 62
   256
176
     0
 40
1.0
176
     0
 90
        2
176
     1
  1
strokes_ogs.tif
176
     1
290
     0
176
     1
 40
1.0
176
     1
 40
1.0
176
     1
  0
VISUALSTYLE
  5
3D
102
{ACAD_REACTORS
330
2A
102
}
330
2A
100
AcDbVisualStyle
  2
EdgeColorOff
 70
    22
177
     3
291
     1
 70
    58
 90
        2
176
     0
 90
        2
176
     0
 90
        0
176
     0
 90
        0
176
     0
 40
0.6
176
     0
 40
30.0
176
     0
 62
     7
420
 16777215
176
     0
 90
        1
176
     0
 90
        4
176
     0
 62
     7
176
     0
 62
   257
176
     0
 90
        1
176
     0
 90
        1
176
     0
 40
1.0
176
     0
 90
        8
176
     2
 62
     7
176
     0
 40
1.0
176
     0
 90
        1
176
     0
 90
        6
176
     0
 90
        2
176
     0
 62
     7
176
     0
 90
        5
176
     0
 90
        0
176
     0
 90
        0
176
     0
290
     0
176
     0
 90
        1
176
     0
 40
0.0
176
     0
 90
        0
176
     0
290
     0
176
     0
290
     1
176
     0
290
     1
176
     0
290
     0
176
     0
290
     0
176
     0
290
     0
176
     0
290
     0
176
     0
290
     0
176
     0
290
     0
176
     0
 90
       50
176
     0
 40
0.0
176
     0
 40
1.0
176
     0
 90
        0
176
     0
 62
    18
420
        0
176
     0
 90
       50
176
     0
 90
        3
176
     0
 62
     5
420
      255
176
     0
290
     0
176
     0
 90
       50
176
     0
 90
       50
176
     0
 90
       50
176
     0
290
     0
176
     0
 90
       50
176
     0
 62
   256
176
     0
 40
1.0
176
     0
 90
        2
176
     0
  1
strokes_ogs.tif
176
     0
290
     0
176
     0
 40
1.0
176
     0
 40
1.0
176
     0
  0
VISUALSTYLE
  5
39
102
{ACAD_REACTORS
330
2A
102
}
330
2A
100
AcDbVisualStyle
  2
Facepattern
 70
    15
177
     3
291
     1
 70
    58
 90
        2
176
     1
 90
        2
176
     1
 90
        0
176
     1
 90
        0
176
     1
 40
0.6
176
     1
 40
30.0
176
     1
 62
     7
420
 16777215
176
     1
 90
        1
176
     1
 90
        4
176
     1
 62
     7
176
     1
 62
   257
176
     1
 90
        1
176
     1
 90
        1
176
     1
 40
1.0
176
     1
 90
        8
176
     1
 62
     7
176
     1
 40
1.0
176
     1
 90
        1
176
     1
 90
        6
176
     1
 90
        2
176
     1
 62
     7
176
     1
 90
        5
176
     1
 90
        0
176
     1
 90
        0
176
     1
290
     0
176
     1
 90
        1
176
     1
 40
0.0
176
     1
 90
        0
176
     1
290
     0
176
     1
290
     1
176
     1
290
     1
176
     1
290
     0
176
     1
290
     0
176
     1
290
     0
176
     1
290
     0
176
     1
290
     0
176
     1
290
     0
176
     1
 90
       50
176
     1
 40
0.0
176
     1
 40
1.0
176
     1
 90
        0
176
     1
 62
    18
420
        0
176
     1
 90
       50
176
     1
 90
        3
176
     1
 62
     5
420
      255
176
     1
290
     0
176
     1
 90
       50
176
     1
 90
       50
176
     1
 90
       50
176
     1
290
     0
176
     1
 90
       50
176
     1
 62
   256
176
     0
 40
1.0
176
     0
 90
        2
176
     1
  1
strokes_ogs.tif
176
     1
290
     0
176
     1
 40
1.0
176
     1
 40
1.0
176
     1
  0
VISUALSTYLE
  5
2B
102
{ACAD_REACTORS
330
2A
102
}
330
2A
100
AcDbVisualStyle
  2
Flat
 70
     0
177
     3
291
     1
 70
    58
 90
        2
176
     1
 90
        1
176
     1
 90
        1
176
     1
 90
        2
176
     1
 40
0.6
176
     1
 40
30.0
176
     1
 62
     7
420
 16777215
176
     1
 90
        0
176
     1
 90
        0
176
     1
 62
     7
176
     1
 62
   257
176
     1
 90
        1
176
     1
 90
        1
176
     1
 40
1.0
176
     1
 90
        8
176
     1
 62
     7
176
     1
 40
1.0
176
     1
 90
        1
176
     1
 90
        6
176
     1
 90
        2
176
     1
 62
     7
176
     1
 90
        5
176
     1
 90
        0
176
     1
 90
        0
176
     1
290
     0
176
     1
 90
       13
176
     1
 40
0.0
176
     1
 90
        0
176
     1
290
     0
176
     1
290
     1
176
     1
290
     1
176
     1
290
     0
176
     1
290
     0
176
     1
290
     0
176
     1
290
     0
176
     1
290
     0
176
     1
290
     0
176
     1
 90
       50
176
     1
 40
0.0
176
     1
 40
1.0
176
     1
 90
        0
176
     1
 62
    18
420
        0
176
     1
 90
       50
176
     1
 90
        3
176
     1
 62
     5
420
      255
176
     1
290
     0
176
     1
 90
       50
176
     1
 90
       50
176
     1
 90
       50
176
     1
290
     0
176
     1
 90
       50
176
     1
 62
   256
176
     0
 40
1.0
176
     0
 90
        2
176
     1
  1
strokes_ogs.tif
176
     1
290
     0
176
     1
 40
1.0
176
     1
 40
1.0
176
     1
  0
VISUALSTYLE
  5
2C
102
{ACAD_REACTORS
330
2A
102
}
330
2A
100
AcDbVisualStyle
  2
FlatWithEdges
 70
     1
177
     3
291
     1
 70
    58
 90
        2
176
     1
 90
        1
176
     1
 90
        1
176
     1
 90
        2
176
     1
 40
0.6
176
     1
 40
30.0
176
     1
 62
     7
420
 16777215
176
     1
 90
        1
176
     1
 90
        0
176
     1
 62
     7
176
     1
 62
   257
176
     1
 90
        1
176
     1
 90
        1
176
     1
 40
1.0
176
     1
 90
        0
176
     1
 62
   257
176
     1
 40
1.0
176
     1
 90
        1
176
     1
 90
        6
176
     1
 90
        2
176
     1
 62
     7
176
     1
 90
        5
176
     1
 90
        0
176
     1
 90
        0
176
     1
290
     0
176
     1
 90
       13
176
     1
 40
0.0
176
     1
 90
        0
176
     1
290
     0
176
     1
290
     1
176
     1
290
     1
176
     1
290
     0
176
     1
290
     0
176
     1
290
     0
176
     1
290
     0
176
     1
290
     0
176
     1
290
     0
176
     1
 90
       50
176
     1
 40
0.0
176
     1
 40
1.0
176
     1
 90
        0
176
     1
 62
    18
420
        0
176
     1
 90
       50
176
     1
 90
        3
176
     1
 62
     5
420
      255
176
     1
290
     0
176
     1
 90
       50
176
     1
 90
       50
176
     1
 90
       50
176
     1
290
     0
176
     1
 90
       50
176
     1
 62
   256
176
     0
 40
1.0
176
     0
 90
        2
176
     1
  1
strokes_ogs.tif
176
     1
290
     0
176
     1
 40
1.0
176
     1
 40
1.0
176
     1
  0
VISUALSTYLE
  5
2D
102
{ACAD_REACTORS
330
2A
102
}
330
2A
100
AcDbVisualStyle
  2
Gouraud
 70
     2
177
     3
291
     1
 70
    58
 90
        2
176
     1
 90
        2
176
     1
 90
        1
176
     1
 90
        2
176
     1
 40
0.6
176
     1
 40
30.0
176
     1
 62
     7
420
 16777215
176
     1
 90
        0
176
     1
 90
        0
176
     1
 62
     7
176
     1
 62
   257
176
     1
 90
        1
176
     1
 90
        1
176
     1
 40
1.0
176
     1
 90
        0
176
     1
 62
     7
176
     1
 40
1.0
176
     1
 90
        1
176
     1
 90
        6
176
     1
 90
        2
176
     1
 62
     7
176
     1
 90
        5
176
     1
 90
        0
176
     1
 90
        0
176
     1
290
     0
176
     1
 90
       13
176
     1
 40
0.0
176
     1
 90
        0
176
     1
290
     0
176
     1
290
     1
176
     1
290
     1
176
     1
290
     0
176
     1
290
     0
176
     1
290
     0
176
     1
290
     0
176
     1
290
     0
176
     1
290
     0
176
     1
 90
       50
176
     1
 40
0.0
176
     1
 40
1.0
176
     1
 90
        0
176
     1
 62
    18
420
        0
176
     1
 90
       50
176
     1
 90
        3
176
     1
 62
     5
420
      255
176
     1
290
     0
176
     1
 90
       50
176
     1
 90
       50
176
     1
 90
       50
176
     1
290
     0
176
     1
 90
       50
176
     1
 62
   256
176
     0
 40
1.0
176
     0
 90
        2
176
     1
  1
strokes_ogs.tif
176
     1
290
     0
176
     1
 40
1.0
176
     1
 40
1.0
176
     1
  0
VISUALSTYLE
  5
2E
102
{ACAD_REACTORS
330
2A
102
}
330
2A
100
AcDbVisualStyle
  2
GouraudWithEdges
 70
     3
177
     3
291
     1
 70
    58
 90
        2
176
     1
 90
        2
176
     1
 90
        1
176
     1
 90
        2
176
     1
 40
0.6
176
     1
 40
30.0
176
     1
 62
     7
420
 16777215
176
     1
 90
        1
176
     1
 90
        0
176
     1
 62
     7
176
     1
 62
   257
176
     1
 90
        1
176
     1
 90
        1
176
     1
 40
1.0
176
     1
 90
        0
176
     1
 62
   257
176
     1
 40
1.0
176
     1
 90
        1
176
     1
 90
        6
176
     1
 90
        2
176
     1
 62
     7
176
     1
 90
        5
176
     1
 90
        0
176
     1
 90
        0
176
     1
290
     0
176
     1
 90
       13
176
     1
 40
0.0
176
     1
 90
        0
176
     1
290
     0
176
     1
290
     1
176
     1
290
     1
176
     1
290
     0
176
     1
290
     0
176
     1
290
     0
176
     1
290
     0
176
     1
290
     0
176
     1
290
     0
176
     1
 90
       50
176
     1
 40
0.0
176
     1
 40
1.0
176
     1
 90
        0
176
     1
 62
    18
420
        0
176
     1
 90
       50
176
     1
 90
        3
176
     1
 62
     5
420
      255
176
     1
290
     0
176
     1
 90
       50
176
     1
 90
       50
176
     1
 90
       50
176
     1
290
     0
176
     1
 90
       50
176
     1
 62
   256
176
     0
 40
1.0
176
     0
 90
        2
176
     1
  1
strokes_ogs.tif
176
     1
290
     0
176
     1
 40
1.0
176
     1
 40
1.0
176
     1
  0
VISUALSTYLE
  5
31
102
{ACAD_REACTORS
330
2A
102
}
330
2A
100
AcDbVisualStyle
  2
Hidden
 70
     6
177
     3
291
     0
 70
    58
 90
        1
176
     1
 90
        2
176
     1
 90
        2
176
     1
 90
        0
176
     1
 40
0.6
176
     1
 40
30.0
176
     1
 62
     7
420
 16777215
176
     1
 90
        2
176
     1
 90
        2
176
     1
 62
     7
176
     1
 62
   257
176
     1
 90
        2
176
     1
 90
        1
176
     1
 40
40.0
176
     1
 90
        0
176
     1
 62
   257
176
     1
 40
1.0
176
     1
 90
        1
176
     1
 90
        6
176
     1
 90
        2
176
     1
 62
     7
176
     1
 90
        3
176
     1
 90
        0
176
     1
 90
        0
176
     1
290
     0
176
     1
 90
        1
176
     1
 40
0.0
176
     1
 90
        0
176
     1
290
     0
176
     1
290
     1
176
     1
290
     1
176
     1
290
     0
176
     1
290
     0
176
     1
290
     0
176
     1
290
     0
176
     1
290
     0
176
     1
290
     0
176
     1
 90
       50
176
     1
 40
0.0
176
     1
 40
1.0
176
     1
 90
        0
176
     1
 62
    18
420
        0
176
     1
 90
       50
176
     1
 90
        3
176
     1
 62
     5
420
      255
176
     1
290
     0
176
     1
 90
       50
176
     1
 90
       50
176
     1
 90
       50
176
     1
290
     0
176
     1
 90
       50
176
     1
 62
   256
176
     0
 40
1.0
176
     0
 90
        2
176
     1
  1
strokes_ogs.tif
176
     1
290
     0
176
     1
 40
1.0
176
     1
 40
1.0
176
     1
  0
VISUALSTYLE
  5
3B
102
{ACAD_REACTORS
330
2A
102
}
330
2A
100
AcDbVisualStyle
  2
JitterOff
 70
    20
177
     3
291
     1
 70
    58
 90
        2
176
     0
 90
        2
176
     0
 90
        0
176
     0
 90
        0
176
     0
 40
0.6
176
     0
 40
30.0
176
     0
 62
     7
420
 16777215
176
     0
 90
        1
176
     0
 90
        4
176
     0
 62
     7
176
     0
 62
   257
176
     0
 90
        1
176
     0
 90
        1
176
     0
 40
1.0
176
     0
 90
       10
176
     2
 62
     7
176
     0
 40
1.0
176
     0
 90
        1
176
     0
 90
        6
176
     0
 90
        2
176
     0
 62
     7
176
     0
 90
        5
176
     0
 90
        0
176
     0
 90
        0
176
     0
290
     0
176
     0
 90
        1
176
     0
 40
0.0
176
     0
 90
        0
176
     0
290
     0
176
     0
290
     1
176
     0
290
     1
176
     0
290
     0
176
     0
290
     0
176
     0
290
     0
176
     0
290
     0
176
     0
290
     0
176
     0
290
     0
176
     0
 90
       50
176
     0
 40
0.0
176
     0
 40
1.0
176
     0
 90
        0
176
     0
 62
    18
420
        0
176
     0
 90
       50
176
     0
 90
        3
176
     0
 62
     5
420
      255
176
     0
290
     0
176
     0
 90
       50
176
     0
 90
       50
176
     0
 90
       50
176
     0
290
     0
176
     0
 90
       50
176
     0
 62
   256
176
     0
 40
1.0
176
     0
 90
        2
176
     0
  1
strokes_ogs.tif
176
     0
290
     0
176
     0
 40
1.0
176
     0
 40
1.0
176
     0
  0
VISUALSTYLE
  5
38
102
{ACAD_REACTORS
330
2A
102
}
330
2A
100
AcDbVisualStyle
  2
Linepattern
 70
    14
177
     3
291
     1
 70
    58
 90
        2
176
     1
 90
        2
176
     1
 90
        0
176
     1
 90
        0
176
     1
 40
0.6
176
     1
 40
30.0
176
     1
 62
     7
420
 16777215
176
     1
 90
        1
176
     1
 90
        4
176
     1
 62
     7
176
     1
 62
   257
176
     1
 90
        7
176
     1
 90
        7
176
     1
 40
1.0
176
     1
 90
        8
176
     1
 62
     7
176
     1
 40
1.0
176
     1
 90
        1
176
     1
 90
        6
176
     1
 90
        2
176
     1
 62
     7
176
     1
 90
        5
176
     1
 90
        0
176
     1
 90
        0
176
     1
290
     0
176
     1
 90
        1
176
     1
 40
0.0
176
     1
 90
        0
176
     1
290
     0
176
     1
290
     1
176
     1
290
     1
176
     1
290
     0
176
     1
290
     0
176
     1
290
     0
176
     1
290
     0
176
     1
290
     0
176
     1
290
     0
176
     1
 90
       50
176
     1
 40
0.0
176
     1
 40
1.0
176
     1
 90
        0
176
     1
 62
    18
420
        0
176
     1
 90
       50
176
     1
 90
        3
176
     1
 62
     5
420
      255
176
     1
290
     0
176
     1
 90
       50
176
     1
 90
       50
176
     1
 90
       50
176
     1
290
     0
176
     1
 90
       50
176
     1
 62
   256
176
     0
 40
1.0
176
     0
 90
        2
176
     1
  1
strokes_ogs.tif
176
     1
290
     0
176
     1
 40
1.0
176
     1
 40
1.0
176
     1
  0
VISUALSTYLE
  5
3C
102
{ACAD_REACTORS
330
2A
102
}
330
2A
100
AcDbVisualStyle
  2
OverhangOff
 70
    21
177
     3
291
     1
 70
    58
 90
        2
176
     0
 90
        2
176
     0
 90
        0
176
     0
 90
        0
176
     0
 40
0.6
176
     0
 40
30.0
176
     0
 62
     7
420
 16777215
176
     0
 90
        1
176
     0
 90
        4
176
     0
 62
     7
176
     0
 62
   257
176
     0
 90
        1
176
     0
 90
        1
176
     0
 40
1.0
176
     0
 90
        9
176
     2
 62
     7
176
     0
 40
1.0
176
     0
 90
        1
176
     0
 90
        6
176
     0
 90
        2
176
     0
 62
     7
176
     0
 90
        5
176
     0
 90
        0
176
     0
 90
        0
176
     0
290
     0
176
     0
 90
        1
176
     0
 40
0.0
176
     0
 90
        0
176
     0
290
     0
176
     0
290
     1
176
     0
290
     1
176
     0
290
     0
176
     0
290
     0
176
     0
290
     0
176
     0
290
     0
176
     0
290
     0
176
     0
290
     0
176
     0
 90
       50
176
     0
 40
0.0
176
     0
 40
1.0
176
     0
 90
        0
176
     0
 62
    18
420
        0
176
     0
 90
       50
176
     0
 90
        3
176
     0
 62
     5
420
      255
176
     0
290
     0
176
     0
 90
       50
176
     0
 90
       50
176
     0
 90
       50
176
     0
290
     0
176
     0
 90
       50
176
     0
 62
   256
176
     0
 40
1.0
176
     0
 90
        2
176
     0
  1
strokes_ogs.tif
176
     0
290
     0
176
     0
 40
1.0
176
     0
 40
1.0
176
     0
  0
VISUALSTYLE
  5
33
102
{ACAD_REACTORS
330
2A
102
}
330
2A
100
AcDbVisualStyle
  2
Realistic
 70
     8
177
     3
291
     0
 70
    58
 90
        2
176
     1
 90
        3
176
     1
 90
        0
176
     1
 90
        2
176
     1
 40
0.6
176
     1
 40
30.0
176
     1
 62
     7
420
 16777215
176
     1
 90
        0
176
     1
 90
        0
176
     1
 62
     7
176
     1
 62
   257
176
     1
 90
        1
176
     1
 90
        1
176
     1
 40
1.0
176
     1
 90
        8
176
     1
 62
   257
176
     1
 40
1.0
176
     1
 90
        1
176
     1
 90
        6
176
     1
 90
        2
176
     1
 62
     7
176
     1
 90
        3
176
     1
 90
        0
176
     1
 90
        0
176
     1
290
     0
176
     1
 90
       13
176
     1
 40
0.0
176
     1
 90
        0
176
     1
290
     0
176
     1
290
     1
176
     1
290
     1
176
     1
290
     0
176
     1
290
     0
176
     1
290
     0
176
     1
290
     0
176
     1
290
     0
176
     1
290
     0
176
     1
 90
       50
176
     1
 40
0.0
176
     1
 40
1.0
176
     1
 90
        0
176
     1
 62
    18
420
        0
176
     1
 90
       50
176
     1
 90
        3
176
     1
 62
     5
420
      255
176
     1
290
     0
176
     1
 90
       50
176
     1
 90
       50
176
     1
 90
       50
176
     1
290
     0
176
     1
 90
       50
176
     1
 62
   256
176
     0
 40
1.0
176
     0
 90
        2
176
     1
  1
strokes_ogs.tif
176
     1
290
     0
176
     1
 40
1.0
176
     1
 40
1.0
176
     1
  0
VISUALSTYLE
  5
42
102
{ACAD_REACTORS
330
2A
102
}
330
2A
100
AcDbVisualStyle
  2
Shaded
 70
    27
177
     3
291
     0
 70
    58
 90
        2
176
     1
 90
        2
176
     1
 90
        1
176
     1
 90
        2
176
     1
 40
0.6
176
     1
 40
30.0
176
     1
 62
     7
420
 16777215
176
     1
 90
        0
176
     1
 90
        4
176
     1
 62
     7
176
     1
 62
   257
176
     1
 90
        1
176
     1
 90
        1
176
     1
 40
1.0
176
     1
 90
        8
176
     1
 62
   257
176
     1
 40
1.0
176
     1
 90
        1
176
     1
 90
        6
176
     1
 90
        2
176
     1
 62
     8
420
  7895160
176
     1
 90
        3
176
     1
 90
        0
176
     1
 90
        0
176
     1
290
     0
176
     1
 90
        5
176
     1
 40
0.0
176
     1
 90
        0
176
     1
290
     0
176
     1
290
     1
176
     1
290
     1
176
     1
290
     0
176
     1
290
     0
176
     1
290
     0
176
     1
290
     0
176
     1
290
     0
176
     1
290
     0
176
     1
 90
       50
176
     1
 40
0.0
176
     1
 40
1.0
176
     1
 90
        0
176
     1
 62
    18
420
        0
176
     1
 90
       50
176
     1
 90
        3
176
     1
 62
     5
420
      255
176
     1
290
     0
176
     1
 90
       50
176
     1
 90
       50
176
     1
 90
       50
176
     1
290
     0
176
     1
 90
       50
176
     1
 62
   256
176
     0
 40
1.0
176
     0
 90
        2
176
     1
  1
strokes_ogs.tif
176
     1
290
     0
176
     1
 40
1.0
176
     1
 40
1.0
176
     1
  0
VISUALSTYLE
  5
41
102
{ACAD_REACTORS
330
2A
102
}
330
2A
100
AcDbVisualStyle
  2
Shaded with edges
 70
    26
177
     3
291
     0
 70
    58
 90
        2
176
     1
 90
        2
176
     1
 90
        1
176
     1
 90
        2
176
     1
 40
0.6
176
     1
 40
30.0
176
     1
 62
     7
420
 16777215
176
     1
 90
        1
176
     1
 90
       10
176
     1
 62
     7
176
     1
 62
   257
176
     1
 90
        2
176
     1
 90
        1
176
     1
 40
1.0
176
     1
 90
        8
176
     1
 62
   257
176
     1
 40
1.0
176
     1
 90
        1
176
     1
 90
        6
176
     1
 90
        2
176
     1
 62
     7
176
     1
 90
        3
176
     1
 90
        0
176
     1
 90
        0
176
     1
290
     0
176
     1
 90
        5
176
     1
 40
0.0
176
     1
 90
        0
176
     1
290
     0
176
     1
290
     1
176
     1
290
     1
176
     1
290
     0
176
     1
290
     0
176
     1
290
     0
176
     1
290
     0
176
     1
290
     0
176
     1
290
     0
176
     1
 90
       50
176
     1
 40
0.0
176
     1
 40
1.0
176
     1
 90
        0
176
     1
 62
    18
420
        0
176
     1
 90
       50
176
     1
 90
        3
176
     1
 62
     5
420
      255
176
     1
290
     0
176
     1
 90
       50
176
     1
 90
       50
176
     1
 90
       50
176
     1
290
     0
176
     1
 90
       50
176
     1
 62
   256
176
     0
 40
1.0
176
     0
 90
        2
176
     1
  1
strokes_ogs.tif
176
     1
290
     0
176
     1
 40
1.0
176
     1
 40
1.0
176
     1
  0
VISUALSTYLE
  5
3E
102
{ACAD_REACTORS
330
2A
102
}
330
2A
100
AcDbVisualStyle
  2
Shades of Gray
 70
    23
177
     3
291
     0
 70
    58
 90
        2
176
     1
 90
        2
176
     1
 90
        3
176
     1
 90
        0
176
     1
 40
0.6
176
     1
 40
30.0
176
     1
 62
     7
420
 16777215
176
     1
 90
        2
176
     1
 90
        2
176
     1
 62
     7
176
     1
 62
     7
176
     1
 90
        1
176
     1
 90
        1
176
     1
 40
40.0
176
     1
 90
        8
176
     1
 62
     7
176
     1
 40
1.0
176
     1
 90
        1
176
     1
 90
        6
176
     1
 90
        2
176
     1
 62
     7
176
     1
 90
        3
176
     1
 90
        0
176
     1
 90
        0
176
     1
290
     0
176
     1
 90
        1
176
     1
 40
0.0
176
     1
 90
        0
176
     1
290
     0
176
     1
290
     1
176
     1
290
     1
176
     1
290
     0
176
     1
290
     0
176
     1
290
     0
176
     1
290
     0
176
     1
290
     0
176
     1
290
     0
176
     1
 90
       50
176
     1
 40
0.0
176
     1
 40
1.0
176
     1
 90
        0
176
     1
 62
    18
420
        0
176
     1
 90
       50
176
     1
 90
        3
176
     1
 62
     5
420
      255
176
     1
290
     0
176
     1
 90
       50
176
     1
 90
       50
176
     1
 90
       50
176
     1
290
     0
176
     1
 90
       50
176
     1
 62
   256
176
     0
 40
1.0
176
     0
 90
        2
176
     1
  1
strokes_ogs.tif
176
     1
290
     0
176
     1
 40
1.0
176
     1
 40
1.0
176
     1
  0
VISUALSTYLE
  5
3F
102
{ACAD_REACTORS
330
2A
102
}
330
2A
100
AcDbVisualStyle
  2
Sketchy
 70
    24
177
     3
291
     0
 70
    58
 90
        1
176
     1
 90
        2
176
     1
 90
        2
176
     1
 90
        0
176
     1
 40
0.6
176
     1
 40
30.0
176
     1
 62
     7
420
 16777215
176
     1
 90
        2
176
     1
 90
        2
176
     1
 62
     7
176
     1
 62
     7
176
     1
 90
        1
176
     1
 90
        1
176
     1
 40
40.0
176
     1
 90
       11
176
     1
 62
     7
176
     1
 40
1.0
176
     1
 90
        1
176
     1
 90
        6
176
     1
 90
        2
176
     1
 62
     7
176
     1
 90
        6
176
     1
 90
        0
176
     1
 90
        0
176
     1
290
     0
176
     1
 90
        1
176
     1
 40
0.0
176
     1
 90
        0
176
     1
290
     0
176
     1
290
     1
176
     1
290
     1
176
     1
290
     0
176
     1
290
     0
176
     1
290
     0
176
     1
290
     0
176
     1
290
     0
176
     1
290
     0
176
     1
 90
       50
176
     1
 40
0.0
176
     1
 40
1.0
176
     1
 90
        0
176
     1
 62
    18
420
        0
176
     1
 90
       50
176
     1
 90
        3
176
     1
 62
     5
420
      255
176
     1
290
     0
176
     1
 90
       50
176
     1
 90
       50
176
     1
 90
       50
176
     1
290
     0
176
     1
 90
       50
176
     1
 62
   256
176
     0
 40
1.0
176
     0
 90
        2
176
     1
  1
strokes_ogs.tif
176
     1
290
     0
176
     1
 40
1.0
176
     1
 40
1.0
176
     1
  0
VISUALSTYLE
  5
37
102
{ACAD_REACTORS
330
2A
102
}
330
2A
100
AcDbVisualStyle
  2
Thicken
 70
    13
177
     3
291
     1
 70
    58
 90
        2
176
     1
 90
        2
176
     1
 90
        0
176
     1
 90
        0
176
     1
 40
0.6
176
     1
 40
30.0
176
     1
 62
     7
420
 16777215
176
     1
 90
        1
176
     1
 90
        4
176
     1
 62
     7
176
     1
 62
   257
176
     1
 90
        1
176
     1
 90
        1
176
     1
 40
1.0
176
     1
 90
       12
176
     1
 62
     7
176
     1
 40
1.0
176
     1
 90
        1
176
     1
 90
        6
176
     1
 90
        2
176
     1
 62
     7
176
     1
 90
        5
176
     1
 90
        0
176
     1
 90
        0
176
     1
290
     0
176
     1
 90
        1
176
     1
 40
0.0
176
     1
 90
        0
176
     1
290
     0
176
     1
290
     1
176
     1
290
     1
176
     1
290
     0
176
     1
290
     0
176
     1
290
     0
176
     1
290
     0
176
     1
290
     0
176
     1
290
     0
176
     1
 90
       50
176
     1
 40
0.0
176
     1
 40
1.0
176
     1
 90
        0
176
     1
 62
    18
420
        0
176
     1
 90
       50
176
     1
 90
        3
176
     1
 62
     5
420
      255
176
     1
290
     0
176
     1
 90
       50
176
     1
 90
       50
176
     1
 90
       50
176
     1
290
     0
176
     1
 90
       50
176
     1
 62
   256
176
     0
 40
1.0
176
     0
 90
        2
176
     1
  1
strokes_ogs.tif
176
     1
290
     0
176
     1
 40
1.0
176
     1
 40
1.0
176
     1
  0
VISUALSTYLE
  5
30
102
{ACAD_REACTORS
330
2A
102
}
330
2A
100
AcDbVisualStyle
  2
Wireframe
 70
     5
177
     3
291
     0
 70
    58
 90
        0
176
     1
 90
        2
176
     1
 90
        0
176
     1
 90
        0
176
     1
 40
0.6
176
     1
 40
30.0
176
     1
 62
     7
420
 16777215
176
     1
 90
        1
176
     1
 90
        4
176
     1
 62
     7
176
     1
 62
   257
176
     1
 90
        1
176
     1
 90
        1
176
     1
 40
1.0
176
     1
 90
        0
176
     1
 62
   257
176
     1
 40
1.0
176
     1
 90
        1
176
     1
 90
        6
176
     1
 90
        2
176
     1
 62
     7
176
     1
 90
        3
176
     1
 90
        0
176
     1
 90
        0
176
     1
290
     0
176
     1
 90
        1
176
     1
 40
0.0
176
     1
 90
        0
176
     1
290
     0
176
     1
290
     1
176
     1
290
     1
176
     1
290
     0
176
     1
290
     0
176
     1
290
     0
176
     1
290
     0
176
     1
290
     0
176
     1
290
     0
176
     1
 90
       50
176
     1
 40
0.0
176
     1
 40
1.0
176
     1
 90
        0
176
     1
 62
    18
420
        0
176
     1
 90
       50
176
     1
 90
        3
176
     1
 62
     5
420
      255
176
     1
290
     0
176
     1
 90
       50
176
     1
 90
       50
176
     1
 90
       50
176
     1
290
     0
176
     1
 90
       50
176
     1
 62
   256
176
     0
 40
1.0
176
     0
 90
        2
176
     1
  1
strokes_ogs.tif
176
     1
290
     0
176
     1
 40
1.0
176
     1
 40
1.0
176
     1
  0
VISUALSTYLE
  5
40
102
{ACAD_REACTORS
330
2A
102
}
330
2A
100
AcDbVisualStyle
  2
X-Ray
 70
    25
177
     3
291
     0
 70
    58
 90
        2
176
     1
 90
        2
176
     1
 90
        1
176
     1
 90
        1
176
     1
 40
0.5
176
     1
 40
30.0
176
     1
 62
     7
420
 16777215
176
     1
 90
        1
176
     1
 90
        0
176
     1
 62
     7
176
     1
 62
   257
176
     1
 90
        1
176
     1
 90
        1
176
     1
 40
1.0
176
     1
 90
        8
176
     1
 62
     7
176
     1
 40
1.0
176
     1
 90
        1
176
     1
 90
        6
176
     1
 90
        2
176
     1
 62
     7
176
     1
 90
        3
176
     1
 90
        0
176
     1
 90
        0
176
     1
290
     0
176
     1
 90
       13
176
     1
 40
0.0
176
     1
 90
        0
176
     1
290
     0
176
     1
290
     1
176
     1
290
     1
176
     1
290
     0
176
     1
290
     0
176
     1
290
     0
176
     1
290
     0
176
     1
290
     0
176
     1
290
     0
176
     1
 90
       50
176
     1
 40
0.0
176
     1
 40
1.0
176
     1
 90
        0
176
     1
 62
    18
420
        0
176
     1
 90
       50
176
     1
 90
        3
176
     1
 62
     5
420
      255
176
     1
290
     0
176
     1
 90
       50
176
     1
 90
       50
176
     1
 90
       50
176
     1
290
     0
176
     1
 90
       50
176
     1
 62
   256
176
     0
 40
1.0
176
     0
 90
        2
176
     1
  1
strokes_ogs.tif
176
     1
290
     0
176
     1
 40
1.0
176
     1
 40
1.0
176
     1
  0
DICTIONARYVAR
  5
373
102
{ACAD_REACTORS
330
372
102
}
330
372
100
DictionaryVariables
280
     0
  1
1:1
  0
DICTIONARYVAR
  5
3AC
102
{ACAD_REACTORS
330
372
102
}
330
372
100
DictionaryVariables
280
     0
  1
Standard
  0
DICTIONARYVAR
  5
3AB
102
{ACAD_REACTORS
330
372
102
}
330
372
100
DictionaryVariables
280
     0
  1
Standard
  0
DICTIONARYVAR
  5
3B4
102
{ACAD_REACTORS
330
372
102
}
330
372
100
DictionaryVariables
280
     0
  1
Imperial24
  0
DICTIONARYVAR
  5
3B5
102
{ACAD_REACTORS
330
372
102
}
330
372
100
DictionaryVariables
280
     0
  1
Imperial24
  0
DICTIONARYVAR
  5
374
102
{ACAD_REACTORS
330
372
102
}
330
372
100
DictionaryVariables
280
     0
  1
2
  0
DICTIONARY
  5
3B1
330
6A
100
AcDbDictionary
280
     1
281
     1
  3
ACAD_ROUNDTRIP_2008_TABLESTYLE_CELLSTYLEMAP
360
3B2
  0
CELLSTYLEMAP
  5
3B2
102
{ACAD_REACTORS
330
3B1
102
}
330
3B1
100
AcDbCellStyleMap
 90
        3
300
CELLSTYLE
  1
TABLEFORMAT_BEGIN
 90
        5
170
     1
 91
        0
 92
    32768
 62
   257
 93
        1
300
CONTENTFORMAT
  1
CONTENTFORMAT_BEGIN
 90
        0
 91
        0
 92
        4
 93
        0
300

 40
0.0
140
1.0
 94
        5
 62
     0
340
11
144
0.25
309
CONTENTFORMAT_END
171
     1
301
MARGIN
  1
CELLMARGIN_BEGIN
 40
0.06
 40
0.06
 40
0.06
 40
0.06
 40
0.06
 40
0.06
309
CELLMARGIN_END
 94
        6
 95
        1
302
GRIDFORMAT
  1
GRIDFORMAT_BEGIN
 90
        0
 91
        1
 62
     0
 92
       -2
340
14
 93
        0
 40
0.045
309
GRIDFORMAT_END
 95
        2
302
GRIDFORMAT
  1
GRIDFORMAT_BEGIN
 90
        0
 91
        1
 62
     0
 92
       -2
340
14
 93
        0
 40
0.045
309
GRIDFORMAT_END
 95
        4
302
GRIDFORMAT
  1
GRIDFORMAT_BEGIN
 90
        0
 91
        1
 62
     0
 92
       -2
340
14
 93
        0
 40
0.045
309
GRIDFORMAT_END
 95
        8
302
GRIDFORMAT
  1
GRIDFORMAT_BEGIN
 90
        0
 91
        1
 62
     0
 92
       -2
340
14
 93
        0
 40
0.045
309
GRIDFORMAT_END
 95
       16
302
GRIDFORMAT
  1
GRIDFORMAT_BEGIN
 90
        0
 91
        1
 62
     0
 92
       -2
340
14
 93
        0
 40
0.045
309
GRIDFORMAT_END
 95
       32
302
GRIDFORMAT
  1
GRIDFORMAT_BEGIN
 90
        0
 91
        1
 62
     0
 92
       -2
340
14
 93
        0
 40
0.045
309
GRIDFORMAT_END
309
TABLEFORMAT_END
  1
CELLSTYLE_BEGIN
 90
        1
 91
        1
300
_TITLE
309
CELLSTYLE_END
300
CELLSTYLE
  1
TABLEFORMAT_BEGIN
 90
        5
170
     1
 91
        0
 92
        0
 62
   257
 93
        1
300
CONTENTFORMAT
  1
CONTENTFORMAT_BEGIN
 90
        0
 91
        0
 92
        4
 93
        0
300

 40
0.0
140
1.0
 94
        5
 62
     0
340
11
144
0.18
309
CONTENTFORMAT_END
171
     1
301
MARGIN
  1
CELLMARGIN_BEGIN
 40
0.06
 40
0.06
 40
0.06
 40
0.06
 40
0.06
 40
0.06
309
CELLMARGIN_END
 94
        6
 95
        1
302
GRIDFORMAT
  1
GRIDFORMAT_BEGIN
 90
        0
 91
        1
 62
     0
 92
       -2
340
14
 93
        0
 40
0.045
309
GRIDFORMAT_END
 95
        2
302
GRIDFORMAT
  1
GRIDFORMAT_BEGIN
 90
        0
 91
        1
 62
     0
 92
       -2
340
14
 93
        0
 40
0.045
309
GRIDFORMAT_END
 95
        4
302
GRIDFORMAT
  1
GRIDFORMAT_BEGIN
 90
        0
 91
        1
 62
     0
 92
       -2
340
14
 93
        0
 40
0.045
309
GRIDFORMAT_END
 95
        8
302
GRIDFORMAT
  1
GRIDFORMAT_BEGIN
 90
        0
 91
        1
 62
     0
 92
       -2
340
14
 93
        0
 40
0.045
309
GRIDFORMAT_END
 95
       16
302
GRIDFORMAT
  1
GRIDFORMAT_BEGIN
 90
        0
 91
        1
 62
     0
 92
       -2
340
14
 93
        0
 40
0.045
309
GRIDFORMAT_END
 95
       32
302
GRIDFORMAT
  1
GRIDFORMAT_BEGIN
 90
        0
 91
        1
 62
     0
 92
       -2
340
14
 93
        0
 40
0.045
309
GRIDFORMAT_END
309
TABLEFORMAT_END
  1
CELLSTYLE_BEGIN
 90
        2
 91
        1
300
_HEADER
309
CELLSTYLE_END
300
CELLSTYLE
  1
TABLEFORMAT_BEGIN
 90
        5
170
     1
 91
        0
 92
        0
 62
   257
 93
        1
300
CONTENTFORMAT
  1
CONTENTFORMAT_BEGIN
 90
        0
 91
        0
 92
        4
 93
        0
300

 40
0.0
140
1.0
 94
        2
 62
     0
340
11
144
0.18
309
CONTENTFORMAT_END
171
     1
301
MARGIN
  1
CELLMARGIN_BEGIN
 40
0.06
 40
0.06
 40
0.06
 40
0.06
 40
0.06
 40
0.06
309
CELLMARGIN_END
 94
        6
 95
        1
302
GRIDFORMAT
  1
GRIDFORMAT_BEGIN
 90
        0
 91
        1
 62
     0
 92
       -2
340
14
 93
        0
 40
0.045
309
GRIDFORMAT_END
 95
        2
302
GRIDFORMAT
  1
GRIDFORMAT_BEGIN
 90
        0
 91
        1
 62
     0
 92
       -2
340
14
 93
        0
 40
0.045
309
GRIDFORMAT_END
 95
        4
302
GRIDFORMAT
  1
GRIDFORMAT_BEGIN
 90
        0
 91
        1
 62
     0
 92
       -2
340
14
 93
        0
 40
0.045
309
GRIDFORMAT_END
 95
        8
302
GRIDFORMAT
  1
GRIDFORMAT_BEGIN
 90
        0
 91
        1
 62
     0
 92
       -2
340
14
 93
        0
 40
0.045
309
GRIDFORMAT_END
 95
       16
302
GRIDFORMAT
  1
GRIDFORMAT_BEGIN
 90
        0
 91
        1
 62
     0
 92
       -2
340
14
 93
        0
 40
0.045
309
GRIDFORMAT_END
 95
       32
302
GRIDFORMAT
  1
GRIDFORMAT_BEGIN
 90
        0
 91
        1
 62
     0
 92
       -2
340
14
 93
        0
 40
0.045
309
GRIDFORMAT_END
309
TABLEFORMAT_END
  1
CELLSTYLE_BEGIN
 90
        3
 91
        2
300
_DATA
309
CELLSTYLE_END
  0
ENDSEC
  0
EOF
