  0
SECTION
  2
HEADER
  9
$ACADVER
  1
AC1032
  9
$ACADMAINTVER
 90
       55
  9
$DWGCODEPAGE
  3
ANSI_1252
  9
$LASTSAVEDBY
  1
desig_0aqrnus
  9
$REQUIREDVERSIONS
160
                 0
  9
$INSBASE
 10
0.0
 20
0.0
 30
0.0
  9
$EXTMIN
 10
1.70694
 20
-6.12647
 30
0.0
  9
$EXTMAX
 10
14.69824
 20
6.12371
 30
0.0
  9
$LIMMIN
 10
0.0
 20
0.0
  9
$LIMMAX
 10
12.0
 20
9.0
  9
$ORTHOMODE
 70
     0
  9
$REGENMODE
 70
     1
  9
$FILLMODE
 70
     1
  9
$QTEXTMODE
 70
     0
  9
$MIRRTEXT
 70
     1
  9
$LTSCALE
 40
1.0
  9
$ATTMODE
 70
     1
  9
$TEXTSIZE
 40
0.2
  9
$TRACEWID
 40
0.05
  9
$TEXTSTYLE
  7
Standard
  9
$CLAYER
  8
0
  9
$CELTYPE
  6
ByLayer
  9
$CECOLOR
 62
   256
  9
$CELTSCALE
 40
1.0
  9
$DISPSILH
 70
     0
  9
$DIMSCALE
 40
1.0
  9
$DIMASZ
 40
0.18
  9
$DIMEXO
 40
0.0625
  9
$DIMDLI
 40
0.38
  9
$DIMRND
 40
0.0
  9
$DIMDLE
 40
0.0
  9
$DIMEXE
 40
0.18
  9
$DIMTP
 40
0.0
  9
$DIMTM
 40
0.0
  9
$DIMTXT
 40
0.18
  9
$DIMCEN
 40
0.09
  9
$DIMTSZ
 40
0.0
  9
$DIMTOL
 70
     0
  9
$DIMLIM
 70
     0
  9
$DIMTIH
 70
     1
  9
$DIMTOH
 70
     1
  9
$DIMSE1
 70
     0
  9
$DIMSE2
 70
     0
  9
$DIMTAD
 70
     0
  9
$DIMZIN
 70
     0
  9
$DIMBLK
  1

  9
$DIMASO
 70
     1
  9
$DIMSHO
 70
     1
  9
$DIMPOST
  1

  9
$DIMAPOST
  1

  9
$DIMALT
 70
     0
  9
$DIMALTD
 70
     2
  9
$DIMALTF
 40
25.4
  9
$DIMLFAC
 40
1.0
  9
$DIMTOFL
 70
     0
  9
$DIMTVP
 40
0.0
  9
$DIMTIX
 70
     0
  9
$DIMSOXD
 70
     0
  9
$DIMSAH
 70
     0
  9
$DIMBLK1
  1

  9
$DIMBLK2
  1

  9
$DIMSTYLE
  2
Standard
  9
$DIMCLRD
 70
     0
  9
$DIMCLRE
 70
     0
  9
$DIMCLRT
 70
     0
  9
$DIMTFAC
 40
1.0
  9
$DIMGAP
 40
0.09
  9
$DIMJUST
 70
     0
  9
$DIMSD1
 70
     0
  9
$DIMSD2
 70
     0
  9
$DIMTOLJ
 70
     1
  9
$DIMTZIN
 70
     0
  9
$DIMALTZ
 70
     0
  9
$DIMALTTZ
 70
     0
  9
$DIMUPT
 70
     0
  9
$DIMDEC
 70
     4
  9
$DIMTDEC
 70
     4
  9
$DIMALTU
 70
     2
  9
$DIMALTTD
 70
     2
  9
$DIMTXSTY
  7
Standard
  9
$DIMAUNIT
 70
     0
  9
$DIMADEC
 70
     0
  9
$DIMALTRND
 40
0.0
  9
$DIMAZIN
 70
     0
  9
$DIMDSEP
 70
    46
  9
$DIMATFIT
 70
     3
  9
$DIMFRAC
 70
     0
  9
$DIMLDRBLK
  1

  9
$DIMLUNIT
 70
     2
  9
$DIMLWD
 70
    -2
  9
$DIMLWE
 70
    -2
  9
$DIMTMOVE
 70
     0
  9
$DIMFXL
 40
1.0
  9
$DIMFXLON
 70
     0
  9
$DIMJOGANG
 40
0.7853981633974483
  9
$DIMTFILL
 70
     0
  9
$DIMTFILLCLR
 70
     0
  9
$DIMARCSYM
 70
     0
  9
$DIMLTYPE
  6

  9
$DIMLTEX1
  6

  9
$DIMLTEX2
  6

  9
$DIMTXTDIRECTION
 70
     0
  9
$LUNITS
 70
     2
  9
$LUPREC
 70
     4
  9
$SKETCHINC
 40
0.1
  9
$FILLETRAD
 40
0.5
  9
$AUNITS
 70
     0
  9
$AUPREC
 70
     0
  9
$MENU
  1
.
  9
$ELEVATION
 40
0.0
  9
$PELEVATION
 40
0.0
  9
$THICKNESS
 40
0.0
  9
$LIMCHECK
 70
     0
  9
$CHAMFERA
 40
0.0
  9
$CHAMFERB
 40
0.0
  9
$CHAMFERC
 40
0.0
  9
$CHAMFERD
 40
0.0
  9
$SKPOLY
 70
     0
  9
$TDCREATE
 40
2460853.420013727
  9
$TDUCREATE
 40
2460853.545013727
  9
$TDUPDATE
 40
2461222.394110579
  9
$TDUUPDATE
 40
2461222.519110579
  9
$TDINDWG
 40
0.0000000116
  9
$TDUSRTIMER
 40
0.0000000116
  9
$USRTIMER
 70
     1
  9
$ANGBASE
 50
0.0
  9
$ANGDIR
 70
     0
  9
$PDMODE
 70
     0
  9
$PDSIZE
 40
0.0
  9
$PLINEWID
 40
0.0
  9
$SPLFRAME
 70
     0
  9
$SPLINETYPE
 70
     6
  9
$SPLINESEGS
 70
     8
  9
$HANDSEED
  5
428
  9
$SURFTAB1
 70
     6
  9
$SURFTAB2
 70
     6
  9
$SURFTYPE
 70
     6
  9
$SURFU
 70
     6
  9
$SURFV
 70
     6
  9
$UCSBASE
  2

  9
$UCSNAME
  2

  9
$UCSORG
 10
0.0
 20
0.0
 30
0.0
  9
$UCSXDIR
 10
1.0
 20
0.0
 30
0.0
  9
$UCSYDIR
 10
0.0
 20
1.0
 30
0.0
  9
$UCSORTHOREF
  2

  9
$UCSORTHOVIEW
 70
     0
  9
$UCSORGTOP
 10
0.0
 20
0.0
 30
0.0
  9
$UCSORGBOTTOM
 10
0.0
 20
0.0
 30
0.0
  9
$UCSORGLEFT
 10
0.0
 20
0.0
 30
0.0
  9
$UCSORGRIGHT
 10
0.0
 20
0.0
 30
0.0
  9
$UCSORGFRONT
 10
0.0
 20
0.0
 30
0.0
  9
$UCSORGBACK
 10
0.0
 20
0.0
 30
0.0
  9
$PUCSBASE
  2

  9
$PUCSNAME
  2

  9
$PUCSORG
 10
0.0
 20
0.0
 30
0.0
  9
$PUCSXDIR
 10
1.0
 20
0.0
 30
0.0
  9
$PUCSYDIR
 10
0.0
 20
1.0
 30
0.0
  9
$PUCSORTHOREF
  2

  9
$PUCSORTHOVIEW
 70
     0
  9
$PUCSORGTOP
 10
0.0
 20
0.0
 30
0.0
  9
$PUCSORGBOTTOM
 10
0.0
 20
0.0
 30
0.0
  9
$PUCSORGLEFT
 10
0.0
 20
0.0
 30
0.0
  9
$PUCSORGRIGHT
 10
0.0
 20
0.0
 30
0.0
  9
$PUCSORGFRONT
 10
0.0
 20
0.0
 30
0.0
  9
$PUCSORGBACK
 10
0.0
 20
0.0
 30
0.0
  9
$USERI1
 70
     0
  9
$USERI2
 70
     0
  9
$USERI3
 70
     0
  9
$USERI4
 70
     0
  9
$USERI5
 70
     0
  9
$USERR1
 40
0.0
  9
$USERR2
 40
0.0
  9
$USERR3
 40
0.0
  9
$USERR4
 40
0.0
  9
$USERR5
 40
0.0
  9
$WORLDVIEW
 70
     1
  9
$SHADEDGE
 70
     3
  9
$SHADEDIF
 70
    70
  9
$TILEMODE
 70
     1
  9
$MAXACTVP
 70
    64
  9
$PINSBASE
 10
0.0
 20
0.0
 30
0.0
  9
$PLIMCHECK
 70
     0
  9
$PEXTMIN
 10
1.000000000000000E+20
 20
1.000000000000000E+20
 30
1.000000000000000E+20
  9
$PEXTMAX
 10
-1.000000000000000E+20
 20
-1.000000000000000E+20
 30
-1.000000000000000E+20
  9
$PLIMMIN
 10
0.0
 20
0.0
  9
$PLIMMAX
 10
12.0
 20
9.0
  9
$UNITMODE
 70
     0
  9
$VISRETAIN
 70
     1
  9
$PLINEGEN
 70
     0
  9
$PSLTSCALE
 70
     1
  9
$TREEDEPTH
 70
  3020
  9
$CMLSTYLE
  2
Standard
  9
$CMLJUST
 70
     0
  9
$CMLSCALE
 40
1.0
  9
$PROXYGRAPHICS
 70
     1
  9
$MEASUREMENT
 70
     0
  9
$CELWEIGHT
370
    -1
  9
$ENDCAPS
280
     0
  9
$JOINSTYLE
280
     0
  9
$LWDISPLAY
290
     0
  9
$INSUNITS
 70
     5
  9
$HYPERLINKBASE
  1

  9
$STYLESHEET
  1

  9
$XEDIT
290
     1
  9
$CEPSNTYPE
380
     0
  9
$PSTYLEMODE
290
     1
  9
$FINGERPRINTGUID
  2
{d65bef29-2fd5-4739-b4cb-af91be248d0f}
  9
$VERSIONGUID
  2
{FAEB1C32-E019-11D5-929B-00C0DF256EC4}
  9
$EXTNAMES
290
     1
  9
$PSVPSCALE
 40
0.0
  9
$OLESTARTUP
290
     0
  9
$SORTENTS
280
   127
  9
$INDEXCTL
280
     0
  9
$HIDETEXT
280
     1
  9
$XCLIPFRAME
280
     2
  9
$HALOGAP
280
     0
  9
$OBSCOLOR
 70
   257
  9
$OBSLTYPE
280
     0
  9
$INTERSECTIONDISPLAY
280
     0
  9
$INTERSECTIONCOLOR
 70
   257
  9
$DIMASSOC
280
     2
  9
$PROJECTNAME
  1

  9
$CAMERADISPLAY
290
     0
  9
$LENSLENGTH
 40
50.0
  9
$CAMERAHEIGHT
 40
0.0
  9
$STEPSPERSEC
 40
2.0
  9
$STEPSIZE
 40
6.0
  9
$3DDWFPREC
 40
2.0
  9
$PSOLWIDTH
 40
0.25
  9
$PSOLHEIGHT
 40
4.0
  9
$LOFTANG1
 40
1.570796326794897
  9
$LOFTANG2
 40
1.570796326794897
  9
$LOFTMAG1
 40
0.0
  9
$LOFTMAG2
 40
0.0
  9
$LOFTPARAM
 70
     7
  9
$LOFTNORMALS
280
     1
  9
$LATITUDE
 40
37.795
  9
$LONGITUDE
 40
-122.394
  9
$NORTHDIRECTION
 40
0.0
  9
$TIMEZONE
 70
 -8000
  9
$LIGHTGLYPHDISPLAY
280
     1
  9
$TILEMODELIGHTSYNCH
280
     1
  9
$CMATERIAL
347
44
  9
$SOLIDHIST
280
     0
  9
$SHOWHIST
280
     1
  9
$DWFFRAME
280
     2
  9
$DGNFRAME
280
     2
  9
$REALWORLDSCALE
290
     1
  9
$INTERFERECOLOR
 62
   256
  9
$CSHADOW
280
     0
  9
$SHADOWPLANELOCATION
 40
0.0
  0
ENDSEC
  0
SECTION
  2
CLASSES
  0
CLASS
  1
ACDBDICTIONARYWDFLT
  2
AcDbDictionaryWithDefault
  3
ObjectDBX Classes
 90
        0
 91
        3
280
     0
281
     0
  0
CLASS
  1
VISUALSTYLE
  2
AcDbVisualStyle
  3
ObjectDBX Classes
 90
     4095
 91
        3
280
     0
281
     0
  0
CLASS
  1
MATERIAL
  2
AcDbMaterial
  3
ObjectDBX Classes
 90
     1153
 91
        3
280
     0
281
     0
  0
CLASS
  1
SCALE
  2
AcDbScale
  3
ObjectDBX Classes
 90
     1153
 91
        3
280
     0
281
     0
  0
CLASS
  1
TABLESTYLE
  2
AcDbTableStyle
  3
ObjectDBX Classes
 90
     4095
 91
        3
280
     0
281
     0
  0
CLASS
  1
MLEADERSTYLE
  2
AcDbMLeaderStyle
  3
ACDB_MLEADERSTYLE_CLASS
 90
     4095
 91
        3
280
     0
281
     0
  0
CLASS
  1
SUN
  2
AcDbSun
  3
SCENEOE
 90
     1153
 91
        3
280
     0
281
     0
  0
CLASS
  1
DICTIONARYVAR
  2
AcDbDictionaryVar
  3
ObjectDBX Classes
 90
        0
 91
        3
280
     0
281
     0
  0
CLASS
  1
CELLSTYLEMAP
  2
AcDbCellStyleMap
  3
ObjectDBX Classes
 90
     1152
 91
        3
280
     0
281
     0
  0
CLASS
  1
ACDBDETAILVIEWSTYLE
  2
AcDbDetailViewStyle
  3
ObjectDBX Classes
 90
     1025
 91
        3
280
     0
281
     0
  0
CLASS
  1
ACDBSECTIONVIEWSTYLE
  2
AcDbSectionViewStyle
  3
ObjectDBX Classes
 90
     1025
 91
        3
280
     0
281
     0
  0
ENDSEC
  0
SECTION
  2
TABLES
  0
TABLE
  2
VPORT
  5
8
330
0
100
AcDbSymbolTable
 70
     1
  0
VPORT
  5
29
330
8
100
AcDbSymbolTableRecord
100
AcDbViewportTableRecord
  2
*Active
 70
     0
 10
0.0
 20
0.0
 11
1.0
 21
1.0
 12
10.42990654205607
 22
4.5
 13
0.0
 23
0.0
 14
0.5
 24
0.5
 15
0.5
 25
0.5
 16
0.0
 26
0.0
 36
1.0
 17
0.0
 27
0.0
 37
0.0
 40
9.0
 41
1.972972972850329
 42
50.0
 43
0.0
 44
0.0
 50
0.0
 51
0.0
 71
     0
 72
   100
 73
     1
 74
     3
 75
     0
 76
     0
 77
     0
 78
     0
281
     0
 65
     1
110
0.0
120
0.0
130
0.0
111
1.0
121
0.0
131
0.0
112
0.0
122
1.0
132
0.0
 79
     0
146
0.0
348
2F
 60
     3
 61
     5
292
     1
282
     1
141
0.0
142
0.0
 63
   250
361
6D
  0
ENDTAB
  0
TABLE
  2
LTYPE
  5
5
330
0
100
AcDbSymbolTable
 70
     1
  0
LTYPE
  5
14
330
5
100
AcDbSymbolTableRecord
100
AcDbLinetypeTableRecord
  2
ByBlock
 70
     0
  3

 72
    65
 73
     0
 40
0.0
  0
LTYPE
  5
15
330
5
100
AcDbSymbolTableRecord
100
AcDbLinetypeTableRecord
  2
ByLayer
 70
     0
  3

 72
    65
 73
     0
 40
0.0
  0
LTYPE
  5
16
330
5
100
AcDbSymbolTableRecord
100
AcDbLinetypeTableRecord
  2
Continuous
 70
     0
  3
Solid line
 72
    65
 73
     0
 40
0.0
  0
ENDTAB
  0
TABLE
  2
LAYER
  5
2
330
0
100
AcDbSymbolTable
 70
     2
  0
LAYER
  5
10
330
2
100
AcDbSymbolTableRecord
100
AcDbLayerTableRecord
  2
0
 70
     0
 62
     7
  6
Continuous
370
    -3
390
F
347
46
348
0
  0
LAYER
  5
6F
330
2
100
AcDbSymbolTableRecord
100
AcDbLayerTableRecord
  2
Camada 1
 70
     0
 62
     7
  6
Continuous
370
    -3
390
F
347
46
348
0
  0
ENDTAB
  0
TABLE
  2
STYLE
  5
3
330
0
100
AcDbSymbolTable
 70
     1
  0
STYLE
  5
11
330
3
100
AcDbSymbolTableRecord
100
AcDbTextStyleTableRecord
  2
Standard
 70
     0
 40
0.0
 41
1.0
 50
0.0
 71
     0
 42
0.2
  3
txt
  4

  0
ENDTAB
  0
TABLE
  2
VIEW
  5
6
330
0
100
AcDbSymbolTable
 70
     0
  0
ENDTAB
  0
TABLE
  2
UCS
  5
7
330
0
100
AcDbSymbolTable
 70
     0
  0
ENDTAB
  0
TABLE
  2
APPID
  5
9
330
0
100
AcDbSymbolTable
 70
     3
  0
APPID
  5
12
330
9
100
AcDbSymbolTableRecord
100
AcDbRegAppTableRecord
  2
ACAD
 70
     0
  0
APPID
  5
6E
330
9
100
AcDbSymbolTableRecord
100
AcDbRegAppTableRecord
  2
ODA
 70
     0
  0
APPID
  5
419
330
9
100
AcDbSymbolTableRecord
100
AcDbRegAppTableRecord
  2
ACAD_MLEADERVER
 70
     0
  0
ENDTAB
  0
TABLE
  2
DIMSTYLE
  5
A
330
0
100
AcDbSymbolTable
 70
     1
100
AcDbDimStyleTable
  0
DIMSTYLE
105
27
330
A
100
AcDbSymbolTableRecord
100
AcDbDimStyleTableRecord
  2
Standard
 70
     0
178
     0
340
11
  0
ENDTAB
  0
TABLE
  2
BLOCK_RECORD
  5
1
330
0
100
AcDbSymbolTable
 70
     1
  0
BLOCK_RECORD
  5
1F
330
1
100
AcDbSymbolTableRecord
100
AcDbBlockTableRecord
  2
*Model_Space
340
22
 70
     0
280
     1
281
     0
  0
BLOCK_RECORD
  5
1B
330
1
100
AcDbSymbolTableRecord
100
AcDbBlockTableRecord
  2
*Paper_Space
340
1E
 70
     0
280
     1
281
     0
  0
BLOCK_RECORD
  5
23
330
1
100
AcDbSymbolTableRecord
100
AcDbBlockTableRecord
  2
*Paper_Space0
340
26
 70
     0
280
     1
281
     0
  0
ENDTAB
  0
ENDSEC
  0
SECTION
  2
BLOCKS
  0
BLOCK
  5
20
330
1F
100
AcDbEntity
  8
0
100
AcDbBlockBegin
  2
*Model_Space
 70
     0
 10
0.0
 20
0.0
 30
0.0
  3
*Model_Space
  1

  0
ENDBLK
  5
21
330
1F
100
AcDbEntity
  8
0
100
AcDbBlockEnd
  0
BLOCK
  5
1C
330
1B
100
AcDbEntity
 67
     1
  8
0
100
AcDbBlockBegin
  2
*Paper_Space
 70
     0
 10
0.0
 20
0.0
 30
0.0
  3
*Paper_Space
  1

  0
ENDBLK
  5
1D
330
1B
100
AcDbEntity
 67
     1
  8
0
100
AcDbBlockEnd
  0
BLOCK
  5
24
330
23
100
AcDbEntity
  8
0
100
AcDbBlockBegin
  2
*Paper_Space0
 70
     0
 10
0.0
 20
0.0
 30
0.0
  3
*Paper_Space0
  1

  0
ENDBLK
  5
25
330
23
100
AcDbEntity
  8
0
100
AcDbBlockEnd
  0
ENDSEC
  0
SECTION
  2
ENTITIES
  0
SPLINE
  5
70
330
1F
100
AcDbEntity
  8
Camada 1
 62
   251
370
     9
100
AcDbSpline
210
0.0
220
0.0
230
1.0
 70
    24
 71
     3
 72
     8
 73
     4
 74
     0
 42
0.0000000001
 43
0.0000000001
 40
0.0
 40
0.0
 40
0.0
 40
0.0
 40
1.0
 40
1.0
 40
1.0
 40
1.0
 10
13.76274
 20
-5.3039
 30
0.0
 10
13.76274
 20
-5.3039
 30
0.0
 10
13.76274
 20
-5.30743
 30
0.0
 10
13.76274
 20
-5.30743
 30
0.0
  0
SPLINE
  5
71
330
1F
100
AcDbEntity
  8
Camada 1
 62
   251
370
     9
100
AcDbSpline
210
0.0
220
0.0
230
1.0
 70
     8
 71
     3
 72
    20
 73
    16
 74
     0
 42
0.0000000001
 43
0.0000000001
 40
0.0
 40
0.0
 40
0.0
 40
0.0
 40
0.2
 40
0.2
 40
0.2
 40
0.4
 40
0.4
 40
0.4
 40
0.6000000000000001
 40
0.6000000000000001
 40
0.6000000000000001
 40
0.8
 40
0.8
 40
0.8
 40
1.0
 40
1.0
 40
1.0
 40
1.0
 10
13.81215
 20
-5.35331
 30
0.0
 10
13.81215
 20
-5.35331
 30
0.0
 10
13.80862
 20
-5.33919
 30
0.0
 10
13.80862
 20
-5.33919
 30
0.0
 10
13.80862
 20
-5.33919
 30
0.0
 10
13.79803
 20
-5.32507
 30
0.0
 10
13.79803
 20
-5.32507
 30
0.0
 10
13.79803
 20
-5.32507
 30
0.0
 10
13.78744
 20
-5.31096
 30
0.0
 10
13.78744
 20
-5.31096
 30
0.0
 10
13.78744
 20
-5.31096
 30
0.0
 10
13.77333
 20
-5.30743
 30
0.0
 10
13.77333
 20
-5.30743
 30
0.0
 10
13.77333
 20
-5.30743
 30
0.0
 10
13.76274
 20
-5.3039
 30
0.0
 10
13.76274
 20
-5.3039
 30
0.0
  0
SPLINE
  5
72
330
1F
100
AcDbEntity
  8
Camada 1
 62
   251
370
     9
100
AcDbSpline
210
0.0
220
0.0
230
1.0
 70
    24
 71
     3
 72
     8
 73
     4
 74
     0
 42
0.0000000001
 43
0.0000000001
 40
0.0
 40
0.0
 40
0.0
 40
0.0
 40
1.0
 40
1.0
 40
1.0
 40
1.0
 10
13.81215
 20
-5.35331
 30
0.0
 10
13.81215
 20
-5.35331
 30
0.0
 10
13.80862
 20
-5.35331
 30
0.0
 10
13.80862
 20
-5.35331
 30
0.0
  0
SPLINE
  5
73
330
1F
100
AcDbEntity
  8
Camada 1
 62
   251
370
     9
100
AcDbSpline
210
0.0
220
0.0
230
1.0
 70
     8
 71
     3
 72
    20
 73
    16
 74
     0
 42
0.0000000001
 43
0.0000000001
 40
0.0
 40
0.0
 40
0.0
 40
0.0
 40
0.2
 40
0.2
 40
0.2
 40
0.4
 40
0.4
 40
0.4
 40
0.6000000000000001
 40
0.6000000000000001
 40
0.6000000000000001
 40
0.8
 40
0.8
 40
0.8
 40
1.0
 40
1.0
 40
1.0
 40
1.0
 10
13.80862
 20
-5.35331
 30
0.0
 10
13.80862
 20
-5.35331
 30
0.0
 10
13.80509
 20
-5.33919
 30
0.0
 10
13.80509
 20
-5.33919
 30
0.0
 10
13.80509
 20
-5.33919
 30
0.0
 10
13.79803
 20
-5.32507
 30
0.0
 10
13.79803
 20
-5.32507
 30
0.0
 10
13.79803
 20
-5.32507
 30
0.0
 10
13.78391
 20
-5.31449
 30
0.0
 10
13.78391
 20
-5.31449
 30
0.0
 10
13.78391
 20
-5.31449
 30
0.0
 10
13.76979
 20
-5.31096
 30
0.0
 10
13.76979
 20
-5.31096
 30
0.0
 10
13.76979
 20
-5.31096
 30
0.0
 10
13.76274
 20
-5.30743
 30
0.0
 10
13.76274
 20
-5.30743
 30
0.0
  0
SPLINE
  5
74
330
1F
100
AcDbEntity
  8
Camada 1
 62
   251
370
     9
100
AcDbSpline
210
0.0
220
0.0
230
1.0
 70
    24
 71
     3
 72
     8
 73
     4
 74
     0
 42
0.0000000001
 43
0.0000000001
 40
0.0
 40
0.0
 40
0.0
 40
0.0
 40
1.0
 40
1.0
 40
1.0
 40
1.0
 10
13.81215
 20
-5.46977
 30
0.0
 10
13.81215
 20
-5.46977
 30
0.0
 10
13.80862
 20
-5.46977
 30
0.0
 10
13.80862
 20
-5.46977
 30
0.0
  0
SPLINE
  5
75
330
1F
100
AcDbEntity
  8
Camada 1
 62
   251
370
     9
100
AcDbSpline
210
0.0
220
0.0
230
1.0
 70
     8
 71
     3
 72
    20
 73
    16
 74
     0
 42
0.0000000001
 43
0.0000000001
 40
0.0
 40
0.0
 40
0.0
 40
0.0
 40
0.2
 40
0.2
 40
0.2
 40
0.4
 40
0.4
 40
0.4
 40
0.6000000000000001
 40
0.6000000000000001
 40
0.6000000000000001
 40
0.8
 40
0.8
 40
0.8
 40
1.0
 40
1.0
 40
1.0
 40
1.0
 10
13.76274
 20
-5.51565
 30
0.0
 10
13.76274
 20
-5.51565
 30
0.0
 10
13.77686
 20
-5.51565
 30
0.0
 10
13.77686
 20
-5.51565
 30
0.0
 10
13.77686
 20
-5.51565
 30
0.0
 10
13.79097
 20
-5.50506
 30
0.0
 10
13.79097
 20
-5.50506
 30
0.0
 10
13.79097
 20
-5.50506
 30
0.0
 10
13.80156
 20
-5.49447
 30
0.0
 10
13.80156
 20
-5.49447
 30
0.0
 10
13.80156
 20
-5.49447
 30
0.0
 10
13.80862
 20
-5.48035
 30
0.0
 10
13.80862
 20
-5.48035
 30
0.0
 10
13.80862
 20
-5.48035
 30
0.0
 10
13.81215
 20
-5.46977
 30
0.0
 10
13.81215
 20
-5.46977
 30
0.0
  0
SPLINE
  5
76
330
1F
100
AcDbEntity
  8
Camada 1
 62
   251
370
     9
100
AcDbSpline
210
0.0
220
0.0
230
1.0
 70
    24
 71
     3
 72
     8
 73
     4
 74
     0
 42
0.0000000001
 43
0.0000000001
 40
0.0
 40
0.0
 40
0.0
 40
0.0
 40
1.0
 40
1.0
 40
1.0
 40
1.0
 10
13.76274
 20
-5.51565
 30
0.0
 10
13.76274
 20
-5.51565
 30
0.0
 10
13.76274
 20
-5.51212
 30
0.0
 10
13.76274
 20
-5.51212
 30
0.0
  0
SPLINE
  5
77
330
1F
100
AcDbEntity
  8
Camada 1
 62
   251
370
     9
100
AcDbSpline
210
0.0
220
0.0
230
1.0
 70
     8
 71
     3
 72
    20
 73
    16
 74
     0
 42
0.0000000001
 43
0.0000000001
 40
0.0
 40
0.0
 40
0.0
 40
0.0
 40
0.2
 40
0.2
 40
0.2
 40
0.4
 40
0.4
 40
0.4
 40
0.6000000000000001
 40
0.6000000000000001
 40
0.6000000000000001
 40
0.8
 40
0.8
 40
0.8
 40
1.0
 40
1.0
 40
1.0
 40
1.0
 10
13.76274
 20
-5.51212
 30
0.0
 10
13.76274
 20
-5.51212
 30
0.0
 10
13.77686
 20
-5.51212
 30
0.0
 10
13.77686
 20
-5.51212
 30
0.0
 10
13.77686
 20
-5.51212
 30
0.0
 10
13.79097
 20
-5.50506
 30
0.0
 10
13.79097
 20
-5.50506
 30
0.0
 10
13.79097
 20
-5.50506
 30
0.0
 10
13.80156
 20
-5.49095
 30
0.0
 10
13.80156
 20
-5.49095
 30
0.0
 10
13.80156
 20
-5.49095
 30
0.0
 10
13.80509
 20
-5.47683
 30
0.0
 10
13.80509
 20
-5.47683
 30
0.0
 10
13.80509
 20
-5.47683
 30
0.0
 10
13.80862
 20
-5.46977
 30
0.0
 10
13.80862
 20
-5.46977
 30
0.0
  0
SPLINE
  5
78
330
1F
100
AcDbEntity
  8
Camada 1
 62
   251
370
     9
100
AcDbSpline
210
0.0
220
0.0
230
1.0
 70
    24
 71
     3
 72
     8
 73
     4
 74
     0
 42
0.0000000001
 43
0.0000000001
 40
0.0
 40
0.0
 40
0.0
 40
0.0
 40
1.0
 40
1.0
 40
1.0
 40
1.0
 10
13.81215
 20
-5.46977
 30
0.0
 10
13.81215
 20
-5.46977
 30
0.0
 10
13.81215
 20
-5.35331
 30
0.0
 10
13.81215
 20
-5.35331
 30
0.0
  0
SPLINE
  5
79
330
1F
100
AcDbEntity
  8
Camada 1
 62
   251
370
     9
100
AcDbSpline
210
0.0
220
0.0
230
1.0
 70
    24
 71
     3
 72
     8
 73
     4
 74
     0
 42
0.0000000001
 43
0.0000000001
 40
0.0
 40
0.0
 40
0.0
 40
0.0
 40
1.0
 40
1.0
 40
1.0
 40
1.0
 10
13.80862
 20
-5.46977
 30
0.0
 10
13.80862
 20
-5.46977
 30
0.0
 10
13.80862
 20
-5.35331
 30
0.0
 10
13.80862
 20
-5.35331
 30
0.0
  0
SPLINE
  5
7A
330
1F
100
AcDbEntity
  8
Camada 1
 62
   251
370
     9
100
AcDbSpline
210
0.0
220
0.0
230
1.0
 70
     8
 71
     3
 72
    20
 73
    16
 74
     0
 42
0.0000000001
 43
0.0000000001
 40
0.0
 40
0.0
 40
0.0
 40
0.0
 40
0.2
 40
0.2
 40
0.2
 40
0.4
 40
0.4
 40
0.4
 40
0.6000000000000001
 40
0.6000000000000001
 40
0.6000000000000001
 40
0.8
 40
0.8
 40
0.8
 40
1.0
 40
1.0
 40
1.0
 40
1.0
 10
13.71333
 20
-5.46624
 30
0.0
 10
13.71333
 20
-5.46624
 30
0.0
 10
13.71333
 20
-5.48389
 30
0.0
 10
13.71333
 20
-5.48389
 30
0.0
 10
13.71333
 20
-5.48389
 30
0.0
 10
13.72392
 20
-5.498
 30
0.0
 10
13.72392
 20
-5.498
 30
0.0
 10
13.72392
 20
-5.498
 30
0.0
 10
13.73451
 20
-5.50859
 30
0.0
 10
13.73451
 20
-5.50859
 30
0.0
 10
13.73451
 20
-5.50859
 30
0.0
 10
13.75215
 20
-5.51565
 30
0.0
 10
13.75215
 20
-5.51565
 30
0.0
 10
13.75215
 20
-5.51565
 30
0.0
 10
13.76274
 20
-5.51565
 30
0.0
 10
13.76274
 20
-5.51565
 30
0.0
  0
SPLINE
  5
7B
330
1F
100
AcDbEntity
  8
Camada 1
 62
   251
370
     9
100
AcDbSpline
210
0.0
220
0.0
230
1.0
 70
     8
 71
     3
 72
    20
 73
    16
 74
     0
 42
0.0000000001
 43
0.0000000001
 40
0.0
 40
0.0
 40
0.0
 40
0.0
 40
0.2
 40
0.2
 40
0.2
 40
0.4
 40
0.4
 40
0.4
 40
0.6000000000000001
 40
0.6000000000000001
 40
0.6000000000000001
 40
0.8
 40
0.8
 40
0.8
 40
1.0
 40
1.0
 40
1.0
 40
1.0
 10
13.76274
 20
-5.3039
 30
0.0
 10
13.76274
 20
-5.3039
 30
0.0
 10
13.74509
 20
-5.30743
 30
0.0
 10
13.74509
 20
-5.30743
 30
0.0
 10
13.74509
 20
-5.30743
 30
0.0
 10
13.73098
 20
-5.31449
 30
0.0
 10
13.73098
 20
-5.31449
 30
0.0
 10
13.73098
 20
-5.31449
 30
0.0
 10
13.72039
 20
-5.32861
 30
0.0
 10
13.72039
 20
-5.32861
 30
0.0
 10
13.72039
 20
-5.32861
 30
0.0
 10
13.71333
 20
-5.34272
 30
0.0
 10
13.71333
 20
-5.34272
 30
0.0
 10
13.71333
 20
-5.34272
 30
0.0
 10
13.71333
 20
-5.35331
 30
0.0
 10
13.71333
 20
-5.35331
 30
0.0
  0
SPLINE
  5
7C
330
1F
100
AcDbEntity
  8
Camada 1
 62
   251
370
     9
100
AcDbSpline
210
0.0
220
0.0
230
1.0
 70
    24
 71
     3
 72
     8
 73
     4
 74
     0
 42
0.0000000001
 43
0.0000000001
 40
0.0
 40
0.0
 40
0.0
 40
0.0
 40
1.0
 40
1.0
 40
1.0
 40
1.0
 10
13.71333
 20
-5.35331
 30
0.0
 10
13.71333
 20
-5.35331
 30
0.0
 10
13.71333
 20
-5.46624
 30
0.0
 10
13.71333
 20
-5.46624
 30
0.0
  0
SPLINE
  5
7D
330
1F
100
AcDbEntity
  8
Camada 1
 62
   251
370
     9
100
AcDbSpline
210
0.0
220
0.0
230
1.0
 70
    24
 71
     3
 72
     8
 73
     4
 74
     0
 42
0.0000000001
 43
0.0000000001
 40
0.0
 40
0.0
 40
0.0
 40
0.0
 40
1.0
 40
1.0
 40
1.0
 40
1.0
 10
13.77333
 20
-5.29331
 30
0.0
 10
13.77333
 20
-5.29331
 30
0.0
 10
13.74863
 20
-5.29331
 30
0.0
 10
13.74863
 20
-5.29331
 30
0.0
  0
SPLINE
  5
7E
330
1F
100
AcDbEntity
  8
Camada 1
 62
   251
370
     9
100
AcDbSpline
210
0.0
220
0.0
230
1.0
 70
     8
 71
     3
 72
    20
 73
    16
 74
     0
 42
0.0000000001
 43
0.0000000001
 40
0.0
 40
0.0
 40
0.0
 40
0.0
 40
0.2
 40
0.2
 40
0.2
 40
0.4
 40
0.4
 40
0.4
 40
0.6000000000000001
 40
0.6000000000000001
 40
0.6000000000000001
 40
0.8
 40
0.8
 40
0.8
 40
1.0
 40
1.0
 40
1.0
 40
1.0
 10
13.84743
 20
-5.36037
 30
0.0
 10
13.84743
 20
-5.36037
 30
0.0
 10
13.84391
 20
-5.33566
 30
0.0
 10
13.84391
 20
-5.33566
 30
0.0
 10
13.84391
 20
-5.33566
 30
0.0
 10
13.83332
 20
-5.31802
 30
0.0
 10
13.83332
 20
-5.31802
 30
0.0
 10
13.83332
 20
-5.31802
 30
0.0
 10
13.8192
 20
-5.3039
 30
0.0
 10
13.8192
 20
-5.3039
 30
0.0
 10
13.8192
 20
-5.3039
 30
0.0
 10
13.79803
 20
-5.29331
 30
0.0
 10
13.79803
 20
-5.29331
 30
0.0
 10
13.79803
 20
-5.29331
 30
0.0
 10
13.77333
 20
-5.29331
 30
0.0
 10
13.77333
 20
-5.29331
 30
0.0
  0
SPLINE
  5
7F
330
1F
100
AcDbEntity
  8
Camada 1
 62
   251
370
     9
100
AcDbSpline
210
0.0
220
0.0
230
1.0
 70
    24
 71
     3
 72
     8
 73
     4
 74
     0
 42
0.0000000001
 43
0.0000000001
 40
0.0
 40
0.0
 40
0.0
 40
0.0
 40
1.0
 40
1.0
 40
1.0
 40
1.0
 10
13.84743
 20
-5.46271
 30
0.0
 10
13.84743
 20
-5.46271
 30
0.0
 10
13.84743
 20
-5.36037
 30
0.0
 10
13.84743
 20
-5.36037
 30
0.0
  0
SPLINE
  5
80
330
1F
100
AcDbEntity
  8
Camada 1
 62
   251
370
     9
100
AcDbSpline
210
0.0
220
0.0
230
1.0
 70
     8
 71
     3
 72
    20
 73
    16
 74
     0
 42
0.0000000001
 43
0.0000000001
 40
0.0
 40
0.0
 40
0.0
 40
0.0
 40
0.2
 40
0.2
 40
0.2
 40
0.4
 40
0.4
 40
0.4
 40
0.6000000000000001
 40
0.6000000000000001
 40
0.6000000000000001
 40
0.8
 40
0.8
 40
0.8
 40
1.0
 40
1.0
 40
1.0
 40
1.0
 10
13.77333
 20
-5.52976
 30
0.0
 10
13.77333
 20
-5.52976
 30
0.0
 10
13.79803
 20
-5.52623
 30
0.0
 10
13.79803
 20
-5.52623
 30
0.0
 10
13.79803
 20
-5.52623
 30
0.0
 10
13.8192
 20
-5.51565
 30
0.0
 10
13.8192
 20
-5.51565
 30
0.0
 10
13.8192
 20
-5.51565
 30
0.0
 10
13.83685
 20
-5.50153
 30
0.0
 10
13.83685
 20
-5.50153
 30
0.0
 10
13.83685
 20
-5.50153
 30
0.0
 10
13.84743
 20
-5.48035
 30
0.0
 10
13.84743
 20
-5.48035
 30
0.0
 10
13.84743
 20
-5.48035
 30
0.0
 10
13.84743
 20
-5.46271
 30
0.0
 10
13.84743
 20
-5.46271
 30
0.0
  0
SPLINE
  5
81
330
1F
100
AcDbEntity
  8
Camada 1
 62
   251
370
     9
100
AcDbSpline
210
0.0
220
0.0
230
1.0
 70
    24
 71
     3
 72
     8
 73
     4
 74
     0
 42
0.0000000001
 43
0.0000000001
 40
0.0
 40
0.0
 40
0.0
 40
0.0
 40
1.0
 40
1.0
 40
1.0
 40
1.0
 10
13.74863
 20
-5.52976
 30
0.0
 10
13.74863
 20
-5.52976
 30
0.0
 10
13.77333
 20
-5.52976
 30
0.0
 10
13.77333
 20
-5.52976
 30
0.0
  0
SPLINE
  5
82
330
1F
100
AcDbEntity
  8
Camada 1
 62
   251
370
     9
100
AcDbSpline
210
0.0
220
0.0
230
1.0
 70
     8
 71
     3
 72
    20
 73
    16
 74
     0
 42
0.0000000001
 43
0.0000000001
 40
0.0
 40
0.0
 40
0.0
 40
0.0
 40
0.2
 40
0.2
 40
0.2
 40
0.4
 40
0.4
 40
0.4
 40
0.6000000000000001
 40
0.6000000000000001
 40
0.6000000000000001
 40
0.8
 40
0.8
 40
0.8
 40
1.0
 40
1.0
 40
1.0
 40
1.0
 10
13.67451
 20
-5.46271
 30
0.0
 10
13.67451
 20
-5.46271
 30
0.0
 10
13.67804
 20
-5.48742
 30
0.0
 10
13.67804
 20
-5.48742
 30
0.0
 10
13.67804
 20
-5.48742
 30
0.0
 10
13.68862
 20
-5.50506
 30
0.0
 10
13.68862
 20
-5.50506
 30
0.0
 10
13.68862
 20
-5.50506
 30
0.0
 10
13.70275
 20
-5.51918
 30
0.0
 10
13.70275
 20
-5.51918
 30
0.0
 10
13.70275
 20
-5.51918
 30
0.0
 10
13.73098
 20
-5.52976
 30
0.0
 10
13.73098
 20
-5.52976
 30
0.0
 10
13.73098
 20
-5.52976
 30
0.0
 10
13.74863
 20
-5.52976
 30
0.0
 10
13.74863
 20
-5.52976
 30
0.0
  0
SPLINE
  5
83
330
1F
100
AcDbEntity
  8
Camada 1
 62
   251
370
     9
100
AcDbSpline
210
0.0
220
0.0
230
1.0
 70
    24
 71
     3
 72
     8
 73
     4
 74
     0
 42
0.0000000001
 43
0.0000000001
 40
0.0
 40
0.0
 40
0.0
 40
0.0
 40
1.0
 40
1.0
 40
1.0
 40
1.0
 10
13.67451
 20
-5.36037
 30
0.0
 10
13.67451
 20
-5.36037
 30
0.0
 10
13.67451
 20
-5.46271
 30
0.0
 10
13.67451
 20
-5.46271
 30
0.0
  0
SPLINE
  5
84
330
1F
100
AcDbEntity
  8
Camada 1
 62
   251
370
     9
100
AcDbSpline
210
0.0
220
0.0
230
1.0
 70
     8
 71
     3
 72
    20
 73
    16
 74
     0
 42
0.0000000001
 43
0.0000000001
 40
0.0
 40
0.0
 40
0.0
 40
0.0
 40
0.2
 40
0.2
 40
0.2
 40
0.4
 40
0.4
 40
0.4
 40
0.6000000000000001
 40
0.6000000000000001
 40
0.6000000000000001
 40
0.8
 40
0.8
 40
0.8
 40
1.0
 40
1.0
 40
1.0
 40
1.0
 10
13.74863
 20
-5.29331
 30
0.0
 10
13.74863
 20
-5.29331
 30
0.0
 10
13.72392
 20
-5.29684
 30
0.0
 10
13.72392
 20
-5.29684
 30
0.0
 10
13.72392
 20
-5.29684
 30
0.0
 10
13.69922
 20
-5.30743
 30
0.0
 10
13.69922
 20
-5.30743
 30
0.0
 10
13.69922
 20
-5.30743
 30
0.0
 10
13.6851
 20
-5.32154
 30
0.0
 10
13.6851
 20
-5.32154
 30
0.0
 10
13.6851
 20
-5.32154
 30
0.0
 10
13.67451
 20
-5.34272
 30
0.0
 10
13.67451
 20
-5.34272
 30
0.0
 10
13.67451
 20
-5.34272
 30
0.0
 10
13.67451
 20
-5.36037
 30
0.0
 10
13.67451
 20
-5.36037
 30
0.0
  0
SPLINE
  5
85
330
1F
100
AcDbEntity
  8
Camada 1
 62
   251
370
     9
100
AcDbSpline
210
0.0
220
0.0
230
1.0
 70
     8
 71
     3
 72
    20
 73
    16
 74
     0
 42
0.0000000001
 43
0.0000000001
 40
0.0
 40
0.0
 40
0.0
 40
0.0
 40
0.2
 40
0.2
 40
0.2
 40
0.4
 40
0.4
 40
0.4
 40
0.6000000000000001
 40
0.6000000000000001
 40
0.6000000000000001
 40
0.8
 40
0.8
 40
0.8
 40
1.0
 40
1.0
 40
1.0
 40
1.0
 10
13.28278
 20
-5.51565
 30
0.0
 10
13.28278
 20
-5.51565
 30
0.0
 10
13.29689
 20
-5.51565
 30
0.0
 10
13.29689
 20
-5.51565
 30
0.0
 10
13.29689
 20
-5.51565
 30
0.0
 10
13.31101
 20
-5.50506
 30
0.0
 10
13.31101
 20
-5.50506
 30
0.0
 10
13.31101
 20
-5.50506
 30
0.0
 10
13.3216
 20
-5.49447
 30
0.0
 10
13.3216
 20
-5.49447
 30
0.0
 10
13.3216
 20
-5.49447
 30
0.0
 10
13.32865
 20
-5.48035
 30
0.0
 10
13.32865
 20
-5.48035
 30
0.0
 10
13.32865
 20
-5.48035
 30
0.0
 10
13.33219
 20
-5.46977
 30
0.0
 10
13.33219
 20
-5.46977
 30
0.0
  0
SPLINE
  5
86
330
1F
100
AcDbEntity
  8
Camada 1
 62
   251
370
     9
100
AcDbSpline
210
0.0
220
0.0
230
1.0
 70
    24
 71
     3
 72
     8
 73
     4
 74
     0
 42
0.0000000001
 43
0.0000000001
 40
0.0
 40
0.0
 40
0.0
 40
0.0
 40
1.0
 40
1.0
 40
1.0
 40
1.0
 10
13.33219
 20
-5.46977
 30
0.0
 10
13.33219
 20
-5.46977
 30
0.0
 10
13.33219
 20
-5.39918
 30
0.0
 10
13.33219
 20
-5.39918
 30
0.0
  0
SPLINE
  5
87
330
1F
100
AcDbEntity
  8
Camada 1
 62
   251
370
     9
100
AcDbSpline
210
0.0
220
0.0
230
1.0
 70
    24
 71
     3
 72
     8
 73
     4
 74
     0
 42
0.0000000001
 43
0.0000000001
 40
0.0
 40
0.0
 40
0.0
 40
0.0
 40
1.0
 40
1.0
 40
1.0
 40
1.0
 10
13.33219
 20
-5.39918
 30
0.0
 10
13.33219
 20
-5.39918
 30
0.0
 10
13.28278
 20
-5.39918
 30
0.0
 10
13.28278
 20
-5.39918
 30
0.0
  0
SPLINE
  5
88
330
1F
100
AcDbEntity
  8
Camada 1
 62
   251
370
     9
100
AcDbSpline
210
0.0
220
0.0
230
1.0
 70
     8
 71
     3
 72
    20
 73
    16
 74
     0
 42
0.0000000001
 43
0.0000000001
 40
0.0
 40
0.0
 40
0.0
 40
0.0
 40
0.2
 40
0.2
 40
0.2
 40
0.4
 40
0.4
 40
0.4
 40
0.6000000000000001
 40
0.6000000000000001
 40
0.6000000000000001
 40
0.8
 40
0.8
 40
0.8
 40
1.0
 40
1.0
 40
1.0
 40
1.0
 10
13.28278
 20
-5.39918
 30
0.0
 10
13.28278
 20
-5.39918
 30
0.0
 10
13.26513
 20
-5.39918
 30
0.0
 10
13.26513
 20
-5.39918
 30
0.0
 10
13.26513
 20
-5.39918
 30
0.0
 10
13.25101
 20
-5.40978
 30
0.0
 10
13.25101
 20
-5.40978
 30
0.0
 10
13.25101
 20
-5.40978
 30
0.0
 10
13.24043
 20
-5.42036
 30
0.0
 10
13.24043
 20
-5.42036
 30
0.0
 10
13.24043
 20
-5.42036
 30
0.0
 10
13.23337
 20
-5.43801
 30
0.0
 10
13.23337
 20
-5.43801
 30
0.0
 10
13.23337
 20
-5.43801
 30
0.0
 10
13.23337
 20
-5.44859
 30
0.0
 10
13.23337
 20
-5.44859
 30
0.0
  0
SPLINE
  5
89
330
1F
100
AcDbEntity
  8
Camada 1
 62
   251
370
     9
100
AcDbSpline
210
0.0
220
0.0
230
1.0
 70
    24
 71
     3
 72
     8
 73
     4
 74
     0
 42
0.0000000001
 43
0.0000000001
 40
0.0
 40
0.0
 40
0.0
 40
0.0
 40
1.0
 40
1.0
 40
1.0
 40
1.0
 10
13.23337
 20
-5.44859
 30
0.0
 10
13.23337
 20
-5.44859
 30
0.0
 10
13.23337
 20
-5.46624
 30
0.0
 10
13.23337
 20
-5.46624
 30
0.0
  0
SPLINE
  5
8A
330
1F
100
AcDbEntity
  8
Camada 1
 62
   251
370
     9
100
AcDbSpline
210
0.0
220
0.0
230
1.0
 70
     8
 71
     3
 72
    20
 73
    16
 74
     0
 42
0.0000000001
 43
0.0000000001
 40
0.0
 40
0.0
 40
0.0
 40
0.0
 40
0.2
 40
0.2
 40
0.2
 40
0.4
 40
0.4
 40
0.4
 40
0.6000000000000001
 40
0.6000000000000001
 40
0.6000000000000001
 40
0.8
 40
0.8
 40
0.8
 40
1.0
 40
1.0
 40
1.0
 40
1.0
 10
13.23337
 20
-5.46624
 30
0.0
 10
13.23337
 20
-5.46624
 30
0.0
 10
13.23337
 20
-5.48389
 30
0.0
 10
13.23337
 20
-5.48389
 30
0.0
 10
13.23337
 20
-5.48389
 30
0.0
 10
13.24395
 20
-5.498
 30
0.0
 10
13.24395
 20
-5.498
 30
0.0
 10
13.24395
 20
-5.498
 30
0.0
 10
13.25455
 20
-5.50859
 30
0.0
 10
13.25455
 20
-5.50859
 30
0.0
 10
13.25455
 20
-5.50859
 30
0.0
 10
13.27219
 20
-5.51565
 30
0.0
 10
13.27219
 20
-5.51565
 30
0.0
 10
13.27219
 20
-5.51565
 30
0.0
 10
13.28278
 20
-5.51565
 30
0.0
 10
13.28278
 20
-5.51565
 30
0.0
  0
SPLINE
  5
8B
330
1F
100
AcDbEntity
  8
Camada 1
 62
   251
370
     9
100
AcDbSpline
210
0.0
220
0.0
230
1.0
 70
     8
 71
     3
 72
    20
 73
    16
 74
     0
 42
0.0000000001
 43
0.0000000001
 40
0.0
 40
0.0
 40
0.0
 40
0.0
 40
0.2
 40
0.2
 40
0.2
 40
0.4
 40
0.4
 40
0.4
 40
0.6000000000000001
 40
0.6000000000000001
 40
0.6000000000000001
 40
0.8
 40
0.8
 40
0.8
 40
1.0
 40
1.0
 40
1.0
 40
1.0
 10
13.28278
 20
-5.3039
 30
0.0
 10
13.28278
 20
-5.3039
 30
0.0
 10
13.29689
 20
-5.30743
 30
0.0
 10
13.29689
 20
-5.30743
 30
0.0
 10
13.29689
 20
-5.30743
 30
0.0
 10
13.31101
 20
-5.31449
 30
0.0
 10
13.31101
 20
-5.31449
 30
0.0
 10
13.31101
 20
-5.31449
 30
0.0
 10
13.3216
 20
-5.32861
 30
0.0
 10
13.3216
 20
-5.32861
 30
0.0
 10
13.3216
 20
-5.32861
 30
0.0
 10
13.32865
 20
-5.34272
 30
0.0
 10
13.32865
 20
-5.34272
 30
0.0
 10
13.32865
 20
-5.34272
 30
0.0
 10
13.33219
 20
-5.34977
 30
0.0
 10
13.33219
 20
-5.34977
 30
0.0
  0
SPLINE
  5
8C
330
1F
100
AcDbEntity
  8
Camada 1
 62
   251
370
     9
100
AcDbSpline
210
0.0
220
0.0
230
1.0
 70
     8
 71
     3
 72
    14
 73
    10
 74
     0
 42
0.0000000001
 43
0.0000000001
 40
0.0
 40
0.0
 40
0.0
 40
0.0
 40
0.3333333333333333
 40
0.3333333333333333
 40
0.3333333333333333
 40
0.6666666666666666
 40
0.6666666666666666
 40
0.6666666666666666
 40
1.0
 40
1.0
 40
1.0
 40
1.0
 10
13.24748
 20
-5.32154
 30
0.0
 10
13.24748
 20
-5.32154
 30
0.0
 10
13.2616
 20
-5.31096
 30
0.0
 10
13.2616
 20
-5.31096
 30
0.0
 10
13.2616
 20
-5.31096
 30
0.0
 10
13.27571
 20
-5.3039
 30
0.0
 10
13.27571
 20
-5.3039
 30
0.0
 10
13.27571
 20
-5.3039
 30
0.0
 10
13.28278
 20
-5.3039
 30
0.0
 10
13.28278
 20
-5.3039
 30
0.0
  0
SPLINE
  5
8D
330
1F
100
AcDbEntity
  8
Camada 1
 62
   251
370
     9
100
AcDbSpline
210
0.0
220
0.0
230
1.0
 70
    24
 71
     3
 72
     8
 73
     4
 74
     0
 42
0.0000000001
 43
0.0000000001
 40
0.0
 40
0.0
 40
0.0
 40
0.0
 40
1.0
 40
1.0
 40
1.0
 40
1.0
 10
13.21572
 20
-5.31449
 30
0.0
 10
13.21572
 20
-5.31449
 30
0.0
 10
13.24748
 20
-5.32154
 30
0.0
 10
13.24748
 20
-5.32154
 30
0.0
  0
SPLINE
  5
8E
330
1F
100
AcDbEntity
  8
Camada 1
 62
   251
370
     9
100
AcDbSpline
210
0.0
220
0.0
230
1.0
 70
     8
 71
     3
 72
    14
 73
    10
 74
     0
 42
0.0000000001
 43
0.0000000001
 40
0.0
 40
0.0
 40
0.0
 40
0.0
 40
0.3333333333333333
 40
0.3333333333333333
 40
0.3333333333333333
 40
0.6666666666666666
 40
0.6666666666666666
 40
0.6666666666666666
 40
1.0
 40
1.0
 40
1.0
 40
1.0
 10
13.26866
 20
-5.29331
 30
0.0
 10
13.26866
 20
-5.29331
 30
0.0
 10
13.24395
 20
-5.29684
 30
0.0
 10
13.24395
 20
-5.29684
 30
0.0
 10
13.24395
 20
-5.29684
 30
0.0
 10
13.21925
 20
-5.30743
 30
0.0
 10
13.21925
 20
-5.30743
 30
0.0
 10
13.21925
 20
-5.30743
 30
0.0
 10
13.21572
 20
-5.31449
 30
0.0
 10
13.21572
 20
-5.31449
 30
0.0
  0
SPLINE
  5
8F
330
1F
100
AcDbEntity
  8
Camada 1
 62
   251
370
     9
100
AcDbSpline
210
0.0
220
0.0
230
1.0
 70
    24
 71
     3
 72
     8
 73
     4
 74
     0
 42
0.0000000001
 43
0.0000000001
 40
0.0
 40
0.0
 40
0.0
 40
0.0
 40
1.0
 40
1.0
 40
1.0
 40
1.0
 10
13.29336
 20
-5.29331
 30
0.0
 10
13.29336
 20
-5.29331
 30
0.0
 10
13.26866
 20
-5.29331
 30
0.0
 10
13.26866
 20
-5.29331
 30
0.0
  0
SPLINE
  5
90
330
1F
100
AcDbEntity
  8
Camada 1
 62
   251
370
     9
100
AcDbSpline
210
0.0
220
0.0
230
1.0
 70
     8
 71
     3
 72
    20
 73
    16
 74
     0
 42
0.0000000001
 43
0.0000000001
 40
0.0
 40
0.0
 40
0.0
 40
0.0
 40
0.2
 40
0.2
 40
0.2
 40
0.4
 40
0.4
 40
0.4
 40
0.6000000000000001
 40
0.6000000000000001
 40
0.6000000000000001
 40
0.8
 40
0.8
 40
0.8
 40
1.0
 40
1.0
 40
1.0
 40
1.0
 10
13.36748
 20
-5.36037
 30
0.0
 10
13.36748
 20
-5.36037
 30
0.0
 10
13.36395
 20
-5.33919
 30
0.0
 10
13.36395
 20
-5.33919
 30
0.0
 10
13.36395
 20
-5.33919
 30
0.0
 10
13.35689
 20
-5.32154
 30
0.0
 10
13.35689
 20
-5.32154
 30
0.0
 10
13.35689
 20
-5.32154
 30
0.0
 10
13.33924
 20
-5.3039
 30
0.0
 10
13.33924
 20
-5.3039
 30
0.0
 10
13.33924
 20
-5.3039
 30
0.0
 10
13.31807
 20
-5.29684
 30
0.0
 10
13.31807
 20
-5.29684
 30
0.0
 10
13.31807
 20
-5.29684
 30
0.0
 10
13.29336
 20
-5.29331
 30
0.0
 10
13.29336
 20
-5.29331
 30
0.0
  0
SPLINE
  5
91
330
1F
100
AcDbEntity
  8
Camada 1
 62
   251
370
     9
100
AcDbSpline
210
0.0
220
0.0
230
1.0
 70
    24
 71
     3
 72
    14
 73
    10
 74
     0
 42
0.0000000001
 43
0.0000000001
 40
0.0
 40
0.0
 40
0.0
 40
0.0
 40
0.3333333333333333
 40
0.3333333333333333
 40
0.3333333333333333
 40
0.6666666666666666
 40
0.6666666666666666
 40
0.6666666666666666
 40
1.0
 40
1.0
 40
1.0
 40
1.0
 10
13.36748
 20
-5.52976
 30
0.0
 10
13.36748
 20
-5.52976
 30
0.0
 10
13.36748
 20
-5.48035
 30
0.0
 10
13.36748
 20
-5.48035
 30
0.0
 10
13.36748
 20
-5.48035
 30
0.0
 10
13.36748
 20
-5.43448
 30
0.0
 10
13.36748
 20
-5.43448
 30
0.0
 10
13.36748
 20
-5.43448
 30
0.0
 10
13.36748
 20
-5.36037
 30
0.0
 10
13.36748
 20
-5.36037
 30
0.0
  0
SPLINE
  5
92
330
1F
100
AcDbEntity
  8
Camada 1
 62
   251
370
     9
100
AcDbSpline
210
0.0
220
0.0
230
1.0
 70
    24
 71
     3
 72
     8
 73
     4
 74
     0
 42
0.0000000001
 43
0.0000000001
 40
0.0
 40
0.0
 40
0.0
 40
0.0
 40
1.0
 40
1.0
 40
1.0
 40
1.0
 10
13.33219
 20
-5.52976
 30
0.0
 10
13.33219
 20
-5.52976
 30
0.0
 10
13.36748
 20
-5.52976
 30
0.0
 10
13.36748
 20
-5.52976
 30
0.0
  0
SPLINE
  5
93
330
1F
100
AcDbEntity
  8
Camada 1
 62
   251
370
     9
100
AcDbSpline
210
0.0
220
0.0
230
1.0
 70
    24
 71
     3
 72
     8
 73
     4
 74
     0
 42
0.0000000001
 43
0.0000000001
 40
0.0
 40
0.0
 40
0.0
 40
0.0
 40
1.0
 40
1.0
 40
1.0
 40
1.0
 10
13.33219
 20
-5.52271
 30
0.0
 10
13.33219
 20
-5.52271
 30
0.0
 10
13.33219
 20
-5.52976
 30
0.0
 10
13.33219
 20
-5.52976
 30
0.0
  0
SPLINE
  5
94
330
1F
100
AcDbEntity
  8
Camada 1
 62
   251
370
     9
100
AcDbSpline
210
0.0
220
0.0
230
1.0
 70
     8
 71
     3
 72
    14
 73
    10
 74
     0
 42
0.0000000001
 43
0.0000000001
 40
0.0
 40
0.0
 40
0.0
 40
0.0
 40
0.3333333333333333
 40
0.3333333333333333
 40
0.3333333333333333
 40
0.6666666666666666
 40
0.6666666666666666
 40
0.6666666666666666
 40
1.0
 40
1.0
 40
1.0
 40
1.0
 10
13.29336
 20
-5.52976
 30
0.0
 10
13.29336
 20
-5.52976
 30
0.0
 10
13.30748
 20
-5.52976
 30
0.0
 10
13.30748
 20
-5.52976
 30
0.0
 10
13.30748
 20
-5.52976
 30
0.0
 10
13.31807
 20
-5.52623
 30
0.0
 10
13.31807
 20
-5.52623
 30
0.0
 10
13.31807
 20
-5.52623
 30
0.0
 10
13.33219
 20
-5.52271
 30
0.0
 10
13.33219
 20
-5.52271
 30
0.0
  0
SPLINE
  5
95
330
1F
100
AcDbEntity
  8
Camada 1
 62
   251
370
     9
100
AcDbSpline
210
0.0
220
0.0
230
1.0
 70
    24
 71
     3
 72
     8
 73
     4
 74
     0
 42
0.0000000001
 43
0.0000000001
 40
0.0
 40
0.0
 40
0.0
 40
0.0
 40
1.0
 40
1.0
 40
1.0
 40
1.0
 10
13.26866
 20
-5.52976
 30
0.0
 10
13.26866
 20
-5.52976
 30
0.0
 10
13.29336
 20
-5.52976
 30
0.0
 10
13.29336
 20
-5.52976
 30
0.0
  0
SPLINE
  5
96
330
1F
100
AcDbEntity
  8
Camada 1
 62
   251
370
     9
100
AcDbSpline
210
0.0
220
0.0
230
1.0
 70
     8
 71
     3
 72
    20
 73
    16
 74
     0
 42
0.0000000001
 43
0.0000000001
 40
0.0
 40
0.0
 40
0.0
 40
0.0
 40
0.2
 40
0.2
 40
0.2
 40
0.4
 40
0.4
 40
0.4
 40
0.6000000000000001
 40
0.6000000000000001
 40
0.6000000000000001
 40
0.8
 40
0.8
 40
0.8
 40
1.0
 40
1.0
 40
1.0
 40
1.0
 10
13.19455
 20
-5.46271
 30
0.0
 10
13.19455
 20
-5.46271
 30
0.0
 10
13.19807
 20
-5.48389
 30
0.0
 10
13.19807
 20
-5.48389
 30
0.0
 10
13.19807
 20
-5.48389
 30
0.0
 10
13.20867
 20
-5.50153
 30
0.0
 10
13.20867
 20
-5.50153
 30
0.0
 10
13.20867
 20
-5.50153
 30
0.0
 10
13.22278
 20
-5.51565
 30
0.0
 10
13.22278
 20
-5.51565
 30
0.0
 10
13.22278
 20
-5.51565
 30
0.0
 10
13.24395
 20
-5.52623
 30
0.0
 10
13.24395
 20
-5.52623
 30
0.0
 10
13.24395
 20
-5.52623
 30
0.0
 10
13.26866
 20
-5.52976
 30
0.0
 10
13.26866
 20
-5.52976
 30
0.0
  0
SPLINE
  5
97
330
1F
100
AcDbEntity
  8
Camada 1
 62
   251
370
     9
100
AcDbSpline
210
0.0
220
0.0
230
1.0
 70
    24
 71
     3
 72
     8
 73
     4
 74
     0
 42
0.0000000001
 43
0.0000000001
 40
0.0
 40
0.0
 40
0.0
 40
0.0
 40
1.0
 40
1.0
 40
1.0
 40
1.0
 10
13.19455
 20
-5.44859
 30
0.0
 10
13.19455
 20
-5.44859
 30
0.0
 10
13.19455
 20
-5.46271
 30
0.0
 10
13.19455
 20
-5.46271
 30
0.0
  0
SPLINE
  5
98
330
1F
100
AcDbEntity
  8
Camada 1
 62
   251
370
     9
100
AcDbSpline
210
0.0
220
0.0
230
1.0
 70
     8
 71
     3
 72
    20
 73
    16
 74
     0
 42
0.0000000001
 43
0.0000000001
 40
0.0
 40
0.0
 40
0.0
 40
0.0
 40
0.2
 40
0.2
 40
0.2
 40
0.4
 40
0.4
 40
0.4
 40
0.6000000000000001
 40
0.6000000000000001
 40
0.6000000000000001
 40
0.8
 40
0.8
 40
0.8
 40
1.0
 40
1.0
 40
1.0
 40
1.0
 10
13.26866
 20
-5.38507
 30
0.0
 10
13.26866
 20
-5.38507
 30
0.0
 10
13.24395
 20
-5.3886
 30
0.0
 10
13.24395
 20
-5.3886
 30
0.0
 10
13.24395
 20
-5.3886
 30
0.0
 10
13.21925
 20
-5.39918
 30
0.0
 10
13.21925
 20
-5.39918
 30
0.0
 10
13.21925
 20
-5.39918
 30
0.0
 10
13.20514
 20
-5.41683
 30
0.0
 10
13.20514
 20
-5.41683
 30
0.0
 10
13.20514
 20
-5.41683
 30
0.0
 10
13.19455
 20
-5.43448
 30
0.0
 10
13.19455
 20
-5.43448
 30
0.0
 10
13.19455
 20
-5.43448
 30
0.0
 10
13.19455
 20
-5.44859
 30
0.0
 10
13.19455
 20
-5.44859
 30
0.0
  0
SPLINE
  5
99
330
1F
100
AcDbEntity
  8
Camada 1
 62
   251
370
     9
100
AcDbSpline
210
0.0
220
0.0
230
1.0
 70
    24
 71
     3
 72
     8
 73
     4
 74
     0
 42
0.0000000001
 43
0.0000000001
 40
0.0
 40
0.0
 40
0.0
 40
0.0
 40
1.0
 40
1.0
 40
1.0
 40
1.0
 10
13.33219
 20
-5.38507
 30
0.0
 10
13.33219
 20
-5.38507
 30
0.0
 10
13.26866
 20
-5.38507
 30
0.0
 10
13.26866
 20
-5.38507
 30
0.0
  0
SPLINE
  5
9A
330
1F
100
AcDbEntity
  8
Camada 1
 62
   251
370
     9
100
AcDbSpline
210
0.0
220
0.0
230
1.0
 70
    24
 71
     3
 72
     8
 73
     4
 74
     0
 42
0.0000000001
 43
0.0000000001
 40
0.0
 40
0.0
 40
0.0
 40
0.0
 40
1.0
 40
1.0
 40
1.0
 40
1.0
 10
13.33219
 20
-5.34977
 30
0.0
 10
13.33219
 20
-5.34977
 30
0.0
 10
13.33219
 20
-5.38507
 30
0.0
 10
13.33219
 20
-5.38507
 30
0.0
  0
SPLINE
  5
9B
330
1F
100
AcDbEntity
  8
Camada 1
 62
   251
370
     9
100
AcDbSpline
210
0.0
220
0.0
230
1.0
 70
    24
 71
     3
 72
    11
 73
     7
 74
     0
 42
0.0000000001
 43
0.0000000001
 40
0.0
 40
0.0
 40
0.0
 40
0.0
 40
0.5
 40
0.5
 40
0.5
 40
1.0
 40
1.0
 40
1.0
 40
1.0
 10
13.24748
 20
-5.32154
 30
0.0
 10
13.24748
 20
-5.32154
 30
0.0
 10
13.24748
 20
-5.32154
 30
0.0
 10
13.24748
 20
-5.32154
 30
0.0
 10
13.24748
 20
-5.32154
 30
0.0
 10
13.24748
 20
-5.32507
 30
0.0
 10
13.24748
 20
-5.32507
 30
0.0
  0
SPLINE
  5
9C
330
1F
100
AcDbEntity
  8
Camada 1
 62
   251
370
     9
100
AcDbSpline
210
0.0
220
0.0
230
1.0
 70
    24
 71
     3
 72
     8
 73
     4
 74
     0
 42
0.0000000001
 43
0.0000000001
 40
0.0
 40
0.0
 40
0.0
 40
0.0
 40
1.0
 40
1.0
 40
1.0
 40
1.0
 10
13.28278
 20
-5.3039
 30
0.0
 10
13.28278
 20
-5.3039
 30
0.0
 10
13.28278
 20
-5.30743
 30
0.0
 10
13.28278
 20
-5.30743
 30
0.0
  0
SPLINE
  5
9D
330
1F
100
AcDbEntity
  8
Camada 1
 62
   251
370
     9
100
AcDbSpline
210
0.0
220
0.0
230
1.0
 70
     8
 71
     3
 72
    14
 73
    10
 74
     0
 42
0.0000000001
 43
0.0000000001
 40
0.0
 40
0.0
 40
0.0
 40
0.0
 40
0.3333333333333333
 40
0.3333333333333333
 40
0.3333333333333333
 40
0.6666666666666666
 40
0.6666666666666666
 40
0.6666666666666666
 40
1.0
 40
1.0
 40
1.0
 40
1.0
 10
13.24748
 20
-5.32507
 30
0.0
 10
13.24748
 20
-5.32507
 30
0.0
 10
13.25808
 20
-5.31449
 30
0.0
 10
13.25808
 20
-5.31449
 30
0.0
 10
13.25808
 20
-5.31449
 30
0.0
 10
13.27571
 20
-5.31096
 30
0.0
 10
13.27571
 20
-5.31096
 30
0.0
 10
13.27571
 20
-5.31096
 30
0.0
 10
13.28278
 20
-5.30743
 30
0.0
 10
13.28278
 20
-5.30743
 30
0.0
  0
SPLINE
  5
9E
330
1F
100
AcDbEntity
  8
Camada 1
 62
   251
370
     9
100
AcDbSpline
210
0.0
220
0.0
230
1.0
 70
    24
 71
     3
 72
    11
 73
     7
 74
     0
 42
0.0000000001
 43
0.0000000001
 40
0.0
 40
0.0
 40
0.0
 40
0.0
 40
0.5
 40
0.5
 40
0.5
 40
1.0
 40
1.0
 40
1.0
 40
1.0
 10
13.21572
 20
-5.31449
 30
0.0
 10
13.21572
 20
-5.31449
 30
0.0
 10
13.21219
 20
-5.31449
 30
0.0
 10
13.21219
 20
-5.31449
 30
0.0
 10
13.21219
 20
-5.31449
 30
0.0
 10
13.20867
 20
-5.31449
 30
0.0
 10
13.20867
 20
-5.31449
 30
0.0
  0
SPLINE
  5
9F
330
1F
100
AcDbEntity
  8
Camada 1
 62
   251
370
     9
100
AcDbSpline
210
0.0
220
0.0
230
1.0
 70
    24
 71
     3
 72
     8
 73
     4
 74
     0
 42
0.0000000001
 43
0.0000000001
 40
0.0
 40
0.0
 40
0.0
 40
0.0
 40
1.0
 40
1.0
 40
1.0
 40
1.0
 10
13.20867
 20
-5.31449
 30
0.0
 10
13.20867
 20
-5.31449
 30
0.0
 10
13.24748
 20
-5.32507
 30
0.0
 10
13.24748
 20
-5.32507
 30
0.0
  0
SPLINE
  5
A0
330
1F
100
AcDbEntity
  8
Camada 1
 62
   251
370
     9
100
AcDbSpline
210
0.0
220
0.0
230
1.0
 70
    24
 71
     3
 72
     8
 73
     4
 74
     0
 42
0.0000000001
 43
0.0000000001
 40
0.0
 40
0.0
 40
0.0
 40
0.0
 40
1.0
 40
1.0
 40
1.0
 40
1.0
 10
13.36748
 20
-5.52976
 30
0.0
 10
13.36748
 20
-5.52976
 30
0.0
 10
13.371
 20
-5.53329
 30
0.0
 10
13.371
 20
-5.53329
 30
0.0
  0
SPLINE
  5
A1
330
1F
100
AcDbEntity
  8
Camada 1
 62
   251
370
     9
100
AcDbSpline
210
0.0
220
0.0
230
1.0
 70
    24
 71
     3
 72
     8
 73
     4
 74
     0
 42
0.0000000001
 43
0.0000000001
 40
0.0
 40
0.0
 40
0.0
 40
0.0
 40
1.0
 40
1.0
 40
1.0
 40
1.0
 10
13.36748
 20
-5.36037
 30
0.0
 10
13.36748
 20
-5.36037
 30
0.0
 10
13.371
 20
-5.36037
 30
0.0
 10
13.371
 20
-5.36037
 30
0.0
  0
SPLINE
  5
A2
330
1F
100
AcDbEntity
  8
Camada 1
 62
   251
370
     9
100
AcDbSpline
210
0.0
220
0.0
230
1.0
 70
    24
 71
     3
 72
    14
 73
    10
 74
     0
 42
0.0000000001
 43
0.0000000001
 40
0.0
 40
0.0
 40
0.0
 40
0.0
 40
0.3333333333333333
 40
0.3333333333333333
 40
0.3333333333333333
 40
0.6666666666666666
 40
0.6666666666666666
 40
0.6666666666666666
 40
1.0
 40
1.0
 40
1.0
 40
1.0
 10
13.371
 20
-5.53329
 30
0.0
 10
13.371
 20
-5.53329
 30
0.0
 10
13.371
 20
-5.48389
 30
0.0
 10
13.371
 20
-5.48389
 30
0.0
 10
13.371
 20
-5.48389
 30
0.0
 10
13.371
 20
-5.43801
 30
0.0
 10
13.371
 20
-5.43801
 30
0.0
 10
13.371
 20
-5.43801
 30
0.0
 10
13.371
 20
-5.36037
 30
0.0
 10
13.371
 20
-5.36037
 30
0.0
  0
SPLINE
  5
A3
330
1F
100
AcDbEntity
  8
Camada 1
 62
   251
370
     9
100
AcDbSpline
210
0.0
220
0.0
230
1.0
 70
    24
 71
     3
 72
     8
 73
     4
 74
     0
 42
0.0000000001
 43
0.0000000001
 40
0.0
 40
0.0
 40
0.0
 40
0.0
 40
1.0
 40
1.0
 40
1.0
 40
1.0
 10
13.33219
 20
-5.52976
 30
0.0
 10
13.33219
 20
-5.52976
 30
0.0
 10
13.32865
 20
-5.53329
 30
0.0
 10
13.32865
 20
-5.53329
 30
0.0
  0
SPLINE
  5
A4
330
1F
100
AcDbEntity
  8
Camada 1
 62
   251
370
     9
100
AcDbSpline
210
0.0
220
0.0
230
1.0
 70
    24
 71
     3
 72
     8
 73
     4
 74
     0
 42
0.0000000001
 43
0.0000000001
 40
0.0
 40
0.0
 40
0.0
 40
0.0
 40
1.0
 40
1.0
 40
1.0
 40
1.0
 10
13.32865
 20
-5.53329
 30
0.0
 10
13.32865
 20
-5.53329
 30
0.0
 10
13.371
 20
-5.53329
 30
0.0
 10
13.371
 20
-5.53329
 30
0.0
  0
SPLINE
  5
A5
330
1F
100
AcDbEntity
  8
Camada 1
 62
   251
370
     9
100
AcDbSpline
210
0.0
220
0.0
230
1.0
 70
    24
 71
     3
 72
     8
 73
     4
 74
     0
 42
0.0000000001
 43
0.0000000001
 40
0.0
 40
0.0
 40
0.0
 40
0.0
 40
1.0
 40
1.0
 40
1.0
 40
1.0
 10
13.12043
 20
-5.52976
 30
0.0
 10
13.12043
 20
-5.52976
 30
0.0
 10
13.1169
 20
-5.53329
 30
0.0
 10
13.1169
 20
-5.53329
 30
0.0
  0
SPLINE
  5
A6
330
1F
100
AcDbEntity
  8
Camada 1
 62
   251
370
     9
100
AcDbSpline
210
0.0
220
0.0
230
1.0
 70
    24
 71
     3
 72
     8
 73
     4
 74
     0
 42
0.0000000001
 43
0.0000000001
 40
0.0
 40
0.0
 40
0.0
 40
0.0
 40
1.0
 40
1.0
 40
1.0
 40
1.0
 10
13.12043
 20
-5.52976
 30
0.0
 10
13.12043
 20
-5.52976
 30
0.0
 10
13.15926
 20
-5.52976
 30
0.0
 10
13.15926
 20
-5.52976
 30
0.0
  0
SPLINE
  5
A7
330
1F
100
AcDbEntity
  8
Camada 1
 62
   251
370
     9
100
AcDbSpline
210
0.0
220
0.0
230
1.0
 70
    24
 71
     3
 72
     8
 73
     4
 74
     0
 42
0.0000000001
 43
0.0000000001
 40
0.0
 40
0.0
 40
0.0
 40
0.0
 40
1.0
 40
1.0
 40
1.0
 40
1.0
 10
13.15926
 20
-5.52976
 30
0.0
 10
13.15926
 20
-5.52976
 30
0.0
 10
13.16279
 20
-5.53329
 30
0.0
 10
13.16279
 20
-5.53329
 30
0.0
  0
SPLINE
  5
A8
330
1F
100
AcDbEntity
  8
Camada 1
 62
   251
370
     9
100
AcDbSpline
210
0.0
220
0.0
230
1.0
 70
    24
 71
     3
 72
     8
 73
     4
 74
     0
 42
0.0000000001
 43
0.0000000001
 40
0.0
 40
0.0
 40
0.0
 40
0.0
 40
1.0
 40
1.0
 40
1.0
 40
1.0
 10
13.1169
 20
-5.53329
 30
0.0
 10
13.1169
 20
-5.53329
 30
0.0
 10
13.16279
 20
-5.53329
 30
0.0
 10
13.16279
 20
-5.53329
 30
0.0
  0
SPLINE
  5
A9
330
1F
100
AcDbEntity
  8
Camada 1
 62
   251
370
     9
100
AcDbSpline
210
0.0
220
0.0
230
1.0
 70
    24
 71
     3
 72
     8
 73
     4
 74
     0
 42
0.0000000001
 43
0.0000000001
 40
0.0
 40
0.0
 40
0.0
 40
0.0
 40
1.0
 40
1.0
 40
1.0
 40
1.0
 10
13.02162
 20
-5.29331
 30
0.0
 10
13.02162
 20
-5.29331
 30
0.0
 10
12.9828
 20
-5.29331
 30
0.0
 10
12.9828
 20
-5.29331
 30
0.0
  0
SPLINE
  5
AA
330
1F
100
AcDbEntity
  8
Camada 1
 62
   251
370
     9
100
AcDbSpline
210
0.0
220
0.0
230
1.0
 70
    24
 71
     3
 72
     8
 73
     4
 74
     0
 42
0.0000000001
 43
0.0000000001
 40
0.0
 40
0.0
 40
0.0
 40
0.0
 40
1.0
 40
1.0
 40
1.0
 40
1.0
 10
13.02162
 20
-5.30038
 30
0.0
 10
13.02162
 20
-5.30038
 30
0.0
 10
13.02162
 20
-5.29331
 30
0.0
 10
13.02162
 20
-5.29331
 30
0.0
  0
SPLINE
  5
AB
330
1F
100
AcDbEntity
  8
Camada 1
 62
   251
370
     9
100
AcDbSpline
210
0.0
220
0.0
230
1.0
 70
     8
 71
     3
 72
    14
 73
    10
 74
     0
 42
0.0000000001
 43
0.0000000001
 40
0.0
 40
0.0
 40
0.0
 40
0.0
 40
0.3333333333333333
 40
0.3333333333333333
 40
0.3333333333333333
 40
0.6666666666666666
 40
0.6666666666666666
 40
0.6666666666666666
 40
1.0
 40
1.0
 40
1.0
 40
1.0
 10
13.05691
 20
-5.29331
 30
0.0
 10
13.05691
 20
-5.29331
 30
0.0
 10
13.04633
 20
-5.29331
 30
0.0
 10
13.04633
 20
-5.29331
 30
0.0
 10
13.04633
 20
-5.29331
 30
0.0
 10
13.03574
 20
-5.29684
 30
0.0
 10
13.03574
 20
-5.29684
 30
0.0
 10
13.03574
 20
-5.29684
 30
0.0
 10
13.02162
 20
-5.30038
 30
0.0
 10
13.02162
 20
-5.30038
 30
0.0
  0
SPLINE
  5
AC
330
1F
100
AcDbEntity
  8
Camada 1
 62
   251
370
     9
100
AcDbSpline
210
0.0
220
0.0
230
1.0
 70
    24
 71
     3
 72
     8
 73
     4
 74
     0
 42
0.0000000001
 43
0.0000000001
 40
0.0
 40
0.0
 40
0.0
 40
0.0
 40
1.0
 40
1.0
 40
1.0
 40
1.0
 10
13.08514
 20
-5.29331
 30
0.0
 10
13.08514
 20
-5.29331
 30
0.0
 10
13.05691
 20
-5.29331
 30
0.0
 10
13.05691
 20
-5.29331
 30
0.0
  0
SPLINE
  5
AD
330
1F
100
AcDbEntity
  8
Camada 1
 62
   251
370
     9
100
AcDbSpline
210
0.0
220
0.0
230
1.0
 70
     8
 71
     3
 72
    20
 73
    16
 74
     0
 42
0.0000000001
 43
0.0000000001
 40
0.0
 40
0.0
 40
0.0
 40
0.0
 40
0.2
 40
0.2
 40
0.2
 40
0.4
 40
0.4
 40
0.4
 40
0.6000000000000001
 40
0.6000000000000001
 40
0.6000000000000001
 40
0.8
 40
0.8
 40
0.8
 40
1.0
 40
1.0
 40
1.0
 40
1.0
 10
13.15926
 20
-5.36037
 30
0.0
 10
13.15926
 20
-5.36037
 30
0.0
 10
13.15573
 20
-5.33919
 30
0.0
 10
13.15573
 20
-5.33919
 30
0.0
 10
13.15573
 20
-5.33919
 30
0.0
 10
13.14514
 20
-5.32154
 30
0.0
 10
13.14514
 20
-5.32154
 30
0.0
 10
13.14514
 20
-5.32154
 30
0.0
 10
13.13103
 20
-5.3039
 30
0.0
 10
13.13103
 20
-5.3039
 30
0.0
 10
13.13103
 20
-5.3039
 30
0.0
 10
13.10985
 20
-5.29684
 30
0.0
 10
13.10985
 20
-5.29684
 30
0.0
 10
13.10985
 20
-5.29684
 30
0.0
 10
13.08514
 20
-5.29331
 30
0.0
 10
13.08514
 20
-5.29331
 30
0.0
  0
SPLINE
  5
AE
330
1F
100
AcDbEntity
  8
Camada 1
 62
   251
370
     9
100
AcDbSpline
210
0.0
220
0.0
230
1.0
 70
    24
 71
     3
 72
     8
 73
     4
 74
     0
 42
0.0000000001
 43
0.0000000001
 40
0.0
 40
0.0
 40
0.0
 40
0.0
 40
1.0
 40
1.0
 40
1.0
 40
1.0
 10
13.15926
 20
-5.52976
 30
0.0
 10
13.15926
 20
-5.52976
 30
0.0
 10
13.15926
 20
-5.36037
 30
0.0
 10
13.15926
 20
-5.36037
 30
0.0
  0
SPLINE
  5
AF
330
1F
100
AcDbEntity
  8
Camada 1
 62
   251
370
     9
100
AcDbSpline
210
0.0
220
0.0
230
1.0
 70
    24
 71
     3
 72
     8
 73
     4
 74
     0
 42
0.0000000001
 43
0.0000000001
 40
0.0
 40
0.0
 40
0.0
 40
0.0
 40
1.0
 40
1.0
 40
1.0
 40
1.0
 10
13.12043
 20
-5.35331
 30
0.0
 10
13.12043
 20
-5.35331
 30
0.0
 10
13.12043
 20
-5.52976
 30
0.0
 10
13.12043
 20
-5.52976
 30
0.0
  0
SPLINE
  5
B0
330
1F
100
AcDbEntity
  8
Camada 1
 62
   251
370
     9
100
AcDbSpline
210
0.0
220
0.0
230
1.0
 70
     8
 71
     3
 72
    20
 73
    16
 74
     0
 42
0.0000000001
 43
0.0000000001
 40
0.0
 40
0.0
 40
0.0
 40
0.0
 40
0.2
 40
0.2
 40
0.2
 40
0.4
 40
0.4
 40
0.4
 40
0.6000000000000001
 40
0.6000000000000001
 40
0.6000000000000001
 40
0.8
 40
0.8
 40
0.8
 40
1.0
 40
1.0
 40
1.0
 40
1.0
 10
13.07103
 20
-5.3039
 30
0.0
 10
13.07103
 20
-5.3039
 30
0.0
 10
13.08867
 20
-5.30743
 30
0.0
 10
13.08867
 20
-5.30743
 30
0.0
 10
13.08867
 20
-5.30743
 30
0.0
 10
13.10279
 20
-5.31449
 30
0.0
 10
13.10279
 20
-5.31449
 30
0.0
 10
13.10279
 20
-5.31449
 30
0.0
 10
13.11338
 20
-5.32861
 30
0.0
 10
13.11338
 20
-5.32861
 30
0.0
 10
13.11338
 20
-5.32861
 30
0.0
 10
13.12043
 20
-5.34272
 30
0.0
 10
13.12043
 20
-5.34272
 30
0.0
 10
13.12043
 20
-5.34272
 30
0.0
 10
13.12043
 20
-5.35331
 30
0.0
 10
13.12043
 20
-5.35331
 30
0.0
  0
SPLINE
  5
B1
330
1F
100
AcDbEntity
  8
Camada 1
 62
   251
370
     9
100
AcDbSpline
210
0.0
220
0.0
230
1.0
 70
     8
 71
     3
 72
    20
 73
    16
 74
     0
 42
0.0000000001
 43
0.0000000001
 40
0.0
 40
0.0
 40
0.0
 40
0.0
 40
0.2
 40
0.2
 40
0.2
 40
0.4
 40
0.4
 40
0.4
 40
0.6000000000000001
 40
0.6000000000000001
 40
0.6000000000000001
 40
0.8
 40
0.8
 40
0.8
 40
1.0
 40
1.0
 40
1.0
 40
1.0
 10
13.02162
 20
-5.35331
 30
0.0
 10
13.02162
 20
-5.35331
 30
0.0
 10
13.02515
 20
-5.33919
 30
0.0
 10
13.02515
 20
-5.33919
 30
0.0
 10
13.02515
 20
-5.33919
 30
0.0
 10
13.03221
 20
-5.32507
 30
0.0
 10
13.03221
 20
-5.32507
 30
0.0
 10
13.03221
 20
-5.32507
 30
0.0
 10
13.04633
 20
-5.31449
 30
0.0
 10
13.04633
 20
-5.31449
 30
0.0
 10
13.04633
 20
-5.31449
 30
0.0
 10
13.06044
 20
-5.30743
 30
0.0
 10
13.06044
 20
-5.30743
 30
0.0
 10
13.06044
 20
-5.30743
 30
0.0
 10
13.07103
 20
-5.3039
 30
0.0
 10
13.07103
 20
-5.3039
 30
0.0
  0
SPLINE
  5
B2
330
1F
100
AcDbEntity
  8
Camada 1
 62
   251
370
     9
100
AcDbSpline
210
0.0
220
0.0
230
1.0
 70
    24
 71
     3
 72
     8
 73
     4
 74
     0
 42
0.0000000001
 43
0.0000000001
 40
0.0
 40
0.0
 40
0.0
 40
0.0
 40
1.0
 40
1.0
 40
1.0
 40
1.0
 10
13.02162
 20
-5.52976
 30
0.0
 10
13.02162
 20
-5.52976
 30
0.0
 10
13.02162
 20
-5.35331
 30
0.0
 10
13.02162
 20
-5.35331
 30
0.0
  0
SPLINE
  5
B3
330
1F
100
AcDbEntity
  8
Camada 1
 62
   251
370
     9
100
AcDbSpline
210
0.0
220
0.0
230
1.0
 70
    24
 71
     3
 72
     8
 73
     4
 74
     0
 42
0.0000000001
 43
0.0000000001
 40
0.0
 40
0.0
 40
0.0
 40
0.0
 40
1.0
 40
1.0
 40
1.0
 40
1.0
 10
12.9828
 20
-5.52976
 30
0.0
 10
12.9828
 20
-5.52976
 30
0.0
 10
13.02162
 20
-5.52976
 30
0.0
 10
13.02162
 20
-5.52976
 30
0.0
  0
SPLINE
  5
B4
330
1F
100
AcDbEntity
  8
Camada 1
 62
   251
370
     9
100
AcDbSpline
210
0.0
220
0.0
230
1.0
 70
    24
 71
     3
 72
     8
 73
     4
 74
     0
 42
0.0000000001
 43
0.0000000001
 40
0.0
 40
0.0
 40
0.0
 40
0.0
 40
1.0
 40
1.0
 40
1.0
 40
1.0
 10
12.9828
 20
-5.29331
 30
0.0
 10
12.9828
 20
-5.29331
 30
0.0
 10
12.9828
 20
-5.52976
 30
0.0
 10
12.9828
 20
-5.52976
 30
0.0
  0
SPLINE
  5
B5
330
1F
100
AcDbEntity
  8
Camada 1
 62
   251
370
     9
100
AcDbSpline
210
0.0
220
0.0
230
1.0
 70
    24
 71
     3
 72
     8
 73
     4
 74
     0
 42
0.0000000001
 43
0.0000000001
 40
0.0
 40
0.0
 40
0.0
 40
0.0
 40
1.0
 40
1.0
 40
1.0
 40
1.0
 10
12.70047
 20
-5.34977
 30
0.0
 10
12.70047
 20
-5.34977
 30
0.0
 10
12.73576
 20
-5.33919
 30
0.0
 10
12.73576
 20
-5.33919
 30
0.0
  0
SPLINE
  5
B6
330
1F
100
AcDbEntity
  8
Camada 1
 62
   251
370
     9
100
AcDbSpline
210
0.0
220
0.0
230
1.0
 70
     8
 71
     3
 72
    20
 73
    16
 74
     0
 42
0.0000000001
 43
0.0000000001
 40
0.0
 40
0.0
 40
0.0
 40
0.0
 40
0.2
 40
0.2
 40
0.2
 40
0.4
 40
0.4
 40
0.4
 40
0.6000000000000001
 40
0.6000000000000001
 40
0.6000000000000001
 40
0.8
 40
0.8
 40
0.8
 40
1.0
 40
1.0
 40
1.0
 40
1.0
 10
12.65106
 20
-5.3039
 30
0.0
 10
12.65106
 20
-5.3039
 30
0.0
 10
12.66871
 20
-5.30743
 30
0.0
 10
12.66871
 20
-5.30743
 30
0.0
 10
12.66871
 20
-5.30743
 30
0.0
 10
12.68283
 20
-5.31449
 30
0.0
 10
12.68283
 20
-5.31449
 30
0.0
 10
12.68283
 20
-5.31449
 30
0.0
 10
12.69341
 20
-5.32861
 30
0.0
 10
12.69341
 20
-5.32861
 30
0.0
 10
12.69341
 20
-5.32861
 30
0.0
 10
12.70047
 20
-5.34272
 30
0.0
 10
12.70047
 20
-5.34272
 30
0.0
 10
12.70047
 20
-5.34272
 30
0.0
 10
12.70047
 20
-5.34977
 30
0.0
 10
12.70047
 20
-5.34977
 30
0.0
  0
SPLINE
  5
B7
330
1F
100
AcDbEntity
  8
Camada 1
 62
   251
370
     9
100
AcDbSpline
210
0.0
220
0.0
230
1.0
 70
     8
 71
     3
 72
    20
 73
    16
 74
     0
 42
0.0000000001
 43
0.0000000001
 40
0.0
 40
0.0
 40
0.0
 40
0.0
 40
0.2
 40
0.2
 40
0.2
 40
0.4
 40
0.4
 40
0.4
 40
0.6000000000000001
 40
0.6000000000000001
 40
0.6000000000000001
 40
0.8
 40
0.8
 40
0.8
 40
1.0
 40
1.0
 40
1.0
 40
1.0
 10
12.60166
 20
-5.35331
 30
0.0
 10
12.60166
 20
-5.35331
 30
0.0
 10
12.60519
 20
-5.33919
 30
0.0
 10
12.60519
 20
-5.33919
 30
0.0
 10
12.60519
 20
-5.33919
 30
0.0
 10
12.61224
 20
-5.32507
 30
0.0
 10
12.61224
 20
-5.32507
 30
0.0
 10
12.61224
 20
-5.32507
 30
0.0
 10
12.62635
 20
-5.31449
 30
0.0
 10
12.62635
 20
-5.31449
 30
0.0
 10
12.62635
 20
-5.31449
 30
0.0
 10
12.64047
 20
-5.30743
 30
0.0
 10
12.64047
 20
-5.30743
 30
0.0
 10
12.64047
 20
-5.30743
 30
0.0
 10
12.65106
 20
-5.3039
 30
0.0
 10
12.65106
 20
-5.3039
 30
0.0
  0
SPLINE
  5
B8
330
1F
100
AcDbEntity
  8
Camada 1
 62
   251
370
     9
100
AcDbSpline
210
0.0
220
0.0
230
1.0
 70
    24
 71
     3
 72
     8
 73
     4
 74
     0
 42
0.0000000001
 43
0.0000000001
 40
0.0
 40
0.0
 40
0.0
 40
0.0
 40
1.0
 40
1.0
 40
1.0
 40
1.0
 10
12.60166
 20
-5.46624
 30
0.0
 10
12.60166
 20
-5.46624
 30
0.0
 10
12.60166
 20
-5.35331
 30
0.0
 10
12.60166
 20
-5.35331
 30
0.0
  0
SPLINE
  5
B9
330
1F
100
AcDbEntity
  8
Camada 1
 62
   251
370
     9
100
AcDbSpline
210
0.0
220
0.0
230
1.0
 70
     8
 71
     3
 72
    20
 73
    16
 74
     0
 42
0.0000000001
 43
0.0000000001
 40
0.0
 40
0.0
 40
0.0
 40
0.0
 40
0.2
 40
0.2
 40
0.2
 40
0.4
 40
0.4
 40
0.4
 40
0.6000000000000001
 40
0.6000000000000001
 40
0.6000000000000001
 40
0.8
 40
0.8
 40
0.8
 40
1.0
 40
1.0
 40
1.0
 40
1.0
 10
12.65106
 20
-5.51565
 30
0.0
 10
12.65106
 20
-5.51565
 30
0.0
 10
12.63695
 20
-5.51565
 30
0.0
 10
12.63695
 20
-5.51565
 30
0.0
 10
12.63695
 20
-5.51565
 30
0.0
 10
12.62283
 20
-5.50506
 30
0.0
 10
12.62283
 20
-5.50506
 30
0.0
 10
12.62283
 20
-5.50506
 30
0.0
 10
12.61224
 20
-5.49447
 30
0.0
 10
12.61224
 20
-5.49447
 30
0.0
 10
12.61224
 20
-5.49447
 30
0.0
 10
12.60519
 20
-5.48035
 30
0.0
 10
12.60519
 20
-5.48035
 30
0.0
 10
12.60519
 20
-5.48035
 30
0.0
 10
12.60166
 20
-5.46624
 30
0.0
 10
12.60166
 20
-5.46624
 30
0.0
  0
SPLINE
  5
BA
330
1F
100
AcDbEntity
  8
Camada 1
 62
   251
370
     9
100
AcDbSpline
210
0.0
220
0.0
230
1.0
 70
     8
 71
     3
 72
    20
 73
    16
 74
     0
 42
0.0000000001
 43
0.0000000001
 40
0.0
 40
0.0
 40
0.0
 40
0.0
 40
0.2
 40
0.2
 40
0.2
 40
0.4
 40
0.4
 40
0.4
 40
0.6000000000000001
 40
0.6000000000000001
 40
0.6000000000000001
 40
0.8
 40
0.8
 40
0.8
 40
1.0
 40
1.0
 40
1.0
 40
1.0
 10
12.70047
 20
-5.4733
 30
0.0
 10
12.70047
 20
-5.4733
 30
0.0
 10
12.69694
 20
-5.48742
 30
0.0
 10
12.69694
 20
-5.48742
 30
0.0
 10
12.69694
 20
-5.48742
 30
0.0
 10
12.68636
 20
-5.50153
 30
0.0
 10
12.68636
 20
-5.50153
 30
0.0
 10
12.68636
 20
-5.50153
 30
0.0
 10
12.67223
 20
-5.51212
 30
0.0
 10
12.67223
 20
-5.51212
 30
0.0
 10
12.67223
 20
-5.51212
 30
0.0
 10
12.65812
 20
-5.51565
 30
0.0
 10
12.65812
 20
-5.51565
 30
0.0
 10
12.65812
 20
-5.51565
 30
0.0
 10
12.65106
 20
-5.51565
 30
0.0
 10
12.65106
 20
-5.51565
 30
0.0
  0
SPLINE
  5
BB
330
1F
100
AcDbEntity
  8
Camada 1
 62
   251
370
     9
100
AcDbSpline
210
0.0
220
0.0
230
1.0
 70
    24
 71
     3
 72
     8
 73
     4
 74
     0
 42
0.0000000001
 43
0.0000000001
 40
0.0
 40
0.0
 40
0.0
 40
0.0
 40
1.0
 40
1.0
 40
1.0
 40
1.0
 10
12.73576
 20
-5.48389
 30
0.0
 10
12.73576
 20
-5.48389
 30
0.0
 10
12.70047
 20
-5.4733
 30
0.0
 10
12.70047
 20
-5.4733
 30
0.0
  0
SPLINE
  5
BC
330
1F
100
AcDbEntity
  8
Camada 1
 62
   251
370
     9
100
AcDbSpline
210
0.0
220
0.0
230
1.0
 70
     8
 71
     3
 72
    17
 73
    13
 74
     0
 42
0.0000000001
 43
0.0000000001
 40
0.0
 40
0.0
 40
0.0
 40
0.0
 40
0.25
 40
0.25
 40
0.25
 40
0.5
 40
0.5
 40
0.5
 40
0.75
 40
0.75
 40
0.75
 40
1.0
 40
1.0
 40
1.0
 40
1.0
 10
12.66518
 20
-5.52976
 30
0.0
 10
12.66518
 20
-5.52976
 30
0.0
 10
12.68988
 20
-5.52623
 30
0.0
 10
12.68988
 20
-5.52623
 30
0.0
 10
12.68988
 20
-5.52623
 30
0.0
 10
12.71459
 20
-5.51565
 30
0.0
 10
12.71459
 20
-5.51565
 30
0.0
 10
12.71459
 20
-5.51565
 30
0.0
 10
12.73224
 20
-5.49447
 30
0.0
 10
12.73224
 20
-5.49447
 30
0.0
 10
12.73224
 20
-5.49447
 30
0.0
 10
12.73576
 20
-5.48389
 30
0.0
 10
12.73576
 20
-5.48389
 30
0.0
  0
SPLINE
  5
BD
330
1F
100
AcDbEntity
  8
Camada 1
 62
   251
370
     9
100
AcDbSpline
210
0.0
220
0.0
230
1.0
 70
    24
 71
     3
 72
     8
 73
     4
 74
     0
 42
0.0000000001
 43
0.0000000001
 40
0.0
 40
0.0
 40
0.0
 40
0.0
 40
1.0
 40
1.0
 40
1.0
 40
1.0
 10
12.64047
 20
-5.52976
 30
0.0
 10
12.64047
 20
-5.52976
 30
0.0
 10
12.66518
 20
-5.52976
 30
0.0
 10
12.66518
 20
-5.52976
 30
0.0
  0
SPLINE
  5
BE
330
1F
100
AcDbEntity
  8
Camada 1
 62
   251
370
     9
100
AcDbSpline
210
0.0
220
0.0
230
1.0
 70
     8
 71
     3
 72
    20
 73
    16
 74
     0
 42
0.0000000001
 43
0.0000000001
 40
0.0
 40
0.0
 40
0.0
 40
0.0
 40
0.2
 40
0.2
 40
0.2
 40
0.4
 40
0.4
 40
0.4
 40
0.6000000000000001
 40
0.6000000000000001
 40
0.6000000000000001
 40
0.8
 40
0.8
 40
0.8
 40
1.0
 40
1.0
 40
1.0
 40
1.0
 10
12.56283
 20
-5.46271
 30
0.0
 10
12.56283
 20
-5.46271
 30
0.0
 10
12.56636
 20
-5.48389
 30
0.0
 10
12.56636
 20
-5.48389
 30
0.0
 10
12.56636
 20
-5.48389
 30
0.0
 10
12.57695
 20
-5.50153
 30
0.0
 10
12.57695
 20
-5.50153
 30
0.0
 10
12.57695
 20
-5.50153
 30
0.0
 10
12.59107
 20
-5.51565
 30
0.0
 10
12.59107
 20
-5.51565
 30
0.0
 10
12.59107
 20
-5.51565
 30
0.0
 10
12.61577
 20
-5.52623
 30
0.0
 10
12.61577
 20
-5.52623
 30
0.0
 10
12.61577
 20
-5.52623
 30
0.0
 10
12.64047
 20
-5.52976
 30
0.0
 10
12.64047
 20
-5.52976
 30
0.0
  0
SPLINE
  5
BF
330
1F
100
AcDbEntity
  8
Camada 1
 62
   251
370
     9
100
AcDbSpline
210
0.0
220
0.0
230
1.0
 70
    24
 71
     3
 72
     8
 73
     4
 74
     0
 42
0.0000000001
 43
0.0000000001
 40
0.0
 40
0.0
 40
0.0
 40
0.0
 40
1.0
 40
1.0
 40
1.0
 40
1.0
 10
12.56283
 20
-5.36037
 30
0.0
 10
12.56283
 20
-5.36037
 30
0.0
 10
12.56283
 20
-5.46271
 30
0.0
 10
12.56283
 20
-5.46271
 30
0.0
  0
SPLINE
  5
C0
330
1F
100
AcDbEntity
  8
Camada 1
 62
   251
370
     9
100
AcDbSpline
210
0.0
220
0.0
230
1.0
 70
     8
 71
     3
 72
    20
 73
    16
 74
     0
 42
0.0000000001
 43
0.0000000001
 40
0.0
 40
0.0
 40
0.0
 40
0.0
 40
0.2
 40
0.2
 40
0.2
 40
0.4
 40
0.4
 40
0.4
 40
0.6000000000000001
 40
0.6000000000000001
 40
0.6000000000000001
 40
0.8
 40
0.8
 40
0.8
 40
1.0
 40
1.0
 40
1.0
 40
1.0
 10
12.64047
 20
-5.29331
 30
0.0
 10
12.64047
 20
-5.29331
 30
0.0
 10
12.61577
 20
-5.29684
 30
0.0
 10
12.61577
 20
-5.29684
 30
0.0
 10
12.61577
 20
-5.29684
 30
0.0
 10
12.59107
 20
-5.30743
 30
0.0
 10
12.59107
 20
-5.30743
 30
0.0
 10
12.59107
 20
-5.30743
 30
0.0
 10
12.57342
 20
-5.32507
 30
0.0
 10
12.57342
 20
-5.32507
 30
0.0
 10
12.57342
 20
-5.32507
 30
0.0
 10
12.56636
 20
-5.34625
 30
0.0
 10
12.56636
 20
-5.34625
 30
0.0
 10
12.56636
 20
-5.34625
 30
0.0
 10
12.56283
 20
-5.36037
 30
0.0
 10
12.56283
 20
-5.36037
 30
0.0
  0
SPLINE
  5
C1
330
1F
100
AcDbEntity
  8
Camada 1
 62
   251
370
     9
100
AcDbSpline
210
0.0
220
0.0
230
1.0
 70
    24
 71
     3
 72
     8
 73
     4
 74
     0
 42
0.0000000001
 43
0.0000000001
 40
0.0
 40
0.0
 40
0.0
 40
0.0
 40
1.0
 40
1.0
 40
1.0
 40
1.0
 10
12.66518
 20
-5.29331
 30
0.0
 10
12.66518
 20
-5.29331
 30
0.0
 10
12.64047
 20
-5.29331
 30
0.0
 10
12.64047
 20
-5.29331
 30
0.0
  0
SPLINE
  5
C2
330
1F
100
AcDbEntity
  8
Camada 1
 62
   251
370
     9
100
AcDbSpline
210
0.0
220
0.0
230
1.0
 70
     8
 71
     3
 72
    17
 73
    13
 74
     0
 42
0.0000000001
 43
0.0000000001
 40
0.0
 40
0.0
 40
0.0
 40
0.0
 40
0.25
 40
0.25
 40
0.25
 40
0.5
 40
0.5
 40
0.5
 40
0.75
 40
0.75
 40
0.75
 40
1.0
 40
1.0
 40
1.0
 40
1.0
 10
12.73576
 20
-5.33919
 30
0.0
 10
12.73576
 20
-5.33919
 30
0.0
 10
12.72517
 20
-5.32154
 30
0.0
 10
12.72517
 20
-5.32154
 30
0.0
 10
12.72517
 20
-5.32154
 30
0.0
 10
12.71106
 20
-5.30743
 30
0.0
 10
12.71106
 20
-5.30743
 30
0.0
 10
12.71106
 20
-5.30743
 30
0.0
 10
12.68988
 20
-5.29684
 30
0.0
 10
12.68988
 20
-5.29684
 30
0.0
 10
12.68988
 20
-5.29684
 30
0.0
 10
12.66518
 20
-5.29331
 30
0.0
 10
12.66518
 20
-5.29331
 30
0.0
  0
SPLINE
  5
C3
330
1F
100
AcDbEntity
  8
Camada 1
 62
   251
370
     9
100
AcDbSpline
210
0.0
220
0.0
230
1.0
 70
    24
 71
     3
 72
     8
 73
     4
 74
     0
 42
0.0000000001
 43
0.0000000001
 40
0.0
 40
0.0
 40
0.0
 40
0.0
 40
1.0
 40
1.0
 40
1.0
 40
1.0
 10
12.9828
 20
-5.52976
 30
0.0
 10
12.9828
 20
-5.52976
 30
0.0
 10
12.97927
 20
-5.53329
 30
0.0
 10
12.97927
 20
-5.53329
 30
0.0
  0
SPLINE
  5
C4
330
1F
100
AcDbEntity
  8
Camada 1
 62
   251
370
     9
100
AcDbSpline
210
0.0
220
0.0
230
1.0
 70
    24
 71
     3
 72
     8
 73
     4
 74
     0
 42
0.0000000001
 43
0.0000000001
 40
0.0
 40
0.0
 40
0.0
 40
0.0
 40
1.0
 40
1.0
 40
1.0
 40
1.0
 10
13.02162
 20
-5.52976
 30
0.0
 10
13.02162
 20
-5.52976
 30
0.0
 10
13.02515
 20
-5.53329
 30
0.0
 10
13.02515
 20
-5.53329
 30
0.0
  0
SPLINE
  5
C5
330
1F
100
AcDbEntity
  8
Camada 1
 62
   251
370
     9
100
AcDbSpline
210
0.0
220
0.0
230
1.0
 70
    24
 71
     3
 72
     8
 73
     4
 74
     0
 42
0.0000000001
 43
0.0000000001
 40
0.0
 40
0.0
 40
0.0
 40
0.0
 40
1.0
 40
1.0
 40
1.0
 40
1.0
 10
12.97927
 20
-5.53329
 30
0.0
 10
12.97927
 20
-5.53329
 30
0.0
 10
13.02515
 20
-5.53329
 30
0.0
 10
13.02515
 20
-5.53329
 30
0.0
  0
SPLINE
  5
C6
330
1F
100
AcDbEntity
  8
Camada 1
 62
   251
370
     9
100
AcDbSpline
210
0.0
220
0.0
230
1.0
 70
    24
 71
     3
 72
     8
 73
     4
 74
     0
 42
0.0000000001
 43
0.0000000001
 40
0.0
 40
0.0
 40
0.0
 40
0.0
 40
1.0
 40
1.0
 40
1.0
 40
1.0
 10
13.15926
 20
-5.36037
 30
0.0
 10
13.15926
 20
-5.36037
 30
0.0
 10
13.16279
 20
-5.36037
 30
0.0
 10
13.16279
 20
-5.36037
 30
0.0
  0
SPLINE
  5
C7
330
1F
100
AcDbEntity
  8
Camada 1
 62
   251
370
     9
100
AcDbSpline
210
0.0
220
0.0
230
1.0
 70
    24
 71
     3
 72
     8
 73
     4
 74
     0
 42
0.0000000001
 43
0.0000000001
 40
0.0
 40
0.0
 40
0.0
 40
0.0
 40
1.0
 40
1.0
 40
1.0
 40
1.0
 10
13.08514
 20
-5.29331
 30
0.0
 10
13.08514
 20
-5.29331
 30
0.0
 10
13.08514
 20
-5.28978
 30
0.0
 10
13.08514
 20
-5.28978
 30
0.0
  0
SPLINE
  5
C8
330
1F
100
AcDbEntity
  8
Camada 1
 62
   251
370
     9
100
AcDbSpline
210
0.0
220
0.0
230
1.0
 70
     8
 71
     3
 72
    20
 73
    16
 74
     0
 42
0.0000000001
 43
0.0000000001
 40
0.0
 40
0.0
 40
0.0
 40
0.0
 40
0.2
 40
0.2
 40
0.2
 40
0.4
 40
0.4
 40
0.4
 40
0.6000000000000001
 40
0.6000000000000001
 40
0.6000000000000001
 40
0.8
 40
0.8
 40
0.8
 40
1.0
 40
1.0
 40
1.0
 40
1.0
 10
13.16279
 20
-5.36037
 30
0.0
 10
13.16279
 20
-5.36037
 30
0.0
 10
13.15926
 20
-5.33566
 30
0.0
 10
13.15926
 20
-5.33566
 30
0.0
 10
13.15926
 20
-5.33566
 30
0.0
 10
13.14867
 20
-5.31802
 30
0.0
 10
13.14867
 20
-5.31802
 30
0.0
 10
13.14867
 20
-5.31802
 30
0.0
 10
13.13103
 20
-5.3039
 30
0.0
 10
13.13103
 20
-5.3039
 30
0.0
 10
13.13103
 20
-5.3039
 30
0.0
 10
13.10985
 20
-5.29331
 30
0.0
 10
13.10985
 20
-5.29331
 30
0.0
 10
13.10985
 20
-5.29331
 30
0.0
 10
13.08514
 20
-5.28978
 30
0.0
 10
13.08514
 20
-5.28978
 30
0.0
  0
SPLINE
  5
C9
330
1F
100
AcDbEntity
  8
Camada 1
 62
   251
370
     9
100
AcDbSpline
210
0.0
220
0.0
230
1.0
 70
    24
 71
     3
 72
     8
 73
     4
 74
     0
 42
0.0000000001
 43
0.0000000001
 40
0.0
 40
0.0
 40
0.0
 40
0.0
 40
1.0
 40
1.0
 40
1.0
 40
1.0
 10
13.12043
 20
-5.35331
 30
0.0
 10
13.12043
 20
-5.35331
 30
0.0
 10
13.1169
 20
-5.35331
 30
0.0
 10
13.1169
 20
-5.35331
 30
0.0
  0
SPLINE
  5
CA
330
1F
100
AcDbEntity
  8
Camada 1
 62
   251
370
     9
100
AcDbSpline
210
0.0
220
0.0
230
1.0
 70
    24
 71
     3
 72
     8
 73
     4
 74
     0
 42
0.0000000001
 43
0.0000000001
 40
0.0
 40
0.0
 40
0.0
 40
0.0
 40
1.0
 40
1.0
 40
1.0
 40
1.0
 10
13.1169
 20
-5.35331
 30
0.0
 10
13.1169
 20
-5.35331
 30
0.0
 10
13.1169
 20
-5.53329
 30
0.0
 10
13.1169
 20
-5.53329
 30
0.0
  0
SPLINE
  5
CB
330
1F
100
AcDbEntity
  8
Camada 1
 62
   251
370
     9
100
AcDbSpline
210
0.0
220
0.0
230
1.0
 70
    24
 71
     3
 72
     8
 73
     4
 74
     0
 42
0.0000000001
 43
0.0000000001
 40
0.0
 40
0.0
 40
0.0
 40
0.0
 40
1.0
 40
1.0
 40
1.0
 40
1.0
 10
13.02162
 20
-5.29331
 30
0.0
 10
13.02162
 20
-5.29331
 30
0.0
 10
13.02515
 20
-5.28978
 30
0.0
 10
13.02515
 20
-5.28978
 30
0.0
  0
SPLINE
  5
CC
330
1F
100
AcDbEntity
  8
Camada 1
 62
   251
370
     9
100
AcDbSpline
210
0.0
220
0.0
230
1.0
 70
    24
 71
     3
 72
     8
 73
     4
 74
     0
 42
0.0000000001
 43
0.0000000001
 40
0.0
 40
0.0
 40
0.0
 40
0.0
 40
1.0
 40
1.0
 40
1.0
 40
1.0
 10
12.9828
 20
-5.29331
 30
0.0
 10
12.9828
 20
-5.29331
 30
0.0
 10
12.97927
 20
-5.28978
 30
0.0
 10
12.97927
 20
-5.28978
 30
0.0
  0
SPLINE
  5
CD
330
1F
100
AcDbEntity
  8
Camada 1
 62
   251
370
     9
100
AcDbSpline
210
0.0
220
0.0
230
1.0
 70
    24
 71
     3
 72
     8
 73
     4
 74
     0
 42
0.0000000001
 43
0.0000000001
 40
0.0
 40
0.0
 40
0.0
 40
0.0
 40
1.0
 40
1.0
 40
1.0
 40
1.0
 10
13.02515
 20
-5.28978
 30
0.0
 10
13.02515
 20
-5.28978
 30
0.0
 10
12.97927
 20
-5.28978
 30
0.0
 10
12.97927
 20
-5.28978
 30
0.0
  0
SPLINE
  5
CE
330
1F
100
AcDbEntity
  8
Camada 1
 62
   251
370
     9
100
AcDbSpline
210
0.0
220
0.0
230
1.0
 70
    24
 71
     3
 72
     8
 73
     4
 74
     0
 42
0.0000000001
 43
0.0000000001
 40
0.0
 40
0.0
 40
0.0
 40
0.0
 40
1.0
 40
1.0
 40
1.0
 40
1.0
 10
12.91221
 20
-5.40625
 30
0.0
 10
12.91221
 20
-5.40625
 30
0.0
 10
12.91221
 20
-5.35331
 30
0.0
 10
12.91221
 20
-5.35331
 30
0.0
  0
SPLINE
  5
CF
330
1F
100
AcDbEntity
  8
Camada 1
 62
   251
370
     9
100
AcDbSpline
210
0.0
220
0.0
230
1.0
 70
     8
 71
     3
 72
    20
 73
    16
 74
     0
 42
0.0000000001
 43
0.0000000001
 40
0.0
 40
0.0
 40
0.0
 40
0.0
 40
0.2
 40
0.2
 40
0.2
 40
0.4
 40
0.4
 40
0.4
 40
0.6000000000000001
 40
0.6000000000000001
 40
0.6000000000000001
 40
0.8
 40
0.8
 40
0.8
 40
1.0
 40
1.0
 40
1.0
 40
1.0
 10
12.91221
 20
-5.35331
 30
0.0
 10
12.91221
 20
-5.35331
 30
0.0
 10
12.90869
 20
-5.33919
 30
0.0
 10
12.90869
 20
-5.33919
 30
0.0
 10
12.90869
 20
-5.33919
 30
0.0
 10
12.90163
 20
-5.32507
 30
0.0
 10
12.90163
 20
-5.32507
 30
0.0
 10
12.90163
 20
-5.32507
 30
0.0
 10
12.88752
 20
-5.31449
 30
0.0
 10
12.88752
 20
-5.31449
 30
0.0
 10
12.88752
 20
-5.31449
 30
0.0
 10
12.8734
 20
-5.30743
 30
0.0
 10
12.8734
 20
-5.30743
 30
0.0
 10
12.8734
 20
-5.30743
 30
0.0
 10
12.86281
 20
-5.3039
 30
0.0
 10
12.86281
 20
-5.3039
 30
0.0
  0
SPLINE
  5
D0
330
1F
100
AcDbEntity
  8
Camada 1
 62
   251
370
     9
100
AcDbSpline
210
0.0
220
0.0
230
1.0
 70
     8
 71
     3
 72
    20
 73
    16
 74
     0
 42
0.0000000001
 43
0.0000000001
 40
0.0
 40
0.0
 40
0.0
 40
0.0
 40
0.2
 40
0.2
 40
0.2
 40
0.4
 40
0.4
 40
0.4
 40
0.6000000000000001
 40
0.6000000000000001
 40
0.6000000000000001
 40
0.8
 40
0.8
 40
0.8
 40
1.0
 40
1.0
 40
1.0
 40
1.0
 10
12.86281
 20
-5.3039
 30
0.0
 10
12.86281
 20
-5.3039
 30
0.0
 10
12.84517
 20
-5.30743
 30
0.0
 10
12.84517
 20
-5.30743
 30
0.0
 10
12.84517
 20
-5.30743
 30
0.0
 10
12.83104
 20
-5.31449
 30
0.0
 10
12.83104
 20
-5.31449
 30
0.0
 10
12.83104
 20
-5.31449
 30
0.0
 10
12.82046
 20
-5.32861
 30
0.0
 10
12.82046
 20
-5.32861
 30
0.0
 10
12.82046
 20
-5.32861
 30
0.0
 10
12.81341
 20
-5.34272
 30
0.0
 10
12.81341
 20
-5.34272
 30
0.0
 10
12.81341
 20
-5.34272
 30
0.0
 10
12.81341
 20
-5.35331
 30
0.0
 10
12.81341
 20
-5.35331
 30
0.0
  0
SPLINE
  5
D1
330
1F
100
AcDbEntity
  8
Camada 1
 62
   251
370
     9
100
AcDbSpline
210
0.0
220
0.0
230
1.0
 70
    24
 71
     3
 72
     8
 73
     4
 74
     0
 42
0.0000000001
 43
0.0000000001
 40
0.0
 40
0.0
 40
0.0
 40
0.0
 40
1.0
 40
1.0
 40
1.0
 40
1.0
 10
12.81341
 20
-5.35331
 30
0.0
 10
12.81341
 20
-5.35331
 30
0.0
 10
12.81341
 20
-5.40625
 30
0.0
 10
12.81341
 20
-5.40625
 30
0.0
  0
SPLINE
  5
D2
330
1F
100
AcDbEntity
  8
Camada 1
 62
   251
370
     9
100
AcDbSpline
210
0.0
220
0.0
230
1.0
 70
    24
 71
     3
 72
     8
 73
     4
 74
     0
 42
0.0000000001
 43
0.0000000001
 40
0.0
 40
0.0
 40
0.0
 40
0.0
 40
1.0
 40
1.0
 40
1.0
 40
1.0
 10
12.81341
 20
-5.40625
 30
0.0
 10
12.81341
 20
-5.40625
 30
0.0
 10
12.91221
 20
-5.40625
 30
0.0
 10
12.91221
 20
-5.40625
 30
0.0
  0
SPLINE
  5
D3
330
1F
100
AcDbEntity
  8
Camada 1
 62
   251
370
     9
100
AcDbSpline
210
0.0
220
0.0
230
1.0
 70
     8
 71
     3
 72
    20
 73
    16
 74
     0
 42
0.0000000001
 43
0.0000000001
 40
0.0
 40
0.0
 40
0.0
 40
0.0
 40
0.2
 40
0.2
 40
0.2
 40
0.4
 40
0.4
 40
0.4
 40
0.6000000000000001
 40
0.6000000000000001
 40
0.6000000000000001
 40
0.8
 40
0.8
 40
0.8
 40
1.0
 40
1.0
 40
1.0
 40
1.0
 10
12.91221
 20
-5.4733
 30
0.0
 10
12.91221
 20
-5.4733
 30
0.0
 10
12.90516
 20
-5.49095
 30
0.0
 10
12.90516
 20
-5.49095
 30
0.0
 10
12.90516
 20
-5.49095
 30
0.0
 10
12.89457
 20
-5.50506
 30
0.0
 10
12.89457
 20
-5.50506
 30
0.0
 10
12.89457
 20
-5.50506
 30
0.0
 10
12.88398
 20
-5.51212
 30
0.0
 10
12.88398
 20
-5.51212
 30
0.0
 10
12.88398
 20
-5.51212
 30
0.0
 10
12.86634
 20
-5.51565
 30
0.0
 10
12.86634
 20
-5.51565
 30
0.0
 10
12.86634
 20
-5.51565
 30
0.0
 10
12.86281
 20
-5.51565
 30
0.0
 10
12.86281
 20
-5.51565
 30
0.0
  0
SPLINE
  5
D4
330
1F
100
AcDbEntity
  8
Camada 1
 62
   251
370
     9
100
AcDbSpline
210
0.0
220
0.0
230
1.0
 70
    24
 71
     3
 72
     8
 73
     4
 74
     0
 42
0.0000000001
 43
0.0000000001
 40
0.0
 40
0.0
 40
0.0
 40
0.0
 40
1.0
 40
1.0
 40
1.0
 40
1.0
 10
12.94751
 20
-5.48035
 30
0.0
 10
12.94751
 20
-5.48035
 30
0.0
 10
12.91221
 20
-5.4733
 30
0.0
 10
12.91221
 20
-5.4733
 30
0.0
  0
SPLINE
  5
D5
330
1F
100
AcDbEntity
  8
Camada 1
 62
   251
370
     9
100
AcDbSpline
210
0.0
220
0.0
230
1.0
 70
     8
 71
     3
 72
    17
 73
    13
 74
     0
 42
0.0000000001
 43
0.0000000001
 40
0.0
 40
0.0
 40
0.0
 40
0.0
 40
0.25
 40
0.25
 40
0.25
 40
0.5
 40
0.5
 40
0.5
 40
0.75
 40
0.75
 40
0.75
 40
1.0
 40
1.0
 40
1.0
 40
1.0
 10
12.8734
 20
-5.52976
 30
0.0
 10
12.8734
 20
-5.52976
 30
0.0
 10
12.8981
 20
-5.52623
 30
0.0
 10
12.8981
 20
-5.52623
 30
0.0
 10
12.8981
 20
-5.52623
 30
0.0
 10
12.92281
 20
-5.51565
 30
0.0
 10
12.92281
 20
-5.51565
 30
0.0
 10
12.92281
 20
-5.51565
 30
0.0
 10
12.94046
 20
-5.49447
 30
0.0
 10
12.94046
 20
-5.49447
 30
0.0
 10
12.94046
 20
-5.49447
 30
0.0
 10
12.94751
 20
-5.48035
 30
0.0
 10
12.94751
 20
-5.48035
 30
0.0
  0
SPLINE
  5
D6
330
1F
100
AcDbEntity
  8
Camada 1
 62
   251
370
     9
100
AcDbSpline
210
0.0
220
0.0
230
1.0
 70
    24
 71
     3
 72
     8
 73
     4
 74
     0
 42
0.0000000001
 43
0.0000000001
 40
0.0
 40
0.0
 40
0.0
 40
0.0
 40
1.0
 40
1.0
 40
1.0
 40
1.0
 10
12.84869
 20
-5.52976
 30
0.0
 10
12.84869
 20
-5.52976
 30
0.0
 10
12.8734
 20
-5.52976
 30
0.0
 10
12.8734
 20
-5.52976
 30
0.0
  0
SPLINE
  5
D7
330
1F
100
AcDbEntity
  8
Camada 1
 62
   251
370
     9
100
AcDbSpline
210
0.0
220
0.0
230
1.0
 70
     8
 71
     3
 72
    20
 73
    16
 74
     0
 42
0.0000000001
 43
0.0000000001
 40
0.0
 40
0.0
 40
0.0
 40
0.0
 40
0.2
 40
0.2
 40
0.2
 40
0.4
 40
0.4
 40
0.4
 40
0.6000000000000001
 40
0.6000000000000001
 40
0.6000000000000001
 40
0.8
 40
0.8
 40
0.8
 40
1.0
 40
1.0
 40
1.0
 40
1.0
 10
12.77458
 20
-5.46271
 30
0.0
 10
12.77458
 20
-5.46271
 30
0.0
 10
12.77811
 20
-5.48389
 30
0.0
 10
12.77811
 20
-5.48389
 30
0.0
 10
12.77811
 20
-5.48389
 30
0.0
 10
12.7887
 20
-5.50153
 30
0.0
 10
12.7887
 20
-5.50153
 30
0.0
 10
12.7887
 20
-5.50153
 30
0.0
 10
12.80281
 20
-5.51565
 30
0.0
 10
12.80281
 20
-5.51565
 30
0.0
 10
12.80281
 20
-5.51565
 30
0.0
 10
12.82399
 20
-5.52623
 30
0.0
 10
12.82399
 20
-5.52623
 30
0.0
 10
12.82399
 20
-5.52623
 30
0.0
 10
12.84869
 20
-5.52976
 30
0.0
 10
12.84869
 20
-5.52976
 30
0.0
  0
SPLINE
  5
D8
330
1F
100
AcDbEntity
  8
Camada 1
 62
   251
370
     9
100
AcDbSpline
210
0.0
220
0.0
230
1.0
 70
    24
 71
     3
 72
     8
 73
     4
 74
     0
 42
0.0000000001
 43
0.0000000001
 40
0.0
 40
0.0
 40
0.0
 40
0.0
 40
1.0
 40
1.0
 40
1.0
 40
1.0
 10
12.77458
 20
-5.36037
 30
0.0
 10
12.77458
 20
-5.36037
 30
0.0
 10
12.77458
 20
-5.46271
 30
0.0
 10
12.77458
 20
-5.46271
 30
0.0
  0
SPLINE
  5
D9
330
1F
100
AcDbEntity
  8
Camada 1
 62
   251
370
     9
100
AcDbSpline
210
0.0
220
0.0
230
1.0
 70
     8
 71
     3
 72
    20
 73
    16
 74
     0
 42
0.0000000001
 43
0.0000000001
 40
0.0
 40
0.0
 40
0.0
 40
0.0
 40
0.2
 40
0.2
 40
0.2
 40
0.4
 40
0.4
 40
0.4
 40
0.6000000000000001
 40
0.6000000000000001
 40
0.6000000000000001
 40
0.8
 40
0.8
 40
0.8
 40
1.0
 40
1.0
 40
1.0
 40
1.0
 10
12.84869
 20
-5.29331
 30
0.0
 10
12.84869
 20
-5.29331
 30
0.0
 10
12.82399
 20
-5.29684
 30
0.0
 10
12.82399
 20
-5.29684
 30
0.0
 10
12.82399
 20
-5.29684
 30
0.0
 10
12.79928
 20
-5.30743
 30
0.0
 10
12.79928
 20
-5.30743
 30
0.0
 10
12.79928
 20
-5.30743
 30
0.0
 10
12.78164
 20
-5.32861
 30
0.0
 10
12.78164
 20
-5.32861
 30
0.0
 10
12.78164
 20
-5.32861
 30
0.0
 10
12.77458
 20
-5.34977
 30
0.0
 10
12.77458
 20
-5.34977
 30
0.0
 10
12.77458
 20
-5.34977
 30
0.0
 10
12.77458
 20
-5.36037
 30
0.0
 10
12.77458
 20
-5.36037
 30
0.0
  0
SPLINE
  5
DA
330
1F
100
AcDbEntity
  8
Camada 1
 62
   251
370
     9
100
AcDbSpline
210
0.0
220
0.0
230
1.0
 70
    24
 71
     3
 72
     8
 73
     4
 74
     0
 42
0.0000000001
 43
0.0000000001
 40
0.0
 40
0.0
 40
0.0
 40
0.0
 40
1.0
 40
1.0
 40
1.0
 40
1.0
 10
12.8734
 20
-5.29331
 30
0.0
 10
12.8734
 20
-5.29331
 30
0.0
 10
12.84869
 20
-5.29331
 30
0.0
 10
12.84869
 20
-5.29331
 30
0.0
  0
SPLINE
  5
DB
330
1F
100
AcDbEntity
  8
Camada 1
 62
   251
370
     9
100
AcDbSpline
210
0.0
220
0.0
230
1.0
 70
     8
 71
     3
 72
    20
 73
    16
 74
     0
 42
0.0000000001
 43
0.0000000001
 40
0.0
 40
0.0
 40
0.0
 40
0.0
 40
0.2
 40
0.2
 40
0.2
 40
0.4
 40
0.4
 40
0.4
 40
0.6000000000000001
 40
0.6000000000000001
 40
0.6000000000000001
 40
0.8
 40
0.8
 40
0.8
 40
1.0
 40
1.0
 40
1.0
 40
1.0
 10
12.94751
 20
-5.36037
 30
0.0
 10
12.94751
 20
-5.36037
 30
0.0
 10
12.94398
 20
-5.33566
 30
0.0
 10
12.94398
 20
-5.33566
 30
0.0
 10
12.94398
 20
-5.33566
 30
0.0
 10
12.93339
 20
-5.31449
 30
0.0
 10
12.93339
 20
-5.31449
 30
0.0
 10
12.93339
 20
-5.31449
 30
0.0
 10
12.91575
 20
-5.3039
 30
0.0
 10
12.91575
 20
-5.3039
 30
0.0
 10
12.91575
 20
-5.3039
 30
0.0
 10
12.88752
 20
-5.29331
 30
0.0
 10
12.88752
 20
-5.29331
 30
0.0
 10
12.88752
 20
-5.29331
 30
0.0
 10
12.8734
 20
-5.29331
 30
0.0
 10
12.8734
 20
-5.29331
 30
0.0
  0
SPLINE
  5
DC
330
1F
100
AcDbEntity
  8
Camada 1
 62
   251
370
     9
100
AcDbSpline
210
0.0
220
0.0
230
1.0
 70
    24
 71
     3
 72
     8
 73
     4
 74
     0
 42
0.0000000001
 43
0.0000000001
 40
0.0
 40
0.0
 40
0.0
 40
0.0
 40
1.0
 40
1.0
 40
1.0
 40
1.0
 10
12.94751
 20
-5.41683
 30
0.0
 10
12.94751
 20
-5.41683
 30
0.0
 10
12.94751
 20
-5.36037
 30
0.0
 10
12.94751
 20
-5.36037
 30
0.0
  0
SPLINE
  5
DD
330
1F
100
AcDbEntity
  8
Camada 1
 62
   251
370
     9
100
AcDbSpline
210
0.0
220
0.0
230
1.0
 70
    24
 71
     3
 72
     8
 73
     4
 74
     0
 42
0.0000000001
 43
0.0000000001
 40
0.0
 40
0.0
 40
0.0
 40
0.0
 40
1.0
 40
1.0
 40
1.0
 40
1.0
 10
12.81341
 20
-5.41683
 30
0.0
 10
12.81341
 20
-5.41683
 30
0.0
 10
12.94751
 20
-5.41683
 30
0.0
 10
12.94751
 20
-5.41683
 30
0.0
  0
SPLINE
  5
DE
330
1F
100
AcDbEntity
  8
Camada 1
 62
   251
370
     9
100
AcDbSpline
210
0.0
220
0.0
230
1.0
 70
    24
 71
     3
 72
     8
 73
     4
 74
     0
 42
0.0000000001
 43
0.0000000001
 40
0.0
 40
0.0
 40
0.0
 40
0.0
 40
1.0
 40
1.0
 40
1.0
 40
1.0
 10
12.81341
 20
-5.46624
 30
0.0
 10
12.81341
 20
-5.46624
 30
0.0
 10
12.81341
 20
-5.41683
 30
0.0
 10
12.81341
 20
-5.41683
 30
0.0
  0
SPLINE
  5
DF
330
1F
100
AcDbEntity
  8
Camada 1
 62
   251
370
     9
100
AcDbSpline
210
0.0
220
0.0
230
1.0
 70
     8
 71
     3
 72
    20
 73
    16
 74
     0
 42
0.0000000001
 43
0.0000000001
 40
0.0
 40
0.0
 40
0.0
 40
0.0
 40
0.2
 40
0.2
 40
0.2
 40
0.4
 40
0.4
 40
0.4
 40
0.6000000000000001
 40
0.6000000000000001
 40
0.6000000000000001
 40
0.8
 40
0.8
 40
0.8
 40
1.0
 40
1.0
 40
1.0
 40
1.0
 10
12.86281
 20
-5.51565
 30
0.0
 10
12.86281
 20
-5.51565
 30
0.0
 10
12.84517
 20
-5.51565
 30
0.0
 10
12.84517
 20
-5.51565
 30
0.0
 10
12.84517
 20
-5.51565
 30
0.0
 10
12.83104
 20
-5.50506
 30
0.0
 10
12.83104
 20
-5.50506
 30
0.0
 10
12.83104
 20
-5.50506
 30
0.0
 10
12.82046
 20
-5.49447
 30
0.0
 10
12.82046
 20
-5.49447
 30
0.0
 10
12.82046
 20
-5.49447
 30
0.0
 10
12.81341
 20
-5.48035
 30
0.0
 10
12.81341
 20
-5.48035
 30
0.0
 10
12.81341
 20
-5.48035
 30
0.0
 10
12.81341
 20
-5.46624
 30
0.0
 10
12.81341
 20
-5.46624
 30
0.0
  0
SPLINE
  5
E0
330
1F
100
AcDbEntity
  8
Camada 1
 62
   251
370
     9
100
AcDbSpline
210
0.0
220
0.0
230
1.0
 70
     8
 71
     3
 72
    11
 73
     7
 74
     0
 42
0.0000000001
 43
0.0000000001
 40
0.0
 40
0.0
 40
0.0
 40
0.0
 40
0.5
 40
0.5
 40
0.5
 40
1.0
 40
1.0
 40
1.0
 40
1.0
 10
12.70047
 20
-5.34977
 30
0.0
 10
12.70047
 20
-5.34977
 30
0.0
 10
12.70047
 20
-5.35331
 30
0.0
 10
12.70047
 20
-5.35331
 30
0.0
 10
12.70047
 20
-5.35331
 30
0.0
 10
12.69694
 20
-5.35331
 30
0.0
 10
12.69694
 20
-5.35331
 30
0.0
  0
SPLINE
  5
E1
330
1F
100
AcDbEntity
  8
Camada 1
 62
   251
370
     9
100
AcDbSpline
210
0.0
220
0.0
230
1.0
 70
    24
 71
     3
 72
     8
 73
     4
 74
     0
 42
0.0000000001
 43
0.0000000001
 40
0.0
 40
0.0
 40
0.0
 40
0.0
 40
1.0
 40
1.0
 40
1.0
 40
1.0
 10
12.73576
 20
-5.33919
 30
0.0
 10
12.73576
 20
-5.33919
 30
0.0
 10
12.73929
 20
-5.34272
 30
0.0
 10
12.73929
 20
-5.34272
 30
0.0
  0
SPLINE
  5
E2
330
1F
100
AcDbEntity
  8
Camada 1
 62
   251
370
     9
100
AcDbSpline
210
0.0
220
0.0
230
1.0
 70
    24
 71
     3
 72
     8
 73
     4
 74
     0
 42
0.0000000001
 43
0.0000000001
 40
0.0
 40
0.0
 40
0.0
 40
0.0
 40
1.0
 40
1.0
 40
1.0
 40
1.0
 10
12.69694
 20
-5.35331
 30
0.0
 10
12.69694
 20
-5.35331
 30
0.0
 10
12.73929
 20
-5.34272
 30
0.0
 10
12.73929
 20
-5.34272
 30
0.0
  0
SPLINE
  5
E3
330
1F
100
AcDbEntity
  8
Camada 1
 62
   251
370
     9
100
AcDbSpline
210
0.0
220
0.0
230
1.0
 70
     8
 71
     3
 72
    11
 73
     7
 74
     0
 42
0.0000000001
 43
0.0000000001
 40
0.0
 40
0.0
 40
0.0
 40
0.0
 40
0.5
 40
0.5
 40
0.5
 40
1.0
 40
1.0
 40
1.0
 40
1.0
 10
13.02162
 20
-5.30038
 30
0.0
 10
13.02162
 20
-5.30038
 30
0.0
 10
13.02515
 20
-5.29684
 30
0.0
 10
13.02515
 20
-5.29684
 30
0.0
 10
13.02515
 20
-5.29684
 30
0.0
 10
13.02515
 20
-5.29331
 30
0.0
 10
13.02515
 20
-5.29331
 30
0.0
  0
SPLINE
  5
E4
330
1F
100
AcDbEntity
  8
Camada 1
 62
   251
370
     9
100
AcDbSpline
210
0.0
220
0.0
230
1.0
 70
    24
 71
     3
 72
     8
 73
     4
 74
     0
 42
0.0000000001
 43
0.0000000001
 40
0.0
 40
0.0
 40
0.0
 40
0.0
 40
1.0
 40
1.0
 40
1.0
 40
1.0
 10
13.02515
 20
-5.29331
 30
0.0
 10
13.02515
 20
-5.29331
 30
0.0
 10
13.02515
 20
-5.28978
 30
0.0
 10
13.02515
 20
-5.28978
 30
0.0
  0
SPLINE
  5
E5
330
1F
100
AcDbEntity
  8
Camada 1
 62
   251
370
     9
100
AcDbSpline
210
0.0
220
0.0
230
1.0
 70
    24
 71
     3
 72
     8
 73
     4
 74
     0
 42
0.0000000001
 43
0.0000000001
 40
0.0
 40
0.0
 40
0.0
 40
0.0
 40
1.0
 40
1.0
 40
1.0
 40
1.0
 10
13.16279
 20
-5.53329
 30
0.0
 10
13.16279
 20
-5.53329
 30
0.0
 10
13.16279
 20
-5.36037
 30
0.0
 10
13.16279
 20
-5.36037
 30
0.0
  0
SPLINE
  5
E6
330
1F
100
AcDbEntity
  8
Camada 1
 62
   251
370
     9
100
AcDbSpline
210
0.0
220
0.0
230
1.0
 70
    24
 71
     3
 72
     8
 73
     4
 74
     0
 42
0.0000000001
 43
0.0000000001
 40
0.0
 40
0.0
 40
0.0
 40
0.0
 40
1.0
 40
1.0
 40
1.0
 40
1.0
 10
12.97927
 20
-5.28978
 30
0.0
 10
12.97927
 20
-5.28978
 30
0.0
 10
12.97927
 20
-5.53329
 30
0.0
 10
12.97927
 20
-5.53329
 30
0.0
  0
SPLINE
  5
E7
330
1F
100
AcDbEntity
  8
Camada 1
 62
   251
370
     9
100
AcDbSpline
210
0.0
220
0.0
230
1.0
 70
    24
 71
     3
 72
     8
 73
     4
 74
     0
 42
0.0000000001
 43
0.0000000001
 40
0.0
 40
0.0
 40
0.0
 40
0.0
 40
1.0
 40
1.0
 40
1.0
 40
1.0
 10
13.02162
 20
-5.35331
 30
0.0
 10
13.02162
 20
-5.35331
 30
0.0
 10
13.02515
 20
-5.35331
 30
0.0
 10
13.02515
 20
-5.35331
 30
0.0
  0
SPLINE
  5
E8
330
1F
100
AcDbEntity
  8
Camada 1
 62
   251
370
     9
100
AcDbSpline
210
0.0
220
0.0
230
1.0
 70
    24
 71
     3
 72
     8
 73
     4
 74
     0
 42
0.0000000001
 43
0.0000000001
 40
0.0
 40
0.0
 40
0.0
 40
0.0
 40
1.0
 40
1.0
 40
1.0
 40
1.0
 10
13.02515
 20
-5.53329
 30
0.0
 10
13.02515
 20
-5.53329
 30
0.0
 10
13.02515
 20
-5.35331
 30
0.0
 10
13.02515
 20
-5.35331
 30
0.0
  0
SPLINE
  5
E9
330
1F
100
AcDbEntity
  8
Camada 1
 62
   251
370
     9
100
AcDbSpline
210
0.0
220
0.0
230
1.0
 70
    24
 71
     3
 72
     8
 73
     4
 74
     0
 42
0.0000000001
 43
0.0000000001
 40
0.0
 40
0.0
 40
0.0
 40
0.0
 40
1.0
 40
1.0
 40
1.0
 40
1.0
 10
12.91221
 20
-5.4733
 30
0.0
 10
12.91221
 20
-5.4733
 30
0.0
 10
12.90869
 20
-5.46977
 30
0.0
 10
12.90869
 20
-5.46977
 30
0.0
  0
SPLINE
  5
EA
330
1F
100
AcDbEntity
  8
Camada 1
 62
   251
370
     9
100
AcDbSpline
210
0.0
220
0.0
230
1.0
 70
    24
 71
     3
 72
     8
 73
     4
 74
     0
 42
0.0000000001
 43
0.0000000001
 40
0.0
 40
0.0
 40
0.0
 40
0.0
 40
1.0
 40
1.0
 40
1.0
 40
1.0
 10
12.86281
 20
-5.51565
 30
0.0
 10
12.86281
 20
-5.51565
 30
0.0
 10
12.86281
 20
-5.51212
 30
0.0
 10
12.86281
 20
-5.51212
 30
0.0
  0
SPLINE
  5
EB
330
1F
100
AcDbEntity
  8
Camada 1
 62
   251
370
     9
100
AcDbSpline
210
0.0
220
0.0
230
1.0
 70
     8
 71
     3
 72
    20
 73
    16
 74
     0
 42
0.0000000001
 43
0.0000000001
 40
0.0
 40
0.0
 40
0.0
 40
0.0
 40
0.2
 40
0.2
 40
0.2
 40
0.4
 40
0.4
 40
0.4
 40
0.6000000000000001
 40
0.6000000000000001
 40
0.6000000000000001
 40
0.8
 40
0.8
 40
0.8
 40
1.0
 40
1.0
 40
1.0
 40
1.0
 10
12.90869
 20
-5.46977
 30
0.0
 10
12.90869
 20
-5.46977
 30
0.0
 10
12.90516
 20
-5.48389
 30
0.0
 10
12.90516
 20
-5.48389
 30
0.0
 10
12.90516
 20
-5.48389
 30
0.0
 10
12.89457
 20
-5.498
 30
0.0
 10
12.89457
 20
-5.498
 30
0.0
 10
12.89457
 20
-5.498
 30
0.0
 10
12.88398
 20
-5.50859
 30
0.0
 10
12.88398
 20
-5.50859
 30
0.0
 10
12.88398
 20
-5.50859
 30
0.0
 10
12.86987
 20
-5.51212
 30
0.0
 10
12.86987
 20
-5.51212
 30
0.0
 10
12.86987
 20
-5.51212
 30
0.0
 10
12.86281
 20
-5.51212
 30
0.0
 10
12.86281
 20
-5.51212
 30
0.0
  0
SPLINE
  5
EC
330
1F
100
AcDbEntity
  8
Camada 1
 62
   251
370
     9
100
AcDbSpline
210
0.0
220
0.0
230
1.0
 70
    24
 71
     3
 72
     8
 73
     4
 74
     0
 42
0.0000000001
 43
0.0000000001
 40
0.0
 40
0.0
 40
0.0
 40
0.0
 40
1.0
 40
1.0
 40
1.0
 40
1.0
 10
13.07103
 20
-5.3039
 30
0.0
 10
13.07103
 20
-5.3039
 30
0.0
 10
13.07103
 20
-5.30743
 30
0.0
 10
13.07103
 20
-5.30743
 30
0.0
  0
SPLINE
  5
ED
330
1F
100
AcDbEntity
  8
Camada 1
 62
   251
370
     9
100
AcDbSpline
210
0.0
220
0.0
230
1.0
 70
     8
 71
     3
 72
    20
 73
    16
 74
     0
 42
0.0000000001
 43
0.0000000001
 40
0.0
 40
0.0
 40
0.0
 40
0.0
 40
0.2
 40
0.2
 40
0.2
 40
0.4
 40
0.4
 40
0.4
 40
0.6000000000000001
 40
0.6000000000000001
 40
0.6000000000000001
 40
0.8
 40
0.8
 40
0.8
 40
1.0
 40
1.0
 40
1.0
 40
1.0
 10
13.02515
 20
-5.35331
 30
0.0
 10
13.02515
 20
-5.35331
 30
0.0
 10
13.02868
 20
-5.33919
 30
0.0
 10
13.02868
 20
-5.33919
 30
0.0
 10
13.02868
 20
-5.33919
 30
0.0
 10
13.03574
 20
-5.32507
 30
0.0
 10
13.03574
 20
-5.32507
 30
0.0
 10
13.03574
 20
-5.32507
 30
0.0
 10
13.04633
 20
-5.31449
 30
0.0
 10
13.04633
 20
-5.31449
 30
0.0
 10
13.04633
 20
-5.31449
 30
0.0
 10
13.06044
 20
-5.31096
 30
0.0
 10
13.06044
 20
-5.31096
 30
0.0
 10
13.06044
 20
-5.31096
 30
0.0
 10
13.07103
 20
-5.30743
 30
0.0
 10
13.07103
 20
-5.30743
 30
0.0
  0
SPLINE
  5
EE
330
1F
100
AcDbEntity
  8
Camada 1
 62
   251
370
     9
100
AcDbSpline
210
0.0
220
0.0
230
1.0
 70
    24
 71
     3
 72
     8
 73
     4
 74
     0
 42
0.0000000001
 43
0.0000000001
 40
0.0
 40
0.0
 40
0.0
 40
0.0
 40
1.0
 40
1.0
 40
1.0
 40
1.0
 10
12.65106
 20
-5.3039
 30
0.0
 10
12.65106
 20
-5.3039
 30
0.0
 10
12.65106
 20
-5.30743
 30
0.0
 10
12.65106
 20
-5.30743
 30
0.0
  0
SPLINE
  5
EF
330
1F
100
AcDbEntity
  8
Camada 1
 62
   251
370
     9
100
AcDbSpline
210
0.0
220
0.0
230
1.0
 70
     8
 71
     3
 72
    20
 73
    16
 74
     0
 42
0.0000000001
 43
0.0000000001
 40
0.0
 40
0.0
 40
0.0
 40
0.0
 40
0.2
 40
0.2
 40
0.2
 40
0.4
 40
0.4
 40
0.4
 40
0.6000000000000001
 40
0.6000000000000001
 40
0.6000000000000001
 40
0.8
 40
0.8
 40
0.8
 40
1.0
 40
1.0
 40
1.0
 40
1.0
 10
12.65106
 20
-5.30743
 30
0.0
 10
12.65106
 20
-5.30743
 30
0.0
 10
12.66871
 20
-5.31096
 30
0.0
 10
12.66871
 20
-5.31096
 30
0.0
 10
12.66871
 20
-5.31096
 30
0.0
 10
12.6793
 20
-5.31802
 30
0.0
 10
12.6793
 20
-5.31802
 30
0.0
 10
12.6793
 20
-5.31802
 30
0.0
 10
12.68988
 20
-5.32861
 30
0.0
 10
12.68988
 20
-5.32861
 30
0.0
 10
12.68988
 20
-5.32861
 30
0.0
 10
12.69694
 20
-5.34272
 30
0.0
 10
12.69694
 20
-5.34272
 30
0.0
 10
12.69694
 20
-5.34272
 30
0.0
 10
12.69694
 20
-5.35331
 30
0.0
 10
12.69694
 20
-5.35331
 30
0.0
  0
SPLINE
  5
F0
330
1F
100
AcDbEntity
  8
Camada 1
 62
   251
370
     9
100
AcDbSpline
210
0.0
220
0.0
230
1.0
 70
    24
 71
     3
 72
    11
 73
     7
 74
     0
 42
0.0000000001
 43
0.0000000001
 40
0.0
 40
0.0
 40
0.0
 40
0.0
 40
0.5
 40
0.5
 40
0.5
 40
1.0
 40
1.0
 40
1.0
 40
1.0
 10
12.94751
 20
-5.48035
 30
0.0
 10
12.94751
 20
-5.48035
 30
0.0
 10
12.94751
 20
-5.48035
 30
0.0
 10
12.94751
 20
-5.48035
 30
0.0
 10
12.94751
 20
-5.48035
 30
0.0
 10
12.95104
 20
-5.47683
 30
0.0
 10
12.95104
 20
-5.47683
 30
0.0
  0
SPLINE
  5
F1
330
1F
100
AcDbEntity
  8
Camada 1
 62
   251
370
     9
100
AcDbSpline
210
0.0
220
0.0
230
1.0
 70
    24
 71
     3
 72
     8
 73
     4
 74
     0
 42
0.0000000001
 43
0.0000000001
 40
0.0
 40
0.0
 40
0.0
 40
0.0
 40
1.0
 40
1.0
 40
1.0
 40
1.0
 10
12.95104
 20
-5.47683
 30
0.0
 10
12.95104
 20
-5.47683
 30
0.0
 10
12.90869
 20
-5.46977
 30
0.0
 10
12.90869
 20
-5.46977
 30
0.0
  0
SPLINE
  5
F2
330
1F
100
AcDbEntity
  8
Camada 1
 62
   251
370
     9
100
AcDbSpline
210
0.0
220
0.0
230
1.0
 70
    24
 71
     3
 72
     8
 73
     4
 74
     0
 42
0.0000000001
 43
0.0000000001
 40
0.0
 40
0.0
 40
0.0
 40
0.0
 40
1.0
 40
1.0
 40
1.0
 40
1.0
 10
13.05691
 20
-5.29331
 30
0.0
 10
13.05691
 20
-5.29331
 30
0.0
 10
13.05691
 20
-5.28978
 30
0.0
 10
13.05691
 20
-5.28978
 30
0.0
  0
SPLINE
  5
F3
330
1F
100
AcDbEntity
  8
Camada 1
 62
   251
370
     9
100
AcDbSpline
210
0.0
220
0.0
230
1.0
 70
     8
 71
     3
 72
    14
 73
    10
 74
     0
 42
0.0000000001
 43
0.0000000001
 40
0.0
 40
0.0
 40
0.0
 40
0.0
 40
0.3333333333333333
 40
0.3333333333333333
 40
0.3333333333333333
 40
0.6666666666666666
 40
0.6666666666666666
 40
0.6666666666666666
 40
1.0
 40
1.0
 40
1.0
 40
1.0
 10
13.05691
 20
-5.28978
 30
0.0
 10
13.05691
 20
-5.28978
 30
0.0
 10
13.04633
 20
-5.28978
 30
0.0
 10
13.04633
 20
-5.28978
 30
0.0
 10
13.04633
 20
-5.28978
 30
0.0
 10
13.03574
 20
-5.28978
 30
0.0
 10
13.03574
 20
-5.28978
 30
0.0
 10
13.03574
 20
-5.28978
 30
0.0
 10
13.02515
 20
-5.29331
 30
0.0
 10
13.02515
 20
-5.29331
 30
0.0
  0
SPLINE
  5
F4
330
1F
100
AcDbEntity
  8
Camada 1
 62
   251
370
     9
100
AcDbSpline
210
0.0
220
0.0
230
1.0
 70
     8
 71
     3
 72
    20
 73
    16
 74
     0
 42
0.0000000001
 43
0.0000000001
 40
0.0
 40
0.0
 40
0.0
 40
0.0
 40
0.2
 40
0.2
 40
0.2
 40
0.4
 40
0.4
 40
0.4
 40
0.6000000000000001
 40
0.6000000000000001
 40
0.6000000000000001
 40
0.8
 40
0.8
 40
0.8
 40
1.0
 40
1.0
 40
1.0
 40
1.0
 10
13.07103
 20
-5.30743
 30
0.0
 10
13.07103
 20
-5.30743
 30
0.0
 10
13.08514
 20
-5.31096
 30
0.0
 10
13.08514
 20
-5.31096
 30
0.0
 10
13.08514
 20
-5.31096
 30
0.0
 10
13.09927
 20
-5.31802
 30
0.0
 10
13.09927
 20
-5.31802
 30
0.0
 10
13.09927
 20
-5.31802
 30
0.0
 10
13.10985
 20
-5.32861
 30
0.0
 10
13.10985
 20
-5.32861
 30
0.0
 10
13.10985
 20
-5.32861
 30
0.0
 10
13.1169
 20
-5.34625
 30
0.0
 10
13.1169
 20
-5.34625
 30
0.0
 10
13.1169
 20
-5.34625
 30
0.0
 10
13.1169
 20
-5.35331
 30
0.0
 10
13.1169
 20
-5.35331
 30
0.0
  0
SPLINE
  5
F5
330
1F
100
AcDbEntity
  8
Camada 1
 62
   251
370
     9
100
AcDbSpline
210
0.0
220
0.0
230
1.0
 70
    24
 71
     3
 72
     8
 73
     4
 74
     0
 42
0.0000000001
 43
0.0000000001
 40
0.0
 40
0.0
 40
0.0
 40
0.0
 40
1.0
 40
1.0
 40
1.0
 40
1.0
 10
13.08514
 20
-5.28978
 30
0.0
 10
13.08514
 20
-5.28978
 30
0.0
 10
13.05691
 20
-5.28978
 30
0.0
 10
13.05691
 20
-5.28978
 30
0.0
  0
SPLINE
  5
F6
330
1F
100
AcDbEntity
  8
Camada 1
 62
   251
370
     9
100
AcDbSpline
210
0.0
220
0.0
230
1.0
 70
    24
 71
     3
 72
     8
 73
     4
 74
     0
 42
0.0000000001
 43
0.0000000001
 40
0.0
 40
0.0
 40
0.0
 40
0.0
 40
1.0
 40
1.0
 40
1.0
 40
1.0
 10
13.26866
 20
-5.29331
 30
0.0
 10
13.26866
 20
-5.29331
 30
0.0
 10
13.26866
 20
-5.28978
 30
0.0
 10
13.26866
 20
-5.28978
 30
0.0
  0
SPLINE
  5
F7
330
1F
100
AcDbEntity
  8
Camada 1
 62
   251
370
     9
100
AcDbSpline
210
0.0
220
0.0
230
1.0
 70
     8
 71
     3
 72
    14
 73
    10
 74
     0
 42
0.0000000001
 43
0.0000000001
 40
0.0
 40
0.0
 40
0.0
 40
0.0
 40
0.3333333333333333
 40
0.3333333333333333
 40
0.3333333333333333
 40
0.6666666666666666
 40
0.6666666666666666
 40
0.6666666666666666
 40
1.0
 40
1.0
 40
1.0
 40
1.0
 10
13.26866
 20
-5.28978
 30
0.0
 10
13.26866
 20
-5.28978
 30
0.0
 10
13.24395
 20
-5.29331
 30
0.0
 10
13.24395
 20
-5.29331
 30
0.0
 10
13.24395
 20
-5.29331
 30
0.0
 10
13.21925
 20
-5.3039
 30
0.0
 10
13.21925
 20
-5.3039
 30
0.0
 10
13.21925
 20
-5.3039
 30
0.0
 10
13.20867
 20
-5.31449
 30
0.0
 10
13.20867
 20
-5.31449
 30
0.0
  0
SPLINE
  5
F8
330
1F
100
AcDbEntity
  8
Camada 1
 62
   251
370
     9
100
AcDbSpline
210
0.0
220
0.0
230
1.0
 70
    24
 71
     3
 72
     8
 73
     4
 74
     0
 42
0.0000000001
 43
0.0000000001
 40
0.0
 40
0.0
 40
0.0
 40
0.0
 40
1.0
 40
1.0
 40
1.0
 40
1.0
 10
12.81341
 20
-5.46624
 30
0.0
 10
12.81341
 20
-5.46624
 30
0.0
 10
12.81693
 20
-5.46624
 30
0.0
 10
12.81693
 20
-5.46624
 30
0.0
  0
SPLINE
  5
F9
330
1F
100
AcDbEntity
  8
Camada 1
 62
   251
370
     9
100
AcDbSpline
210
0.0
220
0.0
230
1.0
 70
     8
 71
     3
 72
    20
 73
    16
 74
     0
 42
0.0000000001
 43
0.0000000001
 40
0.0
 40
0.0
 40
0.0
 40
0.0
 40
0.2
 40
0.2
 40
0.2
 40
0.4
 40
0.4
 40
0.4
 40
0.6000000000000001
 40
0.6000000000000001
 40
0.6000000000000001
 40
0.8
 40
0.8
 40
0.8
 40
1.0
 40
1.0
 40
1.0
 40
1.0
 10
12.86281
 20
-5.51212
 30
0.0
 10
12.86281
 20
-5.51212
 30
0.0
 10
12.84517
 20
-5.51212
 30
0.0
 10
12.84517
 20
-5.51212
 30
0.0
 10
12.84517
 20
-5.51212
 30
0.0
 10
12.83457
 20
-5.50506
 30
0.0
 10
12.83457
 20
-5.50506
 30
0.0
 10
12.83457
 20
-5.50506
 30
0.0
 10
12.82399
 20
-5.49095
 30
0.0
 10
12.82399
 20
-5.49095
 30
0.0
 10
12.82399
 20
-5.49095
 30
0.0
 10
12.81693
 20
-5.47683
 30
0.0
 10
12.81693
 20
-5.47683
 30
0.0
 10
12.81693
 20
-5.47683
 30
0.0
 10
12.81693
 20
-5.46624
 30
0.0
 10
12.81693
 20
-5.46624
 30
0.0
  0
SPLINE
  5
FA
330
1F
100
AcDbEntity
  8
Camada 1
 62
   251
370
     9
100
AcDbSpline
210
0.0
220
0.0
230
1.0
 70
    24
 71
     3
 72
     8
 73
     4
 74
     0
 42
0.0000000001
 43
0.0000000001
 40
0.0
 40
0.0
 40
0.0
 40
0.0
 40
1.0
 40
1.0
 40
1.0
 40
1.0
 10
12.81341
 20
-5.41683
 30
0.0
 10
12.81341
 20
-5.41683
 30
0.0
 10
12.81693
 20
-5.42036
 30
0.0
 10
12.81693
 20
-5.42036
 30
0.0
  0
SPLINE
  5
FB
330
1F
100
AcDbEntity
  8
Camada 1
 62
   251
370
     9
100
AcDbSpline
210
0.0
220
0.0
230
1.0
 70
    24
 71
     3
 72
     8
 73
     4
 74
     0
 42
0.0000000001
 43
0.0000000001
 40
0.0
 40
0.0
 40
0.0
 40
0.0
 40
1.0
 40
1.0
 40
1.0
 40
1.0
 10
12.81693
 20
-5.46624
 30
0.0
 10
12.81693
 20
-5.46624
 30
0.0
 10
12.81693
 20
-5.42036
 30
0.0
 10
12.81693
 20
-5.42036
 30
0.0
  0
SPLINE
  5
FC
330
1F
100
AcDbEntity
  8
Camada 1
 62
   251
370
     9
100
AcDbSpline
210
0.0
220
0.0
230
1.0
 70
    24
 71
     3
 72
     8
 73
     4
 74
     0
 42
0.0000000001
 43
0.0000000001
 40
0.0
 40
0.0
 40
0.0
 40
0.0
 40
1.0
 40
1.0
 40
1.0
 40
1.0
 10
12.94751
 20
-5.36037
 30
0.0
 10
12.94751
 20
-5.36037
 30
0.0
 10
12.95104
 20
-5.36037
 30
0.0
 10
12.95104
 20
-5.36037
 30
0.0
  0
SPLINE
  5
FD
330
1F
100
AcDbEntity
  8
Camada 1
 62
   251
370
     9
100
AcDbSpline
210
0.0
220
0.0
230
1.0
 70
    24
 71
     3
 72
     8
 73
     4
 74
     0
 42
0.0000000001
 43
0.0000000001
 40
0.0
 40
0.0
 40
0.0
 40
0.0
 40
1.0
 40
1.0
 40
1.0
 40
1.0
 10
12.8734
 20
-5.29331
 30
0.0
 10
12.8734
 20
-5.29331
 30
0.0
 10
12.8734
 20
-5.28978
 30
0.0
 10
12.8734
 20
-5.28978
 30
0.0
  0
SPLINE
  5
FE
330
1F
100
AcDbEntity
  8
Camada 1
 62
   251
370
     9
100
AcDbSpline
210
0.0
220
0.0
230
1.0
 70
     8
 71
     3
 72
    20
 73
    16
 74
     0
 42
0.0000000001
 43
0.0000000001
 40
0.0
 40
0.0
 40
0.0
 40
0.0
 40
0.2
 40
0.2
 40
0.2
 40
0.4
 40
0.4
 40
0.4
 40
0.6000000000000001
 40
0.6000000000000001
 40
0.6000000000000001
 40
0.8
 40
0.8
 40
0.8
 40
1.0
 40
1.0
 40
1.0
 40
1.0
 10
12.95104
 20
-5.36037
 30
0.0
 10
12.95104
 20
-5.36037
 30
0.0
 10
12.94751
 20
-5.33566
 30
0.0
 10
12.94751
 20
-5.33566
 30
0.0
 10
12.94751
 20
-5.33566
 30
0.0
 10
12.93692
 20
-5.31449
 30
0.0
 10
12.93692
 20
-5.31449
 30
0.0
 10
12.93692
 20
-5.31449
 30
0.0
 10
12.91928
 20
-5.30038
 30
0.0
 10
12.91928
 20
-5.30038
 30
0.0
 10
12.91928
 20
-5.30038
 30
0.0
 10
12.89457
 20
-5.28978
 30
0.0
 10
12.89457
 20
-5.28978
 30
0.0
 10
12.89457
 20
-5.28978
 30
0.0
 10
12.8734
 20
-5.28978
 30
0.0
 10
12.8734
 20
-5.28978
 30
0.0
  0
SPLINE
  5
FF
330
1F
100
AcDbEntity
  8
Camada 1
 62
   251
370
     9
100
AcDbSpline
210
0.0
220
0.0
230
1.0
 70
    24
 71
     3
 72
     8
 73
     4
 74
     0
 42
0.0000000001
 43
0.0000000001
 40
0.0
 40
0.0
 40
0.0
 40
0.0
 40
1.0
 40
1.0
 40
1.0
 40
1.0
 10
13.6004
 20
-5.26155
 30
0.0
 10
13.6004
 20
-5.26155
 30
0.0
 10
13.59687
 20
-5.26508
 30
0.0
 10
13.59687
 20
-5.26508
 30
0.0
  0
SPLINE
  5
100
330
1F
100
AcDbEntity
  8
Camada 1
 62
   251
370
     9
100
AcDbSpline
210
0.0
220
0.0
230
1.0
 70
    24
 71
     3
 72
     8
 73
     4
 74
     0
 42
0.0000000001
 43
0.0000000001
 40
0.0
 40
0.0
 40
0.0
 40
0.0
 40
1.0
 40
1.0
 40
1.0
 40
1.0
 10
13.6004
 20
-5.26155
 30
0.0
 10
13.6004
 20
-5.26155
 30
0.0
 10
13.63922
 20
-5.26155
 30
0.0
 10
13.63922
 20
-5.26155
 30
0.0
  0
SPLINE
  5
101
330
1F
100
AcDbEntity
  8
Camada 1
 62
   251
370
     9
100
AcDbSpline
210
0.0
220
0.0
230
1.0
 70
    24
 71
     3
 72
     8
 73
     4
 74
     0
 42
0.0000000001
 43
0.0000000001
 40
0.0
 40
0.0
 40
0.0
 40
0.0
 40
1.0
 40
1.0
 40
1.0
 40
1.0
 10
13.63922
 20
-5.26155
 30
0.0
 10
13.63922
 20
-5.26155
 30
0.0
 10
13.64275
 20
-5.26508
 30
0.0
 10
13.64275
 20
-5.26508
 30
0.0
  0
SPLINE
  5
102
330
1F
100
AcDbEntity
  8
Camada 1
 62
   251
370
     9
100
AcDbSpline
210
0.0
220
0.0
230
1.0
 70
    24
 71
     3
 72
     8
 73
     4
 74
     0
 42
0.0000000001
 43
0.0000000001
 40
0.0
 40
0.0
 40
0.0
 40
0.0
 40
1.0
 40
1.0
 40
1.0
 40
1.0
 10
13.59687
 20
-5.26508
 30
0.0
 10
13.59687
 20
-5.26508
 30
0.0
 10
13.64275
 20
-5.26508
 30
0.0
 10
13.64275
 20
-5.26508
 30
0.0
  0
SPLINE
  5
103
330
1F
100
AcDbEntity
  8
Camada 1
 62
   251
370
     9
100
AcDbSpline
210
0.0
220
0.0
230
1.0
 70
    24
 71
     3
 72
     8
 73
     4
 74
     0
 42
0.0000000001
 43
0.0000000001
 40
0.0
 40
0.0
 40
0.0
 40
0.0
 40
1.0
 40
1.0
 40
1.0
 40
1.0
 10
12.94751
 20
-5.41683
 30
0.0
 10
12.94751
 20
-5.41683
 30
0.0
 10
12.95104
 20
-5.42036
 30
0.0
 10
12.95104
 20
-5.42036
 30
0.0
  0
SPLINE
  5
104
330
1F
100
AcDbEntity
  8
Camada 1
 62
   251
370
     9
100
AcDbSpline
210
0.0
220
0.0
230
1.0
 70
    24
 71
     3
 72
     8
 73
     4
 74
     0
 42
0.0000000001
 43
0.0000000001
 40
0.0
 40
0.0
 40
0.0
 40
0.0
 40
1.0
 40
1.0
 40
1.0
 40
1.0
 10
12.81693
 20
-5.42036
 30
0.0
 10
12.81693
 20
-5.42036
 30
0.0
 10
12.95104
 20
-5.42036
 30
0.0
 10
12.95104
 20
-5.42036
 30
0.0
  0
SPLINE
  5
105
330
1F
100
AcDbEntity
  8
Camada 1
 62
   251
370
     9
100
AcDbSpline
210
0.0
220
0.0
230
1.0
 70
    24
 71
     3
 72
     8
 73
     4
 74
     0
 42
0.0000000001
 43
0.0000000001
 40
0.0
 40
0.0
 40
0.0
 40
0.0
 40
1.0
 40
1.0
 40
1.0
 40
1.0
 10
12.56283
 20
-5.46271
 30
0.0
 10
12.56283
 20
-5.46271
 30
0.0
 10
12.55931
 20
-5.46271
 30
0.0
 10
12.55931
 20
-5.46271
 30
0.0
  0
SPLINE
  5
106
330
1F
100
AcDbEntity
  8
Camada 1
 62
   251
370
     9
100
AcDbSpline
210
0.0
220
0.0
230
1.0
 70
    24
 71
     3
 72
     8
 73
     4
 74
     0
 42
0.0000000001
 43
0.0000000001
 40
0.0
 40
0.0
 40
0.0
 40
0.0
 40
1.0
 40
1.0
 40
1.0
 40
1.0
 10
12.64047
 20
-5.52976
 30
0.0
 10
12.64047
 20
-5.52976
 30
0.0
 10
12.64047
 20
-5.53329
 30
0.0
 10
12.64047
 20
-5.53329
 30
0.0
  0
SPLINE
  5
107
330
1F
100
AcDbEntity
  8
Camada 1
 62
   251
370
     9
100
AcDbSpline
210
0.0
220
0.0
230
1.0
 70
     8
 71
     3
 72
    20
 73
    16
 74
     0
 42
0.0000000001
 43
0.0000000001
 40
0.0
 40
0.0
 40
0.0
 40
0.0
 40
0.2
 40
0.2
 40
0.2
 40
0.4
 40
0.4
 40
0.4
 40
0.6000000000000001
 40
0.6000000000000001
 40
0.6000000000000001
 40
0.8
 40
0.8
 40
0.8
 40
1.0
 40
1.0
 40
1.0
 40
1.0
 10
12.55931
 20
-5.46271
 30
0.0
 10
12.55931
 20
-5.46271
 30
0.0
 10
12.56283
 20
-5.48389
 30
0.0
 10
12.56283
 20
-5.48389
 30
0.0
 10
12.56283
 20
-5.48389
 30
0.0
 10
12.57342
 20
-5.50153
 30
0.0
 10
12.57342
 20
-5.50153
 30
0.0
 10
12.57342
 20
-5.50153
 30
0.0
 10
12.59107
 20
-5.51918
 30
0.0
 10
12.59107
 20
-5.51918
 30
0.0
 10
12.59107
 20
-5.51918
 30
0.0
 10
12.61224
 20
-5.52976
 30
0.0
 10
12.61224
 20
-5.52976
 30
0.0
 10
12.61224
 20
-5.52976
 30
0.0
 10
12.64047
 20
-5.53329
 30
0.0
 10
12.64047
 20
-5.53329
 30
0.0
  0
SPLINE
  5
108
330
1F
100
AcDbEntity
  8
Camada 1
 62
   251
370
     9
100
AcDbSpline
210
0.0
220
0.0
230
1.0
 70
     8
 71
     3
 72
    11
 73
     7
 74
     0
 42
0.0000000001
 43
0.0000000001
 40
0.0
 40
0.0
 40
0.0
 40
0.0
 40
0.5
 40
0.5
 40
0.5
 40
1.0
 40
1.0
 40
1.0
 40
1.0
 10
13.55805
 20
-5.31096
 30
0.0
 10
13.55805
 20
-5.31096
 30
0.0
 10
13.56157
 20
-5.31096
 30
0.0
 10
13.56157
 20
-5.31096
 30
0.0
 10
13.56157
 20
-5.31096
 30
0.0
 10
13.56511
 20
-5.31449
 30
0.0
 10
13.56511
 20
-5.31449
 30
0.0
  0
SPLINE
  5
109
330
1F
100
AcDbEntity
  8
Camada 1
 62
   251
370
     9
100
AcDbSpline
210
0.0
220
0.0
230
1.0
 70
     8
 71
     3
 72
    14
 73
    10
 74
     0
 42
0.0000000001
 43
0.0000000001
 40
0.0
 40
0.0
 40
0.0
 40
0.0
 40
0.3333333333333333
 40
0.3333333333333333
 40
0.3333333333333333
 40
0.6666666666666666
 40
0.6666666666666666
 40
0.6666666666666666
 40
1.0
 40
1.0
 40
1.0
 40
1.0
 10
13.55805
 20
-5.31096
 30
0.0
 10
13.55805
 20
-5.31096
 30
0.0
 10
13.53687
 20
-5.29684
 30
0.0
 10
13.53687
 20
-5.29684
 30
0.0
 10
13.53687
 20
-5.29684
 30
0.0
 10
13.51218
 20
-5.29331
 30
0.0
 10
13.51218
 20
-5.29331
 30
0.0
 10
13.51218
 20
-5.29331
 30
0.0
 10
13.50511
 20
-5.29331
 30
0.0
 10
13.50511
 20
-5.29331
 30
0.0
  0
SPLINE
  5
10A
330
1F
100
AcDbEntity
  8
Camada 1
 62
   251
370
     9
100
AcDbSpline
210
0.0
220
0.0
230
1.0
 70
    24
 71
     3
 72
     8
 73
     4
 74
     0
 42
0.0000000001
 43
0.0000000001
 40
0.0
 40
0.0
 40
0.0
 40
0.0
 40
1.0
 40
1.0
 40
1.0
 40
1.0
 10
13.50511
 20
-5.29331
 30
0.0
 10
13.50511
 20
-5.29331
 30
0.0
 10
13.50511
 20
-5.28978
 30
0.0
 10
13.50511
 20
-5.28978
 30
0.0
  0
SPLINE
  5
10B
330
1F
100
AcDbEntity
  8
Camada 1
 62
   251
370
     9
100
AcDbSpline
210
0.0
220
0.0
230
1.0
 70
     8
 71
     3
 72
    14
 73
    10
 74
     0
 42
0.0000000001
 43
0.0000000001
 40
0.0
 40
0.0
 40
0.0
 40
0.0
 40
0.3333333333333333
 40
0.3333333333333333
 40
0.3333333333333333
 40
0.6666666666666666
 40
0.6666666666666666
 40
0.6666666666666666
 40
1.0
 40
1.0
 40
1.0
 40
1.0
 10
13.56511
 20
-5.31449
 30
0.0
 10
13.56511
 20
-5.31449
 30
0.0
 10
13.54394
 20
-5.29684
 30
0.0
 10
13.54394
 20
-5.29684
 30
0.0
 10
13.54394
 20
-5.29684
 30
0.0
 10
13.51923
 20
-5.28978
 30
0.0
 10
13.51923
 20
-5.28978
 30
0.0
 10
13.51923
 20
-5.28978
 30
0.0
 10
13.50511
 20
-5.28978
 30
0.0
 10
13.50511
 20
-5.28978
 30
0.0
  0
SPLINE
  5
10C
330
1F
100
AcDbEntity
  8
Camada 1
 62
   251
370
     9
100
AcDbSpline
210
0.0
220
0.0
230
1.0
 70
    24
 71
     3
 72
     8
 73
     4
 74
     0
 42
0.0000000001
 43
0.0000000001
 40
0.0
 40
0.0
 40
0.0
 40
0.0
 40
1.0
 40
1.0
 40
1.0
 40
1.0
 10
12.77458
 20
-5.36037
 30
0.0
 10
12.77458
 20
-5.36037
 30
0.0
 10
12.77105
 20
-5.36037
 30
0.0
 10
12.77105
 20
-5.36037
 30
0.0
  0
SPLINE
  5
10D
330
1F
100
AcDbEntity
  8
Camada 1
 62
   251
370
     9
100
AcDbSpline
210
0.0
220
0.0
230
1.0
 70
    24
 71
     3
 72
     8
 73
     4
 74
     0
 42
0.0000000001
 43
0.0000000001
 40
0.0
 40
0.0
 40
0.0
 40
0.0
 40
1.0
 40
1.0
 40
1.0
 40
1.0
 10
12.77458
 20
-5.46271
 30
0.0
 10
12.77458
 20
-5.46271
 30
0.0
 10
12.77105
 20
-5.46271
 30
0.0
 10
12.77105
 20
-5.46271
 30
0.0
  0
SPLINE
  5
10E
330
1F
100
AcDbEntity
  8
Camada 1
 62
   251
370
     9
100
AcDbSpline
210
0.0
220
0.0
230
1.0
 70
    24
 71
     3
 72
     8
 73
     4
 74
     0
 42
0.0000000001
 43
0.0000000001
 40
0.0
 40
0.0
 40
0.0
 40
0.0
 40
1.0
 40
1.0
 40
1.0
 40
1.0
 10
12.77105
 20
-5.36037
 30
0.0
 10
12.77105
 20
-5.36037
 30
0.0
 10
12.77105
 20
-5.46271
 30
0.0
 10
12.77105
 20
-5.46271
 30
0.0
  0
SPLINE
  5
10F
330
1F
100
AcDbEntity
  8
Camada 1
 62
   251
370
     9
100
AcDbSpline
210
0.0
220
0.0
230
1.0
 70
    24
 71
     3
 72
     8
 73
     4
 74
     0
 42
0.0000000001
 43
0.0000000001
 40
0.0
 40
0.0
 40
0.0
 40
0.0
 40
1.0
 40
1.0
 40
1.0
 40
1.0
 10
13.74863
 20
-5.52976
 30
0.0
 10
13.74863
 20
-5.52976
 30
0.0
 10
13.74863
 20
-5.53329
 30
0.0
 10
13.74863
 20
-5.53329
 30
0.0
  0
SPLINE
  5
110
330
1F
100
AcDbEntity
  8
Camada 1
 62
   251
370
     9
100
AcDbSpline
210
0.0
220
0.0
230
1.0
 70
    24
 71
     3
 72
     8
 73
     4
 74
     0
 42
0.0000000001
 43
0.0000000001
 40
0.0
 40
0.0
 40
0.0
 40
0.0
 40
1.0
 40
1.0
 40
1.0
 40
1.0
 10
13.77333
 20
-5.52976
 30
0.0
 10
13.77333
 20
-5.52976
 30
0.0
 10
13.77333
 20
-5.53329
 30
0.0
 10
13.77333
 20
-5.53329
 30
0.0
  0
SPLINE
  5
111
330
1F
100
AcDbEntity
  8
Camada 1
 62
   251
370
     9
100
AcDbSpline
210
0.0
220
0.0
230
1.0
 70
    24
 71
     3
 72
     8
 73
     4
 74
     0
 42
0.0000000001
 43
0.0000000001
 40
0.0
 40
0.0
 40
0.0
 40
0.0
 40
1.0
 40
1.0
 40
1.0
 40
1.0
 10
13.74863
 20
-5.53329
 30
0.0
 10
13.74863
 20
-5.53329
 30
0.0
 10
13.77333
 20
-5.53329
 30
0.0
 10
13.77333
 20
-5.53329
 30
0.0
  0
SPLINE
  5
112
330
1F
100
AcDbEntity
  8
Camada 1
 62
   251
370
     9
100
AcDbSpline
210
0.0
220
0.0
230
1.0
 70
    24
 71
     3
 72
     8
 73
     4
 74
     0
 42
0.0000000001
 43
0.0000000001
 40
0.0
 40
0.0
 40
0.0
 40
0.0
 40
1.0
 40
1.0
 40
1.0
 40
1.0
 10
13.23337
 20
-5.44859
 30
0.0
 10
13.23337
 20
-5.44859
 30
0.0
 10
13.2369
 20
-5.44859
 30
0.0
 10
13.2369
 20
-5.44859
 30
0.0
  0
SPLINE
  5
113
330
1F
100
AcDbEntity
  8
Camada 1
 62
   251
370
     9
100
AcDbSpline
210
0.0
220
0.0
230
1.0
 70
    24
 71
     3
 72
     8
 73
     4
 74
     0
 42
0.0000000001
 43
0.0000000001
 40
0.0
 40
0.0
 40
0.0
 40
0.0
 40
1.0
 40
1.0
 40
1.0
 40
1.0
 10
13.28278
 20
-5.39918
 30
0.0
 10
13.28278
 20
-5.39918
 30
0.0
 10
13.28278
 20
-5.40271
 30
0.0
 10
13.28278
 20
-5.40271
 30
0.0
  0
SPLINE
  5
114
330
1F
100
AcDbEntity
  8
Camada 1
 62
   251
370
     9
100
AcDbSpline
210
0.0
220
0.0
230
1.0
 70
     8
 71
     3
 72
    20
 73
    16
 74
     0
 42
0.0000000001
 43
0.0000000001
 40
0.0
 40
0.0
 40
0.0
 40
0.0
 40
0.2
 40
0.2
 40
0.2
 40
0.4
 40
0.4
 40
0.4
 40
0.6000000000000001
 40
0.6000000000000001
 40
0.6000000000000001
 40
0.8
 40
0.8
 40
0.8
 40
1.0
 40
1.0
 40
1.0
 40
1.0
 10
13.28278
 20
-5.40271
 30
0.0
 10
13.28278
 20
-5.40271
 30
0.0
 10
13.26513
 20
-5.40271
 30
0.0
 10
13.26513
 20
-5.40271
 30
0.0
 10
13.26513
 20
-5.40271
 30
0.0
 10
13.25455
 20
-5.40978
 30
0.0
 10
13.25455
 20
-5.40978
 30
0.0
 10
13.25455
 20
-5.40978
 30
0.0
 10
13.24395
 20
-5.42389
 30
0.0
 10
13.24395
 20
-5.42389
 30
0.0
 10
13.24395
 20
-5.42389
 30
0.0
 10
13.2369
 20
-5.43801
 30
0.0
 10
13.2369
 20
-5.43801
 30
0.0
 10
13.2369
 20
-5.43801
 30
0.0
 10
13.2369
 20
-5.44859
 30
0.0
 10
13.2369
 20
-5.44859
 30
0.0
  0
SPLINE
  5
115
330
1F
100
AcDbEntity
  8
Camada 1
 62
   251
370
     9
100
AcDbSpline
210
0.0
220
0.0
230
1.0
 70
    24
 71
     3
 72
     8
 73
     4
 74
     0
 42
0.0000000001
 43
0.0000000001
 40
0.0
 40
0.0
 40
0.0
 40
0.0
 40
1.0
 40
1.0
 40
1.0
 40
1.0
 10
12.95104
 20
-5.42036
 30
0.0
 10
12.95104
 20
-5.42036
 30
0.0
 10
12.95104
 20
-5.36037
 30
0.0
 10
12.95104
 20
-5.36037
 30
0.0
  0
SPLINE
  5
116
330
1F
100
AcDbEntity
  8
Camada 1
 62
   251
370
     9
100
AcDbSpline
210
0.0
220
0.0
230
1.0
 70
    24
 71
     3
 72
     8
 73
     4
 74
     0
 42
0.0000000001
 43
0.0000000001
 40
0.0
 40
0.0
 40
0.0
 40
0.0
 40
1.0
 40
1.0
 40
1.0
 40
1.0
 10
13.67451
 20
-5.36037
 30
0.0
 10
13.67451
 20
-5.36037
 30
0.0
 10
13.67099
 20
-5.36037
 30
0.0
 10
13.67099
 20
-5.36037
 30
0.0
  0
SPLINE
  5
117
330
1F
100
AcDbEntity
  8
Camada 1
 62
   251
370
     9
100
AcDbSpline
210
0.0
220
0.0
230
1.0
 70
    24
 71
     3
 72
     8
 73
     4
 74
     0
 42
0.0000000001
 43
0.0000000001
 40
0.0
 40
0.0
 40
0.0
 40
0.0
 40
1.0
 40
1.0
 40
1.0
 40
1.0
 10
13.67451
 20
-5.46271
 30
0.0
 10
13.67451
 20
-5.46271
 30
0.0
 10
13.67099
 20
-5.46271
 30
0.0
 10
13.67099
 20
-5.46271
 30
0.0
  0
SPLINE
  5
118
330
1F
100
AcDbEntity
  8
Camada 1
 62
   251
370
     9
100
AcDbSpline
210
0.0
220
0.0
230
1.0
 70
    24
 71
     3
 72
     8
 73
     4
 74
     0
 42
0.0000000001
 43
0.0000000001
 40
0.0
 40
0.0
 40
0.0
 40
0.0
 40
1.0
 40
1.0
 40
1.0
 40
1.0
 10
13.67099
 20
-5.36037
 30
0.0
 10
13.67099
 20
-5.36037
 30
0.0
 10
13.67099
 20
-5.46271
 30
0.0
 10
13.67099
 20
-5.46271
 30
0.0
  0
SPLINE
  5
119
330
1F
100
AcDbEntity
  8
Camada 1
 62
   251
370
     9
100
AcDbSpline
210
0.0
220
0.0
230
1.0
 70
    24
 71
     3
 72
     8
 73
     4
 74
     0
 42
0.0000000001
 43
0.0000000001
 40
0.0
 40
0.0
 40
0.0
 40
0.0
 40
1.0
 40
1.0
 40
1.0
 40
1.0
 10
13.29336
 20
-5.29331
 30
0.0
 10
13.29336
 20
-5.29331
 30
0.0
 10
13.29336
 20
-5.28978
 30
0.0
 10
13.29336
 20
-5.28978
 30
0.0
  0
SPLINE
  5
11A
330
1F
100
AcDbEntity
  8
Camada 1
 62
   251
370
     9
100
AcDbSpline
210
0.0
220
0.0
230
1.0
 70
     8
 71
     3
 72
    20
 73
    16
 74
     0
 42
0.0000000001
 43
0.0000000001
 40
0.0
 40
0.0
 40
0.0
 40
0.0
 40
0.2
 40
0.2
 40
0.2
 40
0.4
 40
0.4
 40
0.4
 40
0.6000000000000001
 40
0.6000000000000001
 40
0.6000000000000001
 40
0.8
 40
0.8
 40
0.8
 40
1.0
 40
1.0
 40
1.0
 40
1.0
 10
13.371
 20
-5.36037
 30
0.0
 10
13.371
 20
-5.36037
 30
0.0
 10
13.36748
 20
-5.33919
 30
0.0
 10
13.36748
 20
-5.33919
 30
0.0
 10
13.36748
 20
-5.33919
 30
0.0
 10
13.35689
 20
-5.31802
 30
0.0
 10
13.35689
 20
-5.31802
 30
0.0
 10
13.35689
 20
-5.31802
 30
0.0
 10
13.34277
 20
-5.3039
 30
0.0
 10
13.34277
 20
-5.3039
 30
0.0
 10
13.34277
 20
-5.3039
 30
0.0
 10
13.31807
 20
-5.29331
 30
0.0
 10
13.31807
 20
-5.29331
 30
0.0
 10
13.31807
 20
-5.29331
 30
0.0
 10
13.29336
 20
-5.28978
 30
0.0
 10
13.29336
 20
-5.28978
 30
0.0
  0
SPLINE
  5
11B
330
1F
100
AcDbEntity
  8
Camada 1
 62
   251
370
     9
100
AcDbSpline
210
0.0
220
0.0
230
1.0
 70
    24
 71
     3
 72
     8
 73
     4
 74
     0
 42
0.0000000001
 43
0.0000000001
 40
0.0
 40
0.0
 40
0.0
 40
0.0
 40
1.0
 40
1.0
 40
1.0
 40
1.0
 10
13.23337
 20
-5.46624
 30
0.0
 10
13.23337
 20
-5.46624
 30
0.0
 10
13.2369
 20
-5.46624
 30
0.0
 10
13.2369
 20
-5.46624
 30
0.0
  0
SPLINE
  5
11C
330
1F
100
AcDbEntity
  8
Camada 1
 62
   251
370
     9
100
AcDbSpline
210
0.0
220
0.0
230
1.0
 70
    24
 71
     3
 72
     8
 73
     4
 74
     0
 42
0.0000000001
 43
0.0000000001
 40
0.0
 40
0.0
 40
0.0
 40
0.0
 40
1.0
 40
1.0
 40
1.0
 40
1.0
 10
13.2369
 20
-5.44859
 30
0.0
 10
13.2369
 20
-5.44859
 30
0.0
 10
13.2369
 20
-5.46624
 30
0.0
 10
13.2369
 20
-5.46624
 30
0.0
  0
SPLINE
  5
11D
330
1F
100
AcDbEntity
  8
Camada 1
 62
   251
370
     9
100
AcDbSpline
210
0.0
220
0.0
230
1.0
 70
    24
 71
     3
 72
     8
 73
     4
 74
     0
 42
0.0000000001
 43
0.0000000001
 40
0.0
 40
0.0
 40
0.0
 40
0.0
 40
1.0
 40
1.0
 40
1.0
 40
1.0
 10
13.33219
 20
-5.46977
 30
0.0
 10
13.33219
 20
-5.46977
 30
0.0
 10
13.32865
 20
-5.46977
 30
0.0
 10
13.32865
 20
-5.46977
 30
0.0
  0
SPLINE
  5
11E
330
1F
100
AcDbEntity
  8
Camada 1
 62
   251
370
     9
100
AcDbSpline
210
0.0
220
0.0
230
1.0
 70
    24
 71
     3
 72
     8
 73
     4
 74
     0
 42
0.0000000001
 43
0.0000000001
 40
0.0
 40
0.0
 40
0.0
 40
0.0
 40
1.0
 40
1.0
 40
1.0
 40
1.0
 10
13.28278
 20
-5.51565
 30
0.0
 10
13.28278
 20
-5.51565
 30
0.0
 10
13.28278
 20
-5.51212
 30
0.0
 10
13.28278
 20
-5.51212
 30
0.0
  0
SPLINE
  5
11F
330
1F
100
AcDbEntity
  8
Camada 1
 62
   251
370
     9
100
AcDbSpline
210
0.0
220
0.0
230
1.0
 70
     8
 71
     3
 72
    20
 73
    16
 74
     0
 42
0.0000000001
 43
0.0000000001
 40
0.0
 40
0.0
 40
0.0
 40
0.0
 40
0.2
 40
0.2
 40
0.2
 40
0.4
 40
0.4
 40
0.4
 40
0.6000000000000001
 40
0.6000000000000001
 40
0.6000000000000001
 40
0.8
 40
0.8
 40
0.8
 40
1.0
 40
1.0
 40
1.0
 40
1.0
 10
13.28278
 20
-5.51212
 30
0.0
 10
13.28278
 20
-5.51212
 30
0.0
 10
13.29689
 20
-5.51212
 30
0.0
 10
13.29689
 20
-5.51212
 30
0.0
 10
13.29689
 20
-5.51212
 30
0.0
 10
13.31101
 20
-5.50506
 30
0.0
 10
13.31101
 20
-5.50506
 30
0.0
 10
13.31101
 20
-5.50506
 30
0.0
 10
13.3216
 20
-5.49095
 30
0.0
 10
13.3216
 20
-5.49095
 30
0.0
 10
13.3216
 20
-5.49095
 30
0.0
 10
13.32512
 20
-5.47683
 30
0.0
 10
13.32512
 20
-5.47683
 30
0.0
 10
13.32512
 20
-5.47683
 30
0.0
 10
13.32865
 20
-5.46977
 30
0.0
 10
13.32865
 20
-5.46977
 30
0.0
  0
SPLINE
  5
120
330
1F
100
AcDbEntity
  8
Camada 1
 62
   251
370
     9
100
AcDbSpline
210
0.0
220
0.0
230
1.0
 70
    24
 71
     3
 72
     8
 73
     4
 74
     0
 42
0.0000000001
 43
0.0000000001
 40
0.0
 40
0.0
 40
0.0
 40
0.0
 40
1.0
 40
1.0
 40
1.0
 40
1.0
 10
13.74863
 20
-5.29331
 30
0.0
 10
13.74863
 20
-5.29331
 30
0.0
 10
13.74863
 20
-5.28978
 30
0.0
 10
13.74863
 20
-5.28978
 30
0.0
  0
SPLINE
  5
121
330
1F
100
AcDbEntity
  8
Camada 1
 62
   251
370
     9
100
AcDbSpline
210
0.0
220
0.0
230
1.0
 70
     8
 71
     3
 72
    20
 73
    16
 74
     0
 42
0.0000000001
 43
0.0000000001
 40
0.0
 40
0.0
 40
0.0
 40
0.0
 40
0.2
 40
0.2
 40
0.2
 40
0.4
 40
0.4
 40
0.4
 40
0.6000000000000001
 40
0.6000000000000001
 40
0.6000000000000001
 40
0.8
 40
0.8
 40
0.8
 40
1.0
 40
1.0
 40
1.0
 40
1.0
 10
13.74863
 20
-5.28978
 30
0.0
 10
13.74863
 20
-5.28978
 30
0.0
 10
13.72392
 20
-5.29331
 30
0.0
 10
13.72392
 20
-5.29331
 30
0.0
 10
13.72392
 20
-5.29331
 30
0.0
 10
13.69922
 20
-5.3039
 30
0.0
 10
13.69922
 20
-5.3039
 30
0.0
 10
13.69922
 20
-5.3039
 30
0.0
 10
13.68157
 20
-5.32154
 30
0.0
 10
13.68157
 20
-5.32154
 30
0.0
 10
13.68157
 20
-5.32154
 30
0.0
 10
13.67099
 20
-5.33919
 30
0.0
 10
13.67099
 20
-5.33919
 30
0.0
 10
13.67099
 20
-5.33919
 30
0.0
 10
13.67099
 20
-5.36037
 30
0.0
 10
13.67099
 20
-5.36037
 30
0.0
  0
SPLINE
  5
122
330
1F
100
AcDbEntity
  8
Camada 1
 62
   251
370
     9
100
AcDbSpline
210
0.0
220
0.0
230
1.0
 70
    24
 71
     3
 72
    11
 73
     7
 74
     0
 42
0.0000000001
 43
0.0000000001
 40
0.0
 40
0.0
 40
0.0
 40
0.0
 40
0.5
 40
0.5
 40
0.5
 40
1.0
 40
1.0
 40
1.0
 40
1.0
 10
13.52629
 20
-5.32154
 30
0.0
 10
13.52629
 20
-5.32154
 30
0.0
 10
13.52629
 20
-5.32154
 30
0.0
 10
13.52629
 20
-5.32154
 30
0.0
 10
13.52629
 20
-5.32154
 30
0.0
 10
13.52629
 20
-5.32507
 30
0.0
 10
13.52629
 20
-5.32507
 30
0.0
  0
SPLINE
  5
123
330
1F
100
AcDbEntity
  8
Camada 1
 62
   251
370
     9
100
AcDbSpline
210
0.0
220
0.0
230
1.0
 70
    24
 71
     3
 72
     8
 73
     4
 74
     0
 42
0.0000000001
 43
0.0000000001
 40
0.0
 40
0.0
 40
0.0
 40
0.0
 40
1.0
 40
1.0
 40
1.0
 40
1.0
 10
13.52629
 20
-5.32154
 30
0.0
 10
13.52629
 20
-5.32154
 30
0.0
 10
13.55805
 20
-5.31096
 30
0.0
 10
13.55805
 20
-5.31096
 30
0.0
  0
SPLINE
  5
124
330
1F
100
AcDbEntity
  8
Camada 1
 62
   251
370
     9
100
AcDbSpline
210
0.0
220
0.0
230
1.0
 70
    24
 71
     3
 72
     8
 73
     4
 74
     0
 42
0.0000000001
 43
0.0000000001
 40
0.0
 40
0.0
 40
0.0
 40
0.0
 40
1.0
 40
1.0
 40
1.0
 40
1.0
 10
13.52629
 20
-5.32507
 30
0.0
 10
13.52629
 20
-5.32507
 30
0.0
 10
13.56511
 20
-5.31449
 30
0.0
 10
13.56511
 20
-5.31449
 30
0.0
  0
SPLINE
  5
125
330
1F
100
AcDbEntity
  8
Camada 1
 62
   251
370
     9
100
AcDbSpline
210
0.0
220
0.0
230
1.0
 70
     8
 71
     3
 72
    20
 73
    16
 74
     0
 42
0.0000000001
 43
0.0000000001
 40
0.0
 40
0.0
 40
0.0
 40
0.0
 40
0.2
 40
0.2
 40
0.2
 40
0.4
 40
0.4
 40
0.4
 40
0.6000000000000001
 40
0.6000000000000001
 40
0.6000000000000001
 40
0.8
 40
0.8
 40
0.8
 40
1.0
 40
1.0
 40
1.0
 40
1.0
 10
13.44159
 20
-5.35331
 30
0.0
 10
13.44159
 20
-5.35331
 30
0.0
 10
13.44512
 20
-5.33919
 30
0.0
 10
13.44512
 20
-5.33919
 30
0.0
 10
13.44512
 20
-5.33919
 30
0.0
 10
13.45217
 20
-5.32507
 30
0.0
 10
13.45217
 20
-5.32507
 30
0.0
 10
13.45217
 20
-5.32507
 30
0.0
 10
13.46629
 20
-5.31449
 30
0.0
 10
13.46629
 20
-5.31449
 30
0.0
 10
13.46629
 20
-5.31449
 30
0.0
 10
13.48041
 20
-5.30743
 30
0.0
 10
13.48041
 20
-5.30743
 30
0.0
 10
13.48041
 20
-5.30743
 30
0.0
 10
13.491
 20
-5.3039
 30
0.0
 10
13.491
 20
-5.3039
 30
0.0
  0
SPLINE
  5
126
330
1F
100
AcDbEntity
  8
Camada 1
 62
   251
370
     9
100
AcDbSpline
210
0.0
220
0.0
230
1.0
 70
    24
 71
     3
 72
     8
 73
     4
 74
     0
 42
0.0000000001
 43
0.0000000001
 40
0.0
 40
0.0
 40
0.0
 40
0.0
 40
1.0
 40
1.0
 40
1.0
 40
1.0
 10
13.44159
 20
-5.52976
 30
0.0
 10
13.44159
 20
-5.52976
 30
0.0
 10
13.44159
 20
-5.35331
 30
0.0
 10
13.44159
 20
-5.35331
 30
0.0
  0
SPLINE
  5
127
330
1F
100
AcDbEntity
  8
Camada 1
 62
   251
370
     9
100
AcDbSpline
210
0.0
220
0.0
230
1.0
 70
    24
 71
     3
 72
     8
 73
     4
 74
     0
 42
0.0000000001
 43
0.0000000001
 40
0.0
 40
0.0
 40
0.0
 40
0.0
 40
1.0
 40
1.0
 40
1.0
 40
1.0
 10
13.40276
 20
-5.52976
 30
0.0
 10
13.40276
 20
-5.52976
 30
0.0
 10
13.44159
 20
-5.52976
 30
0.0
 10
13.44159
 20
-5.52976
 30
0.0
  0
SPLINE
  5
128
330
1F
100
AcDbEntity
  8
Camada 1
 62
   251
370
     9
100
AcDbSpline
210
0.0
220
0.0
230
1.0
 70
    24
 71
     3
 72
     8
 73
     4
 74
     0
 42
0.0000000001
 43
0.0000000001
 40
0.0
 40
0.0
 40
0.0
 40
0.0
 40
1.0
 40
1.0
 40
1.0
 40
1.0
 10
13.40276
 20
-5.29331
 30
0.0
 10
13.40276
 20
-5.29331
 30
0.0
 10
13.40276
 20
-5.52976
 30
0.0
 10
13.40276
 20
-5.52976
 30
0.0
  0
SPLINE
  5
129
330
1F
100
AcDbEntity
  8
Camada 1
 62
   251
370
     9
100
AcDbSpline
210
0.0
220
0.0
230
1.0
 70
    24
 71
     3
 72
     8
 73
     4
 74
     0
 42
0.0000000001
 43
0.0000000001
 40
0.0
 40
0.0
 40
0.0
 40
0.0
 40
1.0
 40
1.0
 40
1.0
 40
1.0
 10
13.44159
 20
-5.29331
 30
0.0
 10
13.44159
 20
-5.29331
 30
0.0
 10
13.40276
 20
-5.29331
 30
0.0
 10
13.40276
 20
-5.29331
 30
0.0
  0
SPLINE
  5
12A
330
1F
100
AcDbEntity
  8
Camada 1
 62
   251
370
     9
100
AcDbSpline
210
0.0
220
0.0
230
1.0
 70
    24
 71
     3
 72
     8
 73
     4
 74
     0
 42
0.0000000001
 43
0.0000000001
 40
0.0
 40
0.0
 40
0.0
 40
0.0
 40
1.0
 40
1.0
 40
1.0
 40
1.0
 10
13.44159
 20
-5.30038
 30
0.0
 10
13.44159
 20
-5.30038
 30
0.0
 10
13.44159
 20
-5.29331
 30
0.0
 10
13.44159
 20
-5.29331
 30
0.0
  0
SPLINE
  5
12B
330
1F
100
AcDbEntity
  8
Camada 1
 62
   251
370
     9
100
AcDbSpline
210
0.0
220
0.0
230
1.0
 70
     8
 71
     3
 72
    14
 73
    10
 74
     0
 42
0.0000000001
 43
0.0000000001
 40
0.0
 40
0.0
 40
0.0
 40
0.0
 40
0.3333333333333333
 40
0.3333333333333333
 40
0.3333333333333333
 40
0.6666666666666666
 40
0.6666666666666666
 40
0.6666666666666666
 40
1.0
 40
1.0
 40
1.0
 40
1.0
 10
13.47688
 20
-5.29331
 30
0.0
 10
13.47688
 20
-5.29331
 30
0.0
 10
13.46629
 20
-5.29331
 30
0.0
 10
13.46629
 20
-5.29331
 30
0.0
 10
13.46629
 20
-5.29331
 30
0.0
 10
13.45217
 20
-5.29684
 30
0.0
 10
13.45217
 20
-5.29684
 30
0.0
 10
13.45217
 20
-5.29684
 30
0.0
 10
13.44159
 20
-5.30038
 30
0.0
 10
13.44159
 20
-5.30038
 30
0.0
  0
SPLINE
  5
12C
330
1F
100
AcDbEntity
  8
Camada 1
 62
   251
370
     9
100
AcDbSpline
210
0.0
220
0.0
230
1.0
 70
    24
 71
     3
 72
     8
 73
     4
 74
     0
 42
0.0000000001
 43
0.0000000001
 40
0.0
 40
0.0
 40
0.0
 40
0.0
 40
1.0
 40
1.0
 40
1.0
 40
1.0
 10
13.50511
 20
-5.29331
 30
0.0
 10
13.50511
 20
-5.29331
 30
0.0
 10
13.47688
 20
-5.29331
 30
0.0
 10
13.47688
 20
-5.29331
 30
0.0
  0
SPLINE
  5
12D
330
1F
100
AcDbEntity
  8
Camada 1
 62
   251
370
     9
100
AcDbSpline
210
0.0
220
0.0
230
1.0
 70
     8
 71
     3
 72
    14
 73
    10
 74
     0
 42
0.0000000001
 43
0.0000000001
 40
0.0
 40
0.0
 40
0.0
 40
0.0
 40
0.3333333333333333
 40
0.3333333333333333
 40
0.3333333333333333
 40
0.6666666666666666
 40
0.6666666666666666
 40
0.6666666666666666
 40
1.0
 40
1.0
 40
1.0
 40
1.0
 10
13.491
 20
-5.3039
 30
0.0
 10
13.491
 20
-5.3039
 30
0.0
 10
13.50864
 20
-5.30743
 30
0.0
 10
13.50864
 20
-5.30743
 30
0.0
 10
13.50864
 20
-5.30743
 30
0.0
 10
13.52276
 20
-5.31449
 30
0.0
 10
13.52276
 20
-5.31449
 30
0.0
 10
13.52276
 20
-5.31449
 30
0.0
 10
13.52629
 20
-5.32154
 30
0.0
 10
13.52629
 20
-5.32154
 30
0.0
  0
SPLINE
  5
12E
330
1F
100
AcDbEntity
  8
Camada 1
 62
   251
370
     9
100
AcDbSpline
210
0.0
220
0.0
230
1.0
 70
     8
 71
     3
 72
    11
 73
     7
 74
     0
 42
0.0000000001
 43
0.0000000001
 40
0.0
 40
0.0
 40
0.0
 40
0.0
 40
0.5
 40
0.5
 40
0.5
 40
1.0
 40
1.0
 40
1.0
 40
1.0
 10
12.52755
 20
-5.2792
 30
0.0
 10
12.52755
 20
-5.2792
 30
0.0
 10
12.52755
 20
-5.28273
 30
0.0
 10
12.52755
 20
-5.28273
 30
0.0
 10
12.52755
 20
-5.28273
 30
0.0
 10
12.53107
 20
-5.28273
 30
0.0
 10
12.53107
 20
-5.28273
 30
0.0
  0
SPLINE
  5
12F
330
1F
100
AcDbEntity
  8
Camada 1
 62
   251
370
     9
100
AcDbSpline
210
0.0
220
0.0
230
1.0
 70
     8
 71
     3
 72
    17
 73
    13
 74
     0
 42
0.0000000001
 43
0.0000000001
 40
0.0
 40
0.0
 40
0.0
 40
0.0
 40
0.25
 40
0.25
 40
0.25
 40
0.5
 40
0.5
 40
0.5
 40
0.75
 40
0.75
 40
0.75
 40
1.0
 40
1.0
 40
1.0
 40
1.0
 10
12.52755
 20
-5.2792
 30
0.0
 10
12.52755
 20
-5.2792
 30
0.0
 10
12.51695
 20
-5.26155
 30
0.0
 10
12.51695
 20
-5.26155
 30
0.0
 10
12.51695
 20
-5.26155
 30
0.0
 10
12.50284
 20
-5.24743
 30
0.0
 10
12.50284
 20
-5.24743
 30
0.0
 10
12.50284
 20
-5.24743
 30
0.0
 10
12.48166
 20
-5.23685
 30
0.0
 10
12.48166
 20
-5.23685
 30
0.0
 10
12.48166
 20
-5.23685
 30
0.0
 10
12.45696
 20
-5.23332
 30
0.0
 10
12.45696
 20
-5.23332
 30
0.0
  0
SPLINE
  5
130
330
1F
100
AcDbEntity
  8
Camada 1
 62
   251
370
     9
100
AcDbSpline
210
0.0
220
0.0
230
1.0
 70
    24
 71
     3
 72
     8
 73
     4
 74
     0
 42
0.0000000001
 43
0.0000000001
 40
0.0
 40
0.0
 40
0.0
 40
0.0
 40
1.0
 40
1.0
 40
1.0
 40
1.0
 10
12.45696
 20
-5.23332
 30
0.0
 10
12.45696
 20
-5.23332
 30
0.0
 10
12.45696
 20
-5.22979
 30
0.0
 10
12.45696
 20
-5.22979
 30
0.0
  0
SPLINE
  5
131
330
1F
100
AcDbEntity
  8
Camada 1
 62
   251
370
     9
100
AcDbSpline
210
0.0
220
0.0
230
1.0
 70
     8
 71
     3
 72
    20
 73
    16
 74
     0
 42
0.0000000001
 43
0.0000000001
 40
0.0
 40
0.0
 40
0.0
 40
0.0
 40
0.2
 40
0.2
 40
0.2
 40
0.4
 40
0.4
 40
0.4
 40
0.6000000000000001
 40
0.6000000000000001
 40
0.6000000000000001
 40
0.8
 40
0.8
 40
0.8
 40
1.0
 40
1.0
 40
1.0
 40
1.0
 10
12.53107
 20
-5.28273
 30
0.0
 10
12.53107
 20
-5.28273
 30
0.0
 10
12.52048
 20
-5.26155
 30
0.0
 10
12.52048
 20
-5.26155
 30
0.0
 10
12.52048
 20
-5.26155
 30
0.0
 10
12.50637
 20
-5.24743
 30
0.0
 10
12.50637
 20
-5.24743
 30
0.0
 10
12.50637
 20
-5.24743
 30
0.0
 10
12.48519
 20
-5.23332
 30
0.0
 10
12.48519
 20
-5.23332
 30
0.0
 10
12.48519
 20
-5.23332
 30
0.0
 10
12.46049
 20
-5.22979
 30
0.0
 10
12.46049
 20
-5.22979
 30
0.0
 10
12.46049
 20
-5.22979
 30
0.0
 10
12.45696
 20
-5.22979
 30
0.0
 10
12.45696
 20
-5.22979
 30
0.0
  0
SPLINE
  5
132
330
1F
100
AcDbEntity
  8
Camada 1
 62
   251
370
     9
100
AcDbSpline
210
0.0
220
0.0
230
1.0
 70
    24
 71
     3
 72
     8
 73
     4
 74
     0
 42
0.0000000001
 43
0.0000000001
 40
0.0
 40
0.0
 40
0.0
 40
0.0
 40
1.0
 40
1.0
 40
1.0
 40
1.0
 10
12.46049
 20
-5.38154
 30
0.0
 10
12.46049
 20
-5.38154
 30
0.0
 10
12.46402
 20
-5.37801
 30
0.0
 10
12.46402
 20
-5.37801
 30
0.0
  0
SPLINE
  5
133
330
1F
100
AcDbEntity
  8
Camada 1
 62
   251
370
     9
100
AcDbSpline
210
0.0
220
0.0
230
1.0
 70
     8
 71
     3
 72
    17
 73
    13
 74
     0
 42
0.0000000001
 43
0.0000000001
 40
0.0
 40
0.0
 40
0.0
 40
0.0
 40
0.25
 40
0.25
 40
0.25
 40
0.5
 40
0.5
 40
0.5
 40
0.75
 40
0.75
 40
0.75
 40
1.0
 40
1.0
 40
1.0
 40
1.0
 10
12.46049
 20
-5.38154
 30
0.0
 10
12.46049
 20
-5.38154
 30
0.0
 10
12.42167
 20
-5.35331
 30
0.0
 10
12.42167
 20
-5.35331
 30
0.0
 10
12.42167
 20
-5.35331
 30
0.0
 10
12.40402
 20
-5.33214
 30
0.0
 10
12.40402
 20
-5.33214
 30
0.0
 10
12.40402
 20
-5.33214
 30
0.0
 10
12.39344
 20
-5.30743
 30
0.0
 10
12.39344
 20
-5.30743
 30
0.0
 10
12.39344
 20
-5.30743
 30
0.0
 10
12.39344
 20
-5.29331
 30
0.0
 10
12.39344
 20
-5.29331
 30
0.0
  0
SPLINE
  5
134
330
1F
100
AcDbEntity
  8
Camada 1
 62
   251
370
     9
100
AcDbSpline
210
0.0
220
0.0
230
1.0
 70
    24
 71
     3
 72
     8
 73
     4
 74
     0
 42
0.0000000001
 43
0.0000000001
 40
0.0
 40
0.0
 40
0.0
 40
0.0
 40
1.0
 40
1.0
 40
1.0
 40
1.0
 10
12.39344
 20
-5.29331
 30
0.0
 10
12.39344
 20
-5.29331
 30
0.0
 10
12.39697
 20
-5.29331
 30
0.0
 10
12.39697
 20
-5.29331
 30
0.0
  0
SPLINE
  5
135
330
1F
100
AcDbEntity
  8
Camada 1
 62
   251
370
     9
100
AcDbSpline
210
0.0
220
0.0
230
1.0
 70
     8
 71
     3
 72
    17
 73
    13
 74
     0
 42
0.0000000001
 43
0.0000000001
 40
0.0
 40
0.0
 40
0.0
 40
0.0
 40
0.25
 40
0.25
 40
0.25
 40
0.5
 40
0.5
 40
0.5
 40
0.75
 40
0.75
 40
0.75
 40
1.0
 40
1.0
 40
1.0
 40
1.0
 10
12.46402
 20
-5.37801
 30
0.0
 10
12.46402
 20
-5.37801
 30
0.0
 10
12.42167
 20
-5.34977
 30
0.0
 10
12.42167
 20
-5.34977
 30
0.0
 10
12.42167
 20
-5.34977
 30
0.0
 10
12.40755
 20
-5.32861
 30
0.0
 10
12.40755
 20
-5.32861
 30
0.0
 10
12.40755
 20
-5.32861
 30
0.0
 10
12.39697
 20
-5.30743
 30
0.0
 10
12.39697
 20
-5.30743
 30
0.0
 10
12.39697
 20
-5.30743
 30
0.0
 10
12.39697
 20
-5.29331
 30
0.0
 10
12.39697
 20
-5.29331
 30
0.0
  0
SPLINE
  5
136
330
1F
100
AcDbEntity
  8
Camada 1
 62
   251
370
     9
100
AcDbSpline
210
0.0
220
0.0
230
1.0
 70
    24
 71
     3
 72
     8
 73
     4
 74
     0
 42
0.0000000001
 43
0.0000000001
 40
0.0
 40
0.0
 40
0.0
 40
0.0
 40
1.0
 40
1.0
 40
1.0
 40
1.0
 10
13.29336
 20
-5.28978
 30
0.0
 10
13.29336
 20
-5.28978
 30
0.0
 10
13.26866
 20
-5.28978
 30
0.0
 10
13.26866
 20
-5.28978
 30
0.0
  0
SPLINE
  5
137
330
1F
100
AcDbEntity
  8
Camada 1
 62
   251
370
     9
100
AcDbSpline
210
0.0
220
0.0
230
1.0
 70
    24
 71
     3
 72
     8
 73
     4
 74
     0
 42
0.0000000001
 43
0.0000000001
 40
0.0
 40
0.0
 40
0.0
 40
0.0
 40
1.0
 40
1.0
 40
1.0
 40
1.0
 10
12.56283
 20
-5.36037
 30
0.0
 10
12.56283
 20
-5.36037
 30
0.0
 10
12.55931
 20
-5.36037
 30
0.0
 10
12.55931
 20
-5.36037
 30
0.0
  0
SPLINE
  5
138
330
1F
100
AcDbEntity
  8
Camada 1
 62
   251
370
     9
100
AcDbSpline
210
0.0
220
0.0
230
1.0
 70
    24
 71
     3
 72
     8
 73
     4
 74
     0
 42
0.0000000001
 43
0.0000000001
 40
0.0
 40
0.0
 40
0.0
 40
0.0
 40
1.0
 40
1.0
 40
1.0
 40
1.0
 10
12.55931
 20
-5.36037
 30
0.0
 10
12.55931
 20
-5.36037
 30
0.0
 10
12.55931
 20
-5.46271
 30
0.0
 10
12.55931
 20
-5.46271
 30
0.0
  0
SPLINE
  5
139
330
1F
100
AcDbEntity
  8
Camada 1
 62
   251
370
     9
100
AcDbSpline
210
0.0
220
0.0
230
1.0
 70
    24
 71
     3
 72
     8
 73
     4
 74
     0
 42
0.0000000001
 43
0.0000000001
 40
0.0
 40
0.0
 40
0.0
 40
0.0
 40
1.0
 40
1.0
 40
1.0
 40
1.0
 10
12.8734
 20
-5.52976
 30
0.0
 10
12.8734
 20
-5.52976
 30
0.0
 10
12.8734
 20
-5.53329
 30
0.0
 10
12.8734
 20
-5.53329
 30
0.0
  0
SPLINE
  5
13A
330
1F
100
AcDbEntity
  8
Camada 1
 62
   251
370
     9
100
AcDbSpline
210
0.0
220
0.0
230
1.0
 70
     8
 71
     3
 72
    17
 73
    13
 74
     0
 42
0.0000000001
 43
0.0000000001
 40
0.0
 40
0.0
 40
0.0
 40
0.0
 40
0.25
 40
0.25
 40
0.25
 40
0.5
 40
0.5
 40
0.5
 40
0.75
 40
0.75
 40
0.75
 40
1.0
 40
1.0
 40
1.0
 40
1.0
 10
12.8734
 20
-5.53329
 30
0.0
 10
12.8734
 20
-5.53329
 30
0.0
 10
12.8981
 20
-5.52976
 30
0.0
 10
12.8981
 20
-5.52976
 30
0.0
 10
12.8981
 20
-5.52976
 30
0.0
 10
12.92281
 20
-5.51918
 30
0.0
 10
12.92281
 20
-5.51918
 30
0.0
 10
12.92281
 20
-5.51918
 30
0.0
 10
12.94398
 20
-5.498
 30
0.0
 10
12.94398
 20
-5.498
 30
0.0
 10
12.94398
 20
-5.498
 30
0.0
 10
12.95104
 20
-5.47683
 30
0.0
 10
12.95104
 20
-5.47683
 30
0.0
  0
SPLINE
  5
13B
330
1F
100
AcDbEntity
  8
Camada 1
 62
   251
370
     9
100
AcDbSpline
210
0.0
220
0.0
230
1.0
 70
    24
 71
     3
 72
     8
 73
     4
 74
     0
 42
0.0000000001
 43
0.0000000001
 40
0.0
 40
0.0
 40
0.0
 40
0.0
 40
1.0
 40
1.0
 40
1.0
 40
1.0
 10
13.6004
 20
-5.23332
 30
0.0
 10
13.6004
 20
-5.23332
 30
0.0
 10
13.59687
 20
-5.22979
 30
0.0
 10
13.59687
 20
-5.22979
 30
0.0
  0
SPLINE
  5
13C
330
1F
100
AcDbEntity
  8
Camada 1
 62
   251
370
     9
100
AcDbSpline
210
0.0
220
0.0
230
1.0
 70
    24
 71
     3
 72
     8
 73
     4
 74
     0
 42
0.0000000001
 43
0.0000000001
 40
0.0
 40
0.0
 40
0.0
 40
0.0
 40
1.0
 40
1.0
 40
1.0
 40
1.0
 10
13.6004
 20
-5.23332
 30
0.0
 10
13.6004
 20
-5.23332
 30
0.0
 10
13.6004
 20
-5.26155
 30
0.0
 10
13.6004
 20
-5.26155
 30
0.0
  0
SPLINE
  5
13D
330
1F
100
AcDbEntity
  8
Camada 1
 62
   251
370
     9
100
AcDbSpline
210
0.0
220
0.0
230
1.0
 70
    24
 71
     3
 72
     8
 73
     4
 74
     0
 42
0.0000000001
 43
0.0000000001
 40
0.0
 40
0.0
 40
0.0
 40
0.0
 40
1.0
 40
1.0
 40
1.0
 40
1.0
 10
13.59687
 20
-5.22979
 30
0.0
 10
13.59687
 20
-5.22979
 30
0.0
 10
13.59687
 20
-5.26508
 30
0.0
 10
13.59687
 20
-5.26508
 30
0.0
  0
SPLINE
  5
13E
330
1F
100
AcDbEntity
  8
Camada 1
 62
   251
370
     9
100
AcDbSpline
210
0.0
220
0.0
230
1.0
 70
    24
 71
     3
 72
     8
 73
     4
 74
     0
 42
0.0000000001
 43
0.0000000001
 40
0.0
 40
0.0
 40
0.0
 40
0.0
 40
1.0
 40
1.0
 40
1.0
 40
1.0
 10
12.39344
 20
-5.4733
 30
0.0
 10
12.39344
 20
-5.4733
 30
0.0
 10
12.39697
 20
-5.4733
 30
0.0
 10
12.39697
 20
-5.4733
 30
0.0
  0
SPLINE
  5
13F
330
1F
100
AcDbEntity
  8
Camada 1
 62
   251
370
     9
100
AcDbSpline
210
0.0
220
0.0
230
1.0
 70
    24
 71
     3
 72
     8
 73
     4
 74
     0
 42
0.0000000001
 43
0.0000000001
 40
0.0
 40
0.0
 40
0.0
 40
0.0
 40
1.0
 40
1.0
 40
1.0
 40
1.0
 10
12.39344
 20
-5.4733
 30
0.0
 10
12.39344
 20
-5.4733
 30
0.0
 10
12.39344
 20
-5.44154
 30
0.0
 10
12.39344
 20
-5.44154
 30
0.0
  0
SPLINE
  5
140
330
1F
100
AcDbEntity
  8
Camada 1
 62
   251
370
     9
100
AcDbSpline
210
0.0
220
0.0
230
1.0
 70
    24
 71
     3
 72
     8
 73
     4
 74
     0
 42
0.0000000001
 43
0.0000000001
 40
0.0
 40
0.0
 40
0.0
 40
0.0
 40
1.0
 40
1.0
 40
1.0
 40
1.0
 10
12.39344
 20
-5.44154
 30
0.0
 10
12.39344
 20
-5.44154
 30
0.0
 10
12.39697
 20
-5.43801
 30
0.0
 10
12.39697
 20
-5.43801
 30
0.0
  0
SPLINE
  5
141
330
1F
100
AcDbEntity
  8
Camada 1
 62
   251
370
     9
100
AcDbSpline
210
0.0
220
0.0
230
1.0
 70
    24
 71
     3
 72
     8
 73
     4
 74
     0
 42
0.0000000001
 43
0.0000000001
 40
0.0
 40
0.0
 40
0.0
 40
0.0
 40
1.0
 40
1.0
 40
1.0
 40
1.0
 10
12.39697
 20
-5.4733
 30
0.0
 10
12.39697
 20
-5.4733
 30
0.0
 10
12.39697
 20
-5.43801
 30
0.0
 10
12.39697
 20
-5.43801
 30
0.0
  0
SPLINE
  5
142
330
1F
100
AcDbEntity
  8
Camada 1
 62
   251
370
     9
100
AcDbSpline
210
0.0
220
0.0
230
1.0
 70
    24
 71
     3
 72
     8
 73
     4
 74
     0
 42
0.0000000001
 43
0.0000000001
 40
0.0
 40
0.0
 40
0.0
 40
0.0
 40
1.0
 40
1.0
 40
1.0
 40
1.0
 10
12.42167
 20
-5.38154
 30
0.0
 10
12.42167
 20
-5.38154
 30
0.0
 10
12.42167
 20
-5.38507
 30
0.0
 10
12.42167
 20
-5.38507
 30
0.0
  0
SPLINE
  5
143
330
1F
100
AcDbEntity
  8
Camada 1
 62
   251
370
     9
100
AcDbSpline
210
0.0
220
0.0
230
1.0
 70
     8
 71
     3
 72
    17
 73
    13
 74
     0
 42
0.0000000001
 43
0.0000000001
 40
0.0
 40
0.0
 40
0.0
 40
0.0
 40
0.25
 40
0.25
 40
0.25
 40
0.5
 40
0.5
 40
0.5
 40
0.75
 40
0.75
 40
0.75
 40
1.0
 40
1.0
 40
1.0
 40
1.0
 10
12.42167
 20
-5.38154
 30
0.0
 10
12.42167
 20
-5.38154
 30
0.0
 10
12.46402
 20
-5.40978
 30
0.0
 10
12.46402
 20
-5.40978
 30
0.0
 10
12.46402
 20
-5.40978
 30
0.0
 10
12.48166
 20
-5.43095
 30
0.0
 10
12.48166
 20
-5.43095
 30
0.0
 10
12.48166
 20
-5.43095
 30
0.0
 10
12.48872
 20
-5.45565
 30
0.0
 10
12.48872
 20
-5.45565
 30
0.0
 10
12.48872
 20
-5.45565
 30
0.0
 10
12.49225
 20
-5.46977
 30
0.0
 10
12.49225
 20
-5.46977
 30
0.0
  0
SPLINE
  5
144
330
1F
100
AcDbEntity
  8
Camada 1
 62
   251
370
     9
100
AcDbSpline
210
0.0
220
0.0
230
1.0
 70
    24
 71
     3
 72
    11
 73
     7
 74
     0
 42
0.0000000001
 43
0.0000000001
 40
0.0
 40
0.0
 40
0.0
 40
0.0
 40
0.5
 40
0.5
 40
0.5
 40
1.0
 40
1.0
 40
1.0
 40
1.0
 10
12.49225
 20
-5.46977
 30
0.0
 10
12.49225
 20
-5.46977
 30
0.0
 10
12.49225
 20
-5.46977
 30
0.0
 10
12.49225
 20
-5.46977
 30
0.0
 10
12.49225
 20
-5.46977
 30
0.0
 10
12.48872
 20
-5.46977
 30
0.0
 10
12.48872
 20
-5.46977
 30
0.0
  0
SPLINE
  5
145
330
1F
100
AcDbEntity
  8
Camada 1
 62
   251
370
     9
100
AcDbSpline
210
0.0
220
0.0
230
1.0
 70
     8
 71
     3
 72
    17
 73
    13
 74
     0
 42
0.0000000001
 43
0.0000000001
 40
0.0
 40
0.0
 40
0.0
 40
0.0
 40
0.25
 40
0.25
 40
0.25
 40
0.5
 40
0.5
 40
0.5
 40
0.75
 40
0.75
 40
0.75
 40
1.0
 40
1.0
 40
1.0
 40
1.0
 10
12.42167
 20
-5.38507
 30
0.0
 10
12.42167
 20
-5.38507
 30
0.0
 10
12.46049
 20
-5.4133
 30
0.0
 10
12.46049
 20
-5.4133
 30
0.0
 10
12.46049
 20
-5.4133
 30
0.0
 10
12.47814
 20
-5.43448
 30
0.0
 10
12.47814
 20
-5.43448
 30
0.0
 10
12.47814
 20
-5.43448
 30
0.0
 10
12.48872
 20
-5.45919
 30
0.0
 10
12.48872
 20
-5.45919
 30
0.0
 10
12.48872
 20
-5.45919
 30
0.0
 10
12.48872
 20
-5.46977
 30
0.0
 10
12.48872
 20
-5.46977
 30
0.0
  0
SPLINE
  5
146
330
1F
100
AcDbEntity
  8
Camada 1
 62
   251
370
     9
100
AcDbSpline
210
0.0
220
0.0
230
1.0
 70
    24
 71
     3
 72
     8
 73
     4
 74
     0
 42
0.0000000001
 43
0.0000000001
 40
0.0
 40
0.0
 40
0.0
 40
0.0
 40
1.0
 40
1.0
 40
1.0
 40
1.0
 10
13.71333
 20
-5.46624
 30
0.0
 10
13.71333
 20
-5.46624
 30
0.0
 10
13.71686
 20
-5.46624
 30
0.0
 10
13.71686
 20
-5.46624
 30
0.0
  0
SPLINE
  5
147
330
1F
100
AcDbEntity
  8
Camada 1
 62
   251
370
     9
100
AcDbSpline
210
0.0
220
0.0
230
1.0
 70
     8
 71
     3
 72
    20
 73
    16
 74
     0
 42
0.0000000001
 43
0.0000000001
 40
0.0
 40
0.0
 40
0.0
 40
0.0
 40
0.2
 40
0.2
 40
0.2
 40
0.4
 40
0.4
 40
0.4
 40
0.6000000000000001
 40
0.6000000000000001
 40
0.6000000000000001
 40
0.8
 40
0.8
 40
0.8
 40
1.0
 40
1.0
 40
1.0
 40
1.0
 10
13.71686
 20
-5.46624
 30
0.0
 10
13.71686
 20
-5.46624
 30
0.0
 10
13.71686
 20
-5.48389
 30
0.0
 10
13.71686
 20
-5.48389
 30
0.0
 10
13.71686
 20
-5.48389
 30
0.0
 10
13.72392
 20
-5.49447
 30
0.0
 10
13.72392
 20
-5.49447
 30
0.0
 10
13.72392
 20
-5.49447
 30
0.0
 10
13.73803
 20
-5.50506
 30
0.0
 10
13.73803
 20
-5.50506
 30
0.0
 10
13.73803
 20
-5.50506
 30
0.0
 10
13.75215
 20
-5.51212
 30
0.0
 10
13.75215
 20
-5.51212
 30
0.0
 10
13.75215
 20
-5.51212
 30
0.0
 10
13.76274
 20
-5.51212
 30
0.0
 10
13.76274
 20
-5.51212
 30
0.0
  0
SPLINE
  5
148
330
1F
100
AcDbEntity
  8
Camada 1
 62
   251
370
     9
100
AcDbSpline
210
0.0
220
0.0
230
1.0
 70
    24
 71
     3
 72
     8
 73
     4
 74
     0
 42
0.0000000001
 43
0.0000000001
 40
0.0
 40
0.0
 40
0.0
 40
0.0
 40
1.0
 40
1.0
 40
1.0
 40
1.0
 10
12.49225
 20
-5.28978
 30
0.0
 10
12.49225
 20
-5.28978
 30
0.0
 10
12.48872
 20
-5.29331
 30
0.0
 10
12.48872
 20
-5.29331
 30
0.0
  0
SPLINE
  5
149
330
1F
100
AcDbEntity
  8
Camada 1
 62
   251
370
     9
100
AcDbSpline
210
0.0
220
0.0
230
1.0
 70
    24
 71
     3
 72
     8
 73
     4
 74
     0
 42
0.0000000001
 43
0.0000000001
 40
0.0
 40
0.0
 40
0.0
 40
0.0
 40
1.0
 40
1.0
 40
1.0
 40
1.0
 10
12.49225
 20
-5.28978
 30
0.0
 10
12.49225
 20
-5.28978
 30
0.0
 10
12.52755
 20
-5.2792
 30
0.0
 10
12.52755
 20
-5.2792
 30
0.0
  0
SPLINE
  5
14A
330
1F
100
AcDbEntity
  8
Camada 1
 62
   251
370
     9
100
AcDbSpline
210
0.0
220
0.0
230
1.0
 70
    24
 71
     3
 72
     8
 73
     4
 74
     0
 42
0.0000000001
 43
0.0000000001
 40
0.0
 40
0.0
 40
0.0
 40
0.0
 40
1.0
 40
1.0
 40
1.0
 40
1.0
 10
12.48872
 20
-5.29331
 30
0.0
 10
12.48872
 20
-5.29331
 30
0.0
 10
12.53107
 20
-5.28273
 30
0.0
 10
12.53107
 20
-5.28273
 30
0.0
  0
SPLINE
  5
14B
330
1F
100
AcDbEntity
  8
Camada 1
 62
   251
370
     9
100
AcDbSpline
210
0.0
220
0.0
230
1.0
 70
     8
 71
     3
 72
    20
 73
    16
 74
     0
 42
0.0000000001
 43
0.0000000001
 40
0.0
 40
0.0
 40
0.0
 40
0.0
 40
0.2
 40
0.2
 40
0.2
 40
0.4
 40
0.4
 40
0.4
 40
0.6000000000000001
 40
0.6000000000000001
 40
0.6000000000000001
 40
0.8
 40
0.8
 40
0.8
 40
1.0
 40
1.0
 40
1.0
 40
1.0
 10
13.67099
 20
-5.46271
 30
0.0
 10
13.67099
 20
-5.46271
 30
0.0
 10
13.67451
 20
-5.48742
 30
0.0
 10
13.67451
 20
-5.48742
 30
0.0
 10
13.67451
 20
-5.48742
 30
0.0
 10
13.6851
 20
-5.50859
 30
0.0
 10
13.6851
 20
-5.50859
 30
0.0
 10
13.6851
 20
-5.50859
 30
0.0
 10
13.70275
 20
-5.51918
 30
0.0
 10
13.70275
 20
-5.51918
 30
0.0
 10
13.70275
 20
-5.51918
 30
0.0
 10
13.73098
 20
-5.53329
 30
0.0
 10
13.73098
 20
-5.53329
 30
0.0
 10
13.73098
 20
-5.53329
 30
0.0
 10
13.74863
 20
-5.53329
 30
0.0
 10
13.74863
 20
-5.53329
 30
0.0
  0
SPLINE
  5
14C
330
1F
100
AcDbEntity
  8
Camada 1
 62
   251
370
     9
100
AcDbSpline
210
0.0
220
0.0
230
1.0
 70
    24
 71
     3
 72
     8
 73
     4
 74
     0
 42
0.0000000001
 43
0.0000000001
 40
0.0
 40
0.0
 40
0.0
 40
0.0
 40
1.0
 40
1.0
 40
1.0
 40
1.0
 10
12.35461
 20
-5.46977
 30
0.0
 10
12.35461
 20
-5.46977
 30
0.0
 10
12.35109
 20
-5.46977
 30
0.0
 10
12.35109
 20
-5.46977
 30
0.0
  0
SPLINE
  5
14D
330
1F
100
AcDbEntity
  8
Camada 1
 62
   251
370
     9
100
AcDbSpline
210
0.0
220
0.0
230
1.0
 70
     8
 71
     3
 72
    20
 73
    16
 74
     0
 42
0.0000000001
 43
0.0000000001
 40
0.0
 40
0.0
 40
0.0
 40
0.0
 40
0.2
 40
0.2
 40
0.2
 40
0.4
 40
0.4
 40
0.4
 40
0.6000000000000001
 40
0.6000000000000001
 40
0.6000000000000001
 40
0.8
 40
0.8
 40
0.8
 40
1.0
 40
1.0
 40
1.0
 40
1.0
 10
12.35461
 20
-5.46977
 30
0.0
 10
12.35461
 20
-5.46977
 30
0.0
 10
12.35814
 20
-5.48742
 30
0.0
 10
12.35814
 20
-5.48742
 30
0.0
 10
12.35814
 20
-5.48742
 30
0.0
 10
12.3652
 20
-5.50153
 30
0.0
 10
12.3652
 20
-5.50153
 30
0.0
 10
12.3652
 20
-5.50153
 30
0.0
 10
12.37932
 20
-5.51565
 30
0.0
 10
12.37932
 20
-5.51565
 30
0.0
 10
12.37932
 20
-5.51565
 30
0.0
 10
12.40755
 20
-5.52623
 30
0.0
 10
12.40755
 20
-5.52623
 30
0.0
 10
12.40755
 20
-5.52623
 30
0.0
 10
12.42873
 20
-5.52976
 30
0.0
 10
12.42873
 20
-5.52976
 30
0.0
  0
SPLINE
  5
14E
330
1F
100
AcDbEntity
  8
Camada 1
 62
   251
370
     9
100
AcDbSpline
210
0.0
220
0.0
230
1.0
 70
    24
 71
     3
 72
     8
 73
     4
 74
     0
 42
0.0000000001
 43
0.0000000001
 40
0.0
 40
0.0
 40
0.0
 40
0.0
 40
1.0
 40
1.0
 40
1.0
 40
1.0
 10
12.42873
 20
-5.52976
 30
0.0
 10
12.42873
 20
-5.52976
 30
0.0
 10
12.42873
 20
-5.53329
 30
0.0
 10
12.42873
 20
-5.53329
 30
0.0
  0
SPLINE
  5
14F
330
1F
100
AcDbEntity
  8
Camada 1
 62
   251
370
     9
100
AcDbSpline
210
0.0
220
0.0
230
1.0
 70
     8
 71
     3
 72
    20
 73
    16
 74
     0
 42
0.0000000001
 43
0.0000000001
 40
0.0
 40
0.0
 40
0.0
 40
0.0
 40
0.2
 40
0.2
 40
0.2
 40
0.4
 40
0.4
 40
0.4
 40
0.6000000000000001
 40
0.6000000000000001
 40
0.6000000000000001
 40
0.8
 40
0.8
 40
0.8
 40
1.0
 40
1.0
 40
1.0
 40
1.0
 10
12.35109
 20
-5.46977
 30
0.0
 10
12.35109
 20
-5.46977
 30
0.0
 10
12.35461
 20
-5.48742
 30
0.0
 10
12.35461
 20
-5.48742
 30
0.0
 10
12.35461
 20
-5.48742
 30
0.0
 10
12.36167
 20
-5.50153
 30
0.0
 10
12.36167
 20
-5.50153
 30
0.0
 10
12.36167
 20
-5.50153
 30
0.0
 10
12.37932
 20
-5.51918
 30
0.0
 10
12.37932
 20
-5.51918
 30
0.0
 10
12.37932
 20
-5.51918
 30
0.0
 10
12.40755
 20
-5.52976
 30
0.0
 10
12.40755
 20
-5.52976
 30
0.0
 10
12.40755
 20
-5.52976
 30
0.0
 10
12.42873
 20
-5.53329
 30
0.0
 10
12.42873
 20
-5.53329
 30
0.0
  0
SPLINE
  5
150
330
1F
100
AcDbEntity
  8
Camada 1
 62
   251
370
     9
100
AcDbSpline
210
0.0
220
0.0
230
1.0
 70
    24
 71
     3
 72
     8
 73
     4
 74
     0
 42
0.0000000001
 43
0.0000000001
 40
0.0
 40
0.0
 40
0.0
 40
0.0
 40
1.0
 40
1.0
 40
1.0
 40
1.0
 10
12.66518
 20
-5.52976
 30
0.0
 10
12.66518
 20
-5.52976
 30
0.0
 10
12.66518
 20
-5.53329
 30
0.0
 10
12.66518
 20
-5.53329
 30
0.0
  0
SPLINE
  5
151
330
1F
100
AcDbEntity
  8
Camada 1
 62
   251
370
     9
100
AcDbSpline
210
0.0
220
0.0
230
1.0
 70
    24
 71
     3
 72
     8
 73
     4
 74
     0
 42
0.0000000001
 43
0.0000000001
 40
0.0
 40
0.0
 40
0.0
 40
0.0
 40
1.0
 40
1.0
 40
1.0
 40
1.0
 10
12.64047
 20
-5.53329
 30
0.0
 10
12.64047
 20
-5.53329
 30
0.0
 10
12.66518
 20
-5.53329
 30
0.0
 10
12.66518
 20
-5.53329
 30
0.0
  0
SPLINE
  5
152
330
1F
100
AcDbEntity
  8
Camada 1
 62
   251
370
     9
100
AcDbSpline
210
0.0
220
0.0
230
1.0
 70
    24
 71
     3
 72
     8
 73
     4
 74
     0
 42
0.0000000001
 43
0.0000000001
 40
0.0
 40
0.0
 40
0.0
 40
0.0
 40
1.0
 40
1.0
 40
1.0
 40
1.0
 10
13.84743
 20
-5.36037
 30
0.0
 10
13.84743
 20
-5.36037
 30
0.0
 10
13.85097
 20
-5.36037
 30
0.0
 10
13.85097
 20
-5.36037
 30
0.0
  0
SPLINE
  5
153
330
1F
100
AcDbEntity
  8
Camada 1
 62
   251
370
     9
100
AcDbSpline
210
0.0
220
0.0
230
1.0
 70
    24
 71
     3
 72
     8
 73
     4
 74
     0
 42
0.0000000001
 43
0.0000000001
 40
0.0
 40
0.0
 40
0.0
 40
0.0
 40
1.0
 40
1.0
 40
1.0
 40
1.0
 10
13.77333
 20
-5.29331
 30
0.0
 10
13.77333
 20
-5.29331
 30
0.0
 10
13.77333
 20
-5.28978
 30
0.0
 10
13.77333
 20
-5.28978
 30
0.0
  0
SPLINE
  5
154
330
1F
100
AcDbEntity
  8
Camada 1
 62
   251
370
     9
100
AcDbSpline
210
0.0
220
0.0
230
1.0
 70
     8
 71
     3
 72
    20
 73
    16
 74
     0
 42
0.0000000001
 43
0.0000000001
 40
0.0
 40
0.0
 40
0.0
 40
0.0
 40
0.2
 40
0.2
 40
0.2
 40
0.4
 40
0.4
 40
0.4
 40
0.6000000000000001
 40
0.6000000000000001
 40
0.6000000000000001
 40
0.8
 40
0.8
 40
0.8
 40
1.0
 40
1.0
 40
1.0
 40
1.0
 10
13.85097
 20
-5.36037
 30
0.0
 10
13.85097
 20
-5.36037
 30
0.0
 10
13.84743
 20
-5.33566
 30
0.0
 10
13.84743
 20
-5.33566
 30
0.0
 10
13.84743
 20
-5.33566
 30
0.0
 10
13.83685
 20
-5.31449
 30
0.0
 10
13.83685
 20
-5.31449
 30
0.0
 10
13.83685
 20
-5.31449
 30
0.0
 10
13.8192
 20
-5.30038
 30
0.0
 10
13.8192
 20
-5.30038
 30
0.0
 10
13.8192
 20
-5.30038
 30
0.0
 10
13.79803
 20
-5.29331
 30
0.0
 10
13.79803
 20
-5.29331
 30
0.0
 10
13.79803
 20
-5.29331
 30
0.0
 10
13.77333
 20
-5.28978
 30
0.0
 10
13.77333
 20
-5.28978
 30
0.0
  0
SPLINE
  5
155
330
1F
100
AcDbEntity
  8
Camada 1
 62
   251
370
     9
100
AcDbSpline
210
0.0
220
0.0
230
1.0
 70
    24
 71
     3
 72
     8
 73
     4
 74
     0
 42
0.0000000001
 43
0.0000000001
 40
0.0
 40
0.0
 40
0.0
 40
0.0
 40
1.0
 40
1.0
 40
1.0
 40
1.0
 10
12.35461
 20
-5.45212
 30
0.0
 10
12.35461
 20
-5.45212
 30
0.0
 10
12.35109
 20
-5.45212
 30
0.0
 10
12.35109
 20
-5.45212
 30
0.0
  0
SPLINE
  5
156
330
1F
100
AcDbEntity
  8
Camada 1
 62
   251
370
     9
100
AcDbSpline
210
0.0
220
0.0
230
1.0
 70
    24
 71
     3
 72
     8
 73
     4
 74
     0
 42
0.0000000001
 43
0.0000000001
 40
0.0
 40
0.0
 40
0.0
 40
0.0
 40
1.0
 40
1.0
 40
1.0
 40
1.0
 10
12.35461
 20
-5.45212
 30
0.0
 10
12.35461
 20
-5.45212
 30
0.0
 10
12.35461
 20
-5.46977
 30
0.0
 10
12.35461
 20
-5.46977
 30
0.0
  0
SPLINE
  5
157
330
1F
100
AcDbEntity
  8
Camada 1
 62
   251
370
     9
100
AcDbSpline
210
0.0
220
0.0
230
1.0
 70
    24
 71
     3
 72
     8
 73
     4
 74
     0
 42
0.0000000001
 43
0.0000000001
 40
0.0
 40
0.0
 40
0.0
 40
0.0
 40
1.0
 40
1.0
 40
1.0
 40
1.0
 10
12.35109
 20
-5.45212
 30
0.0
 10
12.35109
 20
-5.45212
 30
0.0
 10
12.35109
 20
-5.46977
 30
0.0
 10
12.35109
 20
-5.46977
 30
0.0
  0
SPLINE
  5
158
330
1F
100
AcDbEntity
  8
Camada 1
 62
   251
370
     9
100
AcDbSpline
210
0.0
220
0.0
230
1.0
 70
    24
 71
     3
 72
     8
 73
     4
 74
     0
 42
0.0000000001
 43
0.0000000001
 40
0.0
 40
0.0
 40
0.0
 40
0.0
 40
1.0
 40
1.0
 40
1.0
 40
1.0
 10
13.33219
 20
-5.39918
 30
0.0
 10
13.33219
 20
-5.39918
 30
0.0
 10
13.32865
 20
-5.40271
 30
0.0
 10
13.32865
 20
-5.40271
 30
0.0
  0
SPLINE
  5
159
330
1F
100
AcDbEntity
  8
Camada 1
 62
   251
370
     9
100
AcDbSpline
210
0.0
220
0.0
230
1.0
 70
    24
 71
     3
 72
     8
 73
     4
 74
     0
 42
0.0000000001
 43
0.0000000001
 40
0.0
 40
0.0
 40
0.0
 40
0.0
 40
1.0
 40
1.0
 40
1.0
 40
1.0
 10
13.32865
 20
-5.40271
 30
0.0
 10
13.32865
 20
-5.40271
 30
0.0
 10
13.28278
 20
-5.40271
 30
0.0
 10
13.28278
 20
-5.40271
 30
0.0
  0
SPLINE
  5
15A
330
1F
100
AcDbEntity
  8
Camada 1
 62
   251
370
     9
100
AcDbSpline
210
0.0
220
0.0
230
1.0
 70
     8
 71
     3
 72
    20
 73
    16
 74
     0
 42
0.0000000001
 43
0.0000000001
 40
0.0
 40
0.0
 40
0.0
 40
0.0
 40
0.2
 40
0.2
 40
0.2
 40
0.4
 40
0.4
 40
0.4
 40
0.6000000000000001
 40
0.6000000000000001
 40
0.6000000000000001
 40
0.8
 40
0.8
 40
0.8
 40
1.0
 40
1.0
 40
1.0
 40
1.0
 10
12.49225
 20
-5.46977
 30
0.0
 10
12.49225
 20
-5.46977
 30
0.0
 10
12.48872
 20
-5.48389
 30
0.0
 10
12.48872
 20
-5.48389
 30
0.0
 10
12.48872
 20
-5.48389
 30
0.0
 10
12.47814
 20
-5.498
 30
0.0
 10
12.47814
 20
-5.498
 30
0.0
 10
12.47814
 20
-5.498
 30
0.0
 10
12.46754
 20
-5.51212
 30
0.0
 10
12.46754
 20
-5.51212
 30
0.0
 10
12.46754
 20
-5.51212
 30
0.0
 10
12.4499
 20
-5.51565
 30
0.0
 10
12.4499
 20
-5.51565
 30
0.0
 10
12.4499
 20
-5.51565
 30
0.0
 10
12.44284
 20
-5.51565
 30
0.0
 10
12.44284
 20
-5.51565
 30
0.0
  0
SPLINE
  5
15B
330
1F
100
AcDbEntity
  8
Camada 1
 62
   251
370
     9
100
AcDbSpline
210
0.0
220
0.0
230
1.0
 70
    24
 71
     3
 72
     8
 73
     4
 74
     0
 42
0.0000000001
 43
0.0000000001
 40
0.0
 40
0.0
 40
0.0
 40
0.0
 40
1.0
 40
1.0
 40
1.0
 40
1.0
 10
12.44284
 20
-5.51565
 30
0.0
 10
12.44284
 20
-5.51565
 30
0.0
 10
12.44284
 20
-5.51212
 30
0.0
 10
12.44284
 20
-5.51212
 30
0.0
  0
SPLINE
  5
15C
330
1F
100
AcDbEntity
  8
Camada 1
 62
   251
370
     9
100
AcDbSpline
210
0.0
220
0.0
230
1.0
 70
     8
 71
     3
 72
    20
 73
    16
 74
     0
 42
0.0000000001
 43
0.0000000001
 40
0.0
 40
0.0
 40
0.0
 40
0.0
 40
0.2
 40
0.2
 40
0.2
 40
0.4
 40
0.4
 40
0.4
 40
0.6000000000000001
 40
0.6000000000000001
 40
0.6000000000000001
 40
0.8
 40
0.8
 40
0.8
 40
1.0
 40
1.0
 40
1.0
 40
1.0
 10
12.48872
 20
-5.46977
 30
0.0
 10
12.48872
 20
-5.46977
 30
0.0
 10
12.48519
 20
-5.48389
 30
0.0
 10
12.48519
 20
-5.48389
 30
0.0
 10
12.48519
 20
-5.48389
 30
0.0
 10
12.47814
 20
-5.498
 30
0.0
 10
12.47814
 20
-5.498
 30
0.0
 10
12.47814
 20
-5.498
 30
0.0
 10
12.46402
 20
-5.50859
 30
0.0
 10
12.46402
 20
-5.50859
 30
0.0
 10
12.46402
 20
-5.50859
 30
0.0
 10
12.4499
 20
-5.51212
 30
0.0
 10
12.4499
 20
-5.51212
 30
0.0
 10
12.4499
 20
-5.51212
 30
0.0
 10
12.44284
 20
-5.51212
 30
0.0
 10
12.44284
 20
-5.51212
 30
0.0
  0
SPLINE
  5
15D
330
1F
100
AcDbEntity
  8
Camada 1
 62
   251
370
     9
100
AcDbSpline
210
0.0
220
0.0
230
1.0
 70
    24
 71
     3
 72
     8
 73
     4
 74
     0
 42
0.0000000001
 43
0.0000000001
 40
0.0
 40
0.0
 40
0.0
 40
0.0
 40
1.0
 40
1.0
 40
1.0
 40
1.0
 10
12.64047
 20
-5.29331
 30
0.0
 10
12.64047
 20
-5.29331
 30
0.0
 10
12.64047
 20
-5.28978
 30
0.0
 10
12.64047
 20
-5.28978
 30
0.0
  0
SPLINE
  5
15E
330
1F
100
AcDbEntity
  8
Camada 1
 62
   251
370
     9
100
AcDbSpline
210
0.0
220
0.0
230
1.0
 70
     8
 71
     3
 72
    20
 73
    16
 74
     0
 42
0.0000000001
 43
0.0000000001
 40
0.0
 40
0.0
 40
0.0
 40
0.0
 40
0.2
 40
0.2
 40
0.2
 40
0.4
 40
0.4
 40
0.4
 40
0.6000000000000001
 40
0.6000000000000001
 40
0.6000000000000001
 40
0.8
 40
0.8
 40
0.8
 40
1.0
 40
1.0
 40
1.0
 40
1.0
 10
12.64047
 20
-5.28978
 30
0.0
 10
12.64047
 20
-5.28978
 30
0.0
 10
12.60871
 20
-5.29331
 30
0.0
 10
12.60871
 20
-5.29331
 30
0.0
 10
12.60871
 20
-5.29331
 30
0.0
 10
12.58754
 20
-5.30743
 30
0.0
 10
12.58754
 20
-5.30743
 30
0.0
 10
12.58754
 20
-5.30743
 30
0.0
 10
12.56989
 20
-5.32861
 30
0.0
 10
12.56989
 20
-5.32861
 30
0.0
 10
12.56989
 20
-5.32861
 30
0.0
 10
12.56283
 20
-5.34977
 30
0.0
 10
12.56283
 20
-5.34977
 30
0.0
 10
12.56283
 20
-5.34977
 30
0.0
 10
12.55931
 20
-5.36037
 30
0.0
 10
12.55931
 20
-5.36037
 30
0.0
  0
SPLINE
  5
15F
330
1F
100
AcDbEntity
  8
Camada 1
 62
   251
370
     9
100
AcDbSpline
210
0.0
220
0.0
230
1.0
 70
    24
 71
     3
 72
     8
 73
     4
 74
     0
 42
0.0000000001
 43
0.0000000001
 40
0.0
 40
0.0
 40
0.0
 40
0.0
 40
1.0
 40
1.0
 40
1.0
 40
1.0
 10
13.29336
 20
-5.52976
 30
0.0
 10
13.29336
 20
-5.52976
 30
0.0
 10
13.29336
 20
-5.53329
 30
0.0
 10
13.29336
 20
-5.53329
 30
0.0
  0
SPLINE
  5
160
330
1F
100
AcDbEntity
  8
Camada 1
 62
   251
370
     9
100
AcDbSpline
210
0.0
220
0.0
230
1.0
 70
    24
 71
     3
 72
     8
 73
     4
 74
     0
 42
0.0000000001
 43
0.0000000001
 40
0.0
 40
0.0
 40
0.0
 40
0.0
 40
1.0
 40
1.0
 40
1.0
 40
1.0
 10
13.33219
 20
-5.52271
 30
0.0
 10
13.33219
 20
-5.52271
 30
0.0
 10
13.32865
 20
-5.52623
 30
0.0
 10
13.32865
 20
-5.52623
 30
0.0
  0
SPLINE
  5
161
330
1F
100
AcDbEntity
  8
Camada 1
 62
   251
370
     9
100
AcDbSpline
210
0.0
220
0.0
230
1.0
 70
     8
 71
     3
 72
    14
 73
    10
 74
     0
 42
0.0000000001
 43
0.0000000001
 40
0.0
 40
0.0
 40
0.0
 40
0.0
 40
0.3333333333333333
 40
0.3333333333333333
 40
0.3333333333333333
 40
0.6666666666666666
 40
0.6666666666666666
 40
0.6666666666666666
 40
1.0
 40
1.0
 40
1.0
 40
1.0
 10
13.29336
 20
-5.53329
 30
0.0
 10
13.29336
 20
-5.53329
 30
0.0
 10
13.30748
 20
-5.53329
 30
0.0
 10
13.30748
 20
-5.53329
 30
0.0
 10
13.30748
 20
-5.53329
 30
0.0
 10
13.31807
 20
-5.52976
 30
0.0
 10
13.31807
 20
-5.52976
 30
0.0
 10
13.31807
 20
-5.52976
 30
0.0
 10
13.32865
 20
-5.52623
 30
0.0
 10
13.32865
 20
-5.52623
 30
0.0
  0
SPLINE
  5
162
330
1F
100
AcDbEntity
  8
Camada 1
 62
   251
370
     9
100
AcDbSpline
210
0.0
220
0.0
230
1.0
 70
    24
 71
     3
 72
     8
 73
     4
 74
     0
 42
0.0000000001
 43
0.0000000001
 40
0.0
 40
0.0
 40
0.0
 40
0.0
 40
1.0
 40
1.0
 40
1.0
 40
1.0
 10
13.32865
 20
-5.52623
 30
0.0
 10
13.32865
 20
-5.52623
 30
0.0
 10
13.32865
 20
-5.53329
 30
0.0
 10
13.32865
 20
-5.53329
 30
0.0
  0
SPLINE
  5
163
330
1F
100
AcDbEntity
  8
Camada 1
 62
   251
370
     9
100
AcDbSpline
210
0.0
220
0.0
230
1.0
 70
    24
 71
     3
 72
     8
 73
     4
 74
     0
 42
0.0000000001
 43
0.0000000001
 40
0.0
 40
0.0
 40
0.0
 40
0.0
 40
1.0
 40
1.0
 40
1.0
 40
1.0
 10
12.81341
 20
-5.35331
 30
0.0
 10
12.81341
 20
-5.35331
 30
0.0
 10
12.81693
 20
-5.35331
 30
0.0
 10
12.81693
 20
-5.35331
 30
0.0
  0
SPLINE
  5
164
330
1F
100
AcDbEntity
  8
Camada 1
 62
   251
370
     9
100
AcDbSpline
210
0.0
220
0.0
230
1.0
 70
    24
 71
     3
 72
     8
 73
     4
 74
     0
 42
0.0000000001
 43
0.0000000001
 40
0.0
 40
0.0
 40
0.0
 40
0.0
 40
1.0
 40
1.0
 40
1.0
 40
1.0
 10
12.86281
 20
-5.3039
 30
0.0
 10
12.86281
 20
-5.3039
 30
0.0
 10
12.86281
 20
-5.30743
 30
0.0
 10
12.86281
 20
-5.30743
 30
0.0
  0
SPLINE
  5
165
330
1F
100
AcDbEntity
  8
Camada 1
 62
   251
370
     9
100
AcDbSpline
210
0.0
220
0.0
230
1.0
 70
     8
 71
     3
 72
    20
 73
    16
 74
     0
 42
0.0000000001
 43
0.0000000001
 40
0.0
 40
0.0
 40
0.0
 40
0.0
 40
0.2
 40
0.2
 40
0.2
 40
0.4
 40
0.4
 40
0.4
 40
0.6000000000000001
 40
0.6000000000000001
 40
0.6000000000000001
 40
0.8
 40
0.8
 40
0.8
 40
1.0
 40
1.0
 40
1.0
 40
1.0
 10
12.86281
 20
-5.30743
 30
0.0
 10
12.86281
 20
-5.30743
 30
0.0
 10
12.84517
 20
-5.31096
 30
0.0
 10
12.84517
 20
-5.31096
 30
0.0
 10
12.84517
 20
-5.31096
 30
0.0
 10
12.83457
 20
-5.31802
 30
0.0
 10
12.83457
 20
-5.31802
 30
0.0
 10
12.83457
 20
-5.31802
 30
0.0
 10
12.82399
 20
-5.32861
 30
0.0
 10
12.82399
 20
-5.32861
 30
0.0
 10
12.82399
 20
-5.32861
 30
0.0
 10
12.81693
 20
-5.34625
 30
0.0
 10
12.81693
 20
-5.34625
 30
0.0
 10
12.81693
 20
-5.34625
 30
0.0
 10
12.81693
 20
-5.35331
 30
0.0
 10
12.81693
 20
-5.35331
 30
0.0
  0
SPLINE
  5
166
330
1F
100
AcDbEntity
  8
Camada 1
 62
   251
370
     9
100
AcDbSpline
210
0.0
220
0.0
230
1.0
 70
    24
 71
     3
 72
     8
 73
     4
 74
     0
 42
0.0000000001
 43
0.0000000001
 40
0.0
 40
0.0
 40
0.0
 40
0.0
 40
1.0
 40
1.0
 40
1.0
 40
1.0
 10
13.32865
 20
-5.46977
 30
0.0
 10
13.32865
 20
-5.46977
 30
0.0
 10
13.32865
 20
-5.40271
 30
0.0
 10
13.32865
 20
-5.40271
 30
0.0
  0
SPLINE
  5
167
330
1F
100
AcDbEntity
  8
Camada 1
 62
   251
370
     9
100
AcDbSpline
210
0.0
220
0.0
230
1.0
 70
    24
 71
     3
 72
     8
 73
     4
 74
     0
 42
0.0000000001
 43
0.0000000001
 40
0.0
 40
0.0
 40
0.0
 40
0.0
 40
1.0
 40
1.0
 40
1.0
 40
1.0
 10
12.3652
 20
-5.26508
 30
0.0
 10
12.3652
 20
-5.26508
 30
0.0
 10
12.36167
 20
-5.26508
 30
0.0
 10
12.36167
 20
-5.26508
 30
0.0
  0
SPLINE
  5
168
330
1F
100
AcDbEntity
  8
Camada 1
 62
   251
370
     9
100
AcDbSpline
210
0.0
220
0.0
230
1.0
 70
     8
 71
     3
 72
    20
 73
    16
 74
     0
 42
0.0000000001
 43
0.0000000001
 40
0.0
 40
0.0
 40
0.0
 40
0.0
 40
0.2
 40
0.2
 40
0.2
 40
0.4
 40
0.4
 40
0.4
 40
0.6000000000000001
 40
0.6000000000000001
 40
0.6000000000000001
 40
0.8
 40
0.8
 40
0.8
 40
1.0
 40
1.0
 40
1.0
 40
1.0
 10
12.3652
 20
-5.26508
 30
0.0
 10
12.3652
 20
-5.26508
 30
0.0
 10
12.35461
 20
-5.28626
 30
0.0
 10
12.35461
 20
-5.28626
 30
0.0
 10
12.35461
 20
-5.28626
 30
0.0
 10
12.35461
 20
-5.3039
 30
0.0
 10
12.35461
 20
-5.3039
 30
0.0
 10
12.35461
 20
-5.3039
 30
0.0
 10
12.36167
 20
-5.31802
 30
0.0
 10
12.36167
 20
-5.31802
 30
0.0
 10
12.36167
 20
-5.31802
 30
0.0
 10
12.37579
 20
-5.34272
 30
0.0
 10
12.37579
 20
-5.34272
 30
0.0
 10
12.37579
 20
-5.34272
 30
0.0
 10
12.42167
 20
-5.38154
 30
0.0
 10
12.42167
 20
-5.38154
 30
0.0
  0
SPLINE
  5
169
330
1F
100
AcDbEntity
  8
Camada 1
 62
   251
370
     9
100
AcDbSpline
210
0.0
220
0.0
230
1.0
 70
     8
 71
     3
 72
    20
 73
    16
 74
     0
 42
0.0000000001
 43
0.0000000001
 40
0.0
 40
0.0
 40
0.0
 40
0.0
 40
0.2
 40
0.2
 40
0.2
 40
0.4
 40
0.4
 40
0.4
 40
0.6000000000000001
 40
0.6000000000000001
 40
0.6000000000000001
 40
0.8
 40
0.8
 40
0.8
 40
1.0
 40
1.0
 40
1.0
 40
1.0
 10
12.36167
 20
-5.26508
 30
0.0
 10
12.36167
 20
-5.26508
 30
0.0
 10
12.35461
 20
-5.28626
 30
0.0
 10
12.35461
 20
-5.28626
 30
0.0
 10
12.35461
 20
-5.28626
 30
0.0
 10
12.35109
 20
-5.3039
 30
0.0
 10
12.35109
 20
-5.3039
 30
0.0
 10
12.35109
 20
-5.3039
 30
0.0
 10
12.35814
 20
-5.31802
 30
0.0
 10
12.35814
 20
-5.31802
 30
0.0
 10
12.35814
 20
-5.31802
 30
0.0
 10
12.37579
 20
-5.34625
 30
0.0
 10
12.37579
 20
-5.34625
 30
0.0
 10
12.37579
 20
-5.34625
 30
0.0
 10
12.42167
 20
-5.38507
 30
0.0
 10
12.42167
 20
-5.38507
 30
0.0
  0
SPLINE
  5
16A
330
1F
100
AcDbEntity
  8
Camada 1
 62
   251
370
     9
100
AcDbSpline
210
0.0
220
0.0
230
1.0
 70
    24
 71
     3
 72
     8
 73
     4
 74
     0
 42
0.0000000001
 43
0.0000000001
 40
0.0
 40
0.0
 40
0.0
 40
0.0
 40
1.0
 40
1.0
 40
1.0
 40
1.0
 10
13.84743
 20
-5.46271
 30
0.0
 10
13.84743
 20
-5.46271
 30
0.0
 10
13.85097
 20
-5.46271
 30
0.0
 10
13.85097
 20
-5.46271
 30
0.0
  0
SPLINE
  5
16B
330
1F
100
AcDbEntity
  8
Camada 1
 62
   251
370
     9
100
AcDbSpline
210
0.0
220
0.0
230
1.0
 70
    24
 71
     3
 72
     8
 73
     4
 74
     0
 42
0.0000000001
 43
0.0000000001
 40
0.0
 40
0.0
 40
0.0
 40
0.0
 40
1.0
 40
1.0
 40
1.0
 40
1.0
 10
13.85097
 20
-5.46271
 30
0.0
 10
13.85097
 20
-5.46271
 30
0.0
 10
13.85097
 20
-5.36037
 30
0.0
 10
13.85097
 20
-5.36037
 30
0.0
  0
SPLINE
  5
16C
330
1F
100
AcDbEntity
  8
Camada 1
 62
   251
370
     9
100
AcDbSpline
210
0.0
220
0.0
230
1.0
 70
    24
 71
     3
 72
     8
 73
     4
 74
     0
 42
0.0000000001
 43
0.0000000001
 40
0.0
 40
0.0
 40
0.0
 40
0.0
 40
1.0
 40
1.0
 40
1.0
 40
1.0
 10
12.84869
 20
-5.52976
 30
0.0
 10
12.84869
 20
-5.52976
 30
0.0
 10
12.84869
 20
-5.53329
 30
0.0
 10
12.84869
 20
-5.53329
 30
0.0
  0
SPLINE
  5
16D
330
1F
100
AcDbEntity
  8
Camada 1
 62
   251
370
     9
100
AcDbSpline
210
0.0
220
0.0
230
1.0
 70
    24
 71
     3
 72
     8
 73
     4
 74
     0
 42
0.0000000001
 43
0.0000000001
 40
0.0
 40
0.0
 40
0.0
 40
0.0
 40
1.0
 40
1.0
 40
1.0
 40
1.0
 10
12.84869
 20
-5.53329
 30
0.0
 10
12.84869
 20
-5.53329
 30
0.0
 10
12.8734
 20
-5.53329
 30
0.0
 10
12.8734
 20
-5.53329
 30
0.0
  0
SPLINE
  5
16E
330
1F
100
AcDbEntity
  8
Camada 1
 62
   251
370
     9
100
AcDbSpline
210
0.0
220
0.0
230
1.0
 70
     8
 71
     3
 72
    20
 73
    16
 74
     0
 42
0.0000000001
 43
0.0000000001
 40
0.0
 40
0.0
 40
0.0
 40
0.0
 40
0.2
 40
0.2
 40
0.2
 40
0.4
 40
0.4
 40
0.4
 40
0.6000000000000001
 40
0.6000000000000001
 40
0.6000000000000001
 40
0.8
 40
0.8
 40
0.8
 40
1.0
 40
1.0
 40
1.0
 40
1.0
 10
12.77105
 20
-5.46271
 30
0.0
 10
12.77105
 20
-5.46271
 30
0.0
 10
12.77458
 20
-5.48742
 30
0.0
 10
12.77458
 20
-5.48742
 30
0.0
 10
12.77458
 20
-5.48742
 30
0.0
 10
12.78517
 20
-5.50506
 30
0.0
 10
12.78517
 20
-5.50506
 30
0.0
 10
12.78517
 20
-5.50506
 30
0.0
 10
12.80281
 20
-5.51918
 30
0.0
 10
12.80281
 20
-5.51918
 30
0.0
 10
12.80281
 20
-5.51918
 30
0.0
 10
12.82399
 20
-5.52976
 30
0.0
 10
12.82399
 20
-5.52976
 30
0.0
 10
12.82399
 20
-5.52976
 30
0.0
 10
12.84869
 20
-5.53329
 30
0.0
 10
12.84869
 20
-5.53329
 30
0.0
  0
SPLINE
  5
16F
330
1F
100
AcDbEntity
  8
Camada 1
 62
   251
370
     9
100
AcDbSpline
210
0.0
220
0.0
230
1.0
 70
    24
 71
     3
 72
     8
 73
     4
 74
     0
 42
0.0000000001
 43
0.0000000001
 40
0.0
 40
0.0
 40
0.0
 40
0.0
 40
1.0
 40
1.0
 40
1.0
 40
1.0
 10
12.84869
 20
-5.29331
 30
0.0
 10
12.84869
 20
-5.29331
 30
0.0
 10
12.84869
 20
-5.28978
 30
0.0
 10
12.84869
 20
-5.28978
 30
0.0
  0
SPLINE
  5
170
330
1F
100
AcDbEntity
  8
Camada 1
 62
   251
370
     9
100
AcDbSpline
210
0.0
220
0.0
230
1.0
 70
    24
 71
     3
 72
     8
 73
     4
 74
     0
 42
0.0000000001
 43
0.0000000001
 40
0.0
 40
0.0
 40
0.0
 40
0.0
 40
1.0
 40
1.0
 40
1.0
 40
1.0
 10
12.8734
 20
-5.28978
 30
0.0
 10
12.8734
 20
-5.28978
 30
0.0
 10
12.84869
 20
-5.28978
 30
0.0
 10
12.84869
 20
-5.28978
 30
0.0
  0
SPLINE
  5
171
330
1F
100
AcDbEntity
  8
Camada 1
 62
   251
370
     9
100
AcDbSpline
210
0.0
220
0.0
230
1.0
 70
    24
 71
     3
 72
     8
 73
     4
 74
     0
 42
0.0000000001
 43
0.0000000001
 40
0.0
 40
0.0
 40
0.0
 40
0.0
 40
1.0
 40
1.0
 40
1.0
 40
1.0
 10
13.19455
 20
-5.44859
 30
0.0
 10
13.19455
 20
-5.44859
 30
0.0
 10
13.19102
 20
-5.44859
 30
0.0
 10
13.19102
 20
-5.44859
 30
0.0
  0
SPLINE
  5
172
330
1F
100
AcDbEntity
  8
Camada 1
 62
   251
370
     9
100
AcDbSpline
210
0.0
220
0.0
230
1.0
 70
    24
 71
     3
 72
     8
 73
     4
 74
     0
 42
0.0000000001
 43
0.0000000001
 40
0.0
 40
0.0
 40
0.0
 40
0.0
 40
1.0
 40
1.0
 40
1.0
 40
1.0
 10
13.19455
 20
-5.46271
 30
0.0
 10
13.19455
 20
-5.46271
 30
0.0
 10
13.19102
 20
-5.46271
 30
0.0
 10
13.19102
 20
-5.46271
 30
0.0
  0
SPLINE
  5
173
330
1F
100
AcDbEntity
  8
Camada 1
 62
   251
370
     9
100
AcDbSpline
210
0.0
220
0.0
230
1.0
 70
    24
 71
     3
 72
     8
 73
     4
 74
     0
 42
0.0000000001
 43
0.0000000001
 40
0.0
 40
0.0
 40
0.0
 40
0.0
 40
1.0
 40
1.0
 40
1.0
 40
1.0
 10
13.19102
 20
-5.44859
 30
0.0
 10
13.19102
 20
-5.44859
 30
0.0
 10
13.19102
 20
-5.46271
 30
0.0
 10
13.19102
 20
-5.46271
 30
0.0
  0
SPLINE
  5
174
330
1F
100
AcDbEntity
  8
Camada 1
 62
   251
370
     9
100
AcDbSpline
210
0.0
220
0.0
230
1.0
 70
     8
 71
     3
 72
    20
 73
    16
 74
     0
 42
0.0000000001
 43
0.0000000001
 40
0.0
 40
0.0
 40
0.0
 40
0.0
 40
0.2
 40
0.2
 40
0.2
 40
0.4
 40
0.4
 40
0.4
 40
0.6000000000000001
 40
0.6000000000000001
 40
0.6000000000000001
 40
0.8
 40
0.8
 40
0.8
 40
1.0
 40
1.0
 40
1.0
 40
1.0
 10
12.84869
 20
-5.28978
 30
0.0
 10
12.84869
 20
-5.28978
 30
0.0
 10
12.82399
 20
-5.29331
 30
0.0
 10
12.82399
 20
-5.29331
 30
0.0
 10
12.82399
 20
-5.29331
 30
0.0
 10
12.79928
 20
-5.3039
 30
0.0
 10
12.79928
 20
-5.3039
 30
0.0
 10
12.79928
 20
-5.3039
 30
0.0
 10
12.78164
 20
-5.32507
 30
0.0
 10
12.78164
 20
-5.32507
 30
0.0
 10
12.78164
 20
-5.32507
 30
0.0
 10
12.77105
 20
-5.34625
 30
0.0
 10
12.77105
 20
-5.34625
 30
0.0
 10
12.77105
 20
-5.34625
 30
0.0
 10
12.77105
 20
-5.36037
 30
0.0
 10
12.77105
 20
-5.36037
 30
0.0
  0
SPLINE
  5
175
330
1F
100
AcDbEntity
  8
Camada 1
 62
   251
370
     9
100
AcDbSpline
210
0.0
220
0.0
230
1.0
 70
    24
 71
     3
 72
     8
 73
     4
 74
     0
 42
0.0000000001
 43
0.0000000001
 40
0.0
 40
0.0
 40
0.0
 40
0.0
 40
1.0
 40
1.0
 40
1.0
 40
1.0
 10
12.44284
 20
-5.2439
 30
0.0
 10
12.44284
 20
-5.2439
 30
0.0
 10
12.44284
 20
-5.24743
 30
0.0
 10
12.44284
 20
-5.24743
 30
0.0
  0
SPLINE
  5
176
330
1F
100
AcDbEntity
  8
Camada 1
 62
   251
370
     9
100
AcDbSpline
210
0.0
220
0.0
230
1.0
 70
     8
 71
     3
 72
    20
 73
    16
 74
     0
 42
0.0000000001
 43
0.0000000001
 40
0.0
 40
0.0
 40
0.0
 40
0.0
 40
0.2
 40
0.2
 40
0.2
 40
0.4
 40
0.4
 40
0.4
 40
0.6000000000000001
 40
0.6000000000000001
 40
0.6000000000000001
 40
0.8
 40
0.8
 40
0.8
 40
1.0
 40
1.0
 40
1.0
 40
1.0
 10
12.44284
 20
-5.2439
 30
0.0
 10
12.44284
 20
-5.2439
 30
0.0
 10
12.45696
 20
-5.24743
 30
0.0
 10
12.45696
 20
-5.24743
 30
0.0
 10
12.45696
 20
-5.24743
 30
0.0
 10
12.47108
 20
-5.25449
 30
0.0
 10
12.47108
 20
-5.25449
 30
0.0
 10
12.47108
 20
-5.25449
 30
0.0
 10
12.48519
 20
-5.26861
 30
0.0
 10
12.48519
 20
-5.26861
 30
0.0
 10
12.48519
 20
-5.26861
 30
0.0
 10
12.48872
 20
-5.28273
 30
0.0
 10
12.48872
 20
-5.28273
 30
0.0
 10
12.48872
 20
-5.28273
 30
0.0
 10
12.49225
 20
-5.28978
 30
0.0
 10
12.49225
 20
-5.28978
 30
0.0
  0
SPLINE
  5
177
330
1F
100
AcDbEntity
  8
Camada 1
 62
   251
370
     9
100
AcDbSpline
210
0.0
220
0.0
230
1.0
 70
     8
 71
     3
 72
    20
 73
    16
 74
     0
 42
0.0000000001
 43
0.0000000001
 40
0.0
 40
0.0
 40
0.0
 40
0.0
 40
0.2
 40
0.2
 40
0.2
 40
0.4
 40
0.4
 40
0.4
 40
0.6000000000000001
 40
0.6000000000000001
 40
0.6000000000000001
 40
0.8
 40
0.8
 40
0.8
 40
1.0
 40
1.0
 40
1.0
 40
1.0
 10
12.44284
 20
-5.24743
 30
0.0
 10
12.44284
 20
-5.24743
 30
0.0
 10
12.45696
 20
-5.25097
 30
0.0
 10
12.45696
 20
-5.25097
 30
0.0
 10
12.45696
 20
-5.25097
 30
0.0
 10
12.47108
 20
-5.25802
 30
0.0
 10
12.47108
 20
-5.25802
 30
0.0
 10
12.47108
 20
-5.25802
 30
0.0
 10
12.48166
 20
-5.26861
 30
0.0
 10
12.48166
 20
-5.26861
 30
0.0
 10
12.48166
 20
-5.26861
 30
0.0
 10
12.48519
 20
-5.28273
 30
0.0
 10
12.48519
 20
-5.28273
 30
0.0
 10
12.48519
 20
-5.28273
 30
0.0
 10
12.48872
 20
-5.29331
 30
0.0
 10
12.48872
 20
-5.29331
 30
0.0
  0
SPLINE
  5
178
330
1F
100
AcDbEntity
  8
Camada 1
 62
   251
370
     9
100
AcDbSpline
210
0.0
220
0.0
230
1.0
 70
    24
 71
     3
 72
     8
 73
     4
 74
     0
 42
0.0000000001
 43
0.0000000001
 40
0.0
 40
0.0
 40
0.0
 40
0.0
 40
1.0
 40
1.0
 40
1.0
 40
1.0
 10
13.491
 20
-5.3039
 30
0.0
 10
13.491
 20
-5.3039
 30
0.0
 10
13.491
 20
-5.30743
 30
0.0
 10
13.491
 20
-5.30743
 30
0.0
  0
SPLINE
  5
179
330
1F
100
AcDbEntity
  8
Camada 1
 62
   251
370
     9
100
AcDbSpline
210
0.0
220
0.0
230
1.0
 70
     8
 71
     3
 72
    14
 73
    10
 74
     0
 42
0.0000000001
 43
0.0000000001
 40
0.0
 40
0.0
 40
0.0
 40
0.0
 40
0.3333333333333333
 40
0.3333333333333333
 40
0.3333333333333333
 40
0.6666666666666666
 40
0.6666666666666666
 40
0.6666666666666666
 40
1.0
 40
1.0
 40
1.0
 40
1.0
 10
13.491
 20
-5.30743
 30
0.0
 10
13.491
 20
-5.30743
 30
0.0
 10
13.50511
 20
-5.31096
 30
0.0
 10
13.50511
 20
-5.31096
 30
0.0
 10
13.50511
 20
-5.31096
 30
0.0
 10
13.51923
 20
-5.31802
 30
0.0
 10
13.51923
 20
-5.31802
 30
0.0
 10
13.51923
 20
-5.31802
 30
0.0
 10
13.52629
 20
-5.32507
 30
0.0
 10
13.52629
 20
-5.32507
 30
0.0
  0
SPLINE
  5
17A
330
1F
100
AcDbEntity
  8
Camada 1
 62
   251
370
     9
100
AcDbSpline
210
0.0
220
0.0
230
1.0
 70
    24
 71
     3
 72
     8
 73
     4
 74
     0
 42
0.0000000001
 43
0.0000000001
 40
0.0
 40
0.0
 40
0.0
 40
0.0
 40
1.0
 40
1.0
 40
1.0
 40
1.0
 10
12.39344
 20
-5.44154
 30
0.0
 10
12.39344
 20
-5.44154
 30
0.0
 10
12.35461
 20
-5.45212
 30
0.0
 10
12.35461
 20
-5.45212
 30
0.0
  0
SPLINE
  5
17B
330
1F
100
AcDbEntity
  8
Camada 1
 62
   251
370
     9
100
AcDbSpline
210
0.0
220
0.0
230
1.0
 70
    24
 71
     3
 72
     8
 73
     4
 74
     0
 42
0.0000000001
 43
0.0000000001
 40
0.0
 40
0.0
 40
0.0
 40
0.0
 40
1.0
 40
1.0
 40
1.0
 40
1.0
 10
12.39697
 20
-5.43801
 30
0.0
 10
12.39697
 20
-5.43801
 30
0.0
 10
12.35109
 20
-5.45212
 30
0.0
 10
12.35109
 20
-5.45212
 30
0.0
  0
SPLINE
  5
17C
330
1F
100
AcDbEntity
  8
Camada 1
 62
   251
370
     9
100
AcDbSpline
210
0.0
220
0.0
230
1.0
 70
    24
 71
     3
 72
     8
 73
     4
 74
     0
 42
0.0000000001
 43
0.0000000001
 40
0.0
 40
0.0
 40
0.0
 40
0.0
 40
1.0
 40
1.0
 40
1.0
 40
1.0
 10
12.73576
 20
-5.48389
 30
0.0
 10
12.73576
 20
-5.48389
 30
0.0
 10
12.73929
 20
-5.48035
 30
0.0
 10
12.73929
 20
-5.48035
 30
0.0
  0
SPLINE
  5
17D
330
1F
100
AcDbEntity
  8
Camada 1
 62
   251
370
     9
100
AcDbSpline
210
0.0
220
0.0
230
1.0
 70
     8
 71
     3
 72
    11
 73
     7
 74
     0
 42
0.0000000001
 43
0.0000000001
 40
0.0
 40
0.0
 40
0.0
 40
0.0
 40
0.5
 40
0.5
 40
0.5
 40
1.0
 40
1.0
 40
1.0
 40
1.0
 10
12.70047
 20
-5.4733
 30
0.0
 10
12.70047
 20
-5.4733
 30
0.0
 10
12.70047
 20
-5.46977
 30
0.0
 10
12.70047
 20
-5.46977
 30
0.0
 10
12.70047
 20
-5.46977
 30
0.0
 10
12.69694
 20
-5.46977
 30
0.0
 10
12.69694
 20
-5.46977
 30
0.0
  0
SPLINE
  5
17E
330
1F
100
AcDbEntity
  8
Camada 1
 62
   251
370
     9
100
AcDbSpline
210
0.0
220
0.0
230
1.0
 70
    24
 71
     3
 72
     8
 73
     4
 74
     0
 42
0.0000000001
 43
0.0000000001
 40
0.0
 40
0.0
 40
0.0
 40
0.0
 40
1.0
 40
1.0
 40
1.0
 40
1.0
 10
12.73929
 20
-5.48035
 30
0.0
 10
12.73929
 20
-5.48035
 30
0.0
 10
12.69694
 20
-5.46977
 30
0.0
 10
12.69694
 20
-5.46977
 30
0.0
  0
SPLINE
  5
17F
330
1F
100
AcDbEntity
  8
Camada 1
 62
   251
370
     9
100
AcDbSpline
210
0.0
220
0.0
230
1.0
 70
     8
 71
     3
 72
    20
 73
    16
 74
     0
 42
0.0000000001
 43
0.0000000001
 40
0.0
 40
0.0
 40
0.0
 40
0.0
 40
0.2
 40
0.2
 40
0.2
 40
0.4
 40
0.4
 40
0.4
 40
0.6000000000000001
 40
0.6000000000000001
 40
0.6000000000000001
 40
0.8
 40
0.8
 40
0.8
 40
1.0
 40
1.0
 40
1.0
 40
1.0
 10
13.77333
 20
-5.53329
 30
0.0
 10
13.77333
 20
-5.53329
 30
0.0
 10
13.80509
 20
-5.52976
 30
0.0
 10
13.80509
 20
-5.52976
 30
0.0
 10
13.80509
 20
-5.52976
 30
0.0
 10
13.82627
 20
-5.51565
 30
0.0
 10
13.82627
 20
-5.51565
 30
0.0
 10
13.82627
 20
-5.51565
 30
0.0
 10
13.84038
 20
-5.498
 30
0.0
 10
13.84038
 20
-5.498
 30
0.0
 10
13.84038
 20
-5.498
 30
0.0
 10
13.85097
 20
-5.47683
 30
0.0
 10
13.85097
 20
-5.47683
 30
0.0
 10
13.85097
 20
-5.47683
 30
0.0
 10
13.85097
 20
-5.46271
 30
0.0
 10
13.85097
 20
-5.46271
 30
0.0
  0
SPLINE
  5
180
330
1F
100
AcDbEntity
  8
Camada 1
 62
   251
370
     9
100
AcDbSpline
210
0.0
220
0.0
230
1.0
 70
     8
 71
     3
 72
    20
 73
    16
 74
     0
 42
0.0000000001
 43
0.0000000001
 40
0.0
 40
0.0
 40
0.0
 40
0.0
 40
0.2
 40
0.2
 40
0.2
 40
0.4
 40
0.4
 40
0.4
 40
0.6000000000000001
 40
0.6000000000000001
 40
0.6000000000000001
 40
0.8
 40
0.8
 40
0.8
 40
1.0
 40
1.0
 40
1.0
 40
1.0
 10
12.44284
 20
-5.51565
 30
0.0
 10
12.44284
 20
-5.51565
 30
0.0
 10
12.4252
 20
-5.51565
 30
0.0
 10
12.4252
 20
-5.51565
 30
0.0
 10
12.4252
 20
-5.51565
 30
0.0
 10
12.41108
 20
-5.50506
 30
0.0
 10
12.41108
 20
-5.50506
 30
0.0
 10
12.41108
 20
-5.50506
 30
0.0
 10
12.4005
 20
-5.49447
 30
0.0
 10
12.4005
 20
-5.49447
 30
0.0
 10
12.4005
 20
-5.49447
 30
0.0
 10
12.39344
 20
-5.48035
 30
0.0
 10
12.39344
 20
-5.48035
 30
0.0
 10
12.39344
 20
-5.48035
 30
0.0
 10
12.39344
 20
-5.4733
 30
0.0
 10
12.39344
 20
-5.4733
 30
0.0
  0
SPLINE
  5
181
330
1F
100
AcDbEntity
  8
Camada 1
 62
   251
370
     9
100
AcDbSpline
210
0.0
220
0.0
230
1.0
 70
     8
 71
     3
 72
    20
 73
    16
 74
     0
 42
0.0000000001
 43
0.0000000001
 40
0.0
 40
0.0
 40
0.0
 40
0.0
 40
0.2
 40
0.2
 40
0.2
 40
0.4
 40
0.4
 40
0.4
 40
0.6000000000000001
 40
0.6000000000000001
 40
0.6000000000000001
 40
0.8
 40
0.8
 40
0.8
 40
1.0
 40
1.0
 40
1.0
 40
1.0
 10
12.44284
 20
-5.51212
 30
0.0
 10
12.44284
 20
-5.51212
 30
0.0
 10
12.4252
 20
-5.51212
 30
0.0
 10
12.4252
 20
-5.51212
 30
0.0
 10
12.4252
 20
-5.51212
 30
0.0
 10
12.41108
 20
-5.50153
 30
0.0
 10
12.41108
 20
-5.50153
 30
0.0
 10
12.41108
 20
-5.50153
 30
0.0
 10
12.40402
 20
-5.49447
 30
0.0
 10
12.40402
 20
-5.49447
 30
0.0
 10
12.40402
 20
-5.49447
 30
0.0
 10
12.39697
 20
-5.48035
 30
0.0
 10
12.39697
 20
-5.48035
 30
0.0
 10
12.39697
 20
-5.48035
 30
0.0
 10
12.39697
 20
-5.4733
 30
0.0
 10
12.39697
 20
-5.4733
 30
0.0
  0
SPLINE
  5
182
330
1F
100
AcDbEntity
  8
Camada 1
 62
   251
370
     9
100
AcDbSpline
210
0.0
220
0.0
230
1.0
 70
    24
 71
     3
 72
     8
 73
     4
 74
     0
 42
0.0000000001
 43
0.0000000001
 40
0.0
 40
0.0
 40
0.0
 40
0.0
 40
1.0
 40
1.0
 40
1.0
 40
1.0
 10
12.60166
 20
-5.35331
 30
0.0
 10
12.60166
 20
-5.35331
 30
0.0
 10
12.60519
 20
-5.35331
 30
0.0
 10
12.60519
 20
-5.35331
 30
0.0
  0
SPLINE
  5
183
330
1F
100
AcDbEntity
  8
Camada 1
 62
   251
370
     9
100
AcDbSpline
210
0.0
220
0.0
230
1.0
 70
     8
 71
     3
 72
    20
 73
    16
 74
     0
 42
0.0000000001
 43
0.0000000001
 40
0.0
 40
0.0
 40
0.0
 40
0.0
 40
0.2
 40
0.2
 40
0.2
 40
0.4
 40
0.4
 40
0.4
 40
0.6000000000000001
 40
0.6000000000000001
 40
0.6000000000000001
 40
0.8
 40
0.8
 40
0.8
 40
1.0
 40
1.0
 40
1.0
 40
1.0
 10
12.60519
 20
-5.35331
 30
0.0
 10
12.60519
 20
-5.35331
 30
0.0
 10
12.60871
 20
-5.33919
 30
0.0
 10
12.60871
 20
-5.33919
 30
0.0
 10
12.60871
 20
-5.33919
 30
0.0
 10
12.61577
 20
-5.32507
 30
0.0
 10
12.61577
 20
-5.32507
 30
0.0
 10
12.61577
 20
-5.32507
 30
0.0
 10
12.62635
 20
-5.31449
 30
0.0
 10
12.62635
 20
-5.31449
 30
0.0
 10
12.62635
 20
-5.31449
 30
0.0
 10
12.64047
 20
-5.31096
 30
0.0
 10
12.64047
 20
-5.31096
 30
0.0
 10
12.64047
 20
-5.31096
 30
0.0
 10
12.65106
 20
-5.30743
 30
0.0
 10
12.65106
 20
-5.30743
 30
0.0
  0
SPLINE
  5
184
330
1F
100
AcDbEntity
  8
Camada 1
 62
   251
370
     9
100
AcDbSpline
210
0.0
220
0.0
230
1.0
 70
    24
 71
     3
 72
     8
 73
     4
 74
     0
 42
0.0000000001
 43
0.0000000001
 40
0.0
 40
0.0
 40
0.0
 40
0.0
 40
1.0
 40
1.0
 40
1.0
 40
1.0
 10
13.44159
 20
-5.35331
 30
0.0
 10
13.44159
 20
-5.35331
 30
0.0
 10
13.44512
 20
-5.35331
 30
0.0
 10
13.44512
 20
-5.35331
 30
0.0
  0
SPLINE
  5
185
330
1F
100
AcDbEntity
  8
Camada 1
 62
   251
370
     9
100
AcDbSpline
210
0.0
220
0.0
230
1.0
 70
     8
 71
     3
 72
    20
 73
    16
 74
     0
 42
0.0000000001
 43
0.0000000001
 40
0.0
 40
0.0
 40
0.0
 40
0.0
 40
0.2
 40
0.2
 40
0.2
 40
0.4
 40
0.4
 40
0.4
 40
0.6000000000000001
 40
0.6000000000000001
 40
0.6000000000000001
 40
0.8
 40
0.8
 40
0.8
 40
1.0
 40
1.0
 40
1.0
 40
1.0
 10
13.44512
 20
-5.35331
 30
0.0
 10
13.44512
 20
-5.35331
 30
0.0
 10
13.44865
 20
-5.33919
 30
0.0
 10
13.44865
 20
-5.33919
 30
0.0
 10
13.44865
 20
-5.33919
 30
0.0
 10
13.4557
 20
-5.32507
 30
0.0
 10
13.4557
 20
-5.32507
 30
0.0
 10
13.4557
 20
-5.32507
 30
0.0
 10
13.46629
 20
-5.31449
 30
0.0
 10
13.46629
 20
-5.31449
 30
0.0
 10
13.46629
 20
-5.31449
 30
0.0
 10
13.48041
 20
-5.31096
 30
0.0
 10
13.48041
 20
-5.31096
 30
0.0
 10
13.48041
 20
-5.31096
 30
0.0
 10
13.491
 20
-5.30743
 30
0.0
 10
13.491
 20
-5.30743
 30
0.0
  0
SPLINE
  5
186
330
1F
100
AcDbEntity
  8
Camada 1
 62
   251
370
     9
100
AcDbSpline
210
0.0
220
0.0
230
1.0
 70
    24
 71
     3
 72
     8
 73
     4
 74
     0
 42
0.0000000001
 43
0.0000000001
 40
0.0
 40
0.0
 40
0.0
 40
0.0
 40
1.0
 40
1.0
 40
1.0
 40
1.0
 10
13.44159
 20
-5.52976
 30
0.0
 10
13.44159
 20
-5.52976
 30
0.0
 10
13.44512
 20
-5.53329
 30
0.0
 10
13.44512
 20
-5.53329
 30
0.0
  0
SPLINE
  5
187
330
1F
100
AcDbEntity
  8
Camada 1
 62
   251
370
     9
100
AcDbSpline
210
0.0
220
0.0
230
1.0
 70
    24
 71
     3
 72
     8
 73
     4
 74
     0
 42
0.0000000001
 43
0.0000000001
 40
0.0
 40
0.0
 40
0.0
 40
0.0
 40
1.0
 40
1.0
 40
1.0
 40
1.0
 10
13.44512
 20
-5.53329
 30
0.0
 10
13.44512
 20
-5.53329
 30
0.0
 10
13.44512
 20
-5.35331
 30
0.0
 10
13.44512
 20
-5.35331
 30
0.0
  0
SPLINE
  5
188
330
1F
100
AcDbEntity
  8
Camada 1
 62
   251
370
     9
100
AcDbSpline
210
0.0
220
0.0
230
1.0
 70
    24
 71
     3
 72
     8
 73
     4
 74
     0
 42
0.0000000001
 43
0.0000000001
 40
0.0
 40
0.0
 40
0.0
 40
0.0
 40
1.0
 40
1.0
 40
1.0
 40
1.0
 10
13.63922
 20
-5.52976
 30
0.0
 10
13.63922
 20
-5.52976
 30
0.0
 10
13.63922
 20
-5.29331
 30
0.0
 10
13.63922
 20
-5.29331
 30
0.0
  0
SPLINE
  5
189
330
1F
100
AcDbEntity
  8
Camada 1
 62
   251
370
     9
100
AcDbSpline
210
0.0
220
0.0
230
1.0
 70
    24
 71
     3
 72
     8
 73
     4
 74
     0
 42
0.0000000001
 43
0.0000000001
 40
0.0
 40
0.0
 40
0.0
 40
0.0
 40
1.0
 40
1.0
 40
1.0
 40
1.0
 10
13.6004
 20
-5.52976
 30
0.0
 10
13.6004
 20
-5.52976
 30
0.0
 10
13.63922
 20
-5.52976
 30
0.0
 10
13.63922
 20
-5.52976
 30
0.0
  0
SPLINE
  5
18A
330
1F
100
AcDbEntity
  8
Camada 1
 62
   251
370
     9
100
AcDbSpline
210
0.0
220
0.0
230
1.0
 70
    24
 71
     3
 72
     8
 73
     4
 74
     0
 42
0.0000000001
 43
0.0000000001
 40
0.0
 40
0.0
 40
0.0
 40
0.0
 40
1.0
 40
1.0
 40
1.0
 40
1.0
 10
13.6004
 20
-5.29331
 30
0.0
 10
13.6004
 20
-5.29331
 30
0.0
 10
13.6004
 20
-5.52976
 30
0.0
 10
13.6004
 20
-5.52976
 30
0.0
  0
SPLINE
  5
18B
330
1F
100
AcDbEntity
  8
Camada 1
 62
   251
370
     9
100
AcDbSpline
210
0.0
220
0.0
230
1.0
 70
    24
 71
     3
 72
     8
 73
     4
 74
     0
 42
0.0000000001
 43
0.0000000001
 40
0.0
 40
0.0
 40
0.0
 40
0.0
 40
1.0
 40
1.0
 40
1.0
 40
1.0
 10
13.63922
 20
-5.29331
 30
0.0
 10
13.63922
 20
-5.29331
 30
0.0
 10
13.6004
 20
-5.29331
 30
0.0
 10
13.6004
 20
-5.29331
 30
0.0
  0
SPLINE
  5
18C
330
1F
100
AcDbEntity
  8
Camada 1
 62
   251
370
     9
100
AcDbSpline
210
0.0
220
0.0
230
1.0
 70
    24
 71
     3
 72
     8
 73
     4
 74
     0
 42
0.0000000001
 43
0.0000000001
 40
0.0
 40
0.0
 40
0.0
 40
0.0
 40
1.0
 40
1.0
 40
1.0
 40
1.0
 10
12.81341
 20
-5.40625
 30
0.0
 10
12.81341
 20
-5.40625
 30
0.0
 10
12.81693
 20
-5.40271
 30
0.0
 10
12.81693
 20
-5.40271
 30
0.0
  0
SPLINE
  5
18D
330
1F
100
AcDbEntity
  8
Camada 1
 62
   251
370
     9
100
AcDbSpline
210
0.0
220
0.0
230
1.0
 70
    24
 71
     3
 72
     8
 73
     4
 74
     0
 42
0.0000000001
 43
0.0000000001
 40
0.0
 40
0.0
 40
0.0
 40
0.0
 40
1.0
 40
1.0
 40
1.0
 40
1.0
 10
12.81693
 20
-5.35331
 30
0.0
 10
12.81693
 20
-5.35331
 30
0.0
 10
12.81693
 20
-5.40271
 30
0.0
 10
12.81693
 20
-5.40271
 30
0.0
  0
SPLINE
  5
18E
330
1F
100
AcDbEntity
  8
Camada 1
 62
   251
370
     9
100
AcDbSpline
210
0.0
220
0.0
230
1.0
 70
    24
 71
     3
 72
     8
 73
     4
 74
     0
 42
0.0000000001
 43
0.0000000001
 40
0.0
 40
0.0
 40
0.0
 40
0.0
 40
1.0
 40
1.0
 40
1.0
 40
1.0
 10
12.91221
 20
-5.35331
 30
0.0
 10
12.91221
 20
-5.35331
 30
0.0
 10
12.90869
 20
-5.35331
 30
0.0
 10
12.90869
 20
-5.35331
 30
0.0
  0
SPLINE
  5
18F
330
1F
100
AcDbEntity
  8
Camada 1
 62
   251
370
     9
100
AcDbSpline
210
0.0
220
0.0
230
1.0
 70
     8
 71
     3
 72
    20
 73
    16
 74
     0
 42
0.0000000001
 43
0.0000000001
 40
0.0
 40
0.0
 40
0.0
 40
0.0
 40
0.2
 40
0.2
 40
0.2
 40
0.4
 40
0.4
 40
0.4
 40
0.6000000000000001
 40
0.6000000000000001
 40
0.6000000000000001
 40
0.8
 40
0.8
 40
0.8
 40
1.0
 40
1.0
 40
1.0
 40
1.0
 10
12.90869
 20
-5.35331
 30
0.0
 10
12.90869
 20
-5.35331
 30
0.0
 10
12.90516
 20
-5.33919
 30
0.0
 10
12.90516
 20
-5.33919
 30
0.0
 10
12.90516
 20
-5.33919
 30
0.0
 10
12.8981
 20
-5.32507
 30
0.0
 10
12.8981
 20
-5.32507
 30
0.0
 10
12.8981
 20
-5.32507
 30
0.0
 10
12.88752
 20
-5.31449
 30
0.0
 10
12.88752
 20
-5.31449
 30
0.0
 10
12.88752
 20
-5.31449
 30
0.0
 10
12.8734
 20
-5.31096
 30
0.0
 10
12.8734
 20
-5.31096
 30
0.0
 10
12.8734
 20
-5.31096
 30
0.0
 10
12.86281
 20
-5.30743
 30
0.0
 10
12.86281
 20
-5.30743
 30
0.0
  0
SPLINE
  5
190
330
1F
100
AcDbEntity
  8
Camada 1
 62
   251
370
     9
100
AcDbSpline
210
0.0
220
0.0
230
1.0
 70
    24
 71
     3
 72
     8
 73
     4
 74
     0
 42
0.0000000001
 43
0.0000000001
 40
0.0
 40
0.0
 40
0.0
 40
0.0
 40
1.0
 40
1.0
 40
1.0
 40
1.0
 10
13.71333
 20
-5.35331
 30
0.0
 10
13.71333
 20
-5.35331
 30
0.0
 10
13.71686
 20
-5.35331
 30
0.0
 10
13.71686
 20
-5.35331
 30
0.0
  0
SPLINE
  5
191
330
1F
100
AcDbEntity
  8
Camada 1
 62
   251
370
     9
100
AcDbSpline
210
0.0
220
0.0
230
1.0
 70
     8
 71
     3
 72
    20
 73
    16
 74
     0
 42
0.0000000001
 43
0.0000000001
 40
0.0
 40
0.0
 40
0.0
 40
0.0
 40
0.2
 40
0.2
 40
0.2
 40
0.4
 40
0.4
 40
0.4
 40
0.6000000000000001
 40
0.6000000000000001
 40
0.6000000000000001
 40
0.8
 40
0.8
 40
0.8
 40
1.0
 40
1.0
 40
1.0
 40
1.0
 10
13.76274
 20
-5.30743
 30
0.0
 10
13.76274
 20
-5.30743
 30
0.0
 10
13.74509
 20
-5.31096
 30
0.0
 10
13.74509
 20
-5.31096
 30
0.0
 10
13.74509
 20
-5.31096
 30
0.0
 10
13.73451
 20
-5.31802
 30
0.0
 10
13.73451
 20
-5.31802
 30
0.0
 10
13.73451
 20
-5.31802
 30
0.0
 10
13.72392
 20
-5.32861
 30
0.0
 10
13.72392
 20
-5.32861
 30
0.0
 10
13.72392
 20
-5.32861
 30
0.0
 10
13.71686
 20
-5.34625
 30
0.0
 10
13.71686
 20
-5.34625
 30
0.0
 10
13.71686
 20
-5.34625
 30
0.0
 10
13.71686
 20
-5.35331
 30
0.0
 10
13.71686
 20
-5.35331
 30
0.0
  0
SPLINE
  5
192
330
1F
100
AcDbEntity
  8
Camada 1
 62
   251
370
     9
100
AcDbSpline
210
0.0
220
0.0
230
1.0
 70
    24
 71
     3
 72
     8
 73
     4
 74
     0
 42
0.0000000001
 43
0.0000000001
 40
0.0
 40
0.0
 40
0.0
 40
0.0
 40
1.0
 40
1.0
 40
1.0
 40
1.0
 10
13.26866
 20
-5.52976
 30
0.0
 10
13.26866
 20
-5.52976
 30
0.0
 10
13.26866
 20
-5.53329
 30
0.0
 10
13.26866
 20
-5.53329
 30
0.0
  0
SPLINE
  5
193
330
1F
100
AcDbEntity
  8
Camada 1
 62
   251
370
     9
100
AcDbSpline
210
0.0
220
0.0
230
1.0
 70
     8
 71
     3
 72
    20
 73
    16
 74
     0
 42
0.0000000001
 43
0.0000000001
 40
0.0
 40
0.0
 40
0.0
 40
0.0
 40
0.2
 40
0.2
 40
0.2
 40
0.4
 40
0.4
 40
0.4
 40
0.6000000000000001
 40
0.6000000000000001
 40
0.6000000000000001
 40
0.8
 40
0.8
 40
0.8
 40
1.0
 40
1.0
 40
1.0
 40
1.0
 10
13.19102
 20
-5.46271
 30
0.0
 10
13.19102
 20
-5.46271
 30
0.0
 10
13.19455
 20
-5.48389
 30
0.0
 10
13.19455
 20
-5.48389
 30
0.0
 10
13.19455
 20
-5.48389
 30
0.0
 10
13.20514
 20
-5.50506
 30
0.0
 10
13.20514
 20
-5.50506
 30
0.0
 10
13.20514
 20
-5.50506
 30
0.0
 10
13.21925
 20
-5.51918
 30
0.0
 10
13.21925
 20
-5.51918
 30
0.0
 10
13.21925
 20
-5.51918
 30
0.0
 10
13.24395
 20
-5.52976
 30
0.0
 10
13.24395
 20
-5.52976
 30
0.0
 10
13.24395
 20
-5.52976
 30
0.0
 10
13.26866
 20
-5.53329
 30
0.0
 10
13.26866
 20
-5.53329
 30
0.0
  0
SPLINE
  5
194
330
1F
100
AcDbEntity
  8
Camada 1
 62
   251
370
     9
100
AcDbSpline
210
0.0
220
0.0
230
1.0
 70
    24
 71
     3
 72
     8
 73
     4
 74
     0
 42
0.0000000001
 43
0.0000000001
 40
0.0
 40
0.0
 40
0.0
 40
0.0
 40
1.0
 40
1.0
 40
1.0
 40
1.0
 10
12.45696
 20
-5.23332
 30
0.0
 10
12.45696
 20
-5.23332
 30
0.0
 10
12.42873
 20
-5.23332
 30
0.0
 10
12.42873
 20
-5.23332
 30
0.0
  0
SPLINE
  5
195
330
1F
100
AcDbEntity
  8
Camada 1
 62
   251
370
     9
100
AcDbSpline
210
0.0
220
0.0
230
1.0
 70
    24
 71
     3
 72
     8
 73
     4
 74
     0
 42
0.0000000001
 43
0.0000000001
 40
0.0
 40
0.0
 40
0.0
 40
0.0
 40
1.0
 40
1.0
 40
1.0
 40
1.0
 10
12.42873
 20
-5.23332
 30
0.0
 10
12.42873
 20
-5.23332
 30
0.0
 10
12.42873
 20
-5.22979
 30
0.0
 10
12.42873
 20
-5.22979
 30
0.0
  0
SPLINE
  5
196
330
1F
100
AcDbEntity
  8
Camada 1
 62
   251
370
     9
100
AcDbSpline
210
0.0
220
0.0
230
1.0
 70
    24
 71
     3
 72
     8
 73
     4
 74
     0
 42
0.0000000001
 43
0.0000000001
 40
0.0
 40
0.0
 40
0.0
 40
0.0
 40
1.0
 40
1.0
 40
1.0
 40
1.0
 10
12.45696
 20
-5.22979
 30
0.0
 10
12.45696
 20
-5.22979
 30
0.0
 10
12.42873
 20
-5.22979
 30
0.0
 10
12.42873
 20
-5.22979
 30
0.0
  0
SPLINE
  5
197
330
1F
100
AcDbEntity
  8
Camada 1
 62
   251
370
     9
100
AcDbSpline
210
0.0
220
0.0
230
1.0
 70
    24
 71
     3
 72
     8
 73
     4
 74
     0
 42
0.0000000001
 43
0.0000000001
 40
0.0
 40
0.0
 40
0.0
 40
0.0
 40
1.0
 40
1.0
 40
1.0
 40
1.0
 10
13.63922
 20
-5.52976
 30
0.0
 10
13.63922
 20
-5.52976
 30
0.0
 10
13.64275
 20
-5.53329
 30
0.0
 10
13.64275
 20
-5.53329
 30
0.0
  0
SPLINE
  5
198
330
1F
100
AcDbEntity
  8
Camada 1
 62
   251
370
     9
100
AcDbSpline
210
0.0
220
0.0
230
1.0
 70
    24
 71
     3
 72
     8
 73
     4
 74
     0
 42
0.0000000001
 43
0.0000000001
 40
0.0
 40
0.0
 40
0.0
 40
0.0
 40
1.0
 40
1.0
 40
1.0
 40
1.0
 10
13.63922
 20
-5.29331
 30
0.0
 10
13.63922
 20
-5.29331
 30
0.0
 10
13.64275
 20
-5.28978
 30
0.0
 10
13.64275
 20
-5.28978
 30
0.0
  0
SPLINE
  5
199
330
1F
100
AcDbEntity
  8
Camada 1
 62
   251
370
     9
100
AcDbSpline
210
0.0
220
0.0
230
1.0
 70
    24
 71
     3
 72
     8
 73
     4
 74
     0
 42
0.0000000001
 43
0.0000000001
 40
0.0
 40
0.0
 40
0.0
 40
0.0
 40
1.0
 40
1.0
 40
1.0
 40
1.0
 10
13.64275
 20
-5.53329
 30
0.0
 10
13.64275
 20
-5.53329
 30
0.0
 10
13.64275
 20
-5.28978
 30
0.0
 10
13.64275
 20
-5.28978
 30
0.0
  0
SPLINE
  5
19A
330
1F
100
AcDbEntity
  8
Camada 1
 62
   251
370
     9
100
AcDbSpline
210
0.0
220
0.0
230
1.0
 70
    24
 71
     3
 72
     8
 73
     4
 74
     0
 42
0.0000000001
 43
0.0000000001
 40
0.0
 40
0.0
 40
0.0
 40
0.0
 40
1.0
 40
1.0
 40
1.0
 40
1.0
 10
12.60166
 20
-5.46624
 30
0.0
 10
12.60166
 20
-5.46624
 30
0.0
 10
12.60519
 20
-5.46624
 30
0.0
 10
12.60519
 20
-5.46624
 30
0.0
  0
SPLINE
  5
19B
330
1F
100
AcDbEntity
  8
Camada 1
 62
   251
370
     9
100
AcDbSpline
210
0.0
220
0.0
230
1.0
 70
    24
 71
     3
 72
     8
 73
     4
 74
     0
 42
0.0000000001
 43
0.0000000001
 40
0.0
 40
0.0
 40
0.0
 40
0.0
 40
1.0
 40
1.0
 40
1.0
 40
1.0
 10
12.60519
 20
-5.46624
 30
0.0
 10
12.60519
 20
-5.46624
 30
0.0
 10
12.60519
 20
-5.35331
 30
0.0
 10
12.60519
 20
-5.35331
 30
0.0
  0
SPLINE
  5
19C
330
1F
100
AcDbEntity
  8
Camada 1
 62
   251
370
     9
100
AcDbSpline
210
0.0
220
0.0
230
1.0
 70
    24
 71
     3
 72
     8
 73
     4
 74
     0
 42
0.0000000001
 43
0.0000000001
 40
0.0
 40
0.0
 40
0.0
 40
0.0
 40
1.0
 40
1.0
 40
1.0
 40
1.0
 10
12.65106
 20
-5.51565
 30
0.0
 10
12.65106
 20
-5.51565
 30
0.0
 10
12.65106
 20
-5.51212
 30
0.0
 10
12.65106
 20
-5.51212
 30
0.0
  0
SPLINE
  5
19D
330
1F
100
AcDbEntity
  8
Camada 1
 62
   251
370
     9
100
AcDbSpline
210
0.0
220
0.0
230
1.0
 70
     8
 71
     3
 72
    20
 73
    16
 74
     0
 42
0.0000000001
 43
0.0000000001
 40
0.0
 40
0.0
 40
0.0
 40
0.0
 40
0.2
 40
0.2
 40
0.2
 40
0.4
 40
0.4
 40
0.4
 40
0.6000000000000001
 40
0.6000000000000001
 40
0.6000000000000001
 40
0.8
 40
0.8
 40
0.8
 40
1.0
 40
1.0
 40
1.0
 40
1.0
 10
12.69694
 20
-5.46977
 30
0.0
 10
12.69694
 20
-5.46977
 30
0.0
 10
12.69341
 20
-5.48389
 30
0.0
 10
12.69341
 20
-5.48389
 30
0.0
 10
12.69341
 20
-5.48389
 30
0.0
 10
12.68636
 20
-5.498
 30
0.0
 10
12.68636
 20
-5.498
 30
0.0
 10
12.68636
 20
-5.498
 30
0.0
 10
12.67576
 20
-5.50506
 30
0.0
 10
12.67576
 20
-5.50506
 30
0.0
 10
12.67576
 20
-5.50506
 30
0.0
 10
12.66165
 20
-5.51212
 30
0.0
 10
12.66165
 20
-5.51212
 30
0.0
 10
12.66165
 20
-5.51212
 30
0.0
 10
12.65106
 20
-5.51212
 30
0.0
 10
12.65106
 20
-5.51212
 30
0.0
  0
SPLINE
  5
19E
330
1F
100
AcDbEntity
  8
Camada 1
 62
   251
370
     9
100
AcDbSpline
210
0.0
220
0.0
230
1.0
 70
     8
 71
     3
 72
    11
 73
     7
 74
     0
 42
0.0000000001
 43
0.0000000001
 40
0.0
 40
0.0
 40
0.0
 40
0.0
 40
0.5
 40
0.5
 40
0.5
 40
1.0
 40
1.0
 40
1.0
 40
1.0
 10
13.44159
 20
-5.30038
 30
0.0
 10
13.44159
 20
-5.30038
 30
0.0
 10
13.44512
 20
-5.29684
 30
0.0
 10
13.44512
 20
-5.29684
 30
0.0
 10
13.44512
 20
-5.29684
 30
0.0
 10
13.44512
 20
-5.29331
 30
0.0
 10
13.44512
 20
-5.29331
 30
0.0
  0
SPLINE
  5
19F
330
1F
100
AcDbEntity
  8
Camada 1
 62
   251
370
     9
100
AcDbSpline
210
0.0
220
0.0
230
1.0
 70
    24
 71
     3
 72
     8
 73
     4
 74
     0
 42
0.0000000001
 43
0.0000000001
 40
0.0
 40
0.0
 40
0.0
 40
0.0
 40
1.0
 40
1.0
 40
1.0
 40
1.0
 10
13.44159
 20
-5.29331
 30
0.0
 10
13.44159
 20
-5.29331
 30
0.0
 10
13.44512
 20
-5.28978
 30
0.0
 10
13.44512
 20
-5.28978
 30
0.0
  0
SPLINE
  5
1A0
330
1F
100
AcDbEntity
  8
Camada 1
 62
   251
370
     9
100
AcDbSpline
210
0.0
220
0.0
230
1.0
 70
    24
 71
     3
 72
     8
 73
     4
 74
     0
 42
0.0000000001
 43
0.0000000001
 40
0.0
 40
0.0
 40
0.0
 40
0.0
 40
1.0
 40
1.0
 40
1.0
 40
1.0
 10
13.44512
 20
-5.29331
 30
0.0
 10
13.44512
 20
-5.29331
 30
0.0
 10
13.44512
 20
-5.28978
 30
0.0
 10
13.44512
 20
-5.28978
 30
0.0
  0
SPLINE
  5
1A1
330
1F
100
AcDbEntity
  8
Camada 1
 62
   251
370
     9
100
AcDbSpline
210
0.0
220
0.0
230
1.0
 70
     8
 71
     3
 72
    14
 73
    10
 74
     0
 42
0.0000000001
 43
0.0000000001
 40
0.0
 40
0.0
 40
0.0
 40
0.0
 40
0.3333333333333333
 40
0.3333333333333333
 40
0.3333333333333333
 40
0.6666666666666666
 40
0.6666666666666666
 40
0.6666666666666666
 40
1.0
 40
1.0
 40
1.0
 40
1.0
 10
12.42873
 20
-5.23332
 30
0.0
 10
12.42873
 20
-5.23332
 30
0.0
 10
12.40402
 20
-5.23685
 30
0.0
 10
12.40402
 20
-5.23685
 30
0.0
 10
12.40402
 20
-5.23685
 30
0.0
 10
12.37932
 20
-5.24743
 30
0.0
 10
12.37932
 20
-5.24743
 30
0.0
 10
12.37932
 20
-5.24743
 30
0.0
 10
12.3652
 20
-5.26508
 30
0.0
 10
12.3652
 20
-5.26508
 30
0.0
  0
SPLINE
  5
1A2
330
1F
100
AcDbEntity
  8
Camada 1
 62
   251
370
     9
100
AcDbSpline
210
0.0
220
0.0
230
1.0
 70
     8
 71
     3
 72
    14
 73
    10
 74
     0
 42
0.0000000001
 43
0.0000000001
 40
0.0
 40
0.0
 40
0.0
 40
0.0
 40
0.3333333333333333
 40
0.3333333333333333
 40
0.3333333333333333
 40
0.6666666666666666
 40
0.6666666666666666
 40
0.6666666666666666
 40
1.0
 40
1.0
 40
1.0
 40
1.0
 10
12.42873
 20
-5.22979
 30
0.0
 10
12.42873
 20
-5.22979
 30
0.0
 10
12.40402
 20
-5.23332
 30
0.0
 10
12.40402
 20
-5.23332
 30
0.0
 10
12.40402
 20
-5.23332
 30
0.0
 10
12.37932
 20
-5.2439
 30
0.0
 10
12.37932
 20
-5.2439
 30
0.0
 10
12.37932
 20
-5.2439
 30
0.0
 10
12.36167
 20
-5.26508
 30
0.0
 10
12.36167
 20
-5.26508
 30
0.0
  0
SPLINE
  5
1A3
330
1F
100
AcDbEntity
  8
Camada 1
 62
   251
370
     9
100
AcDbSpline
210
0.0
220
0.0
230
1.0
 70
    24
 71
     3
 72
     8
 73
     4
 74
     0
 42
0.0000000001
 43
0.0000000001
 40
0.0
 40
0.0
 40
0.0
 40
0.0
 40
1.0
 40
1.0
 40
1.0
 40
1.0
 10
13.33219
 20
-5.34977
 30
0.0
 10
13.33219
 20
-5.34977
 30
0.0
 10
13.32865
 20
-5.34977
 30
0.0
 10
13.32865
 20
-5.34977
 30
0.0
  0
SPLINE
  5
1A4
330
1F
100
AcDbEntity
  8
Camada 1
 62
   251
370
     9
100
AcDbSpline
210
0.0
220
0.0
230
1.0
 70
     8
 71
     3
 72
    20
 73
    16
 74
     0
 42
0.0000000001
 43
0.0000000001
 40
0.0
 40
0.0
 40
0.0
 40
0.0
 40
0.2
 40
0.2
 40
0.2
 40
0.4
 40
0.4
 40
0.4
 40
0.6000000000000001
 40
0.6000000000000001
 40
0.6000000000000001
 40
0.8
 40
0.8
 40
0.8
 40
1.0
 40
1.0
 40
1.0
 40
1.0
 10
13.28278
 20
-5.30743
 30
0.0
 10
13.28278
 20
-5.30743
 30
0.0
 10
13.29689
 20
-5.31096
 30
0.0
 10
13.29689
 20
-5.31096
 30
0.0
 10
13.29689
 20
-5.31096
 30
0.0
 10
13.31101
 20
-5.31802
 30
0.0
 10
13.31101
 20
-5.31802
 30
0.0
 10
13.31101
 20
-5.31802
 30
0.0
 10
13.3216
 20
-5.32861
 30
0.0
 10
13.3216
 20
-5.32861
 30
0.0
 10
13.3216
 20
-5.32861
 30
0.0
 10
13.32512
 20
-5.34625
 30
0.0
 10
13.32512
 20
-5.34625
 30
0.0
 10
13.32512
 20
-5.34625
 30
0.0
 10
13.32865
 20
-5.34977
 30
0.0
 10
13.32865
 20
-5.34977
 30
0.0
  0
SPLINE
  5
1A5
330
1F
100
AcDbEntity
  8
Camada 1
 62
   251
370
     9
100
AcDbSpline
210
0.0
220
0.0
230
1.0
 70
     8
 71
     3
 72
    20
 73
    16
 74
     0
 42
0.0000000001
 43
0.0000000001
 40
0.0
 40
0.0
 40
0.0
 40
0.0
 40
0.2
 40
0.2
 40
0.2
 40
0.4
 40
0.4
 40
0.4
 40
0.6000000000000001
 40
0.6000000000000001
 40
0.6000000000000001
 40
0.8
 40
0.8
 40
0.8
 40
1.0
 40
1.0
 40
1.0
 40
1.0
 10
13.2369
 20
-5.46624
 30
0.0
 10
13.2369
 20
-5.46624
 30
0.0
 10
13.2369
 20
-5.48389
 30
0.0
 10
13.2369
 20
-5.48389
 30
0.0
 10
13.2369
 20
-5.48389
 30
0.0
 10
13.24395
 20
-5.498
 30
0.0
 10
13.24395
 20
-5.498
 30
0.0
 10
13.24395
 20
-5.498
 30
0.0
 10
13.25808
 20
-5.50506
 30
0.0
 10
13.25808
 20
-5.50506
 30
0.0
 10
13.25808
 20
-5.50506
 30
0.0
 10
13.27219
 20
-5.51212
 30
0.0
 10
13.27219
 20
-5.51212
 30
0.0
 10
13.27219
 20
-5.51212
 30
0.0
 10
13.28278
 20
-5.51212
 30
0.0
 10
13.28278
 20
-5.51212
 30
0.0
  0
SPLINE
  5
1A6
330
1F
100
AcDbEntity
  8
Camada 1
 62
   251
370
     9
100
AcDbSpline
210
0.0
220
0.0
230
1.0
 70
    24
 71
     3
 72
     8
 73
     4
 74
     0
 42
0.0000000001
 43
0.0000000001
 40
0.0
 40
0.0
 40
0.0
 40
0.0
 40
1.0
 40
1.0
 40
1.0
 40
1.0
 10
13.77333
 20
-5.28978
 30
0.0
 10
13.77333
 20
-5.28978
 30
0.0
 10
13.74863
 20
-5.28978
 30
0.0
 10
13.74863
 20
-5.28978
 30
0.0
  0
SPLINE
  5
1A7
330
1F
100
AcDbEntity
  8
Camada 1
 62
   251
370
     9
100
AcDbSpline
210
0.0
220
0.0
230
1.0
 70
    24
 71
     3
 72
     8
 73
     4
 74
     0
 42
0.0000000001
 43
0.0000000001
 40
0.0
 40
0.0
 40
0.0
 40
0.0
 40
1.0
 40
1.0
 40
1.0
 40
1.0
 10
13.63922
 20
-5.26155
 30
0.0
 10
13.63922
 20
-5.26155
 30
0.0
 10
13.63922
 20
-5.23332
 30
0.0
 10
13.63922
 20
-5.23332
 30
0.0
  0
SPLINE
  5
1A8
330
1F
100
AcDbEntity
  8
Camada 1
 62
   251
370
     9
100
AcDbSpline
210
0.0
220
0.0
230
1.0
 70
    24
 71
     3
 72
     8
 73
     4
 74
     0
 42
0.0000000001
 43
0.0000000001
 40
0.0
 40
0.0
 40
0.0
 40
0.0
 40
1.0
 40
1.0
 40
1.0
 40
1.0
 10
13.63922
 20
-5.23332
 30
0.0
 10
13.63922
 20
-5.23332
 30
0.0
 10
13.64275
 20
-5.22979
 30
0.0
 10
13.64275
 20
-5.22979
 30
0.0
  0
SPLINE
  5
1A9
330
1F
100
AcDbEntity
  8
Camada 1
 62
   251
370
     9
100
AcDbSpline
210
0.0
220
0.0
230
1.0
 70
    24
 71
     3
 72
     8
 73
     4
 74
     0
 42
0.0000000001
 43
0.0000000001
 40
0.0
 40
0.0
 40
0.0
 40
0.0
 40
1.0
 40
1.0
 40
1.0
 40
1.0
 10
13.64275
 20
-5.26508
 30
0.0
 10
13.64275
 20
-5.26508
 30
0.0
 10
13.64275
 20
-5.22979
 30
0.0
 10
13.64275
 20
-5.22979
 30
0.0
  0
SPLINE
  5
1AA
330
1F
100
AcDbEntity
  8
Camada 1
 62
   251
370
     9
100
AcDbSpline
210
0.0
220
0.0
230
1.0
 70
    24
 71
     3
 72
     8
 73
     4
 74
     0
 42
0.0000000001
 43
0.0000000001
 40
0.0
 40
0.0
 40
0.0
 40
0.0
 40
1.0
 40
1.0
 40
1.0
 40
1.0
 10
13.63922
 20
-5.23332
 30
0.0
 10
13.63922
 20
-5.23332
 30
0.0
 10
13.6004
 20
-5.23332
 30
0.0
 10
13.6004
 20
-5.23332
 30
0.0
  0
SPLINE
  5
1AB
330
1F
100
AcDbEntity
  8
Camada 1
 62
   251
370
     9
100
AcDbSpline
210
0.0
220
0.0
230
1.0
 70
    24
 71
     3
 72
     8
 73
     4
 74
     0
 42
0.0000000001
 43
0.0000000001
 40
0.0
 40
0.0
 40
0.0
 40
0.0
 40
1.0
 40
1.0
 40
1.0
 40
1.0
 10
12.91221
 20
-5.40625
 30
0.0
 10
12.91221
 20
-5.40625
 30
0.0
 10
12.90869
 20
-5.40271
 30
0.0
 10
12.90869
 20
-5.40271
 30
0.0
  0
SPLINE
  5
1AC
330
1F
100
AcDbEntity
  8
Camada 1
 62
   251
370
     9
100
AcDbSpline
210
0.0
220
0.0
230
1.0
 70
    24
 71
     3
 72
     8
 73
     4
 74
     0
 42
0.0000000001
 43
0.0000000001
 40
0.0
 40
0.0
 40
0.0
 40
0.0
 40
1.0
 40
1.0
 40
1.0
 40
1.0
 10
12.81693
 20
-5.40271
 30
0.0
 10
12.81693
 20
-5.40271
 30
0.0
 10
12.90869
 20
-5.40271
 30
0.0
 10
12.90869
 20
-5.40271
 30
0.0
  0
SPLINE
  5
1AD
330
1F
100
AcDbEntity
  8
Camada 1
 62
   251
370
     9
100
AcDbSpline
210
0.0
220
0.0
230
1.0
 70
     8
 71
     3
 72
    20
 73
    16
 74
     0
 42
0.0000000001
 43
0.0000000001
 40
0.0
 40
0.0
 40
0.0
 40
0.0
 40
0.2
 40
0.2
 40
0.2
 40
0.4
 40
0.4
 40
0.4
 40
0.6000000000000001
 40
0.6000000000000001
 40
0.6000000000000001
 40
0.8
 40
0.8
 40
0.8
 40
1.0
 40
1.0
 40
1.0
 40
1.0
 10
12.65106
 20
-5.51212
 30
0.0
 10
12.65106
 20
-5.51212
 30
0.0
 10
12.63695
 20
-5.51212
 30
0.0
 10
12.63695
 20
-5.51212
 30
0.0
 10
12.63695
 20
-5.51212
 30
0.0
 10
12.62283
 20
-5.50506
 30
0.0
 10
12.62283
 20
-5.50506
 30
0.0
 10
12.62283
 20
-5.50506
 30
0.0
 10
12.61224
 20
-5.49095
 30
0.0
 10
12.61224
 20
-5.49095
 30
0.0
 10
12.61224
 20
-5.49095
 30
0.0
 10
12.60871
 20
-5.47683
 30
0.0
 10
12.60871
 20
-5.47683
 30
0.0
 10
12.60871
 20
-5.47683
 30
0.0
 10
12.60519
 20
-5.46624
 30
0.0
 10
12.60519
 20
-5.46624
 30
0.0
  0
SPLINE
  5
1AE
330
1F
100
AcDbEntity
  8
Camada 1
 62
   251
370
     9
100
AcDbSpline
210
0.0
220
0.0
230
1.0
 70
    24
 71
     3
 72
     8
 73
     4
 74
     0
 42
0.0000000001
 43
0.0000000001
 40
0.0
 40
0.0
 40
0.0
 40
0.0
 40
1.0
 40
1.0
 40
1.0
 40
1.0
 10
13.26866
 20
-5.53329
 30
0.0
 10
13.26866
 20
-5.53329
 30
0.0
 10
13.29336
 20
-5.53329
 30
0.0
 10
13.29336
 20
-5.53329
 30
0.0
  0
SPLINE
  5
1AF
330
1F
100
AcDbEntity
  8
Camada 1
 62
   251
370
     9
100
AcDbSpline
210
0.0
220
0.0
230
1.0
 70
    24
 71
     3
 72
     8
 73
     4
 74
     0
 42
0.0000000001
 43
0.0000000001
 40
0.0
 40
0.0
 40
0.0
 40
0.0
 40
1.0
 40
1.0
 40
1.0
 40
1.0
 10
13.33219
 20
-5.38507
 30
0.0
 10
13.33219
 20
-5.38507
 30
0.0
 10
13.32865
 20
-5.38154
 30
0.0
 10
13.32865
 20
-5.38154
 30
0.0
  0
SPLINE
  5
1B0
330
1F
100
AcDbEntity
  8
Camada 1
 62
   251
370
     9
100
AcDbSpline
210
0.0
220
0.0
230
1.0
 70
    24
 71
     3
 72
     8
 73
     4
 74
     0
 42
0.0000000001
 43
0.0000000001
 40
0.0
 40
0.0
 40
0.0
 40
0.0
 40
1.0
 40
1.0
 40
1.0
 40
1.0
 10
13.26866
 20
-5.38507
 30
0.0
 10
13.26866
 20
-5.38507
 30
0.0
 10
13.26866
 20
-5.38154
 30
0.0
 10
13.26866
 20
-5.38154
 30
0.0
  0
SPLINE
  5
1B1
330
1F
100
AcDbEntity
  8
Camada 1
 62
   251
370
     9
100
AcDbSpline
210
0.0
220
0.0
230
1.0
 70
    24
 71
     3
 72
     8
 73
     4
 74
     0
 42
0.0000000001
 43
0.0000000001
 40
0.0
 40
0.0
 40
0.0
 40
0.0
 40
1.0
 40
1.0
 40
1.0
 40
1.0
 10
13.32865
 20
-5.38154
 30
0.0
 10
13.32865
 20
-5.38154
 30
0.0
 10
13.26866
 20
-5.38154
 30
0.0
 10
13.26866
 20
-5.38154
 30
0.0
  0
SPLINE
  5
1B2
330
1F
100
AcDbEntity
  8
Camada 1
 62
   251
370
     9
100
AcDbSpline
210
0.0
220
0.0
230
1.0
 70
     8
 71
     3
 72
    20
 73
    16
 74
     0
 42
0.0000000001
 43
0.0000000001
 40
0.0
 40
0.0
 40
0.0
 40
0.0
 40
0.2
 40
0.2
 40
0.2
 40
0.4
 40
0.4
 40
0.4
 40
0.6000000000000001
 40
0.6000000000000001
 40
0.6000000000000001
 40
0.8
 40
0.8
 40
0.8
 40
1.0
 40
1.0
 40
1.0
 40
1.0
 10
12.39344
 20
-5.29331
 30
0.0
 10
12.39344
 20
-5.29331
 30
0.0
 10
12.39697
 20
-5.2792
 30
0.0
 10
12.39697
 20
-5.2792
 30
0.0
 10
12.39697
 20
-5.2792
 30
0.0
 10
12.40402
 20
-5.26508
 30
0.0
 10
12.40402
 20
-5.26508
 30
0.0
 10
12.40402
 20
-5.26508
 30
0.0
 10
12.41461
 20
-5.25449
 30
0.0
 10
12.41461
 20
-5.25449
 30
0.0
 10
12.41461
 20
-5.25449
 30
0.0
 10
12.43226
 20
-5.24743
 30
0.0
 10
12.43226
 20
-5.24743
 30
0.0
 10
12.43226
 20
-5.24743
 30
0.0
 10
12.44284
 20
-5.2439
 30
0.0
 10
12.44284
 20
-5.2439
 30
0.0
  0
SPLINE
  5
1B3
330
1F
100
AcDbEntity
  8
Camada 1
 62
   251
370
     9
100
AcDbSpline
210
0.0
220
0.0
230
1.0
 70
     8
 71
     3
 72
    20
 73
    16
 74
     0
 42
0.0000000001
 43
0.0000000001
 40
0.0
 40
0.0
 40
0.0
 40
0.0
 40
0.2
 40
0.2
 40
0.2
 40
0.4
 40
0.4
 40
0.4
 40
0.6000000000000001
 40
0.6000000000000001
 40
0.6000000000000001
 40
0.8
 40
0.8
 40
0.8
 40
1.0
 40
1.0
 40
1.0
 40
1.0
 10
12.39697
 20
-5.29331
 30
0.0
 10
12.39697
 20
-5.29331
 30
0.0
 10
12.4005
 20
-5.2792
 30
0.0
 10
12.4005
 20
-5.2792
 30
0.0
 10
12.4005
 20
-5.2792
 30
0.0
 10
12.40755
 20
-5.26508
 30
0.0
 10
12.40755
 20
-5.26508
 30
0.0
 10
12.40755
 20
-5.26508
 30
0.0
 10
12.41813
 20
-5.25449
 30
0.0
 10
12.41813
 20
-5.25449
 30
0.0
 10
12.41813
 20
-5.25449
 30
0.0
 10
12.43226
 20
-5.25097
 30
0.0
 10
12.43226
 20
-5.25097
 30
0.0
 10
12.43226
 20
-5.25097
 30
0.0
 10
12.44284
 20
-5.24743
 30
0.0
 10
12.44284
 20
-5.24743
 30
0.0
  0
SPLINE
  5
1B4
330
1F
100
AcDbEntity
  8
Camada 1
 62
   251
370
     9
100
AcDbSpline
210
0.0
220
0.0
230
1.0
 70
    24
 71
     3
 72
     8
 73
     4
 74
     0
 42
0.0000000001
 43
0.0000000001
 40
0.0
 40
0.0
 40
0.0
 40
0.0
 40
1.0
 40
1.0
 40
1.0
 40
1.0
 10
12.66518
 20
-5.29331
 30
0.0
 10
12.66518
 20
-5.29331
 30
0.0
 10
12.66518
 20
-5.28978
 30
0.0
 10
12.66518
 20
-5.28978
 30
0.0
  0
SPLINE
  5
1B5
330
1F
100
AcDbEntity
  8
Camada 1
 62
   251
370
     9
100
AcDbSpline
210
0.0
220
0.0
230
1.0
 70
    24
 71
     3
 72
     8
 73
     4
 74
     0
 42
0.0000000001
 43
0.0000000001
 40
0.0
 40
0.0
 40
0.0
 40
0.0
 40
1.0
 40
1.0
 40
1.0
 40
1.0
 10
12.66518
 20
-5.28978
 30
0.0
 10
12.66518
 20
-5.28978
 30
0.0
 10
12.64047
 20
-5.28978
 30
0.0
 10
12.64047
 20
-5.28978
 30
0.0
  0
SPLINE
  5
1B6
330
1F
100
AcDbEntity
  8
Camada 1
 62
   251
370
     9
100
AcDbSpline
210
0.0
220
0.0
230
1.0
 70
     8
 71
     3
 72
    20
 73
    16
 74
     0
 42
0.0000000001
 43
0.0000000001
 40
0.0
 40
0.0
 40
0.0
 40
0.0
 40
0.2
 40
0.2
 40
0.2
 40
0.4
 40
0.4
 40
0.4
 40
0.6000000000000001
 40
0.6000000000000001
 40
0.6000000000000001
 40
0.8
 40
0.8
 40
0.8
 40
1.0
 40
1.0
 40
1.0
 40
1.0
 10
12.73929
 20
-5.34272
 30
0.0
 10
12.73929
 20
-5.34272
 30
0.0
 10
12.73224
 20
-5.32154
 30
0.0
 10
12.73224
 20
-5.32154
 30
0.0
 10
12.73224
 20
-5.32154
 30
0.0
 10
12.71812
 20
-5.30743
 30
0.0
 10
12.71812
 20
-5.30743
 30
0.0
 10
12.71812
 20
-5.30743
 30
0.0
 10
12.69694
 20
-5.29331
 30
0.0
 10
12.69694
 20
-5.29331
 30
0.0
 10
12.69694
 20
-5.29331
 30
0.0
 10
12.66871
 20
-5.28978
 30
0.0
 10
12.66871
 20
-5.28978
 30
0.0
 10
12.66871
 20
-5.28978
 30
0.0
 10
12.66518
 20
-5.28978
 30
0.0
 10
12.66518
 20
-5.28978
 30
0.0
  0
SPLINE
  5
1B7
330
1F
100
AcDbEntity
  8
Camada 1
 62
   251
370
     9
100
AcDbSpline
210
0.0
220
0.0
230
1.0
 70
     8
 71
     3
 72
    17
 73
    13
 74
     0
 42
0.0000000001
 43
0.0000000001
 40
0.0
 40
0.0
 40
0.0
 40
0.0
 40
0.25
 40
0.25
 40
0.25
 40
0.5
 40
0.5
 40
0.5
 40
0.75
 40
0.75
 40
0.75
 40
1.0
 40
1.0
 40
1.0
 40
1.0
 10
12.66518
 20
-5.53329
 30
0.0
 10
12.66518
 20
-5.53329
 30
0.0
 10
12.68988
 20
-5.52976
 30
0.0
 10
12.68988
 20
-5.52976
 30
0.0
 10
12.68988
 20
-5.52976
 30
0.0
 10
12.71459
 20
-5.51918
 30
0.0
 10
12.71459
 20
-5.51918
 30
0.0
 10
12.71459
 20
-5.51918
 30
0.0
 10
12.73224
 20
-5.498
 30
0.0
 10
12.73224
 20
-5.498
 30
0.0
 10
12.73224
 20
-5.498
 30
0.0
 10
12.73929
 20
-5.48035
 30
0.0
 10
12.73929
 20
-5.48035
 30
0.0
  0
SPLINE
  5
1B8
330
1F
100
AcDbEntity
  8
Camada 1
 62
   251
370
     9
100
AcDbSpline
210
0.0
220
0.0
230
1.0
 70
    24
 71
     3
 72
     8
 73
     4
 74
     0
 42
0.0000000001
 43
0.0000000001
 40
0.0
 40
0.0
 40
0.0
 40
0.0
 40
1.0
 40
1.0
 40
1.0
 40
1.0
 10
13.32865
 20
-5.34977
 30
0.0
 10
13.32865
 20
-5.34977
 30
0.0
 10
13.32865
 20
-5.38154
 30
0.0
 10
13.32865
 20
-5.38154
 30
0.0
  0
SPLINE
  5
1B9
330
1F
100
AcDbEntity
  8
Camada 1
 62
   251
370
     9
100
AcDbSpline
210
0.0
220
0.0
230
1.0
 70
     8
 71
     3
 72
    20
 73
    16
 74
     0
 42
0.0000000001
 43
0.0000000001
 40
0.0
 40
0.0
 40
0.0
 40
0.0
 40
0.2
 40
0.2
 40
0.2
 40
0.4
 40
0.4
 40
0.4
 40
0.6000000000000001
 40
0.6000000000000001
 40
0.6000000000000001
 40
0.8
 40
0.8
 40
0.8
 40
1.0
 40
1.0
 40
1.0
 40
1.0
 10
13.26866
 20
-5.38154
 30
0.0
 10
13.26866
 20
-5.38154
 30
0.0
 10
13.24395
 20
-5.38507
 30
0.0
 10
13.24395
 20
-5.38507
 30
0.0
 10
13.24395
 20
-5.38507
 30
0.0
 10
13.21925
 20
-5.39566
 30
0.0
 10
13.21925
 20
-5.39566
 30
0.0
 10
13.21925
 20
-5.39566
 30
0.0
 10
13.20161
 20
-5.4133
 30
0.0
 10
13.20161
 20
-5.4133
 30
0.0
 10
13.20161
 20
-5.4133
 30
0.0
 10
13.19102
 20
-5.43095
 30
0.0
 10
13.19102
 20
-5.43095
 30
0.0
 10
13.19102
 20
-5.43095
 30
0.0
 10
13.19102
 20
-5.44859
 30
0.0
 10
13.19102
 20
-5.44859
 30
0.0
  0
SPLINE
  5
1BA
330
1F
100
AcDbEntity
  8
Camada 1
 62
   251
370
     9
100
AcDbSpline
210
0.0
220
0.0
230
1.0
 70
    24
 71
     3
 72
     8
 73
     4
 74
     0
 42
0.0000000001
 43
0.0000000001
 40
0.0
 40
0.0
 40
0.0
 40
0.0
 40
1.0
 40
1.0
 40
1.0
 40
1.0
 10
13.71686
 20
-5.35331
 30
0.0
 10
13.71686
 20
-5.35331
 30
0.0
 10
13.71686
 20
-5.46624
 30
0.0
 10
13.71686
 20
-5.46624
 30
0.0
  0
SPLINE
  5
1BB
330
1F
100
AcDbEntity
  8
Camada 1
 62
   251
370
     9
100
AcDbSpline
210
0.0
220
0.0
230
1.0
 70
    24
 71
     3
 72
     8
 73
     4
 74
     0
 42
0.0000000001
 43
0.0000000001
 40
0.0
 40
0.0
 40
0.0
 40
0.0
 40
1.0
 40
1.0
 40
1.0
 40
1.0
 10
13.40276
 20
-5.29331
 30
0.0
 10
13.40276
 20
-5.29331
 30
0.0
 10
13.39924
 20
-5.28978
 30
0.0
 10
13.39924
 20
-5.28978
 30
0.0
  0
SPLINE
  5
1BC
330
1F
100
AcDbEntity
  8
Camada 1
 62
   251
370
     9
100
AcDbSpline
210
0.0
220
0.0
230
1.0
 70
    24
 71
     3
 72
     8
 73
     4
 74
     0
 42
0.0000000001
 43
0.0000000001
 40
0.0
 40
0.0
 40
0.0
 40
0.0
 40
1.0
 40
1.0
 40
1.0
 40
1.0
 10
13.44512
 20
-5.28978
 30
0.0
 10
13.44512
 20
-5.28978
 30
0.0
 10
13.39924
 20
-5.28978
 30
0.0
 10
13.39924
 20
-5.28978
 30
0.0
  0
SPLINE
  5
1BD
330
1F
100
AcDbEntity
  8
Camada 1
 62
   251
370
     9
100
AcDbSpline
210
0.0
220
0.0
230
1.0
 70
    24
 71
     3
 72
     8
 73
     4
 74
     0
 42
0.0000000001
 43
0.0000000001
 40
0.0
 40
0.0
 40
0.0
 40
0.0
 40
1.0
 40
1.0
 40
1.0
 40
1.0
 10
13.40276
 20
-5.52976
 30
0.0
 10
13.40276
 20
-5.52976
 30
0.0
 10
13.39924
 20
-5.53329
 30
0.0
 10
13.39924
 20
-5.53329
 30
0.0
  0
SPLINE
  5
1BE
330
1F
100
AcDbEntity
  8
Camada 1
 62
   251
370
     9
100
AcDbSpline
210
0.0
220
0.0
230
1.0
 70
    24
 71
     3
 72
     8
 73
     4
 74
     0
 42
0.0000000001
 43
0.0000000001
 40
0.0
 40
0.0
 40
0.0
 40
0.0
 40
1.0
 40
1.0
 40
1.0
 40
1.0
 10
13.39924
 20
-5.28978
 30
0.0
 10
13.39924
 20
-5.28978
 30
0.0
 10
13.39924
 20
-5.53329
 30
0.0
 10
13.39924
 20
-5.53329
 30
0.0
  0
SPLINE
  5
1BF
330
1F
100
AcDbEntity
  8
Camada 1
 62
   251
370
     9
100
AcDbSpline
210
0.0
220
0.0
230
1.0
 70
    24
 71
     3
 72
     8
 73
     4
 74
     0
 42
0.0000000001
 43
0.0000000001
 40
0.0
 40
0.0
 40
0.0
 40
0.0
 40
1.0
 40
1.0
 40
1.0
 40
1.0
 10
13.39924
 20
-5.53329
 30
0.0
 10
13.39924
 20
-5.53329
 30
0.0
 10
13.44512
 20
-5.53329
 30
0.0
 10
13.44512
 20
-5.53329
 30
0.0
  0
SPLINE
  5
1C0
330
1F
100
AcDbEntity
  8
Camada 1
 62
   251
370
     9
100
AcDbSpline
210
0.0
220
0.0
230
1.0
 70
    24
 71
     3
 72
     8
 73
     4
 74
     0
 42
0.0000000001
 43
0.0000000001
 40
0.0
 40
0.0
 40
0.0
 40
0.0
 40
1.0
 40
1.0
 40
1.0
 40
1.0
 10
13.64275
 20
-5.22979
 30
0.0
 10
13.64275
 20
-5.22979
 30
0.0
 10
13.59687
 20
-5.22979
 30
0.0
 10
13.59687
 20
-5.22979
 30
0.0
  0
SPLINE
  5
1C1
330
1F
100
AcDbEntity
  8
Camada 1
 62
   251
370
     9
100
AcDbSpline
210
0.0
220
0.0
230
1.0
 70
    24
 71
     3
 72
     8
 73
     4
 74
     0
 42
0.0000000001
 43
0.0000000001
 40
0.0
 40
0.0
 40
0.0
 40
0.0
 40
1.0
 40
1.0
 40
1.0
 40
1.0
 10
13.47688
 20
-5.29331
 30
0.0
 10
13.47688
 20
-5.29331
 30
0.0
 10
13.47688
 20
-5.28978
 30
0.0
 10
13.47688
 20
-5.28978
 30
0.0
  0
SPLINE
  5
1C2
330
1F
100
AcDbEntity
  8
Camada 1
 62
   251
370
     9
100
AcDbSpline
210
0.0
220
0.0
230
1.0
 70
     8
 71
     3
 72
    14
 73
    10
 74
     0
 42
0.0000000001
 43
0.0000000001
 40
0.0
 40
0.0
 40
0.0
 40
0.0
 40
0.3333333333333333
 40
0.3333333333333333
 40
0.3333333333333333
 40
0.6666666666666666
 40
0.6666666666666666
 40
0.6666666666666666
 40
1.0
 40
1.0
 40
1.0
 40
1.0
 10
13.47688
 20
-5.28978
 30
0.0
 10
13.47688
 20
-5.28978
 30
0.0
 10
13.46629
 20
-5.28978
 30
0.0
 10
13.46629
 20
-5.28978
 30
0.0
 10
13.46629
 20
-5.28978
 30
0.0
 10
13.4557
 20
-5.28978
 30
0.0
 10
13.4557
 20
-5.28978
 30
0.0
 10
13.4557
 20
-5.28978
 30
0.0
 10
13.44512
 20
-5.29331
 30
0.0
 10
13.44512
 20
-5.29331
 30
0.0
  0
SPLINE
  5
1C3
330
1F
100
AcDbEntity
  8
Camada 1
 62
   251
370
     9
100
AcDbSpline
210
0.0
220
0.0
230
1.0
 70
     8
 71
     3
 72
    20
 73
    16
 74
     0
 42
0.0000000001
 43
0.0000000001
 40
0.0
 40
0.0
 40
0.0
 40
0.0
 40
0.2
 40
0.2
 40
0.2
 40
0.4
 40
0.4
 40
0.4
 40
0.6000000000000001
 40
0.6000000000000001
 40
0.6000000000000001
 40
0.8
 40
0.8
 40
0.8
 40
1.0
 40
1.0
 40
1.0
 40
1.0
 10
12.52048
 20
-5.498
 30
0.0
 10
12.52048
 20
-5.498
 30
0.0
 10
12.53107
 20
-5.4733
 30
0.0
 10
12.53107
 20
-5.4733
 30
0.0
 10
12.53107
 20
-5.4733
 30
0.0
 10
12.53107
 20
-5.45919
 30
0.0
 10
12.53107
 20
-5.45919
 30
0.0
 10
12.53107
 20
-5.45919
 30
0.0
 10
12.52402
 20
-5.44154
 30
0.0
 10
12.52402
 20
-5.44154
 30
0.0
 10
12.52402
 20
-5.44154
 30
0.0
 10
12.5099
 20
-5.42036
 30
0.0
 10
12.5099
 20
-5.42036
 30
0.0
 10
12.5099
 20
-5.42036
 30
0.0
 10
12.46049
 20
-5.38154
 30
0.0
 10
12.46049
 20
-5.38154
 30
0.0
  0
SPLINE
  5
1C4
330
1F
100
AcDbEntity
  8
Camada 1
 62
   251
370
     9
100
AcDbSpline
210
0.0
220
0.0
230
1.0
 70
     8
 71
     3
 72
    14
 73
    10
 74
     0
 42
0.0000000001
 43
0.0000000001
 40
0.0
 40
0.0
 40
0.0
 40
0.0
 40
0.3333333333333333
 40
0.3333333333333333
 40
0.3333333333333333
 40
0.6666666666666666
 40
0.6666666666666666
 40
0.6666666666666666
 40
1.0
 40
1.0
 40
1.0
 40
1.0
 10
12.45696
 20
-5.52976
 30
0.0
 10
12.45696
 20
-5.52976
 30
0.0
 10
12.48166
 20
-5.52623
 30
0.0
 10
12.48166
 20
-5.52623
 30
0.0
 10
12.48166
 20
-5.52623
 30
0.0
 10
12.50637
 20
-5.51212
 30
0.0
 10
12.50637
 20
-5.51212
 30
0.0
 10
12.50637
 20
-5.51212
 30
0.0
 10
12.52048
 20
-5.498
 30
0.0
 10
12.52048
 20
-5.498
 30
0.0
  0
SPLINE
  5
1C5
330
1F
100
AcDbEntity
  8
Camada 1
 62
   251
370
     9
100
AcDbSpline
210
0.0
220
0.0
230
1.0
 70
    24
 71
     3
 72
     8
 73
     4
 74
     0
 42
0.0000000001
 43
0.0000000001
 40
0.0
 40
0.0
 40
0.0
 40
0.0
 40
1.0
 40
1.0
 40
1.0
 40
1.0
 10
12.42873
 20
-5.52976
 30
0.0
 10
12.42873
 20
-5.52976
 30
0.0
 10
12.45696
 20
-5.52976
 30
0.0
 10
12.45696
 20
-5.52976
 30
0.0
  0
SPLINE
  5
1C6
330
1F
100
AcDbEntity
  8
Camada 1
 62
   251
370
     9
100
AcDbSpline
210
0.0
220
0.0
230
1.0
 70
    24
 71
     3
 72
     8
 73
     4
 74
     0
 42
0.0000000001
 43
0.0000000001
 40
0.0
 40
0.0
 40
0.0
 40
0.0
 40
1.0
 40
1.0
 40
1.0
 40
1.0
 10
12.52048
 20
-5.498
 30
0.0
 10
12.52048
 20
-5.498
 30
0.0
 10
12.52402
 20
-5.498
 30
0.0
 10
12.52402
 20
-5.498
 30
0.0
  0
SPLINE
  5
1C7
330
1F
100
AcDbEntity
  8
Camada 1
 62
   251
370
     9
100
AcDbSpline
210
0.0
220
0.0
230
1.0
 70
     8
 71
     3
 72
    20
 73
    16
 74
     0
 42
0.0000000001
 43
0.0000000001
 40
0.0
 40
0.0
 40
0.0
 40
0.0
 40
0.2
 40
0.2
 40
0.2
 40
0.4
 40
0.4
 40
0.4
 40
0.6000000000000001
 40
0.6000000000000001
 40
0.6000000000000001
 40
0.8
 40
0.8
 40
0.8
 40
1.0
 40
1.0
 40
1.0
 40
1.0
 10
12.52402
 20
-5.498
 30
0.0
 10
12.52402
 20
-5.498
 30
0.0
 10
12.5346
 20
-5.47683
 30
0.0
 10
12.5346
 20
-5.47683
 30
0.0
 10
12.5346
 20
-5.47683
 30
0.0
 10
12.5346
 20
-5.45919
 30
0.0
 10
12.5346
 20
-5.45919
 30
0.0
 10
12.5346
 20
-5.45919
 30
0.0
 10
12.52755
 20
-5.44154
 30
0.0
 10
12.52755
 20
-5.44154
 30
0.0
 10
12.52755
 20
-5.44154
 30
0.0
 10
12.51342
 20
-5.42036
 30
0.0
 10
12.51342
 20
-5.42036
 30
0.0
 10
12.51342
 20
-5.42036
 30
0.0
 10
12.46402
 20
-5.37801
 30
0.0
 10
12.46402
 20
-5.37801
 30
0.0
  0
SPLINE
  5
1C8
330
1F
100
AcDbEntity
  8
Camada 1
 62
   251
370
     9
100
AcDbSpline
210
0.0
220
0.0
230
1.0
 70
    24
 71
     3
 72
     8
 73
     4
 74
     0
 42
0.0000000001
 43
0.0000000001
 40
0.0
 40
0.0
 40
0.0
 40
0.0
 40
1.0
 40
1.0
 40
1.0
 40
1.0
 10
13.6004
 20
-5.52976
 30
0.0
 10
13.6004
 20
-5.52976
 30
0.0
 10
13.59687
 20
-5.53329
 30
0.0
 10
13.59687
 20
-5.53329
 30
0.0
  0
SPLINE
  5
1C9
330
1F
100
AcDbEntity
  8
Camada 1
 62
   251
370
     9
100
AcDbSpline
210
0.0
220
0.0
230
1.0
 70
    24
 71
     3
 72
     8
 73
     4
 74
     0
 42
0.0000000001
 43
0.0000000001
 40
0.0
 40
0.0
 40
0.0
 40
0.0
 40
1.0
 40
1.0
 40
1.0
 40
1.0
 10
13.59687
 20
-5.53329
 30
0.0
 10
13.59687
 20
-5.53329
 30
0.0
 10
13.64275
 20
-5.53329
 30
0.0
 10
13.64275
 20
-5.53329
 30
0.0
  0
SPLINE
  5
1CA
330
1F
100
AcDbEntity
  8
Camada 1
 62
   251
370
     9
100
AcDbSpline
210
0.0
220
0.0
230
1.0
 70
    24
 71
     3
 72
     8
 73
     4
 74
     0
 42
0.0000000001
 43
0.0000000001
 40
0.0
 40
0.0
 40
0.0
 40
0.0
 40
1.0
 40
1.0
 40
1.0
 40
1.0
 10
13.6004
 20
-5.29331
 30
0.0
 10
13.6004
 20
-5.29331
 30
0.0
 10
13.59687
 20
-5.28978
 30
0.0
 10
13.59687
 20
-5.28978
 30
0.0
  0
SPLINE
  5
1CB
330
1F
100
AcDbEntity
  8
Camada 1
 62
   251
370
     9
100
AcDbSpline
210
0.0
220
0.0
230
1.0
 70
    24
 71
     3
 72
     8
 73
     4
 74
     0
 42
0.0000000001
 43
0.0000000001
 40
0.0
 40
0.0
 40
0.0
 40
0.0
 40
1.0
 40
1.0
 40
1.0
 40
1.0
 10
13.64275
 20
-5.28978
 30
0.0
 10
13.64275
 20
-5.28978
 30
0.0
 10
13.59687
 20
-5.28978
 30
0.0
 10
13.59687
 20
-5.28978
 30
0.0
  0
SPLINE
  5
1CC
330
1F
100
AcDbEntity
  8
Camada 1
 62
   251
370
     9
100
AcDbSpline
210
0.0
220
0.0
230
1.0
 70
    24
 71
     3
 72
     8
 73
     4
 74
     0
 42
0.0000000001
 43
0.0000000001
 40
0.0
 40
0.0
 40
0.0
 40
0.0
 40
1.0
 40
1.0
 40
1.0
 40
1.0
 10
13.50511
 20
-5.28978
 30
0.0
 10
13.50511
 20
-5.28978
 30
0.0
 10
13.47688
 20
-5.28978
 30
0.0
 10
13.47688
 20
-5.28978
 30
0.0
  0
SPLINE
  5
1CD
330
1F
100
AcDbEntity
  8
Camada 1
 62
   251
370
     9
100
AcDbSpline
210
0.0
220
0.0
230
1.0
 70
    24
 71
     3
 72
     8
 73
     4
 74
     0
 42
0.0000000001
 43
0.0000000001
 40
0.0
 40
0.0
 40
0.0
 40
0.0
 40
1.0
 40
1.0
 40
1.0
 40
1.0
 10
12.45696
 20
-5.52976
 30
0.0
 10
12.45696
 20
-5.52976
 30
0.0
 10
12.45696
 20
-5.53329
 30
0.0
 10
12.45696
 20
-5.53329
 30
0.0
  0
SPLINE
  5
1CE
330
1F
100
AcDbEntity
  8
Camada 1
 62
   251
370
     9
100
AcDbSpline
210
0.0
220
0.0
230
1.0
 70
     8
 71
     3
 72
    14
 73
    10
 74
     0
 42
0.0000000001
 43
0.0000000001
 40
0.0
 40
0.0
 40
0.0
 40
0.0
 40
0.3333333333333333
 40
0.3333333333333333
 40
0.3333333333333333
 40
0.6666666666666666
 40
0.6666666666666666
 40
0.6666666666666666
 40
1.0
 40
1.0
 40
1.0
 40
1.0
 10
12.45696
 20
-5.53329
 30
0.0
 10
12.45696
 20
-5.53329
 30
0.0
 10
12.48166
 20
-5.52976
 30
0.0
 10
12.48166
 20
-5.52976
 30
0.0
 10
12.48166
 20
-5.52976
 30
0.0
 10
12.50637
 20
-5.51565
 30
0.0
 10
12.50637
 20
-5.51565
 30
0.0
 10
12.50637
 20
-5.51565
 30
0.0
 10
12.52402
 20
-5.498
 30
0.0
 10
12.52402
 20
-5.498
 30
0.0
  0
SPLINE
  5
1CF
330
1F
100
AcDbEntity
  8
Camada 1
 62
   251
370
     9
100
AcDbSpline
210
0.0
220
0.0
230
1.0
 70
    24
 71
     3
 72
     8
 73
     4
 74
     0
 42
0.0000000001
 43
0.0000000001
 40
0.0
 40
0.0
 40
0.0
 40
0.0
 40
1.0
 40
1.0
 40
1.0
 40
1.0
 10
13.59687
 20
-5.28978
 30
0.0
 10
13.59687
 20
-5.28978
 30
0.0
 10
13.59687
 20
-5.53329
 30
0.0
 10
13.59687
 20
-5.53329
 30
0.0
  0
SPLINE
  5
1D0
330
1F
100
AcDbEntity
  8
Camada 1
 62
   251
370
     9
100
AcDbSpline
210
0.0
220
0.0
230
1.0
 70
    24
 71
     3
 72
     8
 73
     4
 74
     0
 42
0.0000000001
 43
0.0000000001
 40
0.0
 40
0.0
 40
0.0
 40
0.0
 40
1.0
 40
1.0
 40
1.0
 40
1.0
 10
12.90869
 20
-5.40271
 30
0.0
 10
12.90869
 20
-5.40271
 30
0.0
 10
12.90869
 20
-5.35331
 30
0.0
 10
12.90869
 20
-5.35331
 30
0.0
  0
SPLINE
  5
1D1
330
1F
100
AcDbEntity
  8
Camada 1
 62
   251
370
     9
100
AcDbSpline
210
0.0
220
0.0
230
1.0
 70
    24
 71
     3
 72
     8
 73
     4
 74
     0
 42
0.0000000001
 43
0.0000000001
 40
0.0
 40
0.0
 40
0.0
 40
0.0
 40
1.0
 40
1.0
 40
1.0
 40
1.0
 10
12.42873
 20
-5.53329
 30
0.0
 10
12.42873
 20
-5.53329
 30
0.0
 10
12.45696
 20
-5.53329
 30
0.0
 10
12.45696
 20
-5.53329
 30
0.0
  0
SPLINE
  5
1D2
330
1F
100
AcDbEntity
  8
Camada 1
 62
   251
370
     9
100
AcDbSpline
210
0.0
220
0.0
230
1.0
 70
    24
 71
     3
 72
     8
 73
     4
 74
     0
 42
0.0000000001
 43
0.0000000001
 40
0.0
 40
0.0
 40
0.0
 40
0.0
 40
1.0
 40
1.0
 40
1.0
 40
1.0
 10
1.73898
 20
5.81992
 30
0.0
 10
1.73898
 20
5.81992
 30
0.0
 10
1.73898
 20
-5.82269
 30
0.0
 10
1.73898
 20
-5.82269
 30
0.0
  0
SPLINE
  5
1D3
330
1F
100
AcDbEntity
  8
Camada 1
 62
   251
370
     9
100
AcDbSpline
210
0.0
220
0.0
230
1.0
 70
     8
 71
     3
 72
    29
 73
    25
 74
     0
 42
0.0000000001
 43
0.0000000001
 40
0.0
 40
0.0
 40
0.0
 40
0.0
 40
0.125
 40
0.125
 40
0.125
 40
0.25
 40
0.25
 40
0.25
 40
0.375
 40
0.375
 40
0.375
 40
0.5
 40
0.5
 40
0.5
 40
0.625
 40
0.625
 40
0.625
 40
0.75
 40
0.75
 40
0.75
 40
0.875
 40
0.875
 40
0.875
 40
1.0
 40
1.0
 40
1.0
 40
1.0
 10
2.0072
 20
6.08814
 30
0.0
 10
2.0072
 20
6.08814
 30
0.0
 10
1.95779
 20
6.08461
 30
0.0
 10
1.95779
 20
6.08461
 30
0.0
 10
1.95779
 20
6.08461
 30
0.0
 10
1.90485
 20
6.07049
 30
0.0
 10
1.90485
 20
6.07049
 30
0.0
 10
1.90485
 20
6.07049
 30
0.0
 10
1.85897
 20
6.04579
 30
0.0
 10
1.85897
 20
6.04579
 30
0.0
 10
1.85897
 20
6.04579
 30
0.0
 10
1.82015
 20
6.0105
 30
0.0
 10
1.82015
 20
6.0105
 30
0.0
 10
1.82015
 20
6.0105
 30
0.0
 10
1.78486
 20
5.96815
 30
0.0
 10
1.78486
 20
5.96815
 30
0.0
 10
1.78486
 20
5.96815
 30
0.0
 10
1.76016
 20
5.92227
 30
0.0
 10
1.76016
 20
5.92227
 30
0.0
 10
1.76016
 20
5.92227
 30
0.0
 10
1.74604
 20
5.87286
 30
0.0
 10
1.74604
 20
5.87286
 30
0.0
 10
1.74604
 20
5.87286
 30
0.0
 10
1.73898
 20
5.81992
 30
0.0
 10
1.73898
 20
5.81992
 30
0.0
  0
SPLINE
  5
1D4
330
1F
100
AcDbEntity
  8
Camada 1
 62
   251
370
     9
100
AcDbSpline
210
0.0
220
0.0
230
1.0
 70
    24
 71
     3
 72
     8
 73
     4
 74
     0
 42
0.0000000001
 43
0.0000000001
 40
0.0
 40
0.0
 40
0.0
 40
0.0
 40
1.0
 40
1.0
 40
1.0
 40
1.0
 10
14.39445
 20
6.08814
 30
0.0
 10
14.39445
 20
6.08814
 30
0.0
 10
2.0072
 20
6.08814
 30
0.0
 10
2.0072
 20
6.08814
 30
0.0
  0
SPLINE
  5
1D5
330
1F
100
AcDbEntity
  8
Camada 1
 62
   251
370
     9
100
AcDbSpline
210
0.0
220
0.0
230
1.0
 70
     8
 71
     3
 72
    29
 73
    25
 74
     0
 42
0.0000000001
 43
0.0000000001
 40
0.0
 40
0.0
 40
0.0
 40
0.0
 40
0.125
 40
0.125
 40
0.125
 40
0.25
 40
0.25
 40
0.25
 40
0.375
 40
0.375
 40
0.375
 40
0.5
 40
0.5
 40
0.5
 40
0.625
 40
0.625
 40
0.625
 40
0.75
 40
0.75
 40
0.75
 40
0.875
 40
0.875
 40
0.875
 40
1.0
 40
1.0
 40
1.0
 40
1.0
 10
14.66267
 20
5.81992
 30
0.0
 10
14.66267
 20
5.81992
 30
0.0
 10
14.65914
 20
5.87286
 30
0.0
 10
14.65914
 20
5.87286
 30
0.0
 10
14.65914
 20
5.87286
 30
0.0
 10
14.64149
 20
5.92227
 30
0.0
 10
14.64149
 20
5.92227
 30
0.0
 10
14.64149
 20
5.92227
 30
0.0
 10
14.61679
 20
5.96815
 30
0.0
 10
14.61679
 20
5.96815
 30
0.0
 10
14.61679
 20
5.96815
 30
0.0
 10
14.58503
 20
6.0105
 30
0.0
 10
14.58503
 20
6.0105
 30
0.0
 10
14.58503
 20
6.0105
 30
0.0
 10
14.54268
 20
6.04579
 30
0.0
 10
14.54268
 20
6.04579
 30
0.0
 10
14.54268
 20
6.04579
 30
0.0
 10
14.4968
 20
6.07049
 30
0.0
 10
14.4968
 20
6.07049
 30
0.0
 10
14.4968
 20
6.07049
 30
0.0
 10
14.44739
 20
6.08461
 30
0.0
 10
14.44739
 20
6.08461
 30
0.0
 10
14.44739
 20
6.08461
 30
0.0
 10
14.39445
 20
6.08814
 30
0.0
 10
14.39445
 20
6.08814
 30
0.0
  0
SPLINE
  5
1D6
330
1F
100
AcDbEntity
  8
Camada 1
 62
   251
370
     9
100
AcDbSpline
210
0.0
220
0.0
230
1.0
 70
    24
 71
     3
 72
     8
 73
     4
 74
     0
 42
0.0000000001
 43
0.0000000001
 40
0.0
 40
0.0
 40
0.0
 40
0.0
 40
1.0
 40
1.0
 40
1.0
 40
1.0
 10
14.66267
 20
-5.82269
 30
0.0
 10
14.66267
 20
-5.82269
 30
0.0
 10
14.66267
 20
5.81992
 30
0.0
 10
14.66267
 20
5.81992
 30
0.0
  0
SPLINE
  5
1D7
330
1F
100
AcDbEntity
  8
Camada 1
 62
   251
370
     9
100
AcDbSpline
210
0.0
220
0.0
230
1.0
 70
     8
 71
     3
 72
    29
 73
    25
 74
     0
 42
0.0000000001
 43
0.0000000001
 40
0.0
 40
0.0
 40
0.0
 40
0.0
 40
0.125
 40
0.125
 40
0.125
 40
0.25
 40
0.25
 40
0.25
 40
0.375
 40
0.375
 40
0.375
 40
0.5
 40
0.5
 40
0.5
 40
0.625
 40
0.625
 40
0.625
 40
0.75
 40
0.75
 40
0.75
 40
0.875
 40
0.875
 40
0.875
 40
1.0
 40
1.0
 40
1.0
 40
1.0
 10
14.39445
 20
-6.09443
 30
0.0
 10
14.39445
 20
-6.09443
 30
0.0
 10
14.44739
 20
-6.08737
 30
0.0
 10
14.44739
 20
-6.08737
 30
0.0
 10
14.44739
 20
-6.08737
 30
0.0
 10
14.4968
 20
-6.07325
 30
0.0
 10
14.4968
 20
-6.07325
 30
0.0
 10
14.4968
 20
-6.07325
 30
0.0
 10
14.54268
 20
-6.04854
 30
0.0
 10
14.54268
 20
-6.04854
 30
0.0
 10
14.54268
 20
-6.04854
 30
0.0
 10
14.58503
 20
-6.01326
 30
0.0
 10
14.58503
 20
-6.01326
 30
0.0
 10
14.58503
 20
-6.01326
 30
0.0
 10
14.61679
 20
-5.97443
 30
0.0
 10
14.61679
 20
-5.97443
 30
0.0
 10
14.61679
 20
-5.97443
 30
0.0
 10
14.64149
 20
-5.92856
 30
0.0
 10
14.64149
 20
-5.92856
 30
0.0
 10
14.64149
 20
-5.92856
 30
0.0
 10
14.65914
 20
-5.87562
 30
0.0
 10
14.65914
 20
-5.87562
 30
0.0
 10
14.65914
 20
-5.87562
 30
0.0
 10
14.66267
 20
-5.82269
 30
0.0
 10
14.66267
 20
-5.82269
 30
0.0
  0
SPLINE
  5
1D8
330
1F
100
AcDbEntity
  8
Camada 1
 62
   251
370
     9
100
AcDbSpline
210
0.0
220
0.0
230
1.0
 70
    24
 71
     3
 72
     8
 73
     4
 74
     0
 42
0.0000000001
 43
0.0000000001
 40
0.0
 40
0.0
 40
0.0
 40
0.0
 40
1.0
 40
1.0
 40
1.0
 40
1.0
 10
2.0072
 20
-6.09443
 30
0.0
 10
2.0072
 20
-6.09443
 30
0.0
 10
14.39445
 20
-6.09443
 30
0.0
 10
14.39445
 20
-6.09443
 30
0.0
  0
SPLINE
  5
1D9
330
1F
100
AcDbEntity
  8
Camada 1
 62
   251
370
     9
100
AcDbSpline
210
0.0
220
0.0
230
1.0
 70
     8
 71
     3
 72
    29
 73
    25
 74
     0
 42
0.0000000001
 43
0.0000000001
 40
0.0
 40
0.0
 40
0.0
 40
0.0
 40
0.125
 40
0.125
 40
0.125
 40
0.25
 40
0.25
 40
0.25
 40
0.375
 40
0.375
 40
0.375
 40
0.5
 40
0.5
 40
0.5
 40
0.625
 40
0.625
 40
0.625
 40
0.75
 40
0.75
 40
0.75
 40
0.875
 40
0.875
 40
0.875
 40
1.0
 40
1.0
 40
1.0
 40
1.0
 10
1.73898
 20
-5.82269
 30
0.0
 10
1.73898
 20
-5.82269
 30
0.0
 10
1.74604
 20
-5.87562
 30
0.0
 10
1.74604
 20
-5.87562
 30
0.0
 10
1.74604
 20
-5.87562
 30
0.0
 10
1.76016
 20
-5.92856
 30
0.0
 10
1.76016
 20
-5.92856
 30
0.0
 10
1.76016
 20
-5.92856
 30
0.0
 10
1.78486
 20
-5.97443
 30
0.0
 10
1.78486
 20
-5.97443
 30
0.0
 10
1.78486
 20
-5.97443
 30
0.0
 10
1.82015
 20
-6.01326
 30
0.0
 10
1.82015
 20
-6.01326
 30
0.0
 10
1.82015
 20
-6.01326
 30
0.0
 10
1.85897
 20
-6.04854
 30
0.0
 10
1.85897
 20
-6.04854
 30
0.0
 10
1.85897
 20
-6.04854
 30
0.0
 10
1.90485
 20
-6.07325
 30
0.0
 10
1.90485
 20
-6.07325
 30
0.0
 10
1.90485
 20
-6.07325
 30
0.0
 10
1.95779
 20
-6.08737
 30
0.0
 10
1.95779
 20
-6.08737
 30
0.0
 10
1.95779
 20
-6.08737
 30
0.0
 10
2.0072
 20
-6.09443
 30
0.0
 10
2.0072
 20
-6.09443
 30
0.0
  0
SPLINE
  5
1DA
330
1F
100
AcDbEntity
  8
Camada 1
 62
   251
370
     9
100
AcDbSpline
210
0.0
220
0.0
230
1.0
 70
    24
 71
     3
 72
     8
 73
     4
 74
     0
 42
0.0000000001
 43
0.0000000001
 40
0.0
 40
0.0
 40
0.0
 40
0.0
 40
1.0
 40
1.0
 40
1.0
 40
1.0
 10
7.90438
 20
-3.57815
 30
0.0
 10
7.90438
 20
-3.57815
 30
0.0
 10
4.03645
 20
-3.57815
 30
0.0
 10
4.03645
 20
-3.57815
 30
0.0
  0
SPLINE
  5
1DB
330
1F
100
AcDbEntity
  8
Camada 1
 62
   251
370
     9
100
AcDbSpline
210
0.0
220
0.0
230
1.0
 70
    24
 71
     3
 72
     8
 73
     4
 74
     0
 42
0.0000000001
 43
0.0000000001
 40
0.0
 40
0.0
 40
0.0
 40
0.0
 40
1.0
 40
1.0
 40
1.0
 40
1.0
 10
7.90438
 20
3.57187
 30
0.0
 10
7.90438
 20
3.57187
 30
0.0
 10
7.90438
 20
-3.57815
 30
0.0
 10
7.90438
 20
-3.57815
 30
0.0
  0
SPLINE
  5
1DC
330
1F
100
AcDbEntity
  8
Camada 1
 62
   251
370
     9
100
AcDbSpline
210
0.0
220
0.0
230
1.0
 70
    24
 71
     3
 72
     8
 73
     4
 74
     0
 42
0.0000000001
 43
0.0000000001
 40
0.0
 40
0.0
 40
0.0
 40
0.0
 40
1.0
 40
1.0
 40
1.0
 40
1.0
 10
4.03645
 20
3.57187
 30
0.0
 10
4.03645
 20
3.57187
 30
0.0
 10
7.90438
 20
3.57187
 30
0.0
 10
7.90438
 20
3.57187
 30
0.0
  0
SPLINE
  5
1DD
330
1F
100
AcDbEntity
  8
Camada 1
 62
   251
370
     9
100
AcDbSpline
210
0.0
220
0.0
230
1.0
 70
    24
 71
     3
 72
     8
 73
     4
 74
     0
 42
0.0000000001
 43
0.0000000001
 40
0.0
 40
0.0
 40
0.0
 40
0.0
 40
1.0
 40
1.0
 40
1.0
 40
1.0
 10
4.03645
 20
-3.57815
 30
0.0
 10
4.03645
 20
-3.57815
 30
0.0
 10
4.03645
 20
3.57187
 30
0.0
 10
4.03645
 20
3.57187
 30
0.0
  0
SPLINE
  5
1DE
330
1F
100
AcDbEntity
  8
Camada 1
 62
   251
370
     9
100
AcDbSpline
210
0.0
220
0.0
230
1.0
 70
     8
 71
     3
 72
    26
 73
    22
 74
     0
 42
0.0000000001
 43
0.0000000001
 40
0.0
 40
0.0
 40
0.0
 40
0.0
 40
0.1428571428571428
 40
0.1428571428571428
 40
0.1428571428571428
 40
0.2857142857142857
 40
0.2857142857142857
 40
0.2857142857142857
 40
0.4285714285714285
 40
0.4285714285714285
 40
0.4285714285714285
 40
0.5714285714285714
 40
0.5714285714285714
 40
0.5714285714285714
 40
0.7142857142857142
 40
0.7142857142857142
 40
0.7142857142857142
 40
0.8571428571428571
 40
0.8571428571428571
 40
0.8571428571428571
 40
1.0
 40
1.0
 40
1.0
 40
1.0
 10
4.06821
 20
-3.55698
 30
0.0
 10
4.06821
 20
-3.55698
 30
0.0
 10
4.06468
 20
-3.55698
 30
0.0
 10
4.06468
 20
-3.55698
 30
0.0
 10
4.06468
 20
-3.55698
 30
0.0
 10
4.06116
 20
-3.56051
 30
0.0
 10
4.06116
 20
-3.56051
 30
0.0
 10
4.06116
 20
-3.56051
 30
0.0
 10
4.05762
 20
-3.56404
 30
0.0
 10
4.05762
 20
-3.56404
 30
0.0
 10
4.05762
 20
-3.56404
 30
0.0
 10
4.05409
 20
-3.56404
 30
0.0
 10
4.05409
 20
-3.56404
 30
0.0
 10
4.05409
 20
-3.56404
 30
0.0
 10
4.04704
 20
-3.56757
 30
0.0
 10
4.04704
 20
-3.56757
 30
0.0
 10
4.04704
 20
-3.56757
 30
0.0
 10
4.04351
 20
-3.57109
 30
0.0
 10
4.04351
 20
-3.57109
 30
0.0
 10
4.04351
 20
-3.57109
 30
0.0
 10
4.03645
 20
-3.57815
 30
0.0
 10
4.03645
 20
-3.57815
 30
0.0
  0
SPLINE
  5
1DF
330
1F
100
AcDbEntity
  8
Camada 1
 62
   251
370
     9
100
AcDbSpline
210
0.0
220
0.0
230
1.0
 70
    24
 71
     3
 72
     8
 73
     4
 74
     0
 42
0.0000000001
 43
0.0000000001
 40
0.0
 40
0.0
 40
0.0
 40
0.0
 40
1.0
 40
1.0
 40
1.0
 40
1.0
 10
4.06821
 20
-3.55698
 30
0.0
 10
4.06821
 20
-3.55698
 30
0.0
 10
7.87262
 20
-3.55698
 30
0.0
 10
7.87262
 20
-3.55698
 30
0.0
  0
SPLINE
  5
1E0
330
1F
100
AcDbEntity
  8
Camada 1
 62
   251
370
     9
100
AcDbSpline
210
0.0
220
0.0
230
1.0
 70
     8
 71
     3
 72
    26
 73
    22
 74
     0
 42
0.0000000001
 43
0.0000000001
 40
0.0
 40
0.0
 40
0.0
 40
0.0
 40
0.1428571428571428
 40
0.1428571428571428
 40
0.1428571428571428
 40
0.2857142857142857
 40
0.2857142857142857
 40
0.2857142857142857
 40
0.4285714285714285
 40
0.4285714285714285
 40
0.4285714285714285
 40
0.5714285714285714
 40
0.5714285714285714
 40
0.5714285714285714
 40
0.7142857142857142
 40
0.7142857142857142
 40
0.7142857142857142
 40
0.8571428571428571
 40
0.8571428571428571
 40
0.8571428571428571
 40
1.0
 40
1.0
 40
1.0
 40
1.0
 10
7.90438
 20
-3.57815
 30
0.0
 10
7.90438
 20
-3.57815
 30
0.0
 10
7.89732
 20
-3.57109
 30
0.0
 10
7.89732
 20
-3.57109
 30
0.0
 10
7.89732
 20
-3.57109
 30
0.0
 10
7.89379
 20
-3.56757
 30
0.0
 10
7.89379
 20
-3.56757
 30
0.0
 10
7.89379
 20
-3.56757
 30
0.0
 10
7.88673
 20
-3.56404
 30
0.0
 10
7.88673
 20
-3.56404
 30
0.0
 10
7.88673
 20
-3.56404
 30
0.0
 10
7.8832
 20
-3.56404
 30
0.0
 10
7.8832
 20
-3.56404
 30
0.0
 10
7.8832
 20
-3.56404
 30
0.0
 10
7.87967
 20
-3.56051
 30
0.0
 10
7.87967
 20
-3.56051
 30
0.0
 10
7.87967
 20
-3.56051
 30
0.0
 10
7.87614
 20
-3.55698
 30
0.0
 10
7.87614
 20
-3.55698
 30
0.0
 10
7.87614
 20
-3.55698
 30
0.0
 10
7.87262
 20
-3.55698
 30
0.0
 10
7.87262
 20
-3.55698
 30
0.0
  0
SPLINE
  5
1E1
330
1F
100
AcDbEntity
  8
Camada 1
 62
   251
370
     9
100
AcDbSpline
210
0.0
220
0.0
230
1.0
 70
     8
 71
     3
 72
    29
 73
    25
 74
     0
 42
0.0000000001
 43
0.0000000001
 40
0.0
 40
0.0
 40
0.0
 40
0.0
 40
0.125
 40
0.125
 40
0.125
 40
0.25
 40
0.25
 40
0.25
 40
0.375
 40
0.375
 40
0.375
 40
0.5
 40
0.5
 40
0.5
 40
0.625
 40
0.625
 40
0.625
 40
0.75
 40
0.75
 40
0.75
 40
0.875
 40
0.875
 40
0.875
 40
1.0
 40
1.0
 40
1.0
 40
1.0
 10
14.68385
 20
-5.82269
 30
0.0
 10
14.68385
 20
-5.82269
 30
0.0
 10
14.67678
 20
-5.87915
 30
0.0
 10
14.67678
 20
-5.87915
 30
0.0
 10
14.67678
 20
-5.87915
 30
0.0
 10
14.65914
 20
-5.93562
 30
0.0
 10
14.65914
 20
-5.93562
 30
0.0
 10
14.65914
 20
-5.93562
 30
0.0
 10
14.63444
 20
-5.98502
 30
0.0
 10
14.63444
 20
-5.98502
 30
0.0
 10
14.63444
 20
-5.98502
 30
0.0
 10
14.59914
 20
-6.02737
 30
0.0
 10
14.59914
 20
-6.02737
 30
0.0
 10
14.59914
 20
-6.02737
 30
0.0
 10
14.55326
 20
-6.06619
 30
0.0
 10
14.55326
 20
-6.06619
 30
0.0
 10
14.55326
 20
-6.06619
 30
0.0
 10
14.50386
 20
-6.0909
 30
0.0
 10
14.50386
 20
-6.0909
 30
0.0
 10
14.50386
 20
-6.0909
 30
0.0
 10
14.45092
 20
-6.10855
 30
0.0
 10
14.45092
 20
-6.10855
 30
0.0
 10
14.45092
 20
-6.10855
 30
0.0
 10
14.39445
 20
-6.11208
 30
0.0
 10
14.39445
 20
-6.11208
 30
0.0
  0
SPLINE
  5
1E2
330
1F
100
AcDbEntity
  8
Camada 1
 62
   251
370
     9
100
AcDbSpline
210
0.0
220
0.0
230
1.0
 70
    24
 71
     3
 72
    23
 73
    19
 74
     0
 42
0.0000000001
 43
0.0000000001
 40
0.0
 40
0.0
 40
0.0
 40
0.0
 40
0.1666666666666667
 40
0.1666666666666667
 40
0.1666666666666667
 40
0.3333333333333333
 40
0.3333333333333333
 40
0.3333333333333333
 40
0.5
 40
0.5
 40
0.5
 40
0.6666666666666666
 40
0.6666666666666666
 40
0.6666666666666666
 40
0.8333333333333333
 40
0.8333333333333333
 40
0.8333333333333333
 40
1.0
 40
1.0
 40
1.0
 40
1.0
 10
14.39445
 20
-6.11208
 30
0.0
 10
14.39445
 20
-6.11208
 30
0.0
 10
14.39445
 20
-6.11208
 30
0.0
 10
14.39445
 20
-6.11208
 30
0.0
 10
14.39445
 20
-6.11208
 30
0.0
 10
14.39445
 20
-6.10855
 30
0.0
 10
14.39445
 20
-6.10855
 30
0.0
 10
14.39445
 20
-6.10855
 30
0.0
 10
14.39445
 20
-6.10501
 30
0.0
 10
14.39445
 20
-6.10501
 30
0.0
 10
14.39445
 20
-6.10501
 30
0.0
 10
14.39445
 20
-6.10148
 30
0.0
 10
14.39445
 20
-6.10148
 30
0.0
 10
14.39445
 20
-6.10148
 30
0.0
 10
14.39445
 20
-6.09795
 30
0.0
 10
14.39445
 20
-6.09795
 30
0.0
 10
14.39445
 20
-6.09795
 30
0.0
 10
14.39445
 20
-6.09443
 30
0.0
 10
14.39445
 20
-6.09443
 30
0.0
  0
SPLINE
  5
1E3
330
1F
100
AcDbEntity
  8
Camada 1
 62
   251
370
     9
100
AcDbSpline
210
0.0
220
0.0
230
1.0
 70
    24
 71
     3
 72
    26
 73
    22
 74
     0
 42
0.0000000001
 43
0.0000000001
 40
0.0
 40
0.0
 40
0.0
 40
0.0
 40
0.1428571428571428
 40
0.1428571428571428
 40
0.1428571428571428
 40
0.2857142857142857
 40
0.2857142857142857
 40
0.2857142857142857
 40
0.4285714285714285
 40
0.4285714285714285
 40
0.4285714285714285
 40
0.5714285714285714
 40
0.5714285714285714
 40
0.5714285714285714
 40
0.7142857142857142
 40
0.7142857142857142
 40
0.7142857142857142
 40
0.8571428571428571
 40
0.8571428571428571
 40
0.8571428571428571
 40
1.0
 40
1.0
 40
1.0
 40
1.0
 10
14.68385
 20
-5.82269
 30
0.0
 10
14.68385
 20
-5.82269
 30
0.0
 10
14.68385
 20
-5.82269
 30
0.0
 10
14.68385
 20
-5.82269
 30
0.0
 10
14.68385
 20
-5.82269
 30
0.0
 10
14.68031
 20
-5.82269
 30
0.0
 10
14.68031
 20
-5.82269
 30
0.0
 10
14.68031
 20
-5.82269
 30
0.0
 10
14.67678
 20
-5.82269
 30
0.0
 10
14.67678
 20
-5.82269
 30
0.0
 10
14.67678
 20
-5.82269
 30
0.0
 10
14.67325
 20
-5.82269
 30
0.0
 10
14.67325
 20
-5.82269
 30
0.0
 10
14.67325
 20
-5.82269
 30
0.0
 10
14.66973
 20
-5.82269
 30
0.0
 10
14.66973
 20
-5.82269
 30
0.0
 10
14.66973
 20
-5.82269
 30
0.0
 10
14.6662
 20
-5.82269
 30
0.0
 10
14.6662
 20
-5.82269
 30
0.0
 10
14.6662
 20
-5.82269
 30
0.0
 10
14.66267
 20
-5.82269
 30
0.0
 10
14.66267
 20
-5.82269
 30
0.0
  0
SPLINE
  5
1E4
330
1F
100
AcDbEntity
  8
Camada 1
 62
   251
370
     9
100
AcDbSpline
210
0.0
220
0.0
230
1.0
 70
     8
 71
     3
 72
    29
 73
    25
 74
     0
 42
0.0000000001
 43
0.0000000001
 40
0.0
 40
0.0
 40
0.0
 40
0.0
 40
0.125
 40
0.125
 40
0.125
 40
0.25
 40
0.25
 40
0.25
 40
0.375
 40
0.375
 40
0.375
 40
0.5
 40
0.5
 40
0.5
 40
0.625
 40
0.625
 40
0.625
 40
0.75
 40
0.75
 40
0.75
 40
0.875
 40
0.875
 40
0.875
 40
1.0
 40
1.0
 40
1.0
 40
1.0
 10
7.8832
 20
-3.54639
 30
0.0
 10
7.8832
 20
-3.54639
 30
0.0
 10
7.8832
 20
-3.54639
 30
0.0
 10
7.8832
 20
-3.54639
 30
0.0
 10
7.8832
 20
-3.54639
 30
0.0
 10
7.88673
 20
-3.54992
 30
0.0
 10
7.88673
 20
-3.54992
 30
0.0
 10
7.88673
 20
-3.54992
 30
0.0
 10
7.88673
 20
-3.55345
 30
0.0
 10
7.88673
 20
-3.55345
 30
0.0
 10
7.88673
 20
-3.55345
 30
0.0
 10
7.89027
 20
-3.55698
 30
0.0
 10
7.89027
 20
-3.55698
 30
0.0
 10
7.89027
 20
-3.55698
 30
0.0
 10
7.89379
 20
-3.56051
 30
0.0
 10
7.89379
 20
-3.56051
 30
0.0
 10
7.89379
 20
-3.56051
 30
0.0
 10
7.89732
 20
-3.56404
 30
0.0
 10
7.89732
 20
-3.56404
 30
0.0
 10
7.89732
 20
-3.56404
 30
0.0
 10
7.90085
 20
-3.57109
 30
0.0
 10
7.90085
 20
-3.57109
 30
0.0
 10
7.90085
 20
-3.57109
 30
0.0
 10
7.90438
 20
-3.57815
 30
0.0
 10
7.90438
 20
-3.57815
 30
0.0
  0
SPLINE
  5
1E5
330
1F
100
AcDbEntity
  8
Camada 1
 62
   251
370
     9
100
AcDbSpline
210
0.0
220
0.0
230
1.0
 70
     8
 71
     3
 72
    23
 73
    19
 74
     0
 42
0.0000000001
 43
0.0000000001
 40
0.0
 40
0.0
 40
0.0
 40
0.0
 40
0.1666666666666667
 40
0.1666666666666667
 40
0.1666666666666667
 40
0.3333333333333333
 40
0.3333333333333333
 40
0.3333333333333333
 40
0.5
 40
0.5
 40
0.5
 40
0.6666666666666666
 40
0.6666666666666666
 40
0.6666666666666666
 40
0.8333333333333333
 40
0.8333333333333333
 40
0.8333333333333333
 40
1.0
 40
1.0
 40
1.0
 40
1.0
 10
7.8832
 20
-3.54639
 30
0.0
 10
7.8832
 20
-3.54639
 30
0.0
 10
7.8832
 20
-3.54992
 30
0.0
 10
7.8832
 20
-3.54992
 30
0.0
 10
7.8832
 20
-3.54992
 30
0.0
 10
7.8832
 20
-3.55345
 30
0.0
 10
7.8832
 20
-3.55345
 30
0.0
 10
7.8832
 20
-3.55345
 30
0.0
 10
7.87967
 20
-3.55345
 30
0.0
 10
7.87967
 20
-3.55345
 30
0.0
 10
7.87967
 20
-3.55345
 30
0.0
 10
7.87967
 20
-3.55698
 30
0.0
 10
7.87967
 20
-3.55698
 30
0.0
 10
7.87967
 20
-3.55698
 30
0.0
 10
7.87614
 20
-3.55698
 30
0.0
 10
7.87614
 20
-3.55698
 30
0.0
 10
7.87614
 20
-3.55698
 30
0.0
 10
7.87262
 20
-3.55698
 30
0.0
 10
7.87262
 20
-3.55698
 30
0.0
  0
SPLINE
  5
1E6
330
1F
100
AcDbEntity
  8
Camada 1
 62
   251
370
     9
100
AcDbSpline
210
0.0
220
0.0
230
1.0
 70
    24
 71
     3
 72
    20
 73
    16
 74
     0
 42
0.0000000001
 43
0.0000000001
 40
0.0
 40
0.0
 40
0.0
 40
0.0
 40
0.2
 40
0.2
 40
0.2
 40
0.4
 40
0.4
 40
0.4
 40
0.6000000000000001
 40
0.6000000000000001
 40
0.6000000000000001
 40
0.8
 40
0.8
 40
0.8
 40
1.0
 40
1.0
 40
1.0
 40
1.0
 10
1.73898
 20
5.81992
 30
0.0
 10
1.73898
 20
5.81992
 30
0.0
 10
1.73545
 20
5.81992
 30
0.0
 10
1.73545
 20
5.81992
 30
0.0
 10
1.73545
 20
5.81992
 30
0.0
 10
1.73192
 20
5.81992
 30
0.0
 10
1.73192
 20
5.81992
 30
0.0
 10
1.73192
 20
5.81992
 30
0.0
 10
1.7284
 20
5.81992
 30
0.0
 10
1.7284
 20
5.81992
 30
0.0
 10
1.7284
 20
5.81992
 30
0.0
 10
1.72487
 20
5.81992
 30
0.0
 10
1.72487
 20
5.81992
 30
0.0
 10
1.72487
 20
5.81992
 30
0.0
 10
1.72134
 20
5.81992
 30
0.0
 10
1.72134
 20
5.81992
 30
0.0
  0
SPLINE
  5
1E7
330
1F
100
AcDbEntity
  8
Camada 1
 62
   251
370
     9
100
AcDbSpline
210
0.0
220
0.0
230
1.0
 70
     8
 71
     3
 72
    29
 73
    25
 74
     0
 42
0.0000000001
 43
0.0000000001
 40
0.0
 40
0.0
 40
0.0
 40
0.0
 40
0.125
 40
0.125
 40
0.125
 40
0.25
 40
0.25
 40
0.25
 40
0.375
 40
0.375
 40
0.375
 40
0.5
 40
0.5
 40
0.5
 40
0.625
 40
0.625
 40
0.625
 40
0.75
 40
0.75
 40
0.75
 40
0.875
 40
0.875
 40
0.875
 40
1.0
 40
1.0
 40
1.0
 40
1.0
 10
1.72134
 20
5.81992
 30
0.0
 10
1.72134
 20
5.81992
 30
0.0
 10
1.72487
 20
5.87639
 30
0.0
 10
1.72487
 20
5.87639
 30
0.0
 10
1.72487
 20
5.87639
 30
0.0
 10
1.74252
 20
5.92933
 30
0.0
 10
1.74252
 20
5.92933
 30
0.0
 10
1.74252
 20
5.92933
 30
0.0
 10
1.76721
 20
5.98227
 30
0.0
 10
1.76721
 20
5.98227
 30
0.0
 10
1.76721
 20
5.98227
 30
0.0
 10
1.80604
 20
6.02461
 30
0.0
 10
1.80604
 20
6.02461
 30
0.0
 10
1.80604
 20
6.02461
 30
0.0
 10
1.84839
 20
6.05991
 30
0.0
 10
1.84839
 20
6.05991
 30
0.0
 10
1.84839
 20
6.05991
 30
0.0
 10
1.89779
 20
6.08814
 30
0.0
 10
1.89779
 20
6.08814
 30
0.0
 10
1.89779
 20
6.08814
 30
0.0
 10
1.95426
 20
6.10225
 30
0.0
 10
1.95426
 20
6.10225
 30
0.0
 10
1.95426
 20
6.10225
 30
0.0
 10
2.0072
 20
6.10931
 30
0.0
 10
2.0072
 20
6.10931
 30
0.0
  0
SPLINE
  5
1E8
330
1F
100
AcDbEntity
  8
Camada 1
 62
   251
370
     9
100
AcDbSpline
210
0.0
220
0.0
230
1.0
 70
    24
 71
     3
 72
    23
 73
    19
 74
     0
 42
0.0000000001
 43
0.0000000001
 40
0.0
 40
0.0
 40
0.0
 40
0.0
 40
0.1666666666666667
 40
0.1666666666666667
 40
0.1666666666666667
 40
0.3333333333333333
 40
0.3333333333333333
 40
0.3333333333333333
 40
0.5
 40
0.5
 40
0.5
 40
0.6666666666666666
 40
0.6666666666666666
 40
0.6666666666666666
 40
0.8333333333333333
 40
0.8333333333333333
 40
0.8333333333333333
 40
1.0
 40
1.0
 40
1.0
 40
1.0
 10
2.0072
 20
6.08814
 30
0.0
 10
2.0072
 20
6.08814
 30
0.0
 10
2.0072
 20
6.09167
 30
0.0
 10
2.0072
 20
6.09167
 30
0.0
 10
2.0072
 20
6.09167
 30
0.0
 10
2.0072
 20
6.0952
 30
0.0
 10
2.0072
 20
6.0952
 30
0.0
 10
2.0072
 20
6.0952
 30
0.0
 10
2.0072
 20
6.09873
 30
0.0
 10
2.0072
 20
6.09873
 30
0.0
 10
2.0072
 20
6.09873
 30
0.0
 10
2.0072
 20
6.10225
 30
0.0
 10
2.0072
 20
6.10225
 30
0.0
 10
2.0072
 20
6.10225
 30
0.0
 10
2.0072
 20
6.10578
 30
0.0
 10
2.0072
 20
6.10578
 30
0.0
 10
2.0072
 20
6.10578
 30
0.0
 10
2.0072
 20
6.10931
 30
0.0
 10
2.0072
 20
6.10931
 30
0.0
  0
SPLINE
  5
1E9
330
1F
100
AcDbEntity
  8
Camada 1
 62
   251
370
     9
100
AcDbSpline
210
0.0
220
0.0
230
1.0
 70
    24
 71
     3
 72
     8
 73
     4
 74
     0
 42
0.0000000001
 43
0.0000000001
 40
0.0
 40
0.0
 40
0.0
 40
0.0
 40
1.0
 40
1.0
 40
1.0
 40
1.0
 10
14.68385
 20
5.81992
 30
0.0
 10
14.68385
 20
5.81992
 30
0.0
 10
14.68385
 20
-5.82269
 30
0.0
 10
14.68385
 20
-5.82269
 30
0.0
  0
SPLINE
  5
1EA
330
1F
100
AcDbEntity
  8
Camada 1
 62
   251
370
     9
100
AcDbSpline
210
0.0
220
0.0
230
1.0
 70
    24
 71
     3
 72
    26
 73
    22
 74
     0
 42
0.0000000001
 43
0.0000000001
 40
0.0
 40
0.0
 40
0.0
 40
0.0
 40
0.1428571428571428
 40
0.1428571428571428
 40
0.1428571428571428
 40
0.2857142857142857
 40
0.2857142857142857
 40
0.2857142857142857
 40
0.4285714285714285
 40
0.4285714285714285
 40
0.4285714285714285
 40
0.5714285714285714
 40
0.5714285714285714
 40
0.5714285714285714
 40
0.7142857142857142
 40
0.7142857142857142
 40
0.7142857142857142
 40
0.8571428571428571
 40
0.8571428571428571
 40
0.8571428571428571
 40
1.0
 40
1.0
 40
1.0
 40
1.0
 10
14.68385
 20
5.81992
 30
0.0
 10
14.68385
 20
5.81992
 30
0.0
 10
14.68385
 20
5.81992
 30
0.0
 10
14.68385
 20
5.81992
 30
0.0
 10
14.68385
 20
5.81992
 30
0.0
 10
14.68031
 20
5.81992
 30
0.0
 10
14.68031
 20
5.81992
 30
0.0
 10
14.68031
 20
5.81992
 30
0.0
 10
14.67678
 20
5.81992
 30
0.0
 10
14.67678
 20
5.81992
 30
0.0
 10
14.67678
 20
5.81992
 30
0.0
 10
14.67325
 20
5.81992
 30
0.0
 10
14.67325
 20
5.81992
 30
0.0
 10
14.67325
 20
5.81992
 30
0.0
 10
14.66973
 20
5.81992
 30
0.0
 10
14.66973
 20
5.81992
 30
0.0
 10
14.66973
 20
5.81992
 30
0.0
 10
14.6662
 20
5.81992
 30
0.0
 10
14.6662
 20
5.81992
 30
0.0
 10
14.6662
 20
5.81992
 30
0.0
 10
14.66267
 20
5.81992
 30
0.0
 10
14.66267
 20
5.81992
 30
0.0
  0
SPLINE
  5
1EB
330
1F
100
AcDbEntity
  8
Camada 1
 62
   251
370
     9
100
AcDbSpline
210
0.0
220
0.0
230
1.0
 70
     8
 71
     3
 72
    26
 73
    22
 74
     0
 42
0.0000000001
 43
0.0000000001
 40
0.0
 40
0.0
 40
0.0
 40
0.0
 40
0.1428571428571428
 40
0.1428571428571428
 40
0.1428571428571428
 40
0.2857142857142857
 40
0.2857142857142857
 40
0.2857142857142857
 40
0.4285714285714285
 40
0.4285714285714285
 40
0.4285714285714285
 40
0.5714285714285714
 40
0.5714285714285714
 40
0.5714285714285714
 40
0.7142857142857142
 40
0.7142857142857142
 40
0.7142857142857142
 40
0.8571428571428571
 40
0.8571428571428571
 40
0.8571428571428571
 40
1.0
 40
1.0
 40
1.0
 40
1.0
 10
7.90438
 20
3.57187
 30
0.0
 10
7.90438
 20
3.57187
 30
0.0
 10
7.90085
 20
3.56834
 30
0.0
 10
7.90085
 20
3.56834
 30
0.0
 10
7.90085
 20
3.56834
 30
0.0
 10
7.89732
 20
3.56128
 30
0.0
 10
7.89732
 20
3.56128
 30
0.0
 10
7.89732
 20
3.56128
 30
0.0
 10
7.89379
 20
3.55775
 30
0.0
 10
7.89379
 20
3.55775
 30
0.0
 10
7.89379
 20
3.55775
 30
0.0
 10
7.89027
 20
3.55069
 30
0.0
 10
7.89027
 20
3.55069
 30
0.0
 10
7.89027
 20
3.55069
 30
0.0
 10
7.88673
 20
3.54716
 30
0.0
 10
7.88673
 20
3.54716
 30
0.0
 10
7.88673
 20
3.54716
 30
0.0
 10
7.88673
 20
3.54364
 30
0.0
 10
7.88673
 20
3.54364
 30
0.0
 10
7.88673
 20
3.54364
 30
0.0
 10
7.8832
 20
3.54364
 30
0.0
 10
7.8832
 20
3.54364
 30
0.0
  0
SPLINE
  5
1EC
330
1F
100
AcDbEntity
  8
Camada 1
 62
   251
370
     9
100
AcDbSpline
210
0.0
220
0.0
230
1.0
 70
    24
 71
     3
 72
     8
 73
     4
 74
     0
 42
0.0000000001
 43
0.0000000001
 40
0.0
 40
0.0
 40
0.0
 40
0.0
 40
1.0
 40
1.0
 40
1.0
 40
1.0
 10
7.8832
 20
-3.54639
 30
0.0
 10
7.8832
 20
-3.54639
 30
0.0
 10
7.8832
 20
3.54364
 30
0.0
 10
7.8832
 20
3.54364
 30
0.0
  0
SPLINE
  5
1ED
330
1F
100
AcDbEntity
  8
Camada 1
 62
   251
370
     9
100
AcDbSpline
210
0.0
220
0.0
230
1.0
 70
     8
 71
     3
 72
    20
 73
    16
 74
     0
 42
0.0000000001
 43
0.0000000001
 40
0.0
 40
0.0
 40
0.0
 40
0.0
 40
0.2
 40
0.2
 40
0.2
 40
0.4
 40
0.4
 40
0.4
 40
0.6000000000000001
 40
0.6000000000000001
 40
0.6000000000000001
 40
0.8
 40
0.8
 40
0.8
 40
1.0
 40
1.0
 40
1.0
 40
1.0
 10
7.8832
 20
3.54364
 30
0.0
 10
7.8832
 20
3.54364
 30
0.0
 10
7.8832
 20
3.54364
 30
0.0
 10
7.8832
 20
3.54364
 30
0.0
 10
7.8832
 20
3.54364
 30
0.0
 10
7.8832
 20
3.54716
 30
0.0
 10
7.8832
 20
3.54716
 30
0.0
 10
7.8832
 20
3.54716
 30
0.0
 10
7.87967
 20
3.55069
 30
0.0
 10
7.87967
 20
3.55069
 30
0.0
 10
7.87967
 20
3.55069
 30
0.0
 10
7.87614
 20
3.55069
 30
0.0
 10
7.87614
 20
3.55069
 30
0.0
 10
7.87614
 20
3.55069
 30
0.0
 10
7.87262
 20
3.55422
 30
0.0
 10
7.87262
 20
3.55422
 30
0.0
  0
SPLINE
  5
1EE
330
1F
100
AcDbEntity
  8
Camada 1
 62
   251
370
     9
100
AcDbSpline
210
0.0
220
0.0
230
1.0
 70
     8
 71
     3
 72
    26
 73
    22
 74
     0
 42
0.0000000001
 43
0.0000000001
 40
0.0
 40
0.0
 40
0.0
 40
0.0
 40
0.1428571428571428
 40
0.1428571428571428
 40
0.1428571428571428
 40
0.2857142857142857
 40
0.2857142857142857
 40
0.2857142857142857
 40
0.4285714285714285
 40
0.4285714285714285
 40
0.4285714285714285
 40
0.5714285714285714
 40
0.5714285714285714
 40
0.5714285714285714
 40
0.7142857142857142
 40
0.7142857142857142
 40
0.7142857142857142
 40
0.8571428571428571
 40
0.8571428571428571
 40
0.8571428571428571
 40
1.0
 40
1.0
 40
1.0
 40
1.0
 10
7.87262
 20
3.55422
 30
0.0
 10
7.87262
 20
3.55422
 30
0.0
 10
7.87614
 20
3.55422
 30
0.0
 10
7.87614
 20
3.55422
 30
0.0
 10
7.87614
 20
3.55422
 30
0.0
 10
7.87967
 20
3.55775
 30
0.0
 10
7.87967
 20
3.55775
 30
0.0
 10
7.87967
 20
3.55775
 30
0.0
 10
7.8832
 20
3.55775
 30
0.0
 10
7.8832
 20
3.55775
 30
0.0
 10
7.8832
 20
3.55775
 30
0.0
 10
7.88673
 20
3.56128
 30
0.0
 10
7.88673
 20
3.56128
 30
0.0
 10
7.88673
 20
3.56128
 30
0.0
 10
7.89379
 20
3.56481
 30
0.0
 10
7.89379
 20
3.56481
 30
0.0
 10
7.89379
 20
3.56481
 30
0.0
 10
7.89732
 20
3.56834
 30
0.0
 10
7.89732
 20
3.56834
 30
0.0
 10
7.89732
 20
3.56834
 30
0.0
 10
7.90438
 20
3.57187
 30
0.0
 10
7.90438
 20
3.57187
 30
0.0
  0
SPLINE
  5
1EF
330
1F
100
AcDbEntity
  8
Camada 1
 62
   251
370
     9
100
AcDbSpline
210
0.0
220
0.0
230
1.0
 70
     8
 71
     3
 72
    29
 73
    25
 74
     0
 42
0.0000000001
 43
0.0000000001
 40
0.0
 40
0.0
 40
0.0
 40
0.0
 40
0.125
 40
0.125
 40
0.125
 40
0.25
 40
0.25
 40
0.25
 40
0.375
 40
0.375
 40
0.375
 40
0.5
 40
0.5
 40
0.5
 40
0.625
 40
0.625
 40
0.625
 40
0.75
 40
0.75
 40
0.75
 40
0.875
 40
0.875
 40
0.875
 40
1.0
 40
1.0
 40
1.0
 40
1.0
 10
4.05762
 20
3.54364
 30
0.0
 10
4.05762
 20
3.54364
 30
0.0
 10
4.05762
 20
3.54364
 30
0.0
 10
4.05762
 20
3.54364
 30
0.0
 10
4.05762
 20
3.54364
 30
0.0
 10
4.05409
 20
3.54364
 30
0.0
 10
4.05409
 20
3.54364
 30
0.0
 10
4.05409
 20
3.54364
 30
0.0
 10
4.05409
 20
3.54716
 30
0.0
 10
4.05409
 20
3.54716
 30
0.0
 10
4.05409
 20
3.54716
 30
0.0
 10
4.05056
 20
3.55069
 30
0.0
 10
4.05056
 20
3.55069
 30
0.0
 10
4.05056
 20
3.55069
 30
0.0
 10
4.04704
 20
3.55775
 30
0.0
 10
4.04704
 20
3.55775
 30
0.0
 10
4.04704
 20
3.55775
 30
0.0
 10
4.04351
 20
3.56128
 30
0.0
 10
4.04351
 20
3.56128
 30
0.0
 10
4.04351
 20
3.56128
 30
0.0
 10
4.03998
 20
3.56834
 30
0.0
 10
4.03998
 20
3.56834
 30
0.0
 10
4.03998
 20
3.56834
 30
0.0
 10
4.03645
 20
3.57187
 30
0.0
 10
4.03645
 20
3.57187
 30
0.0
  0
SPLINE
  5
1F0
330
1F
100
AcDbEntity
  8
Camada 1
 62
   251
370
     9
100
AcDbSpline
210
0.0
220
0.0
230
1.0
 70
    24
 71
     3
 72
     8
 73
     4
 74
     0
 42
0.0000000001
 43
0.0000000001
 40
0.0
 40
0.0
 40
0.0
 40
0.0
 40
1.0
 40
1.0
 40
1.0
 40
1.0
 10
4.05762
 20
3.54364
 30
0.0
 10
4.05762
 20
3.54364
 30
0.0
 10
4.05762
 20
-3.54639
 30
0.0
 10
4.05762
 20
-3.54639
 30
0.0
  0
SPLINE
  5
1F1
330
1F
100
AcDbEntity
  8
Camada 1
 62
   251
370
     9
100
AcDbSpline
210
0.0
220
0.0
230
1.0
 70
     8
 71
     3
 72
    26
 73
    22
 74
     0
 42
0.0000000001
 43
0.0000000001
 40
0.0
 40
0.0
 40
0.0
 40
0.0
 40
0.1428571428571428
 40
0.1428571428571428
 40
0.1428571428571428
 40
0.2857142857142857
 40
0.2857142857142857
 40
0.2857142857142857
 40
0.4285714285714285
 40
0.4285714285714285
 40
0.4285714285714285
 40
0.5714285714285714
 40
0.5714285714285714
 40
0.5714285714285714
 40
0.7142857142857142
 40
0.7142857142857142
 40
0.7142857142857142
 40
0.8571428571428571
 40
0.8571428571428571
 40
0.8571428571428571
 40
1.0
 40
1.0
 40
1.0
 40
1.0
 10
4.03645
 20
-3.57815
 30
0.0
 10
4.03645
 20
-3.57815
 30
0.0
 10
4.03998
 20
-3.57109
 30
0.0
 10
4.03998
 20
-3.57109
 30
0.0
 10
4.03998
 20
-3.57109
 30
0.0
 10
4.04351
 20
-3.56404
 30
0.0
 10
4.04351
 20
-3.56404
 30
0.0
 10
4.04351
 20
-3.56404
 30
0.0
 10
4.04704
 20
-3.56051
 30
0.0
 10
4.04704
 20
-3.56051
 30
0.0
 10
4.04704
 20
-3.56051
 30
0.0
 10
4.05056
 20
-3.55698
 30
0.0
 10
4.05056
 20
-3.55698
 30
0.0
 10
4.05056
 20
-3.55698
 30
0.0
 10
4.05409
 20
-3.55345
 30
0.0
 10
4.05409
 20
-3.55345
 30
0.0
 10
4.05409
 20
-3.55345
 30
0.0
 10
4.05409
 20
-3.54992
 30
0.0
 10
4.05409
 20
-3.54992
 30
0.0
 10
4.05409
 20
-3.54992
 30
0.0
 10
4.05762
 20
-3.54639
 30
0.0
 10
4.05762
 20
-3.54639
 30
0.0
  0
SPLINE
  5
1F2
330
1F
100
AcDbEntity
  8
Camada 1
 62
   251
370
     9
100
AcDbSpline
210
0.0
220
0.0
230
1.0
 70
    24
 71
     3
 72
    20
 73
    16
 74
     0
 42
0.0000000001
 43
0.0000000001
 40
0.0
 40
0.0
 40
0.0
 40
0.0
 40
0.2
 40
0.2
 40
0.2
 40
0.4
 40
0.4
 40
0.4
 40
0.6000000000000001
 40
0.6000000000000001
 40
0.6000000000000001
 40
0.8
 40
0.8
 40
0.8
 40
1.0
 40
1.0
 40
1.0
 40
1.0
 10
1.73898
 20
-5.82269
 30
0.0
 10
1.73898
 20
-5.82269
 30
0.0
 10
1.73545
 20
-5.82269
 30
0.0
 10
1.73545
 20
-5.82269
 30
0.0
 10
1.73545
 20
-5.82269
 30
0.0
 10
1.73192
 20
-5.82269
 30
0.0
 10
1.73192
 20
-5.82269
 30
0.0
 10
1.73192
 20
-5.82269
 30
0.0
 10
1.7284
 20
-5.82269
 30
0.0
 10
1.7284
 20
-5.82269
 30
0.0
 10
1.7284
 20
-5.82269
 30
0.0
 10
1.72487
 20
-5.82269
 30
0.0
 10
1.72487
 20
-5.82269
 30
0.0
 10
1.72487
 20
-5.82269
 30
0.0
 10
1.72134
 20
-5.82269
 30
0.0
 10
1.72134
 20
-5.82269
 30
0.0
  0
SPLINE
  5
1F3
330
1F
100
AcDbEntity
  8
Camada 1
 62
   251
370
     9
100
AcDbSpline
210
0.0
220
0.0
230
1.0
 70
    24
 71
     3
 72
     8
 73
     4
 74
     0
 42
0.0000000001
 43
0.0000000001
 40
0.0
 40
0.0
 40
0.0
 40
0.0
 40
1.0
 40
1.0
 40
1.0
 40
1.0
 10
1.72134
 20
-5.82269
 30
0.0
 10
1.72134
 20
-5.82269
 30
0.0
 10
1.72134
 20
5.81992
 30
0.0
 10
1.72134
 20
5.81992
 30
0.0
  0
SPLINE
  5
1F4
330
1F
100
AcDbEntity
  8
Camada 1
 62
   251
370
     9
100
AcDbSpline
210
0.0
220
0.0
230
1.0
 70
     8
 71
     3
 72
    29
 73
    25
 74
     0
 42
0.0000000001
 43
0.0000000001
 40
0.0
 40
0.0
 40
0.0
 40
0.0
 40
0.125
 40
0.125
 40
0.125
 40
0.25
 40
0.25
 40
0.25
 40
0.375
 40
0.375
 40
0.375
 40
0.5
 40
0.5
 40
0.5
 40
0.625
 40
0.625
 40
0.625
 40
0.75
 40
0.75
 40
0.75
 40
0.875
 40
0.875
 40
0.875
 40
1.0
 40
1.0
 40
1.0
 40
1.0
 10
14.39445
 20
6.10931
 30
0.0
 10
14.39445
 20
6.10931
 30
0.0
 10
14.45092
 20
6.10225
 30
0.0
 10
14.45092
 20
6.10225
 30
0.0
 10
14.45092
 20
6.10225
 30
0.0
 10
14.50386
 20
6.08814
 30
0.0
 10
14.50386
 20
6.08814
 30
0.0
 10
14.50386
 20
6.08814
 30
0.0
 10
14.55326
 20
6.05991
 30
0.0
 10
14.55326
 20
6.05991
 30
0.0
 10
14.55326
 20
6.05991
 30
0.0
 10
14.59914
 20
6.02461
 30
0.0
 10
14.59914
 20
6.02461
 30
0.0
 10
14.59914
 20
6.02461
 30
0.0
 10
14.63444
 20
5.98227
 30
0.0
 10
14.63444
 20
5.98227
 30
0.0
 10
14.63444
 20
5.98227
 30
0.0
 10
14.65914
 20
5.92933
 30
0.0
 10
14.65914
 20
5.92933
 30
0.0
 10
14.65914
 20
5.92933
 30
0.0
 10
14.67678
 20
5.87639
 30
0.0
 10
14.67678
 20
5.87639
 30
0.0
 10
14.67678
 20
5.87639
 30
0.0
 10
14.68385
 20
5.81992
 30
0.0
 10
14.68385
 20
5.81992
 30
0.0
  0
SPLINE
  5
1F5
330
1F
100
AcDbEntity
  8
Camada 1
 62
   251
370
     9
100
AcDbSpline
210
0.0
220
0.0
230
1.0
 70
    24
 71
     3
 72
    26
 73
    22
 74
     0
 42
0.0000000001
 43
0.0000000001
 40
0.0
 40
0.0
 40
0.0
 40
0.0
 40
0.1428571428571428
 40
0.1428571428571428
 40
0.1428571428571428
 40
0.2857142857142857
 40
0.2857142857142857
 40
0.2857142857142857
 40
0.4285714285714285
 40
0.4285714285714285
 40
0.4285714285714285
 40
0.5714285714285714
 40
0.5714285714285714
 40
0.5714285714285714
 40
0.7142857142857142
 40
0.7142857142857142
 40
0.7142857142857142
 40
0.8571428571428571
 40
0.8571428571428571
 40
0.8571428571428571
 40
1.0
 40
1.0
 40
1.0
 40
1.0
 10
14.39445
 20
6.10931
 30
0.0
 10
14.39445
 20
6.10931
 30
0.0
 10
14.39445
 20
6.10931
 30
0.0
 10
14.39445
 20
6.10931
 30
0.0
 10
14.39445
 20
6.10931
 30
0.0
 10
14.39445
 20
6.10578
 30
0.0
 10
14.39445
 20
6.10578
 30
0.0
 10
14.39445
 20
6.10578
 30
0.0
 10
14.39445
 20
6.10225
 30
0.0
 10
14.39445
 20
6.10225
 30
0.0
 10
14.39445
 20
6.10225
 30
0.0
 10
14.39445
 20
6.09873
 30
0.0
 10
14.39445
 20
6.09873
 30
0.0
 10
14.39445
 20
6.09873
 30
0.0
 10
14.39445
 20
6.0952
 30
0.0
 10
14.39445
 20
6.0952
 30
0.0
 10
14.39445
 20
6.0952
 30
0.0
 10
14.39445
 20
6.09167
 30
0.0
 10
14.39445
 20
6.09167
 30
0.0
 10
14.39445
 20
6.09167
 30
0.0
 10
14.39445
 20
6.08814
 30
0.0
 10
14.39445
 20
6.08814
 30
0.0
  0
SPLINE
  5
1F6
330
1F
100
AcDbEntity
  8
Camada 1
 62
   251
370
     9
100
AcDbSpline
210
0.0
220
0.0
230
1.0
 70
    24
 71
     3
 72
    20
 73
    16
 74
     0
 42
0.0000000001
 43
0.0000000001
 40
0.0
 40
0.0
 40
0.0
 40
0.0
 40
0.2
 40
0.2
 40
0.2
 40
0.4
 40
0.4
 40
0.4
 40
0.6000000000000001
 40
0.6000000000000001
 40
0.6000000000000001
 40
0.8
 40
0.8
 40
0.8
 40
1.0
 40
1.0
 40
1.0
 40
1.0
 10
2.0072
 20
-6.09443
 30
0.0
 10
2.0072
 20
-6.09443
 30
0.0
 10
2.0072
 20
-6.09795
 30
0.0
 10
2.0072
 20
-6.09795
 30
0.0
 10
2.0072
 20
-6.09795
 30
0.0
 10
2.0072
 20
-6.10148
 30
0.0
 10
2.0072
 20
-6.10148
 30
0.0
 10
2.0072
 20
-6.10148
 30
0.0
 10
2.0072
 20
-6.10501
 30
0.0
 10
2.0072
 20
-6.10501
 30
0.0
 10
2.0072
 20
-6.10501
 30
0.0
 10
2.0072
 20
-6.10855
 30
0.0
 10
2.0072
 20
-6.10855
 30
0.0
 10
2.0072
 20
-6.10855
 30
0.0
 10
2.0072
 20
-6.11208
 30
0.0
 10
2.0072
 20
-6.11208
 30
0.0
  0
SPLINE
  5
1F7
330
1F
100
AcDbEntity
  8
Camada 1
 62
   251
370
     9
100
AcDbSpline
210
0.0
220
0.0
230
1.0
 70
     8
 71
     3
 72
    29
 73
    25
 74
     0
 42
0.0000000001
 43
0.0000000001
 40
0.0
 40
0.0
 40
0.0
 40
0.0
 40
0.125
 40
0.125
 40
0.125
 40
0.25
 40
0.25
 40
0.25
 40
0.375
 40
0.375
 40
0.375
 40
0.5
 40
0.5
 40
0.5
 40
0.625
 40
0.625
 40
0.625
 40
0.75
 40
0.75
 40
0.75
 40
0.875
 40
0.875
 40
0.875
 40
1.0
 40
1.0
 40
1.0
 40
1.0
 10
2.0072
 20
-6.11208
 30
0.0
 10
2.0072
 20
-6.11208
 30
0.0
 10
1.95426
 20
-6.10855
 30
0.0
 10
1.95426
 20
-6.10855
 30
0.0
 10
1.95426
 20
-6.10855
 30
0.0
 10
1.89779
 20
-6.0909
 30
0.0
 10
1.89779
 20
-6.0909
 30
0.0
 10
1.89779
 20
-6.0909
 30
0.0
 10
1.84839
 20
-6.06619
 30
0.0
 10
1.84839
 20
-6.06619
 30
0.0
 10
1.84839
 20
-6.06619
 30
0.0
 10
1.80604
 20
-6.02737
 30
0.0
 10
1.80604
 20
-6.02737
 30
0.0
 10
1.80604
 20
-6.02737
 30
0.0
 10
1.76721
 20
-5.98502
 30
0.0
 10
1.76721
 20
-5.98502
 30
0.0
 10
1.76721
 20
-5.98502
 30
0.0
 10
1.74252
 20
-5.93562
 30
0.0
 10
1.74252
 20
-5.93562
 30
0.0
 10
1.74252
 20
-5.93562
 30
0.0
 10
1.72487
 20
-5.87915
 30
0.0
 10
1.72487
 20
-5.87915
 30
0.0
 10
1.72487
 20
-5.87915
 30
0.0
 10
1.72134
 20
-5.82269
 30
0.0
 10
1.72134
 20
-5.82269
 30
0.0
  0
SPLINE
  5
1F8
330
1F
100
AcDbEntity
  8
Camada 1
 62
   251
370
     9
100
AcDbSpline
210
0.0
220
0.0
230
1.0
 70
    24
 71
     3
 72
     8
 73
     4
 74
     0
 42
0.0000000001
 43
0.0000000001
 40
0.0
 40
0.0
 40
0.0
 40
0.0
 40
1.0
 40
1.0
 40
1.0
 40
1.0
 10
7.87262
 20
3.55422
 30
0.0
 10
7.87262
 20
3.55422
 30
0.0
 10
4.06821
 20
3.55422
 30
0.0
 10
4.06821
 20
3.55422
 30
0.0
  0
SPLINE
  5
1F9
330
1F
100
AcDbEntity
  8
Camada 1
 62
   251
370
     9
100
AcDbSpline
210
0.0
220
0.0
230
1.0
 70
     8
 71
     3
 72
    26
 73
    22
 74
     0
 42
0.0000000001
 43
0.0000000001
 40
0.0
 40
0.0
 40
0.0
 40
0.0
 40
0.1428571428571428
 40
0.1428571428571428
 40
0.1428571428571428
 40
0.2857142857142857
 40
0.2857142857142857
 40
0.2857142857142857
 40
0.4285714285714285
 40
0.4285714285714285
 40
0.4285714285714285
 40
0.5714285714285714
 40
0.5714285714285714
 40
0.5714285714285714
 40
0.7142857142857142
 40
0.7142857142857142
 40
0.7142857142857142
 40
0.8571428571428571
 40
0.8571428571428571
 40
0.8571428571428571
 40
1.0
 40
1.0
 40
1.0
 40
1.0
 10
4.03645
 20
3.57187
 30
0.0
 10
4.03645
 20
3.57187
 30
0.0
 10
4.04351
 20
3.56834
 30
0.0
 10
4.04351
 20
3.56834
 30
0.0
 10
4.04351
 20
3.56834
 30
0.0
 10
4.04704
 20
3.56481
 30
0.0
 10
4.04704
 20
3.56481
 30
0.0
 10
4.04704
 20
3.56481
 30
0.0
 10
4.05409
 20
3.56128
 30
0.0
 10
4.05409
 20
3.56128
 30
0.0
 10
4.05409
 20
3.56128
 30
0.0
 10
4.05762
 20
3.55775
 30
0.0
 10
4.05762
 20
3.55775
 30
0.0
 10
4.05762
 20
3.55775
 30
0.0
 10
4.06116
 20
3.55775
 30
0.0
 10
4.06116
 20
3.55775
 30
0.0
 10
4.06116
 20
3.55775
 30
0.0
 10
4.06468
 20
3.55422
 30
0.0
 10
4.06468
 20
3.55422
 30
0.0
 10
4.06468
 20
3.55422
 30
0.0
 10
4.06821
 20
3.55422
 30
0.0
 10
4.06821
 20
3.55422
 30
0.0
  0
SPLINE
  5
1FA
330
1F
100
AcDbEntity
  8
Camada 1
 62
   251
370
     9
100
AcDbSpline
210
0.0
220
0.0
230
1.0
 70
    24
 71
     3
 72
     8
 73
     4
 74
     0
 42
0.0000000001
 43
0.0000000001
 40
0.0
 40
0.0
 40
0.0
 40
0.0
 40
1.0
 40
1.0
 40
1.0
 40
1.0
 10
2.0072
 20
6.10931
 30
0.0
 10
2.0072
 20
6.10931
 30
0.0
 10
14.39445
 20
6.10931
 30
0.0
 10
14.39445
 20
6.10931
 30
0.0
  0
SPLINE
  5
1FB
330
1F
100
AcDbEntity
  8
Camada 1
 62
   251
370
     9
100
AcDbSpline
210
0.0
220
0.0
230
1.0
 70
    24
 71
     3
 72
     8
 73
     4
 74
     0
 42
0.0000000001
 43
0.0000000001
 40
0.0
 40
0.0
 40
0.0
 40
0.0
 40
1.0
 40
1.0
 40
1.0
 40
1.0
 10
14.39445
 20
-6.11208
 30
0.0
 10
14.39445
 20
-6.11208
 30
0.0
 10
2.0072
 20
-6.11208
 30
0.0
 10
2.0072
 20
-6.11208
 30
0.0
  0
SPLINE
  5
1FC
330
1F
100
AcDbEntity
  8
Camada 1
 62
   251
370
     9
100
AcDbSpline
210
0.0
220
0.0
230
1.0
 70
     8
 71
     3
 72
    23
 73
    19
 74
     0
 42
0.0000000001
 43
0.0000000001
 40
0.0
 40
0.0
 40
0.0
 40
0.0
 40
0.1666666666666667
 40
0.1666666666666667
 40
0.1666666666666667
 40
0.3333333333333333
 40
0.3333333333333333
 40
0.3333333333333333
 40
0.5
 40
0.5
 40
0.5
 40
0.6666666666666666
 40
0.6666666666666666
 40
0.6666666666666666
 40
0.8333333333333333
 40
0.8333333333333333
 40
0.8333333333333333
 40
1.0
 40
1.0
 40
1.0
 40
1.0
 10
4.05762
 20
-3.54639
 30
0.0
 10
4.05762
 20
-3.54639
 30
0.0
 10
4.05762
 20
-3.54992
 30
0.0
 10
4.05762
 20
-3.54992
 30
0.0
 10
4.05762
 20
-3.54992
 30
0.0
 10
4.05762
 20
-3.55345
 30
0.0
 10
4.05762
 20
-3.55345
 30
0.0
 10
4.05762
 20
-3.55345
 30
0.0
 10
4.06116
 20
-3.55345
 30
0.0
 10
4.06116
 20
-3.55345
 30
0.0
 10
4.06116
 20
-3.55345
 30
0.0
 10
4.06116
 20
-3.55698
 30
0.0
 10
4.06116
 20
-3.55698
 30
0.0
 10
4.06116
 20
-3.55698
 30
0.0
 10
4.06468
 20
-3.55698
 30
0.0
 10
4.06468
 20
-3.55698
 30
0.0
 10
4.06468
 20
-3.55698
 30
0.0
 10
4.06821
 20
-3.55698
 30
0.0
 10
4.06821
 20
-3.55698
 30
0.0
  0
SPLINE
  5
1FD
330
1F
100
AcDbEntity
  8
Camada 1
 62
   251
370
     9
100
AcDbSpline
210
0.0
220
0.0
230
1.0
 70
     8
 71
     3
 72
    17
 73
    13
 74
     0
 42
0.0000000001
 43
0.0000000001
 40
0.0
 40
0.0
 40
0.0
 40
0.0
 40
0.25
 40
0.25
 40
0.25
 40
0.5
 40
0.5
 40
0.5
 40
0.75
 40
0.75
 40
0.75
 40
1.0
 40
1.0
 40
1.0
 40
1.0
 10
4.06821
 20
3.55422
 30
0.0
 10
4.06821
 20
3.55422
 30
0.0
 10
4.06468
 20
3.55069
 30
0.0
 10
4.06468
 20
3.55069
 30
0.0
 10
4.06468
 20
3.55069
 30
0.0
 10
4.06116
 20
3.55069
 30
0.0
 10
4.06116
 20
3.55069
 30
0.0
 10
4.06116
 20
3.55069
 30
0.0
 10
4.05762
 20
3.54716
 30
0.0
 10
4.05762
 20
3.54716
 30
0.0
 10
4.05762
 20
3.54716
 30
0.0
 10
4.05762
 20
3.54364
 30
0.0
 10
4.05762
 20
3.54364
 30
0.0
  0
SPLINE
  5
1FE
330
1F
100
AcDbEntity
  8
Camada 1
 62
   251
370
     9
100
AcDbSpline
210
0.0
220
0.0
230
1.0
 70
    24
 71
     3
 72
     8
 73
     4
 74
     0
 42
0.0000000001
 43
0.0000000001
 40
0.0
 40
0.0
 40
0.0
 40
0.0
 40
1.0
 40
1.0
 40
1.0
 40
1.0
 10
4.06116
 20
3.54011
 30
0.0
 10
4.06116
 20
3.54011
 30
0.0
 10
4.05762
 20
3.54364
 30
0.0
 10
4.05762
 20
3.54364
 30
0.0
  0
SPLINE
  5
1FF
330
1F
100
AcDbEntity
  8
Camada 1
 62
   251
370
     9
100
AcDbSpline
210
0.0
220
0.0
230
1.0
 70
    24
 71
     3
 72
     8
 73
     4
 74
     0
 42
0.0000000001
 43
0.0000000001
 40
0.0
 40
0.0
 40
0.0
 40
0.0
 40
1.0
 40
1.0
 40
1.0
 40
1.0
 10
4.06116
 20
-3.54286
 30
0.0
 10
4.06116
 20
-3.54286
 30
0.0
 10
4.06116
 20
3.54011
 30
0.0
 10
4.06116
 20
3.54011
 30
0.0
  0
SPLINE
  5
200
330
1F
100
AcDbEntity
  8
Camada 1
 62
   251
370
     9
100
AcDbSpline
210
0.0
220
0.0
230
1.0
 70
    24
 71
     3
 72
     8
 73
     4
 74
     0
 42
0.0000000001
 43
0.0000000001
 40
0.0
 40
0.0
 40
0.0
 40
0.0
 40
1.0
 40
1.0
 40
1.0
 40
1.0
 10
4.05762
 20
-3.54639
 30
0.0
 10
4.05762
 20
-3.54639
 30
0.0
 10
4.06116
 20
-3.54286
 30
0.0
 10
4.06116
 20
-3.54286
 30
0.0
  0
SPLINE
  5
201
330
1F
100
AcDbEntity
  8
Camada 1
 62
   251
370
     9
100
AcDbSpline
210
0.0
220
0.0
230
1.0
 70
    24
 71
     3
 72
     8
 73
     4
 74
     0
 42
0.0000000001
 43
0.0000000001
 40
0.0
 40
0.0
 40
0.0
 40
0.0
 40
1.0
 40
1.0
 40
1.0
 40
1.0
 10
7.87967
 20
-3.54286
 30
0.0
 10
7.87967
 20
-3.54286
 30
0.0
 10
7.8832
 20
-3.54639
 30
0.0
 10
7.8832
 20
-3.54639
 30
0.0
  0
SPLINE
  5
202
330
1F
100
AcDbEntity
  8
Camada 1
 62
   251
370
     9
100
AcDbSpline
210
0.0
220
0.0
230
1.0
 70
    24
 71
     3
 72
     8
 73
     4
 74
     0
 42
0.0000000001
 43
0.0000000001
 40
0.0
 40
0.0
 40
0.0
 40
0.0
 40
1.0
 40
1.0
 40
1.0
 40
1.0
 10
7.87262
 20
-3.55698
 30
0.0
 10
7.87262
 20
-3.55698
 30
0.0
 10
7.87262
 20
-3.55345
 30
0.0
 10
7.87262
 20
-3.55345
 30
0.0
  0
SPLINE
  5
203
330
1F
100
AcDbEntity
  8
Camada 1
 62
   251
370
     9
100
AcDbSpline
210
0.0
220
0.0
230
1.0
 70
     8
 71
     3
 72
    17
 73
    13
 74
     0
 42
0.0000000001
 43
0.0000000001
 40
0.0
 40
0.0
 40
0.0
 40
0.0
 40
0.25
 40
0.25
 40
0.25
 40
0.5
 40
0.5
 40
0.5
 40
0.75
 40
0.75
 40
0.75
 40
1.0
 40
1.0
 40
1.0
 40
1.0
 10
7.87967
 20
-3.54286
 30
0.0
 10
7.87967
 20
-3.54286
 30
0.0
 10
7.87967
 20
-3.54639
 30
0.0
 10
7.87967
 20
-3.54639
 30
0.0
 10
7.87967
 20
-3.54639
 30
0.0
 10
7.87967
 20
-3.54992
 30
0.0
 10
7.87967
 20
-3.54992
 30
0.0
 10
7.87967
 20
-3.54992
 30
0.0
 10
7.87614
 20
-3.55345
 30
0.0
 10
7.87614
 20
-3.55345
 30
0.0
 10
7.87614
 20
-3.55345
 30
0.0
 10
7.87262
 20
-3.55345
 30
0.0
 10
7.87262
 20
-3.55345
 30
0.0
  0
SPLINE
  5
204
330
1F
100
AcDbEntity
  8
Camada 1
 62
   251
370
     9
100
AcDbSpline
210
0.0
220
0.0
230
1.0
 70
    24
 71
     3
 72
     8
 73
     4
 74
     0
 42
0.0000000001
 43
0.0000000001
 40
0.0
 40
0.0
 40
0.0
 40
0.0
 40
1.0
 40
1.0
 40
1.0
 40
1.0
 10
14.39445
 20
-6.11208
 30
0.0
 10
14.39445
 20
-6.11208
 30
0.0
 10
14.39445
 20
-6.12266
 30
0.0
 10
14.39445
 20
-6.12266
 30
0.0
  0
SPLINE
  5
205
330
1F
100
AcDbEntity
  8
Camada 1
 62
   251
370
     9
100
AcDbSpline
210
0.0
220
0.0
230
1.0
 70
    24
 71
     3
 72
     8
 73
     4
 74
     0
 42
0.0000000001
 43
0.0000000001
 40
0.0
 40
0.0
 40
0.0
 40
0.0
 40
1.0
 40
1.0
 40
1.0
 40
1.0
 10
2.0072
 20
-6.12266
 30
0.0
 10
2.0072
 20
-6.12266
 30
0.0
 10
14.39445
 20
-6.12266
 30
0.0
 10
14.39445
 20
-6.12266
 30
0.0
  0
SPLINE
  5
206
330
1F
100
AcDbEntity
  8
Camada 1
 62
   251
370
     9
100
AcDbSpline
210
0.0
220
0.0
230
1.0
 70
    24
 71
     3
 72
     8
 73
     4
 74
     0
 42
0.0000000001
 43
0.0000000001
 40
0.0
 40
0.0
 40
0.0
 40
0.0
 40
1.0
 40
1.0
 40
1.0
 40
1.0
 10
2.0072
 20
-6.11208
 30
0.0
 10
2.0072
 20
-6.11208
 30
0.0
 10
2.0072
 20
-6.12266
 30
0.0
 10
2.0072
 20
-6.12266
 30
0.0
  0
SPLINE
  5
207
330
1F
100
AcDbEntity
  8
Camada 1
 62
   251
370
     9
100
AcDbSpline
210
0.0
220
0.0
230
1.0
 70
     8
 71
     3
 72
    29
 73
    25
 74
     0
 42
0.0000000001
 43
0.0000000001
 40
0.0
 40
0.0
 40
0.0
 40
0.0
 40
0.125
 40
0.125
 40
0.125
 40
0.25
 40
0.25
 40
0.25
 40
0.375
 40
0.375
 40
0.375
 40
0.5
 40
0.5
 40
0.5
 40
0.625
 40
0.625
 40
0.625
 40
0.75
 40
0.75
 40
0.75
 40
0.875
 40
0.875
 40
0.875
 40
1.0
 40
1.0
 40
1.0
 40
1.0
 10
1.71075
 20
-5.82269
 30
0.0
 10
1.71075
 20
-5.82269
 30
0.0
 10
1.71427
 20
-5.88268
 30
0.0
 10
1.71427
 20
-5.88268
 30
0.0
 10
1.71427
 20
-5.88268
 30
0.0
 10
1.73192
 20
-5.93914
 30
0.0
 10
1.73192
 20
-5.93914
 30
0.0
 10
1.73192
 20
-5.93914
 30
0.0
 10
1.76016
 20
-5.99208
 30
0.0
 10
1.76016
 20
-5.99208
 30
0.0
 10
1.76016
 20
-5.99208
 30
0.0
 10
1.79545
 20
-6.03796
 30
0.0
 10
1.79545
 20
-6.03796
 30
0.0
 10
1.79545
 20
-6.03796
 30
0.0
 10
1.84132
 20
-6.07325
 30
0.0
 10
1.84132
 20
-6.07325
 30
0.0
 10
1.84132
 20
-6.07325
 30
0.0
 10
1.89426
 20
-6.10148
 30
0.0
 10
1.89426
 20
-6.10148
 30
0.0
 10
1.89426
 20
-6.10148
 30
0.0
 10
1.95074
 20
-6.11913
 30
0.0
 10
1.95074
 20
-6.11913
 30
0.0
 10
1.95074
 20
-6.11913
 30
0.0
 10
2.0072
 20
-6.12266
 30
0.0
 10
2.0072
 20
-6.12266
 30
0.0
  0
SPLINE
  5
208
330
1F
100
AcDbEntity
  8
Camada 1
 62
   251
370
     9
100
AcDbSpline
210
0.0
220
0.0
230
1.0
 70
    24
 71
     3
 72
     8
 73
     4
 74
     0
 42
0.0000000001
 43
0.0000000001
 40
0.0
 40
0.0
 40
0.0
 40
0.0
 40
1.0
 40
1.0
 40
1.0
 40
1.0
 10
1.72134
 20
-5.82269
 30
0.0
 10
1.72134
 20
-5.82269
 30
0.0
 10
1.71075
 20
-5.82269
 30
0.0
 10
1.71075
 20
-5.82269
 30
0.0
  0
SPLINE
  5
209
330
1F
100
AcDbEntity
  8
Camada 1
 62
   251
370
     9
100
AcDbSpline
210
0.0
220
0.0
230
1.0
 70
     8
 71
     3
 72
    17
 73
    13
 74
     0
 42
0.0000000001
 43
0.0000000001
 40
0.0
 40
0.0
 40
0.0
 40
0.0
 40
0.25
 40
0.25
 40
0.25
 40
0.5
 40
0.5
 40
0.5
 40
0.75
 40
0.75
 40
0.75
 40
1.0
 40
1.0
 40
1.0
 40
1.0
 10
4.06116
 20
-3.54286
 30
0.0
 10
4.06116
 20
-3.54286
 30
0.0
 10
4.06116
 20
-3.54639
 30
0.0
 10
4.06116
 20
-3.54639
 30
0.0
 10
4.06116
 20
-3.54639
 30
0.0
 10
4.06116
 20
-3.54992
 30
0.0
 10
4.06116
 20
-3.54992
 30
0.0
 10
4.06116
 20
-3.54992
 30
0.0
 10
4.06468
 20
-3.55345
 30
0.0
 10
4.06468
 20
-3.55345
 30
0.0
 10
4.06468
 20
-3.55345
 30
0.0
 10
4.06821
 20
-3.55345
 30
0.0
 10
4.06821
 20
-3.55345
 30
0.0
  0
SPLINE
  5
20A
330
1F
100
AcDbEntity
  8
Camada 1
 62
   251
370
     9
100
AcDbSpline
210
0.0
220
0.0
230
1.0
 70
    24
 71
     3
 72
     8
 73
     4
 74
     0
 42
0.0000000001
 43
0.0000000001
 40
0.0
 40
0.0
 40
0.0
 40
0.0
 40
1.0
 40
1.0
 40
1.0
 40
1.0
 10
4.06821
 20
-3.55345
 30
0.0
 10
4.06821
 20
-3.55345
 30
0.0
 10
4.06821
 20
-3.55698
 30
0.0
 10
4.06821
 20
-3.55698
 30
0.0
  0
SPLINE
  5
20B
330
1F
100
AcDbEntity
  8
Camada 1
 62
   251
370
     9
100
AcDbSpline
210
0.0
220
0.0
230
1.0
 70
    24
 71
     3
 72
     8
 73
     4
 74
     0
 42
0.0000000001
 43
0.0000000001
 40
0.0
 40
0.0
 40
0.0
 40
0.0
 40
1.0
 40
1.0
 40
1.0
 40
1.0
 10
14.39445
 20
6.10931
 30
0.0
 10
14.39445
 20
6.10931
 30
0.0
 10
14.39445
 20
6.1199
 30
0.0
 10
14.39445
 20
6.1199
 30
0.0
  0
SPLINE
  5
20C
330
1F
100
AcDbEntity
  8
Camada 1
 62
   251
370
     9
100
AcDbSpline
210
0.0
220
0.0
230
1.0
 70
     8
 71
     3
 72
    29
 73
    25
 74
     0
 42
0.0000000001
 43
0.0000000001
 40
0.0
 40
0.0
 40
0.0
 40
0.0
 40
0.125
 40
0.125
 40
0.125
 40
0.25
 40
0.25
 40
0.25
 40
0.375
 40
0.375
 40
0.375
 40
0.5
 40
0.5
 40
0.5
 40
0.625
 40
0.625
 40
0.625
 40
0.75
 40
0.75
 40
0.75
 40
0.875
 40
0.875
 40
0.875
 40
1.0
 40
1.0
 40
1.0
 40
1.0
 10
14.69443
 20
5.81992
 30
0.0
 10
14.69443
 20
5.81992
 30
0.0
 10
14.68738
 20
5.87992
 30
0.0
 10
14.68738
 20
5.87992
 30
0.0
 10
14.68738
 20
5.87992
 30
0.0
 10
14.66973
 20
5.93639
 30
0.0
 10
14.66973
 20
5.93639
 30
0.0
 10
14.66973
 20
5.93639
 30
0.0
 10
14.64149
 20
5.9858
 30
0.0
 10
14.64149
 20
5.9858
 30
0.0
 10
14.64149
 20
5.9858
 30
0.0
 10
14.60621
 20
6.03167
 30
0.0
 10
14.60621
 20
6.03167
 30
0.0
 10
14.60621
 20
6.03167
 30
0.0
 10
14.56033
 20
6.07049
 30
0.0
 10
14.56033
 20
6.07049
 30
0.0
 10
14.56033
 20
6.07049
 30
0.0
 10
14.50739
 20
6.09873
 30
0.0
 10
14.50739
 20
6.09873
 30
0.0
 10
14.50739
 20
6.09873
 30
0.0
 10
14.45092
 20
6.11285
 30
0.0
 10
14.45092
 20
6.11285
 30
0.0
 10
14.45092
 20
6.11285
 30
0.0
 10
14.39445
 20
6.1199
 30
0.0
 10
14.39445
 20
6.1199
 30
0.0
  0
SPLINE
  5
20D
330
1F
100
AcDbEntity
  8
Camada 1
 62
   251
370
     9
100
AcDbSpline
210
0.0
220
0.0
230
1.0
 70
    24
 71
     3
 72
     8
 73
     4
 74
     0
 42
0.0000000001
 43
0.0000000001
 40
0.0
 40
0.0
 40
0.0
 40
0.0
 40
1.0
 40
1.0
 40
1.0
 40
1.0
 10
14.68385
 20
5.81992
 30
0.0
 10
14.68385
 20
5.81992
 30
0.0
 10
14.69443
 20
5.81992
 30
0.0
 10
14.69443
 20
5.81992
 30
0.0
  0
SPLINE
  5
20E
330
1F
100
AcDbEntity
  8
Camada 1
 62
   251
370
     9
100
AcDbSpline
210
0.0
220
0.0
230
1.0
 70
    24
 71
     3
 72
     8
 73
     4
 74
     0
 42
0.0000000001
 43
0.0000000001
 40
0.0
 40
0.0
 40
0.0
 40
0.0
 40
1.0
 40
1.0
 40
1.0
 40
1.0
 10
1.71075
 20
5.81992
 30
0.0
 10
1.71075
 20
5.81992
 30
0.0
 10
1.71075
 20
-5.82269
 30
0.0
 10
1.71075
 20
-5.82269
 30
0.0
  0
SPLINE
  5
20F
330
1F
100
AcDbEntity
  8
Camada 1
 62
   251
370
     9
100
AcDbSpline
210
0.0
220
0.0
230
1.0
 70
    24
 71
     3
 72
     8
 73
     4
 74
     0
 42
0.0000000001
 43
0.0000000001
 40
0.0
 40
0.0
 40
0.0
 40
0.0
 40
1.0
 40
1.0
 40
1.0
 40
1.0
 10
1.72134
 20
5.81992
 30
0.0
 10
1.72134
 20
5.81992
 30
0.0
 10
1.71075
 20
5.81992
 30
0.0
 10
1.71075
 20
5.81992
 30
0.0
  0
SPLINE
  5
210
330
1F
100
AcDbEntity
  8
Camada 1
 62
   251
370
     9
100
AcDbSpline
210
0.0
220
0.0
230
1.0
 70
    24
 71
     3
 72
     8
 73
     4
 74
     0
 42
0.0000000001
 43
0.0000000001
 40
0.0
 40
0.0
 40
0.0
 40
0.0
 40
1.0
 40
1.0
 40
1.0
 40
1.0
 10
2.0072
 20
6.10931
 30
0.0
 10
2.0072
 20
6.10931
 30
0.0
 10
2.0072
 20
6.1199
 30
0.0
 10
2.0072
 20
6.1199
 30
0.0
  0
SPLINE
  5
211
330
1F
100
AcDbEntity
  8
Camada 1
 62
   251
370
     9
100
AcDbSpline
210
0.0
220
0.0
230
1.0
 70
    24
 71
     3
 72
     8
 73
     4
 74
     0
 42
0.0000000001
 43
0.0000000001
 40
0.0
 40
0.0
 40
0.0
 40
0.0
 40
1.0
 40
1.0
 40
1.0
 40
1.0
 10
14.39445
 20
6.1199
 30
0.0
 10
14.39445
 20
6.1199
 30
0.0
 10
2.0072
 20
6.1199
 30
0.0
 10
2.0072
 20
6.1199
 30
0.0
  0
SPLINE
  5
212
330
1F
100
AcDbEntity
  8
Camada 1
 62
   251
370
     9
100
AcDbSpline
210
0.0
220
0.0
230
1.0
 70
    24
 71
     3
 72
     8
 73
     4
 74
     0
 42
0.0000000001
 43
0.0000000001
 40
0.0
 40
0.0
 40
0.0
 40
0.0
 40
1.0
 40
1.0
 40
1.0
 40
1.0
 10
7.8832
 20
3.54364
 30
0.0
 10
7.8832
 20
3.54364
 30
0.0
 10
7.87967
 20
3.54011
 30
0.0
 10
7.87967
 20
3.54011
 30
0.0
  0
SPLINE
  5
213
330
1F
100
AcDbEntity
  8
Camada 1
 62
   251
370
     9
100
AcDbSpline
210
0.0
220
0.0
230
1.0
 70
     8
 71
     3
 72
    20
 73
    16
 74
     0
 42
0.0000000001
 43
0.0000000001
 40
0.0
 40
0.0
 40
0.0
 40
0.0
 40
0.2
 40
0.2
 40
0.2
 40
0.4
 40
0.4
 40
0.4
 40
0.6000000000000001
 40
0.6000000000000001
 40
0.6000000000000001
 40
0.8
 40
0.8
 40
0.8
 40
1.0
 40
1.0
 40
1.0
 40
1.0
 10
7.87967
 20
3.54011
 30
0.0
 10
7.87967
 20
3.54011
 30
0.0
 10
7.87967
 20
3.54011
 30
0.0
 10
7.87967
 20
3.54011
 30
0.0
 10
7.87967
 20
3.54011
 30
0.0
 10
7.87967
 20
3.54364
 30
0.0
 10
7.87967
 20
3.54364
 30
0.0
 10
7.87967
 20
3.54364
 30
0.0
 10
7.87967
 20
3.54716
 30
0.0
 10
7.87967
 20
3.54716
 30
0.0
 10
7.87967
 20
3.54716
 30
0.0
 10
7.87614
 20
3.54716
 30
0.0
 10
7.87614
 20
3.54716
 30
0.0
 10
7.87614
 20
3.54716
 30
0.0
 10
7.87262
 20
3.55069
 30
0.0
 10
7.87262
 20
3.55069
 30
0.0
  0
SPLINE
  5
214
330
1F
100
AcDbEntity
  8
Camada 1
 62
   251
370
     9
100
AcDbSpline
210
0.0
220
0.0
230
1.0
 70
    24
 71
     3
 72
     8
 73
     4
 74
     0
 42
0.0000000001
 43
0.0000000001
 40
0.0
 40
0.0
 40
0.0
 40
0.0
 40
1.0
 40
1.0
 40
1.0
 40
1.0
 10
7.87262
 20
3.55069
 30
0.0
 10
7.87262
 20
3.55069
 30
0.0
 10
7.87262
 20
3.55422
 30
0.0
 10
7.87262
 20
3.55422
 30
0.0
  0
SPLINE
  5
215
330
1F
100
AcDbEntity
  8
Camada 1
 62
   251
370
     9
100
AcDbSpline
210
0.0
220
0.0
230
1.0
 70
    24
 71
     3
 72
     8
 73
     4
 74
     0
 42
0.0000000001
 43
0.0000000001
 40
0.0
 40
0.0
 40
0.0
 40
0.0
 40
1.0
 40
1.0
 40
1.0
 40
1.0
 10
14.68385
 20
-5.82269
 30
0.0
 10
14.68385
 20
-5.82269
 30
0.0
 10
14.69443
 20
-5.82269
 30
0.0
 10
14.69443
 20
-5.82269
 30
0.0
  0
SPLINE
  5
216
330
1F
100
AcDbEntity
  8
Camada 1
 62
   251
370
     9
100
AcDbSpline
210
0.0
220
0.0
230
1.0
 70
     8
 71
     3
 72
    29
 73
    25
 74
     0
 42
0.0000000001
 43
0.0000000001
 40
0.0
 40
0.0
 40
0.0
 40
0.0
 40
0.125
 40
0.125
 40
0.125
 40
0.25
 40
0.25
 40
0.25
 40
0.375
 40
0.375
 40
0.375
 40
0.5
 40
0.5
 40
0.5
 40
0.625
 40
0.625
 40
0.625
 40
0.75
 40
0.75
 40
0.75
 40
0.875
 40
0.875
 40
0.875
 40
1.0
 40
1.0
 40
1.0
 40
1.0
 10
14.39445
 20
-6.12266
 30
0.0
 10
14.39445
 20
-6.12266
 30
0.0
 10
14.45092
 20
-6.11913
 30
0.0
 10
14.45092
 20
-6.11913
 30
0.0
 10
14.45092
 20
-6.11913
 30
0.0
 10
14.50739
 20
-6.10148
 30
0.0
 10
14.50739
 20
-6.10148
 30
0.0
 10
14.50739
 20
-6.10148
 30
0.0
 10
14.56033
 20
-6.07325
 30
0.0
 10
14.56033
 20
-6.07325
 30
0.0
 10
14.56033
 20
-6.07325
 30
0.0
 10
14.60621
 20
-6.03796
 30
0.0
 10
14.60621
 20
-6.03796
 30
0.0
 10
14.60621
 20
-6.03796
 30
0.0
 10
14.64149
 20
-5.99208
 30
0.0
 10
14.64149
 20
-5.99208
 30
0.0
 10
14.64149
 20
-5.99208
 30
0.0
 10
14.66973
 20
-5.93914
 30
0.0
 10
14.66973
 20
-5.93914
 30
0.0
 10
14.66973
 20
-5.93914
 30
0.0
 10
14.68738
 20
-5.88268
 30
0.0
 10
14.68738
 20
-5.88268
 30
0.0
 10
14.68738
 20
-5.88268
 30
0.0
 10
14.69443
 20
-5.82269
 30
0.0
 10
14.69443
 20
-5.82269
 30
0.0
  0
SPLINE
  5
217
330
1F
100
AcDbEntity
  8
Camada 1
 62
   251
370
     9
100
AcDbSpline
210
0.0
220
0.0
230
1.0
 70
    24
 71
     3
 72
     8
 73
     4
 74
     0
 42
0.0000000001
 43
0.0000000001
 40
0.0
 40
0.0
 40
0.0
 40
0.0
 40
1.0
 40
1.0
 40
1.0
 40
1.0
 10
4.06821
 20
3.55069
 30
0.0
 10
4.06821
 20
3.55069
 30
0.0
 10
7.87262
 20
3.55069
 30
0.0
 10
7.87262
 20
3.55069
 30
0.0
  0
SPLINE
  5
218
330
1F
100
AcDbEntity
  8
Camada 1
 62
   251
370
     9
100
AcDbSpline
210
0.0
220
0.0
230
1.0
 70
    24
 71
     3
 72
     8
 73
     4
 74
     0
 42
0.0000000001
 43
0.0000000001
 40
0.0
 40
0.0
 40
0.0
 40
0.0
 40
1.0
 40
1.0
 40
1.0
 40
1.0
 10
4.06821
 20
3.55422
 30
0.0
 10
4.06821
 20
3.55422
 30
0.0
 10
4.06821
 20
3.55069
 30
0.0
 10
4.06821
 20
3.55069
 30
0.0
  0
SPLINE
  5
219
330
1F
100
AcDbEntity
  8
Camada 1
 62
   251
370
     9
100
AcDbSpline
210
0.0
220
0.0
230
1.0
 70
    24
 71
     3
 72
     8
 73
     4
 74
     0
 42
0.0000000001
 43
0.0000000001
 40
0.0
 40
0.0
 40
0.0
 40
0.0
 40
1.0
 40
1.0
 40
1.0
 40
1.0
 10
14.69443
 20
-5.82269
 30
0.0
 10
14.69443
 20
-5.82269
 30
0.0
 10
14.69443
 20
5.81992
 30
0.0
 10
14.69443
 20
5.81992
 30
0.0
  0
SPLINE
  5
21A
330
1F
100
AcDbEntity
  8
Camada 1
 62
   251
370
     9
100
AcDbSpline
210
0.0
220
0.0
230
1.0
 70
     8
 71
     3
 72
    20
 73
    16
 74
     0
 42
0.0000000001
 43
0.0000000001
 40
0.0
 40
0.0
 40
0.0
 40
0.0
 40
0.2
 40
0.2
 40
0.2
 40
0.4
 40
0.4
 40
0.4
 40
0.6000000000000001
 40
0.6000000000000001
 40
0.6000000000000001
 40
0.8
 40
0.8
 40
0.8
 40
1.0
 40
1.0
 40
1.0
 40
1.0
 10
4.06821
 20
3.55069
 30
0.0
 10
4.06821
 20
3.55069
 30
0.0
 10
4.06821
 20
3.55069
 30
0.0
 10
4.06821
 20
3.55069
 30
0.0
 10
4.06821
 20
3.55069
 30
0.0
 10
4.06468
 20
3.54716
 30
0.0
 10
4.06468
 20
3.54716
 30
0.0
 10
4.06468
 20
3.54716
 30
0.0
 10
4.06116
 20
3.54716
 30
0.0
 10
4.06116
 20
3.54716
 30
0.0
 10
4.06116
 20
3.54716
 30
0.0
 10
4.06116
 20
3.54364
 30
0.0
 10
4.06116
 20
3.54364
 30
0.0
 10
4.06116
 20
3.54364
 30
0.0
 10
4.06116
 20
3.54011
 30
0.0
 10
4.06116
 20
3.54011
 30
0.0
  0
SPLINE
  5
21B
330
1F
100
AcDbEntity
  8
Camada 1
 62
   251
370
     9
100
AcDbSpline
210
0.0
220
0.0
230
1.0
 70
    24
 71
     3
 72
     8
 73
     4
 74
     0
 42
0.0000000001
 43
0.0000000001
 40
0.0
 40
0.0
 40
0.0
 40
0.0
 40
1.0
 40
1.0
 40
1.0
 40
1.0
 10
7.87967
 20
3.54011
 30
0.0
 10
7.87967
 20
3.54011
 30
0.0
 10
7.87967
 20
-3.54286
 30
0.0
 10
7.87967
 20
-3.54286
 30
0.0
  0
SPLINE
  5
21C
330
1F
100
AcDbEntity
  8
Camada 1
 62
   251
370
     9
100
AcDbSpline
210
0.0
220
0.0
230
1.0
 70
     8
 71
     3
 72
    29
 73
    25
 74
     0
 42
0.0000000001
 43
0.0000000001
 40
0.0
 40
0.0
 40
0.0
 40
0.0
 40
0.125
 40
0.125
 40
0.125
 40
0.25
 40
0.25
 40
0.25
 40
0.375
 40
0.375
 40
0.375
 40
0.5
 40
0.5
 40
0.5
 40
0.625
 40
0.625
 40
0.625
 40
0.75
 40
0.75
 40
0.75
 40
0.875
 40
0.875
 40
0.875
 40
1.0
 40
1.0
 40
1.0
 40
1.0
 10
2.0072
 20
6.1199
 30
0.0
 10
2.0072
 20
6.1199
 30
0.0
 10
1.95074
 20
6.11285
 30
0.0
 10
1.95074
 20
6.11285
 30
0.0
 10
1.95074
 20
6.11285
 30
0.0
 10
1.89426
 20
6.09873
 30
0.0
 10
1.89426
 20
6.09873
 30
0.0
 10
1.89426
 20
6.09873
 30
0.0
 10
1.84132
 20
6.07049
 30
0.0
 10
1.84132
 20
6.07049
 30
0.0
 10
1.84132
 20
6.07049
 30
0.0
 10
1.79545
 20
6.03167
 30
0.0
 10
1.79545
 20
6.03167
 30
0.0
 10
1.79545
 20
6.03167
 30
0.0
 10
1.76016
 20
5.9858
 30
0.0
 10
1.76016
 20
5.9858
 30
0.0
 10
1.76016
 20
5.9858
 30
0.0
 10
1.73192
 20
5.93639
 30
0.0
 10
1.73192
 20
5.93639
 30
0.0
 10
1.73192
 20
5.93639
 30
0.0
 10
1.71427
 20
5.87992
 30
0.0
 10
1.71427
 20
5.87992
 30
0.0
 10
1.71427
 20
5.87992
 30
0.0
 10
1.71075
 20
5.81992
 30
0.0
 10
1.71075
 20
5.81992
 30
0.0
  0
SPLINE
  5
21D
330
1F
100
AcDbEntity
  8
Camada 1
 62
   251
370
     9
100
AcDbSpline
210
0.0
220
0.0
230
1.0
 70
    24
 71
     3
 72
     8
 73
     4
 74
     0
 42
0.0000000001
 43
0.0000000001
 40
0.0
 40
0.0
 40
0.0
 40
0.0
 40
1.0
 40
1.0
 40
1.0
 40
1.0
 10
7.87262
 20
-3.55345
 30
0.0
 10
7.87262
 20
-3.55345
 30
0.0
 10
4.06821
 20
-3.55345
 30
0.0
 10
4.06821
 20
-3.55345
 30
0.0
  0
SPLINE
  5
21E
330
1F
100
AcDbEntity
  8
Camada 1
 62
   251
370
     9
100
AcDbSpline
210
0.0
220
0.0
230
1.0
 70
    24
 71
     3
 72
     8
 73
     4
 74
     0
 42
0.0000000001
 43
0.0000000001
 40
0.0
 40
0.0
 40
0.0
 40
0.0
 40
1.0
 40
1.0
 40
1.0
 40
1.0
 10
7.82674
 20
1.1897
 30
0.0
 10
7.82674
 20
1.1897
 30
0.0
 10
7.82321
 20
1.19676
 30
0.0
 10
7.82321
 20
1.19676
 30
0.0
  0
SPLINE
  5
21F
330
1F
100
AcDbEntity
  8
Camada 1
 62
   251
370
     9
100
AcDbSpline
210
0.0
220
0.0
230
1.0
 70
    24
 71
     3
 72
     8
 73
     4
 74
     0
 42
0.0000000001
 43
0.0000000001
 40
0.0
 40
0.0
 40
0.0
 40
0.0
 40
1.0
 40
1.0
 40
1.0
 40
1.0
 10
4.11409
 20
1.1897
 30
0.0
 10
4.11409
 20
1.1897
 30
0.0
 10
7.82674
 20
1.1897
 30
0.0
 10
7.82674
 20
1.1897
 30
0.0
  0
SPLINE
  5
220
330
1F
100
AcDbEntity
  8
Camada 1
 62
   251
370
     9
100
AcDbSpline
210
0.0
220
0.0
230
1.0
 70
    24
 71
     3
 72
     8
 73
     4
 74
     0
 42
0.0000000001
 43
0.0000000001
 40
0.0
 40
0.0
 40
0.0
 40
0.0
 40
1.0
 40
1.0
 40
1.0
 40
1.0
 10
4.11762
 20
1.19676
 30
0.0
 10
4.11762
 20
1.19676
 30
0.0
 10
4.11409
 20
1.1897
 30
0.0
 10
4.11409
 20
1.1897
 30
0.0
  0
SPLINE
  5
221
330
1F
100
AcDbEntity
  8
Camada 1
 62
   251
370
     9
100
AcDbSpline
210
0.0
220
0.0
230
1.0
 70
     8
 71
     3
 72
    35
 73
    31
 74
     0
 42
0.0000000001
 43
0.0000000001
 40
0.0
 40
0.0
 40
0.0
 40
0.0
 40
0.1
 40
0.1
 40
0.1
 40
0.2
 40
0.2
 40
0.2
 40
0.3
 40
0.3
 40
0.3
 40
0.4
 40
0.4
 40
0.4
 40
0.5
 40
0.5
 40
0.5
 40
0.6000000000000001
 40
0.6000000000000001
 40
0.6000000000000001
 40
0.7000000000000001
 40
0.7000000000000001
 40
0.7000000000000001
 40
0.8
 40
0.8
 40
0.8
 40
0.9
 40
0.9
 40
0.9
 40
1.0
 40
1.0
 40
1.0
 40
1.0
 10
4.11762
 20
2.31903
 30
0.0
 10
4.11762
 20
2.31903
 30
0.0
 10
4.1282
 20
2.28373
 30
0.0
 10
4.1282
 20
2.28373
 30
0.0
 10
4.1282
 20
2.28373
 30
0.0
 10
4.1388
 20
2.24138
 30
0.0
 10
4.1388
 20
2.24138
 30
0.0
 10
4.1388
 20
2.24138
 30
0.0
 10
4.15291
 20
2.14257
 30
0.0
 10
4.15291
 20
2.14257
 30
0.0
 10
4.15291
 20
2.14257
 30
0.0
 10
4.1635
 20
2.04022
 30
0.0
 10
4.1635
 20
2.04022
 30
0.0
 10
4.1635
 20
2.04022
 30
0.0
 10
4.17409
 20
1.85671
 30
0.0
 10
4.17409
 20
1.85671
 30
0.0
 10
4.17409
 20
1.85671
 30
0.0
 10
4.17409
 20
1.66967
 30
0.0
 10
4.17409
 20
1.66967
 30
0.0
 10
4.17409
 20
1.66967
 30
0.0
 10
4.1635
 20
1.48615
 30
0.0
 10
4.1635
 20
1.48615
 30
0.0
 10
4.1635
 20
1.48615
 30
0.0
 10
4.14938
 20
1.33792
 30
0.0
 10
4.14938
 20
1.33792
 30
0.0
 10
4.14938
 20
1.33792
 30
0.0
 10
4.13173
 20
1.24264
 30
0.0
 10
4.13173
 20
1.24264
 30
0.0
 10
4.13173
 20
1.24264
 30
0.0
 10
4.11762
 20
1.19676
 30
0.0
 10
4.11762
 20
1.19676
 30
0.0
  0
SPLINE
  5
222
330
1F
100
AcDbEntity
  8
Camada 1
 62
   251
370
     9
100
AcDbSpline
210
0.0
220
0.0
230
1.0
 70
    24
 71
     3
 72
     8
 73
     4
 74
     0
 42
0.0000000001
 43
0.0000000001
 40
0.0
 40
0.0
 40
0.0
 40
0.0
 40
1.0
 40
1.0
 40
1.0
 40
1.0
 10
4.11409
 20
2.32961
 30
0.0
 10
4.11409
 20
2.32961
 30
0.0
 10
4.11762
 20
2.31903
 30
0.0
 10
4.11762
 20
2.31903
 30
0.0
  0
SPLINE
  5
223
330
1F
100
AcDbEntity
  8
Camada 1
 62
   251
370
     9
100
AcDbSpline
210
0.0
220
0.0
230
1.0
 70
    24
 71
     3
 72
     8
 73
     4
 74
     0
 42
0.0000000001
 43
0.0000000001
 40
0.0
 40
0.0
 40
0.0
 40
0.0
 40
1.0
 40
1.0
 40
1.0
 40
1.0
 10
7.82674
 20
2.32961
 30
0.0
 10
7.82674
 20
2.32961
 30
0.0
 10
4.11409
 20
2.32961
 30
0.0
 10
4.11409
 20
2.32961
 30
0.0
  0
SPLINE
  5
224
330
1F
100
AcDbEntity
  8
Camada 1
 62
   251
370
     9
100
AcDbSpline
210
0.0
220
0.0
230
1.0
 70
    24
 71
     3
 72
     8
 73
     4
 74
     0
 42
0.0000000001
 43
0.0000000001
 40
0.0
 40
0.0
 40
0.0
 40
0.0
 40
1.0
 40
1.0
 40
1.0
 40
1.0
 10
7.82321
 20
2.31903
 30
0.0
 10
7.82321
 20
2.31903
 30
0.0
 10
7.82674
 20
2.32961
 30
0.0
 10
7.82674
 20
2.32961
 30
0.0
  0
SPLINE
  5
225
330
1F
100
AcDbEntity
  8
Camada 1
 62
   251
370
     9
100
AcDbSpline
210
0.0
220
0.0
230
1.0
 70
     8
 71
     3
 72
    35
 73
    31
 74
     0
 42
0.0000000001
 43
0.0000000001
 40
0.0
 40
0.0
 40
0.0
 40
0.0
 40
0.1
 40
0.1
 40
0.1
 40
0.2
 40
0.2
 40
0.2
 40
0.3
 40
0.3
 40
0.3
 40
0.4
 40
0.4
 40
0.4
 40
0.5
 40
0.5
 40
0.5
 40
0.6000000000000001
 40
0.6000000000000001
 40
0.6000000000000001
 40
0.7000000000000001
 40
0.7000000000000001
 40
0.7000000000000001
 40
0.8
 40
0.8
 40
0.8
 40
0.9
 40
0.9
 40
0.9
 40
1.0
 40
1.0
 40
1.0
 40
1.0
 10
7.82321
 20
1.19676
 30
0.0
 10
7.82321
 20
1.19676
 30
0.0
 10
7.81262
 20
1.23205
 30
0.0
 10
7.81262
 20
1.23205
 30
0.0
 10
7.81262
 20
1.23205
 30
0.0
 10
7.80203
 20
1.2744
 30
0.0
 10
7.80203
 20
1.2744
 30
0.0
 10
7.80203
 20
1.2744
 30
0.0
 10
7.78792
 20
1.37322
 30
0.0
 10
7.78792
 20
1.37322
 30
0.0
 10
7.78792
 20
1.37322
 30
0.0
 10
7.77733
 20
1.4791
 30
0.0
 10
7.77733
 20
1.4791
 30
0.0
 10
7.77733
 20
1.4791
 30
0.0
 10
7.76674
 20
1.66261
 30
0.0
 10
7.76674
 20
1.66261
 30
0.0
 10
7.76674
 20
1.66261
 30
0.0
 10
7.76674
 20
1.84965
 30
0.0
 10
7.76674
 20
1.84965
 30
0.0
 10
7.76674
 20
1.84965
 30
0.0
 10
7.77733
 20
2.03317
 30
0.0
 10
7.77733
 20
2.03317
 30
0.0
 10
7.77733
 20
2.03317
 30
0.0
 10
7.79145
 20
2.18139
 30
0.0
 10
7.79145
 20
2.18139
 30
0.0
 10
7.79145
 20
2.18139
 30
0.0
 10
7.8091
 20
2.27315
 30
0.0
 10
7.8091
 20
2.27315
 30
0.0
 10
7.8091
 20
2.27315
 30
0.0
 10
7.82321
 20
2.31903
 30
0.0
 10
7.82321
 20
2.31903
 30
0.0
  0
SPLINE
  5
226
330
1F
100
AcDbEntity
  8
Camada 1
 62
   251
370
     9
100
AcDbSpline
210
0.0
220
0.0
230
1.0
 70
     8
 71
     3
 72
    29
 73
    25
 74
     0
 42
0.0000000001
 43
0.0000000001
 40
0.0
 40
0.0
 40
0.0
 40
0.0
 40
0.125
 40
0.125
 40
0.125
 40
0.25
 40
0.25
 40
0.25
 40
0.375
 40
0.375
 40
0.375
 40
0.5
 40
0.5
 40
0.5
 40
0.625
 40
0.625
 40
0.625
 40
0.75
 40
0.75
 40
0.75
 40
0.875
 40
0.875
 40
0.875
 40
1.0
 40
1.0
 40
1.0
 40
1.0
 10
4.11762
 20
1.19676
 30
0.0
 10
4.11762
 20
1.19676
 30
0.0
 10
4.11057
 20
1.20029
 30
0.0
 10
4.11057
 20
1.20029
 30
0.0
 10
4.11057
 20
1.20029
 30
0.0
 10
4.10703
 20
1.20029
 30
0.0
 10
4.10703
 20
1.20029
 30
0.0
 10
4.10703
 20
1.20029
 30
0.0
 10
4.1035
 20
1.20382
 30
0.0
 10
4.1035
 20
1.20382
 30
0.0
 10
4.1035
 20
1.20382
 30
0.0
 10
4.09997
 20
1.20735
 30
0.0
 10
4.09997
 20
1.20735
 30
0.0
 10
4.09997
 20
1.20735
 30
0.0
 10
4.09644
 20
1.20735
 30
0.0
 10
4.09644
 20
1.20735
 30
0.0
 10
4.09644
 20
1.20735
 30
0.0
 10
4.09292
 20
1.21087
 30
0.0
 10
4.09292
 20
1.21087
 30
0.0
 10
4.09292
 20
1.21087
 30
0.0
 10
4.08939
 20
1.2144
 30
0.0
 10
4.08939
 20
1.2144
 30
0.0
 10
4.08939
 20
1.2144
 30
0.0
 10
4.08939
 20
1.21794
 30
0.0
 10
4.08939
 20
1.21794
 30
0.0
  0
SPLINE
  5
227
330
1F
100
AcDbEntity
  8
Camada 1
 62
   251
370
     9
100
AcDbSpline
210
0.0
220
0.0
230
1.0
 70
     8
 71
     3
 72
    32
 73
    28
 74
     0
 42
0.0000000001
 43
0.0000000001
 40
0.0
 40
0.0
 40
0.0
 40
0.0
 40
0.1111111111111111
 40
0.1111111111111111
 40
0.1111111111111111
 40
0.2222222222222222
 40
0.2222222222222222
 40
0.2222222222222222
 40
0.3333333333333333
 40
0.3333333333333333
 40
0.3333333333333333
 40
0.4444444444444444
 40
0.4444444444444444
 40
0.4444444444444444
 40
0.5555555555555556
 40
0.5555555555555556
 40
0.5555555555555556
 40
0.6666666666666666
 40
0.6666666666666666
 40
0.6666666666666666
 40
0.7777777777777777
 40
0.7777777777777777
 40
0.7777777777777777
 40
0.8888888888888888
 40
0.8888888888888888
 40
0.8888888888888888
 40
1.0
 40
1.0
 40
1.0
 40
1.0
 10
4.08939
 20
1.21794
 30
0.0
 10
4.08939
 20
1.21794
 30
0.0
 10
4.1035
 20
1.26028
 30
0.0
 10
4.1035
 20
1.26028
 30
0.0
 10
4.1035
 20
1.26028
 30
0.0
 10
4.12115
 20
1.34852
 30
0.0
 10
4.12115
 20
1.34852
 30
0.0
 10
4.12115
 20
1.34852
 30
0.0
 10
4.1388
 20
1.48968
 30
0.0
 10
4.1388
 20
1.48968
 30
0.0
 10
4.1388
 20
1.48968
 30
0.0
 10
4.14585
 20
1.66967
 30
0.0
 10
4.14585
 20
1.66967
 30
0.0
 10
4.14585
 20
1.66967
 30
0.0
 10
4.14585
 20
1.85318
 30
0.0
 10
4.14585
 20
1.85318
 30
0.0
 10
4.14585
 20
1.85318
 30
0.0
 10
4.13526
 20
2.03317
 30
0.0
 10
4.13526
 20
2.03317
 30
0.0
 10
4.13526
 20
2.03317
 30
0.0
 10
4.1282
 20
2.13551
 30
0.0
 10
4.1282
 20
2.13551
 30
0.0
 10
4.1282
 20
2.13551
 30
0.0
 10
4.11057
 20
2.23079
 30
0.0
 10
4.11057
 20
2.23079
 30
0.0
 10
4.11057
 20
2.23079
 30
0.0
 10
4.08939
 20
2.29785
 30
0.0
 10
4.08939
 20
2.29785
 30
0.0
  0
SPLINE
  5
228
330
1F
100
AcDbEntity
  8
Camada 1
 62
   251
370
     9
100
AcDbSpline
210
0.0
220
0.0
230
1.0
 70
     8
 71
     3
 72
    29
 73
    25
 74
     0
 42
0.0000000001
 43
0.0000000001
 40
0.0
 40
0.0
 40
0.0
 40
0.0
 40
0.125
 40
0.125
 40
0.125
 40
0.25
 40
0.25
 40
0.25
 40
0.375
 40
0.375
 40
0.375
 40
0.5
 40
0.5
 40
0.5
 40
0.625
 40
0.625
 40
0.625
 40
0.75
 40
0.75
 40
0.75
 40
0.875
 40
0.875
 40
0.875
 40
1.0
 40
1.0
 40
1.0
 40
1.0
 10
4.11762
 20
2.31903
 30
0.0
 10
4.11762
 20
2.31903
 30
0.0
 10
4.11057
 20
2.31903
 30
0.0
 10
4.11057
 20
2.31903
 30
0.0
 10
4.11057
 20
2.31903
 30
0.0
 10
4.10703
 20
2.3155
 30
0.0
 10
4.10703
 20
2.3155
 30
0.0
 10
4.10703
 20
2.3155
 30
0.0
 10
4.1035
 20
2.3155
 30
0.0
 10
4.1035
 20
2.3155
 30
0.0
 10
4.1035
 20
2.3155
 30
0.0
 10
4.09997
 20
2.31197
 30
0.0
 10
4.09997
 20
2.31197
 30
0.0
 10
4.09997
 20
2.31197
 30
0.0
 10
4.09644
 20
2.30843
 30
0.0
 10
4.09644
 20
2.30843
 30
0.0
 10
4.09644
 20
2.30843
 30
0.0
 10
4.09292
 20
2.30491
 30
0.0
 10
4.09292
 20
2.30491
 30
0.0
 10
4.09292
 20
2.30491
 30
0.0
 10
4.08939
 20
2.30138
 30
0.0
 10
4.08939
 20
2.30138
 30
0.0
 10
4.08939
 20
2.30138
 30
0.0
 10
4.08939
 20
2.29785
 30
0.0
 10
4.08939
 20
2.29785
 30
0.0
  0
SPLINE
  5
229
330
1F
100
AcDbEntity
  8
Camada 1
 62
   251
370
     9
100
AcDbSpline
210
0.0
220
0.0
230
1.0
 70
     8
 71
     3
 72
    29
 73
    25
 74
     0
 42
0.0000000001
 43
0.0000000001
 40
0.0
 40
0.0
 40
0.0
 40
0.0
 40
0.125
 40
0.125
 40
0.125
 40
0.25
 40
0.25
 40
0.25
 40
0.375
 40
0.375
 40
0.375
 40
0.5
 40
0.5
 40
0.5
 40
0.625
 40
0.625
 40
0.625
 40
0.75
 40
0.75
 40
0.75
 40
0.875
 40
0.875
 40
0.875
 40
1.0
 40
1.0
 40
1.0
 40
1.0
 10
7.82321
 20
2.31903
 30
0.0
 10
7.82321
 20
2.31903
 30
0.0
 10
7.83026
 20
2.31903
 30
0.0
 10
7.83026
 20
2.31903
 30
0.0
 10
7.83026
 20
2.31903
 30
0.0
 10
7.83379
 20
2.3155
 30
0.0
 10
7.83379
 20
2.3155
 30
0.0
 10
7.83379
 20
2.3155
 30
0.0
 10
7.83733
 20
2.3155
 30
0.0
 10
7.83733
 20
2.3155
 30
0.0
 10
7.83733
 20
2.3155
 30
0.0
 10
7.84086
 20
2.31197
 30
0.0
 10
7.84086
 20
2.31197
 30
0.0
 10
7.84086
 20
2.31197
 30
0.0
 10
7.84438
 20
2.30843
 30
0.0
 10
7.84438
 20
2.30843
 30
0.0
 10
7.84438
 20
2.30843
 30
0.0
 10
7.84791
 20
2.30491
 30
0.0
 10
7.84791
 20
2.30491
 30
0.0
 10
7.84791
 20
2.30491
 30
0.0
 10
7.85144
 20
2.30138
 30
0.0
 10
7.85144
 20
2.30138
 30
0.0
 10
7.85144
 20
2.30138
 30
0.0
 10
7.85144
 20
2.29785
 30
0.0
 10
7.85144
 20
2.29785
 30
0.0
  0
SPLINE
  5
22A
330
1F
100
AcDbEntity
  8
Camada 1
 62
   251
370
     9
100
AcDbSpline
210
0.0
220
0.0
230
1.0
 70
     8
 71
     3
 72
    32
 73
    28
 74
     0
 42
0.0000000001
 43
0.0000000001
 40
0.0
 40
0.0
 40
0.0
 40
0.0
 40
0.1111111111111111
 40
0.1111111111111111
 40
0.1111111111111111
 40
0.2222222222222222
 40
0.2222222222222222
 40
0.2222222222222222
 40
0.3333333333333333
 40
0.3333333333333333
 40
0.3333333333333333
 40
0.4444444444444444
 40
0.4444444444444444
 40
0.4444444444444444
 40
0.5555555555555556
 40
0.5555555555555556
 40
0.5555555555555556
 40
0.6666666666666666
 40
0.6666666666666666
 40
0.6666666666666666
 40
0.7777777777777777
 40
0.7777777777777777
 40
0.7777777777777777
 40
0.8888888888888888
 40
0.8888888888888888
 40
0.8888888888888888
 40
1.0
 40
1.0
 40
1.0
 40
1.0
 10
7.85144
 20
2.29785
 30
0.0
 10
7.85144
 20
2.29785
 30
0.0
 10
7.83733
 20
2.25903
 30
0.0
 10
7.83733
 20
2.25903
 30
0.0
 10
7.83733
 20
2.25903
 30
0.0
 10
7.81968
 20
2.1708
 30
0.0
 10
7.81968
 20
2.1708
 30
0.0
 10
7.81968
 20
2.1708
 30
0.0
 10
7.80203
 20
2.02611
 30
0.0
 10
7.80203
 20
2.02611
 30
0.0
 10
7.80203
 20
2.02611
 30
0.0
 10
7.79498
 20
1.84612
 30
0.0
 10
7.79498
 20
1.84612
 30
0.0
 10
7.79498
 20
1.84612
 30
0.0
 10
7.79498
 20
1.66261
 30
0.0
 10
7.79498
 20
1.66261
 30
0.0
 10
7.79498
 20
1.66261
 30
0.0
 10
7.80556
 20
1.48262
 30
0.0
 10
7.80556
 20
1.48262
 30
0.0
 10
7.80556
 20
1.48262
 30
0.0
 10
7.81262
 20
1.3838
 30
0.0
 10
7.81262
 20
1.3838
 30
0.0
 10
7.81262
 20
1.3838
 30
0.0
 10
7.83026
 20
1.28851
 30
0.0
 10
7.83026
 20
1.28851
 30
0.0
 10
7.83026
 20
1.28851
 30
0.0
 10
7.85144
 20
1.21794
 30
0.0
 10
7.85144
 20
1.21794
 30
0.0
  0
SPLINE
  5
22B
330
1F
100
AcDbEntity
  8
Camada 1
 62
   251
370
     9
100
AcDbSpline
210
0.0
220
0.0
230
1.0
 70
     8
 71
     3
 72
    29
 73
    25
 74
     0
 42
0.0000000001
 43
0.0000000001
 40
0.0
 40
0.0
 40
0.0
 40
0.0
 40
0.125
 40
0.125
 40
0.125
 40
0.25
 40
0.25
 40
0.25
 40
0.375
 40
0.375
 40
0.375
 40
0.5
 40
0.5
 40
0.5
 40
0.625
 40
0.625
 40
0.625
 40
0.75
 40
0.75
 40
0.75
 40
0.875
 40
0.875
 40
0.875
 40
1.0
 40
1.0
 40
1.0
 40
1.0
 10
7.82321
 20
1.19676
 30
0.0
 10
7.82321
 20
1.19676
 30
0.0
 10
7.83026
 20
1.20029
 30
0.0
 10
7.83026
 20
1.20029
 30
0.0
 10
7.83026
 20
1.20029
 30
0.0
 10
7.83379
 20
1.20029
 30
0.0
 10
7.83379
 20
1.20029
 30
0.0
 10
7.83379
 20
1.20029
 30
0.0
 10
7.83733
 20
1.20382
 30
0.0
 10
7.83733
 20
1.20382
 30
0.0
 10
7.83733
 20
1.20382
 30
0.0
 10
7.84086
 20
1.20735
 30
0.0
 10
7.84086
 20
1.20735
 30
0.0
 10
7.84086
 20
1.20735
 30
0.0
 10
7.84438
 20
1.20735
 30
0.0
 10
7.84438
 20
1.20735
 30
0.0
 10
7.84438
 20
1.20735
 30
0.0
 10
7.84791
 20
1.21087
 30
0.0
 10
7.84791
 20
1.21087
 30
0.0
 10
7.84791
 20
1.21087
 30
0.0
 10
7.85144
 20
1.2144
 30
0.0
 10
7.85144
 20
1.2144
 30
0.0
 10
7.85144
 20
1.2144
 30
0.0
 10
7.85144
 20
1.21794
 30
0.0
 10
7.85144
 20
1.21794
 30
0.0
  0
SPLINE
  5
22C
330
1F
100
AcDbEntity
  8
Camada 1
 62
   251
370
     9
100
AcDbSpline
210
0.0
220
0.0
230
1.0
 70
    24
 71
     3
 72
     8
 73
     4
 74
     0
 42
0.0000000001
 43
0.0000000001
 40
0.0
 40
0.0
 40
0.0
 40
0.0
 40
1.0
 40
1.0
 40
1.0
 40
1.0
 10
4.08939
 20
2.29785
 30
0.0
 10
4.08939
 20
2.29785
 30
0.0
 10
4.08939
 20
1.21794
 30
0.0
 10
4.08939
 20
1.21794
 30
0.0
  0
SPLINE
  5
22D
330
1F
100
AcDbEntity
  8
Camada 1
 62
   251
370
     9
100
AcDbSpline
210
0.0
220
0.0
230
1.0
 70
    24
 71
     3
 72
     8
 73
     4
 74
     0
 42
0.0000000001
 43
0.0000000001
 40
0.0
 40
0.0
 40
0.0
 40
0.0
 40
1.0
 40
1.0
 40
1.0
 40
1.0
 10
7.85144
 20
1.21794
 30
0.0
 10
7.85144
 20
1.21794
 30
0.0
 10
7.85144
 20
2.29785
 30
0.0
 10
7.85144
 20
2.29785
 30
0.0
  0
SPLINE
  5
22E
330
1F
100
AcDbEntity
  8
Camada 1
 62
   251
370
     9
100
AcDbSpline
210
0.0
220
0.0
230
1.0
 70
    24
 71
     3
 72
     8
 73
     4
 74
     0
 42
0.0000000001
 43
0.0000000001
 40
0.0
 40
0.0
 40
0.0
 40
0.0
 40
1.0
 40
1.0
 40
1.0
 40
1.0
 10
7.85497
 20
2.30491
 30
0.0
 10
7.85497
 20
2.30491
 30
0.0
 10
7.85144
 20
2.29785
 30
0.0
 10
7.85144
 20
2.29785
 30
0.0
  0
SPLINE
  5
22F
330
1F
100
AcDbEntity
  8
Camada 1
 62
   251
370
     9
100
AcDbSpline
210
0.0
220
0.0
230
1.0
 70
     8
 71
     3
 72
    29
 73
    25
 74
     0
 42
0.0000000001
 43
0.0000000001
 40
0.0
 40
0.0
 40
0.0
 40
0.0
 40
0.125
 40
0.125
 40
0.125
 40
0.25
 40
0.25
 40
0.25
 40
0.375
 40
0.375
 40
0.375
 40
0.5
 40
0.5
 40
0.5
 40
0.625
 40
0.625
 40
0.625
 40
0.75
 40
0.75
 40
0.75
 40
0.875
 40
0.875
 40
0.875
 40
1.0
 40
1.0
 40
1.0
 40
1.0
 10
7.82674
 20
2.32961
 30
0.0
 10
7.82674
 20
2.32961
 30
0.0
 10
7.83379
 20
2.32608
 30
0.0
 10
7.83379
 20
2.32608
 30
0.0
 10
7.83379
 20
2.32608
 30
0.0
 10
7.83733
 20
2.32608
 30
0.0
 10
7.83733
 20
2.32608
 30
0.0
 10
7.83733
 20
2.32608
 30
0.0
 10
7.84438
 20
2.32255
 30
0.0
 10
7.84438
 20
2.32255
 30
0.0
 10
7.84438
 20
2.32255
 30
0.0
 10
7.84791
 20
2.31903
 30
0.0
 10
7.84791
 20
2.31903
 30
0.0
 10
7.84791
 20
2.31903
 30
0.0
 10
7.85144
 20
2.3155
 30
0.0
 10
7.85144
 20
2.3155
 30
0.0
 10
7.85144
 20
2.3155
 30
0.0
 10
7.85497
 20
2.31197
 30
0.0
 10
7.85497
 20
2.31197
 30
0.0
 10
7.85497
 20
2.31197
 30
0.0
 10
7.85497
 20
2.30843
 30
0.0
 10
7.85497
 20
2.30843
 30
0.0
 10
7.85497
 20
2.30843
 30
0.0
 10
7.85497
 20
2.30491
 30
0.0
 10
7.85497
 20
2.30491
 30
0.0
  0
SPLINE
  5
230
330
1F
100
AcDbEntity
  8
Camada 1
 62
   251
370
     9
100
AcDbSpline
210
0.0
220
0.0
230
1.0
 70
    24
 71
     3
 72
     8
 73
     4
 74
     0
 42
0.0000000001
 43
0.0000000001
 40
0.0
 40
0.0
 40
0.0
 40
0.0
 40
1.0
 40
1.0
 40
1.0
 40
1.0
 10
7.85144
 20
1.21794
 30
0.0
 10
7.85144
 20
1.21794
 30
0.0
 10
7.85497
 20
1.2144
 30
0.0
 10
7.85497
 20
1.2144
 30
0.0
  0
SPLINE
  5
231
330
1F
100
AcDbEntity
  8
Camada 1
 62
   251
370
     9
100
AcDbSpline
210
0.0
220
0.0
230
1.0
 70
     8
 71
     3
 72
    29
 73
    25
 74
     0
 42
0.0000000001
 43
0.0000000001
 40
0.0
 40
0.0
 40
0.0
 40
0.0
 40
0.125
 40
0.125
 40
0.125
 40
0.25
 40
0.25
 40
0.25
 40
0.375
 40
0.375
 40
0.375
 40
0.5
 40
0.5
 40
0.5
 40
0.625
 40
0.625
 40
0.625
 40
0.75
 40
0.75
 40
0.75
 40
0.875
 40
0.875
 40
0.875
 40
1.0
 40
1.0
 40
1.0
 40
1.0
 10
7.82674
 20
1.1897
 30
0.0
 10
7.82674
 20
1.1897
 30
0.0
 10
7.83379
 20
1.1897
 30
0.0
 10
7.83379
 20
1.1897
 30
0.0
 10
7.83379
 20
1.1897
 30
0.0
 10
7.83733
 20
1.19324
 30
0.0
 10
7.83733
 20
1.19324
 30
0.0
 10
7.83733
 20
1.19324
 30
0.0
 10
7.84438
 20
1.19324
 30
0.0
 10
7.84438
 20
1.19324
 30
0.0
 10
7.84438
 20
1.19324
 30
0.0
 10
7.84791
 20
1.19676
 30
0.0
 10
7.84791
 20
1.19676
 30
0.0
 10
7.84791
 20
1.19676
 30
0.0
 10
7.85144
 20
1.20029
 30
0.0
 10
7.85144
 20
1.20029
 30
0.0
 10
7.85144
 20
1.20029
 30
0.0
 10
7.85497
 20
1.20382
 30
0.0
 10
7.85497
 20
1.20382
 30
0.0
 10
7.85497
 20
1.20382
 30
0.0
 10
7.85497
 20
1.20735
 30
0.0
 10
7.85497
 20
1.20735
 30
0.0
 10
7.85497
 20
1.20735
 30
0.0
 10
7.85497
 20
1.2144
 30
0.0
 10
7.85497
 20
1.2144
 30
0.0
  0
SPLINE
  5
232
330
1F
100
AcDbEntity
  8
Camada 1
 62
   251
370
     9
100
AcDbSpline
210
0.0
220
0.0
230
1.0
 70
    24
 71
     3
 72
     8
 73
     4
 74
     0
 42
0.0000000001
 43
0.0000000001
 40
0.0
 40
0.0
 40
0.0
 40
0.0
 40
1.0
 40
1.0
 40
1.0
 40
1.0
 10
4.08586
 20
1.2144
 30
0.0
 10
4.08586
 20
1.2144
 30
0.0
 10
4.08939
 20
1.21794
 30
0.0
 10
4.08939
 20
1.21794
 30
0.0
  0
SPLINE
  5
233
330
1F
100
AcDbEntity
  8
Camada 1
 62
   251
370
     9
100
AcDbSpline
210
0.0
220
0.0
230
1.0
 70
     8
 71
     3
 72
    29
 73
    25
 74
     0
 42
0.0000000001
 43
0.0000000001
 40
0.0
 40
0.0
 40
0.0
 40
0.0
 40
0.125
 40
0.125
 40
0.125
 40
0.25
 40
0.25
 40
0.25
 40
0.375
 40
0.375
 40
0.375
 40
0.5
 40
0.5
 40
0.5
 40
0.625
 40
0.625
 40
0.625
 40
0.75
 40
0.75
 40
0.75
 40
0.875
 40
0.875
 40
0.875
 40
1.0
 40
1.0
 40
1.0
 40
1.0
 10
4.11409
 20
1.1897
 30
0.0
 10
4.11409
 20
1.1897
 30
0.0
 10
4.11057
 20
1.1897
 30
0.0
 10
4.11057
 20
1.1897
 30
0.0
 10
4.11057
 20
1.1897
 30
0.0
 10
4.1035
 20
1.19324
 30
0.0
 10
4.1035
 20
1.19324
 30
0.0
 10
4.1035
 20
1.19324
 30
0.0
 10
4.09997
 20
1.19324
 30
0.0
 10
4.09997
 20
1.19324
 30
0.0
 10
4.09997
 20
1.19324
 30
0.0
 10
4.09292
 20
1.19676
 30
0.0
 10
4.09292
 20
1.19676
 30
0.0
 10
4.09292
 20
1.19676
 30
0.0
 10
4.08939
 20
1.20029
 30
0.0
 10
4.08939
 20
1.20029
 30
0.0
 10
4.08939
 20
1.20029
 30
0.0
 10
4.08586
 20
1.20382
 30
0.0
 10
4.08586
 20
1.20382
 30
0.0
 10
4.08586
 20
1.20382
 30
0.0
 10
4.08586
 20
1.20735
 30
0.0
 10
4.08586
 20
1.20735
 30
0.0
 10
4.08586
 20
1.20735
 30
0.0
 10
4.08586
 20
1.2144
 30
0.0
 10
4.08586
 20
1.2144
 30
0.0
  0
SPLINE
  5
234
330
1F
100
AcDbEntity
  8
Camada 1
 62
   251
370
     9
100
AcDbSpline
210
0.0
220
0.0
230
1.0
 70
    24
 71
     3
 72
     8
 73
     4
 74
     0
 42
0.0000000001
 43
0.0000000001
 40
0.0
 40
0.0
 40
0.0
 40
0.0
 40
1.0
 40
1.0
 40
1.0
 40
1.0
 10
4.08939
 20
2.29785
 30
0.0
 10
4.08939
 20
2.29785
 30
0.0
 10
4.08586
 20
2.30491
 30
0.0
 10
4.08586
 20
2.30491
 30
0.0
  0
SPLINE
  5
235
330
1F
100
AcDbEntity
  8
Camada 1
 62
   251
370
     9
100
AcDbSpline
210
0.0
220
0.0
230
1.0
 70
     8
 71
     3
 72
    29
 73
    25
 74
     0
 42
0.0000000001
 43
0.0000000001
 40
0.0
 40
0.0
 40
0.0
 40
0.0
 40
0.125
 40
0.125
 40
0.125
 40
0.25
 40
0.25
 40
0.25
 40
0.375
 40
0.375
 40
0.375
 40
0.5
 40
0.5
 40
0.5
 40
0.625
 40
0.625
 40
0.625
 40
0.75
 40
0.75
 40
0.75
 40
0.875
 40
0.875
 40
0.875
 40
1.0
 40
1.0
 40
1.0
 40
1.0
 10
4.11409
 20
2.32961
 30
0.0
 10
4.11409
 20
2.32961
 30
0.0
 10
4.11057
 20
2.32608
 30
0.0
 10
4.11057
 20
2.32608
 30
0.0
 10
4.11057
 20
2.32608
 30
0.0
 10
4.1035
 20
2.32608
 30
0.0
 10
4.1035
 20
2.32608
 30
0.0
 10
4.1035
 20
2.32608
 30
0.0
 10
4.09997
 20
2.32255
 30
0.0
 10
4.09997
 20
2.32255
 30
0.0
 10
4.09997
 20
2.32255
 30
0.0
 10
4.09292
 20
2.31903
 30
0.0
 10
4.09292
 20
2.31903
 30
0.0
 10
4.09292
 20
2.31903
 30
0.0
 10
4.08939
 20
2.3155
 30
0.0
 10
4.08939
 20
2.3155
 30
0.0
 10
4.08939
 20
2.3155
 30
0.0
 10
4.08586
 20
2.31197
 30
0.0
 10
4.08586
 20
2.31197
 30
0.0
 10
4.08586
 20
2.31197
 30
0.0
 10
4.08586
 20
2.30843
 30
0.0
 10
4.08586
 20
2.30843
 30
0.0
 10
4.08586
 20
2.30843
 30
0.0
 10
4.08586
 20
2.30491
 30
0.0
 10
4.08586
 20
2.30491
 30
0.0
  0
SPLINE
  5
238
330
1F
100
AcDbEntity
  8
Camada 1
 62
   251
370
     9
100
AcDbSpline
210
0.0
220
0.0
230
1.0
 70
    24
 71
     3
 72
     8
 73
     4
 74
     0
 42
0.0000000001
 43
0.0000000001
 40
0.0
 40
0.0
 40
0.0
 40
0.0
 40
1.0
 40
1.0
 40
1.0
 40
1.0
 10
7.85497
 20
2.30491
 30
0.0
 10
7.85497
 20
2.30491
 30
0.0
 10
7.85497
 20
1.2144
 30
0.0
 10
7.85497
 20
1.2144
 30
0.0
  0
SPLINE
  5
23B
330
1F
100
AcDbEntity
  8
Camada 1
 62
   251
370
     9
100
AcDbSpline
210
0.0
220
0.0
230
1.0
 70
    24
 71
     3
 72
     8
 73
     4
 74
     0
 42
0.0000000001
 43
0.0000000001
 40
0.0
 40
0.0
 40
0.0
 40
0.0
 40
1.0
 40
1.0
 40
1.0
 40
1.0
 10
4.08586
 20
1.2144
 30
0.0
 10
4.08586
 20
1.2144
 30
0.0
 10
4.08586
 20
2.30491
 30
0.0
 10
4.08586
 20
2.30491
 30
0.0
  0
SPLINE
  5
23C
330
1F
100
AcDbEntity
  8
Camada 1
 62
   251
370
     9
100
AcDbSpline
210
0.0
220
0.0
230
1.0
 70
     8
 71
     3
 72
    29
 73
    25
 74
     0
 42
0.0000000001
 43
0.0000000001
 40
0.0
 40
0.0
 40
0.0
 40
0.0
 40
0.125
 40
0.125
 40
0.125
 40
0.25
 40
0.25
 40
0.25
 40
0.375
 40
0.375
 40
0.375
 40
0.5
 40
0.5
 40
0.5
 40
0.625
 40
0.625
 40
0.625
 40
0.75
 40
0.75
 40
0.75
 40
0.875
 40
0.875
 40
0.875
 40
1.0
 40
1.0
 40
1.0
 40
1.0
 10
7.82674
 20
2.33314
 30
0.0
 10
7.82674
 20
2.33314
 30
0.0
 10
7.83379
 20
2.33314
 30
0.0
 10
7.83379
 20
2.33314
 30
0.0
 10
7.83379
 20
2.33314
 30
0.0
 10
7.83733
 20
2.33314
 30
0.0
 10
7.83733
 20
2.33314
 30
0.0
 10
7.83733
 20
2.33314
 30
0.0
 10
7.84438
 20
2.32961
 30
0.0
 10
7.84438
 20
2.32961
 30
0.0
 10
7.84438
 20
2.32961
 30
0.0
 10
7.84791
 20
2.32608
 30
0.0
 10
7.84791
 20
2.32608
 30
0.0
 10
7.84791
 20
2.32608
 30
0.0
 10
7.85144
 20
2.32255
 30
0.0
 10
7.85144
 20
2.32255
 30
0.0
 10
7.85144
 20
2.32255
 30
0.0
 10
7.85497
 20
2.3155
 30
0.0
 10
7.85497
 20
2.3155
 30
0.0
 10
7.85497
 20
2.3155
 30
0.0
 10
7.85497
 20
2.31197
 30
0.0
 10
7.85497
 20
2.31197
 30
0.0
 10
7.85497
 20
2.31197
 30
0.0
 10
7.85497
 20
2.30491
 30
0.0
 10
7.85497
 20
2.30491
 30
0.0
  0
SPLINE
  5
23D
330
1F
100
AcDbEntity
  8
Camada 1
 62
   251
370
     9
100
AcDbSpline
210
0.0
220
0.0
230
1.0
 70
    24
 71
     3
 72
    11
 73
     7
 74
     0
 42
0.0000000001
 43
0.0000000001
 40
0.0
 40
0.0
 40
0.0
 40
0.0
 40
0.5
 40
0.5
 40
0.5
 40
1.0
 40
1.0
 40
1.0
 40
1.0
 10
7.82674
 20
2.32961
 30
0.0
 10
7.82674
 20
2.32961
 30
0.0
 10
7.82674
 20
2.32961
 30
0.0
 10
7.82674
 20
2.32961
 30
0.0
 10
7.82674
 20
2.32961
 30
0.0
 10
7.82674
 20
2.33314
 30
0.0
 10
7.82674
 20
2.33314
 30
0.0
  0
SPLINE
  5
23E
330
1F
100
AcDbEntity
  8
Camada 1
 62
   251
370
     9
100
AcDbSpline
210
0.0
220
0.0
230
1.0
 70
     8
 71
     3
 72
    29
 73
    25
 74
     0
 42
0.0000000001
 43
0.0000000001
 40
0.0
 40
0.0
 40
0.0
 40
0.0
 40
0.125
 40
0.125
 40
0.125
 40
0.25
 40
0.25
 40
0.25
 40
0.375
 40
0.375
 40
0.375
 40
0.5
 40
0.5
 40
0.5
 40
0.625
 40
0.625
 40
0.625
 40
0.75
 40
0.75
 40
0.75
 40
0.875
 40
0.875
 40
0.875
 40
1.0
 40
1.0
 40
1.0
 40
1.0
 10
4.11409
 20
2.33314
 30
0.0
 10
4.11409
 20
2.33314
 30
0.0
 10
4.10703
 20
2.33314
 30
0.0
 10
4.10703
 20
2.33314
 30
0.0
 10
4.10703
 20
2.33314
 30
0.0
 10
4.1035
 20
2.33314
 30
0.0
 10
4.1035
 20
2.33314
 30
0.0
 10
4.1035
 20
2.33314
 30
0.0
 10
4.09644
 20
2.32961
 30
0.0
 10
4.09644
 20
2.32961
 30
0.0
 10
4.09644
 20
2.32961
 30
0.0
 10
4.09292
 20
2.32608
 30
0.0
 10
4.09292
 20
2.32608
 30
0.0
 10
4.09292
 20
2.32608
 30
0.0
 10
4.08939
 20
2.32255
 30
0.0
 10
4.08939
 20
2.32255
 30
0.0
 10
4.08939
 20
2.32255
 30
0.0
 10
4.08586
 20
2.3155
 30
0.0
 10
4.08586
 20
2.3155
 30
0.0
 10
4.08586
 20
2.3155
 30
0.0
 10
4.08586
 20
2.31197
 30
0.0
 10
4.08586
 20
2.31197
 30
0.0
 10
4.08586
 20
2.31197
 30
0.0
 10
4.08586
 20
2.30491
 30
0.0
 10
4.08586
 20
2.30491
 30
0.0
  0
SPLINE
  5
23F
330
1F
100
AcDbEntity
  8
Camada 1
 62
   251
370
     9
100
AcDbSpline
210
0.0
220
0.0
230
1.0
 70
    24
 71
     3
 72
    11
 73
     7
 74
     0
 42
0.0000000001
 43
0.0000000001
 40
0.0
 40
0.0
 40
0.0
 40
0.0
 40
0.5
 40
0.5
 40
0.5
 40
1.0
 40
1.0
 40
1.0
 40
1.0
 10
4.11409
 20
2.33314
 30
0.0
 10
4.11409
 20
2.33314
 30
0.0
 10
4.11409
 20
2.33314
 30
0.0
 10
4.11409
 20
2.33314
 30
0.0
 10
4.11409
 20
2.33314
 30
0.0
 10
4.11409
 20
2.32961
 30
0.0
 10
4.11409
 20
2.32961
 30
0.0
  0
SPLINE
  5
240
330
1F
100
AcDbEntity
  8
Camada 1
 62
   251
370
     9
100
AcDbSpline
210
0.0
220
0.0
230
1.0
 70
     8
 71
     3
 72
    29
 73
    25
 74
     0
 42
0.0000000001
 43
0.0000000001
 40
0.0
 40
0.0
 40
0.0
 40
0.0
 40
0.125
 40
0.125
 40
0.125
 40
0.25
 40
0.25
 40
0.25
 40
0.375
 40
0.375
 40
0.375
 40
0.5
 40
0.5
 40
0.5
 40
0.625
 40
0.625
 40
0.625
 40
0.75
 40
0.75
 40
0.75
 40
0.875
 40
0.875
 40
0.875
 40
1.0
 40
1.0
 40
1.0
 40
1.0
 10
7.82674
 20
1.18264
 30
0.0
 10
7.82674
 20
1.18264
 30
0.0
 10
7.83379
 20
1.18264
 30
0.0
 10
7.83379
 20
1.18264
 30
0.0
 10
7.83379
 20
1.18264
 30
0.0
 10
7.83733
 20
1.18617
 30
0.0
 10
7.83733
 20
1.18617
 30
0.0
 10
7.83733
 20
1.18617
 30
0.0
 10
7.84438
 20
1.1897
 30
0.0
 10
7.84438
 20
1.1897
 30
0.0
 10
7.84438
 20
1.1897
 30
0.0
 10
7.84791
 20
1.19324
 30
0.0
 10
7.84791
 20
1.19324
 30
0.0
 10
7.84791
 20
1.19324
 30
0.0
 10
7.85144
 20
1.19676
 30
0.0
 10
7.85144
 20
1.19676
 30
0.0
 10
7.85144
 20
1.19676
 30
0.0
 10
7.85497
 20
1.20029
 30
0.0
 10
7.85497
 20
1.20029
 30
0.0
 10
7.85497
 20
1.20029
 30
0.0
 10
7.85497
 20
1.20735
 30
0.0
 10
7.85497
 20
1.20735
 30
0.0
 10
7.85497
 20
1.20735
 30
0.0
 10
7.85497
 20
1.2144
 30
0.0
 10
7.85497
 20
1.2144
 30
0.0
  0
SPLINE
  5
241
330
1F
100
AcDbEntity
  8
Camada 1
 62
   251
370
     9
100
AcDbSpline
210
0.0
220
0.0
230
1.0
 70
    24
 71
     3
 72
    14
 73
    10
 74
     0
 42
0.0000000001
 43
0.0000000001
 40
0.0
 40
0.0
 40
0.0
 40
0.0
 40
0.3333333333333333
 40
0.3333333333333333
 40
0.3333333333333333
 40
0.6666666666666666
 40
0.6666666666666666
 40
0.6666666666666666
 40
1.0
 40
1.0
 40
1.0
 40
1.0
 10
7.82674
 20
1.18264
 30
0.0
 10
7.82674
 20
1.18264
 30
0.0
 10
7.82674
 20
1.18264
 30
0.0
 10
7.82674
 20
1.18264
 30
0.0
 10
7.82674
 20
1.18264
 30
0.0
 10
7.82674
 20
1.18617
 30
0.0
 10
7.82674
 20
1.18617
 30
0.0
 10
7.82674
 20
1.18617
 30
0.0
 10
7.82674
 20
1.1897
 30
0.0
 10
7.82674
 20
1.1897
 30
0.0
  0
SPLINE
  5
242
330
1F
100
AcDbEntity
  8
Camada 1
 62
   251
370
     9
100
AcDbSpline
210
0.0
220
0.0
230
1.0
 70
     8
 71
     3
 72
    29
 73
    25
 74
     0
 42
0.0000000001
 43
0.0000000001
 40
0.0
 40
0.0
 40
0.0
 40
0.0
 40
0.125
 40
0.125
 40
0.125
 40
0.25
 40
0.25
 40
0.25
 40
0.375
 40
0.375
 40
0.375
 40
0.5
 40
0.5
 40
0.5
 40
0.625
 40
0.625
 40
0.625
 40
0.75
 40
0.75
 40
0.75
 40
0.875
 40
0.875
 40
0.875
 40
1.0
 40
1.0
 40
1.0
 40
1.0
 10
4.11409
 20
1.18264
 30
0.0
 10
4.11409
 20
1.18264
 30
0.0
 10
4.10703
 20
1.18264
 30
0.0
 10
4.10703
 20
1.18264
 30
0.0
 10
4.10703
 20
1.18264
 30
0.0
 10
4.1035
 20
1.18617
 30
0.0
 10
4.1035
 20
1.18617
 30
0.0
 10
4.1035
 20
1.18617
 30
0.0
 10
4.09644
 20
1.1897
 30
0.0
 10
4.09644
 20
1.1897
 30
0.0
 10
4.09644
 20
1.1897
 30
0.0
 10
4.09292
 20
1.19324
 30
0.0
 10
4.09292
 20
1.19324
 30
0.0
 10
4.09292
 20
1.19324
 30
0.0
 10
4.08939
 20
1.19676
 30
0.0
 10
4.08939
 20
1.19676
 30
0.0
 10
4.08939
 20
1.19676
 30
0.0
 10
4.08586
 20
1.20029
 30
0.0
 10
4.08586
 20
1.20029
 30
0.0
 10
4.08586
 20
1.20029
 30
0.0
 10
4.08586
 20
1.20735
 30
0.0
 10
4.08586
 20
1.20735
 30
0.0
 10
4.08586
 20
1.20735
 30
0.0
 10
4.08586
 20
1.2144
 30
0.0
 10
4.08586
 20
1.2144
 30
0.0
  0
SPLINE
  5
243
330
1F
100
AcDbEntity
  8
Camada 1
 62
   251
370
     9
100
AcDbSpline
210
0.0
220
0.0
230
1.0
 70
    24
 71
     3
 72
    14
 73
    10
 74
     0
 42
0.0000000001
 43
0.0000000001
 40
0.0
 40
0.0
 40
0.0
 40
0.0
 40
0.3333333333333333
 40
0.3333333333333333
 40
0.3333333333333333
 40
0.6666666666666666
 40
0.6666666666666666
 40
0.6666666666666666
 40
1.0
 40
1.0
 40
1.0
 40
1.0
 10
4.11409
 20
1.1897
 30
0.0
 10
4.11409
 20
1.1897
 30
0.0
 10
4.11409
 20
1.1897
 30
0.0
 10
4.11409
 20
1.1897
 30
0.0
 10
4.11409
 20
1.1897
 30
0.0
 10
4.11409
 20
1.18617
 30
0.0
 10
4.11409
 20
1.18617
 30
0.0
 10
4.11409
 20
1.18617
 30
0.0
 10
4.11409
 20
1.18264
 30
0.0
 10
4.11409
 20
1.18264
 30
0.0
  0
SPLINE
  5
244
330
1F
100
AcDbEntity
  8
Camada 1
 62
   251
370
     9
100
AcDbSpline
210
0.0
220
0.0
230
1.0
 70
    24
 71
     3
 72
     8
 73
     4
 74
     0
 42
0.0000000001
 43
0.0000000001
 40
0.0
 40
0.0
 40
0.0
 40
0.0
 40
1.0
 40
1.0
 40
1.0
 40
1.0
 10
4.11409
 20
2.33314
 30
0.0
 10
4.11409
 20
2.33314
 30
0.0
 10
7.82674
 20
2.33314
 30
0.0
 10
7.82674
 20
2.33314
 30
0.0
  0
SPLINE
  5
245
330
1F
100
AcDbEntity
  8
Camada 1
 62
   251
370
     9
100
AcDbSpline
210
0.0
220
0.0
230
1.0
 70
    24
 71
     3
 72
     8
 73
     4
 74
     0
 42
0.0000000001
 43
0.0000000001
 40
0.0
 40
0.0
 40
0.0
 40
0.0
 40
1.0
 40
1.0
 40
1.0
 40
1.0
 10
7.82674
 20
1.18264
 30
0.0
 10
7.82674
 20
1.18264
 30
0.0
 10
4.11409
 20
1.18264
 30
0.0
 10
4.11409
 20
1.18264
 30
0.0
  0
SPLINE
  5
246
330
1F
100
AcDbEntity
  8
Camada 1
 62
   251
370
     9
100
AcDbSpline
210
0.0
220
0.0
230
1.0
 70
     8
 71
     3
 72
    29
 73
    25
 74
     0
 42
0.0000000001
 43
0.0000000001
 40
0.0
 40
0.0
 40
0.0
 40
0.0
 40
0.125
 40
0.125
 40
0.125
 40
0.25
 40
0.25
 40
0.25
 40
0.375
 40
0.375
 40
0.375
 40
0.5
 40
0.5
 40
0.5
 40
0.625
 40
0.625
 40
0.625
 40
0.75
 40
0.75
 40
0.75
 40
0.875
 40
0.875
 40
0.875
 40
1.0
 40
1.0
 40
1.0
 40
1.0
 10
4.11409
 20
2.33314
 30
0.0
 10
4.11409
 20
2.33314
 30
0.0
 10
4.10703
 20
2.33314
 30
0.0
 10
4.10703
 20
2.33314
 30
0.0
 10
4.10703
 20
2.33314
 30
0.0
 10
4.1035
 20
2.33314
 30
0.0
 10
4.1035
 20
2.33314
 30
0.0
 10
4.1035
 20
2.33314
 30
0.0
 10
4.09644
 20
2.32961
 30
0.0
 10
4.09644
 20
2.32961
 30
0.0
 10
4.09644
 20
2.32961
 30
0.0
 10
4.09292
 20
2.32608
 30
0.0
 10
4.09292
 20
2.32608
 30
0.0
 10
4.09292
 20
2.32608
 30
0.0
 10
4.08939
 20
2.32255
 30
0.0
 10
4.08939
 20
2.32255
 30
0.0
 10
4.08939
 20
2.32255
 30
0.0
 10
4.08586
 20
2.3155
 30
0.0
 10
4.08586
 20
2.3155
 30
0.0
 10
4.08586
 20
2.3155
 30
0.0
 10
4.08586
 20
2.31197
 30
0.0
 10
4.08586
 20
2.31197
 30
0.0
 10
4.08586
 20
2.31197
 30
0.0
 10
4.08586
 20
2.30491
 30
0.0
 10
4.08586
 20
2.30491
 30
0.0
  0
SPLINE
  5
249
330
1F
100
AcDbEntity
  8
Camada 1
 62
   251
370
     9
100
AcDbSpline
210
0.0
220
0.0
230
1.0
 70
     8
 71
     3
 72
    29
 73
    25
 74
     0
 42
0.0000000001
 43
0.0000000001
 40
0.0
 40
0.0
 40
0.0
 40
0.0
 40
0.125
 40
0.125
 40
0.125
 40
0.25
 40
0.25
 40
0.25
 40
0.375
 40
0.375
 40
0.375
 40
0.5
 40
0.5
 40
0.5
 40
0.625
 40
0.625
 40
0.625
 40
0.75
 40
0.75
 40
0.75
 40
0.875
 40
0.875
 40
0.875
 40
1.0
 40
1.0
 40
1.0
 40
1.0
 10
7.82674
 20
2.33314
 30
0.0
 10
7.82674
 20
2.33314
 30
0.0
 10
7.83379
 20
2.33314
 30
0.0
 10
7.83379
 20
2.33314
 30
0.0
 10
7.83379
 20
2.33314
 30
0.0
 10
7.83733
 20
2.33314
 30
0.0
 10
7.83733
 20
2.33314
 30
0.0
 10
7.83733
 20
2.33314
 30
0.0
 10
7.84438
 20
2.32961
 30
0.0
 10
7.84438
 20
2.32961
 30
0.0
 10
7.84438
 20
2.32961
 30
0.0
 10
7.84791
 20
2.32608
 30
0.0
 10
7.84791
 20
2.32608
 30
0.0
 10
7.84791
 20
2.32608
 30
0.0
 10
7.85144
 20
2.32255
 30
0.0
 10
7.85144
 20
2.32255
 30
0.0
 10
7.85144
 20
2.32255
 30
0.0
 10
7.85497
 20
2.3155
 30
0.0
 10
7.85497
 20
2.3155
 30
0.0
 10
7.85497
 20
2.3155
 30
0.0
 10
7.85497
 20
2.31197
 30
0.0
 10
7.85497
 20
2.31197
 30
0.0
 10
7.85497
 20
2.31197
 30
0.0
 10
7.85497
 20
2.30491
 30
0.0
 10
7.85497
 20
2.30491
 30
0.0
  0
SPLINE
  5
24B
330
1F
100
AcDbEntity
  8
Camada 1
 62
   251
370
     9
100
AcDbSpline
210
0.0
220
0.0
230
1.0
 70
     8
 71
     3
 72
    29
 73
    25
 74
     0
 42
0.0000000001
 43
0.0000000001
 40
0.0
 40
0.0
 40
0.0
 40
0.0
 40
0.125
 40
0.125
 40
0.125
 40
0.25
 40
0.25
 40
0.25
 40
0.375
 40
0.375
 40
0.375
 40
0.5
 40
0.5
 40
0.5
 40
0.625
 40
0.625
 40
0.625
 40
0.75
 40
0.75
 40
0.75
 40
0.875
 40
0.875
 40
0.875
 40
1.0
 40
1.0
 40
1.0
 40
1.0
 10
4.11409
 20
1.18264
 30
0.0
 10
4.11409
 20
1.18264
 30
0.0
 10
4.10703
 20
1.18264
 30
0.0
 10
4.10703
 20
1.18264
 30
0.0
 10
4.10703
 20
1.18264
 30
0.0
 10
4.1035
 20
1.18617
 30
0.0
 10
4.1035
 20
1.18617
 30
0.0
 10
4.1035
 20
1.18617
 30
0.0
 10
4.09644
 20
1.1897
 30
0.0
 10
4.09644
 20
1.1897
 30
0.0
 10
4.09644
 20
1.1897
 30
0.0
 10
4.09292
 20
1.19324
 30
0.0
 10
4.09292
 20
1.19324
 30
0.0
 10
4.09292
 20
1.19324
 30
0.0
 10
4.08939
 20
1.19676
 30
0.0
 10
4.08939
 20
1.19676
 30
0.0
 10
4.08939
 20
1.19676
 30
0.0
 10
4.08586
 20
1.20029
 30
0.0
 10
4.08586
 20
1.20029
 30
0.0
 10
4.08586
 20
1.20029
 30
0.0
 10
4.08586
 20
1.20735
 30
0.0
 10
4.08586
 20
1.20735
 30
0.0
 10
4.08586
 20
1.20735
 30
0.0
 10
4.08586
 20
1.2144
 30
0.0
 10
4.08586
 20
1.2144
 30
0.0
  0
SPLINE
  5
24C
330
1F
100
AcDbEntity
  8
Camada 1
 62
   251
370
     9
100
AcDbSpline
210
0.0
220
0.0
230
1.0
 70
     8
 71
     3
 72
    29
 73
    25
 74
     0
 42
0.0000000001
 43
0.0000000001
 40
0.0
 40
0.0
 40
0.0
 40
0.0
 40
0.125
 40
0.125
 40
0.125
 40
0.25
 40
0.25
 40
0.25
 40
0.375
 40
0.375
 40
0.375
 40
0.5
 40
0.5
 40
0.5
 40
0.625
 40
0.625
 40
0.625
 40
0.75
 40
0.75
 40
0.75
 40
0.875
 40
0.875
 40
0.875
 40
1.0
 40
1.0
 40
1.0
 40
1.0
 10
7.82674
 20
1.18264
 30
0.0
 10
7.82674
 20
1.18264
 30
0.0
 10
7.83379
 20
1.18264
 30
0.0
 10
7.83379
 20
1.18264
 30
0.0
 10
7.83379
 20
1.18264
 30
0.0
 10
7.83733
 20
1.18617
 30
0.0
 10
7.83733
 20
1.18617
 30
0.0
 10
7.83733
 20
1.18617
 30
0.0
 10
7.84438
 20
1.1897
 30
0.0
 10
7.84438
 20
1.1897
 30
0.0
 10
7.84438
 20
1.1897
 30
0.0
 10
7.84791
 20
1.19324
 30
0.0
 10
7.84791
 20
1.19324
 30
0.0
 10
7.84791
 20
1.19324
 30
0.0
 10
7.85144
 20
1.19676
 30
0.0
 10
7.85144
 20
1.19676
 30
0.0
 10
7.85144
 20
1.19676
 30
0.0
 10
7.85497
 20
1.20029
 30
0.0
 10
7.85497
 20
1.20029
 30
0.0
 10
7.85497
 20
1.20029
 30
0.0
 10
7.85497
 20
1.20735
 30
0.0
 10
7.85497
 20
1.20735
 30
0.0
 10
7.85497
 20
1.20735
 30
0.0
 10
7.85497
 20
1.2144
 30
0.0
 10
7.85497
 20
1.2144
 30
0.0
  0
SPLINE
  5
24E
330
1F
100
AcDbEntity
  8
Camada 1
 62
   251
370
     9
100
AcDbSpline
210
0.0
220
0.0
230
1.0
 70
    24
 71
     3
 72
     8
 73
     4
 74
     0
 42
0.0000000001
 43
0.0000000001
 40
0.0
 40
0.0
 40
0.0
 40
0.0
 40
1.0
 40
1.0
 40
1.0
 40
1.0
 10
4.11409
 20
2.33667
 30
0.0
 10
4.11409
 20
2.33667
 30
0.0
 10
4.11409
 20
2.33314
 30
0.0
 10
4.11409
 20
2.33314
 30
0.0
  0
SPLINE
  5
24F
330
1F
100
AcDbEntity
  8
Camada 1
 62
   251
370
     9
100
AcDbSpline
210
0.0
220
0.0
230
1.0
 70
    24
 71
     3
 72
     8
 73
     4
 74
     0
 42
0.0000000001
 43
0.0000000001
 40
0.0
 40
0.0
 40
0.0
 40
0.0
 40
1.0
 40
1.0
 40
1.0
 40
1.0
 10
7.82674
 20
2.33667
 30
0.0
 10
7.82674
 20
2.33667
 30
0.0
 10
4.11409
 20
2.33667
 30
0.0
 10
4.11409
 20
2.33667
 30
0.0
  0
SPLINE
  5
250
330
1F
100
AcDbEntity
  8
Camada 1
 62
   251
370
     9
100
AcDbSpline
210
0.0
220
0.0
230
1.0
 70
    24
 71
     3
 72
     8
 73
     4
 74
     0
 42
0.0000000001
 43
0.0000000001
 40
0.0
 40
0.0
 40
0.0
 40
0.0
 40
1.0
 40
1.0
 40
1.0
 40
1.0
 10
7.82674
 20
2.33314
 30
0.0
 10
7.82674
 20
2.33314
 30
0.0
 10
7.82674
 20
2.33667
 30
0.0
 10
7.82674
 20
2.33667
 30
0.0
  0
SPLINE
  5
252
330
1F
100
AcDbEntity
  8
Camada 1
 62
   251
370
     9
100
AcDbSpline
210
0.0
220
0.0
230
1.0
 70
    24
 71
     3
 72
     8
 73
     4
 74
     0
 42
0.0000000001
 43
0.0000000001
 40
0.0
 40
0.0
 40
0.0
 40
0.0
 40
1.0
 40
1.0
 40
1.0
 40
1.0
 10
4.11409
 20
1.18264
 30
0.0
 10
4.11409
 20
1.18264
 30
0.0
 10
7.82674
 20
1.18264
 30
0.0
 10
7.82674
 20
1.18264
 30
0.0
  0
SPLINE
  5
254
330
1F
100
AcDbEntity
  8
Camada 1
 62
   251
370
     9
100
AcDbSpline
210
0.0
220
0.0
230
1.0
 70
    24
 71
     3
 72
     8
 73
     4
 74
     0
 42
0.0000000001
 43
0.0000000001
 40
0.0
 40
0.0
 40
0.0
 40
0.0
 40
1.0
 40
1.0
 40
1.0
 40
1.0
 10
7.85497
 20
1.2144
 30
0.0
 10
7.85497
 20
1.2144
 30
0.0
 10
7.8585
 20
1.21087
 30
0.0
 10
7.8585
 20
1.21087
 30
0.0
  0
SPLINE
  5
255
330
1F
100
AcDbEntity
  8
Camada 1
 62
   251
370
     9
100
AcDbSpline
210
0.0
220
0.0
230
1.0
 70
     8
 71
     3
 72
    29
 73
    25
 74
     0
 42
0.0000000001
 43
0.0000000001
 40
0.0
 40
0.0
 40
0.0
 40
0.0
 40
0.125
 40
0.125
 40
0.125
 40
0.25
 40
0.25
 40
0.25
 40
0.375
 40
0.375
 40
0.375
 40
0.5
 40
0.5
 40
0.5
 40
0.625
 40
0.625
 40
0.625
 40
0.75
 40
0.75
 40
0.75
 40
0.875
 40
0.875
 40
0.875
 40
1.0
 40
1.0
 40
1.0
 40
1.0
 10
7.82674
 20
1.18264
 30
0.0
 10
7.82674
 20
1.18264
 30
0.0
 10
7.83379
 20
1.18264
 30
0.0
 10
7.83379
 20
1.18264
 30
0.0
 10
7.83379
 20
1.18264
 30
0.0
 10
7.83733
 20
1.18617
 30
0.0
 10
7.83733
 20
1.18617
 30
0.0
 10
7.83733
 20
1.18617
 30
0.0
 10
7.84438
 20
1.18617
 30
0.0
 10
7.84438
 20
1.18617
 30
0.0
 10
7.84438
 20
1.18617
 30
0.0
 10
7.84791
 20
1.1897
 30
0.0
 10
7.84791
 20
1.1897
 30
0.0
 10
7.84791
 20
1.1897
 30
0.0
 10
7.85144
 20
1.19676
 30
0.0
 10
7.85144
 20
1.19676
 30
0.0
 10
7.85144
 20
1.19676
 30
0.0
 10
7.85497
 20
1.20029
 30
0.0
 10
7.85497
 20
1.20029
 30
0.0
 10
7.85497
 20
1.20029
 30
0.0
 10
7.8585
 20
1.20735
 30
0.0
 10
7.8585
 20
1.20735
 30
0.0
 10
7.8585
 20
1.20735
 30
0.0
 10
7.8585
 20
1.21087
 30
0.0
 10
7.8585
 20
1.21087
 30
0.0
  0
SPLINE
  5
256
330
1F
100
AcDbEntity
  8
Camada 1
 62
   251
370
     9
100
AcDbSpline
210
0.0
220
0.0
230
1.0
 70
     8
 71
     3
 72
    29
 73
    25
 74
     0
 42
0.0000000001
 43
0.0000000001
 40
0.0
 40
0.0
 40
0.0
 40
0.0
 40
0.125
 40
0.125
 40
0.125
 40
0.25
 40
0.25
 40
0.25
 40
0.375
 40
0.375
 40
0.375
 40
0.5
 40
0.5
 40
0.5
 40
0.625
 40
0.625
 40
0.625
 40
0.75
 40
0.75
 40
0.75
 40
0.875
 40
0.875
 40
0.875
 40
1.0
 40
1.0
 40
1.0
 40
1.0
 10
7.8585
 20
2.30491
 30
0.0
 10
7.8585
 20
2.30491
 30
0.0
 10
7.8585
 20
2.31197
 30
0.0
 10
7.8585
 20
2.31197
 30
0.0
 10
7.8585
 20
2.31197
 30
0.0
 10
7.85497
 20
2.3155
 30
0.0
 10
7.85497
 20
2.3155
 30
0.0
 10
7.85497
 20
2.3155
 30
0.0
 10
7.85144
 20
2.32255
 30
0.0
 10
7.85144
 20
2.32255
 30
0.0
 10
7.85144
 20
2.32255
 30
0.0
 10
7.84791
 20
2.32608
 30
0.0
 10
7.84791
 20
2.32608
 30
0.0
 10
7.84791
 20
2.32608
 30
0.0
 10
7.84438
 20
2.32961
 30
0.0
 10
7.84438
 20
2.32961
 30
0.0
 10
7.84438
 20
2.32961
 30
0.0
 10
7.83733
 20
2.33314
 30
0.0
 10
7.83733
 20
2.33314
 30
0.0
 10
7.83733
 20
2.33314
 30
0.0
 10
7.83379
 20
2.33314
 30
0.0
 10
7.83379
 20
2.33314
 30
0.0
 10
7.83379
 20
2.33314
 30
0.0
 10
7.82674
 20
2.33667
 30
0.0
 10
7.82674
 20
2.33667
 30
0.0
  0
SPLINE
  5
257
330
1F
100
AcDbEntity
  8
Camada 1
 62
   251
370
     9
100
AcDbSpline
210
0.0
220
0.0
230
1.0
 70
    24
 71
     3
 72
     8
 73
     4
 74
     0
 42
0.0000000001
 43
0.0000000001
 40
0.0
 40
0.0
 40
0.0
 40
0.0
 40
1.0
 40
1.0
 40
1.0
 40
1.0
 10
7.8585
 20
2.30491
 30
0.0
 10
7.8585
 20
2.30491
 30
0.0
 10
7.85497
 20
2.30491
 30
0.0
 10
7.85497
 20
2.30491
 30
0.0
  0
SPLINE
  5
258
330
1F
100
AcDbEntity
  8
Camada 1
 62
   251
370
     9
100
AcDbSpline
210
0.0
220
0.0
230
1.0
 70
     8
 71
     3
 72
    29
 73
    25
 74
     0
 42
0.0000000001
 43
0.0000000001
 40
0.0
 40
0.0
 40
0.0
 40
0.0
 40
0.125
 40
0.125
 40
0.125
 40
0.25
 40
0.25
 40
0.25
 40
0.375
 40
0.375
 40
0.375
 40
0.5
 40
0.5
 40
0.5
 40
0.625
 40
0.625
 40
0.625
 40
0.75
 40
0.75
 40
0.75
 40
0.875
 40
0.875
 40
0.875
 40
1.0
 40
1.0
 40
1.0
 40
1.0
 10
4.08232
 20
1.21087
 30
0.0
 10
4.08232
 20
1.21087
 30
0.0
 10
4.08232
 20
1.20735
 30
0.0
 10
4.08232
 20
1.20735
 30
0.0
 10
4.08232
 20
1.20735
 30
0.0
 10
4.08586
 20
1.20029
 30
0.0
 10
4.08586
 20
1.20029
 30
0.0
 10
4.08586
 20
1.20029
 30
0.0
 10
4.08939
 20
1.19676
 30
0.0
 10
4.08939
 20
1.19676
 30
0.0
 10
4.08939
 20
1.19676
 30
0.0
 10
4.09292
 20
1.1897
 30
0.0
 10
4.09292
 20
1.1897
 30
0.0
 10
4.09292
 20
1.1897
 30
0.0
 10
4.09644
 20
1.18617
 30
0.0
 10
4.09644
 20
1.18617
 30
0.0
 10
4.09644
 20
1.18617
 30
0.0
 10
4.1035
 20
1.18617
 30
0.0
 10
4.1035
 20
1.18617
 30
0.0
 10
4.1035
 20
1.18617
 30
0.0
 10
4.10703
 20
1.18264
 30
0.0
 10
4.10703
 20
1.18264
 30
0.0
 10
4.10703
 20
1.18264
 30
0.0
 10
4.11409
 20
1.18264
 30
0.0
 10
4.11409
 20
1.18264
 30
0.0
  0
SPLINE
  5
259
330
1F
100
AcDbEntity
  8
Camada 1
 62
   251
370
     9
100
AcDbSpline
210
0.0
220
0.0
230
1.0
 70
    24
 71
     3
 72
     8
 73
     4
 74
     0
 42
0.0000000001
 43
0.0000000001
 40
0.0
 40
0.0
 40
0.0
 40
0.0
 40
1.0
 40
1.0
 40
1.0
 40
1.0
 10
4.08232
 20
1.21087
 30
0.0
 10
4.08232
 20
1.21087
 30
0.0
 10
4.08586
 20
1.2144
 30
0.0
 10
4.08586
 20
1.2144
 30
0.0
  0
SPLINE
  5
25A
330
1F
100
AcDbEntity
  8
Camada 1
 62
   251
370
     9
100
AcDbSpline
210
0.0
220
0.0
230
1.0
 70
    24
 71
     3
 72
     8
 73
     4
 74
     0
 42
0.0000000001
 43
0.0000000001
 40
0.0
 40
0.0
 40
0.0
 40
0.0
 40
1.0
 40
1.0
 40
1.0
 40
1.0
 10
4.08586
 20
2.30491
 30
0.0
 10
4.08586
 20
2.30491
 30
0.0
 10
4.08232
 20
2.30491
 30
0.0
 10
4.08232
 20
2.30491
 30
0.0
  0
SPLINE
  5
25B
330
1F
100
AcDbEntity
  8
Camada 1
 62
   251
370
     9
100
AcDbSpline
210
0.0
220
0.0
230
1.0
 70
     8
 71
     3
 72
    29
 73
    25
 74
     0
 42
0.0000000001
 43
0.0000000001
 40
0.0
 40
0.0
 40
0.0
 40
0.0
 40
0.125
 40
0.125
 40
0.125
 40
0.25
 40
0.25
 40
0.25
 40
0.375
 40
0.375
 40
0.375
 40
0.5
 40
0.5
 40
0.5
 40
0.625
 40
0.625
 40
0.625
 40
0.75
 40
0.75
 40
0.75
 40
0.875
 40
0.875
 40
0.875
 40
1.0
 40
1.0
 40
1.0
 40
1.0
 10
4.11409
 20
2.33667
 30
0.0
 10
4.11409
 20
2.33667
 30
0.0
 10
4.10703
 20
2.33314
 30
0.0
 10
4.10703
 20
2.33314
 30
0.0
 10
4.10703
 20
2.33314
 30
0.0
 10
4.1035
 20
2.33314
 30
0.0
 10
4.1035
 20
2.33314
 30
0.0
 10
4.1035
 20
2.33314
 30
0.0
 10
4.09644
 20
2.32961
 30
0.0
 10
4.09644
 20
2.32961
 30
0.0
 10
4.09644
 20
2.32961
 30
0.0
 10
4.09292
 20
2.32608
 30
0.0
 10
4.09292
 20
2.32608
 30
0.0
 10
4.09292
 20
2.32608
 30
0.0
 10
4.08939
 20
2.32255
 30
0.0
 10
4.08939
 20
2.32255
 30
0.0
 10
4.08939
 20
2.32255
 30
0.0
 10
4.08586
 20
2.3155
 30
0.0
 10
4.08586
 20
2.3155
 30
0.0
 10
4.08586
 20
2.3155
 30
0.0
 10
4.08232
 20
2.31197
 30
0.0
 10
4.08232
 20
2.31197
 30
0.0
 10
4.08232
 20
2.31197
 30
0.0
 10
4.08232
 20
2.30491
 30
0.0
 10
4.08232
 20
2.30491
 30
0.0
  0
SPLINE
  5
25C
330
1F
100
AcDbEntity
  8
Camada 1
 62
   251
370
     9
100
AcDbSpline
210
0.0
220
0.0
230
1.0
 70
    24
 71
     3
 72
     8
 73
     4
 74
     0
 42
0.0000000001
 43
0.0000000001
 40
0.0
 40
0.0
 40
0.0
 40
0.0
 40
1.0
 40
1.0
 40
1.0
 40
1.0
 10
7.8585
 20
1.21087
 30
0.0
 10
7.8585
 20
1.21087
 30
0.0
 10
7.8585
 20
2.30491
 30
0.0
 10
7.8585
 20
2.30491
 30
0.0
  0
SPLINE
  5
25D
330
1F
100
AcDbEntity
  8
Camada 1
 62
   251
370
     9
100
AcDbSpline
210
0.0
220
0.0
230
1.0
 70
    24
 71
     3
 72
     8
 73
     4
 74
     0
 42
0.0000000001
 43
0.0000000001
 40
0.0
 40
0.0
 40
0.0
 40
0.0
 40
1.0
 40
1.0
 40
1.0
 40
1.0
 10
4.08232
 20
2.30491
 30
0.0
 10
4.08232
 20
2.30491
 30
0.0
 10
4.08232
 20
1.21087
 30
0.0
 10
4.08232
 20
1.21087
 30
0.0
  0
SPLINE
  5
25E
330
1F
100
AcDbEntity
  8
Camada 1
 62
   251
370
     9
100
AcDbSpline
210
0.0
220
0.0
230
1.0
 70
    24
 71
     3
 72
     8
 73
     4
 74
     0
 42
0.0000000001
 43
0.0000000001
 40
0.0
 40
0.0
 40
0.0
 40
0.0
 40
1.0
 40
1.0
 40
1.0
 40
1.0
 10
7.82674
 20
0.01097
 30
0.0
 10
7.82674
 20
0.01097
 30
0.0
 10
7.82321
 20
0.01803
 30
0.0
 10
7.82321
 20
0.01803
 30
0.0
  0
SPLINE
  5
25F
330
1F
100
AcDbEntity
  8
Camada 1
 62
   251
370
     9
100
AcDbSpline
210
0.0
220
0.0
230
1.0
 70
    24
 71
     3
 72
     8
 73
     4
 74
     0
 42
0.0000000001
 43
0.0000000001
 40
0.0
 40
0.0
 40
0.0
 40
0.0
 40
1.0
 40
1.0
 40
1.0
 40
1.0
 10
4.11409
 20
0.01097
 30
0.0
 10
4.11409
 20
0.01097
 30
0.0
 10
7.82674
 20
0.01097
 30
0.0
 10
7.82674
 20
0.01097
 30
0.0
  0
SPLINE
  5
260
330
1F
100
AcDbEntity
  8
Camada 1
 62
   251
370
     9
100
AcDbSpline
210
0.0
220
0.0
230
1.0
 70
    24
 71
     3
 72
     8
 73
     4
 74
     0
 42
0.0000000001
 43
0.0000000001
 40
0.0
 40
0.0
 40
0.0
 40
0.0
 40
1.0
 40
1.0
 40
1.0
 40
1.0
 10
4.11762
 20
0.01803
 30
0.0
 10
4.11762
 20
0.01803
 30
0.0
 10
4.11409
 20
0.01097
 30
0.0
 10
4.11409
 20
0.01097
 30
0.0
  0
SPLINE
  5
261
330
1F
100
AcDbEntity
  8
Camada 1
 62
   251
370
     9
100
AcDbSpline
210
0.0
220
0.0
230
1.0
 70
     8
 71
     3
 72
    35
 73
    31
 74
     0
 42
0.0000000001
 43
0.0000000001
 40
0.0
 40
0.0
 40
0.0
 40
0.0
 40
0.1
 40
0.1
 40
0.1
 40
0.2
 40
0.2
 40
0.2
 40
0.3
 40
0.3
 40
0.3
 40
0.4
 40
0.4
 40
0.4
 40
0.5
 40
0.5
 40
0.5
 40
0.6000000000000001
 40
0.6000000000000001
 40
0.6000000000000001
 40
0.7000000000000001
 40
0.7000000000000001
 40
0.7000000000000001
 40
0.8
 40
0.8
 40
0.8
 40
0.9
 40
0.9
 40
0.9
 40
1.0
 40
1.0
 40
1.0
 40
1.0
 10
4.11762
 20
1.1403
 30
0.0
 10
4.11762
 20
1.1403
 30
0.0
 10
4.1282
 20
1.105
 30
0.0
 10
4.1282
 20
1.105
 30
0.0
 10
4.1282
 20
1.105
 30
0.0
 10
4.1388
 20
1.06266
 30
0.0
 10
4.1388
 20
1.06266
 30
0.0
 10
4.1388
 20
1.06266
 30
0.0
 10
4.15291
 20
0.96384
 30
0.0
 10
4.15291
 20
0.96384
 30
0.0
 10
4.15291
 20
0.96384
 30
0.0
 10
4.1635
 20
0.85797
 30
0.0
 10
4.1635
 20
0.85797
 30
0.0
 10
4.1635
 20
0.85797
 30
0.0
 10
4.17409
 20
0.67445
 30
0.0
 10
4.17409
 20
0.67445
 30
0.0
 10
4.17409
 20
0.67445
 30
0.0
 10
4.17409
 20
0.48741
 30
0.0
 10
4.17409
 20
0.48741
 30
0.0
 10
4.17409
 20
0.48741
 30
0.0
 10
4.1635
 20
0.3039
 30
0.0
 10
4.1635
 20
0.3039
 30
0.0
 10
4.1635
 20
0.3039
 30
0.0
 10
4.14938
 20
0.15567
 30
0.0
 10
4.14938
 20
0.15567
 30
0.0
 10
4.14938
 20
0.15567
 30
0.0
 10
4.13173
 20
0.06391
 30
0.0
 10
4.13173
 20
0.06391
 30
0.0
 10
4.13173
 20
0.06391
 30
0.0
 10
4.11762
 20
0.01803
 30
0.0
 10
4.11762
 20
0.01803
 30
0.0
  0
SPLINE
  5
262
330
1F
100
AcDbEntity
  8
Camada 1
 62
   251
370
     9
100
AcDbSpline
210
0.0
220
0.0
230
1.0
 70
    24
 71
     3
 72
     8
 73
     4
 74
     0
 42
0.0000000001
 43
0.0000000001
 40
0.0
 40
0.0
 40
0.0
 40
0.0
 40
1.0
 40
1.0
 40
1.0
 40
1.0
 10
4.11409
 20
1.14735
 30
0.0
 10
4.11409
 20
1.14735
 30
0.0
 10
4.11762
 20
1.1403
 30
0.0
 10
4.11762
 20
1.1403
 30
0.0
  0
SPLINE
  5
263
330
1F
100
AcDbEntity
  8
Camada 1
 62
   251
370
     9
100
AcDbSpline
210
0.0
220
0.0
230
1.0
 70
    24
 71
     3
 72
     8
 73
     4
 74
     0
 42
0.0000000001
 43
0.0000000001
 40
0.0
 40
0.0
 40
0.0
 40
0.0
 40
1.0
 40
1.0
 40
1.0
 40
1.0
 10
7.82674
 20
1.14735
 30
0.0
 10
7.82674
 20
1.14735
 30
0.0
 10
4.11409
 20
1.14735
 30
0.0
 10
4.11409
 20
1.14735
 30
0.0
  0
SPLINE
  5
264
330
1F
100
AcDbEntity
  8
Camada 1
 62
   251
370
     9
100
AcDbSpline
210
0.0
220
0.0
230
1.0
 70
    24
 71
     3
 72
     8
 73
     4
 74
     0
 42
0.0000000001
 43
0.0000000001
 40
0.0
 40
0.0
 40
0.0
 40
0.0
 40
1.0
 40
1.0
 40
1.0
 40
1.0
 10
7.82321
 20
1.1403
 30
0.0
 10
7.82321
 20
1.1403
 30
0.0
 10
7.82674
 20
1.14735
 30
0.0
 10
7.82674
 20
1.14735
 30
0.0
  0
SPLINE
  5
265
330
1F
100
AcDbEntity
  8
Camada 1
 62
   251
370
     9
100
AcDbSpline
210
0.0
220
0.0
230
1.0
 70
     8
 71
     3
 72
    35
 73
    31
 74
     0
 42
0.0000000001
 43
0.0000000001
 40
0.0
 40
0.0
 40
0.0
 40
0.0
 40
0.1
 40
0.1
 40
0.1
 40
0.2
 40
0.2
 40
0.2
 40
0.3
 40
0.3
 40
0.3
 40
0.4
 40
0.4
 40
0.4
 40
0.5
 40
0.5
 40
0.5
 40
0.6000000000000001
 40
0.6000000000000001
 40
0.6000000000000001
 40
0.7000000000000001
 40
0.7000000000000001
 40
0.7000000000000001
 40
0.8
 40
0.8
 40
0.8
 40
0.9
 40
0.9
 40
0.9
 40
1.0
 40
1.0
 40
1.0
 40
1.0
 10
7.82321
 20
0.01803
 30
0.0
 10
7.82321
 20
0.01803
 30
0.0
 10
7.81262
 20
0.05332
 30
0.0
 10
7.81262
 20
0.05332
 30
0.0
 10
7.81262
 20
0.05332
 30
0.0
 10
7.80203
 20
0.09568
 30
0.0
 10
7.80203
 20
0.09568
 30
0.0
 10
7.80203
 20
0.09568
 30
0.0
 10
7.78792
 20
0.19448
 30
0.0
 10
7.78792
 20
0.19448
 30
0.0
 10
7.78792
 20
0.19448
 30
0.0
 10
7.77733
 20
0.29683
 30
0.0
 10
7.77733
 20
0.29683
 30
0.0
 10
7.77733
 20
0.29683
 30
0.0
 10
7.76674
 20
0.48387
 30
0.0
 10
7.76674
 20
0.48387
 30
0.0
 10
7.76674
 20
0.48387
 30
0.0
 10
7.76674
 20
0.66739
 30
0.0
 10
7.76674
 20
0.66739
 30
0.0
 10
7.76674
 20
0.66739
 30
0.0
 10
7.77733
 20
0.8509
 30
0.0
 10
7.77733
 20
0.8509
 30
0.0
 10
7.77733
 20
0.8509
 30
0.0
 10
7.79145
 20
0.99913
 30
0.0
 10
7.79145
 20
0.99913
 30
0.0
 10
7.79145
 20
0.99913
 30
0.0
 10
7.8091
 20
1.09442
 30
0.0
 10
7.8091
 20
1.09442
 30
0.0
 10
7.8091
 20
1.09442
 30
0.0
 10
7.82321
 20
1.1403
 30
0.0
 10
7.82321
 20
1.1403
 30
0.0
  0
SPLINE
  5
266
330
1F
100
AcDbEntity
  8
Camada 1
 62
   251
370
     9
100
AcDbSpline
210
0.0
220
0.0
230
1.0
 70
     8
 71
     3
 72
    29
 73
    25
 74
     0
 42
0.0000000001
 43
0.0000000001
 40
0.0
 40
0.0
 40
0.0
 40
0.0
 40
0.125
 40
0.125
 40
0.125
 40
0.25
 40
0.25
 40
0.25
 40
0.375
 40
0.375
 40
0.375
 40
0.5
 40
0.5
 40
0.5
 40
0.625
 40
0.625
 40
0.625
 40
0.75
 40
0.75
 40
0.75
 40
0.875
 40
0.875
 40
0.875
 40
1.0
 40
1.0
 40
1.0
 40
1.0
 10
4.11762
 20
0.01803
 30
0.0
 10
4.11762
 20
0.01803
 30
0.0
 10
4.11057
 20
0.01803
 30
0.0
 10
4.11057
 20
0.01803
 30
0.0
 10
4.11057
 20
0.01803
 30
0.0
 10
4.10703
 20
0.02156
 30
0.0
 10
4.10703
 20
0.02156
 30
0.0
 10
4.10703
 20
0.02156
 30
0.0
 10
4.1035
 20
0.02156
 30
0.0
 10
4.1035
 20
0.02156
 30
0.0
 10
4.1035
 20
0.02156
 30
0.0
 10
4.09997
 20
0.02509
 30
0.0
 10
4.09997
 20
0.02509
 30
0.0
 10
4.09997
 20
0.02509
 30
0.0
 10
4.09644
 20
0.02862
 30
0.0
 10
4.09644
 20
0.02862
 30
0.0
 10
4.09644
 20
0.02862
 30
0.0
 10
4.09292
 20
0.03215
 30
0.0
 10
4.09292
 20
0.03215
 30
0.0
 10
4.09292
 20
0.03215
 30
0.0
 10
4.08939
 20
0.03567
 30
0.0
 10
4.08939
 20
0.03567
 30
0.0
 10
4.08939
 20
0.03567
 30
0.0
 10
4.08939
 20
0.0392
 30
0.0
 10
4.08939
 20
0.0392
 30
0.0
  0
SPLINE
  5
267
330
1F
100
AcDbEntity
  8
Camada 1
 62
   251
370
     9
100
AcDbSpline
210
0.0
220
0.0
230
1.0
 70
     8
 71
     3
 72
    32
 73
    28
 74
     0
 42
0.0000000001
 43
0.0000000001
 40
0.0
 40
0.0
 40
0.0
 40
0.0
 40
0.1111111111111111
 40
0.1111111111111111
 40
0.1111111111111111
 40
0.2222222222222222
 40
0.2222222222222222
 40
0.2222222222222222
 40
0.3333333333333333
 40
0.3333333333333333
 40
0.3333333333333333
 40
0.4444444444444444
 40
0.4444444444444444
 40
0.4444444444444444
 40
0.5555555555555556
 40
0.5555555555555556
 40
0.5555555555555556
 40
0.6666666666666666
 40
0.6666666666666666
 40
0.6666666666666666
 40
0.7777777777777777
 40
0.7777777777777777
 40
0.7777777777777777
 40
0.8888888888888888
 40
0.8888888888888888
 40
0.8888888888888888
 40
1.0
 40
1.0
 40
1.0
 40
1.0
 10
4.08939
 20
0.0392
 30
0.0
 10
4.08939
 20
0.0392
 30
0.0
 10
4.1035
 20
0.07803
 30
0.0
 10
4.1035
 20
0.07803
 30
0.0
 10
4.1035
 20
0.07803
 30
0.0
 10
4.12115
 20
0.16625
 30
0.0
 10
4.12115
 20
0.16625
 30
0.0
 10
4.12115
 20
0.16625
 30
0.0
 10
4.1388
 20
0.31095
 30
0.0
 10
4.1388
 20
0.31095
 30
0.0
 10
4.1388
 20
0.31095
 30
0.0
 10
4.14585
 20
0.49094
 30
0.0
 10
4.14585
 20
0.49094
 30
0.0
 10
4.14585
 20
0.49094
 30
0.0
 10
4.14585
 20
0.67445
 30
0.0
 10
4.14585
 20
0.67445
 30
0.0
 10
4.14585
 20
0.67445
 30
0.0
 10
4.13526
 20
0.85444
 30
0.0
 10
4.13526
 20
0.85444
 30
0.0
 10
4.13526
 20
0.85444
 30
0.0
 10
4.1282
 20
0.95325
 30
0.0
 10
4.1282
 20
0.95325
 30
0.0
 10
4.1282
 20
0.95325
 30
0.0
 10
4.11057
 20
1.04854
 30
0.0
 10
4.11057
 20
1.04854
 30
0.0
 10
4.11057
 20
1.04854
 30
0.0
 10
4.08939
 20
1.11912
 30
0.0
 10
4.08939
 20
1.11912
 30
0.0
  0
SPLINE
  5
268
330
1F
100
AcDbEntity
  8
Camada 1
 62
   251
370
     9
100
AcDbSpline
210
0.0
220
0.0
230
1.0
 70
     8
 71
     3
 72
    29
 73
    25
 74
     0
 42
0.0000000001
 43
0.0000000001
 40
0.0
 40
0.0
 40
0.0
 40
0.0
 40
0.125
 40
0.125
 40
0.125
 40
0.25
 40
0.25
 40
0.25
 40
0.375
 40
0.375
 40
0.375
 40
0.5
 40
0.5
 40
0.5
 40
0.625
 40
0.625
 40
0.625
 40
0.75
 40
0.75
 40
0.75
 40
0.875
 40
0.875
 40
0.875
 40
1.0
 40
1.0
 40
1.0
 40
1.0
 10
4.11762
 20
1.1403
 30
0.0
 10
4.11762
 20
1.1403
 30
0.0
 10
4.11057
 20
1.1403
 30
0.0
 10
4.11057
 20
1.1403
 30
0.0
 10
4.11057
 20
1.1403
 30
0.0
 10
4.10703
 20
1.13676
 30
0.0
 10
4.10703
 20
1.13676
 30
0.0
 10
4.10703
 20
1.13676
 30
0.0
 10
4.1035
 20
1.13323
 30
0.0
 10
4.1035
 20
1.13323
 30
0.0
 10
4.1035
 20
1.13323
 30
0.0
 10
4.09997
 20
1.13323
 30
0.0
 10
4.09997
 20
1.13323
 30
0.0
 10
4.09997
 20
1.13323
 30
0.0
 10
4.09644
 20
1.1297
 30
0.0
 10
4.09644
 20
1.1297
 30
0.0
 10
4.09644
 20
1.1297
 30
0.0
 10
4.09292
 20
1.12618
 30
0.0
 10
4.09292
 20
1.12618
 30
0.0
 10
4.09292
 20
1.12618
 30
0.0
 10
4.08939
 20
1.12265
 30
0.0
 10
4.08939
 20
1.12265
 30
0.0
 10
4.08939
 20
1.12265
 30
0.0
 10
4.08939
 20
1.11912
 30
0.0
 10
4.08939
 20
1.11912
 30
0.0
  0
SPLINE
  5
269
330
1F
100
AcDbEntity
  8
Camada 1
 62
   251
370
     9
100
AcDbSpline
210
0.0
220
0.0
230
1.0
 70
     8
 71
     3
 72
    29
 73
    25
 74
     0
 42
0.0000000001
 43
0.0000000001
 40
0.0
 40
0.0
 40
0.0
 40
0.0
 40
0.125
 40
0.125
 40
0.125
 40
0.25
 40
0.25
 40
0.25
 40
0.375
 40
0.375
 40
0.375
 40
0.5
 40
0.5
 40
0.5
 40
0.625
 40
0.625
 40
0.625
 40
0.75
 40
0.75
 40
0.75
 40
0.875
 40
0.875
 40
0.875
 40
1.0
 40
1.0
 40
1.0
 40
1.0
 10
7.82321
 20
1.1403
 30
0.0
 10
7.82321
 20
1.1403
 30
0.0
 10
7.83026
 20
1.1403
 30
0.0
 10
7.83026
 20
1.1403
 30
0.0
 10
7.83026
 20
1.1403
 30
0.0
 10
7.83379
 20
1.13676
 30
0.0
 10
7.83379
 20
1.13676
 30
0.0
 10
7.83379
 20
1.13676
 30
0.0
 10
7.83733
 20
1.13323
 30
0.0
 10
7.83733
 20
1.13323
 30
0.0
 10
7.83733
 20
1.13323
 30
0.0
 10
7.84086
 20
1.13323
 30
0.0
 10
7.84086
 20
1.13323
 30
0.0
 10
7.84086
 20
1.13323
 30
0.0
 10
7.84438
 20
1.1297
 30
0.0
 10
7.84438
 20
1.1297
 30
0.0
 10
7.84438
 20
1.1297
 30
0.0
 10
7.84791
 20
1.12618
 30
0.0
 10
7.84791
 20
1.12618
 30
0.0
 10
7.84791
 20
1.12618
 30
0.0
 10
7.85144
 20
1.12265
 30
0.0
 10
7.85144
 20
1.12265
 30
0.0
 10
7.85144
 20
1.12265
 30
0.0
 10
7.85144
 20
1.11912
 30
0.0
 10
7.85144
 20
1.11912
 30
0.0
  0
SPLINE
  5
26A
330
1F
100
AcDbEntity
  8
Camada 1
 62
   251
370
     9
100
AcDbSpline
210
0.0
220
0.0
230
1.0
 70
     8
 71
     3
 72
    32
 73
    28
 74
     0
 42
0.0000000001
 43
0.0000000001
 40
0.0
 40
0.0
 40
0.0
 40
0.0
 40
0.1111111111111111
 40
0.1111111111111111
 40
0.1111111111111111
 40
0.2222222222222222
 40
0.2222222222222222
 40
0.2222222222222222
 40
0.3333333333333333
 40
0.3333333333333333
 40
0.3333333333333333
 40
0.4444444444444444
 40
0.4444444444444444
 40
0.4444444444444444
 40
0.5555555555555556
 40
0.5555555555555556
 40
0.5555555555555556
 40
0.6666666666666666
 40
0.6666666666666666
 40
0.6666666666666666
 40
0.7777777777777777
 40
0.7777777777777777
 40
0.7777777777777777
 40
0.8888888888888888
 40
0.8888888888888888
 40
0.8888888888888888
 40
1.0
 40
1.0
 40
1.0
 40
1.0
 10
7.85144
 20
1.11912
 30
0.0
 10
7.85144
 20
1.11912
 30
0.0
 10
7.83733
 20
1.07677
 30
0.0
 10
7.83733
 20
1.07677
 30
0.0
 10
7.83733
 20
1.07677
 30
0.0
 10
7.81968
 20
0.99207
 30
0.0
 10
7.81968
 20
0.99207
 30
0.0
 10
7.81968
 20
0.99207
 30
0.0
 10
7.80203
 20
0.84737
 30
0.0
 10
7.80203
 20
0.84737
 30
0.0
 10
7.80203
 20
0.84737
 30
0.0
 10
7.79498
 20
0.66739
 30
0.0
 10
7.79498
 20
0.66739
 30
0.0
 10
7.79498
 20
0.66739
 30
0.0
 10
7.79498
 20
0.48387
 30
0.0
 10
7.79498
 20
0.48387
 30
0.0
 10
7.79498
 20
0.48387
 30
0.0
 10
7.80556
 20
0.3039
 30
0.0
 10
7.80556
 20
0.3039
 30
0.0
 10
7.80556
 20
0.3039
 30
0.0
 10
7.81262
 20
0.20155
 30
0.0
 10
7.81262
 20
0.20155
 30
0.0
 10
7.81262
 20
0.20155
 30
0.0
 10
7.83026
 20
0.10626
 30
0.0
 10
7.83026
 20
0.10626
 30
0.0
 10
7.83026
 20
0.10626
 30
0.0
 10
7.85144
 20
0.0392
 30
0.0
 10
7.85144
 20
0.0392
 30
0.0
  0
SPLINE
  5
26B
330
1F
100
AcDbEntity
  8
Camada 1
 62
   251
370
     9
100
AcDbSpline
210
0.0
220
0.0
230
1.0
 70
     8
 71
     3
 72
    29
 73
    25
 74
     0
 42
0.0000000001
 43
0.0000000001
 40
0.0
 40
0.0
 40
0.0
 40
0.0
 40
0.125
 40
0.125
 40
0.125
 40
0.25
 40
0.25
 40
0.25
 40
0.375
 40
0.375
 40
0.375
 40
0.5
 40
0.5
 40
0.5
 40
0.625
 40
0.625
 40
0.625
 40
0.75
 40
0.75
 40
0.75
 40
0.875
 40
0.875
 40
0.875
 40
1.0
 40
1.0
 40
1.0
 40
1.0
 10
7.82321
 20
0.01803
 30
0.0
 10
7.82321
 20
0.01803
 30
0.0
 10
7.83026
 20
0.01803
 30
0.0
 10
7.83026
 20
0.01803
 30
0.0
 10
7.83026
 20
0.01803
 30
0.0
 10
7.83379
 20
0.02156
 30
0.0
 10
7.83379
 20
0.02156
 30
0.0
 10
7.83379
 20
0.02156
 30
0.0
 10
7.83733
 20
0.02156
 30
0.0
 10
7.83733
 20
0.02156
 30
0.0
 10
7.83733
 20
0.02156
 30
0.0
 10
7.84086
 20
0.02509
 30
0.0
 10
7.84086
 20
0.02509
 30
0.0
 10
7.84086
 20
0.02509
 30
0.0
 10
7.84438
 20
0.02862
 30
0.0
 10
7.84438
 20
0.02862
 30
0.0
 10
7.84438
 20
0.02862
 30
0.0
 10
7.84791
 20
0.03215
 30
0.0
 10
7.84791
 20
0.03215
 30
0.0
 10
7.84791
 20
0.03215
 30
0.0
 10
7.85144
 20
0.03567
 30
0.0
 10
7.85144
 20
0.03567
 30
0.0
 10
7.85144
 20
0.03567
 30
0.0
 10
7.85144
 20
0.0392
 30
0.0
 10
7.85144
 20
0.0392
 30
0.0
  0
SPLINE
  5
26C
330
1F
100
AcDbEntity
  8
Camada 1
 62
   251
370
     9
100
AcDbSpline
210
0.0
220
0.0
230
1.0
 70
    24
 71
     3
 72
     8
 73
     4
 74
     0
 42
0.0000000001
 43
0.0000000001
 40
0.0
 40
0.0
 40
0.0
 40
0.0
 40
1.0
 40
1.0
 40
1.0
 40
1.0
 10
4.08939
 20
1.11912
 30
0.0
 10
4.08939
 20
1.11912
 30
0.0
 10
4.08939
 20
0.0392
 30
0.0
 10
4.08939
 20
0.0392
 30
0.0
  0
SPLINE
  5
26D
330
1F
100
AcDbEntity
  8
Camada 1
 62
   251
370
     9
100
AcDbSpline
210
0.0
220
0.0
230
1.0
 70
    24
 71
     3
 72
     8
 73
     4
 74
     0
 42
0.0000000001
 43
0.0000000001
 40
0.0
 40
0.0
 40
0.0
 40
0.0
 40
1.0
 40
1.0
 40
1.0
 40
1.0
 10
7.85144
 20
0.0392
 30
0.0
 10
7.85144
 20
0.0392
 30
0.0
 10
7.85144
 20
1.11912
 30
0.0
 10
7.85144
 20
1.11912
 30
0.0
  0
SPLINE
  5
26E
330
1F
100
AcDbEntity
  8
Camada 1
 62
   251
370
     9
100
AcDbSpline
210
0.0
220
0.0
230
1.0
 70
    24
 71
     3
 72
     8
 73
     4
 74
     0
 42
0.0000000001
 43
0.0000000001
 40
0.0
 40
0.0
 40
0.0
 40
0.0
 40
1.0
 40
1.0
 40
1.0
 40
1.0
 10
7.85497
 20
1.12265
 30
0.0
 10
7.85497
 20
1.12265
 30
0.0
 10
7.85144
 20
1.11912
 30
0.0
 10
7.85144
 20
1.11912
 30
0.0
  0
SPLINE
  5
26F
330
1F
100
AcDbEntity
  8
Camada 1
 62
   251
370
     9
100
AcDbSpline
210
0.0
220
0.0
230
1.0
 70
     8
 71
     3
 72
    29
 73
    25
 74
     0
 42
0.0000000001
 43
0.0000000001
 40
0.0
 40
0.0
 40
0.0
 40
0.0
 40
0.125
 40
0.125
 40
0.125
 40
0.25
 40
0.25
 40
0.25
 40
0.375
 40
0.375
 40
0.375
 40
0.5
 40
0.5
 40
0.5
 40
0.625
 40
0.625
 40
0.625
 40
0.75
 40
0.75
 40
0.75
 40
0.875
 40
0.875
 40
0.875
 40
1.0
 40
1.0
 40
1.0
 40
1.0
 10
7.82674
 20
1.14735
 30
0.0
 10
7.82674
 20
1.14735
 30
0.0
 10
7.83379
 20
1.14735
 30
0.0
 10
7.83379
 20
1.14735
 30
0.0
 10
7.83379
 20
1.14735
 30
0.0
 10
7.83733
 20
1.14383
 30
0.0
 10
7.83733
 20
1.14383
 30
0.0
 10
7.83733
 20
1.14383
 30
0.0
 10
7.84438
 20
1.14383
 30
0.0
 10
7.84438
 20
1.14383
 30
0.0
 10
7.84438
 20
1.14383
 30
0.0
 10
7.84791
 20
1.1403
 30
0.0
 10
7.84791
 20
1.1403
 30
0.0
 10
7.84791
 20
1.1403
 30
0.0
 10
7.85144
 20
1.13676
 30
0.0
 10
7.85144
 20
1.13676
 30
0.0
 10
7.85144
 20
1.13676
 30
0.0
 10
7.85497
 20
1.13323
 30
0.0
 10
7.85497
 20
1.13323
 30
0.0
 10
7.85497
 20
1.13323
 30
0.0
 10
7.85497
 20
1.1297
 30
0.0
 10
7.85497
 20
1.1297
 30
0.0
 10
7.85497
 20
1.1297
 30
0.0
 10
7.85497
 20
1.12265
 30
0.0
 10
7.85497
 20
1.12265
 30
0.0
  0
SPLINE
  5
270
330
1F
100
AcDbEntity
  8
Camada 1
 62
   251
370
     9
100
AcDbSpline
210
0.0
220
0.0
230
1.0
 70
    24
 71
     3
 72
     8
 73
     4
 74
     0
 42
0.0000000001
 43
0.0000000001
 40
0.0
 40
0.0
 40
0.0
 40
0.0
 40
1.0
 40
1.0
 40
1.0
 40
1.0
 10
7.85144
 20
0.0392
 30
0.0
 10
7.85144
 20
0.0392
 30
0.0
 10
7.85497
 20
0.03215
 30
0.0
 10
7.85497
 20
0.03215
 30
0.0
  0
SPLINE
  5
271
330
1F
100
AcDbEntity
  8
Camada 1
 62
   251
370
     9
100
AcDbSpline
210
0.0
220
0.0
230
1.0
 70
     8
 71
     3
 72
    29
 73
    25
 74
     0
 42
0.0000000001
 43
0.0000000001
 40
0.0
 40
0.0
 40
0.0
 40
0.0
 40
0.125
 40
0.125
 40
0.125
 40
0.25
 40
0.25
 40
0.25
 40
0.375
 40
0.375
 40
0.375
 40
0.5
 40
0.5
 40
0.5
 40
0.625
 40
0.625
 40
0.625
 40
0.75
 40
0.75
 40
0.75
 40
0.875
 40
0.875
 40
0.875
 40
1.0
 40
1.0
 40
1.0
 40
1.0
 10
7.82674
 20
0.01097
 30
0.0
 10
7.82674
 20
0.01097
 30
0.0
 10
7.83379
 20
0.01097
 30
0.0
 10
7.83379
 20
0.01097
 30
0.0
 10
7.83379
 20
0.01097
 30
0.0
 10
7.83733
 20
0.01097
 30
0.0
 10
7.83733
 20
0.01097
 30
0.0
 10
7.83733
 20
0.01097
 30
0.0
 10
7.84438
 20
0.0145
 30
0.0
 10
7.84438
 20
0.0145
 30
0.0
 10
7.84438
 20
0.0145
 30
0.0
 10
7.84791
 20
0.01803
 30
0.0
 10
7.84791
 20
0.01803
 30
0.0
 10
7.84791
 20
0.01803
 30
0.0
 10
7.85144
 20
0.02156
 30
0.0
 10
7.85144
 20
0.02156
 30
0.0
 10
7.85144
 20
0.02156
 30
0.0
 10
7.85497
 20
0.02509
 30
0.0
 10
7.85497
 20
0.02509
 30
0.0
 10
7.85497
 20
0.02509
 30
0.0
 10
7.85497
 20
0.02862
 30
0.0
 10
7.85497
 20
0.02862
 30
0.0
 10
7.85497
 20
0.02862
 30
0.0
 10
7.85497
 20
0.03215
 30
0.0
 10
7.85497
 20
0.03215
 30
0.0
  0
SPLINE
  5
272
330
1F
100
AcDbEntity
  8
Camada 1
 62
   251
370
     9
100
AcDbSpline
210
0.0
220
0.0
230
1.0
 70
    24
 71
     3
 72
     8
 73
     4
 74
     0
 42
0.0000000001
 43
0.0000000001
 40
0.0
 40
0.0
 40
0.0
 40
0.0
 40
1.0
 40
1.0
 40
1.0
 40
1.0
 10
4.08586
 20
0.03215
 30
0.0
 10
4.08586
 20
0.03215
 30
0.0
 10
4.08939
 20
0.0392
 30
0.0
 10
4.08939
 20
0.0392
 30
0.0
  0
SPLINE
  5
273
330
1F
100
AcDbEntity
  8
Camada 1
 62
   251
370
     9
100
AcDbSpline
210
0.0
220
0.0
230
1.0
 70
     8
 71
     3
 72
    29
 73
    25
 74
     0
 42
0.0000000001
 43
0.0000000001
 40
0.0
 40
0.0
 40
0.0
 40
0.0
 40
0.125
 40
0.125
 40
0.125
 40
0.25
 40
0.25
 40
0.25
 40
0.375
 40
0.375
 40
0.375
 40
0.5
 40
0.5
 40
0.5
 40
0.625
 40
0.625
 40
0.625
 40
0.75
 40
0.75
 40
0.75
 40
0.875
 40
0.875
 40
0.875
 40
1.0
 40
1.0
 40
1.0
 40
1.0
 10
4.11409
 20
0.01097
 30
0.0
 10
4.11409
 20
0.01097
 30
0.0
 10
4.11057
 20
0.01097
 30
0.0
 10
4.11057
 20
0.01097
 30
0.0
 10
4.11057
 20
0.01097
 30
0.0
 10
4.1035
 20
0.01097
 30
0.0
 10
4.1035
 20
0.01097
 30
0.0
 10
4.1035
 20
0.01097
 30
0.0
 10
4.09997
 20
0.0145
 30
0.0
 10
4.09997
 20
0.0145
 30
0.0
 10
4.09997
 20
0.0145
 30
0.0
 10
4.09292
 20
0.01803
 30
0.0
 10
4.09292
 20
0.01803
 30
0.0
 10
4.09292
 20
0.01803
 30
0.0
 10
4.08939
 20
0.02156
 30
0.0
 10
4.08939
 20
0.02156
 30
0.0
 10
4.08939
 20
0.02156
 30
0.0
 10
4.08586
 20
0.02509
 30
0.0
 10
4.08586
 20
0.02509
 30
0.0
 10
4.08586
 20
0.02509
 30
0.0
 10
4.08586
 20
0.02862
 30
0.0
 10
4.08586
 20
0.02862
 30
0.0
 10
4.08586
 20
0.02862
 30
0.0
 10
4.08586
 20
0.03215
 30
0.0
 10
4.08586
 20
0.03215
 30
0.0
  0
SPLINE
  5
274
330
1F
100
AcDbEntity
  8
Camada 1
 62
   251
370
     9
100
AcDbSpline
210
0.0
220
0.0
230
1.0
 70
    24
 71
     3
 72
     8
 73
     4
 74
     0
 42
0.0000000001
 43
0.0000000001
 40
0.0
 40
0.0
 40
0.0
 40
0.0
 40
1.0
 40
1.0
 40
1.0
 40
1.0
 10
4.08939
 20
1.11912
 30
0.0
 10
4.08939
 20
1.11912
 30
0.0
 10
4.08586
 20
1.12265
 30
0.0
 10
4.08586
 20
1.12265
 30
0.0
  0
SPLINE
  5
275
330
1F
100
AcDbEntity
  8
Camada 1
 62
   251
370
     9
100
AcDbSpline
210
0.0
220
0.0
230
1.0
 70
     8
 71
     3
 72
    29
 73
    25
 74
     0
 42
0.0000000001
 43
0.0000000001
 40
0.0
 40
0.0
 40
0.0
 40
0.0
 40
0.125
 40
0.125
 40
0.125
 40
0.25
 40
0.25
 40
0.25
 40
0.375
 40
0.375
 40
0.375
 40
0.5
 40
0.5
 40
0.5
 40
0.625
 40
0.625
 40
0.625
 40
0.75
 40
0.75
 40
0.75
 40
0.875
 40
0.875
 40
0.875
 40
1.0
 40
1.0
 40
1.0
 40
1.0
 10
4.11409
 20
1.14735
 30
0.0
 10
4.11409
 20
1.14735
 30
0.0
 10
4.11057
 20
1.14735
 30
0.0
 10
4.11057
 20
1.14735
 30
0.0
 10
4.11057
 20
1.14735
 30
0.0
 10
4.1035
 20
1.14383
 30
0.0
 10
4.1035
 20
1.14383
 30
0.0
 10
4.1035
 20
1.14383
 30
0.0
 10
4.09997
 20
1.14383
 30
0.0
 10
4.09997
 20
1.14383
 30
0.0
 10
4.09997
 20
1.14383
 30
0.0
 10
4.09292
 20
1.1403
 30
0.0
 10
4.09292
 20
1.1403
 30
0.0
 10
4.09292
 20
1.1403
 30
0.0
 10
4.08939
 20
1.13676
 30
0.0
 10
4.08939
 20
1.13676
 30
0.0
 10
4.08939
 20
1.13676
 30
0.0
 10
4.08586
 20
1.13323
 30
0.0
 10
4.08586
 20
1.13323
 30
0.0
 10
4.08586
 20
1.13323
 30
0.0
 10
4.08586
 20
1.1297
 30
0.0
 10
4.08586
 20
1.1297
 30
0.0
 10
4.08586
 20
1.1297
 30
0.0
 10
4.08586
 20
1.12265
 30
0.0
 10
4.08586
 20
1.12265
 30
0.0
  0
SPLINE
  5
278
330
1F
100
AcDbEntity
  8
Camada 1
 62
   251
370
     9
100
AcDbSpline
210
0.0
220
0.0
230
1.0
 70
    24
 71
     3
 72
     8
 73
     4
 74
     0
 42
0.0000000001
 43
0.0000000001
 40
0.0
 40
0.0
 40
0.0
 40
0.0
 40
1.0
 40
1.0
 40
1.0
 40
1.0
 10
7.85497
 20
1.12265
 30
0.0
 10
7.85497
 20
1.12265
 30
0.0
 10
7.85497
 20
0.03215
 30
0.0
 10
7.85497
 20
0.03215
 30
0.0
  0
SPLINE
  5
27B
330
1F
100
AcDbEntity
  8
Camada 1
 62
   251
370
     9
100
AcDbSpline
210
0.0
220
0.0
230
1.0
 70
    24
 71
     3
 72
     8
 73
     4
 74
     0
 42
0.0000000001
 43
0.0000000001
 40
0.0
 40
0.0
 40
0.0
 40
0.0
 40
1.0
 40
1.0
 40
1.0
 40
1.0
 10
4.08586
 20
0.03215
 30
0.0
 10
4.08586
 20
0.03215
 30
0.0
 10
4.08586
 20
1.12265
 30
0.0
 10
4.08586
 20
1.12265
 30
0.0
  0
SPLINE
  5
27C
330
1F
100
AcDbEntity
  8
Camada 1
 62
   251
370
     9
100
AcDbSpline
210
0.0
220
0.0
230
1.0
 70
     8
 71
     3
 72
    29
 73
    25
 74
     0
 42
0.0000000001
 43
0.0000000001
 40
0.0
 40
0.0
 40
0.0
 40
0.0
 40
0.125
 40
0.125
 40
0.125
 40
0.25
 40
0.25
 40
0.25
 40
0.375
 40
0.375
 40
0.375
 40
0.5
 40
0.5
 40
0.5
 40
0.625
 40
0.625
 40
0.625
 40
0.75
 40
0.75
 40
0.75
 40
0.875
 40
0.875
 40
0.875
 40
1.0
 40
1.0
 40
1.0
 40
1.0
 10
7.82674
 20
1.15441
 30
0.0
 10
7.82674
 20
1.15441
 30
0.0
 10
7.83379
 20
1.15441
 30
0.0
 10
7.83379
 20
1.15441
 30
0.0
 10
7.83379
 20
1.15441
 30
0.0
 10
7.83733
 20
1.15088
 30
0.0
 10
7.83733
 20
1.15088
 30
0.0
 10
7.83733
 20
1.15088
 30
0.0
 10
7.84438
 20
1.14735
 30
0.0
 10
7.84438
 20
1.14735
 30
0.0
 10
7.84438
 20
1.14735
 30
0.0
 10
7.84791
 20
1.14383
 30
0.0
 10
7.84791
 20
1.14383
 30
0.0
 10
7.84791
 20
1.14383
 30
0.0
 10
7.85144
 20
1.1403
 30
0.0
 10
7.85144
 20
1.1403
 30
0.0
 10
7.85144
 20
1.1403
 30
0.0
 10
7.85497
 20
1.13676
 30
0.0
 10
7.85497
 20
1.13676
 30
0.0
 10
7.85497
 20
1.13676
 30
0.0
 10
7.85497
 20
1.1297
 30
0.0
 10
7.85497
 20
1.1297
 30
0.0
 10
7.85497
 20
1.1297
 30
0.0
 10
7.85497
 20
1.12265
 30
0.0
 10
7.85497
 20
1.12265
 30
0.0
  0
SPLINE
  5
27D
330
1F
100
AcDbEntity
  8
Camada 1
 62
   251
370
     9
100
AcDbSpline
210
0.0
220
0.0
230
1.0
 70
    24
 71
     3
 72
    14
 73
    10
 74
     0
 42
0.0000000001
 43
0.0000000001
 40
0.0
 40
0.0
 40
0.0
 40
0.0
 40
0.3333333333333333
 40
0.3333333333333333
 40
0.3333333333333333
 40
0.6666666666666666
 40
0.6666666666666666
 40
0.6666666666666666
 40
1.0
 40
1.0
 40
1.0
 40
1.0
 10
7.82674
 20
1.14735
 30
0.0
 10
7.82674
 20
1.14735
 30
0.0
 10
7.82674
 20
1.14735
 30
0.0
 10
7.82674
 20
1.14735
 30
0.0
 10
7.82674
 20
1.14735
 30
0.0
 10
7.82674
 20
1.15088
 30
0.0
 10
7.82674
 20
1.15088
 30
0.0
 10
7.82674
 20
1.15088
 30
0.0
 10
7.82674
 20
1.15441
 30
0.0
 10
7.82674
 20
1.15441
 30
0.0
  0
SPLINE
  5
27E
330
1F
100
AcDbEntity
  8
Camada 1
 62
   251
370
     9
100
AcDbSpline
210
0.0
220
0.0
230
1.0
 70
     8
 71
     3
 72
    29
 73
    25
 74
     0
 42
0.0000000001
 43
0.0000000001
 40
0.0
 40
0.0
 40
0.0
 40
0.0
 40
0.125
 40
0.125
 40
0.125
 40
0.25
 40
0.25
 40
0.25
 40
0.375
 40
0.375
 40
0.375
 40
0.5
 40
0.5
 40
0.5
 40
0.625
 40
0.625
 40
0.625
 40
0.75
 40
0.75
 40
0.75
 40
0.875
 40
0.875
 40
0.875
 40
1.0
 40
1.0
 40
1.0
 40
1.0
 10
4.11409
 20
1.15441
 30
0.0
 10
4.11409
 20
1.15441
 30
0.0
 10
4.10703
 20
1.15441
 30
0.0
 10
4.10703
 20
1.15441
 30
0.0
 10
4.10703
 20
1.15441
 30
0.0
 10
4.1035
 20
1.15088
 30
0.0
 10
4.1035
 20
1.15088
 30
0.0
 10
4.1035
 20
1.15088
 30
0.0
 10
4.09644
 20
1.14735
 30
0.0
 10
4.09644
 20
1.14735
 30
0.0
 10
4.09644
 20
1.14735
 30
0.0
 10
4.09292
 20
1.14383
 30
0.0
 10
4.09292
 20
1.14383
 30
0.0
 10
4.09292
 20
1.14383
 30
0.0
 10
4.08939
 20
1.1403
 30
0.0
 10
4.08939
 20
1.1403
 30
0.0
 10
4.08939
 20
1.1403
 30
0.0
 10
4.08586
 20
1.13676
 30
0.0
 10
4.08586
 20
1.13676
 30
0.0
 10
4.08586
 20
1.13676
 30
0.0
 10
4.08586
 20
1.1297
 30
0.0
 10
4.08586
 20
1.1297
 30
0.0
 10
4.08586
 20
1.1297
 30
0.0
 10
4.08586
 20
1.12265
 30
0.0
 10
4.08586
 20
1.12265
 30
0.0
  0
SPLINE
  5
27F
330
1F
100
AcDbEntity
  8
Camada 1
 62
   251
370
     9
100
AcDbSpline
210
0.0
220
0.0
230
1.0
 70
    24
 71
     3
 72
    14
 73
    10
 74
     0
 42
0.0000000001
 43
0.0000000001
 40
0.0
 40
0.0
 40
0.0
 40
0.0
 40
0.3333333333333333
 40
0.3333333333333333
 40
0.3333333333333333
 40
0.6666666666666666
 40
0.6666666666666666
 40
0.6666666666666666
 40
1.0
 40
1.0
 40
1.0
 40
1.0
 10
4.11409
 20
1.15441
 30
0.0
 10
4.11409
 20
1.15441
 30
0.0
 10
4.11409
 20
1.15441
 30
0.0
 10
4.11409
 20
1.15441
 30
0.0
 10
4.11409
 20
1.15441
 30
0.0
 10
4.11409
 20
1.15088
 30
0.0
 10
4.11409
 20
1.15088
 30
0.0
 10
4.11409
 20
1.15088
 30
0.0
 10
4.11409
 20
1.14735
 30
0.0
 10
4.11409
 20
1.14735
 30
0.0
  0
SPLINE
  5
280
330
1F
100
AcDbEntity
  8
Camada 1
 62
   251
370
     9
100
AcDbSpline
210
0.0
220
0.0
230
1.0
 70
     8
 71
     3
 72
    29
 73
    25
 74
     0
 42
0.0000000001
 43
0.0000000001
 40
0.0
 40
0.0
 40
0.0
 40
0.0
 40
0.125
 40
0.125
 40
0.125
 40
0.25
 40
0.25
 40
0.25
 40
0.375
 40
0.375
 40
0.375
 40
0.5
 40
0.5
 40
0.5
 40
0.625
 40
0.625
 40
0.625
 40
0.75
 40
0.75
 40
0.75
 40
0.875
 40
0.875
 40
0.875
 40
1.0
 40
1.0
 40
1.0
 40
1.0
 10
7.82674
 20
0.00391
 30
0.0
 10
7.82674
 20
0.00391
 30
0.0
 10
7.83379
 20
0.00391
 30
0.0
 10
7.83379
 20
0.00391
 30
0.0
 10
7.83379
 20
0.00391
 30
0.0
 10
7.83733
 20
0.00391
 30
0.0
 10
7.83733
 20
0.00391
 30
0.0
 10
7.83733
 20
0.00391
 30
0.0
 10
7.84438
 20
0.00744
 30
0.0
 10
7.84438
 20
0.00744
 30
0.0
 10
7.84438
 20
0.00744
 30
0.0
 10
7.84791
 20
0.01097
 30
0.0
 10
7.84791
 20
0.01097
 30
0.0
 10
7.84791
 20
0.01097
 30
0.0
 10
7.85144
 20
0.01803
 30
0.0
 10
7.85144
 20
0.01803
 30
0.0
 10
7.85144
 20
0.01803
 30
0.0
 10
7.85497
 20
0.02156
 30
0.0
 10
7.85497
 20
0.02156
 30
0.0
 10
7.85497
 20
0.02156
 30
0.0
 10
7.85497
 20
0.02862
 30
0.0
 10
7.85497
 20
0.02862
 30
0.0
 10
7.85497
 20
0.02862
 30
0.0
 10
7.85497
 20
0.03215
 30
0.0
 10
7.85497
 20
0.03215
 30
0.0
  0
SPLINE
  5
281
330
1F
100
AcDbEntity
  8
Camada 1
 62
   251
370
     9
100
AcDbSpline
210
0.0
220
0.0
230
1.0
 70
    24
 71
     3
 72
    14
 73
    10
 74
     0
 42
0.0000000001
 43
0.0000000001
 40
0.0
 40
0.0
 40
0.0
 40
0.0
 40
0.3333333333333333
 40
0.3333333333333333
 40
0.3333333333333333
 40
0.6666666666666666
 40
0.6666666666666666
 40
0.6666666666666666
 40
1.0
 40
1.0
 40
1.0
 40
1.0
 10
7.82674
 20
0.00391
 30
0.0
 10
7.82674
 20
0.00391
 30
0.0
 10
7.82674
 20
0.00391
 30
0.0
 10
7.82674
 20
0.00391
 30
0.0
 10
7.82674
 20
0.00391
 30
0.0
 10
7.82674
 20
0.00744
 30
0.0
 10
7.82674
 20
0.00744
 30
0.0
 10
7.82674
 20
0.00744
 30
0.0
 10
7.82674
 20
0.01097
 30
0.0
 10
7.82674
 20
0.01097
 30
0.0
  0
SPLINE
  5
282
330
1F
100
AcDbEntity
  8
Camada 1
 62
   251
370
     9
100
AcDbSpline
210
0.0
220
0.0
230
1.0
 70
     8
 71
     3
 72
    29
 73
    25
 74
     0
 42
0.0000000001
 43
0.0000000001
 40
0.0
 40
0.0
 40
0.0
 40
0.0
 40
0.125
 40
0.125
 40
0.125
 40
0.25
 40
0.25
 40
0.25
 40
0.375
 40
0.375
 40
0.375
 40
0.5
 40
0.5
 40
0.5
 40
0.625
 40
0.625
 40
0.625
 40
0.75
 40
0.75
 40
0.75
 40
0.875
 40
0.875
 40
0.875
 40
1.0
 40
1.0
 40
1.0
 40
1.0
 10
4.11409
 20
0.00391
 30
0.0
 10
4.11409
 20
0.00391
 30
0.0
 10
4.10703
 20
0.00391
 30
0.0
 10
4.10703
 20
0.00391
 30
0.0
 10
4.10703
 20
0.00391
 30
0.0
 10
4.1035
 20
0.00391
 30
0.0
 10
4.1035
 20
0.00391
 30
0.0
 10
4.1035
 20
0.00391
 30
0.0
 10
4.09644
 20
0.00744
 30
0.0
 10
4.09644
 20
0.00744
 30
0.0
 10
4.09644
 20
0.00744
 30
0.0
 10
4.09292
 20
0.01097
 30
0.0
 10
4.09292
 20
0.01097
 30
0.0
 10
4.09292
 20
0.01097
 30
0.0
 10
4.08939
 20
0.01803
 30
0.0
 10
4.08939
 20
0.01803
 30
0.0
 10
4.08939
 20
0.01803
 30
0.0
 10
4.08586
 20
0.02156
 30
0.0
 10
4.08586
 20
0.02156
 30
0.0
 10
4.08586
 20
0.02156
 30
0.0
 10
4.08586
 20
0.02862
 30
0.0
 10
4.08586
 20
0.02862
 30
0.0
 10
4.08586
 20
0.02862
 30
0.0
 10
4.08586
 20
0.03215
 30
0.0
 10
4.08586
 20
0.03215
 30
0.0
  0
SPLINE
  5
283
330
1F
100
AcDbEntity
  8
Camada 1
 62
   251
370
     9
100
AcDbSpline
210
0.0
220
0.0
230
1.0
 70
    24
 71
     3
 72
    11
 73
     7
 74
     0
 42
0.0000000001
 43
0.0000000001
 40
0.0
 40
0.0
 40
0.0
 40
0.0
 40
0.5
 40
0.5
 40
0.5
 40
1.0
 40
1.0
 40
1.0
 40
1.0
 10
4.11409
 20
0.01097
 30
0.0
 10
4.11409
 20
0.01097
 30
0.0
 10
4.11409
 20
0.00744
 30
0.0
 10
4.11409
 20
0.00744
 30
0.0
 10
4.11409
 20
0.00744
 30
0.0
 10
4.11409
 20
0.00391
 30
0.0
 10
4.11409
 20
0.00391
 30
0.0
  0
SPLINE
  5
284
330
1F
100
AcDbEntity
  8
Camada 1
 62
   251
370
     9
100
AcDbSpline
210
0.0
220
0.0
230
1.0
 70
    24
 71
     3
 72
     8
 73
     4
 74
     0
 42
0.0000000001
 43
0.0000000001
 40
0.0
 40
0.0
 40
0.0
 40
0.0
 40
1.0
 40
1.0
 40
1.0
 40
1.0
 10
4.11409
 20
1.15441
 30
0.0
 10
4.11409
 20
1.15441
 30
0.0
 10
7.82674
 20
1.15441
 30
0.0
 10
7.82674
 20
1.15441
 30
0.0
  0
SPLINE
  5
285
330
1F
100
AcDbEntity
  8
Camada 1
 62
   251
370
     9
100
AcDbSpline
210
0.0
220
0.0
230
1.0
 70
    24
 71
     3
 72
     8
 73
     4
 74
     0
 42
0.0000000001
 43
0.0000000001
 40
0.0
 40
0.0
 40
0.0
 40
0.0
 40
1.0
 40
1.0
 40
1.0
 40
1.0
 10
7.82674
 20
0.00391
 30
0.0
 10
7.82674
 20
0.00391
 30
0.0
 10
4.11409
 20
0.00391
 30
0.0
 10
4.11409
 20
0.00391
 30
0.0
  0
SPLINE
  5
286
330
1F
100
AcDbEntity
  8
Camada 1
 62
   251
370
     9
100
AcDbSpline
210
0.0
220
0.0
230
1.0
 70
     8
 71
     3
 72
    29
 73
    25
 74
     0
 42
0.0000000001
 43
0.0000000001
 40
0.0
 40
0.0
 40
0.0
 40
0.0
 40
0.125
 40
0.125
 40
0.125
 40
0.25
 40
0.25
 40
0.25
 40
0.375
 40
0.375
 40
0.375
 40
0.5
 40
0.5
 40
0.5
 40
0.625
 40
0.625
 40
0.625
 40
0.75
 40
0.75
 40
0.75
 40
0.875
 40
0.875
 40
0.875
 40
1.0
 40
1.0
 40
1.0
 40
1.0
 10
4.11409
 20
1.15441
 30
0.0
 10
4.11409
 20
1.15441
 30
0.0
 10
4.10703
 20
1.15441
 30
0.0
 10
4.10703
 20
1.15441
 30
0.0
 10
4.10703
 20
1.15441
 30
0.0
 10
4.1035
 20
1.15088
 30
0.0
 10
4.1035
 20
1.15088
 30
0.0
 10
4.1035
 20
1.15088
 30
0.0
 10
4.09644
 20
1.14735
 30
0.0
 10
4.09644
 20
1.14735
 30
0.0
 10
4.09644
 20
1.14735
 30
0.0
 10
4.09292
 20
1.14383
 30
0.0
 10
4.09292
 20
1.14383
 30
0.0
 10
4.09292
 20
1.14383
 30
0.0
 10
4.08939
 20
1.1403
 30
0.0
 10
4.08939
 20
1.1403
 30
0.0
 10
4.08939
 20
1.1403
 30
0.0
 10
4.08586
 20
1.13676
 30
0.0
 10
4.08586
 20
1.13676
 30
0.0
 10
4.08586
 20
1.13676
 30
0.0
 10
4.08586
 20
1.1297
 30
0.0
 10
4.08586
 20
1.1297
 30
0.0
 10
4.08586
 20
1.1297
 30
0.0
 10
4.08586
 20
1.12265
 30
0.0
 10
4.08586
 20
1.12265
 30
0.0
  0
SPLINE
  5
289
330
1F
100
AcDbEntity
  8
Camada 1
 62
   251
370
     9
100
AcDbSpline
210
0.0
220
0.0
230
1.0
 70
     8
 71
     3
 72
    29
 73
    25
 74
     0
 42
0.0000000001
 43
0.0000000001
 40
0.0
 40
0.0
 40
0.0
 40
0.0
 40
0.125
 40
0.125
 40
0.125
 40
0.25
 40
0.25
 40
0.25
 40
0.375
 40
0.375
 40
0.375
 40
0.5
 40
0.5
 40
0.5
 40
0.625
 40
0.625
 40
0.625
 40
0.75
 40
0.75
 40
0.75
 40
0.875
 40
0.875
 40
0.875
 40
1.0
 40
1.0
 40
1.0
 40
1.0
 10
7.82674
 20
1.15441
 30
0.0
 10
7.82674
 20
1.15441
 30
0.0
 10
7.83379
 20
1.15441
 30
0.0
 10
7.83379
 20
1.15441
 30
0.0
 10
7.83379
 20
1.15441
 30
0.0
 10
7.83733
 20
1.15088
 30
0.0
 10
7.83733
 20
1.15088
 30
0.0
 10
7.83733
 20
1.15088
 30
0.0
 10
7.84438
 20
1.14735
 30
0.0
 10
7.84438
 20
1.14735
 30
0.0
 10
7.84438
 20
1.14735
 30
0.0
 10
7.84791
 20
1.14383
 30
0.0
 10
7.84791
 20
1.14383
 30
0.0
 10
7.84791
 20
1.14383
 30
0.0
 10
7.85144
 20
1.1403
 30
0.0
 10
7.85144
 20
1.1403
 30
0.0
 10
7.85144
 20
1.1403
 30
0.0
 10
7.85497
 20
1.13676
 30
0.0
 10
7.85497
 20
1.13676
 30
0.0
 10
7.85497
 20
1.13676
 30
0.0
 10
7.85497
 20
1.1297
 30
0.0
 10
7.85497
 20
1.1297
 30
0.0
 10
7.85497
 20
1.1297
 30
0.0
 10
7.85497
 20
1.12265
 30
0.0
 10
7.85497
 20
1.12265
 30
0.0
  0
SPLINE
  5
28B
330
1F
100
AcDbEntity
  8
Camada 1
 62
   251
370
     9
100
AcDbSpline
210
0.0
220
0.0
230
1.0
 70
     8
 71
     3
 72
    29
 73
    25
 74
     0
 42
0.0000000001
 43
0.0000000001
 40
0.0
 40
0.0
 40
0.0
 40
0.0
 40
0.125
 40
0.125
 40
0.125
 40
0.25
 40
0.25
 40
0.25
 40
0.375
 40
0.375
 40
0.375
 40
0.5
 40
0.5
 40
0.5
 40
0.625
 40
0.625
 40
0.625
 40
0.75
 40
0.75
 40
0.75
 40
0.875
 40
0.875
 40
0.875
 40
1.0
 40
1.0
 40
1.0
 40
1.0
 10
4.11409
 20
0.00391
 30
0.0
 10
4.11409
 20
0.00391
 30
0.0
 10
4.10703
 20
0.00391
 30
0.0
 10
4.10703
 20
0.00391
 30
0.0
 10
4.10703
 20
0.00391
 30
0.0
 10
4.1035
 20
0.00391
 30
0.0
 10
4.1035
 20
0.00391
 30
0.0
 10
4.1035
 20
0.00391
 30
0.0
 10
4.09644
 20
0.00744
 30
0.0
 10
4.09644
 20
0.00744
 30
0.0
 10
4.09644
 20
0.00744
 30
0.0
 10
4.09292
 20
0.01097
 30
0.0
 10
4.09292
 20
0.01097
 30
0.0
 10
4.09292
 20
0.01097
 30
0.0
 10
4.08939
 20
0.01803
 30
0.0
 10
4.08939
 20
0.01803
 30
0.0
 10
4.08939
 20
0.01803
 30
0.0
 10
4.08586
 20
0.02156
 30
0.0
 10
4.08586
 20
0.02156
 30
0.0
 10
4.08586
 20
0.02156
 30
0.0
 10
4.08586
 20
0.02862
 30
0.0
 10
4.08586
 20
0.02862
 30
0.0
 10
4.08586
 20
0.02862
 30
0.0
 10
4.08586
 20
0.03215
 30
0.0
 10
4.08586
 20
0.03215
 30
0.0
  0
SPLINE
  5
28C
330
1F
100
AcDbEntity
  8
Camada 1
 62
   251
370
     9
100
AcDbSpline
210
0.0
220
0.0
230
1.0
 70
     8
 71
     3
 72
    29
 73
    25
 74
     0
 42
0.0000000001
 43
0.0000000001
 40
0.0
 40
0.0
 40
0.0
 40
0.0
 40
0.125
 40
0.125
 40
0.125
 40
0.25
 40
0.25
 40
0.25
 40
0.375
 40
0.375
 40
0.375
 40
0.5
 40
0.5
 40
0.5
 40
0.625
 40
0.625
 40
0.625
 40
0.75
 40
0.75
 40
0.75
 40
0.875
 40
0.875
 40
0.875
 40
1.0
 40
1.0
 40
1.0
 40
1.0
 10
7.82674
 20
0.00391
 30
0.0
 10
7.82674
 20
0.00391
 30
0.0
 10
7.83379
 20
0.00391
 30
0.0
 10
7.83379
 20
0.00391
 30
0.0
 10
7.83379
 20
0.00391
 30
0.0
 10
7.83733
 20
0.00391
 30
0.0
 10
7.83733
 20
0.00391
 30
0.0
 10
7.83733
 20
0.00391
 30
0.0
 10
7.84438
 20
0.00744
 30
0.0
 10
7.84438
 20
0.00744
 30
0.0
 10
7.84438
 20
0.00744
 30
0.0
 10
7.84791
 20
0.01097
 30
0.0
 10
7.84791
 20
0.01097
 30
0.0
 10
7.84791
 20
0.01097
 30
0.0
 10
7.85144
 20
0.01803
 30
0.0
 10
7.85144
 20
0.01803
 30
0.0
 10
7.85144
 20
0.01803
 30
0.0
 10
7.85497
 20
0.02156
 30
0.0
 10
7.85497
 20
0.02156
 30
0.0
 10
7.85497
 20
0.02156
 30
0.0
 10
7.85497
 20
0.02862
 30
0.0
 10
7.85497
 20
0.02862
 30
0.0
 10
7.85497
 20
0.02862
 30
0.0
 10
7.85497
 20
0.03215
 30
0.0
 10
7.85497
 20
0.03215
 30
0.0
  0
SPLINE
  5
28F
330
1F
100
AcDbEntity
  8
Camada 1
 62
   251
370
     9
100
AcDbSpline
210
0.0
220
0.0
230
1.0
 70
    24
 71
     3
 72
     8
 73
     4
 74
     0
 42
0.0000000001
 43
0.0000000001
 40
0.0
 40
0.0
 40
0.0
 40
0.0
 40
1.0
 40
1.0
 40
1.0
 40
1.0
 10
7.82674
 20
1.15441
 30
0.0
 10
7.82674
 20
1.15441
 30
0.0
 10
4.11409
 20
1.15441
 30
0.0
 10
4.11409
 20
1.15441
 30
0.0
  0
SPLINE
  5
291
330
1F
100
AcDbEntity
  8
Camada 1
 62
   251
370
     9
100
AcDbSpline
210
0.0
220
0.0
230
1.0
 70
    24
 71
     3
 72
     8
 73
     4
 74
     0
 42
0.0000000001
 43
0.0000000001
 40
0.0
 40
0.0
 40
0.0
 40
0.0
 40
1.0
 40
1.0
 40
1.0
 40
1.0
 10
7.82674
 20
0.00039
 30
0.0
 10
7.82674
 20
0.00039
 30
0.0
 10
7.82674
 20
0.00391
 30
0.0
 10
7.82674
 20
0.00391
 30
0.0
  0
SPLINE
  5
292
330
1F
100
AcDbEntity
  8
Camada 1
 62
   251
370
     9
100
AcDbSpline
210
0.0
220
0.0
230
1.0
 70
    24
 71
     3
 72
     8
 73
     4
 74
     0
 42
0.0000000001
 43
0.0000000001
 40
0.0
 40
0.0
 40
0.0
 40
0.0
 40
1.0
 40
1.0
 40
1.0
 40
1.0
 10
4.11409
 20
0.00039
 30
0.0
 10
4.11409
 20
0.00039
 30
0.0
 10
7.82674
 20
0.00039
 30
0.0
 10
7.82674
 20
0.00039
 30
0.0
  0
SPLINE
  5
293
330
1F
100
AcDbEntity
  8
Camada 1
 62
   251
370
     9
100
AcDbSpline
210
0.0
220
0.0
230
1.0
 70
    24
 71
     3
 72
     8
 73
     4
 74
     0
 42
0.0000000001
 43
0.0000000001
 40
0.0
 40
0.0
 40
0.0
 40
0.0
 40
1.0
 40
1.0
 40
1.0
 40
1.0
 10
4.11409
 20
0.00391
 30
0.0
 10
4.11409
 20
0.00391
 30
0.0
 10
4.11409
 20
0.00039
 30
0.0
 10
4.11409
 20
0.00039
 30
0.0
  0
SPLINE
  5
294
330
1F
100
AcDbEntity
  8
Camada 1
 62
   251
370
     9
100
AcDbSpline
210
0.0
220
0.0
230
1.0
 70
     8
 71
     3
 72
    29
 73
    25
 74
     0
 42
0.0000000001
 43
0.0000000001
 40
0.0
 40
0.0
 40
0.0
 40
0.0
 40
0.125
 40
0.125
 40
0.125
 40
0.25
 40
0.25
 40
0.25
 40
0.375
 40
0.375
 40
0.375
 40
0.5
 40
0.5
 40
0.5
 40
0.625
 40
0.625
 40
0.625
 40
0.75
 40
0.75
 40
0.75
 40
0.875
 40
0.875
 40
0.875
 40
1.0
 40
1.0
 40
1.0
 40
1.0
 10
7.8585
 20
1.12618
 30
0.0
 10
7.8585
 20
1.12618
 30
0.0
 10
7.8585
 20
1.1297
 30
0.0
 10
7.8585
 20
1.1297
 30
0.0
 10
7.8585
 20
1.1297
 30
0.0
 10
7.85497
 20
1.13676
 30
0.0
 10
7.85497
 20
1.13676
 30
0.0
 10
7.85497
 20
1.13676
 30
0.0
 10
7.85144
 20
1.1403
 30
0.0
 10
7.85144
 20
1.1403
 30
0.0
 10
7.85144
 20
1.1403
 30
0.0
 10
7.84791
 20
1.14735
 30
0.0
 10
7.84791
 20
1.14735
 30
0.0
 10
7.84791
 20
1.14735
 30
0.0
 10
7.84438
 20
1.15088
 30
0.0
 10
7.84438
 20
1.15088
 30
0.0
 10
7.84438
 20
1.15088
 30
0.0
 10
7.83733
 20
1.15441
 30
0.0
 10
7.83733
 20
1.15441
 30
0.0
 10
7.83733
 20
1.15441
 30
0.0
 10
7.83379
 20
1.15441
 30
0.0
 10
7.83379
 20
1.15441
 30
0.0
 10
7.83379
 20
1.15441
 30
0.0
 10
7.82674
 20
1.15441
 30
0.0
 10
7.82674
 20
1.15441
 30
0.0
  0
SPLINE
  5
295
330
1F
100
AcDbEntity
  8
Camada 1
 62
   251
370
     9
100
AcDbSpline
210
0.0
220
0.0
230
1.0
 70
    24
 71
     3
 72
     8
 73
     4
 74
     0
 42
0.0000000001
 43
0.0000000001
 40
0.0
 40
0.0
 40
0.0
 40
0.0
 40
1.0
 40
1.0
 40
1.0
 40
1.0
 10
7.8585
 20
1.12618
 30
0.0
 10
7.8585
 20
1.12618
 30
0.0
 10
7.85497
 20
1.12265
 30
0.0
 10
7.85497
 20
1.12265
 30
0.0
  0
SPLINE
  5
296
330
1F
100
AcDbEntity
  8
Camada 1
 62
   251
370
     9
100
AcDbSpline
210
0.0
220
0.0
230
1.0
 70
    24
 71
     3
 72
     8
 73
     4
 74
     0
 42
0.0000000001
 43
0.0000000001
 40
0.0
 40
0.0
 40
0.0
 40
0.0
 40
1.0
 40
1.0
 40
1.0
 40
1.0
 10
7.85497
 20
0.03215
 30
0.0
 10
7.85497
 20
0.03215
 30
0.0
 10
7.8585
 20
0.03215
 30
0.0
 10
7.8585
 20
0.03215
 30
0.0
  0
SPLINE
  5
297
330
1F
100
AcDbEntity
  8
Camada 1
 62
   251
370
     9
100
AcDbSpline
210
0.0
220
0.0
230
1.0
 70
     8
 71
     3
 72
    29
 73
    25
 74
     0
 42
0.0000000001
 43
0.0000000001
 40
0.0
 40
0.0
 40
0.0
 40
0.0
 40
0.125
 40
0.125
 40
0.125
 40
0.25
 40
0.25
 40
0.25
 40
0.375
 40
0.375
 40
0.375
 40
0.5
 40
0.5
 40
0.5
 40
0.625
 40
0.625
 40
0.625
 40
0.75
 40
0.75
 40
0.75
 40
0.875
 40
0.875
 40
0.875
 40
1.0
 40
1.0
 40
1.0
 40
1.0
 10
7.82674
 20
0.00039
 30
0.0
 10
7.82674
 20
0.00039
 30
0.0
 10
7.83379
 20
0.00391
 30
0.0
 10
7.83379
 20
0.00391
 30
0.0
 10
7.83379
 20
0.00391
 30
0.0
 10
7.83733
 20
0.00391
 30
0.0
 10
7.83733
 20
0.00391
 30
0.0
 10
7.83733
 20
0.00391
 30
0.0
 10
7.84438
 20
0.00744
 30
0.0
 10
7.84438
 20
0.00744
 30
0.0
 10
7.84438
 20
0.00744
 30
0.0
 10
7.84791
 20
0.01097
 30
0.0
 10
7.84791
 20
0.01097
 30
0.0
 10
7.84791
 20
0.01097
 30
0.0
 10
7.85144
 20
0.0145
 30
0.0
 10
7.85144
 20
0.0145
 30
0.0
 10
7.85144
 20
0.0145
 30
0.0
 10
7.85497
 20
0.02156
 30
0.0
 10
7.85497
 20
0.02156
 30
0.0
 10
7.85497
 20
0.02156
 30
0.0
 10
7.8585
 20
0.02509
 30
0.0
 10
7.8585
 20
0.02509
 30
0.0
 10
7.8585
 20
0.02509
 30
0.0
 10
7.8585
 20
0.03215
 30
0.0
 10
7.8585
 20
0.03215
 30
0.0
  0
SPLINE
  5
298
330
1F
100
AcDbEntity
  8
Camada 1
 62
   251
370
     9
100
AcDbSpline
210
0.0
220
0.0
230
1.0
 70
     8
 71
     3
 72
    29
 73
    25
 74
     0
 42
0.0000000001
 43
0.0000000001
 40
0.0
 40
0.0
 40
0.0
 40
0.0
 40
0.125
 40
0.125
 40
0.125
 40
0.25
 40
0.25
 40
0.25
 40
0.375
 40
0.375
 40
0.375
 40
0.5
 40
0.5
 40
0.5
 40
0.625
 40
0.625
 40
0.625
 40
0.75
 40
0.75
 40
0.75
 40
0.875
 40
0.875
 40
0.875
 40
1.0
 40
1.0
 40
1.0
 40
1.0
 10
4.08232
 20
0.03215
 30
0.0
 10
4.08232
 20
0.03215
 30
0.0
 10
4.08232
 20
0.02509
 30
0.0
 10
4.08232
 20
0.02509
 30
0.0
 10
4.08232
 20
0.02509
 30
0.0
 10
4.08586
 20
0.02156
 30
0.0
 10
4.08586
 20
0.02156
 30
0.0
 10
4.08586
 20
0.02156
 30
0.0
 10
4.08939
 20
0.0145
 30
0.0
 10
4.08939
 20
0.0145
 30
0.0
 10
4.08939
 20
0.0145
 30
0.0
 10
4.09292
 20
0.01097
 30
0.0
 10
4.09292
 20
0.01097
 30
0.0
 10
4.09292
 20
0.01097
 30
0.0
 10
4.09644
 20
0.00744
 30
0.0
 10
4.09644
 20
0.00744
 30
0.0
 10
4.09644
 20
0.00744
 30
0.0
 10
4.1035
 20
0.00391
 30
0.0
 10
4.1035
 20
0.00391
 30
0.0
 10
4.1035
 20
0.00391
 30
0.0
 10
4.10703
 20
0.00391
 30
0.0
 10
4.10703
 20
0.00391
 30
0.0
 10
4.10703
 20
0.00391
 30
0.0
 10
4.11409
 20
0.00039
 30
0.0
 10
4.11409
 20
0.00039
 30
0.0
  0
SPLINE
  5
299
330
1F
100
AcDbEntity
  8
Camada 1
 62
   251
370
     9
100
AcDbSpline
210
0.0
220
0.0
230
1.0
 70
    24
 71
     3
 72
     8
 73
     4
 74
     0
 42
0.0000000001
 43
0.0000000001
 40
0.0
 40
0.0
 40
0.0
 40
0.0
 40
1.0
 40
1.0
 40
1.0
 40
1.0
 10
4.08232
 20
0.03215
 30
0.0
 10
4.08232
 20
0.03215
 30
0.0
 10
4.08586
 20
0.03215
 30
0.0
 10
4.08586
 20
0.03215
 30
0.0
  0
SPLINE
  5
29A
330
1F
100
AcDbEntity
  8
Camada 1
 62
   251
370
     9
100
AcDbSpline
210
0.0
220
0.0
230
1.0
 70
    24
 71
     3
 72
     8
 73
     4
 74
     0
 42
0.0000000001
 43
0.0000000001
 40
0.0
 40
0.0
 40
0.0
 40
0.0
 40
1.0
 40
1.0
 40
1.0
 40
1.0
 10
4.08586
 20
1.12265
 30
0.0
 10
4.08586
 20
1.12265
 30
0.0
 10
4.08232
 20
1.12618
 30
0.0
 10
4.08232
 20
1.12618
 30
0.0
  0
SPLINE
  5
29B
330
1F
100
AcDbEntity
  8
Camada 1
 62
   251
370
     9
100
AcDbSpline
210
0.0
220
0.0
230
1.0
 70
     8
 71
     3
 72
    29
 73
    25
 74
     0
 42
0.0000000001
 43
0.0000000001
 40
0.0
 40
0.0
 40
0.0
 40
0.0
 40
0.125
 40
0.125
 40
0.125
 40
0.25
 40
0.25
 40
0.25
 40
0.375
 40
0.375
 40
0.375
 40
0.5
 40
0.5
 40
0.5
 40
0.625
 40
0.625
 40
0.625
 40
0.75
 40
0.75
 40
0.75
 40
0.875
 40
0.875
 40
0.875
 40
1.0
 40
1.0
 40
1.0
 40
1.0
 10
4.11409
 20
1.15441
 30
0.0
 10
4.11409
 20
1.15441
 30
0.0
 10
4.10703
 20
1.15441
 30
0.0
 10
4.10703
 20
1.15441
 30
0.0
 10
4.10703
 20
1.15441
 30
0.0
 10
4.1035
 20
1.15441
 30
0.0
 10
4.1035
 20
1.15441
 30
0.0
 10
4.1035
 20
1.15441
 30
0.0
 10
4.09644
 20
1.15088
 30
0.0
 10
4.09644
 20
1.15088
 30
0.0
 10
4.09644
 20
1.15088
 30
0.0
 10
4.09292
 20
1.14735
 30
0.0
 10
4.09292
 20
1.14735
 30
0.0
 10
4.09292
 20
1.14735
 30
0.0
 10
4.08939
 20
1.1403
 30
0.0
 10
4.08939
 20
1.1403
 30
0.0
 10
4.08939
 20
1.1403
 30
0.0
 10
4.08586
 20
1.13676
 30
0.0
 10
4.08586
 20
1.13676
 30
0.0
 10
4.08586
 20
1.13676
 30
0.0
 10
4.08232
 20
1.1297
 30
0.0
 10
4.08232
 20
1.1297
 30
0.0
 10
4.08232
 20
1.1297
 30
0.0
 10
4.08232
 20
1.12618
 30
0.0
 10
4.08232
 20
1.12618
 30
0.0
  0
SPLINE
  5
29C
330
1F
100
AcDbEntity
  8
Camada 1
 62
   251
370
     9
100
AcDbSpline
210
0.0
220
0.0
230
1.0
 70
    24
 71
     3
 72
     8
 73
     4
 74
     0
 42
0.0000000001
 43
0.0000000001
 40
0.0
 40
0.0
 40
0.0
 40
0.0
 40
1.0
 40
1.0
 40
1.0
 40
1.0
 10
7.8585
 20
0.03215
 30
0.0
 10
7.8585
 20
0.03215
 30
0.0
 10
7.8585
 20
1.12618
 30
0.0
 10
7.8585
 20
1.12618
 30
0.0
  0
SPLINE
  5
29D
330
1F
100
AcDbEntity
  8
Camada 1
 62
   251
370
     9
100
AcDbSpline
210
0.0
220
0.0
230
1.0
 70
    24
 71
     3
 72
     8
 73
     4
 74
     0
 42
0.0000000001
 43
0.0000000001
 40
0.0
 40
0.0
 40
0.0
 40
0.0
 40
1.0
 40
1.0
 40
1.0
 40
1.0
 10
4.08232
 20
1.12618
 30
0.0
 10
4.08232
 20
1.12618
 30
0.0
 10
4.08232
 20
0.03215
 30
0.0
 10
4.08232
 20
0.03215
 30
0.0
  0
SPLINE
  5
29E
330
1F
100
AcDbEntity
  8
Camada 1
 62
   251
370
     9
100
AcDbSpline
210
0.0
220
0.0
230
1.0
 70
    24
 71
     3
 72
     8
 73
     4
 74
     0
 42
0.0000000001
 43
0.0000000001
 40
0.0
 40
0.0
 40
0.0
 40
0.0
 40
1.0
 40
1.0
 40
1.0
 40
1.0
 10
7.82674
 20
-1.17129
 30
0.0
 10
7.82674
 20
-1.17129
 30
0.0
 10
7.82321
 20
-1.16423
 30
0.0
 10
7.82321
 20
-1.16423
 30
0.0
  0
SPLINE
  5
29F
330
1F
100
AcDbEntity
  8
Camada 1
 62
   251
370
     9
100
AcDbSpline
210
0.0
220
0.0
230
1.0
 70
    24
 71
     3
 72
     8
 73
     4
 74
     0
 42
0.0000000001
 43
0.0000000001
 40
0.0
 40
0.0
 40
0.0
 40
0.0
 40
1.0
 40
1.0
 40
1.0
 40
1.0
 10
4.11409
 20
-1.17129
 30
0.0
 10
4.11409
 20
-1.17129
 30
0.0
 10
7.82674
 20
-1.17129
 30
0.0
 10
7.82674
 20
-1.17129
 30
0.0
  0
SPLINE
  5
2A0
330
1F
100
AcDbEntity
  8
Camada 1
 62
   251
370
     9
100
AcDbSpline
210
0.0
220
0.0
230
1.0
 70
    24
 71
     3
 72
     8
 73
     4
 74
     0
 42
0.0000000001
 43
0.0000000001
 40
0.0
 40
0.0
 40
0.0
 40
0.0
 40
1.0
 40
1.0
 40
1.0
 40
1.0
 10
4.11762
 20
-1.16423
 30
0.0
 10
4.11762
 20
-1.16423
 30
0.0
 10
4.11409
 20
-1.17129
 30
0.0
 10
4.11409
 20
-1.17129
 30
0.0
  0
SPLINE
  5
2A1
330
1F
100
AcDbEntity
  8
Camada 1
 62
   251
370
     9
100
AcDbSpline
210
0.0
220
0.0
230
1.0
 70
     8
 71
     3
 72
    35
 73
    31
 74
     0
 42
0.0000000001
 43
0.0000000001
 40
0.0
 40
0.0
 40
0.0
 40
0.0
 40
0.1
 40
0.1
 40
0.1
 40
0.2
 40
0.2
 40
0.2
 40
0.3
 40
0.3
 40
0.3
 40
0.4
 40
0.4
 40
0.4
 40
0.5
 40
0.5
 40
0.5
 40
0.6000000000000001
 40
0.6000000000000001
 40
0.6000000000000001
 40
0.7000000000000001
 40
0.7000000000000001
 40
0.7000000000000001
 40
0.8
 40
0.8
 40
0.8
 40
0.9
 40
0.9
 40
0.9
 40
1.0
 40
1.0
 40
1.0
 40
1.0
 10
4.11762
 20
-0.04197
 30
0.0
 10
4.11762
 20
-0.04197
 30
0.0
 10
4.1282
 20
-0.07725
 30
0.0
 10
4.1282
 20
-0.07725
 30
0.0
 10
4.1282
 20
-0.07725
 30
0.0
 10
4.1388
 20
-0.11961
 30
0.0
 10
4.1388
 20
-0.11961
 30
0.0
 10
4.1388
 20
-0.11961
 30
0.0
 10
4.15291
 20
-0.21843
 30
0.0
 10
4.15291
 20
-0.21843
 30
0.0
 10
4.15291
 20
-0.21843
 30
0.0
 10
4.1635
 20
-0.32076
 30
0.0
 10
4.1635
 20
-0.32076
 30
0.0
 10
4.1635
 20
-0.32076
 30
0.0
 10
4.17409
 20
-0.50429
 30
0.0
 10
4.17409
 20
-0.50429
 30
0.0
 10
4.17409
 20
-0.50429
 30
0.0
 10
4.17409
 20
-0.69133
 30
0.0
 10
4.17409
 20
-0.69133
 30
0.0
 10
4.17409
 20
-0.69133
 30
0.0
 10
4.1635
 20
-0.87484
 30
0.0
 10
4.1635
 20
-0.87484
 30
0.0
 10
4.1635
 20
-0.87484
 30
0.0
 10
4.14938
 20
-1.02306
 30
0.0
 10
4.14938
 20
-1.02306
 30
0.0
 10
4.14938
 20
-1.02306
 30
0.0
 10
4.13173
 20
-1.11835
 30
0.0
 10
4.13173
 20
-1.11835
 30
0.0
 10
4.13173
 20
-1.11835
 30
0.0
 10
4.11762
 20
-1.16423
 30
0.0
 10
4.11762
 20
-1.16423
 30
0.0
  0
SPLINE
  5
2A2
330
1F
100
AcDbEntity
  8
Camada 1
 62
   251
370
     9
100
AcDbSpline
210
0.0
220
0.0
230
1.0
 70
    24
 71
     3
 72
     8
 73
     4
 74
     0
 42
0.0000000001
 43
0.0000000001
 40
0.0
 40
0.0
 40
0.0
 40
0.0
 40
1.0
 40
1.0
 40
1.0
 40
1.0
 10
4.11409
 20
-0.03137
 30
0.0
 10
4.11409
 20
-0.03137
 30
0.0
 10
4.11762
 20
-0.04197
 30
0.0
 10
4.11762
 20
-0.04197
 30
0.0
  0
SPLINE
  5
2A3
330
1F
100
AcDbEntity
  8
Camada 1
 62
   251
370
     9
100
AcDbSpline
210
0.0
220
0.0
230
1.0
 70
    24
 71
     3
 72
     8
 73
     4
 74
     0
 42
0.0000000001
 43
0.0000000001
 40
0.0
 40
0.0
 40
0.0
 40
0.0
 40
1.0
 40
1.0
 40
1.0
 40
1.0
 10
7.82674
 20
-0.03137
 30
0.0
 10
7.82674
 20
-0.03137
 30
0.0
 10
4.11409
 20
-0.03137
 30
0.0
 10
4.11409
 20
-0.03137
 30
0.0
  0
SPLINE
  5
2A4
330
1F
100
AcDbEntity
  8
Camada 1
 62
   251
370
     9
100
AcDbSpline
210
0.0
220
0.0
230
1.0
 70
    24
 71
     3
 72
     8
 73
     4
 74
     0
 42
0.0000000001
 43
0.0000000001
 40
0.0
 40
0.0
 40
0.0
 40
0.0
 40
1.0
 40
1.0
 40
1.0
 40
1.0
 10
7.82321
 20
-0.04197
 30
0.0
 10
7.82321
 20
-0.04197
 30
0.0
 10
7.82674
 20
-0.03137
 30
0.0
 10
7.82674
 20
-0.03137
 30
0.0
  0
SPLINE
  5
2A5
330
1F
100
AcDbEntity
  8
Camada 1
 62
   251
370
     9
100
AcDbSpline
210
0.0
220
0.0
230
1.0
 70
     8
 71
     3
 72
    35
 73
    31
 74
     0
 42
0.0000000001
 43
0.0000000001
 40
0.0
 40
0.0
 40
0.0
 40
0.0
 40
0.1
 40
0.1
 40
0.1
 40
0.2
 40
0.2
 40
0.2
 40
0.3
 40
0.3
 40
0.3
 40
0.4
 40
0.4
 40
0.4
 40
0.5
 40
0.5
 40
0.5
 40
0.6000000000000001
 40
0.6000000000000001
 40
0.6000000000000001
 40
0.7000000000000001
 40
0.7000000000000001
 40
0.7000000000000001
 40
0.8
 40
0.8
 40
0.8
 40
0.9
 40
0.9
 40
0.9
 40
1.0
 40
1.0
 40
1.0
 40
1.0
 10
7.82321
 20
-1.16423
 30
0.0
 10
7.82321
 20
-1.16423
 30
0.0
 10
7.81262
 20
-1.12893
 30
0.0
 10
7.81262
 20
-1.12893
 30
0.0
 10
7.81262
 20
-1.12893
 30
0.0
 10
7.80203
 20
-1.08659
 30
0.0
 10
7.80203
 20
-1.08659
 30
0.0
 10
7.80203
 20
-1.08659
 30
0.0
 10
7.78792
 20
-0.98777
 30
0.0
 10
7.78792
 20
-0.98777
 30
0.0
 10
7.78792
 20
-0.98777
 30
0.0
 10
7.77733
 20
-0.8819
 30
0.0
 10
7.77733
 20
-0.8819
 30
0.0
 10
7.77733
 20
-0.8819
 30
0.0
 10
7.76674
 20
-0.69838
 30
0.0
 10
7.76674
 20
-0.69838
 30
0.0
 10
7.76674
 20
-0.69838
 30
0.0
 10
7.76674
 20
-0.51134
 30
0.0
 10
7.76674
 20
-0.51134
 30
0.0
 10
7.76674
 20
-0.51134
 30
0.0
 10
7.77733
 20
-0.32783
 30
0.0
 10
7.77733
 20
-0.32783
 30
0.0
 10
7.77733
 20
-0.32783
 30
0.0
 10
7.79145
 20
-0.1796
 30
0.0
 10
7.79145
 20
-0.1796
 30
0.0
 10
7.79145
 20
-0.1796
 30
0.0
 10
7.8091
 20
-0.08785
 30
0.0
 10
7.8091
 20
-0.08785
 30
0.0
 10
7.8091
 20
-0.08785
 30
0.0
 10
7.82321
 20
-0.04197
 30
0.0
 10
7.82321
 20
-0.04197
 30
0.0
  0
SPLINE
  5
2A6
330
1F
100
AcDbEntity
  8
Camada 1
 62
   251
370
     9
100
AcDbSpline
210
0.0
220
0.0
230
1.0
 70
     8
 71
     3
 72
    29
 73
    25
 74
     0
 42
0.0000000001
 43
0.0000000001
 40
0.0
 40
0.0
 40
0.0
 40
0.0
 40
0.125
 40
0.125
 40
0.125
 40
0.25
 40
0.25
 40
0.25
 40
0.375
 40
0.375
 40
0.375
 40
0.5
 40
0.5
 40
0.5
 40
0.625
 40
0.625
 40
0.625
 40
0.75
 40
0.75
 40
0.75
 40
0.875
 40
0.875
 40
0.875
 40
1.0
 40
1.0
 40
1.0
 40
1.0
 10
4.11762
 20
-1.16423
 30
0.0
 10
4.11762
 20
-1.16423
 30
0.0
 10
4.11057
 20
-1.1607
 30
0.0
 10
4.11057
 20
-1.1607
 30
0.0
 10
4.11057
 20
-1.1607
 30
0.0
 10
4.10703
 20
-1.1607
 30
0.0
 10
4.10703
 20
-1.1607
 30
0.0
 10
4.10703
 20
-1.1607
 30
0.0
 10
4.1035
 20
-1.15718
 30
0.0
 10
4.1035
 20
-1.15718
 30
0.0
 10
4.1035
 20
-1.15718
 30
0.0
 10
4.09997
 20
-1.15364
 30
0.0
 10
4.09997
 20
-1.15364
 30
0.0
 10
4.09997
 20
-1.15364
 30
0.0
 10
4.09644
 20
-1.15364
 30
0.0
 10
4.09644
 20
-1.15364
 30
0.0
 10
4.09644
 20
-1.15364
 30
0.0
 10
4.09292
 20
-1.15011
 30
0.0
 10
4.09292
 20
-1.15011
 30
0.0
 10
4.09292
 20
-1.15011
 30
0.0
 10
4.08939
 20
-1.14658
 30
0.0
 10
4.08939
 20
-1.14658
 30
0.0
 10
4.08939
 20
-1.14658
 30
0.0
 10
4.08939
 20
-1.14305
 30
0.0
 10
4.08939
 20
-1.14305
 30
0.0
  0
SPLINE
  5
2A7
330
1F
100
AcDbEntity
  8
Camada 1
 62
   251
370
     9
100
AcDbSpline
210
0.0
220
0.0
230
1.0
 70
     8
 71
     3
 72
    32
 73
    28
 74
     0
 42
0.0000000001
 43
0.0000000001
 40
0.0
 40
0.0
 40
0.0
 40
0.0
 40
0.1111111111111111
 40
0.1111111111111111
 40
0.1111111111111111
 40
0.2222222222222222
 40
0.2222222222222222
 40
0.2222222222222222
 40
0.3333333333333333
 40
0.3333333333333333
 40
0.3333333333333333
 40
0.4444444444444444
 40
0.4444444444444444
 40
0.4444444444444444
 40
0.5555555555555556
 40
0.5555555555555556
 40
0.5555555555555556
 40
0.6666666666666666
 40
0.6666666666666666
 40
0.6666666666666666
 40
0.7777777777777777
 40
0.7777777777777777
 40
0.7777777777777777
 40
0.8888888888888888
 40
0.8888888888888888
 40
0.8888888888888888
 40
1.0
 40
1.0
 40
1.0
 40
1.0
 10
4.08939
 20
-1.14305
 30
0.0
 10
4.08939
 20
-1.14305
 30
0.0
 10
4.1035
 20
-1.1007
 30
0.0
 10
4.1035
 20
-1.1007
 30
0.0
 10
4.1035
 20
-1.1007
 30
0.0
 10
4.12115
 20
-1.01248
 30
0.0
 10
4.12115
 20
-1.01248
 30
0.0
 10
4.12115
 20
-1.01248
 30
0.0
 10
4.1388
 20
-0.87131
 30
0.0
 10
4.1388
 20
-0.87131
 30
0.0
 10
4.1388
 20
-0.87131
 30
0.0
 10
4.14585
 20
-0.69133
 30
0.0
 10
4.14585
 20
-0.69133
 30
0.0
 10
4.14585
 20
-0.69133
 30
0.0
 10
4.14585
 20
-0.50781
 30
0.0
 10
4.14585
 20
-0.50781
 30
0.0
 10
4.14585
 20
-0.50781
 30
0.0
 10
4.13526
 20
-0.32783
 30
0.0
 10
4.13526
 20
-0.32783
 30
0.0
 10
4.13526
 20
-0.32783
 30
0.0
 10
4.1282
 20
-0.22548
 30
0.0
 10
4.1282
 20
-0.22548
 30
0.0
 10
4.1282
 20
-0.22548
 30
0.0
 10
4.11057
 20
-0.13019
 30
0.0
 10
4.11057
 20
-0.13019
 30
0.0
 10
4.11057
 20
-0.13019
 30
0.0
 10
4.08939
 20
-0.06314
 30
0.0
 10
4.08939
 20
-0.06314
 30
0.0
  0
SPLINE
  5
2A8
330
1F
100
AcDbEntity
  8
Camada 1
 62
   251
370
     9
100
AcDbSpline
210
0.0
220
0.0
230
1.0
 70
     8
 71
     3
 72
    29
 73
    25
 74
     0
 42
0.0000000001
 43
0.0000000001
 40
0.0
 40
0.0
 40
0.0
 40
0.0
 40
0.125
 40
0.125
 40
0.125
 40
0.25
 40
0.25
 40
0.25
 40
0.375
 40
0.375
 40
0.375
 40
0.5
 40
0.5
 40
0.5
 40
0.625
 40
0.625
 40
0.625
 40
0.75
 40
0.75
 40
0.75
 40
0.875
 40
0.875
 40
0.875
 40
1.0
 40
1.0
 40
1.0
 40
1.0
 10
4.11762
 20
-0.04197
 30
0.0
 10
4.11762
 20
-0.04197
 30
0.0
 10
4.11057
 20
-0.04197
 30
0.0
 10
4.11057
 20
-0.04197
 30
0.0
 10
4.11057
 20
-0.04197
 30
0.0
 10
4.10703
 20
-0.0455
 30
0.0
 10
4.10703
 20
-0.0455
 30
0.0
 10
4.10703
 20
-0.0455
 30
0.0
 10
4.1035
 20
-0.0455
 30
0.0
 10
4.1035
 20
-0.0455
 30
0.0
 10
4.1035
 20
-0.0455
 30
0.0
 10
4.09997
 20
-0.04902
 30
0.0
 10
4.09997
 20
-0.04902
 30
0.0
 10
4.09997
 20
-0.04902
 30
0.0
 10
4.09644
 20
-0.05255
 30
0.0
 10
4.09644
 20
-0.05255
 30
0.0
 10
4.09644
 20
-0.05255
 30
0.0
 10
4.09292
 20
-0.05608
 30
0.0
 10
4.09292
 20
-0.05608
 30
0.0
 10
4.09292
 20
-0.05608
 30
0.0
 10
4.08939
 20
-0.05961
 30
0.0
 10
4.08939
 20
-0.05961
 30
0.0
 10
4.08939
 20
-0.05961
 30
0.0
 10
4.08939
 20
-0.06314
 30
0.0
 10
4.08939
 20
-0.06314
 30
0.0
  0
SPLINE
  5
2A9
330
1F
100
AcDbEntity
  8
Camada 1
 62
   251
370
     9
100
AcDbSpline
210
0.0
220
0.0
230
1.0
 70
     8
 71
     3
 72
    29
 73
    25
 74
     0
 42
0.0000000001
 43
0.0000000001
 40
0.0
 40
0.0
 40
0.0
 40
0.0
 40
0.125
 40
0.125
 40
0.125
 40
0.25
 40
0.25
 40
0.25
 40
0.375
 40
0.375
 40
0.375
 40
0.5
 40
0.5
 40
0.5
 40
0.625
 40
0.625
 40
0.625
 40
0.75
 40
0.75
 40
0.75
 40
0.875
 40
0.875
 40
0.875
 40
1.0
 40
1.0
 40
1.0
 40
1.0
 10
7.82321
 20
-0.04197
 30
0.0
 10
7.82321
 20
-0.04197
 30
0.0
 10
7.83026
 20
-0.04197
 30
0.0
 10
7.83026
 20
-0.04197
 30
0.0
 10
7.83026
 20
-0.04197
 30
0.0
 10
7.83379
 20
-0.0455
 30
0.0
 10
7.83379
 20
-0.0455
 30
0.0
 10
7.83379
 20
-0.0455
 30
0.0
 10
7.83733
 20
-0.0455
 30
0.0
 10
7.83733
 20
-0.0455
 30
0.0
 10
7.83733
 20
-0.0455
 30
0.0
 10
7.84086
 20
-0.04902
 30
0.0
 10
7.84086
 20
-0.04902
 30
0.0
 10
7.84086
 20
-0.04902
 30
0.0
 10
7.84438
 20
-0.05255
 30
0.0
 10
7.84438
 20
-0.05255
 30
0.0
 10
7.84438
 20
-0.05255
 30
0.0
 10
7.84791
 20
-0.05608
 30
0.0
 10
7.84791
 20
-0.05608
 30
0.0
 10
7.84791
 20
-0.05608
 30
0.0
 10
7.85144
 20
-0.05961
 30
0.0
 10
7.85144
 20
-0.05961
 30
0.0
 10
7.85144
 20
-0.05961
 30
0.0
 10
7.85144
 20
-0.06314
 30
0.0
 10
7.85144
 20
-0.06314
 30
0.0
  0
SPLINE
  5
2AA
330
1F
100
AcDbEntity
  8
Camada 1
 62
   251
370
     9
100
AcDbSpline
210
0.0
220
0.0
230
1.0
 70
     8
 71
     3
 72
    32
 73
    28
 74
     0
 42
0.0000000001
 43
0.0000000001
 40
0.0
 40
0.0
 40
0.0
 40
0.0
 40
0.1111111111111111
 40
0.1111111111111111
 40
0.1111111111111111
 40
0.2222222222222222
 40
0.2222222222222222
 40
0.2222222222222222
 40
0.3333333333333333
 40
0.3333333333333333
 40
0.3333333333333333
 40
0.4444444444444444
 40
0.4444444444444444
 40
0.4444444444444444
 40
0.5555555555555556
 40
0.5555555555555556
 40
0.5555555555555556
 40
0.6666666666666666
 40
0.6666666666666666
 40
0.6666666666666666
 40
0.7777777777777777
 40
0.7777777777777777
 40
0.7777777777777777
 40
0.8888888888888888
 40
0.8888888888888888
 40
0.8888888888888888
 40
1.0
 40
1.0
 40
1.0
 40
1.0
 10
7.85144
 20
-0.06314
 30
0.0
 10
7.85144
 20
-0.06314
 30
0.0
 10
7.83733
 20
-0.10196
 30
0.0
 10
7.83733
 20
-0.10196
 30
0.0
 10
7.83733
 20
-0.10196
 30
0.0
 10
7.81968
 20
-0.19018
 30
0.0
 10
7.81968
 20
-0.19018
 30
0.0
 10
7.81968
 20
-0.19018
 30
0.0
 10
7.80203
 20
-0.33135
 30
0.0
 10
7.80203
 20
-0.33135
 30
0.0
 10
7.80203
 20
-0.33135
 30
0.0
 10
7.79498
 20
-0.51487
 30
0.0
 10
7.79498
 20
-0.51487
 30
0.0
 10
7.79498
 20
-0.51487
 30
0.0
 10
7.79498
 20
-0.69838
 30
0.0
 10
7.79498
 20
-0.69838
 30
0.0
 10
7.79498
 20
-0.69838
 30
0.0
 10
7.80556
 20
-0.87837
 30
0.0
 10
7.80556
 20
-0.87837
 30
0.0
 10
7.80556
 20
-0.87837
 30
0.0
 10
7.81262
 20
-0.97719
 30
0.0
 10
7.81262
 20
-0.97719
 30
0.0
 10
7.81262
 20
-0.97719
 30
0.0
 10
7.83026
 20
-1.07247
 30
0.0
 10
7.83026
 20
-1.07247
 30
0.0
 10
7.83026
 20
-1.07247
 30
0.0
 10
7.85144
 20
-1.14305
 30
0.0
 10
7.85144
 20
-1.14305
 30
0.0
  0
SPLINE
  5
2AB
330
1F
100
AcDbEntity
  8
Camada 1
 62
   251
370
     9
100
AcDbSpline
210
0.0
220
0.0
230
1.0
 70
     8
 71
     3
 72
    29
 73
    25
 74
     0
 42
0.0000000001
 43
0.0000000001
 40
0.0
 40
0.0
 40
0.0
 40
0.0
 40
0.125
 40
0.125
 40
0.125
 40
0.25
 40
0.25
 40
0.25
 40
0.375
 40
0.375
 40
0.375
 40
0.5
 40
0.5
 40
0.5
 40
0.625
 40
0.625
 40
0.625
 40
0.75
 40
0.75
 40
0.75
 40
0.875
 40
0.875
 40
0.875
 40
1.0
 40
1.0
 40
1.0
 40
1.0
 10
7.82321
 20
-1.16423
 30
0.0
 10
7.82321
 20
-1.16423
 30
0.0
 10
7.83026
 20
-1.1607
 30
0.0
 10
7.83026
 20
-1.1607
 30
0.0
 10
7.83026
 20
-1.1607
 30
0.0
 10
7.83379
 20
-1.1607
 30
0.0
 10
7.83379
 20
-1.1607
 30
0.0
 10
7.83379
 20
-1.1607
 30
0.0
 10
7.83733
 20
-1.15718
 30
0.0
 10
7.83733
 20
-1.15718
 30
0.0
 10
7.83733
 20
-1.15718
 30
0.0
 10
7.84086
 20
-1.15364
 30
0.0
 10
7.84086
 20
-1.15364
 30
0.0
 10
7.84086
 20
-1.15364
 30
0.0
 10
7.84438
 20
-1.15364
 30
0.0
 10
7.84438
 20
-1.15364
 30
0.0
 10
7.84438
 20
-1.15364
 30
0.0
 10
7.84791
 20
-1.15011
 30
0.0
 10
7.84791
 20
-1.15011
 30
0.0
 10
7.84791
 20
-1.15011
 30
0.0
 10
7.85144
 20
-1.14658
 30
0.0
 10
7.85144
 20
-1.14658
 30
0.0
 10
7.85144
 20
-1.14658
 30
0.0
 10
7.85144
 20
-1.14305
 30
0.0
 10
7.85144
 20
-1.14305
 30
0.0
  0
SPLINE
  5
2AC
330
1F
100
AcDbEntity
  8
Camada 1
 62
   251
370
     9
100
AcDbSpline
210
0.0
220
0.0
230
1.0
 70
    24
 71
     3
 72
     8
 73
     4
 74
     0
 42
0.0000000001
 43
0.0000000001
 40
0.0
 40
0.0
 40
0.0
 40
0.0
 40
1.0
 40
1.0
 40
1.0
 40
1.0
 10
4.08939
 20
-0.06314
 30
0.0
 10
4.08939
 20
-0.06314
 30
0.0
 10
4.08939
 20
-1.14305
 30
0.0
 10
4.08939
 20
-1.14305
 30
0.0
  0
SPLINE
  5
2AD
330
1F
100
AcDbEntity
  8
Camada 1
 62
   251
370
     9
100
AcDbSpline
210
0.0
220
0.0
230
1.0
 70
    24
 71
     3
 72
     8
 73
     4
 74
     0
 42
0.0000000001
 43
0.0000000001
 40
0.0
 40
0.0
 40
0.0
 40
0.0
 40
1.0
 40
1.0
 40
1.0
 40
1.0
 10
7.85144
 20
-1.14305
 30
0.0
 10
7.85144
 20
-1.14305
 30
0.0
 10
7.85144
 20
-0.06314
 30
0.0
 10
7.85144
 20
-0.06314
 30
0.0
  0
SPLINE
  5
2AE
330
1F
100
AcDbEntity
  8
Camada 1
 62
   251
370
     9
100
AcDbSpline
210
0.0
220
0.0
230
1.0
 70
    24
 71
     3
 72
     8
 73
     4
 74
     0
 42
0.0000000001
 43
0.0000000001
 40
0.0
 40
0.0
 40
0.0
 40
0.0
 40
1.0
 40
1.0
 40
1.0
 40
1.0
 10
7.85497
 20
-0.05608
 30
0.0
 10
7.85497
 20
-0.05608
 30
0.0
 10
7.85144
 20
-0.06314
 30
0.0
 10
7.85144
 20
-0.06314
 30
0.0
  0
SPLINE
  5
2AF
330
1F
100
AcDbEntity
  8
Camada 1
 62
   251
370
     9
100
AcDbSpline
210
0.0
220
0.0
230
1.0
 70
     8
 71
     3
 72
    29
 73
    25
 74
     0
 42
0.0000000001
 43
0.0000000001
 40
0.0
 40
0.0
 40
0.0
 40
0.0
 40
0.125
 40
0.125
 40
0.125
 40
0.25
 40
0.25
 40
0.25
 40
0.375
 40
0.375
 40
0.375
 40
0.5
 40
0.5
 40
0.5
 40
0.625
 40
0.625
 40
0.625
 40
0.75
 40
0.75
 40
0.75
 40
0.875
 40
0.875
 40
0.875
 40
1.0
 40
1.0
 40
1.0
 40
1.0
 10
7.82674
 20
-0.03137
 30
0.0
 10
7.82674
 20
-0.03137
 30
0.0
 10
7.83379
 20
-0.0349
 30
0.0
 10
7.83379
 20
-0.0349
 30
0.0
 10
7.83379
 20
-0.0349
 30
0.0
 10
7.83733
 20
-0.0349
 30
0.0
 10
7.83733
 20
-0.0349
 30
0.0
 10
7.83733
 20
-0.0349
 30
0.0
 10
7.84438
 20
-0.03844
 30
0.0
 10
7.84438
 20
-0.03844
 30
0.0
 10
7.84438
 20
-0.03844
 30
0.0
 10
7.84791
 20
-0.03844
 30
0.0
 10
7.84791
 20
-0.03844
 30
0.0
 10
7.84791
 20
-0.03844
 30
0.0
 10
7.85144
 20
-0.04197
 30
0.0
 10
7.85144
 20
-0.04197
 30
0.0
 10
7.85144
 20
-0.04197
 30
0.0
 10
7.85497
 20
-0.04902
 30
0.0
 10
7.85497
 20
-0.04902
 30
0.0
 10
7.85497
 20
-0.04902
 30
0.0
 10
7.85497
 20
-0.05255
 30
0.0
 10
7.85497
 20
-0.05255
 30
0.0
 10
7.85497
 20
-0.05255
 30
0.0
 10
7.85497
 20
-0.05608
 30
0.0
 10
7.85497
 20
-0.05608
 30
0.0
  0
SPLINE
  5
2B0
330
1F
100
AcDbEntity
  8
Camada 1
 62
   251
370
     9
100
AcDbSpline
210
0.0
220
0.0
230
1.0
 70
    24
 71
     3
 72
     8
 73
     4
 74
     0
 42
0.0000000001
 43
0.0000000001
 40
0.0
 40
0.0
 40
0.0
 40
0.0
 40
1.0
 40
1.0
 40
1.0
 40
1.0
 10
7.85144
 20
-1.14305
 30
0.0
 10
7.85144
 20
-1.14305
 30
0.0
 10
7.85497
 20
-1.14658
 30
0.0
 10
7.85497
 20
-1.14658
 30
0.0
  0
SPLINE
  5
2B1
330
1F
100
AcDbEntity
  8
Camada 1
 62
   251
370
     9
100
AcDbSpline
210
0.0
220
0.0
230
1.0
 70
     8
 71
     3
 72
    29
 73
    25
 74
     0
 42
0.0000000001
 43
0.0000000001
 40
0.0
 40
0.0
 40
0.0
 40
0.0
 40
0.125
 40
0.125
 40
0.125
 40
0.25
 40
0.25
 40
0.25
 40
0.375
 40
0.375
 40
0.375
 40
0.5
 40
0.5
 40
0.5
 40
0.625
 40
0.625
 40
0.625
 40
0.75
 40
0.75
 40
0.75
 40
0.875
 40
0.875
 40
0.875
 40
1.0
 40
1.0
 40
1.0
 40
1.0
 10
7.82674
 20
-1.17129
 30
0.0
 10
7.82674
 20
-1.17129
 30
0.0
 10
7.83379
 20
-1.17129
 30
0.0
 10
7.83379
 20
-1.17129
 30
0.0
 10
7.83379
 20
-1.17129
 30
0.0
 10
7.83733
 20
-1.16776
 30
0.0
 10
7.83733
 20
-1.16776
 30
0.0
 10
7.83733
 20
-1.16776
 30
0.0
 10
7.84438
 20
-1.16776
 30
0.0
 10
7.84438
 20
-1.16776
 30
0.0
 10
7.84438
 20
-1.16776
 30
0.0
 10
7.84791
 20
-1.16423
 30
0.0
 10
7.84791
 20
-1.16423
 30
0.0
 10
7.84791
 20
-1.16423
 30
0.0
 10
7.85144
 20
-1.1607
 30
0.0
 10
7.85144
 20
-1.1607
 30
0.0
 10
7.85144
 20
-1.1607
 30
0.0
 10
7.85497
 20
-1.15718
 30
0.0
 10
7.85497
 20
-1.15718
 30
0.0
 10
7.85497
 20
-1.15718
 30
0.0
 10
7.85497
 20
-1.15364
 30
0.0
 10
7.85497
 20
-1.15364
 30
0.0
 10
7.85497
 20
-1.15364
 30
0.0
 10
7.85497
 20
-1.14658
 30
0.0
 10
7.85497
 20
-1.14658
 30
0.0
  0
SPLINE
  5
2B2
330
1F
100
AcDbEntity
  8
Camada 1
 62
   251
370
     9
100
AcDbSpline
210
0.0
220
0.0
230
1.0
 70
    24
 71
     3
 72
     8
 73
     4
 74
     0
 42
0.0000000001
 43
0.0000000001
 40
0.0
 40
0.0
 40
0.0
 40
0.0
 40
1.0
 40
1.0
 40
1.0
 40
1.0
 10
4.08586
 20
-1.14658
 30
0.0
 10
4.08586
 20
-1.14658
 30
0.0
 10
4.08939
 20
-1.14305
 30
0.0
 10
4.08939
 20
-1.14305
 30
0.0
  0
SPLINE
  5
2B3
330
1F
100
AcDbEntity
  8
Camada 1
 62
   251
370
     9
100
AcDbSpline
210
0.0
220
0.0
230
1.0
 70
     8
 71
     3
 72
    29
 73
    25
 74
     0
 42
0.0000000001
 43
0.0000000001
 40
0.0
 40
0.0
 40
0.0
 40
0.0
 40
0.125
 40
0.125
 40
0.125
 40
0.25
 40
0.25
 40
0.25
 40
0.375
 40
0.375
 40
0.375
 40
0.5
 40
0.5
 40
0.5
 40
0.625
 40
0.625
 40
0.625
 40
0.75
 40
0.75
 40
0.75
 40
0.875
 40
0.875
 40
0.875
 40
1.0
 40
1.0
 40
1.0
 40
1.0
 10
4.11409
 20
-1.17129
 30
0.0
 10
4.11409
 20
-1.17129
 30
0.0
 10
4.11057
 20
-1.17129
 30
0.0
 10
4.11057
 20
-1.17129
 30
0.0
 10
4.11057
 20
-1.17129
 30
0.0
 10
4.1035
 20
-1.16776
 30
0.0
 10
4.1035
 20
-1.16776
 30
0.0
 10
4.1035
 20
-1.16776
 30
0.0
 10
4.09997
 20
-1.16776
 30
0.0
 10
4.09997
 20
-1.16776
 30
0.0
 10
4.09997
 20
-1.16776
 30
0.0
 10
4.09292
 20
-1.16423
 30
0.0
 10
4.09292
 20
-1.16423
 30
0.0
 10
4.09292
 20
-1.16423
 30
0.0
 10
4.08939
 20
-1.1607
 30
0.0
 10
4.08939
 20
-1.1607
 30
0.0
 10
4.08939
 20
-1.1607
 30
0.0
 10
4.08586
 20
-1.15718
 30
0.0
 10
4.08586
 20
-1.15718
 30
0.0
 10
4.08586
 20
-1.15718
 30
0.0
 10
4.08586
 20
-1.15364
 30
0.0
 10
4.08586
 20
-1.15364
 30
0.0
 10
4.08586
 20
-1.15364
 30
0.0
 10
4.08586
 20
-1.14658
 30
0.0
 10
4.08586
 20
-1.14658
 30
0.0
  0
SPLINE
  5
2B4
330
1F
100
AcDbEntity
  8
Camada 1
 62
   251
370
     9
100
AcDbSpline
210
0.0
220
0.0
230
1.0
 70
    24
 71
     3
 72
     8
 73
     4
 74
     0
 42
0.0000000001
 43
0.0000000001
 40
0.0
 40
0.0
 40
0.0
 40
0.0
 40
1.0
 40
1.0
 40
1.0
 40
1.0
 10
4.08939
 20
-0.06314
 30
0.0
 10
4.08939
 20
-0.06314
 30
0.0
 10
4.08586
 20
-0.05608
 30
0.0
 10
4.08586
 20
-0.05608
 30
0.0
  0
SPLINE
  5
2B5
330
1F
100
AcDbEntity
  8
Camada 1
 62
   251
370
     9
100
AcDbSpline
210
0.0
220
0.0
230
1.0
 70
     8
 71
     3
 72
    29
 73
    25
 74
     0
 42
0.0000000001
 43
0.0000000001
 40
0.0
 40
0.0
 40
0.0
 40
0.0
 40
0.125
 40
0.125
 40
0.125
 40
0.25
 40
0.25
 40
0.25
 40
0.375
 40
0.375
 40
0.375
 40
0.5
 40
0.5
 40
0.5
 40
0.625
 40
0.625
 40
0.625
 40
0.75
 40
0.75
 40
0.75
 40
0.875
 40
0.875
 40
0.875
 40
1.0
 40
1.0
 40
1.0
 40
1.0
 10
4.11409
 20
-0.03137
 30
0.0
 10
4.11409
 20
-0.03137
 30
0.0
 10
4.11057
 20
-0.0349
 30
0.0
 10
4.11057
 20
-0.0349
 30
0.0
 10
4.11057
 20
-0.0349
 30
0.0
 10
4.1035
 20
-0.0349
 30
0.0
 10
4.1035
 20
-0.0349
 30
0.0
 10
4.1035
 20
-0.0349
 30
0.0
 10
4.09997
 20
-0.03844
 30
0.0
 10
4.09997
 20
-0.03844
 30
0.0
 10
4.09997
 20
-0.03844
 30
0.0
 10
4.09292
 20
-0.03844
 30
0.0
 10
4.09292
 20
-0.03844
 30
0.0
 10
4.09292
 20
-0.03844
 30
0.0
 10
4.08939
 20
-0.04197
 30
0.0
 10
4.08939
 20
-0.04197
 30
0.0
 10
4.08939
 20
-0.04197
 30
0.0
 10
4.08586
 20
-0.04902
 30
0.0
 10
4.08586
 20
-0.04902
 30
0.0
 10
4.08586
 20
-0.04902
 30
0.0
 10
4.08586
 20
-0.05255
 30
0.0
 10
4.08586
 20
-0.05255
 30
0.0
 10
4.08586
 20
-0.05255
 30
0.0
 10
4.08586
 20
-0.05608
 30
0.0
 10
4.08586
 20
-0.05608
 30
0.0
  0
SPLINE
  5
2B8
330
1F
100
AcDbEntity
  8
Camada 1
 62
   251
370
     9
100
AcDbSpline
210
0.0
220
0.0
230
1.0
 70
    24
 71
     3
 72
     8
 73
     4
 74
     0
 42
0.0000000001
 43
0.0000000001
 40
0.0
 40
0.0
 40
0.0
 40
0.0
 40
1.0
 40
1.0
 40
1.0
 40
1.0
 10
7.85497
 20
-0.05608
 30
0.0
 10
7.85497
 20
-0.05608
 30
0.0
 10
7.85497
 20
-1.14658
 30
0.0
 10
7.85497
 20
-1.14658
 30
0.0
  0
SPLINE
  5
2BB
330
1F
100
AcDbEntity
  8
Camada 1
 62
   251
370
     9
100
AcDbSpline
210
0.0
220
0.0
230
1.0
 70
    24
 71
     3
 72
     8
 73
     4
 74
     0
 42
0.0000000001
 43
0.0000000001
 40
0.0
 40
0.0
 40
0.0
 40
0.0
 40
1.0
 40
1.0
 40
1.0
 40
1.0
 10
4.08586
 20
-1.14658
 30
0.0
 10
4.08586
 20
-1.14658
 30
0.0
 10
4.08586
 20
-0.05608
 30
0.0
 10
4.08586
 20
-0.05608
 30
0.0
  0
SPLINE
  5
2BC
330
1F
100
AcDbEntity
  8
Camada 1
 62
   251
370
     9
100
AcDbSpline
210
0.0
220
0.0
230
1.0
 70
     8
 71
     3
 72
    29
 73
    25
 74
     0
 42
0.0000000001
 43
0.0000000001
 40
0.0
 40
0.0
 40
0.0
 40
0.0
 40
0.125
 40
0.125
 40
0.125
 40
0.25
 40
0.25
 40
0.25
 40
0.375
 40
0.375
 40
0.375
 40
0.5
 40
0.5
 40
0.5
 40
0.625
 40
0.625
 40
0.625
 40
0.75
 40
0.75
 40
0.75
 40
0.875
 40
0.875
 40
0.875
 40
1.0
 40
1.0
 40
1.0
 40
1.0
 10
7.82674
 20
-0.02785
 30
0.0
 10
7.82674
 20
-0.02785
 30
0.0
 10
7.83379
 20
-0.02785
 30
0.0
 10
7.83379
 20
-0.02785
 30
0.0
 10
7.83379
 20
-0.02785
 30
0.0
 10
7.83733
 20
-0.02785
 30
0.0
 10
7.83733
 20
-0.02785
 30
0.0
 10
7.83733
 20
-0.02785
 30
0.0
 10
7.84438
 20
-0.03137
 30
0.0
 10
7.84438
 20
-0.03137
 30
0.0
 10
7.84438
 20
-0.03137
 30
0.0
 10
7.84791
 20
-0.0349
 30
0.0
 10
7.84791
 20
-0.0349
 30
0.0
 10
7.84791
 20
-0.0349
 30
0.0
 10
7.85144
 20
-0.03844
 30
0.0
 10
7.85144
 20
-0.03844
 30
0.0
 10
7.85144
 20
-0.03844
 30
0.0
 10
7.85497
 20
-0.0455
 30
0.0
 10
7.85497
 20
-0.0455
 30
0.0
 10
7.85497
 20
-0.0455
 30
0.0
 10
7.85497
 20
-0.04902
 30
0.0
 10
7.85497
 20
-0.04902
 30
0.0
 10
7.85497
 20
-0.04902
 30
0.0
 10
7.85497
 20
-0.05608
 30
0.0
 10
7.85497
 20
-0.05608
 30
0.0
  0
SPLINE
  5
2BD
330
1F
100
AcDbEntity
  8
Camada 1
 62
   251
370
     9
100
AcDbSpline
210
0.0
220
0.0
230
1.0
 70
    24
 71
     3
 72
    11
 73
     7
 74
     0
 42
0.0000000001
 43
0.0000000001
 40
0.0
 40
0.0
 40
0.0
 40
0.0
 40
0.5
 40
0.5
 40
0.5
 40
1.0
 40
1.0
 40
1.0
 40
1.0
 10
7.82674
 20
-0.03137
 30
0.0
 10
7.82674
 20
-0.03137
 30
0.0
 10
7.82674
 20
-0.03137
 30
0.0
 10
7.82674
 20
-0.03137
 30
0.0
 10
7.82674
 20
-0.03137
 30
0.0
 10
7.82674
 20
-0.02785
 30
0.0
 10
7.82674
 20
-0.02785
 30
0.0
  0
SPLINE
  5
2BE
330
1F
100
AcDbEntity
  8
Camada 1
 62
   251
370
     9
100
AcDbSpline
210
0.0
220
0.0
230
1.0
 70
     8
 71
     3
 72
    29
 73
    25
 74
     0
 42
0.0000000001
 43
0.0000000001
 40
0.0
 40
0.0
 40
0.0
 40
0.0
 40
0.125
 40
0.125
 40
0.125
 40
0.25
 40
0.25
 40
0.25
 40
0.375
 40
0.375
 40
0.375
 40
0.5
 40
0.5
 40
0.5
 40
0.625
 40
0.625
 40
0.625
 40
0.75
 40
0.75
 40
0.75
 40
0.875
 40
0.875
 40
0.875
 40
1.0
 40
1.0
 40
1.0
 40
1.0
 10
4.11409
 20
-0.02785
 30
0.0
 10
4.11409
 20
-0.02785
 30
0.0
 10
4.10703
 20
-0.02785
 30
0.0
 10
4.10703
 20
-0.02785
 30
0.0
 10
4.10703
 20
-0.02785
 30
0.0
 10
4.1035
 20
-0.02785
 30
0.0
 10
4.1035
 20
-0.02785
 30
0.0
 10
4.1035
 20
-0.02785
 30
0.0
 10
4.09644
 20
-0.03137
 30
0.0
 10
4.09644
 20
-0.03137
 30
0.0
 10
4.09644
 20
-0.03137
 30
0.0
 10
4.09292
 20
-0.0349
 30
0.0
 10
4.09292
 20
-0.0349
 30
0.0
 10
4.09292
 20
-0.0349
 30
0.0
 10
4.08939
 20
-0.03844
 30
0.0
 10
4.08939
 20
-0.03844
 30
0.0
 10
4.08939
 20
-0.03844
 30
0.0
 10
4.08586
 20
-0.0455
 30
0.0
 10
4.08586
 20
-0.0455
 30
0.0
 10
4.08586
 20
-0.0455
 30
0.0
 10
4.08586
 20
-0.04902
 30
0.0
 10
4.08586
 20
-0.04902
 30
0.0
 10
4.08586
 20
-0.04902
 30
0.0
 10
4.08586
 20
-0.05608
 30
0.0
 10
4.08586
 20
-0.05608
 30
0.0
  0
SPLINE
  5
2BF
330
1F
100
AcDbEntity
  8
Camada 1
 62
   251
370
     9
100
AcDbSpline
210
0.0
220
0.0
230
1.0
 70
    24
 71
     3
 72
    11
 73
     7
 74
     0
 42
0.0000000001
 43
0.0000000001
 40
0.0
 40
0.0
 40
0.0
 40
0.0
 40
0.5
 40
0.5
 40
0.5
 40
1.0
 40
1.0
 40
1.0
 40
1.0
 10
4.11409
 20
-0.02785
 30
0.0
 10
4.11409
 20
-0.02785
 30
0.0
 10
4.11409
 20
-0.02785
 30
0.0
 10
4.11409
 20
-0.02785
 30
0.0
 10
4.11409
 20
-0.02785
 30
0.0
 10
4.11409
 20
-0.03137
 30
0.0
 10
4.11409
 20
-0.03137
 30
0.0
  0
SPLINE
  5
2C0
330
1F
100
AcDbEntity
  8
Camada 1
 62
   251
370
     9
100
AcDbSpline
210
0.0
220
0.0
230
1.0
 70
     8
 71
     3
 72
    29
 73
    25
 74
     0
 42
0.0000000001
 43
0.0000000001
 40
0.0
 40
0.0
 40
0.0
 40
0.0
 40
0.125
 40
0.125
 40
0.125
 40
0.25
 40
0.25
 40
0.25
 40
0.375
 40
0.375
 40
0.375
 40
0.5
 40
0.5
 40
0.5
 40
0.625
 40
0.625
 40
0.625
 40
0.75
 40
0.75
 40
0.75
 40
0.875
 40
0.875
 40
0.875
 40
1.0
 40
1.0
 40
1.0
 40
1.0
 10
7.82674
 20
-1.17834
 30
0.0
 10
7.82674
 20
-1.17834
 30
0.0
 10
7.83379
 20
-1.17834
 30
0.0
 10
7.83379
 20
-1.17834
 30
0.0
 10
7.83379
 20
-1.17834
 30
0.0
 10
7.83733
 20
-1.17481
 30
0.0
 10
7.83733
 20
-1.17481
 30
0.0
 10
7.83733
 20
-1.17481
 30
0.0
 10
7.84438
 20
-1.17129
 30
0.0
 10
7.84438
 20
-1.17129
 30
0.0
 10
7.84438
 20
-1.17129
 30
0.0
 10
7.84791
 20
-1.16776
 30
0.0
 10
7.84791
 20
-1.16776
 30
0.0
 10
7.84791
 20
-1.16776
 30
0.0
 10
7.85144
 20
-1.16423
 30
0.0
 10
7.85144
 20
-1.16423
 30
0.0
 10
7.85144
 20
-1.16423
 30
0.0
 10
7.85497
 20
-1.15718
 30
0.0
 10
7.85497
 20
-1.15718
 30
0.0
 10
7.85497
 20
-1.15718
 30
0.0
 10
7.85497
 20
-1.15364
 30
0.0
 10
7.85497
 20
-1.15364
 30
0.0
 10
7.85497
 20
-1.15364
 30
0.0
 10
7.85497
 20
-1.14658
 30
0.0
 10
7.85497
 20
-1.14658
 30
0.0
  0
SPLINE
  5
2C1
330
1F
100
AcDbEntity
  8
Camada 1
 62
   251
370
     9
100
AcDbSpline
210
0.0
220
0.0
230
1.0
 70
    24
 71
     3
 72
    14
 73
    10
 74
     0
 42
0.0000000001
 43
0.0000000001
 40
0.0
 40
0.0
 40
0.0
 40
0.0
 40
0.3333333333333333
 40
0.3333333333333333
 40
0.3333333333333333
 40
0.6666666666666666
 40
0.6666666666666666
 40
0.6666666666666666
 40
1.0
 40
1.0
 40
1.0
 40
1.0
 10
7.82674
 20
-1.17834
 30
0.0
 10
7.82674
 20
-1.17834
 30
0.0
 10
7.82674
 20
-1.17834
 30
0.0
 10
7.82674
 20
-1.17834
 30
0.0
 10
7.82674
 20
-1.17834
 30
0.0
 10
7.82674
 20
-1.17481
 30
0.0
 10
7.82674
 20
-1.17481
 30
0.0
 10
7.82674
 20
-1.17481
 30
0.0
 10
7.82674
 20
-1.17129
 30
0.0
 10
7.82674
 20
-1.17129
 30
0.0
  0
SPLINE
  5
2C2
330
1F
100
AcDbEntity
  8
Camada 1
 62
   251
370
     9
100
AcDbSpline
210
0.0
220
0.0
230
1.0
 70
     8
 71
     3
 72
    29
 73
    25
 74
     0
 42
0.0000000001
 43
0.0000000001
 40
0.0
 40
0.0
 40
0.0
 40
0.0
 40
0.125
 40
0.125
 40
0.125
 40
0.25
 40
0.25
 40
0.25
 40
0.375
 40
0.375
 40
0.375
 40
0.5
 40
0.5
 40
0.5
 40
0.625
 40
0.625
 40
0.625
 40
0.75
 40
0.75
 40
0.75
 40
0.875
 40
0.875
 40
0.875
 40
1.0
 40
1.0
 40
1.0
 40
1.0
 10
4.11409
 20
-1.17834
 30
0.0
 10
4.11409
 20
-1.17834
 30
0.0
 10
4.10703
 20
-1.17834
 30
0.0
 10
4.10703
 20
-1.17834
 30
0.0
 10
4.10703
 20
-1.17834
 30
0.0
 10
4.1035
 20
-1.17481
 30
0.0
 10
4.1035
 20
-1.17481
 30
0.0
 10
4.1035
 20
-1.17481
 30
0.0
 10
4.09644
 20
-1.17129
 30
0.0
 10
4.09644
 20
-1.17129
 30
0.0
 10
4.09644
 20
-1.17129
 30
0.0
 10
4.09292
 20
-1.16776
 30
0.0
 10
4.09292
 20
-1.16776
 30
0.0
 10
4.09292
 20
-1.16776
 30
0.0
 10
4.08939
 20
-1.16423
 30
0.0
 10
4.08939
 20
-1.16423
 30
0.0
 10
4.08939
 20
-1.16423
 30
0.0
 10
4.08586
 20
-1.15718
 30
0.0
 10
4.08586
 20
-1.15718
 30
0.0
 10
4.08586
 20
-1.15718
 30
0.0
 10
4.08586
 20
-1.15364
 30
0.0
 10
4.08586
 20
-1.15364
 30
0.0
 10
4.08586
 20
-1.15364
 30
0.0
 10
4.08586
 20
-1.14658
 30
0.0
 10
4.08586
 20
-1.14658
 30
0.0
  0
SPLINE
  5
2C3
330
1F
100
AcDbEntity
  8
Camada 1
 62
   251
370
     9
100
AcDbSpline
210
0.0
220
0.0
230
1.0
 70
    24
 71
     3
 72
    14
 73
    10
 74
     0
 42
0.0000000001
 43
0.0000000001
 40
0.0
 40
0.0
 40
0.0
 40
0.0
 40
0.3333333333333333
 40
0.3333333333333333
 40
0.3333333333333333
 40
0.6666666666666666
 40
0.6666666666666666
 40
0.6666666666666666
 40
1.0
 40
1.0
 40
1.0
 40
1.0
 10
4.11409
 20
-1.17129
 30
0.0
 10
4.11409
 20
-1.17129
 30
0.0
 10
4.11409
 20
-1.17129
 30
0.0
 10
4.11409
 20
-1.17129
 30
0.0
 10
4.11409
 20
-1.17129
 30
0.0
 10
4.11409
 20
-1.17481
 30
0.0
 10
4.11409
 20
-1.17481
 30
0.0
 10
4.11409
 20
-1.17481
 30
0.0
 10
4.11409
 20
-1.17834
 30
0.0
 10
4.11409
 20
-1.17834
 30
0.0
  0
SPLINE
  5
2C4
330
1F
100
AcDbEntity
  8
Camada 1
 62
   251
370
     9
100
AcDbSpline
210
0.0
220
0.0
230
1.0
 70
    24
 71
     3
 72
     8
 73
     4
 74
     0
 42
0.0000000001
 43
0.0000000001
 40
0.0
 40
0.0
 40
0.0
 40
0.0
 40
1.0
 40
1.0
 40
1.0
 40
1.0
 10
4.11409
 20
-0.02785
 30
0.0
 10
4.11409
 20
-0.02785
 30
0.0
 10
7.82674
 20
-0.02785
 30
0.0
 10
7.82674
 20
-0.02785
 30
0.0
  0
SPLINE
  5
2C5
330
1F
100
AcDbEntity
  8
Camada 1
 62
   251
370
     9
100
AcDbSpline
210
0.0
220
0.0
230
1.0
 70
    24
 71
     3
 72
     8
 73
     4
 74
     0
 42
0.0000000001
 43
0.0000000001
 40
0.0
 40
0.0
 40
0.0
 40
0.0
 40
1.0
 40
1.0
 40
1.0
 40
1.0
 10
7.82674
 20
-1.17834
 30
0.0
 10
7.82674
 20
-1.17834
 30
0.0
 10
4.11409
 20
-1.17834
 30
0.0
 10
4.11409
 20
-1.17834
 30
0.0
  0
SPLINE
  5
2C6
330
1F
100
AcDbEntity
  8
Camada 1
 62
   251
370
     9
100
AcDbSpline
210
0.0
220
0.0
230
1.0
 70
     8
 71
     3
 72
    29
 73
    25
 74
     0
 42
0.0000000001
 43
0.0000000001
 40
0.0
 40
0.0
 40
0.0
 40
0.0
 40
0.125
 40
0.125
 40
0.125
 40
0.25
 40
0.25
 40
0.25
 40
0.375
 40
0.375
 40
0.375
 40
0.5
 40
0.5
 40
0.5
 40
0.625
 40
0.625
 40
0.625
 40
0.75
 40
0.75
 40
0.75
 40
0.875
 40
0.875
 40
0.875
 40
1.0
 40
1.0
 40
1.0
 40
1.0
 10
4.11409
 20
-0.02785
 30
0.0
 10
4.11409
 20
-0.02785
 30
0.0
 10
4.10703
 20
-0.02785
 30
0.0
 10
4.10703
 20
-0.02785
 30
0.0
 10
4.10703
 20
-0.02785
 30
0.0
 10
4.1035
 20
-0.02785
 30
0.0
 10
4.1035
 20
-0.02785
 30
0.0
 10
4.1035
 20
-0.02785
 30
0.0
 10
4.09644
 20
-0.03137
 30
0.0
 10
4.09644
 20
-0.03137
 30
0.0
 10
4.09644
 20
-0.03137
 30
0.0
 10
4.09292
 20
-0.0349
 30
0.0
 10
4.09292
 20
-0.0349
 30
0.0
 10
4.09292
 20
-0.0349
 30
0.0
 10
4.08939
 20
-0.03844
 30
0.0
 10
4.08939
 20
-0.03844
 30
0.0
 10
4.08939
 20
-0.03844
 30
0.0
 10
4.08586
 20
-0.0455
 30
0.0
 10
4.08586
 20
-0.0455
 30
0.0
 10
4.08586
 20
-0.0455
 30
0.0
 10
4.08586
 20
-0.04902
 30
0.0
 10
4.08586
 20
-0.04902
 30
0.0
 10
4.08586
 20
-0.04902
 30
0.0
 10
4.08586
 20
-0.05608
 30
0.0
 10
4.08586
 20
-0.05608
 30
0.0
  0
SPLINE
  5
2C9
330
1F
100
AcDbEntity
  8
Camada 1
 62
   251
370
     9
100
AcDbSpline
210
0.0
220
0.0
230
1.0
 70
     8
 71
     3
 72
    29
 73
    25
 74
     0
 42
0.0000000001
 43
0.0000000001
 40
0.0
 40
0.0
 40
0.0
 40
0.0
 40
0.125
 40
0.125
 40
0.125
 40
0.25
 40
0.25
 40
0.25
 40
0.375
 40
0.375
 40
0.375
 40
0.5
 40
0.5
 40
0.5
 40
0.625
 40
0.625
 40
0.625
 40
0.75
 40
0.75
 40
0.75
 40
0.875
 40
0.875
 40
0.875
 40
1.0
 40
1.0
 40
1.0
 40
1.0
 10
7.82674
 20
-0.02785
 30
0.0
 10
7.82674
 20
-0.02785
 30
0.0
 10
7.83379
 20
-0.02785
 30
0.0
 10
7.83379
 20
-0.02785
 30
0.0
 10
7.83379
 20
-0.02785
 30
0.0
 10
7.83733
 20
-0.02785
 30
0.0
 10
7.83733
 20
-0.02785
 30
0.0
 10
7.83733
 20
-0.02785
 30
0.0
 10
7.84438
 20
-0.03137
 30
0.0
 10
7.84438
 20
-0.03137
 30
0.0
 10
7.84438
 20
-0.03137
 30
0.0
 10
7.84791
 20
-0.0349
 30
0.0
 10
7.84791
 20
-0.0349
 30
0.0
 10
7.84791
 20
-0.0349
 30
0.0
 10
7.85144
 20
-0.03844
 30
0.0
 10
7.85144
 20
-0.03844
 30
0.0
 10
7.85144
 20
-0.03844
 30
0.0
 10
7.85497
 20
-0.0455
 30
0.0
 10
7.85497
 20
-0.0455
 30
0.0
 10
7.85497
 20
-0.0455
 30
0.0
 10
7.85497
 20
-0.04902
 30
0.0
 10
7.85497
 20
-0.04902
 30
0.0
 10
7.85497
 20
-0.04902
 30
0.0
 10
7.85497
 20
-0.05608
 30
0.0
 10
7.85497
 20
-0.05608
 30
0.0
  0
SPLINE
  5
2CB
330
1F
100
AcDbEntity
  8
Camada 1
 62
   251
370
     9
100
AcDbSpline
210
0.0
220
0.0
230
1.0
 70
     8
 71
     3
 72
    29
 73
    25
 74
     0
 42
0.0000000001
 43
0.0000000001
 40
0.0
 40
0.0
 40
0.0
 40
0.0
 40
0.125
 40
0.125
 40
0.125
 40
0.25
 40
0.25
 40
0.25
 40
0.375
 40
0.375
 40
0.375
 40
0.5
 40
0.5
 40
0.5
 40
0.625
 40
0.625
 40
0.625
 40
0.75
 40
0.75
 40
0.75
 40
0.875
 40
0.875
 40
0.875
 40
1.0
 40
1.0
 40
1.0
 40
1.0
 10
4.11409
 20
-1.17834
 30
0.0
 10
4.11409
 20
-1.17834
 30
0.0
 10
4.10703
 20
-1.17834
 30
0.0
 10
4.10703
 20
-1.17834
 30
0.0
 10
4.10703
 20
-1.17834
 30
0.0
 10
4.1035
 20
-1.17481
 30
0.0
 10
4.1035
 20
-1.17481
 30
0.0
 10
4.1035
 20
-1.17481
 30
0.0
 10
4.09644
 20
-1.17129
 30
0.0
 10
4.09644
 20
-1.17129
 30
0.0
 10
4.09644
 20
-1.17129
 30
0.0
 10
4.09292
 20
-1.16776
 30
0.0
 10
4.09292
 20
-1.16776
 30
0.0
 10
4.09292
 20
-1.16776
 30
0.0
 10
4.08939
 20
-1.16423
 30
0.0
 10
4.08939
 20
-1.16423
 30
0.0
 10
4.08939
 20
-1.16423
 30
0.0
 10
4.08586
 20
-1.15718
 30
0.0
 10
4.08586
 20
-1.15718
 30
0.0
 10
4.08586
 20
-1.15718
 30
0.0
 10
4.08586
 20
-1.15364
 30
0.0
 10
4.08586
 20
-1.15364
 30
0.0
 10
4.08586
 20
-1.15364
 30
0.0
 10
4.08586
 20
-1.14658
 30
0.0
 10
4.08586
 20
-1.14658
 30
0.0
  0
SPLINE
  5
2CC
330
1F
100
AcDbEntity
  8
Camada 1
 62
   251
370
     9
100
AcDbSpline
210
0.0
220
0.0
230
1.0
 70
     8
 71
     3
 72
    29
 73
    25
 74
     0
 42
0.0000000001
 43
0.0000000001
 40
0.0
 40
0.0
 40
0.0
 40
0.0
 40
0.125
 40
0.125
 40
0.125
 40
0.25
 40
0.25
 40
0.25
 40
0.375
 40
0.375
 40
0.375
 40
0.5
 40
0.5
 40
0.5
 40
0.625
 40
0.625
 40
0.625
 40
0.75
 40
0.75
 40
0.75
 40
0.875
 40
0.875
 40
0.875
 40
1.0
 40
1.0
 40
1.0
 40
1.0
 10
7.82674
 20
-1.17834
 30
0.0
 10
7.82674
 20
-1.17834
 30
0.0
 10
7.83379
 20
-1.17834
 30
0.0
 10
7.83379
 20
-1.17834
 30
0.0
 10
7.83379
 20
-1.17834
 30
0.0
 10
7.83733
 20
-1.17481
 30
0.0
 10
7.83733
 20
-1.17481
 30
0.0
 10
7.83733
 20
-1.17481
 30
0.0
 10
7.84438
 20
-1.17129
 30
0.0
 10
7.84438
 20
-1.17129
 30
0.0
 10
7.84438
 20
-1.17129
 30
0.0
 10
7.84791
 20
-1.16776
 30
0.0
 10
7.84791
 20
-1.16776
 30
0.0
 10
7.84791
 20
-1.16776
 30
0.0
 10
7.85144
 20
-1.16423
 30
0.0
 10
7.85144
 20
-1.16423
 30
0.0
 10
7.85144
 20
-1.16423
 30
0.0
 10
7.85497
 20
-1.15718
 30
0.0
 10
7.85497
 20
-1.15718
 30
0.0
 10
7.85497
 20
-1.15718
 30
0.0
 10
7.85497
 20
-1.15364
 30
0.0
 10
7.85497
 20
-1.15364
 30
0.0
 10
7.85497
 20
-1.15364
 30
0.0
 10
7.85497
 20
-1.14658
 30
0.0
 10
7.85497
 20
-1.14658
 30
0.0
  0
SPLINE
  5
2CE
330
1F
100
AcDbEntity
  8
Camada 1
 62
   251
370
     9
100
AcDbSpline
210
0.0
220
0.0
230
1.0
 70
    24
 71
     3
 72
     8
 73
     4
 74
     0
 42
0.0000000001
 43
0.0000000001
 40
0.0
 40
0.0
 40
0.0
 40
0.0
 40
1.0
 40
1.0
 40
1.0
 40
1.0
 10
4.11409
 20
-0.02432
 30
0.0
 10
4.11409
 20
-0.02432
 30
0.0
 10
4.11409
 20
-0.02785
 30
0.0
 10
4.11409
 20
-0.02785
 30
0.0
  0
SPLINE
  5
2CF
330
1F
100
AcDbEntity
  8
Camada 1
 62
   251
370
     9
100
AcDbSpline
210
0.0
220
0.0
230
1.0
 70
    24
 71
     3
 72
     8
 73
     4
 74
     0
 42
0.0000000001
 43
0.0000000001
 40
0.0
 40
0.0
 40
0.0
 40
0.0
 40
1.0
 40
1.0
 40
1.0
 40
1.0
 10
7.82674
 20
-0.02432
 30
0.0
 10
7.82674
 20
-0.02432
 30
0.0
 10
4.11409
 20
-0.02432
 30
0.0
 10
4.11409
 20
-0.02432
 30
0.0
  0
SPLINE
  5
2D0
330
1F
100
AcDbEntity
  8
Camada 1
 62
   251
370
     9
100
AcDbSpline
210
0.0
220
0.0
230
1.0
 70
    24
 71
     3
 72
     8
 73
     4
 74
     0
 42
0.0000000001
 43
0.0000000001
 40
0.0
 40
0.0
 40
0.0
 40
0.0
 40
1.0
 40
1.0
 40
1.0
 40
1.0
 10
7.82674
 20
-0.02785
 30
0.0
 10
7.82674
 20
-0.02785
 30
0.0
 10
7.82674
 20
-0.02432
 30
0.0
 10
7.82674
 20
-0.02432
 30
0.0
  0
SPLINE
  5
2D2
330
1F
100
AcDbEntity
  8
Camada 1
 62
   251
370
     9
100
AcDbSpline
210
0.0
220
0.0
230
1.0
 70
    24
 71
     3
 72
     8
 73
     4
 74
     0
 42
0.0000000001
 43
0.0000000001
 40
0.0
 40
0.0
 40
0.0
 40
0.0
 40
1.0
 40
1.0
 40
1.0
 40
1.0
 10
4.11409
 20
-1.17834
 30
0.0
 10
4.11409
 20
-1.17834
 30
0.0
 10
7.82674
 20
-1.17834
 30
0.0
 10
7.82674
 20
-1.17834
 30
0.0
  0
SPLINE
  5
2D4
330
1F
100
AcDbEntity
  8
Camada 1
 62
   251
370
     9
100
AcDbSpline
210
0.0
220
0.0
230
1.0
 70
    24
 71
     3
 72
     8
 73
     4
 74
     0
 42
0.0000000001
 43
0.0000000001
 40
0.0
 40
0.0
 40
0.0
 40
0.0
 40
1.0
 40
1.0
 40
1.0
 40
1.0
 10
7.85497
 20
-1.14658
 30
0.0
 10
7.85497
 20
-1.14658
 30
0.0
 10
7.8585
 20
-1.15011
 30
0.0
 10
7.8585
 20
-1.15011
 30
0.0
  0
SPLINE
  5
2D5
330
1F
100
AcDbEntity
  8
Camada 1
 62
   251
370
     9
100
AcDbSpline
210
0.0
220
0.0
230
1.0
 70
     8
 71
     3
 72
    29
 73
    25
 74
     0
 42
0.0000000001
 43
0.0000000001
 40
0.0
 40
0.0
 40
0.0
 40
0.0
 40
0.125
 40
0.125
 40
0.125
 40
0.25
 40
0.25
 40
0.25
 40
0.375
 40
0.375
 40
0.375
 40
0.5
 40
0.5
 40
0.5
 40
0.625
 40
0.625
 40
0.625
 40
0.75
 40
0.75
 40
0.75
 40
0.875
 40
0.875
 40
0.875
 40
1.0
 40
1.0
 40
1.0
 40
1.0
 10
7.82674
 20
-1.17834
 30
0.0
 10
7.82674
 20
-1.17834
 30
0.0
 10
7.83379
 20
-1.17834
 30
0.0
 10
7.83379
 20
-1.17834
 30
0.0
 10
7.83379
 20
-1.17834
 30
0.0
 10
7.83733
 20
-1.17481
 30
0.0
 10
7.83733
 20
-1.17481
 30
0.0
 10
7.83733
 20
-1.17481
 30
0.0
 10
7.84438
 20
-1.17481
 30
0.0
 10
7.84438
 20
-1.17481
 30
0.0
 10
7.84438
 20
-1.17481
 30
0.0
 10
7.84791
 20
-1.17129
 30
0.0
 10
7.84791
 20
-1.17129
 30
0.0
 10
7.84791
 20
-1.17129
 30
0.0
 10
7.85144
 20
-1.16423
 30
0.0
 10
7.85144
 20
-1.16423
 30
0.0
 10
7.85144
 20
-1.16423
 30
0.0
 10
7.85497
 20
-1.1607
 30
0.0
 10
7.85497
 20
-1.1607
 30
0.0
 10
7.85497
 20
-1.1607
 30
0.0
 10
7.8585
 20
-1.15364
 30
0.0
 10
7.8585
 20
-1.15364
 30
0.0
 10
7.8585
 20
-1.15364
 30
0.0
 10
7.8585
 20
-1.15011
 30
0.0
 10
7.8585
 20
-1.15011
 30
0.0
  0
SPLINE
  5
2D6
330
1F
100
AcDbEntity
  8
Camada 1
 62
   251
370
     9
100
AcDbSpline
210
0.0
220
0.0
230
1.0
 70
     8
 71
     3
 72
    29
 73
    25
 74
     0
 42
0.0000000001
 43
0.0000000001
 40
0.0
 40
0.0
 40
0.0
 40
0.0
 40
0.125
 40
0.125
 40
0.125
 40
0.25
 40
0.25
 40
0.25
 40
0.375
 40
0.375
 40
0.375
 40
0.5
 40
0.5
 40
0.5
 40
0.625
 40
0.625
 40
0.625
 40
0.75
 40
0.75
 40
0.75
 40
0.875
 40
0.875
 40
0.875
 40
1.0
 40
1.0
 40
1.0
 40
1.0
 10
7.8585
 20
-0.05608
 30
0.0
 10
7.8585
 20
-0.05608
 30
0.0
 10
7.8585
 20
-0.04902
 30
0.0
 10
7.8585
 20
-0.04902
 30
0.0
 10
7.8585
 20
-0.04902
 30
0.0
 10
7.85497
 20
-0.0455
 30
0.0
 10
7.85497
 20
-0.0455
 30
0.0
 10
7.85497
 20
-0.0455
 30
0.0
 10
7.85144
 20
-0.03844
 30
0.0
 10
7.85144
 20
-0.03844
 30
0.0
 10
7.85144
 20
-0.03844
 30
0.0
 10
7.84791
 20
-0.0349
 30
0.0
 10
7.84791
 20
-0.0349
 30
0.0
 10
7.84791
 20
-0.0349
 30
0.0
 10
7.84438
 20
-0.03137
 30
0.0
 10
7.84438
 20
-0.03137
 30
0.0
 10
7.84438
 20
-0.03137
 30
0.0
 10
7.83733
 20
-0.02785
 30
0.0
 10
7.83733
 20
-0.02785
 30
0.0
 10
7.83733
 20
-0.02785
 30
0.0
 10
7.83379
 20
-0.02432
 30
0.0
 10
7.83379
 20
-0.02432
 30
0.0
 10
7.83379
 20
-0.02432
 30
0.0
 10
7.82674
 20
-0.02432
 30
0.0
 10
7.82674
 20
-0.02432
 30
0.0
  0
SPLINE
  5
2D7
330
1F
100
AcDbEntity
  8
Camada 1
 62
   251
370
     9
100
AcDbSpline
210
0.0
220
0.0
230
1.0
 70
    24
 71
     3
 72
     8
 73
     4
 74
     0
 42
0.0000000001
 43
0.0000000001
 40
0.0
 40
0.0
 40
0.0
 40
0.0
 40
1.0
 40
1.0
 40
1.0
 40
1.0
 10
7.8585
 20
-0.05608
 30
0.0
 10
7.8585
 20
-0.05608
 30
0.0
 10
7.85497
 20
-0.05608
 30
0.0
 10
7.85497
 20
-0.05608
 30
0.0
  0
SPLINE
  5
2D8
330
1F
100
AcDbEntity
  8
Camada 1
 62
   251
370
     9
100
AcDbSpline
210
0.0
220
0.0
230
1.0
 70
     8
 71
     3
 72
    29
 73
    25
 74
     0
 42
0.0000000001
 43
0.0000000001
 40
0.0
 40
0.0
 40
0.0
 40
0.0
 40
0.125
 40
0.125
 40
0.125
 40
0.25
 40
0.25
 40
0.25
 40
0.375
 40
0.375
 40
0.375
 40
0.5
 40
0.5
 40
0.5
 40
0.625
 40
0.625
 40
0.625
 40
0.75
 40
0.75
 40
0.75
 40
0.875
 40
0.875
 40
0.875
 40
1.0
 40
1.0
 40
1.0
 40
1.0
 10
4.08232
 20
-1.15011
 30
0.0
 10
4.08232
 20
-1.15011
 30
0.0
 10
4.08232
 20
-1.15364
 30
0.0
 10
4.08232
 20
-1.15364
 30
0.0
 10
4.08232
 20
-1.15364
 30
0.0
 10
4.08586
 20
-1.1607
 30
0.0
 10
4.08586
 20
-1.1607
 30
0.0
 10
4.08586
 20
-1.1607
 30
0.0
 10
4.08939
 20
-1.16423
 30
0.0
 10
4.08939
 20
-1.16423
 30
0.0
 10
4.08939
 20
-1.16423
 30
0.0
 10
4.09292
 20
-1.17129
 30
0.0
 10
4.09292
 20
-1.17129
 30
0.0
 10
4.09292
 20
-1.17129
 30
0.0
 10
4.09644
 20
-1.17481
 30
0.0
 10
4.09644
 20
-1.17481
 30
0.0
 10
4.09644
 20
-1.17481
 30
0.0
 10
4.1035
 20
-1.17481
 30
0.0
 10
4.1035
 20
-1.17481
 30
0.0
 10
4.1035
 20
-1.17481
 30
0.0
 10
4.10703
 20
-1.17834
 30
0.0
 10
4.10703
 20
-1.17834
 30
0.0
 10
4.10703
 20
-1.17834
 30
0.0
 10
4.11409
 20
-1.17834
 30
0.0
 10
4.11409
 20
-1.17834
 30
0.0
  0
SPLINE
  5
2D9
330
1F
100
AcDbEntity
  8
Camada 1
 62
   251
370
     9
100
AcDbSpline
210
0.0
220
0.0
230
1.0
 70
    24
 71
     3
 72
     8
 73
     4
 74
     0
 42
0.0000000001
 43
0.0000000001
 40
0.0
 40
0.0
 40
0.0
 40
0.0
 40
1.0
 40
1.0
 40
1.0
 40
1.0
 10
4.08232
 20
-1.15011
 30
0.0
 10
4.08232
 20
-1.15011
 30
0.0
 10
4.08586
 20
-1.14658
 30
0.0
 10
4.08586
 20
-1.14658
 30
0.0
  0
SPLINE
  5
2DA
330
1F
100
AcDbEntity
  8
Camada 1
 62
   251
370
     9
100
AcDbSpline
210
0.0
220
0.0
230
1.0
 70
    24
 71
     3
 72
     8
 73
     4
 74
     0
 42
0.0000000001
 43
0.0000000001
 40
0.0
 40
0.0
 40
0.0
 40
0.0
 40
1.0
 40
1.0
 40
1.0
 40
1.0
 10
4.08586
 20
-0.05608
 30
0.0
 10
4.08586
 20
-0.05608
 30
0.0
 10
4.08232
 20
-0.05608
 30
0.0
 10
4.08232
 20
-0.05608
 30
0.0
  0
SPLINE
  5
2DB
330
1F
100
AcDbEntity
  8
Camada 1
 62
   251
370
     9
100
AcDbSpline
210
0.0
220
0.0
230
1.0
 70
     8
 71
     3
 72
    29
 73
    25
 74
     0
 42
0.0000000001
 43
0.0000000001
 40
0.0
 40
0.0
 40
0.0
 40
0.0
 40
0.125
 40
0.125
 40
0.125
 40
0.25
 40
0.25
 40
0.25
 40
0.375
 40
0.375
 40
0.375
 40
0.5
 40
0.5
 40
0.5
 40
0.625
 40
0.625
 40
0.625
 40
0.75
 40
0.75
 40
0.75
 40
0.875
 40
0.875
 40
0.875
 40
1.0
 40
1.0
 40
1.0
 40
1.0
 10
4.11409
 20
-0.02432
 30
0.0
 10
4.11409
 20
-0.02432
 30
0.0
 10
4.10703
 20
-0.02432
 30
0.0
 10
4.10703
 20
-0.02432
 30
0.0
 10
4.10703
 20
-0.02432
 30
0.0
 10
4.1035
 20
-0.02785
 30
0.0
 10
4.1035
 20
-0.02785
 30
0.0
 10
4.1035
 20
-0.02785
 30
0.0
 10
4.09644
 20
-0.03137
 30
0.0
 10
4.09644
 20
-0.03137
 30
0.0
 10
4.09644
 20
-0.03137
 30
0.0
 10
4.09292
 20
-0.0349
 30
0.0
 10
4.09292
 20
-0.0349
 30
0.0
 10
4.09292
 20
-0.0349
 30
0.0
 10
4.08939
 20
-0.03844
 30
0.0
 10
4.08939
 20
-0.03844
 30
0.0
 10
4.08939
 20
-0.03844
 30
0.0
 10
4.08586
 20
-0.0455
 30
0.0
 10
4.08586
 20
-0.0455
 30
0.0
 10
4.08586
 20
-0.0455
 30
0.0
 10
4.08232
 20
-0.04902
 30
0.0
 10
4.08232
 20
-0.04902
 30
0.0
 10
4.08232
 20
-0.04902
 30
0.0
 10
4.08232
 20
-0.05608
 30
0.0
 10
4.08232
 20
-0.05608
 30
0.0
  0
SPLINE
  5
2DC
330
1F
100
AcDbEntity
  8
Camada 1
 62
   251
370
     9
100
AcDbSpline
210
0.0
220
0.0
230
1.0
 70
    24
 71
     3
 72
     8
 73
     4
 74
     0
 42
0.0000000001
 43
0.0000000001
 40
0.0
 40
0.0
 40
0.0
 40
0.0
 40
1.0
 40
1.0
 40
1.0
 40
1.0
 10
7.8585
 20
-1.15011
 30
0.0
 10
7.8585
 20
-1.15011
 30
0.0
 10
7.8585
 20
-0.05608
 30
0.0
 10
7.8585
 20
-0.05608
 30
0.0
  0
SPLINE
  5
2DD
330
1F
100
AcDbEntity
  8
Camada 1
 62
   251
370
     9
100
AcDbSpline
210
0.0
220
0.0
230
1.0
 70
    24
 71
     3
 72
     8
 73
     4
 74
     0
 42
0.0000000001
 43
0.0000000001
 40
0.0
 40
0.0
 40
0.0
 40
0.0
 40
1.0
 40
1.0
 40
1.0
 40
1.0
 10
4.08232
 20
-0.05608
 30
0.0
 10
4.08232
 20
-0.05608
 30
0.0
 10
4.08232
 20
-1.15011
 30
0.0
 10
4.08232
 20
-1.15011
 30
0.0
  0
SPLINE
  5
2DE
330
1F
100
AcDbEntity
  8
Camada 1
 62
   251
370
     9
100
AcDbSpline
210
0.0
220
0.0
230
1.0
 70
    24
 71
     3
 72
     8
 73
     4
 74
     0
 42
0.0000000001
 43
0.0000000001
 40
0.0
 40
0.0
 40
0.0
 40
0.0
 40
1.0
 40
1.0
 40
1.0
 40
1.0
 10
7.82674
 20
2.37196
 30
0.0
 10
7.82674
 20
2.37196
 30
0.0
 10
7.82321
 20
2.37902
 30
0.0
 10
7.82321
 20
2.37902
 30
0.0
  0
SPLINE
  5
2DF
330
1F
100
AcDbEntity
  8
Camada 1
 62
   251
370
     9
100
AcDbSpline
210
0.0
220
0.0
230
1.0
 70
    24
 71
     3
 72
     8
 73
     4
 74
     0
 42
0.0000000001
 43
0.0000000001
 40
0.0
 40
0.0
 40
0.0
 40
0.0
 40
1.0
 40
1.0
 40
1.0
 40
1.0
 10
4.11409
 20
2.37196
 30
0.0
 10
4.11409
 20
2.37196
 30
0.0
 10
7.82674
 20
2.37196
 30
0.0
 10
7.82674
 20
2.37196
 30
0.0
  0
SPLINE
  5
2E0
330
1F
100
AcDbEntity
  8
Camada 1
 62
   251
370
     9
100
AcDbSpline
210
0.0
220
0.0
230
1.0
 70
    24
 71
     3
 72
     8
 73
     4
 74
     0
 42
0.0000000001
 43
0.0000000001
 40
0.0
 40
0.0
 40
0.0
 40
0.0
 40
1.0
 40
1.0
 40
1.0
 40
1.0
 10
4.11762
 20
2.37902
 30
0.0
 10
4.11762
 20
2.37902
 30
0.0
 10
4.11409
 20
2.37196
 30
0.0
 10
4.11409
 20
2.37196
 30
0.0
  0
SPLINE
  5
2E1
330
1F
100
AcDbEntity
  8
Camada 1
 62
   251
370
     9
100
AcDbSpline
210
0.0
220
0.0
230
1.0
 70
     8
 71
     3
 72
    35
 73
    31
 74
     0
 42
0.0000000001
 43
0.0000000001
 40
0.0
 40
0.0
 40
0.0
 40
0.0
 40
0.1
 40
0.1
 40
0.1
 40
0.2
 40
0.2
 40
0.2
 40
0.3
 40
0.3
 40
0.3
 40
0.4
 40
0.4
 40
0.4
 40
0.5
 40
0.5
 40
0.5
 40
0.6000000000000001
 40
0.6000000000000001
 40
0.6000000000000001
 40
0.7000000000000001
 40
0.7000000000000001
 40
0.7000000000000001
 40
0.8
 40
0.8
 40
0.8
 40
0.9
 40
0.9
 40
0.9
 40
1.0
 40
1.0
 40
1.0
 40
1.0
 10
4.11762
 20
3.50128
 30
0.0
 10
4.11762
 20
3.50128
 30
0.0
 10
4.1282
 20
3.46599
 30
0.0
 10
4.1282
 20
3.46599
 30
0.0
 10
4.1282
 20
3.46599
 30
0.0
 10
4.1388
 20
3.42364
 30
0.0
 10
4.1388
 20
3.42364
 30
0.0
 10
4.1388
 20
3.42364
 30
0.0
 10
4.15291
 20
3.32482
 30
0.0
 10
4.15291
 20
3.32482
 30
0.0
 10
4.15291
 20
3.32482
 30
0.0
 10
4.1635
 20
3.21895
 30
0.0
 10
4.1635
 20
3.21895
 30
0.0
 10
4.1635
 20
3.21895
 30
0.0
 10
4.17409
 20
3.03543
 30
0.0
 10
4.17409
 20
3.03543
 30
0.0
 10
4.17409
 20
3.03543
 30
0.0
 10
4.17409
 20
2.84839
 30
0.0
 10
4.17409
 20
2.84839
 30
0.0
 10
4.17409
 20
2.84839
 30
0.0
 10
4.1635
 20
2.66488
 30
0.0
 10
4.1635
 20
2.66488
 30
0.0
 10
4.1635
 20
2.66488
 30
0.0
 10
4.14938
 20
2.51665
 30
0.0
 10
4.14938
 20
2.51665
 30
0.0
 10
4.14938
 20
2.51665
 30
0.0
 10
4.13173
 20
2.4249
 30
0.0
 10
4.13173
 20
2.4249
 30
0.0
 10
4.13173
 20
2.4249
 30
0.0
 10
4.11762
 20
2.37902
 30
0.0
 10
4.11762
 20
2.37902
 30
0.0
  0
SPLINE
  5
2E2
330
1F
100
AcDbEntity
  8
Camada 1
 62
   251
370
     9
100
AcDbSpline
210
0.0
220
0.0
230
1.0
 70
    24
 71
     3
 72
     8
 73
     4
 74
     0
 42
0.0000000001
 43
0.0000000001
 40
0.0
 40
0.0
 40
0.0
 40
0.0
 40
1.0
 40
1.0
 40
1.0
 40
1.0
 10
4.11409
 20
3.50834
 30
0.0
 10
4.11409
 20
3.50834
 30
0.0
 10
4.11762
 20
3.50128
 30
0.0
 10
4.11762
 20
3.50128
 30
0.0
  0
SPLINE
  5
2E3
330
1F
100
AcDbEntity
  8
Camada 1
 62
   251
370
     9
100
AcDbSpline
210
0.0
220
0.0
230
1.0
 70
    24
 71
     3
 72
     8
 73
     4
 74
     0
 42
0.0000000001
 43
0.0000000001
 40
0.0
 40
0.0
 40
0.0
 40
0.0
 40
1.0
 40
1.0
 40
1.0
 40
1.0
 10
7.82674
 20
3.50834
 30
0.0
 10
7.82674
 20
3.50834
 30
0.0
 10
4.11409
 20
3.50834
 30
0.0
 10
4.11409
 20
3.50834
 30
0.0
  0
SPLINE
  5
2E4
330
1F
100
AcDbEntity
  8
Camada 1
 62
   251
370
     9
100
AcDbSpline
210
0.0
220
0.0
230
1.0
 70
    24
 71
     3
 72
     8
 73
     4
 74
     0
 42
0.0000000001
 43
0.0000000001
 40
0.0
 40
0.0
 40
0.0
 40
0.0
 40
1.0
 40
1.0
 40
1.0
 40
1.0
 10
7.82321
 20
3.50128
 30
0.0
 10
7.82321
 20
3.50128
 30
0.0
 10
7.82674
 20
3.50834
 30
0.0
 10
7.82674
 20
3.50834
 30
0.0
  0
SPLINE
  5
2E5
330
1F
100
AcDbEntity
  8
Camada 1
 62
   251
370
     9
100
AcDbSpline
210
0.0
220
0.0
230
1.0
 70
     8
 71
     3
 72
    35
 73
    31
 74
     0
 42
0.0000000001
 43
0.0000000001
 40
0.0
 40
0.0
 40
0.0
 40
0.0
 40
0.1
 40
0.1
 40
0.1
 40
0.2
 40
0.2
 40
0.2
 40
0.3
 40
0.3
 40
0.3
 40
0.4
 40
0.4
 40
0.4
 40
0.5
 40
0.5
 40
0.5
 40
0.6000000000000001
 40
0.6000000000000001
 40
0.6000000000000001
 40
0.7000000000000001
 40
0.7000000000000001
 40
0.7000000000000001
 40
0.8
 40
0.8
 40
0.8
 40
0.9
 40
0.9
 40
0.9
 40
1.0
 40
1.0
 40
1.0
 40
1.0
 10
7.82321
 20
2.37902
 30
0.0
 10
7.82321
 20
2.37902
 30
0.0
 10
7.81262
 20
2.41431
 30
0.0
 10
7.81262
 20
2.41431
 30
0.0
 10
7.81262
 20
2.41431
 30
0.0
 10
7.80203
 20
2.45666
 30
0.0
 10
7.80203
 20
2.45666
 30
0.0
 10
7.80203
 20
2.45666
 30
0.0
 10
7.78792
 20
2.55548
 30
0.0
 10
7.78792
 20
2.55548
 30
0.0
 10
7.78792
 20
2.55548
 30
0.0
 10
7.77733
 20
2.65782
 30
0.0
 10
7.77733
 20
2.65782
 30
0.0
 10
7.77733
 20
2.65782
 30
0.0
 10
7.76674
 20
2.84134
 30
0.0
 10
7.76674
 20
2.84134
 30
0.0
 10
7.76674
 20
2.84134
 30
0.0
 10
7.76674
 20
3.02838
 30
0.0
 10
7.76674
 20
3.02838
 30
0.0
 10
7.76674
 20
3.02838
 30
0.0
 10
7.77733
 20
3.21189
 30
0.0
 10
7.77733
 20
3.21189
 30
0.0
 10
7.77733
 20
3.21189
 30
0.0
 10
7.79145
 20
3.36012
 30
0.0
 10
7.79145
 20
3.36012
 30
0.0
 10
7.79145
 20
3.36012
 30
0.0
 10
7.8091
 20
3.4554
 30
0.0
 10
7.8091
 20
3.4554
 30
0.0
 10
7.8091
 20
3.4554
 30
0.0
 10
7.82321
 20
3.50128
 30
0.0
 10
7.82321
 20
3.50128
 30
0.0
  0
SPLINE
  5
2E6
330
1F
100
AcDbEntity
  8
Camada 1
 62
   251
370
     9
100
AcDbSpline
210
0.0
220
0.0
230
1.0
 70
     8
 71
     3
 72
    29
 73
    25
 74
     0
 42
0.0000000001
 43
0.0000000001
 40
0.0
 40
0.0
 40
0.0
 40
0.0
 40
0.125
 40
0.125
 40
0.125
 40
0.25
 40
0.25
 40
0.25
 40
0.375
 40
0.375
 40
0.375
 40
0.5
 40
0.5
 40
0.5
 40
0.625
 40
0.625
 40
0.625
 40
0.75
 40
0.75
 40
0.75
 40
0.875
 40
0.875
 40
0.875
 40
1.0
 40
1.0
 40
1.0
 40
1.0
 10
4.11762
 20
2.37902
 30
0.0
 10
4.11762
 20
2.37902
 30
0.0
 10
4.11057
 20
2.37902
 30
0.0
 10
4.11057
 20
2.37902
 30
0.0
 10
4.11057
 20
2.37902
 30
0.0
 10
4.10703
 20
2.38255
 30
0.0
 10
4.10703
 20
2.38255
 30
0.0
 10
4.10703
 20
2.38255
 30
0.0
 10
4.1035
 20
2.38255
 30
0.0
 10
4.1035
 20
2.38255
 30
0.0
 10
4.1035
 20
2.38255
 30
0.0
 10
4.09997
 20
2.38607
 30
0.0
 10
4.09997
 20
2.38607
 30
0.0
 10
4.09997
 20
2.38607
 30
0.0
 10
4.09644
 20
2.38961
 30
0.0
 10
4.09644
 20
2.38961
 30
0.0
 10
4.09644
 20
2.38961
 30
0.0
 10
4.09292
 20
2.39314
 30
0.0
 10
4.09292
 20
2.39314
 30
0.0
 10
4.09292
 20
2.39314
 30
0.0
 10
4.08939
 20
2.39667
 30
0.0
 10
4.08939
 20
2.39667
 30
0.0
 10
4.08939
 20
2.39667
 30
0.0
 10
4.08939
 20
2.40019
 30
0.0
 10
4.08939
 20
2.40019
 30
0.0
  0
SPLINE
  5
2E7
330
1F
100
AcDbEntity
  8
Camada 1
 62
   251
370
     9
100
AcDbSpline
210
0.0
220
0.0
230
1.0
 70
     8
 71
     3
 72
    32
 73
    28
 74
     0
 42
0.0000000001
 43
0.0000000001
 40
0.0
 40
0.0
 40
0.0
 40
0.0
 40
0.1111111111111111
 40
0.1111111111111111
 40
0.1111111111111111
 40
0.2222222222222222
 40
0.2222222222222222
 40
0.2222222222222222
 40
0.3333333333333333
 40
0.3333333333333333
 40
0.3333333333333333
 40
0.4444444444444444
 40
0.4444444444444444
 40
0.4444444444444444
 40
0.5555555555555556
 40
0.5555555555555556
 40
0.5555555555555556
 40
0.6666666666666666
 40
0.6666666666666666
 40
0.6666666666666666
 40
0.7777777777777777
 40
0.7777777777777777
 40
0.7777777777777777
 40
0.8888888888888888
 40
0.8888888888888888
 40
0.8888888888888888
 40
1.0
 40
1.0
 40
1.0
 40
1.0
 10
4.08939
 20
2.40019
 30
0.0
 10
4.08939
 20
2.40019
 30
0.0
 10
4.1035
 20
2.43901
 30
0.0
 10
4.1035
 20
2.43901
 30
0.0
 10
4.1035
 20
2.43901
 30
0.0
 10
4.12115
 20
2.52725
 30
0.0
 10
4.12115
 20
2.52725
 30
0.0
 10
4.12115
 20
2.52725
 30
0.0
 10
4.1388
 20
2.67193
 30
0.0
 10
4.1388
 20
2.67193
 30
0.0
 10
4.1388
 20
2.67193
 30
0.0
 10
4.14585
 20
2.85192
 30
0.0
 10
4.14585
 20
2.85192
 30
0.0
 10
4.14585
 20
2.85192
 30
0.0
 10
4.14585
 20
3.03543
 30
0.0
 10
4.14585
 20
3.03543
 30
0.0
 10
4.14585
 20
3.03543
 30
0.0
 10
4.13526
 20
3.21542
 30
0.0
 10
4.13526
 20
3.21542
 30
0.0
 10
4.13526
 20
3.21542
 30
0.0
 10
4.1282
 20
3.31424
 30
0.0
 10
4.1282
 20
3.31424
 30
0.0
 10
4.1282
 20
3.31424
 30
0.0
 10
4.11057
 20
3.40953
 30
0.0
 10
4.11057
 20
3.40953
 30
0.0
 10
4.11057
 20
3.40953
 30
0.0
 10
4.08939
 20
3.48011
 30
0.0
 10
4.08939
 20
3.48011
 30
0.0
  0
SPLINE
  5
2E8
330
1F
100
AcDbEntity
  8
Camada 1
 62
   251
370
     9
100
AcDbSpline
210
0.0
220
0.0
230
1.0
 70
     8
 71
     3
 72
    29
 73
    25
 74
     0
 42
0.0000000001
 43
0.0000000001
 40
0.0
 40
0.0
 40
0.0
 40
0.0
 40
0.125
 40
0.125
 40
0.125
 40
0.25
 40
0.25
 40
0.25
 40
0.375
 40
0.375
 40
0.375
 40
0.5
 40
0.5
 40
0.5
 40
0.625
 40
0.625
 40
0.625
 40
0.75
 40
0.75
 40
0.75
 40
0.875
 40
0.875
 40
0.875
 40
1.0
 40
1.0
 40
1.0
 40
1.0
 10
4.11762
 20
3.50128
 30
0.0
 10
4.11762
 20
3.50128
 30
0.0
 10
4.11057
 20
3.49775
 30
0.0
 10
4.11057
 20
3.49775
 30
0.0
 10
4.11057
 20
3.49775
 30
0.0
 10
4.10703
 20
3.49775
 30
0.0
 10
4.10703
 20
3.49775
 30
0.0
 10
4.10703
 20
3.49775
 30
0.0
 10
4.1035
 20
3.49423
 30
0.0
 10
4.1035
 20
3.49423
 30
0.0
 10
4.1035
 20
3.49423
 30
0.0
 10
4.09997
 20
3.49423
 30
0.0
 10
4.09997
 20
3.49423
 30
0.0
 10
4.09997
 20
3.49423
 30
0.0
 10
4.09644
 20
3.4907
 30
0.0
 10
4.09644
 20
3.4907
 30
0.0
 10
4.09644
 20
3.4907
 30
0.0
 10
4.09292
 20
3.48717
 30
0.0
 10
4.09292
 20
3.48717
 30
0.0
 10
4.09292
 20
3.48717
 30
0.0
 10
4.08939
 20
3.48364
 30
0.0
 10
4.08939
 20
3.48364
 30
0.0
 10
4.08939
 20
3.48364
 30
0.0
 10
4.08939
 20
3.48011
 30
0.0
 10
4.08939
 20
3.48011
 30
0.0
  0
SPLINE
  5
2E9
330
1F
100
AcDbEntity
  8
Camada 1
 62
   251
370
     9
100
AcDbSpline
210
0.0
220
0.0
230
1.0
 70
     8
 71
     3
 72
    29
 73
    25
 74
     0
 42
0.0000000001
 43
0.0000000001
 40
0.0
 40
0.0
 40
0.0
 40
0.0
 40
0.125
 40
0.125
 40
0.125
 40
0.25
 40
0.25
 40
0.25
 40
0.375
 40
0.375
 40
0.375
 40
0.5
 40
0.5
 40
0.5
 40
0.625
 40
0.625
 40
0.625
 40
0.75
 40
0.75
 40
0.75
 40
0.875
 40
0.875
 40
0.875
 40
1.0
 40
1.0
 40
1.0
 40
1.0
 10
7.82321
 20
3.50128
 30
0.0
 10
7.82321
 20
3.50128
 30
0.0
 10
7.83026
 20
3.49775
 30
0.0
 10
7.83026
 20
3.49775
 30
0.0
 10
7.83026
 20
3.49775
 30
0.0
 10
7.83379
 20
3.49775
 30
0.0
 10
7.83379
 20
3.49775
 30
0.0
 10
7.83379
 20
3.49775
 30
0.0
 10
7.83733
 20
3.49423
 30
0.0
 10
7.83733
 20
3.49423
 30
0.0
 10
7.83733
 20
3.49423
 30
0.0
 10
7.84086
 20
3.49423
 30
0.0
 10
7.84086
 20
3.49423
 30
0.0
 10
7.84086
 20
3.49423
 30
0.0
 10
7.84438
 20
3.4907
 30
0.0
 10
7.84438
 20
3.4907
 30
0.0
 10
7.84438
 20
3.4907
 30
0.0
 10
7.84791
 20
3.48717
 30
0.0
 10
7.84791
 20
3.48717
 30
0.0
 10
7.84791
 20
3.48717
 30
0.0
 10
7.85144
 20
3.48364
 30
0.0
 10
7.85144
 20
3.48364
 30
0.0
 10
7.85144
 20
3.48364
 30
0.0
 10
7.85144
 20
3.48011
 30
0.0
 10
7.85144
 20
3.48011
 30
0.0
  0
SPLINE
  5
2EA
330
1F
100
AcDbEntity
  8
Camada 1
 62
   251
370
     9
100
AcDbSpline
210
0.0
220
0.0
230
1.0
 70
     8
 71
     3
 72
    32
 73
    28
 74
     0
 42
0.0000000001
 43
0.0000000001
 40
0.0
 40
0.0
 40
0.0
 40
0.0
 40
0.1111111111111111
 40
0.1111111111111111
 40
0.1111111111111111
 40
0.2222222222222222
 40
0.2222222222222222
 40
0.2222222222222222
 40
0.3333333333333333
 40
0.3333333333333333
 40
0.3333333333333333
 40
0.4444444444444444
 40
0.4444444444444444
 40
0.4444444444444444
 40
0.5555555555555556
 40
0.5555555555555556
 40
0.5555555555555556
 40
0.6666666666666666
 40
0.6666666666666666
 40
0.6666666666666666
 40
0.7777777777777777
 40
0.7777777777777777
 40
0.7777777777777777
 40
0.8888888888888888
 40
0.8888888888888888
 40
0.8888888888888888
 40
1.0
 40
1.0
 40
1.0
 40
1.0
 10
7.85144
 20
3.48011
 30
0.0
 10
7.85144
 20
3.48011
 30
0.0
 10
7.83733
 20
3.43776
 30
0.0
 10
7.83733
 20
3.43776
 30
0.0
 10
7.83733
 20
3.43776
 30
0.0
 10
7.81968
 20
3.35306
 30
0.0
 10
7.81968
 20
3.35306
 30
0.0
 10
7.81968
 20
3.35306
 30
0.0
 10
7.80203
 20
3.20837
 30
0.0
 10
7.80203
 20
3.20837
 30
0.0
 10
7.80203
 20
3.20837
 30
0.0
 10
7.79498
 20
3.02838
 30
0.0
 10
7.79498
 20
3.02838
 30
0.0
 10
7.79498
 20
3.02838
 30
0.0
 10
7.79498
 20
2.84487
 30
0.0
 10
7.79498
 20
2.84487
 30
0.0
 10
7.79498
 20
2.84487
 30
0.0
 10
7.80556
 20
2.66488
 30
0.0
 10
7.80556
 20
2.66488
 30
0.0
 10
7.80556
 20
2.66488
 30
0.0
 10
7.81262
 20
2.56253
 30
0.0
 10
7.81262
 20
2.56253
 30
0.0
 10
7.81262
 20
2.56253
 30
0.0
 10
7.83026
 20
2.46725
 30
0.0
 10
7.83026
 20
2.46725
 30
0.0
 10
7.83026
 20
2.46725
 30
0.0
 10
7.85144
 20
2.40019
 30
0.0
 10
7.85144
 20
2.40019
 30
0.0
  0
SPLINE
  5
2EB
330
1F
100
AcDbEntity
  8
Camada 1
 62
   251
370
     9
100
AcDbSpline
210
0.0
220
0.0
230
1.0
 70
     8
 71
     3
 72
    29
 73
    25
 74
     0
 42
0.0000000001
 43
0.0000000001
 40
0.0
 40
0.0
 40
0.0
 40
0.0
 40
0.125
 40
0.125
 40
0.125
 40
0.25
 40
0.25
 40
0.25
 40
0.375
 40
0.375
 40
0.375
 40
0.5
 40
0.5
 40
0.5
 40
0.625
 40
0.625
 40
0.625
 40
0.75
 40
0.75
 40
0.75
 40
0.875
 40
0.875
 40
0.875
 40
1.0
 40
1.0
 40
1.0
 40
1.0
 10
7.82321
 20
2.37902
 30
0.0
 10
7.82321
 20
2.37902
 30
0.0
 10
7.83026
 20
2.37902
 30
0.0
 10
7.83026
 20
2.37902
 30
0.0
 10
7.83026
 20
2.37902
 30
0.0
 10
7.83379
 20
2.38255
 30
0.0
 10
7.83379
 20
2.38255
 30
0.0
 10
7.83379
 20
2.38255
 30
0.0
 10
7.83733
 20
2.38255
 30
0.0
 10
7.83733
 20
2.38255
 30
0.0
 10
7.83733
 20
2.38255
 30
0.0
 10
7.84086
 20
2.38607
 30
0.0
 10
7.84086
 20
2.38607
 30
0.0
 10
7.84086
 20
2.38607
 30
0.0
 10
7.84438
 20
2.38961
 30
0.0
 10
7.84438
 20
2.38961
 30
0.0
 10
7.84438
 20
2.38961
 30
0.0
 10
7.84791
 20
2.39314
 30
0.0
 10
7.84791
 20
2.39314
 30
0.0
 10
7.84791
 20
2.39314
 30
0.0
 10
7.85144
 20
2.39667
 30
0.0
 10
7.85144
 20
2.39667
 30
0.0
 10
7.85144
 20
2.39667
 30
0.0
 10
7.85144
 20
2.40019
 30
0.0
 10
7.85144
 20
2.40019
 30
0.0
  0
SPLINE
  5
2EC
330
1F
100
AcDbEntity
  8
Camada 1
 62
   251
370
     9
100
AcDbSpline
210
0.0
220
0.0
230
1.0
 70
    24
 71
     3
 72
     8
 73
     4
 74
     0
 42
0.0000000001
 43
0.0000000001
 40
0.0
 40
0.0
 40
0.0
 40
0.0
 40
1.0
 40
1.0
 40
1.0
 40
1.0
 10
4.08939
 20
3.48011
 30
0.0
 10
4.08939
 20
3.48011
 30
0.0
 10
4.08939
 20
2.40019
 30
0.0
 10
4.08939
 20
2.40019
 30
0.0
  0
SPLINE
  5
2ED
330
1F
100
AcDbEntity
  8
Camada 1
 62
   251
370
     9
100
AcDbSpline
210
0.0
220
0.0
230
1.0
 70
    24
 71
     3
 72
     8
 73
     4
 74
     0
 42
0.0000000001
 43
0.0000000001
 40
0.0
 40
0.0
 40
0.0
 40
0.0
 40
1.0
 40
1.0
 40
1.0
 40
1.0
 10
7.85144
 20
2.40019
 30
0.0
 10
7.85144
 20
2.40019
 30
0.0
 10
7.85144
 20
3.48011
 30
0.0
 10
7.85144
 20
3.48011
 30
0.0
  0
SPLINE
  5
2EE
330
1F
100
AcDbEntity
  8
Camada 1
 62
   251
370
     9
100
AcDbSpline
210
0.0
220
0.0
230
1.0
 70
    24
 71
     3
 72
     8
 73
     4
 74
     0
 42
0.0000000001
 43
0.0000000001
 40
0.0
 40
0.0
 40
0.0
 40
0.0
 40
1.0
 40
1.0
 40
1.0
 40
1.0
 10
7.85497
 20
3.48364
 30
0.0
 10
7.85497
 20
3.48364
 30
0.0
 10
7.85144
 20
3.48011
 30
0.0
 10
7.85144
 20
3.48011
 30
0.0
  0
SPLINE
  5
2EF
330
1F
100
AcDbEntity
  8
Camada 1
 62
   251
370
     9
100
AcDbSpline
210
0.0
220
0.0
230
1.0
 70
     8
 71
     3
 72
    29
 73
    25
 74
     0
 42
0.0000000001
 43
0.0000000001
 40
0.0
 40
0.0
 40
0.0
 40
0.0
 40
0.125
 40
0.125
 40
0.125
 40
0.25
 40
0.25
 40
0.25
 40
0.375
 40
0.375
 40
0.375
 40
0.5
 40
0.5
 40
0.5
 40
0.625
 40
0.625
 40
0.625
 40
0.75
 40
0.75
 40
0.75
 40
0.875
 40
0.875
 40
0.875
 40
1.0
 40
1.0
 40
1.0
 40
1.0
 10
7.82674
 20
3.50834
 30
0.0
 10
7.82674
 20
3.50834
 30
0.0
 10
7.83379
 20
3.50834
 30
0.0
 10
7.83379
 20
3.50834
 30
0.0
 10
7.83379
 20
3.50834
 30
0.0
 10
7.83733
 20
3.50481
 30
0.0
 10
7.83733
 20
3.50481
 30
0.0
 10
7.83733
 20
3.50481
 30
0.0
 10
7.84438
 20
3.50481
 30
0.0
 10
7.84438
 20
3.50481
 30
0.0
 10
7.84438
 20
3.50481
 30
0.0
 10
7.84791
 20
3.50128
 30
0.0
 10
7.84791
 20
3.50128
 30
0.0
 10
7.84791
 20
3.50128
 30
0.0
 10
7.85144
 20
3.49775
 30
0.0
 10
7.85144
 20
3.49775
 30
0.0
 10
7.85144
 20
3.49775
 30
0.0
 10
7.85497
 20
3.49423
 30
0.0
 10
7.85497
 20
3.49423
 30
0.0
 10
7.85497
 20
3.49423
 30
0.0
 10
7.85497
 20
3.4907
 30
0.0
 10
7.85497
 20
3.4907
 30
0.0
 10
7.85497
 20
3.4907
 30
0.0
 10
7.85497
 20
3.48364
 30
0.0
 10
7.85497
 20
3.48364
 30
0.0
  0
SPLINE
  5
2F0
330
1F
100
AcDbEntity
  8
Camada 1
 62
   251
370
     9
100
AcDbSpline
210
0.0
220
0.0
230
1.0
 70
    24
 71
     3
 72
     8
 73
     4
 74
     0
 42
0.0000000001
 43
0.0000000001
 40
0.0
 40
0.0
 40
0.0
 40
0.0
 40
1.0
 40
1.0
 40
1.0
 40
1.0
 10
7.85144
 20
2.40019
 30
0.0
 10
7.85144
 20
2.40019
 30
0.0
 10
7.85497
 20
2.39314
 30
0.0
 10
7.85497
 20
2.39314
 30
0.0
  0
SPLINE
  5
2F1
330
1F
100
AcDbEntity
  8
Camada 1
 62
   251
370
     9
100
AcDbSpline
210
0.0
220
0.0
230
1.0
 70
     8
 71
     3
 72
    29
 73
    25
 74
     0
 42
0.0000000001
 43
0.0000000001
 40
0.0
 40
0.0
 40
0.0
 40
0.0
 40
0.125
 40
0.125
 40
0.125
 40
0.25
 40
0.25
 40
0.25
 40
0.375
 40
0.375
 40
0.375
 40
0.5
 40
0.5
 40
0.5
 40
0.625
 40
0.625
 40
0.625
 40
0.75
 40
0.75
 40
0.75
 40
0.875
 40
0.875
 40
0.875
 40
1.0
 40
1.0
 40
1.0
 40
1.0
 10
7.82674
 20
2.37196
 30
0.0
 10
7.82674
 20
2.37196
 30
0.0
 10
7.83379
 20
2.37196
 30
0.0
 10
7.83379
 20
2.37196
 30
0.0
 10
7.83379
 20
2.37196
 30
0.0
 10
7.83733
 20
2.37196
 30
0.0
 10
7.83733
 20
2.37196
 30
0.0
 10
7.83733
 20
2.37196
 30
0.0
 10
7.84438
 20
2.37549
 30
0.0
 10
7.84438
 20
2.37549
 30
0.0
 10
7.84438
 20
2.37549
 30
0.0
 10
7.84791
 20
2.37902
 30
0.0
 10
7.84791
 20
2.37902
 30
0.0
 10
7.84791
 20
2.37902
 30
0.0
 10
7.85144
 20
2.38255
 30
0.0
 10
7.85144
 20
2.38255
 30
0.0
 10
7.85144
 20
2.38255
 30
0.0
 10
7.85497
 20
2.38607
 30
0.0
 10
7.85497
 20
2.38607
 30
0.0
 10
7.85497
 20
2.38607
 30
0.0
 10
7.85497
 20
2.38961
 30
0.0
 10
7.85497
 20
2.38961
 30
0.0
 10
7.85497
 20
2.38961
 30
0.0
 10
7.85497
 20
2.39314
 30
0.0
 10
7.85497
 20
2.39314
 30
0.0
  0
SPLINE
  5
2F2
330
1F
100
AcDbEntity
  8
Camada 1
 62
   251
370
     9
100
AcDbSpline
210
0.0
220
0.0
230
1.0
 70
    24
 71
     3
 72
     8
 73
     4
 74
     0
 42
0.0000000001
 43
0.0000000001
 40
0.0
 40
0.0
 40
0.0
 40
0.0
 40
1.0
 40
1.0
 40
1.0
 40
1.0
 10
4.08586
 20
2.39314
 30
0.0
 10
4.08586
 20
2.39314
 30
0.0
 10
4.08939
 20
2.40019
 30
0.0
 10
4.08939
 20
2.40019
 30
0.0
  0
SPLINE
  5
2F3
330
1F
100
AcDbEntity
  8
Camada 1
 62
   251
370
     9
100
AcDbSpline
210
0.0
220
0.0
230
1.0
 70
     8
 71
     3
 72
    29
 73
    25
 74
     0
 42
0.0000000001
 43
0.0000000001
 40
0.0
 40
0.0
 40
0.0
 40
0.0
 40
0.125
 40
0.125
 40
0.125
 40
0.25
 40
0.25
 40
0.25
 40
0.375
 40
0.375
 40
0.375
 40
0.5
 40
0.5
 40
0.5
 40
0.625
 40
0.625
 40
0.625
 40
0.75
 40
0.75
 40
0.75
 40
0.875
 40
0.875
 40
0.875
 40
1.0
 40
1.0
 40
1.0
 40
1.0
 10
4.11409
 20
2.37196
 30
0.0
 10
4.11409
 20
2.37196
 30
0.0
 10
4.11057
 20
2.37196
 30
0.0
 10
4.11057
 20
2.37196
 30
0.0
 10
4.11057
 20
2.37196
 30
0.0
 10
4.1035
 20
2.37196
 30
0.0
 10
4.1035
 20
2.37196
 30
0.0
 10
4.1035
 20
2.37196
 30
0.0
 10
4.09997
 20
2.37549
 30
0.0
 10
4.09997
 20
2.37549
 30
0.0
 10
4.09997
 20
2.37549
 30
0.0
 10
4.09292
 20
2.37902
 30
0.0
 10
4.09292
 20
2.37902
 30
0.0
 10
4.09292
 20
2.37902
 30
0.0
 10
4.08939
 20
2.38255
 30
0.0
 10
4.08939
 20
2.38255
 30
0.0
 10
4.08939
 20
2.38255
 30
0.0
 10
4.08586
 20
2.38607
 30
0.0
 10
4.08586
 20
2.38607
 30
0.0
 10
4.08586
 20
2.38607
 30
0.0
 10
4.08586
 20
2.38961
 30
0.0
 10
4.08586
 20
2.38961
 30
0.0
 10
4.08586
 20
2.38961
 30
0.0
 10
4.08586
 20
2.39314
 30
0.0
 10
4.08586
 20
2.39314
 30
0.0
  0
SPLINE
  5
2F4
330
1F
100
AcDbEntity
  8
Camada 1
 62
   251
370
     9
100
AcDbSpline
210
0.0
220
0.0
230
1.0
 70
    24
 71
     3
 72
     8
 73
     4
 74
     0
 42
0.0000000001
 43
0.0000000001
 40
0.0
 40
0.0
 40
0.0
 40
0.0
 40
1.0
 40
1.0
 40
1.0
 40
1.0
 10
4.08939
 20
3.48011
 30
0.0
 10
4.08939
 20
3.48011
 30
0.0
 10
4.08586
 20
3.48364
 30
0.0
 10
4.08586
 20
3.48364
 30
0.0
  0
SPLINE
  5
2F5
330
1F
100
AcDbEntity
  8
Camada 1
 62
   251
370
     9
100
AcDbSpline
210
0.0
220
0.0
230
1.0
 70
     8
 71
     3
 72
    29
 73
    25
 74
     0
 42
0.0000000001
 43
0.0000000001
 40
0.0
 40
0.0
 40
0.0
 40
0.0
 40
0.125
 40
0.125
 40
0.125
 40
0.25
 40
0.25
 40
0.25
 40
0.375
 40
0.375
 40
0.375
 40
0.5
 40
0.5
 40
0.5
 40
0.625
 40
0.625
 40
0.625
 40
0.75
 40
0.75
 40
0.75
 40
0.875
 40
0.875
 40
0.875
 40
1.0
 40
1.0
 40
1.0
 40
1.0
 10
4.11409
 20
3.50834
 30
0.0
 10
4.11409
 20
3.50834
 30
0.0
 10
4.11057
 20
3.50834
 30
0.0
 10
4.11057
 20
3.50834
 30
0.0
 10
4.11057
 20
3.50834
 30
0.0
 10
4.1035
 20
3.50481
 30
0.0
 10
4.1035
 20
3.50481
 30
0.0
 10
4.1035
 20
3.50481
 30
0.0
 10
4.09997
 20
3.50481
 30
0.0
 10
4.09997
 20
3.50481
 30
0.0
 10
4.09997
 20
3.50481
 30
0.0
 10
4.09292
 20
3.50128
 30
0.0
 10
4.09292
 20
3.50128
 30
0.0
 10
4.09292
 20
3.50128
 30
0.0
 10
4.08939
 20
3.49775
 30
0.0
 10
4.08939
 20
3.49775
 30
0.0
 10
4.08939
 20
3.49775
 30
0.0
 10
4.08586
 20
3.49423
 30
0.0
 10
4.08586
 20
3.49423
 30
0.0
 10
4.08586
 20
3.49423
 30
0.0
 10
4.08586
 20
3.4907
 30
0.0
 10
4.08586
 20
3.4907
 30
0.0
 10
4.08586
 20
3.4907
 30
0.0
 10
4.08586
 20
3.48364
 30
0.0
 10
4.08586
 20
3.48364
 30
0.0
  0
SPLINE
  5
2F8
330
1F
100
AcDbEntity
  8
Camada 1
 62
   251
370
     9
100
AcDbSpline
210
0.0
220
0.0
230
1.0
 70
    24
 71
     3
 72
     8
 73
     4
 74
     0
 42
0.0000000001
 43
0.0000000001
 40
0.0
 40
0.0
 40
0.0
 40
0.0
 40
1.0
 40
1.0
 40
1.0
 40
1.0
 10
7.85497
 20
3.48364
 30
0.0
 10
7.85497
 20
3.48364
 30
0.0
 10
7.85497
 20
2.39314
 30
0.0
 10
7.85497
 20
2.39314
 30
0.0
  0
SPLINE
  5
2FB
330
1F
100
AcDbEntity
  8
Camada 1
 62
   251
370
     9
100
AcDbSpline
210
0.0
220
0.0
230
1.0
 70
    24
 71
     3
 72
     8
 73
     4
 74
     0
 42
0.0000000001
 43
0.0000000001
 40
0.0
 40
0.0
 40
0.0
 40
0.0
 40
1.0
 40
1.0
 40
1.0
 40
1.0
 10
4.08586
 20
2.39314
 30
0.0
 10
4.08586
 20
2.39314
 30
0.0
 10
4.08586
 20
3.48364
 30
0.0
 10
4.08586
 20
3.48364
 30
0.0
  0
SPLINE
  5
2FC
330
1F
100
AcDbEntity
  8
Camada 1
 62
   251
370
     9
100
AcDbSpline
210
0.0
220
0.0
230
1.0
 70
     8
 71
     3
 72
    29
 73
    25
 74
     0
 42
0.0000000001
 43
0.0000000001
 40
0.0
 40
0.0
 40
0.0
 40
0.0
 40
0.125
 40
0.125
 40
0.125
 40
0.25
 40
0.25
 40
0.25
 40
0.375
 40
0.375
 40
0.375
 40
0.5
 40
0.5
 40
0.5
 40
0.625
 40
0.625
 40
0.625
 40
0.75
 40
0.75
 40
0.75
 40
0.875
 40
0.875
 40
0.875
 40
1.0
 40
1.0
 40
1.0
 40
1.0
 10
7.82674
 20
3.5154
 30
0.0
 10
7.82674
 20
3.5154
 30
0.0
 10
7.83379
 20
3.5154
 30
0.0
 10
7.83379
 20
3.5154
 30
0.0
 10
7.83379
 20
3.5154
 30
0.0
 10
7.83733
 20
3.51187
 30
0.0
 10
7.83733
 20
3.51187
 30
0.0
 10
7.83733
 20
3.51187
 30
0.0
 10
7.84438
 20
3.50834
 30
0.0
 10
7.84438
 20
3.50834
 30
0.0
 10
7.84438
 20
3.50834
 30
0.0
 10
7.84791
 20
3.50481
 30
0.0
 10
7.84791
 20
3.50481
 30
0.0
 10
7.84791
 20
3.50481
 30
0.0
 10
7.85144
 20
3.50128
 30
0.0
 10
7.85144
 20
3.50128
 30
0.0
 10
7.85144
 20
3.50128
 30
0.0
 10
7.85497
 20
3.49775
 30
0.0
 10
7.85497
 20
3.49775
 30
0.0
 10
7.85497
 20
3.49775
 30
0.0
 10
7.85497
 20
3.4907
 30
0.0
 10
7.85497
 20
3.4907
 30
0.0
 10
7.85497
 20
3.4907
 30
0.0
 10
7.85497
 20
3.48364
 30
0.0
 10
7.85497
 20
3.48364
 30
0.0
  0
SPLINE
  5
2FD
330
1F
100
AcDbEntity
  8
Camada 1
 62
   251
370
     9
100
AcDbSpline
210
0.0
220
0.0
230
1.0
 70
    24
 71
     3
 72
    14
 73
    10
 74
     0
 42
0.0000000001
 43
0.0000000001
 40
0.0
 40
0.0
 40
0.0
 40
0.0
 40
0.3333333333333333
 40
0.3333333333333333
 40
0.3333333333333333
 40
0.6666666666666666
 40
0.6666666666666666
 40
0.6666666666666666
 40
1.0
 40
1.0
 40
1.0
 40
1.0
 10
7.82674
 20
3.50834
 30
0.0
 10
7.82674
 20
3.50834
 30
0.0
 10
7.82674
 20
3.50834
 30
0.0
 10
7.82674
 20
3.50834
 30
0.0
 10
7.82674
 20
3.50834
 30
0.0
 10
7.82674
 20
3.51187
 30
0.0
 10
7.82674
 20
3.51187
 30
0.0
 10
7.82674
 20
3.51187
 30
0.0
 10
7.82674
 20
3.5154
 30
0.0
 10
7.82674
 20
3.5154
 30
0.0
  0
SPLINE
  5
2FE
330
1F
100
AcDbEntity
  8
Camada 1
 62
   251
370
     9
100
AcDbSpline
210
0.0
220
0.0
230
1.0
 70
     8
 71
     3
 72
    29
 73
    25
 74
     0
 42
0.0000000001
 43
0.0000000001
 40
0.0
 40
0.0
 40
0.0
 40
0.0
 40
0.125
 40
0.125
 40
0.125
 40
0.25
 40
0.25
 40
0.25
 40
0.375
 40
0.375
 40
0.375
 40
0.5
 40
0.5
 40
0.5
 40
0.625
 40
0.625
 40
0.625
 40
0.75
 40
0.75
 40
0.75
 40
0.875
 40
0.875
 40
0.875
 40
1.0
 40
1.0
 40
1.0
 40
1.0
 10
4.11409
 20
3.5154
 30
0.0
 10
4.11409
 20
3.5154
 30
0.0
 10
4.10703
 20
3.5154
 30
0.0
 10
4.10703
 20
3.5154
 30
0.0
 10
4.10703
 20
3.5154
 30
0.0
 10
4.1035
 20
3.51187
 30
0.0
 10
4.1035
 20
3.51187
 30
0.0
 10
4.1035
 20
3.51187
 30
0.0
 10
4.09644
 20
3.50834
 30
0.0
 10
4.09644
 20
3.50834
 30
0.0
 10
4.09644
 20
3.50834
 30
0.0
 10
4.09292
 20
3.50481
 30
0.0
 10
4.09292
 20
3.50481
 30
0.0
 10
4.09292
 20
3.50481
 30
0.0
 10
4.08939
 20
3.50128
 30
0.0
 10
4.08939
 20
3.50128
 30
0.0
 10
4.08939
 20
3.50128
 30
0.0
 10
4.08586
 20
3.49775
 30
0.0
 10
4.08586
 20
3.49775
 30
0.0
 10
4.08586
 20
3.49775
 30
0.0
 10
4.08586
 20
3.4907
 30
0.0
 10
4.08586
 20
3.4907
 30
0.0
 10
4.08586
 20
3.4907
 30
0.0
 10
4.08586
 20
3.48364
 30
0.0
 10
4.08586
 20
3.48364
 30
0.0
  0
SPLINE
  5
2FF
330
1F
100
AcDbEntity
  8
Camada 1
 62
   251
370
     9
100
AcDbSpline
210
0.0
220
0.0
230
1.0
 70
    24
 71
     3
 72
    14
 73
    10
 74
     0
 42
0.0000000001
 43
0.0000000001
 40
0.0
 40
0.0
 40
0.0
 40
0.0
 40
0.3333333333333333
 40
0.3333333333333333
 40
0.3333333333333333
 40
0.6666666666666666
 40
0.6666666666666666
 40
0.6666666666666666
 40
1.0
 40
1.0
 40
1.0
 40
1.0
 10
4.11409
 20
3.5154
 30
0.0
 10
4.11409
 20
3.5154
 30
0.0
 10
4.11409
 20
3.5154
 30
0.0
 10
4.11409
 20
3.5154
 30
0.0
 10
4.11409
 20
3.5154
 30
0.0
 10
4.11409
 20
3.51187
 30
0.0
 10
4.11409
 20
3.51187
 30
0.0
 10
4.11409
 20
3.51187
 30
0.0
 10
4.11409
 20
3.50834
 30
0.0
 10
4.11409
 20
3.50834
 30
0.0
  0
SPLINE
  5
300
330
1F
100
AcDbEntity
  8
Camada 1
 62
   251
370
     9
100
AcDbSpline
210
0.0
220
0.0
230
1.0
 70
     8
 71
     3
 72
    29
 73
    25
 74
     0
 42
0.0000000001
 43
0.0000000001
 40
0.0
 40
0.0
 40
0.0
 40
0.0
 40
0.125
 40
0.125
 40
0.125
 40
0.25
 40
0.25
 40
0.25
 40
0.375
 40
0.375
 40
0.375
 40
0.5
 40
0.5
 40
0.5
 40
0.625
 40
0.625
 40
0.625
 40
0.75
 40
0.75
 40
0.75
 40
0.875
 40
0.875
 40
0.875
 40
1.0
 40
1.0
 40
1.0
 40
1.0
 10
7.82674
 20
2.36491
 30
0.0
 10
7.82674
 20
2.36491
 30
0.0
 10
7.83379
 20
2.36491
 30
0.0
 10
7.83379
 20
2.36491
 30
0.0
 10
7.83379
 20
2.36491
 30
0.0
 10
7.83733
 20
2.36491
 30
0.0
 10
7.83733
 20
2.36491
 30
0.0
 10
7.83733
 20
2.36491
 30
0.0
 10
7.84438
 20
2.36844
 30
0.0
 10
7.84438
 20
2.36844
 30
0.0
 10
7.84438
 20
2.36844
 30
0.0
 10
7.84791
 20
2.37196
 30
0.0
 10
7.84791
 20
2.37196
 30
0.0
 10
7.84791
 20
2.37196
 30
0.0
 10
7.85144
 20
2.37902
 30
0.0
 10
7.85144
 20
2.37902
 30
0.0
 10
7.85144
 20
2.37902
 30
0.0
 10
7.85497
 20
2.38255
 30
0.0
 10
7.85497
 20
2.38255
 30
0.0
 10
7.85497
 20
2.38255
 30
0.0
 10
7.85497
 20
2.38961
 30
0.0
 10
7.85497
 20
2.38961
 30
0.0
 10
7.85497
 20
2.38961
 30
0.0
 10
7.85497
 20
2.39314
 30
0.0
 10
7.85497
 20
2.39314
 30
0.0
  0
SPLINE
  5
301
330
1F
100
AcDbEntity
  8
Camada 1
 62
   251
370
     9
100
AcDbSpline
210
0.0
220
0.0
230
1.0
 70
    24
 71
     3
 72
    14
 73
    10
 74
     0
 42
0.0000000001
 43
0.0000000001
 40
0.0
 40
0.0
 40
0.0
 40
0.0
 40
0.3333333333333333
 40
0.3333333333333333
 40
0.3333333333333333
 40
0.6666666666666666
 40
0.6666666666666666
 40
0.6666666666666666
 40
1.0
 40
1.0
 40
1.0
 40
1.0
 10
7.82674
 20
2.36491
 30
0.0
 10
7.82674
 20
2.36491
 30
0.0
 10
7.82674
 20
2.36491
 30
0.0
 10
7.82674
 20
2.36491
 30
0.0
 10
7.82674
 20
2.36491
 30
0.0
 10
7.82674
 20
2.36844
 30
0.0
 10
7.82674
 20
2.36844
 30
0.0
 10
7.82674
 20
2.36844
 30
0.0
 10
7.82674
 20
2.37196
 30
0.0
 10
7.82674
 20
2.37196
 30
0.0
  0
SPLINE
  5
302
330
1F
100
AcDbEntity
  8
Camada 1
 62
   251
370
     9
100
AcDbSpline
210
0.0
220
0.0
230
1.0
 70
     8
 71
     3
 72
    29
 73
    25
 74
     0
 42
0.0000000001
 43
0.0000000001
 40
0.0
 40
0.0
 40
0.0
 40
0.0
 40
0.125
 40
0.125
 40
0.125
 40
0.25
 40
0.25
 40
0.25
 40
0.375
 40
0.375
 40
0.375
 40
0.5
 40
0.5
 40
0.5
 40
0.625
 40
0.625
 40
0.625
 40
0.75
 40
0.75
 40
0.75
 40
0.875
 40
0.875
 40
0.875
 40
1.0
 40
1.0
 40
1.0
 40
1.0
 10
4.11409
 20
2.36491
 30
0.0
 10
4.11409
 20
2.36491
 30
0.0
 10
4.10703
 20
2.36491
 30
0.0
 10
4.10703
 20
2.36491
 30
0.0
 10
4.10703
 20
2.36491
 30
0.0
 10
4.1035
 20
2.36491
 30
0.0
 10
4.1035
 20
2.36491
 30
0.0
 10
4.1035
 20
2.36491
 30
0.0
 10
4.09644
 20
2.36844
 30
0.0
 10
4.09644
 20
2.36844
 30
0.0
 10
4.09644
 20
2.36844
 30
0.0
 10
4.09292
 20
2.37196
 30
0.0
 10
4.09292
 20
2.37196
 30
0.0
 10
4.09292
 20
2.37196
 30
0.0
 10
4.08939
 20
2.37902
 30
0.0
 10
4.08939
 20
2.37902
 30
0.0
 10
4.08939
 20
2.37902
 30
0.0
 10
4.08586
 20
2.38255
 30
0.0
 10
4.08586
 20
2.38255
 30
0.0
 10
4.08586
 20
2.38255
 30
0.0
 10
4.08586
 20
2.38961
 30
0.0
 10
4.08586
 20
2.38961
 30
0.0
 10
4.08586
 20
2.38961
 30
0.0
 10
4.08586
 20
2.39314
 30
0.0
 10
4.08586
 20
2.39314
 30
0.0
  0
SPLINE
  5
303
330
1F
100
AcDbEntity
  8
Camada 1
 62
   251
370
     9
100
AcDbSpline
210
0.0
220
0.0
230
1.0
 70
    24
 71
     3
 72
    11
 73
     7
 74
     0
 42
0.0000000001
 43
0.0000000001
 40
0.0
 40
0.0
 40
0.0
 40
0.0
 40
0.5
 40
0.5
 40
0.5
 40
1.0
 40
1.0
 40
1.0
 40
1.0
 10
4.11409
 20
2.37196
 30
0.0
 10
4.11409
 20
2.37196
 30
0.0
 10
4.11409
 20
2.36844
 30
0.0
 10
4.11409
 20
2.36844
 30
0.0
 10
4.11409
 20
2.36844
 30
0.0
 10
4.11409
 20
2.36491
 30
0.0
 10
4.11409
 20
2.36491
 30
0.0
  0
SPLINE
  5
304
330
1F
100
AcDbEntity
  8
Camada 1
 62
   251
370
     9
100
AcDbSpline
210
0.0
220
0.0
230
1.0
 70
    24
 71
     3
 72
     8
 73
     4
 74
     0
 42
0.0000000001
 43
0.0000000001
 40
0.0
 40
0.0
 40
0.0
 40
0.0
 40
1.0
 40
1.0
 40
1.0
 40
1.0
 10
4.11409
 20
3.5154
 30
0.0
 10
4.11409
 20
3.5154
 30
0.0
 10
7.82674
 20
3.5154
 30
0.0
 10
7.82674
 20
3.5154
 30
0.0
  0
SPLINE
  5
305
330
1F
100
AcDbEntity
  8
Camada 1
 62
   251
370
     9
100
AcDbSpline
210
0.0
220
0.0
230
1.0
 70
    24
 71
     3
 72
     8
 73
     4
 74
     0
 42
0.0000000001
 43
0.0000000001
 40
0.0
 40
0.0
 40
0.0
 40
0.0
 40
1.0
 40
1.0
 40
1.0
 40
1.0
 10
7.82674
 20
2.36491
 30
0.0
 10
7.82674
 20
2.36491
 30
0.0
 10
4.11409
 20
2.36491
 30
0.0
 10
4.11409
 20
2.36491
 30
0.0
  0
SPLINE
  5
306
330
1F
100
AcDbEntity
  8
Camada 1
 62
   251
370
     9
100
AcDbSpline
210
0.0
220
0.0
230
1.0
 70
     8
 71
     3
 72
    29
 73
    25
 74
     0
 42
0.0000000001
 43
0.0000000001
 40
0.0
 40
0.0
 40
0.0
 40
0.0
 40
0.125
 40
0.125
 40
0.125
 40
0.25
 40
0.25
 40
0.25
 40
0.375
 40
0.375
 40
0.375
 40
0.5
 40
0.5
 40
0.5
 40
0.625
 40
0.625
 40
0.625
 40
0.75
 40
0.75
 40
0.75
 40
0.875
 40
0.875
 40
0.875
 40
1.0
 40
1.0
 40
1.0
 40
1.0
 10
4.11409
 20
3.5154
 30
0.0
 10
4.11409
 20
3.5154
 30
0.0
 10
4.10703
 20
3.5154
 30
0.0
 10
4.10703
 20
3.5154
 30
0.0
 10
4.10703
 20
3.5154
 30
0.0
 10
4.1035
 20
3.51187
 30
0.0
 10
4.1035
 20
3.51187
 30
0.0
 10
4.1035
 20
3.51187
 30
0.0
 10
4.09644
 20
3.50834
 30
0.0
 10
4.09644
 20
3.50834
 30
0.0
 10
4.09644
 20
3.50834
 30
0.0
 10
4.09292
 20
3.50481
 30
0.0
 10
4.09292
 20
3.50481
 30
0.0
 10
4.09292
 20
3.50481
 30
0.0
 10
4.08939
 20
3.50128
 30
0.0
 10
4.08939
 20
3.50128
 30
0.0
 10
4.08939
 20
3.50128
 30
0.0
 10
4.08586
 20
3.49775
 30
0.0
 10
4.08586
 20
3.49775
 30
0.0
 10
4.08586
 20
3.49775
 30
0.0
 10
4.08586
 20
3.4907
 30
0.0
 10
4.08586
 20
3.4907
 30
0.0
 10
4.08586
 20
3.4907
 30
0.0
 10
4.08586
 20
3.48364
 30
0.0
 10
4.08586
 20
3.48364
 30
0.0
  0
SPLINE
  5
309
330
1F
100
AcDbEntity
  8
Camada 1
 62
   251
370
     9
100
AcDbSpline
210
0.0
220
0.0
230
1.0
 70
     8
 71
     3
 72
    29
 73
    25
 74
     0
 42
0.0000000001
 43
0.0000000001
 40
0.0
 40
0.0
 40
0.0
 40
0.0
 40
0.125
 40
0.125
 40
0.125
 40
0.25
 40
0.25
 40
0.25
 40
0.375
 40
0.375
 40
0.375
 40
0.5
 40
0.5
 40
0.5
 40
0.625
 40
0.625
 40
0.625
 40
0.75
 40
0.75
 40
0.75
 40
0.875
 40
0.875
 40
0.875
 40
1.0
 40
1.0
 40
1.0
 40
1.0
 10
7.82674
 20
3.5154
 30
0.0
 10
7.82674
 20
3.5154
 30
0.0
 10
7.83379
 20
3.5154
 30
0.0
 10
7.83379
 20
3.5154
 30
0.0
 10
7.83379
 20
3.5154
 30
0.0
 10
7.83733
 20
3.51187
 30
0.0
 10
7.83733
 20
3.51187
 30
0.0
 10
7.83733
 20
3.51187
 30
0.0
 10
7.84438
 20
3.50834
 30
0.0
 10
7.84438
 20
3.50834
 30
0.0
 10
7.84438
 20
3.50834
 30
0.0
 10
7.84791
 20
3.50481
 30
0.0
 10
7.84791
 20
3.50481
 30
0.0
 10
7.84791
 20
3.50481
 30
0.0
 10
7.85144
 20
3.50128
 30
0.0
 10
7.85144
 20
3.50128
 30
0.0
 10
7.85144
 20
3.50128
 30
0.0
 10
7.85497
 20
3.49775
 30
0.0
 10
7.85497
 20
3.49775
 30
0.0
 10
7.85497
 20
3.49775
 30
0.0
 10
7.85497
 20
3.4907
 30
0.0
 10
7.85497
 20
3.4907
 30
0.0
 10
7.85497
 20
3.4907
 30
0.0
 10
7.85497
 20
3.48364
 30
0.0
 10
7.85497
 20
3.48364
 30
0.0
  0
SPLINE
  5
30B
330
1F
100
AcDbEntity
  8
Camada 1
 62
   251
370
     9
100
AcDbSpline
210
0.0
220
0.0
230
1.0
 70
     8
 71
     3
 72
    29
 73
    25
 74
     0
 42
0.0000000001
 43
0.0000000001
 40
0.0
 40
0.0
 40
0.0
 40
0.0
 40
0.125
 40
0.125
 40
0.125
 40
0.25
 40
0.25
 40
0.25
 40
0.375
 40
0.375
 40
0.375
 40
0.5
 40
0.5
 40
0.5
 40
0.625
 40
0.625
 40
0.625
 40
0.75
 40
0.75
 40
0.75
 40
0.875
 40
0.875
 40
0.875
 40
1.0
 40
1.0
 40
1.0
 40
1.0
 10
4.11409
 20
2.36491
 30
0.0
 10
4.11409
 20
2.36491
 30
0.0
 10
4.10703
 20
2.36491
 30
0.0
 10
4.10703
 20
2.36491
 30
0.0
 10
4.10703
 20
2.36491
 30
0.0
 10
4.1035
 20
2.36491
 30
0.0
 10
4.1035
 20
2.36491
 30
0.0
 10
4.1035
 20
2.36491
 30
0.0
 10
4.09644
 20
2.36844
 30
0.0
 10
4.09644
 20
2.36844
 30
0.0
 10
4.09644
 20
2.36844
 30
0.0
 10
4.09292
 20
2.37196
 30
0.0
 10
4.09292
 20
2.37196
 30
0.0
 10
4.09292
 20
2.37196
 30
0.0
 10
4.08939
 20
2.37902
 30
0.0
 10
4.08939
 20
2.37902
 30
0.0
 10
4.08939
 20
2.37902
 30
0.0
 10
4.08586
 20
2.38255
 30
0.0
 10
4.08586
 20
2.38255
 30
0.0
 10
4.08586
 20
2.38255
 30
0.0
 10
4.08586
 20
2.38961
 30
0.0
 10
4.08586
 20
2.38961
 30
0.0
 10
4.08586
 20
2.38961
 30
0.0
 10
4.08586
 20
2.39314
 30
0.0
 10
4.08586
 20
2.39314
 30
0.0
  0
SPLINE
  5
30C
330
1F
100
AcDbEntity
  8
Camada 1
 62
   251
370
     9
100
AcDbSpline
210
0.0
220
0.0
230
1.0
 70
     8
 71
     3
 72
    29
 73
    25
 74
     0
 42
0.0000000001
 43
0.0000000001
 40
0.0
 40
0.0
 40
0.0
 40
0.0
 40
0.125
 40
0.125
 40
0.125
 40
0.25
 40
0.25
 40
0.25
 40
0.375
 40
0.375
 40
0.375
 40
0.5
 40
0.5
 40
0.5
 40
0.625
 40
0.625
 40
0.625
 40
0.75
 40
0.75
 40
0.75
 40
0.875
 40
0.875
 40
0.875
 40
1.0
 40
1.0
 40
1.0
 40
1.0
 10
7.82674
 20
2.36491
 30
0.0
 10
7.82674
 20
2.36491
 30
0.0
 10
7.83379
 20
2.36491
 30
0.0
 10
7.83379
 20
2.36491
 30
0.0
 10
7.83379
 20
2.36491
 30
0.0
 10
7.83733
 20
2.36491
 30
0.0
 10
7.83733
 20
2.36491
 30
0.0
 10
7.83733
 20
2.36491
 30
0.0
 10
7.84438
 20
2.36844
 30
0.0
 10
7.84438
 20
2.36844
 30
0.0
 10
7.84438
 20
2.36844
 30
0.0
 10
7.84791
 20
2.37196
 30
0.0
 10
7.84791
 20
2.37196
 30
0.0
 10
7.84791
 20
2.37196
 30
0.0
 10
7.85144
 20
2.37902
 30
0.0
 10
7.85144
 20
2.37902
 30
0.0
 10
7.85144
 20
2.37902
 30
0.0
 10
7.85497
 20
2.38255
 30
0.0
 10
7.85497
 20
2.38255
 30
0.0
 10
7.85497
 20
2.38255
 30
0.0
 10
7.85497
 20
2.38961
 30
0.0
 10
7.85497
 20
2.38961
 30
0.0
 10
7.85497
 20
2.38961
 30
0.0
 10
7.85497
 20
2.39314
 30
0.0
 10
7.85497
 20
2.39314
 30
0.0
  0
SPLINE
  5
30F
330
1F
100
AcDbEntity
  8
Camada 1
 62
   251
370
     9
100
AcDbSpline
210
0.0
220
0.0
230
1.0
 70
    24
 71
     3
 72
     8
 73
     4
 74
     0
 42
0.0000000001
 43
0.0000000001
 40
0.0
 40
0.0
 40
0.0
 40
0.0
 40
1.0
 40
1.0
 40
1.0
 40
1.0
 10
7.82674
 20
3.5154
 30
0.0
 10
7.82674
 20
3.5154
 30
0.0
 10
4.11409
 20
3.5154
 30
0.0
 10
4.11409
 20
3.5154
 30
0.0
  0
SPLINE
  5
311
330
1F
100
AcDbEntity
  8
Camada 1
 62
   251
370
     9
100
AcDbSpline
210
0.0
220
0.0
230
1.0
 70
    24
 71
     3
 72
     8
 73
     4
 74
     0
 42
0.0000000001
 43
0.0000000001
 40
0.0
 40
0.0
 40
0.0
 40
0.0
 40
1.0
 40
1.0
 40
1.0
 40
1.0
 10
7.82674
 20
2.36137
 30
0.0
 10
7.82674
 20
2.36137
 30
0.0
 10
7.82674
 20
2.36491
 30
0.0
 10
7.82674
 20
2.36491
 30
0.0
  0
SPLINE
  5
312
330
1F
100
AcDbEntity
  8
Camada 1
 62
   251
370
     9
100
AcDbSpline
210
0.0
220
0.0
230
1.0
 70
    24
 71
     3
 72
     8
 73
     4
 74
     0
 42
0.0000000001
 43
0.0000000001
 40
0.0
 40
0.0
 40
0.0
 40
0.0
 40
1.0
 40
1.0
 40
1.0
 40
1.0
 10
4.11409
 20
2.36137
 30
0.0
 10
4.11409
 20
2.36137
 30
0.0
 10
7.82674
 20
2.36137
 30
0.0
 10
7.82674
 20
2.36137
 30
0.0
  0
SPLINE
  5
313
330
1F
100
AcDbEntity
  8
Camada 1
 62
   251
370
     9
100
AcDbSpline
210
0.0
220
0.0
230
1.0
 70
    24
 71
     3
 72
     8
 73
     4
 74
     0
 42
0.0000000001
 43
0.0000000001
 40
0.0
 40
0.0
 40
0.0
 40
0.0
 40
1.0
 40
1.0
 40
1.0
 40
1.0
 10
4.11409
 20
2.36491
 30
0.0
 10
4.11409
 20
2.36491
 30
0.0
 10
4.11409
 20
2.36137
 30
0.0
 10
4.11409
 20
2.36137
 30
0.0
  0
SPLINE
  5
314
330
1F
100
AcDbEntity
  8
Camada 1
 62
   251
370
     9
100
AcDbSpline
210
0.0
220
0.0
230
1.0
 70
    24
 71
     3
 72
     8
 73
     4
 74
     0
 42
0.0000000001
 43
0.0000000001
 40
0.0
 40
0.0
 40
0.0
 40
0.0
 40
1.0
 40
1.0
 40
1.0
 40
1.0
 10
7.85497
 20
2.39314
 30
0.0
 10
7.85497
 20
2.39314
 30
0.0
 10
7.8585
 20
2.39314
 30
0.0
 10
7.8585
 20
2.39314
 30
0.0
  0
SPLINE
  5
315
330
1F
100
AcDbEntity
  8
Camada 1
 62
   251
370
     9
100
AcDbSpline
210
0.0
220
0.0
230
1.0
 70
     8
 71
     3
 72
    29
 73
    25
 74
     0
 42
0.0000000001
 43
0.0000000001
 40
0.0
 40
0.0
 40
0.0
 40
0.0
 40
0.125
 40
0.125
 40
0.125
 40
0.25
 40
0.25
 40
0.25
 40
0.375
 40
0.375
 40
0.375
 40
0.5
 40
0.5
 40
0.5
 40
0.625
 40
0.625
 40
0.625
 40
0.75
 40
0.75
 40
0.75
 40
0.875
 40
0.875
 40
0.875
 40
1.0
 40
1.0
 40
1.0
 40
1.0
 10
7.82674
 20
2.36137
 30
0.0
 10
7.82674
 20
2.36137
 30
0.0
 10
7.83379
 20
2.36491
 30
0.0
 10
7.83379
 20
2.36491
 30
0.0
 10
7.83379
 20
2.36491
 30
0.0
 10
7.83733
 20
2.36491
 30
0.0
 10
7.83733
 20
2.36491
 30
0.0
 10
7.83733
 20
2.36491
 30
0.0
 10
7.84438
 20
2.36844
 30
0.0
 10
7.84438
 20
2.36844
 30
0.0
 10
7.84438
 20
2.36844
 30
0.0
 10
7.84791
 20
2.37196
 30
0.0
 10
7.84791
 20
2.37196
 30
0.0
 10
7.84791
 20
2.37196
 30
0.0
 10
7.85144
 20
2.37549
 30
0.0
 10
7.85144
 20
2.37549
 30
0.0
 10
7.85144
 20
2.37549
 30
0.0
 10
7.85497
 20
2.38255
 30
0.0
 10
7.85497
 20
2.38255
 30
0.0
 10
7.85497
 20
2.38255
 30
0.0
 10
7.8585
 20
2.38607
 30
0.0
 10
7.8585
 20
2.38607
 30
0.0
 10
7.8585
 20
2.38607
 30
0.0
 10
7.8585
 20
2.39314
 30
0.0
 10
7.8585
 20
2.39314
 30
0.0
  0
SPLINE
  5
316
330
1F
100
AcDbEntity
  8
Camada 1
 62
   251
370
     9
100
AcDbSpline
210
0.0
220
0.0
230
1.0
 70
     8
 71
     3
 72
    29
 73
    25
 74
     0
 42
0.0000000001
 43
0.0000000001
 40
0.0
 40
0.0
 40
0.0
 40
0.0
 40
0.125
 40
0.125
 40
0.125
 40
0.25
 40
0.25
 40
0.25
 40
0.375
 40
0.375
 40
0.375
 40
0.5
 40
0.5
 40
0.5
 40
0.625
 40
0.625
 40
0.625
 40
0.75
 40
0.75
 40
0.75
 40
0.875
 40
0.875
 40
0.875
 40
1.0
 40
1.0
 40
1.0
 40
1.0
 10
7.8585
 20
3.48717
 30
0.0
 10
7.8585
 20
3.48717
 30
0.0
 10
7.8585
 20
3.4907
 30
0.0
 10
7.8585
 20
3.4907
 30
0.0
 10
7.8585
 20
3.4907
 30
0.0
 10
7.85497
 20
3.49775
 30
0.0
 10
7.85497
 20
3.49775
 30
0.0
 10
7.85497
 20
3.49775
 30
0.0
 10
7.85144
 20
3.50128
 30
0.0
 10
7.85144
 20
3.50128
 30
0.0
 10
7.85144
 20
3.50128
 30
0.0
 10
7.84791
 20
3.50834
 30
0.0
 10
7.84791
 20
3.50834
 30
0.0
 10
7.84791
 20
3.50834
 30
0.0
 10
7.84438
 20
3.51187
 30
0.0
 10
7.84438
 20
3.51187
 30
0.0
 10
7.84438
 20
3.51187
 30
0.0
 10
7.83733
 20
3.51187
 30
0.0
 10
7.83733
 20
3.51187
 30
0.0
 10
7.83733
 20
3.51187
 30
0.0
 10
7.83379
 20
3.5154
 30
0.0
 10
7.83379
 20
3.5154
 30
0.0
 10
7.83379
 20
3.5154
 30
0.0
 10
7.82674
 20
3.5154
 30
0.0
 10
7.82674
 20
3.5154
 30
0.0
  0
SPLINE
  5
317
330
1F
100
AcDbEntity
  8
Camada 1
 62
   251
370
     9
100
AcDbSpline
210
0.0
220
0.0
230
1.0
 70
    24
 71
     3
 72
     8
 73
     4
 74
     0
 42
0.0000000001
 43
0.0000000001
 40
0.0
 40
0.0
 40
0.0
 40
0.0
 40
1.0
 40
1.0
 40
1.0
 40
1.0
 10
7.8585
 20
3.48717
 30
0.0
 10
7.8585
 20
3.48717
 30
0.0
 10
7.85497
 20
3.48364
 30
0.0
 10
7.85497
 20
3.48364
 30
0.0
  0
SPLINE
  5
318
330
1F
100
AcDbEntity
  8
Camada 1
 62
   251
370
     9
100
AcDbSpline
210
0.0
220
0.0
230
1.0
 70
    24
 71
     3
 72
     8
 73
     4
 74
     0
 42
0.0000000001
 43
0.0000000001
 40
0.0
 40
0.0
 40
0.0
 40
0.0
 40
1.0
 40
1.0
 40
1.0
 40
1.0
 10
4.08586
 20
3.48364
 30
0.0
 10
4.08586
 20
3.48364
 30
0.0
 10
4.08232
 20
3.48717
 30
0.0
 10
4.08232
 20
3.48717
 30
0.0
  0
SPLINE
  5
319
330
1F
100
AcDbEntity
  8
Camada 1
 62
   251
370
     9
100
AcDbSpline
210
0.0
220
0.0
230
1.0
 70
     8
 71
     3
 72
    29
 73
    25
 74
     0
 42
0.0000000001
 43
0.0000000001
 40
0.0
 40
0.0
 40
0.0
 40
0.0
 40
0.125
 40
0.125
 40
0.125
 40
0.25
 40
0.25
 40
0.25
 40
0.375
 40
0.375
 40
0.375
 40
0.5
 40
0.5
 40
0.5
 40
0.625
 40
0.625
 40
0.625
 40
0.75
 40
0.75
 40
0.75
 40
0.875
 40
0.875
 40
0.875
 40
1.0
 40
1.0
 40
1.0
 40
1.0
 10
4.11409
 20
3.5154
 30
0.0
 10
4.11409
 20
3.5154
 30
0.0
 10
4.10703
 20
3.5154
 30
0.0
 10
4.10703
 20
3.5154
 30
0.0
 10
4.10703
 20
3.5154
 30
0.0
 10
4.1035
 20
3.51187
 30
0.0
 10
4.1035
 20
3.51187
 30
0.0
 10
4.1035
 20
3.51187
 30
0.0
 10
4.09644
 20
3.51187
 30
0.0
 10
4.09644
 20
3.51187
 30
0.0
 10
4.09644
 20
3.51187
 30
0.0
 10
4.09292
 20
3.50834
 30
0.0
 10
4.09292
 20
3.50834
 30
0.0
 10
4.09292
 20
3.50834
 30
0.0
 10
4.08939
 20
3.50128
 30
0.0
 10
4.08939
 20
3.50128
 30
0.0
 10
4.08939
 20
3.50128
 30
0.0
 10
4.08586
 20
3.49775
 30
0.0
 10
4.08586
 20
3.49775
 30
0.0
 10
4.08586
 20
3.49775
 30
0.0
 10
4.08232
 20
3.4907
 30
0.0
 10
4.08232
 20
3.4907
 30
0.0
 10
4.08232
 20
3.4907
 30
0.0
 10
4.08232
 20
3.48717
 30
0.0
 10
4.08232
 20
3.48717
 30
0.0
  0
SPLINE
  5
31A
330
1F
100
AcDbEntity
  8
Camada 1
 62
   251
370
     9
100
AcDbSpline
210
0.0
220
0.0
230
1.0
 70
     8
 71
     3
 72
    29
 73
    25
 74
     0
 42
0.0000000001
 43
0.0000000001
 40
0.0
 40
0.0
 40
0.0
 40
0.0
 40
0.125
 40
0.125
 40
0.125
 40
0.25
 40
0.25
 40
0.25
 40
0.375
 40
0.375
 40
0.375
 40
0.5
 40
0.5
 40
0.5
 40
0.625
 40
0.625
 40
0.625
 40
0.75
 40
0.75
 40
0.75
 40
0.875
 40
0.875
 40
0.875
 40
1.0
 40
1.0
 40
1.0
 40
1.0
 10
4.08232
 20
2.39314
 30
0.0
 10
4.08232
 20
2.39314
 30
0.0
 10
4.08232
 20
2.38607
 30
0.0
 10
4.08232
 20
2.38607
 30
0.0
 10
4.08232
 20
2.38607
 30
0.0
 10
4.08586
 20
2.38255
 30
0.0
 10
4.08586
 20
2.38255
 30
0.0
 10
4.08586
 20
2.38255
 30
0.0
 10
4.08939
 20
2.37549
 30
0.0
 10
4.08939
 20
2.37549
 30
0.0
 10
4.08939
 20
2.37549
 30
0.0
 10
4.09292
 20
2.37196
 30
0.0
 10
4.09292
 20
2.37196
 30
0.0
 10
4.09292
 20
2.37196
 30
0.0
 10
4.09644
 20
2.36844
 30
0.0
 10
4.09644
 20
2.36844
 30
0.0
 10
4.09644
 20
2.36844
 30
0.0
 10
4.1035
 20
2.36491
 30
0.0
 10
4.1035
 20
2.36491
 30
0.0
 10
4.1035
 20
2.36491
 30
0.0
 10
4.10703
 20
2.36491
 30
0.0
 10
4.10703
 20
2.36491
 30
0.0
 10
4.10703
 20
2.36491
 30
0.0
 10
4.11409
 20
2.36137
 30
0.0
 10
4.11409
 20
2.36137
 30
0.0
  0
SPLINE
  5
31B
330
1F
100
AcDbEntity
  8
Camada 1
 62
   251
370
     9
100
AcDbSpline
210
0.0
220
0.0
230
1.0
 70
    24
 71
     3
 72
     8
 73
     4
 74
     0
 42
0.0000000001
 43
0.0000000001
 40
0.0
 40
0.0
 40
0.0
 40
0.0
 40
1.0
 40
1.0
 40
1.0
 40
1.0
 10
4.08232
 20
2.39314
 30
0.0
 10
4.08232
 20
2.39314
 30
0.0
 10
4.08586
 20
2.39314
 30
0.0
 10
4.08586
 20
2.39314
 30
0.0
  0
SPLINE
  5
31C
330
1F
100
AcDbEntity
  8
Camada 1
 62
   251
370
     9
100
AcDbSpline
210
0.0
220
0.0
230
1.0
 70
    24
 71
     3
 72
     8
 73
     4
 74
     0
 42
0.0000000001
 43
0.0000000001
 40
0.0
 40
0.0
 40
0.0
 40
0.0
 40
1.0
 40
1.0
 40
1.0
 40
1.0
 10
7.8585
 20
2.39314
 30
0.0
 10
7.8585
 20
2.39314
 30
0.0
 10
7.8585
 20
3.48717
 30
0.0
 10
7.8585
 20
3.48717
 30
0.0
  0
SPLINE
  5
31D
330
1F
100
AcDbEntity
  8
Camada 1
 62
   251
370
     9
100
AcDbSpline
210
0.0
220
0.0
230
1.0
 70
    24
 71
     3
 72
     8
 73
     4
 74
     0
 42
0.0000000001
 43
0.0000000001
 40
0.0
 40
0.0
 40
0.0
 40
0.0
 40
1.0
 40
1.0
 40
1.0
 40
1.0
 10
4.08232
 20
3.48717
 30
0.0
 10
4.08232
 20
3.48717
 30
0.0
 10
4.08232
 20
2.39314
 30
0.0
 10
4.08232
 20
2.39314
 30
0.0
  0
SPLINE
  5
31E
330
1F
100
AcDbEntity
  8
Camada 1
 62
   251
370
     9
100
AcDbSpline
210
0.0
220
0.0
230
1.0
 70
    24
 71
     3
 72
     8
 73
     4
 74
     0
 42
0.0000000001
 43
0.0000000001
 40
0.0
 40
0.0
 40
0.0
 40
0.0
 40
1.0
 40
1.0
 40
1.0
 40
1.0
 10
7.82674
 20
-2.35001
 30
0.0
 10
7.82674
 20
-2.35001
 30
0.0
 10
7.82321
 20
-2.34296
 30
0.0
 10
7.82321
 20
-2.34296
 30
0.0
  0
SPLINE
  5
31F
330
1F
100
AcDbEntity
  8
Camada 1
 62
   251
370
     9
100
AcDbSpline
210
0.0
220
0.0
230
1.0
 70
    24
 71
     3
 72
     8
 73
     4
 74
     0
 42
0.0000000001
 43
0.0000000001
 40
0.0
 40
0.0
 40
0.0
 40
0.0
 40
1.0
 40
1.0
 40
1.0
 40
1.0
 10
4.11409
 20
-2.35001
 30
0.0
 10
4.11409
 20
-2.35001
 30
0.0
 10
7.82674
 20
-2.35001
 30
0.0
 10
7.82674
 20
-2.35001
 30
0.0
  0
SPLINE
  5
320
330
1F
100
AcDbEntity
  8
Camada 1
 62
   251
370
     9
100
AcDbSpline
210
0.0
220
0.0
230
1.0
 70
    24
 71
     3
 72
     8
 73
     4
 74
     0
 42
0.0000000001
 43
0.0000000001
 40
0.0
 40
0.0
 40
0.0
 40
0.0
 40
1.0
 40
1.0
 40
1.0
 40
1.0
 10
4.11762
 20
-2.34296
 30
0.0
 10
4.11762
 20
-2.34296
 30
0.0
 10
4.11409
 20
-2.35001
 30
0.0
 10
4.11409
 20
-2.35001
 30
0.0
  0
SPLINE
  5
321
330
1F
100
AcDbEntity
  8
Camada 1
 62
   251
370
     9
100
AcDbSpline
210
0.0
220
0.0
230
1.0
 70
     8
 71
     3
 72
    35
 73
    31
 74
     0
 42
0.0000000001
 43
0.0000000001
 40
0.0
 40
0.0
 40
0.0
 40
0.0
 40
0.1
 40
0.1
 40
0.1
 40
0.2
 40
0.2
 40
0.2
 40
0.3
 40
0.3
 40
0.3
 40
0.4
 40
0.4
 40
0.4
 40
0.5
 40
0.5
 40
0.5
 40
0.6000000000000001
 40
0.6000000000000001
 40
0.6000000000000001
 40
0.7000000000000001
 40
0.7000000000000001
 40
0.7000000000000001
 40
0.8
 40
0.8
 40
0.8
 40
0.9
 40
0.9
 40
0.9
 40
1.0
 40
1.0
 40
1.0
 40
1.0
 10
4.11762
 20
-1.22069
 30
0.0
 10
4.11762
 20
-1.22069
 30
0.0
 10
4.1282
 20
-1.25598
 30
0.0
 10
4.1282
 20
-1.25598
 30
0.0
 10
4.1282
 20
-1.25598
 30
0.0
 10
4.1388
 20
-1.29834
 30
0.0
 10
4.1388
 20
-1.29834
 30
0.0
 10
4.1388
 20
-1.29834
 30
0.0
 10
4.15291
 20
-1.39715
 30
0.0
 10
4.15291
 20
-1.39715
 30
0.0
 10
4.15291
 20
-1.39715
 30
0.0
 10
4.1635
 20
-1.50303
 30
0.0
 10
4.1635
 20
-1.50303
 30
0.0
 10
4.1635
 20
-1.50303
 30
0.0
 10
4.17409
 20
-1.68654
 30
0.0
 10
4.17409
 20
-1.68654
 30
0.0
 10
4.17409
 20
-1.68654
 30
0.0
 10
4.17409
 20
-1.87358
 30
0.0
 10
4.17409
 20
-1.87358
 30
0.0
 10
4.17409
 20
-1.87358
 30
0.0
 10
4.1635
 20
-2.0571
 30
0.0
 10
4.1635
 20
-2.0571
 30
0.0
 10
4.1635
 20
-2.0571
 30
0.0
 10
4.14938
 20
-2.20533
 30
0.0
 10
4.14938
 20
-2.20533
 30
0.0
 10
4.14938
 20
-2.20533
 30
0.0
 10
4.13173
 20
-2.29708
 30
0.0
 10
4.13173
 20
-2.29708
 30
0.0
 10
4.13173
 20
-2.29708
 30
0.0
 10
4.11762
 20
-2.34296
 30
0.0
 10
4.11762
 20
-2.34296
 30
0.0
  0
SPLINE
  5
322
330
1F
100
AcDbEntity
  8
Camada 1
 62
   251
370
     9
100
AcDbSpline
210
0.0
220
0.0
230
1.0
 70
    24
 71
     3
 72
     8
 73
     4
 74
     0
 42
0.0000000001
 43
0.0000000001
 40
0.0
 40
0.0
 40
0.0
 40
0.0
 40
1.0
 40
1.0
 40
1.0
 40
1.0
 10
4.11409
 20
-1.21364
 30
0.0
 10
4.11409
 20
-1.21364
 30
0.0
 10
4.11762
 20
-1.22069
 30
0.0
 10
4.11762
 20
-1.22069
 30
0.0
  0
SPLINE
  5
323
330
1F
100
AcDbEntity
  8
Camada 1
 62
   251
370
     9
100
AcDbSpline
210
0.0
220
0.0
230
1.0
 70
    24
 71
     3
 72
     8
 73
     4
 74
     0
 42
0.0000000001
 43
0.0000000001
 40
0.0
 40
0.0
 40
0.0
 40
0.0
 40
1.0
 40
1.0
 40
1.0
 40
1.0
 10
7.82674
 20
-1.21364
 30
0.0
 10
7.82674
 20
-1.21364
 30
0.0
 10
4.11409
 20
-1.21364
 30
0.0
 10
4.11409
 20
-1.21364
 30
0.0
  0
SPLINE
  5
324
330
1F
100
AcDbEntity
  8
Camada 1
 62
   251
370
     9
100
AcDbSpline
210
0.0
220
0.0
230
1.0
 70
    24
 71
     3
 72
     8
 73
     4
 74
     0
 42
0.0000000001
 43
0.0000000001
 40
0.0
 40
0.0
 40
0.0
 40
0.0
 40
1.0
 40
1.0
 40
1.0
 40
1.0
 10
7.82321
 20
-1.22069
 30
0.0
 10
7.82321
 20
-1.22069
 30
0.0
 10
7.82674
 20
-1.21364
 30
0.0
 10
7.82674
 20
-1.21364
 30
0.0
  0
SPLINE
  5
325
330
1F
100
AcDbEntity
  8
Camada 1
 62
   251
370
     9
100
AcDbSpline
210
0.0
220
0.0
230
1.0
 70
     8
 71
     3
 72
    35
 73
    31
 74
     0
 42
0.0000000001
 43
0.0000000001
 40
0.0
 40
0.0
 40
0.0
 40
0.0
 40
0.1
 40
0.1
 40
0.1
 40
0.2
 40
0.2
 40
0.2
 40
0.3
 40
0.3
 40
0.3
 40
0.4
 40
0.4
 40
0.4
 40
0.5
 40
0.5
 40
0.5
 40
0.6000000000000001
 40
0.6000000000000001
 40
0.6000000000000001
 40
0.7000000000000001
 40
0.7000000000000001
 40
0.7000000000000001
 40
0.8
 40
0.8
 40
0.8
 40
0.9
 40
0.9
 40
0.9
 40
1.0
 40
1.0
 40
1.0
 40
1.0
 10
7.82321
 20
-2.34296
 30
0.0
 10
7.82321
 20
-2.34296
 30
0.0
 10
7.81262
 20
-2.30767
 30
0.0
 10
7.81262
 20
-2.30767
 30
0.0
 10
7.81262
 20
-2.30767
 30
0.0
 10
7.80203
 20
-2.26532
 30
0.0
 10
7.80203
 20
-2.26532
 30
0.0
 10
7.80203
 20
-2.26532
 30
0.0
 10
7.78792
 20
-2.1665
 30
0.0
 10
7.78792
 20
-2.1665
 30
0.0
 10
7.78792
 20
-2.1665
 30
0.0
 10
7.77733
 20
-2.06415
 30
0.0
 10
7.77733
 20
-2.06415
 30
0.0
 10
7.77733
 20
-2.06415
 30
0.0
 10
7.76674
 20
-1.87711
 30
0.0
 10
7.76674
 20
-1.87711
 30
0.0
 10
7.76674
 20
-1.87711
 30
0.0
 10
7.76674
 20
-1.6936
 30
0.0
 10
7.76674
 20
-1.6936
 30
0.0
 10
7.76674
 20
-1.6936
 30
0.0
 10
7.77733
 20
-1.51008
 30
0.0
 10
7.77733
 20
-1.51008
 30
0.0
 10
7.77733
 20
-1.51008
 30
0.0
 10
7.79145
 20
-1.36186
 30
0.0
 10
7.79145
 20
-1.36186
 30
0.0
 10
7.79145
 20
-1.36186
 30
0.0
 10
7.8091
 20
-1.26658
 30
0.0
 10
7.8091
 20
-1.26658
 30
0.0
 10
7.8091
 20
-1.26658
 30
0.0
 10
7.82321
 20
-1.22069
 30
0.0
 10
7.82321
 20
-1.22069
 30
0.0
  0
SPLINE
  5
326
330
1F
100
AcDbEntity
  8
Camada 1
 62
   251
370
     9
100
AcDbSpline
210
0.0
220
0.0
230
1.0
 70
     8
 71
     3
 72
    29
 73
    25
 74
     0
 42
0.0000000001
 43
0.0000000001
 40
0.0
 40
0.0
 40
0.0
 40
0.0
 40
0.125
 40
0.125
 40
0.125
 40
0.25
 40
0.25
 40
0.25
 40
0.375
 40
0.375
 40
0.375
 40
0.5
 40
0.5
 40
0.5
 40
0.625
 40
0.625
 40
0.625
 40
0.75
 40
0.75
 40
0.75
 40
0.875
 40
0.875
 40
0.875
 40
1.0
 40
1.0
 40
1.0
 40
1.0
 10
4.11762
 20
-2.34296
 30
0.0
 10
4.11762
 20
-2.34296
 30
0.0
 10
4.11057
 20
-2.34296
 30
0.0
 10
4.11057
 20
-2.34296
 30
0.0
 10
4.11057
 20
-2.34296
 30
0.0
 10
4.10703
 20
-2.33943
 30
0.0
 10
4.10703
 20
-2.33943
 30
0.0
 10
4.10703
 20
-2.33943
 30
0.0
 10
4.1035
 20
-2.33943
 30
0.0
 10
4.1035
 20
-2.33943
 30
0.0
 10
4.1035
 20
-2.33943
 30
0.0
 10
4.09997
 20
-2.3359
 30
0.0
 10
4.09997
 20
-2.3359
 30
0.0
 10
4.09997
 20
-2.3359
 30
0.0
 10
4.09644
 20
-2.33237
 30
0.0
 10
4.09644
 20
-2.33237
 30
0.0
 10
4.09644
 20
-2.33237
 30
0.0
 10
4.09292
 20
-2.32885
 30
0.0
 10
4.09292
 20
-2.32885
 30
0.0
 10
4.09292
 20
-2.32885
 30
0.0
 10
4.08939
 20
-2.32531
 30
0.0
 10
4.08939
 20
-2.32531
 30
0.0
 10
4.08939
 20
-2.32531
 30
0.0
 10
4.08939
 20
-2.32178
 30
0.0
 10
4.08939
 20
-2.32178
 30
0.0
  0
SPLINE
  5
327
330
1F
100
AcDbEntity
  8
Camada 1
 62
   251
370
     9
100
AcDbSpline
210
0.0
220
0.0
230
1.0
 70
     8
 71
     3
 72
    32
 73
    28
 74
     0
 42
0.0000000001
 43
0.0000000001
 40
0.0
 40
0.0
 40
0.0
 40
0.0
 40
0.1111111111111111
 40
0.1111111111111111
 40
0.1111111111111111
 40
0.2222222222222222
 40
0.2222222222222222
 40
0.2222222222222222
 40
0.3333333333333333
 40
0.3333333333333333
 40
0.3333333333333333
 40
0.4444444444444444
 40
0.4444444444444444
 40
0.4444444444444444
 40
0.5555555555555556
 40
0.5555555555555556
 40
0.5555555555555556
 40
0.6666666666666666
 40
0.6666666666666666
 40
0.6666666666666666
 40
0.7777777777777777
 40
0.7777777777777777
 40
0.7777777777777777
 40
0.8888888888888888
 40
0.8888888888888888
 40
0.8888888888888888
 40
1.0
 40
1.0
 40
1.0
 40
1.0
 10
4.08939
 20
-2.32178
 30
0.0
 10
4.08939
 20
-2.32178
 30
0.0
 10
4.1035
 20
-2.28297
 30
0.0
 10
4.1035
 20
-2.28297
 30
0.0
 10
4.1035
 20
-2.28297
 30
0.0
 10
4.12115
 20
-2.19473
 30
0.0
 10
4.12115
 20
-2.19473
 30
0.0
 10
4.12115
 20
-2.19473
 30
0.0
 10
4.1388
 20
-2.05004
 30
0.0
 10
4.1388
 20
-2.05004
 30
0.0
 10
4.1388
 20
-2.05004
 30
0.0
 10
4.14585
 20
-1.87006
 30
0.0
 10
4.14585
 20
-1.87006
 30
0.0
 10
4.14585
 20
-1.87006
 30
0.0
 10
4.14585
 20
-1.68654
 30
0.0
 10
4.14585
 20
-1.68654
 30
0.0
 10
4.14585
 20
-1.68654
 30
0.0
 10
4.13526
 20
-1.50655
 30
0.0
 10
4.13526
 20
-1.50655
 30
0.0
 10
4.13526
 20
-1.50655
 30
0.0
 10
4.1282
 20
-1.40774
 30
0.0
 10
4.1282
 20
-1.40774
 30
0.0
 10
4.1282
 20
-1.40774
 30
0.0
 10
4.11057
 20
-1.31246
 30
0.0
 10
4.11057
 20
-1.31246
 30
0.0
 10
4.11057
 20
-1.31246
 30
0.0
 10
4.08939
 20
-1.24187
 30
0.0
 10
4.08939
 20
-1.24187
 30
0.0
  0
SPLINE
  5
328
330
1F
100
AcDbEntity
  8
Camada 1
 62
   251
370
     9
100
AcDbSpline
210
0.0
220
0.0
230
1.0
 70
     8
 71
     3
 72
    29
 73
    25
 74
     0
 42
0.0000000001
 43
0.0000000001
 40
0.0
 40
0.0
 40
0.0
 40
0.0
 40
0.125
 40
0.125
 40
0.125
 40
0.25
 40
0.25
 40
0.25
 40
0.375
 40
0.375
 40
0.375
 40
0.5
 40
0.5
 40
0.5
 40
0.625
 40
0.625
 40
0.625
 40
0.75
 40
0.75
 40
0.75
 40
0.875
 40
0.875
 40
0.875
 40
1.0
 40
1.0
 40
1.0
 40
1.0
 10
4.11762
 20
-1.22069
 30
0.0
 10
4.11762
 20
-1.22069
 30
0.0
 10
4.11057
 20
-1.22069
 30
0.0
 10
4.11057
 20
-1.22069
 30
0.0
 10
4.11057
 20
-1.22069
 30
0.0
 10
4.10703
 20
-1.22422
 30
0.0
 10
4.10703
 20
-1.22422
 30
0.0
 10
4.10703
 20
-1.22422
 30
0.0
 10
4.1035
 20
-1.22775
 30
0.0
 10
4.1035
 20
-1.22775
 30
0.0
 10
4.1035
 20
-1.22775
 30
0.0
 10
4.09997
 20
-1.22775
 30
0.0
 10
4.09997
 20
-1.22775
 30
0.0
 10
4.09997
 20
-1.22775
 30
0.0
 10
4.09644
 20
-1.23128
 30
0.0
 10
4.09644
 20
-1.23128
 30
0.0
 10
4.09644
 20
-1.23128
 30
0.0
 10
4.09292
 20
-1.23482
 30
0.0
 10
4.09292
 20
-1.23482
 30
0.0
 10
4.09292
 20
-1.23482
 30
0.0
 10
4.08939
 20
-1.23834
 30
0.0
 10
4.08939
 20
-1.23834
 30
0.0
 10
4.08939
 20
-1.23834
 30
0.0
 10
4.08939
 20
-1.24187
 30
0.0
 10
4.08939
 20
-1.24187
 30
0.0
  0
SPLINE
  5
329
330
1F
100
AcDbEntity
  8
Camada 1
 62
   251
370
     9
100
AcDbSpline
210
0.0
220
0.0
230
1.0
 70
     8
 71
     3
 72
    29
 73
    25
 74
     0
 42
0.0000000001
 43
0.0000000001
 40
0.0
 40
0.0
 40
0.0
 40
0.0
 40
0.125
 40
0.125
 40
0.125
 40
0.25
 40
0.25
 40
0.25
 40
0.375
 40
0.375
 40
0.375
 40
0.5
 40
0.5
 40
0.5
 40
0.625
 40
0.625
 40
0.625
 40
0.75
 40
0.75
 40
0.75
 40
0.875
 40
0.875
 40
0.875
 40
1.0
 40
1.0
 40
1.0
 40
1.0
 10
7.82321
 20
-1.22069
 30
0.0
 10
7.82321
 20
-1.22069
 30
0.0
 10
7.83026
 20
-1.22069
 30
0.0
 10
7.83026
 20
-1.22069
 30
0.0
 10
7.83026
 20
-1.22069
 30
0.0
 10
7.83379
 20
-1.22422
 30
0.0
 10
7.83379
 20
-1.22422
 30
0.0
 10
7.83379
 20
-1.22422
 30
0.0
 10
7.83733
 20
-1.22775
 30
0.0
 10
7.83733
 20
-1.22775
 30
0.0
 10
7.83733
 20
-1.22775
 30
0.0
 10
7.84086
 20
-1.22775
 30
0.0
 10
7.84086
 20
-1.22775
 30
0.0
 10
7.84086
 20
-1.22775
 30
0.0
 10
7.84438
 20
-1.23128
 30
0.0
 10
7.84438
 20
-1.23128
 30
0.0
 10
7.84438
 20
-1.23128
 30
0.0
 10
7.84791
 20
-1.23482
 30
0.0
 10
7.84791
 20
-1.23482
 30
0.0
 10
7.84791
 20
-1.23482
 30
0.0
 10
7.85144
 20
-1.23834
 30
0.0
 10
7.85144
 20
-1.23834
 30
0.0
 10
7.85144
 20
-1.23834
 30
0.0
 10
7.85144
 20
-1.24187
 30
0.0
 10
7.85144
 20
-1.24187
 30
0.0
  0
SPLINE
  5
32A
330
1F
100
AcDbEntity
  8
Camada 1
 62
   251
370
     9
100
AcDbSpline
210
0.0
220
0.0
230
1.0
 70
     8
 71
     3
 72
    32
 73
    28
 74
     0
 42
0.0000000001
 43
0.0000000001
 40
0.0
 40
0.0
 40
0.0
 40
0.0
 40
0.1111111111111111
 40
0.1111111111111111
 40
0.1111111111111111
 40
0.2222222222222222
 40
0.2222222222222222
 40
0.2222222222222222
 40
0.3333333333333333
 40
0.3333333333333333
 40
0.3333333333333333
 40
0.4444444444444444
 40
0.4444444444444444
 40
0.4444444444444444
 40
0.5555555555555556
 40
0.5555555555555556
 40
0.5555555555555556
 40
0.6666666666666666
 40
0.6666666666666666
 40
0.6666666666666666
 40
0.7777777777777777
 40
0.7777777777777777
 40
0.7777777777777777
 40
0.8888888888888888
 40
0.8888888888888888
 40
0.8888888888888888
 40
1.0
 40
1.0
 40
1.0
 40
1.0
 10
7.85144
 20
-1.24187
 30
0.0
 10
7.85144
 20
-1.24187
 30
0.0
 10
7.83733
 20
-1.28421
 30
0.0
 10
7.83733
 20
-1.28421
 30
0.0
 10
7.83733
 20
-1.28421
 30
0.0
 10
7.81968
 20
-1.36892
 30
0.0
 10
7.81968
 20
-1.36892
 30
0.0
 10
7.81968
 20
-1.36892
 30
0.0
 10
7.80203
 20
-1.51361
 30
0.0
 10
7.80203
 20
-1.51361
 30
0.0
 10
7.80203
 20
-1.51361
 30
0.0
 10
7.79498
 20
-1.6936
 30
0.0
 10
7.79498
 20
-1.6936
 30
0.0
 10
7.79498
 20
-1.6936
 30
0.0
 10
7.79498
 20
-1.87711
 30
0.0
 10
7.79498
 20
-1.87711
 30
0.0
 10
7.79498
 20
-1.87711
 30
0.0
 10
7.80556
 20
-2.0571
 30
0.0
 10
7.80556
 20
-2.0571
 30
0.0
 10
7.80556
 20
-2.0571
 30
0.0
 10
7.81262
 20
-2.15944
 30
0.0
 10
7.81262
 20
-2.15944
 30
0.0
 10
7.81262
 20
-2.15944
 30
0.0
 10
7.83026
 20
-2.25473
 30
0.0
 10
7.83026
 20
-2.25473
 30
0.0
 10
7.83026
 20
-2.25473
 30
0.0
 10
7.85144
 20
-2.32178
 30
0.0
 10
7.85144
 20
-2.32178
 30
0.0
  0
SPLINE
  5
32B
330
1F
100
AcDbEntity
  8
Camada 1
 62
   251
370
     9
100
AcDbSpline
210
0.0
220
0.0
230
1.0
 70
     8
 71
     3
 72
    29
 73
    25
 74
     0
 42
0.0000000001
 43
0.0000000001
 40
0.0
 40
0.0
 40
0.0
 40
0.0
 40
0.125
 40
0.125
 40
0.125
 40
0.25
 40
0.25
 40
0.25
 40
0.375
 40
0.375
 40
0.375
 40
0.5
 40
0.5
 40
0.5
 40
0.625
 40
0.625
 40
0.625
 40
0.75
 40
0.75
 40
0.75
 40
0.875
 40
0.875
 40
0.875
 40
1.0
 40
1.0
 40
1.0
 40
1.0
 10
7.82321
 20
-2.34296
 30
0.0
 10
7.82321
 20
-2.34296
 30
0.0
 10
7.83026
 20
-2.34296
 30
0.0
 10
7.83026
 20
-2.34296
 30
0.0
 10
7.83026
 20
-2.34296
 30
0.0
 10
7.83379
 20
-2.33943
 30
0.0
 10
7.83379
 20
-2.33943
 30
0.0
 10
7.83379
 20
-2.33943
 30
0.0
 10
7.83733
 20
-2.33943
 30
0.0
 10
7.83733
 20
-2.33943
 30
0.0
 10
7.83733
 20
-2.33943
 30
0.0
 10
7.84086
 20
-2.3359
 30
0.0
 10
7.84086
 20
-2.3359
 30
0.0
 10
7.84086
 20
-2.3359
 30
0.0
 10
7.84438
 20
-2.33237
 30
0.0
 10
7.84438
 20
-2.33237
 30
0.0
 10
7.84438
 20
-2.33237
 30
0.0
 10
7.84791
 20
-2.32885
 30
0.0
 10
7.84791
 20
-2.32885
 30
0.0
 10
7.84791
 20
-2.32885
 30
0.0
 10
7.85144
 20
-2.32531
 30
0.0
 10
7.85144
 20
-2.32531
 30
0.0
 10
7.85144
 20
-2.32531
 30
0.0
 10
7.85144
 20
-2.32178
 30
0.0
 10
7.85144
 20
-2.32178
 30
0.0
  0
SPLINE
  5
32C
330
1F
100
AcDbEntity
  8
Camada 1
 62
   251
370
     9
100
AcDbSpline
210
0.0
220
0.0
230
1.0
 70
    24
 71
     3
 72
     8
 73
     4
 74
     0
 42
0.0000000001
 43
0.0000000001
 40
0.0
 40
0.0
 40
0.0
 40
0.0
 40
1.0
 40
1.0
 40
1.0
 40
1.0
 10
4.08939
 20
-1.24187
 30
0.0
 10
4.08939
 20
-1.24187
 30
0.0
 10
4.08939
 20
-2.32178
 30
0.0
 10
4.08939
 20
-2.32178
 30
0.0
  0
SPLINE
  5
32D
330
1F
100
AcDbEntity
  8
Camada 1
 62
   251
370
     9
100
AcDbSpline
210
0.0
220
0.0
230
1.0
 70
    24
 71
     3
 72
     8
 73
     4
 74
     0
 42
0.0000000001
 43
0.0000000001
 40
0.0
 40
0.0
 40
0.0
 40
0.0
 40
1.0
 40
1.0
 40
1.0
 40
1.0
 10
7.85144
 20
-2.32178
 30
0.0
 10
7.85144
 20
-2.32178
 30
0.0
 10
7.85144
 20
-1.24187
 30
0.0
 10
7.85144
 20
-1.24187
 30
0.0
  0
SPLINE
  5
32E
330
1F
100
AcDbEntity
  8
Camada 1
 62
   251
370
     9
100
AcDbSpline
210
0.0
220
0.0
230
1.0
 70
    24
 71
     3
 72
     8
 73
     4
 74
     0
 42
0.0000000001
 43
0.0000000001
 40
0.0
 40
0.0
 40
0.0
 40
0.0
 40
1.0
 40
1.0
 40
1.0
 40
1.0
 10
7.85497
 20
-1.23834
 30
0.0
 10
7.85497
 20
-1.23834
 30
0.0
 10
7.85144
 20
-1.24187
 30
0.0
 10
7.85144
 20
-1.24187
 30
0.0
  0
SPLINE
  5
32F
330
1F
100
AcDbEntity
  8
Camada 1
 62
   251
370
     9
100
AcDbSpline
210
0.0
220
0.0
230
1.0
 70
     8
 71
     3
 72
    29
 73
    25
 74
     0
 42
0.0000000001
 43
0.0000000001
 40
0.0
 40
0.0
 40
0.0
 40
0.0
 40
0.125
 40
0.125
 40
0.125
 40
0.25
 40
0.25
 40
0.25
 40
0.375
 40
0.375
 40
0.375
 40
0.5
 40
0.5
 40
0.5
 40
0.625
 40
0.625
 40
0.625
 40
0.75
 40
0.75
 40
0.75
 40
0.875
 40
0.875
 40
0.875
 40
1.0
 40
1.0
 40
1.0
 40
1.0
 10
7.82674
 20
-1.21364
 30
0.0
 10
7.82674
 20
-1.21364
 30
0.0
 10
7.83379
 20
-1.21364
 30
0.0
 10
7.83379
 20
-1.21364
 30
0.0
 10
7.83379
 20
-1.21364
 30
0.0
 10
7.83733
 20
-1.21717
 30
0.0
 10
7.83733
 20
-1.21717
 30
0.0
 10
7.83733
 20
-1.21717
 30
0.0
 10
7.84438
 20
-1.21717
 30
0.0
 10
7.84438
 20
-1.21717
 30
0.0
 10
7.84438
 20
-1.21717
 30
0.0
 10
7.84791
 20
-1.22069
 30
0.0
 10
7.84791
 20
-1.22069
 30
0.0
 10
7.84791
 20
-1.22069
 30
0.0
 10
7.85144
 20
-1.22422
 30
0.0
 10
7.85144
 20
-1.22422
 30
0.0
 10
7.85144
 20
-1.22422
 30
0.0
 10
7.85497
 20
-1.22775
 30
0.0
 10
7.85497
 20
-1.22775
 30
0.0
 10
7.85497
 20
-1.22775
 30
0.0
 10
7.85497
 20
-1.23128
 30
0.0
 10
7.85497
 20
-1.23128
 30
0.0
 10
7.85497
 20
-1.23128
 30
0.0
 10
7.85497
 20
-1.23834
 30
0.0
 10
7.85497
 20
-1.23834
 30
0.0
  0
SPLINE
  5
330
330
1F
100
AcDbEntity
  8
Camada 1
 62
   251
370
     9
100
AcDbSpline
210
0.0
220
0.0
230
1.0
 70
    24
 71
     3
 72
     8
 73
     4
 74
     0
 42
0.0000000001
 43
0.0000000001
 40
0.0
 40
0.0
 40
0.0
 40
0.0
 40
1.0
 40
1.0
 40
1.0
 40
1.0
 10
7.85144
 20
-2.32178
 30
0.0
 10
7.85144
 20
-2.32178
 30
0.0
 10
7.85497
 20
-2.32885
 30
0.0
 10
7.85497
 20
-2.32885
 30
0.0
  0
SPLINE
  5
331
330
1F
100
AcDbEntity
  8
Camada 1
 62
   251
370
     9
100
AcDbSpline
210
0.0
220
0.0
230
1.0
 70
     8
 71
     3
 72
    29
 73
    25
 74
     0
 42
0.0000000001
 43
0.0000000001
 40
0.0
 40
0.0
 40
0.0
 40
0.0
 40
0.125
 40
0.125
 40
0.125
 40
0.25
 40
0.25
 40
0.25
 40
0.375
 40
0.375
 40
0.375
 40
0.5
 40
0.5
 40
0.5
 40
0.625
 40
0.625
 40
0.625
 40
0.75
 40
0.75
 40
0.75
 40
0.875
 40
0.875
 40
0.875
 40
1.0
 40
1.0
 40
1.0
 40
1.0
 10
7.82674
 20
-2.35001
 30
0.0
 10
7.82674
 20
-2.35001
 30
0.0
 10
7.83379
 20
-2.35001
 30
0.0
 10
7.83379
 20
-2.35001
 30
0.0
 10
7.83379
 20
-2.35001
 30
0.0
 10
7.83733
 20
-2.35001
 30
0.0
 10
7.83733
 20
-2.35001
 30
0.0
 10
7.83733
 20
-2.35001
 30
0.0
 10
7.84438
 20
-2.34649
 30
0.0
 10
7.84438
 20
-2.34649
 30
0.0
 10
7.84438
 20
-2.34649
 30
0.0
 10
7.84791
 20
-2.34296
 30
0.0
 10
7.84791
 20
-2.34296
 30
0.0
 10
7.84791
 20
-2.34296
 30
0.0
 10
7.85144
 20
-2.33943
 30
0.0
 10
7.85144
 20
-2.33943
 30
0.0
 10
7.85144
 20
-2.33943
 30
0.0
 10
7.85497
 20
-2.3359
 30
0.0
 10
7.85497
 20
-2.3359
 30
0.0
 10
7.85497
 20
-2.3359
 30
0.0
 10
7.85497
 20
-2.33237
 30
0.0
 10
7.85497
 20
-2.33237
 30
0.0
 10
7.85497
 20
-2.33237
 30
0.0
 10
7.85497
 20
-2.32885
 30
0.0
 10
7.85497
 20
-2.32885
 30
0.0
  0
SPLINE
  5
332
330
1F
100
AcDbEntity
  8
Camada 1
 62
   251
370
     9
100
AcDbSpline
210
0.0
220
0.0
230
1.0
 70
    24
 71
     3
 72
     8
 73
     4
 74
     0
 42
0.0000000001
 43
0.0000000001
 40
0.0
 40
0.0
 40
0.0
 40
0.0
 40
1.0
 40
1.0
 40
1.0
 40
1.0
 10
4.08939
 20
-1.24187
 30
0.0
 10
4.08939
 20
-1.24187
 30
0.0
 10
4.08586
 20
-1.23834
 30
0.0
 10
4.08586
 20
-1.23834
 30
0.0
  0
SPLINE
  5
333
330
1F
100
AcDbEntity
  8
Camada 1
 62
   251
370
     9
100
AcDbSpline
210
0.0
220
0.0
230
1.0
 70
     8
 71
     3
 72
    29
 73
    25
 74
     0
 42
0.0000000001
 43
0.0000000001
 40
0.0
 40
0.0
 40
0.0
 40
0.0
 40
0.125
 40
0.125
 40
0.125
 40
0.25
 40
0.25
 40
0.25
 40
0.375
 40
0.375
 40
0.375
 40
0.5
 40
0.5
 40
0.5
 40
0.625
 40
0.625
 40
0.625
 40
0.75
 40
0.75
 40
0.75
 40
0.875
 40
0.875
 40
0.875
 40
1.0
 40
1.0
 40
1.0
 40
1.0
 10
4.11409
 20
-1.21364
 30
0.0
 10
4.11409
 20
-1.21364
 30
0.0
 10
4.11057
 20
-1.21364
 30
0.0
 10
4.11057
 20
-1.21364
 30
0.0
 10
4.11057
 20
-1.21364
 30
0.0
 10
4.1035
 20
-1.21717
 30
0.0
 10
4.1035
 20
-1.21717
 30
0.0
 10
4.1035
 20
-1.21717
 30
0.0
 10
4.09997
 20
-1.21717
 30
0.0
 10
4.09997
 20
-1.21717
 30
0.0
 10
4.09997
 20
-1.21717
 30
0.0
 10
4.09292
 20
-1.22069
 30
0.0
 10
4.09292
 20
-1.22069
 30
0.0
 10
4.09292
 20
-1.22069
 30
0.0
 10
4.08939
 20
-1.22422
 30
0.0
 10
4.08939
 20
-1.22422
 30
0.0
 10
4.08939
 20
-1.22422
 30
0.0
 10
4.08586
 20
-1.22775
 30
0.0
 10
4.08586
 20
-1.22775
 30
0.0
 10
4.08586
 20
-1.22775
 30
0.0
 10
4.08586
 20
-1.23128
 30
0.0
 10
4.08586
 20
-1.23128
 30
0.0
 10
4.08586
 20
-1.23128
 30
0.0
 10
4.08586
 20
-1.23834
 30
0.0
 10
4.08586
 20
-1.23834
 30
0.0
  0
SPLINE
  5
334
330
1F
100
AcDbEntity
  8
Camada 1
 62
   251
370
     9
100
AcDbSpline
210
0.0
220
0.0
230
1.0
 70
    24
 71
     3
 72
     8
 73
     4
 74
     0
 42
0.0000000001
 43
0.0000000001
 40
0.0
 40
0.0
 40
0.0
 40
0.0
 40
1.0
 40
1.0
 40
1.0
 40
1.0
 10
4.08586
 20
-2.32885
 30
0.0
 10
4.08586
 20
-2.32885
 30
0.0
 10
4.08939
 20
-2.32178
 30
0.0
 10
4.08939
 20
-2.32178
 30
0.0
  0
SPLINE
  5
335
330
1F
100
AcDbEntity
  8
Camada 1
 62
   251
370
     9
100
AcDbSpline
210
0.0
220
0.0
230
1.0
 70
     8
 71
     3
 72
    29
 73
    25
 74
     0
 42
0.0000000001
 43
0.0000000001
 40
0.0
 40
0.0
 40
0.0
 40
0.0
 40
0.125
 40
0.125
 40
0.125
 40
0.25
 40
0.25
 40
0.25
 40
0.375
 40
0.375
 40
0.375
 40
0.5
 40
0.5
 40
0.5
 40
0.625
 40
0.625
 40
0.625
 40
0.75
 40
0.75
 40
0.75
 40
0.875
 40
0.875
 40
0.875
 40
1.0
 40
1.0
 40
1.0
 40
1.0
 10
4.11409
 20
-2.35001
 30
0.0
 10
4.11409
 20
-2.35001
 30
0.0
 10
4.11057
 20
-2.35001
 30
0.0
 10
4.11057
 20
-2.35001
 30
0.0
 10
4.11057
 20
-2.35001
 30
0.0
 10
4.1035
 20
-2.35001
 30
0.0
 10
4.1035
 20
-2.35001
 30
0.0
 10
4.1035
 20
-2.35001
 30
0.0
 10
4.09997
 20
-2.34649
 30
0.0
 10
4.09997
 20
-2.34649
 30
0.0
 10
4.09997
 20
-2.34649
 30
0.0
 10
4.09292
 20
-2.34296
 30
0.0
 10
4.09292
 20
-2.34296
 30
0.0
 10
4.09292
 20
-2.34296
 30
0.0
 10
4.08939
 20
-2.33943
 30
0.0
 10
4.08939
 20
-2.33943
 30
0.0
 10
4.08939
 20
-2.33943
 30
0.0
 10
4.08586
 20
-2.3359
 30
0.0
 10
4.08586
 20
-2.3359
 30
0.0
 10
4.08586
 20
-2.3359
 30
0.0
 10
4.08586
 20
-2.33237
 30
0.0
 10
4.08586
 20
-2.33237
 30
0.0
 10
4.08586
 20
-2.33237
 30
0.0
 10
4.08586
 20
-2.32885
 30
0.0
 10
4.08586
 20
-2.32885
 30
0.0
  0
SPLINE
  5
338
330
1F
100
AcDbEntity
  8
Camada 1
 62
   251
370
     9
100
AcDbSpline
210
0.0
220
0.0
230
1.0
 70
    24
 71
     3
 72
     8
 73
     4
 74
     0
 42
0.0000000001
 43
0.0000000001
 40
0.0
 40
0.0
 40
0.0
 40
0.0
 40
1.0
 40
1.0
 40
1.0
 40
1.0
 10
7.85497
 20
-1.23834
 30
0.0
 10
7.85497
 20
-1.23834
 30
0.0
 10
7.85497
 20
-2.32885
 30
0.0
 10
7.85497
 20
-2.32885
 30
0.0
  0
SPLINE
  5
33B
330
1F
100
AcDbEntity
  8
Camada 1
 62
   251
370
     9
100
AcDbSpline
210
0.0
220
0.0
230
1.0
 70
    24
 71
     3
 72
     8
 73
     4
 74
     0
 42
0.0000000001
 43
0.0000000001
 40
0.0
 40
0.0
 40
0.0
 40
0.0
 40
1.0
 40
1.0
 40
1.0
 40
1.0
 10
4.08586
 20
-2.32885
 30
0.0
 10
4.08586
 20
-2.32885
 30
0.0
 10
4.08586
 20
-1.23834
 30
0.0
 10
4.08586
 20
-1.23834
 30
0.0
  0
SPLINE
  5
33C
330
1F
100
AcDbEntity
  8
Camada 1
 62
   251
370
     9
100
AcDbSpline
210
0.0
220
0.0
230
1.0
 70
     8
 71
     3
 72
    29
 73
    25
 74
     0
 42
0.0000000001
 43
0.0000000001
 40
0.0
 40
0.0
 40
0.0
 40
0.0
 40
0.125
 40
0.125
 40
0.125
 40
0.25
 40
0.25
 40
0.25
 40
0.375
 40
0.375
 40
0.375
 40
0.5
 40
0.5
 40
0.5
 40
0.625
 40
0.625
 40
0.625
 40
0.75
 40
0.75
 40
0.75
 40
0.875
 40
0.875
 40
0.875
 40
1.0
 40
1.0
 40
1.0
 40
1.0
 10
7.82674
 20
-1.20657
 30
0.0
 10
7.82674
 20
-1.20657
 30
0.0
 10
7.83379
 20
-1.20657
 30
0.0
 10
7.83379
 20
-1.20657
 30
0.0
 10
7.83379
 20
-1.20657
 30
0.0
 10
7.83733
 20
-1.21011
 30
0.0
 10
7.83733
 20
-1.21011
 30
0.0
 10
7.83733
 20
-1.21011
 30
0.0
 10
7.84438
 20
-1.21364
 30
0.0
 10
7.84438
 20
-1.21364
 30
0.0
 10
7.84438
 20
-1.21364
 30
0.0
 10
7.84791
 20
-1.21717
 30
0.0
 10
7.84791
 20
-1.21717
 30
0.0
 10
7.84791
 20
-1.21717
 30
0.0
 10
7.85144
 20
-1.22069
 30
0.0
 10
7.85144
 20
-1.22069
 30
0.0
 10
7.85144
 20
-1.22069
 30
0.0
 10
7.85497
 20
-1.22422
 30
0.0
 10
7.85497
 20
-1.22422
 30
0.0
 10
7.85497
 20
-1.22422
 30
0.0
 10
7.85497
 20
-1.23128
 30
0.0
 10
7.85497
 20
-1.23128
 30
0.0
 10
7.85497
 20
-1.23128
 30
0.0
 10
7.85497
 20
-1.23834
 30
0.0
 10
7.85497
 20
-1.23834
 30
0.0
  0
SPLINE
  5
33D
330
1F
100
AcDbEntity
  8
Camada 1
 62
   251
370
     9
100
AcDbSpline
210
0.0
220
0.0
230
1.0
 70
    24
 71
     3
 72
    14
 73
    10
 74
     0
 42
0.0000000001
 43
0.0000000001
 40
0.0
 40
0.0
 40
0.0
 40
0.0
 40
0.3333333333333333
 40
0.3333333333333333
 40
0.3333333333333333
 40
0.6666666666666666
 40
0.6666666666666666
 40
0.6666666666666666
 40
1.0
 40
1.0
 40
1.0
 40
1.0
 10
7.82674
 20
-1.21364
 30
0.0
 10
7.82674
 20
-1.21364
 30
0.0
 10
7.82674
 20
-1.21364
 30
0.0
 10
7.82674
 20
-1.21364
 30
0.0
 10
7.82674
 20
-1.21364
 30
0.0
 10
7.82674
 20
-1.21011
 30
0.0
 10
7.82674
 20
-1.21011
 30
0.0
 10
7.82674
 20
-1.21011
 30
0.0
 10
7.82674
 20
-1.20657
 30
0.0
 10
7.82674
 20
-1.20657
 30
0.0
  0
SPLINE
  5
33E
330
1F
100
AcDbEntity
  8
Camada 1
 62
   251
370
     9
100
AcDbSpline
210
0.0
220
0.0
230
1.0
 70
     8
 71
     3
 72
    29
 73
    25
 74
     0
 42
0.0000000001
 43
0.0000000001
 40
0.0
 40
0.0
 40
0.0
 40
0.0
 40
0.125
 40
0.125
 40
0.125
 40
0.25
 40
0.25
 40
0.25
 40
0.375
 40
0.375
 40
0.375
 40
0.5
 40
0.5
 40
0.5
 40
0.625
 40
0.625
 40
0.625
 40
0.75
 40
0.75
 40
0.75
 40
0.875
 40
0.875
 40
0.875
 40
1.0
 40
1.0
 40
1.0
 40
1.0
 10
4.11409
 20
-1.20657
 30
0.0
 10
4.11409
 20
-1.20657
 30
0.0
 10
4.10703
 20
-1.20657
 30
0.0
 10
4.10703
 20
-1.20657
 30
0.0
 10
4.10703
 20
-1.20657
 30
0.0
 10
4.1035
 20
-1.21011
 30
0.0
 10
4.1035
 20
-1.21011
 30
0.0
 10
4.1035
 20
-1.21011
 30
0.0
 10
4.09644
 20
-1.21364
 30
0.0
 10
4.09644
 20
-1.21364
 30
0.0
 10
4.09644
 20
-1.21364
 30
0.0
 10
4.09292
 20
-1.21717
 30
0.0
 10
4.09292
 20
-1.21717
 30
0.0
 10
4.09292
 20
-1.21717
 30
0.0
 10
4.08939
 20
-1.22069
 30
0.0
 10
4.08939
 20
-1.22069
 30
0.0
 10
4.08939
 20
-1.22069
 30
0.0
 10
4.08586
 20
-1.22422
 30
0.0
 10
4.08586
 20
-1.22422
 30
0.0
 10
4.08586
 20
-1.22422
 30
0.0
 10
4.08586
 20
-1.23128
 30
0.0
 10
4.08586
 20
-1.23128
 30
0.0
 10
4.08586
 20
-1.23128
 30
0.0
 10
4.08586
 20
-1.23834
 30
0.0
 10
4.08586
 20
-1.23834
 30
0.0
  0
SPLINE
  5
33F
330
1F
100
AcDbEntity
  8
Camada 1
 62
   251
370
     9
100
AcDbSpline
210
0.0
220
0.0
230
1.0
 70
    24
 71
     3
 72
    14
 73
    10
 74
     0
 42
0.0000000001
 43
0.0000000001
 40
0.0
 40
0.0
 40
0.0
 40
0.0
 40
0.3333333333333333
 40
0.3333333333333333
 40
0.3333333333333333
 40
0.6666666666666666
 40
0.6666666666666666
 40
0.6666666666666666
 40
1.0
 40
1.0
 40
1.0
 40
1.0
 10
4.11409
 20
-1.20657
 30
0.0
 10
4.11409
 20
-1.20657
 30
0.0
 10
4.11409
 20
-1.20657
 30
0.0
 10
4.11409
 20
-1.20657
 30
0.0
 10
4.11409
 20
-1.20657
 30
0.0
 10
4.11409
 20
-1.21011
 30
0.0
 10
4.11409
 20
-1.21011
 30
0.0
 10
4.11409
 20
-1.21011
 30
0.0
 10
4.11409
 20
-1.21364
 30
0.0
 10
4.11409
 20
-1.21364
 30
0.0
  0
SPLINE
  5
340
330
1F
100
AcDbEntity
  8
Camada 1
 62
   251
370
     9
100
AcDbSpline
210
0.0
220
0.0
230
1.0
 70
     8
 71
     3
 72
    29
 73
    25
 74
     0
 42
0.0000000001
 43
0.0000000001
 40
0.0
 40
0.0
 40
0.0
 40
0.0
 40
0.125
 40
0.125
 40
0.125
 40
0.25
 40
0.25
 40
0.25
 40
0.375
 40
0.375
 40
0.375
 40
0.5
 40
0.5
 40
0.5
 40
0.625
 40
0.625
 40
0.625
 40
0.75
 40
0.75
 40
0.75
 40
0.875
 40
0.875
 40
0.875
 40
1.0
 40
1.0
 40
1.0
 40
1.0
 10
7.82674
 20
-2.35708
 30
0.0
 10
7.82674
 20
-2.35708
 30
0.0
 10
7.83379
 20
-2.35708
 30
0.0
 10
7.83379
 20
-2.35708
 30
0.0
 10
7.83379
 20
-2.35708
 30
0.0
 10
7.83733
 20
-2.35708
 30
0.0
 10
7.83733
 20
-2.35708
 30
0.0
 10
7.83733
 20
-2.35708
 30
0.0
 10
7.84438
 20
-2.35354
 30
0.0
 10
7.84438
 20
-2.35354
 30
0.0
 10
7.84438
 20
-2.35354
 30
0.0
 10
7.84791
 20
-2.35001
 30
0.0
 10
7.84791
 20
-2.35001
 30
0.0
 10
7.84791
 20
-2.35001
 30
0.0
 10
7.85144
 20
-2.34296
 30
0.0
 10
7.85144
 20
-2.34296
 30
0.0
 10
7.85144
 20
-2.34296
 30
0.0
 10
7.85497
 20
-2.33943
 30
0.0
 10
7.85497
 20
-2.33943
 30
0.0
 10
7.85497
 20
-2.33943
 30
0.0
 10
7.85497
 20
-2.33237
 30
0.0
 10
7.85497
 20
-2.33237
 30
0.0
 10
7.85497
 20
-2.33237
 30
0.0
 10
7.85497
 20
-2.32885
 30
0.0
 10
7.85497
 20
-2.32885
 30
0.0
  0
SPLINE
  5
341
330
1F
100
AcDbEntity
  8
Camada 1
 62
   251
370
     9
100
AcDbSpline
210
0.0
220
0.0
230
1.0
 70
    24
 71
     3
 72
    14
 73
    10
 74
     0
 42
0.0000000001
 43
0.0000000001
 40
0.0
 40
0.0
 40
0.0
 40
0.0
 40
0.3333333333333333
 40
0.3333333333333333
 40
0.3333333333333333
 40
0.6666666666666666
 40
0.6666666666666666
 40
0.6666666666666666
 40
1.0
 40
1.0
 40
1.0
 40
1.0
 10
7.82674
 20
-2.35708
 30
0.0
 10
7.82674
 20
-2.35708
 30
0.0
 10
7.82674
 20
-2.35708
 30
0.0
 10
7.82674
 20
-2.35708
 30
0.0
 10
7.82674
 20
-2.35708
 30
0.0
 10
7.82674
 20
-2.35354
 30
0.0
 10
7.82674
 20
-2.35354
 30
0.0
 10
7.82674
 20
-2.35354
 30
0.0
 10
7.82674
 20
-2.35001
 30
0.0
 10
7.82674
 20
-2.35001
 30
0.0
  0
SPLINE
  5
342
330
1F
100
AcDbEntity
  8
Camada 1
 62
   251
370
     9
100
AcDbSpline
210
0.0
220
0.0
230
1.0
 70
     8
 71
     3
 72
    29
 73
    25
 74
     0
 42
0.0000000001
 43
0.0000000001
 40
0.0
 40
0.0
 40
0.0
 40
0.0
 40
0.125
 40
0.125
 40
0.125
 40
0.25
 40
0.25
 40
0.25
 40
0.375
 40
0.375
 40
0.375
 40
0.5
 40
0.5
 40
0.5
 40
0.625
 40
0.625
 40
0.625
 40
0.75
 40
0.75
 40
0.75
 40
0.875
 40
0.875
 40
0.875
 40
1.0
 40
1.0
 40
1.0
 40
1.0
 10
4.11409
 20
-2.35708
 30
0.0
 10
4.11409
 20
-2.35708
 30
0.0
 10
4.10703
 20
-2.35708
 30
0.0
 10
4.10703
 20
-2.35708
 30
0.0
 10
4.10703
 20
-2.35708
 30
0.0
 10
4.1035
 20
-2.35708
 30
0.0
 10
4.1035
 20
-2.35708
 30
0.0
 10
4.1035
 20
-2.35708
 30
0.0
 10
4.09644
 20
-2.35354
 30
0.0
 10
4.09644
 20
-2.35354
 30
0.0
 10
4.09644
 20
-2.35354
 30
0.0
 10
4.09292
 20
-2.35001
 30
0.0
 10
4.09292
 20
-2.35001
 30
0.0
 10
4.09292
 20
-2.35001
 30
0.0
 10
4.08939
 20
-2.34296
 30
0.0
 10
4.08939
 20
-2.34296
 30
0.0
 10
4.08939
 20
-2.34296
 30
0.0
 10
4.08586
 20
-2.33943
 30
0.0
 10
4.08586
 20
-2.33943
 30
0.0
 10
4.08586
 20
-2.33943
 30
0.0
 10
4.08586
 20
-2.33237
 30
0.0
 10
4.08586
 20
-2.33237
 30
0.0
 10
4.08586
 20
-2.33237
 30
0.0
 10
4.08586
 20
-2.32885
 30
0.0
 10
4.08586
 20
-2.32885
 30
0.0
  0
SPLINE
  5
343
330
1F
100
AcDbEntity
  8
Camada 1
 62
   251
370
     9
100
AcDbSpline
210
0.0
220
0.0
230
1.0
 70
    24
 71
     3
 72
    11
 73
     7
 74
     0
 42
0.0000000001
 43
0.0000000001
 40
0.0
 40
0.0
 40
0.0
 40
0.0
 40
0.5
 40
0.5
 40
0.5
 40
1.0
 40
1.0
 40
1.0
 40
1.0
 10
4.11409
 20
-2.35001
 30
0.0
 10
4.11409
 20
-2.35001
 30
0.0
 10
4.11409
 20
-2.35354
 30
0.0
 10
4.11409
 20
-2.35354
 30
0.0
 10
4.11409
 20
-2.35354
 30
0.0
 10
4.11409
 20
-2.35708
 30
0.0
 10
4.11409
 20
-2.35708
 30
0.0
  0
SPLINE
  5
344
330
1F
100
AcDbEntity
  8
Camada 1
 62
   251
370
     9
100
AcDbSpline
210
0.0
220
0.0
230
1.0
 70
    24
 71
     3
 72
     8
 73
     4
 74
     0
 42
0.0000000001
 43
0.0000000001
 40
0.0
 40
0.0
 40
0.0
 40
0.0
 40
1.0
 40
1.0
 40
1.0
 40
1.0
 10
4.11409
 20
-1.20657
 30
0.0
 10
4.11409
 20
-1.20657
 30
0.0
 10
7.82674
 20
-1.20657
 30
0.0
 10
7.82674
 20
-1.20657
 30
0.0
  0
SPLINE
  5
345
330
1F
100
AcDbEntity
  8
Camada 1
 62
   251
370
     9
100
AcDbSpline
210
0.0
220
0.0
230
1.0
 70
    24
 71
     3
 72
     8
 73
     4
 74
     0
 42
0.0000000001
 43
0.0000000001
 40
0.0
 40
0.0
 40
0.0
 40
0.0
 40
1.0
 40
1.0
 40
1.0
 40
1.0
 10
7.82674
 20
-2.35708
 30
0.0
 10
7.82674
 20
-2.35708
 30
0.0
 10
4.11409
 20
-2.35708
 30
0.0
 10
4.11409
 20
-2.35708
 30
0.0
  0
SPLINE
  5
346
330
1F
100
AcDbEntity
  8
Camada 1
 62
   251
370
     9
100
AcDbSpline
210
0.0
220
0.0
230
1.0
 70
     8
 71
     3
 72
    29
 73
    25
 74
     0
 42
0.0000000001
 43
0.0000000001
 40
0.0
 40
0.0
 40
0.0
 40
0.0
 40
0.125
 40
0.125
 40
0.125
 40
0.25
 40
0.25
 40
0.25
 40
0.375
 40
0.375
 40
0.375
 40
0.5
 40
0.5
 40
0.5
 40
0.625
 40
0.625
 40
0.625
 40
0.75
 40
0.75
 40
0.75
 40
0.875
 40
0.875
 40
0.875
 40
1.0
 40
1.0
 40
1.0
 40
1.0
 10
4.11409
 20
-1.20657
 30
0.0
 10
4.11409
 20
-1.20657
 30
0.0
 10
4.10703
 20
-1.20657
 30
0.0
 10
4.10703
 20
-1.20657
 30
0.0
 10
4.10703
 20
-1.20657
 30
0.0
 10
4.1035
 20
-1.21011
 30
0.0
 10
4.1035
 20
-1.21011
 30
0.0
 10
4.1035
 20
-1.21011
 30
0.0
 10
4.09644
 20
-1.21364
 30
0.0
 10
4.09644
 20
-1.21364
 30
0.0
 10
4.09644
 20
-1.21364
 30
0.0
 10
4.09292
 20
-1.21717
 30
0.0
 10
4.09292
 20
-1.21717
 30
0.0
 10
4.09292
 20
-1.21717
 30
0.0
 10
4.08939
 20
-1.22069
 30
0.0
 10
4.08939
 20
-1.22069
 30
0.0
 10
4.08939
 20
-1.22069
 30
0.0
 10
4.08586
 20
-1.22422
 30
0.0
 10
4.08586
 20
-1.22422
 30
0.0
 10
4.08586
 20
-1.22422
 30
0.0
 10
4.08586
 20
-1.23128
 30
0.0
 10
4.08586
 20
-1.23128
 30
0.0
 10
4.08586
 20
-1.23128
 30
0.0
 10
4.08586
 20
-1.23834
 30
0.0
 10
4.08586
 20
-1.23834
 30
0.0
  0
SPLINE
  5
349
330
1F
100
AcDbEntity
  8
Camada 1
 62
   251
370
     9
100
AcDbSpline
210
0.0
220
0.0
230
1.0
 70
     8
 71
     3
 72
    29
 73
    25
 74
     0
 42
0.0000000001
 43
0.0000000001
 40
0.0
 40
0.0
 40
0.0
 40
0.0
 40
0.125
 40
0.125
 40
0.125
 40
0.25
 40
0.25
 40
0.25
 40
0.375
 40
0.375
 40
0.375
 40
0.5
 40
0.5
 40
0.5
 40
0.625
 40
0.625
 40
0.625
 40
0.75
 40
0.75
 40
0.75
 40
0.875
 40
0.875
 40
0.875
 40
1.0
 40
1.0
 40
1.0
 40
1.0
 10
7.82674
 20
-1.20657
 30
0.0
 10
7.82674
 20
-1.20657
 30
0.0
 10
7.83379
 20
-1.20657
 30
0.0
 10
7.83379
 20
-1.20657
 30
0.0
 10
7.83379
 20
-1.20657
 30
0.0
 10
7.83733
 20
-1.21011
 30
0.0
 10
7.83733
 20
-1.21011
 30
0.0
 10
7.83733
 20
-1.21011
 30
0.0
 10
7.84438
 20
-1.21364
 30
0.0
 10
7.84438
 20
-1.21364
 30
0.0
 10
7.84438
 20
-1.21364
 30
0.0
 10
7.84791
 20
-1.21717
 30
0.0
 10
7.84791
 20
-1.21717
 30
0.0
 10
7.84791
 20
-1.21717
 30
0.0
 10
7.85144
 20
-1.22069
 30
0.0
 10
7.85144
 20
-1.22069
 30
0.0
 10
7.85144
 20
-1.22069
 30
0.0
 10
7.85497
 20
-1.22422
 30
0.0
 10
7.85497
 20
-1.22422
 30
0.0
 10
7.85497
 20
-1.22422
 30
0.0
 10
7.85497
 20
-1.23128
 30
0.0
 10
7.85497
 20
-1.23128
 30
0.0
 10
7.85497
 20
-1.23128
 30
0.0
 10
7.85497
 20
-1.23834
 30
0.0
 10
7.85497
 20
-1.23834
 30
0.0
  0
SPLINE
  5
34B
330
1F
100
AcDbEntity
  8
Camada 1
 62
   251
370
     9
100
AcDbSpline
210
0.0
220
0.0
230
1.0
 70
     8
 71
     3
 72
    29
 73
    25
 74
     0
 42
0.0000000001
 43
0.0000000001
 40
0.0
 40
0.0
 40
0.0
 40
0.0
 40
0.125
 40
0.125
 40
0.125
 40
0.25
 40
0.25
 40
0.25
 40
0.375
 40
0.375
 40
0.375
 40
0.5
 40
0.5
 40
0.5
 40
0.625
 40
0.625
 40
0.625
 40
0.75
 40
0.75
 40
0.75
 40
0.875
 40
0.875
 40
0.875
 40
1.0
 40
1.0
 40
1.0
 40
1.0
 10
4.11409
 20
-2.35708
 30
0.0
 10
4.11409
 20
-2.35708
 30
0.0
 10
4.10703
 20
-2.35708
 30
0.0
 10
4.10703
 20
-2.35708
 30
0.0
 10
4.10703
 20
-2.35708
 30
0.0
 10
4.1035
 20
-2.35708
 30
0.0
 10
4.1035
 20
-2.35708
 30
0.0
 10
4.1035
 20
-2.35708
 30
0.0
 10
4.09644
 20
-2.35354
 30
0.0
 10
4.09644
 20
-2.35354
 30
0.0
 10
4.09644
 20
-2.35354
 30
0.0
 10
4.09292
 20
-2.35001
 30
0.0
 10
4.09292
 20
-2.35001
 30
0.0
 10
4.09292
 20
-2.35001
 30
0.0
 10
4.08939
 20
-2.34296
 30
0.0
 10
4.08939
 20
-2.34296
 30
0.0
 10
4.08939
 20
-2.34296
 30
0.0
 10
4.08586
 20
-2.33943
 30
0.0
 10
4.08586
 20
-2.33943
 30
0.0
 10
4.08586
 20
-2.33943
 30
0.0
 10
4.08586
 20
-2.33237
 30
0.0
 10
4.08586
 20
-2.33237
 30
0.0
 10
4.08586
 20
-2.33237
 30
0.0
 10
4.08586
 20
-2.32885
 30
0.0
 10
4.08586
 20
-2.32885
 30
0.0
  0
SPLINE
  5
34C
330
1F
100
AcDbEntity
  8
Camada 1
 62
   251
370
     9
100
AcDbSpline
210
0.0
220
0.0
230
1.0
 70
     8
 71
     3
 72
    29
 73
    25
 74
     0
 42
0.0000000001
 43
0.0000000001
 40
0.0
 40
0.0
 40
0.0
 40
0.0
 40
0.125
 40
0.125
 40
0.125
 40
0.25
 40
0.25
 40
0.25
 40
0.375
 40
0.375
 40
0.375
 40
0.5
 40
0.5
 40
0.5
 40
0.625
 40
0.625
 40
0.625
 40
0.75
 40
0.75
 40
0.75
 40
0.875
 40
0.875
 40
0.875
 40
1.0
 40
1.0
 40
1.0
 40
1.0
 10
7.82674
 20
-2.35708
 30
0.0
 10
7.82674
 20
-2.35708
 30
0.0
 10
7.83379
 20
-2.35708
 30
0.0
 10
7.83379
 20
-2.35708
 30
0.0
 10
7.83379
 20
-2.35708
 30
0.0
 10
7.83733
 20
-2.35708
 30
0.0
 10
7.83733
 20
-2.35708
 30
0.0
 10
7.83733
 20
-2.35708
 30
0.0
 10
7.84438
 20
-2.35354
 30
0.0
 10
7.84438
 20
-2.35354
 30
0.0
 10
7.84438
 20
-2.35354
 30
0.0
 10
7.84791
 20
-2.35001
 30
0.0
 10
7.84791
 20
-2.35001
 30
0.0
 10
7.84791
 20
-2.35001
 30
0.0
 10
7.85144
 20
-2.34296
 30
0.0
 10
7.85144
 20
-2.34296
 30
0.0
 10
7.85144
 20
-2.34296
 30
0.0
 10
7.85497
 20
-2.33943
 30
0.0
 10
7.85497
 20
-2.33943
 30
0.0
 10
7.85497
 20
-2.33943
 30
0.0
 10
7.85497
 20
-2.33237
 30
0.0
 10
7.85497
 20
-2.33237
 30
0.0
 10
7.85497
 20
-2.33237
 30
0.0
 10
7.85497
 20
-2.32885
 30
0.0
 10
7.85497
 20
-2.32885
 30
0.0
  0
SPLINE
  5
34F
330
1F
100
AcDbEntity
  8
Camada 1
 62
   251
370
     9
100
AcDbSpline
210
0.0
220
0.0
230
1.0
 70
    24
 71
     3
 72
     8
 73
     4
 74
     0
 42
0.0000000001
 43
0.0000000001
 40
0.0
 40
0.0
 40
0.0
 40
0.0
 40
1.0
 40
1.0
 40
1.0
 40
1.0
 10
7.82674
 20
-1.20657
 30
0.0
 10
7.82674
 20
-1.20657
 30
0.0
 10
4.11409
 20
-1.20657
 30
0.0
 10
4.11409
 20
-1.20657
 30
0.0
  0
SPLINE
  5
351
330
1F
100
AcDbEntity
  8
Camada 1
 62
   251
370
     9
100
AcDbSpline
210
0.0
220
0.0
230
1.0
 70
    24
 71
     3
 72
     8
 73
     4
 74
     0
 42
0.0000000001
 43
0.0000000001
 40
0.0
 40
0.0
 40
0.0
 40
0.0
 40
1.0
 40
1.0
 40
1.0
 40
1.0
 10
7.82674
 20
-2.36061
 30
0.0
 10
7.82674
 20
-2.36061
 30
0.0
 10
7.82674
 20
-2.35708
 30
0.0
 10
7.82674
 20
-2.35708
 30
0.0
  0
SPLINE
  5
352
330
1F
100
AcDbEntity
  8
Camada 1
 62
   251
370
     9
100
AcDbSpline
210
0.0
220
0.0
230
1.0
 70
    24
 71
     3
 72
     8
 73
     4
 74
     0
 42
0.0000000001
 43
0.0000000001
 40
0.0
 40
0.0
 40
0.0
 40
0.0
 40
1.0
 40
1.0
 40
1.0
 40
1.0
 10
4.11409
 20
-2.36061
 30
0.0
 10
4.11409
 20
-2.36061
 30
0.0
 10
7.82674
 20
-2.36061
 30
0.0
 10
7.82674
 20
-2.36061
 30
0.0
  0
SPLINE
  5
353
330
1F
100
AcDbEntity
  8
Camada 1
 62
   251
370
     9
100
AcDbSpline
210
0.0
220
0.0
230
1.0
 70
    24
 71
     3
 72
     8
 73
     4
 74
     0
 42
0.0000000001
 43
0.0000000001
 40
0.0
 40
0.0
 40
0.0
 40
0.0
 40
1.0
 40
1.0
 40
1.0
 40
1.0
 10
4.11409
 20
-2.35708
 30
0.0
 10
4.11409
 20
-2.35708
 30
0.0
 10
4.11409
 20
-2.36061
 30
0.0
 10
4.11409
 20
-2.36061
 30
0.0
  0
SPLINE
  5
354
330
1F
100
AcDbEntity
  8
Camada 1
 62
   251
370
     9
100
AcDbSpline
210
0.0
220
0.0
230
1.0
 70
    24
 71
     3
 72
     8
 73
     4
 74
     0
 42
0.0000000001
 43
0.0000000001
 40
0.0
 40
0.0
 40
0.0
 40
0.0
 40
1.0
 40
1.0
 40
1.0
 40
1.0
 10
7.85497
 20
-2.32885
 30
0.0
 10
7.85497
 20
-2.32885
 30
0.0
 10
7.8585
 20
-2.32885
 30
0.0
 10
7.8585
 20
-2.32885
 30
0.0
  0
SPLINE
  5
355
330
1F
100
AcDbEntity
  8
Camada 1
 62
   251
370
     9
100
AcDbSpline
210
0.0
220
0.0
230
1.0
 70
     8
 71
     3
 72
    29
 73
    25
 74
     0
 42
0.0000000001
 43
0.0000000001
 40
0.0
 40
0.0
 40
0.0
 40
0.0
 40
0.125
 40
0.125
 40
0.125
 40
0.25
 40
0.25
 40
0.25
 40
0.375
 40
0.375
 40
0.375
 40
0.5
 40
0.5
 40
0.5
 40
0.625
 40
0.625
 40
0.625
 40
0.75
 40
0.75
 40
0.75
 40
0.875
 40
0.875
 40
0.875
 40
1.0
 40
1.0
 40
1.0
 40
1.0
 10
7.82674
 20
-2.36061
 30
0.0
 10
7.82674
 20
-2.36061
 30
0.0
 10
7.83379
 20
-2.35708
 30
0.0
 10
7.83379
 20
-2.35708
 30
0.0
 10
7.83379
 20
-2.35708
 30
0.0
 10
7.83733
 20
-2.35708
 30
0.0
 10
7.83733
 20
-2.35708
 30
0.0
 10
7.83733
 20
-2.35708
 30
0.0
 10
7.84438
 20
-2.35354
 30
0.0
 10
7.84438
 20
-2.35354
 30
0.0
 10
7.84438
 20
-2.35354
 30
0.0
 10
7.84791
 20
-2.35001
 30
0.0
 10
7.84791
 20
-2.35001
 30
0.0
 10
7.84791
 20
-2.35001
 30
0.0
 10
7.85144
 20
-2.34649
 30
0.0
 10
7.85144
 20
-2.34649
 30
0.0
 10
7.85144
 20
-2.34649
 30
0.0
 10
7.85497
 20
-2.33943
 30
0.0
 10
7.85497
 20
-2.33943
 30
0.0
 10
7.85497
 20
-2.33943
 30
0.0
 10
7.8585
 20
-2.3359
 30
0.0
 10
7.8585
 20
-2.3359
 30
0.0
 10
7.8585
 20
-2.3359
 30
0.0
 10
7.8585
 20
-2.32885
 30
0.0
 10
7.8585
 20
-2.32885
 30
0.0
  0
SPLINE
  5
356
330
1F
100
AcDbEntity
  8
Camada 1
 62
   251
370
     9
100
AcDbSpline
210
0.0
220
0.0
230
1.0
 70
     8
 71
     3
 72
    29
 73
    25
 74
     0
 42
0.0000000001
 43
0.0000000001
 40
0.0
 40
0.0
 40
0.0
 40
0.0
 40
0.125
 40
0.125
 40
0.125
 40
0.25
 40
0.25
 40
0.25
 40
0.375
 40
0.375
 40
0.375
 40
0.5
 40
0.5
 40
0.5
 40
0.625
 40
0.625
 40
0.625
 40
0.75
 40
0.75
 40
0.75
 40
0.875
 40
0.875
 40
0.875
 40
1.0
 40
1.0
 40
1.0
 40
1.0
 10
7.8585
 20
-1.23482
 30
0.0
 10
7.8585
 20
-1.23482
 30
0.0
 10
7.8585
 20
-1.23128
 30
0.0
 10
7.8585
 20
-1.23128
 30
0.0
 10
7.8585
 20
-1.23128
 30
0.0
 10
7.85497
 20
-1.22422
 30
0.0
 10
7.85497
 20
-1.22422
 30
0.0
 10
7.85497
 20
-1.22422
 30
0.0
 10
7.85144
 20
-1.22069
 30
0.0
 10
7.85144
 20
-1.22069
 30
0.0
 10
7.85144
 20
-1.22069
 30
0.0
 10
7.84791
 20
-1.21364
 30
0.0
 10
7.84791
 20
-1.21364
 30
0.0
 10
7.84791
 20
-1.21364
 30
0.0
 10
7.84438
 20
-1.21011
 30
0.0
 10
7.84438
 20
-1.21011
 30
0.0
 10
7.84438
 20
-1.21011
 30
0.0
 10
7.83733
 20
-1.20657
 30
0.0
 10
7.83733
 20
-1.20657
 30
0.0
 10
7.83733
 20
-1.20657
 30
0.0
 10
7.83379
 20
-1.20657
 30
0.0
 10
7.83379
 20
-1.20657
 30
0.0
 10
7.83379
 20
-1.20657
 30
0.0
 10
7.82674
 20
-1.20657
 30
0.0
 10
7.82674
 20
-1.20657
 30
0.0
  0
SPLINE
  5
357
330
1F
100
AcDbEntity
  8
Camada 1
 62
   251
370
     9
100
AcDbSpline
210
0.0
220
0.0
230
1.0
 70
    24
 71
     3
 72
     8
 73
     4
 74
     0
 42
0.0000000001
 43
0.0000000001
 40
0.0
 40
0.0
 40
0.0
 40
0.0
 40
1.0
 40
1.0
 40
1.0
 40
1.0
 10
7.8585
 20
-1.23482
 30
0.0
 10
7.8585
 20
-1.23482
 30
0.0
 10
7.85497
 20
-1.23834
 30
0.0
 10
7.85497
 20
-1.23834
 30
0.0
  0
SPLINE
  5
358
330
1F
100
AcDbEntity
  8
Camada 1
 62
   251
370
     9
100
AcDbSpline
210
0.0
220
0.0
230
1.0
 70
    24
 71
     3
 72
     8
 73
     4
 74
     0
 42
0.0000000001
 43
0.0000000001
 40
0.0
 40
0.0
 40
0.0
 40
0.0
 40
1.0
 40
1.0
 40
1.0
 40
1.0
 10
4.08586
 20
-1.23834
 30
0.0
 10
4.08586
 20
-1.23834
 30
0.0
 10
4.08232
 20
-1.23482
 30
0.0
 10
4.08232
 20
-1.23482
 30
0.0
  0
SPLINE
  5
359
330
1F
100
AcDbEntity
  8
Camada 1
 62
   251
370
     9
100
AcDbSpline
210
0.0
220
0.0
230
1.0
 70
     8
 71
     3
 72
    29
 73
    25
 74
     0
 42
0.0000000001
 43
0.0000000001
 40
0.0
 40
0.0
 40
0.0
 40
0.0
 40
0.125
 40
0.125
 40
0.125
 40
0.25
 40
0.25
 40
0.25
 40
0.375
 40
0.375
 40
0.375
 40
0.5
 40
0.5
 40
0.5
 40
0.625
 40
0.625
 40
0.625
 40
0.75
 40
0.75
 40
0.75
 40
0.875
 40
0.875
 40
0.875
 40
1.0
 40
1.0
 40
1.0
 40
1.0
 10
4.11409
 20
-1.20657
 30
0.0
 10
4.11409
 20
-1.20657
 30
0.0
 10
4.10703
 20
-1.20657
 30
0.0
 10
4.10703
 20
-1.20657
 30
0.0
 10
4.10703
 20
-1.20657
 30
0.0
 10
4.1035
 20
-1.20657
 30
0.0
 10
4.1035
 20
-1.20657
 30
0.0
 10
4.1035
 20
-1.20657
 30
0.0
 10
4.09644
 20
-1.21011
 30
0.0
 10
4.09644
 20
-1.21011
 30
0.0
 10
4.09644
 20
-1.21011
 30
0.0
 10
4.09292
 20
-1.21364
 30
0.0
 10
4.09292
 20
-1.21364
 30
0.0
 10
4.09292
 20
-1.21364
 30
0.0
 10
4.08939
 20
-1.22069
 30
0.0
 10
4.08939
 20
-1.22069
 30
0.0
 10
4.08939
 20
-1.22069
 30
0.0
 10
4.08586
 20
-1.22422
 30
0.0
 10
4.08586
 20
-1.22422
 30
0.0
 10
4.08586
 20
-1.22422
 30
0.0
 10
4.08232
 20
-1.23128
 30
0.0
 10
4.08232
 20
-1.23128
 30
0.0
 10
4.08232
 20
-1.23128
 30
0.0
 10
4.08232
 20
-1.23482
 30
0.0
 10
4.08232
 20
-1.23482
 30
0.0
  0
SPLINE
  5
35A
330
1F
100
AcDbEntity
  8
Camada 1
 62
   251
370
     9
100
AcDbSpline
210
0.0
220
0.0
230
1.0
 70
     8
 71
     3
 72
    29
 73
    25
 74
     0
 42
0.0000000001
 43
0.0000000001
 40
0.0
 40
0.0
 40
0.0
 40
0.0
 40
0.125
 40
0.125
 40
0.125
 40
0.25
 40
0.25
 40
0.25
 40
0.375
 40
0.375
 40
0.375
 40
0.5
 40
0.5
 40
0.5
 40
0.625
 40
0.625
 40
0.625
 40
0.75
 40
0.75
 40
0.75
 40
0.875
 40
0.875
 40
0.875
 40
1.0
 40
1.0
 40
1.0
 40
1.0
 10
4.08232
 20
-2.32885
 30
0.0
 10
4.08232
 20
-2.32885
 30
0.0
 10
4.08232
 20
-2.3359
 30
0.0
 10
4.08232
 20
-2.3359
 30
0.0
 10
4.08232
 20
-2.3359
 30
0.0
 10
4.08586
 20
-2.33943
 30
0.0
 10
4.08586
 20
-2.33943
 30
0.0
 10
4.08586
 20
-2.33943
 30
0.0
 10
4.08939
 20
-2.34649
 30
0.0
 10
4.08939
 20
-2.34649
 30
0.0
 10
4.08939
 20
-2.34649
 30
0.0
 10
4.09292
 20
-2.35001
 30
0.0
 10
4.09292
 20
-2.35001
 30
0.0
 10
4.09292
 20
-2.35001
 30
0.0
 10
4.09644
 20
-2.35354
 30
0.0
 10
4.09644
 20
-2.35354
 30
0.0
 10
4.09644
 20
-2.35354
 30
0.0
 10
4.1035
 20
-2.35708
 30
0.0
 10
4.1035
 20
-2.35708
 30
0.0
 10
4.1035
 20
-2.35708
 30
0.0
 10
4.10703
 20
-2.35708
 30
0.0
 10
4.10703
 20
-2.35708
 30
0.0
 10
4.10703
 20
-2.35708
 30
0.0
 10
4.11409
 20
-2.36061
 30
0.0
 10
4.11409
 20
-2.36061
 30
0.0
  0
SPLINE
  5
35B
330
1F
100
AcDbEntity
  8
Camada 1
 62
   251
370
     9
100
AcDbSpline
210
0.0
220
0.0
230
1.0
 70
    24
 71
     3
 72
     8
 73
     4
 74
     0
 42
0.0000000001
 43
0.0000000001
 40
0.0
 40
0.0
 40
0.0
 40
0.0
 40
1.0
 40
1.0
 40
1.0
 40
1.0
 10
4.08232
 20
-2.32885
 30
0.0
 10
4.08232
 20
-2.32885
 30
0.0
 10
4.08586
 20
-2.32885
 30
0.0
 10
4.08586
 20
-2.32885
 30
0.0
  0
SPLINE
  5
35C
330
1F
100
AcDbEntity
  8
Camada 1
 62
   251
370
     9
100
AcDbSpline
210
0.0
220
0.0
230
1.0
 70
    24
 71
     3
 72
     8
 73
     4
 74
     0
 42
0.0000000001
 43
0.0000000001
 40
0.0
 40
0.0
 40
0.0
 40
0.0
 40
1.0
 40
1.0
 40
1.0
 40
1.0
 10
7.8585
 20
-2.32885
 30
0.0
 10
7.8585
 20
-2.32885
 30
0.0
 10
7.8585
 20
-1.23482
 30
0.0
 10
7.8585
 20
-1.23482
 30
0.0
  0
SPLINE
  5
35D
330
1F
100
AcDbEntity
  8
Camada 1
 62
   251
370
     9
100
AcDbSpline
210
0.0
220
0.0
230
1.0
 70
    24
 71
     3
 72
     8
 73
     4
 74
     0
 42
0.0000000001
 43
0.0000000001
 40
0.0
 40
0.0
 40
0.0
 40
0.0
 40
1.0
 40
1.0
 40
1.0
 40
1.0
 10
4.08232
 20
-1.23482
 30
0.0
 10
4.08232
 20
-1.23482
 30
0.0
 10
4.08232
 20
-2.32885
 30
0.0
 10
4.08232
 20
-2.32885
 30
0.0
  0
SPLINE
  5
35E
330
1F
100
AcDbEntity
  8
Camada 1
 62
   251
370
     9
100
AcDbSpline
210
0.0
220
0.0
230
1.0
 70
    24
 71
     3
 72
     8
 73
     4
 74
     0
 42
0.0000000001
 43
0.0000000001
 40
0.0
 40
0.0
 40
0.0
 40
0.0
 40
1.0
 40
1.0
 40
1.0
 40
1.0
 10
7.82674
 20
-3.53228
 30
0.0
 10
7.82674
 20
-3.53228
 30
0.0
 10
7.82321
 20
-3.52521
 30
0.0
 10
7.82321
 20
-3.52521
 30
0.0
  0
SPLINE
  5
35F
330
1F
100
AcDbEntity
  8
Camada 1
 62
   251
370
     9
100
AcDbSpline
210
0.0
220
0.0
230
1.0
 70
    24
 71
     3
 72
     8
 73
     4
 74
     0
 42
0.0000000001
 43
0.0000000001
 40
0.0
 40
0.0
 40
0.0
 40
0.0
 40
1.0
 40
1.0
 40
1.0
 40
1.0
 10
4.11409
 20
-3.53228
 30
0.0
 10
4.11409
 20
-3.53228
 30
0.0
 10
7.82674
 20
-3.53228
 30
0.0
 10
7.82674
 20
-3.53228
 30
0.0
  0
SPLINE
  5
360
330
1F
100
AcDbEntity
  8
Camada 1
 62
   251
370
     9
100
AcDbSpline
210
0.0
220
0.0
230
1.0
 70
    24
 71
     3
 72
     8
 73
     4
 74
     0
 42
0.0000000001
 43
0.0000000001
 40
0.0
 40
0.0
 40
0.0
 40
0.0
 40
1.0
 40
1.0
 40
1.0
 40
1.0
 10
4.11762
 20
-3.52521
 30
0.0
 10
4.11762
 20
-3.52521
 30
0.0
 10
4.11409
 20
-3.53228
 30
0.0
 10
4.11409
 20
-3.53228
 30
0.0
  0
SPLINE
  5
361
330
1F
100
AcDbEntity
  8
Camada 1
 62
   251
370
     9
100
AcDbSpline
210
0.0
220
0.0
230
1.0
 70
     8
 71
     3
 72
    35
 73
    31
 74
     0
 42
0.0000000001
 43
0.0000000001
 40
0.0
 40
0.0
 40
0.0
 40
0.0
 40
0.1
 40
0.1
 40
0.1
 40
0.2
 40
0.2
 40
0.2
 40
0.3
 40
0.3
 40
0.3
 40
0.4
 40
0.4
 40
0.4
 40
0.5
 40
0.5
 40
0.5
 40
0.6000000000000001
 40
0.6000000000000001
 40
0.6000000000000001
 40
0.7000000000000001
 40
0.7000000000000001
 40
0.7000000000000001
 40
0.8
 40
0.8
 40
0.8
 40
0.9
 40
0.9
 40
0.9
 40
1.0
 40
1.0
 40
1.0
 40
1.0
 10
4.11762
 20
-2.40295
 30
0.0
 10
4.11762
 20
-2.40295
 30
0.0
 10
4.1282
 20
-2.43825
 30
0.0
 10
4.1282
 20
-2.43825
 30
0.0
 10
4.1282
 20
-2.43825
 30
0.0
 10
4.1388
 20
-2.48059
 30
0.0
 10
4.1388
 20
-2.48059
 30
0.0
 10
4.1388
 20
-2.48059
 30
0.0
 10
4.15291
 20
-2.57941
 30
0.0
 10
4.15291
 20
-2.57941
 30
0.0
 10
4.15291
 20
-2.57941
 30
0.0
 10
4.1635
 20
-2.68176
 30
0.0
 10
4.1635
 20
-2.68176
 30
0.0
 10
4.1635
 20
-2.68176
 30
0.0
 10
4.17409
 20
-2.86527
 30
0.0
 10
4.17409
 20
-2.86527
 30
0.0
 10
4.17409
 20
-2.86527
 30
0.0
 10
4.17409
 20
-3.05231
 30
0.0
 10
4.17409
 20
-3.05231
 30
0.0
 10
4.17409
 20
-3.05231
 30
0.0
 10
4.1635
 20
-3.23583
 30
0.0
 10
4.1635
 20
-3.23583
 30
0.0
 10
4.1635
 20
-3.23583
 30
0.0
 10
4.14938
 20
-3.38405
 30
0.0
 10
4.14938
 20
-3.38405
 30
0.0
 10
4.14938
 20
-3.38405
 30
0.0
 10
4.13173
 20
-3.47934
 30
0.0
 10
4.13173
 20
-3.47934
 30
0.0
 10
4.13173
 20
-3.47934
 30
0.0
 10
4.11762
 20
-3.52521
 30
0.0
 10
4.11762
 20
-3.52521
 30
0.0
  0
SPLINE
  5
362
330
1F
100
AcDbEntity
  8
Camada 1
 62
   251
370
     9
100
AcDbSpline
210
0.0
220
0.0
230
1.0
 70
    24
 71
     3
 72
     8
 73
     4
 74
     0
 42
0.0000000001
 43
0.0000000001
 40
0.0
 40
0.0
 40
0.0
 40
0.0
 40
1.0
 40
1.0
 40
1.0
 40
1.0
 10
4.11409
 20
-2.39237
 30
0.0
 10
4.11409
 20
-2.39237
 30
0.0
 10
4.11762
 20
-2.40295
 30
0.0
 10
4.11762
 20
-2.40295
 30
0.0
  0
SPLINE
  5
363
330
1F
100
AcDbEntity
  8
Camada 1
 62
   251
370
     9
100
AcDbSpline
210
0.0
220
0.0
230
1.0
 70
    24
 71
     3
 72
     8
 73
     4
 74
     0
 42
0.0000000001
 43
0.0000000001
 40
0.0
 40
0.0
 40
0.0
 40
0.0
 40
1.0
 40
1.0
 40
1.0
 40
1.0
 10
7.82674
 20
-2.39237
 30
0.0
 10
7.82674
 20
-2.39237
 30
0.0
 10
4.11409
 20
-2.39237
 30
0.0
 10
4.11409
 20
-2.39237
 30
0.0
  0
SPLINE
  5
364
330
1F
100
AcDbEntity
  8
Camada 1
 62
   251
370
     9
100
AcDbSpline
210
0.0
220
0.0
230
1.0
 70
    24
 71
     3
 72
     8
 73
     4
 74
     0
 42
0.0000000001
 43
0.0000000001
 40
0.0
 40
0.0
 40
0.0
 40
0.0
 40
1.0
 40
1.0
 40
1.0
 40
1.0
 10
7.82321
 20
-2.40295
 30
0.0
 10
7.82321
 20
-2.40295
 30
0.0
 10
7.82674
 20
-2.39237
 30
0.0
 10
7.82674
 20
-2.39237
 30
0.0
  0
SPLINE
  5
365
330
1F
100
AcDbEntity
  8
Camada 1
 62
   251
370
     9
100
AcDbSpline
210
0.0
220
0.0
230
1.0
 70
     8
 71
     3
 72
    35
 73
    31
 74
     0
 42
0.0000000001
 43
0.0000000001
 40
0.0
 40
0.0
 40
0.0
 40
0.0
 40
0.1
 40
0.1
 40
0.1
 40
0.2
 40
0.2
 40
0.2
 40
0.3
 40
0.3
 40
0.3
 40
0.4
 40
0.4
 40
0.4
 40
0.5
 40
0.5
 40
0.5
 40
0.6000000000000001
 40
0.6000000000000001
 40
0.6000000000000001
 40
0.7000000000000001
 40
0.7000000000000001
 40
0.7000000000000001
 40
0.8
 40
0.8
 40
0.8
 40
0.9
 40
0.9
 40
0.9
 40
1.0
 40
1.0
 40
1.0
 40
1.0
 10
7.82321
 20
-3.52521
 30
0.0
 10
7.82321
 20
-3.52521
 30
0.0
 10
7.81262
 20
-3.48993
 30
0.0
 10
7.81262
 20
-3.48993
 30
0.0
 10
7.81262
 20
-3.48993
 30
0.0
 10
7.80203
 20
-3.44757
 30
0.0
 10
7.80203
 20
-3.44757
 30
0.0
 10
7.80203
 20
-3.44757
 30
0.0
 10
7.78792
 20
-3.34876
 30
0.0
 10
7.78792
 20
-3.34876
 30
0.0
 10
7.78792
 20
-3.34876
 30
0.0
 10
7.77733
 20
-3.24289
 30
0.0
 10
7.77733
 20
-3.24289
 30
0.0
 10
7.77733
 20
-3.24289
 30
0.0
 10
7.76674
 20
-3.05938
 30
0.0
 10
7.76674
 20
-3.05938
 30
0.0
 10
7.76674
 20
-3.05938
 30
0.0
 10
7.76674
 20
-2.87232
 30
0.0
 10
7.76674
 20
-2.87232
 30
0.0
 10
7.76674
 20
-2.87232
 30
0.0
 10
7.77733
 20
-2.68881
 30
0.0
 10
7.77733
 20
-2.68881
 30
0.0
 10
7.77733
 20
-2.68881
 30
0.0
 10
7.79145
 20
-2.54059
 30
0.0
 10
7.79145
 20
-2.54059
 30
0.0
 10
7.79145
 20
-2.54059
 30
0.0
 10
7.8091
 20
-2.44883
 30
0.0
 10
7.8091
 20
-2.44883
 30
0.0
 10
7.8091
 20
-2.44883
 30
0.0
 10
7.82321
 20
-2.40295
 30
0.0
 10
7.82321
 20
-2.40295
 30
0.0
  0
SPLINE
  5
366
330
1F
100
AcDbEntity
  8
Camada 1
 62
   251
370
     9
100
AcDbSpline
210
0.0
220
0.0
230
1.0
 70
     8
 71
     3
 72
    29
 73
    25
 74
     0
 42
0.0000000001
 43
0.0000000001
 40
0.0
 40
0.0
 40
0.0
 40
0.0
 40
0.125
 40
0.125
 40
0.125
 40
0.25
 40
0.25
 40
0.25
 40
0.375
 40
0.375
 40
0.375
 40
0.5
 40
0.5
 40
0.5
 40
0.625
 40
0.625
 40
0.625
 40
0.75
 40
0.75
 40
0.75
 40
0.875
 40
0.875
 40
0.875
 40
1.0
 40
1.0
 40
1.0
 40
1.0
 10
4.11762
 20
-3.52521
 30
0.0
 10
4.11762
 20
-3.52521
 30
0.0
 10
4.11057
 20
-3.52169
 30
0.0
 10
4.11057
 20
-3.52169
 30
0.0
 10
4.11057
 20
-3.52169
 30
0.0
 10
4.10703
 20
-3.52169
 30
0.0
 10
4.10703
 20
-3.52169
 30
0.0
 10
4.10703
 20
-3.52169
 30
0.0
 10
4.1035
 20
-3.51816
 30
0.0
 10
4.1035
 20
-3.51816
 30
0.0
 10
4.1035
 20
-3.51816
 30
0.0
 10
4.09997
 20
-3.51463
 30
0.0
 10
4.09997
 20
-3.51463
 30
0.0
 10
4.09997
 20
-3.51463
 30
0.0
 10
4.09644
 20
-3.5111
 30
0.0
 10
4.09644
 20
-3.5111
 30
0.0
 10
4.09644
 20
-3.5111
 30
0.0
 10
4.09292
 20
-3.5111
 30
0.0
 10
4.09292
 20
-3.5111
 30
0.0
 10
4.09292
 20
-3.5111
 30
0.0
 10
4.08939
 20
-3.50757
 30
0.0
 10
4.08939
 20
-3.50757
 30
0.0
 10
4.08939
 20
-3.50757
 30
0.0
 10
4.08939
 20
-3.50052
 30
0.0
 10
4.08939
 20
-3.50052
 30
0.0
  0
SPLINE
  5
367
330
1F
100
AcDbEntity
  8
Camada 1
 62
   251
370
     9
100
AcDbSpline
210
0.0
220
0.0
230
1.0
 70
     8
 71
     3
 72
    32
 73
    28
 74
     0
 42
0.0000000001
 43
0.0000000001
 40
0.0
 40
0.0
 40
0.0
 40
0.0
 40
0.1111111111111111
 40
0.1111111111111111
 40
0.1111111111111111
 40
0.2222222222222222
 40
0.2222222222222222
 40
0.2222222222222222
 40
0.3333333333333333
 40
0.3333333333333333
 40
0.3333333333333333
 40
0.4444444444444444
 40
0.4444444444444444
 40
0.4444444444444444
 40
0.5555555555555556
 40
0.5555555555555556
 40
0.5555555555555556
 40
0.6666666666666666
 40
0.6666666666666666
 40
0.6666666666666666
 40
0.7777777777777777
 40
0.7777777777777777
 40
0.7777777777777777
 40
0.8888888888888888
 40
0.8888888888888888
 40
0.8888888888888888
 40
1.0
 40
1.0
 40
1.0
 40
1.0
 10
4.08939
 20
-3.50052
 30
0.0
 10
4.08939
 20
-3.50052
 30
0.0
 10
4.1035
 20
-3.46169
 30
0.0
 10
4.1035
 20
-3.46169
 30
0.0
 10
4.1035
 20
-3.46169
 30
0.0
 10
4.12115
 20
-3.37347
 30
0.0
 10
4.12115
 20
-3.37347
 30
0.0
 10
4.12115
 20
-3.37347
 30
0.0
 10
4.1388
 20
-3.2323
 30
0.0
 10
4.1388
 20
-3.2323
 30
0.0
 10
4.1388
 20
-3.2323
 30
0.0
 10
4.14585
 20
-3.05231
 30
0.0
 10
4.14585
 20
-3.05231
 30
0.0
 10
4.14585
 20
-3.05231
 30
0.0
 10
4.14585
 20
-2.8688
 30
0.0
 10
4.14585
 20
-2.8688
 30
0.0
 10
4.14585
 20
-2.8688
 30
0.0
 10
4.13526
 20
-2.68881
 30
0.0
 10
4.13526
 20
-2.68881
 30
0.0
 10
4.13526
 20
-2.68881
 30
0.0
 10
4.1282
 20
-2.58647
 30
0.0
 10
4.1282
 20
-2.58647
 30
0.0
 10
4.1282
 20
-2.58647
 30
0.0
 10
4.11057
 20
-2.49118
 30
0.0
 10
4.11057
 20
-2.49118
 30
0.0
 10
4.11057
 20
-2.49118
 30
0.0
 10
4.08939
 20
-2.42413
 30
0.0
 10
4.08939
 20
-2.42413
 30
0.0
  0
SPLINE
  5
368
330
1F
100
AcDbEntity
  8
Camada 1
 62
   251
370
     9
100
AcDbSpline
210
0.0
220
0.0
230
1.0
 70
     8
 71
     3
 72
    29
 73
    25
 74
     0
 42
0.0000000001
 43
0.0000000001
 40
0.0
 40
0.0
 40
0.0
 40
0.0
 40
0.125
 40
0.125
 40
0.125
 40
0.25
 40
0.25
 40
0.25
 40
0.375
 40
0.375
 40
0.375
 40
0.5
 40
0.5
 40
0.5
 40
0.625
 40
0.625
 40
0.625
 40
0.75
 40
0.75
 40
0.75
 40
0.875
 40
0.875
 40
0.875
 40
1.0
 40
1.0
 40
1.0
 40
1.0
 10
4.11762
 20
-2.40295
 30
0.0
 10
4.11762
 20
-2.40295
 30
0.0
 10
4.11057
 20
-2.40295
 30
0.0
 10
4.11057
 20
-2.40295
 30
0.0
 10
4.11057
 20
-2.40295
 30
0.0
 10
4.10703
 20
-2.40295
 30
0.0
 10
4.10703
 20
-2.40295
 30
0.0
 10
4.10703
 20
-2.40295
 30
0.0
 10
4.1035
 20
-2.40649
 30
0.0
 10
4.1035
 20
-2.40649
 30
0.0
 10
4.1035
 20
-2.40649
 30
0.0
 10
4.09997
 20
-2.41002
 30
0.0
 10
4.09997
 20
-2.41002
 30
0.0
 10
4.09997
 20
-2.41002
 30
0.0
 10
4.09644
 20
-2.41354
 30
0.0
 10
4.09644
 20
-2.41354
 30
0.0
 10
4.09644
 20
-2.41354
 30
0.0
 10
4.09292
 20
-2.41707
 30
0.0
 10
4.09292
 20
-2.41707
 30
0.0
 10
4.09292
 20
-2.41707
 30
0.0
 10
4.08939
 20
-2.4206
 30
0.0
 10
4.08939
 20
-2.4206
 30
0.0
 10
4.08939
 20
-2.4206
 30
0.0
 10
4.08939
 20
-2.42413
 30
0.0
 10
4.08939
 20
-2.42413
 30
0.0
  0
SPLINE
  5
369
330
1F
100
AcDbEntity
  8
Camada 1
 62
   251
370
     9
100
AcDbSpline
210
0.0
220
0.0
230
1.0
 70
     8
 71
     3
 72
    29
 73
    25
 74
     0
 42
0.0000000001
 43
0.0000000001
 40
0.0
 40
0.0
 40
0.0
 40
0.0
 40
0.125
 40
0.125
 40
0.125
 40
0.25
 40
0.25
 40
0.25
 40
0.375
 40
0.375
 40
0.375
 40
0.5
 40
0.5
 40
0.5
 40
0.625
 40
0.625
 40
0.625
 40
0.75
 40
0.75
 40
0.75
 40
0.875
 40
0.875
 40
0.875
 40
1.0
 40
1.0
 40
1.0
 40
1.0
 10
7.82321
 20
-2.40295
 30
0.0
 10
7.82321
 20
-2.40295
 30
0.0
 10
7.83026
 20
-2.40295
 30
0.0
 10
7.83026
 20
-2.40295
 30
0.0
 10
7.83026
 20
-2.40295
 30
0.0
 10
7.83379
 20
-2.40295
 30
0.0
 10
7.83379
 20
-2.40295
 30
0.0
 10
7.83379
 20
-2.40295
 30
0.0
 10
7.83733
 20
-2.40649
 30
0.0
 10
7.83733
 20
-2.40649
 30
0.0
 10
7.83733
 20
-2.40649
 30
0.0
 10
7.84086
 20
-2.41002
 30
0.0
 10
7.84086
 20
-2.41002
 30
0.0
 10
7.84086
 20
-2.41002
 30
0.0
 10
7.84438
 20
-2.41354
 30
0.0
 10
7.84438
 20
-2.41354
 30
0.0
 10
7.84438
 20
-2.41354
 30
0.0
 10
7.84791
 20
-2.41707
 30
0.0
 10
7.84791
 20
-2.41707
 30
0.0
 10
7.84791
 20
-2.41707
 30
0.0
 10
7.85144
 20
-2.4206
 30
0.0
 10
7.85144
 20
-2.4206
 30
0.0
 10
7.85144
 20
-2.4206
 30
0.0
 10
7.85144
 20
-2.42413
 30
0.0
 10
7.85144
 20
-2.42413
 30
0.0
  0
SPLINE
  5
36A
330
1F
100
AcDbEntity
  8
Camada 1
 62
   251
370
     9
100
AcDbSpline
210
0.0
220
0.0
230
1.0
 70
     8
 71
     3
 72
    32
 73
    28
 74
     0
 42
0.0000000001
 43
0.0000000001
 40
0.0
 40
0.0
 40
0.0
 40
0.0
 40
0.1111111111111111
 40
0.1111111111111111
 40
0.1111111111111111
 40
0.2222222222222222
 40
0.2222222222222222
 40
0.2222222222222222
 40
0.3333333333333333
 40
0.3333333333333333
 40
0.3333333333333333
 40
0.4444444444444444
 40
0.4444444444444444
 40
0.4444444444444444
 40
0.5555555555555556
 40
0.5555555555555556
 40
0.5555555555555556
 40
0.6666666666666666
 40
0.6666666666666666
 40
0.6666666666666666
 40
0.7777777777777777
 40
0.7777777777777777
 40
0.7777777777777777
 40
0.8888888888888888
 40
0.8888888888888888
 40
0.8888888888888888
 40
1.0
 40
1.0
 40
1.0
 40
1.0
 10
7.85144
 20
-2.42413
 30
0.0
 10
7.85144
 20
-2.42413
 30
0.0
 10
7.83733
 20
-2.46295
 30
0.0
 10
7.83733
 20
-2.46295
 30
0.0
 10
7.83733
 20
-2.46295
 30
0.0
 10
7.81968
 20
-2.55118
 30
0.0
 10
7.81968
 20
-2.55118
 30
0.0
 10
7.81968
 20
-2.55118
 30
0.0
 10
7.80203
 20
-2.69234
 30
0.0
 10
7.80203
 20
-2.69234
 30
0.0
 10
7.80203
 20
-2.69234
 30
0.0
 10
7.79498
 20
-2.87586
 30
0.0
 10
7.79498
 20
-2.87586
 30
0.0
 10
7.79498
 20
-2.87586
 30
0.0
 10
7.79498
 20
-3.05584
 30
0.0
 10
7.79498
 20
-3.05584
 30
0.0
 10
7.79498
 20
-3.05584
 30
0.0
 10
7.80556
 20
-3.23935
 30
0.0
 10
7.80556
 20
-3.23935
 30
0.0
 10
7.80556
 20
-3.23935
 30
0.0
 10
7.81262
 20
-3.33817
 30
0.0
 10
7.81262
 20
-3.33817
 30
0.0
 10
7.81262
 20
-3.33817
 30
0.0
 10
7.83026
 20
-3.43346
 30
0.0
 10
7.83026
 20
-3.43346
 30
0.0
 10
7.83026
 20
-3.43346
 30
0.0
 10
7.85144
 20
-3.50052
 30
0.0
 10
7.85144
 20
-3.50052
 30
0.0
  0
SPLINE
  5
36B
330
1F
100
AcDbEntity
  8
Camada 1
 62
   251
370
     9
100
AcDbSpline
210
0.0
220
0.0
230
1.0
 70
     8
 71
     3
 72
    29
 73
    25
 74
     0
 42
0.0000000001
 43
0.0000000001
 40
0.0
 40
0.0
 40
0.0
 40
0.0
 40
0.125
 40
0.125
 40
0.125
 40
0.25
 40
0.25
 40
0.25
 40
0.375
 40
0.375
 40
0.375
 40
0.5
 40
0.5
 40
0.5
 40
0.625
 40
0.625
 40
0.625
 40
0.75
 40
0.75
 40
0.75
 40
0.875
 40
0.875
 40
0.875
 40
1.0
 40
1.0
 40
1.0
 40
1.0
 10
7.82321
 20
-3.52521
 30
0.0
 10
7.82321
 20
-3.52521
 30
0.0
 10
7.83026
 20
-3.52169
 30
0.0
 10
7.83026
 20
-3.52169
 30
0.0
 10
7.83026
 20
-3.52169
 30
0.0
 10
7.83379
 20
-3.52169
 30
0.0
 10
7.83379
 20
-3.52169
 30
0.0
 10
7.83379
 20
-3.52169
 30
0.0
 10
7.83733
 20
-3.51816
 30
0.0
 10
7.83733
 20
-3.51816
 30
0.0
 10
7.83733
 20
-3.51816
 30
0.0
 10
7.84086
 20
-3.51463
 30
0.0
 10
7.84086
 20
-3.51463
 30
0.0
 10
7.84086
 20
-3.51463
 30
0.0
 10
7.84438
 20
-3.5111
 30
0.0
 10
7.84438
 20
-3.5111
 30
0.0
 10
7.84438
 20
-3.5111
 30
0.0
 10
7.84791
 20
-3.5111
 30
0.0
 10
7.84791
 20
-3.5111
 30
0.0
 10
7.84791
 20
-3.5111
 30
0.0
 10
7.85144
 20
-3.50757
 30
0.0
 10
7.85144
 20
-3.50757
 30
0.0
 10
7.85144
 20
-3.50757
 30
0.0
 10
7.85144
 20
-3.50052
 30
0.0
 10
7.85144
 20
-3.50052
 30
0.0
  0
SPLINE
  5
36C
330
1F
100
AcDbEntity
  8
Camada 1
 62
   251
370
     9
100
AcDbSpline
210
0.0
220
0.0
230
1.0
 70
    24
 71
     3
 72
     8
 73
     4
 74
     0
 42
0.0000000001
 43
0.0000000001
 40
0.0
 40
0.0
 40
0.0
 40
0.0
 40
1.0
 40
1.0
 40
1.0
 40
1.0
 10
4.08939
 20
-2.42413
 30
0.0
 10
4.08939
 20
-2.42413
 30
0.0
 10
4.08939
 20
-3.50052
 30
0.0
 10
4.08939
 20
-3.50052
 30
0.0
  0
SPLINE
  5
36D
330
1F
100
AcDbEntity
  8
Camada 1
 62
   251
370
     9
100
AcDbSpline
210
0.0
220
0.0
230
1.0
 70
    24
 71
     3
 72
     8
 73
     4
 74
     0
 42
0.0000000001
 43
0.0000000001
 40
0.0
 40
0.0
 40
0.0
 40
0.0
 40
1.0
 40
1.0
 40
1.0
 40
1.0
 10
7.85144
 20
-3.50052
 30
0.0
 10
7.85144
 20
-3.50052
 30
0.0
 10
7.85144
 20
-2.42413
 30
0.0
 10
7.85144
 20
-2.42413
 30
0.0
  0
SPLINE
  5
36E
330
1F
100
AcDbEntity
  8
Camada 1
 62
   251
370
     9
100
AcDbSpline
210
0.0
220
0.0
230
1.0
 70
    24
 71
     3
 72
     8
 73
     4
 74
     0
 42
0.0000000001
 43
0.0000000001
 40
0.0
 40
0.0
 40
0.0
 40
0.0
 40
1.0
 40
1.0
 40
1.0
 40
1.0
 10
7.85497
 20
-2.41707
 30
0.0
 10
7.85497
 20
-2.41707
 30
0.0
 10
7.85144
 20
-2.42413
 30
0.0
 10
7.85144
 20
-2.42413
 30
0.0
  0
SPLINE
  5
36F
330
1F
100
AcDbEntity
  8
Camada 1
 62
   251
370
     9
100
AcDbSpline
210
0.0
220
0.0
230
1.0
 70
     8
 71
     3
 72
    29
 73
    25
 74
     0
 42
0.0000000001
 43
0.0000000001
 40
0.0
 40
0.0
 40
0.0
 40
0.0
 40
0.125
 40
0.125
 40
0.125
 40
0.25
 40
0.25
 40
0.25
 40
0.375
 40
0.375
 40
0.375
 40
0.5
 40
0.5
 40
0.5
 40
0.625
 40
0.625
 40
0.625
 40
0.75
 40
0.75
 40
0.75
 40
0.875
 40
0.875
 40
0.875
 40
1.0
 40
1.0
 40
1.0
 40
1.0
 10
7.82674
 20
-2.39237
 30
0.0
 10
7.82674
 20
-2.39237
 30
0.0
 10
7.83379
 20
-2.39589
 30
0.0
 10
7.83379
 20
-2.39589
 30
0.0
 10
7.83379
 20
-2.39589
 30
0.0
 10
7.83733
 20
-2.39589
 30
0.0
 10
7.83733
 20
-2.39589
 30
0.0
 10
7.83733
 20
-2.39589
 30
0.0
 10
7.84438
 20
-2.39942
 30
0.0
 10
7.84438
 20
-2.39942
 30
0.0
 10
7.84438
 20
-2.39942
 30
0.0
 10
7.84791
 20
-2.39942
 30
0.0
 10
7.84791
 20
-2.39942
 30
0.0
 10
7.84791
 20
-2.39942
 30
0.0
 10
7.85144
 20
-2.40295
 30
0.0
 10
7.85144
 20
-2.40295
 30
0.0
 10
7.85144
 20
-2.40295
 30
0.0
 10
7.85497
 20
-2.41002
 30
0.0
 10
7.85497
 20
-2.41002
 30
0.0
 10
7.85497
 20
-2.41002
 30
0.0
 10
7.85497
 20
-2.41354
 30
0.0
 10
7.85497
 20
-2.41354
 30
0.0
 10
7.85497
 20
-2.41354
 30
0.0
 10
7.85497
 20
-2.41707
 30
0.0
 10
7.85497
 20
-2.41707
 30
0.0
  0
SPLINE
  5
370
330
1F
100
AcDbEntity
  8
Camada 1
 62
   251
370
     9
100
AcDbSpline
210
0.0
220
0.0
230
1.0
 70
    24
 71
     3
 72
     8
 73
     4
 74
     0
 42
0.0000000001
 43
0.0000000001
 40
0.0
 40
0.0
 40
0.0
 40
0.0
 40
1.0
 40
1.0
 40
1.0
 40
1.0
 10
7.85144
 20
-3.50052
 30
0.0
 10
7.85144
 20
-3.50052
 30
0.0
 10
7.85497
 20
-3.50757
 30
0.0
 10
7.85497
 20
-3.50757
 30
0.0
  0
SPLINE
  5
371
330
1F
100
AcDbEntity
  8
Camada 1
 62
   251
370
     9
100
AcDbSpline
210
0.0
220
0.0
230
1.0
 70
     8
 71
     3
 72
    29
 73
    25
 74
     0
 42
0.0000000001
 43
0.0000000001
 40
0.0
 40
0.0
 40
0.0
 40
0.0
 40
0.125
 40
0.125
 40
0.125
 40
0.25
 40
0.25
 40
0.25
 40
0.375
 40
0.375
 40
0.375
 40
0.5
 40
0.5
 40
0.5
 40
0.625
 40
0.625
 40
0.625
 40
0.75
 40
0.75
 40
0.75
 40
0.875
 40
0.875
 40
0.875
 40
1.0
 40
1.0
 40
1.0
 40
1.0
 10
7.82674
 20
-3.53228
 30
0.0
 10
7.82674
 20
-3.53228
 30
0.0
 10
7.83379
 20
-3.53228
 30
0.0
 10
7.83379
 20
-3.53228
 30
0.0
 10
7.83379
 20
-3.53228
 30
0.0
 10
7.83733
 20
-3.52875
 30
0.0
 10
7.83733
 20
-3.52875
 30
0.0
 10
7.83733
 20
-3.52875
 30
0.0
 10
7.84438
 20
-3.52875
 30
0.0
 10
7.84438
 20
-3.52875
 30
0.0
 10
7.84438
 20
-3.52875
 30
0.0
 10
7.84791
 20
-3.52521
 30
0.0
 10
7.84791
 20
-3.52521
 30
0.0
 10
7.84791
 20
-3.52521
 30
0.0
 10
7.85144
 20
-3.52169
 30
0.0
 10
7.85144
 20
-3.52169
 30
0.0
 10
7.85144
 20
-3.52169
 30
0.0
 10
7.85497
 20
-3.51816
 30
0.0
 10
7.85497
 20
-3.51816
 30
0.0
 10
7.85497
 20
-3.51816
 30
0.0
 10
7.85497
 20
-3.5111
 30
0.0
 10
7.85497
 20
-3.5111
 30
0.0
 10
7.85497
 20
-3.5111
 30
0.0
 10
7.85497
 20
-3.50757
 30
0.0
 10
7.85497
 20
-3.50757
 30
0.0
  0
SPLINE
  5
372
330
1F
100
AcDbEntity
  8
Camada 1
 62
   251
370
     9
100
AcDbSpline
210
0.0
220
0.0
230
1.0
 70
    24
 71
     3
 72
     8
 73
     4
 74
     0
 42
0.0000000001
 43
0.0000000001
 40
0.0
 40
0.0
 40
0.0
 40
0.0
 40
1.0
 40
1.0
 40
1.0
 40
1.0
 10
4.08586
 20
-3.50757
 30
0.0
 10
4.08586
 20
-3.50757
 30
0.0
 10
4.08939
 20
-3.50052
 30
0.0
 10
4.08939
 20
-3.50052
 30
0.0
  0
SPLINE
  5
373
330
1F
100
AcDbEntity
  8
Camada 1
 62
   251
370
     9
100
AcDbSpline
210
0.0
220
0.0
230
1.0
 70
     8
 71
     3
 72
    29
 73
    25
 74
     0
 42
0.0000000001
 43
0.0000000001
 40
0.0
 40
0.0
 40
0.0
 40
0.0
 40
0.125
 40
0.125
 40
0.125
 40
0.25
 40
0.25
 40
0.25
 40
0.375
 40
0.375
 40
0.375
 40
0.5
 40
0.5
 40
0.5
 40
0.625
 40
0.625
 40
0.625
 40
0.75
 40
0.75
 40
0.75
 40
0.875
 40
0.875
 40
0.875
 40
1.0
 40
1.0
 40
1.0
 40
1.0
 10
4.11409
 20
-3.53228
 30
0.0
 10
4.11409
 20
-3.53228
 30
0.0
 10
4.11057
 20
-3.53228
 30
0.0
 10
4.11057
 20
-3.53228
 30
0.0
 10
4.11057
 20
-3.53228
 30
0.0
 10
4.1035
 20
-3.52875
 30
0.0
 10
4.1035
 20
-3.52875
 30
0.0
 10
4.1035
 20
-3.52875
 30
0.0
 10
4.09997
 20
-3.52875
 30
0.0
 10
4.09997
 20
-3.52875
 30
0.0
 10
4.09997
 20
-3.52875
 30
0.0
 10
4.09292
 20
-3.52521
 30
0.0
 10
4.09292
 20
-3.52521
 30
0.0
 10
4.09292
 20
-3.52521
 30
0.0
 10
4.08939
 20
-3.52169
 30
0.0
 10
4.08939
 20
-3.52169
 30
0.0
 10
4.08939
 20
-3.52169
 30
0.0
 10
4.08586
 20
-3.51816
 30
0.0
 10
4.08586
 20
-3.51816
 30
0.0
 10
4.08586
 20
-3.51816
 30
0.0
 10
4.08586
 20
-3.5111
 30
0.0
 10
4.08586
 20
-3.5111
 30
0.0
 10
4.08586
 20
-3.5111
 30
0.0
 10
4.08586
 20
-3.50757
 30
0.0
 10
4.08586
 20
-3.50757
 30
0.0
  0
SPLINE
  5
374
330
1F
100
AcDbEntity
  8
Camada 1
 62
   251
370
     9
100
AcDbSpline
210
0.0
220
0.0
230
1.0
 70
    24
 71
     3
 72
     8
 73
     4
 74
     0
 42
0.0000000001
 43
0.0000000001
 40
0.0
 40
0.0
 40
0.0
 40
0.0
 40
1.0
 40
1.0
 40
1.0
 40
1.0
 10
4.08939
 20
-2.42413
 30
0.0
 10
4.08939
 20
-2.42413
 30
0.0
 10
4.08586
 20
-2.41707
 30
0.0
 10
4.08586
 20
-2.41707
 30
0.0
  0
SPLINE
  5
375
330
1F
100
AcDbEntity
  8
Camada 1
 62
   251
370
     9
100
AcDbSpline
210
0.0
220
0.0
230
1.0
 70
     8
 71
     3
 72
    29
 73
    25
 74
     0
 42
0.0000000001
 43
0.0000000001
 40
0.0
 40
0.0
 40
0.0
 40
0.0
 40
0.125
 40
0.125
 40
0.125
 40
0.25
 40
0.25
 40
0.25
 40
0.375
 40
0.375
 40
0.375
 40
0.5
 40
0.5
 40
0.5
 40
0.625
 40
0.625
 40
0.625
 40
0.75
 40
0.75
 40
0.75
 40
0.875
 40
0.875
 40
0.875
 40
1.0
 40
1.0
 40
1.0
 40
1.0
 10
4.11409
 20
-2.39237
 30
0.0
 10
4.11409
 20
-2.39237
 30
0.0
 10
4.11057
 20
-2.39589
 30
0.0
 10
4.11057
 20
-2.39589
 30
0.0
 10
4.11057
 20
-2.39589
 30
0.0
 10
4.1035
 20
-2.39589
 30
0.0
 10
4.1035
 20
-2.39589
 30
0.0
 10
4.1035
 20
-2.39589
 30
0.0
 10
4.09997
 20
-2.39942
 30
0.0
 10
4.09997
 20
-2.39942
 30
0.0
 10
4.09997
 20
-2.39942
 30
0.0
 10
4.09292
 20
-2.39942
 30
0.0
 10
4.09292
 20
-2.39942
 30
0.0
 10
4.09292
 20
-2.39942
 30
0.0
 10
4.08939
 20
-2.40295
 30
0.0
 10
4.08939
 20
-2.40295
 30
0.0
 10
4.08939
 20
-2.40295
 30
0.0
 10
4.08586
 20
-2.41002
 30
0.0
 10
4.08586
 20
-2.41002
 30
0.0
 10
4.08586
 20
-2.41002
 30
0.0
 10
4.08586
 20
-2.41354
 30
0.0
 10
4.08586
 20
-2.41354
 30
0.0
 10
4.08586
 20
-2.41354
 30
0.0
 10
4.08586
 20
-2.41707
 30
0.0
 10
4.08586
 20
-2.41707
 30
0.0
  0
SPLINE
  5
378
330
1F
100
AcDbEntity
  8
Camada 1
 62
   251
370
     9
100
AcDbSpline
210
0.0
220
0.0
230
1.0
 70
    24
 71
     3
 72
     8
 73
     4
 74
     0
 42
0.0000000001
 43
0.0000000001
 40
0.0
 40
0.0
 40
0.0
 40
0.0
 40
1.0
 40
1.0
 40
1.0
 40
1.0
 10
7.85497
 20
-2.41707
 30
0.0
 10
7.85497
 20
-2.41707
 30
0.0
 10
7.85497
 20
-3.50757
 30
0.0
 10
7.85497
 20
-3.50757
 30
0.0
  0
SPLINE
  5
37B
330
1F
100
AcDbEntity
  8
Camada 1
 62
   251
370
     9
100
AcDbSpline
210
0.0
220
0.0
230
1.0
 70
    24
 71
     3
 72
     8
 73
     4
 74
     0
 42
0.0000000001
 43
0.0000000001
 40
0.0
 40
0.0
 40
0.0
 40
0.0
 40
1.0
 40
1.0
 40
1.0
 40
1.0
 10
4.08586
 20
-3.50757
 30
0.0
 10
4.08586
 20
-3.50757
 30
0.0
 10
4.08586
 20
-2.41707
 30
0.0
 10
4.08586
 20
-2.41707
 30
0.0
  0
SPLINE
  5
37C
330
1F
100
AcDbEntity
  8
Camada 1
 62
   251
370
     9
100
AcDbSpline
210
0.0
220
0.0
230
1.0
 70
     8
 71
     3
 72
    29
 73
    25
 74
     0
 42
0.0000000001
 43
0.0000000001
 40
0.0
 40
0.0
 40
0.0
 40
0.0
 40
0.125
 40
0.125
 40
0.125
 40
0.25
 40
0.25
 40
0.25
 40
0.375
 40
0.375
 40
0.375
 40
0.5
 40
0.5
 40
0.5
 40
0.625
 40
0.625
 40
0.625
 40
0.75
 40
0.75
 40
0.75
 40
0.875
 40
0.875
 40
0.875
 40
1.0
 40
1.0
 40
1.0
 40
1.0
 10
7.82674
 20
-2.38884
 30
0.0
 10
7.82674
 20
-2.38884
 30
0.0
 10
7.83379
 20
-2.38884
 30
0.0
 10
7.83379
 20
-2.38884
 30
0.0
 10
7.83379
 20
-2.38884
 30
0.0
 10
7.83733
 20
-2.38884
 30
0.0
 10
7.83733
 20
-2.38884
 30
0.0
 10
7.83733
 20
-2.38884
 30
0.0
 10
7.84438
 20
-2.39237
 30
0.0
 10
7.84438
 20
-2.39237
 30
0.0
 10
7.84438
 20
-2.39237
 30
0.0
 10
7.84791
 20
-2.39589
 30
0.0
 10
7.84791
 20
-2.39589
 30
0.0
 10
7.84791
 20
-2.39589
 30
0.0
 10
7.85144
 20
-2.39942
 30
0.0
 10
7.85144
 20
-2.39942
 30
0.0
 10
7.85144
 20
-2.39942
 30
0.0
 10
7.85497
 20
-2.40649
 30
0.0
 10
7.85497
 20
-2.40649
 30
0.0
 10
7.85497
 20
-2.40649
 30
0.0
 10
7.85497
 20
-2.41002
 30
0.0
 10
7.85497
 20
-2.41002
 30
0.0
 10
7.85497
 20
-2.41002
 30
0.0
 10
7.85497
 20
-2.41707
 30
0.0
 10
7.85497
 20
-2.41707
 30
0.0
  0
SPLINE
  5
37D
330
1F
100
AcDbEntity
  8
Camada 1
 62
   251
370
     9
100
AcDbSpline
210
0.0
220
0.0
230
1.0
 70
    24
 71
     3
 72
    11
 73
     7
 74
     0
 42
0.0000000001
 43
0.0000000001
 40
0.0
 40
0.0
 40
0.0
 40
0.0
 40
0.5
 40
0.5
 40
0.5
 40
1.0
 40
1.0
 40
1.0
 40
1.0
 10
7.82674
 20
-2.39237
 30
0.0
 10
7.82674
 20
-2.39237
 30
0.0
 10
7.82674
 20
-2.39237
 30
0.0
 10
7.82674
 20
-2.39237
 30
0.0
 10
7.82674
 20
-2.39237
 30
0.0
 10
7.82674
 20
-2.38884
 30
0.0
 10
7.82674
 20
-2.38884
 30
0.0
  0
SPLINE
  5
37E
330
1F
100
AcDbEntity
  8
Camada 1
 62
   251
370
     9
100
AcDbSpline
210
0.0
220
0.0
230
1.0
 70
     8
 71
     3
 72
    29
 73
    25
 74
     0
 42
0.0000000001
 43
0.0000000001
 40
0.0
 40
0.0
 40
0.0
 40
0.0
 40
0.125
 40
0.125
 40
0.125
 40
0.25
 40
0.25
 40
0.25
 40
0.375
 40
0.375
 40
0.375
 40
0.5
 40
0.5
 40
0.5
 40
0.625
 40
0.625
 40
0.625
 40
0.75
 40
0.75
 40
0.75
 40
0.875
 40
0.875
 40
0.875
 40
1.0
 40
1.0
 40
1.0
 40
1.0
 10
4.11409
 20
-2.38884
 30
0.0
 10
4.11409
 20
-2.38884
 30
0.0
 10
4.10703
 20
-2.38884
 30
0.0
 10
4.10703
 20
-2.38884
 30
0.0
 10
4.10703
 20
-2.38884
 30
0.0
 10
4.1035
 20
-2.38884
 30
0.0
 10
4.1035
 20
-2.38884
 30
0.0
 10
4.1035
 20
-2.38884
 30
0.0
 10
4.09644
 20
-2.39237
 30
0.0
 10
4.09644
 20
-2.39237
 30
0.0
 10
4.09644
 20
-2.39237
 30
0.0
 10
4.09292
 20
-2.39589
 30
0.0
 10
4.09292
 20
-2.39589
 30
0.0
 10
4.09292
 20
-2.39589
 30
0.0
 10
4.08939
 20
-2.39942
 30
0.0
 10
4.08939
 20
-2.39942
 30
0.0
 10
4.08939
 20
-2.39942
 30
0.0
 10
4.08586
 20
-2.40649
 30
0.0
 10
4.08586
 20
-2.40649
 30
0.0
 10
4.08586
 20
-2.40649
 30
0.0
 10
4.08586
 20
-2.41002
 30
0.0
 10
4.08586
 20
-2.41002
 30
0.0
 10
4.08586
 20
-2.41002
 30
0.0
 10
4.08586
 20
-2.41707
 30
0.0
 10
4.08586
 20
-2.41707
 30
0.0
  0
SPLINE
  5
37F
330
1F
100
AcDbEntity
  8
Camada 1
 62
   251
370
     9
100
AcDbSpline
210
0.0
220
0.0
230
1.0
 70
    24
 71
     3
 72
    11
 73
     7
 74
     0
 42
0.0000000001
 43
0.0000000001
 40
0.0
 40
0.0
 40
0.0
 40
0.0
 40
0.5
 40
0.5
 40
0.5
 40
1.0
 40
1.0
 40
1.0
 40
1.0
 10
4.11409
 20
-2.38884
 30
0.0
 10
4.11409
 20
-2.38884
 30
0.0
 10
4.11409
 20
-2.38884
 30
0.0
 10
4.11409
 20
-2.38884
 30
0.0
 10
4.11409
 20
-2.38884
 30
0.0
 10
4.11409
 20
-2.39237
 30
0.0
 10
4.11409
 20
-2.39237
 30
0.0
  0
SPLINE
  5
380
330
1F
100
AcDbEntity
  8
Camada 1
 62
   251
370
     9
100
AcDbSpline
210
0.0
220
0.0
230
1.0
 70
     8
 71
     3
 72
    29
 73
    25
 74
     0
 42
0.0000000001
 43
0.0000000001
 40
0.0
 40
0.0
 40
0.0
 40
0.0
 40
0.125
 40
0.125
 40
0.125
 40
0.25
 40
0.25
 40
0.25
 40
0.375
 40
0.375
 40
0.375
 40
0.5
 40
0.5
 40
0.5
 40
0.625
 40
0.625
 40
0.625
 40
0.75
 40
0.75
 40
0.75
 40
0.875
 40
0.875
 40
0.875
 40
1.0
 40
1.0
 40
1.0
 40
1.0
 10
7.82674
 20
-3.53934
 30
0.0
 10
7.82674
 20
-3.53934
 30
0.0
 10
7.83379
 20
-3.53934
 30
0.0
 10
7.83379
 20
-3.53934
 30
0.0
 10
7.83379
 20
-3.53934
 30
0.0
 10
7.83733
 20
-3.53581
 30
0.0
 10
7.83733
 20
-3.53581
 30
0.0
 10
7.83733
 20
-3.53581
 30
0.0
 10
7.84438
 20
-3.53228
 30
0.0
 10
7.84438
 20
-3.53228
 30
0.0
 10
7.84438
 20
-3.53228
 30
0.0
 10
7.84791
 20
-3.52875
 30
0.0
 10
7.84791
 20
-3.52875
 30
0.0
 10
7.84791
 20
-3.52875
 30
0.0
 10
7.85144
 20
-3.52521
 30
0.0
 10
7.85144
 20
-3.52521
 30
0.0
 10
7.85144
 20
-3.52521
 30
0.0
 10
7.85497
 20
-3.51816
 30
0.0
 10
7.85497
 20
-3.51816
 30
0.0
 10
7.85497
 20
-3.51816
 30
0.0
 10
7.85497
 20
-3.51463
 30
0.0
 10
7.85497
 20
-3.51463
 30
0.0
 10
7.85497
 20
-3.51463
 30
0.0
 10
7.85497
 20
-3.50757
 30
0.0
 10
7.85497
 20
-3.50757
 30
0.0
  0
SPLINE
  5
381
330
1F
100
AcDbEntity
  8
Camada 1
 62
   251
370
     9
100
AcDbSpline
210
0.0
220
0.0
230
1.0
 70
    24
 71
     3
 72
    14
 73
    10
 74
     0
 42
0.0000000001
 43
0.0000000001
 40
0.0
 40
0.0
 40
0.0
 40
0.0
 40
0.3333333333333333
 40
0.3333333333333333
 40
0.3333333333333333
 40
0.6666666666666666
 40
0.6666666666666666
 40
0.6666666666666666
 40
1.0
 40
1.0
 40
1.0
 40
1.0
 10
7.82674
 20
-3.53934
 30
0.0
 10
7.82674
 20
-3.53934
 30
0.0
 10
7.82674
 20
-3.53934
 30
0.0
 10
7.82674
 20
-3.53934
 30
0.0
 10
7.82674
 20
-3.53934
 30
0.0
 10
7.82674
 20
-3.53581
 30
0.0
 10
7.82674
 20
-3.53581
 30
0.0
 10
7.82674
 20
-3.53581
 30
0.0
 10
7.82674
 20
-3.53228
 30
0.0
 10
7.82674
 20
-3.53228
 30
0.0
  0
SPLINE
  5
382
330
1F
100
AcDbEntity
  8
Camada 1
 62
   251
370
     9
100
AcDbSpline
210
0.0
220
0.0
230
1.0
 70
     8
 71
     3
 72
    29
 73
    25
 74
     0
 42
0.0000000001
 43
0.0000000001
 40
0.0
 40
0.0
 40
0.0
 40
0.0
 40
0.125
 40
0.125
 40
0.125
 40
0.25
 40
0.25
 40
0.25
 40
0.375
 40
0.375
 40
0.375
 40
0.5
 40
0.5
 40
0.5
 40
0.625
 40
0.625
 40
0.625
 40
0.75
 40
0.75
 40
0.75
 40
0.875
 40
0.875
 40
0.875
 40
1.0
 40
1.0
 40
1.0
 40
1.0
 10
4.11409
 20
-3.53934
 30
0.0
 10
4.11409
 20
-3.53934
 30
0.0
 10
4.10703
 20
-3.53934
 30
0.0
 10
4.10703
 20
-3.53934
 30
0.0
 10
4.10703
 20
-3.53934
 30
0.0
 10
4.1035
 20
-3.53581
 30
0.0
 10
4.1035
 20
-3.53581
 30
0.0
 10
4.1035
 20
-3.53581
 30
0.0
 10
4.09644
 20
-3.53228
 30
0.0
 10
4.09644
 20
-3.53228
 30
0.0
 10
4.09644
 20
-3.53228
 30
0.0
 10
4.09292
 20
-3.52875
 30
0.0
 10
4.09292
 20
-3.52875
 30
0.0
 10
4.09292
 20
-3.52875
 30
0.0
 10
4.08939
 20
-3.52521
 30
0.0
 10
4.08939
 20
-3.52521
 30
0.0
 10
4.08939
 20
-3.52521
 30
0.0
 10
4.08586
 20
-3.51816
 30
0.0
 10
4.08586
 20
-3.51816
 30
0.0
 10
4.08586
 20
-3.51816
 30
0.0
 10
4.08586
 20
-3.51463
 30
0.0
 10
4.08586
 20
-3.51463
 30
0.0
 10
4.08586
 20
-3.51463
 30
0.0
 10
4.08586
 20
-3.50757
 30
0.0
 10
4.08586
 20
-3.50757
 30
0.0
  0
SPLINE
  5
383
330
1F
100
AcDbEntity
  8
Camada 1
 62
   251
370
     9
100
AcDbSpline
210
0.0
220
0.0
230
1.0
 70
    24
 71
     3
 72
    14
 73
    10
 74
     0
 42
0.0000000001
 43
0.0000000001
 40
0.0
 40
0.0
 40
0.0
 40
0.0
 40
0.3333333333333333
 40
0.3333333333333333
 40
0.3333333333333333
 40
0.6666666666666666
 40
0.6666666666666666
 40
0.6666666666666666
 40
1.0
 40
1.0
 40
1.0
 40
1.0
 10
4.11409
 20
-3.53228
 30
0.0
 10
4.11409
 20
-3.53228
 30
0.0
 10
4.11409
 20
-3.53228
 30
0.0
 10
4.11409
 20
-3.53228
 30
0.0
 10
4.11409
 20
-3.53228
 30
0.0
 10
4.11409
 20
-3.53581
 30
0.0
 10
4.11409
 20
-3.53581
 30
0.0
 10
4.11409
 20
-3.53581
 30
0.0
 10
4.11409
 20
-3.53934
 30
0.0
 10
4.11409
 20
-3.53934
 30
0.0
  0
SPLINE
  5
384
330
1F
100
AcDbEntity
  8
Camada 1
 62
   251
370
     9
100
AcDbSpline
210
0.0
220
0.0
230
1.0
 70
    24
 71
     3
 72
     8
 73
     4
 74
     0
 42
0.0000000001
 43
0.0000000001
 40
0.0
 40
0.0
 40
0.0
 40
0.0
 40
1.0
 40
1.0
 40
1.0
 40
1.0
 10
4.11409
 20
-2.38884
 30
0.0
 10
4.11409
 20
-2.38884
 30
0.0
 10
7.82674
 20
-2.38884
 30
0.0
 10
7.82674
 20
-2.38884
 30
0.0
  0
SPLINE
  5
385
330
1F
100
AcDbEntity
  8
Camada 1
 62
   251
370
     9
100
AcDbSpline
210
0.0
220
0.0
230
1.0
 70
    24
 71
     3
 72
     8
 73
     4
 74
     0
 42
0.0000000001
 43
0.0000000001
 40
0.0
 40
0.0
 40
0.0
 40
0.0
 40
1.0
 40
1.0
 40
1.0
 40
1.0
 10
7.82674
 20
-3.53934
 30
0.0
 10
7.82674
 20
-3.53934
 30
0.0
 10
4.11409
 20
-3.53934
 30
0.0
 10
4.11409
 20
-3.53934
 30
0.0
  0
SPLINE
  5
386
330
1F
100
AcDbEntity
  8
Camada 1
 62
   251
370
     9
100
AcDbSpline
210
0.0
220
0.0
230
1.0
 70
     8
 71
     3
 72
    29
 73
    25
 74
     0
 42
0.0000000001
 43
0.0000000001
 40
0.0
 40
0.0
 40
0.0
 40
0.0
 40
0.125
 40
0.125
 40
0.125
 40
0.25
 40
0.25
 40
0.25
 40
0.375
 40
0.375
 40
0.375
 40
0.5
 40
0.5
 40
0.5
 40
0.625
 40
0.625
 40
0.625
 40
0.75
 40
0.75
 40
0.75
 40
0.875
 40
0.875
 40
0.875
 40
1.0
 40
1.0
 40
1.0
 40
1.0
 10
4.11409
 20
-2.38884
 30
0.0
 10
4.11409
 20
-2.38884
 30
0.0
 10
4.10703
 20
-2.38884
 30
0.0
 10
4.10703
 20
-2.38884
 30
0.0
 10
4.10703
 20
-2.38884
 30
0.0
 10
4.1035
 20
-2.38884
 30
0.0
 10
4.1035
 20
-2.38884
 30
0.0
 10
4.1035
 20
-2.38884
 30
0.0
 10
4.09644
 20
-2.39237
 30
0.0
 10
4.09644
 20
-2.39237
 30
0.0
 10
4.09644
 20
-2.39237
 30
0.0
 10
4.09292
 20
-2.39589
 30
0.0
 10
4.09292
 20
-2.39589
 30
0.0
 10
4.09292
 20
-2.39589
 30
0.0
 10
4.08939
 20
-2.39942
 30
0.0
 10
4.08939
 20
-2.39942
 30
0.0
 10
4.08939
 20
-2.39942
 30
0.0
 10
4.08586
 20
-2.40649
 30
0.0
 10
4.08586
 20
-2.40649
 30
0.0
 10
4.08586
 20
-2.40649
 30
0.0
 10
4.08586
 20
-2.41002
 30
0.0
 10
4.08586
 20
-2.41002
 30
0.0
 10
4.08586
 20
-2.41002
 30
0.0
 10
4.08586
 20
-2.41707
 30
0.0
 10
4.08586
 20
-2.41707
 30
0.0
  0
SPLINE
  5
389
330
1F
100
AcDbEntity
  8
Camada 1
 62
   251
370
     9
100
AcDbSpline
210
0.0
220
0.0
230
1.0
 70
     8
 71
     3
 72
    29
 73
    25
 74
     0
 42
0.0000000001
 43
0.0000000001
 40
0.0
 40
0.0
 40
0.0
 40
0.0
 40
0.125
 40
0.125
 40
0.125
 40
0.25
 40
0.25
 40
0.25
 40
0.375
 40
0.375
 40
0.375
 40
0.5
 40
0.5
 40
0.5
 40
0.625
 40
0.625
 40
0.625
 40
0.75
 40
0.75
 40
0.75
 40
0.875
 40
0.875
 40
0.875
 40
1.0
 40
1.0
 40
1.0
 40
1.0
 10
7.82674
 20
-2.38884
 30
0.0
 10
7.82674
 20
-2.38884
 30
0.0
 10
7.83379
 20
-2.38884
 30
0.0
 10
7.83379
 20
-2.38884
 30
0.0
 10
7.83379
 20
-2.38884
 30
0.0
 10
7.83733
 20
-2.38884
 30
0.0
 10
7.83733
 20
-2.38884
 30
0.0
 10
7.83733
 20
-2.38884
 30
0.0
 10
7.84438
 20
-2.39237
 30
0.0
 10
7.84438
 20
-2.39237
 30
0.0
 10
7.84438
 20
-2.39237
 30
0.0
 10
7.84791
 20
-2.39589
 30
0.0
 10
7.84791
 20
-2.39589
 30
0.0
 10
7.84791
 20
-2.39589
 30
0.0
 10
7.85144
 20
-2.39942
 30
0.0
 10
7.85144
 20
-2.39942
 30
0.0
 10
7.85144
 20
-2.39942
 30
0.0
 10
7.85497
 20
-2.40649
 30
0.0
 10
7.85497
 20
-2.40649
 30
0.0
 10
7.85497
 20
-2.40649
 30
0.0
 10
7.85497
 20
-2.41002
 30
0.0
 10
7.85497
 20
-2.41002
 30
0.0
 10
7.85497
 20
-2.41002
 30
0.0
 10
7.85497
 20
-2.41707
 30
0.0
 10
7.85497
 20
-2.41707
 30
0.0
  0
SPLINE
  5
38B
330
1F
100
AcDbEntity
  8
Camada 1
 62
   251
370
     9
100
AcDbSpline
210
0.0
220
0.0
230
1.0
 70
     8
 71
     3
 72
    29
 73
    25
 74
     0
 42
0.0000000001
 43
0.0000000001
 40
0.0
 40
0.0
 40
0.0
 40
0.0
 40
0.125
 40
0.125
 40
0.125
 40
0.25
 40
0.25
 40
0.25
 40
0.375
 40
0.375
 40
0.375
 40
0.5
 40
0.5
 40
0.5
 40
0.625
 40
0.625
 40
0.625
 40
0.75
 40
0.75
 40
0.75
 40
0.875
 40
0.875
 40
0.875
 40
1.0
 40
1.0
 40
1.0
 40
1.0
 10
4.11409
 20
-3.53934
 30
0.0
 10
4.11409
 20
-3.53934
 30
0.0
 10
4.10703
 20
-3.53934
 30
0.0
 10
4.10703
 20
-3.53934
 30
0.0
 10
4.10703
 20
-3.53934
 30
0.0
 10
4.1035
 20
-3.53581
 30
0.0
 10
4.1035
 20
-3.53581
 30
0.0
 10
4.1035
 20
-3.53581
 30
0.0
 10
4.09644
 20
-3.53228
 30
0.0
 10
4.09644
 20
-3.53228
 30
0.0
 10
4.09644
 20
-3.53228
 30
0.0
 10
4.09292
 20
-3.52875
 30
0.0
 10
4.09292
 20
-3.52875
 30
0.0
 10
4.09292
 20
-3.52875
 30
0.0
 10
4.08939
 20
-3.52521
 30
0.0
 10
4.08939
 20
-3.52521
 30
0.0
 10
4.08939
 20
-3.52521
 30
0.0
 10
4.08586
 20
-3.51816
 30
0.0
 10
4.08586
 20
-3.51816
 30
0.0
 10
4.08586
 20
-3.51816
 30
0.0
 10
4.08586
 20
-3.51463
 30
0.0
 10
4.08586
 20
-3.51463
 30
0.0
 10
4.08586
 20
-3.51463
 30
0.0
 10
4.08586
 20
-3.50757
 30
0.0
 10
4.08586
 20
-3.50757
 30
0.0
  0
SPLINE
  5
38C
330
1F
100
AcDbEntity
  8
Camada 1
 62
   251
370
     9
100
AcDbSpline
210
0.0
220
0.0
230
1.0
 70
     8
 71
     3
 72
    29
 73
    25
 74
     0
 42
0.0000000001
 43
0.0000000001
 40
0.0
 40
0.0
 40
0.0
 40
0.0
 40
0.125
 40
0.125
 40
0.125
 40
0.25
 40
0.25
 40
0.25
 40
0.375
 40
0.375
 40
0.375
 40
0.5
 40
0.5
 40
0.5
 40
0.625
 40
0.625
 40
0.625
 40
0.75
 40
0.75
 40
0.75
 40
0.875
 40
0.875
 40
0.875
 40
1.0
 40
1.0
 40
1.0
 40
1.0
 10
7.82674
 20
-3.53934
 30
0.0
 10
7.82674
 20
-3.53934
 30
0.0
 10
7.83379
 20
-3.53934
 30
0.0
 10
7.83379
 20
-3.53934
 30
0.0
 10
7.83379
 20
-3.53934
 30
0.0
 10
7.83733
 20
-3.53581
 30
0.0
 10
7.83733
 20
-3.53581
 30
0.0
 10
7.83733
 20
-3.53581
 30
0.0
 10
7.84438
 20
-3.53228
 30
0.0
 10
7.84438
 20
-3.53228
 30
0.0
 10
7.84438
 20
-3.53228
 30
0.0
 10
7.84791
 20
-3.52875
 30
0.0
 10
7.84791
 20
-3.52875
 30
0.0
 10
7.84791
 20
-3.52875
 30
0.0
 10
7.85144
 20
-3.52521
 30
0.0
 10
7.85144
 20
-3.52521
 30
0.0
 10
7.85144
 20
-3.52521
 30
0.0
 10
7.85497
 20
-3.51816
 30
0.0
 10
7.85497
 20
-3.51816
 30
0.0
 10
7.85497
 20
-3.51816
 30
0.0
 10
7.85497
 20
-3.51463
 30
0.0
 10
7.85497
 20
-3.51463
 30
0.0
 10
7.85497
 20
-3.51463
 30
0.0
 10
7.85497
 20
-3.50757
 30
0.0
 10
7.85497
 20
-3.50757
 30
0.0
  0
SPLINE
  5
38E
330
1F
100
AcDbEntity
  8
Camada 1
 62
   251
370
     9
100
AcDbSpline
210
0.0
220
0.0
230
1.0
 70
    24
 71
     3
 72
     8
 73
     4
 74
     0
 42
0.0000000001
 43
0.0000000001
 40
0.0
 40
0.0
 40
0.0
 40
0.0
 40
1.0
 40
1.0
 40
1.0
 40
1.0
 10
4.11409
 20
-2.38531
 30
0.0
 10
4.11409
 20
-2.38531
 30
0.0
 10
4.11409
 20
-2.38884
 30
0.0
 10
4.11409
 20
-2.38884
 30
0.0
  0
SPLINE
  5
38F
330
1F
100
AcDbEntity
  8
Camada 1
 62
   251
370
     9
100
AcDbSpline
210
0.0
220
0.0
230
1.0
 70
    24
 71
     3
 72
     8
 73
     4
 74
     0
 42
0.0000000001
 43
0.0000000001
 40
0.0
 40
0.0
 40
0.0
 40
0.0
 40
1.0
 40
1.0
 40
1.0
 40
1.0
 10
7.82674
 20
-2.38531
 30
0.0
 10
7.82674
 20
-2.38531
 30
0.0
 10
4.11409
 20
-2.38531
 30
0.0
 10
4.11409
 20
-2.38531
 30
0.0
  0
SPLINE
  5
390
330
1F
100
AcDbEntity
  8
Camada 1
 62
   251
370
     9
100
AcDbSpline
210
0.0
220
0.0
230
1.0
 70
    24
 71
     3
 72
     8
 73
     4
 74
     0
 42
0.0000000001
 43
0.0000000001
 40
0.0
 40
0.0
 40
0.0
 40
0.0
 40
1.0
 40
1.0
 40
1.0
 40
1.0
 10
7.82674
 20
-2.38884
 30
0.0
 10
7.82674
 20
-2.38884
 30
0.0
 10
7.82674
 20
-2.38531
 30
0.0
 10
7.82674
 20
-2.38531
 30
0.0
  0
SPLINE
  5
392
330
1F
100
AcDbEntity
  8
Camada 1
 62
   251
370
     9
100
AcDbSpline
210
0.0
220
0.0
230
1.0
 70
    24
 71
     3
 72
     8
 73
     4
 74
     0
 42
0.0000000001
 43
0.0000000001
 40
0.0
 40
0.0
 40
0.0
 40
0.0
 40
1.0
 40
1.0
 40
1.0
 40
1.0
 10
4.11409
 20
-3.53934
 30
0.0
 10
4.11409
 20
-3.53934
 30
0.0
 10
7.82674
 20
-3.53934
 30
0.0
 10
7.82674
 20
-3.53934
 30
0.0
  0
SPLINE
  5
394
330
1F
100
AcDbEntity
  8
Camada 1
 62
   251
370
     9
100
AcDbSpline
210
0.0
220
0.0
230
1.0
 70
    24
 71
     3
 72
     8
 73
     4
 74
     0
 42
0.0000000001
 43
0.0000000001
 40
0.0
 40
0.0
 40
0.0
 40
0.0
 40
1.0
 40
1.0
 40
1.0
 40
1.0
 10
7.85497
 20
-3.50757
 30
0.0
 10
7.85497
 20
-3.50757
 30
0.0
 10
7.8585
 20
-3.50757
 30
0.0
 10
7.8585
 20
-3.50757
 30
0.0
  0
SPLINE
  5
395
330
1F
100
AcDbEntity
  8
Camada 1
 62
   251
370
     9
100
AcDbSpline
210
0.0
220
0.0
230
1.0
 70
     8
 71
     3
 72
    29
 73
    25
 74
     0
 42
0.0000000001
 43
0.0000000001
 40
0.0
 40
0.0
 40
0.0
 40
0.0
 40
0.125
 40
0.125
 40
0.125
 40
0.25
 40
0.25
 40
0.25
 40
0.375
 40
0.375
 40
0.375
 40
0.5
 40
0.5
 40
0.5
 40
0.625
 40
0.625
 40
0.625
 40
0.75
 40
0.75
 40
0.75
 40
0.875
 40
0.875
 40
0.875
 40
1.0
 40
1.0
 40
1.0
 40
1.0
 10
7.82674
 20
-3.53934
 30
0.0
 10
7.82674
 20
-3.53934
 30
0.0
 10
7.83379
 20
-3.53934
 30
0.0
 10
7.83379
 20
-3.53934
 30
0.0
 10
7.83379
 20
-3.53934
 30
0.0
 10
7.83733
 20
-3.53581
 30
0.0
 10
7.83733
 20
-3.53581
 30
0.0
 10
7.83733
 20
-3.53581
 30
0.0
 10
7.84438
 20
-3.53581
 30
0.0
 10
7.84438
 20
-3.53581
 30
0.0
 10
7.84438
 20
-3.53581
 30
0.0
 10
7.84791
 20
-3.52875
 30
0.0
 10
7.84791
 20
-3.52875
 30
0.0
 10
7.84791
 20
-3.52875
 30
0.0
 10
7.85144
 20
-3.52521
 30
0.0
 10
7.85144
 20
-3.52521
 30
0.0
 10
7.85144
 20
-3.52521
 30
0.0
 10
7.85497
 20
-3.52169
 30
0.0
 10
7.85497
 20
-3.52169
 30
0.0
 10
7.85497
 20
-3.52169
 30
0.0
 10
7.8585
 20
-3.51463
 30
0.0
 10
7.8585
 20
-3.51463
 30
0.0
 10
7.8585
 20
-3.51463
 30
0.0
 10
7.8585
 20
-3.50757
 30
0.0
 10
7.8585
 20
-3.50757
 30
0.0
  0
SPLINE
  5
396
330
1F
100
AcDbEntity
  8
Camada 1
 62
   251
370
     9
100
AcDbSpline
210
0.0
220
0.0
230
1.0
 70
     8
 71
     3
 72
    29
 73
    25
 74
     0
 42
0.0000000001
 43
0.0000000001
 40
0.0
 40
0.0
 40
0.0
 40
0.0
 40
0.125
 40
0.125
 40
0.125
 40
0.25
 40
0.25
 40
0.25
 40
0.375
 40
0.375
 40
0.375
 40
0.5
 40
0.5
 40
0.5
 40
0.625
 40
0.625
 40
0.625
 40
0.75
 40
0.75
 40
0.75
 40
0.875
 40
0.875
 40
0.875
 40
1.0
 40
1.0
 40
1.0
 40
1.0
 10
7.8585
 20
-2.41707
 30
0.0
 10
7.8585
 20
-2.41707
 30
0.0
 10
7.8585
 20
-2.41002
 30
0.0
 10
7.8585
 20
-2.41002
 30
0.0
 10
7.8585
 20
-2.41002
 30
0.0
 10
7.85497
 20
-2.40649
 30
0.0
 10
7.85497
 20
-2.40649
 30
0.0
 10
7.85497
 20
-2.40649
 30
0.0
 10
7.85144
 20
-2.39942
 30
0.0
 10
7.85144
 20
-2.39942
 30
0.0
 10
7.85144
 20
-2.39942
 30
0.0
 10
7.84791
 20
-2.39589
 30
0.0
 10
7.84791
 20
-2.39589
 30
0.0
 10
7.84791
 20
-2.39589
 30
0.0
 10
7.84438
 20
-2.39237
 30
0.0
 10
7.84438
 20
-2.39237
 30
0.0
 10
7.84438
 20
-2.39237
 30
0.0
 10
7.83733
 20
-2.38884
 30
0.0
 10
7.83733
 20
-2.38884
 30
0.0
 10
7.83733
 20
-2.38884
 30
0.0
 10
7.83379
 20
-2.38531
 30
0.0
 10
7.83379
 20
-2.38531
 30
0.0
 10
7.83379
 20
-2.38531
 30
0.0
 10
7.82674
 20
-2.38531
 30
0.0
 10
7.82674
 20
-2.38531
 30
0.0
  0
SPLINE
  5
397
330
1F
100
AcDbEntity
  8
Camada 1
 62
   251
370
     9
100
AcDbSpline
210
0.0
220
0.0
230
1.0
 70
    24
 71
     3
 72
     8
 73
     4
 74
     0
 42
0.0000000001
 43
0.0000000001
 40
0.0
 40
0.0
 40
0.0
 40
0.0
 40
1.0
 40
1.0
 40
1.0
 40
1.0
 10
7.8585
 20
-2.41707
 30
0.0
 10
7.8585
 20
-2.41707
 30
0.0
 10
7.85497
 20
-2.41707
 30
0.0
 10
7.85497
 20
-2.41707
 30
0.0
  0
SPLINE
  5
398
330
1F
100
AcDbEntity
  8
Camada 1
 62
   251
370
     9
100
AcDbSpline
210
0.0
220
0.0
230
1.0
 70
     8
 71
     3
 72
    29
 73
    25
 74
     0
 42
0.0000000001
 43
0.0000000001
 40
0.0
 40
0.0
 40
0.0
 40
0.0
 40
0.125
 40
0.125
 40
0.125
 40
0.25
 40
0.25
 40
0.25
 40
0.375
 40
0.375
 40
0.375
 40
0.5
 40
0.5
 40
0.5
 40
0.625
 40
0.625
 40
0.625
 40
0.75
 40
0.75
 40
0.75
 40
0.875
 40
0.875
 40
0.875
 40
1.0
 40
1.0
 40
1.0
 40
1.0
 10
4.08232
 20
-3.50757
 30
0.0
 10
4.08232
 20
-3.50757
 30
0.0
 10
4.08232
 20
-3.51463
 30
0.0
 10
4.08232
 20
-3.51463
 30
0.0
 10
4.08232
 20
-3.51463
 30
0.0
 10
4.08586
 20
-3.52169
 30
0.0
 10
4.08586
 20
-3.52169
 30
0.0
 10
4.08586
 20
-3.52169
 30
0.0
 10
4.08939
 20
-3.52521
 30
0.0
 10
4.08939
 20
-3.52521
 30
0.0
 10
4.08939
 20
-3.52521
 30
0.0
 10
4.09292
 20
-3.52875
 30
0.0
 10
4.09292
 20
-3.52875
 30
0.0
 10
4.09292
 20
-3.52875
 30
0.0
 10
4.09644
 20
-3.53581
 30
0.0
 10
4.09644
 20
-3.53581
 30
0.0
 10
4.09644
 20
-3.53581
 30
0.0
 10
4.1035
 20
-3.53581
 30
0.0
 10
4.1035
 20
-3.53581
 30
0.0
 10
4.1035
 20
-3.53581
 30
0.0
 10
4.10703
 20
-3.53934
 30
0.0
 10
4.10703
 20
-3.53934
 30
0.0
 10
4.10703
 20
-3.53934
 30
0.0
 10
4.11409
 20
-3.53934
 30
0.0
 10
4.11409
 20
-3.53934
 30
0.0
  0
SPLINE
  5
399
330
1F
100
AcDbEntity
  8
Camada 1
 62
   251
370
     9
100
AcDbSpline
210
0.0
220
0.0
230
1.0
 70
    24
 71
     3
 72
     8
 73
     4
 74
     0
 42
0.0000000001
 43
0.0000000001
 40
0.0
 40
0.0
 40
0.0
 40
0.0
 40
1.0
 40
1.0
 40
1.0
 40
1.0
 10
4.08232
 20
-3.50757
 30
0.0
 10
4.08232
 20
-3.50757
 30
0.0
 10
4.08586
 20
-3.50757
 30
0.0
 10
4.08586
 20
-3.50757
 30
0.0
  0
SPLINE
  5
39A
330
1F
100
AcDbEntity
  8
Camada 1
 62
   251
370
     9
100
AcDbSpline
210
0.0
220
0.0
230
1.0
 70
    24
 71
     3
 72
     8
 73
     4
 74
     0
 42
0.0000000001
 43
0.0000000001
 40
0.0
 40
0.0
 40
0.0
 40
0.0
 40
1.0
 40
1.0
 40
1.0
 40
1.0
 10
4.08586
 20
-2.41707
 30
0.0
 10
4.08586
 20
-2.41707
 30
0.0
 10
4.08232
 20
-2.41707
 30
0.0
 10
4.08232
 20
-2.41707
 30
0.0
  0
SPLINE
  5
39B
330
1F
100
AcDbEntity
  8
Camada 1
 62
   251
370
     9
100
AcDbSpline
210
0.0
220
0.0
230
1.0
 70
     8
 71
     3
 72
    29
 73
    25
 74
     0
 42
0.0000000001
 43
0.0000000001
 40
0.0
 40
0.0
 40
0.0
 40
0.0
 40
0.125
 40
0.125
 40
0.125
 40
0.25
 40
0.25
 40
0.25
 40
0.375
 40
0.375
 40
0.375
 40
0.5
 40
0.5
 40
0.5
 40
0.625
 40
0.625
 40
0.625
 40
0.75
 40
0.75
 40
0.75
 40
0.875
 40
0.875
 40
0.875
 40
1.0
 40
1.0
 40
1.0
 40
1.0
 10
4.11409
 20
-2.38531
 30
0.0
 10
4.11409
 20
-2.38531
 30
0.0
 10
4.10703
 20
-2.38531
 30
0.0
 10
4.10703
 20
-2.38531
 30
0.0
 10
4.10703
 20
-2.38531
 30
0.0
 10
4.1035
 20
-2.38884
 30
0.0
 10
4.1035
 20
-2.38884
 30
0.0
 10
4.1035
 20
-2.38884
 30
0.0
 10
4.09644
 20
-2.39237
 30
0.0
 10
4.09644
 20
-2.39237
 30
0.0
 10
4.09644
 20
-2.39237
 30
0.0
 10
4.09292
 20
-2.39589
 30
0.0
 10
4.09292
 20
-2.39589
 30
0.0
 10
4.09292
 20
-2.39589
 30
0.0
 10
4.08939
 20
-2.39942
 30
0.0
 10
4.08939
 20
-2.39942
 30
0.0
 10
4.08939
 20
-2.39942
 30
0.0
 10
4.08586
 20
-2.40649
 30
0.0
 10
4.08586
 20
-2.40649
 30
0.0
 10
4.08586
 20
-2.40649
 30
0.0
 10
4.08232
 20
-2.41002
 30
0.0
 10
4.08232
 20
-2.41002
 30
0.0
 10
4.08232
 20
-2.41002
 30
0.0
 10
4.08232
 20
-2.41707
 30
0.0
 10
4.08232
 20
-2.41707
 30
0.0
  0
SPLINE
  5
39C
330
1F
100
AcDbEntity
  8
Camada 1
 62
   251
370
     9
100
AcDbSpline
210
0.0
220
0.0
230
1.0
 70
    24
 71
     3
 72
     8
 73
     4
 74
     0
 42
0.0000000001
 43
0.0000000001
 40
0.0
 40
0.0
 40
0.0
 40
0.0
 40
1.0
 40
1.0
 40
1.0
 40
1.0
 10
7.8585
 20
-3.50757
 30
0.0
 10
7.8585
 20
-3.50757
 30
0.0
 10
7.8585
 20
-2.41707
 30
0.0
 10
7.8585
 20
-2.41707
 30
0.0
  0
SPLINE
  5
39D
330
1F
100
AcDbEntity
  8
Camada 1
 62
   251
370
     9
100
AcDbSpline
210
0.0
220
0.0
230
1.0
 70
    24
 71
     3
 72
     8
 73
     4
 74
     0
 42
0.0000000001
 43
0.0000000001
 40
0.0
 40
0.0
 40
0.0
 40
0.0
 40
1.0
 40
1.0
 40
1.0
 40
1.0
 10
4.08232
 20
-2.41707
 30
0.0
 10
4.08232
 20
-2.41707
 30
0.0
 10
4.08232
 20
-3.50757
 30
0.0
 10
4.08232
 20
-3.50757
 30
0.0
  0
SPLINE
  5
39E
330
1F
100
AcDbEntity
  8
Camada 1
 62
   251
370
     9
100
AcDbSpline
210
0.0
220
0.0
230
1.0
 70
    24
 71
     3
 72
     8
 73
     4
 74
     0
 42
0.0000000001
 43
0.0000000001
 40
0.0
 40
0.0
 40
0.0
 40
0.0
 40
1.0
 40
1.0
 40
1.0
 40
1.0
 10
4.15291
 20
-1.17834
 30
0.0
 10
4.15291
 20
-1.17834
 30
0.0
 10
4.15291
 20
-1.20657
 30
0.0
 10
4.15291
 20
-1.20657
 30
0.0
  0
SPLINE
  5
39F
330
1F
100
AcDbEntity
  8
Camada 1
 62
   251
370
     9
100
AcDbSpline
210
0.0
220
0.0
230
1.0
 70
    24
 71
     3
 72
     8
 73
     4
 74
     0
 42
0.0000000001
 43
0.0000000001
 40
0.0
 40
0.0
 40
0.0
 40
0.0
 40
1.0
 40
1.0
 40
1.0
 40
1.0
 10
4.15291
 20
1.18264
 30
0.0
 10
4.15291
 20
1.18264
 30
0.0
 10
4.15291
 20
1.15441
 30
0.0
 10
4.15291
 20
1.15441
 30
0.0
  0
SPLINE
  5
3A0
330
1F
100
AcDbEntity
  8
Camada 1
 62
   251
370
     9
100
AcDbSpline
210
0.0
220
0.0
230
1.0
 70
    24
 71
     3
 72
     8
 73
     4
 74
     0
 42
0.0000000001
 43
0.0000000001
 40
0.0
 40
0.0
 40
0.0
 40
0.0
 40
1.0
 40
1.0
 40
1.0
 40
1.0
 10
4.15291
 20
-2.36061
 30
0.0
 10
4.15291
 20
-2.36061
 30
0.0
 10
4.15291
 20
-2.38531
 30
0.0
 10
4.15291
 20
-2.38531
 30
0.0
  0
SPLINE
  5
3A1
330
1F
100
AcDbEntity
  8
Camada 1
 62
   251
370
     9
100
AcDbSpline
210
0.0
220
0.0
230
1.0
 70
    24
 71
     3
 72
     8
 73
     4
 74
     0
 42
0.0000000001
 43
0.0000000001
 40
0.0
 40
0.0
 40
0.0
 40
0.0
 40
1.0
 40
1.0
 40
1.0
 40
1.0
 10
7.78792
 20
1.15441
 30
0.0
 10
7.78792
 20
1.15441
 30
0.0
 10
7.78792
 20
1.18264
 30
0.0
 10
7.78792
 20
1.18264
 30
0.0
  0
SPLINE
  5
3A2
330
1F
100
AcDbEntity
  8
Camada 1
 62
   251
370
     9
100
AcDbSpline
210
0.0
220
0.0
230
1.0
 70
    24
 71
     3
 72
     8
 73
     4
 74
     0
 42
0.0000000001
 43
0.0000000001
 40
0.0
 40
0.0
 40
0.0
 40
0.0
 40
1.0
 40
1.0
 40
1.0
 40
1.0
 10
7.78792
 20
2.33667
 30
0.0
 10
7.78792
 20
2.33667
 30
0.0
 10
7.78792
 20
2.36137
 30
0.0
 10
7.78792
 20
2.36137
 30
0.0
  0
SPLINE
  5
3A3
330
1F
100
AcDbEntity
  8
Camada 1
 62
   251
370
     9
100
AcDbSpline
210
0.0
220
0.0
230
1.0
 70
    24
 71
     3
 72
     8
 73
     4
 74
     0
 42
0.0000000001
 43
0.0000000001
 40
0.0
 40
0.0
 40
0.0
 40
0.0
 40
1.0
 40
1.0
 40
1.0
 40
1.0
 10
7.78792
 20
-2.38531
 30
0.0
 10
7.78792
 20
-2.38531
 30
0.0
 10
7.78792
 20
-2.36061
 30
0.0
 10
7.78792
 20
-2.36061
 30
0.0
  0
SPLINE
  5
3A4
330
1F
100
AcDbEntity
  8
Camada 1
 62
   251
370
     9
100
AcDbSpline
210
0.0
220
0.0
230
1.0
 70
    24
 71
     3
 72
     8
 73
     4
 74
     0
 42
0.0000000001
 43
0.0000000001
 40
0.0
 40
0.0
 40
0.0
 40
0.0
 40
1.0
 40
1.0
 40
1.0
 40
1.0
 10
4.15291
 20
2.36137
 30
0.0
 10
4.15291
 20
2.36137
 30
0.0
 10
4.15291
 20
2.33667
 30
0.0
 10
4.15291
 20
2.33667
 30
0.0
  0
SPLINE
  5
3A5
330
1F
100
AcDbEntity
  8
Camada 1
 62
   251
370
     9
100
AcDbSpline
210
0.0
220
0.0
230
1.0
 70
    24
 71
     3
 72
     8
 73
     4
 74
     0
 42
0.0000000001
 43
0.0000000001
 40
0.0
 40
0.0
 40
0.0
 40
0.0
 40
1.0
 40
1.0
 40
1.0
 40
1.0
 10
7.78792
 20
-1.20657
 30
0.0
 10
7.78792
 20
-1.20657
 30
0.0
 10
7.78792
 20
-1.17834
 30
0.0
 10
7.78792
 20
-1.17834
 30
0.0
  0
SPLINE
  5
3A6
330
1F
100
AcDbEntity
  8
Camada 1
 62
   251
370
     9
100
AcDbSpline
210
0.0
220
0.0
230
1.0
 70
    24
 71
     3
 72
     8
 73
     4
 74
     0
 42
0.0000000001
 43
0.0000000001
 40
0.0
 40
0.0
 40
0.0
 40
0.0
 40
1.0
 40
1.0
 40
1.0
 40
1.0
 10
7.78792
 20
-0.02432
 30
0.0
 10
7.78792
 20
-0.02432
 30
0.0
 10
7.78792
 20
0.00039
 30
0.0
 10
7.78792
 20
0.00039
 30
0.0
  0
SPLINE
  5
3A7
330
1F
100
AcDbEntity
  8
Camada 1
 62
   251
370
     9
100
AcDbSpline
210
0.0
220
0.0
230
1.0
 70
    24
 71
     3
 72
     8
 73
     4
 74
     0
 42
0.0000000001
 43
0.0000000001
 40
0.0
 40
0.0
 40
0.0
 40
0.0
 40
1.0
 40
1.0
 40
1.0
 40
1.0
 10
4.15291
 20
0.00039
 30
0.0
 10
4.15291
 20
0.00039
 30
0.0
 10
4.15291
 20
-0.02432
 30
0.0
 10
4.15291
 20
-0.02432
 30
0.0
  0
SPLINE
  5
3A8
330
1F
100
AcDbEntity
  8
Camada 1
 62
   251
370
     9
100
AcDbSpline
210
0.0
220
0.0
230
1.0
 70
    24
 71
     3
 72
     8
 73
     4
 74
     0
 42
0.0000000001
 43
0.0000000001
 40
0.0
 40
0.0
 40
0.0
 40
0.0
 40
1.0
 40
1.0
 40
1.0
 40
1.0
 10
7.7985
 20
-1.17834
 30
0.0
 10
7.7985
 20
-1.17834
 30
0.0
 10
7.7985
 20
-1.20657
 30
0.0
 10
7.7985
 20
-1.20657
 30
0.0
  0
SPLINE
  5
3A9
330
1F
100
AcDbEntity
  8
Camada 1
 62
   251
370
     9
100
AcDbSpline
210
0.0
220
0.0
230
1.0
 70
    24
 71
     3
 72
     8
 73
     4
 74
     0
 42
0.0000000001
 43
0.0000000001
 40
0.0
 40
0.0
 40
0.0
 40
0.0
 40
1.0
 40
1.0
 40
1.0
 40
1.0
 10
7.78792
 20
-1.20657
 30
0.0
 10
7.78792
 20
-1.20657
 30
0.0
 10
7.78792
 20
-1.17834
 30
0.0
 10
7.78792
 20
-1.17834
 30
0.0
  0
SPLINE
  5
3AA
330
1F
100
AcDbEntity
  8
Camada 1
 62
   251
370
     9
100
AcDbSpline
210
0.0
220
0.0
230
1.0
 70
    24
 71
     3
 72
     8
 73
     4
 74
     0
 42
0.0000000001
 43
0.0000000001
 40
0.0
 40
0.0
 40
0.0
 40
0.0
 40
1.0
 40
1.0
 40
1.0
 40
1.0
 10
7.7985
 20
-2.36061
 30
0.0
 10
7.7985
 20
-2.36061
 30
0.0
 10
7.7985
 20
-2.38531
 30
0.0
 10
7.7985
 20
-2.38531
 30
0.0
  0
SPLINE
  5
3AB
330
1F
100
AcDbEntity
  8
Camada 1
 62
   251
370
     9
100
AcDbSpline
210
0.0
220
0.0
230
1.0
 70
    24
 71
     3
 72
     8
 73
     4
 74
     0
 42
0.0000000001
 43
0.0000000001
 40
0.0
 40
0.0
 40
0.0
 40
0.0
 40
1.0
 40
1.0
 40
1.0
 40
1.0
 10
7.7985
 20
0.00039
 30
0.0
 10
7.7985
 20
0.00039
 30
0.0
 10
7.7985
 20
-0.02432
 30
0.0
 10
7.7985
 20
-0.02432
 30
0.0
  0
SPLINE
  5
3AC
330
1F
100
AcDbEntity
  8
Camada 1
 62
   251
370
     9
100
AcDbSpline
210
0.0
220
0.0
230
1.0
 70
    24
 71
     3
 72
     8
 73
     4
 74
     0
 42
0.0000000001
 43
0.0000000001
 40
0.0
 40
0.0
 40
0.0
 40
0.0
 40
1.0
 40
1.0
 40
1.0
 40
1.0
 10
7.7985
 20
1.18264
 30
0.0
 10
7.7985
 20
1.18264
 30
0.0
 10
7.7985
 20
1.15441
 30
0.0
 10
7.7985
 20
1.15441
 30
0.0
  0
SPLINE
  5
3AD
330
1F
100
AcDbEntity
  8
Camada 1
 62
   251
370
     9
100
AcDbSpline
210
0.0
220
0.0
230
1.0
 70
    24
 71
     3
 72
     8
 73
     4
 74
     0
 42
0.0000000001
 43
0.0000000001
 40
0.0
 40
0.0
 40
0.0
 40
0.0
 40
1.0
 40
1.0
 40
1.0
 40
1.0
 10
7.7985
 20
2.36137
 30
0.0
 10
7.7985
 20
2.36137
 30
0.0
 10
7.7985
 20
2.33667
 30
0.0
 10
7.7985
 20
2.33667
 30
0.0
  0
SPLINE
  5
3AE
330
1F
100
AcDbEntity
  8
Camada 1
 62
   251
370
     9
100
AcDbSpline
210
0.0
220
0.0
230
1.0
 70
    24
 71
     3
 72
     8
 73
     4
 74
     0
 42
0.0000000001
 43
0.0000000001
 40
0.0
 40
0.0
 40
0.0
 40
0.0
 40
1.0
 40
1.0
 40
1.0
 40
1.0
 10
4.14233
 20
2.33667
 30
0.0
 10
4.14233
 20
2.33667
 30
0.0
 10
4.14233
 20
2.36137
 30
0.0
 10
4.14233
 20
2.36137
 30
0.0
  0
SPLINE
  5
3AF
330
1F
100
AcDbEntity
  8
Camada 1
 62
   251
370
     9
100
AcDbSpline
210
0.0
220
0.0
230
1.0
 70
    24
 71
     3
 72
     8
 73
     4
 74
     0
 42
0.0000000001
 43
0.0000000001
 40
0.0
 40
0.0
 40
0.0
 40
0.0
 40
1.0
 40
1.0
 40
1.0
 40
1.0
 10
4.14233
 20
1.15441
 30
0.0
 10
4.14233
 20
1.15441
 30
0.0
 10
4.14233
 20
1.18264
 30
0.0
 10
4.14233
 20
1.18264
 30
0.0
  0
SPLINE
  5
3B0
330
1F
100
AcDbEntity
  8
Camada 1
 62
   251
370
     9
100
AcDbSpline
210
0.0
220
0.0
230
1.0
 70
    24
 71
     3
 72
     8
 73
     4
 74
     0
 42
0.0000000001
 43
0.0000000001
 40
0.0
 40
0.0
 40
0.0
 40
0.0
 40
1.0
 40
1.0
 40
1.0
 40
1.0
 10
4.14233
 20
-0.02432
 30
0.0
 10
4.14233
 20
-0.02432
 30
0.0
 10
4.14233
 20
0.00039
 30
0.0
 10
4.14233
 20
0.00039
 30
0.0
  0
SPLINE
  5
3B1
330
1F
100
AcDbEntity
  8
Camada 1
 62
   251
370
     9
100
AcDbSpline
210
0.0
220
0.0
230
1.0
 70
    24
 71
     3
 72
     8
 73
     4
 74
     0
 42
0.0000000001
 43
0.0000000001
 40
0.0
 40
0.0
 40
0.0
 40
0.0
 40
1.0
 40
1.0
 40
1.0
 40
1.0
 10
4.14233
 20
-1.20657
 30
0.0
 10
4.14233
 20
-1.20657
 30
0.0
 10
4.14233
 20
-1.17834
 30
0.0
 10
4.14233
 20
-1.17834
 30
0.0
  0
SPLINE
  5
3B2
330
1F
100
AcDbEntity
  8
Camada 1
 62
   251
370
     9
100
AcDbSpline
210
0.0
220
0.0
230
1.0
 70
    24
 71
     3
 72
     8
 73
     4
 74
     0
 42
0.0000000001
 43
0.0000000001
 40
0.0
 40
0.0
 40
0.0
 40
0.0
 40
1.0
 40
1.0
 40
1.0
 40
1.0
 10
4.14233
 20
-2.38531
 30
0.0
 10
4.14233
 20
-2.38531
 30
0.0
 10
4.14233
 20
-2.36061
 30
0.0
 10
4.14233
 20
-2.36061
 30
0.0
  0
SPLINE
  5
3B3
330
1F
100
AcDbEntity
  8
Camada 1
 62
   251
370
     9
100
AcDbSpline
210
0.0
220
0.0
230
1.0
 70
    24
 71
     3
 72
     8
 73
     4
 74
     0
 42
0.0000000001
 43
0.0000000001
 40
0.0
 40
0.0
 40
0.0
 40
0.0
 40
1.0
 40
1.0
 40
1.0
 40
1.0
 10
4.15291
 20
-1.17834
 30
0.0
 10
4.15291
 20
-1.17834
 30
0.0
 10
4.15291
 20
-1.20657
 30
0.0
 10
4.15291
 20
-1.20657
 30
0.0
  0
SPLINE
  5
3B4
330
1F
100
AcDbEntity
  8
Camada 1
 62
   251
370
     9
100
AcDbSpline
210
0.0
220
0.0
230
1.0
 70
    24
 71
     3
 72
     8
 73
     4
 74
     0
 42
0.0000000001
 43
0.0000000001
 40
0.0
 40
0.0
 40
0.0
 40
0.0
 40
1.0
 40
1.0
 40
1.0
 40
1.0
 10
7.78792
 20
-2.38531
 30
0.0
 10
7.78792
 20
-2.38531
 30
0.0
 10
7.78792
 20
-2.36061
 30
0.0
 10
7.78792
 20
-2.36061
 30
0.0
  0
SPLINE
  5
3B5
330
1F
100
AcDbEntity
  8
Camada 1
 62
   251
370
     9
100
AcDbSpline
210
0.0
220
0.0
230
1.0
 70
    24
 71
     3
 72
     8
 73
     4
 74
     0
 42
0.0000000001
 43
0.0000000001
 40
0.0
 40
0.0
 40
0.0
 40
0.0
 40
1.0
 40
1.0
 40
1.0
 40
1.0
 10
4.15291
 20
1.18264
 30
0.0
 10
4.15291
 20
1.18264
 30
0.0
 10
4.15291
 20
1.15441
 30
0.0
 10
4.15291
 20
1.15441
 30
0.0
  0
SPLINE
  5
3B6
330
1F
100
AcDbEntity
  8
Camada 1
 62
   251
370
     9
100
AcDbSpline
210
0.0
220
0.0
230
1.0
 70
    24
 71
     3
 72
     8
 73
     4
 74
     0
 42
0.0000000001
 43
0.0000000001
 40
0.0
 40
0.0
 40
0.0
 40
0.0
 40
1.0
 40
1.0
 40
1.0
 40
1.0
 10
4.15291
 20
-2.36061
 30
0.0
 10
4.15291
 20
-2.36061
 30
0.0
 10
4.15291
 20
-2.38531
 30
0.0
 10
4.15291
 20
-2.38531
 30
0.0
  0
SPLINE
  5
3B7
330
1F
100
AcDbEntity
  8
Camada 1
 62
   251
370
     9
100
AcDbSpline
210
0.0
220
0.0
230
1.0
 70
    24
 71
     3
 72
     8
 73
     4
 74
     0
 42
0.0000000001
 43
0.0000000001
 40
0.0
 40
0.0
 40
0.0
 40
0.0
 40
1.0
 40
1.0
 40
1.0
 40
1.0
 10
7.78792
 20
-0.02432
 30
0.0
 10
7.78792
 20
-0.02432
 30
0.0
 10
7.78792
 20
0.00039
 30
0.0
 10
7.78792
 20
0.00039
 30
0.0
  0
SPLINE
  5
3B8
330
1F
100
AcDbEntity
  8
Camada 1
 62
   251
370
     9
100
AcDbSpline
210
0.0
220
0.0
230
1.0
 70
    24
 71
     3
 72
     8
 73
     4
 74
     0
 42
0.0000000001
 43
0.0000000001
 40
0.0
 40
0.0
 40
0.0
 40
0.0
 40
1.0
 40
1.0
 40
1.0
 40
1.0
 10
4.15291
 20
0.00039
 30
0.0
 10
4.15291
 20
0.00039
 30
0.0
 10
4.15291
 20
-0.02432
 30
0.0
 10
4.15291
 20
-0.02432
 30
0.0
  0
SPLINE
  5
3B9
330
1F
100
AcDbEntity
  8
Camada 1
 62
   251
370
     9
100
AcDbSpline
210
0.0
220
0.0
230
1.0
 70
    24
 71
     3
 72
     8
 73
     4
 74
     0
 42
0.0000000001
 43
0.0000000001
 40
0.0
 40
0.0
 40
0.0
 40
0.0
 40
1.0
 40
1.0
 40
1.0
 40
1.0
 10
7.78792
 20
1.15441
 30
0.0
 10
7.78792
 20
1.15441
 30
0.0
 10
7.78792
 20
1.18264
 30
0.0
 10
7.78792
 20
1.18264
 30
0.0
  0
SPLINE
  5
3BA
330
1F
100
AcDbEntity
  8
Camada 1
 62
   251
370
     9
100
AcDbSpline
210
0.0
220
0.0
230
1.0
 70
    24
 71
     3
 72
     8
 73
     4
 74
     0
 42
0.0000000001
 43
0.0000000001
 40
0.0
 40
0.0
 40
0.0
 40
0.0
 40
1.0
 40
1.0
 40
1.0
 40
1.0
 10
4.15291
 20
2.36137
 30
0.0
 10
4.15291
 20
2.36137
 30
0.0
 10
4.15291
 20
2.33667
 30
0.0
 10
4.15291
 20
2.33667
 30
0.0
  0
SPLINE
  5
3BB
330
1F
100
AcDbEntity
  8
Camada 1
 62
   251
370
     9
100
AcDbSpline
210
0.0
220
0.0
230
1.0
 70
    24
 71
     3
 72
     8
 73
     4
 74
     0
 42
0.0000000001
 43
0.0000000001
 40
0.0
 40
0.0
 40
0.0
 40
0.0
 40
1.0
 40
1.0
 40
1.0
 40
1.0
 10
7.78792
 20
2.33667
 30
0.0
 10
7.78792
 20
2.33667
 30
0.0
 10
7.78792
 20
2.36137
 30
0.0
 10
7.78792
 20
2.36137
 30
0.0
  0
SPLINE
  5
3BC
330
1F
100
AcDbEntity
  8
Camada 1
 62
   251
370
     9
100
AcDbSpline
210
0.0
220
0.0
230
1.0
 70
    24
 71
     3
 72
     8
 73
     4
 74
     0
 42
0.0000000001
 43
0.0000000001
 40
0.0
 40
0.0
 40
0.0
 40
0.0
 40
1.0
 40
1.0
 40
1.0
 40
1.0
 10
7.5797
 20
2.33667
 30
0.0
 10
7.5797
 20
2.33667
 30
0.0
 10
7.5797
 20
2.36137
 30
0.0
 10
7.5797
 20
2.36137
 30
0.0
  0
SPLINE
  5
3BD
330
1F
100
AcDbEntity
  8
Camada 1
 62
   251
370
     9
100
AcDbSpline
210
0.0
220
0.0
230
1.0
 70
    24
 71
     3
 72
     8
 73
     4
 74
     0
 42
0.0000000001
 43
0.0000000001
 40
0.0
 40
0.0
 40
0.0
 40
0.0
 40
1.0
 40
1.0
 40
1.0
 40
1.0
 10
7.59029
 20
2.36137
 30
0.0
 10
7.59029
 20
2.36137
 30
0.0
 10
7.59029
 20
2.33667
 30
0.0
 10
7.59029
 20
2.33667
 30
0.0
  0
SPLINE
  5
3BE
330
1F
100
AcDbEntity
  8
Camada 1
 62
   251
370
     9
100
AcDbSpline
210
0.0
220
0.0
230
1.0
 70
    24
 71
     3
 72
     8
 73
     4
 74
     0
 42
0.0000000001
 43
0.0000000001
 40
0.0
 40
0.0
 40
0.0
 40
0.0
 40
1.0
 40
1.0
 40
1.0
 40
1.0
 10
4.35054
 20
-2.38531
 30
0.0
 10
4.35054
 20
-2.38531
 30
0.0
 10
4.35054
 20
-2.36061
 30
0.0
 10
4.35054
 20
-2.36061
 30
0.0
  0
SPLINE
  5
3BF
330
1F
100
AcDbEntity
  8
Camada 1
 62
   251
370
     9
100
AcDbSpline
210
0.0
220
0.0
230
1.0
 70
    24
 71
     3
 72
     8
 73
     4
 74
     0
 42
0.0000000001
 43
0.0000000001
 40
0.0
 40
0.0
 40
0.0
 40
0.0
 40
1.0
 40
1.0
 40
1.0
 40
1.0
 10
4.36113
 20
-2.36061
 30
0.0
 10
4.36113
 20
-2.36061
 30
0.0
 10
4.36113
 20
-2.38531
 30
0.0
 10
4.36113
 20
-2.38531
 30
0.0
  0
SPLINE
  5
3C0
330
1F
100
AcDbEntity
  8
Camada 1
 62
   251
370
     9
100
AcDbSpline
210
0.0
220
0.0
230
1.0
 70
    24
 71
     3
 72
     8
 73
     4
 74
     0
 42
0.0000000001
 43
0.0000000001
 40
0.0
 40
0.0
 40
0.0
 40
0.0
 40
1.0
 40
1.0
 40
1.0
 40
1.0
 10
4.35054
 20
-0.02432
 30
0.0
 10
4.35054
 20
-0.02432
 30
0.0
 10
4.35054
 20
0.00039
 30
0.0
 10
4.35054
 20
0.00039
 30
0.0
  0
SPLINE
  5
3C1
330
1F
100
AcDbEntity
  8
Camada 1
 62
   251
370
     9
100
AcDbSpline
210
0.0
220
0.0
230
1.0
 70
    24
 71
     3
 72
     8
 73
     4
 74
     0
 42
0.0000000001
 43
0.0000000001
 40
0.0
 40
0.0
 40
0.0
 40
0.0
 40
1.0
 40
1.0
 40
1.0
 40
1.0
 10
4.36113
 20
0.00039
 30
0.0
 10
4.36113
 20
0.00039
 30
0.0
 10
4.36113
 20
-0.02432
 30
0.0
 10
4.36113
 20
-0.02432
 30
0.0
  0
SPLINE
  5
3C2
330
1F
100
AcDbEntity
  8
Camada 1
 62
   251
370
     9
100
AcDbSpline
210
0.0
220
0.0
230
1.0
 70
    24
 71
     3
 72
     8
 73
     4
 74
     0
 42
0.0000000001
 43
0.0000000001
 40
0.0
 40
0.0
 40
0.0
 40
0.0
 40
1.0
 40
1.0
 40
1.0
 40
1.0
 10
7.5797
 20
-0.02432
 30
0.0
 10
7.5797
 20
-0.02432
 30
0.0
 10
7.5797
 20
0.00039
 30
0.0
 10
7.5797
 20
0.00039
 30
0.0
  0
SPLINE
  5
3C3
330
1F
100
AcDbEntity
  8
Camada 1
 62
   251
370
     9
100
AcDbSpline
210
0.0
220
0.0
230
1.0
 70
    24
 71
     3
 72
     8
 73
     4
 74
     0
 42
0.0000000001
 43
0.0000000001
 40
0.0
 40
0.0
 40
0.0
 40
0.0
 40
1.0
 40
1.0
 40
1.0
 40
1.0
 10
7.59029
 20
0.00039
 30
0.0
 10
7.59029
 20
0.00039
 30
0.0
 10
7.59029
 20
-0.02432
 30
0.0
 10
7.59029
 20
-0.02432
 30
0.0
  0
SPLINE
  5
3C4
330
1F
100
AcDbEntity
  8
Camada 1
 62
   251
370
     9
100
AcDbSpline
210
0.0
220
0.0
230
1.0
 70
    24
 71
     3
 72
     8
 73
     4
 74
     0
 42
0.0000000001
 43
0.0000000001
 40
0.0
 40
0.0
 40
0.0
 40
0.0
 40
1.0
 40
1.0
 40
1.0
 40
1.0
 10
7.5797
 20
-2.38531
 30
0.0
 10
7.5797
 20
-2.38531
 30
0.0
 10
7.5797
 20
-2.36061
 30
0.0
 10
7.5797
 20
-2.36061
 30
0.0
  0
SPLINE
  5
3C5
330
1F
100
AcDbEntity
  8
Camada 1
 62
   251
370
     9
100
AcDbSpline
210
0.0
220
0.0
230
1.0
 70
    24
 71
     3
 72
     8
 73
     4
 74
     0
 42
0.0000000001
 43
0.0000000001
 40
0.0
 40
0.0
 40
0.0
 40
0.0
 40
1.0
 40
1.0
 40
1.0
 40
1.0
 10
4.35054
 20
-1.20657
 30
0.0
 10
4.35054
 20
-1.20657
 30
0.0
 10
4.35054
 20
-1.17834
 30
0.0
 10
4.35054
 20
-1.17834
 30
0.0
  0
SPLINE
  5
3C6
330
1F
100
AcDbEntity
  8
Camada 1
 62
   251
370
     9
100
AcDbSpline
210
0.0
220
0.0
230
1.0
 70
    24
 71
     3
 72
     8
 73
     4
 74
     0
 42
0.0000000001
 43
0.0000000001
 40
0.0
 40
0.0
 40
0.0
 40
0.0
 40
1.0
 40
1.0
 40
1.0
 40
1.0
 10
4.36113
 20
-1.17834
 30
0.0
 10
4.36113
 20
-1.17834
 30
0.0
 10
4.36113
 20
-1.20657
 30
0.0
 10
4.36113
 20
-1.20657
 30
0.0
  0
SPLINE
  5
3C7
330
1F
100
AcDbEntity
  8
Camada 1
 62
   251
370
     9
100
AcDbSpline
210
0.0
220
0.0
230
1.0
 70
    24
 71
     3
 72
     8
 73
     4
 74
     0
 42
0.0000000001
 43
0.0000000001
 40
0.0
 40
0.0
 40
0.0
 40
0.0
 40
1.0
 40
1.0
 40
1.0
 40
1.0
 10
4.35054
 20
2.33667
 30
0.0
 10
4.35054
 20
2.33667
 30
0.0
 10
4.35054
 20
2.36137
 30
0.0
 10
4.35054
 20
2.36137
 30
0.0
  0
SPLINE
  5
3C8
330
1F
100
AcDbEntity
  8
Camada 1
 62
   251
370
     9
100
AcDbSpline
210
0.0
220
0.0
230
1.0
 70
    24
 71
     3
 72
     8
 73
     4
 74
     0
 42
0.0000000001
 43
0.0000000001
 40
0.0
 40
0.0
 40
0.0
 40
0.0
 40
1.0
 40
1.0
 40
1.0
 40
1.0
 10
4.36113
 20
2.36137
 30
0.0
 10
4.36113
 20
2.36137
 30
0.0
 10
4.36113
 20
2.33667
 30
0.0
 10
4.36113
 20
2.33667
 30
0.0
  0
SPLINE
  5
3C9
330
1F
100
AcDbEntity
  8
Camada 1
 62
   251
370
     9
100
AcDbSpline
210
0.0
220
0.0
230
1.0
 70
    24
 71
     3
 72
     8
 73
     4
 74
     0
 42
0.0000000001
 43
0.0000000001
 40
0.0
 40
0.0
 40
0.0
 40
0.0
 40
1.0
 40
1.0
 40
1.0
 40
1.0
 10
7.5797
 20
-1.20657
 30
0.0
 10
7.5797
 20
-1.20657
 30
0.0
 10
7.5797
 20
-1.17834
 30
0.0
 10
7.5797
 20
-1.17834
 30
0.0
  0
SPLINE
  5
3CA
330
1F
100
AcDbEntity
  8
Camada 1
 62
   251
370
     9
100
AcDbSpline
210
0.0
220
0.0
230
1.0
 70
    24
 71
     3
 72
     8
 73
     4
 74
     0
 42
0.0000000001
 43
0.0000000001
 40
0.0
 40
0.0
 40
0.0
 40
0.0
 40
1.0
 40
1.0
 40
1.0
 40
1.0
 10
4.35054
 20
1.15441
 30
0.0
 10
4.35054
 20
1.15441
 30
0.0
 10
4.35054
 20
1.18264
 30
0.0
 10
4.35054
 20
1.18264
 30
0.0
  0
SPLINE
  5
3CB
330
1F
100
AcDbEntity
  8
Camada 1
 62
   251
370
     9
100
AcDbSpline
210
0.0
220
0.0
230
1.0
 70
    24
 71
     3
 72
     8
 73
     4
 74
     0
 42
0.0000000001
 43
0.0000000001
 40
0.0
 40
0.0
 40
0.0
 40
0.0
 40
1.0
 40
1.0
 40
1.0
 40
1.0
 10
4.36113
 20
1.18264
 30
0.0
 10
4.36113
 20
1.18264
 30
0.0
 10
4.36113
 20
1.15441
 30
0.0
 10
4.36113
 20
1.15441
 30
0.0
  0
SPLINE
  5
3CC
330
1F
100
AcDbEntity
  8
Camada 1
 62
   251
370
     9
100
AcDbSpline
210
0.0
220
0.0
230
1.0
 70
    24
 71
     3
 72
     8
 73
     4
 74
     0
 42
0.0000000001
 43
0.0000000001
 40
0.0
 40
0.0
 40
0.0
 40
0.0
 40
1.0
 40
1.0
 40
1.0
 40
1.0
 10
7.59029
 20
-1.17834
 30
0.0
 10
7.59029
 20
-1.17834
 30
0.0
 10
7.59029
 20
-1.20657
 30
0.0
 10
7.59029
 20
-1.20657
 30
0.0
  0
SPLINE
  5
3CD
330
1F
100
AcDbEntity
  8
Camada 1
 62
   251
370
     9
100
AcDbSpline
210
0.0
220
0.0
230
1.0
 70
    24
 71
     3
 72
     8
 73
     4
 74
     0
 42
0.0000000001
 43
0.0000000001
 40
0.0
 40
0.0
 40
0.0
 40
0.0
 40
1.0
 40
1.0
 40
1.0
 40
1.0
 10
7.5797
 20
1.15441
 30
0.0
 10
7.5797
 20
1.15441
 30
0.0
 10
7.5797
 20
1.18264
 30
0.0
 10
7.5797
 20
1.18264
 30
0.0
  0
SPLINE
  5
3CE
330
1F
100
AcDbEntity
  8
Camada 1
 62
   251
370
     9
100
AcDbSpline
210
0.0
220
0.0
230
1.0
 70
    24
 71
     3
 72
     8
 73
     4
 74
     0
 42
0.0000000001
 43
0.0000000001
 40
0.0
 40
0.0
 40
0.0
 40
0.0
 40
1.0
 40
1.0
 40
1.0
 40
1.0
 10
7.59029
 20
-2.36061
 30
0.0
 10
7.59029
 20
-2.36061
 30
0.0
 10
7.59029
 20
-2.38531
 30
0.0
 10
7.59029
 20
-2.38531
 30
0.0
  0
SPLINE
  5
3CF
330
1F
100
AcDbEntity
  8
Camada 1
 62
   251
370
     9
100
AcDbSpline
210
0.0
220
0.0
230
1.0
 70
    24
 71
     3
 72
     8
 73
     4
 74
     0
 42
0.0000000001
 43
0.0000000001
 40
0.0
 40
0.0
 40
0.0
 40
0.0
 40
1.0
 40
1.0
 40
1.0
 40
1.0
 10
7.59029
 20
1.18264
 30
0.0
 10
7.59029
 20
1.18264
 30
0.0
 10
7.59029
 20
1.15441
 30
0.0
 10
7.59029
 20
1.15441
 30
0.0
  0
SPLINE
  5
3D0
330
1F
100
AcDbEntity
  8
Camada 1
 62
   251
370
     9
100
AcDbSpline
210
0.0
220
0.0
230
1.0
 70
    24
 71
     3
 72
     8
 73
     4
 74
     0
 42
0.0000000001
 43
0.0000000001
 40
0.0
 40
0.0
 40
0.0
 40
0.0
 40
1.0
 40
1.0
 40
1.0
 40
1.0
 10
7.59029
 20
-2.38531
 30
0.0
 10
7.59029
 20
-2.38531
 30
0.0
 10
7.59029
 20
-2.36061
 30
0.0
 10
7.59029
 20
-2.36061
 30
0.0
  0
SPLINE
  5
3D1
330
1F
100
AcDbEntity
  8
Camada 1
 62
   251
370
     9
100
AcDbSpline
210
0.0
220
0.0
230
1.0
 70
    24
 71
     3
 72
     8
 73
     4
 74
     0
 42
0.0000000001
 43
0.0000000001
 40
0.0
 40
0.0
 40
0.0
 40
0.0
 40
1.0
 40
1.0
 40
1.0
 40
1.0
 10
7.59029
 20
1.15441
 30
0.0
 10
7.59029
 20
1.15441
 30
0.0
 10
7.59029
 20
1.18264
 30
0.0
 10
7.59029
 20
1.18264
 30
0.0
  0
SPLINE
  5
3D2
330
1F
100
AcDbEntity
  8
Camada 1
 62
   251
370
     9
100
AcDbSpline
210
0.0
220
0.0
230
1.0
 70
    24
 71
     3
 72
     8
 73
     4
 74
     0
 42
0.0000000001
 43
0.0000000001
 40
0.0
 40
0.0
 40
0.0
 40
0.0
 40
1.0
 40
1.0
 40
1.0
 40
1.0
 10
7.59029
 20
2.33667
 30
0.0
 10
7.59029
 20
2.33667
 30
0.0
 10
7.59029
 20
2.36137
 30
0.0
 10
7.59029
 20
2.36137
 30
0.0
  0
SPLINE
  5
3D3
330
1F
100
AcDbEntity
  8
Camada 1
 62
   251
370
     9
100
AcDbSpline
210
0.0
220
0.0
230
1.0
 70
    24
 71
     3
 72
     8
 73
     4
 74
     0
 42
0.0000000001
 43
0.0000000001
 40
0.0
 40
0.0
 40
0.0
 40
0.0
 40
1.0
 40
1.0
 40
1.0
 40
1.0
 10
4.35054
 20
1.18264
 30
0.0
 10
4.35054
 20
1.18264
 30
0.0
 10
4.35054
 20
1.15441
 30
0.0
 10
4.35054
 20
1.15441
 30
0.0
  0
SPLINE
  5
3D4
330
1F
100
AcDbEntity
  8
Camada 1
 62
   251
370
     9
100
AcDbSpline
210
0.0
220
0.0
230
1.0
 70
    24
 71
     3
 72
     8
 73
     4
 74
     0
 42
0.0000000001
 43
0.0000000001
 40
0.0
 40
0.0
 40
0.0
 40
0.0
 40
1.0
 40
1.0
 40
1.0
 40
1.0
 10
4.35054
 20
0.00039
 30
0.0
 10
4.35054
 20
0.00039
 30
0.0
 10
4.35054
 20
-0.02432
 30
0.0
 10
4.35054
 20
-0.02432
 30
0.0
  0
SPLINE
  5
3D5
330
1F
100
AcDbEntity
  8
Camada 1
 62
   251
370
     9
100
AcDbSpline
210
0.0
220
0.0
230
1.0
 70
    24
 71
     3
 72
     8
 73
     4
 74
     0
 42
0.0000000001
 43
0.0000000001
 40
0.0
 40
0.0
 40
0.0
 40
0.0
 40
1.0
 40
1.0
 40
1.0
 40
1.0
 10
4.35054
 20
-2.36061
 30
0.0
 10
4.35054
 20
-2.36061
 30
0.0
 10
4.35054
 20
-2.38531
 30
0.0
 10
4.35054
 20
-2.38531
 30
0.0
  0
SPLINE
  5
3D6
330
1F
100
AcDbEntity
  8
Camada 1
 62
   251
370
     9
100
AcDbSpline
210
0.0
220
0.0
230
1.0
 70
    24
 71
     3
 72
     8
 73
     4
 74
     0
 42
0.0000000001
 43
0.0000000001
 40
0.0
 40
0.0
 40
0.0
 40
0.0
 40
1.0
 40
1.0
 40
1.0
 40
1.0
 10
7.59029
 20
-0.02432
 30
0.0
 10
7.59029
 20
-0.02432
 30
0.0
 10
7.59029
 20
0.00039
 30
0.0
 10
7.59029
 20
0.00039
 30
0.0
  0
SPLINE
  5
3D7
330
1F
100
AcDbEntity
  8
Camada 1
 62
   251
370
     9
100
AcDbSpline
210
0.0
220
0.0
230
1.0
 70
    24
 71
     3
 72
     8
 73
     4
 74
     0
 42
0.0000000001
 43
0.0000000001
 40
0.0
 40
0.0
 40
0.0
 40
0.0
 40
1.0
 40
1.0
 40
1.0
 40
1.0
 10
4.35054
 20
2.36137
 30
0.0
 10
4.35054
 20
2.36137
 30
0.0
 10
4.35054
 20
2.33667
 30
0.0
 10
4.35054
 20
2.33667
 30
0.0
  0
SPLINE
  5
3D8
330
1F
100
AcDbEntity
  8
Camada 1
 62
   251
370
     9
100
AcDbSpline
210
0.0
220
0.0
230
1.0
 70
    24
 71
     3
 72
     8
 73
     4
 74
     0
 42
0.0000000001
 43
0.0000000001
 40
0.0
 40
0.0
 40
0.0
 40
0.0
 40
1.0
 40
1.0
 40
1.0
 40
1.0
 10
4.35054
 20
-1.17834
 30
0.0
 10
4.35054
 20
-1.17834
 30
0.0
 10
4.35054
 20
-1.20657
 30
0.0
 10
4.35054
 20
-1.20657
 30
0.0
  0
SPLINE
  5
3D9
330
1F
100
AcDbEntity
  8
Camada 1
 62
   251
370
     9
100
AcDbSpline
210
0.0
220
0.0
230
1.0
 70
    24
 71
     3
 72
     8
 73
     4
 74
     0
 42
0.0000000001
 43
0.0000000001
 40
0.0
 40
0.0
 40
0.0
 40
0.0
 40
1.0
 40
1.0
 40
1.0
 40
1.0
 10
7.59029
 20
-1.20657
 30
0.0
 10
7.59029
 20
-1.20657
 30
0.0
 10
7.59029
 20
-1.17834
 30
0.0
 10
7.59029
 20
-1.17834
 30
0.0
  0
SPLINE
  5
3DA
330
1F
100
AcDbEntity
  8
Camada 1
 62
   251
370
     9
100
AcDbSpline
210
0.0
220
0.0
230
1.0
 70
    24
 71
     3
 72
     8
 73
     4
 74
     0
 42
0.0000000001
 43
0.0000000001
 40
0.0
 40
0.0
 40
0.0
 40
0.0
 40
1.0
 40
1.0
 40
1.0
 40
1.0
 10
4.33995
 20
-2.38531
 30
0.0
 10
4.33995
 20
-2.38531
 30
0.0
 10
4.33995
 20
-2.36061
 30
0.0
 10
4.33995
 20
-2.36061
 30
0.0
  0
SPLINE
  5
3DB
330
1F
100
AcDbEntity
  8
Camada 1
 62
   251
370
     9
100
AcDbSpline
210
0.0
220
0.0
230
1.0
 70
    24
 71
     3
 72
     8
 73
     4
 74
     0
 42
0.0000000001
 43
0.0000000001
 40
0.0
 40
0.0
 40
0.0
 40
0.0
 40
1.0
 40
1.0
 40
1.0
 40
1.0
 10
4.33995
 20
1.15441
 30
0.0
 10
4.33995
 20
1.15441
 30
0.0
 10
4.33995
 20
1.18264
 30
0.0
 10
4.33995
 20
1.18264
 30
0.0
  0
SPLINE
  5
3DC
330
1F
100
AcDbEntity
  8
Camada 1
 62
   251
370
     9
100
AcDbSpline
210
0.0
220
0.0
230
1.0
 70
    24
 71
     3
 72
     8
 73
     4
 74
     0
 42
0.0000000001
 43
0.0000000001
 40
0.0
 40
0.0
 40
0.0
 40
0.0
 40
1.0
 40
1.0
 40
1.0
 40
1.0
 10
7.60088
 20
0.00039
 30
0.0
 10
7.60088
 20
0.00039
 30
0.0
 10
7.60088
 20
-0.02432
 30
0.0
 10
7.60088
 20
-0.02432
 30
0.0
  0
SPLINE
  5
3DD
330
1F
100
AcDbEntity
  8
Camada 1
 62
   251
370
     9
100
AcDbSpline
210
0.0
220
0.0
230
1.0
 70
    24
 71
     3
 72
     8
 73
     4
 74
     0
 42
0.0000000001
 43
0.0000000001
 40
0.0
 40
0.0
 40
0.0
 40
0.0
 40
1.0
 40
1.0
 40
1.0
 40
1.0
 10
7.60088
 20
-2.36061
 30
0.0
 10
7.60088
 20
-2.36061
 30
0.0
 10
7.60088
 20
-2.38531
 30
0.0
 10
7.60088
 20
-2.38531
 30
0.0
  0
SPLINE
  5
3DE
330
1F
100
AcDbEntity
  8
Camada 1
 62
   251
370
     9
100
AcDbSpline
210
0.0
220
0.0
230
1.0
 70
    24
 71
     3
 72
     8
 73
     4
 74
     0
 42
0.0000000001
 43
0.0000000001
 40
0.0
 40
0.0
 40
0.0
 40
0.0
 40
1.0
 40
1.0
 40
1.0
 40
1.0
 10
4.33995
 20
2.33667
 30
0.0
 10
4.33995
 20
2.33667
 30
0.0
 10
4.33995
 20
2.36137
 30
0.0
 10
4.33995
 20
2.36137
 30
0.0
  0
SPLINE
  5
3DF
330
1F
100
AcDbEntity
  8
Camada 1
 62
   251
370
     9
100
AcDbSpline
210
0.0
220
0.0
230
1.0
 70
    24
 71
     3
 72
     8
 73
     4
 74
     0
 42
0.0000000001
 43
0.0000000001
 40
0.0
 40
0.0
 40
0.0
 40
0.0
 40
1.0
 40
1.0
 40
1.0
 40
1.0
 10
4.33995
 20
-0.02432
 30
0.0
 10
4.33995
 20
-0.02432
 30
0.0
 10
4.33995
 20
0.00039
 30
0.0
 10
4.33995
 20
0.00039
 30
0.0
  0
SPLINE
  5
3E0
330
1F
100
AcDbEntity
  8
Camada 1
 62
   251
370
     9
100
AcDbSpline
210
0.0
220
0.0
230
1.0
 70
    24
 71
     3
 72
     8
 73
     4
 74
     0
 42
0.0000000001
 43
0.0000000001
 40
0.0
 40
0.0
 40
0.0
 40
0.0
 40
1.0
 40
1.0
 40
1.0
 40
1.0
 10
7.60088
 20
2.36137
 30
0.0
 10
7.60088
 20
2.36137
 30
0.0
 10
7.60088
 20
2.33667
 30
0.0
 10
7.60088
 20
2.33667
 30
0.0
  0
SPLINE
  5
3E1
330
1F
100
AcDbEntity
  8
Camada 1
 62
   251
370
     9
100
AcDbSpline
210
0.0
220
0.0
230
1.0
 70
    24
 71
     3
 72
     8
 73
     4
 74
     0
 42
0.0000000001
 43
0.0000000001
 40
0.0
 40
0.0
 40
0.0
 40
0.0
 40
1.0
 40
1.0
 40
1.0
 40
1.0
 10
7.60088
 20
-1.17834
 30
0.0
 10
7.60088
 20
-1.17834
 30
0.0
 10
7.60088
 20
-1.20657
 30
0.0
 10
7.60088
 20
-1.20657
 30
0.0
  0
SPLINE
  5
3E2
330
1F
100
AcDbEntity
  8
Camada 1
 62
   251
370
     9
100
AcDbSpline
210
0.0
220
0.0
230
1.0
 70
    24
 71
     3
 72
     8
 73
     4
 74
     0
 42
0.0000000001
 43
0.0000000001
 40
0.0
 40
0.0
 40
0.0
 40
0.0
 40
1.0
 40
1.0
 40
1.0
 40
1.0
 10
4.33995
 20
-1.20657
 30
0.0
 10
4.33995
 20
-1.20657
 30
0.0
 10
4.33995
 20
-1.17834
 30
0.0
 10
4.33995
 20
-1.17834
 30
0.0
  0
SPLINE
  5
3E3
330
1F
100
AcDbEntity
  8
Camada 1
 62
   251
370
     9
100
AcDbSpline
210
0.0
220
0.0
230
1.0
 70
    24
 71
     3
 72
     8
 73
     4
 74
     0
 42
0.0000000001
 43
0.0000000001
 40
0.0
 40
0.0
 40
0.0
 40
0.0
 40
1.0
 40
1.0
 40
1.0
 40
1.0
 10
7.60088
 20
1.18264
 30
0.0
 10
7.60088
 20
1.18264
 30
0.0
 10
7.60088
 20
1.15441
 30
0.0
 10
7.60088
 20
1.15441
 30
0.0
  0
ENDSEC
  0
SECTION
  2
OBJECTS
  0
DICTIONARY
  5
C
330
0
100
AcDbDictionary
281
     1
  3
ACAD_DETAILVIEWSTYLE
350
41F
  3
ACAD_GROUP
350
D
  3
ACAD_LAYOUT
350
1A
  3
ACAD_MATERIAL
350
43
  3
ACAD_MLEADERSTYLE
350
6B
  3
ACAD_MLINESTYLE
350
17
  3
ACAD_PLOTSETTINGS
350
19
  3
ACAD_PLOTSTYLENAME
350
E
  3
ACAD_SCALELIST
350
47
  3
ACAD_SECTIONVIEWSTYLE
350
420
  3
ACAD_TABLESTYLE
350
69
  3
ACAD_VISUALSTYLE
350
2A
  3
ACDB_RECOMPOSE_DATA
350
425
  3
AcDbVariableDictionary
350
3E4
  0
SUN
  5
6D
330
29
100
AcDbSun
 90
        1
290
     0
 63
     7
421
 16777215
 40
1.0
291
     1
 91
  2455826
 92
 54000000
292
     0
 70
     2
 71
   256
280
     1
  0
DICTIONARY
  5
41F
102
{ACAD_REACTORS
330
C
102
}
330
C
100
AcDbDictionary
281
     1
  3
Imperial24
350
421
  0
DICTIONARY
  5
D
102
{ACAD_REACTORS
330
C
102
}
330
C
100
AcDbDictionary
281
     1
  0
DICTIONARY
  5
1A
102
{ACAD_REACTORS
330
C
102
}
330
C
100
AcDbDictionary
281
     1
  3
Layout1
350
1E
  3
Layout2
350
26
  3
Model
350
22
  0
DICTIONARY
  5
43
102
{ACAD_REACTORS
330
C
102
}
330
C
100
AcDbDictionary
281
     1
  3
ByBlock
350
45
  3
ByLayer
350
44
  3
Global
350
46
  0
DICTIONARY
  5
6B
102
{ACAD_REACTORS
330
C
102
}
330
C
100
AcDbDictionary
281
     1
  3
Standard
350
6C
  0
DICTIONARY
  5
17
102
{ACAD_REACTORS
330
C
102
}
330
C
100
AcDbDictionary
281
     1
  3
Standard
350
18
  0
DICTIONARY
  5
19
102
{ACAD_REACTORS
330
C
102
}
330
C
100
AcDbDictionary
281
     1
  0
ACDBDICTIONARYWDFLT
  5
E
102
{ACAD_REACTORS
330
C
102
}
330
C
100
AcDbDictionary
281
     1
  3
Normal
350
F
100
AcDbDictionaryWithDefault
340
F
  0
DICTIONARY
  5
47
102
{ACAD_REACTORS
330
C
102
}
330
C
100
AcDbDictionary
281
     1
  3
A0
350
48
  3
A1
350
49
  3
A2
350
4A
  3
A3
350
4B
  3
A4
350
4C
  3
A5
350
4D
  3
A6
350
4E
  3
A7
350
4F
  3
A8
350
50
  3
A9
350
51
  3
B0
350
52
  3
B1
350
53
  3
B2
350
54
  3
B3
350
55
  3
B4
350
56
  3
B5
350
57
  3
B6
350
58
  3
B7
350
59
  3
B8
350
5A
  3
B9
350
5B
  3
C0
350
5C
  3
C1
350
5D
  3
C2
350
5E
  3
C3
350
5F
  3
C4
350
60
  3
C5
350
61
  3
C6
350
62
  3
C7
350
63
  3
C8
350
64
  3
C9
350
65
  3
D0
350
66
  3
D1
350
67
  3
D2
350
68
  0
DICTIONARY
  5
420
102
{ACAD_REACTORS
330
C
102
}
330
C
100
AcDbDictionary
281
     1
  3
Imperial24
350
422
  0
DICTIONARY
  5
69
102
{ACAD_REACTORS
330
C
102
}
330
C
100
AcDbDictionary
281
     1
  3
Standard
350
6A
  0
DICTIONARY
  5
2A
102
{ACAD_REACTORS
330
C
102
}
330
C
100
AcDbDictionary
281
     1
  3
2dWireframe
350
2F
  3
Basic
350
32
  3
Brighten
350
36
  3
ColorChange
350
3A
  3
Conceptual
350
34
  3
Dim
350
35
  3
EdgeColorOff
350
3D
  3
Facepattern
350
39
  3
Flat
350
2B
  3
FlatWithEdges
350
2C
  3
Gouraud
350
2D
  3
GouraudWithEdges
350
2E
  3
Hidden
350
31
  3
JitterOff
350
3B
  3
Linepattern
350
38
  3
OverhangOff
350
3C
  3
Realistic
350
33
  3
Shaded
350
42
  3
Shaded with edges
350
41
  3
Shades of Gray
350
3E
  3
Sketchy
350
3F
  3
Thicken
350
37
  3
Wireframe
350
30
  3
X-Ray
350
40
  0
XRECORD
  5
425
102
{ACAD_REACTORS
330
C
102
}
330
C
100
AcDbXrecord
280
     1
 90
        1
330
6A
  0
DICTIONARY
  5
3E4
102
{ACAD_REACTORS
330
C
102
}
330
C
100
AcDbDictionary
281
     1
  3
CANNOSCALE
350
3E5
  3
CMLEADERSTYLE
350
41E
  3
CTABLESTYLE
350
41D
  3
CVIEWDETAILSTYLE
350
426
  3
CVIEWSECTIONSTYLE
350
427
  3
XCLIPFRAME
350
3E6
  0
ACDBDETAILVIEWSTYLE
  5
421
102
{ACAD_REACTORS
330
41F
102
}
330
41F
100
AcDbModelDocViewStyle
 70
     0
  3
Imperial24
290
     0
300
Imperial24
 90
        0
100
AcDbDetailViewStyle
 70
     0
 71
     0
 90
        3
 71
     1
340
11
 62
   256
 40
0.24
340
0
 62
   256
 40
0.24
300

 40
0.36
280
     3
 71
     2
340
16
 90
       25
 62
   256
 71
     3
340
11
 62
   256
 40
0.24
 90
        1
 40
0.75
 90
        1
300
%<\AcVar ViewType \f "%tc1">% %<\AcVar ViewDetailId>%\PSCALE %<\AcVar ViewScale \f "%sn">%
 71
     4
340
16
 90
       25
 62
   256
340
16
 90
       25
 62
   256
280
     0
  0
LAYOUT
  5
1E
102
{ACAD_REACTORS
330
1A
102
}
330
1A
100
AcDbPlotSettings
  1

  2
none_device
  4

  6

 40
0.0
 41
0.0
 42
0.0
 43
0.0
 44
0.0
 45
0.0
 46
0.0
 47
0.0
 48
0.0
 49
0.0
140
0.0
141
0.0
142
1.0
143
1.0
 70
   688
 72
     0
 73
     0
 74
     5
  7

 75
    16
 76
     0
 77
     2
 78
   300
147
1.0
148
0.0
149
0.0
100
AcDbLayout
  1
Layout1
 70
     1
 71
     1
 10
0.0
 20
0.0
 11
12.0
 21
9.0
 12
0.0
 22
0.0
 32
0.0
 14
1.000000000000000E+20
 24
1.000000000000000E+20
 34
1.000000000000000E+20
 15
-1.000000000000000E+20
 25
-1.000000000000000E+20
 35
-1.000000000000000E+20
146
0.0
 13
0.0
 23
0.0
 33
0.0
 16
1.0
 26
0.0
 36
0.0
 17
0.0
 27
1.0
 37
0.0
 76
     0
330
1B
  0
LAYOUT
  5
26
102
{ACAD_REACTORS
330
1A
102
}
330
1A
100
AcDbPlotSettings
  1

  2
none_device
  4

  6

 40
0.0
 41
0.0
 42
0.0
 43
0.0
 44
0.0
 45
0.0
 46
0.0
 47
0.0
 48
0.0
 49
0.0
140
0.0
141
0.0
142
1.0
143
1.0
 70
   688
 72
     0
 73
     0
 74
     5
  7

 75
    16
 76
     0
 77
     2
 78
   300
147
1.0
148
0.0
149
0.0
100
AcDbLayout
  1
Layout2
 70
     1
 71
     2
 10
0.0
 20
0.0
 11
0.0
 21
0.0
 12
0.0
 22
0.0
 32
0.0
 14
0.0
 24
0.0
 34
0.0
 15
0.0
 25
0.0
 35
0.0
146
0.0
 13
0.0
 23
0.0
 33
0.0
 16
1.0
 26
0.0
 36
0.0
 17
0.0
 27
1.0
 37
0.0
 76
     0
330
23
  0
LAYOUT
  5
22
102
{ACAD_REACTORS
330
1A
102
}
330
1A
100
AcDbPlotSettings
  1

  2
none_device
  4
Letter_(8.50_x_11.00_Inches)
  6

 40
6.35
 41
6.35
 42
6.35000508
 43
6.35000508
 44
215.9
 45
279.4
 46
0.0
 47
0.0
 48
0.0
 49
0.0
140
0.0
141
0.0
142
1.0
143
1.0
 70
  1712
 72
     0
 73
     0
 74
     0
  7

 75
     0
 76
     0
 77
     2
 78
   300
147
1.0
148
0.0
149
0.0
100
AcDbLayout
  1
Model
 70
     1
 71
     0
 10
0.0
 20
0.0
 11
12.0
 21
9.0
 12
0.0
 22
0.0
 32
0.0
 14
1.70694
 24
-6.12647
 34
0.0
 15
14.69824
 25
6.12371
 35
0.0
146
0.0
 13
0.0
 23
0.0
 33
0.0
 16
1.0
 26
0.0
 36
0.0
 17
0.0
 27
1.0
 37
0.0
 76
     0
330
1F
331
29
  0
MATERIAL
  5
45
102
{ACAD_REACTORS
330
43
102
}
330
43
100
AcDbMaterial
  1
ByBlock
 72
     1
 94
      127
  0
MATERIAL
  5
44
102
{ACAD_REACTORS
330
43
102
}
330
43
100
AcDbMaterial
  1
ByLayer
 72
     1
 94
      127
  0
MATERIAL
  5
46
102
{ACAD_REACTORS
330
43
102
}
330
43
100
AcDbMaterial
  1
Global
 72
     1
 94
      127
  0
MLEADERSTYLE
  5
6C
102
{ACAD_REACTORS
330
6B
102
}
330
6B
100
AcDbMLeaderStyle
179
     2
170
     2
171
     1
172
     0
 90
        2
 40
0.0
 41
0.0
173
     1
 91
-1056964608
340
14
 92
       -2
290
     1
 42
0.09
291
     1
 43
0.36
  3
Standard
341
0
 44
0.18
300

342
11
174
     1
178
     6
175
     1
176
     0
 93
-1056964608
 45
0.18
292
     0
297
     0
 46
0.18
343
0
 94
-1056964608
 47
1.0
 49
1.0
140
1.0
293
     1
141
0.0
294
     1
177
     0
142
1.0
295
     0
296
     0
143
0.125
271
     0
272
     9
273
     9
298
     0
  0
MLINESTYLE
  5
18
102
{ACAD_REACTORS
330
17
102
}
330
17
100
AcDbMlineStyle
  2
Standard
 70
     0
  3

 62
   256
 51
90.0
 52
90.0
 71
     2
 49
0.5
 62
   256
  6
BYLAYER
 49
-0.5
 62
   256
  6
BYLAYER
  0
ACDBPLACEHOLDER
  5
F
102
{ACAD_REACTORS
330
E
102
}
330
E
  0
SCALE
  5
48
102
{ACAD_REACTORS
330
47
102
}
330
47
100
AcDbScale
 70
     0
300
1:1
140
1.0
141
1.0
290
     1
  0
SCALE
  5
49
102
{ACAD_REACTORS
330
47
102
}
330
47
100
AcDbScale
 70
     0
300
1:2
140
1.0
141
2.0
290
     0
  0
SCALE
  5
4A
102
{ACAD_REACTORS
330
47
102
}
330
47
100
AcDbScale
 70
     0
300
1:4
140
1.0
141
4.0
290
     0
  0
SCALE
  5
4B
102
{ACAD_REACTORS
330
47
102
}
330
47
100
AcDbScale
 70
     0
300
1:5
140
1.0
141
5.0
290
     0
  0
SCALE
  5
4C
102
{ACAD_REACTORS
330
47
102
}
330
47
100
AcDbScale
 70
     0
300
1:8
140
1.0
141
8.0
290
     0
  0
SCALE
  5
4D
102
{ACAD_REACTORS
330
47
102
}
330
47
100
AcDbScale
 70
     0
300
1:10
140
1.0
141
10.0
290
     0
  0
SCALE
  5
4E
102
{ACAD_REACTORS
330
47
102
}
330
47
100
AcDbScale
 70
     0
300
1:16
140
1.0
141
16.0
290
     0
  0
SCALE
  5
4F
102
{ACAD_REACTORS
330
47
102
}
330
47
100
AcDbScale
 70
     0
300
1:20
140
1.0
141
20.0
290
     0
  0
SCALE
  5
50
102
{ACAD_REACTORS
330
47
102
}
330
47
100
AcDbScale
 70
     0
300
1:30
140
1.0
141
30.0
290
     0
  0
SCALE
  5
51
102
{ACAD_REACTORS
330
47
102
}
330
47
100
AcDbScale
 70
     0
300
1:40
140
1.0
141
40.0
290
     0
  0
SCALE
  5
52
102
{ACAD_REACTORS
330
47
102
}
330
47
100
AcDbScale
 70
     0
300
1:50
140
1.0
141
50.0
290
     0
  0
SCALE
  5
53
102
{ACAD_REACTORS
330
47
102
}
330
47
100
AcDbScale
 70
     0
300
1:100
140
1.0
141
100.0
290
     0
  0
SCALE
  5
54
102
{ACAD_REACTORS
330
47
102
}
330
47
100
AcDbScale
 70
     0
300
2:1
140
2.0
141
1.0
290
     0
  0
SCALE
  5
55
102
{ACAD_REACTORS
330
47
102
}
330
47
100
AcDbScale
 70
     0
300
4:1
140
4.0
141
1.0
290
     0
  0
SCALE
  5
56
102
{ACAD_REACTORS
330
47
102
}
330
47
100
AcDbScale
 70
     0
300
8:1
140
8.0
141
1.0
290
     0
  0
SCALE
  5
57
102
{ACAD_REACTORS
330
47
102
}
330
47
100
AcDbScale
 70
     0
300
10:1
140
10.0
141
1.0
290
     0
  0
SCALE
  5
58
102
{ACAD_REACTORS
330
47
102
}
330
47
100
AcDbScale
 70
     0
300
100:1
140
100.0
141
1.0
290
     0
  0
SCALE
  5
59
102
{ACAD_REACTORS
330
47
102
}
330
47
100
AcDbScale
 70
     0
300
1/128" = 1'-0"
140
0.0078125
141
12.0
290
     0
  0
SCALE
  5
5A
102
{ACAD_REACTORS
330
47
102
}
330
47
100
AcDbScale
 70
     0
300
1/64" = 1'-0"
140
0.015625
141
12.0
290
     0
  0
SCALE
  5
5B
102
{ACAD_REACTORS
330
47
102
}
330
47
100
AcDbScale
 70
     0
300
1/32" = 1'-0"
140
0.03125
141
12.0
290
     0
  0
SCALE
  5
5C
102
{ACAD_REACTORS
330
47
102
}
330
47
100
AcDbScale
 70
     0
300
1/16" = 1'-0"
140
0.0625
141
12.0
290
     0
  0
SCALE
  5
5D
102
{ACAD_REACTORS
330
47
102
}
330
47
100
AcDbScale
 70
     0
300
3/32" = 1'-0"
140
0.09375
141
12.0
290
     0
  0
SCALE
  5
5E
102
{ACAD_REACTORS
330
47
102
}
330
47
100
AcDbScale
 70
     0
300
1/8" = 1'-0"
140
0.125
141
12.0
290
     0
  0
SCALE
  5
5F
102
{ACAD_REACTORS
330
47
102
}
330
47
100
AcDbScale
 70
     0
300
3/16" = 1'-0"
140
0.1875
141
12.0
290
     0
  0
SCALE
  5
60
102
{ACAD_REACTORS
330
47
102
}
330
47
100
AcDbScale
 70
     0
300
1/4" = 1'-0"
140
0.25
141
12.0
290
     0
  0
SCALE
  5
61
102
{ACAD_REACTORS
330
47
102
}
330
47
100
AcDbScale
 70
     0
300
3/8" = 1'-0"
140
0.375
141
12.0
290
     0
  0
SCALE
  5
62
102
{ACAD_REACTORS
330
47
102
}
330
47
100
AcDbScale
 70
     0
300
1/2" = 1'-0"
140
0.5
141
12.0
290
     0
  0
SCALE
  5
63
102
{ACAD_REACTORS
330
47
102
}
330
47
100
AcDbScale
 70
     0
300
3/4" = 1'-0"
140
0.75
141
12.0
290
     0
  0
SCALE
  5
64
102
{ACAD_REACTORS
330
47
102
}
330
47
100
AcDbScale
 70
     0
300
1" = 1'-0"
140
1.0
141
12.0
290
     0
  0
SCALE
  5
65
102
{ACAD_REACTORS
330
47
102
}
330
47
100
AcDbScale
 70
     0
300
1-1/2" = 1'-0"
140
1.5
141
12.0
290
     0
  0
SCALE
  5
66
102
{ACAD_REACTORS
330
47
102
}
330
47
100
AcDbScale
 70
     0
300
3" = 1'-0"
140
3.0
141
12.0
290
     0
  0
SCALE
  5
67
102
{ACAD_REACTORS
330
47
102
}
330
47
100
AcDbScale
 70
     0
300
6" = 1'-0"
140
6.0
141
12.0
290
     0
  0
SCALE
  5
68
102
{ACAD_REACTORS
330
47
102
}
330
47
100
AcDbScale
 70
     0
300
1'-0" = 1'-0"
140
12.0
141
12.0
290
     0
  0
ACDBSECTIONVIEWSTYLE
  5
422
102
{ACAD_REACTORS
330
420
102
}
330
420
100
AcDbModelDocViewStyle
 70
     0
  3
Imperial24
290
     0
300
Imperial24
 90
        0
100
AcDbSectionViewStyle
 70
     0
 71
     0
 90
       78
 71
     1
340
11
 62
   256
 40
0.24
340
0
340
0
 62
   256
 40
0.24
300
I, O, Q, S, X, Z
 40
0.48
 90
        3
 40
0.18
 90
        1
 71
     2
340
16
 90
       25
 62
   256
340
16
 90
       50
 62
   256
 40
0.24
 40
0.0
 40
0.24
 71
     3
340
11
 62
   256
 40
0.24
 90
        1
 40
0.75
 90
        1
300
%<\AcVar ViewType \f "%tc1">% %<\AcVar ViewSectionStartId>%-%<\AcVar ViewSectionEndId>%\PSCALE %<\AcVar ViewScale \f "%sn">%
 71
     4
 62
   256
 62
   257
300
ANSI31
 40
1.0
 90
        0
290
     0
290
     0
 90
        6
 40
0.0
 40
1.570796326794897
 40
0.2617993877991494
 40
1.308996938995747
 40
-0.2617993877991494
 40
1.832595714594046
  0
TABLESTYLE
  5
6A
102
{ACAD_REACTORS
330
69
102
}
102
{ACAD_XDICTIONARY
360
423
102
}
330
69
100
AcDbTableStyle
  3
Standard
 70
     0
 71
     0
 40
0.06
 41
0.06
280
     0
281
     0
  7
Standard
140
0.18
170
     2
 62
     0
 63
   257
283
     0
 90
        4
 91
        0
  1

274
    -2
284
     1
 64
     0
275
    -2
285
     1
 65
     0
276
    -2
286
     1
 66
     0
277
    -2
287
     1
 67
     0
278
    -2
288
     1
 68
     0
279
    -2
289
     1
 69
     0
  7
Standard
140
0.25
170
     5
 62
     0
 63
   257
283
     0
 90
        4
 91
        0
  1

274
    -2
284
     1
 64
     0
275
    -2
285
     1
 65
     0
276
    -2
286
     1
 66
     0
277
    -2
287
     1
 67
     0
278
    -2
288
     1
 68
     0
279
    -2
289
     1
 69
     0
  7
Standard
140
0.18
170
     5
 62
     0
 63
   257
283
     0
 90
        4
 91
        0
  1

274
    -2
284
     1
 64
     0
275
    -2
285
     1
 65
     0
276
    -2
286
     1
 66
     0
277
    -2
287
     1
 67
     0
278
    -2
288
     1
 68
     0
279
    -2
289
     1
 69
     0
  0
VISUALSTYLE
  5
2F
102
{ACAD_REACTORS
330
2A
102
}
330
2A
100
AcDbVisualStyle
  2
2dWireframe
 70
     4
177
     3
291
     0
 70
    58
 90
        0
176
     1
 90
        2
176
     1
 90
        0
176
     1
 90
        0
176
     1
 40
0.6
176
     1
 40
30.0
176
     1
 62
     7
420
 16777215
176
     1
 90
        1
176
     1
 90
        4
176
     1
 62
     7
176
     1
 62
   257
176
     1
 90
        1
176
     1
 90
        1
176
     1
 40
1.0
176
     1
 90
        0
176
     1
 62
   257
176
     1
 40
1.0
176
     1
 90
        1
176
     1
 90
        6
176
     1
 90
        2
176
     1
 62
     7
176
     1
 90
        5
176
     1
 90
        0
176
     1
 90
        0
176
     1
290
     0
176
     1
 90
        1
176
     1
 40
0.0
176
     1
 90
        0
176
     1
290
     1
176
     1
290
     1
176
     1
290
     0
176
     1
290
     0
176
     1
290
     0
176
     1
290
     0
176
     1
290
     0
176
     1
290
     0
176
     1
290
     0
176
     1
 90
       50
176
     1
 40
0.0
176
     1
 40
1.0
176
     1
 90
        0
176
     1
 62
    18
420
        0
176
     1
 90
       50
176
     1
 90
        3
176
     1
 62
     5
420
      255
176
     1
290
     0
176
     1
 90
       50
176
     1
 90
       50
176
     1
 90
       50
176
     1
290
     0
176
     1
 90
       50
176
     1
 62
   256
176
     0
 40
1.0
176
     0
 90
        2
176
     1
  1
strokes_ogs.tif
176
     1
290
     0
176
     1
 40
1.0
176
     1
 40
1.0
176
     1
  0
VISUALSTYLE
  5
32
102
{ACAD_REACTORS
330
2A
102
}
330
2A
100
AcDbVisualStyle
  2
Basic
 70
     7
177
     3
291
     1
 70
    58
 90
        1
176
     1
 90
        0
176
     1
 90
        1
176
     1
 90
        0
176
     1
 40
0.6
176
     1
 40
30.0
176
     1
 62
     7
420
 16777215
176
     1
 90
        0
176
     1
 90
        4
176
     1
 62
     7
176
     1
 62
   257
176
     1
 90
        1
176
     1
 90
        1
176
     1
 40
1.0
176
     1
 90
        8
176
     1
 62
     7
176
     1
 40
1.0
176
     1
 90
        1
176
     1
 90
        6
176
     1
 90
        2
176
     1
 62
     7
176
     1
 90
        5
176
     1
 90
        0
176
     1
 90
        0
176
     1
290
     0
176
     1
 90
        1
176
     1
 40
0.0
176
     1
 90
        0
176
     1
290
     0
176
     1
290
     1
176
     1
290
     1
176
     1
290
     0
176
     1
290
     0
176
     1
290
     0
176
     1
290
     0
176
     1
290
     0
176
     1
290
     0
176
     1
 90
       50
176
     1
 40
0.0
176
     1
 40
1.0
176
     1
 90
        0
176
     1
 62
    18
420
        0
176
     1
 90
       50
176
     1
 90
        3
176
     1
 62
     5
420
      255
176
     1
290
     0
176
     1
 90
       50
176
     1
 90
       50
176
     1
 90
       50
176
     1
290
     0
176
     1
 90
       50
176
     1
 62
   256
176
     0
 40
1.0
176
     0
 90
        2
176
     1
  1
strokes_ogs.tif
176
     1
290
     0
176
     1
 40
1.0
176
     1
 40
1.0
176
     1
  0
VISUALSTYLE
  5
36
102
{ACAD_REACTORS
330
2A
102
}
330
2A
100
AcDbVisualStyle
  2
Brighten
 70
    12
177
     3
291
     1
 70
    58
 90
        2
176
     1
 90
        2
176
     1
 90
        0
176
     1
 90
        0
176
     1
 40
0.6
176
     1
 40
30.0
176
     1
 62
     7
420
 16777215
176
     1
 90
        1
176
     1
 90
        4
176
     1
 62
     7
176
     1
 62
   257
176
     1
 90
        1
176
     1
 90
        1
176
     1
 40
1.0
176
     1
 90
        8
176
     1
 62
     7
176
     1
 40
1.0
176
     1
 90
        1
176
     1
 90
        6
176
     1
 90
        2
176
     1
 62
     7
176
     1
 90
        5
176
     1
 90
        0
176
     1
 90
        0
176
     1
290
     0
176
     1
 90
        1
176
     1
 40
50.0
176
     1
 90
        0
176
     1
290
     0
176
     1
290
     1
176
     1
290
     1
176
     1
290
     0
176
     1
290
     0
176
     1
290
     0
176
     1
290
     0
176
     1
290
     0
176
     1
290
     0
176
     1
 90
       50
176
     1
 40
0.0
176
     1
 40
1.0
176
     1
 90
        0
176
     1
 62
    18
420
        0
176
     1
 90
       50
176
     1
 90
        3
176
     1
 62
     5
420
      255
176
     1
290
     0
176
     1
 90
       50
176
     1
 90
       50
176
     1
 90
       50
176
     1
290
     0
176
     1
 90
       50
176
     1
 62
   256
176
     0
 40
1.0
176
     0
 90
        2
176
     1
  1
strokes_ogs.tif
176
     1
290
     0
176
     1
 40
1.0
176
     1
 40
1.0
176
     1
  0
VISUALSTYLE
  5
3A
102
{ACAD_REACTORS
330
2A
102
}
330
2A
100
AcDbVisualStyle
  2
ColorChange
 70
    16
177
     3
291
     1
 70
    58
 90
        2
176
     1
 90
        2
176
     1
 90
        3
176
     1
 90
        0
176
     1
 40
0.6
176
     1
 40
30.0
176
     1
 62
     8
420
  8421504
176
     1
 90
        1
176
     1
 90
        4
176
     1
 62
     7
176
     1
 62
   257
176
     1
 90
        1
176
     1
 90
        1
176
     1
 40
1.0
176
     1
 90
        8
176
     1
 62
     8
420
  8421504
176
     1
 40
1.0
176
     1
 90
        1
176
     1
 90
        6
176
     1
 90
        2
176
     1
 62
     7
176
     1
 90
        5
176
     1
 90
        0
176
     1
 90
        0
176
     1
290
     0
176
     1
 90
        1
176
     1
 40
0.0
176
     1
 90
        0
176
     1
290
     0
176
     1
290
     1
176
     1
290
     1
176
     1
290
     0
176
     1
290
     0
176
     1
290
     0
176
     1
290
     0
176
     1
290
     0
176
     1
290
     0
176
     1
 90
       50
176
     1
 40
0.0
176
     1
 40
1.0
176
     1
 90
        0
176
     1
 62
    18
420
        0
176
     1
 90
       50
176
     1
 90
        3
176
     1
 62
     5
420
      255
176
     1
290
     0
176
     1
 90
       50
176
     1
 90
       50
176
     1
 90
       50
176
     1
290
     0
176
     1
 90
       50
176
     1
 62
   256
176
     0
 40
1.0
176
     0
 90
        2
176
     1
  1
strokes_ogs.tif
176
     1
290
     0
176
     1
 40
1.0
176
     1
 40
1.0
176
     1
  0
VISUALSTYLE
  5
34
102
{ACAD_REACTORS
330
2A
102
}
330
2A
100
AcDbVisualStyle
  2
Conceptual
 70
     9
177
     3
291
     0
 70
    58
 90
        3
176
     1
 90
        2
176
     1
 90
        0
176
     1
 90
        0
176
     1
 40
0.6
176
     1
 40
30.0
176
     1
 62
     7
420
 16777215
176
     1
 90
        2
176
     1
 90
        2
176
     1
 62
     7
176
     1
 62
   257
176
     1
 90
        1
176
     1
 90
        1
176
     1
 40
179.0
176
     1
 90
        8
176
     1
 62
     7
176
     1
 40
1.0
176
     1
 90
        1
176
     1
 90
        6
176
     1
 90
        2
176
     1
 62
     7
176
     1
 90
        3
176
     1
 90
        0
176
     1
 90
        0
176
     1
290
     0
176
     1
 90
        1
176
     1
 40
0.0
176
     1
 90
        0
176
     1
290
     0
176
     1
290
     1
176
     1
290
     1
176
     1
290
     0
176
     1
290
     0
176
     1
290
     0
176
     1
290
     0
176
     1
290
     0
176
     1
290
     0
176
     1
 90
       50
176
     1
 40
0.0
176
     1
 40
1.0
176
     1
 90
        0
176
     1
 62
    18
420
        0
176
     1
 90
       50
176
     1
 90
        3
176
     1
 62
     5
420
      255
176
     1
290
     0
176
     1
 90
       50
176
     1
 90
       50
176
     1
 90
       50
176
     1
290
     0
176
     1
 90
       50
176
     1
 62
   256
176
     0
 40
1.0
176
     0
 90
        2
176
     1
  1
strokes_ogs.tif
176
     1
290
     0
176
     1
 40
1.0
176
     1
 40
1.0
176
     1
  0
VISUALSTYLE
  5
35
102
{ACAD_REACTORS
330
2A
102
}
330
2A
100
AcDbVisualStyle
  2
Dim
 70
    11
177
     3
291
     1
 70
    58
 90
        2
176
     1
 90
        2
176
     1
 90
        0
176
     1
 90
        0
176
     1
 40
0.6
176
     1
 40
30.0
176
     1
 62
     7
420
 16777215
176
     1
 90
        1
176
     1
 90
        4
176
     1
 62
     7
176
     1
 62
   257
176
     1
 90
        1
176
     1
 90
        1
176
     1
 40
1.0
176
     1
 90
        8
176
     1
 62
     7
176
     1
 40
1.0
176
     1
 90
        1
176
     1
 90
        6
176
     1
 90
        2
176
     1
 62
     7
176
     1
 90
        5
176
     1
 90
        0
176
     1
 90
        0
176
     1
290
     0
176
     1
 90
        1
176
     1
 40
-50.0
176
     1
 90
        0
176
     1
290
     0
176
     1
290
     1
176
     1
290
     1
176
     1
290
     0
176
     1
290
     0
176
     1
290
     0
176
     1
290
     0
176
     1
290
     0
176
     1
290
     0
176
     1
 90
       50
176
     1
 40
0.0
176
     1
 40
1.0
176
     1
 90
        0
176
     1
 62
    18
420
        0
176
     1
 90
       50
176
     1
 90
        3
176
     1
 62
     5
420
      255
176
     1
290
     0
176
     1
 90
       50
176
     1
 90
       50
176
     1
 90
       50
176
     1
290
     0
176
     1
 90
       50
176
     1
 62
   256
176
     0
 40
1.0
176
     0
 90
        2
176
     1
  1
strokes_ogs.tif
176
     1
290
     0
176
     1
 40
1.0
176
     1
 40
1.0
176
     1
  0
VISUALSTYLE
  5
3D
102
{ACAD_REACTORS
330
2A
102
}
330
2A
100
AcDbVisualStyle
  2
EdgeColorOff
 70
    22
177
     3
291
     1
 70
    58
 90
        2
176
     0
 90
        2
176
     0
 90
        0
176
     0
 90
        0
176
     0
 40
0.6
176
     0
 40
30.0
176
     0
 62
     7
420
 16777215
176
     0
 90
        1
176
     0
 90
        4
176
     0
 62
     7
176
     0
 62
   257
176
     0
 90
        1
176
     0
 90
        1
176
     0
 40
1.0
176
     0
 90
        8
176
     2
 62
     7
176
     0
 40
1.0
176
     0
 90
        1
176
     0
 90
        6
176
     0
 90
        2
176
     0
 62
     7
176
     0
 90
        5
176
     0
 90
        0
176
     0
 90
        0
176
     0
290
     0
176
     0
 90
        1
176
     0
 40
0.0
176
     0
 90
        0
176
     0
290
     0
176
     0
290
     1
176
     0
290
     1
176
     0
290
     0
176
     0
290
     0
176
     0
290
     0
176
     0
290
     0
176
     0
290
     0
176
     0
290
     0
176
     0
 90
       50
176
     0
 40
0.0
176
     0
 40
1.0
176
     0
 90
        0
176
     0
 62
    18
420
        0
176
     0
 90
       50
176
     0
 90
        3
176
     0
 62
     5
420
      255
176
     0
290
     0
176
     0
 90
       50
176
     0
 90
       50
176
     0
 90
       50
176
     0
290
     0
176
     0
 90
       50
176
     0
 62
   256
176
     0
 40
1.0
176
     0
 90
        2
176
     0
  1
strokes_ogs.tif
176
     0
290
     0
176
     0
 40
1.0
176
     0
 40
1.0
176
     0
  0
VISUALSTYLE
  5
39
102
{ACAD_REACTORS
330
2A
102
}
330
2A
100
AcDbVisualStyle
  2
Facepattern
 70
    15
177
     3
291
     1
 70
    58
 90
        2
176
     1
 90
        2
176
     1
 90
        0
176
     1
 90
        0
176
     1
 40
0.6
176
     1
 40
30.0
176
     1
 62
     7
420
 16777215
176
     1
 90
        1
176
     1
 90
        4
176
     1
 62
     7
176
     1
 62
   257
176
     1
 90
        1
176
     1
 90
        1
176
     1
 40
1.0
176
     1
 90
        8
176
     1
 62
     7
176
     1
 40
1.0
176
     1
 90
        1
176
     1
 90
        6
176
     1
 90
        2
176
     1
 62
     7
176
     1
 90
        5
176
     1
 90
        0
176
     1
 90
        0
176
     1
290
     0
176
     1
 90
        1
176
     1
 40
0.0
176
     1
 90
        0
176
     1
290
     0
176
     1
290
     1
176
     1
290
     1
176
     1
290
     0
176
     1
290
     0
176
     1
290
     0
176
     1
290
     0
176
     1
290
     0
176
     1
290
     0
176
     1
 90
       50
176
     1
 40
0.0
176
     1
 40
1.0
176
     1
 90
        0
176
     1
 62
    18
420
        0
176
     1
 90
       50
176
     1
 90
        3
176
     1
 62
     5
420
      255
176
     1
290
     0
176
     1
 90
       50
176
     1
 90
       50
176
     1
 90
       50
176
     1
290
     0
176
     1
 90
       50
176
     1
 62
   256
176
     0
 40
1.0
176
     0
 90
        2
176
     1
  1
strokes_ogs.tif
176
     1
290
     0
176
     1
 40
1.0
176
     1
 40
1.0
176
     1
  0
VISUALSTYLE
  5
2B
102
{ACAD_REACTORS
330
2A
102
}
330
2A
100
AcDbVisualStyle
  2
Flat
 70
     0
177
     3
291
     1
 70
    58
 90
        2
176
     1
 90
        1
176
     1
 90
        1
176
     1
 90
        2
176
     1
 40
0.6
176
     1
 40
30.0
176
     1
 62
     7
420
 16777215
176
     1
 90
        0
176
     1
 90
        0
176
     1
 62
     7
176
     1
 62
   257
176
     1
 90
        1
176
     1
 90
        1
176
     1
 40
1.0
176
     1
 90
        8
176
     1
 62
     7
176
     1
 40
1.0
176
     1
 90
        1
176
     1
 90
        6
176
     1
 90
        2
176
     1
 62
     7
176
     1
 90
        5
176
     1
 90
        0
176
     1
 90
        0
176
     1
290
     0
176
     1
 90
       13
176
     1
 40
0.0
176
     1
 90
        0
176
     1
290
     0
176
     1
290
     1
176
     1
290
     1
176
     1
290
     0
176
     1
290
     0
176
     1
290
     0
176
     1
290
     0
176
     1
290
     0
176
     1
290
     0
176
     1
 90
       50
176
     1
 40
0.0
176
     1
 40
1.0
176
     1
 90
        0
176
     1
 62
    18
420
        0
176
     1
 90
       50
176
     1
 90
        3
176
     1
 62
     5
420
      255
176
     1
290
     0
176
     1
 90
       50
176
     1
 90
       50
176
     1
 90
       50
176
     1
290
     0
176
     1
 90
       50
176
     1
 62
   256
176
     0
 40
1.0
176
     0
 90
        2
176
     1
  1
strokes_ogs.tif
176
     1
290
     0
176
     1
 40
1.0
176
     1
 40
1.0
176
     1
  0
VISUALSTYLE
  5
2C
102
{ACAD_REACTORS
330
2A
102
}
330
2A
100
AcDbVisualStyle
  2
FlatWithEdges
 70
     1
177
     3
291
     1
 70
    58
 90
        2
176
     1
 90
        1
176
     1
 90
        1
176
     1
 90
        2
176
     1
 40
0.6
176
     1
 40
30.0
176
     1
 62
     7
420
 16777215
176
     1
 90
        1
176
     1
 90
        0
176
     1
 62
     7
176
     1
 62
   257
176
     1
 90
        1
176
     1
 90
        1
176
     1
 40
1.0
176
     1
 90
        0
176
     1
 62
   257
176
     1
 40
1.0
176
     1
 90
        1
176
     1
 90
        6
176
     1
 90
        2
176
     1
 62
     7
176
     1
 90
        5
176
     1
 90
        0
176
     1
 90
        0
176
     1
290
     0
176
     1
 90
       13
176
     1
 40
0.0
176
     1
 90
        0
176
     1
290
     0
176
     1
290
     1
176
     1
290
     1
176
     1
290
     0
176
     1
290
     0
176
     1
290
     0
176
     1
290
     0
176
     1
290
     0
176
     1
290
     0
176
     1
 90
       50
176
     1
 40
0.0
176
     1
 40
1.0
176
     1
 90
        0
176
     1
 62
    18
420
        0
176
     1
 90
       50
176
     1
 90
        3
176
     1
 62
     5
420
      255
176
     1
290
     0
176
     1
 90
       50
176
     1
 90
       50
176
     1
 90
       50
176
     1
290
     0
176
     1
 90
       50
176
     1
 62
   256
176
     0
 40
1.0
176
     0
 90
        2
176
     1
  1
strokes_ogs.tif
176
     1
290
     0
176
     1
 40
1.0
176
     1
 40
1.0
176
     1
  0
VISUALSTYLE
  5
2D
102
{ACAD_REACTORS
330
2A
102
}
330
2A
100
AcDbVisualStyle
  2
Gouraud
 70
     2
177
     3
291
     1
 70
    58
 90
        2
176
     1
 90
        2
176
     1
 90
        1
176
     1
 90
        2
176
     1
 40
0.6
176
     1
 40
30.0
176
     1
 62
     7
420
 16777215
176
     1
 90
        0
176
     1
 90
        0
176
     1
 62
     7
176
     1
 62
   257
176
     1
 90
        1
176
     1
 90
        1
176
     1
 40
1.0
176
     1
 90
        0
176
     1
 62
     7
176
     1
 40
1.0
176
     1
 90
        1
176
     1
 90
        6
176
     1
 90
        2
176
     1
 62
     7
176
     1
 90
        5
176
     1
 90
        0
176
     1
 90
        0
176
     1
290
     0
176
     1
 90
       13
176
     1
 40
0.0
176
     1
 90
        0
176
     1
290
     0
176
     1
290
     1
176
     1
290
     1
176
     1
290
     0
176
     1
290
     0
176
     1
290
     0
176
     1
290
     0
176
     1
290
     0
176
     1
290
     0
176
     1
 90
       50
176
     1
 40
0.0
176
     1
 40
1.0
176
     1
 90
        0
176
     1
 62
    18
420
        0
176
     1
 90
       50
176
     1
 90
        3
176
     1
 62
     5
420
      255
176
     1
290
     0
176
     1
 90
       50
176
     1
 90
       50
176
     1
 90
       50
176
     1
290
     0
176
     1
 90
       50
176
     1
 62
   256
176
     0
 40
1.0
176
     0
 90
        2
176
     1
  1
strokes_ogs.tif
176
     1
290
     0
176
     1
 40
1.0
176
     1
 40
1.0
176
     1
  0
VISUALSTYLE
  5
2E
102
{ACAD_REACTORS
330
2A
102
}
330
2A
100
AcDbVisualStyle
  2
GouraudWithEdges
 70
     3
177
     3
291
     1
 70
    58
 90
        2
176
     1
 90
        2
176
     1
 90
        1
176
     1
 90
        2
176
     1
 40
0.6
176
     1
 40
30.0
176
     1
 62
     7
420
 16777215
176
     1
 90
        1
176
     1
 90
        0
176
     1
 62
     7
176
     1
 62
   257
176
     1
 90
        1
176
     1
 90
        1
176
     1
 40
1.0
176
     1
 90
        0
176
     1
 62
   257
176
     1
 40
1.0
176
     1
 90
        1
176
     1
 90
        6
176
     1
 90
        2
176
     1
 62
     7
176
     1
 90
        5
176
     1
 90
        0
176
     1
 90
        0
176
     1
290
     0
176
     1
 90
       13
176
     1
 40
0.0
176
     1
 90
        0
176
     1
290
     0
176
     1
290
     1
176
     1
290
     1
176
     1
290
     0
176
     1
290
     0
176
     1
290
     0
176
     1
290
     0
176
     1
290
     0
176
     1
290
     0
176
     1
 90
       50
176
     1
 40
0.0
176
     1
 40
1.0
176
     1
 90
        0
176
     1
 62
    18
420
        0
176
     1
 90
       50
176
     1
 90
        3
176
     1
 62
     5
420
      255
176
     1
290
     0
176
     1
 90
       50
176
     1
 90
       50
176
     1
 90
       50
176
     1
290
     0
176
     1
 90
       50
176
     1
 62
   256
176
     0
 40
1.0
176
     0
 90
        2
176
     1
  1
strokes_ogs.tif
176
     1
290
     0
176
     1
 40
1.0
176
     1
 40
1.0
176
     1
  0
VISUALSTYLE
  5
31
102
{ACAD_REACTORS
330
2A
102
}
330
2A
100
AcDbVisualStyle
  2
Hidden
 70
     6
177
     3
291
     0
 70
    58
 90
        1
176
     1
 90
        2
176
     1
 90
        2
176
     1
 90
        0
176
     1
 40
0.6
176
     1
 40
30.0
176
     1
 62
     7
420
 16777215
176
     1
 90
        2
176
     1
 90
        2
176
     1
 62
     7
176
     1
 62
   257
176
     1
 90
        2
176
     1
 90
        1
176
     1
 40
40.0
176
     1
 90
        0
176
     1
 62
   257
176
     1
 40
1.0
176
     1
 90
        1
176
     1
 90
        6
176
     1
 90
        2
176
     1
 62
     7
176
     1
 90
        3
176
     1
 90
        0
176
     1
 90
        0
176
     1
290
     0
176
     1
 90
        1
176
     1
 40
0.0
176
     1
 90
        0
176
     1
290
     0
176
     1
290
     1
176
     1
290
     1
176
     1
290
     0
176
     1
290
     0
176
     1
290
     0
176
     1
290
     0
176
     1
290
     0
176
     1
290
     0
176
     1
 90
       50
176
     1
 40
0.0
176
     1
 40
1.0
176
     1
 90
        0
176
     1
 62
    18
420
        0
176
     1
 90
       50
176
     1
 90
        3
176
     1
 62
     5
420
      255
176
     1
290
     0
176
     1
 90
       50
176
     1
 90
       50
176
     1
 90
       50
176
     1
290
     0
176
     1
 90
       50
176
     1
 62
   256
176
     0
 40
1.0
176
     0
 90
        2
176
     1
  1
strokes_ogs.tif
176
     1
290
     0
176
     1
 40
1.0
176
     1
 40
1.0
176
     1
  0
VISUALSTYLE
  5
3B
102
{ACAD_REACTORS
330
2A
102
}
330
2A
100
AcDbVisualStyle
  2
JitterOff
 70
    20
177
     3
291
     1
 70
    58
 90
        2
176
     0
 90
        2
176
     0
 90
        0
176
     0
 90
        0
176
     0
 40
0.6
176
     0
 40
30.0
176
     0
 62
     7
420
 16777215
176
     0
 90
        1
176
     0
 90
        4
176
     0
 62
     7
176
     0
 62
   257
176
     0
 90
        1
176
     0
 90
        1
176
     0
 40
1.0
176
     0
 90
       10
176
     2
 62
     7
176
     0
 40
1.0
176
     0
 90
        1
176
     0
 90
        6
176
     0
 90
        2
176
     0
 62
     7
176
     0
 90
        5
176
     0
 90
        0
176
     0
 90
        0
176
     0
290
     0
176
     0
 90
        1
176
     0
 40
0.0
176
     0
 90
        0
176
     0
290
     0
176
     0
290
     1
176
     0
290
     1
176
     0
290
     0
176
     0
290
     0
176
     0
290
     0
176
     0
290
     0
176
     0
290
     0
176
     0
290
     0
176
     0
 90
       50
176
     0
 40
0.0
176
     0
 40
1.0
176
     0
 90
        0
176
     0
 62
    18
420
        0
176
     0
 90
       50
176
     0
 90
        3
176
     0
 62
     5
420
      255
176
     0
290
     0
176
     0
 90
       50
176
     0
 90
       50
176
     0
 90
       50
176
     0
290
     0
176
     0
 90
       50
176
     0
 62
   256
176
     0
 40
1.0
176
     0
 90
        2
176
     0
  1
strokes_ogs.tif
176
     0
290
     0
176
     0
 40
1.0
176
     0
 40
1.0
176
     0
  0
VISUALSTYLE
  5
38
102
{ACAD_REACTORS
330
2A
102
}
330
2A
100
AcDbVisualStyle
  2
Linepattern
 70
    14
177
     3
291
     1
 70
    58
 90
        2
176
     1
 90
        2
176
     1
 90
        0
176
     1
 90
        0
176
     1
 40
0.6
176
     1
 40
30.0
176
     1
 62
     7
420
 16777215
176
     1
 90
        1
176
     1
 90
        4
176
     1
 62
     7
176
     1
 62
   257
176
     1
 90
        7
176
     1
 90
        7
176
     1
 40
1.0
176
     1
 90
        8
176
     1
 62
     7
176
     1
 40
1.0
176
     1
 90
        1
176
     1
 90
        6
176
     1
 90
        2
176
     1
 62
     7
176
     1
 90
        5
176
     1
 90
        0
176
     1
 90
        0
176
     1
290
     0
176
     1
 90
        1
176
     1
 40
0.0
176
     1
 90
        0
176
     1
290
     0
176
     1
290
     1
176
     1
290
     1
176
     1
290
     0
176
     1
290
     0
176
     1
290
     0
176
     1
290
     0
176
     1
290
     0
176
     1
290
     0
176
     1
 90
       50
176
     1
 40
0.0
176
     1
 40
1.0
176
     1
 90
        0
176
     1
 62
    18
420
        0
176
     1
 90
       50
176
     1
 90
        3
176
     1
 62
     5
420
      255
176
     1
290
     0
176
     1
 90
       50
176
     1
 90
       50
176
     1
 90
       50
176
     1
290
     0
176
     1
 90
       50
176
     1
 62
   256
176
     0
 40
1.0
176
     0
 90
        2
176
     1
  1
strokes_ogs.tif
176
     1
290
     0
176
     1
 40
1.0
176
     1
 40
1.0
176
     1
  0
VISUALSTYLE
  5
3C
102
{ACAD_REACTORS
330
2A
102
}
330
2A
100
AcDbVisualStyle
  2
OverhangOff
 70
    21
177
     3
291
     1
 70
    58
 90
        2
176
     0
 90
        2
176
     0
 90
        0
176
     0
 90
        0
176
     0
 40
0.6
176
     0
 40
30.0
176
     0
 62
     7
420
 16777215
176
     0
 90
        1
176
     0
 90
        4
176
     0
 62
     7
176
     0
 62
   257
176
     0
 90
        1
176
     0
 90
        1
176
     0
 40
1.0
176
     0
 90
        9
176
     2
 62
     7
176
     0
 40
1.0
176
     0
 90
        1
176
     0
 90
        6
176
     0
 90
        2
176
     0
 62
     7
176
     0
 90
        5
176
     0
 90
        0
176
     0
 90
        0
176
     0
290
     0
176
     0
 90
        1
176
     0
 40
0.0
176
     0
 90
        0
176
     0
290
     0
176
     0
290
     1
176
     0
290
     1
176
     0
290
     0
176
     0
290
     0
176
     0
290
     0
176
     0
290
     0
176
     0
290
     0
176
     0
290
     0
176
     0
 90
       50
176
     0
 40
0.0
176
     0
 40
1.0
176
     0
 90
        0
176
     0
 62
    18
420
        0
176
     0
 90
       50
176
     0
 90
        3
176
     0
 62
     5
420
      255
176
     0
290
     0
176
     0
 90
       50
176
     0
 90
       50
176
     0
 90
       50
176
     0
290
     0
176
     0
 90
       50
176
     0
 62
   256
176
     0
 40
1.0
176
     0
 90
        2
176
     0
  1
strokes_ogs.tif
176
     0
290
     0
176
     0
 40
1.0
176
     0
 40
1.0
176
     0
  0
VISUALSTYLE
  5
33
102
{ACAD_REACTORS
330
2A
102
}
330
2A
100
AcDbVisualStyle
  2
Realistic
 70
     8
177
     3
291
     0
 70
    58
 90
        2
176
     1
 90
        3
176
     1
 90
        0
176
     1
 90
        2
176
     1
 40
0.6
176
     1
 40
30.0
176
     1
 62
     7
420
 16777215
176
     1
 90
        0
176
     1
 90
        0
176
     1
 62
     7
176
     1
 62
   257
176
     1
 90
        1
176
     1
 90
        1
176
     1
 40
1.0
176
     1
 90
        8
176
     1
 62
   257
176
     1
 40
1.0
176
     1
 90
        1
176
     1
 90
        6
176
     1
 90
        2
176
     1
 62
     7
176
     1
 90
        3
176
     1
 90
        0
176
     1
 90
        0
176
     1
290
     0
176
     1
 90
       13
176
     1
 40
0.0
176
     1
 90
        0
176
     1
290
     0
176
     1
290
     1
176
     1
290
     1
176
     1
290
     0
176
     1
290
     0
176
     1
290
     0
176
     1
290
     0
176
     1
290
     0
176
     1
290
     0
176
     1
 90
       50
176
     1
 40
0.0
176
     1
 40
1.0
176
     1
 90
        0
176
     1
 62
    18
420
        0
176
     1
 90
       50
176
     1
 90
        3
176
     1
 62
     5
420
      255
176
     1
290
     0
176
     1
 90
       50
176
     1
 90
       50
176
     1
 90
       50
176
     1
290
     0
176
     1
 90
       50
176
     1
 62
   256
176
     0
 40
1.0
176
     0
 90
        2
176
     1
  1
strokes_ogs.tif
176
     1
290
     0
176
     1
 40
1.0
176
     1
 40
1.0
176
     1
  0
VISUALSTYLE
  5
42
102
{ACAD_REACTORS
330
2A
102
}
330
2A
100
AcDbVisualStyle
  2
Shaded
 70
    27
177
     3
291
     0
 70
    58
 90
        2
176
     1
 90
        2
176
     1
 90
        1
176
     1
 90
        2
176
     1
 40
0.6
176
     1
 40
30.0
176
     1
 62
     7
420
 16777215
176
     1
 90
        0
176
     1
 90
        4
176
     1
 62
     7
176
     1
 62
   257
176
     1
 90
        1
176
     1
 90
        1
176
     1
 40
1.0
176
     1
 90
        8
176
     1
 62
   257
176
     1
 40
1.0
176
     1
 90
        1
176
     1
 90
        6
176
     1
 90
        2
176
     1
 62
     8
420
  7895160
176
     1
 90
        3
176
     1
 90
        0
176
     1
 90
        0
176
     1
290
     0
176
     1
 90
        5
176
     1
 40
0.0
176
     1
 90
        0
176
     1
290
     0
176
     1
290
     1
176
     1
290
     1
176
     1
290
     0
176
     1
290
     0
176
     1
290
     0
176
     1
290
     0
176
     1
290
     0
176
     1
290
     0
176
     1
 90
       50
176
     1
 40
0.0
176
     1
 40
1.0
176
     1
 90
        0
176
     1
 62
    18
420
        0
176
     1
 90
       50
176
     1
 90
        3
176
     1
 62
     5
420
      255
176
     1
290
     0
176
     1
 90
       50
176
     1
 90
       50
176
     1
 90
       50
176
     1
290
     0
176
     1
 90
       50
176
     1
 62
   256
176
     0
 40
1.0
176
     0
 90
        2
176
     1
  1
strokes_ogs.tif
176
     1
290
     0
176
     1
 40
1.0
176
     1
 40
1.0
176
     1
  0
VISUALSTYLE
  5
41
102
{ACAD_REACTORS
330
2A
102
}
330
2A
100
AcDbVisualStyle
  2
Shaded with edges
 70
    26
177
     3
291
     0
 70
    58
 90
        2
176
     1
 90
        2
176
     1
 90
        1
176
     1
 90
        2
176
     1
 40
0.6
176
     1
 40
30.0
176
     1
 62
     7
420
 16777215
176
     1
 90
        1
176
     1
 90
       10
176
     1
 62
     7
176
     1
 62
   257
176
     1
 90
        2
176
     1
 90
        1
176
     1
 40
1.0
176
     1
 90
        8
176
     1
 62
   257
176
     1
 40
1.0
176
     1
 90
        1
176
     1
 90
        6
176
     1
 90
        2
176
     1
 62
     7
176
     1
 90
        3
176
     1
 90
        0
176
     1
 90
        0
176
     1
290
     0
176
     1
 90
        5
176
     1
 40
0.0
176
     1
 90
        0
176
     1
290
     0
176
     1
290
     1
176
     1
290
     1
176
     1
290
     0
176
     1
290
     0
176
     1
290
     0
176
     1
290
     0
176
     1
290
     0
176
     1
290
     0
176
     1
 90
       50
176
     1
 40
0.0
176
     1
 40
1.0
176
     1
 90
        0
176
     1
 62
    18
420
        0
176
     1
 90
       50
176
     1
 90
        3
176
     1
 62
     5
420
      255
176
     1
290
     0
176
     1
 90
       50
176
     1
 90
       50
176
     1
 90
       50
176
     1
290
     0
176
     1
 90
       50
176
     1
 62
   256
176
     0
 40
1.0
176
     0
 90
        2
176
     1
  1
strokes_ogs.tif
176
     1
290
     0
176
     1
 40
1.0
176
     1
 40
1.0
176
     1
  0
VISUALSTYLE
  5
3E
102
{ACAD_REACTORS
330
2A
102
}
330
2A
100
AcDbVisualStyle
  2
Shades of Gray
 70
    23
177
     3
291
     0
 70
    58
 90
        2
176
     1
 90
        2
176
     1
 90
        3
176
     1
 90
        0
176
     1
 40
0.6
176
     1
 40
30.0
176
     1
 62
     7
420
 16777215
176
     1
 90
        2
176
     1
 90
        2
176
     1
 62
     7
176
     1
 62
     7
176
     1
 90
        1
176
     1
 90
        1
176
     1
 40
40.0
176
     1
 90
        8
176
     1
 62
     7
176
     1
 40
1.0
176
     1
 90
        1
176
     1
 90
        6
176
     1
 90
        2
176
     1
 62
     7
176
     1
 90
        3
176
     1
 90
        0
176
     1
 90
        0
176
     1
290
     0
176
     1
 90
        1
176
     1
 40
0.0
176
     1
 90
        0
176
     1
290
     0
176
     1
290
     1
176
     1
290
     1
176
     1
290
     0
176
     1
290
     0
176
     1
290
     0
176
     1
290
     0
176
     1
290
     0
176
     1
290
     0
176
     1
 90
       50
176
     1
 40
0.0
176
     1
 40
1.0
176
     1
 90
        0
176
     1
 62
    18
420
        0
176
     1
 90
       50
176
     1
 90
        3
176
     1
 62
     5
420
      255
176
     1
290
     0
176
     1
 90
       50
176
     1
 90
       50
176
     1
 90
       50
176
     1
290
     0
176
     1
 90
       50
176
     1
 62
   256
176
     0
 40
1.0
176
     0
 90
        2
176
     1
  1
strokes_ogs.tif
176
     1
290
     0
176
     1
 40
1.0
176
     1
 40
1.0
176
     1
  0
VISUALSTYLE
  5
3F
102
{ACAD_REACTORS
330
2A
102
}
330
2A
100
AcDbVisualStyle
  2
Sketchy
 70
    24
177
     3
291
     0
 70
    58
 90
        1
176
     1
 90
        2
176
     1
 90
        2
176
     1
 90
        0
176
     1
 40
0.6
176
     1
 40
30.0
176
     1
 62
     7
420
 16777215
176
     1
 90
        2
176
     1
 90
        2
176
     1
 62
     7
176
     1
 62
     7
176
     1
 90
        1
176
     1
 90
        1
176
     1
 40
40.0
176
     1
 90
       11
176
     1
 62
     7
176
     1
 40
1.0
176
     1
 90
        1
176
     1
 90
        6
176
     1
 90
        2
176
     1
 62
     7
176
     1
 90
        6
176
     1
 90
        0
176
     1
 90
        0
176
     1
290
     0
176
     1
 90
        1
176
     1
 40
0.0
176
     1
 90
        0
176
     1
290
     0
176
     1
290
     1
176
     1
290
     1
176
     1
290
     0
176
     1
290
     0
176
     1
290
     0
176
     1
290
     0
176
     1
290
     0
176
     1
290
     0
176
     1
 90
       50
176
     1
 40
0.0
176
     1
 40
1.0
176
     1
 90
        0
176
     1
 62
    18
420
        0
176
     1
 90
       50
176
     1
 90
        3
176
     1
 62
     5
420
      255
176
     1
290
     0
176
     1
 90
       50
176
     1
 90
       50
176
     1
 90
       50
176
     1
290
     0
176
     1
 90
       50
176
     1
 62
   256
176
     0
 40
1.0
176
     0
 90
        2
176
     1
  1
strokes_ogs.tif
176
     1
290
     0
176
     1
 40
1.0
176
     1
 40
1.0
176
     1
  0
VISUALSTYLE
  5
37
102
{ACAD_REACTORS
330
2A
102
}
330
2A
100
AcDbVisualStyle
  2
Thicken
 70
    13
177
     3
291
     1
 70
    58
 90
        2
176
     1
 90
        2
176
     1
 90
        0
176
     1
 90
        0
176
     1
 40
0.6
176
     1
 40
30.0
176
     1
 62
     7
420
 16777215
176
     1
 90
        1
176
     1
 90
        4
176
     1
 62
     7
176
     1
 62
   257
176
     1
 90
        1
176
     1
 90
        1
176
     1
 40
1.0
176
     1
 90
       12
176
     1
 62
     7
176
     1
 40
1.0
176
     1
 90
        1
176
     1
 90
        6
176
     1
 90
        2
176
     1
 62
     7
176
     1
 90
        5
176
     1
 90
        0
176
     1
 90
        0
176
     1
290
     0
176
     1
 90
        1
176
     1
 40
0.0
176
     1
 90
        0
176
     1
290
     0
176
     1
290
     1
176
     1
290
     1
176
     1
290
     0
176
     1
290
     0
176
     1
290
     0
176
     1
290
     0
176
     1
290
     0
176
     1
290
     0
176
     1
 90
       50
176
     1
 40
0.0
176
     1
 40
1.0
176
     1
 90
        0
176
     1
 62
    18
420
        0
176
     1
 90
       50
176
     1
 90
        3
176
     1
 62
     5
420
      255
176
     1
290
     0
176
     1
 90
       50
176
     1
 90
       50
176
     1
 90
       50
176
     1
290
     0
176
     1
 90
       50
176
     1
 62
   256
176
     0
 40
1.0
176
     0
 90
        2
176
     1
  1
strokes_ogs.tif
176
     1
290
     0
176
     1
 40
1.0
176
     1
 40
1.0
176
     1
  0
VISUALSTYLE
  5
30
102
{ACAD_REACTORS
330
2A
102
}
330
2A
100
AcDbVisualStyle
  2
Wireframe
 70
     5
177
     3
291
     0
 70
    58
 90
        0
176
     1
 90
        2
176
     1
 90
        0
176
     1
 90
        0
176
     1
 40
0.6
176
     1
 40
30.0
176
     1
 62
     7
420
 16777215
176
     1
 90
        1
176
     1
 90
        4
176
     1
 62
     7
176
     1
 62
   257
176
     1
 90
        1
176
     1
 90
        1
176
     1
 40
1.0
176
     1
 90
        0
176
     1
 62
   257
176
     1
 40
1.0
176
     1
 90
        1
176
     1
 90
        6
176
     1
 90
        2
176
     1
 62
     7
176
     1
 90
        3
176
     1
 90
        0
176
     1
 90
        0
176
     1
290
     0
176
     1
 90
        1
176
     1
 40
0.0
176
     1
 90
        0
176
     1
290
     0
176
     1
290
     1
176
     1
290
     1
176
     1
290
     0
176
     1
290
     0
176
     1
290
     0
176
     1
290
     0
176
     1
290
     0
176
     1
290
     0
176
     1
 90
       50
176
     1
 40
0.0
176
     1
 40
1.0
176
     1
 90
        0
176
     1
 62
    18
420
        0
176
     1
 90
       50
176
     1
 90
        3
176
     1
 62
     5
420
      255
176
     1
290
     0
176
     1
 90
       50
176
     1
 90
       50
176
     1
 90
       50
176
     1
290
     0
176
     1
 90
       50
176
     1
 62
   256
176
     0
 40
1.0
176
     0
 90
        2
176
     1
  1
strokes_ogs.tif
176
     1
290
     0
176
     1
 40
1.0
176
     1
 40
1.0
176
     1
  0
VISUALSTYLE
  5
40
102
{ACAD_REACTORS
330
2A
102
}
330
2A
100
AcDbVisualStyle
  2
X-Ray
 70
    25
177
     3
291
     0
 70
    58
 90
        2
176
     1
 90
        2
176
     1
 90
        1
176
     1
 90
        1
176
     1
 40
0.5
176
     1
 40
30.0
176
     1
 62
     7
420
 16777215
176
     1
 90
        1
176
     1
 90
        0
176
     1
 62
     7
176
     1
 62
   257
176
     1
 90
        1
176
     1
 90
        1
176
     1
 40
1.0
176
     1
 90
        8
176
     1
 62
     7
176
     1
 40
1.0
176
     1
 90
        1
176
     1
 90
        6
176
     1
 90
        2
176
     1
 62
     7
176
     1
 90
        3
176
     1
 90
        0
176
     1
 90
        0
176
     1
290
     0
176
     1
 90
       13
176
     1
 40
0.0
176
     1
 90
        0
176
     1
290
     0
176
     1
290
     1
176
     1
290
     1
176
     1
290
     0
176
     1
290
     0
176
     1
290
     0
176
     1
290
     0
176
     1
290
     0
176
     1
290
     0
176
     1
 90
       50
176
     1
 40
0.0
176
     1
 40
1.0
176
     1
 90
        0
176
     1
 62
    18
420
        0
176
     1
 90
       50
176
     1
 90
        3
176
     1
 62
     5
420
      255
176
     1
290
     0
176
     1
 90
       50
176
     1
 90
       50
176
     1
 90
       50
176
     1
290
     0
176
     1
 90
       50
176
     1
 62
   256
176
     0
 40
1.0
176
     0
 90
        2
176
     1
  1
strokes_ogs.tif
176
     1
290
     0
176
     1
 40
1.0
176
     1
 40
1.0
176
     1
  0
DICTIONARYVAR
  5
3E5
102
{ACAD_REACTORS
330
3E4
102
}
330
3E4
100
DictionaryVariables
280
     0
  1
1:1
  0
DICTIONARYVAR
  5
41E
102
{ACAD_REACTORS
330
3E4
102
}
330
3E4
100
DictionaryVariables
280
     0
  1
Standard
  0
DICTIONARYVAR
  5
41D
102
{ACAD_REACTORS
330
3E4
102
}
330
3E4
100
DictionaryVariables
280
     0
  1
Standard
  0
DICTIONARYVAR
  5
426
102
{ACAD_REACTORS
330
3E4
102
}
330
3E4
100
DictionaryVariables
280
     0
  1
Imperial24
  0
DICTIONARYVAR
  5
427
102
{ACAD_REACTORS
330
3E4
102
}
330
3E4
100
DictionaryVariables
280
     0
  1
Imperial24
  0
DICTIONARYVAR
  5
3E6
102
{ACAD_REACTORS
330
3E4
102
}
330
3E4
100
DictionaryVariables
280
     0
  1
2
  0
DICTIONARY
  5
423
330
6A
100
AcDbDictionary
280
     1
281
     1
  3
ACAD_ROUNDTRIP_2008_TABLESTYLE_CELLSTYLEMAP
360
424
  0
CELLSTYLEMAP
  5
424
102
{ACAD_REACTORS
330
423
102
}
330
423
100
AcDbCellStyleMap
 90
        3
300
CELLSTYLE
  1
TABLEFORMAT_BEGIN
 90
        5
170
     1
 91
        0
 92
    32768
 62
   257
 93
        1
300
CONTENTFORMAT
  1
CONTENTFORMAT_BEGIN
 90
        0
 91
        0
 92
        4
 93
        0
300

 40
0.0
140
1.0
 94
        5
 62
     0
340
11
144
0.25
309
CONTENTFORMAT_END
171
     1
301
MARGIN
  1
CELLMARGIN_BEGIN
 40
0.06
 40
0.06
 40
0.06
 40
0.06
 40
0.06
 40
0.06
309
CELLMARGIN_END
 94
        6
 95
        1
302
GRIDFORMAT
  1
GRIDFORMAT_BEGIN
 90
        0
 91
        1
 62
     0
 92
       -2
340
14
 93
        0
 40
0.045
309
GRIDFORMAT_END
 95
        2
302
GRIDFORMAT
  1
GRIDFORMAT_BEGIN
 90
        0
 91
        1
 62
     0
 92
       -2
340
14
 93
        0
 40
0.045
309
GRIDFORMAT_END
 95
        4
302
GRIDFORMAT
  1
GRIDFORMAT_BEGIN
 90
        0
 91
        1
 62
     0
 92
       -2
340
14
 93
        0
 40
0.045
309
GRIDFORMAT_END
 95
        8
302
GRIDFORMAT
  1
GRIDFORMAT_BEGIN
 90
        0
 91
        1
 62
     0
 92
       -2
340
14
 93
        0
 40
0.045
309
GRIDFORMAT_END
 95
       16
302
GRIDFORMAT
  1
GRIDFORMAT_BEGIN
 90
        0
 91
        1
 62
     0
 92
       -2
340
14
 93
        0
 40
0.045
309
GRIDFORMAT_END
 95
       32
302
GRIDFORMAT
  1
GRIDFORMAT_BEGIN
 90
        0
 91
        1
 62
     0
 92
       -2
340
14
 93
        0
 40
0.045
309
GRIDFORMAT_END
309
TABLEFORMAT_END
  1
CELLSTYLE_BEGIN
 90
        1
 91
        1
300
_TITLE
309
CELLSTYLE_END
300
CELLSTYLE
  1
TABLEFORMAT_BEGIN
 90
        5
170
     1
 91
        0
 92
        0
 62
   257
 93
        1
300
CONTENTFORMAT
  1
CONTENTFORMAT_BEGIN
 90
        0
 91
        0
 92
        4
 93
        0
300

 40
0.0
140
1.0
 94
        5
 62
     0
340
11
144
0.18
309
CONTENTFORMAT_END
171
     1
301
MARGIN
  1
CELLMARGIN_BEGIN
 40
0.06
 40
0.06
 40
0.06
 40
0.06
 40
0.06
 40
0.06
309
CELLMARGIN_END
 94
        6
 95
        1
302
GRIDFORMAT
  1
GRIDFORMAT_BEGIN
 90
        0
 91
        1
 62
     0
 92
       -2
340
14
 93
        0
 40
0.045
309
GRIDFORMAT_END
 95
        2
302
GRIDFORMAT
  1
GRIDFORMAT_BEGIN
 90
        0
 91
        1
 62
     0
 92
       -2
340
14
 93
        0
 40
0.045
309
GRIDFORMAT_END
 95
        4
302
GRIDFORMAT
  1
GRIDFORMAT_BEGIN
 90
        0
 91
        1
 62
     0
 92
       -2
340
14
 93
        0
 40
0.045
309
GRIDFORMAT_END
 95
        8
302
GRIDFORMAT
  1
GRIDFORMAT_BEGIN
 90
        0
 91
        1
 62
     0
 92
       -2
340
14
 93
        0
 40
0.045
309
GRIDFORMAT_END
 95
       16
302
GRIDFORMAT
  1
GRIDFORMAT_BEGIN
 90
        0
 91
        1
 62
     0
 92
       -2
340
14
 93
        0
 40
0.045
309
GRIDFORMAT_END
 95
       32
302
GRIDFORMAT
  1
GRIDFORMAT_BEGIN
 90
        0
 91
        1
 62
     0
 92
       -2
340
14
 93
        0
 40
0.045
309
GRIDFORMAT_END
309
TABLEFORMAT_END
  1
CELLSTYLE_BEGIN
 90
        2
 91
        1
300
_HEADER
309
CELLSTYLE_END
300
CELLSTYLE
  1
TABLEFORMAT_BEGIN
 90
        5
170
     1
 91
        0
 92
        0
 62
   257
 93
        1
300
CONTENTFORMAT
  1
CONTENTFORMAT_BEGIN
 90
        0
 91
        0
 92
        4
 93
        0
300

 40
0.0
140
1.0
 94
        2
 62
     0
340
11
144
0.18
309
CONTENTFORMAT_END
171
     1
301
MARGIN
  1
CELLMARGIN_BEGIN
 40
0.06
 40
0.06
 40
0.06
 40
0.06
 40
0.06
 40
0.06
309
CELLMARGIN_END
 94
        6
 95
        1
302
GRIDFORMAT
  1
GRIDFORMAT_BEGIN
 90
        0
 91
        1
 62
     0
 92
       -2
340
14
 93
        0
 40
0.045
309
GRIDFORMAT_END
 95
        2
302
GRIDFORMAT
  1
GRIDFORMAT_BEGIN
 90
        0
 91
        1
 62
     0
 92
       -2
340
14
 93
        0
 40
0.045
309
GRIDFORMAT_END
 95
        4
302
GRIDFORMAT
  1
GRIDFORMAT_BEGIN
 90
        0
 91
        1
 62
     0
 92
       -2
340
14
 93
        0
 40
0.045
309
GRIDFORMAT_END
 95
        8
302
GRIDFORMAT
  1
GRIDFORMAT_BEGIN
 90
        0
 91
        1
 62
     0
 92
       -2
340
14
 93
        0
 40
0.045
309
GRIDFORMAT_END
 95
       16
302
GRIDFORMAT
  1
GRIDFORMAT_BEGIN
 90
        0
 91
        1
 62
     0
 92
       -2
340
14
 93
        0
 40
0.045
309
GRIDFORMAT_END
 95
       32
302
GRIDFORMAT
  1
GRIDFORMAT_BEGIN
 90
        0
 91
        1
 62
     0
 92
       -2
340
14
 93
        0
 40
0.045
309
GRIDFORMAT_END
309
TABLEFORMAT_END
  1
CELLSTYLE_BEGIN
 90
        3
 91
        2
300
_DATA
309
CELLSTYLE_END
  0
ENDSEC
  0
EOF
